case_index,case_id,formula_id,benchmark,case_name,base_case_name,structure_type,expression,variables,true_variables,noise_level,noise_kind,repeat_seed,n_train,n_val,n_test,train_noise_sigma,val_noise_sigma,train_noisy_path,val_noisy_path,test_clean_path,train_clean_path,val_clean_path,split_dir
1,nguyen_poly__noise_0__seed_0,nguyen_poly,Nguyen,nguyen_poly_noise_0,nguyen_poly,polynomial,x1**3 + x1**2 + x1,x1,x1,0.0,relative_gaussian_y_train_val,0,512,256,1024,0.0,0.0,data/noise_robustness_metric_v2/splits/nguyen_poly__noise_0__seed_0/train_noisy.csv,data/noise_robustness_metric_v2/splits/nguyen_poly__noise_0__seed_0/val_noisy.csv,data/noise_robustness_metric_v2/splits/nguyen_poly__noise_0__seed_0/test_clean.csv,data/noise_robustness_metric_v2/splits/nguyen_poly__noise_0__seed_0/train_clean.csv,data/noise_robustness_metric_v2/splits/nguyen_poly__noise_0__seed_0/val_clean.csv,data/noise_robustness_metric_v2/splits/nguyen_poly__noise_0__seed_0
2,nguyen_poly__noise_0__seed_1,nguyen_poly,Nguyen,nguyen_poly_noise_0,nguyen_poly,polynomial,x1**3 + x1**2 + x1,x1,x1,0.0,relative_gaussian_y_train_val,1,512,256,1024,0.0,0.0,data/noise_robustness_metric_v2/splits/nguyen_poly__noise_0__seed_1/train_noisy.csv,data/noise_robustness_metric_v2/splits/nguyen_poly__noise_0__seed_1/val_noisy.csv,data/noise_robustness_metric_v2/splits/nguyen_poly__noise_0__seed_1/test_clean.csv,data/noise_robustness_metric_v2/splits/nguyen_poly__noise_0__seed_1/train_clean.csv,data/noise_robustness_metric_v2/splits/nguyen_poly__noise_0__seed_1/val_clean.csv,data/noise_robustness_metric_v2/splits/nguyen_poly__noise_0__seed_1
3,nguyen_poly__noise_0__seed_2,nguyen_poly,Nguyen,nguyen_poly_noise_0,nguyen_poly,polynomial,x1**3 + x1**2 + x1,x1,x1,0.0,relative_gaussian_y_train_val,2,512,256,1024,0.0,0.0,data/noise_robustness_metric_v2/splits/nguyen_poly__noise_0__seed_2/train_noisy.csv,data/noise_robustness_metric_v2/splits/nguyen_poly__noise_0__seed_2/val_noisy.csv,data/noise_robustness_metric_v2/splits/nguyen_poly__noise_0__seed_2/test_clean.csv,data/noise_robustness_metric_v2/splits/nguyen_poly__noise_0__seed_2/train_clean.csv,data/noise_robustness_metric_v2/splits/nguyen_poly__noise_0__seed_2/val_clean.csv,data/noise_robustness_metric_v2/splits/nguyen_poly__noise_0__seed_2
4,nguyen_poly__noise_0__seed_3,nguyen_poly,Nguyen,nguyen_poly_noise_0,nguyen_poly,polynomial,x1**3 + x1**2 + x1,x1,x1,0.0,relative_gaussian_y_train_val,3,512,256,1024,0.0,0.0,data/noise_robustness_metric_v2/splits/nguyen_poly__noise_0__seed_3/train_noisy.csv,data/noise_robustness_metric_v2/splits/nguyen_poly__noise_0__seed_3/val_noisy.csv,data/noise_robustness_metric_v2/splits/nguyen_poly__noise_0__seed_3/test_clean.csv,data/noise_robustness_metric_v2/splits/nguyen_poly__noise_0__seed_3/train_clean.csv,data/noise_robustness_metric_v2/splits/nguyen_poly__noise_0__seed_3/val_clean.csv,data/noise_robustness_metric_v2/splits/nguyen_poly__noise_0__seed_3
5,nguyen_poly__noise_0__seed_4,nguyen_poly,Nguyen,nguyen_poly_noise_0,nguyen_poly,polynomial,x1**3 + x1**2 + x1,x1,x1,0.0,relative_gaussian_y_train_val,4,512,256,1024,0.0,0.0,data/noise_robustness_metric_v2/splits/nguyen_poly__noise_0__seed_4/train_noisy.csv,data/noise_robustness_metric_v2/splits/nguyen_poly__noise_0__seed_4/val_noisy.csv,data/noise_robustness_metric_v2/splits/nguyen_poly__noise_0__seed_4/test_clean.csv,data/noise_robustness_metric_v2/splits/nguyen_poly__noise_0__seed_4/train_clean.csv,data/noise_robustness_metric_v2/splits/nguyen_poly__noise_0__seed_4/val_clean.csv,data/noise_robustness_metric_v2/splits/nguyen_poly__noise_0__seed_4
6,nguyen_poly__noise_0.001__seed_0,nguyen_poly,Nguyen,nguyen_poly_noise_0.001,nguyen_poly,polynomial,x1**3 + x1**2 + x1,x1,x1,0.001,relative_gaussian_y_train_val,0,512,256,1024,0.004181681243110975,0.004321528474499688,data/noise_robustness_metric_v2/splits/nguyen_poly__noise_0.001__seed_0/train_noisy.csv,data/noise_robustness_metric_v2/splits/nguyen_poly__noise_0.001__seed_0/val_noisy.csv,data/noise_robustness_metric_v2/splits/nguyen_poly__noise_0.001__seed_0/test_clean.csv,data/noise_robustness_metric_v2/splits/nguyen_poly__noise_0.001__seed_0/train_clean.csv,data/noise_robustness_metric_v2/splits/nguyen_poly__noise_0.001__seed_0/val_clean.csv,data/noise_robustness_metric_v2/splits/nguyen_poly__noise_0.001__seed_0
7,nguyen_poly__noise_0.001__seed_1,nguyen_poly,Nguyen,nguyen_poly_noise_0.001,nguyen_poly,polynomial,x1**3 + x1**2 + x1,x1,x1,0.001,relative_gaussian_y_train_val,1,512,256,1024,0.004290920616030394,0.004346606810158224,data/noise_robustness_metric_v2/splits/nguyen_poly__noise_0.001__seed_1/train_noisy.csv,data/noise_robustness_metric_v2/splits/nguyen_poly__noise_0.001__seed_1/val_noisy.csv,data/noise_robustness_metric_v2/splits/nguyen_poly__noise_0.001__seed_1/test_clean.csv,data/noise_robustness_metric_v2/splits/nguyen_poly__noise_0.001__seed_1/train_clean.csv,data/noise_robustness_metric_v2/splits/nguyen_poly__noise_0.001__seed_1/val_clean.csv,data/noise_robustness_metric_v2/splits/nguyen_poly__noise_0.001__seed_1
8,nguyen_poly__noise_0.001__seed_2,nguyen_poly,Nguyen,nguyen_poly_noise_0.001,nguyen_poly,polynomial,x1**3 + x1**2 + x1,x1,x1,0.001,relative_gaussian_y_train_val,2,512,256,1024,0.004412999965517821,0.0040359984228990255,data/noise_robustness_metric_v2/splits/nguyen_poly__noise_0.001__seed_2/train_noisy.csv,data/noise_robustness_metric_v2/splits/nguyen_poly__noise_0.001__seed_2/val_noisy.csv,data/noise_robustness_metric_v2/splits/nguyen_poly__noise_0.001__seed_2/test_clean.csv,data/noise_robustness_metric_v2/splits/nguyen_poly__noise_0.001__seed_2/train_clean.csv,data/noise_robustness_metric_v2/splits/nguyen_poly__noise_0.001__seed_2/val_clean.csv,data/noise_robustness_metric_v2/splits/nguyen_poly__noise_0.001__seed_2
9,nguyen_poly__noise_0.001__seed_3,nguyen_poly,Nguyen,nguyen_poly_noise_0.001,nguyen_poly,polynomial,x1**3 + x1**2 + x1,x1,x1,0.001,relative_gaussian_y_train_val,3,512,256,1024,0.004321494970678349,0.004571497571587862,data/noise_robustness_metric_v2/splits/nguyen_poly__noise_0.001__seed_3/train_noisy.csv,data/noise_robustness_metric_v2/splits/nguyen_poly__noise_0.001__seed_3/val_noisy.csv,data/noise_robustness_metric_v2/splits/nguyen_poly__noise_0.001__seed_3/test_clean.csv,data/noise_robustness_metric_v2/splits/nguyen_poly__noise_0.001__seed_3/train_clean.csv,data/noise_robustness_metric_v2/splits/nguyen_poly__noise_0.001__seed_3/val_clean.csv,data/noise_robustness_metric_v2/splits/nguyen_poly__noise_0.001__seed_3
10,nguyen_poly__noise_0.001__seed_4,nguyen_poly,Nguyen,nguyen_poly_noise_0.001,nguyen_poly,polynomial,x1**3 + x1**2 + x1,x1,x1,0.001,relative_gaussian_y_train_val,4,512,256,1024,0.004175821402466149,0.00433892593384995,data/noise_robustness_metric_v2/splits/nguyen_poly__noise_0.001__seed_4/train_noisy.csv,data/noise_robustness_metric_v2/splits/nguyen_poly__noise_0.001__seed_4/val_noisy.csv,data/noise_robustness_metric_v2/splits/nguyen_poly__noise_0.001__seed_4/test_clean.csv,data/noise_robustness_metric_v2/splits/nguyen_poly__noise_0.001__seed_4/train_clean.csv,data/noise_robustness_metric_v2/splits/nguyen_poly__noise_0.001__seed_4/val_clean.csv,data/noise_robustness_metric_v2/splits/nguyen_poly__noise_0.001__seed_4
11,nguyen_poly__noise_0.01__seed_0,nguyen_poly,Nguyen,nguyen_poly_noise_0.01,nguyen_poly,polynomial,x1**3 + x1**2 + x1,x1,x1,0.01,relative_gaussian_y_train_val,0,512,256,1024,0.04555672595742083,0.04299923433169136,data/noise_robustness_metric_v2/splits/nguyen_poly__noise_0.01__seed_0/train_noisy.csv,data/noise_robustness_metric_v2/splits/nguyen_poly__noise_0.01__seed_0/val_noisy.csv,data/noise_robustness_metric_v2/splits/nguyen_poly__noise_0.01__seed_0/test_clean.csv,data/noise_robustness_metric_v2/splits/nguyen_poly__noise_0.01__seed_0/train_clean.csv,data/noise_robustness_metric_v2/splits/nguyen_poly__noise_0.01__seed_0/val_clean.csv,data/noise_robustness_metric_v2/splits/nguyen_poly__noise_0.01__seed_0
12,nguyen_poly__noise_0.01__seed_1,nguyen_poly,Nguyen,nguyen_poly_noise_0.01,nguyen_poly,polynomial,x1**3 + x1**2 + x1,x1,x1,0.01,relative_gaussian_y_train_val,1,512,256,1024,0.04273371495919008,0.04355132479003429,data/noise_robustness_metric_v2/splits/nguyen_poly__noise_0.01__seed_1/train_noisy.csv,data/noise_robustness_metric_v2/splits/nguyen_poly__noise_0.01__seed_1/val_noisy.csv,data/noise_robustness_metric_v2/splits/nguyen_poly__noise_0.01__seed_1/test_clean.csv,data/noise_robustness_metric_v2/splits/nguyen_poly__noise_0.01__seed_1/train_clean.csv,data/noise_robustness_metric_v2/splits/nguyen_poly__noise_0.01__seed_1/val_clean.csv,data/noise_robustness_metric_v2/splits/nguyen_poly__noise_0.01__seed_1
13,nguyen_poly__noise_0.01__seed_2,nguyen_poly,Nguyen,nguyen_poly_noise_0.01,nguyen_poly,polynomial,x1**3 + x1**2 + x1,x1,x1,0.01,relative_gaussian_y_train_val,2,512,256,1024,0.042395126970607815,0.04322485604042198,data/noise_robustness_metric_v2/splits/nguyen_poly__noise_0.01__seed_2/train_noisy.csv,data/noise_robustness_metric_v2/splits/nguyen_poly__noise_0.01__seed_2/val_noisy.csv,data/noise_robustness_metric_v2/splits/nguyen_poly__noise_0.01__seed_2/test_clean.csv,data/noise_robustness_metric_v2/splits/nguyen_poly__noise_0.01__seed_2/train_clean.csv,data/noise_robustness_metric_v2/splits/nguyen_poly__noise_0.01__seed_2/val_clean.csv,data/noise_robustness_metric_v2/splits/nguyen_poly__noise_0.01__seed_2
14,nguyen_poly__noise_0.01__seed_3,nguyen_poly,Nguyen,nguyen_poly_noise_0.01,nguyen_poly,polynomial,x1**3 + x1**2 + x1,x1,x1,0.01,relative_gaussian_y_train_val,3,512,256,1024,0.0417312637717283,0.04253953018092725,data/noise_robustness_metric_v2/splits/nguyen_poly__noise_0.01__seed_3/train_noisy.csv,data/noise_robustness_metric_v2/splits/nguyen_poly__noise_0.01__seed_3/val_noisy.csv,data/noise_robustness_metric_v2/splits/nguyen_poly__noise_0.01__seed_3/test_clean.csv,data/noise_robustness_metric_v2/splits/nguyen_poly__noise_0.01__seed_3/train_clean.csv,data/noise_robustness_metric_v2/splits/nguyen_poly__noise_0.01__seed_3/val_clean.csv,data/noise_robustness_metric_v2/splits/nguyen_poly__noise_0.01__seed_3
15,nguyen_poly__noise_0.01__seed_4,nguyen_poly,Nguyen,nguyen_poly_noise_0.01,nguyen_poly,polynomial,x1**3 + x1**2 + x1,x1,x1,0.01,relative_gaussian_y_train_val,4,512,256,1024,0.042386321689340714,0.04310797591406295,data/noise_robustness_metric_v2/splits/nguyen_poly__noise_0.01__seed_4/train_noisy.csv,data/noise_robustness_metric_v2/splits/nguyen_poly__noise_0.01__seed_4/val_noisy.csv,data/noise_robustness_metric_v2/splits/nguyen_poly__noise_0.01__seed_4/test_clean.csv,data/noise_robustness_metric_v2/splits/nguyen_poly__noise_0.01__seed_4/train_clean.csv,data/noise_robustness_metric_v2/splits/nguyen_poly__noise_0.01__seed_4/val_clean.csv,data/noise_robustness_metric_v2/splits/nguyen_poly__noise_0.01__seed_4
16,nguyen_poly__noise_0.1__seed_0,nguyen_poly,Nguyen,nguyen_poly_noise_0.1,nguyen_poly,polynomial,x1**3 + x1**2 + x1,x1,x1,0.1,relative_gaussian_y_train_val,0,512,256,1024,0.41418224088866895,0.4109612342731832,data/noise_robustness_metric_v2/splits/nguyen_poly__noise_0.1__seed_0/train_noisy.csv,data/noise_robustness_metric_v2/splits/nguyen_poly__noise_0.1__seed_0/val_noisy.csv,data/noise_robustness_metric_v2/splits/nguyen_poly__noise_0.1__seed_0/test_clean.csv,data/noise_robustness_metric_v2/splits/nguyen_poly__noise_0.1__seed_0/train_clean.csv,data/noise_robustness_metric_v2/splits/nguyen_poly__noise_0.1__seed_0/val_clean.csv,data/noise_robustness_metric_v2/splits/nguyen_poly__noise_0.1__seed_0
17,nguyen_poly__noise_0.1__seed_1,nguyen_poly,Nguyen,nguyen_poly_noise_0.1,nguyen_poly,polynomial,x1**3 + x1**2 + x1,x1,x1,0.1,relative_gaussian_y_train_val,1,512,256,1024,0.42526252482762195,0.3981170052995813,data/noise_robustness_metric_v2/splits/nguyen_poly__noise_0.1__seed_1/train_noisy.csv,data/noise_robustness_metric_v2/splits/nguyen_poly__noise_0.1__seed_1/val_noisy.csv,data/noise_robustness_metric_v2/splits/nguyen_poly__noise_0.1__seed_1/test_clean.csv,data/noise_robustness_metric_v2/splits/nguyen_poly__noise_0.1__seed_1/train_clean.csv,data/noise_robustness_metric_v2/splits/nguyen_poly__noise_0.1__seed_1/val_clean.csv,data/noise_robustness_metric_v2/splits/nguyen_poly__noise_0.1__seed_1
18,nguyen_poly__noise_0.1__seed_2,nguyen_poly,Nguyen,nguyen_poly_noise_0.1,nguyen_poly,polynomial,x1**3 + x1**2 + x1,x1,x1,0.1,relative_gaussian_y_train_val,2,512,256,1024,0.42115656838868515,0.39470804470052595,data/noise_robustness_metric_v2/splits/nguyen_poly__noise_0.1__seed_2/train_noisy.csv,data/noise_robustness_metric_v2/splits/nguyen_poly__noise_0.1__seed_2/val_noisy.csv,data/noise_robustness_metric_v2/splits/nguyen_poly__noise_0.1__seed_2/test_clean.csv,data/noise_robustness_metric_v2/splits/nguyen_poly__noise_0.1__seed_2/train_clean.csv,data/noise_robustness_metric_v2/splits/nguyen_poly__noise_0.1__seed_2/val_clean.csv,data/noise_robustness_metric_v2/splits/nguyen_poly__noise_0.1__seed_2
19,nguyen_poly__noise_0.1__seed_3,nguyen_poly,Nguyen,nguyen_poly_noise_0.1,nguyen_poly,polynomial,x1**3 + x1**2 + x1,x1,x1,0.1,relative_gaussian_y_train_val,3,512,256,1024,0.4277447291498699,0.4621666095657901,data/noise_robustness_metric_v2/splits/nguyen_poly__noise_0.1__seed_3/train_noisy.csv,data/noise_robustness_metric_v2/splits/nguyen_poly__noise_0.1__seed_3/val_noisy.csv,data/noise_robustness_metric_v2/splits/nguyen_poly__noise_0.1__seed_3/test_clean.csv,data/noise_robustness_metric_v2/splits/nguyen_poly__noise_0.1__seed_3/train_clean.csv,data/noise_robustness_metric_v2/splits/nguyen_poly__noise_0.1__seed_3/val_clean.csv,data/noise_robustness_metric_v2/splits/nguyen_poly__noise_0.1__seed_3
20,nguyen_poly__noise_0.1__seed_4,nguyen_poly,Nguyen,nguyen_poly_noise_0.1,nguyen_poly,polynomial,x1**3 + x1**2 + x1,x1,x1,0.1,relative_gaussian_y_train_val,4,512,256,1024,0.4075860755719366,0.39832458678421523,data/noise_robustness_metric_v2/splits/nguyen_poly__noise_0.1__seed_4/train_noisy.csv,data/noise_robustness_metric_v2/splits/nguyen_poly__noise_0.1__seed_4/val_noisy.csv,data/noise_robustness_metric_v2/splits/nguyen_poly__noise_0.1__seed_4/test_clean.csv,data/noise_robustness_metric_v2/splits/nguyen_poly__noise_0.1__seed_4/train_clean.csv,data/noise_robustness_metric_v2/splits/nguyen_poly__noise_0.1__seed_4/val_clean.csv,data/noise_robustness_metric_v2/splits/nguyen_poly__noise_0.1__seed_4
21,nguyen_rational__noise_0__seed_0,nguyen_rational,Nguyen,nguyen_rational_noise_0,nguyen_rational,rational,x1/(1 + x2**2),x1|x2,x1|x2,0.0,relative_gaussian_y_train_val,0,512,256,1024,0.0,0.0,data/noise_robustness_metric_v2/splits/nguyen_rational__noise_0__seed_0/train_noisy.csv,data/noise_robustness_metric_v2/splits/nguyen_rational__noise_0__seed_0/val_noisy.csv,data/noise_robustness_metric_v2/splits/nguyen_rational__noise_0__seed_0/test_clean.csv,data/noise_robustness_metric_v2/splits/nguyen_rational__noise_0__seed_0/train_clean.csv,data/noise_robustness_metric_v2/splits/nguyen_rational__noise_0__seed_0/val_clean.csv,data/noise_robustness_metric_v2/splits/nguyen_rational__noise_0__seed_0
22,nguyen_rational__noise_0__seed_1,nguyen_rational,Nguyen,nguyen_rational_noise_0,nguyen_rational,rational,x1/(1 + x2**2),x1|x2,x1|x2,0.0,relative_gaussian_y_train_val,1,512,256,1024,0.0,0.0,data/noise_robustness_metric_v2/splits/nguyen_rational__noise_0__seed_1/train_noisy.csv,data/noise_robustness_metric_v2/splits/nguyen_rational__noise_0__seed_1/val_noisy.csv,data/noise_robustness_metric_v2/splits/nguyen_rational__noise_0__seed_1/test_clean.csv,data/noise_robustness_metric_v2/splits/nguyen_rational__noise_0__seed_1/train_clean.csv,data/noise_robustness_metric_v2/splits/nguyen_rational__noise_0__seed_1/val_clean.csv,data/noise_robustness_metric_v2/splits/nguyen_rational__noise_0__seed_1
23,nguyen_rational__noise_0__seed_2,nguyen_rational,Nguyen,nguyen_rational_noise_0,nguyen_rational,rational,x1/(1 + x2**2),x1|x2,x1|x2,0.0,relative_gaussian_y_train_val,2,512,256,1024,0.0,0.0,data/noise_robustness_metric_v2/splits/nguyen_rational__noise_0__seed_2/train_noisy.csv,data/noise_robustness_metric_v2/splits/nguyen_rational__noise_0__seed_2/val_noisy.csv,data/noise_robustness_metric_v2/splits/nguyen_rational__noise_0__seed_2/test_clean.csv,data/noise_robustness_metric_v2/splits/nguyen_rational__noise_0__seed_2/train_clean.csv,data/noise_robustness_metric_v2/splits/nguyen_rational__noise_0__seed_2/val_clean.csv,data/noise_robustness_metric_v2/splits/nguyen_rational__noise_0__seed_2
24,nguyen_rational__noise_0__seed_3,nguyen_rational,Nguyen,nguyen_rational_noise_0,nguyen_rational,rational,x1/(1 + x2**2),x1|x2,x1|x2,0.0,relative_gaussian_y_train_val,3,512,256,1024,0.0,0.0,data/noise_robustness_metric_v2/splits/nguyen_rational__noise_0__seed_3/train_noisy.csv,data/noise_robustness_metric_v2/splits/nguyen_rational__noise_0__seed_3/val_noisy.csv,data/noise_robustness_metric_v2/splits/nguyen_rational__noise_0__seed_3/test_clean.csv,data/noise_robustness_metric_v2/splits/nguyen_rational__noise_0__seed_3/train_clean.csv,data/noise_robustness_metric_v2/splits/nguyen_rational__noise_0__seed_3/val_clean.csv,data/noise_robustness_metric_v2/splits/nguyen_rational__noise_0__seed_3
25,nguyen_rational__noise_0__seed_4,nguyen_rational,Nguyen,nguyen_rational_noise_0,nguyen_rational,rational,x1/(1 + x2**2),x1|x2,x1|x2,0.0,relative_gaussian_y_train_val,4,512,256,1024,0.0,0.0,data/noise_robustness_metric_v2/splits/nguyen_rational__noise_0__seed_4/train_noisy.csv,data/noise_robustness_metric_v2/splits/nguyen_rational__noise_0__seed_4/val_noisy.csv,data/noise_robustness_metric_v2/splits/nguyen_rational__noise_0__seed_4/test_clean.csv,data/noise_robustness_metric_v2/splits/nguyen_rational__noise_0__seed_4/train_clean.csv,data/noise_robustness_metric_v2/splits/nguyen_rational__noise_0__seed_4/val_clean.csv,data/noise_robustness_metric_v2/splits/nguyen_rational__noise_0__seed_4
26,nguyen_rational__noise_0.001__seed_0,nguyen_rational,Nguyen,nguyen_rational_noise_0.001,nguyen_rational,rational,x1/(1 + x2**2),x1|x2,x1|x2,0.001,relative_gaussian_y_train_val,0,512,256,1024,0.0007291059138049101,0.0006426024683732953,data/noise_robustness_metric_v2/splits/nguyen_rational__noise_0.001__seed_0/train_noisy.csv,data/noise_robustness_metric_v2/splits/nguyen_rational__noise_0.001__seed_0/val_noisy.csv,data/noise_robustness_metric_v2/splits/nguyen_rational__noise_0.001__seed_0/test_clean.csv,data/noise_robustness_metric_v2/splits/nguyen_rational__noise_0.001__seed_0/train_clean.csv,data/noise_robustness_metric_v2/splits/nguyen_rational__noise_0.001__seed_0/val_clean.csv,data/noise_robustness_metric_v2/splits/nguyen_rational__noise_0.001__seed_0
27,nguyen_rational__noise_0.001__seed_1,nguyen_rational,Nguyen,nguyen_rational_noise_0.001,nguyen_rational,rational,x1/(1 + x2**2),x1|x2,x1|x2,0.001,relative_gaussian_y_train_val,1,512,256,1024,0.0006973096352459515,0.0006971584429265996,data/noise_robustness_metric_v2/splits/nguyen_rational__noise_0.001__seed_1/train_noisy.csv,data/noise_robustness_metric_v2/splits/nguyen_rational__noise_0.001__seed_1/val_noisy.csv,data/noise_robustness_metric_v2/splits/nguyen_rational__noise_0.001__seed_1/test_clean.csv,data/noise_robustness_metric_v2/splits/nguyen_rational__noise_0.001__seed_1/train_clean.csv,data/noise_robustness_metric_v2/splits/nguyen_rational__noise_0.001__seed_1/val_clean.csv,data/noise_robustness_metric_v2/splits/nguyen_rational__noise_0.001__seed_1
28,nguyen_rational__noise_0.001__seed_2,nguyen_rational,Nguyen,nguyen_rational_noise_0.001,nguyen_rational,rational,x1/(1 + x2**2),x1|x2,x1|x2,0.001,relative_gaussian_y_train_val,2,512,256,1024,0.0007141670212782526,0.0007270343848775905,data/noise_robustness_metric_v2/splits/nguyen_rational__noise_0.001__seed_2/train_noisy.csv,data/noise_robustness_metric_v2/splits/nguyen_rational__noise_0.001__seed_2/val_noisy.csv,data/noise_robustness_metric_v2/splits/nguyen_rational__noise_0.001__seed_2/test_clean.csv,data/noise_robustness_metric_v2/splits/nguyen_rational__noise_0.001__seed_2/train_clean.csv,data/noise_robustness_metric_v2/splits/nguyen_rational__noise_0.001__seed_2/val_clean.csv,data/noise_robustness_metric_v2/splits/nguyen_rational__noise_0.001__seed_2
29,nguyen_rational__noise_0.001__seed_3,nguyen_rational,Nguyen,nguyen_rational_noise_0.001,nguyen_rational,rational,x1/(1 + x2**2),x1|x2,x1|x2,0.001,relative_gaussian_y_train_val,3,512,256,1024,0.0007127174198727864,0.0006578980504832866,data/noise_robustness_metric_v2/splits/nguyen_rational__noise_0.001__seed_3/train_noisy.csv,data/noise_robustness_metric_v2/splits/nguyen_rational__noise_0.001__seed_3/val_noisy.csv,data/noise_robustness_metric_v2/splits/nguyen_rational__noise_0.001__seed_3/test_clean.csv,data/noise_robustness_metric_v2/splits/nguyen_rational__noise_0.001__seed_3/train_clean.csv,data/noise_robustness_metric_v2/splits/nguyen_rational__noise_0.001__seed_3/val_clean.csv,data/noise_robustness_metric_v2/splits/nguyen_rational__noise_0.001__seed_3
30,nguyen_rational__noise_0.001__seed_4,nguyen_rational,Nguyen,nguyen_rational_noise_0.001,nguyen_rational,rational,x1/(1 + x2**2),x1|x2,x1|x2,0.001,relative_gaussian_y_train_val,4,512,256,1024,0.0007213983944716401,0.0007098109928935907,data/noise_robustness_metric_v2/splits/nguyen_rational__noise_0.001__seed_4/train_noisy.csv,data/noise_robustness_metric_v2/splits/nguyen_rational__noise_0.001__seed_4/val_noisy.csv,data/noise_robustness_metric_v2/splits/nguyen_rational__noise_0.001__seed_4/test_clean.csv,data/noise_robustness_metric_v2/splits/nguyen_rational__noise_0.001__seed_4/train_clean.csv,data/noise_robustness_metric_v2/splits/nguyen_rational__noise_0.001__seed_4/val_clean.csv,data/noise_robustness_metric_v2/splits/nguyen_rational__noise_0.001__seed_4
31,nguyen_rational__noise_0.01__seed_0,nguyen_rational,Nguyen,nguyen_rational_noise_0.01,nguyen_rational,rational,x1/(1 + x2**2),x1|x2,x1|x2,0.01,relative_gaussian_y_train_val,0,512,256,1024,0.007504266390874338,0.006985840991669581,data/noise_robustness_metric_v2/splits/nguyen_rational__noise_0.01__seed_0/train_noisy.csv,data/noise_robustness_metric_v2/splits/nguyen_rational__noise_0.01__seed_0/val_noisy.csv,data/noise_robustness_metric_v2/splits/nguyen_rational__noise_0.01__seed_0/test_clean.csv,data/noise_robustness_metric_v2/splits/nguyen_rational__noise_0.01__seed_0/train_clean.csv,data/noise_robustness_metric_v2/splits/nguyen_rational__noise_0.01__seed_0/val_clean.csv,data/noise_robustness_metric_v2/splits/nguyen_rational__noise_0.01__seed_0
32,nguyen_rational__noise_0.01__seed_1,nguyen_rational,Nguyen,nguyen_rational_noise_0.01,nguyen_rational,rational,x1/(1 + x2**2),x1|x2,x1|x2,0.01,relative_gaussian_y_train_val,1,512,256,1024,0.007157956801067783,0.007116028822787774,data/noise_robustness_metric_v2/splits/nguyen_rational__noise_0.01__seed_1/train_noisy.csv,data/noise_robustness_metric_v2/splits/nguyen_rational__noise_0.01__seed_1/val_noisy.csv,data/noise_robustness_metric_v2/splits/nguyen_rational__noise_0.01__seed_1/test_clean.csv,data/noise_robustness_metric_v2/splits/nguyen_rational__noise_0.01__seed_1/train_clean.csv,data/noise_robustness_metric_v2/splits/nguyen_rational__noise_0.01__seed_1/val_clean.csv,data/noise_robustness_metric_v2/splits/nguyen_rational__noise_0.01__seed_1
33,nguyen_rational__noise_0.01__seed_2,nguyen_rational,Nguyen,nguyen_rational_noise_0.01,nguyen_rational,rational,x1/(1 + x2**2),x1|x2,x1|x2,0.01,relative_gaussian_y_train_val,2,512,256,1024,0.007107927394312545,0.006637575849786528,data/noise_robustness_metric_v2/splits/nguyen_rational__noise_0.01__seed_2/train_noisy.csv,data/noise_robustness_metric_v2/splits/nguyen_rational__noise_0.01__seed_2/val_noisy.csv,data/noise_robustness_metric_v2/splits/nguyen_rational__noise_0.01__seed_2/test_clean.csv,data/noise_robustness_metric_v2/splits/nguyen_rational__noise_0.01__seed_2/train_clean.csv,data/noise_robustness_metric_v2/splits/nguyen_rational__noise_0.01__seed_2/val_clean.csv,data/noise_robustness_metric_v2/splits/nguyen_rational__noise_0.01__seed_2
34,nguyen_rational__noise_0.01__seed_3,nguyen_rational,Nguyen,nguyen_rational_noise_0.01,nguyen_rational,rational,x1/(1 + x2**2),x1|x2,x1|x2,0.01,relative_gaussian_y_train_val,3,512,256,1024,0.007527703151276329,0.007063689862688148,data/noise_robustness_metric_v2/splits/nguyen_rational__noise_0.01__seed_3/train_noisy.csv,data/noise_robustness_metric_v2/splits/nguyen_rational__noise_0.01__seed_3/val_noisy.csv,data/noise_robustness_metric_v2/splits/nguyen_rational__noise_0.01__seed_3/test_clean.csv,data/noise_robustness_metric_v2/splits/nguyen_rational__noise_0.01__seed_3/train_clean.csv,data/noise_robustness_metric_v2/splits/nguyen_rational__noise_0.01__seed_3/val_clean.csv,data/noise_robustness_metric_v2/splits/nguyen_rational__noise_0.01__seed_3
35,nguyen_rational__noise_0.01__seed_4,nguyen_rational,Nguyen,nguyen_rational_noise_0.01,nguyen_rational,rational,x1/(1 + x2**2),x1|x2,x1|x2,0.01,relative_gaussian_y_train_val,4,512,256,1024,0.006956120045155734,0.006872576767183001,data/noise_robustness_metric_v2/splits/nguyen_rational__noise_0.01__seed_4/train_noisy.csv,data/noise_robustness_metric_v2/splits/nguyen_rational__noise_0.01__seed_4/val_noisy.csv,data/noise_robustness_metric_v2/splits/nguyen_rational__noise_0.01__seed_4/test_clean.csv,data/noise_robustness_metric_v2/splits/nguyen_rational__noise_0.01__seed_4/train_clean.csv,data/noise_robustness_metric_v2/splits/nguyen_rational__noise_0.01__seed_4/val_clean.csv,data/noise_robustness_metric_v2/splits/nguyen_rational__noise_0.01__seed_4
36,nguyen_rational__noise_0.1__seed_0,nguyen_rational,Nguyen,nguyen_rational_noise_0.1,nguyen_rational,rational,x1/(1 + x2**2),x1|x2,x1|x2,0.1,relative_gaussian_y_train_val,0,512,256,1024,0.07162638251115272,0.07412369909895054,data/noise_robustness_metric_v2/splits/nguyen_rational__noise_0.1__seed_0/train_noisy.csv,data/noise_robustness_metric_v2/splits/nguyen_rational__noise_0.1__seed_0/val_noisy.csv,data/noise_robustness_metric_v2/splits/nguyen_rational__noise_0.1__seed_0/test_clean.csv,data/noise_robustness_metric_v2/splits/nguyen_rational__noise_0.1__seed_0/train_clean.csv,data/noise_robustness_metric_v2/splits/nguyen_rational__noise_0.1__seed_0/val_clean.csv,data/noise_robustness_metric_v2/splits/nguyen_rational__noise_0.1__seed_0
37,nguyen_rational__noise_0.1__seed_1,nguyen_rational,Nguyen,nguyen_rational_noise_0.1,nguyen_rational,rational,x1/(1 + x2**2),x1|x2,x1|x2,0.1,relative_gaussian_y_train_val,1,512,256,1024,0.06748863977590087,0.07681747774355525,data/noise_robustness_metric_v2/splits/nguyen_rational__noise_0.1__seed_1/train_noisy.csv,data/noise_robustness_metric_v2/splits/nguyen_rational__noise_0.1__seed_1/val_noisy.csv,data/noise_robustness_metric_v2/splits/nguyen_rational__noise_0.1__seed_1/test_clean.csv,data/noise_robustness_metric_v2/splits/nguyen_rational__noise_0.1__seed_1/train_clean.csv,data/noise_robustness_metric_v2/splits/nguyen_rational__noise_0.1__seed_1/val_clean.csv,data/noise_robustness_metric_v2/splits/nguyen_rational__noise_0.1__seed_1
38,nguyen_rational__noise_0.1__seed_2,nguyen_rational,Nguyen,nguyen_rational_noise_0.1,nguyen_rational,rational,x1/(1 + x2**2),x1|x2,x1|x2,0.1,relative_gaussian_y_train_val,2,512,256,1024,0.07439320386902587,0.07324439252566828,data/noise_robustness_metric_v2/splits/nguyen_rational__noise_0.1__seed_2/train_noisy.csv,data/noise_robustness_metric_v2/splits/nguyen_rational__noise_0.1__seed_2/val_noisy.csv,data/noise_robustness_metric_v2/splits/nguyen_rational__noise_0.1__seed_2/test_clean.csv,data/noise_robustness_metric_v2/splits/nguyen_rational__noise_0.1__seed_2/train_clean.csv,data/noise_robustness_metric_v2/splits/nguyen_rational__noise_0.1__seed_2/val_clean.csv,data/noise_robustness_metric_v2/splits/nguyen_rational__noise_0.1__seed_2
39,nguyen_rational__noise_0.1__seed_3,nguyen_rational,Nguyen,nguyen_rational_noise_0.1,nguyen_rational,rational,x1/(1 + x2**2),x1|x2,x1|x2,0.1,relative_gaussian_y_train_val,3,512,256,1024,0.07189218459207487,0.07504889955561445,data/noise_robustness_metric_v2/splits/nguyen_rational__noise_0.1__seed_3/train_noisy.csv,data/noise_robustness_metric_v2/splits/nguyen_rational__noise_0.1__seed_3/val_noisy.csv,data/noise_robustness_metric_v2/splits/nguyen_rational__noise_0.1__seed_3/test_clean.csv,data/noise_robustness_metric_v2/splits/nguyen_rational__noise_0.1__seed_3/train_clean.csv,data/noise_robustness_metric_v2/splits/nguyen_rational__noise_0.1__seed_3/val_clean.csv,data/noise_robustness_metric_v2/splits/nguyen_rational__noise_0.1__seed_3
40,nguyen_rational__noise_0.1__seed_4,nguyen_rational,Nguyen,nguyen_rational_noise_0.1,nguyen_rational,rational,x1/(1 + x2**2),x1|x2,x1|x2,0.1,relative_gaussian_y_train_val,4,512,256,1024,0.07342298707742986,0.07248456186548974,data/noise_robustness_metric_v2/splits/nguyen_rational__noise_0.1__seed_4/train_noisy.csv,data/noise_robustness_metric_v2/splits/nguyen_rational__noise_0.1__seed_4/val_noisy.csv,data/noise_robustness_metric_v2/splits/nguyen_rational__noise_0.1__seed_4/test_clean.csv,data/noise_robustness_metric_v2/splits/nguyen_rational__noise_0.1__seed_4/train_clean.csv,data/noise_robustness_metric_v2/splits/nguyen_rational__noise_0.1__seed_4/val_clean.csv,data/noise_robustness_metric_v2/splits/nguyen_rational__noise_0.1__seed_4
41,feynman_trig__noise_0__seed_0,feynman_trig,Feynman,feynman_trig_noise_0,feynman_trig,trigonometric,sin(x1) + 0.5*cos(x2),x1|x2,x1|x2,0.0,relative_gaussian_y_train_val,0,512,256,1024,0.0,0.0,data/noise_robustness_metric_v2/splits/feynman_trig__noise_0__seed_0/train_noisy.csv,data/noise_robustness_metric_v2/splits/feynman_trig__noise_0__seed_0/val_noisy.csv,data/noise_robustness_metric_v2/splits/feynman_trig__noise_0__seed_0/test_clean.csv,data/noise_robustness_metric_v2/splits/feynman_trig__noise_0__seed_0/train_clean.csv,data/noise_robustness_metric_v2/splits/feynman_trig__noise_0__seed_0/val_clean.csv,data/noise_robustness_metric_v2/splits/feynman_trig__noise_0__seed_0
42,feynman_trig__noise_0__seed_1,feynman_trig,Feynman,feynman_trig_noise_0,feynman_trig,trigonometric,sin(x1) + 0.5*cos(x2),x1|x2,x1|x2,0.0,relative_gaussian_y_train_val,1,512,256,1024,0.0,0.0,data/noise_robustness_metric_v2/splits/feynman_trig__noise_0__seed_1/train_noisy.csv,data/noise_robustness_metric_v2/splits/feynman_trig__noise_0__seed_1/val_noisy.csv,data/noise_robustness_metric_v2/splits/feynman_trig__noise_0__seed_1/test_clean.csv,data/noise_robustness_metric_v2/splits/feynman_trig__noise_0__seed_1/train_clean.csv,data/noise_robustness_metric_v2/splits/feynman_trig__noise_0__seed_1/val_clean.csv,data/noise_robustness_metric_v2/splits/feynman_trig__noise_0__seed_1
43,feynman_trig__noise_0__seed_2,feynman_trig,Feynman,feynman_trig_noise_0,feynman_trig,trigonometric,sin(x1) + 0.5*cos(x2),x1|x2,x1|x2,0.0,relative_gaussian_y_train_val,2,512,256,1024,0.0,0.0,data/noise_robustness_metric_v2/splits/feynman_trig__noise_0__seed_2/train_noisy.csv,data/noise_robustness_metric_v2/splits/feynman_trig__noise_0__seed_2/val_noisy.csv,data/noise_robustness_metric_v2/splits/feynman_trig__noise_0__seed_2/test_clean.csv,data/noise_robustness_metric_v2/splits/feynman_trig__noise_0__seed_2/train_clean.csv,data/noise_robustness_metric_v2/splits/feynman_trig__noise_0__seed_2/val_clean.csv,data/noise_robustness_metric_v2/splits/feynman_trig__noise_0__seed_2
44,feynman_trig__noise_0__seed_3,feynman_trig,Feynman,feynman_trig_noise_0,feynman_trig,trigonometric,sin(x1) + 0.5*cos(x2),x1|x2,x1|x2,0.0,relative_gaussian_y_train_val,3,512,256,1024,0.0,0.0,data/noise_robustness_metric_v2/splits/feynman_trig__noise_0__seed_3/train_noisy.csv,data/noise_robustness_metric_v2/splits/feynman_trig__noise_0__seed_3/val_noisy.csv,data/noise_robustness_metric_v2/splits/feynman_trig__noise_0__seed_3/test_clean.csv,data/noise_robustness_metric_v2/splits/feynman_trig__noise_0__seed_3/train_clean.csv,data/noise_robustness_metric_v2/splits/feynman_trig__noise_0__seed_3/val_clean.csv,data/noise_robustness_metric_v2/splits/feynman_trig__noise_0__seed_3
45,feynman_trig__noise_0__seed_4,feynman_trig,Feynman,feynman_trig_noise_0,feynman_trig,trigonometric,sin(x1) + 0.5*cos(x2),x1|x2,x1|x2,0.0,relative_gaussian_y_train_val,4,512,256,1024,0.0,0.0,data/noise_robustness_metric_v2/splits/feynman_trig__noise_0__seed_4/train_noisy.csv,data/noise_robustness_metric_v2/splits/feynman_trig__noise_0__seed_4/val_noisy.csv,data/noise_robustness_metric_v2/splits/feynman_trig__noise_0__seed_4/test_clean.csv,data/noise_robustness_metric_v2/splits/feynman_trig__noise_0__seed_4/train_clean.csv,data/noise_robustness_metric_v2/splits/feynman_trig__noise_0__seed_4/val_clean.csv,data/noise_robustness_metric_v2/splits/feynman_trig__noise_0__seed_4
46,feynman_trig__noise_0.001__seed_0,feynman_trig,Feynman,feynman_trig_noise_0.001,feynman_trig,trigonometric,sin(x1) + 0.5*cos(x2),x1|x2,x1|x2,0.001,relative_gaussian_y_train_val,0,512,256,1024,0.000817160652925154,0.0007934194861433971,data/noise_robustness_metric_v2/splits/feynman_trig__noise_0.001__seed_0/train_noisy.csv,data/noise_robustness_metric_v2/splits/feynman_trig__noise_0.001__seed_0/val_noisy.csv,data/noise_robustness_metric_v2/splits/feynman_trig__noise_0.001__seed_0/test_clean.csv,data/noise_robustness_metric_v2/splits/feynman_trig__noise_0.001__seed_0/train_clean.csv,data/noise_robustness_metric_v2/splits/feynman_trig__noise_0.001__seed_0/val_clean.csv,data/noise_robustness_metric_v2/splits/feynman_trig__noise_0.001__seed_0
47,feynman_trig__noise_0.001__seed_1,feynman_trig,Feynman,feynman_trig_noise_0.001,feynman_trig,trigonometric,sin(x1) + 0.5*cos(x2),x1|x2,x1|x2,0.001,relative_gaussian_y_train_val,1,512,256,1024,0.0008140338051425343,0.0008183392801102192,data/noise_robustness_metric_v2/splits/feynman_trig__noise_0.001__seed_1/train_noisy.csv,data/noise_robustness_metric_v2/splits/feynman_trig__noise_0.001__seed_1/val_noisy.csv,data/noise_robustness_metric_v2/splits/feynman_trig__noise_0.001__seed_1/test_clean.csv,data/noise_robustness_metric_v2/splits/feynman_trig__noise_0.001__seed_1/train_clean.csv,data/noise_robustness_metric_v2/splits/feynman_trig__noise_0.001__seed_1/val_clean.csv,data/noise_robustness_metric_v2/splits/feynman_trig__noise_0.001__seed_1
48,feynman_trig__noise_0.001__seed_2,feynman_trig,Feynman,feynman_trig_noise_0.001,feynman_trig,trigonometric,sin(x1) + 0.5*cos(x2),x1|x2,x1|x2,0.001,relative_gaussian_y_train_val,2,512,256,1024,0.0007957215504967714,0.0008092660351527944,data/noise_robustness_metric_v2/splits/feynman_trig__noise_0.001__seed_2/train_noisy.csv,data/noise_robustness_metric_v2/splits/feynman_trig__noise_0.001__seed_2/val_noisy.csv,data/noise_robustness_metric_v2/splits/feynman_trig__noise_0.001__seed_2/test_clean.csv,data/noise_robustness_metric_v2/splits/feynman_trig__noise_0.001__seed_2/train_clean.csv,data/noise_robustness_metric_v2/splits/feynman_trig__noise_0.001__seed_2/val_clean.csv,data/noise_robustness_metric_v2/splits/feynman_trig__noise_0.001__seed_2
49,feynman_trig__noise_0.001__seed_3,feynman_trig,Feynman,feynman_trig_noise_0.001,feynman_trig,trigonometric,sin(x1) + 0.5*cos(x2),x1|x2,x1|x2,0.001,relative_gaussian_y_train_val,3,512,256,1024,0.0008116315189389288,0.0008233415409458058,data/noise_robustness_metric_v2/splits/feynman_trig__noise_0.001__seed_3/train_noisy.csv,data/noise_robustness_metric_v2/splits/feynman_trig__noise_0.001__seed_3/val_noisy.csv,data/noise_robustness_metric_v2/splits/feynman_trig__noise_0.001__seed_3/test_clean.csv,data/noise_robustness_metric_v2/splits/feynman_trig__noise_0.001__seed_3/train_clean.csv,data/noise_robustness_metric_v2/splits/feynman_trig__noise_0.001__seed_3/val_clean.csv,data/noise_robustness_metric_v2/splits/feynman_trig__noise_0.001__seed_3
50,feynman_trig__noise_0.001__seed_4,feynman_trig,Feynman,feynman_trig_noise_0.001,feynman_trig,trigonometric,sin(x1) + 0.5*cos(x2),x1|x2,x1|x2,0.001,relative_gaussian_y_train_val,4,512,256,1024,0.0008124578188520205,0.0008028778876471525,data/noise_robustness_metric_v2/splits/feynman_trig__noise_0.001__seed_4/train_noisy.csv,data/noise_robustness_metric_v2/splits/feynman_trig__noise_0.001__seed_4/val_noisy.csv,data/noise_robustness_metric_v2/splits/feynman_trig__noise_0.001__seed_4/test_clean.csv,data/noise_robustness_metric_v2/splits/feynman_trig__noise_0.001__seed_4/train_clean.csv,data/noise_robustness_metric_v2/splits/feynman_trig__noise_0.001__seed_4/val_clean.csv,data/noise_robustness_metric_v2/splits/feynman_trig__noise_0.001__seed_4
51,feynman_trig__noise_0.01__seed_0,feynman_trig,Feynman,feynman_trig_noise_0.01,feynman_trig,trigonometric,sin(x1) + 0.5*cos(x2),x1|x2,x1|x2,0.01,relative_gaussian_y_train_val,0,512,256,1024,0.008089827830643903,0.007520375801145011,data/noise_robustness_metric_v2/splits/feynman_trig__noise_0.01__seed_0/train_noisy.csv,data/noise_robustness_metric_v2/splits/feynman_trig__noise_0.01__seed_0/val_noisy.csv,data/noise_robustness_metric_v2/splits/feynman_trig__noise_0.01__seed_0/test_clean.csv,data/noise_robustness_metric_v2/splits/feynman_trig__noise_0.01__seed_0/train_clean.csv,data/noise_robustness_metric_v2/splits/feynman_trig__noise_0.01__seed_0/val_clean.csv,data/noise_robustness_metric_v2/splits/feynman_trig__noise_0.01__seed_0
52,feynman_trig__noise_0.01__seed_1,feynman_trig,Feynman,feynman_trig_noise_0.01,feynman_trig,trigonometric,sin(x1) + 0.5*cos(x2),x1|x2,x1|x2,0.01,relative_gaussian_y_train_val,1,512,256,1024,0.008069523236201762,0.00796293234051471,data/noise_robustness_metric_v2/splits/feynman_trig__noise_0.01__seed_1/train_noisy.csv,data/noise_robustness_metric_v2/splits/feynman_trig__noise_0.01__seed_1/val_noisy.csv,data/noise_robustness_metric_v2/splits/feynman_trig__noise_0.01__seed_1/test_clean.csv,data/noise_robustness_metric_v2/splits/feynman_trig__noise_0.01__seed_1/train_clean.csv,data/noise_robustness_metric_v2/splits/feynman_trig__noise_0.01__seed_1/val_clean.csv,data/noise_robustness_metric_v2/splits/feynman_trig__noise_0.01__seed_1
53,feynman_trig__noise_0.01__seed_2,feynman_trig,Feynman,feynman_trig_noise_0.01,feynman_trig,trigonometric,sin(x1) + 0.5*cos(x2),x1|x2,x1|x2,0.01,relative_gaussian_y_train_val,2,512,256,1024,0.007995519643396506,0.007668278657179128,data/noise_robustness_metric_v2/splits/feynman_trig__noise_0.01__seed_2/train_noisy.csv,data/noise_robustness_metric_v2/splits/feynman_trig__noise_0.01__seed_2/val_noisy.csv,data/noise_robustness_metric_v2/splits/feynman_trig__noise_0.01__seed_2/test_clean.csv,data/noise_robustness_metric_v2/splits/feynman_trig__noise_0.01__seed_2/train_clean.csv,data/noise_robustness_metric_v2/splits/feynman_trig__noise_0.01__seed_2/val_clean.csv,data/noise_robustness_metric_v2/splits/feynman_trig__noise_0.01__seed_2
54,feynman_trig__noise_0.01__seed_3,feynman_trig,Feynman,feynman_trig_noise_0.01,feynman_trig,trigonometric,sin(x1) + 0.5*cos(x2),x1|x2,x1|x2,0.01,relative_gaussian_y_train_val,3,512,256,1024,0.008109071963614526,0.007938374123608738,data/noise_robustness_metric_v2/splits/feynman_trig__noise_0.01__seed_3/train_noisy.csv,data/noise_robustness_metric_v2/splits/feynman_trig__noise_0.01__seed_3/val_noisy.csv,data/noise_robustness_metric_v2/splits/feynman_trig__noise_0.01__seed_3/test_clean.csv,data/noise_robustness_metric_v2/splits/feynman_trig__noise_0.01__seed_3/train_clean.csv,data/noise_robustness_metric_v2/splits/feynman_trig__noise_0.01__seed_3/val_clean.csv,data/noise_robustness_metric_v2/splits/feynman_trig__noise_0.01__seed_3
55,feynman_trig__noise_0.01__seed_4,feynman_trig,Feynman,feynman_trig_noise_0.01,feynman_trig,trigonometric,sin(x1) + 0.5*cos(x2),x1|x2,x1|x2,0.01,relative_gaussian_y_train_val,4,512,256,1024,0.008109960236189064,0.007815099109514204,data/noise_robustness_metric_v2/splits/feynman_trig__noise_0.01__seed_4/train_noisy.csv,data/noise_robustness_metric_v2/splits/feynman_trig__noise_0.01__seed_4/val_noisy.csv,data/noise_robustness_metric_v2/splits/feynman_trig__noise_0.01__seed_4/test_clean.csv,data/noise_robustness_metric_v2/splits/feynman_trig__noise_0.01__seed_4/train_clean.csv,data/noise_robustness_metric_v2/splits/feynman_trig__noise_0.01__seed_4/val_clean.csv,data/noise_robustness_metric_v2/splits/feynman_trig__noise_0.01__seed_4
56,feynman_trig__noise_0.1__seed_0,feynman_trig,Feynman,feynman_trig_noise_0.1,feynman_trig,trigonometric,sin(x1) + 0.5*cos(x2),x1|x2,x1|x2,0.1,relative_gaussian_y_train_val,0,512,256,1024,0.07948425403554484,0.07915697341181835,data/noise_robustness_metric_v2/splits/feynman_trig__noise_0.1__seed_0/train_noisy.csv,data/noise_robustness_metric_v2/splits/feynman_trig__noise_0.1__seed_0/val_noisy.csv,data/noise_robustness_metric_v2/splits/feynman_trig__noise_0.1__seed_0/test_clean.csv,data/noise_robustness_metric_v2/splits/feynman_trig__noise_0.1__seed_0/train_clean.csv,data/noise_robustness_metric_v2/splits/feynman_trig__noise_0.1__seed_0/val_clean.csv,data/noise_robustness_metric_v2/splits/feynman_trig__noise_0.1__seed_0
57,feynman_trig__noise_0.1__seed_1,feynman_trig,Feynman,feynman_trig_noise_0.1,feynman_trig,trigonometric,sin(x1) + 0.5*cos(x2),x1|x2,x1|x2,0.1,relative_gaussian_y_train_val,1,512,256,1024,0.07894685872807677,0.08043257999912773,data/noise_robustness_metric_v2/splits/feynman_trig__noise_0.1__seed_1/train_noisy.csv,data/noise_robustness_metric_v2/splits/feynman_trig__noise_0.1__seed_1/val_noisy.csv,data/noise_robustness_metric_v2/splits/feynman_trig__noise_0.1__seed_1/test_clean.csv,data/noise_robustness_metric_v2/splits/feynman_trig__noise_0.1__seed_1/train_clean.csv,data/noise_robustness_metric_v2/splits/feynman_trig__noise_0.1__seed_1/val_clean.csv,data/noise_robustness_metric_v2/splits/feynman_trig__noise_0.1__seed_1
58,feynman_trig__noise_0.1__seed_2,feynman_trig,Feynman,feynman_trig_noise_0.1,feynman_trig,trigonometric,sin(x1) + 0.5*cos(x2),x1|x2,x1|x2,0.1,relative_gaussian_y_train_val,2,512,256,1024,0.07874990276020605,0.0815018703145867,data/noise_robustness_metric_v2/splits/feynman_trig__noise_0.1__seed_2/train_noisy.csv,data/noise_robustness_metric_v2/splits/feynman_trig__noise_0.1__seed_2/val_noisy.csv,data/noise_robustness_metric_v2/splits/feynman_trig__noise_0.1__seed_2/test_clean.csv,data/noise_robustness_metric_v2/splits/feynman_trig__noise_0.1__seed_2/train_clean.csv,data/noise_robustness_metric_v2/splits/feynman_trig__noise_0.1__seed_2/val_clean.csv,data/noise_robustness_metric_v2/splits/feynman_trig__noise_0.1__seed_2
59,feynman_trig__noise_0.1__seed_3,feynman_trig,Feynman,feynman_trig_noise_0.1,feynman_trig,trigonometric,sin(x1) + 0.5*cos(x2),x1|x2,x1|x2,0.1,relative_gaussian_y_train_val,3,512,256,1024,0.07981026394424609,0.08058758830350306,data/noise_robustness_metric_v2/splits/feynman_trig__noise_0.1__seed_3/train_noisy.csv,data/noise_robustness_metric_v2/splits/feynman_trig__noise_0.1__seed_3/val_noisy.csv,data/noise_robustness_metric_v2/splits/feynman_trig__noise_0.1__seed_3/test_clean.csv,data/noise_robustness_metric_v2/splits/feynman_trig__noise_0.1__seed_3/train_clean.csv,data/noise_robustness_metric_v2/splits/feynman_trig__noise_0.1__seed_3/val_clean.csv,data/noise_robustness_metric_v2/splits/feynman_trig__noise_0.1__seed_3
60,feynman_trig__noise_0.1__seed_4,feynman_trig,Feynman,feynman_trig_noise_0.1,feynman_trig,trigonometric,sin(x1) + 0.5*cos(x2),x1|x2,x1|x2,0.1,relative_gaussian_y_train_val,4,512,256,1024,0.08107813603011532,0.07805319995194744,data/noise_robustness_metric_v2/splits/feynman_trig__noise_0.1__seed_4/train_noisy.csv,data/noise_robustness_metric_v2/splits/feynman_trig__noise_0.1__seed_4/val_noisy.csv,data/noise_robustness_metric_v2/splits/feynman_trig__noise_0.1__seed_4/test_clean.csv,data/noise_robustness_metric_v2/splits/feynman_trig__noise_0.1__seed_4/train_clean.csv,data/noise_robustness_metric_v2/splits/feynman_trig__noise_0.1__seed_4/val_clean.csv,data/noise_robustness_metric_v2/splits/feynman_trig__noise_0.1__seed_4
61,feynman_interaction__noise_0__seed_0,feynman_interaction,Feynman,feynman_interaction_noise_0,feynman_interaction,interaction,x1*x2 + 0.25*x3**2,x1|x2|x3,x1|x2|x3,0.0,relative_gaussian_y_train_val,0,512,256,1024,0.0,0.0,data/noise_robustness_metric_v2/splits/feynman_interaction__noise_0__seed_0/train_noisy.csv,data/noise_robustness_metric_v2/splits/feynman_interaction__noise_0__seed_0/val_noisy.csv,data/noise_robustness_metric_v2/splits/feynman_interaction__noise_0__seed_0/test_clean.csv,data/noise_robustness_metric_v2/splits/feynman_interaction__noise_0__seed_0/train_clean.csv,data/noise_robustness_metric_v2/splits/feynman_interaction__noise_0__seed_0/val_clean.csv,data/noise_robustness_metric_v2/splits/feynman_interaction__noise_0__seed_0
62,feynman_interaction__noise_0__seed_1,feynman_interaction,Feynman,feynman_interaction_noise_0,feynman_interaction,interaction,x1*x2 + 0.25*x3**2,x1|x2|x3,x1|x2|x3,0.0,relative_gaussian_y_train_val,1,512,256,1024,0.0,0.0,data/noise_robustness_metric_v2/splits/feynman_interaction__noise_0__seed_1/train_noisy.csv,data/noise_robustness_metric_v2/splits/feynman_interaction__noise_0__seed_1/val_noisy.csv,data/noise_robustness_metric_v2/splits/feynman_interaction__noise_0__seed_1/test_clean.csv,data/noise_robustness_metric_v2/splits/feynman_interaction__noise_0__seed_1/train_clean.csv,data/noise_robustness_metric_v2/splits/feynman_interaction__noise_0__seed_1/val_clean.csv,data/noise_robustness_metric_v2/splits/feynman_interaction__noise_0__seed_1
63,feynman_interaction__noise_0__seed_2,feynman_interaction,Feynman,feynman_interaction_noise_0,feynman_interaction,interaction,x1*x2 + 0.25*x3**2,x1|x2|x3,x1|x2|x3,0.0,relative_gaussian_y_train_val,2,512,256,1024,0.0,0.0,data/noise_robustness_metric_v2/splits/feynman_interaction__noise_0__seed_2/train_noisy.csv,data/noise_robustness_metric_v2/splits/feynman_interaction__noise_0__seed_2/val_noisy.csv,data/noise_robustness_metric_v2/splits/feynman_interaction__noise_0__seed_2/test_clean.csv,data/noise_robustness_metric_v2/splits/feynman_interaction__noise_0__seed_2/train_clean.csv,data/noise_robustness_metric_v2/splits/feynman_interaction__noise_0__seed_2/val_clean.csv,data/noise_robustness_metric_v2/splits/feynman_interaction__noise_0__seed_2
64,feynman_interaction__noise_0__seed_3,feynman_interaction,Feynman,feynman_interaction_noise_0,feynman_interaction,interaction,x1*x2 + 0.25*x3**2,x1|x2|x3,x1|x2|x3,0.0,relative_gaussian_y_train_val,3,512,256,1024,0.0,0.0,data/noise_robustness_metric_v2/splits/feynman_interaction__noise_0__seed_3/train_noisy.csv,data/noise_robustness_metric_v2/splits/feynman_interaction__noise_0__seed_3/val_noisy.csv,data/noise_robustness_metric_v2/splits/feynman_interaction__noise_0__seed_3/test_clean.csv,data/noise_robustness_metric_v2/splits/feynman_interaction__noise_0__seed_3/train_clean.csv,data/noise_robustness_metric_v2/splits/feynman_interaction__noise_0__seed_3/val_clean.csv,data/noise_robustness_metric_v2/splits/feynman_interaction__noise_0__seed_3
65,feynman_interaction__noise_0__seed_4,feynman_interaction,Feynman,feynman_interaction_noise_0,feynman_interaction,interaction,x1*x2 + 0.25*x3**2,x1|x2|x3,x1|x2|x3,0.0,relative_gaussian_y_train_val,4,512,256,1024,0.0,0.0,data/noise_robustness_metric_v2/splits/feynman_interaction__noise_0__seed_4/train_noisy.csv,data/noise_robustness_metric_v2/splits/feynman_interaction__noise_0__seed_4/val_noisy.csv,data/noise_robustness_metric_v2/splits/feynman_interaction__noise_0__seed_4/test_clean.csv,data/noise_robustness_metric_v2/splits/feynman_interaction__noise_0__seed_4/train_clean.csv,data/noise_robustness_metric_v2/splits/feynman_interaction__noise_0__seed_4/val_clean.csv,data/noise_robustness_metric_v2/splits/feynman_interaction__noise_0__seed_4
66,feynman_interaction__noise_0.001__seed_0,feynman_interaction,Feynman,feynman_interaction_noise_0.001,feynman_interaction,interaction,x1*x2 + 0.25*x3**2,x1|x2|x3,x1|x2|x3,0.001,relative_gaussian_y_train_val,0,512,256,1024,0.0012994472624967088,0.0013959595180692988,data/noise_robustness_metric_v2/splits/feynman_interaction__noise_0.001__seed_0/train_noisy.csv,data/noise_robustness_metric_v2/splits/feynman_interaction__noise_0.001__seed_0/val_noisy.csv,data/noise_robustness_metric_v2/splits/feynman_interaction__noise_0.001__seed_0/test_clean.csv,data/noise_robustness_metric_v2/splits/feynman_interaction__noise_0.001__seed_0/train_clean.csv,data/noise_robustness_metric_v2/splits/feynman_interaction__noise_0.001__seed_0/val_clean.csv,data/noise_robustness_metric_v2/splits/feynman_interaction__noise_0.001__seed_0
67,feynman_interaction__noise_0.001__seed_1,feynman_interaction,Feynman,feynman_interaction_noise_0.001,feynman_interaction,interaction,x1*x2 + 0.25*x3**2,x1|x2|x3,x1|x2|x3,0.001,relative_gaussian_y_train_val,1,512,256,1024,0.0013524433398021398,0.001380292293671102,data/noise_robustness_metric_v2/splits/feynman_interaction__noise_0.001__seed_1/train_noisy.csv,data/noise_robustness_metric_v2/splits/feynman_interaction__noise_0.001__seed_1/val_noisy.csv,data/noise_robustness_metric_v2/splits/feynman_interaction__noise_0.001__seed_1/test_clean.csv,data/noise_robustness_metric_v2/splits/feynman_interaction__noise_0.001__seed_1/train_clean.csv,data/noise_robustness_metric_v2/splits/feynman_interaction__noise_0.001__seed_1/val_clean.csv,data/noise_robustness_metric_v2/splits/feynman_interaction__noise_0.001__seed_1
68,feynman_interaction__noise_0.001__seed_2,feynman_interaction,Feynman,feynman_interaction_noise_0.001,feynman_interaction,interaction,x1*x2 + 0.25*x3**2,x1|x2|x3,x1|x2|x3,0.001,relative_gaussian_y_train_val,2,512,256,1024,0.0014035995449883211,0.0013737893897708638,data/noise_robustness_metric_v2/splits/feynman_interaction__noise_0.001__seed_2/train_noisy.csv,data/noise_robustness_metric_v2/splits/feynman_interaction__noise_0.001__seed_2/val_noisy.csv,data/noise_robustness_metric_v2/splits/feynman_interaction__noise_0.001__seed_2/test_clean.csv,data/noise_robustness_metric_v2/splits/feynman_interaction__noise_0.001__seed_2/train_clean.csv,data/noise_robustness_metric_v2/splits/feynman_interaction__noise_0.001__seed_2/val_clean.csv,data/noise_robustness_metric_v2/splits/feynman_interaction__noise_0.001__seed_2
69,feynman_interaction__noise_0.001__seed_3,feynman_interaction,Feynman,feynman_interaction_noise_0.001,feynman_interaction,interaction,x1*x2 + 0.25*x3**2,x1|x2|x3,x1|x2|x3,0.001,relative_gaussian_y_train_val,3,512,256,1024,0.0014222940666301534,0.001271891422724467,data/noise_robustness_metric_v2/splits/feynman_interaction__noise_0.001__seed_3/train_noisy.csv,data/noise_robustness_metric_v2/splits/feynman_interaction__noise_0.001__seed_3/val_noisy.csv,data/noise_robustness_metric_v2/splits/feynman_interaction__noise_0.001__seed_3/test_clean.csv,data/noise_robustness_metric_v2/splits/feynman_interaction__noise_0.001__seed_3/train_clean.csv,data/noise_robustness_metric_v2/splits/feynman_interaction__noise_0.001__seed_3/val_clean.csv,data/noise_robustness_metric_v2/splits/feynman_interaction__noise_0.001__seed_3
70,feynman_interaction__noise_0.001__seed_4,feynman_interaction,Feynman,feynman_interaction_noise_0.001,feynman_interaction,interaction,x1*x2 + 0.25*x3**2,x1|x2|x3,x1|x2|x3,0.001,relative_gaussian_y_train_val,4,512,256,1024,0.001300466147034395,0.0013496959669029725,data/noise_robustness_metric_v2/splits/feynman_interaction__noise_0.001__seed_4/train_noisy.csv,data/noise_robustness_metric_v2/splits/feynman_interaction__noise_0.001__seed_4/val_noisy.csv,data/noise_robustness_metric_v2/splits/feynman_interaction__noise_0.001__seed_4/test_clean.csv,data/noise_robustness_metric_v2/splits/feynman_interaction__noise_0.001__seed_4/train_clean.csv,data/noise_robustness_metric_v2/splits/feynman_interaction__noise_0.001__seed_4/val_clean.csv,data/noise_robustness_metric_v2/splits/feynman_interaction__noise_0.001__seed_4
71,feynman_interaction__noise_0.01__seed_0,feynman_interaction,Feynman,feynman_interaction_noise_0.01,feynman_interaction,interaction,x1*x2 + 0.25*x3**2,x1|x2|x3,x1|x2|x3,0.01,relative_gaussian_y_train_val,0,512,256,1024,0.013031158059203353,0.013180645136385782,data/noise_robustness_metric_v2/splits/feynman_interaction__noise_0.01__seed_0/train_noisy.csv,data/noise_robustness_metric_v2/splits/feynman_interaction__noise_0.01__seed_0/val_noisy.csv,data/noise_robustness_metric_v2/splits/feynman_interaction__noise_0.01__seed_0/test_clean.csv,data/noise_robustness_metric_v2/splits/feynman_interaction__noise_0.01__seed_0/train_clean.csv,data/noise_robustness_metric_v2/splits/feynman_interaction__noise_0.01__seed_0/val_clean.csv,data/noise_robustness_metric_v2/splits/feynman_interaction__noise_0.01__seed_0
72,feynman_interaction__noise_0.01__seed_1,feynman_interaction,Feynman,feynman_interaction_noise_0.01,feynman_interaction,interaction,x1*x2 + 0.25*x3**2,x1|x2|x3,x1|x2|x3,0.01,relative_gaussian_y_train_val,1,512,256,1024,0.01395134657906564,0.012537473251504781,data/noise_robustness_metric_v2/splits/feynman_interaction__noise_0.01__seed_1/train_noisy.csv,data/noise_robustness_metric_v2/splits/feynman_interaction__noise_0.01__seed_1/val_noisy.csv,data/noise_robustness_metric_v2/splits/feynman_interaction__noise_0.01__seed_1/test_clean.csv,data/noise_robustness_metric_v2/splits/feynman_interaction__noise_0.01__seed_1/train_clean.csv,data/noise_robustness_metric_v2/splits/feynman_interaction__noise_0.01__seed_1/val_clean.csv,data/noise_robustness_metric_v2/splits/feynman_interaction__noise_0.01__seed_1
73,feynman_interaction__noise_0.01__seed_2,feynman_interaction,Feynman,feynman_interaction_noise_0.01,feynman_interaction,interaction,x1*x2 + 0.25*x3**2,x1|x2|x3,x1|x2|x3,0.01,relative_gaussian_y_train_val,2,512,256,1024,0.014367748468977879,0.012837373929284353,data/noise_robustness_metric_v2/splits/feynman_interaction__noise_0.01__seed_2/train_noisy.csv,data/noise_robustness_metric_v2/splits/feynman_interaction__noise_0.01__seed_2/val_noisy.csv,data/noise_robustness_metric_v2/splits/feynman_interaction__noise_0.01__seed_2/test_clean.csv,data/noise_robustness_metric_v2/splits/feynman_interaction__noise_0.01__seed_2/train_clean.csv,data/noise_robustness_metric_v2/splits/feynman_interaction__noise_0.01__seed_2/val_clean.csv,data/noise_robustness_metric_v2/splits/feynman_interaction__noise_0.01__seed_2
74,feynman_interaction__noise_0.01__seed_3,feynman_interaction,Feynman,feynman_interaction_noise_0.01,feynman_interaction,interaction,x1*x2 + 0.25*x3**2,x1|x2|x3,x1|x2|x3,0.01,relative_gaussian_y_train_val,3,512,256,1024,0.013666516621468923,0.013051189450000382,data/noise_robustness_metric_v2/splits/feynman_interaction__noise_0.01__seed_3/train_noisy.csv,data/noise_robustness_metric_v2/splits/feynman_interaction__noise_0.01__seed_3/val_noisy.csv,data/noise_robustness_metric_v2/splits/feynman_interaction__noise_0.01__seed_3/test_clean.csv,data/noise_robustness_metric_v2/splits/feynman_interaction__noise_0.01__seed_3/train_clean.csv,data/noise_robustness_metric_v2/splits/feynman_interaction__noise_0.01__seed_3/val_clean.csv,data/noise_robustness_metric_v2/splits/feynman_interaction__noise_0.01__seed_3
75,feynman_interaction__noise_0.01__seed_4,feynman_interaction,Feynman,feynman_interaction_noise_0.01,feynman_interaction,interaction,x1*x2 + 0.25*x3**2,x1|x2|x3,x1|x2|x3,0.01,relative_gaussian_y_train_val,4,512,256,1024,0.013646705031747457,0.01413474538863518,data/noise_robustness_metric_v2/splits/feynman_interaction__noise_0.01__seed_4/train_noisy.csv,data/noise_robustness_metric_v2/splits/feynman_interaction__noise_0.01__seed_4/val_noisy.csv,data/noise_robustness_metric_v2/splits/feynman_interaction__noise_0.01__seed_4/test_clean.csv,data/noise_robustness_metric_v2/splits/feynman_interaction__noise_0.01__seed_4/train_clean.csv,data/noise_robustness_metric_v2/splits/feynman_interaction__noise_0.01__seed_4/val_clean.csv,data/noise_robustness_metric_v2/splits/feynman_interaction__noise_0.01__seed_4
76,feynman_interaction__noise_0.1__seed_0,feynman_interaction,Feynman,feynman_interaction_noise_0.1,feynman_interaction,interaction,x1*x2 + 0.25*x3**2,x1|x2|x3,x1|x2|x3,0.1,relative_gaussian_y_train_val,0,512,256,1024,0.13975935077237528,0.1456474753197248,data/noise_robustness_metric_v2/splits/feynman_interaction__noise_0.1__seed_0/train_noisy.csv,data/noise_robustness_metric_v2/splits/feynman_interaction__noise_0.1__seed_0/val_noisy.csv,data/noise_robustness_metric_v2/splits/feynman_interaction__noise_0.1__seed_0/test_clean.csv,data/noise_robustness_metric_v2/splits/feynman_interaction__noise_0.1__seed_0/train_clean.csv,data/noise_robustness_metric_v2/splits/feynman_interaction__noise_0.1__seed_0/val_clean.csv,data/noise_robustness_metric_v2/splits/feynman_interaction__noise_0.1__seed_0
77,feynman_interaction__noise_0.1__seed_1,feynman_interaction,Feynman,feynman_interaction_noise_0.1,feynman_interaction,interaction,x1*x2 + 0.25*x3**2,x1|x2|x3,x1|x2|x3,0.1,relative_gaussian_y_train_val,1,512,256,1024,0.12898196673950732,0.14751262978540028,data/noise_robustness_metric_v2/splits/feynman_interaction__noise_0.1__seed_1/train_noisy.csv,data/noise_robustness_metric_v2/splits/feynman_interaction__noise_0.1__seed_1/val_noisy.csv,data/noise_robustness_metric_v2/splits/feynman_interaction__noise_0.1__seed_1/test_clean.csv,data/noise_robustness_metric_v2/splits/feynman_interaction__noise_0.1__seed_1/train_clean.csv,data/noise_robustness_metric_v2/splits/feynman_interaction__noise_0.1__seed_1/val_clean.csv,data/noise_robustness_metric_v2/splits/feynman_interaction__noise_0.1__seed_1
78,feynman_interaction__noise_0.1__seed_2,feynman_interaction,Feynman,feynman_interaction_noise_0.1,feynman_interaction,interaction,x1*x2 + 0.25*x3**2,x1|x2|x3,x1|x2|x3,0.1,relative_gaussian_y_train_val,2,512,256,1024,0.14310864069721357,0.14400543505398225,data/noise_robustness_metric_v2/splits/feynman_interaction__noise_0.1__seed_2/train_noisy.csv,data/noise_robustness_metric_v2/splits/feynman_interaction__noise_0.1__seed_2/val_noisy.csv,data/noise_robustness_metric_v2/splits/feynman_interaction__noise_0.1__seed_2/test_clean.csv,data/noise_robustness_metric_v2/splits/feynman_interaction__noise_0.1__seed_2/train_clean.csv,data/noise_robustness_metric_v2/splits/feynman_interaction__noise_0.1__seed_2/val_clean.csv,data/noise_robustness_metric_v2/splits/feynman_interaction__noise_0.1__seed_2
79,feynman_interaction__noise_0.1__seed_3,feynman_interaction,Feynman,feynman_interaction_noise_0.1,feynman_interaction,interaction,x1*x2 + 0.25*x3**2,x1|x2|x3,x1|x2|x3,0.1,relative_gaussian_y_train_val,3,512,256,1024,0.14106461865034667,0.14176480164018038,data/noise_robustness_metric_v2/splits/feynman_interaction__noise_0.1__seed_3/train_noisy.csv,data/noise_robustness_metric_v2/splits/feynman_interaction__noise_0.1__seed_3/val_noisy.csv,data/noise_robustness_metric_v2/splits/feynman_interaction__noise_0.1__seed_3/test_clean.csv,data/noise_robustness_metric_v2/splits/feynman_interaction__noise_0.1__seed_3/train_clean.csv,data/noise_robustness_metric_v2/splits/feynman_interaction__noise_0.1__seed_3/val_clean.csv,data/noise_robustness_metric_v2/splits/feynman_interaction__noise_0.1__seed_3
80,feynman_interaction__noise_0.1__seed_4,feynman_interaction,Feynman,feynman_interaction_noise_0.1,feynman_interaction,interaction,x1*x2 + 0.25*x3**2,x1|x2|x3,x1|x2|x3,0.1,relative_gaussian_y_train_val,4,512,256,1024,0.13917942009108608,0.14177909102917574,data/noise_robustness_metric_v2/splits/feynman_interaction__noise_0.1__seed_4/train_noisy.csv,data/noise_robustness_metric_v2/splits/feynman_interaction__noise_0.1__seed_4/val_noisy.csv,data/noise_robustness_metric_v2/splits/feynman_interaction__noise_0.1__seed_4/test_clean.csv,data/noise_robustness_metric_v2/splits/feynman_interaction__noise_0.1__seed_4/train_clean.csv,data/noise_robustness_metric_v2/splits/feynman_interaction__noise_0.1__seed_4/val_clean.csv,data/noise_robustness_metric_v2/splits/feynman_interaction__noise_0.1__seed_4
81,srsd_exp_log__noise_0__seed_0,srsd_exp_log,SRSD,srsd_exp_log_noise_0,srsd_exp_log,exp_log,exp(0.3*x1) + log(abs(x2) + 2.0),x1|x2,x1|x2,0.0,relative_gaussian_y_train_val,0,512,256,1024,0.0,0.0,data/noise_robustness_metric_v2/splits/srsd_exp_log__noise_0__seed_0/train_noisy.csv,data/noise_robustness_metric_v2/splits/srsd_exp_log__noise_0__seed_0/val_noisy.csv,data/noise_robustness_metric_v2/splits/srsd_exp_log__noise_0__seed_0/test_clean.csv,data/noise_robustness_metric_v2/splits/srsd_exp_log__noise_0__seed_0/train_clean.csv,data/noise_robustness_metric_v2/splits/srsd_exp_log__noise_0__seed_0/val_clean.csv,data/noise_robustness_metric_v2/splits/srsd_exp_log__noise_0__seed_0
82,srsd_exp_log__noise_0__seed_1,srsd_exp_log,SRSD,srsd_exp_log_noise_0,srsd_exp_log,exp_log,exp(0.3*x1) + log(abs(x2) + 2.0),x1|x2,x1|x2,0.0,relative_gaussian_y_train_val,1,512,256,1024,0.0,0.0,data/noise_robustness_metric_v2/splits/srsd_exp_log__noise_0__seed_1/train_noisy.csv,data/noise_robustness_metric_v2/splits/srsd_exp_log__noise_0__seed_1/val_noisy.csv,data/noise_robustness_metric_v2/splits/srsd_exp_log__noise_0__seed_1/test_clean.csv,data/noise_robustness_metric_v2/splits/srsd_exp_log__noise_0__seed_1/train_clean.csv,data/noise_robustness_metric_v2/splits/srsd_exp_log__noise_0__seed_1/val_clean.csv,data/noise_robustness_metric_v2/splits/srsd_exp_log__noise_0__seed_1
83,srsd_exp_log__noise_0__seed_2,srsd_exp_log,SRSD,srsd_exp_log_noise_0,srsd_exp_log,exp_log,exp(0.3*x1) + log(abs(x2) + 2.0),x1|x2,x1|x2,0.0,relative_gaussian_y_train_val,2,512,256,1024,0.0,0.0,data/noise_robustness_metric_v2/splits/srsd_exp_log__noise_0__seed_2/train_noisy.csv,data/noise_robustness_metric_v2/splits/srsd_exp_log__noise_0__seed_2/val_noisy.csv,data/noise_robustness_metric_v2/splits/srsd_exp_log__noise_0__seed_2/test_clean.csv,data/noise_robustness_metric_v2/splits/srsd_exp_log__noise_0__seed_2/train_clean.csv,data/noise_robustness_metric_v2/splits/srsd_exp_log__noise_0__seed_2/val_clean.csv,data/noise_robustness_metric_v2/splits/srsd_exp_log__noise_0__seed_2
84,srsd_exp_log__noise_0__seed_3,srsd_exp_log,SRSD,srsd_exp_log_noise_0,srsd_exp_log,exp_log,exp(0.3*x1) + log(abs(x2) + 2.0),x1|x2,x1|x2,0.0,relative_gaussian_y_train_val,3,512,256,1024,0.0,0.0,data/noise_robustness_metric_v2/splits/srsd_exp_log__noise_0__seed_3/train_noisy.csv,data/noise_robustness_metric_v2/splits/srsd_exp_log__noise_0__seed_3/val_noisy.csv,data/noise_robustness_metric_v2/splits/srsd_exp_log__noise_0__seed_3/test_clean.csv,data/noise_robustness_metric_v2/splits/srsd_exp_log__noise_0__seed_3/train_clean.csv,data/noise_robustness_metric_v2/splits/srsd_exp_log__noise_0__seed_3/val_clean.csv,data/noise_robustness_metric_v2/splits/srsd_exp_log__noise_0__seed_3
85,srsd_exp_log__noise_0__seed_4,srsd_exp_log,SRSD,srsd_exp_log_noise_0,srsd_exp_log,exp_log,exp(0.3*x1) + log(abs(x2) + 2.0),x1|x2,x1|x2,0.0,relative_gaussian_y_train_val,4,512,256,1024,0.0,0.0,data/noise_robustness_metric_v2/splits/srsd_exp_log__noise_0__seed_4/train_noisy.csv,data/noise_robustness_metric_v2/splits/srsd_exp_log__noise_0__seed_4/val_noisy.csv,data/noise_robustness_metric_v2/splits/srsd_exp_log__noise_0__seed_4/test_clean.csv,data/noise_robustness_metric_v2/splits/srsd_exp_log__noise_0__seed_4/train_clean.csv,data/noise_robustness_metric_v2/splits/srsd_exp_log__noise_0__seed_4/val_clean.csv,data/noise_robustness_metric_v2/splits/srsd_exp_log__noise_0__seed_4
86,srsd_exp_log__noise_0.001__seed_0,srsd_exp_log,SRSD,srsd_exp_log_noise_0.001,srsd_exp_log,exp_log,exp(0.3*x1) + log(abs(x2) + 2.0),x1|x2,x1|x2,0.001,relative_gaussian_y_train_val,0,512,256,1024,0.000410877421189006,0.0004290475660348916,data/noise_robustness_metric_v2/splits/srsd_exp_log__noise_0.001__seed_0/train_noisy.csv,data/noise_robustness_metric_v2/splits/srsd_exp_log__noise_0.001__seed_0/val_noisy.csv,data/noise_robustness_metric_v2/splits/srsd_exp_log__noise_0.001__seed_0/test_clean.csv,data/noise_robustness_metric_v2/splits/srsd_exp_log__noise_0.001__seed_0/train_clean.csv,data/noise_robustness_metric_v2/splits/srsd_exp_log__noise_0.001__seed_0/val_clean.csv,data/noise_robustness_metric_v2/splits/srsd_exp_log__noise_0.001__seed_0
87,srsd_exp_log__noise_0.001__seed_1,srsd_exp_log,SRSD,srsd_exp_log_noise_0.001,srsd_exp_log,exp_log,exp(0.3*x1) + log(abs(x2) + 2.0),x1|x2,x1|x2,0.001,relative_gaussian_y_train_val,1,512,256,1024,0.0004143814109433458,0.00040919195808173005,data/noise_robustness_metric_v2/splits/srsd_exp_log__noise_0.001__seed_1/train_noisy.csv,data/noise_robustness_metric_v2/splits/srsd_exp_log__noise_0.001__seed_1/val_noisy.csv,data/noise_robustness_metric_v2/splits/srsd_exp_log__noise_0.001__seed_1/test_clean.csv,data/noise_robustness_metric_v2/splits/srsd_exp_log__noise_0.001__seed_1/train_clean.csv,data/noise_robustness_metric_v2/splits/srsd_exp_log__noise_0.001__seed_1/val_clean.csv,data/noise_robustness_metric_v2/splits/srsd_exp_log__noise_0.001__seed_1
88,srsd_exp_log__noise_0.001__seed_2,srsd_exp_log,SRSD,srsd_exp_log_noise_0.001,srsd_exp_log,exp_log,exp(0.3*x1) + log(abs(x2) + 2.0),x1|x2,x1|x2,0.001,relative_gaussian_y_train_val,2,512,256,1024,0.0004137490767388913,0.00041933552045727153,data/noise_robustness_metric_v2/splits/srsd_exp_log__noise_0.001__seed_2/train_noisy.csv,data/noise_robustness_metric_v2/splits/srsd_exp_log__noise_0.001__seed_2/val_noisy.csv,data/noise_robustness_metric_v2/splits/srsd_exp_log__noise_0.001__seed_2/test_clean.csv,data/noise_robustness_metric_v2/splits/srsd_exp_log__noise_0.001__seed_2/train_clean.csv,data/noise_robustness_metric_v2/splits/srsd_exp_log__noise_0.001__seed_2/val_clean.csv,data/noise_robustness_metric_v2/splits/srsd_exp_log__noise_0.001__seed_2
89,srsd_exp_log__noise_0.001__seed_3,srsd_exp_log,SRSD,srsd_exp_log_noise_0.001,srsd_exp_log,exp_log,exp(0.3*x1) + log(abs(x2) + 2.0),x1|x2,x1|x2,0.001,relative_gaussian_y_train_val,3,512,256,1024,0.0004141459101359962,0.00041892230461853353,data/noise_robustness_metric_v2/splits/srsd_exp_log__noise_0.001__seed_3/train_noisy.csv,data/noise_robustness_metric_v2/splits/srsd_exp_log__noise_0.001__seed_3/val_noisy.csv,data/noise_robustness_metric_v2/splits/srsd_exp_log__noise_0.001__seed_3/test_clean.csv,data/noise_robustness_metric_v2/splits/srsd_exp_log__noise_0.001__seed_3/train_clean.csv,data/noise_robustness_metric_v2/splits/srsd_exp_log__noise_0.001__seed_3/val_clean.csv,data/noise_robustness_metric_v2/splits/srsd_exp_log__noise_0.001__seed_3
90,srsd_exp_log__noise_0.001__seed_4,srsd_exp_log,SRSD,srsd_exp_log_noise_0.001,srsd_exp_log,exp_log,exp(0.3*x1) + log(abs(x2) + 2.0),x1|x2,x1|x2,0.001,relative_gaussian_y_train_val,4,512,256,1024,0.0004171340080451576,0.0004071572435717131,data/noise_robustness_metric_v2/splits/srsd_exp_log__noise_0.001__seed_4/train_noisy.csv,data/noise_robustness_metric_v2/splits/srsd_exp_log__noise_0.001__seed_4/val_noisy.csv,data/noise_robustness_metric_v2/splits/srsd_exp_log__noise_0.001__seed_4/test_clean.csv,data/noise_robustness_metric_v2/splits/srsd_exp_log__noise_0.001__seed_4/train_clean.csv,data/noise_robustness_metric_v2/splits/srsd_exp_log__noise_0.001__seed_4/val_clean.csv,data/noise_robustness_metric_v2/splits/srsd_exp_log__noise_0.001__seed_4
91,srsd_exp_log__noise_0.01__seed_0,srsd_exp_log,SRSD,srsd_exp_log_noise_0.01,srsd_exp_log,exp_log,exp(0.3*x1) + log(abs(x2) + 2.0),x1|x2,x1|x2,0.01,relative_gaussian_y_train_val,0,512,256,1024,0.004109845675091561,0.004072478002824988,data/noise_robustness_metric_v2/splits/srsd_exp_log__noise_0.01__seed_0/train_noisy.csv,data/noise_robustness_metric_v2/splits/srsd_exp_log__noise_0.01__seed_0/val_noisy.csv,data/noise_robustness_metric_v2/splits/srsd_exp_log__noise_0.01__seed_0/test_clean.csv,data/noise_robustness_metric_v2/splits/srsd_exp_log__noise_0.01__seed_0/train_clean.csv,data/noise_robustness_metric_v2/splits/srsd_exp_log__noise_0.01__seed_0/val_clean.csv,data/noise_robustness_metric_v2/splits/srsd_exp_log__noise_0.01__seed_0
92,srsd_exp_log__noise_0.01__seed_1,srsd_exp_log,SRSD,srsd_exp_log_noise_0.01,srsd_exp_log,exp_log,exp(0.3*x1) + log(abs(x2) + 2.0),x1|x2,x1|x2,0.01,relative_gaussian_y_train_val,1,512,256,1024,0.00420757784928495,0.0038688863180421254,data/noise_robustness_metric_v2/splits/srsd_exp_log__noise_0.01__seed_1/train_noisy.csv,data/noise_robustness_metric_v2/splits/srsd_exp_log__noise_0.01__seed_1/val_noisy.csv,data/noise_robustness_metric_v2/splits/srsd_exp_log__noise_0.01__seed_1/test_clean.csv,data/noise_robustness_metric_v2/splits/srsd_exp_log__noise_0.01__seed_1/train_clean.csv,data/noise_robustness_metric_v2/splits/srsd_exp_log__noise_0.01__seed_1/val_clean.csv,data/noise_robustness_metric_v2/splits/srsd_exp_log__noise_0.01__seed_1
93,srsd_exp_log__noise_0.01__seed_2,srsd_exp_log,SRSD,srsd_exp_log_noise_0.01,srsd_exp_log,exp_log,exp(0.3*x1) + log(abs(x2) + 2.0),x1|x2,x1|x2,0.01,relative_gaussian_y_train_val,2,512,256,1024,0.004036398583441513,0.004027811550046876,data/noise_robustness_metric_v2/splits/srsd_exp_log__noise_0.01__seed_2/train_noisy.csv,data/noise_robustness_metric_v2/splits/srsd_exp_log__noise_0.01__seed_2/val_noisy.csv,data/noise_robustness_metric_v2/splits/srsd_exp_log__noise_0.01__seed_2/test_clean.csv,data/noise_robustness_metric_v2/splits/srsd_exp_log__noise_0.01__seed_2/train_clean.csv,data/noise_robustness_metric_v2/splits/srsd_exp_log__noise_0.01__seed_2/val_clean.csv,data/noise_robustness_metric_v2/splits/srsd_exp_log__noise_0.01__seed_2
94,srsd_exp_log__noise_0.01__seed_3,srsd_exp_log,SRSD,srsd_exp_log_noise_0.01,srsd_exp_log,exp_log,exp(0.3*x1) + log(abs(x2) + 2.0),x1|x2,x1|x2,0.01,relative_gaussian_y_train_val,3,512,256,1024,0.004087840977390025,0.00418540034935959,data/noise_robustness_metric_v2/splits/srsd_exp_log__noise_0.01__seed_3/train_noisy.csv,data/noise_robustness_metric_v2/splits/srsd_exp_log__noise_0.01__seed_3/val_noisy.csv,data/noise_robustness_metric_v2/splits/srsd_exp_log__noise_0.01__seed_3/test_clean.csv,data/noise_robustness_metric_v2/splits/srsd_exp_log__noise_0.01__seed_3/train_clean.csv,data/noise_robustness_metric_v2/splits/srsd_exp_log__noise_0.01__seed_3/val_clean.csv,data/noise_robustness_metric_v2/splits/srsd_exp_log__noise_0.01__seed_3
95,srsd_exp_log__noise_0.01__seed_4,srsd_exp_log,SRSD,srsd_exp_log_noise_0.01,srsd_exp_log,exp_log,exp(0.3*x1) + log(abs(x2) + 2.0),x1|x2,x1|x2,0.01,relative_gaussian_y_train_val,4,512,256,1024,0.004313186519914825,0.004235661566362595,data/noise_robustness_metric_v2/splits/srsd_exp_log__noise_0.01__seed_4/train_noisy.csv,data/noise_robustness_metric_v2/splits/srsd_exp_log__noise_0.01__seed_4/val_noisy.csv,data/noise_robustness_metric_v2/splits/srsd_exp_log__noise_0.01__seed_4/test_clean.csv,data/noise_robustness_metric_v2/splits/srsd_exp_log__noise_0.01__seed_4/train_clean.csv,data/noise_robustness_metric_v2/splits/srsd_exp_log__noise_0.01__seed_4/val_clean.csv,data/noise_robustness_metric_v2/splits/srsd_exp_log__noise_0.01__seed_4
96,srsd_exp_log__noise_0.1__seed_0,srsd_exp_log,SRSD,srsd_exp_log_noise_0.1,srsd_exp_log,exp_log,exp(0.3*x1) + log(abs(x2) + 2.0),x1|x2,x1|x2,0.1,relative_gaussian_y_train_val,0,512,256,1024,0.041459440455040575,0.04249596418777267,data/noise_robustness_metric_v2/splits/srsd_exp_log__noise_0.1__seed_0/train_noisy.csv,data/noise_robustness_metric_v2/splits/srsd_exp_log__noise_0.1__seed_0/val_noisy.csv,data/noise_robustness_metric_v2/splits/srsd_exp_log__noise_0.1__seed_0/test_clean.csv,data/noise_robustness_metric_v2/splits/srsd_exp_log__noise_0.1__seed_0/train_clean.csv,data/noise_robustness_metric_v2/splits/srsd_exp_log__noise_0.1__seed_0/val_clean.csv,data/noise_robustness_metric_v2/splits/srsd_exp_log__noise_0.1__seed_0
97,srsd_exp_log__noise_0.1__seed_1,srsd_exp_log,SRSD,srsd_exp_log_noise_0.1,srsd_exp_log,exp_log,exp(0.3*x1) + log(abs(x2) + 2.0),x1|x2,x1|x2,0.1,relative_gaussian_y_train_val,1,512,256,1024,0.041889431004486465,0.044006854161909886,data/noise_robustness_metric_v2/splits/srsd_exp_log__noise_0.1__seed_1/train_noisy.csv,data/noise_robustness_metric_v2/splits/srsd_exp_log__noise_0.1__seed_1/val_noisy.csv,data/noise_robustness_metric_v2/splits/srsd_exp_log__noise_0.1__seed_1/test_clean.csv,data/noise_robustness_metric_v2/splits/srsd_exp_log__noise_0.1__seed_1/train_clean.csv,data/noise_robustness_metric_v2/splits/srsd_exp_log__noise_0.1__seed_1/val_clean.csv,data/noise_robustness_metric_v2/splits/srsd_exp_log__noise_0.1__seed_1
98,srsd_exp_log__noise_0.1__seed_2,srsd_exp_log,SRSD,srsd_exp_log_noise_0.1,srsd_exp_log,exp_log,exp(0.3*x1) + log(abs(x2) + 2.0),x1|x2,x1|x2,0.1,relative_gaussian_y_train_val,2,512,256,1024,0.04115351375442099,0.040896140063086714,data/noise_robustness_metric_v2/splits/srsd_exp_log__noise_0.1__seed_2/train_noisy.csv,data/noise_robustness_metric_v2/splits/srsd_exp_log__noise_0.1__seed_2/val_noisy.csv,data/noise_robustness_metric_v2/splits/srsd_exp_log__noise_0.1__seed_2/test_clean.csv,data/noise_robustness_metric_v2/splits/srsd_exp_log__noise_0.1__seed_2/train_clean.csv,data/noise_robustness_metric_v2/splits/srsd_exp_log__noise_0.1__seed_2/val_clean.csv,data/noise_robustness_metric_v2/splits/srsd_exp_log__noise_0.1__seed_2
99,srsd_exp_log__noise_0.1__seed_3,srsd_exp_log,SRSD,srsd_exp_log_noise_0.1,srsd_exp_log,exp_log,exp(0.3*x1) + log(abs(x2) + 2.0),x1|x2,x1|x2,0.1,relative_gaussian_y_train_val,3,512,256,1024,0.04198611025942664,0.041182316625736064,data/noise_robustness_metric_v2/splits/srsd_exp_log__noise_0.1__seed_3/train_noisy.csv,data/noise_robustness_metric_v2/splits/srsd_exp_log__noise_0.1__seed_3/val_noisy.csv,data/noise_robustness_metric_v2/splits/srsd_exp_log__noise_0.1__seed_3/test_clean.csv,data/noise_robustness_metric_v2/splits/srsd_exp_log__noise_0.1__seed_3/train_clean.csv,data/noise_robustness_metric_v2/splits/srsd_exp_log__noise_0.1__seed_3/val_clean.csv,data/noise_robustness_metric_v2/splits/srsd_exp_log__noise_0.1__seed_3
100,srsd_exp_log__noise_0.1__seed_4,srsd_exp_log,SRSD,srsd_exp_log_noise_0.1,srsd_exp_log,exp_log,exp(0.3*x1) + log(abs(x2) + 2.0),x1|x2,x1|x2,0.1,relative_gaussian_y_train_val,4,512,256,1024,0.04025753313270197,0.04044860338579163,data/noise_robustness_metric_v2/splits/srsd_exp_log__noise_0.1__seed_4/train_noisy.csv,data/noise_robustness_metric_v2/splits/srsd_exp_log__noise_0.1__seed_4/val_noisy.csv,data/noise_robustness_metric_v2/splits/srsd_exp_log__noise_0.1__seed_4/test_clean.csv,data/noise_robustness_metric_v2/splits/srsd_exp_log__noise_0.1__seed_4/train_clean.csv,data/noise_robustness_metric_v2/splits/srsd_exp_log__noise_0.1__seed_4/val_clean.csv,data/noise_robustness_metric_v2/splits/srsd_exp_log__noise_0.1__seed_4
101,srsd_nested__noise_0__seed_0,srsd_nested,SRSD,srsd_nested_noise_0,srsd_nested,function_composition,sin(x1*x2)/(1 + x3**2),x1|x2|x3,x1|x2|x3,0.0,relative_gaussian_y_train_val,0,512,256,1024,0.0,0.0,data/noise_robustness_metric_v2/splits/srsd_nested__noise_0__seed_0/train_noisy.csv,data/noise_robustness_metric_v2/splits/srsd_nested__noise_0__seed_0/val_noisy.csv,data/noise_robustness_metric_v2/splits/srsd_nested__noise_0__seed_0/test_clean.csv,data/noise_robustness_metric_v2/splits/srsd_nested__noise_0__seed_0/train_clean.csv,data/noise_robustness_metric_v2/splits/srsd_nested__noise_0__seed_0/val_clean.csv,data/noise_robustness_metric_v2/splits/srsd_nested__noise_0__seed_0
102,srsd_nested__noise_0__seed_1,srsd_nested,SRSD,srsd_nested_noise_0,srsd_nested,function_composition,sin(x1*x2)/(1 + x3**2),x1|x2|x3,x1|x2|x3,0.0,relative_gaussian_y_train_val,1,512,256,1024,0.0,0.0,data/noise_robustness_metric_v2/splits/srsd_nested__noise_0__seed_1/train_noisy.csv,data/noise_robustness_metric_v2/splits/srsd_nested__noise_0__seed_1/val_noisy.csv,data/noise_robustness_metric_v2/splits/srsd_nested__noise_0__seed_1/test_clean.csv,data/noise_robustness_metric_v2/splits/srsd_nested__noise_0__seed_1/train_clean.csv,data/noise_robustness_metric_v2/splits/srsd_nested__noise_0__seed_1/val_clean.csv,data/noise_robustness_metric_v2/splits/srsd_nested__noise_0__seed_1
103,srsd_nested__noise_0__seed_2,srsd_nested,SRSD,srsd_nested_noise_0,srsd_nested,function_composition,sin(x1*x2)/(1 + x3**2),x1|x2|x3,x1|x2|x3,0.0,relative_gaussian_y_train_val,2,512,256,1024,0.0,0.0,data/noise_robustness_metric_v2/splits/srsd_nested__noise_0__seed_2/train_noisy.csv,data/noise_robustness_metric_v2/splits/srsd_nested__noise_0__seed_2/val_noisy.csv,data/noise_robustness_metric_v2/splits/srsd_nested__noise_0__seed_2/test_clean.csv,data/noise_robustness_metric_v2/splits/srsd_nested__noise_0__seed_2/train_clean.csv,data/noise_robustness_metric_v2/splits/srsd_nested__noise_0__seed_2/val_clean.csv,data/noise_robustness_metric_v2/splits/srsd_nested__noise_0__seed_2
104,srsd_nested__noise_0__seed_3,srsd_nested,SRSD,srsd_nested_noise_0,srsd_nested,function_composition,sin(x1*x2)/(1 + x3**2),x1|x2|x3,x1|x2|x3,0.0,relative_gaussian_y_train_val,3,512,256,1024,0.0,0.0,data/noise_robustness_metric_v2/splits/srsd_nested__noise_0__seed_3/train_noisy.csv,data/noise_robustness_metric_v2/splits/srsd_nested__noise_0__seed_3/val_noisy.csv,data/noise_robustness_metric_v2/splits/srsd_nested__noise_0__seed_3/test_clean.csv,data/noise_robustness_metric_v2/splits/srsd_nested__noise_0__seed_3/train_clean.csv,data/noise_robustness_metric_v2/splits/srsd_nested__noise_0__seed_3/val_clean.csv,data/noise_robustness_metric_v2/splits/srsd_nested__noise_0__seed_3
105,srsd_nested__noise_0__seed_4,srsd_nested,SRSD,srsd_nested_noise_0,srsd_nested,function_composition,sin(x1*x2)/(1 + x3**2),x1|x2|x3,x1|x2|x3,0.0,relative_gaussian_y_train_val,4,512,256,1024,0.0,0.0,data/noise_robustness_metric_v2/splits/srsd_nested__noise_0__seed_4/train_noisy.csv,data/noise_robustness_metric_v2/splits/srsd_nested__noise_0__seed_4/val_noisy.csv,data/noise_robustness_metric_v2/splits/srsd_nested__noise_0__seed_4/test_clean.csv,data/noise_robustness_metric_v2/splits/srsd_nested__noise_0__seed_4/train_clean.csv,data/noise_robustness_metric_v2/splits/srsd_nested__noise_0__seed_4/val_clean.csv,data/noise_robustness_metric_v2/splits/srsd_nested__noise_0__seed_4
106,srsd_nested__noise_0.001__seed_0,srsd_nested,SRSD,srsd_nested_noise_0.001,srsd_nested,function_composition,sin(x1*x2)/(1 + x3**2),x1|x2|x3,x1|x2|x3,0.001,relative_gaussian_y_train_val,0,512,256,1024,0.0003955849194417636,0.0003635793788926979,data/noise_robustness_metric_v2/splits/srsd_nested__noise_0.001__seed_0/train_noisy.csv,data/noise_robustness_metric_v2/splits/srsd_nested__noise_0.001__seed_0/val_noisy.csv,data/noise_robustness_metric_v2/splits/srsd_nested__noise_0.001__seed_0/test_clean.csv,data/noise_robustness_metric_v2/splits/srsd_nested__noise_0.001__seed_0/train_clean.csv,data/noise_robustness_metric_v2/splits/srsd_nested__noise_0.001__seed_0/val_clean.csv,data/noise_robustness_metric_v2/splits/srsd_nested__noise_0.001__seed_0
107,srsd_nested__noise_0.001__seed_1,srsd_nested,SRSD,srsd_nested_noise_0.001,srsd_nested,function_composition,sin(x1*x2)/(1 + x3**2),x1|x2|x3,x1|x2|x3,0.001,relative_gaussian_y_train_val,1,512,256,1024,0.0003849591756337868,0.00039740776688973516,data/noise_robustness_metric_v2/splits/srsd_nested__noise_0.001__seed_1/train_noisy.csv,data/noise_robustness_metric_v2/splits/srsd_nested__noise_0.001__seed_1/val_noisy.csv,data/noise_robustness_metric_v2/splits/srsd_nested__noise_0.001__seed_1/test_clean.csv,data/noise_robustness_metric_v2/splits/srsd_nested__noise_0.001__seed_1/train_clean.csv,data/noise_robustness_metric_v2/splits/srsd_nested__noise_0.001__seed_1/val_clean.csv,data/noise_robustness_metric_v2/splits/srsd_nested__noise_0.001__seed_1
108,srsd_nested__noise_0.001__seed_2,srsd_nested,SRSD,srsd_nested_noise_0.001,srsd_nested,function_composition,sin(x1*x2)/(1 + x3**2),x1|x2|x3,x1|x2|x3,0.001,relative_gaussian_y_train_val,2,512,256,1024,0.00040541918452717215,0.0003979843402035884,data/noise_robustness_metric_v2/splits/srsd_nested__noise_0.001__seed_2/train_noisy.csv,data/noise_robustness_metric_v2/splits/srsd_nested__noise_0.001__seed_2/val_noisy.csv,data/noise_robustness_metric_v2/splits/srsd_nested__noise_0.001__seed_2/test_clean.csv,data/noise_robustness_metric_v2/splits/srsd_nested__noise_0.001__seed_2/train_clean.csv,data/noise_robustness_metric_v2/splits/srsd_nested__noise_0.001__seed_2/val_clean.csv,data/noise_robustness_metric_v2/splits/srsd_nested__noise_0.001__seed_2
109,srsd_nested__noise_0.001__seed_3,srsd_nested,SRSD,srsd_nested_noise_0.001,srsd_nested,function_composition,sin(x1*x2)/(1 + x3**2),x1|x2|x3,x1|x2|x3,0.001,relative_gaussian_y_train_val,3,512,256,1024,0.0003806880009269305,0.0003871262332149214,data/noise_robustness_metric_v2/splits/srsd_nested__noise_0.001__seed_3/train_noisy.csv,data/noise_robustness_metric_v2/splits/srsd_nested__noise_0.001__seed_3/val_noisy.csv,data/noise_robustness_metric_v2/splits/srsd_nested__noise_0.001__seed_3/test_clean.csv,data/noise_robustness_metric_v2/splits/srsd_nested__noise_0.001__seed_3/train_clean.csv,data/noise_robustness_metric_v2/splits/srsd_nested__noise_0.001__seed_3/val_clean.csv,data/noise_robustness_metric_v2/splits/srsd_nested__noise_0.001__seed_3
110,srsd_nested__noise_0.001__seed_4,srsd_nested,SRSD,srsd_nested_noise_0.001,srsd_nested,function_composition,sin(x1*x2)/(1 + x3**2),x1|x2|x3,x1|x2|x3,0.001,relative_gaussian_y_train_val,4,512,256,1024,0.000397102800424065,0.00040689233734738885,data/noise_robustness_metric_v2/splits/srsd_nested__noise_0.001__seed_4/train_noisy.csv,data/noise_robustness_metric_v2/splits/srsd_nested__noise_0.001__seed_4/val_noisy.csv,data/noise_robustness_metric_v2/splits/srsd_nested__noise_0.001__seed_4/test_clean.csv,data/noise_robustness_metric_v2/splits/srsd_nested__noise_0.001__seed_4/train_clean.csv,data/noise_robustness_metric_v2/splits/srsd_nested__noise_0.001__seed_4/val_clean.csv,data/noise_robustness_metric_v2/splits/srsd_nested__noise_0.001__seed_4
111,srsd_nested__noise_0.01__seed_0,srsd_nested,SRSD,srsd_nested_noise_0.01,srsd_nested,function_composition,sin(x1*x2)/(1 + x3**2),x1|x2|x3,x1|x2|x3,0.01,relative_gaussian_y_train_val,0,512,256,1024,0.003942352300165985,0.003641680881850134,data/noise_robustness_metric_v2/splits/srsd_nested__noise_0.01__seed_0/train_noisy.csv,data/noise_robustness_metric_v2/splits/srsd_nested__noise_0.01__seed_0/val_noisy.csv,data/noise_robustness_metric_v2/splits/srsd_nested__noise_0.01__seed_0/test_clean.csv,data/noise_robustness_metric_v2/splits/srsd_nested__noise_0.01__seed_0/train_clean.csv,data/noise_robustness_metric_v2/splits/srsd_nested__noise_0.01__seed_0/val_clean.csv,data/noise_robustness_metric_v2/splits/srsd_nested__noise_0.01__seed_0
112,srsd_nested__noise_0.01__seed_1,srsd_nested,SRSD,srsd_nested_noise_0.01,srsd_nested,function_composition,sin(x1*x2)/(1 + x3**2),x1|x2|x3,x1|x2|x3,0.01,relative_gaussian_y_train_val,1,512,256,1024,0.0038170201919943826,0.003923528244317453,data/noise_robustness_metric_v2/splits/srsd_nested__noise_0.01__seed_1/train_noisy.csv,data/noise_robustness_metric_v2/splits/srsd_nested__noise_0.01__seed_1/val_noisy.csv,data/noise_robustness_metric_v2/splits/srsd_nested__noise_0.01__seed_1/test_clean.csv,data/noise_robustness_metric_v2/splits/srsd_nested__noise_0.01__seed_1/train_clean.csv,data/noise_robustness_metric_v2/splits/srsd_nested__noise_0.01__seed_1/val_clean.csv,data/noise_robustness_metric_v2/splits/srsd_nested__noise_0.01__seed_1
113,srsd_nested__noise_0.01__seed_2,srsd_nested,SRSD,srsd_nested_noise_0.01,srsd_nested,function_composition,sin(x1*x2)/(1 + x3**2),x1|x2|x3,x1|x2|x3,0.01,relative_gaussian_y_train_val,2,512,256,1024,0.003921519564064425,0.0038034818208030753,data/noise_robustness_metric_v2/splits/srsd_nested__noise_0.01__seed_2/train_noisy.csv,data/noise_robustness_metric_v2/splits/srsd_nested__noise_0.01__seed_2/val_noisy.csv,data/noise_robustness_metric_v2/splits/srsd_nested__noise_0.01__seed_2/test_clean.csv,data/noise_robustness_metric_v2/splits/srsd_nested__noise_0.01__seed_2/train_clean.csv,data/noise_robustness_metric_v2/splits/srsd_nested__noise_0.01__seed_2/val_clean.csv,data/noise_robustness_metric_v2/splits/srsd_nested__noise_0.01__seed_2
114,srsd_nested__noise_0.01__seed_3,srsd_nested,SRSD,srsd_nested_noise_0.01,srsd_nested,function_composition,sin(x1*x2)/(1 + x3**2),x1|x2|x3,x1|x2|x3,0.01,relative_gaussian_y_train_val,3,512,256,1024,0.004128404169936344,0.003947221982617277,data/noise_robustness_metric_v2/splits/srsd_nested__noise_0.01__seed_3/train_noisy.csv,data/noise_robustness_metric_v2/splits/srsd_nested__noise_0.01__seed_3/val_noisy.csv,data/noise_robustness_metric_v2/splits/srsd_nested__noise_0.01__seed_3/test_clean.csv,data/noise_robustness_metric_v2/splits/srsd_nested__noise_0.01__seed_3/train_clean.csv,data/noise_robustness_metric_v2/splits/srsd_nested__noise_0.01__seed_3/val_clean.csv,data/noise_robustness_metric_v2/splits/srsd_nested__noise_0.01__seed_3
115,srsd_nested__noise_0.01__seed_4,srsd_nested,SRSD,srsd_nested_noise_0.01,srsd_nested,function_composition,sin(x1*x2)/(1 + x3**2),x1|x2|x3,x1|x2|x3,0.01,relative_gaussian_y_train_val,4,512,256,1024,0.0036047218557438664,0.0040101416534061365,data/noise_robustness_metric_v2/splits/srsd_nested__noise_0.01__seed_4/train_noisy.csv,data/noise_robustness_metric_v2/splits/srsd_nested__noise_0.01__seed_4/val_noisy.csv,data/noise_robustness_metric_v2/splits/srsd_nested__noise_0.01__seed_4/test_clean.csv,data/noise_robustness_metric_v2/splits/srsd_nested__noise_0.01__seed_4/train_clean.csv,data/noise_robustness_metric_v2/splits/srsd_nested__noise_0.01__seed_4/val_clean.csv,data/noise_robustness_metric_v2/splits/srsd_nested__noise_0.01__seed_4
116,srsd_nested__noise_0.1__seed_0,srsd_nested,SRSD,srsd_nested_noise_0.1,srsd_nested,function_composition,sin(x1*x2)/(1 + x3**2),x1|x2|x3,x1|x2|x3,0.1,relative_gaussian_y_train_val,0,512,256,1024,0.04061388062381018,0.038123164555281266,data/noise_robustness_metric_v2/splits/srsd_nested__noise_0.1__seed_0/train_noisy.csv,data/noise_robustness_metric_v2/splits/srsd_nested__noise_0.1__seed_0/val_noisy.csv,data/noise_robustness_metric_v2/splits/srsd_nested__noise_0.1__seed_0/test_clean.csv,data/noise_robustness_metric_v2/splits/srsd_nested__noise_0.1__seed_0/train_clean.csv,data/noise_robustness_metric_v2/splits/srsd_nested__noise_0.1__seed_0/val_clean.csv,data/noise_robustness_metric_v2/splits/srsd_nested__noise_0.1__seed_0
117,srsd_nested__noise_0.1__seed_1,srsd_nested,SRSD,srsd_nested_noise_0.1,srsd_nested,function_composition,sin(x1*x2)/(1 + x3**2),x1|x2|x3,x1|x2|x3,0.1,relative_gaussian_y_train_val,1,512,256,1024,0.03910156867166255,0.03810298045798963,data/noise_robustness_metric_v2/splits/srsd_nested__noise_0.1__seed_1/train_noisy.csv,data/noise_robustness_metric_v2/splits/srsd_nested__noise_0.1__seed_1/val_noisy.csv,data/noise_robustness_metric_v2/splits/srsd_nested__noise_0.1__seed_1/test_clean.csv,data/noise_robustness_metric_v2/splits/srsd_nested__noise_0.1__seed_1/train_clean.csv,data/noise_robustness_metric_v2/splits/srsd_nested__noise_0.1__seed_1/val_clean.csv,data/noise_robustness_metric_v2/splits/srsd_nested__noise_0.1__seed_1
118,srsd_nested__noise_0.1__seed_2,srsd_nested,SRSD,srsd_nested_noise_0.1,srsd_nested,function_composition,sin(x1*x2)/(1 + x3**2),x1|x2|x3,x1|x2|x3,0.1,relative_gaussian_y_train_val,2,512,256,1024,0.03811838347395334,0.03865501759817824,data/noise_robustness_metric_v2/splits/srsd_nested__noise_0.1__seed_2/train_noisy.csv,data/noise_robustness_metric_v2/splits/srsd_nested__noise_0.1__seed_2/val_noisy.csv,data/noise_robustness_metric_v2/splits/srsd_nested__noise_0.1__seed_2/test_clean.csv,data/noise_robustness_metric_v2/splits/srsd_nested__noise_0.1__seed_2/train_clean.csv,data/noise_robustness_metric_v2/splits/srsd_nested__noise_0.1__seed_2/val_clean.csv,data/noise_robustness_metric_v2/splits/srsd_nested__noise_0.1__seed_2
119,srsd_nested__noise_0.1__seed_3,srsd_nested,SRSD,srsd_nested_noise_0.1,srsd_nested,function_composition,sin(x1*x2)/(1 + x3**2),x1|x2|x3,x1|x2|x3,0.1,relative_gaussian_y_train_val,3,512,256,1024,0.038292971748426725,0.039119412005734905,data/noise_robustness_metric_v2/splits/srsd_nested__noise_0.1__seed_3/train_noisy.csv,data/noise_robustness_metric_v2/splits/srsd_nested__noise_0.1__seed_3/val_noisy.csv,data/noise_robustness_metric_v2/splits/srsd_nested__noise_0.1__seed_3/test_clean.csv,data/noise_robustness_metric_v2/splits/srsd_nested__noise_0.1__seed_3/train_clean.csv,data/noise_robustness_metric_v2/splits/srsd_nested__noise_0.1__seed_3/val_clean.csv,data/noise_robustness_metric_v2/splits/srsd_nested__noise_0.1__seed_3
120,srsd_nested__noise_0.1__seed_4,srsd_nested,SRSD,srsd_nested_noise_0.1,srsd_nested,function_composition,sin(x1*x2)/(1 + x3**2),x1|x2|x3,x1|x2|x3,0.1,relative_gaussian_y_train_val,4,512,256,1024,0.038645393106228255,0.03634244092745399,data/noise_robustness_metric_v2/splits/srsd_nested__noise_0.1__seed_4/train_noisy.csv,data/noise_robustness_metric_v2/splits/srsd_nested__noise_0.1__seed_4/val_noisy.csv,data/noise_robustness_metric_v2/splits/srsd_nested__noise_0.1__seed_4/test_clean.csv,data/noise_robustness_metric_v2/splits/srsd_nested__noise_0.1__seed_4/train_clean.csv,data/noise_robustness_metric_v2/splits/srsd_nested__noise_0.1__seed_4/val_clean.csv,data/noise_robustness_metric_v2/splits/srsd_nested__noise_0.1__seed_4
121,realistic_decay__noise_0__seed_0,realistic_decay,Realistic,realistic_decay_noise_0,realistic_decay,exp_trig,exp(-0.25*abs(x1))*sin(x2) + 0.15*x3,x1|x2|x3,x1|x2|x3,0.0,relative_gaussian_y_train_val,0,512,256,1024,0.0,0.0,data/noise_robustness_metric_v2/splits/realistic_decay__noise_0__seed_0/train_noisy.csv,data/noise_robustness_metric_v2/splits/realistic_decay__noise_0__seed_0/val_noisy.csv,data/noise_robustness_metric_v2/splits/realistic_decay__noise_0__seed_0/test_clean.csv,data/noise_robustness_metric_v2/splits/realistic_decay__noise_0__seed_0/train_clean.csv,data/noise_robustness_metric_v2/splits/realistic_decay__noise_0__seed_0/val_clean.csv,data/noise_robustness_metric_v2/splits/realistic_decay__noise_0__seed_0
122,realistic_decay__noise_0__seed_1,realistic_decay,Realistic,realistic_decay_noise_0,realistic_decay,exp_trig,exp(-0.25*abs(x1))*sin(x2) + 0.15*x3,x1|x2|x3,x1|x2|x3,0.0,relative_gaussian_y_train_val,1,512,256,1024,0.0,0.0,data/noise_robustness_metric_v2/splits/realistic_decay__noise_0__seed_1/train_noisy.csv,data/noise_robustness_metric_v2/splits/realistic_decay__noise_0__seed_1/val_noisy.csv,data/noise_robustness_metric_v2/splits/realistic_decay__noise_0__seed_1/test_clean.csv,data/noise_robustness_metric_v2/splits/realistic_decay__noise_0__seed_1/train_clean.csv,data/noise_robustness_metric_v2/splits/realistic_decay__noise_0__seed_1/val_clean.csv,data/noise_robustness_metric_v2/splits/realistic_decay__noise_0__seed_1
123,realistic_decay__noise_0__seed_2,realistic_decay,Realistic,realistic_decay_noise_0,realistic_decay,exp_trig,exp(-0.25*abs(x1))*sin(x2) + 0.15*x3,x1|x2|x3,x1|x2|x3,0.0,relative_gaussian_y_train_val,2,512,256,1024,0.0,0.0,data/noise_robustness_metric_v2/splits/realistic_decay__noise_0__seed_2/train_noisy.csv,data/noise_robustness_metric_v2/splits/realistic_decay__noise_0__seed_2/val_noisy.csv,data/noise_robustness_metric_v2/splits/realistic_decay__noise_0__seed_2/test_clean.csv,data/noise_robustness_metric_v2/splits/realistic_decay__noise_0__seed_2/train_clean.csv,data/noise_robustness_metric_v2/splits/realistic_decay__noise_0__seed_2/val_clean.csv,data/noise_robustness_metric_v2/splits/realistic_decay__noise_0__seed_2
124,realistic_decay__noise_0__seed_3,realistic_decay,Realistic,realistic_decay_noise_0,realistic_decay,exp_trig,exp(-0.25*abs(x1))*sin(x2) + 0.15*x3,x1|x2|x3,x1|x2|x3,0.0,relative_gaussian_y_train_val,3,512,256,1024,0.0,0.0,data/noise_robustness_metric_v2/splits/realistic_decay__noise_0__seed_3/train_noisy.csv,data/noise_robustness_metric_v2/splits/realistic_decay__noise_0__seed_3/val_noisy.csv,data/noise_robustness_metric_v2/splits/realistic_decay__noise_0__seed_3/test_clean.csv,data/noise_robustness_metric_v2/splits/realistic_decay__noise_0__seed_3/train_clean.csv,data/noise_robustness_metric_v2/splits/realistic_decay__noise_0__seed_3/val_clean.csv,data/noise_robustness_metric_v2/splits/realistic_decay__noise_0__seed_3
125,realistic_decay__noise_0__seed_4,realistic_decay,Realistic,realistic_decay_noise_0,realistic_decay,exp_trig,exp(-0.25*abs(x1))*sin(x2) + 0.15*x3,x1|x2|x3,x1|x2|x3,0.0,relative_gaussian_y_train_val,4,512,256,1024,0.0,0.0,data/noise_robustness_metric_v2/splits/realistic_decay__noise_0__seed_4/train_noisy.csv,data/noise_robustness_metric_v2/splits/realistic_decay__noise_0__seed_4/val_noisy.csv,data/noise_robustness_metric_v2/splits/realistic_decay__noise_0__seed_4/test_clean.csv,data/noise_robustness_metric_v2/splits/realistic_decay__noise_0__seed_4/train_clean.csv,data/noise_robustness_metric_v2/splits/realistic_decay__noise_0__seed_4/val_clean.csv,data/noise_robustness_metric_v2/splits/realistic_decay__noise_0__seed_4
126,realistic_decay__noise_0.001__seed_0,realistic_decay,Realistic,realistic_decay_noise_0.001,realistic_decay,exp_trig,exp(-0.25*abs(x1))*sin(x2) + 0.15*x3,x1|x2|x3,x1|x2|x3,0.001,relative_gaussian_y_train_val,0,512,256,1024,0.000610313956195924,0.0006254116796209799,data/noise_robustness_metric_v2/splits/realistic_decay__noise_0.001__seed_0/train_noisy.csv,data/noise_robustness_metric_v2/splits/realistic_decay__noise_0.001__seed_0/val_noisy.csv,data/noise_robustness_metric_v2/splits/realistic_decay__noise_0.001__seed_0/test_clean.csv,data/noise_robustness_metric_v2/splits/realistic_decay__noise_0.001__seed_0/train_clean.csv,data/noise_robustness_metric_v2/splits/realistic_decay__noise_0.001__seed_0/val_clean.csv,data/noise_robustness_metric_v2/splits/realistic_decay__noise_0.001__seed_0
127,realistic_decay__noise_0.001__seed_1,realistic_decay,Realistic,realistic_decay_noise_0.001,realistic_decay,exp_trig,exp(-0.25*abs(x1))*sin(x2) + 0.15*x3,x1|x2|x3,x1|x2|x3,0.001,relative_gaussian_y_train_val,1,512,256,1024,0.000650317093379372,0.0005874503848537071,data/noise_robustness_metric_v2/splits/realistic_decay__noise_0.001__seed_1/train_noisy.csv,data/noise_robustness_metric_v2/splits/realistic_decay__noise_0.001__seed_1/val_noisy.csv,data/noise_robustness_metric_v2/splits/realistic_decay__noise_0.001__seed_1/test_clean.csv,data/noise_robustness_metric_v2/splits/realistic_decay__noise_0.001__seed_1/train_clean.csv,data/noise_robustness_metric_v2/splits/realistic_decay__noise_0.001__seed_1/val_clean.csv,data/noise_robustness_metric_v2/splits/realistic_decay__noise_0.001__seed_1
128,realistic_decay__noise_0.001__seed_2,realistic_decay,Realistic,realistic_decay_noise_0.001,realistic_decay,exp_trig,exp(-0.25*abs(x1))*sin(x2) + 0.15*x3,x1|x2|x3,x1|x2|x3,0.001,relative_gaussian_y_train_val,2,512,256,1024,0.0006299209335819177,0.0006332922183967349,data/noise_robustness_metric_v2/splits/realistic_decay__noise_0.001__seed_2/train_noisy.csv,data/noise_robustness_metric_v2/splits/realistic_decay__noise_0.001__seed_2/val_noisy.csv,data/noise_robustness_metric_v2/splits/realistic_decay__noise_0.001__seed_2/test_clean.csv,data/noise_robustness_metric_v2/splits/realistic_decay__noise_0.001__seed_2/train_clean.csv,data/noise_robustness_metric_v2/splits/realistic_decay__noise_0.001__seed_2/val_clean.csv,data/noise_robustness_metric_v2/splits/realistic_decay__noise_0.001__seed_2
129,realistic_decay__noise_0.001__seed_3,realistic_decay,Realistic,realistic_decay_noise_0.001,realistic_decay,exp_trig,exp(-0.25*abs(x1))*sin(x2) + 0.15*x3,x1|x2|x3,x1|x2|x3,0.001,relative_gaussian_y_train_val,3,512,256,1024,0.0006316136374236737,0.0006353537677326377,data/noise_robustness_metric_v2/splits/realistic_decay__noise_0.001__seed_3/train_noisy.csv,data/noise_robustness_metric_v2/splits/realistic_decay__noise_0.001__seed_3/val_noisy.csv,data/noise_robustness_metric_v2/splits/realistic_decay__noise_0.001__seed_3/test_clean.csv,data/noise_robustness_metric_v2/splits/realistic_decay__noise_0.001__seed_3/train_clean.csv,data/noise_robustness_metric_v2/splits/realistic_decay__noise_0.001__seed_3/val_clean.csv,data/noise_robustness_metric_v2/splits/realistic_decay__noise_0.001__seed_3
130,realistic_decay__noise_0.001__seed_4,realistic_decay,Realistic,realistic_decay_noise_0.001,realistic_decay,exp_trig,exp(-0.25*abs(x1))*sin(x2) + 0.15*x3,x1|x2|x3,x1|x2|x3,0.001,relative_gaussian_y_train_val,4,512,256,1024,0.0006371509202834544,0.0006287389194217266,data/noise_robustness_metric_v2/splits/realistic_decay__noise_0.001__seed_4/train_noisy.csv,data/noise_robustness_metric_v2/splits/realistic_decay__noise_0.001__seed_4/val_noisy.csv,data/noise_robustness_metric_v2/splits/realistic_decay__noise_0.001__seed_4/test_clean.csv,data/noise_robustness_metric_v2/splits/realistic_decay__noise_0.001__seed_4/train_clean.csv,data/noise_robustness_metric_v2/splits/realistic_decay__noise_0.001__seed_4/val_clean.csv,data/noise_robustness_metric_v2/splits/realistic_decay__noise_0.001__seed_4
131,realistic_decay__noise_0.01__seed_0,realistic_decay,Realistic,realistic_decay_noise_0.01,realistic_decay,exp_trig,exp(-0.25*abs(x1))*sin(x2) + 0.15*x3,x1|x2|x3,x1|x2|x3,0.01,relative_gaussian_y_train_val,0,512,256,1024,0.006415085158973439,0.006501665397430152,data/noise_robustness_metric_v2/splits/realistic_decay__noise_0.01__seed_0/train_noisy.csv,data/noise_robustness_metric_v2/splits/realistic_decay__noise_0.01__seed_0/val_noisy.csv,data/noise_robustness_metric_v2/splits/realistic_decay__noise_0.01__seed_0/test_clean.csv,data/noise_robustness_metric_v2/splits/realistic_decay__noise_0.01__seed_0/train_clean.csv,data/noise_robustness_metric_v2/splits/realistic_decay__noise_0.01__seed_0/val_clean.csv,data/noise_robustness_metric_v2/splits/realistic_decay__noise_0.01__seed_0
132,realistic_decay__noise_0.01__seed_1,realistic_decay,Realistic,realistic_decay_noise_0.01,realistic_decay,exp_trig,exp(-0.25*abs(x1))*sin(x2) + 0.15*x3,x1|x2|x3,x1|x2|x3,0.01,relative_gaussian_y_train_val,1,512,256,1024,0.006303419129493219,0.006064660154136018,data/noise_robustness_metric_v2/splits/realistic_decay__noise_0.01__seed_1/train_noisy.csv,data/noise_robustness_metric_v2/splits/realistic_decay__noise_0.01__seed_1/val_noisy.csv,data/noise_robustness_metric_v2/splits/realistic_decay__noise_0.01__seed_1/test_clean.csv,data/noise_robustness_metric_v2/splits/realistic_decay__noise_0.01__seed_1/train_clean.csv,data/noise_robustness_metric_v2/splits/realistic_decay__noise_0.01__seed_1/val_clean.csv,data/noise_robustness_metric_v2/splits/realistic_decay__noise_0.01__seed_1
133,realistic_decay__noise_0.01__seed_2,realistic_decay,Realistic,realistic_decay_noise_0.01,realistic_decay,exp_trig,exp(-0.25*abs(x1))*sin(x2) + 0.15*x3,x1|x2|x3,x1|x2|x3,0.01,relative_gaussian_y_train_val,2,512,256,1024,0.006447035687469463,0.00656874318658704,data/noise_robustness_metric_v2/splits/realistic_decay__noise_0.01__seed_2/train_noisy.csv,data/noise_robustness_metric_v2/splits/realistic_decay__noise_0.01__seed_2/val_noisy.csv,data/noise_robustness_metric_v2/splits/realistic_decay__noise_0.01__seed_2/test_clean.csv,data/noise_robustness_metric_v2/splits/realistic_decay__noise_0.01__seed_2/train_clean.csv,data/noise_robustness_metric_v2/splits/realistic_decay__noise_0.01__seed_2/val_clean.csv,data/noise_robustness_metric_v2/splits/realistic_decay__noise_0.01__seed_2
134,realistic_decay__noise_0.01__seed_3,realistic_decay,Realistic,realistic_decay_noise_0.01,realistic_decay,exp_trig,exp(-0.25*abs(x1))*sin(x2) + 0.15*x3,x1|x2|x3,x1|x2|x3,0.01,relative_gaussian_y_train_val,3,512,256,1024,0.006331076935355689,0.006449048759898105,data/noise_robustness_metric_v2/splits/realistic_decay__noise_0.01__seed_3/train_noisy.csv,data/noise_robustness_metric_v2/splits/realistic_decay__noise_0.01__seed_3/val_noisy.csv,data/noise_robustness_metric_v2/splits/realistic_decay__noise_0.01__seed_3/test_clean.csv,data/noise_robustness_metric_v2/splits/realistic_decay__noise_0.01__seed_3/train_clean.csv,data/noise_robustness_metric_v2/splits/realistic_decay__noise_0.01__seed_3/val_clean.csv,data/noise_robustness_metric_v2/splits/realistic_decay__noise_0.01__seed_3
135,realistic_decay__noise_0.01__seed_4,realistic_decay,Realistic,realistic_decay_noise_0.01,realistic_decay,exp_trig,exp(-0.25*abs(x1))*sin(x2) + 0.15*x3,x1|x2|x3,x1|x2|x3,0.01,relative_gaussian_y_train_val,4,512,256,1024,0.006405106849844953,0.006041334903576817,data/noise_robustness_metric_v2/splits/realistic_decay__noise_0.01__seed_4/train_noisy.csv,data/noise_robustness_metric_v2/splits/realistic_decay__noise_0.01__seed_4/val_noisy.csv,data/noise_robustness_metric_v2/splits/realistic_decay__noise_0.01__seed_4/test_clean.csv,data/noise_robustness_metric_v2/splits/realistic_decay__noise_0.01__seed_4/train_clean.csv,data/noise_robustness_metric_v2/splits/realistic_decay__noise_0.01__seed_4/val_clean.csv,data/noise_robustness_metric_v2/splits/realistic_decay__noise_0.01__seed_4
136,realistic_decay__noise_0.1__seed_0,realistic_decay,Realistic,realistic_decay_noise_0.1,realistic_decay,exp_trig,exp(-0.25*abs(x1))*sin(x2) + 0.15*x3,x1|x2|x3,x1|x2|x3,0.1,relative_gaussian_y_train_val,0,512,256,1024,0.06378770790140277,0.06339888752106287,data/noise_robustness_metric_v2/splits/realistic_decay__noise_0.1__seed_0/train_noisy.csv,data/noise_robustness_metric_v2/splits/realistic_decay__noise_0.1__seed_0/val_noisy.csv,data/noise_robustness_metric_v2/splits/realistic_decay__noise_0.1__seed_0/test_clean.csv,data/noise_robustness_metric_v2/splits/realistic_decay__noise_0.1__seed_0/train_clean.csv,data/noise_robustness_metric_v2/splits/realistic_decay__noise_0.1__seed_0/val_clean.csv,data/noise_robustness_metric_v2/splits/realistic_decay__noise_0.1__seed_0
137,realistic_decay__noise_0.1__seed_1,realistic_decay,Realistic,realistic_decay_noise_0.1,realistic_decay,exp_trig,exp(-0.25*abs(x1))*sin(x2) + 0.15*x3,x1|x2|x3,x1|x2|x3,0.1,relative_gaussian_y_train_val,1,512,256,1024,0.06411803951832984,0.06018712856069758,data/noise_robustness_metric_v2/splits/realistic_decay__noise_0.1__seed_1/train_noisy.csv,data/noise_robustness_metric_v2/splits/realistic_decay__noise_0.1__seed_1/val_noisy.csv,data/noise_robustness_metric_v2/splits/realistic_decay__noise_0.1__seed_1/test_clean.csv,data/noise_robustness_metric_v2/splits/realistic_decay__noise_0.1__seed_1/train_clean.csv,data/noise_robustness_metric_v2/splits/realistic_decay__noise_0.1__seed_1/val_clean.csv,data/noise_robustness_metric_v2/splits/realistic_decay__noise_0.1__seed_1
138,realistic_decay__noise_0.1__seed_2,realistic_decay,Realistic,realistic_decay_noise_0.1,realistic_decay,exp_trig,exp(-0.25*abs(x1))*sin(x2) + 0.15*x3,x1|x2|x3,x1|x2|x3,0.1,relative_gaussian_y_train_val,2,512,256,1024,0.06348090107815528,0.06237690953382285,data/noise_robustness_metric_v2/splits/realistic_decay__noise_0.1__seed_2/train_noisy.csv,data/noise_robustness_metric_v2/splits/realistic_decay__noise_0.1__seed_2/val_noisy.csv,data/noise_robustness_metric_v2/splits/realistic_decay__noise_0.1__seed_2/test_clean.csv,data/noise_robustness_metric_v2/splits/realistic_decay__noise_0.1__seed_2/train_clean.csv,data/noise_robustness_metric_v2/splits/realistic_decay__noise_0.1__seed_2/val_clean.csv,data/noise_robustness_metric_v2/splits/realistic_decay__noise_0.1__seed_2
139,realistic_decay__noise_0.1__seed_3,realistic_decay,Realistic,realistic_decay_noise_0.1,realistic_decay,exp_trig,exp(-0.25*abs(x1))*sin(x2) + 0.15*x3,x1|x2|x3,x1|x2|x3,0.1,relative_gaussian_y_train_val,3,512,256,1024,0.06495934372562742,0.06562865848915667,data/noise_robustness_metric_v2/splits/realistic_decay__noise_0.1__seed_3/train_noisy.csv,data/noise_robustness_metric_v2/splits/realistic_decay__noise_0.1__seed_3/val_noisy.csv,data/noise_robustness_metric_v2/splits/realistic_decay__noise_0.1__seed_3/test_clean.csv,data/noise_robustness_metric_v2/splits/realistic_decay__noise_0.1__seed_3/train_clean.csv,data/noise_robustness_metric_v2/splits/realistic_decay__noise_0.1__seed_3/val_clean.csv,data/noise_robustness_metric_v2/splits/realistic_decay__noise_0.1__seed_3
140,realistic_decay__noise_0.1__seed_4,realistic_decay,Realistic,realistic_decay_noise_0.1,realistic_decay,exp_trig,exp(-0.25*abs(x1))*sin(x2) + 0.15*x3,x1|x2|x3,x1|x2|x3,0.1,relative_gaussian_y_train_val,4,512,256,1024,0.06458975972996345,0.06030713076622396,data/noise_robustness_metric_v2/splits/realistic_decay__noise_0.1__seed_4/train_noisy.csv,data/noise_robustness_metric_v2/splits/realistic_decay__noise_0.1__seed_4/val_noisy.csv,data/noise_robustness_metric_v2/splits/realistic_decay__noise_0.1__seed_4/test_clean.csv,data/noise_robustness_metric_v2/splits/realistic_decay__noise_0.1__seed_4/train_clean.csv,data/noise_robustness_metric_v2/splits/realistic_decay__noise_0.1__seed_4/val_clean.csv,data/noise_robustness_metric_v2/splits/realistic_decay__noise_0.1__seed_4
141,realistic_sensor__noise_0__seed_0,realistic_sensor,Realistic,realistic_sensor_noise_0,realistic_sensor,mixed_smooth,log(abs(x1) + 2.0) + 0.35*x2**2 - 0.2*cos(x3),x1|x2|x3,x1|x2|x3,0.0,relative_gaussian_y_train_val,0,512,256,1024,0.0,0.0,data/noise_robustness_metric_v2/splits/realistic_sensor__noise_0__seed_0/train_noisy.csv,data/noise_robustness_metric_v2/splits/realistic_sensor__noise_0__seed_0/val_noisy.csv,data/noise_robustness_metric_v2/splits/realistic_sensor__noise_0__seed_0/test_clean.csv,data/noise_robustness_metric_v2/splits/realistic_sensor__noise_0__seed_0/train_clean.csv,data/noise_robustness_metric_v2/splits/realistic_sensor__noise_0__seed_0/val_clean.csv,data/noise_robustness_metric_v2/splits/realistic_sensor__noise_0__seed_0
142,realistic_sensor__noise_0__seed_1,realistic_sensor,Realistic,realistic_sensor_noise_0,realistic_sensor,mixed_smooth,log(abs(x1) + 2.0) + 0.35*x2**2 - 0.2*cos(x3),x1|x2|x3,x1|x2|x3,0.0,relative_gaussian_y_train_val,1,512,256,1024,0.0,0.0,data/noise_robustness_metric_v2/splits/realistic_sensor__noise_0__seed_1/train_noisy.csv,data/noise_robustness_metric_v2/splits/realistic_sensor__noise_0__seed_1/val_noisy.csv,data/noise_robustness_metric_v2/splits/realistic_sensor__noise_0__seed_1/test_clean.csv,data/noise_robustness_metric_v2/splits/realistic_sensor__noise_0__seed_1/train_clean.csv,data/noise_robustness_metric_v2/splits/realistic_sensor__noise_0__seed_1/val_clean.csv,data/noise_robustness_metric_v2/splits/realistic_sensor__noise_0__seed_1
143,realistic_sensor__noise_0__seed_2,realistic_sensor,Realistic,realistic_sensor_noise_0,realistic_sensor,mixed_smooth,log(abs(x1) + 2.0) + 0.35*x2**2 - 0.2*cos(x3),x1|x2|x3,x1|x2|x3,0.0,relative_gaussian_y_train_val,2,512,256,1024,0.0,0.0,data/noise_robustness_metric_v2/splits/realistic_sensor__noise_0__seed_2/train_noisy.csv,data/noise_robustness_metric_v2/splits/realistic_sensor__noise_0__seed_2/val_noisy.csv,data/noise_robustness_metric_v2/splits/realistic_sensor__noise_0__seed_2/test_clean.csv,data/noise_robustness_metric_v2/splits/realistic_sensor__noise_0__seed_2/train_clean.csv,data/noise_robustness_metric_v2/splits/realistic_sensor__noise_0__seed_2/val_clean.csv,data/noise_robustness_metric_v2/splits/realistic_sensor__noise_0__seed_2
144,realistic_sensor__noise_0__seed_3,realistic_sensor,Realistic,realistic_sensor_noise_0,realistic_sensor,mixed_smooth,log(abs(x1) + 2.0) + 0.35*x2**2 - 0.2*cos(x3),x1|x2|x3,x1|x2|x3,0.0,relative_gaussian_y_train_val,3,512,256,1024,0.0,0.0,data/noise_robustness_metric_v2/splits/realistic_sensor__noise_0__seed_3/train_noisy.csv,data/noise_robustness_metric_v2/splits/realistic_sensor__noise_0__seed_3/val_noisy.csv,data/noise_robustness_metric_v2/splits/realistic_sensor__noise_0__seed_3/test_clean.csv,data/noise_robustness_metric_v2/splits/realistic_sensor__noise_0__seed_3/train_clean.csv,data/noise_robustness_metric_v2/splits/realistic_sensor__noise_0__seed_3/val_clean.csv,data/noise_robustness_metric_v2/splits/realistic_sensor__noise_0__seed_3
145,realistic_sensor__noise_0__seed_4,realistic_sensor,Realistic,realistic_sensor_noise_0,realistic_sensor,mixed_smooth,log(abs(x1) + 2.0) + 0.35*x2**2 - 0.2*cos(x3),x1|x2|x3,x1|x2|x3,0.0,relative_gaussian_y_train_val,4,512,256,1024,0.0,0.0,data/noise_robustness_metric_v2/splits/realistic_sensor__noise_0__seed_4/train_noisy.csv,data/noise_robustness_metric_v2/splits/realistic_sensor__noise_0__seed_4/val_noisy.csv,data/noise_robustness_metric_v2/splits/realistic_sensor__noise_0__seed_4/test_clean.csv,data/noise_robustness_metric_v2/splits/realistic_sensor__noise_0__seed_4/train_clean.csv,data/noise_robustness_metric_v2/splits/realistic_sensor__noise_0__seed_4/val_clean.csv,data/noise_robustness_metric_v2/splits/realistic_sensor__noise_0__seed_4
146,realistic_sensor__noise_0.001__seed_0,realistic_sensor,Realistic,realistic_sensor_noise_0.001,realistic_sensor,mixed_smooth,log(abs(x1) + 2.0) + 0.35*x2**2 - 0.2*cos(x3),x1|x2|x3,x1|x2|x3,0.001,relative_gaussian_y_train_val,0,512,256,1024,0.00047555786227243763,0.0004560641647024292,data/noise_robustness_metric_v2/splits/realistic_sensor__noise_0.001__seed_0/train_noisy.csv,data/noise_robustness_metric_v2/splits/realistic_sensor__noise_0.001__seed_0/val_noisy.csv,data/noise_robustness_metric_v2/splits/realistic_sensor__noise_0.001__seed_0/test_clean.csv,data/noise_robustness_metric_v2/splits/realistic_sensor__noise_0.001__seed_0/train_clean.csv,data/noise_robustness_metric_v2/splits/realistic_sensor__noise_0.001__seed_0/val_clean.csv,data/noise_robustness_metric_v2/splits/realistic_sensor__noise_0.001__seed_0
147,realistic_sensor__noise_0.001__seed_1,realistic_sensor,Realistic,realistic_sensor_noise_0.001,realistic_sensor,mixed_smooth,log(abs(x1) + 2.0) + 0.35*x2**2 - 0.2*cos(x3),x1|x2|x3,x1|x2|x3,0.001,relative_gaussian_y_train_val,1,512,256,1024,0.00045133598734339544,0.00048828121463572024,data/noise_robustness_metric_v2/splits/realistic_sensor__noise_0.001__seed_1/train_noisy.csv,data/noise_robustness_metric_v2/splits/realistic_sensor__noise_0.001__seed_1/val_noisy.csv,data/noise_robustness_metric_v2/splits/realistic_sensor__noise_0.001__seed_1/test_clean.csv,data/noise_robustness_metric_v2/splits/realistic_sensor__noise_0.001__seed_1/train_clean.csv,data/noise_robustness_metric_v2/splits/realistic_sensor__noise_0.001__seed_1/val_clean.csv,data/noise_robustness_metric_v2/splits/realistic_sensor__noise_0.001__seed_1
148,realistic_sensor__noise_0.001__seed_2,realistic_sensor,Realistic,realistic_sensor_noise_0.001,realistic_sensor,mixed_smooth,log(abs(x1) + 2.0) + 0.35*x2**2 - 0.2*cos(x3),x1|x2|x3,x1|x2|x3,0.001,relative_gaussian_y_train_val,2,512,256,1024,0.00047202018684812744,0.00044836195537051614,data/noise_robustness_metric_v2/splits/realistic_sensor__noise_0.001__seed_2/train_noisy.csv,data/noise_robustness_metric_v2/splits/realistic_sensor__noise_0.001__seed_2/val_noisy.csv,data/noise_robustness_metric_v2/splits/realistic_sensor__noise_0.001__seed_2/test_clean.csv,data/noise_robustness_metric_v2/splits/realistic_sensor__noise_0.001__seed_2/train_clean.csv,data/noise_robustness_metric_v2/splits/realistic_sensor__noise_0.001__seed_2/val_clean.csv,data/noise_robustness_metric_v2/splits/realistic_sensor__noise_0.001__seed_2
149,realistic_sensor__noise_0.001__seed_3,realistic_sensor,Realistic,realistic_sensor_noise_0.001,realistic_sensor,mixed_smooth,log(abs(x1) + 2.0) + 0.35*x2**2 - 0.2*cos(x3),x1|x2|x3,x1|x2|x3,0.001,relative_gaussian_y_train_val,3,512,256,1024,0.0004904734450123434,0.00048316457624355375,data/noise_robustness_metric_v2/splits/realistic_sensor__noise_0.001__seed_3/train_noisy.csv,data/noise_robustness_metric_v2/splits/realistic_sensor__noise_0.001__seed_3/val_noisy.csv,data/noise_robustness_metric_v2/splits/realistic_sensor__noise_0.001__seed_3/test_clean.csv,data/noise_robustness_metric_v2/splits/realistic_sensor__noise_0.001__seed_3/train_clean.csv,data/noise_robustness_metric_v2/splits/realistic_sensor__noise_0.001__seed_3/val_clean.csv,data/noise_robustness_metric_v2/splits/realistic_sensor__noise_0.001__seed_3
150,realistic_sensor__noise_0.001__seed_4,realistic_sensor,Realistic,realistic_sensor_noise_0.001,realistic_sensor,mixed_smooth,log(abs(x1) + 2.0) + 0.35*x2**2 - 0.2*cos(x3),x1|x2|x3,x1|x2|x3,0.001,relative_gaussian_y_train_val,4,512,256,1024,0.00047475975772482445,0.00046049046680088547,data/noise_robustness_metric_v2/splits/realistic_sensor__noise_0.001__seed_4/train_noisy.csv,data/noise_robustness_metric_v2/splits/realistic_sensor__noise_0.001__seed_4/val_noisy.csv,data/noise_robustness_metric_v2/splits/realistic_sensor__noise_0.001__seed_4/test_clean.csv,data/noise_robustness_metric_v2/splits/realistic_sensor__noise_0.001__seed_4/train_clean.csv,data/noise_robustness_metric_v2/splits/realistic_sensor__noise_0.001__seed_4/val_clean.csv,data/noise_robustness_metric_v2/splits/realistic_sensor__noise_0.001__seed_4
151,realistic_sensor__noise_0.01__seed_0,realistic_sensor,Realistic,realistic_sensor_noise_0.01,realistic_sensor,mixed_smooth,log(abs(x1) + 2.0) + 0.35*x2**2 - 0.2*cos(x3),x1|x2|x3,x1|x2|x3,0.01,relative_gaussian_y_train_val,0,512,256,1024,0.004723841955031517,0.005053629721522785,data/noise_robustness_metric_v2/splits/realistic_sensor__noise_0.01__seed_0/train_noisy.csv,data/noise_robustness_metric_v2/splits/realistic_sensor__noise_0.01__seed_0/val_noisy.csv,data/noise_robustness_metric_v2/splits/realistic_sensor__noise_0.01__seed_0/test_clean.csv,data/noise_robustness_metric_v2/splits/realistic_sensor__noise_0.01__seed_0/train_clean.csv,data/noise_robustness_metric_v2/splits/realistic_sensor__noise_0.01__seed_0/val_clean.csv,data/noise_robustness_metric_v2/splits/realistic_sensor__noise_0.01__seed_0
152,realistic_sensor__noise_0.01__seed_1,realistic_sensor,Realistic,realistic_sensor_noise_0.01,realistic_sensor,mixed_smooth,log(abs(x1) + 2.0) + 0.35*x2**2 - 0.2*cos(x3),x1|x2|x3,x1|x2|x3,0.01,relative_gaussian_y_train_val,1,512,256,1024,0.0047412511251853804,0.004883289960253793,data/noise_robustness_metric_v2/splits/realistic_sensor__noise_0.01__seed_1/train_noisy.csv,data/noise_robustness_metric_v2/splits/realistic_sensor__noise_0.01__seed_1/val_noisy.csv,data/noise_robustness_metric_v2/splits/realistic_sensor__noise_0.01__seed_1/test_clean.csv,data/noise_robustness_metric_v2/splits/realistic_sensor__noise_0.01__seed_1/train_clean.csv,data/noise_robustness_metric_v2/splits/realistic_sensor__noise_0.01__seed_1/val_clean.csv,data/noise_robustness_metric_v2/splits/realistic_sensor__noise_0.01__seed_1
153,realistic_sensor__noise_0.01__seed_2,realistic_sensor,Realistic,realistic_sensor_noise_0.01,realistic_sensor,mixed_smooth,log(abs(x1) + 2.0) + 0.35*x2**2 - 0.2*cos(x3),x1|x2|x3,x1|x2|x3,0.01,relative_gaussian_y_train_val,2,512,256,1024,0.004771770882851724,0.004862922835687672,data/noise_robustness_metric_v2/splits/realistic_sensor__noise_0.01__seed_2/train_noisy.csv,data/noise_robustness_metric_v2/splits/realistic_sensor__noise_0.01__seed_2/val_noisy.csv,data/noise_robustness_metric_v2/splits/realistic_sensor__noise_0.01__seed_2/test_clean.csv,data/noise_robustness_metric_v2/splits/realistic_sensor__noise_0.01__seed_2/train_clean.csv,data/noise_robustness_metric_v2/splits/realistic_sensor__noise_0.01__seed_2/val_clean.csv,data/noise_robustness_metric_v2/splits/realistic_sensor__noise_0.01__seed_2
154,realistic_sensor__noise_0.01__seed_3,realistic_sensor,Realistic,realistic_sensor_noise_0.01,realistic_sensor,mixed_smooth,log(abs(x1) + 2.0) + 0.35*x2**2 - 0.2*cos(x3),x1|x2|x3,x1|x2|x3,0.01,relative_gaussian_y_train_val,3,512,256,1024,0.004451064239906432,0.0046671874968689095,data/noise_robustness_metric_v2/splits/realistic_sensor__noise_0.01__seed_3/train_noisy.csv,data/noise_robustness_metric_v2/splits/realistic_sensor__noise_0.01__seed_3/val_noisy.csv,data/noise_robustness_metric_v2/splits/realistic_sensor__noise_0.01__seed_3/test_clean.csv,data/noise_robustness_metric_v2/splits/realistic_sensor__noise_0.01__seed_3/train_clean.csv,data/noise_robustness_metric_v2/splits/realistic_sensor__noise_0.01__seed_3/val_clean.csv,data/noise_robustness_metric_v2/splits/realistic_sensor__noise_0.01__seed_3
155,realistic_sensor__noise_0.01__seed_4,realistic_sensor,Realistic,realistic_sensor_noise_0.01,realistic_sensor,mixed_smooth,log(abs(x1) + 2.0) + 0.35*x2**2 - 0.2*cos(x3),x1|x2|x3,x1|x2|x3,0.01,relative_gaussian_y_train_val,4,512,256,1024,0.004767310473739316,0.004605250435210348,data/noise_robustness_metric_v2/splits/realistic_sensor__noise_0.01__seed_4/train_noisy.csv,data/noise_robustness_metric_v2/splits/realistic_sensor__noise_0.01__seed_4/val_noisy.csv,data/noise_robustness_metric_v2/splits/realistic_sensor__noise_0.01__seed_4/test_clean.csv,data/noise_robustness_metric_v2/splits/realistic_sensor__noise_0.01__seed_4/train_clean.csv,data/noise_robustness_metric_v2/splits/realistic_sensor__noise_0.01__seed_4/val_clean.csv,data/noise_robustness_metric_v2/splits/realistic_sensor__noise_0.01__seed_4
156,realistic_sensor__noise_0.1__seed_0,realistic_sensor,Realistic,realistic_sensor_noise_0.1,realistic_sensor,mixed_smooth,log(abs(x1) + 2.0) + 0.35*x2**2 - 0.2*cos(x3),x1|x2|x3,x1|x2|x3,0.1,relative_gaussian_y_train_val,0,512,256,1024,0.04798523060836876,0.04522290318167777,data/noise_robustness_metric_v2/splits/realistic_sensor__noise_0.1__seed_0/train_noisy.csv,data/noise_robustness_metric_v2/splits/realistic_sensor__noise_0.1__seed_0/val_noisy.csv,data/noise_robustness_metric_v2/splits/realistic_sensor__noise_0.1__seed_0/test_clean.csv,data/noise_robustness_metric_v2/splits/realistic_sensor__noise_0.1__seed_0/train_clean.csv,data/noise_robustness_metric_v2/splits/realistic_sensor__noise_0.1__seed_0/val_clean.csv,data/noise_robustness_metric_v2/splits/realistic_sensor__noise_0.1__seed_0
157,realistic_sensor__noise_0.1__seed_1,realistic_sensor,Realistic,realistic_sensor_noise_0.1,realistic_sensor,mixed_smooth,log(abs(x1) + 2.0) + 0.35*x2**2 - 0.2*cos(x3),x1|x2|x3,x1|x2|x3,0.1,relative_gaussian_y_train_val,1,512,256,1024,0.047695149310481834,0.04725579126200453,data/noise_robustness_metric_v2/splits/realistic_sensor__noise_0.1__seed_1/train_noisy.csv,data/noise_robustness_metric_v2/splits/realistic_sensor__noise_0.1__seed_1/val_noisy.csv,data/noise_robustness_metric_v2/splits/realistic_sensor__noise_0.1__seed_1/test_clean.csv,data/noise_robustness_metric_v2/splits/realistic_sensor__noise_0.1__seed_1/train_clean.csv,data/noise_robustness_metric_v2/splits/realistic_sensor__noise_0.1__seed_1/val_clean.csv,data/noise_robustness_metric_v2/splits/realistic_sensor__noise_0.1__seed_1
158,realistic_sensor__noise_0.1__seed_2,realistic_sensor,Realistic,realistic_sensor_noise_0.1,realistic_sensor,mixed_smooth,log(abs(x1) + 2.0) + 0.35*x2**2 - 0.2*cos(x3),x1|x2|x3,x1|x2|x3,0.1,relative_gaussian_y_train_val,2,512,256,1024,0.047378124360873776,0.04732070247063423,data/noise_robustness_metric_v2/splits/realistic_sensor__noise_0.1__seed_2/train_noisy.csv,data/noise_robustness_metric_v2/splits/realistic_sensor__noise_0.1__seed_2/val_noisy.csv,data/noise_robustness_metric_v2/splits/realistic_sensor__noise_0.1__seed_2/test_clean.csv,data/noise_robustness_metric_v2/splits/realistic_sensor__noise_0.1__seed_2/train_clean.csv,data/noise_robustness_metric_v2/splits/realistic_sensor__noise_0.1__seed_2/val_clean.csv,data/noise_robustness_metric_v2/splits/realistic_sensor__noise_0.1__seed_2
159,realistic_sensor__noise_0.1__seed_3,realistic_sensor,Realistic,realistic_sensor_noise_0.1,realistic_sensor,mixed_smooth,log(abs(x1) + 2.0) + 0.35*x2**2 - 0.2*cos(x3),x1|x2|x3,x1|x2|x3,0.1,relative_gaussian_y_train_val,3,512,256,1024,0.0471884497865837,0.046241244390161945,data/noise_robustness_metric_v2/splits/realistic_sensor__noise_0.1__seed_3/train_noisy.csv,data/noise_robustness_metric_v2/splits/realistic_sensor__noise_0.1__seed_3/val_noisy.csv,data/noise_robustness_metric_v2/splits/realistic_sensor__noise_0.1__seed_3/test_clean.csv,data/noise_robustness_metric_v2/splits/realistic_sensor__noise_0.1__seed_3/train_clean.csv,data/noise_robustness_metric_v2/splits/realistic_sensor__noise_0.1__seed_3/val_clean.csv,data/noise_robustness_metric_v2/splits/realistic_sensor__noise_0.1__seed_3
160,realistic_sensor__noise_0.1__seed_4,realistic_sensor,Realistic,realistic_sensor_noise_0.1,realistic_sensor,mixed_smooth,log(abs(x1) + 2.0) + 0.35*x2**2 - 0.2*cos(x3),x1|x2|x3,x1|x2|x3,0.1,relative_gaussian_y_train_val,4,512,256,1024,0.04586211445287172,0.046631953514773145,data/noise_robustness_metric_v2/splits/realistic_sensor__noise_0.1__seed_4/train_noisy.csv,data/noise_robustness_metric_v2/splits/realistic_sensor__noise_0.1__seed_4/val_noisy.csv,data/noise_robustness_metric_v2/splits/realistic_sensor__noise_0.1__seed_4/test_clean.csv,data/noise_robustness_metric_v2/splits/realistic_sensor__noise_0.1__seed_4/train_clean.csv,data/noise_robustness_metric_v2/splits/realistic_sensor__noise_0.1__seed_4/val_clean.csv,data/noise_robustness_metric_v2/splits/realistic_sensor__noise_0.1__seed_4
161,poly_quad_shift_a__noise_0__seed_0,poly_quad_shift_a,Nguyen,poly_quad_shift_a_noise_0,poly_quad_shift_a,polynomial,x1**2 + 0.5*x2 - 0.25,x1|x2,x1|x2,0.0,relative_gaussian_y_train_val,0,512,256,1024,0.0,0.0,data/noise_robustness_metric_v2/splits/poly_quad_shift_a__noise_0__seed_0/train_noisy.csv,data/noise_robustness_metric_v2/splits/poly_quad_shift_a__noise_0__seed_0/val_noisy.csv,data/noise_robustness_metric_v2/splits/poly_quad_shift_a__noise_0__seed_0/test_clean.csv,data/noise_robustness_metric_v2/splits/poly_quad_shift_a__noise_0__seed_0/train_clean.csv,data/noise_robustness_metric_v2/splits/poly_quad_shift_a__noise_0__seed_0/val_clean.csv,data/noise_robustness_metric_v2/splits/poly_quad_shift_a__noise_0__seed_0
162,poly_quad_shift_a__noise_0__seed_1,poly_quad_shift_a,Nguyen,poly_quad_shift_a_noise_0,poly_quad_shift_a,polynomial,x1**2 + 0.5*x2 - 0.25,x1|x2,x1|x2,0.0,relative_gaussian_y_train_val,1,512,256,1024,0.0,0.0,data/noise_robustness_metric_v2/splits/poly_quad_shift_a__noise_0__seed_1/train_noisy.csv,data/noise_robustness_metric_v2/splits/poly_quad_shift_a__noise_0__seed_1/val_noisy.csv,data/noise_robustness_metric_v2/splits/poly_quad_shift_a__noise_0__seed_1/test_clean.csv,data/noise_robustness_metric_v2/splits/poly_quad_shift_a__noise_0__seed_1/train_clean.csv,data/noise_robustness_metric_v2/splits/poly_quad_shift_a__noise_0__seed_1/val_clean.csv,data/noise_robustness_metric_v2/splits/poly_quad_shift_a__noise_0__seed_1
163,poly_quad_shift_a__noise_0__seed_2,poly_quad_shift_a,Nguyen,poly_quad_shift_a_noise_0,poly_quad_shift_a,polynomial,x1**2 + 0.5*x2 - 0.25,x1|x2,x1|x2,0.0,relative_gaussian_y_train_val,2,512,256,1024,0.0,0.0,data/noise_robustness_metric_v2/splits/poly_quad_shift_a__noise_0__seed_2/train_noisy.csv,data/noise_robustness_metric_v2/splits/poly_quad_shift_a__noise_0__seed_2/val_noisy.csv,data/noise_robustness_metric_v2/splits/poly_quad_shift_a__noise_0__seed_2/test_clean.csv,data/noise_robustness_metric_v2/splits/poly_quad_shift_a__noise_0__seed_2/train_clean.csv,data/noise_robustness_metric_v2/splits/poly_quad_shift_a__noise_0__seed_2/val_clean.csv,data/noise_robustness_metric_v2/splits/poly_quad_shift_a__noise_0__seed_2
164,poly_quad_shift_a__noise_0__seed_3,poly_quad_shift_a,Nguyen,poly_quad_shift_a_noise_0,poly_quad_shift_a,polynomial,x1**2 + 0.5*x2 - 0.25,x1|x2,x1|x2,0.0,relative_gaussian_y_train_val,3,512,256,1024,0.0,0.0,data/noise_robustness_metric_v2/splits/poly_quad_shift_a__noise_0__seed_3/train_noisy.csv,data/noise_robustness_metric_v2/splits/poly_quad_shift_a__noise_0__seed_3/val_noisy.csv,data/noise_robustness_metric_v2/splits/poly_quad_shift_a__noise_0__seed_3/test_clean.csv,data/noise_robustness_metric_v2/splits/poly_quad_shift_a__noise_0__seed_3/train_clean.csv,data/noise_robustness_metric_v2/splits/poly_quad_shift_a__noise_0__seed_3/val_clean.csv,data/noise_robustness_metric_v2/splits/poly_quad_shift_a__noise_0__seed_3
165,poly_quad_shift_a__noise_0__seed_4,poly_quad_shift_a,Nguyen,poly_quad_shift_a_noise_0,poly_quad_shift_a,polynomial,x1**2 + 0.5*x2 - 0.25,x1|x2,x1|x2,0.0,relative_gaussian_y_train_val,4,512,256,1024,0.0,0.0,data/noise_robustness_metric_v2/splits/poly_quad_shift_a__noise_0__seed_4/train_noisy.csv,data/noise_robustness_metric_v2/splits/poly_quad_shift_a__noise_0__seed_4/val_noisy.csv,data/noise_robustness_metric_v2/splits/poly_quad_shift_a__noise_0__seed_4/test_clean.csv,data/noise_robustness_metric_v2/splits/poly_quad_shift_a__noise_0__seed_4/train_clean.csv,data/noise_robustness_metric_v2/splits/poly_quad_shift_a__noise_0__seed_4/val_clean.csv,data/noise_robustness_metric_v2/splits/poly_quad_shift_a__noise_0__seed_4
166,poly_quad_shift_a__noise_0.001__seed_0,poly_quad_shift_a,Nguyen,poly_quad_shift_a_noise_0.001,poly_quad_shift_a,polynomial,x1**2 + 0.5*x2 - 0.25,x1|x2,x1|x2,0.001,relative_gaussian_y_train_val,0,512,256,1024,0.00129461579681578,0.0013205572337053582,data/noise_robustness_metric_v2/splits/poly_quad_shift_a__noise_0.001__seed_0/train_noisy.csv,data/noise_robustness_metric_v2/splits/poly_quad_shift_a__noise_0.001__seed_0/val_noisy.csv,data/noise_robustness_metric_v2/splits/poly_quad_shift_a__noise_0.001__seed_0/test_clean.csv,data/noise_robustness_metric_v2/splits/poly_quad_shift_a__noise_0.001__seed_0/train_clean.csv,data/noise_robustness_metric_v2/splits/poly_quad_shift_a__noise_0.001__seed_0/val_clean.csv,data/noise_robustness_metric_v2/splits/poly_quad_shift_a__noise_0.001__seed_0
167,poly_quad_shift_a__noise_0.001__seed_1,poly_quad_shift_a,Nguyen,poly_quad_shift_a_noise_0.001,poly_quad_shift_a,polynomial,x1**2 + 0.5*x2 - 0.25,x1|x2,x1|x2,0.001,relative_gaussian_y_train_val,1,512,256,1024,0.0013338614090706567,0.0013626484013903768,data/noise_robustness_metric_v2/splits/poly_quad_shift_a__noise_0.001__seed_1/train_noisy.csv,data/noise_robustness_metric_v2/splits/poly_quad_shift_a__noise_0.001__seed_1/val_noisy.csv,data/noise_robustness_metric_v2/splits/poly_quad_shift_a__noise_0.001__seed_1/test_clean.csv,data/noise_robustness_metric_v2/splits/poly_quad_shift_a__noise_0.001__seed_1/train_clean.csv,data/noise_robustness_metric_v2/splits/poly_quad_shift_a__noise_0.001__seed_1/val_clean.csv,data/noise_robustness_metric_v2/splits/poly_quad_shift_a__noise_0.001__seed_1
168,poly_quad_shift_a__noise_0.001__seed_2,poly_quad_shift_a,Nguyen,poly_quad_shift_a_noise_0.001,poly_quad_shift_a,polynomial,x1**2 + 0.5*x2 - 0.25,x1|x2,x1|x2,0.001,relative_gaussian_y_train_val,2,512,256,1024,0.00135380870082482,0.0012489803360368017,data/noise_robustness_metric_v2/splits/poly_quad_shift_a__noise_0.001__seed_2/train_noisy.csv,data/noise_robustness_metric_v2/splits/poly_quad_shift_a__noise_0.001__seed_2/val_noisy.csv,data/noise_robustness_metric_v2/splits/poly_quad_shift_a__noise_0.001__seed_2/test_clean.csv,data/noise_robustness_metric_v2/splits/poly_quad_shift_a__noise_0.001__seed_2/train_clean.csv,data/noise_robustness_metric_v2/splits/poly_quad_shift_a__noise_0.001__seed_2/val_clean.csv,data/noise_robustness_metric_v2/splits/poly_quad_shift_a__noise_0.001__seed_2
169,poly_quad_shift_a__noise_0.001__seed_3,poly_quad_shift_a,Nguyen,poly_quad_shift_a_noise_0.001,poly_quad_shift_a,polynomial,x1**2 + 0.5*x2 - 0.25,x1|x2,x1|x2,0.001,relative_gaussian_y_train_val,3,512,256,1024,0.0012969681647943502,0.0013181790580934687,data/noise_robustness_metric_v2/splits/poly_quad_shift_a__noise_0.001__seed_3/train_noisy.csv,data/noise_robustness_metric_v2/splits/poly_quad_shift_a__noise_0.001__seed_3/val_noisy.csv,data/noise_robustness_metric_v2/splits/poly_quad_shift_a__noise_0.001__seed_3/test_clean.csv,data/noise_robustness_metric_v2/splits/poly_quad_shift_a__noise_0.001__seed_3/train_clean.csv,data/noise_robustness_metric_v2/splits/poly_quad_shift_a__noise_0.001__seed_3/val_clean.csv,data/noise_robustness_metric_v2/splits/poly_quad_shift_a__noise_0.001__seed_3
170,poly_quad_shift_a__noise_0.001__seed_4,poly_quad_shift_a,Nguyen,poly_quad_shift_a_noise_0.001,poly_quad_shift_a,polynomial,x1**2 + 0.5*x2 - 0.25,x1|x2,x1|x2,0.001,relative_gaussian_y_train_val,4,512,256,1024,0.00130758690011396,0.0012223473458063427,data/noise_robustness_metric_v2/splits/poly_quad_shift_a__noise_0.001__seed_4/train_noisy.csv,data/noise_robustness_metric_v2/splits/poly_quad_shift_a__noise_0.001__seed_4/val_noisy.csv,data/noise_robustness_metric_v2/splits/poly_quad_shift_a__noise_0.001__seed_4/test_clean.csv,data/noise_robustness_metric_v2/splits/poly_quad_shift_a__noise_0.001__seed_4/train_clean.csv,data/noise_robustness_metric_v2/splits/poly_quad_shift_a__noise_0.001__seed_4/val_clean.csv,data/noise_robustness_metric_v2/splits/poly_quad_shift_a__noise_0.001__seed_4
171,poly_quad_shift_a__noise_0.01__seed_0,poly_quad_shift_a,Nguyen,poly_quad_shift_a_noise_0.01,poly_quad_shift_a,polynomial,x1**2 + 0.5*x2 - 0.25,x1|x2,x1|x2,0.01,relative_gaussian_y_train_val,0,512,256,1024,0.013462896436179516,0.012644047031789556,data/noise_robustness_metric_v2/splits/poly_quad_shift_a__noise_0.01__seed_0/train_noisy.csv,data/noise_robustness_metric_v2/splits/poly_quad_shift_a__noise_0.01__seed_0/val_noisy.csv,data/noise_robustness_metric_v2/splits/poly_quad_shift_a__noise_0.01__seed_0/test_clean.csv,data/noise_robustness_metric_v2/splits/poly_quad_shift_a__noise_0.01__seed_0/train_clean.csv,data/noise_robustness_metric_v2/splits/poly_quad_shift_a__noise_0.01__seed_0/val_clean.csv,data/noise_robustness_metric_v2/splits/poly_quad_shift_a__noise_0.01__seed_0
172,poly_quad_shift_a__noise_0.01__seed_1,poly_quad_shift_a,Nguyen,poly_quad_shift_a_noise_0.01,poly_quad_shift_a,polynomial,x1**2 + 0.5*x2 - 0.25,x1|x2,x1|x2,0.01,relative_gaussian_y_train_val,1,512,256,1024,0.01368864672350606,0.013000741518041406,data/noise_robustness_metric_v2/splits/poly_quad_shift_a__noise_0.01__seed_1/train_noisy.csv,data/noise_robustness_metric_v2/splits/poly_quad_shift_a__noise_0.01__seed_1/val_noisy.csv,data/noise_robustness_metric_v2/splits/poly_quad_shift_a__noise_0.01__seed_1/test_clean.csv,data/noise_robustness_metric_v2/splits/poly_quad_shift_a__noise_0.01__seed_1/train_clean.csv,data/noise_robustness_metric_v2/splits/poly_quad_shift_a__noise_0.01__seed_1/val_clean.csv,data/noise_robustness_metric_v2/splits/poly_quad_shift_a__noise_0.01__seed_1
173,poly_quad_shift_a__noise_0.01__seed_2,poly_quad_shift_a,Nguyen,poly_quad_shift_a_noise_0.01,poly_quad_shift_a,polynomial,x1**2 + 0.5*x2 - 0.25,x1|x2,x1|x2,0.01,relative_gaussian_y_train_val,2,512,256,1024,0.012978243401256953,0.012363839512792508,data/noise_robustness_metric_v2/splits/poly_quad_shift_a__noise_0.01__seed_2/train_noisy.csv,data/noise_robustness_metric_v2/splits/poly_quad_shift_a__noise_0.01__seed_2/val_noisy.csv,data/noise_robustness_metric_v2/splits/poly_quad_shift_a__noise_0.01__seed_2/test_clean.csv,data/noise_robustness_metric_v2/splits/poly_quad_shift_a__noise_0.01__seed_2/train_clean.csv,data/noise_robustness_metric_v2/splits/poly_quad_shift_a__noise_0.01__seed_2/val_clean.csv,data/noise_robustness_metric_v2/splits/poly_quad_shift_a__noise_0.01__seed_2
174,poly_quad_shift_a__noise_0.01__seed_3,poly_quad_shift_a,Nguyen,poly_quad_shift_a_noise_0.01,poly_quad_shift_a,polynomial,x1**2 + 0.5*x2 - 0.25,x1|x2,x1|x2,0.01,relative_gaussian_y_train_val,3,512,256,1024,0.013494388879946728,0.012745287963671423,data/noise_robustness_metric_v2/splits/poly_quad_shift_a__noise_0.01__seed_3/train_noisy.csv,data/noise_robustness_metric_v2/splits/poly_quad_shift_a__noise_0.01__seed_3/val_noisy.csv,data/noise_robustness_metric_v2/splits/poly_quad_shift_a__noise_0.01__seed_3/test_clean.csv,data/noise_robustness_metric_v2/splits/poly_quad_shift_a__noise_0.01__seed_3/train_clean.csv,data/noise_robustness_metric_v2/splits/poly_quad_shift_a__noise_0.01__seed_3/val_clean.csv,data/noise_robustness_metric_v2/splits/poly_quad_shift_a__noise_0.01__seed_3
175,poly_quad_shift_a__noise_0.01__seed_4,poly_quad_shift_a,Nguyen,poly_quad_shift_a_noise_0.01,poly_quad_shift_a,polynomial,x1**2 + 0.5*x2 - 0.25,x1|x2,x1|x2,0.01,relative_gaussian_y_train_val,4,512,256,1024,0.013435729740655527,0.013673959774426123,data/noise_robustness_metric_v2/splits/poly_quad_shift_a__noise_0.01__seed_4/train_noisy.csv,data/noise_robustness_metric_v2/splits/poly_quad_shift_a__noise_0.01__seed_4/val_noisy.csv,data/noise_robustness_metric_v2/splits/poly_quad_shift_a__noise_0.01__seed_4/test_clean.csv,data/noise_robustness_metric_v2/splits/poly_quad_shift_a__noise_0.01__seed_4/train_clean.csv,data/noise_robustness_metric_v2/splits/poly_quad_shift_a__noise_0.01__seed_4/val_clean.csv,data/noise_robustness_metric_v2/splits/poly_quad_shift_a__noise_0.01__seed_4
176,poly_quad_shift_a__noise_0.1__seed_0,poly_quad_shift_a,Nguyen,poly_quad_shift_a_noise_0.1,poly_quad_shift_a,polynomial,x1**2 + 0.5*x2 - 0.25,x1|x2,x1|x2,0.1,relative_gaussian_y_train_val,0,512,256,1024,0.12844456143734492,0.12967302266859315,data/noise_robustness_metric_v2/splits/poly_quad_shift_a__noise_0.1__seed_0/train_noisy.csv,data/noise_robustness_metric_v2/splits/poly_quad_shift_a__noise_0.1__seed_0/val_noisy.csv,data/noise_robustness_metric_v2/splits/poly_quad_shift_a__noise_0.1__seed_0/test_clean.csv,data/noise_robustness_metric_v2/splits/poly_quad_shift_a__noise_0.1__seed_0/train_clean.csv,data/noise_robustness_metric_v2/splits/poly_quad_shift_a__noise_0.1__seed_0/val_clean.csv,data/noise_robustness_metric_v2/splits/poly_quad_shift_a__noise_0.1__seed_0
177,poly_quad_shift_a__noise_0.1__seed_1,poly_quad_shift_a,Nguyen,poly_quad_shift_a_noise_0.1,poly_quad_shift_a,polynomial,x1**2 + 0.5*x2 - 0.25,x1|x2,x1|x2,0.1,relative_gaussian_y_train_val,1,512,256,1024,0.13311004875416432,0.13268076606849757,data/noise_robustness_metric_v2/splits/poly_quad_shift_a__noise_0.1__seed_1/train_noisy.csv,data/noise_robustness_metric_v2/splits/poly_quad_shift_a__noise_0.1__seed_1/val_noisy.csv,data/noise_robustness_metric_v2/splits/poly_quad_shift_a__noise_0.1__seed_1/test_clean.csv,data/noise_robustness_metric_v2/splits/poly_quad_shift_a__noise_0.1__seed_1/train_clean.csv,data/noise_robustness_metric_v2/splits/poly_quad_shift_a__noise_0.1__seed_1/val_clean.csv,data/noise_robustness_metric_v2/splits/poly_quad_shift_a__noise_0.1__seed_1
178,poly_quad_shift_a__noise_0.1__seed_2,poly_quad_shift_a,Nguyen,poly_quad_shift_a_noise_0.1,poly_quad_shift_a,polynomial,x1**2 + 0.5*x2 - 0.25,x1|x2,x1|x2,0.1,relative_gaussian_y_train_val,2,512,256,1024,0.13337073382391704,0.13560968369475254,data/noise_robustness_metric_v2/splits/poly_quad_shift_a__noise_0.1__seed_2/train_noisy.csv,data/noise_robustness_metric_v2/splits/poly_quad_shift_a__noise_0.1__seed_2/val_noisy.csv,data/noise_robustness_metric_v2/splits/poly_quad_shift_a__noise_0.1__seed_2/test_clean.csv,data/noise_robustness_metric_v2/splits/poly_quad_shift_a__noise_0.1__seed_2/train_clean.csv,data/noise_robustness_metric_v2/splits/poly_quad_shift_a__noise_0.1__seed_2/val_clean.csv,data/noise_robustness_metric_v2/splits/poly_quad_shift_a__noise_0.1__seed_2
179,poly_quad_shift_a__noise_0.1__seed_3,poly_quad_shift_a,Nguyen,poly_quad_shift_a_noise_0.1,poly_quad_shift_a,polynomial,x1**2 + 0.5*x2 - 0.25,x1|x2,x1|x2,0.1,relative_gaussian_y_train_val,3,512,256,1024,0.13204723454104117,0.12683399448017887,data/noise_robustness_metric_v2/splits/poly_quad_shift_a__noise_0.1__seed_3/train_noisy.csv,data/noise_robustness_metric_v2/splits/poly_quad_shift_a__noise_0.1__seed_3/val_noisy.csv,data/noise_robustness_metric_v2/splits/poly_quad_shift_a__noise_0.1__seed_3/test_clean.csv,data/noise_robustness_metric_v2/splits/poly_quad_shift_a__noise_0.1__seed_3/train_clean.csv,data/noise_robustness_metric_v2/splits/poly_quad_shift_a__noise_0.1__seed_3/val_clean.csv,data/noise_robustness_metric_v2/splits/poly_quad_shift_a__noise_0.1__seed_3
180,poly_quad_shift_a__noise_0.1__seed_4,poly_quad_shift_a,Nguyen,poly_quad_shift_a_noise_0.1,poly_quad_shift_a,polynomial,x1**2 + 0.5*x2 - 0.25,x1|x2,x1|x2,0.1,relative_gaussian_y_train_val,4,512,256,1024,0.12839921758806647,0.12908850509295788,data/noise_robustness_metric_v2/splits/poly_quad_shift_a__noise_0.1__seed_4/train_noisy.csv,data/noise_robustness_metric_v2/splits/poly_quad_shift_a__noise_0.1__seed_4/val_noisy.csv,data/noise_robustness_metric_v2/splits/poly_quad_shift_a__noise_0.1__seed_4/test_clean.csv,data/noise_robustness_metric_v2/splits/poly_quad_shift_a__noise_0.1__seed_4/train_clean.csv,data/noise_robustness_metric_v2/splits/poly_quad_shift_a__noise_0.1__seed_4/val_clean.csv,data/noise_robustness_metric_v2/splits/poly_quad_shift_a__noise_0.1__seed_4
181,poly_quad_shift_b__noise_0__seed_0,poly_quad_shift_b,Nguyen,poly_quad_shift_b_noise_0,poly_quad_shift_b,polynomial,x2**2 + 0.5*x3 - 0.25,x2|x3,x2|x3,0.0,relative_gaussian_y_train_val,0,512,256,1024,0.0,0.0,data/noise_robustness_metric_v2/splits/poly_quad_shift_b__noise_0__seed_0/train_noisy.csv,data/noise_robustness_metric_v2/splits/poly_quad_shift_b__noise_0__seed_0/val_noisy.csv,data/noise_robustness_metric_v2/splits/poly_quad_shift_b__noise_0__seed_0/test_clean.csv,data/noise_robustness_metric_v2/splits/poly_quad_shift_b__noise_0__seed_0/train_clean.csv,data/noise_robustness_metric_v2/splits/poly_quad_shift_b__noise_0__seed_0/val_clean.csv,data/noise_robustness_metric_v2/splits/poly_quad_shift_b__noise_0__seed_0
182,poly_quad_shift_b__noise_0__seed_1,poly_quad_shift_b,Nguyen,poly_quad_shift_b_noise_0,poly_quad_shift_b,polynomial,x2**2 + 0.5*x3 - 0.25,x2|x3,x2|x3,0.0,relative_gaussian_y_train_val,1,512,256,1024,0.0,0.0,data/noise_robustness_metric_v2/splits/poly_quad_shift_b__noise_0__seed_1/train_noisy.csv,data/noise_robustness_metric_v2/splits/poly_quad_shift_b__noise_0__seed_1/val_noisy.csv,data/noise_robustness_metric_v2/splits/poly_quad_shift_b__noise_0__seed_1/test_clean.csv,data/noise_robustness_metric_v2/splits/poly_quad_shift_b__noise_0__seed_1/train_clean.csv,data/noise_robustness_metric_v2/splits/poly_quad_shift_b__noise_0__seed_1/val_clean.csv,data/noise_robustness_metric_v2/splits/poly_quad_shift_b__noise_0__seed_1
183,poly_quad_shift_b__noise_0__seed_2,poly_quad_shift_b,Nguyen,poly_quad_shift_b_noise_0,poly_quad_shift_b,polynomial,x2**2 + 0.5*x3 - 0.25,x2|x3,x2|x3,0.0,relative_gaussian_y_train_val,2,512,256,1024,0.0,0.0,data/noise_robustness_metric_v2/splits/poly_quad_shift_b__noise_0__seed_2/train_noisy.csv,data/noise_robustness_metric_v2/splits/poly_quad_shift_b__noise_0__seed_2/val_noisy.csv,data/noise_robustness_metric_v2/splits/poly_quad_shift_b__noise_0__seed_2/test_clean.csv,data/noise_robustness_metric_v2/splits/poly_quad_shift_b__noise_0__seed_2/train_clean.csv,data/noise_robustness_metric_v2/splits/poly_quad_shift_b__noise_0__seed_2/val_clean.csv,data/noise_robustness_metric_v2/splits/poly_quad_shift_b__noise_0__seed_2
184,poly_quad_shift_b__noise_0__seed_3,poly_quad_shift_b,Nguyen,poly_quad_shift_b_noise_0,poly_quad_shift_b,polynomial,x2**2 + 0.5*x3 - 0.25,x2|x3,x2|x3,0.0,relative_gaussian_y_train_val,3,512,256,1024,0.0,0.0,data/noise_robustness_metric_v2/splits/poly_quad_shift_b__noise_0__seed_3/train_noisy.csv,data/noise_robustness_metric_v2/splits/poly_quad_shift_b__noise_0__seed_3/val_noisy.csv,data/noise_robustness_metric_v2/splits/poly_quad_shift_b__noise_0__seed_3/test_clean.csv,data/noise_robustness_metric_v2/splits/poly_quad_shift_b__noise_0__seed_3/train_clean.csv,data/noise_robustness_metric_v2/splits/poly_quad_shift_b__noise_0__seed_3/val_clean.csv,data/noise_robustness_metric_v2/splits/poly_quad_shift_b__noise_0__seed_3
185,poly_quad_shift_b__noise_0__seed_4,poly_quad_shift_b,Nguyen,poly_quad_shift_b_noise_0,poly_quad_shift_b,polynomial,x2**2 + 0.5*x3 - 0.25,x2|x3,x2|x3,0.0,relative_gaussian_y_train_val,4,512,256,1024,0.0,0.0,data/noise_robustness_metric_v2/splits/poly_quad_shift_b__noise_0__seed_4/train_noisy.csv,data/noise_robustness_metric_v2/splits/poly_quad_shift_b__noise_0__seed_4/val_noisy.csv,data/noise_robustness_metric_v2/splits/poly_quad_shift_b__noise_0__seed_4/test_clean.csv,data/noise_robustness_metric_v2/splits/poly_quad_shift_b__noise_0__seed_4/train_clean.csv,data/noise_robustness_metric_v2/splits/poly_quad_shift_b__noise_0__seed_4/val_clean.csv,data/noise_robustness_metric_v2/splits/poly_quad_shift_b__noise_0__seed_4
186,poly_quad_shift_b__noise_0.001__seed_0,poly_quad_shift_b,Nguyen,poly_quad_shift_b_noise_0.001,poly_quad_shift_b,polynomial,x2**2 + 0.5*x3 - 0.25,x2|x3,x2|x3,0.001,relative_gaussian_y_train_val,0,512,256,1024,0.0012829225165986308,0.0013248923477525885,data/noise_robustness_metric_v2/splits/poly_quad_shift_b__noise_0.001__seed_0/train_noisy.csv,data/noise_robustness_metric_v2/splits/poly_quad_shift_b__noise_0.001__seed_0/val_noisy.csv,data/noise_robustness_metric_v2/splits/poly_quad_shift_b__noise_0.001__seed_0/test_clean.csv,data/noise_robustness_metric_v2/splits/poly_quad_shift_b__noise_0.001__seed_0/train_clean.csv,data/noise_robustness_metric_v2/splits/poly_quad_shift_b__noise_0.001__seed_0/val_clean.csv,data/noise_robustness_metric_v2/splits/poly_quad_shift_b__noise_0.001__seed_0
187,poly_quad_shift_b__noise_0.001__seed_1,poly_quad_shift_b,Nguyen,poly_quad_shift_b_noise_0.001,poly_quad_shift_b,polynomial,x2**2 + 0.5*x3 - 0.25,x2|x3,x2|x3,0.001,relative_gaussian_y_train_val,1,512,256,1024,0.0013232698094985233,0.0013366065649541075,data/noise_robustness_metric_v2/splits/poly_quad_shift_b__noise_0.001__seed_1/train_noisy.csv,data/noise_robustness_metric_v2/splits/poly_quad_shift_b__noise_0.001__seed_1/val_noisy.csv,data/noise_robustness_metric_v2/splits/poly_quad_shift_b__noise_0.001__seed_1/test_clean.csv,data/noise_robustness_metric_v2/splits/poly_quad_shift_b__noise_0.001__seed_1/train_clean.csv,data/noise_robustness_metric_v2/splits/poly_quad_shift_b__noise_0.001__seed_1/val_clean.csv,data/noise_robustness_metric_v2/splits/poly_quad_shift_b__noise_0.001__seed_1
188,poly_quad_shift_b__noise_0.001__seed_2,poly_quad_shift_b,Nguyen,poly_quad_shift_b_noise_0.001,poly_quad_shift_b,polynomial,x2**2 + 0.5*x3 - 0.25,x2|x3,x2|x3,0.001,relative_gaussian_y_train_val,2,512,256,1024,0.0013384861169101108,0.001334511774648027,data/noise_robustness_metric_v2/splits/poly_quad_shift_b__noise_0.001__seed_2/train_noisy.csv,data/noise_robustness_metric_v2/splits/poly_quad_shift_b__noise_0.001__seed_2/val_noisy.csv,data/noise_robustness_metric_v2/splits/poly_quad_shift_b__noise_0.001__seed_2/test_clean.csv,data/noise_robustness_metric_v2/splits/poly_quad_shift_b__noise_0.001__seed_2/train_clean.csv,data/noise_robustness_metric_v2/splits/poly_quad_shift_b__noise_0.001__seed_2/val_clean.csv,data/noise_robustness_metric_v2/splits/poly_quad_shift_b__noise_0.001__seed_2
189,poly_quad_shift_b__noise_0.001__seed_3,poly_quad_shift_b,Nguyen,poly_quad_shift_b_noise_0.001,poly_quad_shift_b,polynomial,x2**2 + 0.5*x3 - 0.25,x2|x3,x2|x3,0.001,relative_gaussian_y_train_val,3,512,256,1024,0.0012847673406504254,0.0013798757001996318,data/noise_robustness_metric_v2/splits/poly_quad_shift_b__noise_0.001__seed_3/train_noisy.csv,data/noise_robustness_metric_v2/splits/poly_quad_shift_b__noise_0.001__seed_3/val_noisy.csv,data/noise_robustness_metric_v2/splits/poly_quad_shift_b__noise_0.001__seed_3/test_clean.csv,data/noise_robustness_metric_v2/splits/poly_quad_shift_b__noise_0.001__seed_3/train_clean.csv,data/noise_robustness_metric_v2/splits/poly_quad_shift_b__noise_0.001__seed_3/val_clean.csv,data/noise_robustness_metric_v2/splits/poly_quad_shift_b__noise_0.001__seed_3
190,poly_quad_shift_b__noise_0.001__seed_4,poly_quad_shift_b,Nguyen,poly_quad_shift_b_noise_0.001,poly_quad_shift_b,polynomial,x2**2 + 0.5*x3 - 0.25,x2|x3,x2|x3,0.001,relative_gaussian_y_train_val,4,512,256,1024,0.0013203019491147916,0.0013689438695427677,data/noise_robustness_metric_v2/splits/poly_quad_shift_b__noise_0.001__seed_4/train_noisy.csv,data/noise_robustness_metric_v2/splits/poly_quad_shift_b__noise_0.001__seed_4/val_noisy.csv,data/noise_robustness_metric_v2/splits/poly_quad_shift_b__noise_0.001__seed_4/test_clean.csv,data/noise_robustness_metric_v2/splits/poly_quad_shift_b__noise_0.001__seed_4/train_clean.csv,data/noise_robustness_metric_v2/splits/poly_quad_shift_b__noise_0.001__seed_4/val_clean.csv,data/noise_robustness_metric_v2/splits/poly_quad_shift_b__noise_0.001__seed_4
191,poly_quad_shift_b__noise_0.01__seed_0,poly_quad_shift_b,Nguyen,poly_quad_shift_b_noise_0.01,poly_quad_shift_b,polynomial,x2**2 + 0.5*x3 - 0.25,x2|x3,x2|x3,0.01,relative_gaussian_y_train_val,0,512,256,1024,0.01273513888502464,0.012781437781517753,data/noise_robustness_metric_v2/splits/poly_quad_shift_b__noise_0.01__seed_0/train_noisy.csv,data/noise_robustness_metric_v2/splits/poly_quad_shift_b__noise_0.01__seed_0/val_noisy.csv,data/noise_robustness_metric_v2/splits/poly_quad_shift_b__noise_0.01__seed_0/test_clean.csv,data/noise_robustness_metric_v2/splits/poly_quad_shift_b__noise_0.01__seed_0/train_clean.csv,data/noise_robustness_metric_v2/splits/poly_quad_shift_b__noise_0.01__seed_0/val_clean.csv,data/noise_robustness_metric_v2/splits/poly_quad_shift_b__noise_0.01__seed_0
192,poly_quad_shift_b__noise_0.01__seed_1,poly_quad_shift_b,Nguyen,poly_quad_shift_b_noise_0.01,poly_quad_shift_b,polynomial,x2**2 + 0.5*x3 - 0.25,x2|x3,x2|x3,0.01,relative_gaussian_y_train_val,1,512,256,1024,0.013173729572654048,0.012705268913651901,data/noise_robustness_metric_v2/splits/poly_quad_shift_b__noise_0.01__seed_1/train_noisy.csv,data/noise_robustness_metric_v2/splits/poly_quad_shift_b__noise_0.01__seed_1/val_noisy.csv,data/noise_robustness_metric_v2/splits/poly_quad_shift_b__noise_0.01__seed_1/test_clean.csv,data/noise_robustness_metric_v2/splits/poly_quad_shift_b__noise_0.01__seed_1/train_clean.csv,data/noise_robustness_metric_v2/splits/poly_quad_shift_b__noise_0.01__seed_1/val_clean.csv,data/noise_robustness_metric_v2/splits/poly_quad_shift_b__noise_0.01__seed_1
193,poly_quad_shift_b__noise_0.01__seed_2,poly_quad_shift_b,Nguyen,poly_quad_shift_b_noise_0.01,poly_quad_shift_b,polynomial,x2**2 + 0.5*x3 - 0.25,x2|x3,x2|x3,0.01,relative_gaussian_y_train_val,2,512,256,1024,0.012857145875553989,0.012779015839107769,data/noise_robustness_metric_v2/splits/poly_quad_shift_b__noise_0.01__seed_2/train_noisy.csv,data/noise_robustness_metric_v2/splits/poly_quad_shift_b__noise_0.01__seed_2/val_noisy.csv,data/noise_robustness_metric_v2/splits/poly_quad_shift_b__noise_0.01__seed_2/test_clean.csv,data/noise_robustness_metric_v2/splits/poly_quad_shift_b__noise_0.01__seed_2/train_clean.csv,data/noise_robustness_metric_v2/splits/poly_quad_shift_b__noise_0.01__seed_2/val_clean.csv,data/noise_robustness_metric_v2/splits/poly_quad_shift_b__noise_0.01__seed_2
194,poly_quad_shift_b__noise_0.01__seed_3,poly_quad_shift_b,Nguyen,poly_quad_shift_b_noise_0.01,poly_quad_shift_b,polynomial,x2**2 + 0.5*x3 - 0.25,x2|x3,x2|x3,0.01,relative_gaussian_y_train_val,3,512,256,1024,0.013307580781973147,0.012911613237111468,data/noise_robustness_metric_v2/splits/poly_quad_shift_b__noise_0.01__seed_3/train_noisy.csv,data/noise_robustness_metric_v2/splits/poly_quad_shift_b__noise_0.01__seed_3/val_noisy.csv,data/noise_robustness_metric_v2/splits/poly_quad_shift_b__noise_0.01__seed_3/test_clean.csv,data/noise_robustness_metric_v2/splits/poly_quad_shift_b__noise_0.01__seed_3/train_clean.csv,data/noise_robustness_metric_v2/splits/poly_quad_shift_b__noise_0.01__seed_3/val_clean.csv,data/noise_robustness_metric_v2/splits/poly_quad_shift_b__noise_0.01__seed_3
195,poly_quad_shift_b__noise_0.01__seed_4,poly_quad_shift_b,Nguyen,poly_quad_shift_b_noise_0.01,poly_quad_shift_b,polynomial,x2**2 + 0.5*x3 - 0.25,x2|x3,x2|x3,0.01,relative_gaussian_y_train_val,4,512,256,1024,0.013319473038822983,0.01229668213995923,data/noise_robustness_metric_v2/splits/poly_quad_shift_b__noise_0.01__seed_4/train_noisy.csv,data/noise_robustness_metric_v2/splits/poly_quad_shift_b__noise_0.01__seed_4/val_noisy.csv,data/noise_robustness_metric_v2/splits/poly_quad_shift_b__noise_0.01__seed_4/test_clean.csv,data/noise_robustness_metric_v2/splits/poly_quad_shift_b__noise_0.01__seed_4/train_clean.csv,data/noise_robustness_metric_v2/splits/poly_quad_shift_b__noise_0.01__seed_4/val_clean.csv,data/noise_robustness_metric_v2/splits/poly_quad_shift_b__noise_0.01__seed_4
196,poly_quad_shift_b__noise_0.1__seed_0,poly_quad_shift_b,Nguyen,poly_quad_shift_b_noise_0.1,poly_quad_shift_b,polynomial,x2**2 + 0.5*x3 - 0.25,x2|x3,x2|x3,0.1,relative_gaussian_y_train_val,0,512,256,1024,0.12921550869709628,0.13305220209618399,data/noise_robustness_metric_v2/splits/poly_quad_shift_b__noise_0.1__seed_0/train_noisy.csv,data/noise_robustness_metric_v2/splits/poly_quad_shift_b__noise_0.1__seed_0/val_noisy.csv,data/noise_robustness_metric_v2/splits/poly_quad_shift_b__noise_0.1__seed_0/test_clean.csv,data/noise_robustness_metric_v2/splits/poly_quad_shift_b__noise_0.1__seed_0/train_clean.csv,data/noise_robustness_metric_v2/splits/poly_quad_shift_b__noise_0.1__seed_0/val_clean.csv,data/noise_robustness_metric_v2/splits/poly_quad_shift_b__noise_0.1__seed_0
197,poly_quad_shift_b__noise_0.1__seed_1,poly_quad_shift_b,Nguyen,poly_quad_shift_b_noise_0.1,poly_quad_shift_b,polynomial,x2**2 + 0.5*x3 - 0.25,x2|x3,x2|x3,0.1,relative_gaussian_y_train_val,1,512,256,1024,0.13164904737228814,0.13720573229772323,data/noise_robustness_metric_v2/splits/poly_quad_shift_b__noise_0.1__seed_1/train_noisy.csv,data/noise_robustness_metric_v2/splits/poly_quad_shift_b__noise_0.1__seed_1/val_noisy.csv,data/noise_robustness_metric_v2/splits/poly_quad_shift_b__noise_0.1__seed_1/test_clean.csv,data/noise_robustness_metric_v2/splits/poly_quad_shift_b__noise_0.1__seed_1/train_clean.csv,data/noise_robustness_metric_v2/splits/poly_quad_shift_b__noise_0.1__seed_1/val_clean.csv,data/noise_robustness_metric_v2/splits/poly_quad_shift_b__noise_0.1__seed_1
198,poly_quad_shift_b__noise_0.1__seed_2,poly_quad_shift_b,Nguyen,poly_quad_shift_b_noise_0.1,poly_quad_shift_b,polynomial,x2**2 + 0.5*x3 - 0.25,x2|x3,x2|x3,0.1,relative_gaussian_y_train_val,2,512,256,1024,0.134950113629131,0.11923464515566924,data/noise_robustness_metric_v2/splits/poly_quad_shift_b__noise_0.1__seed_2/train_noisy.csv,data/noise_robustness_metric_v2/splits/poly_quad_shift_b__noise_0.1__seed_2/val_noisy.csv,data/noise_robustness_metric_v2/splits/poly_quad_shift_b__noise_0.1__seed_2/test_clean.csv,data/noise_robustness_metric_v2/splits/poly_quad_shift_b__noise_0.1__seed_2/train_clean.csv,data/noise_robustness_metric_v2/splits/poly_quad_shift_b__noise_0.1__seed_2/val_clean.csv,data/noise_robustness_metric_v2/splits/poly_quad_shift_b__noise_0.1__seed_2
199,poly_quad_shift_b__noise_0.1__seed_3,poly_quad_shift_b,Nguyen,poly_quad_shift_b_noise_0.1,poly_quad_shift_b,polynomial,x2**2 + 0.5*x3 - 0.25,x2|x3,x2|x3,0.1,relative_gaussian_y_train_val,3,512,256,1024,0.13345066443352185,0.1354853606521096,data/noise_robustness_metric_v2/splits/poly_quad_shift_b__noise_0.1__seed_3/train_noisy.csv,data/noise_robustness_metric_v2/splits/poly_quad_shift_b__noise_0.1__seed_3/val_noisy.csv,data/noise_robustness_metric_v2/splits/poly_quad_shift_b__noise_0.1__seed_3/test_clean.csv,data/noise_robustness_metric_v2/splits/poly_quad_shift_b__noise_0.1__seed_3/train_clean.csv,data/noise_robustness_metric_v2/splits/poly_quad_shift_b__noise_0.1__seed_3/val_clean.csv,data/noise_robustness_metric_v2/splits/poly_quad_shift_b__noise_0.1__seed_3
200,poly_quad_shift_b__noise_0.1__seed_4,poly_quad_shift_b,Nguyen,poly_quad_shift_b_noise_0.1,poly_quad_shift_b,polynomial,x2**2 + 0.5*x3 - 0.25,x2|x3,x2|x3,0.1,relative_gaussian_y_train_val,4,512,256,1024,0.13420453740131086,0.12409472923367303,data/noise_robustness_metric_v2/splits/poly_quad_shift_b__noise_0.1__seed_4/train_noisy.csv,data/noise_robustness_metric_v2/splits/poly_quad_shift_b__noise_0.1__seed_4/val_noisy.csv,data/noise_robustness_metric_v2/splits/poly_quad_shift_b__noise_0.1__seed_4/test_clean.csv,data/noise_robustness_metric_v2/splits/poly_quad_shift_b__noise_0.1__seed_4/train_clean.csv,data/noise_robustness_metric_v2/splits/poly_quad_shift_b__noise_0.1__seed_4/val_clean.csv,data/noise_robustness_metric_v2/splits/poly_quad_shift_b__noise_0.1__seed_4
201,poly_quad_shift_c__noise_0__seed_0,poly_quad_shift_c,Nguyen,poly_quad_shift_c_noise_0,poly_quad_shift_c,polynomial,x3**2 + 0.5*x3 - 0.25,x3,x3,0.0,relative_gaussian_y_train_val,0,512,256,1024,0.0,0.0,data/noise_robustness_metric_v2/splits/poly_quad_shift_c__noise_0__seed_0/train_noisy.csv,data/noise_robustness_metric_v2/splits/poly_quad_shift_c__noise_0__seed_0/val_noisy.csv,data/noise_robustness_metric_v2/splits/poly_quad_shift_c__noise_0__seed_0/test_clean.csv,data/noise_robustness_metric_v2/splits/poly_quad_shift_c__noise_0__seed_0/train_clean.csv,data/noise_robustness_metric_v2/splits/poly_quad_shift_c__noise_0__seed_0/val_clean.csv,data/noise_robustness_metric_v2/splits/poly_quad_shift_c__noise_0__seed_0
202,poly_quad_shift_c__noise_0__seed_1,poly_quad_shift_c,Nguyen,poly_quad_shift_c_noise_0,poly_quad_shift_c,polynomial,x3**2 + 0.5*x3 - 0.25,x3,x3,0.0,relative_gaussian_y_train_val,1,512,256,1024,0.0,0.0,data/noise_robustness_metric_v2/splits/poly_quad_shift_c__noise_0__seed_1/train_noisy.csv,data/noise_robustness_metric_v2/splits/poly_quad_shift_c__noise_0__seed_1/val_noisy.csv,data/noise_robustness_metric_v2/splits/poly_quad_shift_c__noise_0__seed_1/test_clean.csv,data/noise_robustness_metric_v2/splits/poly_quad_shift_c__noise_0__seed_1/train_clean.csv,data/noise_robustness_metric_v2/splits/poly_quad_shift_c__noise_0__seed_1/val_clean.csv,data/noise_robustness_metric_v2/splits/poly_quad_shift_c__noise_0__seed_1
203,poly_quad_shift_c__noise_0__seed_2,poly_quad_shift_c,Nguyen,poly_quad_shift_c_noise_0,poly_quad_shift_c,polynomial,x3**2 + 0.5*x3 - 0.25,x3,x3,0.0,relative_gaussian_y_train_val,2,512,256,1024,0.0,0.0,data/noise_robustness_metric_v2/splits/poly_quad_shift_c__noise_0__seed_2/train_noisy.csv,data/noise_robustness_metric_v2/splits/poly_quad_shift_c__noise_0__seed_2/val_noisy.csv,data/noise_robustness_metric_v2/splits/poly_quad_shift_c__noise_0__seed_2/test_clean.csv,data/noise_robustness_metric_v2/splits/poly_quad_shift_c__noise_0__seed_2/train_clean.csv,data/noise_robustness_metric_v2/splits/poly_quad_shift_c__noise_0__seed_2/val_clean.csv,data/noise_robustness_metric_v2/splits/poly_quad_shift_c__noise_0__seed_2
204,poly_quad_shift_c__noise_0__seed_3,poly_quad_shift_c,Nguyen,poly_quad_shift_c_noise_0,poly_quad_shift_c,polynomial,x3**2 + 0.5*x3 - 0.25,x3,x3,0.0,relative_gaussian_y_train_val,3,512,256,1024,0.0,0.0,data/noise_robustness_metric_v2/splits/poly_quad_shift_c__noise_0__seed_3/train_noisy.csv,data/noise_robustness_metric_v2/splits/poly_quad_shift_c__noise_0__seed_3/val_noisy.csv,data/noise_robustness_metric_v2/splits/poly_quad_shift_c__noise_0__seed_3/test_clean.csv,data/noise_robustness_metric_v2/splits/poly_quad_shift_c__noise_0__seed_3/train_clean.csv,data/noise_robustness_metric_v2/splits/poly_quad_shift_c__noise_0__seed_3/val_clean.csv,data/noise_robustness_metric_v2/splits/poly_quad_shift_c__noise_0__seed_3
205,poly_quad_shift_c__noise_0__seed_4,poly_quad_shift_c,Nguyen,poly_quad_shift_c_noise_0,poly_quad_shift_c,polynomial,x3**2 + 0.5*x3 - 0.25,x3,x3,0.0,relative_gaussian_y_train_val,4,512,256,1024,0.0,0.0,data/noise_robustness_metric_v2/splits/poly_quad_shift_c__noise_0__seed_4/train_noisy.csv,data/noise_robustness_metric_v2/splits/poly_quad_shift_c__noise_0__seed_4/val_noisy.csv,data/noise_robustness_metric_v2/splits/poly_quad_shift_c__noise_0__seed_4/test_clean.csv,data/noise_robustness_metric_v2/splits/poly_quad_shift_c__noise_0__seed_4/train_clean.csv,data/noise_robustness_metric_v2/splits/poly_quad_shift_c__noise_0__seed_4/val_clean.csv,data/noise_robustness_metric_v2/splits/poly_quad_shift_c__noise_0__seed_4
206,poly_quad_shift_c__noise_0.001__seed_0,poly_quad_shift_c,Nguyen,poly_quad_shift_c_noise_0.001,poly_quad_shift_c,polynomial,x3**2 + 0.5*x3 - 0.25,x3,x3,0.001,relative_gaussian_y_train_val,0,512,256,1024,0.0013108286948151973,0.0013869576185891843,data/noise_robustness_metric_v2/splits/poly_quad_shift_c__noise_0.001__seed_0/train_noisy.csv,data/noise_robustness_metric_v2/splits/poly_quad_shift_c__noise_0.001__seed_0/val_noisy.csv,data/noise_robustness_metric_v2/splits/poly_quad_shift_c__noise_0.001__seed_0/test_clean.csv,data/noise_robustness_metric_v2/splits/poly_quad_shift_c__noise_0.001__seed_0/train_clean.csv,data/noise_robustness_metric_v2/splits/poly_quad_shift_c__noise_0.001__seed_0/val_clean.csv,data/noise_robustness_metric_v2/splits/poly_quad_shift_c__noise_0.001__seed_0
207,poly_quad_shift_c__noise_0.001__seed_1,poly_quad_shift_c,Nguyen,poly_quad_shift_c_noise_0.001,poly_quad_shift_c,polynomial,x3**2 + 0.5*x3 - 0.25,x3,x3,0.001,relative_gaussian_y_train_val,1,512,256,1024,0.0012995058231596679,0.0013251784382331646,data/noise_robustness_metric_v2/splits/poly_quad_shift_c__noise_0.001__seed_1/train_noisy.csv,data/noise_robustness_metric_v2/splits/poly_quad_shift_c__noise_0.001__seed_1/val_noisy.csv,data/noise_robustness_metric_v2/splits/poly_quad_shift_c__noise_0.001__seed_1/test_clean.csv,data/noise_robustness_metric_v2/splits/poly_quad_shift_c__noise_0.001__seed_1/train_clean.csv,data/noise_robustness_metric_v2/splits/poly_quad_shift_c__noise_0.001__seed_1/val_clean.csv,data/noise_robustness_metric_v2/splits/poly_quad_shift_c__noise_0.001__seed_1
208,poly_quad_shift_c__noise_0.001__seed_2,poly_quad_shift_c,Nguyen,poly_quad_shift_c_noise_0.001,poly_quad_shift_c,polynomial,x3**2 + 0.5*x3 - 0.25,x3,x3,0.001,relative_gaussian_y_train_val,2,512,256,1024,0.0013223774874115332,0.0011938062085252435,data/noise_robustness_metric_v2/splits/poly_quad_shift_c__noise_0.001__seed_2/train_noisy.csv,data/noise_robustness_metric_v2/splits/poly_quad_shift_c__noise_0.001__seed_2/val_noisy.csv,data/noise_robustness_metric_v2/splits/poly_quad_shift_c__noise_0.001__seed_2/test_clean.csv,data/noise_robustness_metric_v2/splits/poly_quad_shift_c__noise_0.001__seed_2/train_clean.csv,data/noise_robustness_metric_v2/splits/poly_quad_shift_c__noise_0.001__seed_2/val_clean.csv,data/noise_robustness_metric_v2/splits/poly_quad_shift_c__noise_0.001__seed_2
209,poly_quad_shift_c__noise_0.001__seed_3,poly_quad_shift_c,Nguyen,poly_quad_shift_c_noise_0.001,poly_quad_shift_c,polynomial,x3**2 + 0.5*x3 - 0.25,x3,x3,0.001,relative_gaussian_y_train_val,3,512,256,1024,0.0013306069709317467,0.0013856572585029551,data/noise_robustness_metric_v2/splits/poly_quad_shift_c__noise_0.001__seed_3/train_noisy.csv,data/noise_robustness_metric_v2/splits/poly_quad_shift_c__noise_0.001__seed_3/val_noisy.csv,data/noise_robustness_metric_v2/splits/poly_quad_shift_c__noise_0.001__seed_3/test_clean.csv,data/noise_robustness_metric_v2/splits/poly_quad_shift_c__noise_0.001__seed_3/train_clean.csv,data/noise_robustness_metric_v2/splits/poly_quad_shift_c__noise_0.001__seed_3/val_clean.csv,data/noise_robustness_metric_v2/splits/poly_quad_shift_c__noise_0.001__seed_3
210,poly_quad_shift_c__noise_0.001__seed_4,poly_quad_shift_c,Nguyen,poly_quad_shift_c_noise_0.001,poly_quad_shift_c,polynomial,x3**2 + 0.5*x3 - 0.25,x3,x3,0.001,relative_gaussian_y_train_val,4,512,256,1024,0.0013289092322306126,0.0012645311727196226,data/noise_robustness_metric_v2/splits/poly_quad_shift_c__noise_0.001__seed_4/train_noisy.csv,data/noise_robustness_metric_v2/splits/poly_quad_shift_c__noise_0.001__seed_4/val_noisy.csv,data/noise_robustness_metric_v2/splits/poly_quad_shift_c__noise_0.001__seed_4/test_clean.csv,data/noise_robustness_metric_v2/splits/poly_quad_shift_c__noise_0.001__seed_4/train_clean.csv,data/noise_robustness_metric_v2/splits/poly_quad_shift_c__noise_0.001__seed_4/val_clean.csv,data/noise_robustness_metric_v2/splits/poly_quad_shift_c__noise_0.001__seed_4
211,poly_quad_shift_c__noise_0.01__seed_0,poly_quad_shift_c,Nguyen,poly_quad_shift_c_noise_0.01,poly_quad_shift_c,polynomial,x3**2 + 0.5*x3 - 0.25,x3,x3,0.01,relative_gaussian_y_train_val,0,512,256,1024,0.013514356316104264,0.012626768988793292,data/noise_robustness_metric_v2/splits/poly_quad_shift_c__noise_0.01__seed_0/train_noisy.csv,data/noise_robustness_metric_v2/splits/poly_quad_shift_c__noise_0.01__seed_0/val_noisy.csv,data/noise_robustness_metric_v2/splits/poly_quad_shift_c__noise_0.01__seed_0/test_clean.csv,data/noise_robustness_metric_v2/splits/poly_quad_shift_c__noise_0.01__seed_0/train_clean.csv,data/noise_robustness_metric_v2/splits/poly_quad_shift_c__noise_0.01__seed_0/val_clean.csv,data/noise_robustness_metric_v2/splits/poly_quad_shift_c__noise_0.01__seed_0
212,poly_quad_shift_c__noise_0.01__seed_1,poly_quad_shift_c,Nguyen,poly_quad_shift_c_noise_0.01,poly_quad_shift_c,polynomial,x3**2 + 0.5*x3 - 0.25,x3,x3,0.01,relative_gaussian_y_train_val,1,512,256,1024,0.013253880107183603,0.013837703625940967,data/noise_robustness_metric_v2/splits/poly_quad_shift_c__noise_0.01__seed_1/train_noisy.csv,data/noise_robustness_metric_v2/splits/poly_quad_shift_c__noise_0.01__seed_1/val_noisy.csv,data/noise_robustness_metric_v2/splits/poly_quad_shift_c__noise_0.01__seed_1/test_clean.csv,data/noise_robustness_metric_v2/splits/poly_quad_shift_c__noise_0.01__seed_1/train_clean.csv,data/noise_robustness_metric_v2/splits/poly_quad_shift_c__noise_0.01__seed_1/val_clean.csv,data/noise_robustness_metric_v2/splits/poly_quad_shift_c__noise_0.01__seed_1
213,poly_quad_shift_c__noise_0.01__seed_2,poly_quad_shift_c,Nguyen,poly_quad_shift_c_noise_0.01,poly_quad_shift_c,polynomial,x3**2 + 0.5*x3 - 0.25,x3,x3,0.01,relative_gaussian_y_train_val,2,512,256,1024,0.013457419154787473,0.012100342716305525,data/noise_robustness_metric_v2/splits/poly_quad_shift_c__noise_0.01__seed_2/train_noisy.csv,data/noise_robustness_metric_v2/splits/poly_quad_shift_c__noise_0.01__seed_2/val_noisy.csv,data/noise_robustness_metric_v2/splits/poly_quad_shift_c__noise_0.01__seed_2/test_clean.csv,data/noise_robustness_metric_v2/splits/poly_quad_shift_c__noise_0.01__seed_2/train_clean.csv,data/noise_robustness_metric_v2/splits/poly_quad_shift_c__noise_0.01__seed_2/val_clean.csv,data/noise_robustness_metric_v2/splits/poly_quad_shift_c__noise_0.01__seed_2
214,poly_quad_shift_c__noise_0.01__seed_3,poly_quad_shift_c,Nguyen,poly_quad_shift_c_noise_0.01,poly_quad_shift_c,polynomial,x3**2 + 0.5*x3 - 0.25,x3,x3,0.01,relative_gaussian_y_train_val,3,512,256,1024,0.012799810058248744,0.012827048439405598,data/noise_robustness_metric_v2/splits/poly_quad_shift_c__noise_0.01__seed_3/train_noisy.csv,data/noise_robustness_metric_v2/splits/poly_quad_shift_c__noise_0.01__seed_3/val_noisy.csv,data/noise_robustness_metric_v2/splits/poly_quad_shift_c__noise_0.01__seed_3/test_clean.csv,data/noise_robustness_metric_v2/splits/poly_quad_shift_c__noise_0.01__seed_3/train_clean.csv,data/noise_robustness_metric_v2/splits/poly_quad_shift_c__noise_0.01__seed_3/val_clean.csv,data/noise_robustness_metric_v2/splits/poly_quad_shift_c__noise_0.01__seed_3
215,poly_quad_shift_c__noise_0.01__seed_4,poly_quad_shift_c,Nguyen,poly_quad_shift_c_noise_0.01,poly_quad_shift_c,polynomial,x3**2 + 0.5*x3 - 0.25,x3,x3,0.01,relative_gaussian_y_train_val,4,512,256,1024,0.013669911040414637,0.01233770666951856,data/noise_robustness_metric_v2/splits/poly_quad_shift_c__noise_0.01__seed_4/train_noisy.csv,data/noise_robustness_metric_v2/splits/poly_quad_shift_c__noise_0.01__seed_4/val_noisy.csv,data/noise_robustness_metric_v2/splits/poly_quad_shift_c__noise_0.01__seed_4/test_clean.csv,data/noise_robustness_metric_v2/splits/poly_quad_shift_c__noise_0.01__seed_4/train_clean.csv,data/noise_robustness_metric_v2/splits/poly_quad_shift_c__noise_0.01__seed_4/val_clean.csv,data/noise_robustness_metric_v2/splits/poly_quad_shift_c__noise_0.01__seed_4
216,poly_quad_shift_c__noise_0.1__seed_0,poly_quad_shift_c,Nguyen,poly_quad_shift_c_noise_0.1,poly_quad_shift_c,polynomial,x3**2 + 0.5*x3 - 0.25,x3,x3,0.1,relative_gaussian_y_train_val,0,512,256,1024,0.13142275309150706,0.12128790164907007,data/noise_robustness_metric_v2/splits/poly_quad_shift_c__noise_0.1__seed_0/train_noisy.csv,data/noise_robustness_metric_v2/splits/poly_quad_shift_c__noise_0.1__seed_0/val_noisy.csv,data/noise_robustness_metric_v2/splits/poly_quad_shift_c__noise_0.1__seed_0/test_clean.csv,data/noise_robustness_metric_v2/splits/poly_quad_shift_c__noise_0.1__seed_0/train_clean.csv,data/noise_robustness_metric_v2/splits/poly_quad_shift_c__noise_0.1__seed_0/val_clean.csv,data/noise_robustness_metric_v2/splits/poly_quad_shift_c__noise_0.1__seed_0
217,poly_quad_shift_c__noise_0.1__seed_1,poly_quad_shift_c,Nguyen,poly_quad_shift_c_noise_0.1,poly_quad_shift_c,polynomial,x3**2 + 0.5*x3 - 0.25,x3,x3,0.1,relative_gaussian_y_train_val,1,512,256,1024,0.13269013101514154,0.13374130926089484,data/noise_robustness_metric_v2/splits/poly_quad_shift_c__noise_0.1__seed_1/train_noisy.csv,data/noise_robustness_metric_v2/splits/poly_quad_shift_c__noise_0.1__seed_1/val_noisy.csv,data/noise_robustness_metric_v2/splits/poly_quad_shift_c__noise_0.1__seed_1/test_clean.csv,data/noise_robustness_metric_v2/splits/poly_quad_shift_c__noise_0.1__seed_1/train_clean.csv,data/noise_robustness_metric_v2/splits/poly_quad_shift_c__noise_0.1__seed_1/val_clean.csv,data/noise_robustness_metric_v2/splits/poly_quad_shift_c__noise_0.1__seed_1
218,poly_quad_shift_c__noise_0.1__seed_2,poly_quad_shift_c,Nguyen,poly_quad_shift_c_noise_0.1,poly_quad_shift_c,polynomial,x3**2 + 0.5*x3 - 0.25,x3,x3,0.1,relative_gaussian_y_train_val,2,512,256,1024,0.12334400793190192,0.12743569758937265,data/noise_robustness_metric_v2/splits/poly_quad_shift_c__noise_0.1__seed_2/train_noisy.csv,data/noise_robustness_metric_v2/splits/poly_quad_shift_c__noise_0.1__seed_2/val_noisy.csv,data/noise_robustness_metric_v2/splits/poly_quad_shift_c__noise_0.1__seed_2/test_clean.csv,data/noise_robustness_metric_v2/splits/poly_quad_shift_c__noise_0.1__seed_2/train_clean.csv,data/noise_robustness_metric_v2/splits/poly_quad_shift_c__noise_0.1__seed_2/val_clean.csv,data/noise_robustness_metric_v2/splits/poly_quad_shift_c__noise_0.1__seed_2
219,poly_quad_shift_c__noise_0.1__seed_3,poly_quad_shift_c,Nguyen,poly_quad_shift_c_noise_0.1,poly_quad_shift_c,polynomial,x3**2 + 0.5*x3 - 0.25,x3,x3,0.1,relative_gaussian_y_train_val,3,512,256,1024,0.1298498394358414,0.13175139275570588,data/noise_robustness_metric_v2/splits/poly_quad_shift_c__noise_0.1__seed_3/train_noisy.csv,data/noise_robustness_metric_v2/splits/poly_quad_shift_c__noise_0.1__seed_3/val_noisy.csv,data/noise_robustness_metric_v2/splits/poly_quad_shift_c__noise_0.1__seed_3/test_clean.csv,data/noise_robustness_metric_v2/splits/poly_quad_shift_c__noise_0.1__seed_3/train_clean.csv,data/noise_robustness_metric_v2/splits/poly_quad_shift_c__noise_0.1__seed_3/val_clean.csv,data/noise_robustness_metric_v2/splits/poly_quad_shift_c__noise_0.1__seed_3
220,poly_quad_shift_c__noise_0.1__seed_4,poly_quad_shift_c,Nguyen,poly_quad_shift_c_noise_0.1,poly_quad_shift_c,polynomial,x3**2 + 0.5*x3 - 0.25,x3,x3,0.1,relative_gaussian_y_train_val,4,512,256,1024,0.13614232147507865,0.13005790772187378,data/noise_robustness_metric_v2/splits/poly_quad_shift_c__noise_0.1__seed_4/train_noisy.csv,data/noise_robustness_metric_v2/splits/poly_quad_shift_c__noise_0.1__seed_4/val_noisy.csv,data/noise_robustness_metric_v2/splits/poly_quad_shift_c__noise_0.1__seed_4/test_clean.csv,data/noise_robustness_metric_v2/splits/poly_quad_shift_c__noise_0.1__seed_4/train_clean.csv,data/noise_robustness_metric_v2/splits/poly_quad_shift_c__noise_0.1__seed_4/val_clean.csv,data/noise_robustness_metric_v2/splits/poly_quad_shift_c__noise_0.1__seed_4
221,poly_cubic_mix_a__noise_0__seed_0,poly_cubic_mix_a,Nguyen,poly_cubic_mix_a_noise_0,poly_cubic_mix_a,polynomial,0.5*x1**3 - x2**2 + x1*x2,x1|x2,x1|x2,0.0,relative_gaussian_y_train_val,0,512,256,1024,0.0,0.0,data/noise_robustness_metric_v2/splits/poly_cubic_mix_a__noise_0__seed_0/train_noisy.csv,data/noise_robustness_metric_v2/splits/poly_cubic_mix_a__noise_0__seed_0/val_noisy.csv,data/noise_robustness_metric_v2/splits/poly_cubic_mix_a__noise_0__seed_0/test_clean.csv,data/noise_robustness_metric_v2/splits/poly_cubic_mix_a__noise_0__seed_0/train_clean.csv,data/noise_robustness_metric_v2/splits/poly_cubic_mix_a__noise_0__seed_0/val_clean.csv,data/noise_robustness_metric_v2/splits/poly_cubic_mix_a__noise_0__seed_0
222,poly_cubic_mix_a__noise_0__seed_1,poly_cubic_mix_a,Nguyen,poly_cubic_mix_a_noise_0,poly_cubic_mix_a,polynomial,0.5*x1**3 - x2**2 + x1*x2,x1|x2,x1|x2,0.0,relative_gaussian_y_train_val,1,512,256,1024,0.0,0.0,data/noise_robustness_metric_v2/splits/poly_cubic_mix_a__noise_0__seed_1/train_noisy.csv,data/noise_robustness_metric_v2/splits/poly_cubic_mix_a__noise_0__seed_1/val_noisy.csv,data/noise_robustness_metric_v2/splits/poly_cubic_mix_a__noise_0__seed_1/test_clean.csv,data/noise_robustness_metric_v2/splits/poly_cubic_mix_a__noise_0__seed_1/train_clean.csv,data/noise_robustness_metric_v2/splits/poly_cubic_mix_a__noise_0__seed_1/val_clean.csv,data/noise_robustness_metric_v2/splits/poly_cubic_mix_a__noise_0__seed_1
223,poly_cubic_mix_a__noise_0__seed_2,poly_cubic_mix_a,Nguyen,poly_cubic_mix_a_noise_0,poly_cubic_mix_a,polynomial,0.5*x1**3 - x2**2 + x1*x2,x1|x2,x1|x2,0.0,relative_gaussian_y_train_val,2,512,256,1024,0.0,0.0,data/noise_robustness_metric_v2/splits/poly_cubic_mix_a__noise_0__seed_2/train_noisy.csv,data/noise_robustness_metric_v2/splits/poly_cubic_mix_a__noise_0__seed_2/val_noisy.csv,data/noise_robustness_metric_v2/splits/poly_cubic_mix_a__noise_0__seed_2/test_clean.csv,data/noise_robustness_metric_v2/splits/poly_cubic_mix_a__noise_0__seed_2/train_clean.csv,data/noise_robustness_metric_v2/splits/poly_cubic_mix_a__noise_0__seed_2/val_clean.csv,data/noise_robustness_metric_v2/splits/poly_cubic_mix_a__noise_0__seed_2
224,poly_cubic_mix_a__noise_0__seed_3,poly_cubic_mix_a,Nguyen,poly_cubic_mix_a_noise_0,poly_cubic_mix_a,polynomial,0.5*x1**3 - x2**2 + x1*x2,x1|x2,x1|x2,0.0,relative_gaussian_y_train_val,3,512,256,1024,0.0,0.0,data/noise_robustness_metric_v2/splits/poly_cubic_mix_a__noise_0__seed_3/train_noisy.csv,data/noise_robustness_metric_v2/splits/poly_cubic_mix_a__noise_0__seed_3/val_noisy.csv,data/noise_robustness_metric_v2/splits/poly_cubic_mix_a__noise_0__seed_3/test_clean.csv,data/noise_robustness_metric_v2/splits/poly_cubic_mix_a__noise_0__seed_3/train_clean.csv,data/noise_robustness_metric_v2/splits/poly_cubic_mix_a__noise_0__seed_3/val_clean.csv,data/noise_robustness_metric_v2/splits/poly_cubic_mix_a__noise_0__seed_3
225,poly_cubic_mix_a__noise_0__seed_4,poly_cubic_mix_a,Nguyen,poly_cubic_mix_a_noise_0,poly_cubic_mix_a,polynomial,0.5*x1**3 - x2**2 + x1*x2,x1|x2,x1|x2,0.0,relative_gaussian_y_train_val,4,512,256,1024,0.0,0.0,data/noise_robustness_metric_v2/splits/poly_cubic_mix_a__noise_0__seed_4/train_noisy.csv,data/noise_robustness_metric_v2/splits/poly_cubic_mix_a__noise_0__seed_4/val_noisy.csv,data/noise_robustness_metric_v2/splits/poly_cubic_mix_a__noise_0__seed_4/test_clean.csv,data/noise_robustness_metric_v2/splits/poly_cubic_mix_a__noise_0__seed_4/train_clean.csv,data/noise_robustness_metric_v2/splits/poly_cubic_mix_a__noise_0__seed_4/val_clean.csv,data/noise_robustness_metric_v2/splits/poly_cubic_mix_a__noise_0__seed_4
226,poly_cubic_mix_a__noise_0.001__seed_0,poly_cubic_mix_a,Nguyen,poly_cubic_mix_a_noise_0.001,poly_cubic_mix_a,polynomial,0.5*x1**3 - x2**2 + x1*x2,x1|x2,x1|x2,0.001,relative_gaussian_y_train_val,0,512,256,1024,0.0024127742838527372,0.0024170103441309627,data/noise_robustness_metric_v2/splits/poly_cubic_mix_a__noise_0.001__seed_0/train_noisy.csv,data/noise_robustness_metric_v2/splits/poly_cubic_mix_a__noise_0.001__seed_0/val_noisy.csv,data/noise_robustness_metric_v2/splits/poly_cubic_mix_a__noise_0.001__seed_0/test_clean.csv,data/noise_robustness_metric_v2/splits/poly_cubic_mix_a__noise_0.001__seed_0/train_clean.csv,data/noise_robustness_metric_v2/splits/poly_cubic_mix_a__noise_0.001__seed_0/val_clean.csv,data/noise_robustness_metric_v2/splits/poly_cubic_mix_a__noise_0.001__seed_0
227,poly_cubic_mix_a__noise_0.001__seed_1,poly_cubic_mix_a,Nguyen,poly_cubic_mix_a_noise_0.001,poly_cubic_mix_a,polynomial,0.5*x1**3 - x2**2 + x1*x2,x1|x2,x1|x2,0.001,relative_gaussian_y_train_val,1,512,256,1024,0.002407724985573305,0.002323172124406346,data/noise_robustness_metric_v2/splits/poly_cubic_mix_a__noise_0.001__seed_1/train_noisy.csv,data/noise_robustness_metric_v2/splits/poly_cubic_mix_a__noise_0.001__seed_1/val_noisy.csv,data/noise_robustness_metric_v2/splits/poly_cubic_mix_a__noise_0.001__seed_1/test_clean.csv,data/noise_robustness_metric_v2/splits/poly_cubic_mix_a__noise_0.001__seed_1/train_clean.csv,data/noise_robustness_metric_v2/splits/poly_cubic_mix_a__noise_0.001__seed_1/val_clean.csv,data/noise_robustness_metric_v2/splits/poly_cubic_mix_a__noise_0.001__seed_1
228,poly_cubic_mix_a__noise_0.001__seed_2,poly_cubic_mix_a,Nguyen,poly_cubic_mix_a_noise_0.001,poly_cubic_mix_a,polynomial,0.5*x1**3 - x2**2 + x1*x2,x1|x2,x1|x2,0.001,relative_gaussian_y_train_val,2,512,256,1024,0.00235398206461804,0.0022898739741258915,data/noise_robustness_metric_v2/splits/poly_cubic_mix_a__noise_0.001__seed_2/train_noisy.csv,data/noise_robustness_metric_v2/splits/poly_cubic_mix_a__noise_0.001__seed_2/val_noisy.csv,data/noise_robustness_metric_v2/splits/poly_cubic_mix_a__noise_0.001__seed_2/test_clean.csv,data/noise_robustness_metric_v2/splits/poly_cubic_mix_a__noise_0.001__seed_2/train_clean.csv,data/noise_robustness_metric_v2/splits/poly_cubic_mix_a__noise_0.001__seed_2/val_clean.csv,data/noise_robustness_metric_v2/splits/poly_cubic_mix_a__noise_0.001__seed_2
229,poly_cubic_mix_a__noise_0.001__seed_3,poly_cubic_mix_a,Nguyen,poly_cubic_mix_a_noise_0.001,poly_cubic_mix_a,polynomial,0.5*x1**3 - x2**2 + x1*x2,x1|x2,x1|x2,0.001,relative_gaussian_y_train_val,3,512,256,1024,0.0022906194561856156,0.002395916193790043,data/noise_robustness_metric_v2/splits/poly_cubic_mix_a__noise_0.001__seed_3/train_noisy.csv,data/noise_robustness_metric_v2/splits/poly_cubic_mix_a__noise_0.001__seed_3/val_noisy.csv,data/noise_robustness_metric_v2/splits/poly_cubic_mix_a__noise_0.001__seed_3/test_clean.csv,data/noise_robustness_metric_v2/splits/poly_cubic_mix_a__noise_0.001__seed_3/train_clean.csv,data/noise_robustness_metric_v2/splits/poly_cubic_mix_a__noise_0.001__seed_3/val_clean.csv,data/noise_robustness_metric_v2/splits/poly_cubic_mix_a__noise_0.001__seed_3
230,poly_cubic_mix_a__noise_0.001__seed_4,poly_cubic_mix_a,Nguyen,poly_cubic_mix_a_noise_0.001,poly_cubic_mix_a,polynomial,0.5*x1**3 - x2**2 + x1*x2,x1|x2,x1|x2,0.001,relative_gaussian_y_train_val,4,512,256,1024,0.0022432993498381136,0.00243654848589202,data/noise_robustness_metric_v2/splits/poly_cubic_mix_a__noise_0.001__seed_4/train_noisy.csv,data/noise_robustness_metric_v2/splits/poly_cubic_mix_a__noise_0.001__seed_4/val_noisy.csv,data/noise_robustness_metric_v2/splits/poly_cubic_mix_a__noise_0.001__seed_4/test_clean.csv,data/noise_robustness_metric_v2/splits/poly_cubic_mix_a__noise_0.001__seed_4/train_clean.csv,data/noise_robustness_metric_v2/splits/poly_cubic_mix_a__noise_0.001__seed_4/val_clean.csv,data/noise_robustness_metric_v2/splits/poly_cubic_mix_a__noise_0.001__seed_4
231,poly_cubic_mix_a__noise_0.01__seed_0,poly_cubic_mix_a,Nguyen,poly_cubic_mix_a_noise_0.01,poly_cubic_mix_a,polynomial,0.5*x1**3 - x2**2 + x1*x2,x1|x2,x1|x2,0.01,relative_gaussian_y_train_val,0,512,256,1024,0.02243653939505124,0.024263973861602343,data/noise_robustness_metric_v2/splits/poly_cubic_mix_a__noise_0.01__seed_0/train_noisy.csv,data/noise_robustness_metric_v2/splits/poly_cubic_mix_a__noise_0.01__seed_0/val_noisy.csv,data/noise_robustness_metric_v2/splits/poly_cubic_mix_a__noise_0.01__seed_0/test_clean.csv,data/noise_robustness_metric_v2/splits/poly_cubic_mix_a__noise_0.01__seed_0/train_clean.csv,data/noise_robustness_metric_v2/splits/poly_cubic_mix_a__noise_0.01__seed_0/val_clean.csv,data/noise_robustness_metric_v2/splits/poly_cubic_mix_a__noise_0.01__seed_0
232,poly_cubic_mix_a__noise_0.01__seed_1,poly_cubic_mix_a,Nguyen,poly_cubic_mix_a_noise_0.01,poly_cubic_mix_a,polynomial,0.5*x1**3 - x2**2 + x1*x2,x1|x2,x1|x2,0.01,relative_gaussian_y_train_val,1,512,256,1024,0.022599872555110916,0.024375811069679957,data/noise_robustness_metric_v2/splits/poly_cubic_mix_a__noise_0.01__seed_1/train_noisy.csv,data/noise_robustness_metric_v2/splits/poly_cubic_mix_a__noise_0.01__seed_1/val_noisy.csv,data/noise_robustness_metric_v2/splits/poly_cubic_mix_a__noise_0.01__seed_1/test_clean.csv,data/noise_robustness_metric_v2/splits/poly_cubic_mix_a__noise_0.01__seed_1/train_clean.csv,data/noise_robustness_metric_v2/splits/poly_cubic_mix_a__noise_0.01__seed_1/val_clean.csv,data/noise_robustness_metric_v2/splits/poly_cubic_mix_a__noise_0.01__seed_1
233,poly_cubic_mix_a__noise_0.01__seed_2,poly_cubic_mix_a,Nguyen,poly_cubic_mix_a_noise_0.01,poly_cubic_mix_a,polynomial,0.5*x1**3 - x2**2 + x1*x2,x1|x2,x1|x2,0.01,relative_gaussian_y_train_val,2,512,256,1024,0.022649926929052284,0.022380211682453532,data/noise_robustness_metric_v2/splits/poly_cubic_mix_a__noise_0.01__seed_2/train_noisy.csv,data/noise_robustness_metric_v2/splits/poly_cubic_mix_a__noise_0.01__seed_2/val_noisy.csv,data/noise_robustness_metric_v2/splits/poly_cubic_mix_a__noise_0.01__seed_2/test_clean.csv,data/noise_robustness_metric_v2/splits/poly_cubic_mix_a__noise_0.01__seed_2/train_clean.csv,data/noise_robustness_metric_v2/splits/poly_cubic_mix_a__noise_0.01__seed_2/val_clean.csv,data/noise_robustness_metric_v2/splits/poly_cubic_mix_a__noise_0.01__seed_2
234,poly_cubic_mix_a__noise_0.01__seed_3,poly_cubic_mix_a,Nguyen,poly_cubic_mix_a_noise_0.01,poly_cubic_mix_a,polynomial,0.5*x1**3 - x2**2 + x1*x2,x1|x2,x1|x2,0.01,relative_gaussian_y_train_val,3,512,256,1024,0.022012340274458593,0.023217527624953282,data/noise_robustness_metric_v2/splits/poly_cubic_mix_a__noise_0.01__seed_3/train_noisy.csv,data/noise_robustness_metric_v2/splits/poly_cubic_mix_a__noise_0.01__seed_3/val_noisy.csv,data/noise_robustness_metric_v2/splits/poly_cubic_mix_a__noise_0.01__seed_3/test_clean.csv,data/noise_robustness_metric_v2/splits/poly_cubic_mix_a__noise_0.01__seed_3/train_clean.csv,data/noise_robustness_metric_v2/splits/poly_cubic_mix_a__noise_0.01__seed_3/val_clean.csv,data/noise_robustness_metric_v2/splits/poly_cubic_mix_a__noise_0.01__seed_3
235,poly_cubic_mix_a__noise_0.01__seed_4,poly_cubic_mix_a,Nguyen,poly_cubic_mix_a_noise_0.01,poly_cubic_mix_a,polynomial,0.5*x1**3 - x2**2 + x1*x2,x1|x2,x1|x2,0.01,relative_gaussian_y_train_val,4,512,256,1024,0.020654421866146935,0.0235056821820563,data/noise_robustness_metric_v2/splits/poly_cubic_mix_a__noise_0.01__seed_4/train_noisy.csv,data/noise_robustness_metric_v2/splits/poly_cubic_mix_a__noise_0.01__seed_4/val_noisy.csv,data/noise_robustness_metric_v2/splits/poly_cubic_mix_a__noise_0.01__seed_4/test_clean.csv,data/noise_robustness_metric_v2/splits/poly_cubic_mix_a__noise_0.01__seed_4/train_clean.csv,data/noise_robustness_metric_v2/splits/poly_cubic_mix_a__noise_0.01__seed_4/val_clean.csv,data/noise_robustness_metric_v2/splits/poly_cubic_mix_a__noise_0.01__seed_4
236,poly_cubic_mix_a__noise_0.1__seed_0,poly_cubic_mix_a,Nguyen,poly_cubic_mix_a_noise_0.1,poly_cubic_mix_a,polynomial,0.5*x1**3 - x2**2 + x1*x2,x1|x2,x1|x2,0.1,relative_gaussian_y_train_val,0,512,256,1024,0.23914395462335436,0.2333754234204981,data/noise_robustness_metric_v2/splits/poly_cubic_mix_a__noise_0.1__seed_0/train_noisy.csv,data/noise_robustness_metric_v2/splits/poly_cubic_mix_a__noise_0.1__seed_0/val_noisy.csv,data/noise_robustness_metric_v2/splits/poly_cubic_mix_a__noise_0.1__seed_0/test_clean.csv,data/noise_robustness_metric_v2/splits/poly_cubic_mix_a__noise_0.1__seed_0/train_clean.csv,data/noise_robustness_metric_v2/splits/poly_cubic_mix_a__noise_0.1__seed_0/val_clean.csv,data/noise_robustness_metric_v2/splits/poly_cubic_mix_a__noise_0.1__seed_0
237,poly_cubic_mix_a__noise_0.1__seed_1,poly_cubic_mix_a,Nguyen,poly_cubic_mix_a_noise_0.1,poly_cubic_mix_a,polynomial,0.5*x1**3 - x2**2 + x1*x2,x1|x2,x1|x2,0.1,relative_gaussian_y_train_val,1,512,256,1024,0.22859836523189392,0.2461335096586598,data/noise_robustness_metric_v2/splits/poly_cubic_mix_a__noise_0.1__seed_1/train_noisy.csv,data/noise_robustness_metric_v2/splits/poly_cubic_mix_a__noise_0.1__seed_1/val_noisy.csv,data/noise_robustness_metric_v2/splits/poly_cubic_mix_a__noise_0.1__seed_1/test_clean.csv,data/noise_robustness_metric_v2/splits/poly_cubic_mix_a__noise_0.1__seed_1/train_clean.csv,data/noise_robustness_metric_v2/splits/poly_cubic_mix_a__noise_0.1__seed_1/val_clean.csv,data/noise_robustness_metric_v2/splits/poly_cubic_mix_a__noise_0.1__seed_1
238,poly_cubic_mix_a__noise_0.1__seed_2,poly_cubic_mix_a,Nguyen,poly_cubic_mix_a_noise_0.1,poly_cubic_mix_a,polynomial,0.5*x1**3 - x2**2 + x1*x2,x1|x2,x1|x2,0.1,relative_gaussian_y_train_val,2,512,256,1024,0.23862777217450226,0.2475412388556206,data/noise_robustness_metric_v2/splits/poly_cubic_mix_a__noise_0.1__seed_2/train_noisy.csv,data/noise_robustness_metric_v2/splits/poly_cubic_mix_a__noise_0.1__seed_2/val_noisy.csv,data/noise_robustness_metric_v2/splits/poly_cubic_mix_a__noise_0.1__seed_2/test_clean.csv,data/noise_robustness_metric_v2/splits/poly_cubic_mix_a__noise_0.1__seed_2/train_clean.csv,data/noise_robustness_metric_v2/splits/poly_cubic_mix_a__noise_0.1__seed_2/val_clean.csv,data/noise_robustness_metric_v2/splits/poly_cubic_mix_a__noise_0.1__seed_2
239,poly_cubic_mix_a__noise_0.1__seed_3,poly_cubic_mix_a,Nguyen,poly_cubic_mix_a_noise_0.1,poly_cubic_mix_a,polynomial,0.5*x1**3 - x2**2 + x1*x2,x1|x2,x1|x2,0.1,relative_gaussian_y_train_val,3,512,256,1024,0.23657894134978383,0.21664889584680244,data/noise_robustness_metric_v2/splits/poly_cubic_mix_a__noise_0.1__seed_3/train_noisy.csv,data/noise_robustness_metric_v2/splits/poly_cubic_mix_a__noise_0.1__seed_3/val_noisy.csv,data/noise_robustness_metric_v2/splits/poly_cubic_mix_a__noise_0.1__seed_3/test_clean.csv,data/noise_robustness_metric_v2/splits/poly_cubic_mix_a__noise_0.1__seed_3/train_clean.csv,data/noise_robustness_metric_v2/splits/poly_cubic_mix_a__noise_0.1__seed_3/val_clean.csv,data/noise_robustness_metric_v2/splits/poly_cubic_mix_a__noise_0.1__seed_3
240,poly_cubic_mix_a__noise_0.1__seed_4,poly_cubic_mix_a,Nguyen,poly_cubic_mix_a_noise_0.1,poly_cubic_mix_a,polynomial,0.5*x1**3 - x2**2 + x1*x2,x1|x2,x1|x2,0.1,relative_gaussian_y_train_val,4,512,256,1024,0.23834288413008095,0.2431065636114541,data/noise_robustness_metric_v2/splits/poly_cubic_mix_a__noise_0.1__seed_4/train_noisy.csv,data/noise_robustness_metric_v2/splits/poly_cubic_mix_a__noise_0.1__seed_4/val_noisy.csv,data/noise_robustness_metric_v2/splits/poly_cubic_mix_a__noise_0.1__seed_4/test_clean.csv,data/noise_robustness_metric_v2/splits/poly_cubic_mix_a__noise_0.1__seed_4/train_clean.csv,data/noise_robustness_metric_v2/splits/poly_cubic_mix_a__noise_0.1__seed_4/val_clean.csv,data/noise_robustness_metric_v2/splits/poly_cubic_mix_a__noise_0.1__seed_4
241,poly_cubic_mix_b__noise_0__seed_0,poly_cubic_mix_b,Nguyen,poly_cubic_mix_b_noise_0,poly_cubic_mix_b,polynomial,0.5*x2**3 - x3**2 + x2*x3,x2|x3,x2|x3,0.0,relative_gaussian_y_train_val,0,512,256,1024,0.0,0.0,data/noise_robustness_metric_v2/splits/poly_cubic_mix_b__noise_0__seed_0/train_noisy.csv,data/noise_robustness_metric_v2/splits/poly_cubic_mix_b__noise_0__seed_0/val_noisy.csv,data/noise_robustness_metric_v2/splits/poly_cubic_mix_b__noise_0__seed_0/test_clean.csv,data/noise_robustness_metric_v2/splits/poly_cubic_mix_b__noise_0__seed_0/train_clean.csv,data/noise_robustness_metric_v2/splits/poly_cubic_mix_b__noise_0__seed_0/val_clean.csv,data/noise_robustness_metric_v2/splits/poly_cubic_mix_b__noise_0__seed_0
242,poly_cubic_mix_b__noise_0__seed_1,poly_cubic_mix_b,Nguyen,poly_cubic_mix_b_noise_0,poly_cubic_mix_b,polynomial,0.5*x2**3 - x3**2 + x2*x3,x2|x3,x2|x3,0.0,relative_gaussian_y_train_val,1,512,256,1024,0.0,0.0,data/noise_robustness_metric_v2/splits/poly_cubic_mix_b__noise_0__seed_1/train_noisy.csv,data/noise_robustness_metric_v2/splits/poly_cubic_mix_b__noise_0__seed_1/val_noisy.csv,data/noise_robustness_metric_v2/splits/poly_cubic_mix_b__noise_0__seed_1/test_clean.csv,data/noise_robustness_metric_v2/splits/poly_cubic_mix_b__noise_0__seed_1/train_clean.csv,data/noise_robustness_metric_v2/splits/poly_cubic_mix_b__noise_0__seed_1/val_clean.csv,data/noise_robustness_metric_v2/splits/poly_cubic_mix_b__noise_0__seed_1
243,poly_cubic_mix_b__noise_0__seed_2,poly_cubic_mix_b,Nguyen,poly_cubic_mix_b_noise_0,poly_cubic_mix_b,polynomial,0.5*x2**3 - x3**2 + x2*x3,x2|x3,x2|x3,0.0,relative_gaussian_y_train_val,2,512,256,1024,0.0,0.0,data/noise_robustness_metric_v2/splits/poly_cubic_mix_b__noise_0__seed_2/train_noisy.csv,data/noise_robustness_metric_v2/splits/poly_cubic_mix_b__noise_0__seed_2/val_noisy.csv,data/noise_robustness_metric_v2/splits/poly_cubic_mix_b__noise_0__seed_2/test_clean.csv,data/noise_robustness_metric_v2/splits/poly_cubic_mix_b__noise_0__seed_2/train_clean.csv,data/noise_robustness_metric_v2/splits/poly_cubic_mix_b__noise_0__seed_2/val_clean.csv,data/noise_robustness_metric_v2/splits/poly_cubic_mix_b__noise_0__seed_2
244,poly_cubic_mix_b__noise_0__seed_3,poly_cubic_mix_b,Nguyen,poly_cubic_mix_b_noise_0,poly_cubic_mix_b,polynomial,0.5*x2**3 - x3**2 + x2*x3,x2|x3,x2|x3,0.0,relative_gaussian_y_train_val,3,512,256,1024,0.0,0.0,data/noise_robustness_metric_v2/splits/poly_cubic_mix_b__noise_0__seed_3/train_noisy.csv,data/noise_robustness_metric_v2/splits/poly_cubic_mix_b__noise_0__seed_3/val_noisy.csv,data/noise_robustness_metric_v2/splits/poly_cubic_mix_b__noise_0__seed_3/test_clean.csv,data/noise_robustness_metric_v2/splits/poly_cubic_mix_b__noise_0__seed_3/train_clean.csv,data/noise_robustness_metric_v2/splits/poly_cubic_mix_b__noise_0__seed_3/val_clean.csv,data/noise_robustness_metric_v2/splits/poly_cubic_mix_b__noise_0__seed_3
245,poly_cubic_mix_b__noise_0__seed_4,poly_cubic_mix_b,Nguyen,poly_cubic_mix_b_noise_0,poly_cubic_mix_b,polynomial,0.5*x2**3 - x3**2 + x2*x3,x2|x3,x2|x3,0.0,relative_gaussian_y_train_val,4,512,256,1024,0.0,0.0,data/noise_robustness_metric_v2/splits/poly_cubic_mix_b__noise_0__seed_4/train_noisy.csv,data/noise_robustness_metric_v2/splits/poly_cubic_mix_b__noise_0__seed_4/val_noisy.csv,data/noise_robustness_metric_v2/splits/poly_cubic_mix_b__noise_0__seed_4/test_clean.csv,data/noise_robustness_metric_v2/splits/poly_cubic_mix_b__noise_0__seed_4/train_clean.csv,data/noise_robustness_metric_v2/splits/poly_cubic_mix_b__noise_0__seed_4/val_clean.csv,data/noise_robustness_metric_v2/splits/poly_cubic_mix_b__noise_0__seed_4
246,poly_cubic_mix_b__noise_0.001__seed_0,poly_cubic_mix_b,Nguyen,poly_cubic_mix_b_noise_0.001,poly_cubic_mix_b,polynomial,0.5*x2**3 - x3**2 + x2*x3,x2|x3,x2|x3,0.001,relative_gaussian_y_train_val,0,512,256,1024,0.0024553598013844226,0.0024262138908949537,data/noise_robustness_metric_v2/splits/poly_cubic_mix_b__noise_0.001__seed_0/train_noisy.csv,data/noise_robustness_metric_v2/splits/poly_cubic_mix_b__noise_0.001__seed_0/val_noisy.csv,data/noise_robustness_metric_v2/splits/poly_cubic_mix_b__noise_0.001__seed_0/test_clean.csv,data/noise_robustness_metric_v2/splits/poly_cubic_mix_b__noise_0.001__seed_0/train_clean.csv,data/noise_robustness_metric_v2/splits/poly_cubic_mix_b__noise_0.001__seed_0/val_clean.csv,data/noise_robustness_metric_v2/splits/poly_cubic_mix_b__noise_0.001__seed_0
247,poly_cubic_mix_b__noise_0.001__seed_1,poly_cubic_mix_b,Nguyen,poly_cubic_mix_b_noise_0.001,poly_cubic_mix_b,polynomial,0.5*x2**3 - x3**2 + x2*x3,x2|x3,x2|x3,0.001,relative_gaussian_y_train_val,1,512,256,1024,0.0023296480703699054,0.0023108510436417092,data/noise_robustness_metric_v2/splits/poly_cubic_mix_b__noise_0.001__seed_1/train_noisy.csv,data/noise_robustness_metric_v2/splits/poly_cubic_mix_b__noise_0.001__seed_1/val_noisy.csv,data/noise_robustness_metric_v2/splits/poly_cubic_mix_b__noise_0.001__seed_1/test_clean.csv,data/noise_robustness_metric_v2/splits/poly_cubic_mix_b__noise_0.001__seed_1/train_clean.csv,data/noise_robustness_metric_v2/splits/poly_cubic_mix_b__noise_0.001__seed_1/val_clean.csv,data/noise_robustness_metric_v2/splits/poly_cubic_mix_b__noise_0.001__seed_1
248,poly_cubic_mix_b__noise_0.001__seed_2,poly_cubic_mix_b,Nguyen,poly_cubic_mix_b_noise_0.001,poly_cubic_mix_b,polynomial,0.5*x2**3 - x3**2 + x2*x3,x2|x3,x2|x3,0.001,relative_gaussian_y_train_val,2,512,256,1024,0.0024916724420001755,0.002505578175396668,data/noise_robustness_metric_v2/splits/poly_cubic_mix_b__noise_0.001__seed_2/train_noisy.csv,data/noise_robustness_metric_v2/splits/poly_cubic_mix_b__noise_0.001__seed_2/val_noisy.csv,data/noise_robustness_metric_v2/splits/poly_cubic_mix_b__noise_0.001__seed_2/test_clean.csv,data/noise_robustness_metric_v2/splits/poly_cubic_mix_b__noise_0.001__seed_2/train_clean.csv,data/noise_robustness_metric_v2/splits/poly_cubic_mix_b__noise_0.001__seed_2/val_clean.csv,data/noise_robustness_metric_v2/splits/poly_cubic_mix_b__noise_0.001__seed_2
249,poly_cubic_mix_b__noise_0.001__seed_3,poly_cubic_mix_b,Nguyen,poly_cubic_mix_b_noise_0.001,poly_cubic_mix_b,polynomial,0.5*x2**3 - x3**2 + x2*x3,x2|x3,x2|x3,0.001,relative_gaussian_y_train_val,3,512,256,1024,0.0022747635526542682,0.002422802300013126,data/noise_robustness_metric_v2/splits/poly_cubic_mix_b__noise_0.001__seed_3/train_noisy.csv,data/noise_robustness_metric_v2/splits/poly_cubic_mix_b__noise_0.001__seed_3/val_noisy.csv,data/noise_robustness_metric_v2/splits/poly_cubic_mix_b__noise_0.001__seed_3/test_clean.csv,data/noise_robustness_metric_v2/splits/poly_cubic_mix_b__noise_0.001__seed_3/train_clean.csv,data/noise_robustness_metric_v2/splits/poly_cubic_mix_b__noise_0.001__seed_3/val_clean.csv,data/noise_robustness_metric_v2/splits/poly_cubic_mix_b__noise_0.001__seed_3
250,poly_cubic_mix_b__noise_0.001__seed_4,poly_cubic_mix_b,Nguyen,poly_cubic_mix_b_noise_0.001,poly_cubic_mix_b,polynomial,0.5*x2**3 - x3**2 + x2*x3,x2|x3,x2|x3,0.001,relative_gaussian_y_train_val,4,512,256,1024,0.0022267916143068707,0.0022079740105315146,data/noise_robustness_metric_v2/splits/poly_cubic_mix_b__noise_0.001__seed_4/train_noisy.csv,data/noise_robustness_metric_v2/splits/poly_cubic_mix_b__noise_0.001__seed_4/val_noisy.csv,data/noise_robustness_metric_v2/splits/poly_cubic_mix_b__noise_0.001__seed_4/test_clean.csv,data/noise_robustness_metric_v2/splits/poly_cubic_mix_b__noise_0.001__seed_4/train_clean.csv,data/noise_robustness_metric_v2/splits/poly_cubic_mix_b__noise_0.001__seed_4/val_clean.csv,data/noise_robustness_metric_v2/splits/poly_cubic_mix_b__noise_0.001__seed_4
251,poly_cubic_mix_b__noise_0.01__seed_0,poly_cubic_mix_b,Nguyen,poly_cubic_mix_b_noise_0.01,poly_cubic_mix_b,polynomial,0.5*x2**3 - x3**2 + x2*x3,x2|x3,x2|x3,0.01,relative_gaussian_y_train_val,0,512,256,1024,0.023526534819196927,0.0245661671140888,data/noise_robustness_metric_v2/splits/poly_cubic_mix_b__noise_0.01__seed_0/train_noisy.csv,data/noise_robustness_metric_v2/splits/poly_cubic_mix_b__noise_0.01__seed_0/val_noisy.csv,data/noise_robustness_metric_v2/splits/poly_cubic_mix_b__noise_0.01__seed_0/test_clean.csv,data/noise_robustness_metric_v2/splits/poly_cubic_mix_b__noise_0.01__seed_0/train_clean.csv,data/noise_robustness_metric_v2/splits/poly_cubic_mix_b__noise_0.01__seed_0/val_clean.csv,data/noise_robustness_metric_v2/splits/poly_cubic_mix_b__noise_0.01__seed_0
252,poly_cubic_mix_b__noise_0.01__seed_1,poly_cubic_mix_b,Nguyen,poly_cubic_mix_b_noise_0.01,poly_cubic_mix_b,polynomial,0.5*x2**3 - x3**2 + x2*x3,x2|x3,x2|x3,0.01,relative_gaussian_y_train_val,1,512,256,1024,0.02335753957019765,0.023432017823926295,data/noise_robustness_metric_v2/splits/poly_cubic_mix_b__noise_0.01__seed_1/train_noisy.csv,data/noise_robustness_metric_v2/splits/poly_cubic_mix_b__noise_0.01__seed_1/val_noisy.csv,data/noise_robustness_metric_v2/splits/poly_cubic_mix_b__noise_0.01__seed_1/test_clean.csv,data/noise_robustness_metric_v2/splits/poly_cubic_mix_b__noise_0.01__seed_1/train_clean.csv,data/noise_robustness_metric_v2/splits/poly_cubic_mix_b__noise_0.01__seed_1/val_clean.csv,data/noise_robustness_metric_v2/splits/poly_cubic_mix_b__noise_0.01__seed_1
253,poly_cubic_mix_b__noise_0.01__seed_2,poly_cubic_mix_b,Nguyen,poly_cubic_mix_b_noise_0.01,poly_cubic_mix_b,polynomial,0.5*x2**3 - x3**2 + x2*x3,x2|x3,x2|x3,0.01,relative_gaussian_y_train_val,2,512,256,1024,0.02384050778758338,0.023571627426470503,data/noise_robustness_metric_v2/splits/poly_cubic_mix_b__noise_0.01__seed_2/train_noisy.csv,data/noise_robustness_metric_v2/splits/poly_cubic_mix_b__noise_0.01__seed_2/val_noisy.csv,data/noise_robustness_metric_v2/splits/poly_cubic_mix_b__noise_0.01__seed_2/test_clean.csv,data/noise_robustness_metric_v2/splits/poly_cubic_mix_b__noise_0.01__seed_2/train_clean.csv,data/noise_robustness_metric_v2/splits/poly_cubic_mix_b__noise_0.01__seed_2/val_clean.csv,data/noise_robustness_metric_v2/splits/poly_cubic_mix_b__noise_0.01__seed_2
254,poly_cubic_mix_b__noise_0.01__seed_3,poly_cubic_mix_b,Nguyen,poly_cubic_mix_b_noise_0.01,poly_cubic_mix_b,polynomial,0.5*x2**3 - x3**2 + x2*x3,x2|x3,x2|x3,0.01,relative_gaussian_y_train_val,3,512,256,1024,0.023860945385045122,0.020784175647731672,data/noise_robustness_metric_v2/splits/poly_cubic_mix_b__noise_0.01__seed_3/train_noisy.csv,data/noise_robustness_metric_v2/splits/poly_cubic_mix_b__noise_0.01__seed_3/val_noisy.csv,data/noise_robustness_metric_v2/splits/poly_cubic_mix_b__noise_0.01__seed_3/test_clean.csv,data/noise_robustness_metric_v2/splits/poly_cubic_mix_b__noise_0.01__seed_3/train_clean.csv,data/noise_robustness_metric_v2/splits/poly_cubic_mix_b__noise_0.01__seed_3/val_clean.csv,data/noise_robustness_metric_v2/splits/poly_cubic_mix_b__noise_0.01__seed_3
255,poly_cubic_mix_b__noise_0.01__seed_4,poly_cubic_mix_b,Nguyen,poly_cubic_mix_b_noise_0.01,poly_cubic_mix_b,polynomial,0.5*x2**3 - x3**2 + x2*x3,x2|x3,x2|x3,0.01,relative_gaussian_y_train_val,4,512,256,1024,0.02274290405377947,0.023772674120697505,data/noise_robustness_metric_v2/splits/poly_cubic_mix_b__noise_0.01__seed_4/train_noisy.csv,data/noise_robustness_metric_v2/splits/poly_cubic_mix_b__noise_0.01__seed_4/val_noisy.csv,data/noise_robustness_metric_v2/splits/poly_cubic_mix_b__noise_0.01__seed_4/test_clean.csv,data/noise_robustness_metric_v2/splits/poly_cubic_mix_b__noise_0.01__seed_4/train_clean.csv,data/noise_robustness_metric_v2/splits/poly_cubic_mix_b__noise_0.01__seed_4/val_clean.csv,data/noise_robustness_metric_v2/splits/poly_cubic_mix_b__noise_0.01__seed_4
256,poly_cubic_mix_b__noise_0.1__seed_0,poly_cubic_mix_b,Nguyen,poly_cubic_mix_b_noise_0.1,poly_cubic_mix_b,polynomial,0.5*x2**3 - x3**2 + x2*x3,x2|x3,x2|x3,0.1,relative_gaussian_y_train_val,0,512,256,1024,0.23818986588995394,0.24119347224642113,data/noise_robustness_metric_v2/splits/poly_cubic_mix_b__noise_0.1__seed_0/train_noisy.csv,data/noise_robustness_metric_v2/splits/poly_cubic_mix_b__noise_0.1__seed_0/val_noisy.csv,data/noise_robustness_metric_v2/splits/poly_cubic_mix_b__noise_0.1__seed_0/test_clean.csv,data/noise_robustness_metric_v2/splits/poly_cubic_mix_b__noise_0.1__seed_0/train_clean.csv,data/noise_robustness_metric_v2/splits/poly_cubic_mix_b__noise_0.1__seed_0/val_clean.csv,data/noise_robustness_metric_v2/splits/poly_cubic_mix_b__noise_0.1__seed_0
257,poly_cubic_mix_b__noise_0.1__seed_1,poly_cubic_mix_b,Nguyen,poly_cubic_mix_b_noise_0.1,poly_cubic_mix_b,polynomial,0.5*x2**3 - x3**2 + x2*x3,x2|x3,x2|x3,0.1,relative_gaussian_y_train_val,1,512,256,1024,0.24619532745937375,0.250123028984609,data/noise_robustness_metric_v2/splits/poly_cubic_mix_b__noise_0.1__seed_1/train_noisy.csv,data/noise_robustness_metric_v2/splits/poly_cubic_mix_b__noise_0.1__seed_1/val_noisy.csv,data/noise_robustness_metric_v2/splits/poly_cubic_mix_b__noise_0.1__seed_1/test_clean.csv,data/noise_robustness_metric_v2/splits/poly_cubic_mix_b__noise_0.1__seed_1/train_clean.csv,data/noise_robustness_metric_v2/splits/poly_cubic_mix_b__noise_0.1__seed_1/val_clean.csv,data/noise_robustness_metric_v2/splits/poly_cubic_mix_b__noise_0.1__seed_1
258,poly_cubic_mix_b__noise_0.1__seed_2,poly_cubic_mix_b,Nguyen,poly_cubic_mix_b_noise_0.1,poly_cubic_mix_b,polynomial,0.5*x2**3 - x3**2 + x2*x3,x2|x3,x2|x3,0.1,relative_gaussian_y_train_val,2,512,256,1024,0.23946371631329005,0.21265986506119083,data/noise_robustness_metric_v2/splits/poly_cubic_mix_b__noise_0.1__seed_2/train_noisy.csv,data/noise_robustness_metric_v2/splits/poly_cubic_mix_b__noise_0.1__seed_2/val_noisy.csv,data/noise_robustness_metric_v2/splits/poly_cubic_mix_b__noise_0.1__seed_2/test_clean.csv,data/noise_robustness_metric_v2/splits/poly_cubic_mix_b__noise_0.1__seed_2/train_clean.csv,data/noise_robustness_metric_v2/splits/poly_cubic_mix_b__noise_0.1__seed_2/val_clean.csv,data/noise_robustness_metric_v2/splits/poly_cubic_mix_b__noise_0.1__seed_2
259,poly_cubic_mix_b__noise_0.1__seed_3,poly_cubic_mix_b,Nguyen,poly_cubic_mix_b_noise_0.1,poly_cubic_mix_b,polynomial,0.5*x2**3 - x3**2 + x2*x3,x2|x3,x2|x3,0.1,relative_gaussian_y_train_val,3,512,256,1024,0.22887969551385084,0.1974845399862165,data/noise_robustness_metric_v2/splits/poly_cubic_mix_b__noise_0.1__seed_3/train_noisy.csv,data/noise_robustness_metric_v2/splits/poly_cubic_mix_b__noise_0.1__seed_3/val_noisy.csv,data/noise_robustness_metric_v2/splits/poly_cubic_mix_b__noise_0.1__seed_3/test_clean.csv,data/noise_robustness_metric_v2/splits/poly_cubic_mix_b__noise_0.1__seed_3/train_clean.csv,data/noise_robustness_metric_v2/splits/poly_cubic_mix_b__noise_0.1__seed_3/val_clean.csv,data/noise_robustness_metric_v2/splits/poly_cubic_mix_b__noise_0.1__seed_3
260,poly_cubic_mix_b__noise_0.1__seed_4,poly_cubic_mix_b,Nguyen,poly_cubic_mix_b_noise_0.1,poly_cubic_mix_b,polynomial,0.5*x2**3 - x3**2 + x2*x3,x2|x3,x2|x3,0.1,relative_gaussian_y_train_val,4,512,256,1024,0.22672788517667242,0.23578302015562144,data/noise_robustness_metric_v2/splits/poly_cubic_mix_b__noise_0.1__seed_4/train_noisy.csv,data/noise_robustness_metric_v2/splits/poly_cubic_mix_b__noise_0.1__seed_4/val_noisy.csv,data/noise_robustness_metric_v2/splits/poly_cubic_mix_b__noise_0.1__seed_4/test_clean.csv,data/noise_robustness_metric_v2/splits/poly_cubic_mix_b__noise_0.1__seed_4/train_clean.csv,data/noise_robustness_metric_v2/splits/poly_cubic_mix_b__noise_0.1__seed_4/val_clean.csv,data/noise_robustness_metric_v2/splits/poly_cubic_mix_b__noise_0.1__seed_4
261,poly_cubic_mix_c__noise_0__seed_0,poly_cubic_mix_c,Nguyen,poly_cubic_mix_c_noise_0,poly_cubic_mix_c,polynomial,0.5*x3**3 - x3**2 + x3*x3,x3,x3,0.0,relative_gaussian_y_train_val,0,512,256,1024,0.0,0.0,data/noise_robustness_metric_v2/splits/poly_cubic_mix_c__noise_0__seed_0/train_noisy.csv,data/noise_robustness_metric_v2/splits/poly_cubic_mix_c__noise_0__seed_0/val_noisy.csv,data/noise_robustness_metric_v2/splits/poly_cubic_mix_c__noise_0__seed_0/test_clean.csv,data/noise_robustness_metric_v2/splits/poly_cubic_mix_c__noise_0__seed_0/train_clean.csv,data/noise_robustness_metric_v2/splits/poly_cubic_mix_c__noise_0__seed_0/val_clean.csv,data/noise_robustness_metric_v2/splits/poly_cubic_mix_c__noise_0__seed_0
262,poly_cubic_mix_c__noise_0__seed_1,poly_cubic_mix_c,Nguyen,poly_cubic_mix_c_noise_0,poly_cubic_mix_c,polynomial,0.5*x3**3 - x3**2 + x3*x3,x3,x3,0.0,relative_gaussian_y_train_val,1,512,256,1024,0.0,0.0,data/noise_robustness_metric_v2/splits/poly_cubic_mix_c__noise_0__seed_1/train_noisy.csv,data/noise_robustness_metric_v2/splits/poly_cubic_mix_c__noise_0__seed_1/val_noisy.csv,data/noise_robustness_metric_v2/splits/poly_cubic_mix_c__noise_0__seed_1/test_clean.csv,data/noise_robustness_metric_v2/splits/poly_cubic_mix_c__noise_0__seed_1/train_clean.csv,data/noise_robustness_metric_v2/splits/poly_cubic_mix_c__noise_0__seed_1/val_clean.csv,data/noise_robustness_metric_v2/splits/poly_cubic_mix_c__noise_0__seed_1
263,poly_cubic_mix_c__noise_0__seed_2,poly_cubic_mix_c,Nguyen,poly_cubic_mix_c_noise_0,poly_cubic_mix_c,polynomial,0.5*x3**3 - x3**2 + x3*x3,x3,x3,0.0,relative_gaussian_y_train_val,2,512,256,1024,0.0,0.0,data/noise_robustness_metric_v2/splits/poly_cubic_mix_c__noise_0__seed_2/train_noisy.csv,data/noise_robustness_metric_v2/splits/poly_cubic_mix_c__noise_0__seed_2/val_noisy.csv,data/noise_robustness_metric_v2/splits/poly_cubic_mix_c__noise_0__seed_2/test_clean.csv,data/noise_robustness_metric_v2/splits/poly_cubic_mix_c__noise_0__seed_2/train_clean.csv,data/noise_robustness_metric_v2/splits/poly_cubic_mix_c__noise_0__seed_2/val_clean.csv,data/noise_robustness_metric_v2/splits/poly_cubic_mix_c__noise_0__seed_2
264,poly_cubic_mix_c__noise_0__seed_3,poly_cubic_mix_c,Nguyen,poly_cubic_mix_c_noise_0,poly_cubic_mix_c,polynomial,0.5*x3**3 - x3**2 + x3*x3,x3,x3,0.0,relative_gaussian_y_train_val,3,512,256,1024,0.0,0.0,data/noise_robustness_metric_v2/splits/poly_cubic_mix_c__noise_0__seed_3/train_noisy.csv,data/noise_robustness_metric_v2/splits/poly_cubic_mix_c__noise_0__seed_3/val_noisy.csv,data/noise_robustness_metric_v2/splits/poly_cubic_mix_c__noise_0__seed_3/test_clean.csv,data/noise_robustness_metric_v2/splits/poly_cubic_mix_c__noise_0__seed_3/train_clean.csv,data/noise_robustness_metric_v2/splits/poly_cubic_mix_c__noise_0__seed_3/val_clean.csv,data/noise_robustness_metric_v2/splits/poly_cubic_mix_c__noise_0__seed_3
265,poly_cubic_mix_c__noise_0__seed_4,poly_cubic_mix_c,Nguyen,poly_cubic_mix_c_noise_0,poly_cubic_mix_c,polynomial,0.5*x3**3 - x3**2 + x3*x3,x3,x3,0.0,relative_gaussian_y_train_val,4,512,256,1024,0.0,0.0,data/noise_robustness_metric_v2/splits/poly_cubic_mix_c__noise_0__seed_4/train_noisy.csv,data/noise_robustness_metric_v2/splits/poly_cubic_mix_c__noise_0__seed_4/val_noisy.csv,data/noise_robustness_metric_v2/splits/poly_cubic_mix_c__noise_0__seed_4/test_clean.csv,data/noise_robustness_metric_v2/splits/poly_cubic_mix_c__noise_0__seed_4/train_clean.csv,data/noise_robustness_metric_v2/splits/poly_cubic_mix_c__noise_0__seed_4/val_clean.csv,data/noise_robustness_metric_v2/splits/poly_cubic_mix_c__noise_0__seed_4
266,poly_cubic_mix_c__noise_0.001__seed_0,poly_cubic_mix_c,Nguyen,poly_cubic_mix_c_noise_0.001,poly_cubic_mix_c,polynomial,0.5*x3**3 - x3**2 + x3*x3,x3,x3,0.001,relative_gaussian_y_train_val,0,512,256,1024,0.0015137507564816919,0.0014658686640975861,data/noise_robustness_metric_v2/splits/poly_cubic_mix_c__noise_0.001__seed_0/train_noisy.csv,data/noise_robustness_metric_v2/splits/poly_cubic_mix_c__noise_0.001__seed_0/val_noisy.csv,data/noise_robustness_metric_v2/splits/poly_cubic_mix_c__noise_0.001__seed_0/test_clean.csv,data/noise_robustness_metric_v2/splits/poly_cubic_mix_c__noise_0.001__seed_0/train_clean.csv,data/noise_robustness_metric_v2/splits/poly_cubic_mix_c__noise_0.001__seed_0/val_clean.csv,data/noise_robustness_metric_v2/splits/poly_cubic_mix_c__noise_0.001__seed_0
267,poly_cubic_mix_c__noise_0.001__seed_1,poly_cubic_mix_c,Nguyen,poly_cubic_mix_c_noise_0.001,poly_cubic_mix_c,polynomial,0.5*x3**3 - x3**2 + x3*x3,x3,x3,0.001,relative_gaussian_y_train_val,1,512,256,1024,0.0014866331465041558,0.0015369045811681906,data/noise_robustness_metric_v2/splits/poly_cubic_mix_c__noise_0.001__seed_1/train_noisy.csv,data/noise_robustness_metric_v2/splits/poly_cubic_mix_c__noise_0.001__seed_1/val_noisy.csv,data/noise_robustness_metric_v2/splits/poly_cubic_mix_c__noise_0.001__seed_1/test_clean.csv,data/noise_robustness_metric_v2/splits/poly_cubic_mix_c__noise_0.001__seed_1/train_clean.csv,data/noise_robustness_metric_v2/splits/poly_cubic_mix_c__noise_0.001__seed_1/val_clean.csv,data/noise_robustness_metric_v2/splits/poly_cubic_mix_c__noise_0.001__seed_1
268,poly_cubic_mix_c__noise_0.001__seed_2,poly_cubic_mix_c,Nguyen,poly_cubic_mix_c_noise_0.001,poly_cubic_mix_c,polynomial,0.5*x3**3 - x3**2 + x3*x3,x3,x3,0.001,relative_gaussian_y_train_val,2,512,256,1024,0.0014056986606384462,0.0014037470971379478,data/noise_robustness_metric_v2/splits/poly_cubic_mix_c__noise_0.001__seed_2/train_noisy.csv,data/noise_robustness_metric_v2/splits/poly_cubic_mix_c__noise_0.001__seed_2/val_noisy.csv,data/noise_robustness_metric_v2/splits/poly_cubic_mix_c__noise_0.001__seed_2/test_clean.csv,data/noise_robustness_metric_v2/splits/poly_cubic_mix_c__noise_0.001__seed_2/train_clean.csv,data/noise_robustness_metric_v2/splits/poly_cubic_mix_c__noise_0.001__seed_2/val_clean.csv,data/noise_robustness_metric_v2/splits/poly_cubic_mix_c__noise_0.001__seed_2
269,poly_cubic_mix_c__noise_0.001__seed_3,poly_cubic_mix_c,Nguyen,poly_cubic_mix_c_noise_0.001,poly_cubic_mix_c,polynomial,0.5*x3**3 - x3**2 + x3*x3,x3,x3,0.001,relative_gaussian_y_train_val,3,512,256,1024,0.0015923298731665646,0.0014671113701086808,data/noise_robustness_metric_v2/splits/poly_cubic_mix_c__noise_0.001__seed_3/train_noisy.csv,data/noise_robustness_metric_v2/splits/poly_cubic_mix_c__noise_0.001__seed_3/val_noisy.csv,data/noise_robustness_metric_v2/splits/poly_cubic_mix_c__noise_0.001__seed_3/test_clean.csv,data/noise_robustness_metric_v2/splits/poly_cubic_mix_c__noise_0.001__seed_3/train_clean.csv,data/noise_robustness_metric_v2/splits/poly_cubic_mix_c__noise_0.001__seed_3/val_clean.csv,data/noise_robustness_metric_v2/splits/poly_cubic_mix_c__noise_0.001__seed_3
270,poly_cubic_mix_c__noise_0.001__seed_4,poly_cubic_mix_c,Nguyen,poly_cubic_mix_c_noise_0.001,poly_cubic_mix_c,polynomial,0.5*x3**3 - x3**2 + x3*x3,x3,x3,0.001,relative_gaussian_y_train_val,4,512,256,1024,0.0016008961183237196,0.0016033133643849032,data/noise_robustness_metric_v2/splits/poly_cubic_mix_c__noise_0.001__seed_4/train_noisy.csv,data/noise_robustness_metric_v2/splits/poly_cubic_mix_c__noise_0.001__seed_4/val_noisy.csv,data/noise_robustness_metric_v2/splits/poly_cubic_mix_c__noise_0.001__seed_4/test_clean.csv,data/noise_robustness_metric_v2/splits/poly_cubic_mix_c__noise_0.001__seed_4/train_clean.csv,data/noise_robustness_metric_v2/splits/poly_cubic_mix_c__noise_0.001__seed_4/val_clean.csv,data/noise_robustness_metric_v2/splits/poly_cubic_mix_c__noise_0.001__seed_4
271,poly_cubic_mix_c__noise_0.01__seed_0,poly_cubic_mix_c,Nguyen,poly_cubic_mix_c_noise_0.01,poly_cubic_mix_c,polynomial,0.5*x3**3 - x3**2 + x3*x3,x3,x3,0.01,relative_gaussian_y_train_val,0,512,256,1024,0.015209114002853352,0.014661944061928254,data/noise_robustness_metric_v2/splits/poly_cubic_mix_c__noise_0.01__seed_0/train_noisy.csv,data/noise_robustness_metric_v2/splits/poly_cubic_mix_c__noise_0.01__seed_0/val_noisy.csv,data/noise_robustness_metric_v2/splits/poly_cubic_mix_c__noise_0.01__seed_0/test_clean.csv,data/noise_robustness_metric_v2/splits/poly_cubic_mix_c__noise_0.01__seed_0/train_clean.csv,data/noise_robustness_metric_v2/splits/poly_cubic_mix_c__noise_0.01__seed_0/val_clean.csv,data/noise_robustness_metric_v2/splits/poly_cubic_mix_c__noise_0.01__seed_0
272,poly_cubic_mix_c__noise_0.01__seed_1,poly_cubic_mix_c,Nguyen,poly_cubic_mix_c_noise_0.01,poly_cubic_mix_c,polynomial,0.5*x3**3 - x3**2 + x3*x3,x3,x3,0.01,relative_gaussian_y_train_val,1,512,256,1024,0.014983738089289394,0.014369779548108178,data/noise_robustness_metric_v2/splits/poly_cubic_mix_c__noise_0.01__seed_1/train_noisy.csv,data/noise_robustness_metric_v2/splits/poly_cubic_mix_c__noise_0.01__seed_1/val_noisy.csv,data/noise_robustness_metric_v2/splits/poly_cubic_mix_c__noise_0.01__seed_1/test_clean.csv,data/noise_robustness_metric_v2/splits/poly_cubic_mix_c__noise_0.01__seed_1/train_clean.csv,data/noise_robustness_metric_v2/splits/poly_cubic_mix_c__noise_0.01__seed_1/val_clean.csv,data/noise_robustness_metric_v2/splits/poly_cubic_mix_c__noise_0.01__seed_1
273,poly_cubic_mix_c__noise_0.01__seed_2,poly_cubic_mix_c,Nguyen,poly_cubic_mix_c_noise_0.01,poly_cubic_mix_c,polynomial,0.5*x3**3 - x3**2 + x3*x3,x3,x3,0.01,relative_gaussian_y_train_val,2,512,256,1024,0.014702129851840393,0.014379464887673107,data/noise_robustness_metric_v2/splits/poly_cubic_mix_c__noise_0.01__seed_2/train_noisy.csv,data/noise_robustness_metric_v2/splits/poly_cubic_mix_c__noise_0.01__seed_2/val_noisy.csv,data/noise_robustness_metric_v2/splits/poly_cubic_mix_c__noise_0.01__seed_2/test_clean.csv,data/noise_robustness_metric_v2/splits/poly_cubic_mix_c__noise_0.01__seed_2/train_clean.csv,data/noise_robustness_metric_v2/splits/poly_cubic_mix_c__noise_0.01__seed_2/val_clean.csv,data/noise_robustness_metric_v2/splits/poly_cubic_mix_c__noise_0.01__seed_2
274,poly_cubic_mix_c__noise_0.01__seed_3,poly_cubic_mix_c,Nguyen,poly_cubic_mix_c_noise_0.01,poly_cubic_mix_c,polynomial,0.5*x3**3 - x3**2 + x3*x3,x3,x3,0.01,relative_gaussian_y_train_val,3,512,256,1024,0.014500767330129559,0.01527382714287563,data/noise_robustness_metric_v2/splits/poly_cubic_mix_c__noise_0.01__seed_3/train_noisy.csv,data/noise_robustness_metric_v2/splits/poly_cubic_mix_c__noise_0.01__seed_3/val_noisy.csv,data/noise_robustness_metric_v2/splits/poly_cubic_mix_c__noise_0.01__seed_3/test_clean.csv,data/noise_robustness_metric_v2/splits/poly_cubic_mix_c__noise_0.01__seed_3/train_clean.csv,data/noise_robustness_metric_v2/splits/poly_cubic_mix_c__noise_0.01__seed_3/val_clean.csv,data/noise_robustness_metric_v2/splits/poly_cubic_mix_c__noise_0.01__seed_3
275,poly_cubic_mix_c__noise_0.01__seed_4,poly_cubic_mix_c,Nguyen,poly_cubic_mix_c_noise_0.01,poly_cubic_mix_c,polynomial,0.5*x3**3 - x3**2 + x3*x3,x3,x3,0.01,relative_gaussian_y_train_val,4,512,256,1024,0.014985492263783625,0.01670646134935726,data/noise_robustness_metric_v2/splits/poly_cubic_mix_c__noise_0.01__seed_4/train_noisy.csv,data/noise_robustness_metric_v2/splits/poly_cubic_mix_c__noise_0.01__seed_4/val_noisy.csv,data/noise_robustness_metric_v2/splits/poly_cubic_mix_c__noise_0.01__seed_4/test_clean.csv,data/noise_robustness_metric_v2/splits/poly_cubic_mix_c__noise_0.01__seed_4/train_clean.csv,data/noise_robustness_metric_v2/splits/poly_cubic_mix_c__noise_0.01__seed_4/val_clean.csv,data/noise_robustness_metric_v2/splits/poly_cubic_mix_c__noise_0.01__seed_4
276,poly_cubic_mix_c__noise_0.1__seed_0,poly_cubic_mix_c,Nguyen,poly_cubic_mix_c_noise_0.1,poly_cubic_mix_c,polynomial,0.5*x3**3 - x3**2 + x3*x3,x3,x3,0.1,relative_gaussian_y_train_val,0,512,256,1024,0.14158904192958868,0.144787005371623,data/noise_robustness_metric_v2/splits/poly_cubic_mix_c__noise_0.1__seed_0/train_noisy.csv,data/noise_robustness_metric_v2/splits/poly_cubic_mix_c__noise_0.1__seed_0/val_noisy.csv,data/noise_robustness_metric_v2/splits/poly_cubic_mix_c__noise_0.1__seed_0/test_clean.csv,data/noise_robustness_metric_v2/splits/poly_cubic_mix_c__noise_0.1__seed_0/train_clean.csv,data/noise_robustness_metric_v2/splits/poly_cubic_mix_c__noise_0.1__seed_0/val_clean.csv,data/noise_robustness_metric_v2/splits/poly_cubic_mix_c__noise_0.1__seed_0
277,poly_cubic_mix_c__noise_0.1__seed_1,poly_cubic_mix_c,Nguyen,poly_cubic_mix_c_noise_0.1,poly_cubic_mix_c,polynomial,0.5*x3**3 - x3**2 + x3*x3,x3,x3,0.1,relative_gaussian_y_train_val,1,512,256,1024,0.15369328511360567,0.14863173882453318,data/noise_robustness_metric_v2/splits/poly_cubic_mix_c__noise_0.1__seed_1/train_noisy.csv,data/noise_robustness_metric_v2/splits/poly_cubic_mix_c__noise_0.1__seed_1/val_noisy.csv,data/noise_robustness_metric_v2/splits/poly_cubic_mix_c__noise_0.1__seed_1/test_clean.csv,data/noise_robustness_metric_v2/splits/poly_cubic_mix_c__noise_0.1__seed_1/train_clean.csv,data/noise_robustness_metric_v2/splits/poly_cubic_mix_c__noise_0.1__seed_1/val_clean.csv,data/noise_robustness_metric_v2/splits/poly_cubic_mix_c__noise_0.1__seed_1
278,poly_cubic_mix_c__noise_0.1__seed_2,poly_cubic_mix_c,Nguyen,poly_cubic_mix_c_noise_0.1,poly_cubic_mix_c,polynomial,0.5*x3**3 - x3**2 + x3*x3,x3,x3,0.1,relative_gaussian_y_train_val,2,512,256,1024,0.15573194589534353,0.1579416540348717,data/noise_robustness_metric_v2/splits/poly_cubic_mix_c__noise_0.1__seed_2/train_noisy.csv,data/noise_robustness_metric_v2/splits/poly_cubic_mix_c__noise_0.1__seed_2/val_noisy.csv,data/noise_robustness_metric_v2/splits/poly_cubic_mix_c__noise_0.1__seed_2/test_clean.csv,data/noise_robustness_metric_v2/splits/poly_cubic_mix_c__noise_0.1__seed_2/train_clean.csv,data/noise_robustness_metric_v2/splits/poly_cubic_mix_c__noise_0.1__seed_2/val_clean.csv,data/noise_robustness_metric_v2/splits/poly_cubic_mix_c__noise_0.1__seed_2
279,poly_cubic_mix_c__noise_0.1__seed_3,poly_cubic_mix_c,Nguyen,poly_cubic_mix_c_noise_0.1,poly_cubic_mix_c,polynomial,0.5*x3**3 - x3**2 + x3*x3,x3,x3,0.1,relative_gaussian_y_train_val,3,512,256,1024,0.15748454490154518,0.14716206873345902,data/noise_robustness_metric_v2/splits/poly_cubic_mix_c__noise_0.1__seed_3/train_noisy.csv,data/noise_robustness_metric_v2/splits/poly_cubic_mix_c__noise_0.1__seed_3/val_noisy.csv,data/noise_robustness_metric_v2/splits/poly_cubic_mix_c__noise_0.1__seed_3/test_clean.csv,data/noise_robustness_metric_v2/splits/poly_cubic_mix_c__noise_0.1__seed_3/train_clean.csv,data/noise_robustness_metric_v2/splits/poly_cubic_mix_c__noise_0.1__seed_3/val_clean.csv,data/noise_robustness_metric_v2/splits/poly_cubic_mix_c__noise_0.1__seed_3
280,poly_cubic_mix_c__noise_0.1__seed_4,poly_cubic_mix_c,Nguyen,poly_cubic_mix_c_noise_0.1,poly_cubic_mix_c,polynomial,0.5*x3**3 - x3**2 + x3*x3,x3,x3,0.1,relative_gaussian_y_train_val,4,512,256,1024,0.1562967393945242,0.1619542351855278,data/noise_robustness_metric_v2/splits/poly_cubic_mix_c__noise_0.1__seed_4/train_noisy.csv,data/noise_robustness_metric_v2/splits/poly_cubic_mix_c__noise_0.1__seed_4/val_noisy.csv,data/noise_robustness_metric_v2/splits/poly_cubic_mix_c__noise_0.1__seed_4/test_clean.csv,data/noise_robustness_metric_v2/splits/poly_cubic_mix_c__noise_0.1__seed_4/train_clean.csv,data/noise_robustness_metric_v2/splits/poly_cubic_mix_c__noise_0.1__seed_4/val_clean.csv,data/noise_robustness_metric_v2/splits/poly_cubic_mix_c__noise_0.1__seed_4
281,rational_offset_a__noise_0__seed_0,rational_offset_a,Nguyen,rational_offset_a_noise_0,rational_offset_a,rational,(x1 + x2)/(1 + abs(x1)),x1|x2,x1|x2,0.0,relative_gaussian_y_train_val,0,512,256,1024,0.0,0.0,data/noise_robustness_metric_v2/splits/rational_offset_a__noise_0__seed_0/train_noisy.csv,data/noise_robustness_metric_v2/splits/rational_offset_a__noise_0__seed_0/val_noisy.csv,data/noise_robustness_metric_v2/splits/rational_offset_a__noise_0__seed_0/test_clean.csv,data/noise_robustness_metric_v2/splits/rational_offset_a__noise_0__seed_0/train_clean.csv,data/noise_robustness_metric_v2/splits/rational_offset_a__noise_0__seed_0/val_clean.csv,data/noise_robustness_metric_v2/splits/rational_offset_a__noise_0__seed_0
282,rational_offset_a__noise_0__seed_1,rational_offset_a,Nguyen,rational_offset_a_noise_0,rational_offset_a,rational,(x1 + x2)/(1 + abs(x1)),x1|x2,x1|x2,0.0,relative_gaussian_y_train_val,1,512,256,1024,0.0,0.0,data/noise_robustness_metric_v2/splits/rational_offset_a__noise_0__seed_1/train_noisy.csv,data/noise_robustness_metric_v2/splits/rational_offset_a__noise_0__seed_1/val_noisy.csv,data/noise_robustness_metric_v2/splits/rational_offset_a__noise_0__seed_1/test_clean.csv,data/noise_robustness_metric_v2/splits/rational_offset_a__noise_0__seed_1/train_clean.csv,data/noise_robustness_metric_v2/splits/rational_offset_a__noise_0__seed_1/val_clean.csv,data/noise_robustness_metric_v2/splits/rational_offset_a__noise_0__seed_1
283,rational_offset_a__noise_0__seed_2,rational_offset_a,Nguyen,rational_offset_a_noise_0,rational_offset_a,rational,(x1 + x2)/(1 + abs(x1)),x1|x2,x1|x2,0.0,relative_gaussian_y_train_val,2,512,256,1024,0.0,0.0,data/noise_robustness_metric_v2/splits/rational_offset_a__noise_0__seed_2/train_noisy.csv,data/noise_robustness_metric_v2/splits/rational_offset_a__noise_0__seed_2/val_noisy.csv,data/noise_robustness_metric_v2/splits/rational_offset_a__noise_0__seed_2/test_clean.csv,data/noise_robustness_metric_v2/splits/rational_offset_a__noise_0__seed_2/train_clean.csv,data/noise_robustness_metric_v2/splits/rational_offset_a__noise_0__seed_2/val_clean.csv,data/noise_robustness_metric_v2/splits/rational_offset_a__noise_0__seed_2
284,rational_offset_a__noise_0__seed_3,rational_offset_a,Nguyen,rational_offset_a_noise_0,rational_offset_a,rational,(x1 + x2)/(1 + abs(x1)),x1|x2,x1|x2,0.0,relative_gaussian_y_train_val,3,512,256,1024,0.0,0.0,data/noise_robustness_metric_v2/splits/rational_offset_a__noise_0__seed_3/train_noisy.csv,data/noise_robustness_metric_v2/splits/rational_offset_a__noise_0__seed_3/val_noisy.csv,data/noise_robustness_metric_v2/splits/rational_offset_a__noise_0__seed_3/test_clean.csv,data/noise_robustness_metric_v2/splits/rational_offset_a__noise_0__seed_3/train_clean.csv,data/noise_robustness_metric_v2/splits/rational_offset_a__noise_0__seed_3/val_clean.csv,data/noise_robustness_metric_v2/splits/rational_offset_a__noise_0__seed_3
285,rational_offset_a__noise_0__seed_4,rational_offset_a,Nguyen,rational_offset_a_noise_0,rational_offset_a,rational,(x1 + x2)/(1 + abs(x1)),x1|x2,x1|x2,0.0,relative_gaussian_y_train_val,4,512,256,1024,0.0,0.0,data/noise_robustness_metric_v2/splits/rational_offset_a__noise_0__seed_4/train_noisy.csv,data/noise_robustness_metric_v2/splits/rational_offset_a__noise_0__seed_4/val_noisy.csv,data/noise_robustness_metric_v2/splits/rational_offset_a__noise_0__seed_4/test_clean.csv,data/noise_robustness_metric_v2/splits/rational_offset_a__noise_0__seed_4/train_clean.csv,data/noise_robustness_metric_v2/splits/rational_offset_a__noise_0__seed_4/val_clean.csv,data/noise_robustness_metric_v2/splits/rational_offset_a__noise_0__seed_4
286,rational_offset_a__noise_0.001__seed_0,rational_offset_a,Nguyen,rational_offset_a_noise_0.001,rational_offset_a,rational,(x1 + x2)/(1 + abs(x1)),x1|x2,x1|x2,0.001,relative_gaussian_y_train_val,0,512,256,1024,0.0008082930954252488,0.0008303021518196284,data/noise_robustness_metric_v2/splits/rational_offset_a__noise_0.001__seed_0/train_noisy.csv,data/noise_robustness_metric_v2/splits/rational_offset_a__noise_0.001__seed_0/val_noisy.csv,data/noise_robustness_metric_v2/splits/rational_offset_a__noise_0.001__seed_0/test_clean.csv,data/noise_robustness_metric_v2/splits/rational_offset_a__noise_0.001__seed_0/train_clean.csv,data/noise_robustness_metric_v2/splits/rational_offset_a__noise_0.001__seed_0/val_clean.csv,data/noise_robustness_metric_v2/splits/rational_offset_a__noise_0.001__seed_0
287,rational_offset_a__noise_0.001__seed_1,rational_offset_a,Nguyen,rational_offset_a_noise_0.001,rational_offset_a,rational,(x1 + x2)/(1 + abs(x1)),x1|x2,x1|x2,0.001,relative_gaussian_y_train_val,1,512,256,1024,0.0008348453138770706,0.0008459733824261156,data/noise_robustness_metric_v2/splits/rational_offset_a__noise_0.001__seed_1/train_noisy.csv,data/noise_robustness_metric_v2/splits/rational_offset_a__noise_0.001__seed_1/val_noisy.csv,data/noise_robustness_metric_v2/splits/rational_offset_a__noise_0.001__seed_1/test_clean.csv,data/noise_robustness_metric_v2/splits/rational_offset_a__noise_0.001__seed_1/train_clean.csv,data/noise_robustness_metric_v2/splits/rational_offset_a__noise_0.001__seed_1/val_clean.csv,data/noise_robustness_metric_v2/splits/rational_offset_a__noise_0.001__seed_1
288,rational_offset_a__noise_0.001__seed_2,rational_offset_a,Nguyen,rational_offset_a_noise_0.001,rational_offset_a,rational,(x1 + x2)/(1 + abs(x1)),x1|x2,x1|x2,0.001,relative_gaussian_y_train_val,2,512,256,1024,0.0008489650844779599,0.0007906136795602253,data/noise_robustness_metric_v2/splits/rational_offset_a__noise_0.001__seed_2/train_noisy.csv,data/noise_robustness_metric_v2/splits/rational_offset_a__noise_0.001__seed_2/val_noisy.csv,data/noise_robustness_metric_v2/splits/rational_offset_a__noise_0.001__seed_2/test_clean.csv,data/noise_robustness_metric_v2/splits/rational_offset_a__noise_0.001__seed_2/train_clean.csv,data/noise_robustness_metric_v2/splits/rational_offset_a__noise_0.001__seed_2/val_clean.csv,data/noise_robustness_metric_v2/splits/rational_offset_a__noise_0.001__seed_2
289,rational_offset_a__noise_0.001__seed_3,rational_offset_a,Nguyen,rational_offset_a_noise_0.001,rational_offset_a,rational,(x1 + x2)/(1 + abs(x1)),x1|x2,x1|x2,0.001,relative_gaussian_y_train_val,3,512,256,1024,0.0008342225650450566,0.0007997670374311403,data/noise_robustness_metric_v2/splits/rational_offset_a__noise_0.001__seed_3/train_noisy.csv,data/noise_robustness_metric_v2/splits/rational_offset_a__noise_0.001__seed_3/val_noisy.csv,data/noise_robustness_metric_v2/splits/rational_offset_a__noise_0.001__seed_3/test_clean.csv,data/noise_robustness_metric_v2/splits/rational_offset_a__noise_0.001__seed_3/train_clean.csv,data/noise_robustness_metric_v2/splits/rational_offset_a__noise_0.001__seed_3/val_clean.csv,data/noise_robustness_metric_v2/splits/rational_offset_a__noise_0.001__seed_3
290,rational_offset_a__noise_0.001__seed_4,rational_offset_a,Nguyen,rational_offset_a_noise_0.001,rational_offset_a,rational,(x1 + x2)/(1 + abs(x1)),x1|x2,x1|x2,0.001,relative_gaussian_y_train_val,4,512,256,1024,0.0008152849281522692,0.000820356442912433,data/noise_robustness_metric_v2/splits/rational_offset_a__noise_0.001__seed_4/train_noisy.csv,data/noise_robustness_metric_v2/splits/rational_offset_a__noise_0.001__seed_4/val_noisy.csv,data/noise_robustness_metric_v2/splits/rational_offset_a__noise_0.001__seed_4/test_clean.csv,data/noise_robustness_metric_v2/splits/rational_offset_a__noise_0.001__seed_4/train_clean.csv,data/noise_robustness_metric_v2/splits/rational_offset_a__noise_0.001__seed_4/val_clean.csv,data/noise_robustness_metric_v2/splits/rational_offset_a__noise_0.001__seed_4
291,rational_offset_a__noise_0.01__seed_0,rational_offset_a,Nguyen,rational_offset_a_noise_0.01,rational_offset_a,rational,(x1 + x2)/(1 + abs(x1)),x1|x2,x1|x2,0.01,relative_gaussian_y_train_val,0,512,256,1024,0.008053535327587463,0.008357871190267173,data/noise_robustness_metric_v2/splits/rational_offset_a__noise_0.01__seed_0/train_noisy.csv,data/noise_robustness_metric_v2/splits/rational_offset_a__noise_0.01__seed_0/val_noisy.csv,data/noise_robustness_metric_v2/splits/rational_offset_a__noise_0.01__seed_0/test_clean.csv,data/noise_robustness_metric_v2/splits/rational_offset_a__noise_0.01__seed_0/train_clean.csv,data/noise_robustness_metric_v2/splits/rational_offset_a__noise_0.01__seed_0/val_clean.csv,data/noise_robustness_metric_v2/splits/rational_offset_a__noise_0.01__seed_0
292,rational_offset_a__noise_0.01__seed_1,rational_offset_a,Nguyen,rational_offset_a_noise_0.01,rational_offset_a,rational,(x1 + x2)/(1 + abs(x1)),x1|x2,x1|x2,0.01,relative_gaussian_y_train_val,1,512,256,1024,0.00815303967591539,0.008314772503600902,data/noise_robustness_metric_v2/splits/rational_offset_a__noise_0.01__seed_1/train_noisy.csv,data/noise_robustness_metric_v2/splits/rational_offset_a__noise_0.01__seed_1/val_noisy.csv,data/noise_robustness_metric_v2/splits/rational_offset_a__noise_0.01__seed_1/test_clean.csv,data/noise_robustness_metric_v2/splits/rational_offset_a__noise_0.01__seed_1/train_clean.csv,data/noise_robustness_metric_v2/splits/rational_offset_a__noise_0.01__seed_1/val_clean.csv,data/noise_robustness_metric_v2/splits/rational_offset_a__noise_0.01__seed_1
293,rational_offset_a__noise_0.01__seed_2,rational_offset_a,Nguyen,rational_offset_a_noise_0.01,rational_offset_a,rational,(x1 + x2)/(1 + abs(x1)),x1|x2,x1|x2,0.01,relative_gaussian_y_train_val,2,512,256,1024,0.008521091271394674,0.00818501413816557,data/noise_robustness_metric_v2/splits/rational_offset_a__noise_0.01__seed_2/train_noisy.csv,data/noise_robustness_metric_v2/splits/rational_offset_a__noise_0.01__seed_2/val_noisy.csv,data/noise_robustness_metric_v2/splits/rational_offset_a__noise_0.01__seed_2/test_clean.csv,data/noise_robustness_metric_v2/splits/rational_offset_a__noise_0.01__seed_2/train_clean.csv,data/noise_robustness_metric_v2/splits/rational_offset_a__noise_0.01__seed_2/val_clean.csv,data/noise_robustness_metric_v2/splits/rational_offset_a__noise_0.01__seed_2
294,rational_offset_a__noise_0.01__seed_3,rational_offset_a,Nguyen,rational_offset_a_noise_0.01,rational_offset_a,rational,(x1 + x2)/(1 + abs(x1)),x1|x2,x1|x2,0.01,relative_gaussian_y_train_val,3,512,256,1024,0.008403260305055149,0.008040937902361966,data/noise_robustness_metric_v2/splits/rational_offset_a__noise_0.01__seed_3/train_noisy.csv,data/noise_robustness_metric_v2/splits/rational_offset_a__noise_0.01__seed_3/val_noisy.csv,data/noise_robustness_metric_v2/splits/rational_offset_a__noise_0.01__seed_3/test_clean.csv,data/noise_robustness_metric_v2/splits/rational_offset_a__noise_0.01__seed_3/train_clean.csv,data/noise_robustness_metric_v2/splits/rational_offset_a__noise_0.01__seed_3/val_clean.csv,data/noise_robustness_metric_v2/splits/rational_offset_a__noise_0.01__seed_3
295,rational_offset_a__noise_0.01__seed_4,rational_offset_a,Nguyen,rational_offset_a_noise_0.01,rational_offset_a,rational,(x1 + x2)/(1 + abs(x1)),x1|x2,x1|x2,0.01,relative_gaussian_y_train_val,4,512,256,1024,0.008262406251440006,0.00831470145397917,data/noise_robustness_metric_v2/splits/rational_offset_a__noise_0.01__seed_4/train_noisy.csv,data/noise_robustness_metric_v2/splits/rational_offset_a__noise_0.01__seed_4/val_noisy.csv,data/noise_robustness_metric_v2/splits/rational_offset_a__noise_0.01__seed_4/test_clean.csv,data/noise_robustness_metric_v2/splits/rational_offset_a__noise_0.01__seed_4/train_clean.csv,data/noise_robustness_metric_v2/splits/rational_offset_a__noise_0.01__seed_4/val_clean.csv,data/noise_robustness_metric_v2/splits/rational_offset_a__noise_0.01__seed_4
296,rational_offset_a__noise_0.1__seed_0,rational_offset_a,Nguyen,rational_offset_a_noise_0.1,rational_offset_a,rational,(x1 + x2)/(1 + abs(x1)),x1|x2,x1|x2,0.1,relative_gaussian_y_train_val,0,512,256,1024,0.07963739740646922,0.07961808807974674,data/noise_robustness_metric_v2/splits/rational_offset_a__noise_0.1__seed_0/train_noisy.csv,data/noise_robustness_metric_v2/splits/rational_offset_a__noise_0.1__seed_0/val_noisy.csv,data/noise_robustness_metric_v2/splits/rational_offset_a__noise_0.1__seed_0/test_clean.csv,data/noise_robustness_metric_v2/splits/rational_offset_a__noise_0.1__seed_0/train_clean.csv,data/noise_robustness_metric_v2/splits/rational_offset_a__noise_0.1__seed_0/val_clean.csv,data/noise_robustness_metric_v2/splits/rational_offset_a__noise_0.1__seed_0
297,rational_offset_a__noise_0.1__seed_1,rational_offset_a,Nguyen,rational_offset_a_noise_0.1,rational_offset_a,rational,(x1 + x2)/(1 + abs(x1)),x1|x2,x1|x2,0.1,relative_gaussian_y_train_val,1,512,256,1024,0.08016907276522724,0.08011197163323637,data/noise_robustness_metric_v2/splits/rational_offset_a__noise_0.1__seed_1/train_noisy.csv,data/noise_robustness_metric_v2/splits/rational_offset_a__noise_0.1__seed_1/val_noisy.csv,data/noise_robustness_metric_v2/splits/rational_offset_a__noise_0.1__seed_1/test_clean.csv,data/noise_robustness_metric_v2/splits/rational_offset_a__noise_0.1__seed_1/train_clean.csv,data/noise_robustness_metric_v2/splits/rational_offset_a__noise_0.1__seed_1/val_clean.csv,data/noise_robustness_metric_v2/splits/rational_offset_a__noise_0.1__seed_1
298,rational_offset_a__noise_0.1__seed_2,rational_offset_a,Nguyen,rational_offset_a_noise_0.1,rational_offset_a,rational,(x1 + x2)/(1 + abs(x1)),x1|x2,x1|x2,0.1,relative_gaussian_y_train_val,2,512,256,1024,0.08558215696548156,0.07920253017259027,data/noise_robustness_metric_v2/splits/rational_offset_a__noise_0.1__seed_2/train_noisy.csv,data/noise_robustness_metric_v2/splits/rational_offset_a__noise_0.1__seed_2/val_noisy.csv,data/noise_robustness_metric_v2/splits/rational_offset_a__noise_0.1__seed_2/test_clean.csv,data/noise_robustness_metric_v2/splits/rational_offset_a__noise_0.1__seed_2/train_clean.csv,data/noise_robustness_metric_v2/splits/rational_offset_a__noise_0.1__seed_2/val_clean.csv,data/noise_robustness_metric_v2/splits/rational_offset_a__noise_0.1__seed_2
299,rational_offset_a__noise_0.1__seed_3,rational_offset_a,Nguyen,rational_offset_a_noise_0.1,rational_offset_a,rational,(x1 + x2)/(1 + abs(x1)),x1|x2,x1|x2,0.1,relative_gaussian_y_train_val,3,512,256,1024,0.08207481782031023,0.08047023568037082,data/noise_robustness_metric_v2/splits/rational_offset_a__noise_0.1__seed_3/train_noisy.csv,data/noise_robustness_metric_v2/splits/rational_offset_a__noise_0.1__seed_3/val_noisy.csv,data/noise_robustness_metric_v2/splits/rational_offset_a__noise_0.1__seed_3/test_clean.csv,data/noise_robustness_metric_v2/splits/rational_offset_a__noise_0.1__seed_3/train_clean.csv,data/noise_robustness_metric_v2/splits/rational_offset_a__noise_0.1__seed_3/val_clean.csv,data/noise_robustness_metric_v2/splits/rational_offset_a__noise_0.1__seed_3
300,rational_offset_a__noise_0.1__seed_4,rational_offset_a,Nguyen,rational_offset_a_noise_0.1,rational_offset_a,rational,(x1 + x2)/(1 + abs(x1)),x1|x2,x1|x2,0.1,relative_gaussian_y_train_val,4,512,256,1024,0.08022521506134073,0.08094360011918561,data/noise_robustness_metric_v2/splits/rational_offset_a__noise_0.1__seed_4/train_noisy.csv,data/noise_robustness_metric_v2/splits/rational_offset_a__noise_0.1__seed_4/val_noisy.csv,data/noise_robustness_metric_v2/splits/rational_offset_a__noise_0.1__seed_4/test_clean.csv,data/noise_robustness_metric_v2/splits/rational_offset_a__noise_0.1__seed_4/train_clean.csv,data/noise_robustness_metric_v2/splits/rational_offset_a__noise_0.1__seed_4/val_clean.csv,data/noise_robustness_metric_v2/splits/rational_offset_a__noise_0.1__seed_4
301,rational_offset_b__noise_0__seed_0,rational_offset_b,Nguyen,rational_offset_b_noise_0,rational_offset_b,rational,(x2 + x3)/(1 + abs(x2)),x2|x3,x2|x3,0.0,relative_gaussian_y_train_val,0,512,256,1024,0.0,0.0,data/noise_robustness_metric_v2/splits/rational_offset_b__noise_0__seed_0/train_noisy.csv,data/noise_robustness_metric_v2/splits/rational_offset_b__noise_0__seed_0/val_noisy.csv,data/noise_robustness_metric_v2/splits/rational_offset_b__noise_0__seed_0/test_clean.csv,data/noise_robustness_metric_v2/splits/rational_offset_b__noise_0__seed_0/train_clean.csv,data/noise_robustness_metric_v2/splits/rational_offset_b__noise_0__seed_0/val_clean.csv,data/noise_robustness_metric_v2/splits/rational_offset_b__noise_0__seed_0
302,rational_offset_b__noise_0__seed_1,rational_offset_b,Nguyen,rational_offset_b_noise_0,rational_offset_b,rational,(x2 + x3)/(1 + abs(x2)),x2|x3,x2|x3,0.0,relative_gaussian_y_train_val,1,512,256,1024,0.0,0.0,data/noise_robustness_metric_v2/splits/rational_offset_b__noise_0__seed_1/train_noisy.csv,data/noise_robustness_metric_v2/splits/rational_offset_b__noise_0__seed_1/val_noisy.csv,data/noise_robustness_metric_v2/splits/rational_offset_b__noise_0__seed_1/test_clean.csv,data/noise_robustness_metric_v2/splits/rational_offset_b__noise_0__seed_1/train_clean.csv,data/noise_robustness_metric_v2/splits/rational_offset_b__noise_0__seed_1/val_clean.csv,data/noise_robustness_metric_v2/splits/rational_offset_b__noise_0__seed_1
303,rational_offset_b__noise_0__seed_2,rational_offset_b,Nguyen,rational_offset_b_noise_0,rational_offset_b,rational,(x2 + x3)/(1 + abs(x2)),x2|x3,x2|x3,0.0,relative_gaussian_y_train_val,2,512,256,1024,0.0,0.0,data/noise_robustness_metric_v2/splits/rational_offset_b__noise_0__seed_2/train_noisy.csv,data/noise_robustness_metric_v2/splits/rational_offset_b__noise_0__seed_2/val_noisy.csv,data/noise_robustness_metric_v2/splits/rational_offset_b__noise_0__seed_2/test_clean.csv,data/noise_robustness_metric_v2/splits/rational_offset_b__noise_0__seed_2/train_clean.csv,data/noise_robustness_metric_v2/splits/rational_offset_b__noise_0__seed_2/val_clean.csv,data/noise_robustness_metric_v2/splits/rational_offset_b__noise_0__seed_2
304,rational_offset_b__noise_0__seed_3,rational_offset_b,Nguyen,rational_offset_b_noise_0,rational_offset_b,rational,(x2 + x3)/(1 + abs(x2)),x2|x3,x2|x3,0.0,relative_gaussian_y_train_val,3,512,256,1024,0.0,0.0,data/noise_robustness_metric_v2/splits/rational_offset_b__noise_0__seed_3/train_noisy.csv,data/noise_robustness_metric_v2/splits/rational_offset_b__noise_0__seed_3/val_noisy.csv,data/noise_robustness_metric_v2/splits/rational_offset_b__noise_0__seed_3/test_clean.csv,data/noise_robustness_metric_v2/splits/rational_offset_b__noise_0__seed_3/train_clean.csv,data/noise_robustness_metric_v2/splits/rational_offset_b__noise_0__seed_3/val_clean.csv,data/noise_robustness_metric_v2/splits/rational_offset_b__noise_0__seed_3
305,rational_offset_b__noise_0__seed_4,rational_offset_b,Nguyen,rational_offset_b_noise_0,rational_offset_b,rational,(x2 + x3)/(1 + abs(x2)),x2|x3,x2|x3,0.0,relative_gaussian_y_train_val,4,512,256,1024,0.0,0.0,data/noise_robustness_metric_v2/splits/rational_offset_b__noise_0__seed_4/train_noisy.csv,data/noise_robustness_metric_v2/splits/rational_offset_b__noise_0__seed_4/val_noisy.csv,data/noise_robustness_metric_v2/splits/rational_offset_b__noise_0__seed_4/test_clean.csv,data/noise_robustness_metric_v2/splits/rational_offset_b__noise_0__seed_4/train_clean.csv,data/noise_robustness_metric_v2/splits/rational_offset_b__noise_0__seed_4/val_clean.csv,data/noise_robustness_metric_v2/splits/rational_offset_b__noise_0__seed_4
306,rational_offset_b__noise_0.001__seed_0,rational_offset_b,Nguyen,rational_offset_b_noise_0.001,rational_offset_b,rational,(x2 + x3)/(1 + abs(x2)),x2|x3,x2|x3,0.001,relative_gaussian_y_train_val,0,512,256,1024,0.0008263175882476805,0.0008621399680857092,data/noise_robustness_metric_v2/splits/rational_offset_b__noise_0.001__seed_0/train_noisy.csv,data/noise_robustness_metric_v2/splits/rational_offset_b__noise_0.001__seed_0/val_noisy.csv,data/noise_robustness_metric_v2/splits/rational_offset_b__noise_0.001__seed_0/test_clean.csv,data/noise_robustness_metric_v2/splits/rational_offset_b__noise_0.001__seed_0/train_clean.csv,data/noise_robustness_metric_v2/splits/rational_offset_b__noise_0.001__seed_0/val_clean.csv,data/noise_robustness_metric_v2/splits/rational_offset_b__noise_0.001__seed_0
307,rational_offset_b__noise_0.001__seed_1,rational_offset_b,Nguyen,rational_offset_b_noise_0.001,rational_offset_b,rational,(x2 + x3)/(1 + abs(x2)),x2|x3,x2|x3,0.001,relative_gaussian_y_train_val,1,512,256,1024,0.0008287203361997358,0.0008145319242465812,data/noise_robustness_metric_v2/splits/rational_offset_b__noise_0.001__seed_1/train_noisy.csv,data/noise_robustness_metric_v2/splits/rational_offset_b__noise_0.001__seed_1/val_noisy.csv,data/noise_robustness_metric_v2/splits/rational_offset_b__noise_0.001__seed_1/test_clean.csv,data/noise_robustness_metric_v2/splits/rational_offset_b__noise_0.001__seed_1/train_clean.csv,data/noise_robustness_metric_v2/splits/rational_offset_b__noise_0.001__seed_1/val_clean.csv,data/noise_robustness_metric_v2/splits/rational_offset_b__noise_0.001__seed_1
308,rational_offset_b__noise_0.001__seed_2,rational_offset_b,Nguyen,rational_offset_b_noise_0.001,rational_offset_b,rational,(x2 + x3)/(1 + abs(x2)),x2|x3,x2|x3,0.001,relative_gaussian_y_train_val,2,512,256,1024,0.0008520829213465129,0.0008338121248501123,data/noise_robustness_metric_v2/splits/rational_offset_b__noise_0.001__seed_2/train_noisy.csv,data/noise_robustness_metric_v2/splits/rational_offset_b__noise_0.001__seed_2/val_noisy.csv,data/noise_robustness_metric_v2/splits/rational_offset_b__noise_0.001__seed_2/test_clean.csv,data/noise_robustness_metric_v2/splits/rational_offset_b__noise_0.001__seed_2/train_clean.csv,data/noise_robustness_metric_v2/splits/rational_offset_b__noise_0.001__seed_2/val_clean.csv,data/noise_robustness_metric_v2/splits/rational_offset_b__noise_0.001__seed_2
309,rational_offset_b__noise_0.001__seed_3,rational_offset_b,Nguyen,rational_offset_b_noise_0.001,rational_offset_b,rational,(x2 + x3)/(1 + abs(x2)),x2|x3,x2|x3,0.001,relative_gaussian_y_train_val,3,512,256,1024,0.0008110784539288586,0.0008484043168232578,data/noise_robustness_metric_v2/splits/rational_offset_b__noise_0.001__seed_3/train_noisy.csv,data/noise_robustness_metric_v2/splits/rational_offset_b__noise_0.001__seed_3/val_noisy.csv,data/noise_robustness_metric_v2/splits/rational_offset_b__noise_0.001__seed_3/test_clean.csv,data/noise_robustness_metric_v2/splits/rational_offset_b__noise_0.001__seed_3/train_clean.csv,data/noise_robustness_metric_v2/splits/rational_offset_b__noise_0.001__seed_3/val_clean.csv,data/noise_robustness_metric_v2/splits/rational_offset_b__noise_0.001__seed_3
310,rational_offset_b__noise_0.001__seed_4,rational_offset_b,Nguyen,rational_offset_b_noise_0.001,rational_offset_b,rational,(x2 + x3)/(1 + abs(x2)),x2|x3,x2|x3,0.001,relative_gaussian_y_train_val,4,512,256,1024,0.0008024176337686821,0.0008059776981160115,data/noise_robustness_metric_v2/splits/rational_offset_b__noise_0.001__seed_4/train_noisy.csv,data/noise_robustness_metric_v2/splits/rational_offset_b__noise_0.001__seed_4/val_noisy.csv,data/noise_robustness_metric_v2/splits/rational_offset_b__noise_0.001__seed_4/test_clean.csv,data/noise_robustness_metric_v2/splits/rational_offset_b__noise_0.001__seed_4/train_clean.csv,data/noise_robustness_metric_v2/splits/rational_offset_b__noise_0.001__seed_4/val_clean.csv,data/noise_robustness_metric_v2/splits/rational_offset_b__noise_0.001__seed_4
311,rational_offset_b__noise_0.01__seed_0,rational_offset_b,Nguyen,rational_offset_b_noise_0.01,rational_offset_b,rational,(x2 + x3)/(1 + abs(x2)),x2|x3,x2|x3,0.01,relative_gaussian_y_train_val,0,512,256,1024,0.008149247859636067,0.007725611596228427,data/noise_robustness_metric_v2/splits/rational_offset_b__noise_0.01__seed_0/train_noisy.csv,data/noise_robustness_metric_v2/splits/rational_offset_b__noise_0.01__seed_0/val_noisy.csv,data/noise_robustness_metric_v2/splits/rational_offset_b__noise_0.01__seed_0/test_clean.csv,data/noise_robustness_metric_v2/splits/rational_offset_b__noise_0.01__seed_0/train_clean.csv,data/noise_robustness_metric_v2/splits/rational_offset_b__noise_0.01__seed_0/val_clean.csv,data/noise_robustness_metric_v2/splits/rational_offset_b__noise_0.01__seed_0
312,rational_offset_b__noise_0.01__seed_1,rational_offset_b,Nguyen,rational_offset_b_noise_0.01,rational_offset_b,rational,(x2 + x3)/(1 + abs(x2)),x2|x3,x2|x3,0.01,relative_gaussian_y_train_val,1,512,256,1024,0.008252525740785856,0.007565850666142321,data/noise_robustness_metric_v2/splits/rational_offset_b__noise_0.01__seed_1/train_noisy.csv,data/noise_robustness_metric_v2/splits/rational_offset_b__noise_0.01__seed_1/val_noisy.csv,data/noise_robustness_metric_v2/splits/rational_offset_b__noise_0.01__seed_1/test_clean.csv,data/noise_robustness_metric_v2/splits/rational_offset_b__noise_0.01__seed_1/train_clean.csv,data/noise_robustness_metric_v2/splits/rational_offset_b__noise_0.01__seed_1/val_clean.csv,data/noise_robustness_metric_v2/splits/rational_offset_b__noise_0.01__seed_1
313,rational_offset_b__noise_0.01__seed_2,rational_offset_b,Nguyen,rational_offset_b_noise_0.01,rational_offset_b,rational,(x2 + x3)/(1 + abs(x2)),x2|x3,x2|x3,0.01,relative_gaussian_y_train_val,2,512,256,1024,0.008193163835947589,0.008110395599269222,data/noise_robustness_metric_v2/splits/rational_offset_b__noise_0.01__seed_2/train_noisy.csv,data/noise_robustness_metric_v2/splits/rational_offset_b__noise_0.01__seed_2/val_noisy.csv,data/noise_robustness_metric_v2/splits/rational_offset_b__noise_0.01__seed_2/test_clean.csv,data/noise_robustness_metric_v2/splits/rational_offset_b__noise_0.01__seed_2/train_clean.csv,data/noise_robustness_metric_v2/splits/rational_offset_b__noise_0.01__seed_2/val_clean.csv,data/noise_robustness_metric_v2/splits/rational_offset_b__noise_0.01__seed_2
314,rational_offset_b__noise_0.01__seed_3,rational_offset_b,Nguyen,rational_offset_b_noise_0.01,rational_offset_b,rational,(x2 + x3)/(1 + abs(x2)),x2|x3,x2|x3,0.01,relative_gaussian_y_train_val,3,512,256,1024,0.008121991187930765,0.008255800772251862,data/noise_robustness_metric_v2/splits/rational_offset_b__noise_0.01__seed_3/train_noisy.csv,data/noise_robustness_metric_v2/splits/rational_offset_b__noise_0.01__seed_3/val_noisy.csv,data/noise_robustness_metric_v2/splits/rational_offset_b__noise_0.01__seed_3/test_clean.csv,data/noise_robustness_metric_v2/splits/rational_offset_b__noise_0.01__seed_3/train_clean.csv,data/noise_robustness_metric_v2/splits/rational_offset_b__noise_0.01__seed_3/val_clean.csv,data/noise_robustness_metric_v2/splits/rational_offset_b__noise_0.01__seed_3
315,rational_offset_b__noise_0.01__seed_4,rational_offset_b,Nguyen,rational_offset_b_noise_0.01,rational_offset_b,rational,(x2 + x3)/(1 + abs(x2)),x2|x3,x2|x3,0.01,relative_gaussian_y_train_val,4,512,256,1024,0.008142041672521187,0.00788940930883235,data/noise_robustness_metric_v2/splits/rational_offset_b__noise_0.01__seed_4/train_noisy.csv,data/noise_robustness_metric_v2/splits/rational_offset_b__noise_0.01__seed_4/val_noisy.csv,data/noise_robustness_metric_v2/splits/rational_offset_b__noise_0.01__seed_4/test_clean.csv,data/noise_robustness_metric_v2/splits/rational_offset_b__noise_0.01__seed_4/train_clean.csv,data/noise_robustness_metric_v2/splits/rational_offset_b__noise_0.01__seed_4/val_clean.csv,data/noise_robustness_metric_v2/splits/rational_offset_b__noise_0.01__seed_4
316,rational_offset_b__noise_0.1__seed_0,rational_offset_b,Nguyen,rational_offset_b_noise_0.1,rational_offset_b,rational,(x2 + x3)/(1 + abs(x2)),x2|x3,x2|x3,0.1,relative_gaussian_y_train_val,0,512,256,1024,0.08182419012023909,0.07710516617267897,data/noise_robustness_metric_v2/splits/rational_offset_b__noise_0.1__seed_0/train_noisy.csv,data/noise_robustness_metric_v2/splits/rational_offset_b__noise_0.1__seed_0/val_noisy.csv,data/noise_robustness_metric_v2/splits/rational_offset_b__noise_0.1__seed_0/test_clean.csv,data/noise_robustness_metric_v2/splits/rational_offset_b__noise_0.1__seed_0/train_clean.csv,data/noise_robustness_metric_v2/splits/rational_offset_b__noise_0.1__seed_0/val_clean.csv,data/noise_robustness_metric_v2/splits/rational_offset_b__noise_0.1__seed_0
317,rational_offset_b__noise_0.1__seed_1,rational_offset_b,Nguyen,rational_offset_b_noise_0.1,rational_offset_b,rational,(x2 + x3)/(1 + abs(x2)),x2|x3,x2|x3,0.1,relative_gaussian_y_train_val,1,512,256,1024,0.08354241650746326,0.07690149271863124,data/noise_robustness_metric_v2/splits/rational_offset_b__noise_0.1__seed_1/train_noisy.csv,data/noise_robustness_metric_v2/splits/rational_offset_b__noise_0.1__seed_1/val_noisy.csv,data/noise_robustness_metric_v2/splits/rational_offset_b__noise_0.1__seed_1/test_clean.csv,data/noise_robustness_metric_v2/splits/rational_offset_b__noise_0.1__seed_1/train_clean.csv,data/noise_robustness_metric_v2/splits/rational_offset_b__noise_0.1__seed_1/val_clean.csv,data/noise_robustness_metric_v2/splits/rational_offset_b__noise_0.1__seed_1
318,rational_offset_b__noise_0.1__seed_2,rational_offset_b,Nguyen,rational_offset_b_noise_0.1,rational_offset_b,rational,(x2 + x3)/(1 + abs(x2)),x2|x3,x2|x3,0.1,relative_gaussian_y_train_val,2,512,256,1024,0.08417540268798174,0.08179707498346926,data/noise_robustness_metric_v2/splits/rational_offset_b__noise_0.1__seed_2/train_noisy.csv,data/noise_robustness_metric_v2/splits/rational_offset_b__noise_0.1__seed_2/val_noisy.csv,data/noise_robustness_metric_v2/splits/rational_offset_b__noise_0.1__seed_2/test_clean.csv,data/noise_robustness_metric_v2/splits/rational_offset_b__noise_0.1__seed_2/train_clean.csv,data/noise_robustness_metric_v2/splits/rational_offset_b__noise_0.1__seed_2/val_clean.csv,data/noise_robustness_metric_v2/splits/rational_offset_b__noise_0.1__seed_2
319,rational_offset_b__noise_0.1__seed_3,rational_offset_b,Nguyen,rational_offset_b_noise_0.1,rational_offset_b,rational,(x2 + x3)/(1 + abs(x2)),x2|x3,x2|x3,0.1,relative_gaussian_y_train_val,3,512,256,1024,0.08096106645906254,0.08265595773686077,data/noise_robustness_metric_v2/splits/rational_offset_b__noise_0.1__seed_3/train_noisy.csv,data/noise_robustness_metric_v2/splits/rational_offset_b__noise_0.1__seed_3/val_noisy.csv,data/noise_robustness_metric_v2/splits/rational_offset_b__noise_0.1__seed_3/test_clean.csv,data/noise_robustness_metric_v2/splits/rational_offset_b__noise_0.1__seed_3/train_clean.csv,data/noise_robustness_metric_v2/splits/rational_offset_b__noise_0.1__seed_3/val_clean.csv,data/noise_robustness_metric_v2/splits/rational_offset_b__noise_0.1__seed_3
320,rational_offset_b__noise_0.1__seed_4,rational_offset_b,Nguyen,rational_offset_b_noise_0.1,rational_offset_b,rational,(x2 + x3)/(1 + abs(x2)),x2|x3,x2|x3,0.1,relative_gaussian_y_train_val,4,512,256,1024,0.08405761644319983,0.0776510123534736,data/noise_robustness_metric_v2/splits/rational_offset_b__noise_0.1__seed_4/train_noisy.csv,data/noise_robustness_metric_v2/splits/rational_offset_b__noise_0.1__seed_4/val_noisy.csv,data/noise_robustness_metric_v2/splits/rational_offset_b__noise_0.1__seed_4/test_clean.csv,data/noise_robustness_metric_v2/splits/rational_offset_b__noise_0.1__seed_4/train_clean.csv,data/noise_robustness_metric_v2/splits/rational_offset_b__noise_0.1__seed_4/val_clean.csv,data/noise_robustness_metric_v2/splits/rational_offset_b__noise_0.1__seed_4
321,rational_offset_c__noise_0__seed_0,rational_offset_c,Nguyen,rational_offset_c_noise_0,rational_offset_c,rational,(x3 + x3)/(1 + abs(x3)),x3,x3,0.0,relative_gaussian_y_train_val,0,512,256,1024,0.0,0.0,data/noise_robustness_metric_v2/splits/rational_offset_c__noise_0__seed_0/train_noisy.csv,data/noise_robustness_metric_v2/splits/rational_offset_c__noise_0__seed_0/val_noisy.csv,data/noise_robustness_metric_v2/splits/rational_offset_c__noise_0__seed_0/test_clean.csv,data/noise_robustness_metric_v2/splits/rational_offset_c__noise_0__seed_0/train_clean.csv,data/noise_robustness_metric_v2/splits/rational_offset_c__noise_0__seed_0/val_clean.csv,data/noise_robustness_metric_v2/splits/rational_offset_c__noise_0__seed_0
322,rational_offset_c__noise_0__seed_1,rational_offset_c,Nguyen,rational_offset_c_noise_0,rational_offset_c,rational,(x3 + x3)/(1 + abs(x3)),x3,x3,0.0,relative_gaussian_y_train_val,1,512,256,1024,0.0,0.0,data/noise_robustness_metric_v2/splits/rational_offset_c__noise_0__seed_1/train_noisy.csv,data/noise_robustness_metric_v2/splits/rational_offset_c__noise_0__seed_1/val_noisy.csv,data/noise_robustness_metric_v2/splits/rational_offset_c__noise_0__seed_1/test_clean.csv,data/noise_robustness_metric_v2/splits/rational_offset_c__noise_0__seed_1/train_clean.csv,data/noise_robustness_metric_v2/splits/rational_offset_c__noise_0__seed_1/val_clean.csv,data/noise_robustness_metric_v2/splits/rational_offset_c__noise_0__seed_1
323,rational_offset_c__noise_0__seed_2,rational_offset_c,Nguyen,rational_offset_c_noise_0,rational_offset_c,rational,(x3 + x3)/(1 + abs(x3)),x3,x3,0.0,relative_gaussian_y_train_val,2,512,256,1024,0.0,0.0,data/noise_robustness_metric_v2/splits/rational_offset_c__noise_0__seed_2/train_noisy.csv,data/noise_robustness_metric_v2/splits/rational_offset_c__noise_0__seed_2/val_noisy.csv,data/noise_robustness_metric_v2/splits/rational_offset_c__noise_0__seed_2/test_clean.csv,data/noise_robustness_metric_v2/splits/rational_offset_c__noise_0__seed_2/train_clean.csv,data/noise_robustness_metric_v2/splits/rational_offset_c__noise_0__seed_2/val_clean.csv,data/noise_robustness_metric_v2/splits/rational_offset_c__noise_0__seed_2
324,rational_offset_c__noise_0__seed_3,rational_offset_c,Nguyen,rational_offset_c_noise_0,rational_offset_c,rational,(x3 + x3)/(1 + abs(x3)),x3,x3,0.0,relative_gaussian_y_train_val,3,512,256,1024,0.0,0.0,data/noise_robustness_metric_v2/splits/rational_offset_c__noise_0__seed_3/train_noisy.csv,data/noise_robustness_metric_v2/splits/rational_offset_c__noise_0__seed_3/val_noisy.csv,data/noise_robustness_metric_v2/splits/rational_offset_c__noise_0__seed_3/test_clean.csv,data/noise_robustness_metric_v2/splits/rational_offset_c__noise_0__seed_3/train_clean.csv,data/noise_robustness_metric_v2/splits/rational_offset_c__noise_0__seed_3/val_clean.csv,data/noise_robustness_metric_v2/splits/rational_offset_c__noise_0__seed_3
325,rational_offset_c__noise_0__seed_4,rational_offset_c,Nguyen,rational_offset_c_noise_0,rational_offset_c,rational,(x3 + x3)/(1 + abs(x3)),x3,x3,0.0,relative_gaussian_y_train_val,4,512,256,1024,0.0,0.0,data/noise_robustness_metric_v2/splits/rational_offset_c__noise_0__seed_4/train_noisy.csv,data/noise_robustness_metric_v2/splits/rational_offset_c__noise_0__seed_4/val_noisy.csv,data/noise_robustness_metric_v2/splits/rational_offset_c__noise_0__seed_4/test_clean.csv,data/noise_robustness_metric_v2/splits/rational_offset_c__noise_0__seed_4/train_clean.csv,data/noise_robustness_metric_v2/splits/rational_offset_c__noise_0__seed_4/val_clean.csv,data/noise_robustness_metric_v2/splits/rational_offset_c__noise_0__seed_4
326,rational_offset_c__noise_0.001__seed_0,rational_offset_c,Nguyen,rational_offset_c_noise_0.001,rational_offset_c,rational,(x3 + x3)/(1 + abs(x3)),x3,x3,0.001,relative_gaussian_y_train_val,0,512,256,1024,0.0009476553658187716,0.0009572437592495483,data/noise_robustness_metric_v2/splits/rational_offset_c__noise_0.001__seed_0/train_noisy.csv,data/noise_robustness_metric_v2/splits/rational_offset_c__noise_0.001__seed_0/val_noisy.csv,data/noise_robustness_metric_v2/splits/rational_offset_c__noise_0.001__seed_0/test_clean.csv,data/noise_robustness_metric_v2/splits/rational_offset_c__noise_0.001__seed_0/train_clean.csv,data/noise_robustness_metric_v2/splits/rational_offset_c__noise_0.001__seed_0/val_clean.csv,data/noise_robustness_metric_v2/splits/rational_offset_c__noise_0.001__seed_0
327,rational_offset_c__noise_0.001__seed_1,rational_offset_c,Nguyen,rational_offset_c_noise_0.001,rational_offset_c,rational,(x3 + x3)/(1 + abs(x3)),x3,x3,0.001,relative_gaussian_y_train_val,1,512,256,1024,0.0009808263404250989,0.0009677692046743697,data/noise_robustness_metric_v2/splits/rational_offset_c__noise_0.001__seed_1/train_noisy.csv,data/noise_robustness_metric_v2/splits/rational_offset_c__noise_0.001__seed_1/val_noisy.csv,data/noise_robustness_metric_v2/splits/rational_offset_c__noise_0.001__seed_1/test_clean.csv,data/noise_robustness_metric_v2/splits/rational_offset_c__noise_0.001__seed_1/train_clean.csv,data/noise_robustness_metric_v2/splits/rational_offset_c__noise_0.001__seed_1/val_clean.csv,data/noise_robustness_metric_v2/splits/rational_offset_c__noise_0.001__seed_1
328,rational_offset_c__noise_0.001__seed_2,rational_offset_c,Nguyen,rational_offset_c_noise_0.001,rational_offset_c,rational,(x3 + x3)/(1 + abs(x3)),x3,x3,0.001,relative_gaussian_y_train_val,2,512,256,1024,0.0009693111874126392,0.0009572680376370909,data/noise_robustness_metric_v2/splits/rational_offset_c__noise_0.001__seed_2/train_noisy.csv,data/noise_robustness_metric_v2/splits/rational_offset_c__noise_0.001__seed_2/val_noisy.csv,data/noise_robustness_metric_v2/splits/rational_offset_c__noise_0.001__seed_2/test_clean.csv,data/noise_robustness_metric_v2/splits/rational_offset_c__noise_0.001__seed_2/train_clean.csv,data/noise_robustness_metric_v2/splits/rational_offset_c__noise_0.001__seed_2/val_clean.csv,data/noise_robustness_metric_v2/splits/rational_offset_c__noise_0.001__seed_2
329,rational_offset_c__noise_0.001__seed_3,rational_offset_c,Nguyen,rational_offset_c_noise_0.001,rational_offset_c,rational,(x3 + x3)/(1 + abs(x3)),x3,x3,0.001,relative_gaussian_y_train_val,3,512,256,1024,0.0009854677018440077,0.0009707320124315926,data/noise_robustness_metric_v2/splits/rational_offset_c__noise_0.001__seed_3/train_noisy.csv,data/noise_robustness_metric_v2/splits/rational_offset_c__noise_0.001__seed_3/val_noisy.csv,data/noise_robustness_metric_v2/splits/rational_offset_c__noise_0.001__seed_3/test_clean.csv,data/noise_robustness_metric_v2/splits/rational_offset_c__noise_0.001__seed_3/train_clean.csv,data/noise_robustness_metric_v2/splits/rational_offset_c__noise_0.001__seed_3/val_clean.csv,data/noise_robustness_metric_v2/splits/rational_offset_c__noise_0.001__seed_3
330,rational_offset_c__noise_0.001__seed_4,rational_offset_c,Nguyen,rational_offset_c_noise_0.001,rational_offset_c,rational,(x3 + x3)/(1 + abs(x3)),x3,x3,0.001,relative_gaussian_y_train_val,4,512,256,1024,0.0009588882142562515,0.0009538589904222495,data/noise_robustness_metric_v2/splits/rational_offset_c__noise_0.001__seed_4/train_noisy.csv,data/noise_robustness_metric_v2/splits/rational_offset_c__noise_0.001__seed_4/val_noisy.csv,data/noise_robustness_metric_v2/splits/rational_offset_c__noise_0.001__seed_4/test_clean.csv,data/noise_robustness_metric_v2/splits/rational_offset_c__noise_0.001__seed_4/train_clean.csv,data/noise_robustness_metric_v2/splits/rational_offset_c__noise_0.001__seed_4/val_clean.csv,data/noise_robustness_metric_v2/splits/rational_offset_c__noise_0.001__seed_4
331,rational_offset_c__noise_0.01__seed_0,rational_offset_c,Nguyen,rational_offset_c_noise_0.01,rational_offset_c,rational,(x3 + x3)/(1 + abs(x3)),x3,x3,0.01,relative_gaussian_y_train_val,0,512,256,1024,0.009619523947469712,0.009676839999928305,data/noise_robustness_metric_v2/splits/rational_offset_c__noise_0.01__seed_0/train_noisy.csv,data/noise_robustness_metric_v2/splits/rational_offset_c__noise_0.01__seed_0/val_noisy.csv,data/noise_robustness_metric_v2/splits/rational_offset_c__noise_0.01__seed_0/test_clean.csv,data/noise_robustness_metric_v2/splits/rational_offset_c__noise_0.01__seed_0/train_clean.csv,data/noise_robustness_metric_v2/splits/rational_offset_c__noise_0.01__seed_0/val_clean.csv,data/noise_robustness_metric_v2/splits/rational_offset_c__noise_0.01__seed_0
332,rational_offset_c__noise_0.01__seed_1,rational_offset_c,Nguyen,rational_offset_c_noise_0.01,rational_offset_c,rational,(x3 + x3)/(1 + abs(x3)),x3,x3,0.01,relative_gaussian_y_train_val,1,512,256,1024,0.009691649207200262,0.009629639128008672,data/noise_robustness_metric_v2/splits/rational_offset_c__noise_0.01__seed_1/train_noisy.csv,data/noise_robustness_metric_v2/splits/rational_offset_c__noise_0.01__seed_1/val_noisy.csv,data/noise_robustness_metric_v2/splits/rational_offset_c__noise_0.01__seed_1/test_clean.csv,data/noise_robustness_metric_v2/splits/rational_offset_c__noise_0.01__seed_1/train_clean.csv,data/noise_robustness_metric_v2/splits/rational_offset_c__noise_0.01__seed_1/val_clean.csv,data/noise_robustness_metric_v2/splits/rational_offset_c__noise_0.01__seed_1
333,rational_offset_c__noise_0.01__seed_2,rational_offset_c,Nguyen,rational_offset_c_noise_0.01,rational_offset_c,rational,(x3 + x3)/(1 + abs(x3)),x3,x3,0.01,relative_gaussian_y_train_val,2,512,256,1024,0.009736264741145653,0.009788561142804644,data/noise_robustness_metric_v2/splits/rational_offset_c__noise_0.01__seed_2/train_noisy.csv,data/noise_robustness_metric_v2/splits/rational_offset_c__noise_0.01__seed_2/val_noisy.csv,data/noise_robustness_metric_v2/splits/rational_offset_c__noise_0.01__seed_2/test_clean.csv,data/noise_robustness_metric_v2/splits/rational_offset_c__noise_0.01__seed_2/train_clean.csv,data/noise_robustness_metric_v2/splits/rational_offset_c__noise_0.01__seed_2/val_clean.csv,data/noise_robustness_metric_v2/splits/rational_offset_c__noise_0.01__seed_2
334,rational_offset_c__noise_0.01__seed_3,rational_offset_c,Nguyen,rational_offset_c_noise_0.01,rational_offset_c,rational,(x3 + x3)/(1 + abs(x3)),x3,x3,0.01,relative_gaussian_y_train_val,3,512,256,1024,0.009706122671238446,0.01007279631115601,data/noise_robustness_metric_v2/splits/rational_offset_c__noise_0.01__seed_3/train_noisy.csv,data/noise_robustness_metric_v2/splits/rational_offset_c__noise_0.01__seed_3/val_noisy.csv,data/noise_robustness_metric_v2/splits/rational_offset_c__noise_0.01__seed_3/test_clean.csv,data/noise_robustness_metric_v2/splits/rational_offset_c__noise_0.01__seed_3/train_clean.csv,data/noise_robustness_metric_v2/splits/rational_offset_c__noise_0.01__seed_3/val_clean.csv,data/noise_robustness_metric_v2/splits/rational_offset_c__noise_0.01__seed_3
335,rational_offset_c__noise_0.01__seed_4,rational_offset_c,Nguyen,rational_offset_c_noise_0.01,rational_offset_c,rational,(x3 + x3)/(1 + abs(x3)),x3,x3,0.01,relative_gaussian_y_train_val,4,512,256,1024,0.009525601035747679,0.009722198001794462,data/noise_robustness_metric_v2/splits/rational_offset_c__noise_0.01__seed_4/train_noisy.csv,data/noise_robustness_metric_v2/splits/rational_offset_c__noise_0.01__seed_4/val_noisy.csv,data/noise_robustness_metric_v2/splits/rational_offset_c__noise_0.01__seed_4/test_clean.csv,data/noise_robustness_metric_v2/splits/rational_offset_c__noise_0.01__seed_4/train_clean.csv,data/noise_robustness_metric_v2/splits/rational_offset_c__noise_0.01__seed_4/val_clean.csv,data/noise_robustness_metric_v2/splits/rational_offset_c__noise_0.01__seed_4
336,rational_offset_c__noise_0.1__seed_0,rational_offset_c,Nguyen,rational_offset_c_noise_0.1,rational_offset_c,rational,(x3 + x3)/(1 + abs(x3)),x3,x3,0.1,relative_gaussian_y_train_val,0,512,256,1024,0.09660170377156418,0.09535800781190093,data/noise_robustness_metric_v2/splits/rational_offset_c__noise_0.1__seed_0/train_noisy.csv,data/noise_robustness_metric_v2/splits/rational_offset_c__noise_0.1__seed_0/val_noisy.csv,data/noise_robustness_metric_v2/splits/rational_offset_c__noise_0.1__seed_0/test_clean.csv,data/noise_robustness_metric_v2/splits/rational_offset_c__noise_0.1__seed_0/train_clean.csv,data/noise_robustness_metric_v2/splits/rational_offset_c__noise_0.1__seed_0/val_clean.csv,data/noise_robustness_metric_v2/splits/rational_offset_c__noise_0.1__seed_0
337,rational_offset_c__noise_0.1__seed_1,rational_offset_c,Nguyen,rational_offset_c_noise_0.1,rational_offset_c,rational,(x3 + x3)/(1 + abs(x3)),x3,x3,0.1,relative_gaussian_y_train_val,1,512,256,1024,0.09597940847667566,0.09662392490575959,data/noise_robustness_metric_v2/splits/rational_offset_c__noise_0.1__seed_1/train_noisy.csv,data/noise_robustness_metric_v2/splits/rational_offset_c__noise_0.1__seed_1/val_noisy.csv,data/noise_robustness_metric_v2/splits/rational_offset_c__noise_0.1__seed_1/test_clean.csv,data/noise_robustness_metric_v2/splits/rational_offset_c__noise_0.1__seed_1/train_clean.csv,data/noise_robustness_metric_v2/splits/rational_offset_c__noise_0.1__seed_1/val_clean.csv,data/noise_robustness_metric_v2/splits/rational_offset_c__noise_0.1__seed_1
338,rational_offset_c__noise_0.1__seed_2,rational_offset_c,Nguyen,rational_offset_c_noise_0.1,rational_offset_c,rational,(x3 + x3)/(1 + abs(x3)),x3,x3,0.1,relative_gaussian_y_train_val,2,512,256,1024,0.09702066281028299,0.09701440432728048,data/noise_robustness_metric_v2/splits/rational_offset_c__noise_0.1__seed_2/train_noisy.csv,data/noise_robustness_metric_v2/splits/rational_offset_c__noise_0.1__seed_2/val_noisy.csv,data/noise_robustness_metric_v2/splits/rational_offset_c__noise_0.1__seed_2/test_clean.csv,data/noise_robustness_metric_v2/splits/rational_offset_c__noise_0.1__seed_2/train_clean.csv,data/noise_robustness_metric_v2/splits/rational_offset_c__noise_0.1__seed_2/val_clean.csv,data/noise_robustness_metric_v2/splits/rational_offset_c__noise_0.1__seed_2
339,rational_offset_c__noise_0.1__seed_3,rational_offset_c,Nguyen,rational_offset_c_noise_0.1,rational_offset_c,rational,(x3 + x3)/(1 + abs(x3)),x3,x3,0.1,relative_gaussian_y_train_val,3,512,256,1024,0.09707496354087325,0.09534153612814496,data/noise_robustness_metric_v2/splits/rational_offset_c__noise_0.1__seed_3/train_noisy.csv,data/noise_robustness_metric_v2/splits/rational_offset_c__noise_0.1__seed_3/val_noisy.csv,data/noise_robustness_metric_v2/splits/rational_offset_c__noise_0.1__seed_3/test_clean.csv,data/noise_robustness_metric_v2/splits/rational_offset_c__noise_0.1__seed_3/train_clean.csv,data/noise_robustness_metric_v2/splits/rational_offset_c__noise_0.1__seed_3/val_clean.csv,data/noise_robustness_metric_v2/splits/rational_offset_c__noise_0.1__seed_3
340,rational_offset_c__noise_0.1__seed_4,rational_offset_c,Nguyen,rational_offset_c_noise_0.1,rational_offset_c,rational,(x3 + x3)/(1 + abs(x3)),x3,x3,0.1,relative_gaussian_y_train_val,4,512,256,1024,0.09579019054806066,0.0965850006620955,data/noise_robustness_metric_v2/splits/rational_offset_c__noise_0.1__seed_4/train_noisy.csv,data/noise_robustness_metric_v2/splits/rational_offset_c__noise_0.1__seed_4/val_noisy.csv,data/noise_robustness_metric_v2/splits/rational_offset_c__noise_0.1__seed_4/test_clean.csv,data/noise_robustness_metric_v2/splits/rational_offset_c__noise_0.1__seed_4/train_clean.csv,data/noise_robustness_metric_v2/splits/rational_offset_c__noise_0.1__seed_4/val_clean.csv,data/noise_robustness_metric_v2/splits/rational_offset_c__noise_0.1__seed_4
341,rational_quad_a__noise_0__seed_0,rational_quad_a,Nguyen,rational_quad_a_noise_0,rational_quad_a,rational,(x1**2 + 0.25*x2)/(1 + x3**2),x1|x2|x3,x1|x2|x3,0.0,relative_gaussian_y_train_val,0,512,256,1024,0.0,0.0,data/noise_robustness_metric_v2/splits/rational_quad_a__noise_0__seed_0/train_noisy.csv,data/noise_robustness_metric_v2/splits/rational_quad_a__noise_0__seed_0/val_noisy.csv,data/noise_robustness_metric_v2/splits/rational_quad_a__noise_0__seed_0/test_clean.csv,data/noise_robustness_metric_v2/splits/rational_quad_a__noise_0__seed_0/train_clean.csv,data/noise_robustness_metric_v2/splits/rational_quad_a__noise_0__seed_0/val_clean.csv,data/noise_robustness_metric_v2/splits/rational_quad_a__noise_0__seed_0
342,rational_quad_a__noise_0__seed_1,rational_quad_a,Nguyen,rational_quad_a_noise_0,rational_quad_a,rational,(x1**2 + 0.25*x2)/(1 + x3**2),x1|x2|x3,x1|x2|x3,0.0,relative_gaussian_y_train_val,1,512,256,1024,0.0,0.0,data/noise_robustness_metric_v2/splits/rational_quad_a__noise_0__seed_1/train_noisy.csv,data/noise_robustness_metric_v2/splits/rational_quad_a__noise_0__seed_1/val_noisy.csv,data/noise_robustness_metric_v2/splits/rational_quad_a__noise_0__seed_1/test_clean.csv,data/noise_robustness_metric_v2/splits/rational_quad_a__noise_0__seed_1/train_clean.csv,data/noise_robustness_metric_v2/splits/rational_quad_a__noise_0__seed_1/val_clean.csv,data/noise_robustness_metric_v2/splits/rational_quad_a__noise_0__seed_1
343,rational_quad_a__noise_0__seed_2,rational_quad_a,Nguyen,rational_quad_a_noise_0,rational_quad_a,rational,(x1**2 + 0.25*x2)/(1 + x3**2),x1|x2|x3,x1|x2|x3,0.0,relative_gaussian_y_train_val,2,512,256,1024,0.0,0.0,data/noise_robustness_metric_v2/splits/rational_quad_a__noise_0__seed_2/train_noisy.csv,data/noise_robustness_metric_v2/splits/rational_quad_a__noise_0__seed_2/val_noisy.csv,data/noise_robustness_metric_v2/splits/rational_quad_a__noise_0__seed_2/test_clean.csv,data/noise_robustness_metric_v2/splits/rational_quad_a__noise_0__seed_2/train_clean.csv,data/noise_robustness_metric_v2/splits/rational_quad_a__noise_0__seed_2/val_clean.csv,data/noise_robustness_metric_v2/splits/rational_quad_a__noise_0__seed_2
344,rational_quad_a__noise_0__seed_3,rational_quad_a,Nguyen,rational_quad_a_noise_0,rational_quad_a,rational,(x1**2 + 0.25*x2)/(1 + x3**2),x1|x2|x3,x1|x2|x3,0.0,relative_gaussian_y_train_val,3,512,256,1024,0.0,0.0,data/noise_robustness_metric_v2/splits/rational_quad_a__noise_0__seed_3/train_noisy.csv,data/noise_robustness_metric_v2/splits/rational_quad_a__noise_0__seed_3/val_noisy.csv,data/noise_robustness_metric_v2/splits/rational_quad_a__noise_0__seed_3/test_clean.csv,data/noise_robustness_metric_v2/splits/rational_quad_a__noise_0__seed_3/train_clean.csv,data/noise_robustness_metric_v2/splits/rational_quad_a__noise_0__seed_3/val_clean.csv,data/noise_robustness_metric_v2/splits/rational_quad_a__noise_0__seed_3
345,rational_quad_a__noise_0__seed_4,rational_quad_a,Nguyen,rational_quad_a_noise_0,rational_quad_a,rational,(x1**2 + 0.25*x2)/(1 + x3**2),x1|x2|x3,x1|x2|x3,0.0,relative_gaussian_y_train_val,4,512,256,1024,0.0,0.0,data/noise_robustness_metric_v2/splits/rational_quad_a__noise_0__seed_4/train_noisy.csv,data/noise_robustness_metric_v2/splits/rational_quad_a__noise_0__seed_4/val_noisy.csv,data/noise_robustness_metric_v2/splits/rational_quad_a__noise_0__seed_4/test_clean.csv,data/noise_robustness_metric_v2/splits/rational_quad_a__noise_0__seed_4/train_clean.csv,data/noise_robustness_metric_v2/splits/rational_quad_a__noise_0__seed_4/val_clean.csv,data/noise_robustness_metric_v2/splits/rational_quad_a__noise_0__seed_4
346,rational_quad_a__noise_0.001__seed_0,rational_quad_a,Nguyen,rational_quad_a_noise_0.001,rational_quad_a,rational,(x1**2 + 0.25*x2)/(1 + x3**2),x1|x2|x3,x1|x2|x3,0.001,relative_gaussian_y_train_val,0,512,256,1024,0.0008719535758591942,0.0007793123745149699,data/noise_robustness_metric_v2/splits/rational_quad_a__noise_0.001__seed_0/train_noisy.csv,data/noise_robustness_metric_v2/splits/rational_quad_a__noise_0.001__seed_0/val_noisy.csv,data/noise_robustness_metric_v2/splits/rational_quad_a__noise_0.001__seed_0/test_clean.csv,data/noise_robustness_metric_v2/splits/rational_quad_a__noise_0.001__seed_0/train_clean.csv,data/noise_robustness_metric_v2/splits/rational_quad_a__noise_0.001__seed_0/val_clean.csv,data/noise_robustness_metric_v2/splits/rational_quad_a__noise_0.001__seed_0
347,rational_quad_a__noise_0.001__seed_1,rational_quad_a,Nguyen,rational_quad_a_noise_0.001,rational_quad_a,rational,(x1**2 + 0.25*x2)/(1 + x3**2),x1|x2|x3,x1|x2|x3,0.001,relative_gaussian_y_train_val,1,512,256,1024,0.0008620524674484497,0.0008497926115860802,data/noise_robustness_metric_v2/splits/rational_quad_a__noise_0.001__seed_1/train_noisy.csv,data/noise_robustness_metric_v2/splits/rational_quad_a__noise_0.001__seed_1/val_noisy.csv,data/noise_robustness_metric_v2/splits/rational_quad_a__noise_0.001__seed_1/test_clean.csv,data/noise_robustness_metric_v2/splits/rational_quad_a__noise_0.001__seed_1/train_clean.csv,data/noise_robustness_metric_v2/splits/rational_quad_a__noise_0.001__seed_1/val_clean.csv,data/noise_robustness_metric_v2/splits/rational_quad_a__noise_0.001__seed_1
348,rational_quad_a__noise_0.001__seed_2,rational_quad_a,Nguyen,rational_quad_a_noise_0.001,rational_quad_a,rational,(x1**2 + 0.25*x2)/(1 + x3**2),x1|x2|x3,x1|x2|x3,0.001,relative_gaussian_y_train_val,2,512,256,1024,0.0008432235566580865,0.0007978687410691636,data/noise_robustness_metric_v2/splits/rational_quad_a__noise_0.001__seed_2/train_noisy.csv,data/noise_robustness_metric_v2/splits/rational_quad_a__noise_0.001__seed_2/val_noisy.csv,data/noise_robustness_metric_v2/splits/rational_quad_a__noise_0.001__seed_2/test_clean.csv,data/noise_robustness_metric_v2/splits/rational_quad_a__noise_0.001__seed_2/train_clean.csv,data/noise_robustness_metric_v2/splits/rational_quad_a__noise_0.001__seed_2/val_clean.csv,data/noise_robustness_metric_v2/splits/rational_quad_a__noise_0.001__seed_2
349,rational_quad_a__noise_0.001__seed_3,rational_quad_a,Nguyen,rational_quad_a_noise_0.001,rational_quad_a,rational,(x1**2 + 0.25*x2)/(1 + x3**2),x1|x2|x3,x1|x2|x3,0.001,relative_gaussian_y_train_val,3,512,256,1024,0.000838945162866212,0.0008658719858954413,data/noise_robustness_metric_v2/splits/rational_quad_a__noise_0.001__seed_3/train_noisy.csv,data/noise_robustness_metric_v2/splits/rational_quad_a__noise_0.001__seed_3/val_noisy.csv,data/noise_robustness_metric_v2/splits/rational_quad_a__noise_0.001__seed_3/test_clean.csv,data/noise_robustness_metric_v2/splits/rational_quad_a__noise_0.001__seed_3/train_clean.csv,data/noise_robustness_metric_v2/splits/rational_quad_a__noise_0.001__seed_3/val_clean.csv,data/noise_robustness_metric_v2/splits/rational_quad_a__noise_0.001__seed_3
350,rational_quad_a__noise_0.001__seed_4,rational_quad_a,Nguyen,rational_quad_a_noise_0.001,rational_quad_a,rational,(x1**2 + 0.25*x2)/(1 + x3**2),x1|x2|x3,x1|x2|x3,0.001,relative_gaussian_y_train_val,4,512,256,1024,0.0008729511574875137,0.0009023944174919326,data/noise_robustness_metric_v2/splits/rational_quad_a__noise_0.001__seed_4/train_noisy.csv,data/noise_robustness_metric_v2/splits/rational_quad_a__noise_0.001__seed_4/val_noisy.csv,data/noise_robustness_metric_v2/splits/rational_quad_a__noise_0.001__seed_4/test_clean.csv,data/noise_robustness_metric_v2/splits/rational_quad_a__noise_0.001__seed_4/train_clean.csv,data/noise_robustness_metric_v2/splits/rational_quad_a__noise_0.001__seed_4/val_clean.csv,data/noise_robustness_metric_v2/splits/rational_quad_a__noise_0.001__seed_4
351,rational_quad_a__noise_0.01__seed_0,rational_quad_a,Nguyen,rational_quad_a_noise_0.01,rational_quad_a,rational,(x1**2 + 0.25*x2)/(1 + x3**2),x1|x2|x3,x1|x2|x3,0.01,relative_gaussian_y_train_val,0,512,256,1024,0.008417138800712837,0.008708318886937093,data/noise_robustness_metric_v2/splits/rational_quad_a__noise_0.01__seed_0/train_noisy.csv,data/noise_robustness_metric_v2/splits/rational_quad_a__noise_0.01__seed_0/val_noisy.csv,data/noise_robustness_metric_v2/splits/rational_quad_a__noise_0.01__seed_0/test_clean.csv,data/noise_robustness_metric_v2/splits/rational_quad_a__noise_0.01__seed_0/train_clean.csv,data/noise_robustness_metric_v2/splits/rational_quad_a__noise_0.01__seed_0/val_clean.csv,data/noise_robustness_metric_v2/splits/rational_quad_a__noise_0.01__seed_0
352,rational_quad_a__noise_0.01__seed_1,rational_quad_a,Nguyen,rational_quad_a_noise_0.01,rational_quad_a,rational,(x1**2 + 0.25*x2)/(1 + x3**2),x1|x2|x3,x1|x2|x3,0.01,relative_gaussian_y_train_val,1,512,256,1024,0.009391107989937409,0.0076725960555280035,data/noise_robustness_metric_v2/splits/rational_quad_a__noise_0.01__seed_1/train_noisy.csv,data/noise_robustness_metric_v2/splits/rational_quad_a__noise_0.01__seed_1/val_noisy.csv,data/noise_robustness_metric_v2/splits/rational_quad_a__noise_0.01__seed_1/test_clean.csv,data/noise_robustness_metric_v2/splits/rational_quad_a__noise_0.01__seed_1/train_clean.csv,data/noise_robustness_metric_v2/splits/rational_quad_a__noise_0.01__seed_1/val_clean.csv,data/noise_robustness_metric_v2/splits/rational_quad_a__noise_0.01__seed_1
353,rational_quad_a__noise_0.01__seed_2,rational_quad_a,Nguyen,rational_quad_a_noise_0.01,rational_quad_a,rational,(x1**2 + 0.25*x2)/(1 + x3**2),x1|x2|x3,x1|x2|x3,0.01,relative_gaussian_y_train_val,2,512,256,1024,0.008097728303974377,0.008973388011500986,data/noise_robustness_metric_v2/splits/rational_quad_a__noise_0.01__seed_2/train_noisy.csv,data/noise_robustness_metric_v2/splits/rational_quad_a__noise_0.01__seed_2/val_noisy.csv,data/noise_robustness_metric_v2/splits/rational_quad_a__noise_0.01__seed_2/test_clean.csv,data/noise_robustness_metric_v2/splits/rational_quad_a__noise_0.01__seed_2/train_clean.csv,data/noise_robustness_metric_v2/splits/rational_quad_a__noise_0.01__seed_2/val_clean.csv,data/noise_robustness_metric_v2/splits/rational_quad_a__noise_0.01__seed_2
354,rational_quad_a__noise_0.01__seed_3,rational_quad_a,Nguyen,rational_quad_a_noise_0.01,rational_quad_a,rational,(x1**2 + 0.25*x2)/(1 + x3**2),x1|x2|x3,x1|x2|x3,0.01,relative_gaussian_y_train_val,3,512,256,1024,0.008068931395660832,0.008829435906085202,data/noise_robustness_metric_v2/splits/rational_quad_a__noise_0.01__seed_3/train_noisy.csv,data/noise_robustness_metric_v2/splits/rational_quad_a__noise_0.01__seed_3/val_noisy.csv,data/noise_robustness_metric_v2/splits/rational_quad_a__noise_0.01__seed_3/test_clean.csv,data/noise_robustness_metric_v2/splits/rational_quad_a__noise_0.01__seed_3/train_clean.csv,data/noise_robustness_metric_v2/splits/rational_quad_a__noise_0.01__seed_3/val_clean.csv,data/noise_robustness_metric_v2/splits/rational_quad_a__noise_0.01__seed_3
355,rational_quad_a__noise_0.01__seed_4,rational_quad_a,Nguyen,rational_quad_a_noise_0.01,rational_quad_a,rational,(x1**2 + 0.25*x2)/(1 + x3**2),x1|x2|x3,x1|x2|x3,0.01,relative_gaussian_y_train_val,4,512,256,1024,0.008565306529653146,0.007432993220513154,data/noise_robustness_metric_v2/splits/rational_quad_a__noise_0.01__seed_4/train_noisy.csv,data/noise_robustness_metric_v2/splits/rational_quad_a__noise_0.01__seed_4/val_noisy.csv,data/noise_robustness_metric_v2/splits/rational_quad_a__noise_0.01__seed_4/test_clean.csv,data/noise_robustness_metric_v2/splits/rational_quad_a__noise_0.01__seed_4/train_clean.csv,data/noise_robustness_metric_v2/splits/rational_quad_a__noise_0.01__seed_4/val_clean.csv,data/noise_robustness_metric_v2/splits/rational_quad_a__noise_0.01__seed_4
356,rational_quad_a__noise_0.1__seed_0,rational_quad_a,Nguyen,rational_quad_a_noise_0.1,rational_quad_a,rational,(x1**2 + 0.25*x2)/(1 + x3**2),x1|x2|x3,x1|x2|x3,0.1,relative_gaussian_y_train_val,0,512,256,1024,0.08144628772702361,0.08996804966132438,data/noise_robustness_metric_v2/splits/rational_quad_a__noise_0.1__seed_0/train_noisy.csv,data/noise_robustness_metric_v2/splits/rational_quad_a__noise_0.1__seed_0/val_noisy.csv,data/noise_robustness_metric_v2/splits/rational_quad_a__noise_0.1__seed_0/test_clean.csv,data/noise_robustness_metric_v2/splits/rational_quad_a__noise_0.1__seed_0/train_clean.csv,data/noise_robustness_metric_v2/splits/rational_quad_a__noise_0.1__seed_0/val_clean.csv,data/noise_robustness_metric_v2/splits/rational_quad_a__noise_0.1__seed_0
357,rational_quad_a__noise_0.1__seed_1,rational_quad_a,Nguyen,rational_quad_a_noise_0.1,rational_quad_a,rational,(x1**2 + 0.25*x2)/(1 + x3**2),x1|x2|x3,x1|x2|x3,0.1,relative_gaussian_y_train_val,1,512,256,1024,0.09210560585344779,0.08094577901560751,data/noise_robustness_metric_v2/splits/rational_quad_a__noise_0.1__seed_1/train_noisy.csv,data/noise_robustness_metric_v2/splits/rational_quad_a__noise_0.1__seed_1/val_noisy.csv,data/noise_robustness_metric_v2/splits/rational_quad_a__noise_0.1__seed_1/test_clean.csv,data/noise_robustness_metric_v2/splits/rational_quad_a__noise_0.1__seed_1/train_clean.csv,data/noise_robustness_metric_v2/splits/rational_quad_a__noise_0.1__seed_1/val_clean.csv,data/noise_robustness_metric_v2/splits/rational_quad_a__noise_0.1__seed_1
358,rational_quad_a__noise_0.1__seed_2,rational_quad_a,Nguyen,rational_quad_a_noise_0.1,rational_quad_a,rational,(x1**2 + 0.25*x2)/(1 + x3**2),x1|x2|x3,x1|x2|x3,0.1,relative_gaussian_y_train_val,2,512,256,1024,0.08171468772943777,0.08362841991737491,data/noise_robustness_metric_v2/splits/rational_quad_a__noise_0.1__seed_2/train_noisy.csv,data/noise_robustness_metric_v2/splits/rational_quad_a__noise_0.1__seed_2/val_noisy.csv,data/noise_robustness_metric_v2/splits/rational_quad_a__noise_0.1__seed_2/test_clean.csv,data/noise_robustness_metric_v2/splits/rational_quad_a__noise_0.1__seed_2/train_clean.csv,data/noise_robustness_metric_v2/splits/rational_quad_a__noise_0.1__seed_2/val_clean.csv,data/noise_robustness_metric_v2/splits/rational_quad_a__noise_0.1__seed_2
359,rational_quad_a__noise_0.1__seed_3,rational_quad_a,Nguyen,rational_quad_a_noise_0.1,rational_quad_a,rational,(x1**2 + 0.25*x2)/(1 + x3**2),x1|x2|x3,x1|x2|x3,0.1,relative_gaussian_y_train_val,3,512,256,1024,0.08380310834750976,0.08613827195633572,data/noise_robustness_metric_v2/splits/rational_quad_a__noise_0.1__seed_3/train_noisy.csv,data/noise_robustness_metric_v2/splits/rational_quad_a__noise_0.1__seed_3/val_noisy.csv,data/noise_robustness_metric_v2/splits/rational_quad_a__noise_0.1__seed_3/test_clean.csv,data/noise_robustness_metric_v2/splits/rational_quad_a__noise_0.1__seed_3/train_clean.csv,data/noise_robustness_metric_v2/splits/rational_quad_a__noise_0.1__seed_3/val_clean.csv,data/noise_robustness_metric_v2/splits/rational_quad_a__noise_0.1__seed_3
360,rational_quad_a__noise_0.1__seed_4,rational_quad_a,Nguyen,rational_quad_a_noise_0.1,rational_quad_a,rational,(x1**2 + 0.25*x2)/(1 + x3**2),x1|x2|x3,x1|x2|x3,0.1,relative_gaussian_y_train_val,4,512,256,1024,0.08486691559591301,0.08103180588433857,data/noise_robustness_metric_v2/splits/rational_quad_a__noise_0.1__seed_4/train_noisy.csv,data/noise_robustness_metric_v2/splits/rational_quad_a__noise_0.1__seed_4/val_noisy.csv,data/noise_robustness_metric_v2/splits/rational_quad_a__noise_0.1__seed_4/test_clean.csv,data/noise_robustness_metric_v2/splits/rational_quad_a__noise_0.1__seed_4/train_clean.csv,data/noise_robustness_metric_v2/splits/rational_quad_a__noise_0.1__seed_4/val_clean.csv,data/noise_robustness_metric_v2/splits/rational_quad_a__noise_0.1__seed_4
361,rational_quad_b__noise_0__seed_0,rational_quad_b,Nguyen,rational_quad_b_noise_0,rational_quad_b,rational,(x2**2 + 0.25*x3)/(1 + x2**2),x2|x3,x2|x3,0.0,relative_gaussian_y_train_val,0,512,256,1024,0.0,0.0,data/noise_robustness_metric_v2/splits/rational_quad_b__noise_0__seed_0/train_noisy.csv,data/noise_robustness_metric_v2/splits/rational_quad_b__noise_0__seed_0/val_noisy.csv,data/noise_robustness_metric_v2/splits/rational_quad_b__noise_0__seed_0/test_clean.csv,data/noise_robustness_metric_v2/splits/rational_quad_b__noise_0__seed_0/train_clean.csv,data/noise_robustness_metric_v2/splits/rational_quad_b__noise_0__seed_0/val_clean.csv,data/noise_robustness_metric_v2/splits/rational_quad_b__noise_0__seed_0
362,rational_quad_b__noise_0__seed_1,rational_quad_b,Nguyen,rational_quad_b_noise_0,rational_quad_b,rational,(x2**2 + 0.25*x3)/(1 + x2**2),x2|x3,x2|x3,0.0,relative_gaussian_y_train_val,1,512,256,1024,0.0,0.0,data/noise_robustness_metric_v2/splits/rational_quad_b__noise_0__seed_1/train_noisy.csv,data/noise_robustness_metric_v2/splits/rational_quad_b__noise_0__seed_1/val_noisy.csv,data/noise_robustness_metric_v2/splits/rational_quad_b__noise_0__seed_1/test_clean.csv,data/noise_robustness_metric_v2/splits/rational_quad_b__noise_0__seed_1/train_clean.csv,data/noise_robustness_metric_v2/splits/rational_quad_b__noise_0__seed_1/val_clean.csv,data/noise_robustness_metric_v2/splits/rational_quad_b__noise_0__seed_1
363,rational_quad_b__noise_0__seed_2,rational_quad_b,Nguyen,rational_quad_b_noise_0,rational_quad_b,rational,(x2**2 + 0.25*x3)/(1 + x2**2),x2|x3,x2|x3,0.0,relative_gaussian_y_train_val,2,512,256,1024,0.0,0.0,data/noise_robustness_metric_v2/splits/rational_quad_b__noise_0__seed_2/train_noisy.csv,data/noise_robustness_metric_v2/splits/rational_quad_b__noise_0__seed_2/val_noisy.csv,data/noise_robustness_metric_v2/splits/rational_quad_b__noise_0__seed_2/test_clean.csv,data/noise_robustness_metric_v2/splits/rational_quad_b__noise_0__seed_2/train_clean.csv,data/noise_robustness_metric_v2/splits/rational_quad_b__noise_0__seed_2/val_clean.csv,data/noise_robustness_metric_v2/splits/rational_quad_b__noise_0__seed_2
364,rational_quad_b__noise_0__seed_3,rational_quad_b,Nguyen,rational_quad_b_noise_0,rational_quad_b,rational,(x2**2 + 0.25*x3)/(1 + x2**2),x2|x3,x2|x3,0.0,relative_gaussian_y_train_val,3,512,256,1024,0.0,0.0,data/noise_robustness_metric_v2/splits/rational_quad_b__noise_0__seed_3/train_noisy.csv,data/noise_robustness_metric_v2/splits/rational_quad_b__noise_0__seed_3/val_noisy.csv,data/noise_robustness_metric_v2/splits/rational_quad_b__noise_0__seed_3/test_clean.csv,data/noise_robustness_metric_v2/splits/rational_quad_b__noise_0__seed_3/train_clean.csv,data/noise_robustness_metric_v2/splits/rational_quad_b__noise_0__seed_3/val_clean.csv,data/noise_robustness_metric_v2/splits/rational_quad_b__noise_0__seed_3
365,rational_quad_b__noise_0__seed_4,rational_quad_b,Nguyen,rational_quad_b_noise_0,rational_quad_b,rational,(x2**2 + 0.25*x3)/(1 + x2**2),x2|x3,x2|x3,0.0,relative_gaussian_y_train_val,4,512,256,1024,0.0,0.0,data/noise_robustness_metric_v2/splits/rational_quad_b__noise_0__seed_4/train_noisy.csv,data/noise_robustness_metric_v2/splits/rational_quad_b__noise_0__seed_4/val_noisy.csv,data/noise_robustness_metric_v2/splits/rational_quad_b__noise_0__seed_4/test_clean.csv,data/noise_robustness_metric_v2/splits/rational_quad_b__noise_0__seed_4/train_clean.csv,data/noise_robustness_metric_v2/splits/rational_quad_b__noise_0__seed_4/val_clean.csv,data/noise_robustness_metric_v2/splits/rational_quad_b__noise_0__seed_4
366,rational_quad_b__noise_0.001__seed_0,rational_quad_b,Nguyen,rational_quad_b_noise_0.001,rational_quad_b,rational,(x2**2 + 0.25*x3)/(1 + x2**2),x2|x3,x2|x3,0.001,relative_gaussian_y_train_val,0,512,256,1024,0.00030262307572560143,0.00032438065611392733,data/noise_robustness_metric_v2/splits/rational_quad_b__noise_0.001__seed_0/train_noisy.csv,data/noise_robustness_metric_v2/splits/rational_quad_b__noise_0.001__seed_0/val_noisy.csv,data/noise_robustness_metric_v2/splits/rational_quad_b__noise_0.001__seed_0/test_clean.csv,data/noise_robustness_metric_v2/splits/rational_quad_b__noise_0.001__seed_0/train_clean.csv,data/noise_robustness_metric_v2/splits/rational_quad_b__noise_0.001__seed_0/val_clean.csv,data/noise_robustness_metric_v2/splits/rational_quad_b__noise_0.001__seed_0
367,rational_quad_b__noise_0.001__seed_1,rational_quad_b,Nguyen,rational_quad_b_noise_0.001,rational_quad_b,rational,(x2**2 + 0.25*x3)/(1 + x2**2),x2|x3,x2|x3,0.001,relative_gaussian_y_train_val,1,512,256,1024,0.00033568859841075785,0.00032548917368483793,data/noise_robustness_metric_v2/splits/rational_quad_b__noise_0.001__seed_1/train_noisy.csv,data/noise_robustness_metric_v2/splits/rational_quad_b__noise_0.001__seed_1/val_noisy.csv,data/noise_robustness_metric_v2/splits/rational_quad_b__noise_0.001__seed_1/test_clean.csv,data/noise_robustness_metric_v2/splits/rational_quad_b__noise_0.001__seed_1/train_clean.csv,data/noise_robustness_metric_v2/splits/rational_quad_b__noise_0.001__seed_1/val_clean.csv,data/noise_robustness_metric_v2/splits/rational_quad_b__noise_0.001__seed_1
368,rational_quad_b__noise_0.001__seed_2,rational_quad_b,Nguyen,rational_quad_b_noise_0.001,rational_quad_b,rational,(x2**2 + 0.25*x3)/(1 + x2**2),x2|x3,x2|x3,0.001,relative_gaussian_y_train_val,2,512,256,1024,0.0003062820622648039,0.00031763997857696576,data/noise_robustness_metric_v2/splits/rational_quad_b__noise_0.001__seed_2/train_noisy.csv,data/noise_robustness_metric_v2/splits/rational_quad_b__noise_0.001__seed_2/val_noisy.csv,data/noise_robustness_metric_v2/splits/rational_quad_b__noise_0.001__seed_2/test_clean.csv,data/noise_robustness_metric_v2/splits/rational_quad_b__noise_0.001__seed_2/train_clean.csv,data/noise_robustness_metric_v2/splits/rational_quad_b__noise_0.001__seed_2/val_clean.csv,data/noise_robustness_metric_v2/splits/rational_quad_b__noise_0.001__seed_2
369,rational_quad_b__noise_0.001__seed_3,rational_quad_b,Nguyen,rational_quad_b_noise_0.001,rational_quad_b,rational,(x2**2 + 0.25*x3)/(1 + x2**2),x2|x3,x2|x3,0.001,relative_gaussian_y_train_val,3,512,256,1024,0.0003163314732988119,0.0003307861961917134,data/noise_robustness_metric_v2/splits/rational_quad_b__noise_0.001__seed_3/train_noisy.csv,data/noise_robustness_metric_v2/splits/rational_quad_b__noise_0.001__seed_3/val_noisy.csv,data/noise_robustness_metric_v2/splits/rational_quad_b__noise_0.001__seed_3/test_clean.csv,data/noise_robustness_metric_v2/splits/rational_quad_b__noise_0.001__seed_3/train_clean.csv,data/noise_robustness_metric_v2/splits/rational_quad_b__noise_0.001__seed_3/val_clean.csv,data/noise_robustness_metric_v2/splits/rational_quad_b__noise_0.001__seed_3
370,rational_quad_b__noise_0.001__seed_4,rational_quad_b,Nguyen,rational_quad_b_noise_0.001,rational_quad_b,rational,(x2**2 + 0.25*x3)/(1 + x2**2),x2|x3,x2|x3,0.001,relative_gaussian_y_train_val,4,512,256,1024,0.0003229832338176196,0.00031863137863749136,data/noise_robustness_metric_v2/splits/rational_quad_b__noise_0.001__seed_4/train_noisy.csv,data/noise_robustness_metric_v2/splits/rational_quad_b__noise_0.001__seed_4/val_noisy.csv,data/noise_robustness_metric_v2/splits/rational_quad_b__noise_0.001__seed_4/test_clean.csv,data/noise_robustness_metric_v2/splits/rational_quad_b__noise_0.001__seed_4/train_clean.csv,data/noise_robustness_metric_v2/splits/rational_quad_b__noise_0.001__seed_4/val_clean.csv,data/noise_robustness_metric_v2/splits/rational_quad_b__noise_0.001__seed_4
371,rational_quad_b__noise_0.01__seed_0,rational_quad_b,Nguyen,rational_quad_b_noise_0.01,rational_quad_b,rational,(x2**2 + 0.25*x3)/(1 + x2**2),x2|x3,x2|x3,0.01,relative_gaussian_y_train_val,0,512,256,1024,0.003160802302019038,0.003098065652420704,data/noise_robustness_metric_v2/splits/rational_quad_b__noise_0.01__seed_0/train_noisy.csv,data/noise_robustness_metric_v2/splits/rational_quad_b__noise_0.01__seed_0/val_noisy.csv,data/noise_robustness_metric_v2/splits/rational_quad_b__noise_0.01__seed_0/test_clean.csv,data/noise_robustness_metric_v2/splits/rational_quad_b__noise_0.01__seed_0/train_clean.csv,data/noise_robustness_metric_v2/splits/rational_quad_b__noise_0.01__seed_0/val_clean.csv,data/noise_robustness_metric_v2/splits/rational_quad_b__noise_0.01__seed_0
372,rational_quad_b__noise_0.01__seed_1,rational_quad_b,Nguyen,rational_quad_b_noise_0.01,rational_quad_b,rational,(x2**2 + 0.25*x3)/(1 + x2**2),x2|x3,x2|x3,0.01,relative_gaussian_y_train_val,1,512,256,1024,0.003105505448284005,0.0032644495537361724,data/noise_robustness_metric_v2/splits/rational_quad_b__noise_0.01__seed_1/train_noisy.csv,data/noise_robustness_metric_v2/splits/rational_quad_b__noise_0.01__seed_1/val_noisy.csv,data/noise_robustness_metric_v2/splits/rational_quad_b__noise_0.01__seed_1/test_clean.csv,data/noise_robustness_metric_v2/splits/rational_quad_b__noise_0.01__seed_1/train_clean.csv,data/noise_robustness_metric_v2/splits/rational_quad_b__noise_0.01__seed_1/val_clean.csv,data/noise_robustness_metric_v2/splits/rational_quad_b__noise_0.01__seed_1
373,rational_quad_b__noise_0.01__seed_2,rational_quad_b,Nguyen,rational_quad_b_noise_0.01,rational_quad_b,rational,(x2**2 + 0.25*x3)/(1 + x2**2),x2|x3,x2|x3,0.01,relative_gaussian_y_train_val,2,512,256,1024,0.0030922370679096578,0.0032200068662500583,data/noise_robustness_metric_v2/splits/rational_quad_b__noise_0.01__seed_2/train_noisy.csv,data/noise_robustness_metric_v2/splits/rational_quad_b__noise_0.01__seed_2/val_noisy.csv,data/noise_robustness_metric_v2/splits/rational_quad_b__noise_0.01__seed_2/test_clean.csv,data/noise_robustness_metric_v2/splits/rational_quad_b__noise_0.01__seed_2/train_clean.csv,data/noise_robustness_metric_v2/splits/rational_quad_b__noise_0.01__seed_2/val_clean.csv,data/noise_robustness_metric_v2/splits/rational_quad_b__noise_0.01__seed_2
374,rational_quad_b__noise_0.01__seed_3,rational_quad_b,Nguyen,rational_quad_b_noise_0.01,rational_quad_b,rational,(x2**2 + 0.25*x3)/(1 + x2**2),x2|x3,x2|x3,0.01,relative_gaussian_y_train_val,3,512,256,1024,0.003141016868644046,0.003304771268674112,data/noise_robustness_metric_v2/splits/rational_quad_b__noise_0.01__seed_3/train_noisy.csv,data/noise_robustness_metric_v2/splits/rational_quad_b__noise_0.01__seed_3/val_noisy.csv,data/noise_robustness_metric_v2/splits/rational_quad_b__noise_0.01__seed_3/test_clean.csv,data/noise_robustness_metric_v2/splits/rational_quad_b__noise_0.01__seed_3/train_clean.csv,data/noise_robustness_metric_v2/splits/rational_quad_b__noise_0.01__seed_3/val_clean.csv,data/noise_robustness_metric_v2/splits/rational_quad_b__noise_0.01__seed_3
375,rational_quad_b__noise_0.01__seed_4,rational_quad_b,Nguyen,rational_quad_b_noise_0.01,rational_quad_b,rational,(x2**2 + 0.25*x3)/(1 + x2**2),x2|x3,x2|x3,0.01,relative_gaussian_y_train_val,4,512,256,1024,0.0031698427710231103,0.0030090637332079724,data/noise_robustness_metric_v2/splits/rational_quad_b__noise_0.01__seed_4/train_noisy.csv,data/noise_robustness_metric_v2/splits/rational_quad_b__noise_0.01__seed_4/val_noisy.csv,data/noise_robustness_metric_v2/splits/rational_quad_b__noise_0.01__seed_4/test_clean.csv,data/noise_robustness_metric_v2/splits/rational_quad_b__noise_0.01__seed_4/train_clean.csv,data/noise_robustness_metric_v2/splits/rational_quad_b__noise_0.01__seed_4/val_clean.csv,data/noise_robustness_metric_v2/splits/rational_quad_b__noise_0.01__seed_4
376,rational_quad_b__noise_0.1__seed_0,rational_quad_b,Nguyen,rational_quad_b_noise_0.1,rational_quad_b,rational,(x2**2 + 0.25*x3)/(1 + x2**2),x2|x3,x2|x3,0.1,relative_gaussian_y_train_val,0,512,256,1024,0.03137711733222988,0.0315642779846319,data/noise_robustness_metric_v2/splits/rational_quad_b__noise_0.1__seed_0/train_noisy.csv,data/noise_robustness_metric_v2/splits/rational_quad_b__noise_0.1__seed_0/val_noisy.csv,data/noise_robustness_metric_v2/splits/rational_quad_b__noise_0.1__seed_0/test_clean.csv,data/noise_robustness_metric_v2/splits/rational_quad_b__noise_0.1__seed_0/train_clean.csv,data/noise_robustness_metric_v2/splits/rational_quad_b__noise_0.1__seed_0/val_clean.csv,data/noise_robustness_metric_v2/splits/rational_quad_b__noise_0.1__seed_0
377,rational_quad_b__noise_0.1__seed_1,rational_quad_b,Nguyen,rational_quad_b_noise_0.1,rational_quad_b,rational,(x2**2 + 0.25*x3)/(1 + x2**2),x2|x3,x2|x3,0.1,relative_gaussian_y_train_val,1,512,256,1024,0.029904589176291047,0.03457923127533618,data/noise_robustness_metric_v2/splits/rational_quad_b__noise_0.1__seed_1/train_noisy.csv,data/noise_robustness_metric_v2/splits/rational_quad_b__noise_0.1__seed_1/val_noisy.csv,data/noise_robustness_metric_v2/splits/rational_quad_b__noise_0.1__seed_1/test_clean.csv,data/noise_robustness_metric_v2/splits/rational_quad_b__noise_0.1__seed_1/train_clean.csv,data/noise_robustness_metric_v2/splits/rational_quad_b__noise_0.1__seed_1/val_clean.csv,data/noise_robustness_metric_v2/splits/rational_quad_b__noise_0.1__seed_1
378,rational_quad_b__noise_0.1__seed_2,rational_quad_b,Nguyen,rational_quad_b_noise_0.1,rational_quad_b,rational,(x2**2 + 0.25*x3)/(1 + x2**2),x2|x3,x2|x3,0.1,relative_gaussian_y_train_val,2,512,256,1024,0.03125717025054441,0.0311949057737132,data/noise_robustness_metric_v2/splits/rational_quad_b__noise_0.1__seed_2/train_noisy.csv,data/noise_robustness_metric_v2/splits/rational_quad_b__noise_0.1__seed_2/val_noisy.csv,data/noise_robustness_metric_v2/splits/rational_quad_b__noise_0.1__seed_2/test_clean.csv,data/noise_robustness_metric_v2/splits/rational_quad_b__noise_0.1__seed_2/train_clean.csv,data/noise_robustness_metric_v2/splits/rational_quad_b__noise_0.1__seed_2/val_clean.csv,data/noise_robustness_metric_v2/splits/rational_quad_b__noise_0.1__seed_2
379,rational_quad_b__noise_0.1__seed_3,rational_quad_b,Nguyen,rational_quad_b_noise_0.1,rational_quad_b,rational,(x2**2 + 0.25*x3)/(1 + x2**2),x2|x3,x2|x3,0.1,relative_gaussian_y_train_val,3,512,256,1024,0.0329244088345604,0.03239601961964115,data/noise_robustness_metric_v2/splits/rational_quad_b__noise_0.1__seed_3/train_noisy.csv,data/noise_robustness_metric_v2/splits/rational_quad_b__noise_0.1__seed_3/val_noisy.csv,data/noise_robustness_metric_v2/splits/rational_quad_b__noise_0.1__seed_3/test_clean.csv,data/noise_robustness_metric_v2/splits/rational_quad_b__noise_0.1__seed_3/train_clean.csv,data/noise_robustness_metric_v2/splits/rational_quad_b__noise_0.1__seed_3/val_clean.csv,data/noise_robustness_metric_v2/splits/rational_quad_b__noise_0.1__seed_3
380,rational_quad_b__noise_0.1__seed_4,rational_quad_b,Nguyen,rational_quad_b_noise_0.1,rational_quad_b,rational,(x2**2 + 0.25*x3)/(1 + x2**2),x2|x3,x2|x3,0.1,relative_gaussian_y_train_val,4,512,256,1024,0.032345740067340145,0.03224548065970326,data/noise_robustness_metric_v2/splits/rational_quad_b__noise_0.1__seed_4/train_noisy.csv,data/noise_robustness_metric_v2/splits/rational_quad_b__noise_0.1__seed_4/val_noisy.csv,data/noise_robustness_metric_v2/splits/rational_quad_b__noise_0.1__seed_4/test_clean.csv,data/noise_robustness_metric_v2/splits/rational_quad_b__noise_0.1__seed_4/train_clean.csv,data/noise_robustness_metric_v2/splits/rational_quad_b__noise_0.1__seed_4/val_clean.csv,data/noise_robustness_metric_v2/splits/rational_quad_b__noise_0.1__seed_4
381,rational_quad_c__noise_0__seed_0,rational_quad_c,Nguyen,rational_quad_c_noise_0,rational_quad_c,rational,(x3**2 + 0.25*x3)/(1 + x3**2),x3,x3,0.0,relative_gaussian_y_train_val,0,512,256,1024,0.0,0.0,data/noise_robustness_metric_v2/splits/rational_quad_c__noise_0__seed_0/train_noisy.csv,data/noise_robustness_metric_v2/splits/rational_quad_c__noise_0__seed_0/val_noisy.csv,data/noise_robustness_metric_v2/splits/rational_quad_c__noise_0__seed_0/test_clean.csv,data/noise_robustness_metric_v2/splits/rational_quad_c__noise_0__seed_0/train_clean.csv,data/noise_robustness_metric_v2/splits/rational_quad_c__noise_0__seed_0/val_clean.csv,data/noise_robustness_metric_v2/splits/rational_quad_c__noise_0__seed_0
382,rational_quad_c__noise_0__seed_1,rational_quad_c,Nguyen,rational_quad_c_noise_0,rational_quad_c,rational,(x3**2 + 0.25*x3)/(1 + x3**2),x3,x3,0.0,relative_gaussian_y_train_val,1,512,256,1024,0.0,0.0,data/noise_robustness_metric_v2/splits/rational_quad_c__noise_0__seed_1/train_noisy.csv,data/noise_robustness_metric_v2/splits/rational_quad_c__noise_0__seed_1/val_noisy.csv,data/noise_robustness_metric_v2/splits/rational_quad_c__noise_0__seed_1/test_clean.csv,data/noise_robustness_metric_v2/splits/rational_quad_c__noise_0__seed_1/train_clean.csv,data/noise_robustness_metric_v2/splits/rational_quad_c__noise_0__seed_1/val_clean.csv,data/noise_robustness_metric_v2/splits/rational_quad_c__noise_0__seed_1
383,rational_quad_c__noise_0__seed_2,rational_quad_c,Nguyen,rational_quad_c_noise_0,rational_quad_c,rational,(x3**2 + 0.25*x3)/(1 + x3**2),x3,x3,0.0,relative_gaussian_y_train_val,2,512,256,1024,0.0,0.0,data/noise_robustness_metric_v2/splits/rational_quad_c__noise_0__seed_2/train_noisy.csv,data/noise_robustness_metric_v2/splits/rational_quad_c__noise_0__seed_2/val_noisy.csv,data/noise_robustness_metric_v2/splits/rational_quad_c__noise_0__seed_2/test_clean.csv,data/noise_robustness_metric_v2/splits/rational_quad_c__noise_0__seed_2/train_clean.csv,data/noise_robustness_metric_v2/splits/rational_quad_c__noise_0__seed_2/val_clean.csv,data/noise_robustness_metric_v2/splits/rational_quad_c__noise_0__seed_2
384,rational_quad_c__noise_0__seed_3,rational_quad_c,Nguyen,rational_quad_c_noise_0,rational_quad_c,rational,(x3**2 + 0.25*x3)/(1 + x3**2),x3,x3,0.0,relative_gaussian_y_train_val,3,512,256,1024,0.0,0.0,data/noise_robustness_metric_v2/splits/rational_quad_c__noise_0__seed_3/train_noisy.csv,data/noise_robustness_metric_v2/splits/rational_quad_c__noise_0__seed_3/val_noisy.csv,data/noise_robustness_metric_v2/splits/rational_quad_c__noise_0__seed_3/test_clean.csv,data/noise_robustness_metric_v2/splits/rational_quad_c__noise_0__seed_3/train_clean.csv,data/noise_robustness_metric_v2/splits/rational_quad_c__noise_0__seed_3/val_clean.csv,data/noise_robustness_metric_v2/splits/rational_quad_c__noise_0__seed_3
385,rational_quad_c__noise_0__seed_4,rational_quad_c,Nguyen,rational_quad_c_noise_0,rational_quad_c,rational,(x3**2 + 0.25*x3)/(1 + x3**2),x3,x3,0.0,relative_gaussian_y_train_val,4,512,256,1024,0.0,0.0,data/noise_robustness_metric_v2/splits/rational_quad_c__noise_0__seed_4/train_noisy.csv,data/noise_robustness_metric_v2/splits/rational_quad_c__noise_0__seed_4/val_noisy.csv,data/noise_robustness_metric_v2/splits/rational_quad_c__noise_0__seed_4/test_clean.csv,data/noise_robustness_metric_v2/splits/rational_quad_c__noise_0__seed_4/train_clean.csv,data/noise_robustness_metric_v2/splits/rational_quad_c__noise_0__seed_4/val_clean.csv,data/noise_robustness_metric_v2/splits/rational_quad_c__noise_0__seed_4
386,rational_quad_c__noise_0.001__seed_0,rational_quad_c,Nguyen,rational_quad_c_noise_0.001,rational_quad_c,rational,(x3**2 + 0.25*x3)/(1 + x3**2),x3,x3,0.001,relative_gaussian_y_train_val,0,512,256,1024,0.00028632868190893944,0.0002930042602790407,data/noise_robustness_metric_v2/splits/rational_quad_c__noise_0.001__seed_0/train_noisy.csv,data/noise_robustness_metric_v2/splits/rational_quad_c__noise_0.001__seed_0/val_noisy.csv,data/noise_robustness_metric_v2/splits/rational_quad_c__noise_0.001__seed_0/test_clean.csv,data/noise_robustness_metric_v2/splits/rational_quad_c__noise_0.001__seed_0/train_clean.csv,data/noise_robustness_metric_v2/splits/rational_quad_c__noise_0.001__seed_0/val_clean.csv,data/noise_robustness_metric_v2/splits/rational_quad_c__noise_0.001__seed_0
387,rational_quad_c__noise_0.001__seed_1,rational_quad_c,Nguyen,rational_quad_c_noise_0.001,rational_quad_c,rational,(x3**2 + 0.25*x3)/(1 + x3**2),x3,x3,0.001,relative_gaussian_y_train_val,1,512,256,1024,0.0002802168198548983,0.00027657273971237994,data/noise_robustness_metric_v2/splits/rational_quad_c__noise_0.001__seed_1/train_noisy.csv,data/noise_robustness_metric_v2/splits/rational_quad_c__noise_0.001__seed_1/val_noisy.csv,data/noise_robustness_metric_v2/splits/rational_quad_c__noise_0.001__seed_1/test_clean.csv,data/noise_robustness_metric_v2/splits/rational_quad_c__noise_0.001__seed_1/train_clean.csv,data/noise_robustness_metric_v2/splits/rational_quad_c__noise_0.001__seed_1/val_clean.csv,data/noise_robustness_metric_v2/splits/rational_quad_c__noise_0.001__seed_1
388,rational_quad_c__noise_0.001__seed_2,rational_quad_c,Nguyen,rational_quad_c_noise_0.001,rational_quad_c,rational,(x3**2 + 0.25*x3)/(1 + x3**2),x3,x3,0.001,relative_gaussian_y_train_val,2,512,256,1024,0.00027770430898633883,0.00027465426705451526,data/noise_robustness_metric_v2/splits/rational_quad_c__noise_0.001__seed_2/train_noisy.csv,data/noise_robustness_metric_v2/splits/rational_quad_c__noise_0.001__seed_2/val_noisy.csv,data/noise_robustness_metric_v2/splits/rational_quad_c__noise_0.001__seed_2/test_clean.csv,data/noise_robustness_metric_v2/splits/rational_quad_c__noise_0.001__seed_2/train_clean.csv,data/noise_robustness_metric_v2/splits/rational_quad_c__noise_0.001__seed_2/val_clean.csv,data/noise_robustness_metric_v2/splits/rational_quad_c__noise_0.001__seed_2
389,rational_quad_c__noise_0.001__seed_3,rational_quad_c,Nguyen,rational_quad_c_noise_0.001,rational_quad_c,rational,(x3**2 + 0.25*x3)/(1 + x3**2),x3,x3,0.001,relative_gaussian_y_train_val,3,512,256,1024,0.00028593174178395675,0.00027201550311841245,data/noise_robustness_metric_v2/splits/rational_quad_c__noise_0.001__seed_3/train_noisy.csv,data/noise_robustness_metric_v2/splits/rational_quad_c__noise_0.001__seed_3/val_noisy.csv,data/noise_robustness_metric_v2/splits/rational_quad_c__noise_0.001__seed_3/test_clean.csv,data/noise_robustness_metric_v2/splits/rational_quad_c__noise_0.001__seed_3/train_clean.csv,data/noise_robustness_metric_v2/splits/rational_quad_c__noise_0.001__seed_3/val_clean.csv,data/noise_robustness_metric_v2/splits/rational_quad_c__noise_0.001__seed_3
390,rational_quad_c__noise_0.001__seed_4,rational_quad_c,Nguyen,rational_quad_c_noise_0.001,rational_quad_c,rational,(x3**2 + 0.25*x3)/(1 + x3**2),x3,x3,0.001,relative_gaussian_y_train_val,4,512,256,1024,0.00028537549007744145,0.0002919986796134539,data/noise_robustness_metric_v2/splits/rational_quad_c__noise_0.001__seed_4/train_noisy.csv,data/noise_robustness_metric_v2/splits/rational_quad_c__noise_0.001__seed_4/val_noisy.csv,data/noise_robustness_metric_v2/splits/rational_quad_c__noise_0.001__seed_4/test_clean.csv,data/noise_robustness_metric_v2/splits/rational_quad_c__noise_0.001__seed_4/train_clean.csv,data/noise_robustness_metric_v2/splits/rational_quad_c__noise_0.001__seed_4/val_clean.csv,data/noise_robustness_metric_v2/splits/rational_quad_c__noise_0.001__seed_4
391,rational_quad_c__noise_0.01__seed_0,rational_quad_c,Nguyen,rational_quad_c_noise_0.01,rational_quad_c,rational,(x3**2 + 0.25*x3)/(1 + x3**2),x3,x3,0.01,relative_gaussian_y_train_val,0,512,256,1024,0.002921307876306953,0.002830679655201963,data/noise_robustness_metric_v2/splits/rational_quad_c__noise_0.01__seed_0/train_noisy.csv,data/noise_robustness_metric_v2/splits/rational_quad_c__noise_0.01__seed_0/val_noisy.csv,data/noise_robustness_metric_v2/splits/rational_quad_c__noise_0.01__seed_0/test_clean.csv,data/noise_robustness_metric_v2/splits/rational_quad_c__noise_0.01__seed_0/train_clean.csv,data/noise_robustness_metric_v2/splits/rational_quad_c__noise_0.01__seed_0/val_clean.csv,data/noise_robustness_metric_v2/splits/rational_quad_c__noise_0.01__seed_0
392,rational_quad_c__noise_0.01__seed_1,rational_quad_c,Nguyen,rational_quad_c_noise_0.01,rational_quad_c,rational,(x3**2 + 0.25*x3)/(1 + x3**2),x3,x3,0.01,relative_gaussian_y_train_val,1,512,256,1024,0.0028367018755412372,0.002735873779711683,data/noise_robustness_metric_v2/splits/rational_quad_c__noise_0.01__seed_1/train_noisy.csv,data/noise_robustness_metric_v2/splits/rational_quad_c__noise_0.01__seed_1/val_noisy.csv,data/noise_robustness_metric_v2/splits/rational_quad_c__noise_0.01__seed_1/test_clean.csv,data/noise_robustness_metric_v2/splits/rational_quad_c__noise_0.01__seed_1/train_clean.csv,data/noise_robustness_metric_v2/splits/rational_quad_c__noise_0.01__seed_1/val_clean.csv,data/noise_robustness_metric_v2/splits/rational_quad_c__noise_0.01__seed_1
393,rational_quad_c__noise_0.01__seed_2,rational_quad_c,Nguyen,rational_quad_c_noise_0.01,rational_quad_c,rational,(x3**2 + 0.25*x3)/(1 + x3**2),x3,x3,0.01,relative_gaussian_y_train_val,2,512,256,1024,0.002836264871906909,0.002845606037417261,data/noise_robustness_metric_v2/splits/rational_quad_c__noise_0.01__seed_2/train_noisy.csv,data/noise_robustness_metric_v2/splits/rational_quad_c__noise_0.01__seed_2/val_noisy.csv,data/noise_robustness_metric_v2/splits/rational_quad_c__noise_0.01__seed_2/test_clean.csv,data/noise_robustness_metric_v2/splits/rational_quad_c__noise_0.01__seed_2/train_clean.csv,data/noise_robustness_metric_v2/splits/rational_quad_c__noise_0.01__seed_2/val_clean.csv,data/noise_robustness_metric_v2/splits/rational_quad_c__noise_0.01__seed_2
394,rational_quad_c__noise_0.01__seed_3,rational_quad_c,Nguyen,rational_quad_c_noise_0.01,rational_quad_c,rational,(x3**2 + 0.25*x3)/(1 + x3**2),x3,x3,0.01,relative_gaussian_y_train_val,3,512,256,1024,0.0028701579245766474,0.002828924147088636,data/noise_robustness_metric_v2/splits/rational_quad_c__noise_0.01__seed_3/train_noisy.csv,data/noise_robustness_metric_v2/splits/rational_quad_c__noise_0.01__seed_3/val_noisy.csv,data/noise_robustness_metric_v2/splits/rational_quad_c__noise_0.01__seed_3/test_clean.csv,data/noise_robustness_metric_v2/splits/rational_quad_c__noise_0.01__seed_3/train_clean.csv,data/noise_robustness_metric_v2/splits/rational_quad_c__noise_0.01__seed_3/val_clean.csv,data/noise_robustness_metric_v2/splits/rational_quad_c__noise_0.01__seed_3
395,rational_quad_c__noise_0.01__seed_4,rational_quad_c,Nguyen,rational_quad_c_noise_0.01,rational_quad_c,rational,(x3**2 + 0.25*x3)/(1 + x3**2),x3,x3,0.01,relative_gaussian_y_train_val,4,512,256,1024,0.0029118320332976073,0.0029465028465208228,data/noise_robustness_metric_v2/splits/rational_quad_c__noise_0.01__seed_4/train_noisy.csv,data/noise_robustness_metric_v2/splits/rational_quad_c__noise_0.01__seed_4/val_noisy.csv,data/noise_robustness_metric_v2/splits/rational_quad_c__noise_0.01__seed_4/test_clean.csv,data/noise_robustness_metric_v2/splits/rational_quad_c__noise_0.01__seed_4/train_clean.csv,data/noise_robustness_metric_v2/splits/rational_quad_c__noise_0.01__seed_4/val_clean.csv,data/noise_robustness_metric_v2/splits/rational_quad_c__noise_0.01__seed_4
396,rational_quad_c__noise_0.1__seed_0,rational_quad_c,Nguyen,rational_quad_c_noise_0.1,rational_quad_c,rational,(x3**2 + 0.25*x3)/(1 + x3**2),x3,x3,0.1,relative_gaussian_y_train_val,0,512,256,1024,0.02768060906310031,0.02928201652419118,data/noise_robustness_metric_v2/splits/rational_quad_c__noise_0.1__seed_0/train_noisy.csv,data/noise_robustness_metric_v2/splits/rational_quad_c__noise_0.1__seed_0/val_noisy.csv,data/noise_robustness_metric_v2/splits/rational_quad_c__noise_0.1__seed_0/test_clean.csv,data/noise_robustness_metric_v2/splits/rational_quad_c__noise_0.1__seed_0/train_clean.csv,data/noise_robustness_metric_v2/splits/rational_quad_c__noise_0.1__seed_0/val_clean.csv,data/noise_robustness_metric_v2/splits/rational_quad_c__noise_0.1__seed_0
397,rational_quad_c__noise_0.1__seed_1,rational_quad_c,Nguyen,rational_quad_c_noise_0.1,rational_quad_c,rational,(x3**2 + 0.25*x3)/(1 + x3**2),x3,x3,0.1,relative_gaussian_y_train_val,1,512,256,1024,0.028761950470321037,0.028643109094026026,data/noise_robustness_metric_v2/splits/rational_quad_c__noise_0.1__seed_1/train_noisy.csv,data/noise_robustness_metric_v2/splits/rational_quad_c__noise_0.1__seed_1/val_noisy.csv,data/noise_robustness_metric_v2/splits/rational_quad_c__noise_0.1__seed_1/test_clean.csv,data/noise_robustness_metric_v2/splits/rational_quad_c__noise_0.1__seed_1/train_clean.csv,data/noise_robustness_metric_v2/splits/rational_quad_c__noise_0.1__seed_1/val_clean.csv,data/noise_robustness_metric_v2/splits/rational_quad_c__noise_0.1__seed_1
398,rational_quad_c__noise_0.1__seed_2,rational_quad_c,Nguyen,rational_quad_c_noise_0.1,rational_quad_c,rational,(x3**2 + 0.25*x3)/(1 + x3**2),x3,x3,0.1,relative_gaussian_y_train_val,2,512,256,1024,0.0285984453531051,0.02687738590720551,data/noise_robustness_metric_v2/splits/rational_quad_c__noise_0.1__seed_2/train_noisy.csv,data/noise_robustness_metric_v2/splits/rational_quad_c__noise_0.1__seed_2/val_noisy.csv,data/noise_robustness_metric_v2/splits/rational_quad_c__noise_0.1__seed_2/test_clean.csv,data/noise_robustness_metric_v2/splits/rational_quad_c__noise_0.1__seed_2/train_clean.csv,data/noise_robustness_metric_v2/splits/rational_quad_c__noise_0.1__seed_2/val_clean.csv,data/noise_robustness_metric_v2/splits/rational_quad_c__noise_0.1__seed_2
399,rational_quad_c__noise_0.1__seed_3,rational_quad_c,Nguyen,rational_quad_c_noise_0.1,rational_quad_c,rational,(x3**2 + 0.25*x3)/(1 + x3**2),x3,x3,0.1,relative_gaussian_y_train_val,3,512,256,1024,0.028320540129217055,0.027486618421247885,data/noise_robustness_metric_v2/splits/rational_quad_c__noise_0.1__seed_3/train_noisy.csv,data/noise_robustness_metric_v2/splits/rational_quad_c__noise_0.1__seed_3/val_noisy.csv,data/noise_robustness_metric_v2/splits/rational_quad_c__noise_0.1__seed_3/test_clean.csv,data/noise_robustness_metric_v2/splits/rational_quad_c__noise_0.1__seed_3/train_clean.csv,data/noise_robustness_metric_v2/splits/rational_quad_c__noise_0.1__seed_3/val_clean.csv,data/noise_robustness_metric_v2/splits/rational_quad_c__noise_0.1__seed_3
400,rational_quad_c__noise_0.1__seed_4,rational_quad_c,Nguyen,rational_quad_c_noise_0.1,rational_quad_c,rational,(x3**2 + 0.25*x3)/(1 + x3**2),x3,x3,0.1,relative_gaussian_y_train_val,4,512,256,1024,0.029605140886718645,0.027335822687463873,data/noise_robustness_metric_v2/splits/rational_quad_c__noise_0.1__seed_4/train_noisy.csv,data/noise_robustness_metric_v2/splits/rational_quad_c__noise_0.1__seed_4/val_noisy.csv,data/noise_robustness_metric_v2/splits/rational_quad_c__noise_0.1__seed_4/test_clean.csv,data/noise_robustness_metric_v2/splits/rational_quad_c__noise_0.1__seed_4/train_clean.csv,data/noise_robustness_metric_v2/splits/rational_quad_c__noise_0.1__seed_4/val_clean.csv,data/noise_robustness_metric_v2/splits/rational_quad_c__noise_0.1__seed_4
