case_index,case_id,formula_id,benchmark,case_name,base_case_name,structure_type,expression,variables,true_variables,noise_level,noise_kind,repeat_seed,n_train,n_val,n_test,train_noise_sigma,val_noise_sigma,train_noisy_path,val_noisy_path,test_clean_path,train_clean_path,val_clean_path,split_dir
1,nguyen_poly__noise_0__seed_0,nguyen_poly,Nguyen,nguyen_poly_noise_0,nguyen_poly,polynomial,x1**3 + x1**2 + x1,x1,x1,0.0,relative_gaussian_y_train_val,0,512,256,1024,0.0,0.0,data/noise_robustness_v1_20/splits/nguyen_poly__noise_0__seed_0/train_noisy.csv,data/noise_robustness_v1_20/splits/nguyen_poly__noise_0__seed_0/val_noisy.csv,data/noise_robustness_v1_20/splits/nguyen_poly__noise_0__seed_0/test_clean.csv,data/noise_robustness_v1_20/splits/nguyen_poly__noise_0__seed_0/train_clean.csv,data/noise_robustness_v1_20/splits/nguyen_poly__noise_0__seed_0/val_clean.csv,data/noise_robustness_v1_20/splits/nguyen_poly__noise_0__seed_0
2,nguyen_poly__noise_0__seed_1,nguyen_poly,Nguyen,nguyen_poly_noise_0,nguyen_poly,polynomial,x1**3 + x1**2 + x1,x1,x1,0.0,relative_gaussian_y_train_val,1,512,256,1024,0.0,0.0,data/noise_robustness_v1_20/splits/nguyen_poly__noise_0__seed_1/train_noisy.csv,data/noise_robustness_v1_20/splits/nguyen_poly__noise_0__seed_1/val_noisy.csv,data/noise_robustness_v1_20/splits/nguyen_poly__noise_0__seed_1/test_clean.csv,data/noise_robustness_v1_20/splits/nguyen_poly__noise_0__seed_1/train_clean.csv,data/noise_robustness_v1_20/splits/nguyen_poly__noise_0__seed_1/val_clean.csv,data/noise_robustness_v1_20/splits/nguyen_poly__noise_0__seed_1
3,nguyen_poly__noise_0__seed_2,nguyen_poly,Nguyen,nguyen_poly_noise_0,nguyen_poly,polynomial,x1**3 + x1**2 + x1,x1,x1,0.0,relative_gaussian_y_train_val,2,512,256,1024,0.0,0.0,data/noise_robustness_v1_20/splits/nguyen_poly__noise_0__seed_2/train_noisy.csv,data/noise_robustness_v1_20/splits/nguyen_poly__noise_0__seed_2/val_noisy.csv,data/noise_robustness_v1_20/splits/nguyen_poly__noise_0__seed_2/test_clean.csv,data/noise_robustness_v1_20/splits/nguyen_poly__noise_0__seed_2/train_clean.csv,data/noise_robustness_v1_20/splits/nguyen_poly__noise_0__seed_2/val_clean.csv,data/noise_robustness_v1_20/splits/nguyen_poly__noise_0__seed_2
4,nguyen_poly__noise_0.001__seed_0,nguyen_poly,Nguyen,nguyen_poly_noise_0.001,nguyen_poly,polynomial,x1**3 + x1**2 + x1,x1,x1,0.001,relative_gaussian_y_train_val,0,512,256,1024,0.0043881838562382,0.003890276013723,data/noise_robustness_v1_20/splits/nguyen_poly__noise_0.001__seed_0/train_noisy.csv,data/noise_robustness_v1_20/splits/nguyen_poly__noise_0.001__seed_0/val_noisy.csv,data/noise_robustness_v1_20/splits/nguyen_poly__noise_0.001__seed_0/test_clean.csv,data/noise_robustness_v1_20/splits/nguyen_poly__noise_0.001__seed_0/train_clean.csv,data/noise_robustness_v1_20/splits/nguyen_poly__noise_0.001__seed_0/val_clean.csv,data/noise_robustness_v1_20/splits/nguyen_poly__noise_0.001__seed_0
5,nguyen_poly__noise_0.001__seed_1,nguyen_poly,Nguyen,nguyen_poly_noise_0.001,nguyen_poly,polynomial,x1**3 + x1**2 + x1,x1,x1,0.001,relative_gaussian_y_train_val,1,512,256,1024,0.0041202233357805,0.0041102448765539,data/noise_robustness_v1_20/splits/nguyen_poly__noise_0.001__seed_1/train_noisy.csv,data/noise_robustness_v1_20/splits/nguyen_poly__noise_0.001__seed_1/val_noisy.csv,data/noise_robustness_v1_20/splits/nguyen_poly__noise_0.001__seed_1/test_clean.csv,data/noise_robustness_v1_20/splits/nguyen_poly__noise_0.001__seed_1/train_clean.csv,data/noise_robustness_v1_20/splits/nguyen_poly__noise_0.001__seed_1/val_clean.csv,data/noise_robustness_v1_20/splits/nguyen_poly__noise_0.001__seed_1
6,nguyen_poly__noise_0.001__seed_2,nguyen_poly,Nguyen,nguyen_poly_noise_0.001,nguyen_poly,polynomial,x1**3 + x1**2 + x1,x1,x1,0.001,relative_gaussian_y_train_val,2,512,256,1024,0.0042746160070689,0.0045438825156846,data/noise_robustness_v1_20/splits/nguyen_poly__noise_0.001__seed_2/train_noisy.csv,data/noise_robustness_v1_20/splits/nguyen_poly__noise_0.001__seed_2/val_noisy.csv,data/noise_robustness_v1_20/splits/nguyen_poly__noise_0.001__seed_2/test_clean.csv,data/noise_robustness_v1_20/splits/nguyen_poly__noise_0.001__seed_2/train_clean.csv,data/noise_robustness_v1_20/splits/nguyen_poly__noise_0.001__seed_2/val_clean.csv,data/noise_robustness_v1_20/splits/nguyen_poly__noise_0.001__seed_2
7,nguyen_poly__noise_0.01__seed_0,nguyen_poly,Nguyen,nguyen_poly_noise_0.01,nguyen_poly,polynomial,x1**3 + x1**2 + x1,x1,x1,0.01,relative_gaussian_y_train_val,0,512,256,1024,0.0439865521087985,0.0438529264379202,data/noise_robustness_v1_20/splits/nguyen_poly__noise_0.01__seed_0/train_noisy.csv,data/noise_robustness_v1_20/splits/nguyen_poly__noise_0.01__seed_0/val_noisy.csv,data/noise_robustness_v1_20/splits/nguyen_poly__noise_0.01__seed_0/test_clean.csv,data/noise_robustness_v1_20/splits/nguyen_poly__noise_0.01__seed_0/train_clean.csv,data/noise_robustness_v1_20/splits/nguyen_poly__noise_0.01__seed_0/val_clean.csv,data/noise_robustness_v1_20/splits/nguyen_poly__noise_0.01__seed_0
8,nguyen_poly__noise_0.01__seed_1,nguyen_poly,Nguyen,nguyen_poly_noise_0.01,nguyen_poly,polynomial,x1**3 + x1**2 + x1,x1,x1,0.01,relative_gaussian_y_train_val,1,512,256,1024,0.0406228986578621,0.0435922025492975,data/noise_robustness_v1_20/splits/nguyen_poly__noise_0.01__seed_1/train_noisy.csv,data/noise_robustness_v1_20/splits/nguyen_poly__noise_0.01__seed_1/val_noisy.csv,data/noise_robustness_v1_20/splits/nguyen_poly__noise_0.01__seed_1/test_clean.csv,data/noise_robustness_v1_20/splits/nguyen_poly__noise_0.01__seed_1/train_clean.csv,data/noise_robustness_v1_20/splits/nguyen_poly__noise_0.01__seed_1/val_clean.csv,data/noise_robustness_v1_20/splits/nguyen_poly__noise_0.01__seed_1
9,nguyen_poly__noise_0.01__seed_2,nguyen_poly,Nguyen,nguyen_poly_noise_0.01,nguyen_poly,polynomial,x1**3 + x1**2 + x1,x1,x1,0.01,relative_gaussian_y_train_val,2,512,256,1024,0.0447638455113737,0.0436288360597373,data/noise_robustness_v1_20/splits/nguyen_poly__noise_0.01__seed_2/train_noisy.csv,data/noise_robustness_v1_20/splits/nguyen_poly__noise_0.01__seed_2/val_noisy.csv,data/noise_robustness_v1_20/splits/nguyen_poly__noise_0.01__seed_2/test_clean.csv,data/noise_robustness_v1_20/splits/nguyen_poly__noise_0.01__seed_2/train_clean.csv,data/noise_robustness_v1_20/splits/nguyen_poly__noise_0.01__seed_2/val_clean.csv,data/noise_robustness_v1_20/splits/nguyen_poly__noise_0.01__seed_2
16,nguyen_rational__noise_0__seed_0,nguyen_rational,Nguyen,nguyen_rational_noise_0,nguyen_rational,rational,x1/(1 + x2**2),x1|x2,x1|x2,0.0,relative_gaussian_y_train_val,0,512,256,1024,0.0,0.0,data/noise_robustness_v1_20/splits/nguyen_rational__noise_0__seed_0/train_noisy.csv,data/noise_robustness_v1_20/splits/nguyen_rational__noise_0__seed_0/val_noisy.csv,data/noise_robustness_v1_20/splits/nguyen_rational__noise_0__seed_0/test_clean.csv,data/noise_robustness_v1_20/splits/nguyen_rational__noise_0__seed_0/train_clean.csv,data/noise_robustness_v1_20/splits/nguyen_rational__noise_0__seed_0/val_clean.csv,data/noise_robustness_v1_20/splits/nguyen_rational__noise_0__seed_0
17,nguyen_rational__noise_0__seed_1,nguyen_rational,Nguyen,nguyen_rational_noise_0,nguyen_rational,rational,x1/(1 + x2**2),x1|x2,x1|x2,0.0,relative_gaussian_y_train_val,1,512,256,1024,0.0,0.0,data/noise_robustness_v1_20/splits/nguyen_rational__noise_0__seed_1/train_noisy.csv,data/noise_robustness_v1_20/splits/nguyen_rational__noise_0__seed_1/val_noisy.csv,data/noise_robustness_v1_20/splits/nguyen_rational__noise_0__seed_1/test_clean.csv,data/noise_robustness_v1_20/splits/nguyen_rational__noise_0__seed_1/train_clean.csv,data/noise_robustness_v1_20/splits/nguyen_rational__noise_0__seed_1/val_clean.csv,data/noise_robustness_v1_20/splits/nguyen_rational__noise_0__seed_1
18,nguyen_rational__noise_0__seed_2,nguyen_rational,Nguyen,nguyen_rational_noise_0,nguyen_rational,rational,x1/(1 + x2**2),x1|x2,x1|x2,0.0,relative_gaussian_y_train_val,2,512,256,1024,0.0,0.0,data/noise_robustness_v1_20/splits/nguyen_rational__noise_0__seed_2/train_noisy.csv,data/noise_robustness_v1_20/splits/nguyen_rational__noise_0__seed_2/val_noisy.csv,data/noise_robustness_v1_20/splits/nguyen_rational__noise_0__seed_2/test_clean.csv,data/noise_robustness_v1_20/splits/nguyen_rational__noise_0__seed_2/train_clean.csv,data/noise_robustness_v1_20/splits/nguyen_rational__noise_0__seed_2/val_clean.csv,data/noise_robustness_v1_20/splits/nguyen_rational__noise_0__seed_2
19,nguyen_rational__noise_0.001__seed_0,nguyen_rational,Nguyen,nguyen_rational_noise_0.001,nguyen_rational,rational,x1/(1 + x2**2),x1|x2,x1|x2,0.001,relative_gaussian_y_train_val,0,512,256,1024,0.0007208801582065,0.00069285290296,data/noise_robustness_v1_20/splits/nguyen_rational__noise_0.001__seed_0/train_noisy.csv,data/noise_robustness_v1_20/splits/nguyen_rational__noise_0.001__seed_0/val_noisy.csv,data/noise_robustness_v1_20/splits/nguyen_rational__noise_0.001__seed_0/test_clean.csv,data/noise_robustness_v1_20/splits/nguyen_rational__noise_0.001__seed_0/train_clean.csv,data/noise_robustness_v1_20/splits/nguyen_rational__noise_0.001__seed_0/val_clean.csv,data/noise_robustness_v1_20/splits/nguyen_rational__noise_0.001__seed_0
20,nguyen_rational__noise_0.001__seed_1,nguyen_rational,Nguyen,nguyen_rational_noise_0.001,nguyen_rational,rational,x1/(1 + x2**2),x1|x2,x1|x2,0.001,relative_gaussian_y_train_val,1,512,256,1024,0.0007432023440972,0.0006914300862505,data/noise_robustness_v1_20/splits/nguyen_rational__noise_0.001__seed_1/train_noisy.csv,data/noise_robustness_v1_20/splits/nguyen_rational__noise_0.001__seed_1/val_noisy.csv,data/noise_robustness_v1_20/splits/nguyen_rational__noise_0.001__seed_1/test_clean.csv,data/noise_robustness_v1_20/splits/nguyen_rational__noise_0.001__seed_1/train_clean.csv,data/noise_robustness_v1_20/splits/nguyen_rational__noise_0.001__seed_1/val_clean.csv,data/noise_robustness_v1_20/splits/nguyen_rational__noise_0.001__seed_1
21,nguyen_rational__noise_0.001__seed_2,nguyen_rational,Nguyen,nguyen_rational_noise_0.001,nguyen_rational,rational,x1/(1 + x2**2),x1|x2,x1|x2,0.001,relative_gaussian_y_train_val,2,512,256,1024,0.0007052615164446,0.0006805357082792,data/noise_robustness_v1_20/splits/nguyen_rational__noise_0.001__seed_2/train_noisy.csv,data/noise_robustness_v1_20/splits/nguyen_rational__noise_0.001__seed_2/val_noisy.csv,data/noise_robustness_v1_20/splits/nguyen_rational__noise_0.001__seed_2/test_clean.csv,data/noise_robustness_v1_20/splits/nguyen_rational__noise_0.001__seed_2/train_clean.csv,data/noise_robustness_v1_20/splits/nguyen_rational__noise_0.001__seed_2/val_clean.csv,data/noise_robustness_v1_20/splits/nguyen_rational__noise_0.001__seed_2
22,nguyen_rational__noise_0.01__seed_0,nguyen_rational,Nguyen,nguyen_rational_noise_0.01,nguyen_rational,rational,x1/(1 + x2**2),x1|x2,x1|x2,0.01,relative_gaussian_y_train_val,0,512,256,1024,0.0068534952489262,0.0069310935336666,data/noise_robustness_v1_20/splits/nguyen_rational__noise_0.01__seed_0/train_noisy.csv,data/noise_robustness_v1_20/splits/nguyen_rational__noise_0.01__seed_0/val_noisy.csv,data/noise_robustness_v1_20/splits/nguyen_rational__noise_0.01__seed_0/test_clean.csv,data/noise_robustness_v1_20/splits/nguyen_rational__noise_0.01__seed_0/train_clean.csv,data/noise_robustness_v1_20/splits/nguyen_rational__noise_0.01__seed_0/val_clean.csv,data/noise_robustness_v1_20/splits/nguyen_rational__noise_0.01__seed_0
23,nguyen_rational__noise_0.01__seed_1,nguyen_rational,Nguyen,nguyen_rational_noise_0.01,nguyen_rational,rational,x1/(1 + x2**2),x1|x2,x1|x2,0.01,relative_gaussian_y_train_val,1,512,256,1024,0.0071374461884288,0.0078048676329999,data/noise_robustness_v1_20/splits/nguyen_rational__noise_0.01__seed_1/train_noisy.csv,data/noise_robustness_v1_20/splits/nguyen_rational__noise_0.01__seed_1/val_noisy.csv,data/noise_robustness_v1_20/splits/nguyen_rational__noise_0.01__seed_1/test_clean.csv,data/noise_robustness_v1_20/splits/nguyen_rational__noise_0.01__seed_1/train_clean.csv,data/noise_robustness_v1_20/splits/nguyen_rational__noise_0.01__seed_1/val_clean.csv,data/noise_robustness_v1_20/splits/nguyen_rational__noise_0.01__seed_1
24,nguyen_rational__noise_0.01__seed_2,nguyen_rational,Nguyen,nguyen_rational_noise_0.01,nguyen_rational,rational,x1/(1 + x2**2),x1|x2,x1|x2,0.01,relative_gaussian_y_train_val,2,512,256,1024,0.0074609547414849,0.0069596118074097,data/noise_robustness_v1_20/splits/nguyen_rational__noise_0.01__seed_2/train_noisy.csv,data/noise_robustness_v1_20/splits/nguyen_rational__noise_0.01__seed_2/val_noisy.csv,data/noise_robustness_v1_20/splits/nguyen_rational__noise_0.01__seed_2/test_clean.csv,data/noise_robustness_v1_20/splits/nguyen_rational__noise_0.01__seed_2/train_clean.csv,data/noise_robustness_v1_20/splits/nguyen_rational__noise_0.01__seed_2/val_clean.csv,data/noise_robustness_v1_20/splits/nguyen_rational__noise_0.01__seed_2
31,feynman_trig__noise_0__seed_0,feynman_trig,Feynman,feynman_trig_noise_0,feynman_trig,trigonometric,sin(x1) + 0.5*cos(x2),x1|x2,x1|x2,0.0,relative_gaussian_y_train_val,0,512,256,1024,0.0,0.0,data/noise_robustness_v1_20/splits/feynman_trig__noise_0__seed_0/train_noisy.csv,data/noise_robustness_v1_20/splits/feynman_trig__noise_0__seed_0/val_noisy.csv,data/noise_robustness_v1_20/splits/feynman_trig__noise_0__seed_0/test_clean.csv,data/noise_robustness_v1_20/splits/feynman_trig__noise_0__seed_0/train_clean.csv,data/noise_robustness_v1_20/splits/feynman_trig__noise_0__seed_0/val_clean.csv,data/noise_robustness_v1_20/splits/feynman_trig__noise_0__seed_0
32,feynman_trig__noise_0__seed_1,feynman_trig,Feynman,feynman_trig_noise_0,feynman_trig,trigonometric,sin(x1) + 0.5*cos(x2),x1|x2,x1|x2,0.0,relative_gaussian_y_train_val,1,512,256,1024,0.0,0.0,data/noise_robustness_v1_20/splits/feynman_trig__noise_0__seed_1/train_noisy.csv,data/noise_robustness_v1_20/splits/feynman_trig__noise_0__seed_1/val_noisy.csv,data/noise_robustness_v1_20/splits/feynman_trig__noise_0__seed_1/test_clean.csv,data/noise_robustness_v1_20/splits/feynman_trig__noise_0__seed_1/train_clean.csv,data/noise_robustness_v1_20/splits/feynman_trig__noise_0__seed_1/val_clean.csv,data/noise_robustness_v1_20/splits/feynman_trig__noise_0__seed_1
33,feynman_trig__noise_0__seed_2,feynman_trig,Feynman,feynman_trig_noise_0,feynman_trig,trigonometric,sin(x1) + 0.5*cos(x2),x1|x2,x1|x2,0.0,relative_gaussian_y_train_val,2,512,256,1024,0.0,0.0,data/noise_robustness_v1_20/splits/feynman_trig__noise_0__seed_2/train_noisy.csv,data/noise_robustness_v1_20/splits/feynman_trig__noise_0__seed_2/val_noisy.csv,data/noise_robustness_v1_20/splits/feynman_trig__noise_0__seed_2/test_clean.csv,data/noise_robustness_v1_20/splits/feynman_trig__noise_0__seed_2/train_clean.csv,data/noise_robustness_v1_20/splits/feynman_trig__noise_0__seed_2/val_clean.csv,data/noise_robustness_v1_20/splits/feynman_trig__noise_0__seed_2
34,feynman_trig__noise_0.001__seed_0,feynman_trig,Feynman,feynman_trig_noise_0.001,feynman_trig,trigonometric,sin(x1) + 0.5*cos(x2),x1|x2,x1|x2,0.001,relative_gaussian_y_train_val,0,512,256,1024,0.0008095405215623,0.0008159175673434,data/noise_robustness_v1_20/splits/feynman_trig__noise_0.001__seed_0/train_noisy.csv,data/noise_robustness_v1_20/splits/feynman_trig__noise_0.001__seed_0/val_noisy.csv,data/noise_robustness_v1_20/splits/feynman_trig__noise_0.001__seed_0/test_clean.csv,data/noise_robustness_v1_20/splits/feynman_trig__noise_0.001__seed_0/train_clean.csv,data/noise_robustness_v1_20/splits/feynman_trig__noise_0.001__seed_0/val_clean.csv,data/noise_robustness_v1_20/splits/feynman_trig__noise_0.001__seed_0
35,feynman_trig__noise_0.001__seed_1,feynman_trig,Feynman,feynman_trig_noise_0.001,feynman_trig,trigonometric,sin(x1) + 0.5*cos(x2),x1|x2,x1|x2,0.001,relative_gaussian_y_train_val,1,512,256,1024,0.0008198538717575,0.0007720409354368,data/noise_robustness_v1_20/splits/feynman_trig__noise_0.001__seed_1/train_noisy.csv,data/noise_robustness_v1_20/splits/feynman_trig__noise_0.001__seed_1/val_noisy.csv,data/noise_robustness_v1_20/splits/feynman_trig__noise_0.001__seed_1/test_clean.csv,data/noise_robustness_v1_20/splits/feynman_trig__noise_0.001__seed_1/train_clean.csv,data/noise_robustness_v1_20/splits/feynman_trig__noise_0.001__seed_1/val_clean.csv,data/noise_robustness_v1_20/splits/feynman_trig__noise_0.001__seed_1
36,feynman_trig__noise_0.001__seed_2,feynman_trig,Feynman,feynman_trig_noise_0.001,feynman_trig,trigonometric,sin(x1) + 0.5*cos(x2),x1|x2,x1|x2,0.001,relative_gaussian_y_train_val,2,512,256,1024,0.000815348694415,0.0008198285414686,data/noise_robustness_v1_20/splits/feynman_trig__noise_0.001__seed_2/train_noisy.csv,data/noise_robustness_v1_20/splits/feynman_trig__noise_0.001__seed_2/val_noisy.csv,data/noise_robustness_v1_20/splits/feynman_trig__noise_0.001__seed_2/test_clean.csv,data/noise_robustness_v1_20/splits/feynman_trig__noise_0.001__seed_2/train_clean.csv,data/noise_robustness_v1_20/splits/feynman_trig__noise_0.001__seed_2/val_clean.csv,data/noise_robustness_v1_20/splits/feynman_trig__noise_0.001__seed_2
37,feynman_trig__noise_0.01__seed_0,feynman_trig,Feynman,feynman_trig_noise_0.01,feynman_trig,trigonometric,sin(x1) + 0.5*cos(x2),x1|x2,x1|x2,0.01,relative_gaussian_y_train_val,0,512,256,1024,0.008085660849614,0.0075973158759714,data/noise_robustness_v1_20/splits/feynman_trig__noise_0.01__seed_0/train_noisy.csv,data/noise_robustness_v1_20/splits/feynman_trig__noise_0.01__seed_0/val_noisy.csv,data/noise_robustness_v1_20/splits/feynman_trig__noise_0.01__seed_0/test_clean.csv,data/noise_robustness_v1_20/splits/feynman_trig__noise_0.01__seed_0/train_clean.csv,data/noise_robustness_v1_20/splits/feynman_trig__noise_0.01__seed_0/val_clean.csv,data/noise_robustness_v1_20/splits/feynman_trig__noise_0.01__seed_0
38,feynman_trig__noise_0.01__seed_1,feynman_trig,Feynman,feynman_trig_noise_0.01,feynman_trig,trigonometric,sin(x1) + 0.5*cos(x2),x1|x2,x1|x2,0.01,relative_gaussian_y_train_val,1,512,256,1024,0.008209919829096,0.0078778665894532,data/noise_robustness_v1_20/splits/feynman_trig__noise_0.01__seed_1/train_noisy.csv,data/noise_robustness_v1_20/splits/feynman_trig__noise_0.01__seed_1/val_noisy.csv,data/noise_robustness_v1_20/splits/feynman_trig__noise_0.01__seed_1/test_clean.csv,data/noise_robustness_v1_20/splits/feynman_trig__noise_0.01__seed_1/train_clean.csv,data/noise_robustness_v1_20/splits/feynman_trig__noise_0.01__seed_1/val_clean.csv,data/noise_robustness_v1_20/splits/feynman_trig__noise_0.01__seed_1
39,feynman_trig__noise_0.01__seed_2,feynman_trig,Feynman,feynman_trig_noise_0.01,feynman_trig,trigonometric,sin(x1) + 0.5*cos(x2),x1|x2,x1|x2,0.01,relative_gaussian_y_train_val,2,512,256,1024,0.0078042311566914,0.0077990560124183,data/noise_robustness_v1_20/splits/feynman_trig__noise_0.01__seed_2/train_noisy.csv,data/noise_robustness_v1_20/splits/feynman_trig__noise_0.01__seed_2/val_noisy.csv,data/noise_robustness_v1_20/splits/feynman_trig__noise_0.01__seed_2/test_clean.csv,data/noise_robustness_v1_20/splits/feynman_trig__noise_0.01__seed_2/train_clean.csv,data/noise_robustness_v1_20/splits/feynman_trig__noise_0.01__seed_2/val_clean.csv,data/noise_robustness_v1_20/splits/feynman_trig__noise_0.01__seed_2
46,feynman_interaction__noise_0__seed_0,feynman_interaction,Feynman,feynman_interaction_noise_0,feynman_interaction,interaction,x1*x2 + 0.25*x3**2,x1|x2|x3,x1|x2|x3,0.0,relative_gaussian_y_train_val,0,512,256,1024,0.0,0.0,data/noise_robustness_v1_20/splits/feynman_interaction__noise_0__seed_0/train_noisy.csv,data/noise_robustness_v1_20/splits/feynman_interaction__noise_0__seed_0/val_noisy.csv,data/noise_robustness_v1_20/splits/feynman_interaction__noise_0__seed_0/test_clean.csv,data/noise_robustness_v1_20/splits/feynman_interaction__noise_0__seed_0/train_clean.csv,data/noise_robustness_v1_20/splits/feynman_interaction__noise_0__seed_0/val_clean.csv,data/noise_robustness_v1_20/splits/feynman_interaction__noise_0__seed_0
47,feynman_interaction__noise_0__seed_1,feynman_interaction,Feynman,feynman_interaction_noise_0,feynman_interaction,interaction,x1*x2 + 0.25*x3**2,x1|x2|x3,x1|x2|x3,0.0,relative_gaussian_y_train_val,1,512,256,1024,0.0,0.0,data/noise_robustness_v1_20/splits/feynman_interaction__noise_0__seed_1/train_noisy.csv,data/noise_robustness_v1_20/splits/feynman_interaction__noise_0__seed_1/val_noisy.csv,data/noise_robustness_v1_20/splits/feynman_interaction__noise_0__seed_1/test_clean.csv,data/noise_robustness_v1_20/splits/feynman_interaction__noise_0__seed_1/train_clean.csv,data/noise_robustness_v1_20/splits/feynman_interaction__noise_0__seed_1/val_clean.csv,data/noise_robustness_v1_20/splits/feynman_interaction__noise_0__seed_1
48,feynman_interaction__noise_0__seed_2,feynman_interaction,Feynman,feynman_interaction_noise_0,feynman_interaction,interaction,x1*x2 + 0.25*x3**2,x1|x2|x3,x1|x2|x3,0.0,relative_gaussian_y_train_val,2,512,256,1024,0.0,0.0,data/noise_robustness_v1_20/splits/feynman_interaction__noise_0__seed_2/train_noisy.csv,data/noise_robustness_v1_20/splits/feynman_interaction__noise_0__seed_2/val_noisy.csv,data/noise_robustness_v1_20/splits/feynman_interaction__noise_0__seed_2/test_clean.csv,data/noise_robustness_v1_20/splits/feynman_interaction__noise_0__seed_2/train_clean.csv,data/noise_robustness_v1_20/splits/feynman_interaction__noise_0__seed_2/val_clean.csv,data/noise_robustness_v1_20/splits/feynman_interaction__noise_0__seed_2
49,feynman_interaction__noise_0.001__seed_0,feynman_interaction,Feynman,feynman_interaction_noise_0.001,feynman_interaction,interaction,x1*x2 + 0.25*x3**2,x1|x2|x3,x1|x2|x3,0.001,relative_gaussian_y_train_val,0,512,256,1024,0.0013307041948291,0.0013175731782127,data/noise_robustness_v1_20/splits/feynman_interaction__noise_0.001__seed_0/train_noisy.csv,data/noise_robustness_v1_20/splits/feynman_interaction__noise_0.001__seed_0/val_noisy.csv,data/noise_robustness_v1_20/splits/feynman_interaction__noise_0.001__seed_0/test_clean.csv,data/noise_robustness_v1_20/splits/feynman_interaction__noise_0.001__seed_0/train_clean.csv,data/noise_robustness_v1_20/splits/feynman_interaction__noise_0.001__seed_0/val_clean.csv,data/noise_robustness_v1_20/splits/feynman_interaction__noise_0.001__seed_0
50,feynman_interaction__noise_0.001__seed_1,feynman_interaction,Feynman,feynman_interaction_noise_0.001,feynman_interaction,interaction,x1*x2 + 0.25*x3**2,x1|x2|x3,x1|x2|x3,0.001,relative_gaussian_y_train_val,1,512,256,1024,0.001440583997271,0.0013809272726592,data/noise_robustness_v1_20/splits/feynman_interaction__noise_0.001__seed_1/train_noisy.csv,data/noise_robustness_v1_20/splits/feynman_interaction__noise_0.001__seed_1/val_noisy.csv,data/noise_robustness_v1_20/splits/feynman_interaction__noise_0.001__seed_1/test_clean.csv,data/noise_robustness_v1_20/splits/feynman_interaction__noise_0.001__seed_1/train_clean.csv,data/noise_robustness_v1_20/splits/feynman_interaction__noise_0.001__seed_1/val_clean.csv,data/noise_robustness_v1_20/splits/feynman_interaction__noise_0.001__seed_1
51,feynman_interaction__noise_0.001__seed_2,feynman_interaction,Feynman,feynman_interaction_noise_0.001,feynman_interaction,interaction,x1*x2 + 0.25*x3**2,x1|x2|x3,x1|x2|x3,0.001,relative_gaussian_y_train_val,2,512,256,1024,0.0013952829220245,0.001339132903978,data/noise_robustness_v1_20/splits/feynman_interaction__noise_0.001__seed_2/train_noisy.csv,data/noise_robustness_v1_20/splits/feynman_interaction__noise_0.001__seed_2/val_noisy.csv,data/noise_robustness_v1_20/splits/feynman_interaction__noise_0.001__seed_2/test_clean.csv,data/noise_robustness_v1_20/splits/feynman_interaction__noise_0.001__seed_2/train_clean.csv,data/noise_robustness_v1_20/splits/feynman_interaction__noise_0.001__seed_2/val_clean.csv,data/noise_robustness_v1_20/splits/feynman_interaction__noise_0.001__seed_2
52,feynman_interaction__noise_0.01__seed_0,feynman_interaction,Feynman,feynman_interaction_noise_0.01,feynman_interaction,interaction,x1*x2 + 0.25*x3**2,x1|x2|x3,x1|x2|x3,0.01,relative_gaussian_y_train_val,0,512,256,1024,0.0140903811508193,0.0134690050388151,data/noise_robustness_v1_20/splits/feynman_interaction__noise_0.01__seed_0/train_noisy.csv,data/noise_robustness_v1_20/splits/feynman_interaction__noise_0.01__seed_0/val_noisy.csv,data/noise_robustness_v1_20/splits/feynman_interaction__noise_0.01__seed_0/test_clean.csv,data/noise_robustness_v1_20/splits/feynman_interaction__noise_0.01__seed_0/train_clean.csv,data/noise_robustness_v1_20/splits/feynman_interaction__noise_0.01__seed_0/val_clean.csv,data/noise_robustness_v1_20/splits/feynman_interaction__noise_0.01__seed_0
53,feynman_interaction__noise_0.01__seed_1,feynman_interaction,Feynman,feynman_interaction_noise_0.01,feynman_interaction,interaction,x1*x2 + 0.25*x3**2,x1|x2|x3,x1|x2|x3,0.01,relative_gaussian_y_train_val,1,512,256,1024,0.0136341866982915,0.014341149412841,data/noise_robustness_v1_20/splits/feynman_interaction__noise_0.01__seed_1/train_noisy.csv,data/noise_robustness_v1_20/splits/feynman_interaction__noise_0.01__seed_1/val_noisy.csv,data/noise_robustness_v1_20/splits/feynman_interaction__noise_0.01__seed_1/test_clean.csv,data/noise_robustness_v1_20/splits/feynman_interaction__noise_0.01__seed_1/train_clean.csv,data/noise_robustness_v1_20/splits/feynman_interaction__noise_0.01__seed_1/val_clean.csv,data/noise_robustness_v1_20/splits/feynman_interaction__noise_0.01__seed_1
54,feynman_interaction__noise_0.01__seed_2,feynman_interaction,Feynman,feynman_interaction_noise_0.01,feynman_interaction,interaction,x1*x2 + 0.25*x3**2,x1|x2|x3,x1|x2|x3,0.01,relative_gaussian_y_train_val,2,512,256,1024,0.0134758426544825,0.0121279575990232,data/noise_robustness_v1_20/splits/feynman_interaction__noise_0.01__seed_2/train_noisy.csv,data/noise_robustness_v1_20/splits/feynman_interaction__noise_0.01__seed_2/val_noisy.csv,data/noise_robustness_v1_20/splits/feynman_interaction__noise_0.01__seed_2/test_clean.csv,data/noise_robustness_v1_20/splits/feynman_interaction__noise_0.01__seed_2/train_clean.csv,data/noise_robustness_v1_20/splits/feynman_interaction__noise_0.01__seed_2/val_clean.csv,data/noise_robustness_v1_20/splits/feynman_interaction__noise_0.01__seed_2
61,srsd_exp_log__noise_0__seed_0,srsd_exp_log,SRSD,srsd_exp_log_noise_0,srsd_exp_log,exp_log,exp(0.3*x1) + log(abs(x2) + 2.0),x1|x2,x1|x2,0.0,relative_gaussian_y_train_val,0,512,256,1024,0.0,0.0,data/noise_robustness_v1_20/splits/srsd_exp_log__noise_0__seed_0/train_noisy.csv,data/noise_robustness_v1_20/splits/srsd_exp_log__noise_0__seed_0/val_noisy.csv,data/noise_robustness_v1_20/splits/srsd_exp_log__noise_0__seed_0/test_clean.csv,data/noise_robustness_v1_20/splits/srsd_exp_log__noise_0__seed_0/train_clean.csv,data/noise_robustness_v1_20/splits/srsd_exp_log__noise_0__seed_0/val_clean.csv,data/noise_robustness_v1_20/splits/srsd_exp_log__noise_0__seed_0
62,srsd_exp_log__noise_0__seed_1,srsd_exp_log,SRSD,srsd_exp_log_noise_0,srsd_exp_log,exp_log,exp(0.3*x1) + log(abs(x2) + 2.0),x1|x2,x1|x2,0.0,relative_gaussian_y_train_val,1,512,256,1024,0.0,0.0,data/noise_robustness_v1_20/splits/srsd_exp_log__noise_0__seed_1/train_noisy.csv,data/noise_robustness_v1_20/splits/srsd_exp_log__noise_0__seed_1/val_noisy.csv,data/noise_robustness_v1_20/splits/srsd_exp_log__noise_0__seed_1/test_clean.csv,data/noise_robustness_v1_20/splits/srsd_exp_log__noise_0__seed_1/train_clean.csv,data/noise_robustness_v1_20/splits/srsd_exp_log__noise_0__seed_1/val_clean.csv,data/noise_robustness_v1_20/splits/srsd_exp_log__noise_0__seed_1
63,srsd_exp_log__noise_0__seed_2,srsd_exp_log,SRSD,srsd_exp_log_noise_0,srsd_exp_log,exp_log,exp(0.3*x1) + log(abs(x2) + 2.0),x1|x2,x1|x2,0.0,relative_gaussian_y_train_val,2,512,256,1024,0.0,0.0,data/noise_robustness_v1_20/splits/srsd_exp_log__noise_0__seed_2/train_noisy.csv,data/noise_robustness_v1_20/splits/srsd_exp_log__noise_0__seed_2/val_noisy.csv,data/noise_robustness_v1_20/splits/srsd_exp_log__noise_0__seed_2/test_clean.csv,data/noise_robustness_v1_20/splits/srsd_exp_log__noise_0__seed_2/train_clean.csv,data/noise_robustness_v1_20/splits/srsd_exp_log__noise_0__seed_2/val_clean.csv,data/noise_robustness_v1_20/splits/srsd_exp_log__noise_0__seed_2
64,srsd_exp_log__noise_0.001__seed_0,srsd_exp_log,SRSD,srsd_exp_log_noise_0.001,srsd_exp_log,exp_log,exp(0.3*x1) + log(abs(x2) + 2.0),x1|x2,x1|x2,0.001,relative_gaussian_y_train_val,0,512,256,1024,0.0004023933591024,0.000426236137969,data/noise_robustness_v1_20/splits/srsd_exp_log__noise_0.001__seed_0/train_noisy.csv,data/noise_robustness_v1_20/splits/srsd_exp_log__noise_0.001__seed_0/val_noisy.csv,data/noise_robustness_v1_20/splits/srsd_exp_log__noise_0.001__seed_0/test_clean.csv,data/noise_robustness_v1_20/splits/srsd_exp_log__noise_0.001__seed_0/train_clean.csv,data/noise_robustness_v1_20/splits/srsd_exp_log__noise_0.001__seed_0/val_clean.csv,data/noise_robustness_v1_20/splits/srsd_exp_log__noise_0.001__seed_0
65,srsd_exp_log__noise_0.001__seed_1,srsd_exp_log,SRSD,srsd_exp_log_noise_0.001,srsd_exp_log,exp_log,exp(0.3*x1) + log(abs(x2) + 2.0),x1|x2,x1|x2,0.001,relative_gaussian_y_train_val,1,512,256,1024,0.0004056612907246,0.0004268756805035,data/noise_robustness_v1_20/splits/srsd_exp_log__noise_0.001__seed_1/train_noisy.csv,data/noise_robustness_v1_20/splits/srsd_exp_log__noise_0.001__seed_1/val_noisy.csv,data/noise_robustness_v1_20/splits/srsd_exp_log__noise_0.001__seed_1/test_clean.csv,data/noise_robustness_v1_20/splits/srsd_exp_log__noise_0.001__seed_1/train_clean.csv,data/noise_robustness_v1_20/splits/srsd_exp_log__noise_0.001__seed_1/val_clean.csv,data/noise_robustness_v1_20/splits/srsd_exp_log__noise_0.001__seed_1
66,srsd_exp_log__noise_0.001__seed_2,srsd_exp_log,SRSD,srsd_exp_log_noise_0.001,srsd_exp_log,exp_log,exp(0.3*x1) + log(abs(x2) + 2.0),x1|x2,x1|x2,0.001,relative_gaussian_y_train_val,2,512,256,1024,0.00041319804974,0.0003931150691653,data/noise_robustness_v1_20/splits/srsd_exp_log__noise_0.001__seed_2/train_noisy.csv,data/noise_robustness_v1_20/splits/srsd_exp_log__noise_0.001__seed_2/val_noisy.csv,data/noise_robustness_v1_20/splits/srsd_exp_log__noise_0.001__seed_2/test_clean.csv,data/noise_robustness_v1_20/splits/srsd_exp_log__noise_0.001__seed_2/train_clean.csv,data/noise_robustness_v1_20/splits/srsd_exp_log__noise_0.001__seed_2/val_clean.csv,data/noise_robustness_v1_20/splits/srsd_exp_log__noise_0.001__seed_2
67,srsd_exp_log__noise_0.01__seed_0,srsd_exp_log,SRSD,srsd_exp_log_noise_0.01,srsd_exp_log,exp_log,exp(0.3*x1) + log(abs(x2) + 2.0),x1|x2,x1|x2,0.01,relative_gaussian_y_train_val,0,512,256,1024,0.0042339887499991,0.0038550869757807,data/noise_robustness_v1_20/splits/srsd_exp_log__noise_0.01__seed_0/train_noisy.csv,data/noise_robustness_v1_20/splits/srsd_exp_log__noise_0.01__seed_0/val_noisy.csv,data/noise_robustness_v1_20/splits/srsd_exp_log__noise_0.01__seed_0/test_clean.csv,data/noise_robustness_v1_20/splits/srsd_exp_log__noise_0.01__seed_0/train_clean.csv,data/noise_robustness_v1_20/splits/srsd_exp_log__noise_0.01__seed_0/val_clean.csv,data/noise_robustness_v1_20/splits/srsd_exp_log__noise_0.01__seed_0
68,srsd_exp_log__noise_0.01__seed_1,srsd_exp_log,SRSD,srsd_exp_log_noise_0.01,srsd_exp_log,exp_log,exp(0.3*x1) + log(abs(x2) + 2.0),x1|x2,x1|x2,0.01,relative_gaussian_y_train_val,1,512,256,1024,0.0041617098668708,0.0040389583018994,data/noise_robustness_v1_20/splits/srsd_exp_log__noise_0.01__seed_1/train_noisy.csv,data/noise_robustness_v1_20/splits/srsd_exp_log__noise_0.01__seed_1/val_noisy.csv,data/noise_robustness_v1_20/splits/srsd_exp_log__noise_0.01__seed_1/test_clean.csv,data/noise_robustness_v1_20/splits/srsd_exp_log__noise_0.01__seed_1/train_clean.csv,data/noise_robustness_v1_20/splits/srsd_exp_log__noise_0.01__seed_1/val_clean.csv,data/noise_robustness_v1_20/splits/srsd_exp_log__noise_0.01__seed_1
69,srsd_exp_log__noise_0.01__seed_2,srsd_exp_log,SRSD,srsd_exp_log_noise_0.01,srsd_exp_log,exp_log,exp(0.3*x1) + log(abs(x2) + 2.0),x1|x2,x1|x2,0.01,relative_gaussian_y_train_val,2,512,256,1024,0.0043207426279853,0.0041859217264527,data/noise_robustness_v1_20/splits/srsd_exp_log__noise_0.01__seed_2/train_noisy.csv,data/noise_robustness_v1_20/splits/srsd_exp_log__noise_0.01__seed_2/val_noisy.csv,data/noise_robustness_v1_20/splits/srsd_exp_log__noise_0.01__seed_2/test_clean.csv,data/noise_robustness_v1_20/splits/srsd_exp_log__noise_0.01__seed_2/train_clean.csv,data/noise_robustness_v1_20/splits/srsd_exp_log__noise_0.01__seed_2/val_clean.csv,data/noise_robustness_v1_20/splits/srsd_exp_log__noise_0.01__seed_2
76,srsd_nested__noise_0__seed_0,srsd_nested,SRSD,srsd_nested_noise_0,srsd_nested,function_composition,sin(x1*x2)/(1 + x3**2),x1|x2|x3,x1|x2|x3,0.0,relative_gaussian_y_train_val,0,512,256,1024,0.0,0.0,data/noise_robustness_v1_20/splits/srsd_nested__noise_0__seed_0/train_noisy.csv,data/noise_robustness_v1_20/splits/srsd_nested__noise_0__seed_0/val_noisy.csv,data/noise_robustness_v1_20/splits/srsd_nested__noise_0__seed_0/test_clean.csv,data/noise_robustness_v1_20/splits/srsd_nested__noise_0__seed_0/train_clean.csv,data/noise_robustness_v1_20/splits/srsd_nested__noise_0__seed_0/val_clean.csv,data/noise_robustness_v1_20/splits/srsd_nested__noise_0__seed_0
77,srsd_nested__noise_0__seed_1,srsd_nested,SRSD,srsd_nested_noise_0,srsd_nested,function_composition,sin(x1*x2)/(1 + x3**2),x1|x2|x3,x1|x2|x3,0.0,relative_gaussian_y_train_val,1,512,256,1024,0.0,0.0,data/noise_robustness_v1_20/splits/srsd_nested__noise_0__seed_1/train_noisy.csv,data/noise_robustness_v1_20/splits/srsd_nested__noise_0__seed_1/val_noisy.csv,data/noise_robustness_v1_20/splits/srsd_nested__noise_0__seed_1/test_clean.csv,data/noise_robustness_v1_20/splits/srsd_nested__noise_0__seed_1/train_clean.csv,data/noise_robustness_v1_20/splits/srsd_nested__noise_0__seed_1/val_clean.csv,data/noise_robustness_v1_20/splits/srsd_nested__noise_0__seed_1
78,srsd_nested__noise_0__seed_2,srsd_nested,SRSD,srsd_nested_noise_0,srsd_nested,function_composition,sin(x1*x2)/(1 + x3**2),x1|x2|x3,x1|x2|x3,0.0,relative_gaussian_y_train_val,2,512,256,1024,0.0,0.0,data/noise_robustness_v1_20/splits/srsd_nested__noise_0__seed_2/train_noisy.csv,data/noise_robustness_v1_20/splits/srsd_nested__noise_0__seed_2/val_noisy.csv,data/noise_robustness_v1_20/splits/srsd_nested__noise_0__seed_2/test_clean.csv,data/noise_robustness_v1_20/splits/srsd_nested__noise_0__seed_2/train_clean.csv,data/noise_robustness_v1_20/splits/srsd_nested__noise_0__seed_2/val_clean.csv,data/noise_robustness_v1_20/splits/srsd_nested__noise_0__seed_2
79,srsd_nested__noise_0.001__seed_0,srsd_nested,SRSD,srsd_nested_noise_0.001,srsd_nested,function_composition,sin(x1*x2)/(1 + x3**2),x1|x2|x3,x1|x2|x3,0.001,relative_gaussian_y_train_val,0,512,256,1024,0.0003974105870781,0.0003960862820811,data/noise_robustness_v1_20/splits/srsd_nested__noise_0.001__seed_0/train_noisy.csv,data/noise_robustness_v1_20/splits/srsd_nested__noise_0.001__seed_0/val_noisy.csv,data/noise_robustness_v1_20/splits/srsd_nested__noise_0.001__seed_0/test_clean.csv,data/noise_robustness_v1_20/splits/srsd_nested__noise_0.001__seed_0/train_clean.csv,data/noise_robustness_v1_20/splits/srsd_nested__noise_0.001__seed_0/val_clean.csv,data/noise_robustness_v1_20/splits/srsd_nested__noise_0.001__seed_0
80,srsd_nested__noise_0.001__seed_1,srsd_nested,SRSD,srsd_nested_noise_0.001,srsd_nested,function_composition,sin(x1*x2)/(1 + x3**2),x1|x2|x3,x1|x2|x3,0.001,relative_gaussian_y_train_val,1,512,256,1024,0.0003881406695525,0.0003826765869824,data/noise_robustness_v1_20/splits/srsd_nested__noise_0.001__seed_1/train_noisy.csv,data/noise_robustness_v1_20/splits/srsd_nested__noise_0.001__seed_1/val_noisy.csv,data/noise_robustness_v1_20/splits/srsd_nested__noise_0.001__seed_1/test_clean.csv,data/noise_robustness_v1_20/splits/srsd_nested__noise_0.001__seed_1/train_clean.csv,data/noise_robustness_v1_20/splits/srsd_nested__noise_0.001__seed_1/val_clean.csv,data/noise_robustness_v1_20/splits/srsd_nested__noise_0.001__seed_1
81,srsd_nested__noise_0.001__seed_2,srsd_nested,SRSD,srsd_nested_noise_0.001,srsd_nested,function_composition,sin(x1*x2)/(1 + x3**2),x1|x2|x3,x1|x2|x3,0.001,relative_gaussian_y_train_val,2,512,256,1024,0.0003921294940714,0.0003917048111927,data/noise_robustness_v1_20/splits/srsd_nested__noise_0.001__seed_2/train_noisy.csv,data/noise_robustness_v1_20/splits/srsd_nested__noise_0.001__seed_2/val_noisy.csv,data/noise_robustness_v1_20/splits/srsd_nested__noise_0.001__seed_2/test_clean.csv,data/noise_robustness_v1_20/splits/srsd_nested__noise_0.001__seed_2/train_clean.csv,data/noise_robustness_v1_20/splits/srsd_nested__noise_0.001__seed_2/val_clean.csv,data/noise_robustness_v1_20/splits/srsd_nested__noise_0.001__seed_2
82,srsd_nested__noise_0.01__seed_0,srsd_nested,SRSD,srsd_nested_noise_0.01,srsd_nested,function_composition,sin(x1*x2)/(1 + x3**2),x1|x2|x3,x1|x2|x3,0.01,relative_gaussian_y_train_val,0,512,256,1024,0.003652554330608,0.0041820876173289,data/noise_robustness_v1_20/splits/srsd_nested__noise_0.01__seed_0/train_noisy.csv,data/noise_robustness_v1_20/splits/srsd_nested__noise_0.01__seed_0/val_noisy.csv,data/noise_robustness_v1_20/splits/srsd_nested__noise_0.01__seed_0/test_clean.csv,data/noise_robustness_v1_20/splits/srsd_nested__noise_0.01__seed_0/train_clean.csv,data/noise_robustness_v1_20/splits/srsd_nested__noise_0.01__seed_0/val_clean.csv,data/noise_robustness_v1_20/splits/srsd_nested__noise_0.01__seed_0
83,srsd_nested__noise_0.01__seed_1,srsd_nested,SRSD,srsd_nested_noise_0.01,srsd_nested,function_composition,sin(x1*x2)/(1 + x3**2),x1|x2|x3,x1|x2|x3,0.01,relative_gaussian_y_train_val,1,512,256,1024,0.0038619176272503,0.0038500126577319,data/noise_robustness_v1_20/splits/srsd_nested__noise_0.01__seed_1/train_noisy.csv,data/noise_robustness_v1_20/splits/srsd_nested__noise_0.01__seed_1/val_noisy.csv,data/noise_robustness_v1_20/splits/srsd_nested__noise_0.01__seed_1/test_clean.csv,data/noise_robustness_v1_20/splits/srsd_nested__noise_0.01__seed_1/train_clean.csv,data/noise_robustness_v1_20/splits/srsd_nested__noise_0.01__seed_1/val_clean.csv,data/noise_robustness_v1_20/splits/srsd_nested__noise_0.01__seed_1
84,srsd_nested__noise_0.01__seed_2,srsd_nested,SRSD,srsd_nested_noise_0.01,srsd_nested,function_composition,sin(x1*x2)/(1 + x3**2),x1|x2|x3,x1|x2|x3,0.01,relative_gaussian_y_train_val,2,512,256,1024,0.0039527344843535,0.0037149409657158,data/noise_robustness_v1_20/splits/srsd_nested__noise_0.01__seed_2/train_noisy.csv,data/noise_robustness_v1_20/splits/srsd_nested__noise_0.01__seed_2/val_noisy.csv,data/noise_robustness_v1_20/splits/srsd_nested__noise_0.01__seed_2/test_clean.csv,data/noise_robustness_v1_20/splits/srsd_nested__noise_0.01__seed_2/train_clean.csv,data/noise_robustness_v1_20/splits/srsd_nested__noise_0.01__seed_2/val_clean.csv,data/noise_robustness_v1_20/splits/srsd_nested__noise_0.01__seed_2
91,realistic_decay__noise_0__seed_0,realistic_decay,Realistic,realistic_decay_noise_0,realistic_decay,exp_trig,exp(-0.25*abs(x1))*sin(x2) + 0.15*x3,x1|x2|x3,x1|x2|x3,0.0,relative_gaussian_y_train_val,0,512,256,1024,0.0,0.0,data/noise_robustness_v1_20/splits/realistic_decay__noise_0__seed_0/train_noisy.csv,data/noise_robustness_v1_20/splits/realistic_decay__noise_0__seed_0/val_noisy.csv,data/noise_robustness_v1_20/splits/realistic_decay__noise_0__seed_0/test_clean.csv,data/noise_robustness_v1_20/splits/realistic_decay__noise_0__seed_0/train_clean.csv,data/noise_robustness_v1_20/splits/realistic_decay__noise_0__seed_0/val_clean.csv,data/noise_robustness_v1_20/splits/realistic_decay__noise_0__seed_0
92,realistic_decay__noise_0__seed_1,realistic_decay,Realistic,realistic_decay_noise_0,realistic_decay,exp_trig,exp(-0.25*abs(x1))*sin(x2) + 0.15*x3,x1|x2|x3,x1|x2|x3,0.0,relative_gaussian_y_train_val,1,512,256,1024,0.0,0.0,data/noise_robustness_v1_20/splits/realistic_decay__noise_0__seed_1/train_noisy.csv,data/noise_robustness_v1_20/splits/realistic_decay__noise_0__seed_1/val_noisy.csv,data/noise_robustness_v1_20/splits/realistic_decay__noise_0__seed_1/test_clean.csv,data/noise_robustness_v1_20/splits/realistic_decay__noise_0__seed_1/train_clean.csv,data/noise_robustness_v1_20/splits/realistic_decay__noise_0__seed_1/val_clean.csv,data/noise_robustness_v1_20/splits/realistic_decay__noise_0__seed_1
93,realistic_decay__noise_0__seed_2,realistic_decay,Realistic,realistic_decay_noise_0,realistic_decay,exp_trig,exp(-0.25*abs(x1))*sin(x2) + 0.15*x3,x1|x2|x3,x1|x2|x3,0.0,relative_gaussian_y_train_val,2,512,256,1024,0.0,0.0,data/noise_robustness_v1_20/splits/realistic_decay__noise_0__seed_2/train_noisy.csv,data/noise_robustness_v1_20/splits/realistic_decay__noise_0__seed_2/val_noisy.csv,data/noise_robustness_v1_20/splits/realistic_decay__noise_0__seed_2/test_clean.csv,data/noise_robustness_v1_20/splits/realistic_decay__noise_0__seed_2/train_clean.csv,data/noise_robustness_v1_20/splits/realistic_decay__noise_0__seed_2/val_clean.csv,data/noise_robustness_v1_20/splits/realistic_decay__noise_0__seed_2
94,realistic_decay__noise_0.001__seed_0,realistic_decay,Realistic,realistic_decay_noise_0.001,realistic_decay,exp_trig,exp(-0.25*abs(x1))*sin(x2) + 0.15*x3,x1|x2|x3,x1|x2|x3,0.001,relative_gaussian_y_train_val,0,512,256,1024,0.0006425956509312,0.0006082902624181,data/noise_robustness_v1_20/splits/realistic_decay__noise_0.001__seed_0/train_noisy.csv,data/noise_robustness_v1_20/splits/realistic_decay__noise_0.001__seed_0/val_noisy.csv,data/noise_robustness_v1_20/splits/realistic_decay__noise_0.001__seed_0/test_clean.csv,data/noise_robustness_v1_20/splits/realistic_decay__noise_0.001__seed_0/train_clean.csv,data/noise_robustness_v1_20/splits/realistic_decay__noise_0.001__seed_0/val_clean.csv,data/noise_robustness_v1_20/splits/realistic_decay__noise_0.001__seed_0
95,realistic_decay__noise_0.001__seed_1,realistic_decay,Realistic,realistic_decay_noise_0.001,realistic_decay,exp_trig,exp(-0.25*abs(x1))*sin(x2) + 0.15*x3,x1|x2|x3,x1|x2|x3,0.001,relative_gaussian_y_train_val,1,512,256,1024,0.0006425052353098,0.0006151835717301,data/noise_robustness_v1_20/splits/realistic_decay__noise_0.001__seed_1/train_noisy.csv,data/noise_robustness_v1_20/splits/realistic_decay__noise_0.001__seed_1/val_noisy.csv,data/noise_robustness_v1_20/splits/realistic_decay__noise_0.001__seed_1/test_clean.csv,data/noise_robustness_v1_20/splits/realistic_decay__noise_0.001__seed_1/train_clean.csv,data/noise_robustness_v1_20/splits/realistic_decay__noise_0.001__seed_1/val_clean.csv,data/noise_robustness_v1_20/splits/realistic_decay__noise_0.001__seed_1
96,realistic_decay__noise_0.001__seed_2,realistic_decay,Realistic,realistic_decay_noise_0.001,realistic_decay,exp_trig,exp(-0.25*abs(x1))*sin(x2) + 0.15*x3,x1|x2|x3,x1|x2|x3,0.001,relative_gaussian_y_train_val,2,512,256,1024,0.0006250179984053,0.0006278129785988,data/noise_robustness_v1_20/splits/realistic_decay__noise_0.001__seed_2/train_noisy.csv,data/noise_robustness_v1_20/splits/realistic_decay__noise_0.001__seed_2/val_noisy.csv,data/noise_robustness_v1_20/splits/realistic_decay__noise_0.001__seed_2/test_clean.csv,data/noise_robustness_v1_20/splits/realistic_decay__noise_0.001__seed_2/train_clean.csv,data/noise_robustness_v1_20/splits/realistic_decay__noise_0.001__seed_2/val_clean.csv,data/noise_robustness_v1_20/splits/realistic_decay__noise_0.001__seed_2
97,realistic_decay__noise_0.01__seed_0,realistic_decay,Realistic,realistic_decay_noise_0.01,realistic_decay,exp_trig,exp(-0.25*abs(x1))*sin(x2) + 0.15*x3,x1|x2|x3,x1|x2|x3,0.01,relative_gaussian_y_train_val,0,512,256,1024,0.0063594516092946,0.0059710093418746,data/noise_robustness_v1_20/splits/realistic_decay__noise_0.01__seed_0/train_noisy.csv,data/noise_robustness_v1_20/splits/realistic_decay__noise_0.01__seed_0/val_noisy.csv,data/noise_robustness_v1_20/splits/realistic_decay__noise_0.01__seed_0/test_clean.csv,data/noise_robustness_v1_20/splits/realistic_decay__noise_0.01__seed_0/train_clean.csv,data/noise_robustness_v1_20/splits/realistic_decay__noise_0.01__seed_0/val_clean.csv,data/noise_robustness_v1_20/splits/realistic_decay__noise_0.01__seed_0
98,realistic_decay__noise_0.01__seed_1,realistic_decay,Realistic,realistic_decay_noise_0.01,realistic_decay,exp_trig,exp(-0.25*abs(x1))*sin(x2) + 0.15*x3,x1|x2|x3,x1|x2|x3,0.01,relative_gaussian_y_train_val,1,512,256,1024,0.0063580083329121,0.006552638934462,data/noise_robustness_v1_20/splits/realistic_decay__noise_0.01__seed_1/train_noisy.csv,data/noise_robustness_v1_20/splits/realistic_decay__noise_0.01__seed_1/val_noisy.csv,data/noise_robustness_v1_20/splits/realistic_decay__noise_0.01__seed_1/test_clean.csv,data/noise_robustness_v1_20/splits/realistic_decay__noise_0.01__seed_1/train_clean.csv,data/noise_robustness_v1_20/splits/realistic_decay__noise_0.01__seed_1/val_clean.csv,data/noise_robustness_v1_20/splits/realistic_decay__noise_0.01__seed_1
99,realistic_decay__noise_0.01__seed_2,realistic_decay,Realistic,realistic_decay_noise_0.01,realistic_decay,exp_trig,exp(-0.25*abs(x1))*sin(x2) + 0.15*x3,x1|x2|x3,x1|x2|x3,0.01,relative_gaussian_y_train_val,2,512,256,1024,0.0063009807689212,0.00623880778504,data/noise_robustness_v1_20/splits/realistic_decay__noise_0.01__seed_2/train_noisy.csv,data/noise_robustness_v1_20/splits/realistic_decay__noise_0.01__seed_2/val_noisy.csv,data/noise_robustness_v1_20/splits/realistic_decay__noise_0.01__seed_2/test_clean.csv,data/noise_robustness_v1_20/splits/realistic_decay__noise_0.01__seed_2/train_clean.csv,data/noise_robustness_v1_20/splits/realistic_decay__noise_0.01__seed_2/val_clean.csv,data/noise_robustness_v1_20/splits/realistic_decay__noise_0.01__seed_2
106,realistic_sensor__noise_0__seed_0,realistic_sensor,Realistic,realistic_sensor_noise_0,realistic_sensor,mixed_smooth,log(abs(x1) + 2.0) + 0.35*x2**2 - 0.2*cos(x3),x1|x2|x3,x1|x2|x3,0.0,relative_gaussian_y_train_val,0,512,256,1024,0.0,0.0,data/noise_robustness_v1_20/splits/realistic_sensor__noise_0__seed_0/train_noisy.csv,data/noise_robustness_v1_20/splits/realistic_sensor__noise_0__seed_0/val_noisy.csv,data/noise_robustness_v1_20/splits/realistic_sensor__noise_0__seed_0/test_clean.csv,data/noise_robustness_v1_20/splits/realistic_sensor__noise_0__seed_0/train_clean.csv,data/noise_robustness_v1_20/splits/realistic_sensor__noise_0__seed_0/val_clean.csv,data/noise_robustness_v1_20/splits/realistic_sensor__noise_0__seed_0
107,realistic_sensor__noise_0__seed_1,realistic_sensor,Realistic,realistic_sensor_noise_0,realistic_sensor,mixed_smooth,log(abs(x1) + 2.0) + 0.35*x2**2 - 0.2*cos(x3),x1|x2|x3,x1|x2|x3,0.0,relative_gaussian_y_train_val,1,512,256,1024,0.0,0.0,data/noise_robustness_v1_20/splits/realistic_sensor__noise_0__seed_1/train_noisy.csv,data/noise_robustness_v1_20/splits/realistic_sensor__noise_0__seed_1/val_noisy.csv,data/noise_robustness_v1_20/splits/realistic_sensor__noise_0__seed_1/test_clean.csv,data/noise_robustness_v1_20/splits/realistic_sensor__noise_0__seed_1/train_clean.csv,data/noise_robustness_v1_20/splits/realistic_sensor__noise_0__seed_1/val_clean.csv,data/noise_robustness_v1_20/splits/realistic_sensor__noise_0__seed_1
108,realistic_sensor__noise_0__seed_2,realistic_sensor,Realistic,realistic_sensor_noise_0,realistic_sensor,mixed_smooth,log(abs(x1) + 2.0) + 0.35*x2**2 - 0.2*cos(x3),x1|x2|x3,x1|x2|x3,0.0,relative_gaussian_y_train_val,2,512,256,1024,0.0,0.0,data/noise_robustness_v1_20/splits/realistic_sensor__noise_0__seed_2/train_noisy.csv,data/noise_robustness_v1_20/splits/realistic_sensor__noise_0__seed_2/val_noisy.csv,data/noise_robustness_v1_20/splits/realistic_sensor__noise_0__seed_2/test_clean.csv,data/noise_robustness_v1_20/splits/realistic_sensor__noise_0__seed_2/train_clean.csv,data/noise_robustness_v1_20/splits/realistic_sensor__noise_0__seed_2/val_clean.csv,data/noise_robustness_v1_20/splits/realistic_sensor__noise_0__seed_2
109,realistic_sensor__noise_0.001__seed_0,realistic_sensor,Realistic,realistic_sensor_noise_0.001,realistic_sensor,mixed_smooth,log(abs(x1) + 2.0) + 0.35*x2**2 - 0.2*cos(x3),x1|x2|x3,x1|x2|x3,0.001,relative_gaussian_y_train_val,0,512,256,1024,0.0004431135428605,0.0004800019895541,data/noise_robustness_v1_20/splits/realistic_sensor__noise_0.001__seed_0/train_noisy.csv,data/noise_robustness_v1_20/splits/realistic_sensor__noise_0.001__seed_0/val_noisy.csv,data/noise_robustness_v1_20/splits/realistic_sensor__noise_0.001__seed_0/test_clean.csv,data/noise_robustness_v1_20/splits/realistic_sensor__noise_0.001__seed_0/train_clean.csv,data/noise_robustness_v1_20/splits/realistic_sensor__noise_0.001__seed_0/val_clean.csv,data/noise_robustness_v1_20/splits/realistic_sensor__noise_0.001__seed_0
110,realistic_sensor__noise_0.001__seed_1,realistic_sensor,Realistic,realistic_sensor_noise_0.001,realistic_sensor,mixed_smooth,log(abs(x1) + 2.0) + 0.35*x2**2 - 0.2*cos(x3),x1|x2|x3,x1|x2|x3,0.001,relative_gaussian_y_train_val,1,512,256,1024,0.0004683190591671,0.0004537438989913,data/noise_robustness_v1_20/splits/realistic_sensor__noise_0.001__seed_1/train_noisy.csv,data/noise_robustness_v1_20/splits/realistic_sensor__noise_0.001__seed_1/val_noisy.csv,data/noise_robustness_v1_20/splits/realistic_sensor__noise_0.001__seed_1/test_clean.csv,data/noise_robustness_v1_20/splits/realistic_sensor__noise_0.001__seed_1/train_clean.csv,data/noise_robustness_v1_20/splits/realistic_sensor__noise_0.001__seed_1/val_clean.csv,data/noise_robustness_v1_20/splits/realistic_sensor__noise_0.001__seed_1
111,realistic_sensor__noise_0.001__seed_2,realistic_sensor,Realistic,realistic_sensor_noise_0.001,realistic_sensor,mixed_smooth,log(abs(x1) + 2.0) + 0.35*x2**2 - 0.2*cos(x3),x1|x2|x3,x1|x2|x3,0.001,relative_gaussian_y_train_val,2,512,256,1024,0.0004559179791039,0.0004608185151811,data/noise_robustness_v1_20/splits/realistic_sensor__noise_0.001__seed_2/train_noisy.csv,data/noise_robustness_v1_20/splits/realistic_sensor__noise_0.001__seed_2/val_noisy.csv,data/noise_robustness_v1_20/splits/realistic_sensor__noise_0.001__seed_2/test_clean.csv,data/noise_robustness_v1_20/splits/realistic_sensor__noise_0.001__seed_2/train_clean.csv,data/noise_robustness_v1_20/splits/realistic_sensor__noise_0.001__seed_2/val_clean.csv,data/noise_robustness_v1_20/splits/realistic_sensor__noise_0.001__seed_2
112,realistic_sensor__noise_0.01__seed_0,realistic_sensor,Realistic,realistic_sensor_noise_0.01,realistic_sensor,mixed_smooth,log(abs(x1) + 2.0) + 0.35*x2**2 - 0.2*cos(x3),x1|x2|x3,x1|x2|x3,0.01,relative_gaussian_y_train_val,0,512,256,1024,0.0048333857955287,0.0048579426823334,data/noise_robustness_v1_20/splits/realistic_sensor__noise_0.01__seed_0/train_noisy.csv,data/noise_robustness_v1_20/splits/realistic_sensor__noise_0.01__seed_0/val_noisy.csv,data/noise_robustness_v1_20/splits/realistic_sensor__noise_0.01__seed_0/test_clean.csv,data/noise_robustness_v1_20/splits/realistic_sensor__noise_0.01__seed_0/train_clean.csv,data/noise_robustness_v1_20/splits/realistic_sensor__noise_0.01__seed_0/val_clean.csv,data/noise_robustness_v1_20/splits/realistic_sensor__noise_0.01__seed_0
113,realistic_sensor__noise_0.01__seed_1,realistic_sensor,Realistic,realistic_sensor_noise_0.01,realistic_sensor,mixed_smooth,log(abs(x1) + 2.0) + 0.35*x2**2 - 0.2*cos(x3),x1|x2|x3,x1|x2|x3,0.01,relative_gaussian_y_train_val,1,512,256,1024,0.0045890121160681,0.004862612789013,data/noise_robustness_v1_20/splits/realistic_sensor__noise_0.01__seed_1/train_noisy.csv,data/noise_robustness_v1_20/splits/realistic_sensor__noise_0.01__seed_1/val_noisy.csv,data/noise_robustness_v1_20/splits/realistic_sensor__noise_0.01__seed_1/test_clean.csv,data/noise_robustness_v1_20/splits/realistic_sensor__noise_0.01__seed_1/train_clean.csv,data/noise_robustness_v1_20/splits/realistic_sensor__noise_0.01__seed_1/val_clean.csv,data/noise_robustness_v1_20/splits/realistic_sensor__noise_0.01__seed_1
114,realistic_sensor__noise_0.01__seed_2,realistic_sensor,Realistic,realistic_sensor_noise_0.01,realistic_sensor,mixed_smooth,log(abs(x1) + 2.0) + 0.35*x2**2 - 0.2*cos(x3),x1|x2|x3,x1|x2|x3,0.01,relative_gaussian_y_train_val,2,512,256,1024,0.0047461765557245,0.0047357511978263,data/noise_robustness_v1_20/splits/realistic_sensor__noise_0.01__seed_2/train_noisy.csv,data/noise_robustness_v1_20/splits/realistic_sensor__noise_0.01__seed_2/val_noisy.csv,data/noise_robustness_v1_20/splits/realistic_sensor__noise_0.01__seed_2/test_clean.csv,data/noise_robustness_v1_20/splits/realistic_sensor__noise_0.01__seed_2/train_clean.csv,data/noise_robustness_v1_20/splits/realistic_sensor__noise_0.01__seed_2/val_clean.csv,data/noise_robustness_v1_20/splits/realistic_sensor__noise_0.01__seed_2
121,poly_quad_shift_a__noise_0__seed_0,poly_quad_shift_a,Nguyen,poly_quad_shift_a_noise_0,poly_quad_shift_a,polynomial,x1**2 + 0.5*x2 - 0.25,x1|x2,x1|x2,0.0,relative_gaussian_y_train_val,0,512,256,1024,0.0,0.0,data/noise_robustness_v1_20/splits/poly_quad_shift_a__noise_0__seed_0/train_noisy.csv,data/noise_robustness_v1_20/splits/poly_quad_shift_a__noise_0__seed_0/val_noisy.csv,data/noise_robustness_v1_20/splits/poly_quad_shift_a__noise_0__seed_0/test_clean.csv,data/noise_robustness_v1_20/splits/poly_quad_shift_a__noise_0__seed_0/train_clean.csv,data/noise_robustness_v1_20/splits/poly_quad_shift_a__noise_0__seed_0/val_clean.csv,data/noise_robustness_v1_20/splits/poly_quad_shift_a__noise_0__seed_0
122,poly_quad_shift_a__noise_0__seed_1,poly_quad_shift_a,Nguyen,poly_quad_shift_a_noise_0,poly_quad_shift_a,polynomial,x1**2 + 0.5*x2 - 0.25,x1|x2,x1|x2,0.0,relative_gaussian_y_train_val,1,512,256,1024,0.0,0.0,data/noise_robustness_v1_20/splits/poly_quad_shift_a__noise_0__seed_1/train_noisy.csv,data/noise_robustness_v1_20/splits/poly_quad_shift_a__noise_0__seed_1/val_noisy.csv,data/noise_robustness_v1_20/splits/poly_quad_shift_a__noise_0__seed_1/test_clean.csv,data/noise_robustness_v1_20/splits/poly_quad_shift_a__noise_0__seed_1/train_clean.csv,data/noise_robustness_v1_20/splits/poly_quad_shift_a__noise_0__seed_1/val_clean.csv,data/noise_robustness_v1_20/splits/poly_quad_shift_a__noise_0__seed_1
123,poly_quad_shift_a__noise_0__seed_2,poly_quad_shift_a,Nguyen,poly_quad_shift_a_noise_0,poly_quad_shift_a,polynomial,x1**2 + 0.5*x2 - 0.25,x1|x2,x1|x2,0.0,relative_gaussian_y_train_val,2,512,256,1024,0.0,0.0,data/noise_robustness_v1_20/splits/poly_quad_shift_a__noise_0__seed_2/train_noisy.csv,data/noise_robustness_v1_20/splits/poly_quad_shift_a__noise_0__seed_2/val_noisy.csv,data/noise_robustness_v1_20/splits/poly_quad_shift_a__noise_0__seed_2/test_clean.csv,data/noise_robustness_v1_20/splits/poly_quad_shift_a__noise_0__seed_2/train_clean.csv,data/noise_robustness_v1_20/splits/poly_quad_shift_a__noise_0__seed_2/val_clean.csv,data/noise_robustness_v1_20/splits/poly_quad_shift_a__noise_0__seed_2
124,poly_quad_shift_a__noise_0.001__seed_0,poly_quad_shift_a,Nguyen,poly_quad_shift_a_noise_0.001,poly_quad_shift_a,polynomial,x1**2 + 0.5*x2 - 0.25,x1|x2,x1|x2,0.001,relative_gaussian_y_train_val,0,512,256,1024,0.0013654365843364,0.0013034807599023,data/noise_robustness_v1_20/splits/poly_quad_shift_a__noise_0.001__seed_0/train_noisy.csv,data/noise_robustness_v1_20/splits/poly_quad_shift_a__noise_0.001__seed_0/val_noisy.csv,data/noise_robustness_v1_20/splits/poly_quad_shift_a__noise_0.001__seed_0/test_clean.csv,data/noise_robustness_v1_20/splits/poly_quad_shift_a__noise_0.001__seed_0/train_clean.csv,data/noise_robustness_v1_20/splits/poly_quad_shift_a__noise_0.001__seed_0/val_clean.csv,data/noise_robustness_v1_20/splits/poly_quad_shift_a__noise_0.001__seed_0
125,poly_quad_shift_a__noise_0.001__seed_1,poly_quad_shift_a,Nguyen,poly_quad_shift_a_noise_0.001,poly_quad_shift_a,polynomial,x1**2 + 0.5*x2 - 0.25,x1|x2,x1|x2,0.001,relative_gaussian_y_train_val,1,512,256,1024,0.0013093170525845,0.0013430090056645,data/noise_robustness_v1_20/splits/poly_quad_shift_a__noise_0.001__seed_1/train_noisy.csv,data/noise_robustness_v1_20/splits/poly_quad_shift_a__noise_0.001__seed_1/val_noisy.csv,data/noise_robustness_v1_20/splits/poly_quad_shift_a__noise_0.001__seed_1/test_clean.csv,data/noise_robustness_v1_20/splits/poly_quad_shift_a__noise_0.001__seed_1/train_clean.csv,data/noise_robustness_v1_20/splits/poly_quad_shift_a__noise_0.001__seed_1/val_clean.csv,data/noise_robustness_v1_20/splits/poly_quad_shift_a__noise_0.001__seed_1
126,poly_quad_shift_a__noise_0.001__seed_2,poly_quad_shift_a,Nguyen,poly_quad_shift_a_noise_0.001,poly_quad_shift_a,polynomial,x1**2 + 0.5*x2 - 0.25,x1|x2,x1|x2,0.001,relative_gaussian_y_train_val,2,512,256,1024,0.0013451651088116,0.0013113829675804,data/noise_robustness_v1_20/splits/poly_quad_shift_a__noise_0.001__seed_2/train_noisy.csv,data/noise_robustness_v1_20/splits/poly_quad_shift_a__noise_0.001__seed_2/val_noisy.csv,data/noise_robustness_v1_20/splits/poly_quad_shift_a__noise_0.001__seed_2/test_clean.csv,data/noise_robustness_v1_20/splits/poly_quad_shift_a__noise_0.001__seed_2/train_clean.csv,data/noise_robustness_v1_20/splits/poly_quad_shift_a__noise_0.001__seed_2/val_clean.csv,data/noise_robustness_v1_20/splits/poly_quad_shift_a__noise_0.001__seed_2
127,poly_quad_shift_a__noise_0.01__seed_0,poly_quad_shift_a,Nguyen,poly_quad_shift_a_noise_0.01,poly_quad_shift_a,polynomial,x1**2 + 0.5*x2 - 0.25,x1|x2,x1|x2,0.01,relative_gaussian_y_train_val,0,512,256,1024,0.013411888311379,0.0134575207573498,data/noise_robustness_v1_20/splits/poly_quad_shift_a__noise_0.01__seed_0/train_noisy.csv,data/noise_robustness_v1_20/splits/poly_quad_shift_a__noise_0.01__seed_0/val_noisy.csv,data/noise_robustness_v1_20/splits/poly_quad_shift_a__noise_0.01__seed_0/test_clean.csv,data/noise_robustness_v1_20/splits/poly_quad_shift_a__noise_0.01__seed_0/train_clean.csv,data/noise_robustness_v1_20/splits/poly_quad_shift_a__noise_0.01__seed_0/val_clean.csv,data/noise_robustness_v1_20/splits/poly_quad_shift_a__noise_0.01__seed_0
128,poly_quad_shift_a__noise_0.01__seed_1,poly_quad_shift_a,Nguyen,poly_quad_shift_a_noise_0.01,poly_quad_shift_a,polynomial,x1**2 + 0.5*x2 - 0.25,x1|x2,x1|x2,0.01,relative_gaussian_y_train_val,1,512,256,1024,0.0128147302013065,0.0127535652710066,data/noise_robustness_v1_20/splits/poly_quad_shift_a__noise_0.01__seed_1/train_noisy.csv,data/noise_robustness_v1_20/splits/poly_quad_shift_a__noise_0.01__seed_1/val_noisy.csv,data/noise_robustness_v1_20/splits/poly_quad_shift_a__noise_0.01__seed_1/test_clean.csv,data/noise_robustness_v1_20/splits/poly_quad_shift_a__noise_0.01__seed_1/train_clean.csv,data/noise_robustness_v1_20/splits/poly_quad_shift_a__noise_0.01__seed_1/val_clean.csv,data/noise_robustness_v1_20/splits/poly_quad_shift_a__noise_0.01__seed_1
129,poly_quad_shift_a__noise_0.01__seed_2,poly_quad_shift_a,Nguyen,poly_quad_shift_a_noise_0.01,poly_quad_shift_a,polynomial,x1**2 + 0.5*x2 - 0.25,x1|x2,x1|x2,0.01,relative_gaussian_y_train_val,2,512,256,1024,0.0134999839422395,0.0118300886551077,data/noise_robustness_v1_20/splits/poly_quad_shift_a__noise_0.01__seed_2/train_noisy.csv,data/noise_robustness_v1_20/splits/poly_quad_shift_a__noise_0.01__seed_2/val_noisy.csv,data/noise_robustness_v1_20/splits/poly_quad_shift_a__noise_0.01__seed_2/test_clean.csv,data/noise_robustness_v1_20/splits/poly_quad_shift_a__noise_0.01__seed_2/train_clean.csv,data/noise_robustness_v1_20/splits/poly_quad_shift_a__noise_0.01__seed_2/val_clean.csv,data/noise_robustness_v1_20/splits/poly_quad_shift_a__noise_0.01__seed_2
136,poly_quad_shift_b__noise_0__seed_0,poly_quad_shift_b,Nguyen,poly_quad_shift_b_noise_0,poly_quad_shift_b,polynomial,x2**2 + 0.5*x3 - 0.25,x2|x3,x2|x3,0.0,relative_gaussian_y_train_val,0,512,256,1024,0.0,0.0,data/noise_robustness_v1_20/splits/poly_quad_shift_b__noise_0__seed_0/train_noisy.csv,data/noise_robustness_v1_20/splits/poly_quad_shift_b__noise_0__seed_0/val_noisy.csv,data/noise_robustness_v1_20/splits/poly_quad_shift_b__noise_0__seed_0/test_clean.csv,data/noise_robustness_v1_20/splits/poly_quad_shift_b__noise_0__seed_0/train_clean.csv,data/noise_robustness_v1_20/splits/poly_quad_shift_b__noise_0__seed_0/val_clean.csv,data/noise_robustness_v1_20/splits/poly_quad_shift_b__noise_0__seed_0
137,poly_quad_shift_b__noise_0__seed_1,poly_quad_shift_b,Nguyen,poly_quad_shift_b_noise_0,poly_quad_shift_b,polynomial,x2**2 + 0.5*x3 - 0.25,x2|x3,x2|x3,0.0,relative_gaussian_y_train_val,1,512,256,1024,0.0,0.0,data/noise_robustness_v1_20/splits/poly_quad_shift_b__noise_0__seed_1/train_noisy.csv,data/noise_robustness_v1_20/splits/poly_quad_shift_b__noise_0__seed_1/val_noisy.csv,data/noise_robustness_v1_20/splits/poly_quad_shift_b__noise_0__seed_1/test_clean.csv,data/noise_robustness_v1_20/splits/poly_quad_shift_b__noise_0__seed_1/train_clean.csv,data/noise_robustness_v1_20/splits/poly_quad_shift_b__noise_0__seed_1/val_clean.csv,data/noise_robustness_v1_20/splits/poly_quad_shift_b__noise_0__seed_1
138,poly_quad_shift_b__noise_0__seed_2,poly_quad_shift_b,Nguyen,poly_quad_shift_b_noise_0,poly_quad_shift_b,polynomial,x2**2 + 0.5*x3 - 0.25,x2|x3,x2|x3,0.0,relative_gaussian_y_train_val,2,512,256,1024,0.0,0.0,data/noise_robustness_v1_20/splits/poly_quad_shift_b__noise_0__seed_2/train_noisy.csv,data/noise_robustness_v1_20/splits/poly_quad_shift_b__noise_0__seed_2/val_noisy.csv,data/noise_robustness_v1_20/splits/poly_quad_shift_b__noise_0__seed_2/test_clean.csv,data/noise_robustness_v1_20/splits/poly_quad_shift_b__noise_0__seed_2/train_clean.csv,data/noise_robustness_v1_20/splits/poly_quad_shift_b__noise_0__seed_2/val_clean.csv,data/noise_robustness_v1_20/splits/poly_quad_shift_b__noise_0__seed_2
139,poly_quad_shift_b__noise_0.001__seed_0,poly_quad_shift_b,Nguyen,poly_quad_shift_b_noise_0.001,poly_quad_shift_b,polynomial,x2**2 + 0.5*x3 - 0.25,x2|x3,x2|x3,0.001,relative_gaussian_y_train_val,0,512,256,1024,0.001313667371601,0.0013295645857606,data/noise_robustness_v1_20/splits/poly_quad_shift_b__noise_0.001__seed_0/train_noisy.csv,data/noise_robustness_v1_20/splits/poly_quad_shift_b__noise_0.001__seed_0/val_noisy.csv,data/noise_robustness_v1_20/splits/poly_quad_shift_b__noise_0.001__seed_0/test_clean.csv,data/noise_robustness_v1_20/splits/poly_quad_shift_b__noise_0.001__seed_0/train_clean.csv,data/noise_robustness_v1_20/splits/poly_quad_shift_b__noise_0.001__seed_0/val_clean.csv,data/noise_robustness_v1_20/splits/poly_quad_shift_b__noise_0.001__seed_0
140,poly_quad_shift_b__noise_0.001__seed_1,poly_quad_shift_b,Nguyen,poly_quad_shift_b_noise_0.001,poly_quad_shift_b,polynomial,x2**2 + 0.5*x3 - 0.25,x2|x3,x2|x3,0.001,relative_gaussian_y_train_val,1,512,256,1024,0.0013373821850528,0.0012551077142637,data/noise_robustness_v1_20/splits/poly_quad_shift_b__noise_0.001__seed_1/train_noisy.csv,data/noise_robustness_v1_20/splits/poly_quad_shift_b__noise_0.001__seed_1/val_noisy.csv,data/noise_robustness_v1_20/splits/poly_quad_shift_b__noise_0.001__seed_1/test_clean.csv,data/noise_robustness_v1_20/splits/poly_quad_shift_b__noise_0.001__seed_1/train_clean.csv,data/noise_robustness_v1_20/splits/poly_quad_shift_b__noise_0.001__seed_1/val_clean.csv,data/noise_robustness_v1_20/splits/poly_quad_shift_b__noise_0.001__seed_1
141,poly_quad_shift_b__noise_0.001__seed_2,poly_quad_shift_b,Nguyen,poly_quad_shift_b_noise_0.001,poly_quad_shift_b,polynomial,x2**2 + 0.5*x3 - 0.25,x2|x3,x2|x3,0.001,relative_gaussian_y_train_val,2,512,256,1024,0.0012610915465502,0.0012383769015182,data/noise_robustness_v1_20/splits/poly_quad_shift_b__noise_0.001__seed_2/train_noisy.csv,data/noise_robustness_v1_20/splits/poly_quad_shift_b__noise_0.001__seed_2/val_noisy.csv,data/noise_robustness_v1_20/splits/poly_quad_shift_b__noise_0.001__seed_2/test_clean.csv,data/noise_robustness_v1_20/splits/poly_quad_shift_b__noise_0.001__seed_2/train_clean.csv,data/noise_robustness_v1_20/splits/poly_quad_shift_b__noise_0.001__seed_2/val_clean.csv,data/noise_robustness_v1_20/splits/poly_quad_shift_b__noise_0.001__seed_2
142,poly_quad_shift_b__noise_0.01__seed_0,poly_quad_shift_b,Nguyen,poly_quad_shift_b_noise_0.01,poly_quad_shift_b,polynomial,x2**2 + 0.5*x3 - 0.25,x2|x3,x2|x3,0.01,relative_gaussian_y_train_val,0,512,256,1024,0.0130387006677805,0.0135230581510618,data/noise_robustness_v1_20/splits/poly_quad_shift_b__noise_0.01__seed_0/train_noisy.csv,data/noise_robustness_v1_20/splits/poly_quad_shift_b__noise_0.01__seed_0/val_noisy.csv,data/noise_robustness_v1_20/splits/poly_quad_shift_b__noise_0.01__seed_0/test_clean.csv,data/noise_robustness_v1_20/splits/poly_quad_shift_b__noise_0.01__seed_0/train_clean.csv,data/noise_robustness_v1_20/splits/poly_quad_shift_b__noise_0.01__seed_0/val_clean.csv,data/noise_robustness_v1_20/splits/poly_quad_shift_b__noise_0.01__seed_0
143,poly_quad_shift_b__noise_0.01__seed_1,poly_quad_shift_b,Nguyen,poly_quad_shift_b_noise_0.01,poly_quad_shift_b,polynomial,x2**2 + 0.5*x3 - 0.25,x2|x3,x2|x3,0.01,relative_gaussian_y_train_val,1,512,256,1024,0.0134804655175971,0.0141370145940277,data/noise_robustness_v1_20/splits/poly_quad_shift_b__noise_0.01__seed_1/train_noisy.csv,data/noise_robustness_v1_20/splits/poly_quad_shift_b__noise_0.01__seed_1/val_noisy.csv,data/noise_robustness_v1_20/splits/poly_quad_shift_b__noise_0.01__seed_1/test_clean.csv,data/noise_robustness_v1_20/splits/poly_quad_shift_b__noise_0.01__seed_1/train_clean.csv,data/noise_robustness_v1_20/splits/poly_quad_shift_b__noise_0.01__seed_1/val_clean.csv,data/noise_robustness_v1_20/splits/poly_quad_shift_b__noise_0.01__seed_1
144,poly_quad_shift_b__noise_0.01__seed_2,poly_quad_shift_b,Nguyen,poly_quad_shift_b_noise_0.01,poly_quad_shift_b,polynomial,x2**2 + 0.5*x3 - 0.25,x2|x3,x2|x3,0.01,relative_gaussian_y_train_val,2,512,256,1024,0.0136628555313945,0.0142360764377368,data/noise_robustness_v1_20/splits/poly_quad_shift_b__noise_0.01__seed_2/train_noisy.csv,data/noise_robustness_v1_20/splits/poly_quad_shift_b__noise_0.01__seed_2/val_noisy.csv,data/noise_robustness_v1_20/splits/poly_quad_shift_b__noise_0.01__seed_2/test_clean.csv,data/noise_robustness_v1_20/splits/poly_quad_shift_b__noise_0.01__seed_2/train_clean.csv,data/noise_robustness_v1_20/splits/poly_quad_shift_b__noise_0.01__seed_2/val_clean.csv,data/noise_robustness_v1_20/splits/poly_quad_shift_b__noise_0.01__seed_2
151,poly_quad_shift_c__noise_0__seed_0,poly_quad_shift_c,Nguyen,poly_quad_shift_c_noise_0,poly_quad_shift_c,polynomial,x3**2 + 0.5*x3 - 0.25,x3,x3,0.0,relative_gaussian_y_train_val,0,512,256,1024,0.0,0.0,data/noise_robustness_v1_20/splits/poly_quad_shift_c__noise_0__seed_0/train_noisy.csv,data/noise_robustness_v1_20/splits/poly_quad_shift_c__noise_0__seed_0/val_noisy.csv,data/noise_robustness_v1_20/splits/poly_quad_shift_c__noise_0__seed_0/test_clean.csv,data/noise_robustness_v1_20/splits/poly_quad_shift_c__noise_0__seed_0/train_clean.csv,data/noise_robustness_v1_20/splits/poly_quad_shift_c__noise_0__seed_0/val_clean.csv,data/noise_robustness_v1_20/splits/poly_quad_shift_c__noise_0__seed_0
152,poly_quad_shift_c__noise_0__seed_1,poly_quad_shift_c,Nguyen,poly_quad_shift_c_noise_0,poly_quad_shift_c,polynomial,x3**2 + 0.5*x3 - 0.25,x3,x3,0.0,relative_gaussian_y_train_val,1,512,256,1024,0.0,0.0,data/noise_robustness_v1_20/splits/poly_quad_shift_c__noise_0__seed_1/train_noisy.csv,data/noise_robustness_v1_20/splits/poly_quad_shift_c__noise_0__seed_1/val_noisy.csv,data/noise_robustness_v1_20/splits/poly_quad_shift_c__noise_0__seed_1/test_clean.csv,data/noise_robustness_v1_20/splits/poly_quad_shift_c__noise_0__seed_1/train_clean.csv,data/noise_robustness_v1_20/splits/poly_quad_shift_c__noise_0__seed_1/val_clean.csv,data/noise_robustness_v1_20/splits/poly_quad_shift_c__noise_0__seed_1
153,poly_quad_shift_c__noise_0__seed_2,poly_quad_shift_c,Nguyen,poly_quad_shift_c_noise_0,poly_quad_shift_c,polynomial,x3**2 + 0.5*x3 - 0.25,x3,x3,0.0,relative_gaussian_y_train_val,2,512,256,1024,0.0,0.0,data/noise_robustness_v1_20/splits/poly_quad_shift_c__noise_0__seed_2/train_noisy.csv,data/noise_robustness_v1_20/splits/poly_quad_shift_c__noise_0__seed_2/val_noisy.csv,data/noise_robustness_v1_20/splits/poly_quad_shift_c__noise_0__seed_2/test_clean.csv,data/noise_robustness_v1_20/splits/poly_quad_shift_c__noise_0__seed_2/train_clean.csv,data/noise_robustness_v1_20/splits/poly_quad_shift_c__noise_0__seed_2/val_clean.csv,data/noise_robustness_v1_20/splits/poly_quad_shift_c__noise_0__seed_2
154,poly_quad_shift_c__noise_0.001__seed_0,poly_quad_shift_c,Nguyen,poly_quad_shift_c_noise_0.001,poly_quad_shift_c,polynomial,x3**2 + 0.5*x3 - 0.25,x3,x3,0.001,relative_gaussian_y_train_val,0,512,256,1024,0.0013046845114158,0.0013198218080659,data/noise_robustness_v1_20/splits/poly_quad_shift_c__noise_0.001__seed_0/train_noisy.csv,data/noise_robustness_v1_20/splits/poly_quad_shift_c__noise_0.001__seed_0/val_noisy.csv,data/noise_robustness_v1_20/splits/poly_quad_shift_c__noise_0.001__seed_0/test_clean.csv,data/noise_robustness_v1_20/splits/poly_quad_shift_c__noise_0.001__seed_0/train_clean.csv,data/noise_robustness_v1_20/splits/poly_quad_shift_c__noise_0.001__seed_0/val_clean.csv,data/noise_robustness_v1_20/splits/poly_quad_shift_c__noise_0.001__seed_0
155,poly_quad_shift_c__noise_0.001__seed_1,poly_quad_shift_c,Nguyen,poly_quad_shift_c_noise_0.001,poly_quad_shift_c,polynomial,x3**2 + 0.5*x3 - 0.25,x3,x3,0.001,relative_gaussian_y_train_val,1,512,256,1024,0.0012837399624848,0.0013801569100598,data/noise_robustness_v1_20/splits/poly_quad_shift_c__noise_0.001__seed_1/train_noisy.csv,data/noise_robustness_v1_20/splits/poly_quad_shift_c__noise_0.001__seed_1/val_noisy.csv,data/noise_robustness_v1_20/splits/poly_quad_shift_c__noise_0.001__seed_1/test_clean.csv,data/noise_robustness_v1_20/splits/poly_quad_shift_c__noise_0.001__seed_1/train_clean.csv,data/noise_robustness_v1_20/splits/poly_quad_shift_c__noise_0.001__seed_1/val_clean.csv,data/noise_robustness_v1_20/splits/poly_quad_shift_c__noise_0.001__seed_1
156,poly_quad_shift_c__noise_0.001__seed_2,poly_quad_shift_c,Nguyen,poly_quad_shift_c_noise_0.001,poly_quad_shift_c,polynomial,x3**2 + 0.5*x3 - 0.25,x3,x3,0.001,relative_gaussian_y_train_val,2,512,256,1024,0.0013702091890907,0.0013316542136957,data/noise_robustness_v1_20/splits/poly_quad_shift_c__noise_0.001__seed_2/train_noisy.csv,data/noise_robustness_v1_20/splits/poly_quad_shift_c__noise_0.001__seed_2/val_noisy.csv,data/noise_robustness_v1_20/splits/poly_quad_shift_c__noise_0.001__seed_2/test_clean.csv,data/noise_robustness_v1_20/splits/poly_quad_shift_c__noise_0.001__seed_2/train_clean.csv,data/noise_robustness_v1_20/splits/poly_quad_shift_c__noise_0.001__seed_2/val_clean.csv,data/noise_robustness_v1_20/splits/poly_quad_shift_c__noise_0.001__seed_2
157,poly_quad_shift_c__noise_0.01__seed_0,poly_quad_shift_c,Nguyen,poly_quad_shift_c_noise_0.01,poly_quad_shift_c,polynomial,x3**2 + 0.5*x3 - 0.25,x3,x3,0.01,relative_gaussian_y_train_val,0,512,256,1024,0.0123981480711917,0.013011891036806,data/noise_robustness_v1_20/splits/poly_quad_shift_c__noise_0.01__seed_0/train_noisy.csv,data/noise_robustness_v1_20/splits/poly_quad_shift_c__noise_0.01__seed_0/val_noisy.csv,data/noise_robustness_v1_20/splits/poly_quad_shift_c__noise_0.01__seed_0/test_clean.csv,data/noise_robustness_v1_20/splits/poly_quad_shift_c__noise_0.01__seed_0/train_clean.csv,data/noise_robustness_v1_20/splits/poly_quad_shift_c__noise_0.01__seed_0/val_clean.csv,data/noise_robustness_v1_20/splits/poly_quad_shift_c__noise_0.01__seed_0
158,poly_quad_shift_c__noise_0.01__seed_1,poly_quad_shift_c,Nguyen,poly_quad_shift_c_noise_0.01,poly_quad_shift_c,polynomial,x3**2 + 0.5*x3 - 0.25,x3,x3,0.01,relative_gaussian_y_train_val,1,512,256,1024,0.0133883272934683,0.0141216396659726,data/noise_robustness_v1_20/splits/poly_quad_shift_c__noise_0.01__seed_1/train_noisy.csv,data/noise_robustness_v1_20/splits/poly_quad_shift_c__noise_0.01__seed_1/val_noisy.csv,data/noise_robustness_v1_20/splits/poly_quad_shift_c__noise_0.01__seed_1/test_clean.csv,data/noise_robustness_v1_20/splits/poly_quad_shift_c__noise_0.01__seed_1/train_clean.csv,data/noise_robustness_v1_20/splits/poly_quad_shift_c__noise_0.01__seed_1/val_clean.csv,data/noise_robustness_v1_20/splits/poly_quad_shift_c__noise_0.01__seed_1
159,poly_quad_shift_c__noise_0.01__seed_2,poly_quad_shift_c,Nguyen,poly_quad_shift_c_noise_0.01,poly_quad_shift_c,polynomial,x3**2 + 0.5*x3 - 0.25,x3,x3,0.01,relative_gaussian_y_train_val,2,512,256,1024,0.0131624421377609,0.0138277496081089,data/noise_robustness_v1_20/splits/poly_quad_shift_c__noise_0.01__seed_2/train_noisy.csv,data/noise_robustness_v1_20/splits/poly_quad_shift_c__noise_0.01__seed_2/val_noisy.csv,data/noise_robustness_v1_20/splits/poly_quad_shift_c__noise_0.01__seed_2/test_clean.csv,data/noise_robustness_v1_20/splits/poly_quad_shift_c__noise_0.01__seed_2/train_clean.csv,data/noise_robustness_v1_20/splits/poly_quad_shift_c__noise_0.01__seed_2/val_clean.csv,data/noise_robustness_v1_20/splits/poly_quad_shift_c__noise_0.01__seed_2
166,poly_cubic_mix_a__noise_0__seed_0,poly_cubic_mix_a,Nguyen,poly_cubic_mix_a_noise_0,poly_cubic_mix_a,polynomial,0.5*x1**3 - x2**2 + x1*x2,x1|x2,x1|x2,0.0,relative_gaussian_y_train_val,0,512,256,1024,0.0,0.0,data/noise_robustness_v1_20/splits/poly_cubic_mix_a__noise_0__seed_0/train_noisy.csv,data/noise_robustness_v1_20/splits/poly_cubic_mix_a__noise_0__seed_0/val_noisy.csv,data/noise_robustness_v1_20/splits/poly_cubic_mix_a__noise_0__seed_0/test_clean.csv,data/noise_robustness_v1_20/splits/poly_cubic_mix_a__noise_0__seed_0/train_clean.csv,data/noise_robustness_v1_20/splits/poly_cubic_mix_a__noise_0__seed_0/val_clean.csv,data/noise_robustness_v1_20/splits/poly_cubic_mix_a__noise_0__seed_0
167,poly_cubic_mix_a__noise_0__seed_1,poly_cubic_mix_a,Nguyen,poly_cubic_mix_a_noise_0,poly_cubic_mix_a,polynomial,0.5*x1**3 - x2**2 + x1*x2,x1|x2,x1|x2,0.0,relative_gaussian_y_train_val,1,512,256,1024,0.0,0.0,data/noise_robustness_v1_20/splits/poly_cubic_mix_a__noise_0__seed_1/train_noisy.csv,data/noise_robustness_v1_20/splits/poly_cubic_mix_a__noise_0__seed_1/val_noisy.csv,data/noise_robustness_v1_20/splits/poly_cubic_mix_a__noise_0__seed_1/test_clean.csv,data/noise_robustness_v1_20/splits/poly_cubic_mix_a__noise_0__seed_1/train_clean.csv,data/noise_robustness_v1_20/splits/poly_cubic_mix_a__noise_0__seed_1/val_clean.csv,data/noise_robustness_v1_20/splits/poly_cubic_mix_a__noise_0__seed_1
168,poly_cubic_mix_a__noise_0__seed_2,poly_cubic_mix_a,Nguyen,poly_cubic_mix_a_noise_0,poly_cubic_mix_a,polynomial,0.5*x1**3 - x2**2 + x1*x2,x1|x2,x1|x2,0.0,relative_gaussian_y_train_val,2,512,256,1024,0.0,0.0,data/noise_robustness_v1_20/splits/poly_cubic_mix_a__noise_0__seed_2/train_noisy.csv,data/noise_robustness_v1_20/splits/poly_cubic_mix_a__noise_0__seed_2/val_noisy.csv,data/noise_robustness_v1_20/splits/poly_cubic_mix_a__noise_0__seed_2/test_clean.csv,data/noise_robustness_v1_20/splits/poly_cubic_mix_a__noise_0__seed_2/train_clean.csv,data/noise_robustness_v1_20/splits/poly_cubic_mix_a__noise_0__seed_2/val_clean.csv,data/noise_robustness_v1_20/splits/poly_cubic_mix_a__noise_0__seed_2
169,poly_cubic_mix_a__noise_0.001__seed_0,poly_cubic_mix_a,Nguyen,poly_cubic_mix_a_noise_0.001,poly_cubic_mix_a,polynomial,0.5*x1**3 - x2**2 + x1*x2,x1|x2,x1|x2,0.001,relative_gaussian_y_train_val,0,512,256,1024,0.0022813239294767,0.002283921345675,data/noise_robustness_v1_20/splits/poly_cubic_mix_a__noise_0.001__seed_0/train_noisy.csv,data/noise_robustness_v1_20/splits/poly_cubic_mix_a__noise_0.001__seed_0/val_noisy.csv,data/noise_robustness_v1_20/splits/poly_cubic_mix_a__noise_0.001__seed_0/test_clean.csv,data/noise_robustness_v1_20/splits/poly_cubic_mix_a__noise_0.001__seed_0/train_clean.csv,data/noise_robustness_v1_20/splits/poly_cubic_mix_a__noise_0.001__seed_0/val_clean.csv,data/noise_robustness_v1_20/splits/poly_cubic_mix_a__noise_0.001__seed_0
170,poly_cubic_mix_a__noise_0.001__seed_1,poly_cubic_mix_a,Nguyen,poly_cubic_mix_a_noise_0.001,poly_cubic_mix_a,polynomial,0.5*x1**3 - x2**2 + x1*x2,x1|x2,x1|x2,0.001,relative_gaussian_y_train_val,1,512,256,1024,0.0025407716399668,0.0022121099624385,data/noise_robustness_v1_20/splits/poly_cubic_mix_a__noise_0.001__seed_1/train_noisy.csv,data/noise_robustness_v1_20/splits/poly_cubic_mix_a__noise_0.001__seed_1/val_noisy.csv,data/noise_robustness_v1_20/splits/poly_cubic_mix_a__noise_0.001__seed_1/test_clean.csv,data/noise_robustness_v1_20/splits/poly_cubic_mix_a__noise_0.001__seed_1/train_clean.csv,data/noise_robustness_v1_20/splits/poly_cubic_mix_a__noise_0.001__seed_1/val_clean.csv,data/noise_robustness_v1_20/splits/poly_cubic_mix_a__noise_0.001__seed_1
171,poly_cubic_mix_a__noise_0.001__seed_2,poly_cubic_mix_a,Nguyen,poly_cubic_mix_a_noise_0.001,poly_cubic_mix_a,polynomial,0.5*x1**3 - x2**2 + x1*x2,x1|x2,x1|x2,0.001,relative_gaussian_y_train_val,2,512,256,1024,0.0022747333793178,0.0023499353912813,data/noise_robustness_v1_20/splits/poly_cubic_mix_a__noise_0.001__seed_2/train_noisy.csv,data/noise_robustness_v1_20/splits/poly_cubic_mix_a__noise_0.001__seed_2/val_noisy.csv,data/noise_robustness_v1_20/splits/poly_cubic_mix_a__noise_0.001__seed_2/test_clean.csv,data/noise_robustness_v1_20/splits/poly_cubic_mix_a__noise_0.001__seed_2/train_clean.csv,data/noise_robustness_v1_20/splits/poly_cubic_mix_a__noise_0.001__seed_2/val_clean.csv,data/noise_robustness_v1_20/splits/poly_cubic_mix_a__noise_0.001__seed_2
172,poly_cubic_mix_a__noise_0.01__seed_0,poly_cubic_mix_a,Nguyen,poly_cubic_mix_a_noise_0.01,poly_cubic_mix_a,polynomial,0.5*x1**3 - x2**2 + x1*x2,x1|x2,x1|x2,0.01,relative_gaussian_y_train_val,0,512,256,1024,0.0243633291566625,0.0208838191113891,data/noise_robustness_v1_20/splits/poly_cubic_mix_a__noise_0.01__seed_0/train_noisy.csv,data/noise_robustness_v1_20/splits/poly_cubic_mix_a__noise_0.01__seed_0/val_noisy.csv,data/noise_robustness_v1_20/splits/poly_cubic_mix_a__noise_0.01__seed_0/test_clean.csv,data/noise_robustness_v1_20/splits/poly_cubic_mix_a__noise_0.01__seed_0/train_clean.csv,data/noise_robustness_v1_20/splits/poly_cubic_mix_a__noise_0.01__seed_0/val_clean.csv,data/noise_robustness_v1_20/splits/poly_cubic_mix_a__noise_0.01__seed_0
173,poly_cubic_mix_a__noise_0.01__seed_1,poly_cubic_mix_a,Nguyen,poly_cubic_mix_a_noise_0.01,poly_cubic_mix_a,polynomial,0.5*x1**3 - x2**2 + x1*x2,x1|x2,x1|x2,0.01,relative_gaussian_y_train_val,1,512,256,1024,0.0247785918205172,0.0241885195578108,data/noise_robustness_v1_20/splits/poly_cubic_mix_a__noise_0.01__seed_1/train_noisy.csv,data/noise_robustness_v1_20/splits/poly_cubic_mix_a__noise_0.01__seed_1/val_noisy.csv,data/noise_robustness_v1_20/splits/poly_cubic_mix_a__noise_0.01__seed_1/test_clean.csv,data/noise_robustness_v1_20/splits/poly_cubic_mix_a__noise_0.01__seed_1/train_clean.csv,data/noise_robustness_v1_20/splits/poly_cubic_mix_a__noise_0.01__seed_1/val_clean.csv,data/noise_robustness_v1_20/splits/poly_cubic_mix_a__noise_0.01__seed_1
174,poly_cubic_mix_a__noise_0.01__seed_2,poly_cubic_mix_a,Nguyen,poly_cubic_mix_a_noise_0.01,poly_cubic_mix_a,polynomial,0.5*x1**3 - x2**2 + x1*x2,x1|x2,x1|x2,0.01,relative_gaussian_y_train_val,2,512,256,1024,0.0236614676563698,0.0219846153621015,data/noise_robustness_v1_20/splits/poly_cubic_mix_a__noise_0.01__seed_2/train_noisy.csv,data/noise_robustness_v1_20/splits/poly_cubic_mix_a__noise_0.01__seed_2/val_noisy.csv,data/noise_robustness_v1_20/splits/poly_cubic_mix_a__noise_0.01__seed_2/test_clean.csv,data/noise_robustness_v1_20/splits/poly_cubic_mix_a__noise_0.01__seed_2/train_clean.csv,data/noise_robustness_v1_20/splits/poly_cubic_mix_a__noise_0.01__seed_2/val_clean.csv,data/noise_robustness_v1_20/splits/poly_cubic_mix_a__noise_0.01__seed_2
181,poly_cubic_mix_b__noise_0__seed_0,poly_cubic_mix_b,Nguyen,poly_cubic_mix_b_noise_0,poly_cubic_mix_b,polynomial,0.5*x2**3 - x3**2 + x2*x3,x2|x3,x2|x3,0.0,relative_gaussian_y_train_val,0,512,256,1024,0.0,0.0,data/noise_robustness_v1_20/splits/poly_cubic_mix_b__noise_0__seed_0/train_noisy.csv,data/noise_robustness_v1_20/splits/poly_cubic_mix_b__noise_0__seed_0/val_noisy.csv,data/noise_robustness_v1_20/splits/poly_cubic_mix_b__noise_0__seed_0/test_clean.csv,data/noise_robustness_v1_20/splits/poly_cubic_mix_b__noise_0__seed_0/train_clean.csv,data/noise_robustness_v1_20/splits/poly_cubic_mix_b__noise_0__seed_0/val_clean.csv,data/noise_robustness_v1_20/splits/poly_cubic_mix_b__noise_0__seed_0
182,poly_cubic_mix_b__noise_0__seed_1,poly_cubic_mix_b,Nguyen,poly_cubic_mix_b_noise_0,poly_cubic_mix_b,polynomial,0.5*x2**3 - x3**2 + x2*x3,x2|x3,x2|x3,0.0,relative_gaussian_y_train_val,1,512,256,1024,0.0,0.0,data/noise_robustness_v1_20/splits/poly_cubic_mix_b__noise_0__seed_1/train_noisy.csv,data/noise_robustness_v1_20/splits/poly_cubic_mix_b__noise_0__seed_1/val_noisy.csv,data/noise_robustness_v1_20/splits/poly_cubic_mix_b__noise_0__seed_1/test_clean.csv,data/noise_robustness_v1_20/splits/poly_cubic_mix_b__noise_0__seed_1/train_clean.csv,data/noise_robustness_v1_20/splits/poly_cubic_mix_b__noise_0__seed_1/val_clean.csv,data/noise_robustness_v1_20/splits/poly_cubic_mix_b__noise_0__seed_1
183,poly_cubic_mix_b__noise_0__seed_2,poly_cubic_mix_b,Nguyen,poly_cubic_mix_b_noise_0,poly_cubic_mix_b,polynomial,0.5*x2**3 - x3**2 + x2*x3,x2|x3,x2|x3,0.0,relative_gaussian_y_train_val,2,512,256,1024,0.0,0.0,data/noise_robustness_v1_20/splits/poly_cubic_mix_b__noise_0__seed_2/train_noisy.csv,data/noise_robustness_v1_20/splits/poly_cubic_mix_b__noise_0__seed_2/val_noisy.csv,data/noise_robustness_v1_20/splits/poly_cubic_mix_b__noise_0__seed_2/test_clean.csv,data/noise_robustness_v1_20/splits/poly_cubic_mix_b__noise_0__seed_2/train_clean.csv,data/noise_robustness_v1_20/splits/poly_cubic_mix_b__noise_0__seed_2/val_clean.csv,data/noise_robustness_v1_20/splits/poly_cubic_mix_b__noise_0__seed_2
184,poly_cubic_mix_b__noise_0.001__seed_0,poly_cubic_mix_b,Nguyen,poly_cubic_mix_b_noise_0.001,poly_cubic_mix_b,polynomial,0.5*x2**3 - x3**2 + x2*x3,x2|x3,x2|x3,0.001,relative_gaussian_y_train_val,0,512,256,1024,0.0022630399476514,0.0023719891733635,data/noise_robustness_v1_20/splits/poly_cubic_mix_b__noise_0.001__seed_0/train_noisy.csv,data/noise_robustness_v1_20/splits/poly_cubic_mix_b__noise_0.001__seed_0/val_noisy.csv,data/noise_robustness_v1_20/splits/poly_cubic_mix_b__noise_0.001__seed_0/test_clean.csv,data/noise_robustness_v1_20/splits/poly_cubic_mix_b__noise_0.001__seed_0/train_clean.csv,data/noise_robustness_v1_20/splits/poly_cubic_mix_b__noise_0.001__seed_0/val_clean.csv,data/noise_robustness_v1_20/splits/poly_cubic_mix_b__noise_0.001__seed_0
185,poly_cubic_mix_b__noise_0.001__seed_1,poly_cubic_mix_b,Nguyen,poly_cubic_mix_b_noise_0.001,poly_cubic_mix_b,polynomial,0.5*x2**3 - x3**2 + x2*x3,x2|x3,x2|x3,0.001,relative_gaussian_y_train_val,1,512,256,1024,0.0022524563894094,0.0022276680392001,data/noise_robustness_v1_20/splits/poly_cubic_mix_b__noise_0.001__seed_1/train_noisy.csv,data/noise_robustness_v1_20/splits/poly_cubic_mix_b__noise_0.001__seed_1/val_noisy.csv,data/noise_robustness_v1_20/splits/poly_cubic_mix_b__noise_0.001__seed_1/test_clean.csv,data/noise_robustness_v1_20/splits/poly_cubic_mix_b__noise_0.001__seed_1/train_clean.csv,data/noise_robustness_v1_20/splits/poly_cubic_mix_b__noise_0.001__seed_1/val_clean.csv,data/noise_robustness_v1_20/splits/poly_cubic_mix_b__noise_0.001__seed_1
186,poly_cubic_mix_b__noise_0.001__seed_2,poly_cubic_mix_b,Nguyen,poly_cubic_mix_b_noise_0.001,poly_cubic_mix_b,polynomial,0.5*x2**3 - x3**2 + x2*x3,x2|x3,x2|x3,0.001,relative_gaussian_y_train_val,2,512,256,1024,0.0024658158831037,0.002564477224868,data/noise_robustness_v1_20/splits/poly_cubic_mix_b__noise_0.001__seed_2/train_noisy.csv,data/noise_robustness_v1_20/splits/poly_cubic_mix_b__noise_0.001__seed_2/val_noisy.csv,data/noise_robustness_v1_20/splits/poly_cubic_mix_b__noise_0.001__seed_2/test_clean.csv,data/noise_robustness_v1_20/splits/poly_cubic_mix_b__noise_0.001__seed_2/train_clean.csv,data/noise_robustness_v1_20/splits/poly_cubic_mix_b__noise_0.001__seed_2/val_clean.csv,data/noise_robustness_v1_20/splits/poly_cubic_mix_b__noise_0.001__seed_2
187,poly_cubic_mix_b__noise_0.01__seed_0,poly_cubic_mix_b,Nguyen,poly_cubic_mix_b_noise_0.01,poly_cubic_mix_b,polynomial,0.5*x2**3 - x3**2 + x2*x3,x2|x3,x2|x3,0.01,relative_gaussian_y_train_val,0,512,256,1024,0.0253462611864565,0.0253430265625782,data/noise_robustness_v1_20/splits/poly_cubic_mix_b__noise_0.01__seed_0/train_noisy.csv,data/noise_robustness_v1_20/splits/poly_cubic_mix_b__noise_0.01__seed_0/val_noisy.csv,data/noise_robustness_v1_20/splits/poly_cubic_mix_b__noise_0.01__seed_0/test_clean.csv,data/noise_robustness_v1_20/splits/poly_cubic_mix_b__noise_0.01__seed_0/train_clean.csv,data/noise_robustness_v1_20/splits/poly_cubic_mix_b__noise_0.01__seed_0/val_clean.csv,data/noise_robustness_v1_20/splits/poly_cubic_mix_b__noise_0.01__seed_0
188,poly_cubic_mix_b__noise_0.01__seed_1,poly_cubic_mix_b,Nguyen,poly_cubic_mix_b_noise_0.01,poly_cubic_mix_b,polynomial,0.5*x2**3 - x3**2 + x2*x3,x2|x3,x2|x3,0.01,relative_gaussian_y_train_val,1,512,256,1024,0.0244511728754514,0.022972863177083,data/noise_robustness_v1_20/splits/poly_cubic_mix_b__noise_0.01__seed_1/train_noisy.csv,data/noise_robustness_v1_20/splits/poly_cubic_mix_b__noise_0.01__seed_1/val_noisy.csv,data/noise_robustness_v1_20/splits/poly_cubic_mix_b__noise_0.01__seed_1/test_clean.csv,data/noise_robustness_v1_20/splits/poly_cubic_mix_b__noise_0.01__seed_1/train_clean.csv,data/noise_robustness_v1_20/splits/poly_cubic_mix_b__noise_0.01__seed_1/val_clean.csv,data/noise_robustness_v1_20/splits/poly_cubic_mix_b__noise_0.01__seed_1
189,poly_cubic_mix_b__noise_0.01__seed_2,poly_cubic_mix_b,Nguyen,poly_cubic_mix_b_noise_0.01,poly_cubic_mix_b,polynomial,0.5*x2**3 - x3**2 + x2*x3,x2|x3,x2|x3,0.01,relative_gaussian_y_train_val,2,512,256,1024,0.0230075591392556,0.0227772723209473,data/noise_robustness_v1_20/splits/poly_cubic_mix_b__noise_0.01__seed_2/train_noisy.csv,data/noise_robustness_v1_20/splits/poly_cubic_mix_b__noise_0.01__seed_2/val_noisy.csv,data/noise_robustness_v1_20/splits/poly_cubic_mix_b__noise_0.01__seed_2/test_clean.csv,data/noise_robustness_v1_20/splits/poly_cubic_mix_b__noise_0.01__seed_2/train_clean.csv,data/noise_robustness_v1_20/splits/poly_cubic_mix_b__noise_0.01__seed_2/val_clean.csv,data/noise_robustness_v1_20/splits/poly_cubic_mix_b__noise_0.01__seed_2
196,poly_cubic_mix_c__noise_0__seed_0,poly_cubic_mix_c,Nguyen,poly_cubic_mix_c_noise_0,poly_cubic_mix_c,polynomial,0.5*x3**3 - x3**2 + x3*x3,x3,x3,0.0,relative_gaussian_y_train_val,0,512,256,1024,0.0,0.0,data/noise_robustness_v1_20/splits/poly_cubic_mix_c__noise_0__seed_0/train_noisy.csv,data/noise_robustness_v1_20/splits/poly_cubic_mix_c__noise_0__seed_0/val_noisy.csv,data/noise_robustness_v1_20/splits/poly_cubic_mix_c__noise_0__seed_0/test_clean.csv,data/noise_robustness_v1_20/splits/poly_cubic_mix_c__noise_0__seed_0/train_clean.csv,data/noise_robustness_v1_20/splits/poly_cubic_mix_c__noise_0__seed_0/val_clean.csv,data/noise_robustness_v1_20/splits/poly_cubic_mix_c__noise_0__seed_0
197,poly_cubic_mix_c__noise_0__seed_1,poly_cubic_mix_c,Nguyen,poly_cubic_mix_c_noise_0,poly_cubic_mix_c,polynomial,0.5*x3**3 - x3**2 + x3*x3,x3,x3,0.0,relative_gaussian_y_train_val,1,512,256,1024,0.0,0.0,data/noise_robustness_v1_20/splits/poly_cubic_mix_c__noise_0__seed_1/train_noisy.csv,data/noise_robustness_v1_20/splits/poly_cubic_mix_c__noise_0__seed_1/val_noisy.csv,data/noise_robustness_v1_20/splits/poly_cubic_mix_c__noise_0__seed_1/test_clean.csv,data/noise_robustness_v1_20/splits/poly_cubic_mix_c__noise_0__seed_1/train_clean.csv,data/noise_robustness_v1_20/splits/poly_cubic_mix_c__noise_0__seed_1/val_clean.csv,data/noise_robustness_v1_20/splits/poly_cubic_mix_c__noise_0__seed_1
198,poly_cubic_mix_c__noise_0__seed_2,poly_cubic_mix_c,Nguyen,poly_cubic_mix_c_noise_0,poly_cubic_mix_c,polynomial,0.5*x3**3 - x3**2 + x3*x3,x3,x3,0.0,relative_gaussian_y_train_val,2,512,256,1024,0.0,0.0,data/noise_robustness_v1_20/splits/poly_cubic_mix_c__noise_0__seed_2/train_noisy.csv,data/noise_robustness_v1_20/splits/poly_cubic_mix_c__noise_0__seed_2/val_noisy.csv,data/noise_robustness_v1_20/splits/poly_cubic_mix_c__noise_0__seed_2/test_clean.csv,data/noise_robustness_v1_20/splits/poly_cubic_mix_c__noise_0__seed_2/train_clean.csv,data/noise_robustness_v1_20/splits/poly_cubic_mix_c__noise_0__seed_2/val_clean.csv,data/noise_robustness_v1_20/splits/poly_cubic_mix_c__noise_0__seed_2
199,poly_cubic_mix_c__noise_0.001__seed_0,poly_cubic_mix_c,Nguyen,poly_cubic_mix_c_noise_0.001,poly_cubic_mix_c,polynomial,0.5*x3**3 - x3**2 + x3*x3,x3,x3,0.001,relative_gaussian_y_train_val,0,512,256,1024,0.0015443937022678,0.0014969746979189,data/noise_robustness_v1_20/splits/poly_cubic_mix_c__noise_0.001__seed_0/train_noisy.csv,data/noise_robustness_v1_20/splits/poly_cubic_mix_c__noise_0.001__seed_0/val_noisy.csv,data/noise_robustness_v1_20/splits/poly_cubic_mix_c__noise_0.001__seed_0/test_clean.csv,data/noise_robustness_v1_20/splits/poly_cubic_mix_c__noise_0.001__seed_0/train_clean.csv,data/noise_robustness_v1_20/splits/poly_cubic_mix_c__noise_0.001__seed_0/val_clean.csv,data/noise_robustness_v1_20/splits/poly_cubic_mix_c__noise_0.001__seed_0
200,poly_cubic_mix_c__noise_0.001__seed_1,poly_cubic_mix_c,Nguyen,poly_cubic_mix_c_noise_0.001,poly_cubic_mix_c,polynomial,0.5*x3**3 - x3**2 + x3*x3,x3,x3,0.001,relative_gaussian_y_train_val,1,512,256,1024,0.0015794579794445,0.0015602396395905,data/noise_robustness_v1_20/splits/poly_cubic_mix_c__noise_0.001__seed_1/train_noisy.csv,data/noise_robustness_v1_20/splits/poly_cubic_mix_c__noise_0.001__seed_1/val_noisy.csv,data/noise_robustness_v1_20/splits/poly_cubic_mix_c__noise_0.001__seed_1/test_clean.csv,data/noise_robustness_v1_20/splits/poly_cubic_mix_c__noise_0.001__seed_1/train_clean.csv,data/noise_robustness_v1_20/splits/poly_cubic_mix_c__noise_0.001__seed_1/val_clean.csv,data/noise_robustness_v1_20/splits/poly_cubic_mix_c__noise_0.001__seed_1
201,poly_cubic_mix_c__noise_0.001__seed_2,poly_cubic_mix_c,Nguyen,poly_cubic_mix_c_noise_0.001,poly_cubic_mix_c,polynomial,0.5*x3**3 - x3**2 + x3*x3,x3,x3,0.001,relative_gaussian_y_train_val,2,512,256,1024,0.0015728717911165,0.0014508583538823,data/noise_robustness_v1_20/splits/poly_cubic_mix_c__noise_0.001__seed_2/train_noisy.csv,data/noise_robustness_v1_20/splits/poly_cubic_mix_c__noise_0.001__seed_2/val_noisy.csv,data/noise_robustness_v1_20/splits/poly_cubic_mix_c__noise_0.001__seed_2/test_clean.csv,data/noise_robustness_v1_20/splits/poly_cubic_mix_c__noise_0.001__seed_2/train_clean.csv,data/noise_robustness_v1_20/splits/poly_cubic_mix_c__noise_0.001__seed_2/val_clean.csv,data/noise_robustness_v1_20/splits/poly_cubic_mix_c__noise_0.001__seed_2
202,poly_cubic_mix_c__noise_0.01__seed_0,poly_cubic_mix_c,Nguyen,poly_cubic_mix_c_noise_0.01,poly_cubic_mix_c,polynomial,0.5*x3**3 - x3**2 + x3*x3,x3,x3,0.01,relative_gaussian_y_train_val,0,512,256,1024,0.0154911758363689,0.0161813238030791,data/noise_robustness_v1_20/splits/poly_cubic_mix_c__noise_0.01__seed_0/train_noisy.csv,data/noise_robustness_v1_20/splits/poly_cubic_mix_c__noise_0.01__seed_0/val_noisy.csv,data/noise_robustness_v1_20/splits/poly_cubic_mix_c__noise_0.01__seed_0/test_clean.csv,data/noise_robustness_v1_20/splits/poly_cubic_mix_c__noise_0.01__seed_0/train_clean.csv,data/noise_robustness_v1_20/splits/poly_cubic_mix_c__noise_0.01__seed_0/val_clean.csv,data/noise_robustness_v1_20/splits/poly_cubic_mix_c__noise_0.01__seed_0
203,poly_cubic_mix_c__noise_0.01__seed_1,poly_cubic_mix_c,Nguyen,poly_cubic_mix_c_noise_0.01,poly_cubic_mix_c,polynomial,0.5*x3**3 - x3**2 + x3*x3,x3,x3,0.01,relative_gaussian_y_train_val,1,512,256,1024,0.0154947971704386,0.0166566380416455,data/noise_robustness_v1_20/splits/poly_cubic_mix_c__noise_0.01__seed_1/train_noisy.csv,data/noise_robustness_v1_20/splits/poly_cubic_mix_c__noise_0.01__seed_1/val_noisy.csv,data/noise_robustness_v1_20/splits/poly_cubic_mix_c__noise_0.01__seed_1/test_clean.csv,data/noise_robustness_v1_20/splits/poly_cubic_mix_c__noise_0.01__seed_1/train_clean.csv,data/noise_robustness_v1_20/splits/poly_cubic_mix_c__noise_0.01__seed_1/val_clean.csv,data/noise_robustness_v1_20/splits/poly_cubic_mix_c__noise_0.01__seed_1
204,poly_cubic_mix_c__noise_0.01__seed_2,poly_cubic_mix_c,Nguyen,poly_cubic_mix_c_noise_0.01,poly_cubic_mix_c,polynomial,0.5*x3**3 - x3**2 + x3*x3,x3,x3,0.01,relative_gaussian_y_train_val,2,512,256,1024,0.0154051646445645,0.0155457343561043,data/noise_robustness_v1_20/splits/poly_cubic_mix_c__noise_0.01__seed_2/train_noisy.csv,data/noise_robustness_v1_20/splits/poly_cubic_mix_c__noise_0.01__seed_2/val_noisy.csv,data/noise_robustness_v1_20/splits/poly_cubic_mix_c__noise_0.01__seed_2/test_clean.csv,data/noise_robustness_v1_20/splits/poly_cubic_mix_c__noise_0.01__seed_2/train_clean.csv,data/noise_robustness_v1_20/splits/poly_cubic_mix_c__noise_0.01__seed_2/val_clean.csv,data/noise_robustness_v1_20/splits/poly_cubic_mix_c__noise_0.01__seed_2
211,rational_offset_a__noise_0__seed_0,rational_offset_a,Nguyen,rational_offset_a_noise_0,rational_offset_a,rational,(x1 + x2)/(1 + abs(x1)),x1|x2,x1|x2,0.0,relative_gaussian_y_train_val,0,512,256,1024,0.0,0.0,data/noise_robustness_v1_20/splits/rational_offset_a__noise_0__seed_0/train_noisy.csv,data/noise_robustness_v1_20/splits/rational_offset_a__noise_0__seed_0/val_noisy.csv,data/noise_robustness_v1_20/splits/rational_offset_a__noise_0__seed_0/test_clean.csv,data/noise_robustness_v1_20/splits/rational_offset_a__noise_0__seed_0/train_clean.csv,data/noise_robustness_v1_20/splits/rational_offset_a__noise_0__seed_0/val_clean.csv,data/noise_robustness_v1_20/splits/rational_offset_a__noise_0__seed_0
212,rational_offset_a__noise_0__seed_1,rational_offset_a,Nguyen,rational_offset_a_noise_0,rational_offset_a,rational,(x1 + x2)/(1 + abs(x1)),x1|x2,x1|x2,0.0,relative_gaussian_y_train_val,1,512,256,1024,0.0,0.0,data/noise_robustness_v1_20/splits/rational_offset_a__noise_0__seed_1/train_noisy.csv,data/noise_robustness_v1_20/splits/rational_offset_a__noise_0__seed_1/val_noisy.csv,data/noise_robustness_v1_20/splits/rational_offset_a__noise_0__seed_1/test_clean.csv,data/noise_robustness_v1_20/splits/rational_offset_a__noise_0__seed_1/train_clean.csv,data/noise_robustness_v1_20/splits/rational_offset_a__noise_0__seed_1/val_clean.csv,data/noise_robustness_v1_20/splits/rational_offset_a__noise_0__seed_1
213,rational_offset_a__noise_0__seed_2,rational_offset_a,Nguyen,rational_offset_a_noise_0,rational_offset_a,rational,(x1 + x2)/(1 + abs(x1)),x1|x2,x1|x2,0.0,relative_gaussian_y_train_val,2,512,256,1024,0.0,0.0,data/noise_robustness_v1_20/splits/rational_offset_a__noise_0__seed_2/train_noisy.csv,data/noise_robustness_v1_20/splits/rational_offset_a__noise_0__seed_2/val_noisy.csv,data/noise_robustness_v1_20/splits/rational_offset_a__noise_0__seed_2/test_clean.csv,data/noise_robustness_v1_20/splits/rational_offset_a__noise_0__seed_2/train_clean.csv,data/noise_robustness_v1_20/splits/rational_offset_a__noise_0__seed_2/val_clean.csv,data/noise_robustness_v1_20/splits/rational_offset_a__noise_0__seed_2
214,rational_offset_a__noise_0.001__seed_0,rational_offset_a,Nguyen,rational_offset_a_noise_0.001,rational_offset_a,rational,(x1 + x2)/(1 + abs(x1)),x1|x2,x1|x2,0.001,relative_gaussian_y_train_val,0,512,256,1024,0.0008239273707792,0.0008395196712834,data/noise_robustness_v1_20/splits/rational_offset_a__noise_0.001__seed_0/train_noisy.csv,data/noise_robustness_v1_20/splits/rational_offset_a__noise_0.001__seed_0/val_noisy.csv,data/noise_robustness_v1_20/splits/rational_offset_a__noise_0.001__seed_0/test_clean.csv,data/noise_robustness_v1_20/splits/rational_offset_a__noise_0.001__seed_0/train_clean.csv,data/noise_robustness_v1_20/splits/rational_offset_a__noise_0.001__seed_0/val_clean.csv,data/noise_robustness_v1_20/splits/rational_offset_a__noise_0.001__seed_0
215,rational_offset_a__noise_0.001__seed_1,rational_offset_a,Nguyen,rational_offset_a_noise_0.001,rational_offset_a,rational,(x1 + x2)/(1 + abs(x1)),x1|x2,x1|x2,0.001,relative_gaussian_y_train_val,1,512,256,1024,0.0008269386126291,0.000831192148931,data/noise_robustness_v1_20/splits/rational_offset_a__noise_0.001__seed_1/train_noisy.csv,data/noise_robustness_v1_20/splits/rational_offset_a__noise_0.001__seed_1/val_noisy.csv,data/noise_robustness_v1_20/splits/rational_offset_a__noise_0.001__seed_1/test_clean.csv,data/noise_robustness_v1_20/splits/rational_offset_a__noise_0.001__seed_1/train_clean.csv,data/noise_robustness_v1_20/splits/rational_offset_a__noise_0.001__seed_1/val_clean.csv,data/noise_robustness_v1_20/splits/rational_offset_a__noise_0.001__seed_1
216,rational_offset_a__noise_0.001__seed_2,rational_offset_a,Nguyen,rational_offset_a_noise_0.001,rational_offset_a,rational,(x1 + x2)/(1 + abs(x1)),x1|x2,x1|x2,0.001,relative_gaussian_y_train_val,2,512,256,1024,0.0008271897705956,0.0008015770428217,data/noise_robustness_v1_20/splits/rational_offset_a__noise_0.001__seed_2/train_noisy.csv,data/noise_robustness_v1_20/splits/rational_offset_a__noise_0.001__seed_2/val_noisy.csv,data/noise_robustness_v1_20/splits/rational_offset_a__noise_0.001__seed_2/test_clean.csv,data/noise_robustness_v1_20/splits/rational_offset_a__noise_0.001__seed_2/train_clean.csv,data/noise_robustness_v1_20/splits/rational_offset_a__noise_0.001__seed_2/val_clean.csv,data/noise_robustness_v1_20/splits/rational_offset_a__noise_0.001__seed_2
217,rational_offset_a__noise_0.01__seed_0,rational_offset_a,Nguyen,rational_offset_a_noise_0.01,rational_offset_a,rational,(x1 + x2)/(1 + abs(x1)),x1|x2,x1|x2,0.01,relative_gaussian_y_train_val,0,512,256,1024,0.0082196223474735,0.0080140816600246,data/noise_robustness_v1_20/splits/rational_offset_a__noise_0.01__seed_0/train_noisy.csv,data/noise_robustness_v1_20/splits/rational_offset_a__noise_0.01__seed_0/val_noisy.csv,data/noise_robustness_v1_20/splits/rational_offset_a__noise_0.01__seed_0/test_clean.csv,data/noise_robustness_v1_20/splits/rational_offset_a__noise_0.01__seed_0/train_clean.csv,data/noise_robustness_v1_20/splits/rational_offset_a__noise_0.01__seed_0/val_clean.csv,data/noise_robustness_v1_20/splits/rational_offset_a__noise_0.01__seed_0
218,rational_offset_a__noise_0.01__seed_1,rational_offset_a,Nguyen,rational_offset_a_noise_0.01,rational_offset_a,rational,(x1 + x2)/(1 + abs(x1)),x1|x2,x1|x2,0.01,relative_gaussian_y_train_val,1,512,256,1024,0.007991684017219,0.0084156887825302,data/noise_robustness_v1_20/splits/rational_offset_a__noise_0.01__seed_1/train_noisy.csv,data/noise_robustness_v1_20/splits/rational_offset_a__noise_0.01__seed_1/val_noisy.csv,data/noise_robustness_v1_20/splits/rational_offset_a__noise_0.01__seed_1/test_clean.csv,data/noise_robustness_v1_20/splits/rational_offset_a__noise_0.01__seed_1/train_clean.csv,data/noise_robustness_v1_20/splits/rational_offset_a__noise_0.01__seed_1/val_clean.csv,data/noise_robustness_v1_20/splits/rational_offset_a__noise_0.01__seed_1
219,rational_offset_a__noise_0.01__seed_2,rational_offset_a,Nguyen,rational_offset_a_noise_0.01,rational_offset_a,rational,(x1 + x2)/(1 + abs(x1)),x1|x2,x1|x2,0.01,relative_gaussian_y_train_val,2,512,256,1024,0.0081042237893497,0.0081982611937132,data/noise_robustness_v1_20/splits/rational_offset_a__noise_0.01__seed_2/train_noisy.csv,data/noise_robustness_v1_20/splits/rational_offset_a__noise_0.01__seed_2/val_noisy.csv,data/noise_robustness_v1_20/splits/rational_offset_a__noise_0.01__seed_2/test_clean.csv,data/noise_robustness_v1_20/splits/rational_offset_a__noise_0.01__seed_2/train_clean.csv,data/noise_robustness_v1_20/splits/rational_offset_a__noise_0.01__seed_2/val_clean.csv,data/noise_robustness_v1_20/splits/rational_offset_a__noise_0.01__seed_2
226,rational_offset_b__noise_0__seed_0,rational_offset_b,Nguyen,rational_offset_b_noise_0,rational_offset_b,rational,(x2 + x3)/(1 + abs(x2)),x2|x3,x2|x3,0.0,relative_gaussian_y_train_val,0,512,256,1024,0.0,0.0,data/noise_robustness_v1_20/splits/rational_offset_b__noise_0__seed_0/train_noisy.csv,data/noise_robustness_v1_20/splits/rational_offset_b__noise_0__seed_0/val_noisy.csv,data/noise_robustness_v1_20/splits/rational_offset_b__noise_0__seed_0/test_clean.csv,data/noise_robustness_v1_20/splits/rational_offset_b__noise_0__seed_0/train_clean.csv,data/noise_robustness_v1_20/splits/rational_offset_b__noise_0__seed_0/val_clean.csv,data/noise_robustness_v1_20/splits/rational_offset_b__noise_0__seed_0
227,rational_offset_b__noise_0__seed_1,rational_offset_b,Nguyen,rational_offset_b_noise_0,rational_offset_b,rational,(x2 + x3)/(1 + abs(x2)),x2|x3,x2|x3,0.0,relative_gaussian_y_train_val,1,512,256,1024,0.0,0.0,data/noise_robustness_v1_20/splits/rational_offset_b__noise_0__seed_1/train_noisy.csv,data/noise_robustness_v1_20/splits/rational_offset_b__noise_0__seed_1/val_noisy.csv,data/noise_robustness_v1_20/splits/rational_offset_b__noise_0__seed_1/test_clean.csv,data/noise_robustness_v1_20/splits/rational_offset_b__noise_0__seed_1/train_clean.csv,data/noise_robustness_v1_20/splits/rational_offset_b__noise_0__seed_1/val_clean.csv,data/noise_robustness_v1_20/splits/rational_offset_b__noise_0__seed_1
228,rational_offset_b__noise_0__seed_2,rational_offset_b,Nguyen,rational_offset_b_noise_0,rational_offset_b,rational,(x2 + x3)/(1 + abs(x2)),x2|x3,x2|x3,0.0,relative_gaussian_y_train_val,2,512,256,1024,0.0,0.0,data/noise_robustness_v1_20/splits/rational_offset_b__noise_0__seed_2/train_noisy.csv,data/noise_robustness_v1_20/splits/rational_offset_b__noise_0__seed_2/val_noisy.csv,data/noise_robustness_v1_20/splits/rational_offset_b__noise_0__seed_2/test_clean.csv,data/noise_robustness_v1_20/splits/rational_offset_b__noise_0__seed_2/train_clean.csv,data/noise_robustness_v1_20/splits/rational_offset_b__noise_0__seed_2/val_clean.csv,data/noise_robustness_v1_20/splits/rational_offset_b__noise_0__seed_2
229,rational_offset_b__noise_0.001__seed_0,rational_offset_b,Nguyen,rational_offset_b_noise_0.001,rational_offset_b,rational,(x2 + x3)/(1 + abs(x2)),x2|x3,x2|x3,0.001,relative_gaussian_y_train_val,0,512,256,1024,0.0008237091392001,0.00083050573724,data/noise_robustness_v1_20/splits/rational_offset_b__noise_0.001__seed_0/train_noisy.csv,data/noise_robustness_v1_20/splits/rational_offset_b__noise_0.001__seed_0/val_noisy.csv,data/noise_robustness_v1_20/splits/rational_offset_b__noise_0.001__seed_0/test_clean.csv,data/noise_robustness_v1_20/splits/rational_offset_b__noise_0.001__seed_0/train_clean.csv,data/noise_robustness_v1_20/splits/rational_offset_b__noise_0.001__seed_0/val_clean.csv,data/noise_robustness_v1_20/splits/rational_offset_b__noise_0.001__seed_0
230,rational_offset_b__noise_0.001__seed_1,rational_offset_b,Nguyen,rational_offset_b_noise_0.001,rational_offset_b,rational,(x2 + x3)/(1 + abs(x2)),x2|x3,x2|x3,0.001,relative_gaussian_y_train_val,1,512,256,1024,0.0008098025950686,0.0008511271945309,data/noise_robustness_v1_20/splits/rational_offset_b__noise_0.001__seed_1/train_noisy.csv,data/noise_robustness_v1_20/splits/rational_offset_b__noise_0.001__seed_1/val_noisy.csv,data/noise_robustness_v1_20/splits/rational_offset_b__noise_0.001__seed_1/test_clean.csv,data/noise_robustness_v1_20/splits/rational_offset_b__noise_0.001__seed_1/train_clean.csv,data/noise_robustness_v1_20/splits/rational_offset_b__noise_0.001__seed_1/val_clean.csv,data/noise_robustness_v1_20/splits/rational_offset_b__noise_0.001__seed_1
231,rational_offset_b__noise_0.001__seed_2,rational_offset_b,Nguyen,rational_offset_b_noise_0.001,rational_offset_b,rational,(x2 + x3)/(1 + abs(x2)),x2|x3,x2|x3,0.001,relative_gaussian_y_train_val,2,512,256,1024,0.0008353194165961,0.0009393467270787,data/noise_robustness_v1_20/splits/rational_offset_b__noise_0.001__seed_2/train_noisy.csv,data/noise_robustness_v1_20/splits/rational_offset_b__noise_0.001__seed_2/val_noisy.csv,data/noise_robustness_v1_20/splits/rational_offset_b__noise_0.001__seed_2/test_clean.csv,data/noise_robustness_v1_20/splits/rational_offset_b__noise_0.001__seed_2/train_clean.csv,data/noise_robustness_v1_20/splits/rational_offset_b__noise_0.001__seed_2/val_clean.csv,data/noise_robustness_v1_20/splits/rational_offset_b__noise_0.001__seed_2
232,rational_offset_b__noise_0.01__seed_0,rational_offset_b,Nguyen,rational_offset_b_noise_0.01,rational_offset_b,rational,(x2 + x3)/(1 + abs(x2)),x2|x3,x2|x3,0.01,relative_gaussian_y_train_val,0,512,256,1024,0.0083278979916877,0.0079745168770384,data/noise_robustness_v1_20/splits/rational_offset_b__noise_0.01__seed_0/train_noisy.csv,data/noise_robustness_v1_20/splits/rational_offset_b__noise_0.01__seed_0/val_noisy.csv,data/noise_robustness_v1_20/splits/rational_offset_b__noise_0.01__seed_0/test_clean.csv,data/noise_robustness_v1_20/splits/rational_offset_b__noise_0.01__seed_0/train_clean.csv,data/noise_robustness_v1_20/splits/rational_offset_b__noise_0.01__seed_0/val_clean.csv,data/noise_robustness_v1_20/splits/rational_offset_b__noise_0.01__seed_0
233,rational_offset_b__noise_0.01__seed_1,rational_offset_b,Nguyen,rational_offset_b_noise_0.01,rational_offset_b,rational,(x2 + x3)/(1 + abs(x2)),x2|x3,x2|x3,0.01,relative_gaussian_y_train_val,1,512,256,1024,0.0080832642088393,0.0079196396369251,data/noise_robustness_v1_20/splits/rational_offset_b__noise_0.01__seed_1/train_noisy.csv,data/noise_robustness_v1_20/splits/rational_offset_b__noise_0.01__seed_1/val_noisy.csv,data/noise_robustness_v1_20/splits/rational_offset_b__noise_0.01__seed_1/test_clean.csv,data/noise_robustness_v1_20/splits/rational_offset_b__noise_0.01__seed_1/train_clean.csv,data/noise_robustness_v1_20/splits/rational_offset_b__noise_0.01__seed_1/val_clean.csv,data/noise_robustness_v1_20/splits/rational_offset_b__noise_0.01__seed_1
234,rational_offset_b__noise_0.01__seed_2,rational_offset_b,Nguyen,rational_offset_b_noise_0.01,rational_offset_b,rational,(x2 + x3)/(1 + abs(x2)),x2|x3,x2|x3,0.01,relative_gaussian_y_train_val,2,512,256,1024,0.0085404445899969,0.0086271238903591,data/noise_robustness_v1_20/splits/rational_offset_b__noise_0.01__seed_2/train_noisy.csv,data/noise_robustness_v1_20/splits/rational_offset_b__noise_0.01__seed_2/val_noisy.csv,data/noise_robustness_v1_20/splits/rational_offset_b__noise_0.01__seed_2/test_clean.csv,data/noise_robustness_v1_20/splits/rational_offset_b__noise_0.01__seed_2/train_clean.csv,data/noise_robustness_v1_20/splits/rational_offset_b__noise_0.01__seed_2/val_clean.csv,data/noise_robustness_v1_20/splits/rational_offset_b__noise_0.01__seed_2
241,rational_offset_c__noise_0__seed_0,rational_offset_c,Nguyen,rational_offset_c_noise_0,rational_offset_c,rational,(x3 + x3)/(1 + abs(x3)),x3,x3,0.0,relative_gaussian_y_train_val,0,512,256,1024,0.0,0.0,data/noise_robustness_v1_20/splits/rational_offset_c__noise_0__seed_0/train_noisy.csv,data/noise_robustness_v1_20/splits/rational_offset_c__noise_0__seed_0/val_noisy.csv,data/noise_robustness_v1_20/splits/rational_offset_c__noise_0__seed_0/test_clean.csv,data/noise_robustness_v1_20/splits/rational_offset_c__noise_0__seed_0/train_clean.csv,data/noise_robustness_v1_20/splits/rational_offset_c__noise_0__seed_0/val_clean.csv,data/noise_robustness_v1_20/splits/rational_offset_c__noise_0__seed_0
242,rational_offset_c__noise_0__seed_1,rational_offset_c,Nguyen,rational_offset_c_noise_0,rational_offset_c,rational,(x3 + x3)/(1 + abs(x3)),x3,x3,0.0,relative_gaussian_y_train_val,1,512,256,1024,0.0,0.0,data/noise_robustness_v1_20/splits/rational_offset_c__noise_0__seed_1/train_noisy.csv,data/noise_robustness_v1_20/splits/rational_offset_c__noise_0__seed_1/val_noisy.csv,data/noise_robustness_v1_20/splits/rational_offset_c__noise_0__seed_1/test_clean.csv,data/noise_robustness_v1_20/splits/rational_offset_c__noise_0__seed_1/train_clean.csv,data/noise_robustness_v1_20/splits/rational_offset_c__noise_0__seed_1/val_clean.csv,data/noise_robustness_v1_20/splits/rational_offset_c__noise_0__seed_1
243,rational_offset_c__noise_0__seed_2,rational_offset_c,Nguyen,rational_offset_c_noise_0,rational_offset_c,rational,(x3 + x3)/(1 + abs(x3)),x3,x3,0.0,relative_gaussian_y_train_val,2,512,256,1024,0.0,0.0,data/noise_robustness_v1_20/splits/rational_offset_c__noise_0__seed_2/train_noisy.csv,data/noise_robustness_v1_20/splits/rational_offset_c__noise_0__seed_2/val_noisy.csv,data/noise_robustness_v1_20/splits/rational_offset_c__noise_0__seed_2/test_clean.csv,data/noise_robustness_v1_20/splits/rational_offset_c__noise_0__seed_2/train_clean.csv,data/noise_robustness_v1_20/splits/rational_offset_c__noise_0__seed_2/val_clean.csv,data/noise_robustness_v1_20/splits/rational_offset_c__noise_0__seed_2
244,rational_offset_c__noise_0.001__seed_0,rational_offset_c,Nguyen,rational_offset_c_noise_0.001,rational_offset_c,rational,(x3 + x3)/(1 + abs(x3)),x3,x3,0.001,relative_gaussian_y_train_val,0,512,256,1024,0.000975423559169,0.0009787450392658,data/noise_robustness_v1_20/splits/rational_offset_c__noise_0.001__seed_0/train_noisy.csv,data/noise_robustness_v1_20/splits/rational_offset_c__noise_0.001__seed_0/val_noisy.csv,data/noise_robustness_v1_20/splits/rational_offset_c__noise_0.001__seed_0/test_clean.csv,data/noise_robustness_v1_20/splits/rational_offset_c__noise_0.001__seed_0/train_clean.csv,data/noise_robustness_v1_20/splits/rational_offset_c__noise_0.001__seed_0/val_clean.csv,data/noise_robustness_v1_20/splits/rational_offset_c__noise_0.001__seed_0
245,rational_offset_c__noise_0.001__seed_1,rational_offset_c,Nguyen,rational_offset_c_noise_0.001,rational_offset_c,rational,(x3 + x3)/(1 + abs(x3)),x3,x3,0.001,relative_gaussian_y_train_val,1,512,256,1024,0.0009965764731504,0.0009568168452991,data/noise_robustness_v1_20/splits/rational_offset_c__noise_0.001__seed_1/train_noisy.csv,data/noise_robustness_v1_20/splits/rational_offset_c__noise_0.001__seed_1/val_noisy.csv,data/noise_robustness_v1_20/splits/rational_offset_c__noise_0.001__seed_1/test_clean.csv,data/noise_robustness_v1_20/splits/rational_offset_c__noise_0.001__seed_1/train_clean.csv,data/noise_robustness_v1_20/splits/rational_offset_c__noise_0.001__seed_1/val_clean.csv,data/noise_robustness_v1_20/splits/rational_offset_c__noise_0.001__seed_1
246,rational_offset_c__noise_0.001__seed_2,rational_offset_c,Nguyen,rational_offset_c_noise_0.001,rational_offset_c,rational,(x3 + x3)/(1 + abs(x3)),x3,x3,0.001,relative_gaussian_y_train_val,2,512,256,1024,0.0009979907307756,0.000970119033346,data/noise_robustness_v1_20/splits/rational_offset_c__noise_0.001__seed_2/train_noisy.csv,data/noise_robustness_v1_20/splits/rational_offset_c__noise_0.001__seed_2/val_noisy.csv,data/noise_robustness_v1_20/splits/rational_offset_c__noise_0.001__seed_2/test_clean.csv,data/noise_robustness_v1_20/splits/rational_offset_c__noise_0.001__seed_2/train_clean.csv,data/noise_robustness_v1_20/splits/rational_offset_c__noise_0.001__seed_2/val_clean.csv,data/noise_robustness_v1_20/splits/rational_offset_c__noise_0.001__seed_2
247,rational_offset_c__noise_0.01__seed_0,rational_offset_c,Nguyen,rational_offset_c_noise_0.01,rational_offset_c,rational,(x3 + x3)/(1 + abs(x3)),x3,x3,0.01,relative_gaussian_y_train_val,0,512,256,1024,0.0094908639502195,0.0095796223854243,data/noise_robustness_v1_20/splits/rational_offset_c__noise_0.01__seed_0/train_noisy.csv,data/noise_robustness_v1_20/splits/rational_offset_c__noise_0.01__seed_0/val_noisy.csv,data/noise_robustness_v1_20/splits/rational_offset_c__noise_0.01__seed_0/test_clean.csv,data/noise_robustness_v1_20/splits/rational_offset_c__noise_0.01__seed_0/train_clean.csv,data/noise_robustness_v1_20/splits/rational_offset_c__noise_0.01__seed_0/val_clean.csv,data/noise_robustness_v1_20/splits/rational_offset_c__noise_0.01__seed_0
248,rational_offset_c__noise_0.01__seed_1,rational_offset_c,Nguyen,rational_offset_c_noise_0.01,rational_offset_c,rational,(x3 + x3)/(1 + abs(x3)),x3,x3,0.01,relative_gaussian_y_train_val,1,512,256,1024,0.0096482439202746,0.0094318821982283,data/noise_robustness_v1_20/splits/rational_offset_c__noise_0.01__seed_1/train_noisy.csv,data/noise_robustness_v1_20/splits/rational_offset_c__noise_0.01__seed_1/val_noisy.csv,data/noise_robustness_v1_20/splits/rational_offset_c__noise_0.01__seed_1/test_clean.csv,data/noise_robustness_v1_20/splits/rational_offset_c__noise_0.01__seed_1/train_clean.csv,data/noise_robustness_v1_20/splits/rational_offset_c__noise_0.01__seed_1/val_clean.csv,data/noise_robustness_v1_20/splits/rational_offset_c__noise_0.01__seed_1
249,rational_offset_c__noise_0.01__seed_2,rational_offset_c,Nguyen,rational_offset_c_noise_0.01,rational_offset_c,rational,(x3 + x3)/(1 + abs(x3)),x3,x3,0.01,relative_gaussian_y_train_val,2,512,256,1024,0.0095013321140877,0.0097804569587476,data/noise_robustness_v1_20/splits/rational_offset_c__noise_0.01__seed_2/train_noisy.csv,data/noise_robustness_v1_20/splits/rational_offset_c__noise_0.01__seed_2/val_noisy.csv,data/noise_robustness_v1_20/splits/rational_offset_c__noise_0.01__seed_2/test_clean.csv,data/noise_robustness_v1_20/splits/rational_offset_c__noise_0.01__seed_2/train_clean.csv,data/noise_robustness_v1_20/splits/rational_offset_c__noise_0.01__seed_2/val_clean.csv,data/noise_robustness_v1_20/splits/rational_offset_c__noise_0.01__seed_2
256,rational_quad_a__noise_0__seed_0,rational_quad_a,Nguyen,rational_quad_a_noise_0,rational_quad_a,rational,(x1**2 + 0.25*x2)/(1 + x3**2),x1|x2|x3,x1|x2|x3,0.0,relative_gaussian_y_train_val,0,512,256,1024,0.0,0.0,data/noise_robustness_v1_20/splits/rational_quad_a__noise_0__seed_0/train_noisy.csv,data/noise_robustness_v1_20/splits/rational_quad_a__noise_0__seed_0/val_noisy.csv,data/noise_robustness_v1_20/splits/rational_quad_a__noise_0__seed_0/test_clean.csv,data/noise_robustness_v1_20/splits/rational_quad_a__noise_0__seed_0/train_clean.csv,data/noise_robustness_v1_20/splits/rational_quad_a__noise_0__seed_0/val_clean.csv,data/noise_robustness_v1_20/splits/rational_quad_a__noise_0__seed_0
257,rational_quad_a__noise_0__seed_1,rational_quad_a,Nguyen,rational_quad_a_noise_0,rational_quad_a,rational,(x1**2 + 0.25*x2)/(1 + x3**2),x1|x2|x3,x1|x2|x3,0.0,relative_gaussian_y_train_val,1,512,256,1024,0.0,0.0,data/noise_robustness_v1_20/splits/rational_quad_a__noise_0__seed_1/train_noisy.csv,data/noise_robustness_v1_20/splits/rational_quad_a__noise_0__seed_1/val_noisy.csv,data/noise_robustness_v1_20/splits/rational_quad_a__noise_0__seed_1/test_clean.csv,data/noise_robustness_v1_20/splits/rational_quad_a__noise_0__seed_1/train_clean.csv,data/noise_robustness_v1_20/splits/rational_quad_a__noise_0__seed_1/val_clean.csv,data/noise_robustness_v1_20/splits/rational_quad_a__noise_0__seed_1
258,rational_quad_a__noise_0__seed_2,rational_quad_a,Nguyen,rational_quad_a_noise_0,rational_quad_a,rational,(x1**2 + 0.25*x2)/(1 + x3**2),x1|x2|x3,x1|x2|x3,0.0,relative_gaussian_y_train_val,2,512,256,1024,0.0,0.0,data/noise_robustness_v1_20/splits/rational_quad_a__noise_0__seed_2/train_noisy.csv,data/noise_robustness_v1_20/splits/rational_quad_a__noise_0__seed_2/val_noisy.csv,data/noise_robustness_v1_20/splits/rational_quad_a__noise_0__seed_2/test_clean.csv,data/noise_robustness_v1_20/splits/rational_quad_a__noise_0__seed_2/train_clean.csv,data/noise_robustness_v1_20/splits/rational_quad_a__noise_0__seed_2/val_clean.csv,data/noise_robustness_v1_20/splits/rational_quad_a__noise_0__seed_2
259,rational_quad_a__noise_0.001__seed_0,rational_quad_a,Nguyen,rational_quad_a_noise_0.001,rational_quad_a,rational,(x1**2 + 0.25*x2)/(1 + x3**2),x1|x2|x3,x1|x2|x3,0.001,relative_gaussian_y_train_val,0,512,256,1024,0.0008200028538937,0.0008970101992512,data/noise_robustness_v1_20/splits/rational_quad_a__noise_0.001__seed_0/train_noisy.csv,data/noise_robustness_v1_20/splits/rational_quad_a__noise_0.001__seed_0/val_noisy.csv,data/noise_robustness_v1_20/splits/rational_quad_a__noise_0.001__seed_0/test_clean.csv,data/noise_robustness_v1_20/splits/rational_quad_a__noise_0.001__seed_0/train_clean.csv,data/noise_robustness_v1_20/splits/rational_quad_a__noise_0.001__seed_0/val_clean.csv,data/noise_robustness_v1_20/splits/rational_quad_a__noise_0.001__seed_0
260,rational_quad_a__noise_0.001__seed_1,rational_quad_a,Nguyen,rational_quad_a_noise_0.001,rational_quad_a,rational,(x1**2 + 0.25*x2)/(1 + x3**2),x1|x2|x3,x1|x2|x3,0.001,relative_gaussian_y_train_val,1,512,256,1024,0.0007820581314734,0.0007260348625528,data/noise_robustness_v1_20/splits/rational_quad_a__noise_0.001__seed_1/train_noisy.csv,data/noise_robustness_v1_20/splits/rational_quad_a__noise_0.001__seed_1/val_noisy.csv,data/noise_robustness_v1_20/splits/rational_quad_a__noise_0.001__seed_1/test_clean.csv,data/noise_robustness_v1_20/splits/rational_quad_a__noise_0.001__seed_1/train_clean.csv,data/noise_robustness_v1_20/splits/rational_quad_a__noise_0.001__seed_1/val_clean.csv,data/noise_robustness_v1_20/splits/rational_quad_a__noise_0.001__seed_1
261,rational_quad_a__noise_0.001__seed_2,rational_quad_a,Nguyen,rational_quad_a_noise_0.001,rational_quad_a,rational,(x1**2 + 0.25*x2)/(1 + x3**2),x1|x2|x3,x1|x2|x3,0.001,relative_gaussian_y_train_val,2,512,256,1024,0.0008708517081828,0.000734729542499,data/noise_robustness_v1_20/splits/rational_quad_a__noise_0.001__seed_2/train_noisy.csv,data/noise_robustness_v1_20/splits/rational_quad_a__noise_0.001__seed_2/val_noisy.csv,data/noise_robustness_v1_20/splits/rational_quad_a__noise_0.001__seed_2/test_clean.csv,data/noise_robustness_v1_20/splits/rational_quad_a__noise_0.001__seed_2/train_clean.csv,data/noise_robustness_v1_20/splits/rational_quad_a__noise_0.001__seed_2/val_clean.csv,data/noise_robustness_v1_20/splits/rational_quad_a__noise_0.001__seed_2
262,rational_quad_a__noise_0.01__seed_0,rational_quad_a,Nguyen,rational_quad_a_noise_0.01,rational_quad_a,rational,(x1**2 + 0.25*x2)/(1 + x3**2),x1|x2|x3,x1|x2|x3,0.01,relative_gaussian_y_train_val,0,512,256,1024,0.0085606577855688,0.0082101108153265,data/noise_robustness_v1_20/splits/rational_quad_a__noise_0.01__seed_0/train_noisy.csv,data/noise_robustness_v1_20/splits/rational_quad_a__noise_0.01__seed_0/val_noisy.csv,data/noise_robustness_v1_20/splits/rational_quad_a__noise_0.01__seed_0/test_clean.csv,data/noise_robustness_v1_20/splits/rational_quad_a__noise_0.01__seed_0/train_clean.csv,data/noise_robustness_v1_20/splits/rational_quad_a__noise_0.01__seed_0/val_clean.csv,data/noise_robustness_v1_20/splits/rational_quad_a__noise_0.01__seed_0
263,rational_quad_a__noise_0.01__seed_1,rational_quad_a,Nguyen,rational_quad_a_noise_0.01,rational_quad_a,rational,(x1**2 + 0.25*x2)/(1 + x3**2),x1|x2|x3,x1|x2|x3,0.01,relative_gaussian_y_train_val,1,512,256,1024,0.0086645721459686,0.0082542213692425,data/noise_robustness_v1_20/splits/rational_quad_a__noise_0.01__seed_1/train_noisy.csv,data/noise_robustness_v1_20/splits/rational_quad_a__noise_0.01__seed_1/val_noisy.csv,data/noise_robustness_v1_20/splits/rational_quad_a__noise_0.01__seed_1/test_clean.csv,data/noise_robustness_v1_20/splits/rational_quad_a__noise_0.01__seed_1/train_clean.csv,data/noise_robustness_v1_20/splits/rational_quad_a__noise_0.01__seed_1/val_clean.csv,data/noise_robustness_v1_20/splits/rational_quad_a__noise_0.01__seed_1
264,rational_quad_a__noise_0.01__seed_2,rational_quad_a,Nguyen,rational_quad_a_noise_0.01,rational_quad_a,rational,(x1**2 + 0.25*x2)/(1 + x3**2),x1|x2|x3,x1|x2|x3,0.01,relative_gaussian_y_train_val,2,512,256,1024,0.0086354822325366,0.0079450955663192,data/noise_robustness_v1_20/splits/rational_quad_a__noise_0.01__seed_2/train_noisy.csv,data/noise_robustness_v1_20/splits/rational_quad_a__noise_0.01__seed_2/val_noisy.csv,data/noise_robustness_v1_20/splits/rational_quad_a__noise_0.01__seed_2/test_clean.csv,data/noise_robustness_v1_20/splits/rational_quad_a__noise_0.01__seed_2/train_clean.csv,data/noise_robustness_v1_20/splits/rational_quad_a__noise_0.01__seed_2/val_clean.csv,data/noise_robustness_v1_20/splits/rational_quad_a__noise_0.01__seed_2
271,rational_quad_b__noise_0__seed_0,rational_quad_b,Nguyen,rational_quad_b_noise_0,rational_quad_b,rational,(x2**2 + 0.25*x3)/(1 + x2**2),x2|x3,x2|x3,0.0,relative_gaussian_y_train_val,0,512,256,1024,0.0,0.0,data/noise_robustness_v1_20/splits/rational_quad_b__noise_0__seed_0/train_noisy.csv,data/noise_robustness_v1_20/splits/rational_quad_b__noise_0__seed_0/val_noisy.csv,data/noise_robustness_v1_20/splits/rational_quad_b__noise_0__seed_0/test_clean.csv,data/noise_robustness_v1_20/splits/rational_quad_b__noise_0__seed_0/train_clean.csv,data/noise_robustness_v1_20/splits/rational_quad_b__noise_0__seed_0/val_clean.csv,data/noise_robustness_v1_20/splits/rational_quad_b__noise_0__seed_0
272,rational_quad_b__noise_0__seed_1,rational_quad_b,Nguyen,rational_quad_b_noise_0,rational_quad_b,rational,(x2**2 + 0.25*x3)/(1 + x2**2),x2|x3,x2|x3,0.0,relative_gaussian_y_train_val,1,512,256,1024,0.0,0.0,data/noise_robustness_v1_20/splits/rational_quad_b__noise_0__seed_1/train_noisy.csv,data/noise_robustness_v1_20/splits/rational_quad_b__noise_0__seed_1/val_noisy.csv,data/noise_robustness_v1_20/splits/rational_quad_b__noise_0__seed_1/test_clean.csv,data/noise_robustness_v1_20/splits/rational_quad_b__noise_0__seed_1/train_clean.csv,data/noise_robustness_v1_20/splits/rational_quad_b__noise_0__seed_1/val_clean.csv,data/noise_robustness_v1_20/splits/rational_quad_b__noise_0__seed_1
273,rational_quad_b__noise_0__seed_2,rational_quad_b,Nguyen,rational_quad_b_noise_0,rational_quad_b,rational,(x2**2 + 0.25*x3)/(1 + x2**2),x2|x3,x2|x3,0.0,relative_gaussian_y_train_val,2,512,256,1024,0.0,0.0,data/noise_robustness_v1_20/splits/rational_quad_b__noise_0__seed_2/train_noisy.csv,data/noise_robustness_v1_20/splits/rational_quad_b__noise_0__seed_2/val_noisy.csv,data/noise_robustness_v1_20/splits/rational_quad_b__noise_0__seed_2/test_clean.csv,data/noise_robustness_v1_20/splits/rational_quad_b__noise_0__seed_2/train_clean.csv,data/noise_robustness_v1_20/splits/rational_quad_b__noise_0__seed_2/val_clean.csv,data/noise_robustness_v1_20/splits/rational_quad_b__noise_0__seed_2
274,rational_quad_b__noise_0.001__seed_0,rational_quad_b,Nguyen,rational_quad_b_noise_0.001,rational_quad_b,rational,(x2**2 + 0.25*x3)/(1 + x2**2),x2|x3,x2|x3,0.001,relative_gaussian_y_train_val,0,512,256,1024,0.0003097688752927,0.0003130844942012,data/noise_robustness_v1_20/splits/rational_quad_b__noise_0.001__seed_0/train_noisy.csv,data/noise_robustness_v1_20/splits/rational_quad_b__noise_0.001__seed_0/val_noisy.csv,data/noise_robustness_v1_20/splits/rational_quad_b__noise_0.001__seed_0/test_clean.csv,data/noise_robustness_v1_20/splits/rational_quad_b__noise_0.001__seed_0/train_clean.csv,data/noise_robustness_v1_20/splits/rational_quad_b__noise_0.001__seed_0/val_clean.csv,data/noise_robustness_v1_20/splits/rational_quad_b__noise_0.001__seed_0
275,rational_quad_b__noise_0.001__seed_1,rational_quad_b,Nguyen,rational_quad_b_noise_0.001,rational_quad_b,rational,(x2**2 + 0.25*x3)/(1 + x2**2),x2|x3,x2|x3,0.001,relative_gaussian_y_train_val,1,512,256,1024,0.0003226527847787,0.0003196179678732,data/noise_robustness_v1_20/splits/rational_quad_b__noise_0.001__seed_1/train_noisy.csv,data/noise_robustness_v1_20/splits/rational_quad_b__noise_0.001__seed_1/val_noisy.csv,data/noise_robustness_v1_20/splits/rational_quad_b__noise_0.001__seed_1/test_clean.csv,data/noise_robustness_v1_20/splits/rational_quad_b__noise_0.001__seed_1/train_clean.csv,data/noise_robustness_v1_20/splits/rational_quad_b__noise_0.001__seed_1/val_clean.csv,data/noise_robustness_v1_20/splits/rational_quad_b__noise_0.001__seed_1
276,rational_quad_b__noise_0.001__seed_2,rational_quad_b,Nguyen,rational_quad_b_noise_0.001,rational_quad_b,rational,(x2**2 + 0.25*x3)/(1 + x2**2),x2|x3,x2|x3,0.001,relative_gaussian_y_train_val,2,512,256,1024,0.0003159521107792,0.0002967512103865,data/noise_robustness_v1_20/splits/rational_quad_b__noise_0.001__seed_2/train_noisy.csv,data/noise_robustness_v1_20/splits/rational_quad_b__noise_0.001__seed_2/val_noisy.csv,data/noise_robustness_v1_20/splits/rational_quad_b__noise_0.001__seed_2/test_clean.csv,data/noise_robustness_v1_20/splits/rational_quad_b__noise_0.001__seed_2/train_clean.csv,data/noise_robustness_v1_20/splits/rational_quad_b__noise_0.001__seed_2/val_clean.csv,data/noise_robustness_v1_20/splits/rational_quad_b__noise_0.001__seed_2
277,rational_quad_b__noise_0.01__seed_0,rational_quad_b,Nguyen,rational_quad_b_noise_0.01,rational_quad_b,rational,(x2**2 + 0.25*x3)/(1 + x2**2),x2|x3,x2|x3,0.01,relative_gaussian_y_train_val,0,512,256,1024,0.0032188701750784,0.0031500809036579,data/noise_robustness_v1_20/splits/rational_quad_b__noise_0.01__seed_0/train_noisy.csv,data/noise_robustness_v1_20/splits/rational_quad_b__noise_0.01__seed_0/val_noisy.csv,data/noise_robustness_v1_20/splits/rational_quad_b__noise_0.01__seed_0/test_clean.csv,data/noise_robustness_v1_20/splits/rational_quad_b__noise_0.01__seed_0/train_clean.csv,data/noise_robustness_v1_20/splits/rational_quad_b__noise_0.01__seed_0/val_clean.csv,data/noise_robustness_v1_20/splits/rational_quad_b__noise_0.01__seed_0
278,rational_quad_b__noise_0.01__seed_1,rational_quad_b,Nguyen,rational_quad_b_noise_0.01,rational_quad_b,rational,(x2**2 + 0.25*x3)/(1 + x2**2),x2|x3,x2|x3,0.01,relative_gaussian_y_train_val,1,512,256,1024,0.0031431641970795,0.0032458662628128,data/noise_robustness_v1_20/splits/rational_quad_b__noise_0.01__seed_1/train_noisy.csv,data/noise_robustness_v1_20/splits/rational_quad_b__noise_0.01__seed_1/val_noisy.csv,data/noise_robustness_v1_20/splits/rational_quad_b__noise_0.01__seed_1/test_clean.csv,data/noise_robustness_v1_20/splits/rational_quad_b__noise_0.01__seed_1/train_clean.csv,data/noise_robustness_v1_20/splits/rational_quad_b__noise_0.01__seed_1/val_clean.csv,data/noise_robustness_v1_20/splits/rational_quad_b__noise_0.01__seed_1
279,rational_quad_b__noise_0.01__seed_2,rational_quad_b,Nguyen,rational_quad_b_noise_0.01,rational_quad_b,rational,(x2**2 + 0.25*x3)/(1 + x2**2),x2|x3,x2|x3,0.01,relative_gaussian_y_train_val,2,512,256,1024,0.003225571494755,0.0030705918398909,data/noise_robustness_v1_20/splits/rational_quad_b__noise_0.01__seed_2/train_noisy.csv,data/noise_robustness_v1_20/splits/rational_quad_b__noise_0.01__seed_2/val_noisy.csv,data/noise_robustness_v1_20/splits/rational_quad_b__noise_0.01__seed_2/test_clean.csv,data/noise_robustness_v1_20/splits/rational_quad_b__noise_0.01__seed_2/train_clean.csv,data/noise_robustness_v1_20/splits/rational_quad_b__noise_0.01__seed_2/val_clean.csv,data/noise_robustness_v1_20/splits/rational_quad_b__noise_0.01__seed_2
286,rational_quad_c__noise_0__seed_0,rational_quad_c,Nguyen,rational_quad_c_noise_0,rational_quad_c,rational,(x3**2 + 0.25*x3)/(1 + x3**2),x3,x3,0.0,relative_gaussian_y_train_val,0,512,256,1024,0.0,0.0,data/noise_robustness_v1_20/splits/rational_quad_c__noise_0__seed_0/train_noisy.csv,data/noise_robustness_v1_20/splits/rational_quad_c__noise_0__seed_0/val_noisy.csv,data/noise_robustness_v1_20/splits/rational_quad_c__noise_0__seed_0/test_clean.csv,data/noise_robustness_v1_20/splits/rational_quad_c__noise_0__seed_0/train_clean.csv,data/noise_robustness_v1_20/splits/rational_quad_c__noise_0__seed_0/val_clean.csv,data/noise_robustness_v1_20/splits/rational_quad_c__noise_0__seed_0
287,rational_quad_c__noise_0__seed_1,rational_quad_c,Nguyen,rational_quad_c_noise_0,rational_quad_c,rational,(x3**2 + 0.25*x3)/(1 + x3**2),x3,x3,0.0,relative_gaussian_y_train_val,1,512,256,1024,0.0,0.0,data/noise_robustness_v1_20/splits/rational_quad_c__noise_0__seed_1/train_noisy.csv,data/noise_robustness_v1_20/splits/rational_quad_c__noise_0__seed_1/val_noisy.csv,data/noise_robustness_v1_20/splits/rational_quad_c__noise_0__seed_1/test_clean.csv,data/noise_robustness_v1_20/splits/rational_quad_c__noise_0__seed_1/train_clean.csv,data/noise_robustness_v1_20/splits/rational_quad_c__noise_0__seed_1/val_clean.csv,data/noise_robustness_v1_20/splits/rational_quad_c__noise_0__seed_1
288,rational_quad_c__noise_0__seed_2,rational_quad_c,Nguyen,rational_quad_c_noise_0,rational_quad_c,rational,(x3**2 + 0.25*x3)/(1 + x3**2),x3,x3,0.0,relative_gaussian_y_train_val,2,512,256,1024,0.0,0.0,data/noise_robustness_v1_20/splits/rational_quad_c__noise_0__seed_2/train_noisy.csv,data/noise_robustness_v1_20/splits/rational_quad_c__noise_0__seed_2/val_noisy.csv,data/noise_robustness_v1_20/splits/rational_quad_c__noise_0__seed_2/test_clean.csv,data/noise_robustness_v1_20/splits/rational_quad_c__noise_0__seed_2/train_clean.csv,data/noise_robustness_v1_20/splits/rational_quad_c__noise_0__seed_2/val_clean.csv,data/noise_robustness_v1_20/splits/rational_quad_c__noise_0__seed_2
289,rational_quad_c__noise_0.001__seed_0,rational_quad_c,Nguyen,rational_quad_c_noise_0.001,rational_quad_c,rational,(x3**2 + 0.25*x3)/(1 + x3**2),x3,x3,0.001,relative_gaussian_y_train_val,0,512,256,1024,0.0002894241537508,0.0002722559673614,data/noise_robustness_v1_20/splits/rational_quad_c__noise_0.001__seed_0/train_noisy.csv,data/noise_robustness_v1_20/splits/rational_quad_c__noise_0.001__seed_0/val_noisy.csv,data/noise_robustness_v1_20/splits/rational_quad_c__noise_0.001__seed_0/test_clean.csv,data/noise_robustness_v1_20/splits/rational_quad_c__noise_0.001__seed_0/train_clean.csv,data/noise_robustness_v1_20/splits/rational_quad_c__noise_0.001__seed_0/val_clean.csv,data/noise_robustness_v1_20/splits/rational_quad_c__noise_0.001__seed_0
290,rational_quad_c__noise_0.001__seed_1,rational_quad_c,Nguyen,rational_quad_c_noise_0.001,rational_quad_c,rational,(x3**2 + 0.25*x3)/(1 + x3**2),x3,x3,0.001,relative_gaussian_y_train_val,1,512,256,1024,0.0002819107196177,0.0002777814306646,data/noise_robustness_v1_20/splits/rational_quad_c__noise_0.001__seed_1/train_noisy.csv,data/noise_robustness_v1_20/splits/rational_quad_c__noise_0.001__seed_1/val_noisy.csv,data/noise_robustness_v1_20/splits/rational_quad_c__noise_0.001__seed_1/test_clean.csv,data/noise_robustness_v1_20/splits/rational_quad_c__noise_0.001__seed_1/train_clean.csv,data/noise_robustness_v1_20/splits/rational_quad_c__noise_0.001__seed_1/val_clean.csv,data/noise_robustness_v1_20/splits/rational_quad_c__noise_0.001__seed_1
291,rational_quad_c__noise_0.001__seed_2,rational_quad_c,Nguyen,rational_quad_c_noise_0.001,rational_quad_c,rational,(x3**2 + 0.25*x3)/(1 + x3**2),x3,x3,0.001,relative_gaussian_y_train_val,2,512,256,1024,0.0002853912295515,0.0002874840302532,data/noise_robustness_v1_20/splits/rational_quad_c__noise_0.001__seed_2/train_noisy.csv,data/noise_robustness_v1_20/splits/rational_quad_c__noise_0.001__seed_2/val_noisy.csv,data/noise_robustness_v1_20/splits/rational_quad_c__noise_0.001__seed_2/test_clean.csv,data/noise_robustness_v1_20/splits/rational_quad_c__noise_0.001__seed_2/train_clean.csv,data/noise_robustness_v1_20/splits/rational_quad_c__noise_0.001__seed_2/val_clean.csv,data/noise_robustness_v1_20/splits/rational_quad_c__noise_0.001__seed_2
292,rational_quad_c__noise_0.01__seed_0,rational_quad_c,Nguyen,rational_quad_c_noise_0.01,rational_quad_c,rational,(x3**2 + 0.25*x3)/(1 + x3**2),x3,x3,0.01,relative_gaussian_y_train_val,0,512,256,1024,0.0028692620618709,0.0027805802753542,data/noise_robustness_v1_20/splits/rational_quad_c__noise_0.01__seed_0/train_noisy.csv,data/noise_robustness_v1_20/splits/rational_quad_c__noise_0.01__seed_0/val_noisy.csv,data/noise_robustness_v1_20/splits/rational_quad_c__noise_0.01__seed_0/test_clean.csv,data/noise_robustness_v1_20/splits/rational_quad_c__noise_0.01__seed_0/train_clean.csv,data/noise_robustness_v1_20/splits/rational_quad_c__noise_0.01__seed_0/val_clean.csv,data/noise_robustness_v1_20/splits/rational_quad_c__noise_0.01__seed_0
293,rational_quad_c__noise_0.01__seed_1,rational_quad_c,Nguyen,rational_quad_c_noise_0.01,rational_quad_c,rational,(x3**2 + 0.25*x3)/(1 + x3**2),x3,x3,0.01,relative_gaussian_y_train_val,1,512,256,1024,0.002847442504492,0.0028070153535754,data/noise_robustness_v1_20/splits/rational_quad_c__noise_0.01__seed_1/train_noisy.csv,data/noise_robustness_v1_20/splits/rational_quad_c__noise_0.01__seed_1/val_noisy.csv,data/noise_robustness_v1_20/splits/rational_quad_c__noise_0.01__seed_1/test_clean.csv,data/noise_robustness_v1_20/splits/rational_quad_c__noise_0.01__seed_1/train_clean.csv,data/noise_robustness_v1_20/splits/rational_quad_c__noise_0.01__seed_1/val_clean.csv,data/noise_robustness_v1_20/splits/rational_quad_c__noise_0.01__seed_1
294,rational_quad_c__noise_0.01__seed_2,rational_quad_c,Nguyen,rational_quad_c_noise_0.01,rational_quad_c,rational,(x3**2 + 0.25*x3)/(1 + x3**2),x3,x3,0.01,relative_gaussian_y_train_val,2,512,256,1024,0.0028894201684622,0.0029398696797927,data/noise_robustness_v1_20/splits/rational_quad_c__noise_0.01__seed_2/train_noisy.csv,data/noise_robustness_v1_20/splits/rational_quad_c__noise_0.01__seed_2/val_noisy.csv,data/noise_robustness_v1_20/splits/rational_quad_c__noise_0.01__seed_2/test_clean.csv,data/noise_robustness_v1_20/splits/rational_quad_c__noise_0.01__seed_2/train_clean.csv,data/noise_robustness_v1_20/splits/rational_quad_c__noise_0.01__seed_2/val_clean.csv,data/noise_robustness_v1_20/splits/rational_quad_c__noise_0.01__seed_2
