case_index,case_id,formula_id,benchmark,case_name,base_case_name,structure_type,expression,variables,true_variables,noise_level,noise_kind,repeat_seed,n_train,n_val,n_test,train_noise_sigma,val_noise_sigma,train_noisy_path,val_noisy_path,test_clean_path,train_clean_path,val_clean_path,split_dir
1,nguyen_poly__noise_0__seed_0,nguyen_poly,Nguyen,nguyen_poly_noise_0,nguyen_poly,polynomial,x1**3 + x1**2 + x1,x1,x1,0.0,relative_gaussian_y_train_val,0,512,256,1024,0.0,0.0,data/noise_robustness_v1_20/splits/nguyen_poly__noise_0__seed_0/train_noisy.csv,data/noise_robustness_v1_20/splits/nguyen_poly__noise_0__seed_0/val_noisy.csv,data/noise_robustness_v1_20/splits/nguyen_poly__noise_0__seed_0/test_clean.csv,data/noise_robustness_v1_20/splits/nguyen_poly__noise_0__seed_0/train_clean.csv,data/noise_robustness_v1_20/splits/nguyen_poly__noise_0__seed_0/val_clean.csv,data/noise_robustness_v1_20/splits/nguyen_poly__noise_0__seed_0
2,nguyen_poly__noise_0__seed_1,nguyen_poly,Nguyen,nguyen_poly_noise_0,nguyen_poly,polynomial,x1**3 + x1**2 + x1,x1,x1,0.0,relative_gaussian_y_train_val,1,512,256,1024,0.0,0.0,data/noise_robustness_v1_20/splits/nguyen_poly__noise_0__seed_1/train_noisy.csv,data/noise_robustness_v1_20/splits/nguyen_poly__noise_0__seed_1/val_noisy.csv,data/noise_robustness_v1_20/splits/nguyen_poly__noise_0__seed_1/test_clean.csv,data/noise_robustness_v1_20/splits/nguyen_poly__noise_0__seed_1/train_clean.csv,data/noise_robustness_v1_20/splits/nguyen_poly__noise_0__seed_1/val_clean.csv,data/noise_robustness_v1_20/splits/nguyen_poly__noise_0__seed_1
3,nguyen_poly__noise_0__seed_2,nguyen_poly,Nguyen,nguyen_poly_noise_0,nguyen_poly,polynomial,x1**3 + x1**2 + x1,x1,x1,0.0,relative_gaussian_y_train_val,2,512,256,1024,0.0,0.0,data/noise_robustness_v1_20/splits/nguyen_poly__noise_0__seed_2/train_noisy.csv,data/noise_robustness_v1_20/splits/nguyen_poly__noise_0__seed_2/val_noisy.csv,data/noise_robustness_v1_20/splits/nguyen_poly__noise_0__seed_2/test_clean.csv,data/noise_robustness_v1_20/splits/nguyen_poly__noise_0__seed_2/train_clean.csv,data/noise_robustness_v1_20/splits/nguyen_poly__noise_0__seed_2/val_clean.csv,data/noise_robustness_v1_20/splits/nguyen_poly__noise_0__seed_2
4,nguyen_poly__noise_0.001__seed_0,nguyen_poly,Nguyen,nguyen_poly_noise_0.001,nguyen_poly,polynomial,x1**3 + x1**2 + x1,x1,x1,0.001,relative_gaussian_y_train_val,0,512,256,1024,0.004388183856238205,0.003890276013723081,data/noise_robustness_v1_20/splits/nguyen_poly__noise_0.001__seed_0/train_noisy.csv,data/noise_robustness_v1_20/splits/nguyen_poly__noise_0.001__seed_0/val_noisy.csv,data/noise_robustness_v1_20/splits/nguyen_poly__noise_0.001__seed_0/test_clean.csv,data/noise_robustness_v1_20/splits/nguyen_poly__noise_0.001__seed_0/train_clean.csv,data/noise_robustness_v1_20/splits/nguyen_poly__noise_0.001__seed_0/val_clean.csv,data/noise_robustness_v1_20/splits/nguyen_poly__noise_0.001__seed_0
5,nguyen_poly__noise_0.001__seed_1,nguyen_poly,Nguyen,nguyen_poly_noise_0.001,nguyen_poly,polynomial,x1**3 + x1**2 + x1,x1,x1,0.001,relative_gaussian_y_train_val,1,512,256,1024,0.004120223335780585,0.004110244876553964,data/noise_robustness_v1_20/splits/nguyen_poly__noise_0.001__seed_1/train_noisy.csv,data/noise_robustness_v1_20/splits/nguyen_poly__noise_0.001__seed_1/val_noisy.csv,data/noise_robustness_v1_20/splits/nguyen_poly__noise_0.001__seed_1/test_clean.csv,data/noise_robustness_v1_20/splits/nguyen_poly__noise_0.001__seed_1/train_clean.csv,data/noise_robustness_v1_20/splits/nguyen_poly__noise_0.001__seed_1/val_clean.csv,data/noise_robustness_v1_20/splits/nguyen_poly__noise_0.001__seed_1
6,nguyen_poly__noise_0.001__seed_2,nguyen_poly,Nguyen,nguyen_poly_noise_0.001,nguyen_poly,polynomial,x1**3 + x1**2 + x1,x1,x1,0.001,relative_gaussian_y_train_val,2,512,256,1024,0.004274616007068978,0.004543882515684652,data/noise_robustness_v1_20/splits/nguyen_poly__noise_0.001__seed_2/train_noisy.csv,data/noise_robustness_v1_20/splits/nguyen_poly__noise_0.001__seed_2/val_noisy.csv,data/noise_robustness_v1_20/splits/nguyen_poly__noise_0.001__seed_2/test_clean.csv,data/noise_robustness_v1_20/splits/nguyen_poly__noise_0.001__seed_2/train_clean.csv,data/noise_robustness_v1_20/splits/nguyen_poly__noise_0.001__seed_2/val_clean.csv,data/noise_robustness_v1_20/splits/nguyen_poly__noise_0.001__seed_2
7,nguyen_poly__noise_0.01__seed_0,nguyen_poly,Nguyen,nguyen_poly_noise_0.01,nguyen_poly,polynomial,x1**3 + x1**2 + x1,x1,x1,0.01,relative_gaussian_y_train_val,0,512,256,1024,0.04398655210879856,0.043852926437920214,data/noise_robustness_v1_20/splits/nguyen_poly__noise_0.01__seed_0/train_noisy.csv,data/noise_robustness_v1_20/splits/nguyen_poly__noise_0.01__seed_0/val_noisy.csv,data/noise_robustness_v1_20/splits/nguyen_poly__noise_0.01__seed_0/test_clean.csv,data/noise_robustness_v1_20/splits/nguyen_poly__noise_0.01__seed_0/train_clean.csv,data/noise_robustness_v1_20/splits/nguyen_poly__noise_0.01__seed_0/val_clean.csv,data/noise_robustness_v1_20/splits/nguyen_poly__noise_0.01__seed_0
8,nguyen_poly__noise_0.01__seed_1,nguyen_poly,Nguyen,nguyen_poly_noise_0.01,nguyen_poly,polynomial,x1**3 + x1**2 + x1,x1,x1,0.01,relative_gaussian_y_train_val,1,512,256,1024,0.040622898657862144,0.04359220254929759,data/noise_robustness_v1_20/splits/nguyen_poly__noise_0.01__seed_1/train_noisy.csv,data/noise_robustness_v1_20/splits/nguyen_poly__noise_0.01__seed_1/val_noisy.csv,data/noise_robustness_v1_20/splits/nguyen_poly__noise_0.01__seed_1/test_clean.csv,data/noise_robustness_v1_20/splits/nguyen_poly__noise_0.01__seed_1/train_clean.csv,data/noise_robustness_v1_20/splits/nguyen_poly__noise_0.01__seed_1/val_clean.csv,data/noise_robustness_v1_20/splits/nguyen_poly__noise_0.01__seed_1
9,nguyen_poly__noise_0.01__seed_2,nguyen_poly,Nguyen,nguyen_poly_noise_0.01,nguyen_poly,polynomial,x1**3 + x1**2 + x1,x1,x1,0.01,relative_gaussian_y_train_val,2,512,256,1024,0.04476384551137379,0.043628836059737365,data/noise_robustness_v1_20/splits/nguyen_poly__noise_0.01__seed_2/train_noisy.csv,data/noise_robustness_v1_20/splits/nguyen_poly__noise_0.01__seed_2/val_noisy.csv,data/noise_robustness_v1_20/splits/nguyen_poly__noise_0.01__seed_2/test_clean.csv,data/noise_robustness_v1_20/splits/nguyen_poly__noise_0.01__seed_2/train_clean.csv,data/noise_robustness_v1_20/splits/nguyen_poly__noise_0.01__seed_2/val_clean.csv,data/noise_robustness_v1_20/splits/nguyen_poly__noise_0.01__seed_2
10,nguyen_poly__noise_0.05__seed_0,nguyen_poly,Nguyen,nguyen_poly_noise_0.05,nguyen_poly,polynomial,x1**3 + x1**2 + x1,x1,x1,0.05,relative_gaussian_y_train_val,0,512,256,1024,0.22130872619965125,0.22384941214174447,data/noise_robustness_v1_20/splits/nguyen_poly__noise_0.05__seed_0/train_noisy.csv,data/noise_robustness_v1_20/splits/nguyen_poly__noise_0.05__seed_0/val_noisy.csv,data/noise_robustness_v1_20/splits/nguyen_poly__noise_0.05__seed_0/test_clean.csv,data/noise_robustness_v1_20/splits/nguyen_poly__noise_0.05__seed_0/train_clean.csv,data/noise_robustness_v1_20/splits/nguyen_poly__noise_0.05__seed_0/val_clean.csv,data/noise_robustness_v1_20/splits/nguyen_poly__noise_0.05__seed_0
11,nguyen_poly__noise_0.05__seed_1,nguyen_poly,Nguyen,nguyen_poly_noise_0.05,nguyen_poly,polynomial,x1**3 + x1**2 + x1,x1,x1,0.05,relative_gaussian_y_train_val,1,512,256,1024,0.21819473772449627,0.2207853267992447,data/noise_robustness_v1_20/splits/nguyen_poly__noise_0.05__seed_1/train_noisy.csv,data/noise_robustness_v1_20/splits/nguyen_poly__noise_0.05__seed_1/val_noisy.csv,data/noise_robustness_v1_20/splits/nguyen_poly__noise_0.05__seed_1/test_clean.csv,data/noise_robustness_v1_20/splits/nguyen_poly__noise_0.05__seed_1/train_clean.csv,data/noise_robustness_v1_20/splits/nguyen_poly__noise_0.05__seed_1/val_clean.csv,data/noise_robustness_v1_20/splits/nguyen_poly__noise_0.05__seed_1
12,nguyen_poly__noise_0.05__seed_2,nguyen_poly,Nguyen,nguyen_poly_noise_0.05,nguyen_poly,polynomial,x1**3 + x1**2 + x1,x1,x1,0.05,relative_gaussian_y_train_val,2,512,256,1024,0.20877746561768232,0.2100581900029136,data/noise_robustness_v1_20/splits/nguyen_poly__noise_0.05__seed_2/train_noisy.csv,data/noise_robustness_v1_20/splits/nguyen_poly__noise_0.05__seed_2/val_noisy.csv,data/noise_robustness_v1_20/splits/nguyen_poly__noise_0.05__seed_2/test_clean.csv,data/noise_robustness_v1_20/splits/nguyen_poly__noise_0.05__seed_2/train_clean.csv,data/noise_robustness_v1_20/splits/nguyen_poly__noise_0.05__seed_2/val_clean.csv,data/noise_robustness_v1_20/splits/nguyen_poly__noise_0.05__seed_2
13,nguyen_poly__noise_0.1__seed_0,nguyen_poly,Nguyen,nguyen_poly_noise_0.1,nguyen_poly,polynomial,x1**3 + x1**2 + x1,x1,x1,0.1,relative_gaussian_y_train_val,0,512,256,1024,0.4595287007030566,0.4014850917348276,data/noise_robustness_v1_20/splits/nguyen_poly__noise_0.1__seed_0/train_noisy.csv,data/noise_robustness_v1_20/splits/nguyen_poly__noise_0.1__seed_0/val_noisy.csv,data/noise_robustness_v1_20/splits/nguyen_poly__noise_0.1__seed_0/test_clean.csv,data/noise_robustness_v1_20/splits/nguyen_poly__noise_0.1__seed_0/train_clean.csv,data/noise_robustness_v1_20/splits/nguyen_poly__noise_0.1__seed_0/val_clean.csv,data/noise_robustness_v1_20/splits/nguyen_poly__noise_0.1__seed_0
14,nguyen_poly__noise_0.1__seed_1,nguyen_poly,Nguyen,nguyen_poly_noise_0.1,nguyen_poly,polynomial,x1**3 + x1**2 + x1,x1,x1,0.1,relative_gaussian_y_train_val,1,512,256,1024,0.4107282950228462,0.418627164725978,data/noise_robustness_v1_20/splits/nguyen_poly__noise_0.1__seed_1/train_noisy.csv,data/noise_robustness_v1_20/splits/nguyen_poly__noise_0.1__seed_1/val_noisy.csv,data/noise_robustness_v1_20/splits/nguyen_poly__noise_0.1__seed_1/test_clean.csv,data/noise_robustness_v1_20/splits/nguyen_poly__noise_0.1__seed_1/train_clean.csv,data/noise_robustness_v1_20/splits/nguyen_poly__noise_0.1__seed_1/val_clean.csv,data/noise_robustness_v1_20/splits/nguyen_poly__noise_0.1__seed_1
15,nguyen_poly__noise_0.1__seed_2,nguyen_poly,Nguyen,nguyen_poly_noise_0.1,nguyen_poly,polynomial,x1**3 + x1**2 + x1,x1,x1,0.1,relative_gaussian_y_train_val,2,512,256,1024,0.42167385883836517,0.4262558445064776,data/noise_robustness_v1_20/splits/nguyen_poly__noise_0.1__seed_2/train_noisy.csv,data/noise_robustness_v1_20/splits/nguyen_poly__noise_0.1__seed_2/val_noisy.csv,data/noise_robustness_v1_20/splits/nguyen_poly__noise_0.1__seed_2/test_clean.csv,data/noise_robustness_v1_20/splits/nguyen_poly__noise_0.1__seed_2/train_clean.csv,data/noise_robustness_v1_20/splits/nguyen_poly__noise_0.1__seed_2/val_clean.csv,data/noise_robustness_v1_20/splits/nguyen_poly__noise_0.1__seed_2
16,nguyen_rational__noise_0__seed_0,nguyen_rational,Nguyen,nguyen_rational_noise_0,nguyen_rational,rational,x1/(1 + x2**2),x1|x2,x1|x2,0.0,relative_gaussian_y_train_val,0,512,256,1024,0.0,0.0,data/noise_robustness_v1_20/splits/nguyen_rational__noise_0__seed_0/train_noisy.csv,data/noise_robustness_v1_20/splits/nguyen_rational__noise_0__seed_0/val_noisy.csv,data/noise_robustness_v1_20/splits/nguyen_rational__noise_0__seed_0/test_clean.csv,data/noise_robustness_v1_20/splits/nguyen_rational__noise_0__seed_0/train_clean.csv,data/noise_robustness_v1_20/splits/nguyen_rational__noise_0__seed_0/val_clean.csv,data/noise_robustness_v1_20/splits/nguyen_rational__noise_0__seed_0
17,nguyen_rational__noise_0__seed_1,nguyen_rational,Nguyen,nguyen_rational_noise_0,nguyen_rational,rational,x1/(1 + x2**2),x1|x2,x1|x2,0.0,relative_gaussian_y_train_val,1,512,256,1024,0.0,0.0,data/noise_robustness_v1_20/splits/nguyen_rational__noise_0__seed_1/train_noisy.csv,data/noise_robustness_v1_20/splits/nguyen_rational__noise_0__seed_1/val_noisy.csv,data/noise_robustness_v1_20/splits/nguyen_rational__noise_0__seed_1/test_clean.csv,data/noise_robustness_v1_20/splits/nguyen_rational__noise_0__seed_1/train_clean.csv,data/noise_robustness_v1_20/splits/nguyen_rational__noise_0__seed_1/val_clean.csv,data/noise_robustness_v1_20/splits/nguyen_rational__noise_0__seed_1
18,nguyen_rational__noise_0__seed_2,nguyen_rational,Nguyen,nguyen_rational_noise_0,nguyen_rational,rational,x1/(1 + x2**2),x1|x2,x1|x2,0.0,relative_gaussian_y_train_val,2,512,256,1024,0.0,0.0,data/noise_robustness_v1_20/splits/nguyen_rational__noise_0__seed_2/train_noisy.csv,data/noise_robustness_v1_20/splits/nguyen_rational__noise_0__seed_2/val_noisy.csv,data/noise_robustness_v1_20/splits/nguyen_rational__noise_0__seed_2/test_clean.csv,data/noise_robustness_v1_20/splits/nguyen_rational__noise_0__seed_2/train_clean.csv,data/noise_robustness_v1_20/splits/nguyen_rational__noise_0__seed_2/val_clean.csv,data/noise_robustness_v1_20/splits/nguyen_rational__noise_0__seed_2
19,nguyen_rational__noise_0.001__seed_0,nguyen_rational,Nguyen,nguyen_rational_noise_0.001,nguyen_rational,rational,x1/(1 + x2**2),x1|x2,x1|x2,0.001,relative_gaussian_y_train_val,0,512,256,1024,0.0007208801582065275,0.0006928529029600778,data/noise_robustness_v1_20/splits/nguyen_rational__noise_0.001__seed_0/train_noisy.csv,data/noise_robustness_v1_20/splits/nguyen_rational__noise_0.001__seed_0/val_noisy.csv,data/noise_robustness_v1_20/splits/nguyen_rational__noise_0.001__seed_0/test_clean.csv,data/noise_robustness_v1_20/splits/nguyen_rational__noise_0.001__seed_0/train_clean.csv,data/noise_robustness_v1_20/splits/nguyen_rational__noise_0.001__seed_0/val_clean.csv,data/noise_robustness_v1_20/splits/nguyen_rational__noise_0.001__seed_0
20,nguyen_rational__noise_0.001__seed_1,nguyen_rational,Nguyen,nguyen_rational_noise_0.001,nguyen_rational,rational,x1/(1 + x2**2),x1|x2,x1|x2,0.001,relative_gaussian_y_train_val,1,512,256,1024,0.0007432023440972423,0.000691430086250561,data/noise_robustness_v1_20/splits/nguyen_rational__noise_0.001__seed_1/train_noisy.csv,data/noise_robustness_v1_20/splits/nguyen_rational__noise_0.001__seed_1/val_noisy.csv,data/noise_robustness_v1_20/splits/nguyen_rational__noise_0.001__seed_1/test_clean.csv,data/noise_robustness_v1_20/splits/nguyen_rational__noise_0.001__seed_1/train_clean.csv,data/noise_robustness_v1_20/splits/nguyen_rational__noise_0.001__seed_1/val_clean.csv,data/noise_robustness_v1_20/splits/nguyen_rational__noise_0.001__seed_1
21,nguyen_rational__noise_0.001__seed_2,nguyen_rational,Nguyen,nguyen_rational_noise_0.001,nguyen_rational,rational,x1/(1 + x2**2),x1|x2,x1|x2,0.001,relative_gaussian_y_train_val,2,512,256,1024,0.0007052615164446762,0.0006805357082792299,data/noise_robustness_v1_20/splits/nguyen_rational__noise_0.001__seed_2/train_noisy.csv,data/noise_robustness_v1_20/splits/nguyen_rational__noise_0.001__seed_2/val_noisy.csv,data/noise_robustness_v1_20/splits/nguyen_rational__noise_0.001__seed_2/test_clean.csv,data/noise_robustness_v1_20/splits/nguyen_rational__noise_0.001__seed_2/train_clean.csv,data/noise_robustness_v1_20/splits/nguyen_rational__noise_0.001__seed_2/val_clean.csv,data/noise_robustness_v1_20/splits/nguyen_rational__noise_0.001__seed_2
22,nguyen_rational__noise_0.01__seed_0,nguyen_rational,Nguyen,nguyen_rational_noise_0.01,nguyen_rational,rational,x1/(1 + x2**2),x1|x2,x1|x2,0.01,relative_gaussian_y_train_val,0,512,256,1024,0.006853495248926214,0.006931093533666616,data/noise_robustness_v1_20/splits/nguyen_rational__noise_0.01__seed_0/train_noisy.csv,data/noise_robustness_v1_20/splits/nguyen_rational__noise_0.01__seed_0/val_noisy.csv,data/noise_robustness_v1_20/splits/nguyen_rational__noise_0.01__seed_0/test_clean.csv,data/noise_robustness_v1_20/splits/nguyen_rational__noise_0.01__seed_0/train_clean.csv,data/noise_robustness_v1_20/splits/nguyen_rational__noise_0.01__seed_0/val_clean.csv,data/noise_robustness_v1_20/splits/nguyen_rational__noise_0.01__seed_0
23,nguyen_rational__noise_0.01__seed_1,nguyen_rational,Nguyen,nguyen_rational_noise_0.01,nguyen_rational,rational,x1/(1 + x2**2),x1|x2,x1|x2,0.01,relative_gaussian_y_train_val,1,512,256,1024,0.00713744618842885,0.00780486763299997,data/noise_robustness_v1_20/splits/nguyen_rational__noise_0.01__seed_1/train_noisy.csv,data/noise_robustness_v1_20/splits/nguyen_rational__noise_0.01__seed_1/val_noisy.csv,data/noise_robustness_v1_20/splits/nguyen_rational__noise_0.01__seed_1/test_clean.csv,data/noise_robustness_v1_20/splits/nguyen_rational__noise_0.01__seed_1/train_clean.csv,data/noise_robustness_v1_20/splits/nguyen_rational__noise_0.01__seed_1/val_clean.csv,data/noise_robustness_v1_20/splits/nguyen_rational__noise_0.01__seed_1
24,nguyen_rational__noise_0.01__seed_2,nguyen_rational,Nguyen,nguyen_rational_noise_0.01,nguyen_rational,rational,x1/(1 + x2**2),x1|x2,x1|x2,0.01,relative_gaussian_y_train_val,2,512,256,1024,0.00746095474148499,0.006959611807409781,data/noise_robustness_v1_20/splits/nguyen_rational__noise_0.01__seed_2/train_noisy.csv,data/noise_robustness_v1_20/splits/nguyen_rational__noise_0.01__seed_2/val_noisy.csv,data/noise_robustness_v1_20/splits/nguyen_rational__noise_0.01__seed_2/test_clean.csv,data/noise_robustness_v1_20/splits/nguyen_rational__noise_0.01__seed_2/train_clean.csv,data/noise_robustness_v1_20/splits/nguyen_rational__noise_0.01__seed_2/val_clean.csv,data/noise_robustness_v1_20/splits/nguyen_rational__noise_0.01__seed_2
25,nguyen_rational__noise_0.05__seed_0,nguyen_rational,Nguyen,nguyen_rational_noise_0.05,nguyen_rational,rational,x1/(1 + x2**2),x1|x2,x1|x2,0.05,relative_gaussian_y_train_val,0,512,256,1024,0.035951573927659054,0.037618669773420876,data/noise_robustness_v1_20/splits/nguyen_rational__noise_0.05__seed_0/train_noisy.csv,data/noise_robustness_v1_20/splits/nguyen_rational__noise_0.05__seed_0/val_noisy.csv,data/noise_robustness_v1_20/splits/nguyen_rational__noise_0.05__seed_0/test_clean.csv,data/noise_robustness_v1_20/splits/nguyen_rational__noise_0.05__seed_0/train_clean.csv,data/noise_robustness_v1_20/splits/nguyen_rational__noise_0.05__seed_0/val_clean.csv,data/noise_robustness_v1_20/splits/nguyen_rational__noise_0.05__seed_0
26,nguyen_rational__noise_0.05__seed_1,nguyen_rational,Nguyen,nguyen_rational_noise_0.05,nguyen_rational,rational,x1/(1 + x2**2),x1|x2,x1|x2,0.05,relative_gaussian_y_train_val,1,512,256,1024,0.03738204891918369,0.03530697843084776,data/noise_robustness_v1_20/splits/nguyen_rational__noise_0.05__seed_1/train_noisy.csv,data/noise_robustness_v1_20/splits/nguyen_rational__noise_0.05__seed_1/val_noisy.csv,data/noise_robustness_v1_20/splits/nguyen_rational__noise_0.05__seed_1/test_clean.csv,data/noise_robustness_v1_20/splits/nguyen_rational__noise_0.05__seed_1/train_clean.csv,data/noise_robustness_v1_20/splits/nguyen_rational__noise_0.05__seed_1/val_clean.csv,data/noise_robustness_v1_20/splits/nguyen_rational__noise_0.05__seed_1
27,nguyen_rational__noise_0.05__seed_2,nguyen_rational,Nguyen,nguyen_rational_noise_0.05,nguyen_rational,rational,x1/(1 + x2**2),x1|x2,x1|x2,0.05,relative_gaussian_y_train_val,2,512,256,1024,0.03390094131106352,0.037624241055234216,data/noise_robustness_v1_20/splits/nguyen_rational__noise_0.05__seed_2/train_noisy.csv,data/noise_robustness_v1_20/splits/nguyen_rational__noise_0.05__seed_2/val_noisy.csv,data/noise_robustness_v1_20/splits/nguyen_rational__noise_0.05__seed_2/test_clean.csv,data/noise_robustness_v1_20/splits/nguyen_rational__noise_0.05__seed_2/train_clean.csv,data/noise_robustness_v1_20/splits/nguyen_rational__noise_0.05__seed_2/val_clean.csv,data/noise_robustness_v1_20/splits/nguyen_rational__noise_0.05__seed_2
28,nguyen_rational__noise_0.1__seed_0,nguyen_rational,Nguyen,nguyen_rational_noise_0.1,nguyen_rational,rational,x1/(1 + x2**2),x1|x2,x1|x2,0.1,relative_gaussian_y_train_val,0,512,256,1024,0.07090258353015652,0.07062203980599104,data/noise_robustness_v1_20/splits/nguyen_rational__noise_0.1__seed_0/train_noisy.csv,data/noise_robustness_v1_20/splits/nguyen_rational__noise_0.1__seed_0/val_noisy.csv,data/noise_robustness_v1_20/splits/nguyen_rational__noise_0.1__seed_0/test_clean.csv,data/noise_robustness_v1_20/splits/nguyen_rational__noise_0.1__seed_0/train_clean.csv,data/noise_robustness_v1_20/splits/nguyen_rational__noise_0.1__seed_0/val_clean.csv,data/noise_robustness_v1_20/splits/nguyen_rational__noise_0.1__seed_0
29,nguyen_rational__noise_0.1__seed_1,nguyen_rational,Nguyen,nguyen_rational_noise_0.1,nguyen_rational,rational,x1/(1 + x2**2),x1|x2,x1|x2,0.1,relative_gaussian_y_train_val,1,512,256,1024,0.07741113065955546,0.07137431509539649,data/noise_robustness_v1_20/splits/nguyen_rational__noise_0.1__seed_1/train_noisy.csv,data/noise_robustness_v1_20/splits/nguyen_rational__noise_0.1__seed_1/val_noisy.csv,data/noise_robustness_v1_20/splits/nguyen_rational__noise_0.1__seed_1/test_clean.csv,data/noise_robustness_v1_20/splits/nguyen_rational__noise_0.1__seed_1/train_clean.csv,data/noise_robustness_v1_20/splits/nguyen_rational__noise_0.1__seed_1/val_clean.csv,data/noise_robustness_v1_20/splits/nguyen_rational__noise_0.1__seed_1
30,nguyen_rational__noise_0.1__seed_2,nguyen_rational,Nguyen,nguyen_rational_noise_0.1,nguyen_rational,rational,x1/(1 + x2**2),x1|x2,x1|x2,0.1,relative_gaussian_y_train_val,2,512,256,1024,0.07244506576911541,0.0680781991814335,data/noise_robustness_v1_20/splits/nguyen_rational__noise_0.1__seed_2/train_noisy.csv,data/noise_robustness_v1_20/splits/nguyen_rational__noise_0.1__seed_2/val_noisy.csv,data/noise_robustness_v1_20/splits/nguyen_rational__noise_0.1__seed_2/test_clean.csv,data/noise_robustness_v1_20/splits/nguyen_rational__noise_0.1__seed_2/train_clean.csv,data/noise_robustness_v1_20/splits/nguyen_rational__noise_0.1__seed_2/val_clean.csv,data/noise_robustness_v1_20/splits/nguyen_rational__noise_0.1__seed_2
31,feynman_trig__noise_0__seed_0,feynman_trig,Feynman,feynman_trig_noise_0,feynman_trig,trigonometric,sin(x1) + 0.5*cos(x2),x1|x2,x1|x2,0.0,relative_gaussian_y_train_val,0,512,256,1024,0.0,0.0,data/noise_robustness_v1_20/splits/feynman_trig__noise_0__seed_0/train_noisy.csv,data/noise_robustness_v1_20/splits/feynman_trig__noise_0__seed_0/val_noisy.csv,data/noise_robustness_v1_20/splits/feynman_trig__noise_0__seed_0/test_clean.csv,data/noise_robustness_v1_20/splits/feynman_trig__noise_0__seed_0/train_clean.csv,data/noise_robustness_v1_20/splits/feynman_trig__noise_0__seed_0/val_clean.csv,data/noise_robustness_v1_20/splits/feynman_trig__noise_0__seed_0
32,feynman_trig__noise_0__seed_1,feynman_trig,Feynman,feynman_trig_noise_0,feynman_trig,trigonometric,sin(x1) + 0.5*cos(x2),x1|x2,x1|x2,0.0,relative_gaussian_y_train_val,1,512,256,1024,0.0,0.0,data/noise_robustness_v1_20/splits/feynman_trig__noise_0__seed_1/train_noisy.csv,data/noise_robustness_v1_20/splits/feynman_trig__noise_0__seed_1/val_noisy.csv,data/noise_robustness_v1_20/splits/feynman_trig__noise_0__seed_1/test_clean.csv,data/noise_robustness_v1_20/splits/feynman_trig__noise_0__seed_1/train_clean.csv,data/noise_robustness_v1_20/splits/feynman_trig__noise_0__seed_1/val_clean.csv,data/noise_robustness_v1_20/splits/feynman_trig__noise_0__seed_1
33,feynman_trig__noise_0__seed_2,feynman_trig,Feynman,feynman_trig_noise_0,feynman_trig,trigonometric,sin(x1) + 0.5*cos(x2),x1|x2,x1|x2,0.0,relative_gaussian_y_train_val,2,512,256,1024,0.0,0.0,data/noise_robustness_v1_20/splits/feynman_trig__noise_0__seed_2/train_noisy.csv,data/noise_robustness_v1_20/splits/feynman_trig__noise_0__seed_2/val_noisy.csv,data/noise_robustness_v1_20/splits/feynman_trig__noise_0__seed_2/test_clean.csv,data/noise_robustness_v1_20/splits/feynman_trig__noise_0__seed_2/train_clean.csv,data/noise_robustness_v1_20/splits/feynman_trig__noise_0__seed_2/val_clean.csv,data/noise_robustness_v1_20/splits/feynman_trig__noise_0__seed_2
34,feynman_trig__noise_0.001__seed_0,feynman_trig,Feynman,feynman_trig_noise_0.001,feynman_trig,trigonometric,sin(x1) + 0.5*cos(x2),x1|x2,x1|x2,0.001,relative_gaussian_y_train_val,0,512,256,1024,0.0008095405215623404,0.000815917567343478,data/noise_robustness_v1_20/splits/feynman_trig__noise_0.001__seed_0/train_noisy.csv,data/noise_robustness_v1_20/splits/feynman_trig__noise_0.001__seed_0/val_noisy.csv,data/noise_robustness_v1_20/splits/feynman_trig__noise_0.001__seed_0/test_clean.csv,data/noise_robustness_v1_20/splits/feynman_trig__noise_0.001__seed_0/train_clean.csv,data/noise_robustness_v1_20/splits/feynman_trig__noise_0.001__seed_0/val_clean.csv,data/noise_robustness_v1_20/splits/feynman_trig__noise_0.001__seed_0
35,feynman_trig__noise_0.001__seed_1,feynman_trig,Feynman,feynman_trig_noise_0.001,feynman_trig,trigonometric,sin(x1) + 0.5*cos(x2),x1|x2,x1|x2,0.001,relative_gaussian_y_train_val,1,512,256,1024,0.0008198538717575099,0.0007720409354368638,data/noise_robustness_v1_20/splits/feynman_trig__noise_0.001__seed_1/train_noisy.csv,data/noise_robustness_v1_20/splits/feynman_trig__noise_0.001__seed_1/val_noisy.csv,data/noise_robustness_v1_20/splits/feynman_trig__noise_0.001__seed_1/test_clean.csv,data/noise_robustness_v1_20/splits/feynman_trig__noise_0.001__seed_1/train_clean.csv,data/noise_robustness_v1_20/splits/feynman_trig__noise_0.001__seed_1/val_clean.csv,data/noise_robustness_v1_20/splits/feynman_trig__noise_0.001__seed_1
36,feynman_trig__noise_0.001__seed_2,feynman_trig,Feynman,feynman_trig_noise_0.001,feynman_trig,trigonometric,sin(x1) + 0.5*cos(x2),x1|x2,x1|x2,0.001,relative_gaussian_y_train_val,2,512,256,1024,0.0008153486944150306,0.0008198285414686752,data/noise_robustness_v1_20/splits/feynman_trig__noise_0.001__seed_2/train_noisy.csv,data/noise_robustness_v1_20/splits/feynman_trig__noise_0.001__seed_2/val_noisy.csv,data/noise_robustness_v1_20/splits/feynman_trig__noise_0.001__seed_2/test_clean.csv,data/noise_robustness_v1_20/splits/feynman_trig__noise_0.001__seed_2/train_clean.csv,data/noise_robustness_v1_20/splits/feynman_trig__noise_0.001__seed_2/val_clean.csv,data/noise_robustness_v1_20/splits/feynman_trig__noise_0.001__seed_2
37,feynman_trig__noise_0.01__seed_0,feynman_trig,Feynman,feynman_trig_noise_0.01,feynman_trig,trigonometric,sin(x1) + 0.5*cos(x2),x1|x2,x1|x2,0.01,relative_gaussian_y_train_val,0,512,256,1024,0.00808566084961409,0.007597315875971458,data/noise_robustness_v1_20/splits/feynman_trig__noise_0.01__seed_0/train_noisy.csv,data/noise_robustness_v1_20/splits/feynman_trig__noise_0.01__seed_0/val_noisy.csv,data/noise_robustness_v1_20/splits/feynman_trig__noise_0.01__seed_0/test_clean.csv,data/noise_robustness_v1_20/splits/feynman_trig__noise_0.01__seed_0/train_clean.csv,data/noise_robustness_v1_20/splits/feynman_trig__noise_0.01__seed_0/val_clean.csv,data/noise_robustness_v1_20/splits/feynman_trig__noise_0.01__seed_0
38,feynman_trig__noise_0.01__seed_1,feynman_trig,Feynman,feynman_trig_noise_0.01,feynman_trig,trigonometric,sin(x1) + 0.5*cos(x2),x1|x2,x1|x2,0.01,relative_gaussian_y_train_val,1,512,256,1024,0.008209919829096078,0.007877866589453261,data/noise_robustness_v1_20/splits/feynman_trig__noise_0.01__seed_1/train_noisy.csv,data/noise_robustness_v1_20/splits/feynman_trig__noise_0.01__seed_1/val_noisy.csv,data/noise_robustness_v1_20/splits/feynman_trig__noise_0.01__seed_1/test_clean.csv,data/noise_robustness_v1_20/splits/feynman_trig__noise_0.01__seed_1/train_clean.csv,data/noise_robustness_v1_20/splits/feynman_trig__noise_0.01__seed_1/val_clean.csv,data/noise_robustness_v1_20/splits/feynman_trig__noise_0.01__seed_1
39,feynman_trig__noise_0.01__seed_2,feynman_trig,Feynman,feynman_trig_noise_0.01,feynman_trig,trigonometric,sin(x1) + 0.5*cos(x2),x1|x2,x1|x2,0.01,relative_gaussian_y_train_val,2,512,256,1024,0.007804231156691421,0.00779905601241833,data/noise_robustness_v1_20/splits/feynman_trig__noise_0.01__seed_2/train_noisy.csv,data/noise_robustness_v1_20/splits/feynman_trig__noise_0.01__seed_2/val_noisy.csv,data/noise_robustness_v1_20/splits/feynman_trig__noise_0.01__seed_2/test_clean.csv,data/noise_robustness_v1_20/splits/feynman_trig__noise_0.01__seed_2/train_clean.csv,data/noise_robustness_v1_20/splits/feynman_trig__noise_0.01__seed_2/val_clean.csv,data/noise_robustness_v1_20/splits/feynman_trig__noise_0.01__seed_2
40,feynman_trig__noise_0.05__seed_0,feynman_trig,Feynman,feynman_trig_noise_0.05,feynman_trig,trigonometric,sin(x1) + 0.5*cos(x2),x1|x2,x1|x2,0.05,relative_gaussian_y_train_val,0,512,256,1024,0.039103257603736244,0.03987037880067926,data/noise_robustness_v1_20/splits/feynman_trig__noise_0.05__seed_0/train_noisy.csv,data/noise_robustness_v1_20/splits/feynman_trig__noise_0.05__seed_0/val_noisy.csv,data/noise_robustness_v1_20/splits/feynman_trig__noise_0.05__seed_0/test_clean.csv,data/noise_robustness_v1_20/splits/feynman_trig__noise_0.05__seed_0/train_clean.csv,data/noise_robustness_v1_20/splits/feynman_trig__noise_0.05__seed_0/val_clean.csv,data/noise_robustness_v1_20/splits/feynman_trig__noise_0.05__seed_0
41,feynman_trig__noise_0.05__seed_1,feynman_trig,Feynman,feynman_trig_noise_0.05,feynman_trig,trigonometric,sin(x1) + 0.5*cos(x2),x1|x2,x1|x2,0.05,relative_gaussian_y_train_val,1,512,256,1024,0.03924585796675972,0.04015155559234261,data/noise_robustness_v1_20/splits/feynman_trig__noise_0.05__seed_1/train_noisy.csv,data/noise_robustness_v1_20/splits/feynman_trig__noise_0.05__seed_1/val_noisy.csv,data/noise_robustness_v1_20/splits/feynman_trig__noise_0.05__seed_1/test_clean.csv,data/noise_robustness_v1_20/splits/feynman_trig__noise_0.05__seed_1/train_clean.csv,data/noise_robustness_v1_20/splits/feynman_trig__noise_0.05__seed_1/val_clean.csv,data/noise_robustness_v1_20/splits/feynman_trig__noise_0.05__seed_1
42,feynman_trig__noise_0.05__seed_2,feynman_trig,Feynman,feynman_trig_noise_0.05,feynman_trig,trigonometric,sin(x1) + 0.5*cos(x2),x1|x2,x1|x2,0.05,relative_gaussian_y_train_val,2,512,256,1024,0.03912680145223901,0.03915282643353299,data/noise_robustness_v1_20/splits/feynman_trig__noise_0.05__seed_2/train_noisy.csv,data/noise_robustness_v1_20/splits/feynman_trig__noise_0.05__seed_2/val_noisy.csv,data/noise_robustness_v1_20/splits/feynman_trig__noise_0.05__seed_2/test_clean.csv,data/noise_robustness_v1_20/splits/feynman_trig__noise_0.05__seed_2/train_clean.csv,data/noise_robustness_v1_20/splits/feynman_trig__noise_0.05__seed_2/val_clean.csv,data/noise_robustness_v1_20/splits/feynman_trig__noise_0.05__seed_2
43,feynman_trig__noise_0.1__seed_0,feynman_trig,Feynman,feynman_trig_noise_0.1,feynman_trig,trigonometric,sin(x1) + 0.5*cos(x2),x1|x2,x1|x2,0.1,relative_gaussian_y_train_val,0,512,256,1024,0.08075694069076246,0.07946800455119075,data/noise_robustness_v1_20/splits/feynman_trig__noise_0.1__seed_0/train_noisy.csv,data/noise_robustness_v1_20/splits/feynman_trig__noise_0.1__seed_0/val_noisy.csv,data/noise_robustness_v1_20/splits/feynman_trig__noise_0.1__seed_0/test_clean.csv,data/noise_robustness_v1_20/splits/feynman_trig__noise_0.1__seed_0/train_clean.csv,data/noise_robustness_v1_20/splits/feynman_trig__noise_0.1__seed_0/val_clean.csv,data/noise_robustness_v1_20/splits/feynman_trig__noise_0.1__seed_0
44,feynman_trig__noise_0.1__seed_1,feynman_trig,Feynman,feynman_trig_noise_0.1,feynman_trig,trigonometric,sin(x1) + 0.5*cos(x2),x1|x2,x1|x2,0.1,relative_gaussian_y_train_val,1,512,256,1024,0.07923223942658718,0.07996927076903976,data/noise_robustness_v1_20/splits/feynman_trig__noise_0.1__seed_1/train_noisy.csv,data/noise_robustness_v1_20/splits/feynman_trig__noise_0.1__seed_1/val_noisy.csv,data/noise_robustness_v1_20/splits/feynman_trig__noise_0.1__seed_1/test_clean.csv,data/noise_robustness_v1_20/splits/feynman_trig__noise_0.1__seed_1/train_clean.csv,data/noise_robustness_v1_20/splits/feynman_trig__noise_0.1__seed_1/val_clean.csv,data/noise_robustness_v1_20/splits/feynman_trig__noise_0.1__seed_1
45,feynman_trig__noise_0.1__seed_2,feynman_trig,Feynman,feynman_trig_noise_0.1,feynman_trig,trigonometric,sin(x1) + 0.5*cos(x2),x1|x2,x1|x2,0.1,relative_gaussian_y_train_val,2,512,256,1024,0.0812914797984093,0.08191925245463695,data/noise_robustness_v1_20/splits/feynman_trig__noise_0.1__seed_2/train_noisy.csv,data/noise_robustness_v1_20/splits/feynman_trig__noise_0.1__seed_2/val_noisy.csv,data/noise_robustness_v1_20/splits/feynman_trig__noise_0.1__seed_2/test_clean.csv,data/noise_robustness_v1_20/splits/feynman_trig__noise_0.1__seed_2/train_clean.csv,data/noise_robustness_v1_20/splits/feynman_trig__noise_0.1__seed_2/val_clean.csv,data/noise_robustness_v1_20/splits/feynman_trig__noise_0.1__seed_2
46,feynman_interaction__noise_0__seed_0,feynman_interaction,Feynman,feynman_interaction_noise_0,feynman_interaction,interaction,x1*x2 + 0.25*x3**2,x1|x2|x3,x1|x2|x3,0.0,relative_gaussian_y_train_val,0,512,256,1024,0.0,0.0,data/noise_robustness_v1_20/splits/feynman_interaction__noise_0__seed_0/train_noisy.csv,data/noise_robustness_v1_20/splits/feynman_interaction__noise_0__seed_0/val_noisy.csv,data/noise_robustness_v1_20/splits/feynman_interaction__noise_0__seed_0/test_clean.csv,data/noise_robustness_v1_20/splits/feynman_interaction__noise_0__seed_0/train_clean.csv,data/noise_robustness_v1_20/splits/feynman_interaction__noise_0__seed_0/val_clean.csv,data/noise_robustness_v1_20/splits/feynman_interaction__noise_0__seed_0
47,feynman_interaction__noise_0__seed_1,feynman_interaction,Feynman,feynman_interaction_noise_0,feynman_interaction,interaction,x1*x2 + 0.25*x3**2,x1|x2|x3,x1|x2|x3,0.0,relative_gaussian_y_train_val,1,512,256,1024,0.0,0.0,data/noise_robustness_v1_20/splits/feynman_interaction__noise_0__seed_1/train_noisy.csv,data/noise_robustness_v1_20/splits/feynman_interaction__noise_0__seed_1/val_noisy.csv,data/noise_robustness_v1_20/splits/feynman_interaction__noise_0__seed_1/test_clean.csv,data/noise_robustness_v1_20/splits/feynman_interaction__noise_0__seed_1/train_clean.csv,data/noise_robustness_v1_20/splits/feynman_interaction__noise_0__seed_1/val_clean.csv,data/noise_robustness_v1_20/splits/feynman_interaction__noise_0__seed_1
48,feynman_interaction__noise_0__seed_2,feynman_interaction,Feynman,feynman_interaction_noise_0,feynman_interaction,interaction,x1*x2 + 0.25*x3**2,x1|x2|x3,x1|x2|x3,0.0,relative_gaussian_y_train_val,2,512,256,1024,0.0,0.0,data/noise_robustness_v1_20/splits/feynman_interaction__noise_0__seed_2/train_noisy.csv,data/noise_robustness_v1_20/splits/feynman_interaction__noise_0__seed_2/val_noisy.csv,data/noise_robustness_v1_20/splits/feynman_interaction__noise_0__seed_2/test_clean.csv,data/noise_robustness_v1_20/splits/feynman_interaction__noise_0__seed_2/train_clean.csv,data/noise_robustness_v1_20/splits/feynman_interaction__noise_0__seed_2/val_clean.csv,data/noise_robustness_v1_20/splits/feynman_interaction__noise_0__seed_2
49,feynman_interaction__noise_0.001__seed_0,feynman_interaction,Feynman,feynman_interaction_noise_0.001,feynman_interaction,interaction,x1*x2 + 0.25*x3**2,x1|x2|x3,x1|x2|x3,0.001,relative_gaussian_y_train_val,0,512,256,1024,0.0013307041948291578,0.0013175731782127137,data/noise_robustness_v1_20/splits/feynman_interaction__noise_0.001__seed_0/train_noisy.csv,data/noise_robustness_v1_20/splits/feynman_interaction__noise_0.001__seed_0/val_noisy.csv,data/noise_robustness_v1_20/splits/feynman_interaction__noise_0.001__seed_0/test_clean.csv,data/noise_robustness_v1_20/splits/feynman_interaction__noise_0.001__seed_0/train_clean.csv,data/noise_robustness_v1_20/splits/feynman_interaction__noise_0.001__seed_0/val_clean.csv,data/noise_robustness_v1_20/splits/feynman_interaction__noise_0.001__seed_0
50,feynman_interaction__noise_0.001__seed_1,feynman_interaction,Feynman,feynman_interaction_noise_0.001,feynman_interaction,interaction,x1*x2 + 0.25*x3**2,x1|x2|x3,x1|x2|x3,0.001,relative_gaussian_y_train_val,1,512,256,1024,0.001440583997271073,0.001380927272659268,data/noise_robustness_v1_20/splits/feynman_interaction__noise_0.001__seed_1/train_noisy.csv,data/noise_robustness_v1_20/splits/feynman_interaction__noise_0.001__seed_1/val_noisy.csv,data/noise_robustness_v1_20/splits/feynman_interaction__noise_0.001__seed_1/test_clean.csv,data/noise_robustness_v1_20/splits/feynman_interaction__noise_0.001__seed_1/train_clean.csv,data/noise_robustness_v1_20/splits/feynman_interaction__noise_0.001__seed_1/val_clean.csv,data/noise_robustness_v1_20/splits/feynman_interaction__noise_0.001__seed_1
51,feynman_interaction__noise_0.001__seed_2,feynman_interaction,Feynman,feynman_interaction_noise_0.001,feynman_interaction,interaction,x1*x2 + 0.25*x3**2,x1|x2|x3,x1|x2|x3,0.001,relative_gaussian_y_train_val,2,512,256,1024,0.001395282922024514,0.0013391329039780257,data/noise_robustness_v1_20/splits/feynman_interaction__noise_0.001__seed_2/train_noisy.csv,data/noise_robustness_v1_20/splits/feynman_interaction__noise_0.001__seed_2/val_noisy.csv,data/noise_robustness_v1_20/splits/feynman_interaction__noise_0.001__seed_2/test_clean.csv,data/noise_robustness_v1_20/splits/feynman_interaction__noise_0.001__seed_2/train_clean.csv,data/noise_robustness_v1_20/splits/feynman_interaction__noise_0.001__seed_2/val_clean.csv,data/noise_robustness_v1_20/splits/feynman_interaction__noise_0.001__seed_2
52,feynman_interaction__noise_0.01__seed_0,feynman_interaction,Feynman,feynman_interaction_noise_0.01,feynman_interaction,interaction,x1*x2 + 0.25*x3**2,x1|x2|x3,x1|x2|x3,0.01,relative_gaussian_y_train_val,0,512,256,1024,0.014090381150819396,0.013469005038815145,data/noise_robustness_v1_20/splits/feynman_interaction__noise_0.01__seed_0/train_noisy.csv,data/noise_robustness_v1_20/splits/feynman_interaction__noise_0.01__seed_0/val_noisy.csv,data/noise_robustness_v1_20/splits/feynman_interaction__noise_0.01__seed_0/test_clean.csv,data/noise_robustness_v1_20/splits/feynman_interaction__noise_0.01__seed_0/train_clean.csv,data/noise_robustness_v1_20/splits/feynman_interaction__noise_0.01__seed_0/val_clean.csv,data/noise_robustness_v1_20/splits/feynman_interaction__noise_0.01__seed_0
53,feynman_interaction__noise_0.01__seed_1,feynman_interaction,Feynman,feynman_interaction_noise_0.01,feynman_interaction,interaction,x1*x2 + 0.25*x3**2,x1|x2|x3,x1|x2|x3,0.01,relative_gaussian_y_train_val,1,512,256,1024,0.013634186698291573,0.014341149412841075,data/noise_robustness_v1_20/splits/feynman_interaction__noise_0.01__seed_1/train_noisy.csv,data/noise_robustness_v1_20/splits/feynman_interaction__noise_0.01__seed_1/val_noisy.csv,data/noise_robustness_v1_20/splits/feynman_interaction__noise_0.01__seed_1/test_clean.csv,data/noise_robustness_v1_20/splits/feynman_interaction__noise_0.01__seed_1/train_clean.csv,data/noise_robustness_v1_20/splits/feynman_interaction__noise_0.01__seed_1/val_clean.csv,data/noise_robustness_v1_20/splits/feynman_interaction__noise_0.01__seed_1
54,feynman_interaction__noise_0.01__seed_2,feynman_interaction,Feynman,feynman_interaction_noise_0.01,feynman_interaction,interaction,x1*x2 + 0.25*x3**2,x1|x2|x3,x1|x2|x3,0.01,relative_gaussian_y_train_val,2,512,256,1024,0.013475842654482588,0.012127957599023256,data/noise_robustness_v1_20/splits/feynman_interaction__noise_0.01__seed_2/train_noisy.csv,data/noise_robustness_v1_20/splits/feynman_interaction__noise_0.01__seed_2/val_noisy.csv,data/noise_robustness_v1_20/splits/feynman_interaction__noise_0.01__seed_2/test_clean.csv,data/noise_robustness_v1_20/splits/feynman_interaction__noise_0.01__seed_2/train_clean.csv,data/noise_robustness_v1_20/splits/feynman_interaction__noise_0.01__seed_2/val_clean.csv,data/noise_robustness_v1_20/splits/feynman_interaction__noise_0.01__seed_2
55,feynman_interaction__noise_0.05__seed_0,feynman_interaction,Feynman,feynman_interaction_noise_0.05,feynman_interaction,interaction,x1*x2 + 0.25*x3**2,x1|x2|x3,x1|x2|x3,0.05,relative_gaussian_y_train_val,0,512,256,1024,0.06686756284686524,0.06475446918877353,data/noise_robustness_v1_20/splits/feynman_interaction__noise_0.05__seed_0/train_noisy.csv,data/noise_robustness_v1_20/splits/feynman_interaction__noise_0.05__seed_0/val_noisy.csv,data/noise_robustness_v1_20/splits/feynman_interaction__noise_0.05__seed_0/test_clean.csv,data/noise_robustness_v1_20/splits/feynman_interaction__noise_0.05__seed_0/train_clean.csv,data/noise_robustness_v1_20/splits/feynman_interaction__noise_0.05__seed_0/val_clean.csv,data/noise_robustness_v1_20/splits/feynman_interaction__noise_0.05__seed_0
56,feynman_interaction__noise_0.05__seed_1,feynman_interaction,Feynman,feynman_interaction_noise_0.05,feynman_interaction,interaction,x1*x2 + 0.25*x3**2,x1|x2|x3,x1|x2|x3,0.05,relative_gaussian_y_train_val,1,512,256,1024,0.06549322772187863,0.0645498520136118,data/noise_robustness_v1_20/splits/feynman_interaction__noise_0.05__seed_1/train_noisy.csv,data/noise_robustness_v1_20/splits/feynman_interaction__noise_0.05__seed_1/val_noisy.csv,data/noise_robustness_v1_20/splits/feynman_interaction__noise_0.05__seed_1/test_clean.csv,data/noise_robustness_v1_20/splits/feynman_interaction__noise_0.05__seed_1/train_clean.csv,data/noise_robustness_v1_20/splits/feynman_interaction__noise_0.05__seed_1/val_clean.csv,data/noise_robustness_v1_20/splits/feynman_interaction__noise_0.05__seed_1
57,feynman_interaction__noise_0.05__seed_2,feynman_interaction,Feynman,feynman_interaction_noise_0.05,feynman_interaction,interaction,x1*x2 + 0.25*x3**2,x1|x2|x3,x1|x2|x3,0.05,relative_gaussian_y_train_val,2,512,256,1024,0.06569094097580135,0.06630511566660591,data/noise_robustness_v1_20/splits/feynman_interaction__noise_0.05__seed_2/train_noisy.csv,data/noise_robustness_v1_20/splits/feynman_interaction__noise_0.05__seed_2/val_noisy.csv,data/noise_robustness_v1_20/splits/feynman_interaction__noise_0.05__seed_2/test_clean.csv,data/noise_robustness_v1_20/splits/feynman_interaction__noise_0.05__seed_2/train_clean.csv,data/noise_robustness_v1_20/splits/feynman_interaction__noise_0.05__seed_2/val_clean.csv,data/noise_robustness_v1_20/splits/feynman_interaction__noise_0.05__seed_2
58,feynman_interaction__noise_0.1__seed_0,feynman_interaction,Feynman,feynman_interaction_noise_0.1,feynman_interaction,interaction,x1*x2 + 0.25*x3**2,x1|x2|x3,x1|x2|x3,0.1,relative_gaussian_y_train_val,0,512,256,1024,0.13314089434206053,0.14143014653965172,data/noise_robustness_v1_20/splits/feynman_interaction__noise_0.1__seed_0/train_noisy.csv,data/noise_robustness_v1_20/splits/feynman_interaction__noise_0.1__seed_0/val_noisy.csv,data/noise_robustness_v1_20/splits/feynman_interaction__noise_0.1__seed_0/test_clean.csv,data/noise_robustness_v1_20/splits/feynman_interaction__noise_0.1__seed_0/train_clean.csv,data/noise_robustness_v1_20/splits/feynman_interaction__noise_0.1__seed_0/val_clean.csv,data/noise_robustness_v1_20/splits/feynman_interaction__noise_0.1__seed_0
59,feynman_interaction__noise_0.1__seed_1,feynman_interaction,Feynman,feynman_interaction_noise_0.1,feynman_interaction,interaction,x1*x2 + 0.25*x3**2,x1|x2|x3,x1|x2|x3,0.1,relative_gaussian_y_train_val,1,512,256,1024,0.13437244241439741,0.13665952852632898,data/noise_robustness_v1_20/splits/feynman_interaction__noise_0.1__seed_1/train_noisy.csv,data/noise_robustness_v1_20/splits/feynman_interaction__noise_0.1__seed_1/val_noisy.csv,data/noise_robustness_v1_20/splits/feynman_interaction__noise_0.1__seed_1/test_clean.csv,data/noise_robustness_v1_20/splits/feynman_interaction__noise_0.1__seed_1/train_clean.csv,data/noise_robustness_v1_20/splits/feynman_interaction__noise_0.1__seed_1/val_clean.csv,data/noise_robustness_v1_20/splits/feynman_interaction__noise_0.1__seed_1
60,feynman_interaction__noise_0.1__seed_2,feynman_interaction,Feynman,feynman_interaction_noise_0.1,feynman_interaction,interaction,x1*x2 + 0.25*x3**2,x1|x2|x3,x1|x2|x3,0.1,relative_gaussian_y_train_val,2,512,256,1024,0.13768051280377377,0.1398831332542197,data/noise_robustness_v1_20/splits/feynman_interaction__noise_0.1__seed_2/train_noisy.csv,data/noise_robustness_v1_20/splits/feynman_interaction__noise_0.1__seed_2/val_noisy.csv,data/noise_robustness_v1_20/splits/feynman_interaction__noise_0.1__seed_2/test_clean.csv,data/noise_robustness_v1_20/splits/feynman_interaction__noise_0.1__seed_2/train_clean.csv,data/noise_robustness_v1_20/splits/feynman_interaction__noise_0.1__seed_2/val_clean.csv,data/noise_robustness_v1_20/splits/feynman_interaction__noise_0.1__seed_2
61,srsd_exp_log__noise_0__seed_0,srsd_exp_log,SRSD,srsd_exp_log_noise_0,srsd_exp_log,exp_log,exp(0.3*x1) + log(abs(x2) + 2.0),x1|x2,x1|x2,0.0,relative_gaussian_y_train_val,0,512,256,1024,0.0,0.0,data/noise_robustness_v1_20/splits/srsd_exp_log__noise_0__seed_0/train_noisy.csv,data/noise_robustness_v1_20/splits/srsd_exp_log__noise_0__seed_0/val_noisy.csv,data/noise_robustness_v1_20/splits/srsd_exp_log__noise_0__seed_0/test_clean.csv,data/noise_robustness_v1_20/splits/srsd_exp_log__noise_0__seed_0/train_clean.csv,data/noise_robustness_v1_20/splits/srsd_exp_log__noise_0__seed_0/val_clean.csv,data/noise_robustness_v1_20/splits/srsd_exp_log__noise_0__seed_0
62,srsd_exp_log__noise_0__seed_1,srsd_exp_log,SRSD,srsd_exp_log_noise_0,srsd_exp_log,exp_log,exp(0.3*x1) + log(abs(x2) + 2.0),x1|x2,x1|x2,0.0,relative_gaussian_y_train_val,1,512,256,1024,0.0,0.0,data/noise_robustness_v1_20/splits/srsd_exp_log__noise_0__seed_1/train_noisy.csv,data/noise_robustness_v1_20/splits/srsd_exp_log__noise_0__seed_1/val_noisy.csv,data/noise_robustness_v1_20/splits/srsd_exp_log__noise_0__seed_1/test_clean.csv,data/noise_robustness_v1_20/splits/srsd_exp_log__noise_0__seed_1/train_clean.csv,data/noise_robustness_v1_20/splits/srsd_exp_log__noise_0__seed_1/val_clean.csv,data/noise_robustness_v1_20/splits/srsd_exp_log__noise_0__seed_1
63,srsd_exp_log__noise_0__seed_2,srsd_exp_log,SRSD,srsd_exp_log_noise_0,srsd_exp_log,exp_log,exp(0.3*x1) + log(abs(x2) + 2.0),x1|x2,x1|x2,0.0,relative_gaussian_y_train_val,2,512,256,1024,0.0,0.0,data/noise_robustness_v1_20/splits/srsd_exp_log__noise_0__seed_2/train_noisy.csv,data/noise_robustness_v1_20/splits/srsd_exp_log__noise_0__seed_2/val_noisy.csv,data/noise_robustness_v1_20/splits/srsd_exp_log__noise_0__seed_2/test_clean.csv,data/noise_robustness_v1_20/splits/srsd_exp_log__noise_0__seed_2/train_clean.csv,data/noise_robustness_v1_20/splits/srsd_exp_log__noise_0__seed_2/val_clean.csv,data/noise_robustness_v1_20/splits/srsd_exp_log__noise_0__seed_2
64,srsd_exp_log__noise_0.001__seed_0,srsd_exp_log,SRSD,srsd_exp_log_noise_0.001,srsd_exp_log,exp_log,exp(0.3*x1) + log(abs(x2) + 2.0),x1|x2,x1|x2,0.001,relative_gaussian_y_train_val,0,512,256,1024,0.00040239335910248936,0.00042623613796904247,data/noise_robustness_v1_20/splits/srsd_exp_log__noise_0.001__seed_0/train_noisy.csv,data/noise_robustness_v1_20/splits/srsd_exp_log__noise_0.001__seed_0/val_noisy.csv,data/noise_robustness_v1_20/splits/srsd_exp_log__noise_0.001__seed_0/test_clean.csv,data/noise_robustness_v1_20/splits/srsd_exp_log__noise_0.001__seed_0/train_clean.csv,data/noise_robustness_v1_20/splits/srsd_exp_log__noise_0.001__seed_0/val_clean.csv,data/noise_robustness_v1_20/splits/srsd_exp_log__noise_0.001__seed_0
65,srsd_exp_log__noise_0.001__seed_1,srsd_exp_log,SRSD,srsd_exp_log_noise_0.001,srsd_exp_log,exp_log,exp(0.3*x1) + log(abs(x2) + 2.0),x1|x2,x1|x2,0.001,relative_gaussian_y_train_val,1,512,256,1024,0.0004056612907246026,0.00042687568050353374,data/noise_robustness_v1_20/splits/srsd_exp_log__noise_0.001__seed_1/train_noisy.csv,data/noise_robustness_v1_20/splits/srsd_exp_log__noise_0.001__seed_1/val_noisy.csv,data/noise_robustness_v1_20/splits/srsd_exp_log__noise_0.001__seed_1/test_clean.csv,data/noise_robustness_v1_20/splits/srsd_exp_log__noise_0.001__seed_1/train_clean.csv,data/noise_robustness_v1_20/splits/srsd_exp_log__noise_0.001__seed_1/val_clean.csv,data/noise_robustness_v1_20/splits/srsd_exp_log__noise_0.001__seed_1
66,srsd_exp_log__noise_0.001__seed_2,srsd_exp_log,SRSD,srsd_exp_log_noise_0.001,srsd_exp_log,exp_log,exp(0.3*x1) + log(abs(x2) + 2.0),x1|x2,x1|x2,0.001,relative_gaussian_y_train_val,2,512,256,1024,0.00041319804974009755,0.00039311506916537653,data/noise_robustness_v1_20/splits/srsd_exp_log__noise_0.001__seed_2/train_noisy.csv,data/noise_robustness_v1_20/splits/srsd_exp_log__noise_0.001__seed_2/val_noisy.csv,data/noise_robustness_v1_20/splits/srsd_exp_log__noise_0.001__seed_2/test_clean.csv,data/noise_robustness_v1_20/splits/srsd_exp_log__noise_0.001__seed_2/train_clean.csv,data/noise_robustness_v1_20/splits/srsd_exp_log__noise_0.001__seed_2/val_clean.csv,data/noise_robustness_v1_20/splits/srsd_exp_log__noise_0.001__seed_2
67,srsd_exp_log__noise_0.01__seed_0,srsd_exp_log,SRSD,srsd_exp_log_noise_0.01,srsd_exp_log,exp_log,exp(0.3*x1) + log(abs(x2) + 2.0),x1|x2,x1|x2,0.01,relative_gaussian_y_train_val,0,512,256,1024,0.004233988749999109,0.003855086975780742,data/noise_robustness_v1_20/splits/srsd_exp_log__noise_0.01__seed_0/train_noisy.csv,data/noise_robustness_v1_20/splits/srsd_exp_log__noise_0.01__seed_0/val_noisy.csv,data/noise_robustness_v1_20/splits/srsd_exp_log__noise_0.01__seed_0/test_clean.csv,data/noise_robustness_v1_20/splits/srsd_exp_log__noise_0.01__seed_0/train_clean.csv,data/noise_robustness_v1_20/splits/srsd_exp_log__noise_0.01__seed_0/val_clean.csv,data/noise_robustness_v1_20/splits/srsd_exp_log__noise_0.01__seed_0
68,srsd_exp_log__noise_0.01__seed_1,srsd_exp_log,SRSD,srsd_exp_log_noise_0.01,srsd_exp_log,exp_log,exp(0.3*x1) + log(abs(x2) + 2.0),x1|x2,x1|x2,0.01,relative_gaussian_y_train_val,1,512,256,1024,0.004161709866870899,0.004038958301899424,data/noise_robustness_v1_20/splits/srsd_exp_log__noise_0.01__seed_1/train_noisy.csv,data/noise_robustness_v1_20/splits/srsd_exp_log__noise_0.01__seed_1/val_noisy.csv,data/noise_robustness_v1_20/splits/srsd_exp_log__noise_0.01__seed_1/test_clean.csv,data/noise_robustness_v1_20/splits/srsd_exp_log__noise_0.01__seed_1/train_clean.csv,data/noise_robustness_v1_20/splits/srsd_exp_log__noise_0.01__seed_1/val_clean.csv,data/noise_robustness_v1_20/splits/srsd_exp_log__noise_0.01__seed_1
69,srsd_exp_log__noise_0.01__seed_2,srsd_exp_log,SRSD,srsd_exp_log_noise_0.01,srsd_exp_log,exp_log,exp(0.3*x1) + log(abs(x2) + 2.0),x1|x2,x1|x2,0.01,relative_gaussian_y_train_val,2,512,256,1024,0.004320742627985385,0.004185921726452711,data/noise_robustness_v1_20/splits/srsd_exp_log__noise_0.01__seed_2/train_noisy.csv,data/noise_robustness_v1_20/splits/srsd_exp_log__noise_0.01__seed_2/val_noisy.csv,data/noise_robustness_v1_20/splits/srsd_exp_log__noise_0.01__seed_2/test_clean.csv,data/noise_robustness_v1_20/splits/srsd_exp_log__noise_0.01__seed_2/train_clean.csv,data/noise_robustness_v1_20/splits/srsd_exp_log__noise_0.01__seed_2/val_clean.csv,data/noise_robustness_v1_20/splits/srsd_exp_log__noise_0.01__seed_2
70,srsd_exp_log__noise_0.05__seed_0,srsd_exp_log,SRSD,srsd_exp_log_noise_0.05,srsd_exp_log,exp_log,exp(0.3*x1) + log(abs(x2) + 2.0),x1|x2,x1|x2,0.05,relative_gaussian_y_train_val,0,512,256,1024,0.020673270226522038,0.020012069578052908,data/noise_robustness_v1_20/splits/srsd_exp_log__noise_0.05__seed_0/train_noisy.csv,data/noise_robustness_v1_20/splits/srsd_exp_log__noise_0.05__seed_0/val_noisy.csv,data/noise_robustness_v1_20/splits/srsd_exp_log__noise_0.05__seed_0/test_clean.csv,data/noise_robustness_v1_20/splits/srsd_exp_log__noise_0.05__seed_0/train_clean.csv,data/noise_robustness_v1_20/splits/srsd_exp_log__noise_0.05__seed_0/val_clean.csv,data/noise_robustness_v1_20/splits/srsd_exp_log__noise_0.05__seed_0
71,srsd_exp_log__noise_0.05__seed_1,srsd_exp_log,SRSD,srsd_exp_log_noise_0.05,srsd_exp_log,exp_log,exp(0.3*x1) + log(abs(x2) + 2.0),x1|x2,x1|x2,0.05,relative_gaussian_y_train_val,1,512,256,1024,0.020890335333149233,0.020120592051056468,data/noise_robustness_v1_20/splits/srsd_exp_log__noise_0.05__seed_1/train_noisy.csv,data/noise_robustness_v1_20/splits/srsd_exp_log__noise_0.05__seed_1/val_noisy.csv,data/noise_robustness_v1_20/splits/srsd_exp_log__noise_0.05__seed_1/test_clean.csv,data/noise_robustness_v1_20/splits/srsd_exp_log__noise_0.05__seed_1/train_clean.csv,data/noise_robustness_v1_20/splits/srsd_exp_log__noise_0.05__seed_1/val_clean.csv,data/noise_robustness_v1_20/splits/srsd_exp_log__noise_0.05__seed_1
72,srsd_exp_log__noise_0.05__seed_2,srsd_exp_log,SRSD,srsd_exp_log_noise_0.05,srsd_exp_log,exp_log,exp(0.3*x1) + log(abs(x2) + 2.0),x1|x2,x1|x2,0.05,relative_gaussian_y_train_val,2,512,256,1024,0.021537070839684747,0.02136971566357496,data/noise_robustness_v1_20/splits/srsd_exp_log__noise_0.05__seed_2/train_noisy.csv,data/noise_robustness_v1_20/splits/srsd_exp_log__noise_0.05__seed_2/val_noisy.csv,data/noise_robustness_v1_20/splits/srsd_exp_log__noise_0.05__seed_2/test_clean.csv,data/noise_robustness_v1_20/splits/srsd_exp_log__noise_0.05__seed_2/train_clean.csv,data/noise_robustness_v1_20/splits/srsd_exp_log__noise_0.05__seed_2/val_clean.csv,data/noise_robustness_v1_20/splits/srsd_exp_log__noise_0.05__seed_2
73,srsd_exp_log__noise_0.1__seed_0,srsd_exp_log,SRSD,srsd_exp_log_noise_0.1,srsd_exp_log,exp_log,exp(0.3*x1) + log(abs(x2) + 2.0),x1|x2,x1|x2,0.1,relative_gaussian_y_train_val,0,512,256,1024,0.040251707063831695,0.04275501110282216,data/noise_robustness_v1_20/splits/srsd_exp_log__noise_0.1__seed_0/train_noisy.csv,data/noise_robustness_v1_20/splits/srsd_exp_log__noise_0.1__seed_0/val_noisy.csv,data/noise_robustness_v1_20/splits/srsd_exp_log__noise_0.1__seed_0/test_clean.csv,data/noise_robustness_v1_20/splits/srsd_exp_log__noise_0.1__seed_0/train_clean.csv,data/noise_robustness_v1_20/splits/srsd_exp_log__noise_0.1__seed_0/val_clean.csv,data/noise_robustness_v1_20/splits/srsd_exp_log__noise_0.1__seed_0
74,srsd_exp_log__noise_0.1__seed_1,srsd_exp_log,SRSD,srsd_exp_log_noise_0.1,srsd_exp_log,exp_log,exp(0.3*x1) + log(abs(x2) + 2.0),x1|x2,x1|x2,0.1,relative_gaussian_y_train_val,1,512,256,1024,0.041641954196121655,0.04203998949210891,data/noise_robustness_v1_20/splits/srsd_exp_log__noise_0.1__seed_1/train_noisy.csv,data/noise_robustness_v1_20/splits/srsd_exp_log__noise_0.1__seed_1/val_noisy.csv,data/noise_robustness_v1_20/splits/srsd_exp_log__noise_0.1__seed_1/test_clean.csv,data/noise_robustness_v1_20/splits/srsd_exp_log__noise_0.1__seed_1/train_clean.csv,data/noise_robustness_v1_20/splits/srsd_exp_log__noise_0.1__seed_1/val_clean.csv,data/noise_robustness_v1_20/splits/srsd_exp_log__noise_0.1__seed_1
75,srsd_exp_log__noise_0.1__seed_2,srsd_exp_log,SRSD,srsd_exp_log_noise_0.1,srsd_exp_log,exp_log,exp(0.3*x1) + log(abs(x2) + 2.0),x1|x2,x1|x2,0.1,relative_gaussian_y_train_val,2,512,256,1024,0.04262436475729495,0.03947504038823145,data/noise_robustness_v1_20/splits/srsd_exp_log__noise_0.1__seed_2/train_noisy.csv,data/noise_robustness_v1_20/splits/srsd_exp_log__noise_0.1__seed_2/val_noisy.csv,data/noise_robustness_v1_20/splits/srsd_exp_log__noise_0.1__seed_2/test_clean.csv,data/noise_robustness_v1_20/splits/srsd_exp_log__noise_0.1__seed_2/train_clean.csv,data/noise_robustness_v1_20/splits/srsd_exp_log__noise_0.1__seed_2/val_clean.csv,data/noise_robustness_v1_20/splits/srsd_exp_log__noise_0.1__seed_2
76,srsd_nested__noise_0__seed_0,srsd_nested,SRSD,srsd_nested_noise_0,srsd_nested,function_composition,sin(x1*x2)/(1 + x3**2),x1|x2|x3,x1|x2|x3,0.0,relative_gaussian_y_train_val,0,512,256,1024,0.0,0.0,data/noise_robustness_v1_20/splits/srsd_nested__noise_0__seed_0/train_noisy.csv,data/noise_robustness_v1_20/splits/srsd_nested__noise_0__seed_0/val_noisy.csv,data/noise_robustness_v1_20/splits/srsd_nested__noise_0__seed_0/test_clean.csv,data/noise_robustness_v1_20/splits/srsd_nested__noise_0__seed_0/train_clean.csv,data/noise_robustness_v1_20/splits/srsd_nested__noise_0__seed_0/val_clean.csv,data/noise_robustness_v1_20/splits/srsd_nested__noise_0__seed_0
77,srsd_nested__noise_0__seed_1,srsd_nested,SRSD,srsd_nested_noise_0,srsd_nested,function_composition,sin(x1*x2)/(1 + x3**2),x1|x2|x3,x1|x2|x3,0.0,relative_gaussian_y_train_val,1,512,256,1024,0.0,0.0,data/noise_robustness_v1_20/splits/srsd_nested__noise_0__seed_1/train_noisy.csv,data/noise_robustness_v1_20/splits/srsd_nested__noise_0__seed_1/val_noisy.csv,data/noise_robustness_v1_20/splits/srsd_nested__noise_0__seed_1/test_clean.csv,data/noise_robustness_v1_20/splits/srsd_nested__noise_0__seed_1/train_clean.csv,data/noise_robustness_v1_20/splits/srsd_nested__noise_0__seed_1/val_clean.csv,data/noise_robustness_v1_20/splits/srsd_nested__noise_0__seed_1
78,srsd_nested__noise_0__seed_2,srsd_nested,SRSD,srsd_nested_noise_0,srsd_nested,function_composition,sin(x1*x2)/(1 + x3**2),x1|x2|x3,x1|x2|x3,0.0,relative_gaussian_y_train_val,2,512,256,1024,0.0,0.0,data/noise_robustness_v1_20/splits/srsd_nested__noise_0__seed_2/train_noisy.csv,data/noise_robustness_v1_20/splits/srsd_nested__noise_0__seed_2/val_noisy.csv,data/noise_robustness_v1_20/splits/srsd_nested__noise_0__seed_2/test_clean.csv,data/noise_robustness_v1_20/splits/srsd_nested__noise_0__seed_2/train_clean.csv,data/noise_robustness_v1_20/splits/srsd_nested__noise_0__seed_2/val_clean.csv,data/noise_robustness_v1_20/splits/srsd_nested__noise_0__seed_2
79,srsd_nested__noise_0.001__seed_0,srsd_nested,SRSD,srsd_nested_noise_0.001,srsd_nested,function_composition,sin(x1*x2)/(1 + x3**2),x1|x2|x3,x1|x2|x3,0.001,relative_gaussian_y_train_val,0,512,256,1024,0.0003974105870781814,0.00039608628208116195,data/noise_robustness_v1_20/splits/srsd_nested__noise_0.001__seed_0/train_noisy.csv,data/noise_robustness_v1_20/splits/srsd_nested__noise_0.001__seed_0/val_noisy.csv,data/noise_robustness_v1_20/splits/srsd_nested__noise_0.001__seed_0/test_clean.csv,data/noise_robustness_v1_20/splits/srsd_nested__noise_0.001__seed_0/train_clean.csv,data/noise_robustness_v1_20/splits/srsd_nested__noise_0.001__seed_0/val_clean.csv,data/noise_robustness_v1_20/splits/srsd_nested__noise_0.001__seed_0
80,srsd_nested__noise_0.001__seed_1,srsd_nested,SRSD,srsd_nested_noise_0.001,srsd_nested,function_composition,sin(x1*x2)/(1 + x3**2),x1|x2|x3,x1|x2|x3,0.001,relative_gaussian_y_train_val,1,512,256,1024,0.00038814066955250673,0.00038267658698245226,data/noise_robustness_v1_20/splits/srsd_nested__noise_0.001__seed_1/train_noisy.csv,data/noise_robustness_v1_20/splits/srsd_nested__noise_0.001__seed_1/val_noisy.csv,data/noise_robustness_v1_20/splits/srsd_nested__noise_0.001__seed_1/test_clean.csv,data/noise_robustness_v1_20/splits/srsd_nested__noise_0.001__seed_1/train_clean.csv,data/noise_robustness_v1_20/splits/srsd_nested__noise_0.001__seed_1/val_clean.csv,data/noise_robustness_v1_20/splits/srsd_nested__noise_0.001__seed_1
81,srsd_nested__noise_0.001__seed_2,srsd_nested,SRSD,srsd_nested_noise_0.001,srsd_nested,function_composition,sin(x1*x2)/(1 + x3**2),x1|x2|x3,x1|x2|x3,0.001,relative_gaussian_y_train_val,2,512,256,1024,0.0003921294940714264,0.00039170481119275434,data/noise_robustness_v1_20/splits/srsd_nested__noise_0.001__seed_2/train_noisy.csv,data/noise_robustness_v1_20/splits/srsd_nested__noise_0.001__seed_2/val_noisy.csv,data/noise_robustness_v1_20/splits/srsd_nested__noise_0.001__seed_2/test_clean.csv,data/noise_robustness_v1_20/splits/srsd_nested__noise_0.001__seed_2/train_clean.csv,data/noise_robustness_v1_20/splits/srsd_nested__noise_0.001__seed_2/val_clean.csv,data/noise_robustness_v1_20/splits/srsd_nested__noise_0.001__seed_2
82,srsd_nested__noise_0.01__seed_0,srsd_nested,SRSD,srsd_nested_noise_0.01,srsd_nested,function_composition,sin(x1*x2)/(1 + x3**2),x1|x2|x3,x1|x2|x3,0.01,relative_gaussian_y_train_val,0,512,256,1024,0.003652554330608084,0.004182087617328918,data/noise_robustness_v1_20/splits/srsd_nested__noise_0.01__seed_0/train_noisy.csv,data/noise_robustness_v1_20/splits/srsd_nested__noise_0.01__seed_0/val_noisy.csv,data/noise_robustness_v1_20/splits/srsd_nested__noise_0.01__seed_0/test_clean.csv,data/noise_robustness_v1_20/splits/srsd_nested__noise_0.01__seed_0/train_clean.csv,data/noise_robustness_v1_20/splits/srsd_nested__noise_0.01__seed_0/val_clean.csv,data/noise_robustness_v1_20/splits/srsd_nested__noise_0.01__seed_0
83,srsd_nested__noise_0.01__seed_1,srsd_nested,SRSD,srsd_nested_noise_0.01,srsd_nested,function_composition,sin(x1*x2)/(1 + x3**2),x1|x2|x3,x1|x2|x3,0.01,relative_gaussian_y_train_val,1,512,256,1024,0.003861917627250317,0.0038500126577319443,data/noise_robustness_v1_20/splits/srsd_nested__noise_0.01__seed_1/train_noisy.csv,data/noise_robustness_v1_20/splits/srsd_nested__noise_0.01__seed_1/val_noisy.csv,data/noise_robustness_v1_20/splits/srsd_nested__noise_0.01__seed_1/test_clean.csv,data/noise_robustness_v1_20/splits/srsd_nested__noise_0.01__seed_1/train_clean.csv,data/noise_robustness_v1_20/splits/srsd_nested__noise_0.01__seed_1/val_clean.csv,data/noise_robustness_v1_20/splits/srsd_nested__noise_0.01__seed_1
84,srsd_nested__noise_0.01__seed_2,srsd_nested,SRSD,srsd_nested_noise_0.01,srsd_nested,function_composition,sin(x1*x2)/(1 + x3**2),x1|x2|x3,x1|x2|x3,0.01,relative_gaussian_y_train_val,2,512,256,1024,0.0039527344843535706,0.0037149409657158262,data/noise_robustness_v1_20/splits/srsd_nested__noise_0.01__seed_2/train_noisy.csv,data/noise_robustness_v1_20/splits/srsd_nested__noise_0.01__seed_2/val_noisy.csv,data/noise_robustness_v1_20/splits/srsd_nested__noise_0.01__seed_2/test_clean.csv,data/noise_robustness_v1_20/splits/srsd_nested__noise_0.01__seed_2/train_clean.csv,data/noise_robustness_v1_20/splits/srsd_nested__noise_0.01__seed_2/val_clean.csv,data/noise_robustness_v1_20/splits/srsd_nested__noise_0.01__seed_2
85,srsd_nested__noise_0.05__seed_0,srsd_nested,SRSD,srsd_nested_noise_0.05,srsd_nested,function_composition,sin(x1*x2)/(1 + x3**2),x1|x2|x3,x1|x2|x3,0.05,relative_gaussian_y_train_val,0,512,256,1024,0.019587772807666687,0.017958438217338436,data/noise_robustness_v1_20/splits/srsd_nested__noise_0.05__seed_0/train_noisy.csv,data/noise_robustness_v1_20/splits/srsd_nested__noise_0.05__seed_0/val_noisy.csv,data/noise_robustness_v1_20/splits/srsd_nested__noise_0.05__seed_0/test_clean.csv,data/noise_robustness_v1_20/splits/srsd_nested__noise_0.05__seed_0/train_clean.csv,data/noise_robustness_v1_20/splits/srsd_nested__noise_0.05__seed_0/val_clean.csv,data/noise_robustness_v1_20/splits/srsd_nested__noise_0.05__seed_0
86,srsd_nested__noise_0.05__seed_1,srsd_nested,SRSD,srsd_nested_noise_0.05,srsd_nested,function_composition,sin(x1*x2)/(1 + x3**2),x1|x2|x3,x1|x2|x3,0.05,relative_gaussian_y_train_val,1,512,256,1024,0.020426124890276162,0.020242312120317702,data/noise_robustness_v1_20/splits/srsd_nested__noise_0.05__seed_1/train_noisy.csv,data/noise_robustness_v1_20/splits/srsd_nested__noise_0.05__seed_1/val_noisy.csv,data/noise_robustness_v1_20/splits/srsd_nested__noise_0.05__seed_1/test_clean.csv,data/noise_robustness_v1_20/splits/srsd_nested__noise_0.05__seed_1/train_clean.csv,data/noise_robustness_v1_20/splits/srsd_nested__noise_0.05__seed_1/val_clean.csv,data/noise_robustness_v1_20/splits/srsd_nested__noise_0.05__seed_1
87,srsd_nested__noise_0.05__seed_2,srsd_nested,SRSD,srsd_nested_noise_0.05,srsd_nested,function_composition,sin(x1*x2)/(1 + x3**2),x1|x2|x3,x1|x2|x3,0.05,relative_gaussian_y_train_val,2,512,256,1024,0.01865222816880587,0.020666325083000734,data/noise_robustness_v1_20/splits/srsd_nested__noise_0.05__seed_2/train_noisy.csv,data/noise_robustness_v1_20/splits/srsd_nested__noise_0.05__seed_2/val_noisy.csv,data/noise_robustness_v1_20/splits/srsd_nested__noise_0.05__seed_2/test_clean.csv,data/noise_robustness_v1_20/splits/srsd_nested__noise_0.05__seed_2/train_clean.csv,data/noise_robustness_v1_20/splits/srsd_nested__noise_0.05__seed_2/val_clean.csv,data/noise_robustness_v1_20/splits/srsd_nested__noise_0.05__seed_2
88,srsd_nested__noise_0.1__seed_0,srsd_nested,SRSD,srsd_nested_noise_0.1,srsd_nested,function_composition,sin(x1*x2)/(1 + x3**2),x1|x2|x3,x1|x2|x3,0.1,relative_gaussian_y_train_val,0,512,256,1024,0.038387077748114146,0.041521039126399005,data/noise_robustness_v1_20/splits/srsd_nested__noise_0.1__seed_0/train_noisy.csv,data/noise_robustness_v1_20/splits/srsd_nested__noise_0.1__seed_0/val_noisy.csv,data/noise_robustness_v1_20/splits/srsd_nested__noise_0.1__seed_0/test_clean.csv,data/noise_robustness_v1_20/splits/srsd_nested__noise_0.1__seed_0/train_clean.csv,data/noise_robustness_v1_20/splits/srsd_nested__noise_0.1__seed_0/val_clean.csv,data/noise_robustness_v1_20/splits/srsd_nested__noise_0.1__seed_0
89,srsd_nested__noise_0.1__seed_1,srsd_nested,SRSD,srsd_nested_noise_0.1,srsd_nested,function_composition,sin(x1*x2)/(1 + x3**2),x1|x2|x3,x1|x2|x3,0.1,relative_gaussian_y_train_val,1,512,256,1024,0.03665034008478553,0.038554956466298744,data/noise_robustness_v1_20/splits/srsd_nested__noise_0.1__seed_1/train_noisy.csv,data/noise_robustness_v1_20/splits/srsd_nested__noise_0.1__seed_1/val_noisy.csv,data/noise_robustness_v1_20/splits/srsd_nested__noise_0.1__seed_1/test_clean.csv,data/noise_robustness_v1_20/splits/srsd_nested__noise_0.1__seed_1/train_clean.csv,data/noise_robustness_v1_20/splits/srsd_nested__noise_0.1__seed_1/val_clean.csv,data/noise_robustness_v1_20/splits/srsd_nested__noise_0.1__seed_1
90,srsd_nested__noise_0.1__seed_2,srsd_nested,SRSD,srsd_nested_noise_0.1,srsd_nested,function_composition,sin(x1*x2)/(1 + x3**2),x1|x2|x3,x1|x2|x3,0.1,relative_gaussian_y_train_val,2,512,256,1024,0.03921968977561548,0.0369799769651367,data/noise_robustness_v1_20/splits/srsd_nested__noise_0.1__seed_2/train_noisy.csv,data/noise_robustness_v1_20/splits/srsd_nested__noise_0.1__seed_2/val_noisy.csv,data/noise_robustness_v1_20/splits/srsd_nested__noise_0.1__seed_2/test_clean.csv,data/noise_robustness_v1_20/splits/srsd_nested__noise_0.1__seed_2/train_clean.csv,data/noise_robustness_v1_20/splits/srsd_nested__noise_0.1__seed_2/val_clean.csv,data/noise_robustness_v1_20/splits/srsd_nested__noise_0.1__seed_2
91,realistic_decay__noise_0__seed_0,realistic_decay,Realistic,realistic_decay_noise_0,realistic_decay,exp_trig,exp(-0.25*abs(x1))*sin(x2) + 0.15*x3,x1|x2|x3,x1|x2|x3,0.0,relative_gaussian_y_train_val,0,512,256,1024,0.0,0.0,data/noise_robustness_v1_20/splits/realistic_decay__noise_0__seed_0/train_noisy.csv,data/noise_robustness_v1_20/splits/realistic_decay__noise_0__seed_0/val_noisy.csv,data/noise_robustness_v1_20/splits/realistic_decay__noise_0__seed_0/test_clean.csv,data/noise_robustness_v1_20/splits/realistic_decay__noise_0__seed_0/train_clean.csv,data/noise_robustness_v1_20/splits/realistic_decay__noise_0__seed_0/val_clean.csv,data/noise_robustness_v1_20/splits/realistic_decay__noise_0__seed_0
92,realistic_decay__noise_0__seed_1,realistic_decay,Realistic,realistic_decay_noise_0,realistic_decay,exp_trig,exp(-0.25*abs(x1))*sin(x2) + 0.15*x3,x1|x2|x3,x1|x2|x3,0.0,relative_gaussian_y_train_val,1,512,256,1024,0.0,0.0,data/noise_robustness_v1_20/splits/realistic_decay__noise_0__seed_1/train_noisy.csv,data/noise_robustness_v1_20/splits/realistic_decay__noise_0__seed_1/val_noisy.csv,data/noise_robustness_v1_20/splits/realistic_decay__noise_0__seed_1/test_clean.csv,data/noise_robustness_v1_20/splits/realistic_decay__noise_0__seed_1/train_clean.csv,data/noise_robustness_v1_20/splits/realistic_decay__noise_0__seed_1/val_clean.csv,data/noise_robustness_v1_20/splits/realistic_decay__noise_0__seed_1
93,realistic_decay__noise_0__seed_2,realistic_decay,Realistic,realistic_decay_noise_0,realistic_decay,exp_trig,exp(-0.25*abs(x1))*sin(x2) + 0.15*x3,x1|x2|x3,x1|x2|x3,0.0,relative_gaussian_y_train_val,2,512,256,1024,0.0,0.0,data/noise_robustness_v1_20/splits/realistic_decay__noise_0__seed_2/train_noisy.csv,data/noise_robustness_v1_20/splits/realistic_decay__noise_0__seed_2/val_noisy.csv,data/noise_robustness_v1_20/splits/realistic_decay__noise_0__seed_2/test_clean.csv,data/noise_robustness_v1_20/splits/realistic_decay__noise_0__seed_2/train_clean.csv,data/noise_robustness_v1_20/splits/realistic_decay__noise_0__seed_2/val_clean.csv,data/noise_robustness_v1_20/splits/realistic_decay__noise_0__seed_2
94,realistic_decay__noise_0.001__seed_0,realistic_decay,Realistic,realistic_decay_noise_0.001,realistic_decay,exp_trig,exp(-0.25*abs(x1))*sin(x2) + 0.15*x3,x1|x2|x3,x1|x2|x3,0.001,relative_gaussian_y_train_val,0,512,256,1024,0.0006425956509312735,0.0006082902624181852,data/noise_robustness_v1_20/splits/realistic_decay__noise_0.001__seed_0/train_noisy.csv,data/noise_robustness_v1_20/splits/realistic_decay__noise_0.001__seed_0/val_noisy.csv,data/noise_robustness_v1_20/splits/realistic_decay__noise_0.001__seed_0/test_clean.csv,data/noise_robustness_v1_20/splits/realistic_decay__noise_0.001__seed_0/train_clean.csv,data/noise_robustness_v1_20/splits/realistic_decay__noise_0.001__seed_0/val_clean.csv,data/noise_robustness_v1_20/splits/realistic_decay__noise_0.001__seed_0
95,realistic_decay__noise_0.001__seed_1,realistic_decay,Realistic,realistic_decay_noise_0.001,realistic_decay,exp_trig,exp(-0.25*abs(x1))*sin(x2) + 0.15*x3,x1|x2|x3,x1|x2|x3,0.001,relative_gaussian_y_train_val,1,512,256,1024,0.0006425052353098492,0.0006151835717301418,data/noise_robustness_v1_20/splits/realistic_decay__noise_0.001__seed_1/train_noisy.csv,data/noise_robustness_v1_20/splits/realistic_decay__noise_0.001__seed_1/val_noisy.csv,data/noise_robustness_v1_20/splits/realistic_decay__noise_0.001__seed_1/test_clean.csv,data/noise_robustness_v1_20/splits/realistic_decay__noise_0.001__seed_1/train_clean.csv,data/noise_robustness_v1_20/splits/realistic_decay__noise_0.001__seed_1/val_clean.csv,data/noise_robustness_v1_20/splits/realistic_decay__noise_0.001__seed_1
96,realistic_decay__noise_0.001__seed_2,realistic_decay,Realistic,realistic_decay_noise_0.001,realistic_decay,exp_trig,exp(-0.25*abs(x1))*sin(x2) + 0.15*x3,x1|x2|x3,x1|x2|x3,0.001,relative_gaussian_y_train_val,2,512,256,1024,0.0006250179984053757,0.0006278129785988,data/noise_robustness_v1_20/splits/realistic_decay__noise_0.001__seed_2/train_noisy.csv,data/noise_robustness_v1_20/splits/realistic_decay__noise_0.001__seed_2/val_noisy.csv,data/noise_robustness_v1_20/splits/realistic_decay__noise_0.001__seed_2/test_clean.csv,data/noise_robustness_v1_20/splits/realistic_decay__noise_0.001__seed_2/train_clean.csv,data/noise_robustness_v1_20/splits/realistic_decay__noise_0.001__seed_2/val_clean.csv,data/noise_robustness_v1_20/splits/realistic_decay__noise_0.001__seed_2
97,realistic_decay__noise_0.01__seed_0,realistic_decay,Realistic,realistic_decay_noise_0.01,realistic_decay,exp_trig,exp(-0.25*abs(x1))*sin(x2) + 0.15*x3,x1|x2|x3,x1|x2|x3,0.01,relative_gaussian_y_train_val,0,512,256,1024,0.006359451609294658,0.005971009341874602,data/noise_robustness_v1_20/splits/realistic_decay__noise_0.01__seed_0/train_noisy.csv,data/noise_robustness_v1_20/splits/realistic_decay__noise_0.01__seed_0/val_noisy.csv,data/noise_robustness_v1_20/splits/realistic_decay__noise_0.01__seed_0/test_clean.csv,data/noise_robustness_v1_20/splits/realistic_decay__noise_0.01__seed_0/train_clean.csv,data/noise_robustness_v1_20/splits/realistic_decay__noise_0.01__seed_0/val_clean.csv,data/noise_robustness_v1_20/splits/realistic_decay__noise_0.01__seed_0
98,realistic_decay__noise_0.01__seed_1,realistic_decay,Realistic,realistic_decay_noise_0.01,realistic_decay,exp_trig,exp(-0.25*abs(x1))*sin(x2) + 0.15*x3,x1|x2|x3,x1|x2|x3,0.01,relative_gaussian_y_train_val,1,512,256,1024,0.006358008332912132,0.006552638934462038,data/noise_robustness_v1_20/splits/realistic_decay__noise_0.01__seed_1/train_noisy.csv,data/noise_robustness_v1_20/splits/realistic_decay__noise_0.01__seed_1/val_noisy.csv,data/noise_robustness_v1_20/splits/realistic_decay__noise_0.01__seed_1/test_clean.csv,data/noise_robustness_v1_20/splits/realistic_decay__noise_0.01__seed_1/train_clean.csv,data/noise_robustness_v1_20/splits/realistic_decay__noise_0.01__seed_1/val_clean.csv,data/noise_robustness_v1_20/splits/realistic_decay__noise_0.01__seed_1
99,realistic_decay__noise_0.01__seed_2,realistic_decay,Realistic,realistic_decay_noise_0.01,realistic_decay,exp_trig,exp(-0.25*abs(x1))*sin(x2) + 0.15*x3,x1|x2|x3,x1|x2|x3,0.01,relative_gaussian_y_train_val,2,512,256,1024,0.006300980768921292,0.006238807785040057,data/noise_robustness_v1_20/splits/realistic_decay__noise_0.01__seed_2/train_noisy.csv,data/noise_robustness_v1_20/splits/realistic_decay__noise_0.01__seed_2/val_noisy.csv,data/noise_robustness_v1_20/splits/realistic_decay__noise_0.01__seed_2/test_clean.csv,data/noise_robustness_v1_20/splits/realistic_decay__noise_0.01__seed_2/train_clean.csv,data/noise_robustness_v1_20/splits/realistic_decay__noise_0.01__seed_2/val_clean.csv,data/noise_robustness_v1_20/splits/realistic_decay__noise_0.01__seed_2
100,realistic_decay__noise_0.05__seed_0,realistic_decay,Realistic,realistic_decay_noise_0.05,realistic_decay,exp_trig,exp(-0.25*abs(x1))*sin(x2) + 0.15*x3,x1|x2|x3,x1|x2|x3,0.05,relative_gaussian_y_train_val,0,512,256,1024,0.03185506721486729,0.031331049168406934,data/noise_robustness_v1_20/splits/realistic_decay__noise_0.05__seed_0/train_noisy.csv,data/noise_robustness_v1_20/splits/realistic_decay__noise_0.05__seed_0/val_noisy.csv,data/noise_robustness_v1_20/splits/realistic_decay__noise_0.05__seed_0/test_clean.csv,data/noise_robustness_v1_20/splits/realistic_decay__noise_0.05__seed_0/train_clean.csv,data/noise_robustness_v1_20/splits/realistic_decay__noise_0.05__seed_0/val_clean.csv,data/noise_robustness_v1_20/splits/realistic_decay__noise_0.05__seed_0
101,realistic_decay__noise_0.05__seed_1,realistic_decay,Realistic,realistic_decay_noise_0.05,realistic_decay,exp_trig,exp(-0.25*abs(x1))*sin(x2) + 0.15*x3,x1|x2|x3,x1|x2|x3,0.05,relative_gaussian_y_train_val,1,512,256,1024,0.03259423564296741,0.032468779887029224,data/noise_robustness_v1_20/splits/realistic_decay__noise_0.05__seed_1/train_noisy.csv,data/noise_robustness_v1_20/splits/realistic_decay__noise_0.05__seed_1/val_noisy.csv,data/noise_robustness_v1_20/splits/realistic_decay__noise_0.05__seed_1/test_clean.csv,data/noise_robustness_v1_20/splits/realistic_decay__noise_0.05__seed_1/train_clean.csv,data/noise_robustness_v1_20/splits/realistic_decay__noise_0.05__seed_1/val_clean.csv,data/noise_robustness_v1_20/splits/realistic_decay__noise_0.05__seed_1
102,realistic_decay__noise_0.05__seed_2,realistic_decay,Realistic,realistic_decay_noise_0.05,realistic_decay,exp_trig,exp(-0.25*abs(x1))*sin(x2) + 0.15*x3,x1|x2|x3,x1|x2|x3,0.05,relative_gaussian_y_train_val,2,512,256,1024,0.032501195204136295,0.03249232525373339,data/noise_robustness_v1_20/splits/realistic_decay__noise_0.05__seed_2/train_noisy.csv,data/noise_robustness_v1_20/splits/realistic_decay__noise_0.05__seed_2/val_noisy.csv,data/noise_robustness_v1_20/splits/realistic_decay__noise_0.05__seed_2/test_clean.csv,data/noise_robustness_v1_20/splits/realistic_decay__noise_0.05__seed_2/train_clean.csv,data/noise_robustness_v1_20/splits/realistic_decay__noise_0.05__seed_2/val_clean.csv,data/noise_robustness_v1_20/splits/realistic_decay__noise_0.05__seed_2
103,realistic_decay__noise_0.1__seed_0,realistic_decay,Realistic,realistic_decay_noise_0.1,realistic_decay,exp_trig,exp(-0.25*abs(x1))*sin(x2) + 0.15*x3,x1|x2|x3,x1|x2|x3,0.1,relative_gaussian_y_train_val,0,512,256,1024,0.06476890609295231,0.06281670261867986,data/noise_robustness_v1_20/splits/realistic_decay__noise_0.1__seed_0/train_noisy.csv,data/noise_robustness_v1_20/splits/realistic_decay__noise_0.1__seed_0/val_noisy.csv,data/noise_robustness_v1_20/splits/realistic_decay__noise_0.1__seed_0/test_clean.csv,data/noise_robustness_v1_20/splits/realistic_decay__noise_0.1__seed_0/train_clean.csv,data/noise_robustness_v1_20/splits/realistic_decay__noise_0.1__seed_0/val_clean.csv,data/noise_robustness_v1_20/splits/realistic_decay__noise_0.1__seed_0
104,realistic_decay__noise_0.1__seed_1,realistic_decay,Realistic,realistic_decay_noise_0.1,realistic_decay,exp_trig,exp(-0.25*abs(x1))*sin(x2) + 0.15*x3,x1|x2|x3,x1|x2|x3,0.1,relative_gaussian_y_train_val,1,512,256,1024,0.06308087774221044,0.06393429998040716,data/noise_robustness_v1_20/splits/realistic_decay__noise_0.1__seed_1/train_noisy.csv,data/noise_robustness_v1_20/splits/realistic_decay__noise_0.1__seed_1/val_noisy.csv,data/noise_robustness_v1_20/splits/realistic_decay__noise_0.1__seed_1/test_clean.csv,data/noise_robustness_v1_20/splits/realistic_decay__noise_0.1__seed_1/train_clean.csv,data/noise_robustness_v1_20/splits/realistic_decay__noise_0.1__seed_1/val_clean.csv,data/noise_robustness_v1_20/splits/realistic_decay__noise_0.1__seed_1
105,realistic_decay__noise_0.1__seed_2,realistic_decay,Realistic,realistic_decay_noise_0.1,realistic_decay,exp_trig,exp(-0.25*abs(x1))*sin(x2) + 0.15*x3,x1|x2|x3,x1|x2|x3,0.1,relative_gaussian_y_train_val,2,512,256,1024,0.06297819395089774,0.06102336592749494,data/noise_robustness_v1_20/splits/realistic_decay__noise_0.1__seed_2/train_noisy.csv,data/noise_robustness_v1_20/splits/realistic_decay__noise_0.1__seed_2/val_noisy.csv,data/noise_robustness_v1_20/splits/realistic_decay__noise_0.1__seed_2/test_clean.csv,data/noise_robustness_v1_20/splits/realistic_decay__noise_0.1__seed_2/train_clean.csv,data/noise_robustness_v1_20/splits/realistic_decay__noise_0.1__seed_2/val_clean.csv,data/noise_robustness_v1_20/splits/realistic_decay__noise_0.1__seed_2
106,realistic_sensor__noise_0__seed_0,realistic_sensor,Realistic,realistic_sensor_noise_0,realistic_sensor,mixed_smooth,log(abs(x1) + 2.0) + 0.35*x2**2 - 0.2*cos(x3),x1|x2|x3,x1|x2|x3,0.0,relative_gaussian_y_train_val,0,512,256,1024,0.0,0.0,data/noise_robustness_v1_20/splits/realistic_sensor__noise_0__seed_0/train_noisy.csv,data/noise_robustness_v1_20/splits/realistic_sensor__noise_0__seed_0/val_noisy.csv,data/noise_robustness_v1_20/splits/realistic_sensor__noise_0__seed_0/test_clean.csv,data/noise_robustness_v1_20/splits/realistic_sensor__noise_0__seed_0/train_clean.csv,data/noise_robustness_v1_20/splits/realistic_sensor__noise_0__seed_0/val_clean.csv,data/noise_robustness_v1_20/splits/realistic_sensor__noise_0__seed_0
107,realistic_sensor__noise_0__seed_1,realistic_sensor,Realistic,realistic_sensor_noise_0,realistic_sensor,mixed_smooth,log(abs(x1) + 2.0) + 0.35*x2**2 - 0.2*cos(x3),x1|x2|x3,x1|x2|x3,0.0,relative_gaussian_y_train_val,1,512,256,1024,0.0,0.0,data/noise_robustness_v1_20/splits/realistic_sensor__noise_0__seed_1/train_noisy.csv,data/noise_robustness_v1_20/splits/realistic_sensor__noise_0__seed_1/val_noisy.csv,data/noise_robustness_v1_20/splits/realistic_sensor__noise_0__seed_1/test_clean.csv,data/noise_robustness_v1_20/splits/realistic_sensor__noise_0__seed_1/train_clean.csv,data/noise_robustness_v1_20/splits/realistic_sensor__noise_0__seed_1/val_clean.csv,data/noise_robustness_v1_20/splits/realistic_sensor__noise_0__seed_1
108,realistic_sensor__noise_0__seed_2,realistic_sensor,Realistic,realistic_sensor_noise_0,realistic_sensor,mixed_smooth,log(abs(x1) + 2.0) + 0.35*x2**2 - 0.2*cos(x3),x1|x2|x3,x1|x2|x3,0.0,relative_gaussian_y_train_val,2,512,256,1024,0.0,0.0,data/noise_robustness_v1_20/splits/realistic_sensor__noise_0__seed_2/train_noisy.csv,data/noise_robustness_v1_20/splits/realistic_sensor__noise_0__seed_2/val_noisy.csv,data/noise_robustness_v1_20/splits/realistic_sensor__noise_0__seed_2/test_clean.csv,data/noise_robustness_v1_20/splits/realistic_sensor__noise_0__seed_2/train_clean.csv,data/noise_robustness_v1_20/splits/realistic_sensor__noise_0__seed_2/val_clean.csv,data/noise_robustness_v1_20/splits/realistic_sensor__noise_0__seed_2
109,realistic_sensor__noise_0.001__seed_0,realistic_sensor,Realistic,realistic_sensor_noise_0.001,realistic_sensor,mixed_smooth,log(abs(x1) + 2.0) + 0.35*x2**2 - 0.2*cos(x3),x1|x2|x3,x1|x2|x3,0.001,relative_gaussian_y_train_val,0,512,256,1024,0.00044311354286054875,0.00048000198955415176,data/noise_robustness_v1_20/splits/realistic_sensor__noise_0.001__seed_0/train_noisy.csv,data/noise_robustness_v1_20/splits/realistic_sensor__noise_0.001__seed_0/val_noisy.csv,data/noise_robustness_v1_20/splits/realistic_sensor__noise_0.001__seed_0/test_clean.csv,data/noise_robustness_v1_20/splits/realistic_sensor__noise_0.001__seed_0/train_clean.csv,data/noise_robustness_v1_20/splits/realistic_sensor__noise_0.001__seed_0/val_clean.csv,data/noise_robustness_v1_20/splits/realistic_sensor__noise_0.001__seed_0
110,realistic_sensor__noise_0.001__seed_1,realistic_sensor,Realistic,realistic_sensor_noise_0.001,realistic_sensor,mixed_smooth,log(abs(x1) + 2.0) + 0.35*x2**2 - 0.2*cos(x3),x1|x2|x3,x1|x2|x3,0.001,relative_gaussian_y_train_val,1,512,256,1024,0.00046831905916714484,0.0004537438989913786,data/noise_robustness_v1_20/splits/realistic_sensor__noise_0.001__seed_1/train_noisy.csv,data/noise_robustness_v1_20/splits/realistic_sensor__noise_0.001__seed_1/val_noisy.csv,data/noise_robustness_v1_20/splits/realistic_sensor__noise_0.001__seed_1/test_clean.csv,data/noise_robustness_v1_20/splits/realistic_sensor__noise_0.001__seed_1/train_clean.csv,data/noise_robustness_v1_20/splits/realistic_sensor__noise_0.001__seed_1/val_clean.csv,data/noise_robustness_v1_20/splits/realistic_sensor__noise_0.001__seed_1
111,realistic_sensor__noise_0.001__seed_2,realistic_sensor,Realistic,realistic_sensor_noise_0.001,realistic_sensor,mixed_smooth,log(abs(x1) + 2.0) + 0.35*x2**2 - 0.2*cos(x3),x1|x2|x3,x1|x2|x3,0.001,relative_gaussian_y_train_val,2,512,256,1024,0.0004559179791039999,0.0004608185151811878,data/noise_robustness_v1_20/splits/realistic_sensor__noise_0.001__seed_2/train_noisy.csv,data/noise_robustness_v1_20/splits/realistic_sensor__noise_0.001__seed_2/val_noisy.csv,data/noise_robustness_v1_20/splits/realistic_sensor__noise_0.001__seed_2/test_clean.csv,data/noise_robustness_v1_20/splits/realistic_sensor__noise_0.001__seed_2/train_clean.csv,data/noise_robustness_v1_20/splits/realistic_sensor__noise_0.001__seed_2/val_clean.csv,data/noise_robustness_v1_20/splits/realistic_sensor__noise_0.001__seed_2
112,realistic_sensor__noise_0.01__seed_0,realistic_sensor,Realistic,realistic_sensor_noise_0.01,realistic_sensor,mixed_smooth,log(abs(x1) + 2.0) + 0.35*x2**2 - 0.2*cos(x3),x1|x2|x3,x1|x2|x3,0.01,relative_gaussian_y_train_val,0,512,256,1024,0.004833385795528762,0.004857942682333456,data/noise_robustness_v1_20/splits/realistic_sensor__noise_0.01__seed_0/train_noisy.csv,data/noise_robustness_v1_20/splits/realistic_sensor__noise_0.01__seed_0/val_noisy.csv,data/noise_robustness_v1_20/splits/realistic_sensor__noise_0.01__seed_0/test_clean.csv,data/noise_robustness_v1_20/splits/realistic_sensor__noise_0.01__seed_0/train_clean.csv,data/noise_robustness_v1_20/splits/realistic_sensor__noise_0.01__seed_0/val_clean.csv,data/noise_robustness_v1_20/splits/realistic_sensor__noise_0.01__seed_0
113,realistic_sensor__noise_0.01__seed_1,realistic_sensor,Realistic,realistic_sensor_noise_0.01,realistic_sensor,mixed_smooth,log(abs(x1) + 2.0) + 0.35*x2**2 - 0.2*cos(x3),x1|x2|x3,x1|x2|x3,0.01,relative_gaussian_y_train_val,1,512,256,1024,0.004589012116068111,0.004862612789013039,data/noise_robustness_v1_20/splits/realistic_sensor__noise_0.01__seed_1/train_noisy.csv,data/noise_robustness_v1_20/splits/realistic_sensor__noise_0.01__seed_1/val_noisy.csv,data/noise_robustness_v1_20/splits/realistic_sensor__noise_0.01__seed_1/test_clean.csv,data/noise_robustness_v1_20/splits/realistic_sensor__noise_0.01__seed_1/train_clean.csv,data/noise_robustness_v1_20/splits/realistic_sensor__noise_0.01__seed_1/val_clean.csv,data/noise_robustness_v1_20/splits/realistic_sensor__noise_0.01__seed_1
114,realistic_sensor__noise_0.01__seed_2,realistic_sensor,Realistic,realistic_sensor_noise_0.01,realistic_sensor,mixed_smooth,log(abs(x1) + 2.0) + 0.35*x2**2 - 0.2*cos(x3),x1|x2|x3,x1|x2|x3,0.01,relative_gaussian_y_train_val,2,512,256,1024,0.0047461765557245605,0.00473575119782635,data/noise_robustness_v1_20/splits/realistic_sensor__noise_0.01__seed_2/train_noisy.csv,data/noise_robustness_v1_20/splits/realistic_sensor__noise_0.01__seed_2/val_noisy.csv,data/noise_robustness_v1_20/splits/realistic_sensor__noise_0.01__seed_2/test_clean.csv,data/noise_robustness_v1_20/splits/realistic_sensor__noise_0.01__seed_2/train_clean.csv,data/noise_robustness_v1_20/splits/realistic_sensor__noise_0.01__seed_2/val_clean.csv,data/noise_robustness_v1_20/splits/realistic_sensor__noise_0.01__seed_2
115,realistic_sensor__noise_0.05__seed_0,realistic_sensor,Realistic,realistic_sensor_noise_0.05,realistic_sensor,mixed_smooth,log(abs(x1) + 2.0) + 0.35*x2**2 - 0.2*cos(x3),x1|x2|x3,x1|x2|x3,0.05,relative_gaussian_y_train_val,0,512,256,1024,0.023633628239986274,0.02217211451964668,data/noise_robustness_v1_20/splits/realistic_sensor__noise_0.05__seed_0/train_noisy.csv,data/noise_robustness_v1_20/splits/realistic_sensor__noise_0.05__seed_0/val_noisy.csv,data/noise_robustness_v1_20/splits/realistic_sensor__noise_0.05__seed_0/test_clean.csv,data/noise_robustness_v1_20/splits/realistic_sensor__noise_0.05__seed_0/train_clean.csv,data/noise_robustness_v1_20/splits/realistic_sensor__noise_0.05__seed_0/val_clean.csv,data/noise_robustness_v1_20/splits/realistic_sensor__noise_0.05__seed_0
116,realistic_sensor__noise_0.05__seed_1,realistic_sensor,Realistic,realistic_sensor_noise_0.05,realistic_sensor,mixed_smooth,log(abs(x1) + 2.0) + 0.35*x2**2 - 0.2*cos(x3),x1|x2|x3,x1|x2|x3,0.05,relative_gaussian_y_train_val,1,512,256,1024,0.023789542865617658,0.021834887737355452,data/noise_robustness_v1_20/splits/realistic_sensor__noise_0.05__seed_1/train_noisy.csv,data/noise_robustness_v1_20/splits/realistic_sensor__noise_0.05__seed_1/val_noisy.csv,data/noise_robustness_v1_20/splits/realistic_sensor__noise_0.05__seed_1/test_clean.csv,data/noise_robustness_v1_20/splits/realistic_sensor__noise_0.05__seed_1/train_clean.csv,data/noise_robustness_v1_20/splits/realistic_sensor__noise_0.05__seed_1/val_clean.csv,data/noise_robustness_v1_20/splits/realistic_sensor__noise_0.05__seed_1
117,realistic_sensor__noise_0.05__seed_2,realistic_sensor,Realistic,realistic_sensor_noise_0.05,realistic_sensor,mixed_smooth,log(abs(x1) + 2.0) + 0.35*x2**2 - 0.2*cos(x3),x1|x2|x3,x1|x2|x3,0.05,relative_gaussian_y_train_val,2,512,256,1024,0.023915184413211204,0.02363667649138132,data/noise_robustness_v1_20/splits/realistic_sensor__noise_0.05__seed_2/train_noisy.csv,data/noise_robustness_v1_20/splits/realistic_sensor__noise_0.05__seed_2/val_noisy.csv,data/noise_robustness_v1_20/splits/realistic_sensor__noise_0.05__seed_2/test_clean.csv,data/noise_robustness_v1_20/splits/realistic_sensor__noise_0.05__seed_2/train_clean.csv,data/noise_robustness_v1_20/splits/realistic_sensor__noise_0.05__seed_2/val_clean.csv,data/noise_robustness_v1_20/splits/realistic_sensor__noise_0.05__seed_2
118,realistic_sensor__noise_0.1__seed_0,realistic_sensor,Realistic,realistic_sensor_noise_0.1,realistic_sensor,mixed_smooth,log(abs(x1) + 2.0) + 0.35*x2**2 - 0.2*cos(x3),x1|x2|x3,x1|x2|x3,0.1,relative_gaussian_y_train_val,0,512,256,1024,0.04971148589112094,0.048824562439570306,data/noise_robustness_v1_20/splits/realistic_sensor__noise_0.1__seed_0/train_noisy.csv,data/noise_robustness_v1_20/splits/realistic_sensor__noise_0.1__seed_0/val_noisy.csv,data/noise_robustness_v1_20/splits/realistic_sensor__noise_0.1__seed_0/test_clean.csv,data/noise_robustness_v1_20/splits/realistic_sensor__noise_0.1__seed_0/train_clean.csv,data/noise_robustness_v1_20/splits/realistic_sensor__noise_0.1__seed_0/val_clean.csv,data/noise_robustness_v1_20/splits/realistic_sensor__noise_0.1__seed_0
119,realistic_sensor__noise_0.1__seed_1,realistic_sensor,Realistic,realistic_sensor_noise_0.1,realistic_sensor,mixed_smooth,log(abs(x1) + 2.0) + 0.35*x2**2 - 0.2*cos(x3),x1|x2|x3,x1|x2|x3,0.1,relative_gaussian_y_train_val,1,512,256,1024,0.04708999782003799,0.05048867470446711,data/noise_robustness_v1_20/splits/realistic_sensor__noise_0.1__seed_1/train_noisy.csv,data/noise_robustness_v1_20/splits/realistic_sensor__noise_0.1__seed_1/val_noisy.csv,data/noise_robustness_v1_20/splits/realistic_sensor__noise_0.1__seed_1/test_clean.csv,data/noise_robustness_v1_20/splits/realistic_sensor__noise_0.1__seed_1/train_clean.csv,data/noise_robustness_v1_20/splits/realistic_sensor__noise_0.1__seed_1/val_clean.csv,data/noise_robustness_v1_20/splits/realistic_sensor__noise_0.1__seed_1
120,realistic_sensor__noise_0.1__seed_2,realistic_sensor,Realistic,realistic_sensor_noise_0.1,realistic_sensor,mixed_smooth,log(abs(x1) + 2.0) + 0.35*x2**2 - 0.2*cos(x3),x1|x2|x3,x1|x2|x3,0.1,relative_gaussian_y_train_val,2,512,256,1024,0.04741368208028457,0.04417225510126925,data/noise_robustness_v1_20/splits/realistic_sensor__noise_0.1__seed_2/train_noisy.csv,data/noise_robustness_v1_20/splits/realistic_sensor__noise_0.1__seed_2/val_noisy.csv,data/noise_robustness_v1_20/splits/realistic_sensor__noise_0.1__seed_2/test_clean.csv,data/noise_robustness_v1_20/splits/realistic_sensor__noise_0.1__seed_2/train_clean.csv,data/noise_robustness_v1_20/splits/realistic_sensor__noise_0.1__seed_2/val_clean.csv,data/noise_robustness_v1_20/splits/realistic_sensor__noise_0.1__seed_2
121,poly_quad_shift_a__noise_0__seed_0,poly_quad_shift_a,Nguyen,poly_quad_shift_a_noise_0,poly_quad_shift_a,polynomial,x1**2 + 0.5*x2 - 0.25,x1|x2,x1|x2,0.0,relative_gaussian_y_train_val,0,512,256,1024,0.0,0.0,data/noise_robustness_v1_20/splits/poly_quad_shift_a__noise_0__seed_0/train_noisy.csv,data/noise_robustness_v1_20/splits/poly_quad_shift_a__noise_0__seed_0/val_noisy.csv,data/noise_robustness_v1_20/splits/poly_quad_shift_a__noise_0__seed_0/test_clean.csv,data/noise_robustness_v1_20/splits/poly_quad_shift_a__noise_0__seed_0/train_clean.csv,data/noise_robustness_v1_20/splits/poly_quad_shift_a__noise_0__seed_0/val_clean.csv,data/noise_robustness_v1_20/splits/poly_quad_shift_a__noise_0__seed_0
122,poly_quad_shift_a__noise_0__seed_1,poly_quad_shift_a,Nguyen,poly_quad_shift_a_noise_0,poly_quad_shift_a,polynomial,x1**2 + 0.5*x2 - 0.25,x1|x2,x1|x2,0.0,relative_gaussian_y_train_val,1,512,256,1024,0.0,0.0,data/noise_robustness_v1_20/splits/poly_quad_shift_a__noise_0__seed_1/train_noisy.csv,data/noise_robustness_v1_20/splits/poly_quad_shift_a__noise_0__seed_1/val_noisy.csv,data/noise_robustness_v1_20/splits/poly_quad_shift_a__noise_0__seed_1/test_clean.csv,data/noise_robustness_v1_20/splits/poly_quad_shift_a__noise_0__seed_1/train_clean.csv,data/noise_robustness_v1_20/splits/poly_quad_shift_a__noise_0__seed_1/val_clean.csv,data/noise_robustness_v1_20/splits/poly_quad_shift_a__noise_0__seed_1
123,poly_quad_shift_a__noise_0__seed_2,poly_quad_shift_a,Nguyen,poly_quad_shift_a_noise_0,poly_quad_shift_a,polynomial,x1**2 + 0.5*x2 - 0.25,x1|x2,x1|x2,0.0,relative_gaussian_y_train_val,2,512,256,1024,0.0,0.0,data/noise_robustness_v1_20/splits/poly_quad_shift_a__noise_0__seed_2/train_noisy.csv,data/noise_robustness_v1_20/splits/poly_quad_shift_a__noise_0__seed_2/val_noisy.csv,data/noise_robustness_v1_20/splits/poly_quad_shift_a__noise_0__seed_2/test_clean.csv,data/noise_robustness_v1_20/splits/poly_quad_shift_a__noise_0__seed_2/train_clean.csv,data/noise_robustness_v1_20/splits/poly_quad_shift_a__noise_0__seed_2/val_clean.csv,data/noise_robustness_v1_20/splits/poly_quad_shift_a__noise_0__seed_2
124,poly_quad_shift_a__noise_0.001__seed_0,poly_quad_shift_a,Nguyen,poly_quad_shift_a_noise_0.001,poly_quad_shift_a,polynomial,x1**2 + 0.5*x2 - 0.25,x1|x2,x1|x2,0.001,relative_gaussian_y_train_val,0,512,256,1024,0.001365436584336496,0.0013034807599023221,data/noise_robustness_v1_20/splits/poly_quad_shift_a__noise_0.001__seed_0/train_noisy.csv,data/noise_robustness_v1_20/splits/poly_quad_shift_a__noise_0.001__seed_0/val_noisy.csv,data/noise_robustness_v1_20/splits/poly_quad_shift_a__noise_0.001__seed_0/test_clean.csv,data/noise_robustness_v1_20/splits/poly_quad_shift_a__noise_0.001__seed_0/train_clean.csv,data/noise_robustness_v1_20/splits/poly_quad_shift_a__noise_0.001__seed_0/val_clean.csv,data/noise_robustness_v1_20/splits/poly_quad_shift_a__noise_0.001__seed_0
125,poly_quad_shift_a__noise_0.001__seed_1,poly_quad_shift_a,Nguyen,poly_quad_shift_a_noise_0.001,poly_quad_shift_a,polynomial,x1**2 + 0.5*x2 - 0.25,x1|x2,x1|x2,0.001,relative_gaussian_y_train_val,1,512,256,1024,0.0013093170525845244,0.0013430090056645856,data/noise_robustness_v1_20/splits/poly_quad_shift_a__noise_0.001__seed_1/train_noisy.csv,data/noise_robustness_v1_20/splits/poly_quad_shift_a__noise_0.001__seed_1/val_noisy.csv,data/noise_robustness_v1_20/splits/poly_quad_shift_a__noise_0.001__seed_1/test_clean.csv,data/noise_robustness_v1_20/splits/poly_quad_shift_a__noise_0.001__seed_1/train_clean.csv,data/noise_robustness_v1_20/splits/poly_quad_shift_a__noise_0.001__seed_1/val_clean.csv,data/noise_robustness_v1_20/splits/poly_quad_shift_a__noise_0.001__seed_1
126,poly_quad_shift_a__noise_0.001__seed_2,poly_quad_shift_a,Nguyen,poly_quad_shift_a_noise_0.001,poly_quad_shift_a,polynomial,x1**2 + 0.5*x2 - 0.25,x1|x2,x1|x2,0.001,relative_gaussian_y_train_val,2,512,256,1024,0.001345165108811645,0.0013113829675804492,data/noise_robustness_v1_20/splits/poly_quad_shift_a__noise_0.001__seed_2/train_noisy.csv,data/noise_robustness_v1_20/splits/poly_quad_shift_a__noise_0.001__seed_2/val_noisy.csv,data/noise_robustness_v1_20/splits/poly_quad_shift_a__noise_0.001__seed_2/test_clean.csv,data/noise_robustness_v1_20/splits/poly_quad_shift_a__noise_0.001__seed_2/train_clean.csv,data/noise_robustness_v1_20/splits/poly_quad_shift_a__noise_0.001__seed_2/val_clean.csv,data/noise_robustness_v1_20/splits/poly_quad_shift_a__noise_0.001__seed_2
127,poly_quad_shift_a__noise_0.01__seed_0,poly_quad_shift_a,Nguyen,poly_quad_shift_a_noise_0.01,poly_quad_shift_a,polynomial,x1**2 + 0.5*x2 - 0.25,x1|x2,x1|x2,0.01,relative_gaussian_y_train_val,0,512,256,1024,0.013411888311379029,0.013457520757349828,data/noise_robustness_v1_20/splits/poly_quad_shift_a__noise_0.01__seed_0/train_noisy.csv,data/noise_robustness_v1_20/splits/poly_quad_shift_a__noise_0.01__seed_0/val_noisy.csv,data/noise_robustness_v1_20/splits/poly_quad_shift_a__noise_0.01__seed_0/test_clean.csv,data/noise_robustness_v1_20/splits/poly_quad_shift_a__noise_0.01__seed_0/train_clean.csv,data/noise_robustness_v1_20/splits/poly_quad_shift_a__noise_0.01__seed_0/val_clean.csv,data/noise_robustness_v1_20/splits/poly_quad_shift_a__noise_0.01__seed_0
128,poly_quad_shift_a__noise_0.01__seed_1,poly_quad_shift_a,Nguyen,poly_quad_shift_a_noise_0.01,poly_quad_shift_a,polynomial,x1**2 + 0.5*x2 - 0.25,x1|x2,x1|x2,0.01,relative_gaussian_y_train_val,1,512,256,1024,0.012814730201306569,0.012753565271006627,data/noise_robustness_v1_20/splits/poly_quad_shift_a__noise_0.01__seed_1/train_noisy.csv,data/noise_robustness_v1_20/splits/poly_quad_shift_a__noise_0.01__seed_1/val_noisy.csv,data/noise_robustness_v1_20/splits/poly_quad_shift_a__noise_0.01__seed_1/test_clean.csv,data/noise_robustness_v1_20/splits/poly_quad_shift_a__noise_0.01__seed_1/train_clean.csv,data/noise_robustness_v1_20/splits/poly_quad_shift_a__noise_0.01__seed_1/val_clean.csv,data/noise_robustness_v1_20/splits/poly_quad_shift_a__noise_0.01__seed_1
129,poly_quad_shift_a__noise_0.01__seed_2,poly_quad_shift_a,Nguyen,poly_quad_shift_a_noise_0.01,poly_quad_shift_a,polynomial,x1**2 + 0.5*x2 - 0.25,x1|x2,x1|x2,0.01,relative_gaussian_y_train_val,2,512,256,1024,0.01349998394223951,0.011830088655107759,data/noise_robustness_v1_20/splits/poly_quad_shift_a__noise_0.01__seed_2/train_noisy.csv,data/noise_robustness_v1_20/splits/poly_quad_shift_a__noise_0.01__seed_2/val_noisy.csv,data/noise_robustness_v1_20/splits/poly_quad_shift_a__noise_0.01__seed_2/test_clean.csv,data/noise_robustness_v1_20/splits/poly_quad_shift_a__noise_0.01__seed_2/train_clean.csv,data/noise_robustness_v1_20/splits/poly_quad_shift_a__noise_0.01__seed_2/val_clean.csv,data/noise_robustness_v1_20/splits/poly_quad_shift_a__noise_0.01__seed_2
130,poly_quad_shift_a__noise_0.05__seed_0,poly_quad_shift_a,Nguyen,poly_quad_shift_a_noise_0.05,poly_quad_shift_a,polynomial,x1**2 + 0.5*x2 - 0.25,x1|x2,x1|x2,0.05,relative_gaussian_y_train_val,0,512,256,1024,0.06626078319695394,0.06577841609175125,data/noise_robustness_v1_20/splits/poly_quad_shift_a__noise_0.05__seed_0/train_noisy.csv,data/noise_robustness_v1_20/splits/poly_quad_shift_a__noise_0.05__seed_0/val_noisy.csv,data/noise_robustness_v1_20/splits/poly_quad_shift_a__noise_0.05__seed_0/test_clean.csv,data/noise_robustness_v1_20/splits/poly_quad_shift_a__noise_0.05__seed_0/train_clean.csv,data/noise_robustness_v1_20/splits/poly_quad_shift_a__noise_0.05__seed_0/val_clean.csv,data/noise_robustness_v1_20/splits/poly_quad_shift_a__noise_0.05__seed_0
131,poly_quad_shift_a__noise_0.05__seed_1,poly_quad_shift_a,Nguyen,poly_quad_shift_a_noise_0.05,poly_quad_shift_a,polynomial,x1**2 + 0.5*x2 - 0.25,x1|x2,x1|x2,0.05,relative_gaussian_y_train_val,1,512,256,1024,0.06275627230551191,0.0702387498307047,data/noise_robustness_v1_20/splits/poly_quad_shift_a__noise_0.05__seed_1/train_noisy.csv,data/noise_robustness_v1_20/splits/poly_quad_shift_a__noise_0.05__seed_1/val_noisy.csv,data/noise_robustness_v1_20/splits/poly_quad_shift_a__noise_0.05__seed_1/test_clean.csv,data/noise_robustness_v1_20/splits/poly_quad_shift_a__noise_0.05__seed_1/train_clean.csv,data/noise_robustness_v1_20/splits/poly_quad_shift_a__noise_0.05__seed_1/val_clean.csv,data/noise_robustness_v1_20/splits/poly_quad_shift_a__noise_0.05__seed_1
132,poly_quad_shift_a__noise_0.05__seed_2,poly_quad_shift_a,Nguyen,poly_quad_shift_a_noise_0.05,poly_quad_shift_a,polynomial,x1**2 + 0.5*x2 - 0.25,x1|x2,x1|x2,0.05,relative_gaussian_y_train_val,2,512,256,1024,0.06427433014387314,0.06395299067854814,data/noise_robustness_v1_20/splits/poly_quad_shift_a__noise_0.05__seed_2/train_noisy.csv,data/noise_robustness_v1_20/splits/poly_quad_shift_a__noise_0.05__seed_2/val_noisy.csv,data/noise_robustness_v1_20/splits/poly_quad_shift_a__noise_0.05__seed_2/test_clean.csv,data/noise_robustness_v1_20/splits/poly_quad_shift_a__noise_0.05__seed_2/train_clean.csv,data/noise_robustness_v1_20/splits/poly_quad_shift_a__noise_0.05__seed_2/val_clean.csv,data/noise_robustness_v1_20/splits/poly_quad_shift_a__noise_0.05__seed_2
133,poly_quad_shift_a__noise_0.1__seed_0,poly_quad_shift_a,Nguyen,poly_quad_shift_a_noise_0.1,poly_quad_shift_a,polynomial,x1**2 + 0.5*x2 - 0.25,x1|x2,x1|x2,0.1,relative_gaussian_y_train_val,0,512,256,1024,0.1291420426374837,0.14489719540932325,data/noise_robustness_v1_20/splits/poly_quad_shift_a__noise_0.1__seed_0/train_noisy.csv,data/noise_robustness_v1_20/splits/poly_quad_shift_a__noise_0.1__seed_0/val_noisy.csv,data/noise_robustness_v1_20/splits/poly_quad_shift_a__noise_0.1__seed_0/test_clean.csv,data/noise_robustness_v1_20/splits/poly_quad_shift_a__noise_0.1__seed_0/train_clean.csv,data/noise_robustness_v1_20/splits/poly_quad_shift_a__noise_0.1__seed_0/val_clean.csv,data/noise_robustness_v1_20/splits/poly_quad_shift_a__noise_0.1__seed_0
134,poly_quad_shift_a__noise_0.1__seed_1,poly_quad_shift_a,Nguyen,poly_quad_shift_a_noise_0.1,poly_quad_shift_a,polynomial,x1**2 + 0.5*x2 - 0.25,x1|x2,x1|x2,0.1,relative_gaussian_y_train_val,1,512,256,1024,0.13265380739234553,0.1261532698243058,data/noise_robustness_v1_20/splits/poly_quad_shift_a__noise_0.1__seed_1/train_noisy.csv,data/noise_robustness_v1_20/splits/poly_quad_shift_a__noise_0.1__seed_1/val_noisy.csv,data/noise_robustness_v1_20/splits/poly_quad_shift_a__noise_0.1__seed_1/test_clean.csv,data/noise_robustness_v1_20/splits/poly_quad_shift_a__noise_0.1__seed_1/train_clean.csv,data/noise_robustness_v1_20/splits/poly_quad_shift_a__noise_0.1__seed_1/val_clean.csv,data/noise_robustness_v1_20/splits/poly_quad_shift_a__noise_0.1__seed_1
135,poly_quad_shift_a__noise_0.1__seed_2,poly_quad_shift_a,Nguyen,poly_quad_shift_a_noise_0.1,poly_quad_shift_a,polynomial,x1**2 + 0.5*x2 - 0.25,x1|x2,x1|x2,0.1,relative_gaussian_y_train_val,2,512,256,1024,0.12522870784523896,0.1378321182157484,data/noise_robustness_v1_20/splits/poly_quad_shift_a__noise_0.1__seed_2/train_noisy.csv,data/noise_robustness_v1_20/splits/poly_quad_shift_a__noise_0.1__seed_2/val_noisy.csv,data/noise_robustness_v1_20/splits/poly_quad_shift_a__noise_0.1__seed_2/test_clean.csv,data/noise_robustness_v1_20/splits/poly_quad_shift_a__noise_0.1__seed_2/train_clean.csv,data/noise_robustness_v1_20/splits/poly_quad_shift_a__noise_0.1__seed_2/val_clean.csv,data/noise_robustness_v1_20/splits/poly_quad_shift_a__noise_0.1__seed_2
136,poly_quad_shift_b__noise_0__seed_0,poly_quad_shift_b,Nguyen,poly_quad_shift_b_noise_0,poly_quad_shift_b,polynomial,x2**2 + 0.5*x3 - 0.25,x2|x3,x2|x3,0.0,relative_gaussian_y_train_val,0,512,256,1024,0.0,0.0,data/noise_robustness_v1_20/splits/poly_quad_shift_b__noise_0__seed_0/train_noisy.csv,data/noise_robustness_v1_20/splits/poly_quad_shift_b__noise_0__seed_0/val_noisy.csv,data/noise_robustness_v1_20/splits/poly_quad_shift_b__noise_0__seed_0/test_clean.csv,data/noise_robustness_v1_20/splits/poly_quad_shift_b__noise_0__seed_0/train_clean.csv,data/noise_robustness_v1_20/splits/poly_quad_shift_b__noise_0__seed_0/val_clean.csv,data/noise_robustness_v1_20/splits/poly_quad_shift_b__noise_0__seed_0
137,poly_quad_shift_b__noise_0__seed_1,poly_quad_shift_b,Nguyen,poly_quad_shift_b_noise_0,poly_quad_shift_b,polynomial,x2**2 + 0.5*x3 - 0.25,x2|x3,x2|x3,0.0,relative_gaussian_y_train_val,1,512,256,1024,0.0,0.0,data/noise_robustness_v1_20/splits/poly_quad_shift_b__noise_0__seed_1/train_noisy.csv,data/noise_robustness_v1_20/splits/poly_quad_shift_b__noise_0__seed_1/val_noisy.csv,data/noise_robustness_v1_20/splits/poly_quad_shift_b__noise_0__seed_1/test_clean.csv,data/noise_robustness_v1_20/splits/poly_quad_shift_b__noise_0__seed_1/train_clean.csv,data/noise_robustness_v1_20/splits/poly_quad_shift_b__noise_0__seed_1/val_clean.csv,data/noise_robustness_v1_20/splits/poly_quad_shift_b__noise_0__seed_1
138,poly_quad_shift_b__noise_0__seed_2,poly_quad_shift_b,Nguyen,poly_quad_shift_b_noise_0,poly_quad_shift_b,polynomial,x2**2 + 0.5*x3 - 0.25,x2|x3,x2|x3,0.0,relative_gaussian_y_train_val,2,512,256,1024,0.0,0.0,data/noise_robustness_v1_20/splits/poly_quad_shift_b__noise_0__seed_2/train_noisy.csv,data/noise_robustness_v1_20/splits/poly_quad_shift_b__noise_0__seed_2/val_noisy.csv,data/noise_robustness_v1_20/splits/poly_quad_shift_b__noise_0__seed_2/test_clean.csv,data/noise_robustness_v1_20/splits/poly_quad_shift_b__noise_0__seed_2/train_clean.csv,data/noise_robustness_v1_20/splits/poly_quad_shift_b__noise_0__seed_2/val_clean.csv,data/noise_robustness_v1_20/splits/poly_quad_shift_b__noise_0__seed_2
139,poly_quad_shift_b__noise_0.001__seed_0,poly_quad_shift_b,Nguyen,poly_quad_shift_b_noise_0.001,poly_quad_shift_b,polynomial,x2**2 + 0.5*x3 - 0.25,x2|x3,x2|x3,0.001,relative_gaussian_y_train_val,0,512,256,1024,0.0013136673716010847,0.0013295645857606929,data/noise_robustness_v1_20/splits/poly_quad_shift_b__noise_0.001__seed_0/train_noisy.csv,data/noise_robustness_v1_20/splits/poly_quad_shift_b__noise_0.001__seed_0/val_noisy.csv,data/noise_robustness_v1_20/splits/poly_quad_shift_b__noise_0.001__seed_0/test_clean.csv,data/noise_robustness_v1_20/splits/poly_quad_shift_b__noise_0.001__seed_0/train_clean.csv,data/noise_robustness_v1_20/splits/poly_quad_shift_b__noise_0.001__seed_0/val_clean.csv,data/noise_robustness_v1_20/splits/poly_quad_shift_b__noise_0.001__seed_0
140,poly_quad_shift_b__noise_0.001__seed_1,poly_quad_shift_b,Nguyen,poly_quad_shift_b_noise_0.001,poly_quad_shift_b,polynomial,x2**2 + 0.5*x3 - 0.25,x2|x3,x2|x3,0.001,relative_gaussian_y_train_val,1,512,256,1024,0.0013373821850528906,0.0012551077142637331,data/noise_robustness_v1_20/splits/poly_quad_shift_b__noise_0.001__seed_1/train_noisy.csv,data/noise_robustness_v1_20/splits/poly_quad_shift_b__noise_0.001__seed_1/val_noisy.csv,data/noise_robustness_v1_20/splits/poly_quad_shift_b__noise_0.001__seed_1/test_clean.csv,data/noise_robustness_v1_20/splits/poly_quad_shift_b__noise_0.001__seed_1/train_clean.csv,data/noise_robustness_v1_20/splits/poly_quad_shift_b__noise_0.001__seed_1/val_clean.csv,data/noise_robustness_v1_20/splits/poly_quad_shift_b__noise_0.001__seed_1
141,poly_quad_shift_b__noise_0.001__seed_2,poly_quad_shift_b,Nguyen,poly_quad_shift_b_noise_0.001,poly_quad_shift_b,polynomial,x2**2 + 0.5*x3 - 0.25,x2|x3,x2|x3,0.001,relative_gaussian_y_train_val,2,512,256,1024,0.0012610915465502484,0.001238376901518297,data/noise_robustness_v1_20/splits/poly_quad_shift_b__noise_0.001__seed_2/train_noisy.csv,data/noise_robustness_v1_20/splits/poly_quad_shift_b__noise_0.001__seed_2/val_noisy.csv,data/noise_robustness_v1_20/splits/poly_quad_shift_b__noise_0.001__seed_2/test_clean.csv,data/noise_robustness_v1_20/splits/poly_quad_shift_b__noise_0.001__seed_2/train_clean.csv,data/noise_robustness_v1_20/splits/poly_quad_shift_b__noise_0.001__seed_2/val_clean.csv,data/noise_robustness_v1_20/splits/poly_quad_shift_b__noise_0.001__seed_2
142,poly_quad_shift_b__noise_0.01__seed_0,poly_quad_shift_b,Nguyen,poly_quad_shift_b_noise_0.01,poly_quad_shift_b,polynomial,x2**2 + 0.5*x3 - 0.25,x2|x3,x2|x3,0.01,relative_gaussian_y_train_val,0,512,256,1024,0.013038700667780512,0.0135230581510618,data/noise_robustness_v1_20/splits/poly_quad_shift_b__noise_0.01__seed_0/train_noisy.csv,data/noise_robustness_v1_20/splits/poly_quad_shift_b__noise_0.01__seed_0/val_noisy.csv,data/noise_robustness_v1_20/splits/poly_quad_shift_b__noise_0.01__seed_0/test_clean.csv,data/noise_robustness_v1_20/splits/poly_quad_shift_b__noise_0.01__seed_0/train_clean.csv,data/noise_robustness_v1_20/splits/poly_quad_shift_b__noise_0.01__seed_0/val_clean.csv,data/noise_robustness_v1_20/splits/poly_quad_shift_b__noise_0.01__seed_0
143,poly_quad_shift_b__noise_0.01__seed_1,poly_quad_shift_b,Nguyen,poly_quad_shift_b_noise_0.01,poly_quad_shift_b,polynomial,x2**2 + 0.5*x3 - 0.25,x2|x3,x2|x3,0.01,relative_gaussian_y_train_val,1,512,256,1024,0.013480465517597101,0.014137014594027709,data/noise_robustness_v1_20/splits/poly_quad_shift_b__noise_0.01__seed_1/train_noisy.csv,data/noise_robustness_v1_20/splits/poly_quad_shift_b__noise_0.01__seed_1/val_noisy.csv,data/noise_robustness_v1_20/splits/poly_quad_shift_b__noise_0.01__seed_1/test_clean.csv,data/noise_robustness_v1_20/splits/poly_quad_shift_b__noise_0.01__seed_1/train_clean.csv,data/noise_robustness_v1_20/splits/poly_quad_shift_b__noise_0.01__seed_1/val_clean.csv,data/noise_robustness_v1_20/splits/poly_quad_shift_b__noise_0.01__seed_1
144,poly_quad_shift_b__noise_0.01__seed_2,poly_quad_shift_b,Nguyen,poly_quad_shift_b_noise_0.01,poly_quad_shift_b,polynomial,x2**2 + 0.5*x3 - 0.25,x2|x3,x2|x3,0.01,relative_gaussian_y_train_val,2,512,256,1024,0.013662855531394565,0.01423607643773688,data/noise_robustness_v1_20/splits/poly_quad_shift_b__noise_0.01__seed_2/train_noisy.csv,data/noise_robustness_v1_20/splits/poly_quad_shift_b__noise_0.01__seed_2/val_noisy.csv,data/noise_robustness_v1_20/splits/poly_quad_shift_b__noise_0.01__seed_2/test_clean.csv,data/noise_robustness_v1_20/splits/poly_quad_shift_b__noise_0.01__seed_2/train_clean.csv,data/noise_robustness_v1_20/splits/poly_quad_shift_b__noise_0.01__seed_2/val_clean.csv,data/noise_robustness_v1_20/splits/poly_quad_shift_b__noise_0.01__seed_2
145,poly_quad_shift_b__noise_0.05__seed_0,poly_quad_shift_b,Nguyen,poly_quad_shift_b_noise_0.05,poly_quad_shift_b,polynomial,x2**2 + 0.5*x3 - 0.25,x2|x3,x2|x3,0.05,relative_gaussian_y_train_val,0,512,256,1024,0.06526258179643615,0.06464931576560194,data/noise_robustness_v1_20/splits/poly_quad_shift_b__noise_0.05__seed_0/train_noisy.csv,data/noise_robustness_v1_20/splits/poly_quad_shift_b__noise_0.05__seed_0/val_noisy.csv,data/noise_robustness_v1_20/splits/poly_quad_shift_b__noise_0.05__seed_0/test_clean.csv,data/noise_robustness_v1_20/splits/poly_quad_shift_b__noise_0.05__seed_0/train_clean.csv,data/noise_robustness_v1_20/splits/poly_quad_shift_b__noise_0.05__seed_0/val_clean.csv,data/noise_robustness_v1_20/splits/poly_quad_shift_b__noise_0.05__seed_0
146,poly_quad_shift_b__noise_0.05__seed_1,poly_quad_shift_b,Nguyen,poly_quad_shift_b_noise_0.05,poly_quad_shift_b,polynomial,x2**2 + 0.5*x3 - 0.25,x2|x3,x2|x3,0.05,relative_gaussian_y_train_val,1,512,256,1024,0.06643932099612257,0.06505932777299143,data/noise_robustness_v1_20/splits/poly_quad_shift_b__noise_0.05__seed_1/train_noisy.csv,data/noise_robustness_v1_20/splits/poly_quad_shift_b__noise_0.05__seed_1/val_noisy.csv,data/noise_robustness_v1_20/splits/poly_quad_shift_b__noise_0.05__seed_1/test_clean.csv,data/noise_robustness_v1_20/splits/poly_quad_shift_b__noise_0.05__seed_1/train_clean.csv,data/noise_robustness_v1_20/splits/poly_quad_shift_b__noise_0.05__seed_1/val_clean.csv,data/noise_robustness_v1_20/splits/poly_quad_shift_b__noise_0.05__seed_1
147,poly_quad_shift_b__noise_0.05__seed_2,poly_quad_shift_b,Nguyen,poly_quad_shift_b_noise_0.05,poly_quad_shift_b,polynomial,x2**2 + 0.5*x3 - 0.25,x2|x3,x2|x3,0.05,relative_gaussian_y_train_val,2,512,256,1024,0.0655772911143981,0.0667029957729635,data/noise_robustness_v1_20/splits/poly_quad_shift_b__noise_0.05__seed_2/train_noisy.csv,data/noise_robustness_v1_20/splits/poly_quad_shift_b__noise_0.05__seed_2/val_noisy.csv,data/noise_robustness_v1_20/splits/poly_quad_shift_b__noise_0.05__seed_2/test_clean.csv,data/noise_robustness_v1_20/splits/poly_quad_shift_b__noise_0.05__seed_2/train_clean.csv,data/noise_robustness_v1_20/splits/poly_quad_shift_b__noise_0.05__seed_2/val_clean.csv,data/noise_robustness_v1_20/splits/poly_quad_shift_b__noise_0.05__seed_2
148,poly_quad_shift_b__noise_0.1__seed_0,poly_quad_shift_b,Nguyen,poly_quad_shift_b_noise_0.1,poly_quad_shift_b,polynomial,x2**2 + 0.5*x3 - 0.25,x2|x3,x2|x3,0.1,relative_gaussian_y_train_val,0,512,256,1024,0.13202242391435723,0.13631695449598777,data/noise_robustness_v1_20/splits/poly_quad_shift_b__noise_0.1__seed_0/train_noisy.csv,data/noise_robustness_v1_20/splits/poly_quad_shift_b__noise_0.1__seed_0/val_noisy.csv,data/noise_robustness_v1_20/splits/poly_quad_shift_b__noise_0.1__seed_0/test_clean.csv,data/noise_robustness_v1_20/splits/poly_quad_shift_b__noise_0.1__seed_0/train_clean.csv,data/noise_robustness_v1_20/splits/poly_quad_shift_b__noise_0.1__seed_0/val_clean.csv,data/noise_robustness_v1_20/splits/poly_quad_shift_b__noise_0.1__seed_0
149,poly_quad_shift_b__noise_0.1__seed_1,poly_quad_shift_b,Nguyen,poly_quad_shift_b_noise_0.1,poly_quad_shift_b,polynomial,x2**2 + 0.5*x3 - 0.25,x2|x3,x2|x3,0.1,relative_gaussian_y_train_val,1,512,256,1024,0.1315503125277607,0.12678003858262105,data/noise_robustness_v1_20/splits/poly_quad_shift_b__noise_0.1__seed_1/train_noisy.csv,data/noise_robustness_v1_20/splits/poly_quad_shift_b__noise_0.1__seed_1/val_noisy.csv,data/noise_robustness_v1_20/splits/poly_quad_shift_b__noise_0.1__seed_1/test_clean.csv,data/noise_robustness_v1_20/splits/poly_quad_shift_b__noise_0.1__seed_1/train_clean.csv,data/noise_robustness_v1_20/splits/poly_quad_shift_b__noise_0.1__seed_1/val_clean.csv,data/noise_robustness_v1_20/splits/poly_quad_shift_b__noise_0.1__seed_1
150,poly_quad_shift_b__noise_0.1__seed_2,poly_quad_shift_b,Nguyen,poly_quad_shift_b_noise_0.1,poly_quad_shift_b,polynomial,x2**2 + 0.5*x3 - 0.25,x2|x3,x2|x3,0.1,relative_gaussian_y_train_val,2,512,256,1024,0.13410317369571423,0.1272084245492526,data/noise_robustness_v1_20/splits/poly_quad_shift_b__noise_0.1__seed_2/train_noisy.csv,data/noise_robustness_v1_20/splits/poly_quad_shift_b__noise_0.1__seed_2/val_noisy.csv,data/noise_robustness_v1_20/splits/poly_quad_shift_b__noise_0.1__seed_2/test_clean.csv,data/noise_robustness_v1_20/splits/poly_quad_shift_b__noise_0.1__seed_2/train_clean.csv,data/noise_robustness_v1_20/splits/poly_quad_shift_b__noise_0.1__seed_2/val_clean.csv,data/noise_robustness_v1_20/splits/poly_quad_shift_b__noise_0.1__seed_2
151,poly_quad_shift_c__noise_0__seed_0,poly_quad_shift_c,Nguyen,poly_quad_shift_c_noise_0,poly_quad_shift_c,polynomial,x3**2 + 0.5*x3 - 0.25,x3,x3,0.0,relative_gaussian_y_train_val,0,512,256,1024,0.0,0.0,data/noise_robustness_v1_20/splits/poly_quad_shift_c__noise_0__seed_0/train_noisy.csv,data/noise_robustness_v1_20/splits/poly_quad_shift_c__noise_0__seed_0/val_noisy.csv,data/noise_robustness_v1_20/splits/poly_quad_shift_c__noise_0__seed_0/test_clean.csv,data/noise_robustness_v1_20/splits/poly_quad_shift_c__noise_0__seed_0/train_clean.csv,data/noise_robustness_v1_20/splits/poly_quad_shift_c__noise_0__seed_0/val_clean.csv,data/noise_robustness_v1_20/splits/poly_quad_shift_c__noise_0__seed_0
152,poly_quad_shift_c__noise_0__seed_1,poly_quad_shift_c,Nguyen,poly_quad_shift_c_noise_0,poly_quad_shift_c,polynomial,x3**2 + 0.5*x3 - 0.25,x3,x3,0.0,relative_gaussian_y_train_val,1,512,256,1024,0.0,0.0,data/noise_robustness_v1_20/splits/poly_quad_shift_c__noise_0__seed_1/train_noisy.csv,data/noise_robustness_v1_20/splits/poly_quad_shift_c__noise_0__seed_1/val_noisy.csv,data/noise_robustness_v1_20/splits/poly_quad_shift_c__noise_0__seed_1/test_clean.csv,data/noise_robustness_v1_20/splits/poly_quad_shift_c__noise_0__seed_1/train_clean.csv,data/noise_robustness_v1_20/splits/poly_quad_shift_c__noise_0__seed_1/val_clean.csv,data/noise_robustness_v1_20/splits/poly_quad_shift_c__noise_0__seed_1
153,poly_quad_shift_c__noise_0__seed_2,poly_quad_shift_c,Nguyen,poly_quad_shift_c_noise_0,poly_quad_shift_c,polynomial,x3**2 + 0.5*x3 - 0.25,x3,x3,0.0,relative_gaussian_y_train_val,2,512,256,1024,0.0,0.0,data/noise_robustness_v1_20/splits/poly_quad_shift_c__noise_0__seed_2/train_noisy.csv,data/noise_robustness_v1_20/splits/poly_quad_shift_c__noise_0__seed_2/val_noisy.csv,data/noise_robustness_v1_20/splits/poly_quad_shift_c__noise_0__seed_2/test_clean.csv,data/noise_robustness_v1_20/splits/poly_quad_shift_c__noise_0__seed_2/train_clean.csv,data/noise_robustness_v1_20/splits/poly_quad_shift_c__noise_0__seed_2/val_clean.csv,data/noise_robustness_v1_20/splits/poly_quad_shift_c__noise_0__seed_2
154,poly_quad_shift_c__noise_0.001__seed_0,poly_quad_shift_c,Nguyen,poly_quad_shift_c_noise_0.001,poly_quad_shift_c,polynomial,x3**2 + 0.5*x3 - 0.25,x3,x3,0.001,relative_gaussian_y_train_val,0,512,256,1024,0.0013046845114158111,0.0013198218080659589,data/noise_robustness_v1_20/splits/poly_quad_shift_c__noise_0.001__seed_0/train_noisy.csv,data/noise_robustness_v1_20/splits/poly_quad_shift_c__noise_0.001__seed_0/val_noisy.csv,data/noise_robustness_v1_20/splits/poly_quad_shift_c__noise_0.001__seed_0/test_clean.csv,data/noise_robustness_v1_20/splits/poly_quad_shift_c__noise_0.001__seed_0/train_clean.csv,data/noise_robustness_v1_20/splits/poly_quad_shift_c__noise_0.001__seed_0/val_clean.csv,data/noise_robustness_v1_20/splits/poly_quad_shift_c__noise_0.001__seed_0
155,poly_quad_shift_c__noise_0.001__seed_1,poly_quad_shift_c,Nguyen,poly_quad_shift_c_noise_0.001,poly_quad_shift_c,polynomial,x3**2 + 0.5*x3 - 0.25,x3,x3,0.001,relative_gaussian_y_train_val,1,512,256,1024,0.0012837399624848673,0.0013801569100598272,data/noise_robustness_v1_20/splits/poly_quad_shift_c__noise_0.001__seed_1/train_noisy.csv,data/noise_robustness_v1_20/splits/poly_quad_shift_c__noise_0.001__seed_1/val_noisy.csv,data/noise_robustness_v1_20/splits/poly_quad_shift_c__noise_0.001__seed_1/test_clean.csv,data/noise_robustness_v1_20/splits/poly_quad_shift_c__noise_0.001__seed_1/train_clean.csv,data/noise_robustness_v1_20/splits/poly_quad_shift_c__noise_0.001__seed_1/val_clean.csv,data/noise_robustness_v1_20/splits/poly_quad_shift_c__noise_0.001__seed_1
156,poly_quad_shift_c__noise_0.001__seed_2,poly_quad_shift_c,Nguyen,poly_quad_shift_c_noise_0.001,poly_quad_shift_c,polynomial,x3**2 + 0.5*x3 - 0.25,x3,x3,0.001,relative_gaussian_y_train_val,2,512,256,1024,0.0013702091890907054,0.0013316542136957512,data/noise_robustness_v1_20/splits/poly_quad_shift_c__noise_0.001__seed_2/train_noisy.csv,data/noise_robustness_v1_20/splits/poly_quad_shift_c__noise_0.001__seed_2/val_noisy.csv,data/noise_robustness_v1_20/splits/poly_quad_shift_c__noise_0.001__seed_2/test_clean.csv,data/noise_robustness_v1_20/splits/poly_quad_shift_c__noise_0.001__seed_2/train_clean.csv,data/noise_robustness_v1_20/splits/poly_quad_shift_c__noise_0.001__seed_2/val_clean.csv,data/noise_robustness_v1_20/splits/poly_quad_shift_c__noise_0.001__seed_2
157,poly_quad_shift_c__noise_0.01__seed_0,poly_quad_shift_c,Nguyen,poly_quad_shift_c_noise_0.01,poly_quad_shift_c,polynomial,x3**2 + 0.5*x3 - 0.25,x3,x3,0.01,relative_gaussian_y_train_val,0,512,256,1024,0.012398148071191738,0.013011891036806012,data/noise_robustness_v1_20/splits/poly_quad_shift_c__noise_0.01__seed_0/train_noisy.csv,data/noise_robustness_v1_20/splits/poly_quad_shift_c__noise_0.01__seed_0/val_noisy.csv,data/noise_robustness_v1_20/splits/poly_quad_shift_c__noise_0.01__seed_0/test_clean.csv,data/noise_robustness_v1_20/splits/poly_quad_shift_c__noise_0.01__seed_0/train_clean.csv,data/noise_robustness_v1_20/splits/poly_quad_shift_c__noise_0.01__seed_0/val_clean.csv,data/noise_robustness_v1_20/splits/poly_quad_shift_c__noise_0.01__seed_0
158,poly_quad_shift_c__noise_0.01__seed_1,poly_quad_shift_c,Nguyen,poly_quad_shift_c_noise_0.01,poly_quad_shift_c,polynomial,x3**2 + 0.5*x3 - 0.25,x3,x3,0.01,relative_gaussian_y_train_val,1,512,256,1024,0.013388327293468304,0.014121639665972645,data/noise_robustness_v1_20/splits/poly_quad_shift_c__noise_0.01__seed_1/train_noisy.csv,data/noise_robustness_v1_20/splits/poly_quad_shift_c__noise_0.01__seed_1/val_noisy.csv,data/noise_robustness_v1_20/splits/poly_quad_shift_c__noise_0.01__seed_1/test_clean.csv,data/noise_robustness_v1_20/splits/poly_quad_shift_c__noise_0.01__seed_1/train_clean.csv,data/noise_robustness_v1_20/splits/poly_quad_shift_c__noise_0.01__seed_1/val_clean.csv,data/noise_robustness_v1_20/splits/poly_quad_shift_c__noise_0.01__seed_1
159,poly_quad_shift_c__noise_0.01__seed_2,poly_quad_shift_c,Nguyen,poly_quad_shift_c_noise_0.01,poly_quad_shift_c,polynomial,x3**2 + 0.5*x3 - 0.25,x3,x3,0.01,relative_gaussian_y_train_val,2,512,256,1024,0.013162442137760908,0.013827749608108935,data/noise_robustness_v1_20/splits/poly_quad_shift_c__noise_0.01__seed_2/train_noisy.csv,data/noise_robustness_v1_20/splits/poly_quad_shift_c__noise_0.01__seed_2/val_noisy.csv,data/noise_robustness_v1_20/splits/poly_quad_shift_c__noise_0.01__seed_2/test_clean.csv,data/noise_robustness_v1_20/splits/poly_quad_shift_c__noise_0.01__seed_2/train_clean.csv,data/noise_robustness_v1_20/splits/poly_quad_shift_c__noise_0.01__seed_2/val_clean.csv,data/noise_robustness_v1_20/splits/poly_quad_shift_c__noise_0.01__seed_2
160,poly_quad_shift_c__noise_0.05__seed_0,poly_quad_shift_c,Nguyen,poly_quad_shift_c_noise_0.05,poly_quad_shift_c,polynomial,x3**2 + 0.5*x3 - 0.25,x3,x3,0.05,relative_gaussian_y_train_val,0,512,256,1024,0.06484817710259483,0.06668904228110105,data/noise_robustness_v1_20/splits/poly_quad_shift_c__noise_0.05__seed_0/train_noisy.csv,data/noise_robustness_v1_20/splits/poly_quad_shift_c__noise_0.05__seed_0/val_noisy.csv,data/noise_robustness_v1_20/splits/poly_quad_shift_c__noise_0.05__seed_0/test_clean.csv,data/noise_robustness_v1_20/splits/poly_quad_shift_c__noise_0.05__seed_0/train_clean.csv,data/noise_robustness_v1_20/splits/poly_quad_shift_c__noise_0.05__seed_0/val_clean.csv,data/noise_robustness_v1_20/splits/poly_quad_shift_c__noise_0.05__seed_0
161,poly_quad_shift_c__noise_0.05__seed_1,poly_quad_shift_c,Nguyen,poly_quad_shift_c_noise_0.05,poly_quad_shift_c,polynomial,x3**2 + 0.5*x3 - 0.25,x3,x3,0.05,relative_gaussian_y_train_val,1,512,256,1024,0.06595994479257127,0.07220950362361098,data/noise_robustness_v1_20/splits/poly_quad_shift_c__noise_0.05__seed_1/train_noisy.csv,data/noise_robustness_v1_20/splits/poly_quad_shift_c__noise_0.05__seed_1/val_noisy.csv,data/noise_robustness_v1_20/splits/poly_quad_shift_c__noise_0.05__seed_1/test_clean.csv,data/noise_robustness_v1_20/splits/poly_quad_shift_c__noise_0.05__seed_1/train_clean.csv,data/noise_robustness_v1_20/splits/poly_quad_shift_c__noise_0.05__seed_1/val_clean.csv,data/noise_robustness_v1_20/splits/poly_quad_shift_c__noise_0.05__seed_1
162,poly_quad_shift_c__noise_0.05__seed_2,poly_quad_shift_c,Nguyen,poly_quad_shift_c_noise_0.05,poly_quad_shift_c,polynomial,x3**2 + 0.5*x3 - 0.25,x3,x3,0.05,relative_gaussian_y_train_val,2,512,256,1024,0.06464982088942077,0.06581636338532158,data/noise_robustness_v1_20/splits/poly_quad_shift_c__noise_0.05__seed_2/train_noisy.csv,data/noise_robustness_v1_20/splits/poly_quad_shift_c__noise_0.05__seed_2/val_noisy.csv,data/noise_robustness_v1_20/splits/poly_quad_shift_c__noise_0.05__seed_2/test_clean.csv,data/noise_robustness_v1_20/splits/poly_quad_shift_c__noise_0.05__seed_2/train_clean.csv,data/noise_robustness_v1_20/splits/poly_quad_shift_c__noise_0.05__seed_2/val_clean.csv,data/noise_robustness_v1_20/splits/poly_quad_shift_c__noise_0.05__seed_2
163,poly_quad_shift_c__noise_0.1__seed_0,poly_quad_shift_c,Nguyen,poly_quad_shift_c_noise_0.1,poly_quad_shift_c,polynomial,x3**2 + 0.5*x3 - 0.25,x3,x3,0.1,relative_gaussian_y_train_val,0,512,256,1024,0.13025535128148255,0.1298122172311363,data/noise_robustness_v1_20/splits/poly_quad_shift_c__noise_0.1__seed_0/train_noisy.csv,data/noise_robustness_v1_20/splits/poly_quad_shift_c__noise_0.1__seed_0/val_noisy.csv,data/noise_robustness_v1_20/splits/poly_quad_shift_c__noise_0.1__seed_0/test_clean.csv,data/noise_robustness_v1_20/splits/poly_quad_shift_c__noise_0.1__seed_0/train_clean.csv,data/noise_robustness_v1_20/splits/poly_quad_shift_c__noise_0.1__seed_0/val_clean.csv,data/noise_robustness_v1_20/splits/poly_quad_shift_c__noise_0.1__seed_0
164,poly_quad_shift_c__noise_0.1__seed_1,poly_quad_shift_c,Nguyen,poly_quad_shift_c_noise_0.1,poly_quad_shift_c,polynomial,x3**2 + 0.5*x3 - 0.25,x3,x3,0.1,relative_gaussian_y_train_val,1,512,256,1024,0.12309392160993177,0.12872292023092974,data/noise_robustness_v1_20/splits/poly_quad_shift_c__noise_0.1__seed_1/train_noisy.csv,data/noise_robustness_v1_20/splits/poly_quad_shift_c__noise_0.1__seed_1/val_noisy.csv,data/noise_robustness_v1_20/splits/poly_quad_shift_c__noise_0.1__seed_1/test_clean.csv,data/noise_robustness_v1_20/splits/poly_quad_shift_c__noise_0.1__seed_1/train_clean.csv,data/noise_robustness_v1_20/splits/poly_quad_shift_c__noise_0.1__seed_1/val_clean.csv,data/noise_robustness_v1_20/splits/poly_quad_shift_c__noise_0.1__seed_1
165,poly_quad_shift_c__noise_0.1__seed_2,poly_quad_shift_c,Nguyen,poly_quad_shift_c_noise_0.1,poly_quad_shift_c,polynomial,x3**2 + 0.5*x3 - 0.25,x3,x3,0.1,relative_gaussian_y_train_val,2,512,256,1024,0.13110476956247208,0.13727472159812756,data/noise_robustness_v1_20/splits/poly_quad_shift_c__noise_0.1__seed_2/train_noisy.csv,data/noise_robustness_v1_20/splits/poly_quad_shift_c__noise_0.1__seed_2/val_noisy.csv,data/noise_robustness_v1_20/splits/poly_quad_shift_c__noise_0.1__seed_2/test_clean.csv,data/noise_robustness_v1_20/splits/poly_quad_shift_c__noise_0.1__seed_2/train_clean.csv,data/noise_robustness_v1_20/splits/poly_quad_shift_c__noise_0.1__seed_2/val_clean.csv,data/noise_robustness_v1_20/splits/poly_quad_shift_c__noise_0.1__seed_2
166,poly_cubic_mix_a__noise_0__seed_0,poly_cubic_mix_a,Nguyen,poly_cubic_mix_a_noise_0,poly_cubic_mix_a,polynomial,0.5*x1**3 - x2**2 + x1*x2,x1|x2,x1|x2,0.0,relative_gaussian_y_train_val,0,512,256,1024,0.0,0.0,data/noise_robustness_v1_20/splits/poly_cubic_mix_a__noise_0__seed_0/train_noisy.csv,data/noise_robustness_v1_20/splits/poly_cubic_mix_a__noise_0__seed_0/val_noisy.csv,data/noise_robustness_v1_20/splits/poly_cubic_mix_a__noise_0__seed_0/test_clean.csv,data/noise_robustness_v1_20/splits/poly_cubic_mix_a__noise_0__seed_0/train_clean.csv,data/noise_robustness_v1_20/splits/poly_cubic_mix_a__noise_0__seed_0/val_clean.csv,data/noise_robustness_v1_20/splits/poly_cubic_mix_a__noise_0__seed_0
167,poly_cubic_mix_a__noise_0__seed_1,poly_cubic_mix_a,Nguyen,poly_cubic_mix_a_noise_0,poly_cubic_mix_a,polynomial,0.5*x1**3 - x2**2 + x1*x2,x1|x2,x1|x2,0.0,relative_gaussian_y_train_val,1,512,256,1024,0.0,0.0,data/noise_robustness_v1_20/splits/poly_cubic_mix_a__noise_0__seed_1/train_noisy.csv,data/noise_robustness_v1_20/splits/poly_cubic_mix_a__noise_0__seed_1/val_noisy.csv,data/noise_robustness_v1_20/splits/poly_cubic_mix_a__noise_0__seed_1/test_clean.csv,data/noise_robustness_v1_20/splits/poly_cubic_mix_a__noise_0__seed_1/train_clean.csv,data/noise_robustness_v1_20/splits/poly_cubic_mix_a__noise_0__seed_1/val_clean.csv,data/noise_robustness_v1_20/splits/poly_cubic_mix_a__noise_0__seed_1
168,poly_cubic_mix_a__noise_0__seed_2,poly_cubic_mix_a,Nguyen,poly_cubic_mix_a_noise_0,poly_cubic_mix_a,polynomial,0.5*x1**3 - x2**2 + x1*x2,x1|x2,x1|x2,0.0,relative_gaussian_y_train_val,2,512,256,1024,0.0,0.0,data/noise_robustness_v1_20/splits/poly_cubic_mix_a__noise_0__seed_2/train_noisy.csv,data/noise_robustness_v1_20/splits/poly_cubic_mix_a__noise_0__seed_2/val_noisy.csv,data/noise_robustness_v1_20/splits/poly_cubic_mix_a__noise_0__seed_2/test_clean.csv,data/noise_robustness_v1_20/splits/poly_cubic_mix_a__noise_0__seed_2/train_clean.csv,data/noise_robustness_v1_20/splits/poly_cubic_mix_a__noise_0__seed_2/val_clean.csv,data/noise_robustness_v1_20/splits/poly_cubic_mix_a__noise_0__seed_2
169,poly_cubic_mix_a__noise_0.001__seed_0,poly_cubic_mix_a,Nguyen,poly_cubic_mix_a_noise_0.001,poly_cubic_mix_a,polynomial,0.5*x1**3 - x2**2 + x1*x2,x1|x2,x1|x2,0.001,relative_gaussian_y_train_val,0,512,256,1024,0.002281323929476795,0.0022839213456750753,data/noise_robustness_v1_20/splits/poly_cubic_mix_a__noise_0.001__seed_0/train_noisy.csv,data/noise_robustness_v1_20/splits/poly_cubic_mix_a__noise_0.001__seed_0/val_noisy.csv,data/noise_robustness_v1_20/splits/poly_cubic_mix_a__noise_0.001__seed_0/test_clean.csv,data/noise_robustness_v1_20/splits/poly_cubic_mix_a__noise_0.001__seed_0/train_clean.csv,data/noise_robustness_v1_20/splits/poly_cubic_mix_a__noise_0.001__seed_0/val_clean.csv,data/noise_robustness_v1_20/splits/poly_cubic_mix_a__noise_0.001__seed_0
170,poly_cubic_mix_a__noise_0.001__seed_1,poly_cubic_mix_a,Nguyen,poly_cubic_mix_a_noise_0.001,poly_cubic_mix_a,polynomial,0.5*x1**3 - x2**2 + x1*x2,x1|x2,x1|x2,0.001,relative_gaussian_y_train_val,1,512,256,1024,0.0025407716399668168,0.0022121099624385957,data/noise_robustness_v1_20/splits/poly_cubic_mix_a__noise_0.001__seed_1/train_noisy.csv,data/noise_robustness_v1_20/splits/poly_cubic_mix_a__noise_0.001__seed_1/val_noisy.csv,data/noise_robustness_v1_20/splits/poly_cubic_mix_a__noise_0.001__seed_1/test_clean.csv,data/noise_robustness_v1_20/splits/poly_cubic_mix_a__noise_0.001__seed_1/train_clean.csv,data/noise_robustness_v1_20/splits/poly_cubic_mix_a__noise_0.001__seed_1/val_clean.csv,data/noise_robustness_v1_20/splits/poly_cubic_mix_a__noise_0.001__seed_1
171,poly_cubic_mix_a__noise_0.001__seed_2,poly_cubic_mix_a,Nguyen,poly_cubic_mix_a_noise_0.001,poly_cubic_mix_a,polynomial,0.5*x1**3 - x2**2 + x1*x2,x1|x2,x1|x2,0.001,relative_gaussian_y_train_val,2,512,256,1024,0.002274733379317828,0.002349935391281339,data/noise_robustness_v1_20/splits/poly_cubic_mix_a__noise_0.001__seed_2/train_noisy.csv,data/noise_robustness_v1_20/splits/poly_cubic_mix_a__noise_0.001__seed_2/val_noisy.csv,data/noise_robustness_v1_20/splits/poly_cubic_mix_a__noise_0.001__seed_2/test_clean.csv,data/noise_robustness_v1_20/splits/poly_cubic_mix_a__noise_0.001__seed_2/train_clean.csv,data/noise_robustness_v1_20/splits/poly_cubic_mix_a__noise_0.001__seed_2/val_clean.csv,data/noise_robustness_v1_20/splits/poly_cubic_mix_a__noise_0.001__seed_2
172,poly_cubic_mix_a__noise_0.01__seed_0,poly_cubic_mix_a,Nguyen,poly_cubic_mix_a_noise_0.01,poly_cubic_mix_a,polynomial,0.5*x1**3 - x2**2 + x1*x2,x1|x2,x1|x2,0.01,relative_gaussian_y_train_val,0,512,256,1024,0.02436332915666258,0.02088381911138916,data/noise_robustness_v1_20/splits/poly_cubic_mix_a__noise_0.01__seed_0/train_noisy.csv,data/noise_robustness_v1_20/splits/poly_cubic_mix_a__noise_0.01__seed_0/val_noisy.csv,data/noise_robustness_v1_20/splits/poly_cubic_mix_a__noise_0.01__seed_0/test_clean.csv,data/noise_robustness_v1_20/splits/poly_cubic_mix_a__noise_0.01__seed_0/train_clean.csv,data/noise_robustness_v1_20/splits/poly_cubic_mix_a__noise_0.01__seed_0/val_clean.csv,data/noise_robustness_v1_20/splits/poly_cubic_mix_a__noise_0.01__seed_0
173,poly_cubic_mix_a__noise_0.01__seed_1,poly_cubic_mix_a,Nguyen,poly_cubic_mix_a_noise_0.01,poly_cubic_mix_a,polynomial,0.5*x1**3 - x2**2 + x1*x2,x1|x2,x1|x2,0.01,relative_gaussian_y_train_val,1,512,256,1024,0.024778591820517237,0.024188519557810827,data/noise_robustness_v1_20/splits/poly_cubic_mix_a__noise_0.01__seed_1/train_noisy.csv,data/noise_robustness_v1_20/splits/poly_cubic_mix_a__noise_0.01__seed_1/val_noisy.csv,data/noise_robustness_v1_20/splits/poly_cubic_mix_a__noise_0.01__seed_1/test_clean.csv,data/noise_robustness_v1_20/splits/poly_cubic_mix_a__noise_0.01__seed_1/train_clean.csv,data/noise_robustness_v1_20/splits/poly_cubic_mix_a__noise_0.01__seed_1/val_clean.csv,data/noise_robustness_v1_20/splits/poly_cubic_mix_a__noise_0.01__seed_1
174,poly_cubic_mix_a__noise_0.01__seed_2,poly_cubic_mix_a,Nguyen,poly_cubic_mix_a_noise_0.01,poly_cubic_mix_a,polynomial,0.5*x1**3 - x2**2 + x1*x2,x1|x2,x1|x2,0.01,relative_gaussian_y_train_val,2,512,256,1024,0.023661467656369846,0.0219846153621015,data/noise_robustness_v1_20/splits/poly_cubic_mix_a__noise_0.01__seed_2/train_noisy.csv,data/noise_robustness_v1_20/splits/poly_cubic_mix_a__noise_0.01__seed_2/val_noisy.csv,data/noise_robustness_v1_20/splits/poly_cubic_mix_a__noise_0.01__seed_2/test_clean.csv,data/noise_robustness_v1_20/splits/poly_cubic_mix_a__noise_0.01__seed_2/train_clean.csv,data/noise_robustness_v1_20/splits/poly_cubic_mix_a__noise_0.01__seed_2/val_clean.csv,data/noise_robustness_v1_20/splits/poly_cubic_mix_a__noise_0.01__seed_2
175,poly_cubic_mix_a__noise_0.05__seed_0,poly_cubic_mix_a,Nguyen,poly_cubic_mix_a_noise_0.05,poly_cubic_mix_a,polynomial,0.5*x1**3 - x2**2 + x1*x2,x1|x2,x1|x2,0.05,relative_gaussian_y_train_val,0,512,256,1024,0.11743622753706627,0.10641410782057609,data/noise_robustness_v1_20/splits/poly_cubic_mix_a__noise_0.05__seed_0/train_noisy.csv,data/noise_robustness_v1_20/splits/poly_cubic_mix_a__noise_0.05__seed_0/val_noisy.csv,data/noise_robustness_v1_20/splits/poly_cubic_mix_a__noise_0.05__seed_0/test_clean.csv,data/noise_robustness_v1_20/splits/poly_cubic_mix_a__noise_0.05__seed_0/train_clean.csv,data/noise_robustness_v1_20/splits/poly_cubic_mix_a__noise_0.05__seed_0/val_clean.csv,data/noise_robustness_v1_20/splits/poly_cubic_mix_a__noise_0.05__seed_0
176,poly_cubic_mix_a__noise_0.05__seed_1,poly_cubic_mix_a,Nguyen,poly_cubic_mix_a_noise_0.05,poly_cubic_mix_a,polynomial,0.5*x1**3 - x2**2 + x1*x2,x1|x2,x1|x2,0.05,relative_gaussian_y_train_val,1,512,256,1024,0.1115670487703499,0.11975541782765825,data/noise_robustness_v1_20/splits/poly_cubic_mix_a__noise_0.05__seed_1/train_noisy.csv,data/noise_robustness_v1_20/splits/poly_cubic_mix_a__noise_0.05__seed_1/val_noisy.csv,data/noise_robustness_v1_20/splits/poly_cubic_mix_a__noise_0.05__seed_1/test_clean.csv,data/noise_robustness_v1_20/splits/poly_cubic_mix_a__noise_0.05__seed_1/train_clean.csv,data/noise_robustness_v1_20/splits/poly_cubic_mix_a__noise_0.05__seed_1/val_clean.csv,data/noise_robustness_v1_20/splits/poly_cubic_mix_a__noise_0.05__seed_1
177,poly_cubic_mix_a__noise_0.05__seed_2,poly_cubic_mix_a,Nguyen,poly_cubic_mix_a_noise_0.05,poly_cubic_mix_a,polynomial,0.5*x1**3 - x2**2 + x1*x2,x1|x2,x1|x2,0.05,relative_gaussian_y_train_val,2,512,256,1024,0.11876982724748218,0.11859059845057743,data/noise_robustness_v1_20/splits/poly_cubic_mix_a__noise_0.05__seed_2/train_noisy.csv,data/noise_robustness_v1_20/splits/poly_cubic_mix_a__noise_0.05__seed_2/val_noisy.csv,data/noise_robustness_v1_20/splits/poly_cubic_mix_a__noise_0.05__seed_2/test_clean.csv,data/noise_robustness_v1_20/splits/poly_cubic_mix_a__noise_0.05__seed_2/train_clean.csv,data/noise_robustness_v1_20/splits/poly_cubic_mix_a__noise_0.05__seed_2/val_clean.csv,data/noise_robustness_v1_20/splits/poly_cubic_mix_a__noise_0.05__seed_2
178,poly_cubic_mix_a__noise_0.1__seed_0,poly_cubic_mix_a,Nguyen,poly_cubic_mix_a_noise_0.1,poly_cubic_mix_a,polynomial,0.5*x1**3 - x2**2 + x1*x2,x1|x2,x1|x2,0.1,relative_gaussian_y_train_val,0,512,256,1024,0.22894797069479736,0.24539787008102865,data/noise_robustness_v1_20/splits/poly_cubic_mix_a__noise_0.1__seed_0/train_noisy.csv,data/noise_robustness_v1_20/splits/poly_cubic_mix_a__noise_0.1__seed_0/val_noisy.csv,data/noise_robustness_v1_20/splits/poly_cubic_mix_a__noise_0.1__seed_0/test_clean.csv,data/noise_robustness_v1_20/splits/poly_cubic_mix_a__noise_0.1__seed_0/train_clean.csv,data/noise_robustness_v1_20/splits/poly_cubic_mix_a__noise_0.1__seed_0/val_clean.csv,data/noise_robustness_v1_20/splits/poly_cubic_mix_a__noise_0.1__seed_0
179,poly_cubic_mix_a__noise_0.1__seed_1,poly_cubic_mix_a,Nguyen,poly_cubic_mix_a_noise_0.1,poly_cubic_mix_a,polynomial,0.5*x1**3 - x2**2 + x1*x2,x1|x2,x1|x2,0.1,relative_gaussian_y_train_val,1,512,256,1024,0.2212203543046971,0.253474645476927,data/noise_robustness_v1_20/splits/poly_cubic_mix_a__noise_0.1__seed_1/train_noisy.csv,data/noise_robustness_v1_20/splits/poly_cubic_mix_a__noise_0.1__seed_1/val_noisy.csv,data/noise_robustness_v1_20/splits/poly_cubic_mix_a__noise_0.1__seed_1/test_clean.csv,data/noise_robustness_v1_20/splits/poly_cubic_mix_a__noise_0.1__seed_1/train_clean.csv,data/noise_robustness_v1_20/splits/poly_cubic_mix_a__noise_0.1__seed_1/val_clean.csv,data/noise_robustness_v1_20/splits/poly_cubic_mix_a__noise_0.1__seed_1
180,poly_cubic_mix_a__noise_0.1__seed_2,poly_cubic_mix_a,Nguyen,poly_cubic_mix_a_noise_0.1,poly_cubic_mix_a,polynomial,0.5*x1**3 - x2**2 + x1*x2,x1|x2,x1|x2,0.1,relative_gaussian_y_train_val,2,512,256,1024,0.23062678387930344,0.23870184329322772,data/noise_robustness_v1_20/splits/poly_cubic_mix_a__noise_0.1__seed_2/train_noisy.csv,data/noise_robustness_v1_20/splits/poly_cubic_mix_a__noise_0.1__seed_2/val_noisy.csv,data/noise_robustness_v1_20/splits/poly_cubic_mix_a__noise_0.1__seed_2/test_clean.csv,data/noise_robustness_v1_20/splits/poly_cubic_mix_a__noise_0.1__seed_2/train_clean.csv,data/noise_robustness_v1_20/splits/poly_cubic_mix_a__noise_0.1__seed_2/val_clean.csv,data/noise_robustness_v1_20/splits/poly_cubic_mix_a__noise_0.1__seed_2
181,poly_cubic_mix_b__noise_0__seed_0,poly_cubic_mix_b,Nguyen,poly_cubic_mix_b_noise_0,poly_cubic_mix_b,polynomial,0.5*x2**3 - x3**2 + x2*x3,x2|x3,x2|x3,0.0,relative_gaussian_y_train_val,0,512,256,1024,0.0,0.0,data/noise_robustness_v1_20/splits/poly_cubic_mix_b__noise_0__seed_0/train_noisy.csv,data/noise_robustness_v1_20/splits/poly_cubic_mix_b__noise_0__seed_0/val_noisy.csv,data/noise_robustness_v1_20/splits/poly_cubic_mix_b__noise_0__seed_0/test_clean.csv,data/noise_robustness_v1_20/splits/poly_cubic_mix_b__noise_0__seed_0/train_clean.csv,data/noise_robustness_v1_20/splits/poly_cubic_mix_b__noise_0__seed_0/val_clean.csv,data/noise_robustness_v1_20/splits/poly_cubic_mix_b__noise_0__seed_0
182,poly_cubic_mix_b__noise_0__seed_1,poly_cubic_mix_b,Nguyen,poly_cubic_mix_b_noise_0,poly_cubic_mix_b,polynomial,0.5*x2**3 - x3**2 + x2*x3,x2|x3,x2|x3,0.0,relative_gaussian_y_train_val,1,512,256,1024,0.0,0.0,data/noise_robustness_v1_20/splits/poly_cubic_mix_b__noise_0__seed_1/train_noisy.csv,data/noise_robustness_v1_20/splits/poly_cubic_mix_b__noise_0__seed_1/val_noisy.csv,data/noise_robustness_v1_20/splits/poly_cubic_mix_b__noise_0__seed_1/test_clean.csv,data/noise_robustness_v1_20/splits/poly_cubic_mix_b__noise_0__seed_1/train_clean.csv,data/noise_robustness_v1_20/splits/poly_cubic_mix_b__noise_0__seed_1/val_clean.csv,data/noise_robustness_v1_20/splits/poly_cubic_mix_b__noise_0__seed_1
183,poly_cubic_mix_b__noise_0__seed_2,poly_cubic_mix_b,Nguyen,poly_cubic_mix_b_noise_0,poly_cubic_mix_b,polynomial,0.5*x2**3 - x3**2 + x2*x3,x2|x3,x2|x3,0.0,relative_gaussian_y_train_val,2,512,256,1024,0.0,0.0,data/noise_robustness_v1_20/splits/poly_cubic_mix_b__noise_0__seed_2/train_noisy.csv,data/noise_robustness_v1_20/splits/poly_cubic_mix_b__noise_0__seed_2/val_noisy.csv,data/noise_robustness_v1_20/splits/poly_cubic_mix_b__noise_0__seed_2/test_clean.csv,data/noise_robustness_v1_20/splits/poly_cubic_mix_b__noise_0__seed_2/train_clean.csv,data/noise_robustness_v1_20/splits/poly_cubic_mix_b__noise_0__seed_2/val_clean.csv,data/noise_robustness_v1_20/splits/poly_cubic_mix_b__noise_0__seed_2
184,poly_cubic_mix_b__noise_0.001__seed_0,poly_cubic_mix_b,Nguyen,poly_cubic_mix_b_noise_0.001,poly_cubic_mix_b,polynomial,0.5*x2**3 - x3**2 + x2*x3,x2|x3,x2|x3,0.001,relative_gaussian_y_train_val,0,512,256,1024,0.0022630399476514197,0.0023719891733635008,data/noise_robustness_v1_20/splits/poly_cubic_mix_b__noise_0.001__seed_0/train_noisy.csv,data/noise_robustness_v1_20/splits/poly_cubic_mix_b__noise_0.001__seed_0/val_noisy.csv,data/noise_robustness_v1_20/splits/poly_cubic_mix_b__noise_0.001__seed_0/test_clean.csv,data/noise_robustness_v1_20/splits/poly_cubic_mix_b__noise_0.001__seed_0/train_clean.csv,data/noise_robustness_v1_20/splits/poly_cubic_mix_b__noise_0.001__seed_0/val_clean.csv,data/noise_robustness_v1_20/splits/poly_cubic_mix_b__noise_0.001__seed_0
185,poly_cubic_mix_b__noise_0.001__seed_1,poly_cubic_mix_b,Nguyen,poly_cubic_mix_b_noise_0.001,poly_cubic_mix_b,polynomial,0.5*x2**3 - x3**2 + x2*x3,x2|x3,x2|x3,0.001,relative_gaussian_y_train_val,1,512,256,1024,0.0022524563894094946,0.002227668039200117,data/noise_robustness_v1_20/splits/poly_cubic_mix_b__noise_0.001__seed_1/train_noisy.csv,data/noise_robustness_v1_20/splits/poly_cubic_mix_b__noise_0.001__seed_1/val_noisy.csv,data/noise_robustness_v1_20/splits/poly_cubic_mix_b__noise_0.001__seed_1/test_clean.csv,data/noise_robustness_v1_20/splits/poly_cubic_mix_b__noise_0.001__seed_1/train_clean.csv,data/noise_robustness_v1_20/splits/poly_cubic_mix_b__noise_0.001__seed_1/val_clean.csv,data/noise_robustness_v1_20/splits/poly_cubic_mix_b__noise_0.001__seed_1
186,poly_cubic_mix_b__noise_0.001__seed_2,poly_cubic_mix_b,Nguyen,poly_cubic_mix_b_noise_0.001,poly_cubic_mix_b,polynomial,0.5*x2**3 - x3**2 + x2*x3,x2|x3,x2|x3,0.001,relative_gaussian_y_train_val,2,512,256,1024,0.002465815883103776,0.002564477224868037,data/noise_robustness_v1_20/splits/poly_cubic_mix_b__noise_0.001__seed_2/train_noisy.csv,data/noise_robustness_v1_20/splits/poly_cubic_mix_b__noise_0.001__seed_2/val_noisy.csv,data/noise_robustness_v1_20/splits/poly_cubic_mix_b__noise_0.001__seed_2/test_clean.csv,data/noise_robustness_v1_20/splits/poly_cubic_mix_b__noise_0.001__seed_2/train_clean.csv,data/noise_robustness_v1_20/splits/poly_cubic_mix_b__noise_0.001__seed_2/val_clean.csv,data/noise_robustness_v1_20/splits/poly_cubic_mix_b__noise_0.001__seed_2
187,poly_cubic_mix_b__noise_0.01__seed_0,poly_cubic_mix_b,Nguyen,poly_cubic_mix_b_noise_0.01,poly_cubic_mix_b,polynomial,0.5*x2**3 - x3**2 + x2*x3,x2|x3,x2|x3,0.01,relative_gaussian_y_train_val,0,512,256,1024,0.025346261186456567,0.025343026562578287,data/noise_robustness_v1_20/splits/poly_cubic_mix_b__noise_0.01__seed_0/train_noisy.csv,data/noise_robustness_v1_20/splits/poly_cubic_mix_b__noise_0.01__seed_0/val_noisy.csv,data/noise_robustness_v1_20/splits/poly_cubic_mix_b__noise_0.01__seed_0/test_clean.csv,data/noise_robustness_v1_20/splits/poly_cubic_mix_b__noise_0.01__seed_0/train_clean.csv,data/noise_robustness_v1_20/splits/poly_cubic_mix_b__noise_0.01__seed_0/val_clean.csv,data/noise_robustness_v1_20/splits/poly_cubic_mix_b__noise_0.01__seed_0
188,poly_cubic_mix_b__noise_0.01__seed_1,poly_cubic_mix_b,Nguyen,poly_cubic_mix_b_noise_0.01,poly_cubic_mix_b,polynomial,0.5*x2**3 - x3**2 + x2*x3,x2|x3,x2|x3,0.01,relative_gaussian_y_train_val,1,512,256,1024,0.02445117287545144,0.022972863177083035,data/noise_robustness_v1_20/splits/poly_cubic_mix_b__noise_0.01__seed_1/train_noisy.csv,data/noise_robustness_v1_20/splits/poly_cubic_mix_b__noise_0.01__seed_1/val_noisy.csv,data/noise_robustness_v1_20/splits/poly_cubic_mix_b__noise_0.01__seed_1/test_clean.csv,data/noise_robustness_v1_20/splits/poly_cubic_mix_b__noise_0.01__seed_1/train_clean.csv,data/noise_robustness_v1_20/splits/poly_cubic_mix_b__noise_0.01__seed_1/val_clean.csv,data/noise_robustness_v1_20/splits/poly_cubic_mix_b__noise_0.01__seed_1
189,poly_cubic_mix_b__noise_0.01__seed_2,poly_cubic_mix_b,Nguyen,poly_cubic_mix_b_noise_0.01,poly_cubic_mix_b,polynomial,0.5*x2**3 - x3**2 + x2*x3,x2|x3,x2|x3,0.01,relative_gaussian_y_train_val,2,512,256,1024,0.023007559139255687,0.0227772723209473,data/noise_robustness_v1_20/splits/poly_cubic_mix_b__noise_0.01__seed_2/train_noisy.csv,data/noise_robustness_v1_20/splits/poly_cubic_mix_b__noise_0.01__seed_2/val_noisy.csv,data/noise_robustness_v1_20/splits/poly_cubic_mix_b__noise_0.01__seed_2/test_clean.csv,data/noise_robustness_v1_20/splits/poly_cubic_mix_b__noise_0.01__seed_2/train_clean.csv,data/noise_robustness_v1_20/splits/poly_cubic_mix_b__noise_0.01__seed_2/val_clean.csv,data/noise_robustness_v1_20/splits/poly_cubic_mix_b__noise_0.01__seed_2
190,poly_cubic_mix_b__noise_0.05__seed_0,poly_cubic_mix_b,Nguyen,poly_cubic_mix_b_noise_0.05,poly_cubic_mix_b,polynomial,0.5*x2**3 - x3**2 + x2*x3,x2|x3,x2|x3,0.05,relative_gaussian_y_train_val,0,512,256,1024,0.11559118088643848,0.11353536287339046,data/noise_robustness_v1_20/splits/poly_cubic_mix_b__noise_0.05__seed_0/train_noisy.csv,data/noise_robustness_v1_20/splits/poly_cubic_mix_b__noise_0.05__seed_0/val_noisy.csv,data/noise_robustness_v1_20/splits/poly_cubic_mix_b__noise_0.05__seed_0/test_clean.csv,data/noise_robustness_v1_20/splits/poly_cubic_mix_b__noise_0.05__seed_0/train_clean.csv,data/noise_robustness_v1_20/splits/poly_cubic_mix_b__noise_0.05__seed_0/val_clean.csv,data/noise_robustness_v1_20/splits/poly_cubic_mix_b__noise_0.05__seed_0
191,poly_cubic_mix_b__noise_0.05__seed_1,poly_cubic_mix_b,Nguyen,poly_cubic_mix_b_noise_0.05,poly_cubic_mix_b,polynomial,0.5*x2**3 - x3**2 + x2*x3,x2|x3,x2|x3,0.05,relative_gaussian_y_train_val,1,512,256,1024,0.11958920192562283,0.1138882716501998,data/noise_robustness_v1_20/splits/poly_cubic_mix_b__noise_0.05__seed_1/train_noisy.csv,data/noise_robustness_v1_20/splits/poly_cubic_mix_b__noise_0.05__seed_1/val_noisy.csv,data/noise_robustness_v1_20/splits/poly_cubic_mix_b__noise_0.05__seed_1/test_clean.csv,data/noise_robustness_v1_20/splits/poly_cubic_mix_b__noise_0.05__seed_1/train_clean.csv,data/noise_robustness_v1_20/splits/poly_cubic_mix_b__noise_0.05__seed_1/val_clean.csv,data/noise_robustness_v1_20/splits/poly_cubic_mix_b__noise_0.05__seed_1
192,poly_cubic_mix_b__noise_0.05__seed_2,poly_cubic_mix_b,Nguyen,poly_cubic_mix_b_noise_0.05,poly_cubic_mix_b,polynomial,0.5*x2**3 - x3**2 + x2*x3,x2|x3,x2|x3,0.05,relative_gaussian_y_train_val,2,512,256,1024,0.12119850115395166,0.1071113435597299,data/noise_robustness_v1_20/splits/poly_cubic_mix_b__noise_0.05__seed_2/train_noisy.csv,data/noise_robustness_v1_20/splits/poly_cubic_mix_b__noise_0.05__seed_2/val_noisy.csv,data/noise_robustness_v1_20/splits/poly_cubic_mix_b__noise_0.05__seed_2/test_clean.csv,data/noise_robustness_v1_20/splits/poly_cubic_mix_b__noise_0.05__seed_2/train_clean.csv,data/noise_robustness_v1_20/splits/poly_cubic_mix_b__noise_0.05__seed_2/val_clean.csv,data/noise_robustness_v1_20/splits/poly_cubic_mix_b__noise_0.05__seed_2
193,poly_cubic_mix_b__noise_0.1__seed_0,poly_cubic_mix_b,Nguyen,poly_cubic_mix_b_noise_0.1,poly_cubic_mix_b,polynomial,0.5*x2**3 - x3**2 + x2*x3,x2|x3,x2|x3,0.1,relative_gaussian_y_train_val,0,512,256,1024,0.24085428856676896,0.2224211682385164,data/noise_robustness_v1_20/splits/poly_cubic_mix_b__noise_0.1__seed_0/train_noisy.csv,data/noise_robustness_v1_20/splits/poly_cubic_mix_b__noise_0.1__seed_0/val_noisy.csv,data/noise_robustness_v1_20/splits/poly_cubic_mix_b__noise_0.1__seed_0/test_clean.csv,data/noise_robustness_v1_20/splits/poly_cubic_mix_b__noise_0.1__seed_0/train_clean.csv,data/noise_robustness_v1_20/splits/poly_cubic_mix_b__noise_0.1__seed_0/val_clean.csv,data/noise_robustness_v1_20/splits/poly_cubic_mix_b__noise_0.1__seed_0
194,poly_cubic_mix_b__noise_0.1__seed_1,poly_cubic_mix_b,Nguyen,poly_cubic_mix_b_noise_0.1,poly_cubic_mix_b,polynomial,0.5*x2**3 - x3**2 + x2*x3,x2|x3,x2|x3,0.1,relative_gaussian_y_train_val,1,512,256,1024,0.22754580557293283,0.24916553408375416,data/noise_robustness_v1_20/splits/poly_cubic_mix_b__noise_0.1__seed_1/train_noisy.csv,data/noise_robustness_v1_20/splits/poly_cubic_mix_b__noise_0.1__seed_1/val_noisy.csv,data/noise_robustness_v1_20/splits/poly_cubic_mix_b__noise_0.1__seed_1/test_clean.csv,data/noise_robustness_v1_20/splits/poly_cubic_mix_b__noise_0.1__seed_1/train_clean.csv,data/noise_robustness_v1_20/splits/poly_cubic_mix_b__noise_0.1__seed_1/val_clean.csv,data/noise_robustness_v1_20/splits/poly_cubic_mix_b__noise_0.1__seed_1
195,poly_cubic_mix_b__noise_0.1__seed_2,poly_cubic_mix_b,Nguyen,poly_cubic_mix_b_noise_0.1,poly_cubic_mix_b,polynomial,0.5*x2**3 - x3**2 + x2*x3,x2|x3,x2|x3,0.1,relative_gaussian_y_train_val,2,512,256,1024,0.21858380580512482,0.23208240855911724,data/noise_robustness_v1_20/splits/poly_cubic_mix_b__noise_0.1__seed_2/train_noisy.csv,data/noise_robustness_v1_20/splits/poly_cubic_mix_b__noise_0.1__seed_2/val_noisy.csv,data/noise_robustness_v1_20/splits/poly_cubic_mix_b__noise_0.1__seed_2/test_clean.csv,data/noise_robustness_v1_20/splits/poly_cubic_mix_b__noise_0.1__seed_2/train_clean.csv,data/noise_robustness_v1_20/splits/poly_cubic_mix_b__noise_0.1__seed_2/val_clean.csv,data/noise_robustness_v1_20/splits/poly_cubic_mix_b__noise_0.1__seed_2
196,poly_cubic_mix_c__noise_0__seed_0,poly_cubic_mix_c,Nguyen,poly_cubic_mix_c_noise_0,poly_cubic_mix_c,polynomial,0.5*x3**3 - x3**2 + x3*x3,x3,x3,0.0,relative_gaussian_y_train_val,0,512,256,1024,0.0,0.0,data/noise_robustness_v1_20/splits/poly_cubic_mix_c__noise_0__seed_0/train_noisy.csv,data/noise_robustness_v1_20/splits/poly_cubic_mix_c__noise_0__seed_0/val_noisy.csv,data/noise_robustness_v1_20/splits/poly_cubic_mix_c__noise_0__seed_0/test_clean.csv,data/noise_robustness_v1_20/splits/poly_cubic_mix_c__noise_0__seed_0/train_clean.csv,data/noise_robustness_v1_20/splits/poly_cubic_mix_c__noise_0__seed_0/val_clean.csv,data/noise_robustness_v1_20/splits/poly_cubic_mix_c__noise_0__seed_0
197,poly_cubic_mix_c__noise_0__seed_1,poly_cubic_mix_c,Nguyen,poly_cubic_mix_c_noise_0,poly_cubic_mix_c,polynomial,0.5*x3**3 - x3**2 + x3*x3,x3,x3,0.0,relative_gaussian_y_train_val,1,512,256,1024,0.0,0.0,data/noise_robustness_v1_20/splits/poly_cubic_mix_c__noise_0__seed_1/train_noisy.csv,data/noise_robustness_v1_20/splits/poly_cubic_mix_c__noise_0__seed_1/val_noisy.csv,data/noise_robustness_v1_20/splits/poly_cubic_mix_c__noise_0__seed_1/test_clean.csv,data/noise_robustness_v1_20/splits/poly_cubic_mix_c__noise_0__seed_1/train_clean.csv,data/noise_robustness_v1_20/splits/poly_cubic_mix_c__noise_0__seed_1/val_clean.csv,data/noise_robustness_v1_20/splits/poly_cubic_mix_c__noise_0__seed_1
198,poly_cubic_mix_c__noise_0__seed_2,poly_cubic_mix_c,Nguyen,poly_cubic_mix_c_noise_0,poly_cubic_mix_c,polynomial,0.5*x3**3 - x3**2 + x3*x3,x3,x3,0.0,relative_gaussian_y_train_val,2,512,256,1024,0.0,0.0,data/noise_robustness_v1_20/splits/poly_cubic_mix_c__noise_0__seed_2/train_noisy.csv,data/noise_robustness_v1_20/splits/poly_cubic_mix_c__noise_0__seed_2/val_noisy.csv,data/noise_robustness_v1_20/splits/poly_cubic_mix_c__noise_0__seed_2/test_clean.csv,data/noise_robustness_v1_20/splits/poly_cubic_mix_c__noise_0__seed_2/train_clean.csv,data/noise_robustness_v1_20/splits/poly_cubic_mix_c__noise_0__seed_2/val_clean.csv,data/noise_robustness_v1_20/splits/poly_cubic_mix_c__noise_0__seed_2
199,poly_cubic_mix_c__noise_0.001__seed_0,poly_cubic_mix_c,Nguyen,poly_cubic_mix_c_noise_0.001,poly_cubic_mix_c,polynomial,0.5*x3**3 - x3**2 + x3*x3,x3,x3,0.001,relative_gaussian_y_train_val,0,512,256,1024,0.001544393702267827,0.001496974697918906,data/noise_robustness_v1_20/splits/poly_cubic_mix_c__noise_0.001__seed_0/train_noisy.csv,data/noise_robustness_v1_20/splits/poly_cubic_mix_c__noise_0.001__seed_0/val_noisy.csv,data/noise_robustness_v1_20/splits/poly_cubic_mix_c__noise_0.001__seed_0/test_clean.csv,data/noise_robustness_v1_20/splits/poly_cubic_mix_c__noise_0.001__seed_0/train_clean.csv,data/noise_robustness_v1_20/splits/poly_cubic_mix_c__noise_0.001__seed_0/val_clean.csv,data/noise_robustness_v1_20/splits/poly_cubic_mix_c__noise_0.001__seed_0
200,poly_cubic_mix_c__noise_0.001__seed_1,poly_cubic_mix_c,Nguyen,poly_cubic_mix_c_noise_0.001,poly_cubic_mix_c,polynomial,0.5*x3**3 - x3**2 + x3*x3,x3,x3,0.001,relative_gaussian_y_train_val,1,512,256,1024,0.0015794579794445524,0.0015602396395905018,data/noise_robustness_v1_20/splits/poly_cubic_mix_c__noise_0.001__seed_1/train_noisy.csv,data/noise_robustness_v1_20/splits/poly_cubic_mix_c__noise_0.001__seed_1/val_noisy.csv,data/noise_robustness_v1_20/splits/poly_cubic_mix_c__noise_0.001__seed_1/test_clean.csv,data/noise_robustness_v1_20/splits/poly_cubic_mix_c__noise_0.001__seed_1/train_clean.csv,data/noise_robustness_v1_20/splits/poly_cubic_mix_c__noise_0.001__seed_1/val_clean.csv,data/noise_robustness_v1_20/splits/poly_cubic_mix_c__noise_0.001__seed_1
201,poly_cubic_mix_c__noise_0.001__seed_2,poly_cubic_mix_c,Nguyen,poly_cubic_mix_c_noise_0.001,poly_cubic_mix_c,polynomial,0.5*x3**3 - x3**2 + x3*x3,x3,x3,0.001,relative_gaussian_y_train_val,2,512,256,1024,0.0015728717911165783,0.0014508583538823325,data/noise_robustness_v1_20/splits/poly_cubic_mix_c__noise_0.001__seed_2/train_noisy.csv,data/noise_robustness_v1_20/splits/poly_cubic_mix_c__noise_0.001__seed_2/val_noisy.csv,data/noise_robustness_v1_20/splits/poly_cubic_mix_c__noise_0.001__seed_2/test_clean.csv,data/noise_robustness_v1_20/splits/poly_cubic_mix_c__noise_0.001__seed_2/train_clean.csv,data/noise_robustness_v1_20/splits/poly_cubic_mix_c__noise_0.001__seed_2/val_clean.csv,data/noise_robustness_v1_20/splits/poly_cubic_mix_c__noise_0.001__seed_2
202,poly_cubic_mix_c__noise_0.01__seed_0,poly_cubic_mix_c,Nguyen,poly_cubic_mix_c_noise_0.01,poly_cubic_mix_c,polynomial,0.5*x3**3 - x3**2 + x3*x3,x3,x3,0.01,relative_gaussian_y_train_val,0,512,256,1024,0.01549117583636895,0.016181323803079132,data/noise_robustness_v1_20/splits/poly_cubic_mix_c__noise_0.01__seed_0/train_noisy.csv,data/noise_robustness_v1_20/splits/poly_cubic_mix_c__noise_0.01__seed_0/val_noisy.csv,data/noise_robustness_v1_20/splits/poly_cubic_mix_c__noise_0.01__seed_0/test_clean.csv,data/noise_robustness_v1_20/splits/poly_cubic_mix_c__noise_0.01__seed_0/train_clean.csv,data/noise_robustness_v1_20/splits/poly_cubic_mix_c__noise_0.01__seed_0/val_clean.csv,data/noise_robustness_v1_20/splits/poly_cubic_mix_c__noise_0.01__seed_0
203,poly_cubic_mix_c__noise_0.01__seed_1,poly_cubic_mix_c,Nguyen,poly_cubic_mix_c_noise_0.01,poly_cubic_mix_c,polynomial,0.5*x3**3 - x3**2 + x3*x3,x3,x3,0.01,relative_gaussian_y_train_val,1,512,256,1024,0.01549479717043867,0.016656638041645508,data/noise_robustness_v1_20/splits/poly_cubic_mix_c__noise_0.01__seed_1/train_noisy.csv,data/noise_robustness_v1_20/splits/poly_cubic_mix_c__noise_0.01__seed_1/val_noisy.csv,data/noise_robustness_v1_20/splits/poly_cubic_mix_c__noise_0.01__seed_1/test_clean.csv,data/noise_robustness_v1_20/splits/poly_cubic_mix_c__noise_0.01__seed_1/train_clean.csv,data/noise_robustness_v1_20/splits/poly_cubic_mix_c__noise_0.01__seed_1/val_clean.csv,data/noise_robustness_v1_20/splits/poly_cubic_mix_c__noise_0.01__seed_1
204,poly_cubic_mix_c__noise_0.01__seed_2,poly_cubic_mix_c,Nguyen,poly_cubic_mix_c_noise_0.01,poly_cubic_mix_c,polynomial,0.5*x3**3 - x3**2 + x3*x3,x3,x3,0.01,relative_gaussian_y_train_val,2,512,256,1024,0.015405164644564505,0.01554573435610432,data/noise_robustness_v1_20/splits/poly_cubic_mix_c__noise_0.01__seed_2/train_noisy.csv,data/noise_robustness_v1_20/splits/poly_cubic_mix_c__noise_0.01__seed_2/val_noisy.csv,data/noise_robustness_v1_20/splits/poly_cubic_mix_c__noise_0.01__seed_2/test_clean.csv,data/noise_robustness_v1_20/splits/poly_cubic_mix_c__noise_0.01__seed_2/train_clean.csv,data/noise_robustness_v1_20/splits/poly_cubic_mix_c__noise_0.01__seed_2/val_clean.csv,data/noise_robustness_v1_20/splits/poly_cubic_mix_c__noise_0.01__seed_2
205,poly_cubic_mix_c__noise_0.05__seed_0,poly_cubic_mix_c,Nguyen,poly_cubic_mix_c_noise_0.05,poly_cubic_mix_c,polynomial,0.5*x3**3 - x3**2 + x3*x3,x3,x3,0.05,relative_gaussian_y_train_val,0,512,256,1024,0.07466909654328267,0.06925904933380923,data/noise_robustness_v1_20/splits/poly_cubic_mix_c__noise_0.05__seed_0/train_noisy.csv,data/noise_robustness_v1_20/splits/poly_cubic_mix_c__noise_0.05__seed_0/val_noisy.csv,data/noise_robustness_v1_20/splits/poly_cubic_mix_c__noise_0.05__seed_0/test_clean.csv,data/noise_robustness_v1_20/splits/poly_cubic_mix_c__noise_0.05__seed_0/train_clean.csv,data/noise_robustness_v1_20/splits/poly_cubic_mix_c__noise_0.05__seed_0/val_clean.csv,data/noise_robustness_v1_20/splits/poly_cubic_mix_c__noise_0.05__seed_0
206,poly_cubic_mix_c__noise_0.05__seed_1,poly_cubic_mix_c,Nguyen,poly_cubic_mix_c_noise_0.05,poly_cubic_mix_c,polynomial,0.5*x3**3 - x3**2 + x3*x3,x3,x3,0.05,relative_gaussian_y_train_val,1,512,256,1024,0.0709928735892168,0.07157126370178123,data/noise_robustness_v1_20/splits/poly_cubic_mix_c__noise_0.05__seed_1/train_noisy.csv,data/noise_robustness_v1_20/splits/poly_cubic_mix_c__noise_0.05__seed_1/val_noisy.csv,data/noise_robustness_v1_20/splits/poly_cubic_mix_c__noise_0.05__seed_1/test_clean.csv,data/noise_robustness_v1_20/splits/poly_cubic_mix_c__noise_0.05__seed_1/train_clean.csv,data/noise_robustness_v1_20/splits/poly_cubic_mix_c__noise_0.05__seed_1/val_clean.csv,data/noise_robustness_v1_20/splits/poly_cubic_mix_c__noise_0.05__seed_1
207,poly_cubic_mix_c__noise_0.05__seed_2,poly_cubic_mix_c,Nguyen,poly_cubic_mix_c_noise_0.05,poly_cubic_mix_c,polynomial,0.5*x3**3 - x3**2 + x3*x3,x3,x3,0.05,relative_gaussian_y_train_val,2,512,256,1024,0.07261177692598496,0.06713889779012652,data/noise_robustness_v1_20/splits/poly_cubic_mix_c__noise_0.05__seed_2/train_noisy.csv,data/noise_robustness_v1_20/splits/poly_cubic_mix_c__noise_0.05__seed_2/val_noisy.csv,data/noise_robustness_v1_20/splits/poly_cubic_mix_c__noise_0.05__seed_2/test_clean.csv,data/noise_robustness_v1_20/splits/poly_cubic_mix_c__noise_0.05__seed_2/train_clean.csv,data/noise_robustness_v1_20/splits/poly_cubic_mix_c__noise_0.05__seed_2/val_clean.csv,data/noise_robustness_v1_20/splits/poly_cubic_mix_c__noise_0.05__seed_2
208,poly_cubic_mix_c__noise_0.1__seed_0,poly_cubic_mix_c,Nguyen,poly_cubic_mix_c_noise_0.1,poly_cubic_mix_c,polynomial,0.5*x3**3 - x3**2 + x3*x3,x3,x3,0.1,relative_gaussian_y_train_val,0,512,256,1024,0.15388575034819493,0.14028742461815216,data/noise_robustness_v1_20/splits/poly_cubic_mix_c__noise_0.1__seed_0/train_noisy.csv,data/noise_robustness_v1_20/splits/poly_cubic_mix_c__noise_0.1__seed_0/val_noisy.csv,data/noise_robustness_v1_20/splits/poly_cubic_mix_c__noise_0.1__seed_0/test_clean.csv,data/noise_robustness_v1_20/splits/poly_cubic_mix_c__noise_0.1__seed_0/train_clean.csv,data/noise_robustness_v1_20/splits/poly_cubic_mix_c__noise_0.1__seed_0/val_clean.csv,data/noise_robustness_v1_20/splits/poly_cubic_mix_c__noise_0.1__seed_0
209,poly_cubic_mix_c__noise_0.1__seed_1,poly_cubic_mix_c,Nguyen,poly_cubic_mix_c_noise_0.1,poly_cubic_mix_c,polynomial,0.5*x3**3 - x3**2 + x3*x3,x3,x3,0.1,relative_gaussian_y_train_val,1,512,256,1024,0.15103914013515995,0.16035126015547477,data/noise_robustness_v1_20/splits/poly_cubic_mix_c__noise_0.1__seed_1/train_noisy.csv,data/noise_robustness_v1_20/splits/poly_cubic_mix_c__noise_0.1__seed_1/val_noisy.csv,data/noise_robustness_v1_20/splits/poly_cubic_mix_c__noise_0.1__seed_1/test_clean.csv,data/noise_robustness_v1_20/splits/poly_cubic_mix_c__noise_0.1__seed_1/train_clean.csv,data/noise_robustness_v1_20/splits/poly_cubic_mix_c__noise_0.1__seed_1/val_clean.csv,data/noise_robustness_v1_20/splits/poly_cubic_mix_c__noise_0.1__seed_1
210,poly_cubic_mix_c__noise_0.1__seed_2,poly_cubic_mix_c,Nguyen,poly_cubic_mix_c_noise_0.1,poly_cubic_mix_c,polynomial,0.5*x3**3 - x3**2 + x3*x3,x3,x3,0.1,relative_gaussian_y_train_val,2,512,256,1024,0.15308476266371898,0.15393070068125106,data/noise_robustness_v1_20/splits/poly_cubic_mix_c__noise_0.1__seed_2/train_noisy.csv,data/noise_robustness_v1_20/splits/poly_cubic_mix_c__noise_0.1__seed_2/val_noisy.csv,data/noise_robustness_v1_20/splits/poly_cubic_mix_c__noise_0.1__seed_2/test_clean.csv,data/noise_robustness_v1_20/splits/poly_cubic_mix_c__noise_0.1__seed_2/train_clean.csv,data/noise_robustness_v1_20/splits/poly_cubic_mix_c__noise_0.1__seed_2/val_clean.csv,data/noise_robustness_v1_20/splits/poly_cubic_mix_c__noise_0.1__seed_2
211,rational_offset_a__noise_0__seed_0,rational_offset_a,Nguyen,rational_offset_a_noise_0,rational_offset_a,rational,(x1 + x2)/(1 + abs(x1)),x1|x2,x1|x2,0.0,relative_gaussian_y_train_val,0,512,256,1024,0.0,0.0,data/noise_robustness_v1_20/splits/rational_offset_a__noise_0__seed_0/train_noisy.csv,data/noise_robustness_v1_20/splits/rational_offset_a__noise_0__seed_0/val_noisy.csv,data/noise_robustness_v1_20/splits/rational_offset_a__noise_0__seed_0/test_clean.csv,data/noise_robustness_v1_20/splits/rational_offset_a__noise_0__seed_0/train_clean.csv,data/noise_robustness_v1_20/splits/rational_offset_a__noise_0__seed_0/val_clean.csv,data/noise_robustness_v1_20/splits/rational_offset_a__noise_0__seed_0
212,rational_offset_a__noise_0__seed_1,rational_offset_a,Nguyen,rational_offset_a_noise_0,rational_offset_a,rational,(x1 + x2)/(1 + abs(x1)),x1|x2,x1|x2,0.0,relative_gaussian_y_train_val,1,512,256,1024,0.0,0.0,data/noise_robustness_v1_20/splits/rational_offset_a__noise_0__seed_1/train_noisy.csv,data/noise_robustness_v1_20/splits/rational_offset_a__noise_0__seed_1/val_noisy.csv,data/noise_robustness_v1_20/splits/rational_offset_a__noise_0__seed_1/test_clean.csv,data/noise_robustness_v1_20/splits/rational_offset_a__noise_0__seed_1/train_clean.csv,data/noise_robustness_v1_20/splits/rational_offset_a__noise_0__seed_1/val_clean.csv,data/noise_robustness_v1_20/splits/rational_offset_a__noise_0__seed_1
213,rational_offset_a__noise_0__seed_2,rational_offset_a,Nguyen,rational_offset_a_noise_0,rational_offset_a,rational,(x1 + x2)/(1 + abs(x1)),x1|x2,x1|x2,0.0,relative_gaussian_y_train_val,2,512,256,1024,0.0,0.0,data/noise_robustness_v1_20/splits/rational_offset_a__noise_0__seed_2/train_noisy.csv,data/noise_robustness_v1_20/splits/rational_offset_a__noise_0__seed_2/val_noisy.csv,data/noise_robustness_v1_20/splits/rational_offset_a__noise_0__seed_2/test_clean.csv,data/noise_robustness_v1_20/splits/rational_offset_a__noise_0__seed_2/train_clean.csv,data/noise_robustness_v1_20/splits/rational_offset_a__noise_0__seed_2/val_clean.csv,data/noise_robustness_v1_20/splits/rational_offset_a__noise_0__seed_2
214,rational_offset_a__noise_0.001__seed_0,rational_offset_a,Nguyen,rational_offset_a_noise_0.001,rational_offset_a,rational,(x1 + x2)/(1 + abs(x1)),x1|x2,x1|x2,0.001,relative_gaussian_y_train_val,0,512,256,1024,0.0008239273707792572,0.0008395196712834923,data/noise_robustness_v1_20/splits/rational_offset_a__noise_0.001__seed_0/train_noisy.csv,data/noise_robustness_v1_20/splits/rational_offset_a__noise_0.001__seed_0/val_noisy.csv,data/noise_robustness_v1_20/splits/rational_offset_a__noise_0.001__seed_0/test_clean.csv,data/noise_robustness_v1_20/splits/rational_offset_a__noise_0.001__seed_0/train_clean.csv,data/noise_robustness_v1_20/splits/rational_offset_a__noise_0.001__seed_0/val_clean.csv,data/noise_robustness_v1_20/splits/rational_offset_a__noise_0.001__seed_0
215,rational_offset_a__noise_0.001__seed_1,rational_offset_a,Nguyen,rational_offset_a_noise_0.001,rational_offset_a,rational,(x1 + x2)/(1 + abs(x1)),x1|x2,x1|x2,0.001,relative_gaussian_y_train_val,1,512,256,1024,0.0008269386126291636,0.0008311921489310305,data/noise_robustness_v1_20/splits/rational_offset_a__noise_0.001__seed_1/train_noisy.csv,data/noise_robustness_v1_20/splits/rational_offset_a__noise_0.001__seed_1/val_noisy.csv,data/noise_robustness_v1_20/splits/rational_offset_a__noise_0.001__seed_1/test_clean.csv,data/noise_robustness_v1_20/splits/rational_offset_a__noise_0.001__seed_1/train_clean.csv,data/noise_robustness_v1_20/splits/rational_offset_a__noise_0.001__seed_1/val_clean.csv,data/noise_robustness_v1_20/splits/rational_offset_a__noise_0.001__seed_1
216,rational_offset_a__noise_0.001__seed_2,rational_offset_a,Nguyen,rational_offset_a_noise_0.001,rational_offset_a,rational,(x1 + x2)/(1 + abs(x1)),x1|x2,x1|x2,0.001,relative_gaussian_y_train_val,2,512,256,1024,0.0008271897705956157,0.0008015770428217029,data/noise_robustness_v1_20/splits/rational_offset_a__noise_0.001__seed_2/train_noisy.csv,data/noise_robustness_v1_20/splits/rational_offset_a__noise_0.001__seed_2/val_noisy.csv,data/noise_robustness_v1_20/splits/rational_offset_a__noise_0.001__seed_2/test_clean.csv,data/noise_robustness_v1_20/splits/rational_offset_a__noise_0.001__seed_2/train_clean.csv,data/noise_robustness_v1_20/splits/rational_offset_a__noise_0.001__seed_2/val_clean.csv,data/noise_robustness_v1_20/splits/rational_offset_a__noise_0.001__seed_2
217,rational_offset_a__noise_0.01__seed_0,rational_offset_a,Nguyen,rational_offset_a_noise_0.01,rational_offset_a,rational,(x1 + x2)/(1 + abs(x1)),x1|x2,x1|x2,0.01,relative_gaussian_y_train_val,0,512,256,1024,0.008219622347473591,0.008014081660024607,data/noise_robustness_v1_20/splits/rational_offset_a__noise_0.01__seed_0/train_noisy.csv,data/noise_robustness_v1_20/splits/rational_offset_a__noise_0.01__seed_0/val_noisy.csv,data/noise_robustness_v1_20/splits/rational_offset_a__noise_0.01__seed_0/test_clean.csv,data/noise_robustness_v1_20/splits/rational_offset_a__noise_0.01__seed_0/train_clean.csv,data/noise_robustness_v1_20/splits/rational_offset_a__noise_0.01__seed_0/val_clean.csv,data/noise_robustness_v1_20/splits/rational_offset_a__noise_0.01__seed_0
218,rational_offset_a__noise_0.01__seed_1,rational_offset_a,Nguyen,rational_offset_a_noise_0.01,rational_offset_a,rational,(x1 + x2)/(1 + abs(x1)),x1|x2,x1|x2,0.01,relative_gaussian_y_train_val,1,512,256,1024,0.007991684017219034,0.008415688782530257,data/noise_robustness_v1_20/splits/rational_offset_a__noise_0.01__seed_1/train_noisy.csv,data/noise_robustness_v1_20/splits/rational_offset_a__noise_0.01__seed_1/val_noisy.csv,data/noise_robustness_v1_20/splits/rational_offset_a__noise_0.01__seed_1/test_clean.csv,data/noise_robustness_v1_20/splits/rational_offset_a__noise_0.01__seed_1/train_clean.csv,data/noise_robustness_v1_20/splits/rational_offset_a__noise_0.01__seed_1/val_clean.csv,data/noise_robustness_v1_20/splits/rational_offset_a__noise_0.01__seed_1
219,rational_offset_a__noise_0.01__seed_2,rational_offset_a,Nguyen,rational_offset_a_noise_0.01,rational_offset_a,rational,(x1 + x2)/(1 + abs(x1)),x1|x2,x1|x2,0.01,relative_gaussian_y_train_val,2,512,256,1024,0.008104223789349729,0.008198261193713278,data/noise_robustness_v1_20/splits/rational_offset_a__noise_0.01__seed_2/train_noisy.csv,data/noise_robustness_v1_20/splits/rational_offset_a__noise_0.01__seed_2/val_noisy.csv,data/noise_robustness_v1_20/splits/rational_offset_a__noise_0.01__seed_2/test_clean.csv,data/noise_robustness_v1_20/splits/rational_offset_a__noise_0.01__seed_2/train_clean.csv,data/noise_robustness_v1_20/splits/rational_offset_a__noise_0.01__seed_2/val_clean.csv,data/noise_robustness_v1_20/splits/rational_offset_a__noise_0.01__seed_2
220,rational_offset_a__noise_0.05__seed_0,rational_offset_a,Nguyen,rational_offset_a_noise_0.05,rational_offset_a,rational,(x1 + x2)/(1 + abs(x1)),x1|x2,x1|x2,0.05,relative_gaussian_y_train_val,0,512,256,1024,0.03939952982719355,0.03953984344035712,data/noise_robustness_v1_20/splits/rational_offset_a__noise_0.05__seed_0/train_noisy.csv,data/noise_robustness_v1_20/splits/rational_offset_a__noise_0.05__seed_0/val_noisy.csv,data/noise_robustness_v1_20/splits/rational_offset_a__noise_0.05__seed_0/test_clean.csv,data/noise_robustness_v1_20/splits/rational_offset_a__noise_0.05__seed_0/train_clean.csv,data/noise_robustness_v1_20/splits/rational_offset_a__noise_0.05__seed_0/val_clean.csv,data/noise_robustness_v1_20/splits/rational_offset_a__noise_0.05__seed_0
221,rational_offset_a__noise_0.05__seed_1,rational_offset_a,Nguyen,rational_offset_a_noise_0.05,rational_offset_a,rational,(x1 + x2)/(1 + abs(x1)),x1|x2,x1|x2,0.05,relative_gaussian_y_train_val,1,512,256,1024,0.03931847104850175,0.041933639927473676,data/noise_robustness_v1_20/splits/rational_offset_a__noise_0.05__seed_1/train_noisy.csv,data/noise_robustness_v1_20/splits/rational_offset_a__noise_0.05__seed_1/val_noisy.csv,data/noise_robustness_v1_20/splits/rational_offset_a__noise_0.05__seed_1/test_clean.csv,data/noise_robustness_v1_20/splits/rational_offset_a__noise_0.05__seed_1/train_clean.csv,data/noise_robustness_v1_20/splits/rational_offset_a__noise_0.05__seed_1/val_clean.csv,data/noise_robustness_v1_20/splits/rational_offset_a__noise_0.05__seed_1
222,rational_offset_a__noise_0.05__seed_2,rational_offset_a,Nguyen,rational_offset_a_noise_0.05,rational_offset_a,rational,(x1 + x2)/(1 + abs(x1)),x1|x2,x1|x2,0.05,relative_gaussian_y_train_val,2,512,256,1024,0.041115868655434124,0.03999909556043172,data/noise_robustness_v1_20/splits/rational_offset_a__noise_0.05__seed_2/train_noisy.csv,data/noise_robustness_v1_20/splits/rational_offset_a__noise_0.05__seed_2/val_noisy.csv,data/noise_robustness_v1_20/splits/rational_offset_a__noise_0.05__seed_2/test_clean.csv,data/noise_robustness_v1_20/splits/rational_offset_a__noise_0.05__seed_2/train_clean.csv,data/noise_robustness_v1_20/splits/rational_offset_a__noise_0.05__seed_2/val_clean.csv,data/noise_robustness_v1_20/splits/rational_offset_a__noise_0.05__seed_2
223,rational_offset_a__noise_0.1__seed_0,rational_offset_a,Nguyen,rational_offset_a_noise_0.1,rational_offset_a,rational,(x1 + x2)/(1 + abs(x1)),x1|x2,x1|x2,0.1,relative_gaussian_y_train_val,0,512,256,1024,0.08080329922637985,0.08292142327852553,data/noise_robustness_v1_20/splits/rational_offset_a__noise_0.1__seed_0/train_noisy.csv,data/noise_robustness_v1_20/splits/rational_offset_a__noise_0.1__seed_0/val_noisy.csv,data/noise_robustness_v1_20/splits/rational_offset_a__noise_0.1__seed_0/test_clean.csv,data/noise_robustness_v1_20/splits/rational_offset_a__noise_0.1__seed_0/train_clean.csv,data/noise_robustness_v1_20/splits/rational_offset_a__noise_0.1__seed_0/val_clean.csv,data/noise_robustness_v1_20/splits/rational_offset_a__noise_0.1__seed_0
224,rational_offset_a__noise_0.1__seed_1,rational_offset_a,Nguyen,rational_offset_a_noise_0.1,rational_offset_a,rational,(x1 + x2)/(1 + abs(x1)),x1|x2,x1|x2,0.1,relative_gaussian_y_train_val,1,512,256,1024,0.08177469355270539,0.08377592089185779,data/noise_robustness_v1_20/splits/rational_offset_a__noise_0.1__seed_1/train_noisy.csv,data/noise_robustness_v1_20/splits/rational_offset_a__noise_0.1__seed_1/val_noisy.csv,data/noise_robustness_v1_20/splits/rational_offset_a__noise_0.1__seed_1/test_clean.csv,data/noise_robustness_v1_20/splits/rational_offset_a__noise_0.1__seed_1/train_clean.csv,data/noise_robustness_v1_20/splits/rational_offset_a__noise_0.1__seed_1/val_clean.csv,data/noise_robustness_v1_20/splits/rational_offset_a__noise_0.1__seed_1
225,rational_offset_a__noise_0.1__seed_2,rational_offset_a,Nguyen,rational_offset_a_noise_0.1,rational_offset_a,rational,(x1 + x2)/(1 + abs(x1)),x1|x2,x1|x2,0.1,relative_gaussian_y_train_val,2,512,256,1024,0.08279281951066443,0.07778180940355886,data/noise_robustness_v1_20/splits/rational_offset_a__noise_0.1__seed_2/train_noisy.csv,data/noise_robustness_v1_20/splits/rational_offset_a__noise_0.1__seed_2/val_noisy.csv,data/noise_robustness_v1_20/splits/rational_offset_a__noise_0.1__seed_2/test_clean.csv,data/noise_robustness_v1_20/splits/rational_offset_a__noise_0.1__seed_2/train_clean.csv,data/noise_robustness_v1_20/splits/rational_offset_a__noise_0.1__seed_2/val_clean.csv,data/noise_robustness_v1_20/splits/rational_offset_a__noise_0.1__seed_2
226,rational_offset_b__noise_0__seed_0,rational_offset_b,Nguyen,rational_offset_b_noise_0,rational_offset_b,rational,(x2 + x3)/(1 + abs(x2)),x2|x3,x2|x3,0.0,relative_gaussian_y_train_val,0,512,256,1024,0.0,0.0,data/noise_robustness_v1_20/splits/rational_offset_b__noise_0__seed_0/train_noisy.csv,data/noise_robustness_v1_20/splits/rational_offset_b__noise_0__seed_0/val_noisy.csv,data/noise_robustness_v1_20/splits/rational_offset_b__noise_0__seed_0/test_clean.csv,data/noise_robustness_v1_20/splits/rational_offset_b__noise_0__seed_0/train_clean.csv,data/noise_robustness_v1_20/splits/rational_offset_b__noise_0__seed_0/val_clean.csv,data/noise_robustness_v1_20/splits/rational_offset_b__noise_0__seed_0
227,rational_offset_b__noise_0__seed_1,rational_offset_b,Nguyen,rational_offset_b_noise_0,rational_offset_b,rational,(x2 + x3)/(1 + abs(x2)),x2|x3,x2|x3,0.0,relative_gaussian_y_train_val,1,512,256,1024,0.0,0.0,data/noise_robustness_v1_20/splits/rational_offset_b__noise_0__seed_1/train_noisy.csv,data/noise_robustness_v1_20/splits/rational_offset_b__noise_0__seed_1/val_noisy.csv,data/noise_robustness_v1_20/splits/rational_offset_b__noise_0__seed_1/test_clean.csv,data/noise_robustness_v1_20/splits/rational_offset_b__noise_0__seed_1/train_clean.csv,data/noise_robustness_v1_20/splits/rational_offset_b__noise_0__seed_1/val_clean.csv,data/noise_robustness_v1_20/splits/rational_offset_b__noise_0__seed_1
228,rational_offset_b__noise_0__seed_2,rational_offset_b,Nguyen,rational_offset_b_noise_0,rational_offset_b,rational,(x2 + x3)/(1 + abs(x2)),x2|x3,x2|x3,0.0,relative_gaussian_y_train_val,2,512,256,1024,0.0,0.0,data/noise_robustness_v1_20/splits/rational_offset_b__noise_0__seed_2/train_noisy.csv,data/noise_robustness_v1_20/splits/rational_offset_b__noise_0__seed_2/val_noisy.csv,data/noise_robustness_v1_20/splits/rational_offset_b__noise_0__seed_2/test_clean.csv,data/noise_robustness_v1_20/splits/rational_offset_b__noise_0__seed_2/train_clean.csv,data/noise_robustness_v1_20/splits/rational_offset_b__noise_0__seed_2/val_clean.csv,data/noise_robustness_v1_20/splits/rational_offset_b__noise_0__seed_2
229,rational_offset_b__noise_0.001__seed_0,rational_offset_b,Nguyen,rational_offset_b_noise_0.001,rational_offset_b,rational,(x2 + x3)/(1 + abs(x2)),x2|x3,x2|x3,0.001,relative_gaussian_y_train_val,0,512,256,1024,0.0008237091392001467,0.0008305057372400212,data/noise_robustness_v1_20/splits/rational_offset_b__noise_0.001__seed_0/train_noisy.csv,data/noise_robustness_v1_20/splits/rational_offset_b__noise_0.001__seed_0/val_noisy.csv,data/noise_robustness_v1_20/splits/rational_offset_b__noise_0.001__seed_0/test_clean.csv,data/noise_robustness_v1_20/splits/rational_offset_b__noise_0.001__seed_0/train_clean.csv,data/noise_robustness_v1_20/splits/rational_offset_b__noise_0.001__seed_0/val_clean.csv,data/noise_robustness_v1_20/splits/rational_offset_b__noise_0.001__seed_0
230,rational_offset_b__noise_0.001__seed_1,rational_offset_b,Nguyen,rational_offset_b_noise_0.001,rational_offset_b,rational,(x2 + x3)/(1 + abs(x2)),x2|x3,x2|x3,0.001,relative_gaussian_y_train_val,1,512,256,1024,0.000809802595068639,0.0008511271945309867,data/noise_robustness_v1_20/splits/rational_offset_b__noise_0.001__seed_1/train_noisy.csv,data/noise_robustness_v1_20/splits/rational_offset_b__noise_0.001__seed_1/val_noisy.csv,data/noise_robustness_v1_20/splits/rational_offset_b__noise_0.001__seed_1/test_clean.csv,data/noise_robustness_v1_20/splits/rational_offset_b__noise_0.001__seed_1/train_clean.csv,data/noise_robustness_v1_20/splits/rational_offset_b__noise_0.001__seed_1/val_clean.csv,data/noise_robustness_v1_20/splits/rational_offset_b__noise_0.001__seed_1
231,rational_offset_b__noise_0.001__seed_2,rational_offset_b,Nguyen,rational_offset_b_noise_0.001,rational_offset_b,rational,(x2 + x3)/(1 + abs(x2)),x2|x3,x2|x3,0.001,relative_gaussian_y_train_val,2,512,256,1024,0.0008353194165961044,0.0009393467270787776,data/noise_robustness_v1_20/splits/rational_offset_b__noise_0.001__seed_2/train_noisy.csv,data/noise_robustness_v1_20/splits/rational_offset_b__noise_0.001__seed_2/val_noisy.csv,data/noise_robustness_v1_20/splits/rational_offset_b__noise_0.001__seed_2/test_clean.csv,data/noise_robustness_v1_20/splits/rational_offset_b__noise_0.001__seed_2/train_clean.csv,data/noise_robustness_v1_20/splits/rational_offset_b__noise_0.001__seed_2/val_clean.csv,data/noise_robustness_v1_20/splits/rational_offset_b__noise_0.001__seed_2
232,rational_offset_b__noise_0.01__seed_0,rational_offset_b,Nguyen,rational_offset_b_noise_0.01,rational_offset_b,rational,(x2 + x3)/(1 + abs(x2)),x2|x3,x2|x3,0.01,relative_gaussian_y_train_val,0,512,256,1024,0.00832789799168775,0.00797451687703845,data/noise_robustness_v1_20/splits/rational_offset_b__noise_0.01__seed_0/train_noisy.csv,data/noise_robustness_v1_20/splits/rational_offset_b__noise_0.01__seed_0/val_noisy.csv,data/noise_robustness_v1_20/splits/rational_offset_b__noise_0.01__seed_0/test_clean.csv,data/noise_robustness_v1_20/splits/rational_offset_b__noise_0.01__seed_0/train_clean.csv,data/noise_robustness_v1_20/splits/rational_offset_b__noise_0.01__seed_0/val_clean.csv,data/noise_robustness_v1_20/splits/rational_offset_b__noise_0.01__seed_0
233,rational_offset_b__noise_0.01__seed_1,rational_offset_b,Nguyen,rational_offset_b_noise_0.01,rational_offset_b,rational,(x2 + x3)/(1 + abs(x2)),x2|x3,x2|x3,0.01,relative_gaussian_y_train_val,1,512,256,1024,0.008083264208839376,0.00791963963692515,data/noise_robustness_v1_20/splits/rational_offset_b__noise_0.01__seed_1/train_noisy.csv,data/noise_robustness_v1_20/splits/rational_offset_b__noise_0.01__seed_1/val_noisy.csv,data/noise_robustness_v1_20/splits/rational_offset_b__noise_0.01__seed_1/test_clean.csv,data/noise_robustness_v1_20/splits/rational_offset_b__noise_0.01__seed_1/train_clean.csv,data/noise_robustness_v1_20/splits/rational_offset_b__noise_0.01__seed_1/val_clean.csv,data/noise_robustness_v1_20/splits/rational_offset_b__noise_0.01__seed_1
234,rational_offset_b__noise_0.01__seed_2,rational_offset_b,Nguyen,rational_offset_b_noise_0.01,rational_offset_b,rational,(x2 + x3)/(1 + abs(x2)),x2|x3,x2|x3,0.01,relative_gaussian_y_train_val,2,512,256,1024,0.008540444589996926,0.008627123890359146,data/noise_robustness_v1_20/splits/rational_offset_b__noise_0.01__seed_2/train_noisy.csv,data/noise_robustness_v1_20/splits/rational_offset_b__noise_0.01__seed_2/val_noisy.csv,data/noise_robustness_v1_20/splits/rational_offset_b__noise_0.01__seed_2/test_clean.csv,data/noise_robustness_v1_20/splits/rational_offset_b__noise_0.01__seed_2/train_clean.csv,data/noise_robustness_v1_20/splits/rational_offset_b__noise_0.01__seed_2/val_clean.csv,data/noise_robustness_v1_20/splits/rational_offset_b__noise_0.01__seed_2
235,rational_offset_b__noise_0.05__seed_0,rational_offset_b,Nguyen,rational_offset_b_noise_0.05,rational_offset_b,rational,(x2 + x3)/(1 + abs(x2)),x2|x3,x2|x3,0.05,relative_gaussian_y_train_val,0,512,256,1024,0.041634630839966234,0.042015229180617786,data/noise_robustness_v1_20/splits/rational_offset_b__noise_0.05__seed_0/train_noisy.csv,data/noise_robustness_v1_20/splits/rational_offset_b__noise_0.05__seed_0/val_noisy.csv,data/noise_robustness_v1_20/splits/rational_offset_b__noise_0.05__seed_0/test_clean.csv,data/noise_robustness_v1_20/splits/rational_offset_b__noise_0.05__seed_0/train_clean.csv,data/noise_robustness_v1_20/splits/rational_offset_b__noise_0.05__seed_0/val_clean.csv,data/noise_robustness_v1_20/splits/rational_offset_b__noise_0.05__seed_0
236,rational_offset_b__noise_0.05__seed_1,rational_offset_b,Nguyen,rational_offset_b_noise_0.05,rational_offset_b,rational,(x2 + x3)/(1 + abs(x2)),x2|x3,x2|x3,0.05,relative_gaussian_y_train_val,1,512,256,1024,0.04126224795116573,0.03746234303052053,data/noise_robustness_v1_20/splits/rational_offset_b__noise_0.05__seed_1/train_noisy.csv,data/noise_robustness_v1_20/splits/rational_offset_b__noise_0.05__seed_1/val_noisy.csv,data/noise_robustness_v1_20/splits/rational_offset_b__noise_0.05__seed_1/test_clean.csv,data/noise_robustness_v1_20/splits/rational_offset_b__noise_0.05__seed_1/train_clean.csv,data/noise_robustness_v1_20/splits/rational_offset_b__noise_0.05__seed_1/val_clean.csv,data/noise_robustness_v1_20/splits/rational_offset_b__noise_0.05__seed_1
237,rational_offset_b__noise_0.05__seed_2,rational_offset_b,Nguyen,rational_offset_b_noise_0.05,rational_offset_b,rational,(x2 + x3)/(1 + abs(x2)),x2|x3,x2|x3,0.05,relative_gaussian_y_train_val,2,512,256,1024,0.039508851388317195,0.041540973914596824,data/noise_robustness_v1_20/splits/rational_offset_b__noise_0.05__seed_2/train_noisy.csv,data/noise_robustness_v1_20/splits/rational_offset_b__noise_0.05__seed_2/val_noisy.csv,data/noise_robustness_v1_20/splits/rational_offset_b__noise_0.05__seed_2/test_clean.csv,data/noise_robustness_v1_20/splits/rational_offset_b__noise_0.05__seed_2/train_clean.csv,data/noise_robustness_v1_20/splits/rational_offset_b__noise_0.05__seed_2/val_clean.csv,data/noise_robustness_v1_20/splits/rational_offset_b__noise_0.05__seed_2
238,rational_offset_b__noise_0.1__seed_0,rational_offset_b,Nguyen,rational_offset_b_noise_0.1,rational_offset_b,rational,(x2 + x3)/(1 + abs(x2)),x2|x3,x2|x3,0.1,relative_gaussian_y_train_val,0,512,256,1024,0.08198202636974802,0.08209038997403222,data/noise_robustness_v1_20/splits/rational_offset_b__noise_0.1__seed_0/train_noisy.csv,data/noise_robustness_v1_20/splits/rational_offset_b__noise_0.1__seed_0/val_noisy.csv,data/noise_robustness_v1_20/splits/rational_offset_b__noise_0.1__seed_0/test_clean.csv,data/noise_robustness_v1_20/splits/rational_offset_b__noise_0.1__seed_0/train_clean.csv,data/noise_robustness_v1_20/splits/rational_offset_b__noise_0.1__seed_0/val_clean.csv,data/noise_robustness_v1_20/splits/rational_offset_b__noise_0.1__seed_0
239,rational_offset_b__noise_0.1__seed_1,rational_offset_b,Nguyen,rational_offset_b_noise_0.1,rational_offset_b,rational,(x2 + x3)/(1 + abs(x2)),x2|x3,x2|x3,0.1,relative_gaussian_y_train_val,1,512,256,1024,0.08077100141200655,0.0816494374602638,data/noise_robustness_v1_20/splits/rational_offset_b__noise_0.1__seed_1/train_noisy.csv,data/noise_robustness_v1_20/splits/rational_offset_b__noise_0.1__seed_1/val_noisy.csv,data/noise_robustness_v1_20/splits/rational_offset_b__noise_0.1__seed_1/test_clean.csv,data/noise_robustness_v1_20/splits/rational_offset_b__noise_0.1__seed_1/train_clean.csv,data/noise_robustness_v1_20/splits/rational_offset_b__noise_0.1__seed_1/val_clean.csv,data/noise_robustness_v1_20/splits/rational_offset_b__noise_0.1__seed_1
240,rational_offset_b__noise_0.1__seed_2,rational_offset_b,Nguyen,rational_offset_b_noise_0.1,rational_offset_b,rational,(x2 + x3)/(1 + abs(x2)),x2|x3,x2|x3,0.1,relative_gaussian_y_train_val,2,512,256,1024,0.08234088673381751,0.0734382488291727,data/noise_robustness_v1_20/splits/rational_offset_b__noise_0.1__seed_2/train_noisy.csv,data/noise_robustness_v1_20/splits/rational_offset_b__noise_0.1__seed_2/val_noisy.csv,data/noise_robustness_v1_20/splits/rational_offset_b__noise_0.1__seed_2/test_clean.csv,data/noise_robustness_v1_20/splits/rational_offset_b__noise_0.1__seed_2/train_clean.csv,data/noise_robustness_v1_20/splits/rational_offset_b__noise_0.1__seed_2/val_clean.csv,data/noise_robustness_v1_20/splits/rational_offset_b__noise_0.1__seed_2
241,rational_offset_c__noise_0__seed_0,rational_offset_c,Nguyen,rational_offset_c_noise_0,rational_offset_c,rational,(x3 + x3)/(1 + abs(x3)),x3,x3,0.0,relative_gaussian_y_train_val,0,512,256,1024,0.0,0.0,data/noise_robustness_v1_20/splits/rational_offset_c__noise_0__seed_0/train_noisy.csv,data/noise_robustness_v1_20/splits/rational_offset_c__noise_0__seed_0/val_noisy.csv,data/noise_robustness_v1_20/splits/rational_offset_c__noise_0__seed_0/test_clean.csv,data/noise_robustness_v1_20/splits/rational_offset_c__noise_0__seed_0/train_clean.csv,data/noise_robustness_v1_20/splits/rational_offset_c__noise_0__seed_0/val_clean.csv,data/noise_robustness_v1_20/splits/rational_offset_c__noise_0__seed_0
242,rational_offset_c__noise_0__seed_1,rational_offset_c,Nguyen,rational_offset_c_noise_0,rational_offset_c,rational,(x3 + x3)/(1 + abs(x3)),x3,x3,0.0,relative_gaussian_y_train_val,1,512,256,1024,0.0,0.0,data/noise_robustness_v1_20/splits/rational_offset_c__noise_0__seed_1/train_noisy.csv,data/noise_robustness_v1_20/splits/rational_offset_c__noise_0__seed_1/val_noisy.csv,data/noise_robustness_v1_20/splits/rational_offset_c__noise_0__seed_1/test_clean.csv,data/noise_robustness_v1_20/splits/rational_offset_c__noise_0__seed_1/train_clean.csv,data/noise_robustness_v1_20/splits/rational_offset_c__noise_0__seed_1/val_clean.csv,data/noise_robustness_v1_20/splits/rational_offset_c__noise_0__seed_1
243,rational_offset_c__noise_0__seed_2,rational_offset_c,Nguyen,rational_offset_c_noise_0,rational_offset_c,rational,(x3 + x3)/(1 + abs(x3)),x3,x3,0.0,relative_gaussian_y_train_val,2,512,256,1024,0.0,0.0,data/noise_robustness_v1_20/splits/rational_offset_c__noise_0__seed_2/train_noisy.csv,data/noise_robustness_v1_20/splits/rational_offset_c__noise_0__seed_2/val_noisy.csv,data/noise_robustness_v1_20/splits/rational_offset_c__noise_0__seed_2/test_clean.csv,data/noise_robustness_v1_20/splits/rational_offset_c__noise_0__seed_2/train_clean.csv,data/noise_robustness_v1_20/splits/rational_offset_c__noise_0__seed_2/val_clean.csv,data/noise_robustness_v1_20/splits/rational_offset_c__noise_0__seed_2
244,rational_offset_c__noise_0.001__seed_0,rational_offset_c,Nguyen,rational_offset_c_noise_0.001,rational_offset_c,rational,(x3 + x3)/(1 + abs(x3)),x3,x3,0.001,relative_gaussian_y_train_val,0,512,256,1024,0.00097542355916907,0.000978745039265815,data/noise_robustness_v1_20/splits/rational_offset_c__noise_0.001__seed_0/train_noisy.csv,data/noise_robustness_v1_20/splits/rational_offset_c__noise_0.001__seed_0/val_noisy.csv,data/noise_robustness_v1_20/splits/rational_offset_c__noise_0.001__seed_0/test_clean.csv,data/noise_robustness_v1_20/splits/rational_offset_c__noise_0.001__seed_0/train_clean.csv,data/noise_robustness_v1_20/splits/rational_offset_c__noise_0.001__seed_0/val_clean.csv,data/noise_robustness_v1_20/splits/rational_offset_c__noise_0.001__seed_0
245,rational_offset_c__noise_0.001__seed_1,rational_offset_c,Nguyen,rational_offset_c_noise_0.001,rational_offset_c,rational,(x3 + x3)/(1 + abs(x3)),x3,x3,0.001,relative_gaussian_y_train_val,1,512,256,1024,0.0009965764731504712,0.000956816845299121,data/noise_robustness_v1_20/splits/rational_offset_c__noise_0.001__seed_1/train_noisy.csv,data/noise_robustness_v1_20/splits/rational_offset_c__noise_0.001__seed_1/val_noisy.csv,data/noise_robustness_v1_20/splits/rational_offset_c__noise_0.001__seed_1/test_clean.csv,data/noise_robustness_v1_20/splits/rational_offset_c__noise_0.001__seed_1/train_clean.csv,data/noise_robustness_v1_20/splits/rational_offset_c__noise_0.001__seed_1/val_clean.csv,data/noise_robustness_v1_20/splits/rational_offset_c__noise_0.001__seed_1
246,rational_offset_c__noise_0.001__seed_2,rational_offset_c,Nguyen,rational_offset_c_noise_0.001,rational_offset_c,rational,(x3 + x3)/(1 + abs(x3)),x3,x3,0.001,relative_gaussian_y_train_val,2,512,256,1024,0.0009979907307756707,0.0009701190333460277,data/noise_robustness_v1_20/splits/rational_offset_c__noise_0.001__seed_2/train_noisy.csv,data/noise_robustness_v1_20/splits/rational_offset_c__noise_0.001__seed_2/val_noisy.csv,data/noise_robustness_v1_20/splits/rational_offset_c__noise_0.001__seed_2/test_clean.csv,data/noise_robustness_v1_20/splits/rational_offset_c__noise_0.001__seed_2/train_clean.csv,data/noise_robustness_v1_20/splits/rational_offset_c__noise_0.001__seed_2/val_clean.csv,data/noise_robustness_v1_20/splits/rational_offset_c__noise_0.001__seed_2
247,rational_offset_c__noise_0.01__seed_0,rational_offset_c,Nguyen,rational_offset_c_noise_0.01,rational_offset_c,rational,(x3 + x3)/(1 + abs(x3)),x3,x3,0.01,relative_gaussian_y_train_val,0,512,256,1024,0.009490863950219504,0.009579622385424355,data/noise_robustness_v1_20/splits/rational_offset_c__noise_0.01__seed_0/train_noisy.csv,data/noise_robustness_v1_20/splits/rational_offset_c__noise_0.01__seed_0/val_noisy.csv,data/noise_robustness_v1_20/splits/rational_offset_c__noise_0.01__seed_0/test_clean.csv,data/noise_robustness_v1_20/splits/rational_offset_c__noise_0.01__seed_0/train_clean.csv,data/noise_robustness_v1_20/splits/rational_offset_c__noise_0.01__seed_0/val_clean.csv,data/noise_robustness_v1_20/splits/rational_offset_c__noise_0.01__seed_0
248,rational_offset_c__noise_0.01__seed_1,rational_offset_c,Nguyen,rational_offset_c_noise_0.01,rational_offset_c,rational,(x3 + x3)/(1 + abs(x3)),x3,x3,0.01,relative_gaussian_y_train_val,1,512,256,1024,0.009648243920274635,0.00943188219822831,data/noise_robustness_v1_20/splits/rational_offset_c__noise_0.01__seed_1/train_noisy.csv,data/noise_robustness_v1_20/splits/rational_offset_c__noise_0.01__seed_1/val_noisy.csv,data/noise_robustness_v1_20/splits/rational_offset_c__noise_0.01__seed_1/test_clean.csv,data/noise_robustness_v1_20/splits/rational_offset_c__noise_0.01__seed_1/train_clean.csv,data/noise_robustness_v1_20/splits/rational_offset_c__noise_0.01__seed_1/val_clean.csv,data/noise_robustness_v1_20/splits/rational_offset_c__noise_0.01__seed_1
249,rational_offset_c__noise_0.01__seed_2,rational_offset_c,Nguyen,rational_offset_c_noise_0.01,rational_offset_c,rational,(x3 + x3)/(1 + abs(x3)),x3,x3,0.01,relative_gaussian_y_train_val,2,512,256,1024,0.009501332114087772,0.009780456958747687,data/noise_robustness_v1_20/splits/rational_offset_c__noise_0.01__seed_2/train_noisy.csv,data/noise_robustness_v1_20/splits/rational_offset_c__noise_0.01__seed_2/val_noisy.csv,data/noise_robustness_v1_20/splits/rational_offset_c__noise_0.01__seed_2/test_clean.csv,data/noise_robustness_v1_20/splits/rational_offset_c__noise_0.01__seed_2/train_clean.csv,data/noise_robustness_v1_20/splits/rational_offset_c__noise_0.01__seed_2/val_clean.csv,data/noise_robustness_v1_20/splits/rational_offset_c__noise_0.01__seed_2
250,rational_offset_c__noise_0.05__seed_0,rational_offset_c,Nguyen,rational_offset_c_noise_0.05,rational_offset_c,rational,(x3 + x3)/(1 + abs(x3)),x3,x3,0.05,relative_gaussian_y_train_val,0,512,256,1024,0.04691715162189884,0.04873889889468468,data/noise_robustness_v1_20/splits/rational_offset_c__noise_0.05__seed_0/train_noisy.csv,data/noise_robustness_v1_20/splits/rational_offset_c__noise_0.05__seed_0/val_noisy.csv,data/noise_robustness_v1_20/splits/rational_offset_c__noise_0.05__seed_0/test_clean.csv,data/noise_robustness_v1_20/splits/rational_offset_c__noise_0.05__seed_0/train_clean.csv,data/noise_robustness_v1_20/splits/rational_offset_c__noise_0.05__seed_0/val_clean.csv,data/noise_robustness_v1_20/splits/rational_offset_c__noise_0.05__seed_0
251,rational_offset_c__noise_0.05__seed_1,rational_offset_c,Nguyen,rational_offset_c_noise_0.05,rational_offset_c,rational,(x3 + x3)/(1 + abs(x3)),x3,x3,0.05,relative_gaussian_y_train_val,1,512,256,1024,0.04797590596369146,0.048307949900258135,data/noise_robustness_v1_20/splits/rational_offset_c__noise_0.05__seed_1/train_noisy.csv,data/noise_robustness_v1_20/splits/rational_offset_c__noise_0.05__seed_1/val_noisy.csv,data/noise_robustness_v1_20/splits/rational_offset_c__noise_0.05__seed_1/test_clean.csv,data/noise_robustness_v1_20/splits/rational_offset_c__noise_0.05__seed_1/train_clean.csv,data/noise_robustness_v1_20/splits/rational_offset_c__noise_0.05__seed_1/val_clean.csv,data/noise_robustness_v1_20/splits/rational_offset_c__noise_0.05__seed_1
252,rational_offset_c__noise_0.05__seed_2,rational_offset_c,Nguyen,rational_offset_c_noise_0.05,rational_offset_c,rational,(x3 + x3)/(1 + abs(x3)),x3,x3,0.05,relative_gaussian_y_train_val,2,512,256,1024,0.048970060193797516,0.048463031043436175,data/noise_robustness_v1_20/splits/rational_offset_c__noise_0.05__seed_2/train_noisy.csv,data/noise_robustness_v1_20/splits/rational_offset_c__noise_0.05__seed_2/val_noisy.csv,data/noise_robustness_v1_20/splits/rational_offset_c__noise_0.05__seed_2/test_clean.csv,data/noise_robustness_v1_20/splits/rational_offset_c__noise_0.05__seed_2/train_clean.csv,data/noise_robustness_v1_20/splits/rational_offset_c__noise_0.05__seed_2/val_clean.csv,data/noise_robustness_v1_20/splits/rational_offset_c__noise_0.05__seed_2
253,rational_offset_c__noise_0.1__seed_0,rational_offset_c,Nguyen,rational_offset_c_noise_0.1,rational_offset_c,rational,(x3 + x3)/(1 + abs(x3)),x3,x3,0.1,relative_gaussian_y_train_val,0,512,256,1024,0.09619128244617542,0.09345659539505632,data/noise_robustness_v1_20/splits/rational_offset_c__noise_0.1__seed_0/train_noisy.csv,data/noise_robustness_v1_20/splits/rational_offset_c__noise_0.1__seed_0/val_noisy.csv,data/noise_robustness_v1_20/splits/rational_offset_c__noise_0.1__seed_0/test_clean.csv,data/noise_robustness_v1_20/splits/rational_offset_c__noise_0.1__seed_0/train_clean.csv,data/noise_robustness_v1_20/splits/rational_offset_c__noise_0.1__seed_0/val_clean.csv,data/noise_robustness_v1_20/splits/rational_offset_c__noise_0.1__seed_0
254,rational_offset_c__noise_0.1__seed_1,rational_offset_c,Nguyen,rational_offset_c_noise_0.1,rational_offset_c,rational,(x3 + x3)/(1 + abs(x3)),x3,x3,0.1,relative_gaussian_y_train_val,1,512,256,1024,0.09502182040899235,0.09604391723583533,data/noise_robustness_v1_20/splits/rational_offset_c__noise_0.1__seed_1/train_noisy.csv,data/noise_robustness_v1_20/splits/rational_offset_c__noise_0.1__seed_1/val_noisy.csv,data/noise_robustness_v1_20/splits/rational_offset_c__noise_0.1__seed_1/test_clean.csv,data/noise_robustness_v1_20/splits/rational_offset_c__noise_0.1__seed_1/train_clean.csv,data/noise_robustness_v1_20/splits/rational_offset_c__noise_0.1__seed_1/val_clean.csv,data/noise_robustness_v1_20/splits/rational_offset_c__noise_0.1__seed_1
255,rational_offset_c__noise_0.1__seed_2,rational_offset_c,Nguyen,rational_offset_c_noise_0.1,rational_offset_c,rational,(x3 + x3)/(1 + abs(x3)),x3,x3,0.1,relative_gaussian_y_train_val,2,512,256,1024,0.09649443840446303,0.09487441538795821,data/noise_robustness_v1_20/splits/rational_offset_c__noise_0.1__seed_2/train_noisy.csv,data/noise_robustness_v1_20/splits/rational_offset_c__noise_0.1__seed_2/val_noisy.csv,data/noise_robustness_v1_20/splits/rational_offset_c__noise_0.1__seed_2/test_clean.csv,data/noise_robustness_v1_20/splits/rational_offset_c__noise_0.1__seed_2/train_clean.csv,data/noise_robustness_v1_20/splits/rational_offset_c__noise_0.1__seed_2/val_clean.csv,data/noise_robustness_v1_20/splits/rational_offset_c__noise_0.1__seed_2
256,rational_quad_a__noise_0__seed_0,rational_quad_a,Nguyen,rational_quad_a_noise_0,rational_quad_a,rational,(x1**2 + 0.25*x2)/(1 + x3**2),x1|x2|x3,x1|x2|x3,0.0,relative_gaussian_y_train_val,0,512,256,1024,0.0,0.0,data/noise_robustness_v1_20/splits/rational_quad_a__noise_0__seed_0/train_noisy.csv,data/noise_robustness_v1_20/splits/rational_quad_a__noise_0__seed_0/val_noisy.csv,data/noise_robustness_v1_20/splits/rational_quad_a__noise_0__seed_0/test_clean.csv,data/noise_robustness_v1_20/splits/rational_quad_a__noise_0__seed_0/train_clean.csv,data/noise_robustness_v1_20/splits/rational_quad_a__noise_0__seed_0/val_clean.csv,data/noise_robustness_v1_20/splits/rational_quad_a__noise_0__seed_0
257,rational_quad_a__noise_0__seed_1,rational_quad_a,Nguyen,rational_quad_a_noise_0,rational_quad_a,rational,(x1**2 + 0.25*x2)/(1 + x3**2),x1|x2|x3,x1|x2|x3,0.0,relative_gaussian_y_train_val,1,512,256,1024,0.0,0.0,data/noise_robustness_v1_20/splits/rational_quad_a__noise_0__seed_1/train_noisy.csv,data/noise_robustness_v1_20/splits/rational_quad_a__noise_0__seed_1/val_noisy.csv,data/noise_robustness_v1_20/splits/rational_quad_a__noise_0__seed_1/test_clean.csv,data/noise_robustness_v1_20/splits/rational_quad_a__noise_0__seed_1/train_clean.csv,data/noise_robustness_v1_20/splits/rational_quad_a__noise_0__seed_1/val_clean.csv,data/noise_robustness_v1_20/splits/rational_quad_a__noise_0__seed_1
258,rational_quad_a__noise_0__seed_2,rational_quad_a,Nguyen,rational_quad_a_noise_0,rational_quad_a,rational,(x1**2 + 0.25*x2)/(1 + x3**2),x1|x2|x3,x1|x2|x3,0.0,relative_gaussian_y_train_val,2,512,256,1024,0.0,0.0,data/noise_robustness_v1_20/splits/rational_quad_a__noise_0__seed_2/train_noisy.csv,data/noise_robustness_v1_20/splits/rational_quad_a__noise_0__seed_2/val_noisy.csv,data/noise_robustness_v1_20/splits/rational_quad_a__noise_0__seed_2/test_clean.csv,data/noise_robustness_v1_20/splits/rational_quad_a__noise_0__seed_2/train_clean.csv,data/noise_robustness_v1_20/splits/rational_quad_a__noise_0__seed_2/val_clean.csv,data/noise_robustness_v1_20/splits/rational_quad_a__noise_0__seed_2
259,rational_quad_a__noise_0.001__seed_0,rational_quad_a,Nguyen,rational_quad_a_noise_0.001,rational_quad_a,rational,(x1**2 + 0.25*x2)/(1 + x3**2),x1|x2|x3,x1|x2|x3,0.001,relative_gaussian_y_train_val,0,512,256,1024,0.000820002853893749,0.0008970101992512914,data/noise_robustness_v1_20/splits/rational_quad_a__noise_0.001__seed_0/train_noisy.csv,data/noise_robustness_v1_20/splits/rational_quad_a__noise_0.001__seed_0/val_noisy.csv,data/noise_robustness_v1_20/splits/rational_quad_a__noise_0.001__seed_0/test_clean.csv,data/noise_robustness_v1_20/splits/rational_quad_a__noise_0.001__seed_0/train_clean.csv,data/noise_robustness_v1_20/splits/rational_quad_a__noise_0.001__seed_0/val_clean.csv,data/noise_robustness_v1_20/splits/rational_quad_a__noise_0.001__seed_0
260,rational_quad_a__noise_0.001__seed_1,rational_quad_a,Nguyen,rational_quad_a_noise_0.001,rational_quad_a,rational,(x1**2 + 0.25*x2)/(1 + x3**2),x1|x2|x3,x1|x2|x3,0.001,relative_gaussian_y_train_val,1,512,256,1024,0.000782058131473457,0.0007260348625528011,data/noise_robustness_v1_20/splits/rational_quad_a__noise_0.001__seed_1/train_noisy.csv,data/noise_robustness_v1_20/splits/rational_quad_a__noise_0.001__seed_1/val_noisy.csv,data/noise_robustness_v1_20/splits/rational_quad_a__noise_0.001__seed_1/test_clean.csv,data/noise_robustness_v1_20/splits/rational_quad_a__noise_0.001__seed_1/train_clean.csv,data/noise_robustness_v1_20/splits/rational_quad_a__noise_0.001__seed_1/val_clean.csv,data/noise_robustness_v1_20/splits/rational_quad_a__noise_0.001__seed_1
261,rational_quad_a__noise_0.001__seed_2,rational_quad_a,Nguyen,rational_quad_a_noise_0.001,rational_quad_a,rational,(x1**2 + 0.25*x2)/(1 + x3**2),x1|x2|x3,x1|x2|x3,0.001,relative_gaussian_y_train_val,2,512,256,1024,0.0008708517081828448,0.0007347295424990822,data/noise_robustness_v1_20/splits/rational_quad_a__noise_0.001__seed_2/train_noisy.csv,data/noise_robustness_v1_20/splits/rational_quad_a__noise_0.001__seed_2/val_noisy.csv,data/noise_robustness_v1_20/splits/rational_quad_a__noise_0.001__seed_2/test_clean.csv,data/noise_robustness_v1_20/splits/rational_quad_a__noise_0.001__seed_2/train_clean.csv,data/noise_robustness_v1_20/splits/rational_quad_a__noise_0.001__seed_2/val_clean.csv,data/noise_robustness_v1_20/splits/rational_quad_a__noise_0.001__seed_2
262,rational_quad_a__noise_0.01__seed_0,rational_quad_a,Nguyen,rational_quad_a_noise_0.01,rational_quad_a,rational,(x1**2 + 0.25*x2)/(1 + x3**2),x1|x2|x3,x1|x2|x3,0.01,relative_gaussian_y_train_val,0,512,256,1024,0.008560657785568858,0.008210110815326513,data/noise_robustness_v1_20/splits/rational_quad_a__noise_0.01__seed_0/train_noisy.csv,data/noise_robustness_v1_20/splits/rational_quad_a__noise_0.01__seed_0/val_noisy.csv,data/noise_robustness_v1_20/splits/rational_quad_a__noise_0.01__seed_0/test_clean.csv,data/noise_robustness_v1_20/splits/rational_quad_a__noise_0.01__seed_0/train_clean.csv,data/noise_robustness_v1_20/splits/rational_quad_a__noise_0.01__seed_0/val_clean.csv,data/noise_robustness_v1_20/splits/rational_quad_a__noise_0.01__seed_0
263,rational_quad_a__noise_0.01__seed_1,rational_quad_a,Nguyen,rational_quad_a_noise_0.01,rational_quad_a,rational,(x1**2 + 0.25*x2)/(1 + x3**2),x1|x2|x3,x1|x2|x3,0.01,relative_gaussian_y_train_val,1,512,256,1024,0.008664572145968647,0.008254221369242582,data/noise_robustness_v1_20/splits/rational_quad_a__noise_0.01__seed_1/train_noisy.csv,data/noise_robustness_v1_20/splits/rational_quad_a__noise_0.01__seed_1/val_noisy.csv,data/noise_robustness_v1_20/splits/rational_quad_a__noise_0.01__seed_1/test_clean.csv,data/noise_robustness_v1_20/splits/rational_quad_a__noise_0.01__seed_1/train_clean.csv,data/noise_robustness_v1_20/splits/rational_quad_a__noise_0.01__seed_1/val_clean.csv,data/noise_robustness_v1_20/splits/rational_quad_a__noise_0.01__seed_1
264,rational_quad_a__noise_0.01__seed_2,rational_quad_a,Nguyen,rational_quad_a_noise_0.01,rational_quad_a,rational,(x1**2 + 0.25*x2)/(1 + x3**2),x1|x2|x3,x1|x2|x3,0.01,relative_gaussian_y_train_val,2,512,256,1024,0.00863548223253663,0.007945095566319211,data/noise_robustness_v1_20/splits/rational_quad_a__noise_0.01__seed_2/train_noisy.csv,data/noise_robustness_v1_20/splits/rational_quad_a__noise_0.01__seed_2/val_noisy.csv,data/noise_robustness_v1_20/splits/rational_quad_a__noise_0.01__seed_2/test_clean.csv,data/noise_robustness_v1_20/splits/rational_quad_a__noise_0.01__seed_2/train_clean.csv,data/noise_robustness_v1_20/splits/rational_quad_a__noise_0.01__seed_2/val_clean.csv,data/noise_robustness_v1_20/splits/rational_quad_a__noise_0.01__seed_2
265,rational_quad_a__noise_0.05__seed_0,rational_quad_a,Nguyen,rational_quad_a_noise_0.05,rational_quad_a,rational,(x1**2 + 0.25*x2)/(1 + x3**2),x1|x2|x3,x1|x2|x3,0.05,relative_gaussian_y_train_val,0,512,256,1024,0.041821494993949285,0.038596353845544384,data/noise_robustness_v1_20/splits/rational_quad_a__noise_0.05__seed_0/train_noisy.csv,data/noise_robustness_v1_20/splits/rational_quad_a__noise_0.05__seed_0/val_noisy.csv,data/noise_robustness_v1_20/splits/rational_quad_a__noise_0.05__seed_0/test_clean.csv,data/noise_robustness_v1_20/splits/rational_quad_a__noise_0.05__seed_0/train_clean.csv,data/noise_robustness_v1_20/splits/rational_quad_a__noise_0.05__seed_0/val_clean.csv,data/noise_robustness_v1_20/splits/rational_quad_a__noise_0.05__seed_0
266,rational_quad_a__noise_0.05__seed_1,rational_quad_a,Nguyen,rational_quad_a_noise_0.05,rational_quad_a,rational,(x1**2 + 0.25*x2)/(1 + x3**2),x1|x2|x3,x1|x2|x3,0.05,relative_gaussian_y_train_val,1,512,256,1024,0.040944575606144354,0.04072240392867105,data/noise_robustness_v1_20/splits/rational_quad_a__noise_0.05__seed_1/train_noisy.csv,data/noise_robustness_v1_20/splits/rational_quad_a__noise_0.05__seed_1/val_noisy.csv,data/noise_robustness_v1_20/splits/rational_quad_a__noise_0.05__seed_1/test_clean.csv,data/noise_robustness_v1_20/splits/rational_quad_a__noise_0.05__seed_1/train_clean.csv,data/noise_robustness_v1_20/splits/rational_quad_a__noise_0.05__seed_1/val_clean.csv,data/noise_robustness_v1_20/splits/rational_quad_a__noise_0.05__seed_1
267,rational_quad_a__noise_0.05__seed_2,rational_quad_a,Nguyen,rational_quad_a_noise_0.05,rational_quad_a,rational,(x1**2 + 0.25*x2)/(1 + x3**2),x1|x2|x3,x1|x2|x3,0.05,relative_gaussian_y_train_val,2,512,256,1024,0.04523600921641697,0.044869785178047905,data/noise_robustness_v1_20/splits/rational_quad_a__noise_0.05__seed_2/train_noisy.csv,data/noise_robustness_v1_20/splits/rational_quad_a__noise_0.05__seed_2/val_noisy.csv,data/noise_robustness_v1_20/splits/rational_quad_a__noise_0.05__seed_2/test_clean.csv,data/noise_robustness_v1_20/splits/rational_quad_a__noise_0.05__seed_2/train_clean.csv,data/noise_robustness_v1_20/splits/rational_quad_a__noise_0.05__seed_2/val_clean.csv,data/noise_robustness_v1_20/splits/rational_quad_a__noise_0.05__seed_2
268,rational_quad_a__noise_0.1__seed_0,rational_quad_a,Nguyen,rational_quad_a_noise_0.1,rational_quad_a,rational,(x1**2 + 0.25*x2)/(1 + x3**2),x1|x2|x3,x1|x2|x3,0.1,relative_gaussian_y_train_val,0,512,256,1024,0.0855343606618115,0.07008195789200206,data/noise_robustness_v1_20/splits/rational_quad_a__noise_0.1__seed_0/train_noisy.csv,data/noise_robustness_v1_20/splits/rational_quad_a__noise_0.1__seed_0/val_noisy.csv,data/noise_robustness_v1_20/splits/rational_quad_a__noise_0.1__seed_0/test_clean.csv,data/noise_robustness_v1_20/splits/rational_quad_a__noise_0.1__seed_0/train_clean.csv,data/noise_robustness_v1_20/splits/rational_quad_a__noise_0.1__seed_0/val_clean.csv,data/noise_robustness_v1_20/splits/rational_quad_a__noise_0.1__seed_0
269,rational_quad_a__noise_0.1__seed_1,rational_quad_a,Nguyen,rational_quad_a_noise_0.1,rational_quad_a,rational,(x1**2 + 0.25*x2)/(1 + x3**2),x1|x2|x3,x1|x2|x3,0.1,relative_gaussian_y_train_val,1,512,256,1024,0.09066294656464285,0.08598900050707642,data/noise_robustness_v1_20/splits/rational_quad_a__noise_0.1__seed_1/train_noisy.csv,data/noise_robustness_v1_20/splits/rational_quad_a__noise_0.1__seed_1/val_noisy.csv,data/noise_robustness_v1_20/splits/rational_quad_a__noise_0.1__seed_1/test_clean.csv,data/noise_robustness_v1_20/splits/rational_quad_a__noise_0.1__seed_1/train_clean.csv,data/noise_robustness_v1_20/splits/rational_quad_a__noise_0.1__seed_1/val_clean.csv,data/noise_robustness_v1_20/splits/rational_quad_a__noise_0.1__seed_1
270,rational_quad_a__noise_0.1__seed_2,rational_quad_a,Nguyen,rational_quad_a_noise_0.1,rational_quad_a,rational,(x1**2 + 0.25*x2)/(1 + x3**2),x1|x2|x3,x1|x2|x3,0.1,relative_gaussian_y_train_val,2,512,256,1024,0.08288796576104437,0.08509230846311687,data/noise_robustness_v1_20/splits/rational_quad_a__noise_0.1__seed_2/train_noisy.csv,data/noise_robustness_v1_20/splits/rational_quad_a__noise_0.1__seed_2/val_noisy.csv,data/noise_robustness_v1_20/splits/rational_quad_a__noise_0.1__seed_2/test_clean.csv,data/noise_robustness_v1_20/splits/rational_quad_a__noise_0.1__seed_2/train_clean.csv,data/noise_robustness_v1_20/splits/rational_quad_a__noise_0.1__seed_2/val_clean.csv,data/noise_robustness_v1_20/splits/rational_quad_a__noise_0.1__seed_2
271,rational_quad_b__noise_0__seed_0,rational_quad_b,Nguyen,rational_quad_b_noise_0,rational_quad_b,rational,(x2**2 + 0.25*x3)/(1 + x2**2),x2|x3,x2|x3,0.0,relative_gaussian_y_train_val,0,512,256,1024,0.0,0.0,data/noise_robustness_v1_20/splits/rational_quad_b__noise_0__seed_0/train_noisy.csv,data/noise_robustness_v1_20/splits/rational_quad_b__noise_0__seed_0/val_noisy.csv,data/noise_robustness_v1_20/splits/rational_quad_b__noise_0__seed_0/test_clean.csv,data/noise_robustness_v1_20/splits/rational_quad_b__noise_0__seed_0/train_clean.csv,data/noise_robustness_v1_20/splits/rational_quad_b__noise_0__seed_0/val_clean.csv,data/noise_robustness_v1_20/splits/rational_quad_b__noise_0__seed_0
272,rational_quad_b__noise_0__seed_1,rational_quad_b,Nguyen,rational_quad_b_noise_0,rational_quad_b,rational,(x2**2 + 0.25*x3)/(1 + x2**2),x2|x3,x2|x3,0.0,relative_gaussian_y_train_val,1,512,256,1024,0.0,0.0,data/noise_robustness_v1_20/splits/rational_quad_b__noise_0__seed_1/train_noisy.csv,data/noise_robustness_v1_20/splits/rational_quad_b__noise_0__seed_1/val_noisy.csv,data/noise_robustness_v1_20/splits/rational_quad_b__noise_0__seed_1/test_clean.csv,data/noise_robustness_v1_20/splits/rational_quad_b__noise_0__seed_1/train_clean.csv,data/noise_robustness_v1_20/splits/rational_quad_b__noise_0__seed_1/val_clean.csv,data/noise_robustness_v1_20/splits/rational_quad_b__noise_0__seed_1
273,rational_quad_b__noise_0__seed_2,rational_quad_b,Nguyen,rational_quad_b_noise_0,rational_quad_b,rational,(x2**2 + 0.25*x3)/(1 + x2**2),x2|x3,x2|x3,0.0,relative_gaussian_y_train_val,2,512,256,1024,0.0,0.0,data/noise_robustness_v1_20/splits/rational_quad_b__noise_0__seed_2/train_noisy.csv,data/noise_robustness_v1_20/splits/rational_quad_b__noise_0__seed_2/val_noisy.csv,data/noise_robustness_v1_20/splits/rational_quad_b__noise_0__seed_2/test_clean.csv,data/noise_robustness_v1_20/splits/rational_quad_b__noise_0__seed_2/train_clean.csv,data/noise_robustness_v1_20/splits/rational_quad_b__noise_0__seed_2/val_clean.csv,data/noise_robustness_v1_20/splits/rational_quad_b__noise_0__seed_2
274,rational_quad_b__noise_0.001__seed_0,rational_quad_b,Nguyen,rational_quad_b_noise_0.001,rational_quad_b,rational,(x2**2 + 0.25*x3)/(1 + x2**2),x2|x3,x2|x3,0.001,relative_gaussian_y_train_val,0,512,256,1024,0.0003097688752927464,0.00031308449420128687,data/noise_robustness_v1_20/splits/rational_quad_b__noise_0.001__seed_0/train_noisy.csv,data/noise_robustness_v1_20/splits/rational_quad_b__noise_0.001__seed_0/val_noisy.csv,data/noise_robustness_v1_20/splits/rational_quad_b__noise_0.001__seed_0/test_clean.csv,data/noise_robustness_v1_20/splits/rational_quad_b__noise_0.001__seed_0/train_clean.csv,data/noise_robustness_v1_20/splits/rational_quad_b__noise_0.001__seed_0/val_clean.csv,data/noise_robustness_v1_20/splits/rational_quad_b__noise_0.001__seed_0
275,rational_quad_b__noise_0.001__seed_1,rational_quad_b,Nguyen,rational_quad_b_noise_0.001,rational_quad_b,rational,(x2**2 + 0.25*x3)/(1 + x2**2),x2|x3,x2|x3,0.001,relative_gaussian_y_train_val,1,512,256,1024,0.00032265278477878925,0.0003196179678732266,data/noise_robustness_v1_20/splits/rational_quad_b__noise_0.001__seed_1/train_noisy.csv,data/noise_robustness_v1_20/splits/rational_quad_b__noise_0.001__seed_1/val_noisy.csv,data/noise_robustness_v1_20/splits/rational_quad_b__noise_0.001__seed_1/test_clean.csv,data/noise_robustness_v1_20/splits/rational_quad_b__noise_0.001__seed_1/train_clean.csv,data/noise_robustness_v1_20/splits/rational_quad_b__noise_0.001__seed_1/val_clean.csv,data/noise_robustness_v1_20/splits/rational_quad_b__noise_0.001__seed_1
276,rational_quad_b__noise_0.001__seed_2,rational_quad_b,Nguyen,rational_quad_b_noise_0.001,rational_quad_b,rational,(x2**2 + 0.25*x3)/(1 + x2**2),x2|x3,x2|x3,0.001,relative_gaussian_y_train_val,2,512,256,1024,0.0003159521107792368,0.00029675121038658895,data/noise_robustness_v1_20/splits/rational_quad_b__noise_0.001__seed_2/train_noisy.csv,data/noise_robustness_v1_20/splits/rational_quad_b__noise_0.001__seed_2/val_noisy.csv,data/noise_robustness_v1_20/splits/rational_quad_b__noise_0.001__seed_2/test_clean.csv,data/noise_robustness_v1_20/splits/rational_quad_b__noise_0.001__seed_2/train_clean.csv,data/noise_robustness_v1_20/splits/rational_quad_b__noise_0.001__seed_2/val_clean.csv,data/noise_robustness_v1_20/splits/rational_quad_b__noise_0.001__seed_2
277,rational_quad_b__noise_0.01__seed_0,rational_quad_b,Nguyen,rational_quad_b_noise_0.01,rational_quad_b,rational,(x2**2 + 0.25*x3)/(1 + x2**2),x2|x3,x2|x3,0.01,relative_gaussian_y_train_val,0,512,256,1024,0.003218870175078426,0.003150080903657929,data/noise_robustness_v1_20/splits/rational_quad_b__noise_0.01__seed_0/train_noisy.csv,data/noise_robustness_v1_20/splits/rational_quad_b__noise_0.01__seed_0/val_noisy.csv,data/noise_robustness_v1_20/splits/rational_quad_b__noise_0.01__seed_0/test_clean.csv,data/noise_robustness_v1_20/splits/rational_quad_b__noise_0.01__seed_0/train_clean.csv,data/noise_robustness_v1_20/splits/rational_quad_b__noise_0.01__seed_0/val_clean.csv,data/noise_robustness_v1_20/splits/rational_quad_b__noise_0.01__seed_0
278,rational_quad_b__noise_0.01__seed_1,rational_quad_b,Nguyen,rational_quad_b_noise_0.01,rational_quad_b,rational,(x2**2 + 0.25*x3)/(1 + x2**2),x2|x3,x2|x3,0.01,relative_gaussian_y_train_val,1,512,256,1024,0.0031431641970795622,0.003245866262812883,data/noise_robustness_v1_20/splits/rational_quad_b__noise_0.01__seed_1/train_noisy.csv,data/noise_robustness_v1_20/splits/rational_quad_b__noise_0.01__seed_1/val_noisy.csv,data/noise_robustness_v1_20/splits/rational_quad_b__noise_0.01__seed_1/test_clean.csv,data/noise_robustness_v1_20/splits/rational_quad_b__noise_0.01__seed_1/train_clean.csv,data/noise_robustness_v1_20/splits/rational_quad_b__noise_0.01__seed_1/val_clean.csv,data/noise_robustness_v1_20/splits/rational_quad_b__noise_0.01__seed_1
279,rational_quad_b__noise_0.01__seed_2,rational_quad_b,Nguyen,rational_quad_b_noise_0.01,rational_quad_b,rational,(x2**2 + 0.25*x3)/(1 + x2**2),x2|x3,x2|x3,0.01,relative_gaussian_y_train_val,2,512,256,1024,0.0032255714947550486,0.003070591839890969,data/noise_robustness_v1_20/splits/rational_quad_b__noise_0.01__seed_2/train_noisy.csv,data/noise_robustness_v1_20/splits/rational_quad_b__noise_0.01__seed_2/val_noisy.csv,data/noise_robustness_v1_20/splits/rational_quad_b__noise_0.01__seed_2/test_clean.csv,data/noise_robustness_v1_20/splits/rational_quad_b__noise_0.01__seed_2/train_clean.csv,data/noise_robustness_v1_20/splits/rational_quad_b__noise_0.01__seed_2/val_clean.csv,data/noise_robustness_v1_20/splits/rational_quad_b__noise_0.01__seed_2
280,rational_quad_b__noise_0.05__seed_0,rational_quad_b,Nguyen,rational_quad_b_noise_0.05,rational_quad_b,rational,(x2**2 + 0.25*x3)/(1 + x2**2),x2|x3,x2|x3,0.05,relative_gaussian_y_train_val,0,512,256,1024,0.016048217618978716,0.016519719286301422,data/noise_robustness_v1_20/splits/rational_quad_b__noise_0.05__seed_0/train_noisy.csv,data/noise_robustness_v1_20/splits/rational_quad_b__noise_0.05__seed_0/val_noisy.csv,data/noise_robustness_v1_20/splits/rational_quad_b__noise_0.05__seed_0/test_clean.csv,data/noise_robustness_v1_20/splits/rational_quad_b__noise_0.05__seed_0/train_clean.csv,data/noise_robustness_v1_20/splits/rational_quad_b__noise_0.05__seed_0/val_clean.csv,data/noise_robustness_v1_20/splits/rational_quad_b__noise_0.05__seed_0
281,rational_quad_b__noise_0.05__seed_1,rational_quad_b,Nguyen,rational_quad_b_noise_0.05,rational_quad_b,rational,(x2**2 + 0.25*x3)/(1 + x2**2),x2|x3,x2|x3,0.05,relative_gaussian_y_train_val,1,512,256,1024,0.016764723647224145,0.014941992808488614,data/noise_robustness_v1_20/splits/rational_quad_b__noise_0.05__seed_1/train_noisy.csv,data/noise_robustness_v1_20/splits/rational_quad_b__noise_0.05__seed_1/val_noisy.csv,data/noise_robustness_v1_20/splits/rational_quad_b__noise_0.05__seed_1/test_clean.csv,data/noise_robustness_v1_20/splits/rational_quad_b__noise_0.05__seed_1/train_clean.csv,data/noise_robustness_v1_20/splits/rational_quad_b__noise_0.05__seed_1/val_clean.csv,data/noise_robustness_v1_20/splits/rational_quad_b__noise_0.05__seed_1
282,rational_quad_b__noise_0.05__seed_2,rational_quad_b,Nguyen,rational_quad_b_noise_0.05,rational_quad_b,rational,(x2**2 + 0.25*x3)/(1 + x2**2),x2|x3,x2|x3,0.05,relative_gaussian_y_train_val,2,512,256,1024,0.01604113654385999,0.016443158615870295,data/noise_robustness_v1_20/splits/rational_quad_b__noise_0.05__seed_2/train_noisy.csv,data/noise_robustness_v1_20/splits/rational_quad_b__noise_0.05__seed_2/val_noisy.csv,data/noise_robustness_v1_20/splits/rational_quad_b__noise_0.05__seed_2/test_clean.csv,data/noise_robustness_v1_20/splits/rational_quad_b__noise_0.05__seed_2/train_clean.csv,data/noise_robustness_v1_20/splits/rational_quad_b__noise_0.05__seed_2/val_clean.csv,data/noise_robustness_v1_20/splits/rational_quad_b__noise_0.05__seed_2
283,rational_quad_b__noise_0.1__seed_0,rational_quad_b,Nguyen,rational_quad_b_noise_0.1,rational_quad_b,rational,(x2**2 + 0.25*x3)/(1 + x2**2),x2|x3,x2|x3,0.1,relative_gaussian_y_train_val,0,512,256,1024,0.03328556442003855,0.03199225698139743,data/noise_robustness_v1_20/splits/rational_quad_b__noise_0.1__seed_0/train_noisy.csv,data/noise_robustness_v1_20/splits/rational_quad_b__noise_0.1__seed_0/val_noisy.csv,data/noise_robustness_v1_20/splits/rational_quad_b__noise_0.1__seed_0/test_clean.csv,data/noise_robustness_v1_20/splits/rational_quad_b__noise_0.1__seed_0/train_clean.csv,data/noise_robustness_v1_20/splits/rational_quad_b__noise_0.1__seed_0/val_clean.csv,data/noise_robustness_v1_20/splits/rational_quad_b__noise_0.1__seed_0
284,rational_quad_b__noise_0.1__seed_1,rational_quad_b,Nguyen,rational_quad_b_noise_0.1,rational_quad_b,rational,(x2**2 + 0.25*x3)/(1 + x2**2),x2|x3,x2|x3,0.1,relative_gaussian_y_train_val,1,512,256,1024,0.03173709630055912,0.034203176855709325,data/noise_robustness_v1_20/splits/rational_quad_b__noise_0.1__seed_1/train_noisy.csv,data/noise_robustness_v1_20/splits/rational_quad_b__noise_0.1__seed_1/val_noisy.csv,data/noise_robustness_v1_20/splits/rational_quad_b__noise_0.1__seed_1/test_clean.csv,data/noise_robustness_v1_20/splits/rational_quad_b__noise_0.1__seed_1/train_clean.csv,data/noise_robustness_v1_20/splits/rational_quad_b__noise_0.1__seed_1/val_clean.csv,data/noise_robustness_v1_20/splits/rational_quad_b__noise_0.1__seed_1
285,rational_quad_b__noise_0.1__seed_2,rational_quad_b,Nguyen,rational_quad_b_noise_0.1,rational_quad_b,rational,(x2**2 + 0.25*x3)/(1 + x2**2),x2|x3,x2|x3,0.1,relative_gaussian_y_train_val,2,512,256,1024,0.031977902462122273,0.033383498037276096,data/noise_robustness_v1_20/splits/rational_quad_b__noise_0.1__seed_2/train_noisy.csv,data/noise_robustness_v1_20/splits/rational_quad_b__noise_0.1__seed_2/val_noisy.csv,data/noise_robustness_v1_20/splits/rational_quad_b__noise_0.1__seed_2/test_clean.csv,data/noise_robustness_v1_20/splits/rational_quad_b__noise_0.1__seed_2/train_clean.csv,data/noise_robustness_v1_20/splits/rational_quad_b__noise_0.1__seed_2/val_clean.csv,data/noise_robustness_v1_20/splits/rational_quad_b__noise_0.1__seed_2
286,rational_quad_c__noise_0__seed_0,rational_quad_c,Nguyen,rational_quad_c_noise_0,rational_quad_c,rational,(x3**2 + 0.25*x3)/(1 + x3**2),x3,x3,0.0,relative_gaussian_y_train_val,0,512,256,1024,0.0,0.0,data/noise_robustness_v1_20/splits/rational_quad_c__noise_0__seed_0/train_noisy.csv,data/noise_robustness_v1_20/splits/rational_quad_c__noise_0__seed_0/val_noisy.csv,data/noise_robustness_v1_20/splits/rational_quad_c__noise_0__seed_0/test_clean.csv,data/noise_robustness_v1_20/splits/rational_quad_c__noise_0__seed_0/train_clean.csv,data/noise_robustness_v1_20/splits/rational_quad_c__noise_0__seed_0/val_clean.csv,data/noise_robustness_v1_20/splits/rational_quad_c__noise_0__seed_0
287,rational_quad_c__noise_0__seed_1,rational_quad_c,Nguyen,rational_quad_c_noise_0,rational_quad_c,rational,(x3**2 + 0.25*x3)/(1 + x3**2),x3,x3,0.0,relative_gaussian_y_train_val,1,512,256,1024,0.0,0.0,data/noise_robustness_v1_20/splits/rational_quad_c__noise_0__seed_1/train_noisy.csv,data/noise_robustness_v1_20/splits/rational_quad_c__noise_0__seed_1/val_noisy.csv,data/noise_robustness_v1_20/splits/rational_quad_c__noise_0__seed_1/test_clean.csv,data/noise_robustness_v1_20/splits/rational_quad_c__noise_0__seed_1/train_clean.csv,data/noise_robustness_v1_20/splits/rational_quad_c__noise_0__seed_1/val_clean.csv,data/noise_robustness_v1_20/splits/rational_quad_c__noise_0__seed_1
288,rational_quad_c__noise_0__seed_2,rational_quad_c,Nguyen,rational_quad_c_noise_0,rational_quad_c,rational,(x3**2 + 0.25*x3)/(1 + x3**2),x3,x3,0.0,relative_gaussian_y_train_val,2,512,256,1024,0.0,0.0,data/noise_robustness_v1_20/splits/rational_quad_c__noise_0__seed_2/train_noisy.csv,data/noise_robustness_v1_20/splits/rational_quad_c__noise_0__seed_2/val_noisy.csv,data/noise_robustness_v1_20/splits/rational_quad_c__noise_0__seed_2/test_clean.csv,data/noise_robustness_v1_20/splits/rational_quad_c__noise_0__seed_2/train_clean.csv,data/noise_robustness_v1_20/splits/rational_quad_c__noise_0__seed_2/val_clean.csv,data/noise_robustness_v1_20/splits/rational_quad_c__noise_0__seed_2
289,rational_quad_c__noise_0.001__seed_0,rational_quad_c,Nguyen,rational_quad_c_noise_0.001,rational_quad_c,rational,(x3**2 + 0.25*x3)/(1 + x3**2),x3,x3,0.001,relative_gaussian_y_train_val,0,512,256,1024,0.00028942415375082044,0.00027225596736141065,data/noise_robustness_v1_20/splits/rational_quad_c__noise_0.001__seed_0/train_noisy.csv,data/noise_robustness_v1_20/splits/rational_quad_c__noise_0.001__seed_0/val_noisy.csv,data/noise_robustness_v1_20/splits/rational_quad_c__noise_0.001__seed_0/test_clean.csv,data/noise_robustness_v1_20/splits/rational_quad_c__noise_0.001__seed_0/train_clean.csv,data/noise_robustness_v1_20/splits/rational_quad_c__noise_0.001__seed_0/val_clean.csv,data/noise_robustness_v1_20/splits/rational_quad_c__noise_0.001__seed_0
290,rational_quad_c__noise_0.001__seed_1,rational_quad_c,Nguyen,rational_quad_c_noise_0.001,rational_quad_c,rational,(x3**2 + 0.25*x3)/(1 + x3**2),x3,x3,0.001,relative_gaussian_y_train_val,1,512,256,1024,0.0002819107196177559,0.00027778143066460077,data/noise_robustness_v1_20/splits/rational_quad_c__noise_0.001__seed_1/train_noisy.csv,data/noise_robustness_v1_20/splits/rational_quad_c__noise_0.001__seed_1/val_noisy.csv,data/noise_robustness_v1_20/splits/rational_quad_c__noise_0.001__seed_1/test_clean.csv,data/noise_robustness_v1_20/splits/rational_quad_c__noise_0.001__seed_1/train_clean.csv,data/noise_robustness_v1_20/splits/rational_quad_c__noise_0.001__seed_1/val_clean.csv,data/noise_robustness_v1_20/splits/rational_quad_c__noise_0.001__seed_1
291,rational_quad_c__noise_0.001__seed_2,rational_quad_c,Nguyen,rational_quad_c_noise_0.001,rational_quad_c,rational,(x3**2 + 0.25*x3)/(1 + x3**2),x3,x3,0.001,relative_gaussian_y_train_val,2,512,256,1024,0.0002853912295515317,0.0002874840302532613,data/noise_robustness_v1_20/splits/rational_quad_c__noise_0.001__seed_2/train_noisy.csv,data/noise_robustness_v1_20/splits/rational_quad_c__noise_0.001__seed_2/val_noisy.csv,data/noise_robustness_v1_20/splits/rational_quad_c__noise_0.001__seed_2/test_clean.csv,data/noise_robustness_v1_20/splits/rational_quad_c__noise_0.001__seed_2/train_clean.csv,data/noise_robustness_v1_20/splits/rational_quad_c__noise_0.001__seed_2/val_clean.csv,data/noise_robustness_v1_20/splits/rational_quad_c__noise_0.001__seed_2
292,rational_quad_c__noise_0.01__seed_0,rational_quad_c,Nguyen,rational_quad_c_noise_0.01,rational_quad_c,rational,(x3**2 + 0.25*x3)/(1 + x3**2),x3,x3,0.01,relative_gaussian_y_train_val,0,512,256,1024,0.0028692620618709446,0.002780580275354232,data/noise_robustness_v1_20/splits/rational_quad_c__noise_0.01__seed_0/train_noisy.csv,data/noise_robustness_v1_20/splits/rational_quad_c__noise_0.01__seed_0/val_noisy.csv,data/noise_robustness_v1_20/splits/rational_quad_c__noise_0.01__seed_0/test_clean.csv,data/noise_robustness_v1_20/splits/rational_quad_c__noise_0.01__seed_0/train_clean.csv,data/noise_robustness_v1_20/splits/rational_quad_c__noise_0.01__seed_0/val_clean.csv,data/noise_robustness_v1_20/splits/rational_quad_c__noise_0.01__seed_0
293,rational_quad_c__noise_0.01__seed_1,rational_quad_c,Nguyen,rational_quad_c_noise_0.01,rational_quad_c,rational,(x3**2 + 0.25*x3)/(1 + x3**2),x3,x3,0.01,relative_gaussian_y_train_val,1,512,256,1024,0.0028474425044920644,0.002807015353575455,data/noise_robustness_v1_20/splits/rational_quad_c__noise_0.01__seed_1/train_noisy.csv,data/noise_robustness_v1_20/splits/rational_quad_c__noise_0.01__seed_1/val_noisy.csv,data/noise_robustness_v1_20/splits/rational_quad_c__noise_0.01__seed_1/test_clean.csv,data/noise_robustness_v1_20/splits/rational_quad_c__noise_0.01__seed_1/train_clean.csv,data/noise_robustness_v1_20/splits/rational_quad_c__noise_0.01__seed_1/val_clean.csv,data/noise_robustness_v1_20/splits/rational_quad_c__noise_0.01__seed_1
294,rational_quad_c__noise_0.01__seed_2,rational_quad_c,Nguyen,rational_quad_c_noise_0.01,rational_quad_c,rational,(x3**2 + 0.25*x3)/(1 + x3**2),x3,x3,0.01,relative_gaussian_y_train_val,2,512,256,1024,0.0028894201684622513,0.002939869679792721,data/noise_robustness_v1_20/splits/rational_quad_c__noise_0.01__seed_2/train_noisy.csv,data/noise_robustness_v1_20/splits/rational_quad_c__noise_0.01__seed_2/val_noisy.csv,data/noise_robustness_v1_20/splits/rational_quad_c__noise_0.01__seed_2/test_clean.csv,data/noise_robustness_v1_20/splits/rational_quad_c__noise_0.01__seed_2/train_clean.csv,data/noise_robustness_v1_20/splits/rational_quad_c__noise_0.01__seed_2/val_clean.csv,data/noise_robustness_v1_20/splits/rational_quad_c__noise_0.01__seed_2
295,rational_quad_c__noise_0.05__seed_0,rational_quad_c,Nguyen,rational_quad_c_noise_0.05,rational_quad_c,rational,(x3**2 + 0.25*x3)/(1 + x3**2),x3,x3,0.05,relative_gaussian_y_train_val,0,512,256,1024,0.014289798714275465,0.01463755355988812,data/noise_robustness_v1_20/splits/rational_quad_c__noise_0.05__seed_0/train_noisy.csv,data/noise_robustness_v1_20/splits/rational_quad_c__noise_0.05__seed_0/val_noisy.csv,data/noise_robustness_v1_20/splits/rational_quad_c__noise_0.05__seed_0/test_clean.csv,data/noise_robustness_v1_20/splits/rational_quad_c__noise_0.05__seed_0/train_clean.csv,data/noise_robustness_v1_20/splits/rational_quad_c__noise_0.05__seed_0/val_clean.csv,data/noise_robustness_v1_20/splits/rational_quad_c__noise_0.05__seed_0
296,rational_quad_c__noise_0.05__seed_1,rational_quad_c,Nguyen,rational_quad_c_noise_0.05,rational_quad_c,rational,(x3**2 + 0.25*x3)/(1 + x3**2),x3,x3,0.05,relative_gaussian_y_train_val,1,512,256,1024,0.013840304531550156,0.01464100826209559,data/noise_robustness_v1_20/splits/rational_quad_c__noise_0.05__seed_1/train_noisy.csv,data/noise_robustness_v1_20/splits/rational_quad_c__noise_0.05__seed_1/val_noisy.csv,data/noise_robustness_v1_20/splits/rational_quad_c__noise_0.05__seed_1/test_clean.csv,data/noise_robustness_v1_20/splits/rational_quad_c__noise_0.05__seed_1/train_clean.csv,data/noise_robustness_v1_20/splits/rational_quad_c__noise_0.05__seed_1/val_clean.csv,data/noise_robustness_v1_20/splits/rational_quad_c__noise_0.05__seed_1
297,rational_quad_c__noise_0.05__seed_2,rational_quad_c,Nguyen,rational_quad_c_noise_0.05,rational_quad_c,rational,(x3**2 + 0.25*x3)/(1 + x3**2),x3,x3,0.05,relative_gaussian_y_train_val,2,512,256,1024,0.014380975235160518,0.014321554547013013,data/noise_robustness_v1_20/splits/rational_quad_c__noise_0.05__seed_2/train_noisy.csv,data/noise_robustness_v1_20/splits/rational_quad_c__noise_0.05__seed_2/val_noisy.csv,data/noise_robustness_v1_20/splits/rational_quad_c__noise_0.05__seed_2/test_clean.csv,data/noise_robustness_v1_20/splits/rational_quad_c__noise_0.05__seed_2/train_clean.csv,data/noise_robustness_v1_20/splits/rational_quad_c__noise_0.05__seed_2/val_clean.csv,data/noise_robustness_v1_20/splits/rational_quad_c__noise_0.05__seed_2
298,rational_quad_c__noise_0.1__seed_0,rational_quad_c,Nguyen,rational_quad_c_noise_0.1,rational_quad_c,rational,(x3**2 + 0.25*x3)/(1 + x3**2),x3,x3,0.1,relative_gaussian_y_train_val,0,512,256,1024,0.028257818484614217,0.02901634851306612,data/noise_robustness_v1_20/splits/rational_quad_c__noise_0.1__seed_0/train_noisy.csv,data/noise_robustness_v1_20/splits/rational_quad_c__noise_0.1__seed_0/val_noisy.csv,data/noise_robustness_v1_20/splits/rational_quad_c__noise_0.1__seed_0/test_clean.csv,data/noise_robustness_v1_20/splits/rational_quad_c__noise_0.1__seed_0/train_clean.csv,data/noise_robustness_v1_20/splits/rational_quad_c__noise_0.1__seed_0/val_clean.csv,data/noise_robustness_v1_20/splits/rational_quad_c__noise_0.1__seed_0
299,rational_quad_c__noise_0.1__seed_1,rational_quad_c,Nguyen,rational_quad_c_noise_0.1,rational_quad_c,rational,(x3**2 + 0.25*x3)/(1 + x3**2),x3,x3,0.1,relative_gaussian_y_train_val,1,512,256,1024,0.028834059262637785,0.028078360380648388,data/noise_robustness_v1_20/splits/rational_quad_c__noise_0.1__seed_1/train_noisy.csv,data/noise_robustness_v1_20/splits/rational_quad_c__noise_0.1__seed_1/val_noisy.csv,data/noise_robustness_v1_20/splits/rational_quad_c__noise_0.1__seed_1/test_clean.csv,data/noise_robustness_v1_20/splits/rational_quad_c__noise_0.1__seed_1/train_clean.csv,data/noise_robustness_v1_20/splits/rational_quad_c__noise_0.1__seed_1/val_clean.csv,data/noise_robustness_v1_20/splits/rational_quad_c__noise_0.1__seed_1
300,rational_quad_c__noise_0.1__seed_2,rational_quad_c,Nguyen,rational_quad_c_noise_0.1,rational_quad_c,rational,(x3**2 + 0.25*x3)/(1 + x3**2),x3,x3,0.1,relative_gaussian_y_train_val,2,512,256,1024,0.029092230084441756,0.02822523859676341,data/noise_robustness_v1_20/splits/rational_quad_c__noise_0.1__seed_2/train_noisy.csv,data/noise_robustness_v1_20/splits/rational_quad_c__noise_0.1__seed_2/val_noisy.csv,data/noise_robustness_v1_20/splits/rational_quad_c__noise_0.1__seed_2/test_clean.csv,data/noise_robustness_v1_20/splits/rational_quad_c__noise_0.1__seed_2/train_clean.csv,data/noise_robustness_v1_20/splits/rational_quad_c__noise_0.1__seed_2/val_clean.csv,data/noise_robustness_v1_20/splits/rational_quad_c__noise_0.1__seed_2
