2.566344899855796432e+10 2.706366353227544648e-24
1.216675980054484367e+09 1.283058615926731202e-25
2.361908919798600006e+10 2.490776212616676945e-24
1.484826881383786917e+09 1.565840005515496813e-25
6.083298480528199196e+09 6.415207217575027227e-25
4.956749315268334198e+10 5.227192794304331068e-24
5.791328255664039612e+09 6.107306906607065701e-25
7.156320292584162903e+10 7.546773800301568469e-24
3.084749365886325836e+10 3.253055305404919573e-24
1.596232709247134972e+10 1.683324208086930709e-24
8.072043619871750832e+09 8.512459590226357541e-25
1.180989218822142839e+09 1.245424761700706816e-25
1.050135029289493561e+09 1.107431082148935960e-25
1.551446657646786690e+09 1.636094600269249644e-25
1.100683284846147537e+09 1.160737283533076677e-25
3.158108349121778488e+09 3.330416802663752174e-25
6.888024417025557518e+09 7.263839526594891307e-25
5.476812040488439560e+09 5.775630481375388077e-25
2.151553538968125916e+10 2.268943704861405735e-24
3.525732807639060497e+09 3.718099091669634349e-25
3.204921374988386631e+09 3.379783977787126204e-25
3.179457565812415314e+10 3.352930846556508068e-24
5.606153273911434937e+10 5.912028656944312280e-24
1.957870359759907913e+10 2.064693044934630141e-24
1.759320004228481054e+09 1.855309652366540732e-25
2.436207820905928135e+09 2.569128910280171997e-25
7.958181623683039665e+09 8.392385209182031301e-25
7.959077414141139030e+09 8.393329874552409754e-25
2.356567342051642990e+10 2.485143194900186349e-24
8.905023817718840027e+10 9.390887731543161370e-24
4.608601816043941498e+09 4.860050140207388690e-25
4.042156698473539829e+09 4.262699407175092112e-25
3.686431495958249092e+09 3.887565605348014378e-25
1.082506127058734131e+10 1.141568368148426823e-24
1.972868754759957552e+09 2.080509762158737896e-25
7.968008335960885048e+09 8.402748073297880577e-25
1.015303260178681374e+10 1.070698868972838880e-24
3.312200156186940002e+10 3.492915959333074413e-24
1.305944919207447815e+10 1.377198126685971764e-24
7.554189292106822014e+09 7.966350792217554860e-25
3.361195840613457680e+09 3.544584880292503379e-25
3.838194201415799713e+10 4.047608583105281514e-24
1.446937811765314341e+09 1.525883683519847547e-25
7.976001730122917175e+10 8.411177592264494635e-24
1.111929133089284658e+09 1.172596712599076214e-25
1.372643295546397448e+09 1.447535609987138588e-25
6.263491613394090271e+10 6.605231805423024684e-24
1.002550629804023385e+09 1.057250446758404087e-25
2.247137887488434219e+10 2.369743197846574470e-24
3.905040412371611118e+09 4.118101966976531215e-25
1.682717916233099461e+09 1.774528104434567360e-25
2.373126788252793503e+10 2.502606135298179472e-24
2.129731516309523773e+10 2.245931058398365042e-24
4.821549975001683807e+10 5.084616889757446274e-24
7.862112279824365234e+10 8.291074259196168018e-24
6.804222413753208923e+10 7.175465231307421247e-24
3.127542393544397831e+09 3.298183148592735181e-25
3.657675618611075878e+09 3.857240788557293515e-25
1.733841832885797262e+09 1.828441375360016709e-25
1.744693994743729591e+09 1.839885638254586295e-25
1.416035157723422289e+09 1.493294960496255830e-25
3.840795241754512787e+10 4.050351537903163716e-24
1.297004470111120415e+10 1.367769880849489076e-24
4.006506019003076172e+10 4.225103603355432410e-24
2.739548332955210114e+10 2.889019878726042615e-24
3.576495245901408672e+09 3.771631161707737761e-25
2.792490864737818718e+09 2.944850989610313581e-25
6.281448826142199707e+10 6.624168775423417581e-24
9.221896788776524353e+10 9.725049498796640133e-24
3.453638757798675537e+09 3.642071543397813987e-25
3.885746026946953773e+09 4.097754867285281223e-25
1.598509938220700026e+09 1.685725684160157442e-25
8.433436581733118057e+09 8.893570388050067814e-25
4.752592347136426544e+10 5.011896888691570871e-24
2.055536503119964838e+09 2.167687916845263925e-25
1.046859705846771359e+09 1.103977054920631998e-25
5.082411237200049400e+09 5.359710912744689891e-25
9.733731055979684448e+10 1.026480977780876502e-23
4.516801230767965317e+09 4.763240855059684016e-25
8.158851557735286713e+09 8.604003825858967114e-25
4.363257924304592133e+09 4.601320125543114211e-25
3.455369022288951111e+10 3.643896212248414957e-24
1.053255312270743251e+09 1.110721609806959362e-25
8.855605151214794159e+09 9.338772750327879458e-25
4.814463556053321838e+10 5.077143831164348262e-24
5.077457020419969177e+10 5.354486390662347107e-24
7.527440479465437317e+10 7.938142546893437023e-24
1.323839165789004707e+10 1.396068695044653419e-24
1.677164963586597061e+10 1.768672179065999591e-24
1.960609096903257370e+10 2.067581209364715693e-24
4.101928530471732140e+09 4.325732429353742755e-25
2.598125302556056976e+09 2.739880715449410939e-25
6.858636909023449707e+10 7.232848616968293056e-24
6.430582269008923531e+09 6.781439036306186790e-25
1.618943062031404305e+10 1.707273652547309859e-24
9.474413976718069458e+10 9.991344189387540388e-24
2.845223791705502033e+09 3.000461059504099831e-25
2.223491262476889610e+09 2.344806397534882396e-25
2.667215529103652573e+10 2.812740549868310807e-24
3.559541715873870850e+10 3.753752636012481661e-24
4.072251007655110359e+09 4.294435681514993094e-25
1.278118542474285126e+10 1.347853524669657826e-24
7.950137801813370705e+09 8.383902511139125421e-25
4.784534130275955963e+10 5.045581436374842106e-24
5.500661284064848900e+09 5.800780955253138250e-25
3.452506565718128204e+10 3.640877578178113107e-24
5.603750552849771500e+09 5.909494841852723168e-25
2.020259335260632753e+09 2.130486003674114572e-25
6.568256703315148926e+10 6.926625077639500849e-24
4.859527515558770752e+10 5.124666509723886188e-24
4.720904587113575745e+10 4.978480223792082492e-24
4.565762619340835571e+10 4.814873608961297738e-24
7.258935289297593689e+10 7.654987538235775164e-24
2.855386357396667480e+09 3.011178101414787932e-25
1.561494722614280128e+10 1.646690894222021501e-24
5.278825246708737373e+09 5.566841398856161851e-25
5.834604328551472473e+10 6.152944150287348621e-24
1.557076597894159126e+10 1.642031713732458073e-24
2.846421930908285141e+09 3.001724569964084105e-25
1.432481141038577795e+09 1.510638247399111090e-25
3.321180042891020203e+10 3.502385794518939186e-24
1.192403781954927635e+10 1.257462110850891553e-24
4.877751044107214928e+09 5.143884325888564992e-25
1.654168430415613937e+10 1.744420940030152517e-24
2.141826387476892090e+10 2.258685833633691626e-24
1.409776782076407814e+10 1.486695123787678406e-24
1.158425195487491369e+09 1.221629630520258930e-25
4.028611408756401062e+10 4.248415077606902487e-24
1.398252807648957491e+09 1.474542393791153515e-25
9.334304487134098816e+10 9.843590234570612849e-24
1.175957406257538986e+10 1.240118410157172255e-24
5.483579812977039337e+10 5.782767507949826371e-24
7.004456816025521278e+09 7.386624553306138214e-25
1.033755343315925407e+10 1.090157709813912371e-24
4.334063538297196388e+09 4.570532874773354887e-25
6.541830867205642700e+09 6.898757430657720835e-25
4.463756659948928833e+09 4.707302137822534204e-25
1.021554688275830650e+10 1.077291379068694145e-24
3.342727096608842087e+10 3.525108469556256032e-24
2.218743888568231106e+09 2.339800003806079606e-25
2.587835864860367584e+10 2.729029879314794309e-24
6.757574695983989716e+10 7.126272383599164115e-24
7.708033784918513298e+09 8.128589141006259876e-25
1.180205183220712471e+10 1.244597948604944394e-24
8.322415949236505127e+10 8.776492397356081558e-24
1.260211326105626583e+09 1.328969278883822149e-25
3.625852834602631092e+09 3.823681732675396193e-25
1.817291651456250763e+10 1.916444270518305401e-24
2.556144134116960526e+10 2.695609027049643206e-24
5.881711872177619934e+10 6.202621912251520864e-24
2.056208889907870102e+10 2.168396989495336671e-24
6.454594728917306900e+09 6.806761631705552703e-25
1.714379448228399515e+09 1.807917110288196979e-25
3.200236977528289795e+09 3.374843996543037361e-25
1.012777502887738991e+10 1.068035304714967826e-24
1.911038882114689589e+09 2.015306411291557111e-25
2.972317284845101357e+09 3.134488856612156252e-25
1.070984728717925262e+10 1.129418354791512531e-24
1.121762649789039135e+09 1.182966752390536731e-25
2.530791573585325241e+09 2.668873214262033370e-25
1.785172356146808243e+10 1.882572525485227983e-24
5.645946090306308746e+09 5.953992595383490524e-25
4.114253418053704834e+10 4.338729770849438820e-24
2.061963981572158051e+10 2.174466082718482088e-24
5.617502568016070366e+09 5.923997175945556361e-25
2.062463085072195053e+10 2.174992417631359348e-24
3.783804998647125244e+10 3.990251869921374574e-24
1.322275851800334692e+09 1.394420085624031755e-25
1.360835923913072586e+09 1.435084020448148951e-25
7.776978029926776123e+10 8.201295029037725562e-24
2.350995454569704819e+10 2.479267301599198225e-24
1.978415556946744919e+10 2.086359201494492629e-24
1.608125145516393661e+09 1.695865503443931705e-25
2.484880958448134899e+09 2.620457685986682363e-25
9.182175944784632874e+10 9.683161459621742973e-24
4.523207321639600372e+10 4.769996466431984558e-24
1.131399958343338966e+10 1.193129878792017290e-24
7.031277617758082581e+10 7.414908715493251157e-24
1.715759284410822868e+10 1.809372231233665419e-24
6.251431342201620102e+09 6.592513517959817246e-25
1.370887722564663172e+09 1.445684251797260111e-25
3.172034983127842712e+10 3.345103282914261336e-24
2.372203698760843277e+09 2.501632681440838290e-25
2.278306927256875992e+09 2.402612840775886741e-25
7.220071576711540222e+10 7.614003396115862529e-24
2.269312086775934982e+10 2.393127235925332465e-24
1.036312409280963135e+10 1.092854290967579697e-24
6.545412823116516113e+09 6.902534820421846738e-25
1.544789362554383469e+10 1.629074078809877878e-24
1.505624516719820976e+09 1.587772373414800240e-25
2.708501403472950745e+10 2.856279008499855819e-24
2.304110941746735001e+10 2.429824739144447580e-24
2.335703486418272018e+09 2.463140993680885999e-25
8.141856857502284241e+10 8.586081883684953992e-24
7.169462250381925583e+09 7.560632791897514398e-25
1.256689662217943430e+09 1.325255470715037905e-25
1.193542265091549635e+09 1.258662710370793999e-25
4.072356954185894775e+10 4.294547408557672978e-24
2.016372758768466473e+09 2.126387373030885562e-25
1.765733412859161758e+10 1.862072980759598398e-24
6.684540716247163773e+09 7.049253622242046185e-25
1.327236336771693230e+09 1.399651217894261596e-25
3.244042284007001400e+09 3.421039349144890554e-25
3.109275004646525955e+10 3.278919079029325682e-24
2.031034810185761261e+10 2.141849395546755672e-24
1.477349124810182095e+09 1.557954257660807734e-25
7.970426688375267029e+09 8.405298372598998582e-25
1.179384402713230133e+10 1.243732385777064136e-24
4.695241247115186691e+09 4.951416675207096421e-25
6.351507219708888054e+09 6.698049600686114616e-25
1.247219091483891726e+09 1.315268179458145963e-25
6.445784146780050659e+10 6.797470338454221019e-24
9.369148423657159805e+09 9.880335279020915632e-25
8.457692658562724113e+09 8.919149892268941591e-25
9.478630838841592789e+09 9.995791126261824435e-25
7.414037150915894508e+09 7.818551858694148038e-25
5.539263921881506920e+09 5.841489778193774202e-25
3.815347569032412052e+09 4.023515423541875369e-25
6.275501919494915009e+10 6.617897401666562515e-24
1.260288634787180424e+09 1.329050805577518413e-25
2.622038921019137192e+10 2.765099076549681626e-24
6.096017086367264748e+09 6.428619758852991950e-25
1.951880612472902679e+10 2.058376493124778659e-24
1.412957622453412056e+10 1.490049512892508265e-24
2.409496995439301968e+09 2.540960724735870359e-25
1.346894307990266037e+10 1.420381740857737974e-24
7.381828000342562866e+10 7.784585355835313616e-24
3.356466202019597626e+10 3.539597189528853820e-24
6.124013137084438324e+09 6.458143292376669181e-25
1.250899506326648474e+09 1.319149400137765294e-25
4.237973890103844452e+10 4.469200512635057754e-24
1.226805747487642527e+09 1.293741070085040031e-25
2.546906932184607506e+09 2.685867837348643551e-25
4.195141349696559143e+10 4.424031000856633246e-24
3.848980150537520885e+09 4.058983020653519759e-25
5.623127918442970276e+10 5.929929449164689847e-24
5.521766613904133797e+09 5.823037805668692286e-25
4.075215316671987534e+09 4.297561725167308686e-25
1.494196471875319099e+10 1.575720806981904518e-24
4.486941697164369583e+09 4.731752165806583020e-25
2.682480869865379333e+09 2.828838777589149026e-25
3.705917860680283070e+09 3.908115158852454113e-25
2.600001865459527016e+09 2.741859664850152908e-25
7.048939695656130981e+10 7.433534447893462712e-24
4.140189656980087280e+10 4.366081107906112370e-24
1.987426268972948074e+10 2.095861543852181985e-24
3.656186898526803589e+10 3.855670842933197773e-24
4.429431295172083855e+09 4.671103958731510525e-25
6.554578853281464386e+10 6.912200955177343140e-24
9.274090663114624023e+10 9.780091104997410960e-24
1.522267262911685705e+09 1.605323158705389919e-25
4.377659331331649780e+10 4.616507282740633925e-24
2.092294764221129894e+09 2.206451732672565636e-25
2.216875668700359344e+10 2.337829852642405418e-24
6.967510541164846420e+09 7.347662465565848133e-25
2.234680827282638550e+10 2.356606472302400931e-24
1.292478188158613443e+09 1.362996641998322196e-25
2.081476486285926056e+10 2.195043202429672512e-24
4.933654556423168182e+10 5.202837970337384142e-24
2.070979922568103409e+10 2.183973939341916695e-24
2.334888913554610825e+10 2.462281977189926790e-24
1.943021331743667221e+10 2.049033844254493472e-24
5.914089539531295776e+09 6.236766126276263054e-25
1.662720982898767710e+09 1.753440125360978837e-25
2.232582276387477493e+10 2.354393423100199420e-24
2.468375892430591202e+10 2.603052092790619968e-24
2.528396250610233784e+09 2.666347200901450288e-25
3.617784891070552349e+09 3.815173596876429867e-25
6.429448358331560516e+10 6.780243258721905652e-24
2.832092368278733253e+09 2.986613177041307199e-25
2.236782462786708355e+09 2.358822774411787154e-25
2.714893537063919830e+10 2.863019901073143918e-24
7.112532229804542542e+10 7.500596632226287807e-24
2.895538710785655975e+10 3.053521193421231043e-24
1.347851983828102684e+10 1.421391668114579301e-24
2.053132199953330040e+09 2.165152433328022961e-25
1.139800720237552261e+10 1.201988991740262313e-24
3.591757512994146347e+09 3.787726148058199943e-25
1.747661945532208204e+09 1.843015522375939080e-25
1.174759098329560280e+10 1.238854721766235599e-24
2.737054936553312683e+10 2.886390440988452212e-24
5.898186464393094635e+10 6.219995368974976570e-24
8.045303348563719177e+10 8.484260352256317941e-24
5.016044091791299438e+10 5.289722732549544235e-24
2.982073561616344833e+10 3.144777442214174256e-24
1.223300555455368996e+09 1.290044632486851367e-25
1.521546222362550926e+10 1.604562777713107520e-24
2.910273270984700775e+10 3.069059680845326682e-24
2.826333448812466812e+10 2.980540047168807827e-24
2.837700292196882248e+09 2.992527072949994555e-25
1.470774899079931831e+10 1.551021337882225999e-24
2.403956939793865681e+09 2.535118400037167827e-25
4.290853047195818901e+09 4.524964791064195024e-25
9.918913364884754944e+10 1.046009575439820613e-23
6.933397182297384644e+10 7.311687859565048449e-24
5.765841189676074219e+10 6.080429249657605912e-24
1.103624988429853821e+10 1.163839488385027384e-24
1.481081556247710037e+10 1.561890332994571938e-24
1.884107423221268892e+09 1.986905554416637453e-25
6.038374738362194061e+10 6.367832406704524788e-24
9.711948987825572205e+10 1.024183926579406640e-23
5.129420587964282036e+09 5.409285124380288249e-25
5.306064936244698334e+10 5.595567303638731151e-24
2.655485192497383118e+09 2.800370198437751153e-25
1.714053041163170099e+09 1.807572894240368672e-25
1.772673984234632969e+09 1.869392234241001149e-25
6.219123681256315613e+10 6.558443129938796803e-24
2.762179435594905090e+10 2.912885749102215009e-24
1.284679095611448526e+09 1.354772025869546448e-25
2.519537534904018784e+10 2.657005147882210231e-24
9.251074973720335007e+09 9.755819664562207077e-25
5.639000340128726006e+09 5.946667880541152019e-25
1.016642304661082387e+09 1.072110972596497908e-25
8.024553496959509277e+10 8.462378375200446802e-24
2.814885231565894318e+10 2.968467207714413258e-24
3.240662696584791183e+09 3.417475369226300826e-25
1.441296243444447041e+09 1.519934307547862104e-25
1.944301502634123230e+10 2.050383862104590770e-24
7.056902379367343140e+10 7.441931580827009310e-24
1.554473985111657858e+09 1.639287100697227799e-25
5.159615023471010208e+09 5.441126988003022715e-25
1.529486912838206768e+09 1.612936717445805564e-25
3.384281255486385822e+09 3.568929850473986789e-25
3.584656482957763672e+10 3.780237681186578791e-24
1.755415720914828110e+10 1.851192348806083189e-24
1.435072525110403442e+10 1.513371019077879888e-24
2.780994537899113655e+09 2.932727415673027746e-25
1.165416268945163727e+09 1.229002141510441857e-25
1.509481343667801142e+09 1.591839631359288446e-25
5.348314697591803741e+10 5.640122239550940295e-24
5.189698645862409210e+10 5.472851992474503058e-24
1.856202588841714144e+09 1.957478214053517210e-25
7.245300796500249863e+09 7.640609138609081193e-25
4.937077895668480873e+09 5.206448089207111078e-25
1.515260968101527452e+09 1.597934595875790961e-25
8.857011259569507599e+09 9.340255576872511609e-25
7.930491505580395508e+10 8.363184300156083906e-24
9.999269173942764282e+10 1.054483582886489068e-23
9.382248999815843201e+10 9.894150631168535546e-24
7.332551202567802429e+10 7.732619983799816807e-24
1.000824289358165264e+09 1.055429916050645912e-25
3.498136265606513214e+10 3.688996864285266537e-24
2.270372936460961342e+09 2.394245966261831244e-25
1.250533135111019373e+09 1.318763039469397974e-25
2.242119046104454517e+09 2.364450525199748296e-25
1.707025012606205463e+09 1.800161411856547201e-25
1.060183837607185173e+10 1.118028160009578051e-24
2.573023329607499695e+10 2.713409162467027119e-24
2.783334540256088734e+09 2.935195090086449447e-25
3.671071675466663361e+09 3.871367743021567588e-25
2.696157436580832672e+10 2.843261546714395656e-24
9.741691636685464859e+09 1.027320469299552987e-24
6.053420253466238022e+09 6.383698814936266884e-25
3.796611401794788361e+09 4.003756998786419060e-25
2.837049891441718578e+09 2.991841185904965284e-25
2.163599806078040314e+10 2.281647224170169198e-24
4.936276829619010925e+09 5.205603316470944252e-25
7.808308634442486763e+09 8.234335051792407250e-25
2.436696607046023941e+10 2.569644364911212933e-24
5.862583704938282776e+10 6.182450099718310571e-24
2.650835074681135559e+10 2.795466367157261829e-24
1.331292867705342102e+10 1.403929075804268687e-24
1.554681830225778103e+09 1.639506285976481946e-25
2.438677783579417229e+09 2.571733635729831599e-25
1.323660468578369617e+09 1.395880247997529807e-25
3.840996374438491058e+10 4.050563644517705161e-24
5.037721793866889191e+10 5.312583184204333131e-24
2.685429268260080338e+09 2.831948042525353495e-25
2.022209742378025436e+10 2.132542826277305643e-24
6.698790717744547844e+09 7.064281113125337117e-25
7.945021554947169495e+10 8.378507118503369723e-24
1.702746615400596857e+09 1.795649582505919827e-25
3.341933095927427769e+09 3.524271147679239572e-25
2.702676980199808121e+09 2.850136800890008010e-25
1.154667285855388832e+10 1.217666686884988627e-24
6.393830794546626091e+09 6.742682377401200359e-25
2.656697615571166611e+10 2.801648772106063629e-24
1.566835140336599588e+09 1.652322688622172913e-25
6.803085094155979919e+10 7.174265858810380211e-24
1.246216355785802841e+10 1.314210733845656172e-24
1.497461705648511648e+09 1.579164194041721453e-25
1.230547134273830986e+10 1.297686589377134940e-24
2.987551240412585068e+10 3.150553986742061011e-24
2.353744671352805138e+09 2.482166517445022060e-25
1.727228874795628357e+10 1.821467609958670083e-24
2.236524770421372223e+10 2.358551022182744097e-24
6.630336298759944916e+09 6.992091776345202768e-25
3.599830614996041298e+09 3.796239723776463660e-25
1.092224754986149549e+09 1.151817250761115661e-25
6.992751386573193550e+09 7.374280467980101455e-25
7.187465818603730774e+10 7.579618646556514921e-24
2.263461640123580170e+10 2.386957585083711256e-24
2.742356678961665154e+09 2.891981449924254552e-25
2.635263848588156700e+09 2.779045564801777603e-25
4.396573155505018616e+10 4.636453057510246638e-24
6.046352271213807678e+10 6.376245198957268458e-24
2.536752055749349594e+09 2.675158904224686100e-25
1.142297665638491631e+09 1.204622172112599593e-25
4.441219414195916176e+09 4.683535245226062486e-25
9.210301175688180542e+10 9.712821221487108587e-24
5.109272952588745880e+10 5.388038220863730005e-24
1.740407119414503813e+09 1.835364868208381604e-25
1.469181963777447939e+09 1.549341490989568351e-25
4.067423557176043701e+10 4.289344842185816798e-24
1.113134147975419998e+10 1.173867473884185692e-24
3.733490466361787319e+09 3.937192143902837090e-25
3.428556059164197159e+10 3.615620316348669332e-24
1.461173473693642855e+09 1.540896052457832258e-25
1.326143812472127914e+10 1.398499084755573520e-24
6.889996014515262604e+09 7.265918695730943161e-25
2.473110726257089615e+10 2.608045262242192352e-24
4.652334437286015511e+09 4.906168841818634764e-25
3.126379429470230103e+10 3.296956732439350039e-24
2.623306232348989964e+09 2.766435533213152947e-25
2.918855463249962234e+10 3.078110123124124783e-24
4.438500227430459595e+10 4.680667697855252900e-24
5.927930142308539391e+09 6.251361881377935059e-25
1.982527429723949671e+09 2.090695420735174139e-25
4.585381948338906860e+10 4.835563381359491134e-24
1.888188162826331329e+10 1.991208941838976962e-24
2.001905763886537552e+10 2.111131049462308429e-24
1.169138443922469378e+09 1.232927400784817445e-25
1.175318979411426926e+10 1.239445150325490383e-24
8.168139655082543945e+10 8.613798687861938670e-24
6.218742574341848373e+09 6.558041229582240971e-25
2.408043935686242104e+09 2.539428385093941934e-25
5.796351803665968895e+09 6.112604542667989523e-25
5.532469770563901901e+09 5.834324933544196676e-25
2.906069573964197159e+09 3.064626627370677486e-25
1.210504200001081848e+10 1.276550099523893747e-24
9.467643458665040588e+10 9.984204267448884680e-24
1.083217113362216759e+10 1.142318146328849418e-24
7.067779286173272705e+10 7.453401938770094748e-24
6.405322842030476570e+09 6.754801438499236079e-25
4.584068250788206100e+09 4.834178007612675839e-25
6.795560790609713554e+09 7.166331024349810101e-25
5.594557804044880867e+09 5.899800530670844444e-25
1.078981744310832405e+10 1.137851692776635237e-24
1.153084122544044733e+09 1.215997145149687672e-25
6.150659389733716583e+10 6.486243381968547222e-24
6.583179525072958946e+09 6.942362098295928972e-25
2.547739565555363178e+09 2.686745899739756543e-25
4.809421317026386261e+10 5.071826484283890017e-24
1.972206994278679276e+10 2.079811895593520055e-24
3.365799981196142197e+10 3.549440225791545931e-24
1.947684158138961554e+09 2.053951077502399775e-25
2.391614177166960144e+10 2.522102208222416579e-24
2.205178081411249638e+09 2.325494037353132709e-25
6.016459983598748016e+10 6.344721968612452281e-24
1.574940963405752659e+09 1.660870770690488960e-25
1.502016711864695930e+10 1.583967724371146807e-24
2.837388441701753139e+09 2.992198207688235706e-25
1.704086369455305099e+10 1.797062434416614268e-24
4.750096361215850067e+10 5.009264720149471235e-24
1.963945013201389313e+10 2.071099135434183488e-24
6.210870791324116707e+09 6.549739956943362951e-25
5.287180895014293671e+10 5.575652936788896817e-24
4.097295280116073608e+09 4.320846385833505639e-25
4.544618212973873901e+10 4.792575549977202865e-24
2.914848449391633511e+09 3.073884483973398643e-25
1.235128537202605724e+09 1.302517956641024942e-25
2.275745838569491577e+10 2.399912017417515001e-24
3.450761700936229229e+09 3.639037512434444692e-25
6.357377340086959839e+09 6.704239998664773462e-25
4.431817920131664276e+10 4.673620799507177055e-24
2.896377054311089516e+09 3.054405277516789569e-25
2.491034442123036385e+09 2.626946907748661412e-25
3.546060031345443249e+09 3.739535381973628520e-25
4.291740144876070976e+09 4.525900289373090719e-25
9.516194271275709152e+09 1.003540404409572327e-24
2.639773062383064270e+10 2.783800804245522569e-24
1.023209439345391393e+09 1.079036414437041622e-25
6.811534062107254028e+09 7.183175807969634793e-25
9.881160108544258118e+09 1.042028265574165553e-24
2.045422397470269442e+09 2.157021978987549561e-25
1.267709857651432991e+09 1.336876935206760758e-25
1.196055970416534424e+10 1.261313565099575674e-24
1.701259301323616505e+09 1.794081119601792026e-25
2.057918338587541342e+09 2.170199706811115630e-25
1.661990408991475487e+10 1.752669690864293326e-24
1.778037210394698334e+10 1.875048081522154092e-24
1.398015531336691284e+10 1.474292171528365932e-24
3.398396834893406296e+10 3.583815585109895562e-24
2.602076461902109146e+10 2.744047452629202009e-24
6.103394599702562332e+09 6.436399794132839706e-25
5.856289496396513939e+09 6.175812475048845349e-25
2.785073798645874500e+09 2.937029243549590596e-25
1.732333764116681337e+09 1.826851025374199265e-25
1.907807107136246204e+09 2.011898308560177199e-25
3.992300187006015778e+10 4.210122691889242880e-24
1.817490477092548370e+10 1.916653944211137984e-24
1.172541695907698822e+10 1.236516336420435595e-24
1.560234222515100479e+10 1.645361620414416207e-24
9.075098935080929565e+10 9.570242258355145854e-24
1.381827174156055069e+10 1.457220567010140499e-24
7.934074314961229324e+09 8.366962589956049408e-25
9.036402854602384949e+10 9.529434894459980247e-24
9.547517117190052795e+10 1.006843588493468135e-23
4.981436173638079834e+10 5.253226583785443885e-24
8.231331229377710342e+09 8.680438035710128771e-25
1.836688153638881302e+10 1.936899058524518230e-24
7.527326009540065002e+10 7.938021831414196384e-24
1.055556112792644310e+10 1.113147943507589792e-24
1.456749367019364357e+09 1.536230563634786886e-25
3.589814637808122158e+09 3.785677268333470701e-25
4.549344531781944275e+10 4.797559739825382121e-24
6.094190162846619415e+10 6.426693157192212772e-24
5.376493855069512177e+10 5.669838870259562033e-24
2.648624634072110748e+10 2.793135323465352586e-24
5.672088122956491470e+09 5.981560954403903075e-25
3.400213093311313248e+10 3.585730939772967718e-24
1.114538683505254555e+10 1.175348641789587079e-24
7.849296902704449654e+09 8.277559666733086881e-25
5.454134463686968803e+09 5.751715601176829339e-25
5.643598912139599609e+10 5.951517353643470179e-24
1.056729852266301155e+10 1.114385722973295396e-24
1.518264884138167143e+09 1.601102407532727282e-25
5.843162917886528969e+09 6.161969701844658888e-25
3.432529958575560570e+09 3.619811034306582796e-25
4.905216067851924133e+10 5.172847859261438163e-24
1.622843356141922188e+10 1.711386749251104645e-24
1.040016326782611012e+09 1.096760296626504924e-25
3.831230300089362621e+09 4.040264726775555269e-25
4.865797747992246628e+09 5.131278850132935819e-25
4.679385430210225677e+10 4.934695754579111437e-24
2.248923910838455200e+09 2.371626667796715366e-25
2.709612452047069168e+10 2.857450676609611661e-24
2.750701101757639885e+09 2.900781149876275663e-25
4.392581841965787888e+09 4.632243975298279124e-25
4.709364151777503967e+10 4.966310134769014082e-24
2.631746373615979767e+10 2.775336174098464871e-24
1.148666255841165543e+10 1.211338236754955260e-24
1.241320380593710661e+09 1.309047631050369491e-25
9.217660090873307800e+10 9.720581643889568985e-24
6.199203673367337036e+10 6.537436273413086541e-24
1.322573965806121826e+09 1.394734464924621263e-25
2.608070800397820473e+09 2.750368846147104114e-25
3.809351420027422428e+09 4.017192120732126344e-25
4.291435648791537762e+09 4.525579179783372543e-25
5.849129331781991005e+09 6.168261647177890079e-25
4.402168186004692078e+09 4.642353356527127850e-25
4.755993057579526901e+09 5.015483144116862376e-25
4.348348927768066406e+09 4.585597684421070697e-25
1.952781184876298141e+10 2.059326201346511422e-24
5.292997419061228752e+09 5.581786814185597603e-25
5.680349003612006378e+10 5.990272554101734141e-24
2.358807586195106506e+09 2.487505668226832817e-25
1.710073970515431404e+10 1.803376722900047036e-24
2.293352565800353241e+10 2.418479379181998419e-24
7.010446341158937073e+10 7.392940870841555433e-24
1.934257131674754620e+09 2.039791463707438999e-25
4.639242339819822311e+09 4.892362430966504146e-25
3.595955713551892281e+09 3.792153405179494578e-25
9.536116124146100998e+09 1.005641284626623726e-24
6.800752629112101555e+09 7.171806132950778971e-25
1.394501628379107094e+10 1.470586547731094364e-24
2.375751449417863846e+09 2.505373999690128024e-25
7.425624259319831848e+09 7.830771167298139014e-25
1.472035079086030245e+09 1.552350274132262581e-25
3.977106016989492798e+10 4.194099518035935880e-24
1.358653242984674644e+10 1.432782251023166530e-24
3.699416484849011230e+10 3.901259063710904938e-24
3.903070041225438690e+10 4.116024091094115344e-24
2.134359318729074478e+10 2.250811356739543029e-24
9.215605852101091003e+10 9.718415324508672964e-24
2.832981858575695992e+09 2.987551198509644402e-25
1.354738991745529652e+09 1.428654435680693838e-25
1.021635748473783302e+10 1.077376861963973570e-24
9.885447257482781982e+10 1.042480371432546048e-23
6.534373884076291656e+10 6.890893589659967997e-24
9.436355623151679993e+10 9.951209347201244787e-24
6.715596319329669952e+10 7.082003639305772754e-24
1.210431432925083542e+10 1.276473362228717306e-24
1.476261201551029778e+10 1.556806976598301600e-24
4.287139923887314606e+10 4.521049077323580028e-24
5.896233031253667831e+09 6.217935355248013294e-25
2.421660485419617462e+10 2.553787862671381507e-24
5.467583438095307159e+10 5.765898360410083441e-24
4.576790152140277863e+10 4.826502811150450321e-24
1.540981276967974663e+10 1.625058221587473117e-24
2.883211891673463058e+10 3.040521815009765336e-24
2.307111343850383759e+09 2.432988845145914765e-25
8.055928040403939247e+09 8.495464734220487086e-25
5.543613600157448578e+10 5.846076777756472943e-24
2.300942950547819614e+09 2.426483900277253003e-25
5.659729261911733246e+10 5.968527785831110160e-24
2.399142905048744678e+09 2.530041708413140050e-25
4.230480826043646240e+10 4.461298622107312643e-24
6.077049985023325920e+09 6.408617800075597350e-25
6.230330496318773270e+09 6.570261396148293217e-25
1.370106670957520008e+09 1.444860585504461563e-25
7.601293823827558899e+10 8.016025377944791607e-24
1.175111229948592424e+09 1.239226065916318406e-25
5.598341899883703613e+10 5.903791089249371963e-24
7.130699340703881836e+10 7.519754952558089444e-24
2.552924055735299683e+10 2.692213259089003183e-24
5.367462655441700745e+10 5.660314922483344384e-24
5.335650453348886108e+10 5.626767025873303176e-24
8.356688776653526306e+10 8.812635172614627362e-24
4.053438808046433258e+10 4.274597076012675711e-24
5.446732743794375420e+09 5.743910038614113792e-25
1.953908894914313126e+10 2.060515439980512616e-24
6.603904618614768028e+09 6.964217966473350456e-25
1.582609888938117981e+09 1.668958117807148010e-25
2.446780157334263992e+10 2.580278080287000662e-24
3.043226096870276260e+10 3.209266499719695410e-24
1.141853359554675579e+09 1.204153624398751128e-25
4.613132969978815460e+10 4.864828516859461800e-24
1.042543978187261581e+10 1.099425858342164840e-24
2.199517228275037766e+09 2.319524324373685794e-25
1.335996885156736183e+10 1.408889747519190219e-24
9.409846922125209808e+09 9.923254314138527221e-25
2.291082424064995289e+09 2.416085377031322886e-25
2.557520733278238678e+10 2.697060734359979387e-24
4.084255965725501060e+09 4.307095637936064541e-25
8.754880695352333069e+09 9.232552702387855592e-25
1.840582033561065674e+10 1.941005391077675922e-24
3.676901369527621746e+09 3.877515508996856103e-25
3.149307514062045574e+09 3.321135788296858230e-25
3.337182889897626877e+09 3.519261767306915066e-25
1.974012741154881716e+09 2.081716165198308740e-25
1.797045249544109583e+09 1.895093211698417297e-25
2.060106215540480137e+09 2.172506955759130679e-25
1.405781707102665424e+09 1.482482074914876773e-25
1.112113508137875557e+10 1.172791147270701570e-24
1.151567638216731548e+09 1.214397920447322833e-25
1.804652870944436646e+10 1.903115909889566855e-24
2.378001354987156296e+10 2.507746661576304744e-24
6.091269712325278473e+10 6.423613364983586536e-24
1.666640154317136049e+09 1.757573129330865876e-25
5.133144992880368233e+09 5.413212735260360197e-25
2.280885913804113388e+09 2.405332538513031091e-25
2.371977414340136528e+09 2.501394050794390507e-25
9.055864943713603973e+09 9.549958847860428279e-25
6.461011692163966179e+09 6.813528708656756850e-25
6.099823691366687775e+10 6.432634054706617908e-24
2.500293980867571354e+09 2.636711652972900204e-25
5.258105605624750137e+09 5.544991280626221166e-25
2.046551582179288483e+10 2.158212772751567503e-24
3.770730648581892967e+09 3.976464174779988376e-25
1.151487821794094563e+09 1.214313749188552471e-25
7.728368444680624962e+09 8.150033273082038742e-25
2.114549958017963028e+10 2.229921184373968738e-24
1.399018287457312822e+09 1.475349638677655130e-25
3.966567776721496582e+09 4.182986304498217320e-25
1.414411988025360107e+09 1.491583229599656146e-25
1.778706918496781921e+10 1.875754329335557797e-24
2.468800882781531906e+10 2.603500270892595521e-24
7.831646490419639587e+10 8.258946236429588429e-24
3.173747758672203541e+09 3.346909508610639369e-25
6.662847605201889038e+10 7.026376920894125130e-24
1.370790884424949074e+10 1.445582130105414798e-24
4.141459359163001251e+10 4.367420085869148761e-24
1.478918254951361179e+09 1.559609000567016615e-25
4.355657583979038239e+10 4.593305105686931640e-24
1.685011251027337265e+10 1.776946565072558919e-24
1.612641668563415527e+09 1.700628450937358549e-25
3.625643479859862328e+09 3.823460955401168471e-25
1.127089308481812286e+10 1.188584037059506503e-24
1.046821530265763521e+09 1.103936796454998491e-25
2.531055419743308067e+09 2.669151456038668036e-25
1.746563204398435593e+10 1.841856833208510129e-24
5.848447258703837585e+10 6.167542359747248160e-24
4.184523335176764965e+09 4.412833660531852425e-25
1.227411827738820553e+09 1.294380218470448438e-25
9.365815831856420898e+10 9.876820858835589131e-24
1.753193137970330429e+10 1.848848500284949538e-24
8.684975654292797852e+10 9.158833596645229510e-24
5.982396654309195518e+09 6.308800121835998246e-25
1.325252469629453659e+09 1.397559109665421350e-25
1.779022809877665758e+09 1.876087455956436791e-25
6.197803750076504707e+09 6.535959969393458648e-25
6.130601758547231674e+09 6.465091393328360618e-25
8.196810896890812683e+10 8.644034251343491242e-24
7.027196011569681168e+09 7.410604414206219975e-25
1.858626928799522161e+09 1.960034827582340029e-25
9.771064290388545227e+10 1.030417993786284641e-23
4.130095160804671478e+10 4.355435849428398241e-24
3.023783713119231701e+09 3.188763326816738375e-25
1.226454337126909065e+10 1.293370486545579610e-24
6.118399210603136063e+09 6.452223066401063458e-25
1.235090408894393444e+09 1.302477748027421531e-25
6.776005763989223480e+10 7.145709062708902393e-24
7.940075305910347939e+09 8.373290998889558615e-25
6.954179749519119263e+10 7.333604337223897432e-24
2.127031546277414322e+10 2.243083776238420326e-24
6.380801274756169891e+10 6.728941958503652029e-24
1.957119181795520020e+10 2.063900882210040948e-24
5.077225520764772415e+09 5.354242260234810176e-25
7.861869129800096130e+10 8.290817842747816544e-24
1.683949876059222031e+10 1.775827280793182808e-24
8.723193074235673904e+09 9.199136183973370464e-25
5.806567966691433907e+09 6.123378106218531467e-25
4.151129524374411774e+10 4.377617861608404894e-24
2.564995937862601089e+10 2.704943790987226683e-24
2.290530620182972908e+09 2.415503466369209514e-25
1.607085141657920837e+09 1.694768756295894036e-25
5.012919545848250580e+10 5.286427709339742536e-24
3.097713204857251644e+09 3.266726459894538503e-25
4.559143594008430481e+09 4.807893445285016431e-25
1.093499929048377800e+10 1.153161999152774413e-24
4.109339569738677979e+09 4.333547819761960034e-25
5.181901215693058777e+10 5.464629129423960794e-24
1.390126714967074203e+10 1.465972936186802211e-24
1.241421205122031784e+10 1.309153956630786972e-24
5.264694370028141975e+09 5.551939532317443539e-25
1.539723863220714808e+09 1.623732202525163500e-25
3.161655624371119308e+10 3.334157619566808540e-24
1.321170820860234833e+10 1.393254763474335565e-24
1.145946254273377800e+10 1.208469830125666948e-24
3.139744772274880600e+10 3.311051297074014426e-24
2.200664101892966080e+10 2.320733772165033027e-24
4.144523107955277443e+09 4.370650994795935741e-25
7.245815151728759766e+10 7.641151557394695045e-24
1.127377438823098755e+10 1.188887887980341605e-24
2.599236433468277931e+09 2.741052470389690204e-25
3.167501443541002274e+09 3.340322390447492746e-25
6.887948546987134933e+09 7.263759517037634368e-25
5.223748653202488708e+10 5.508759790447222948e-24
3.996182955345850372e+10 4.214217306604862942e-24
6.038236078053897858e+09 6.367686180999273219e-25
7.414853156596791267e+09 7.819412386177785905e-25
5.436232687201373100e+09 5.732837092077628053e-25
2.987343563016077995e+09 3.150334978331202580e-25
3.864387549920746326e+09 4.075231057806999603e-25
7.638325067931919098e+09 8.055077070906180933e-25
2.464373625878990650e+09 2.598831459962776523e-25
4.876487860832486153e+09 5.142552222509601175e-25
7.895116157832067871e+10 8.325878850337091592e-24
1.107641674970346260e+10 1.168075327965771858e-24
1.790024360738170862e+09 1.887689258615099475e-25
3.129932302293135834e+10 3.300703452323239795e-24
6.192788189420978546e+09 6.530670756473772272e-25
2.381501775654475784e+10 2.511438067480752029e-24
1.266562653801177597e+10 1.335667139165395018e-24
2.570201437946254730e+10 2.710433306554255783e-24
3.674812562212476254e+09 3.875312734990757391e-25
7.152223114898432922e+10 7.542453077926147521e-24
2.421179868924182415e+09 2.553281023426148032e-25
1.128453263439592934e+10 1.190022410290346459e-24
1.311005143834384918e+09 1.382534440472511412e-25
1.300017346905541420e+10 1.370947142169001957e-24
2.083539233751100540e+10 2.197218494743370277e-24
3.797168772315402985e+10 4.004344779806561064e-24
4.405396946952480316e+09 4.645758280780372578e-25
7.164909358349131775e+10 7.555831491102705735e-24
2.173781936821594238e+10 2.292384898615278447e-24
8.323013015922541809e+10 8.777122040390349568e-24
1.472477740563603401e+09 1.552817087509077825e-25
3.202442639032474899e+10 3.377170000379026397e-24
1.002042995517089963e+09 1.056715115613327595e-25
4.513798759353539276e+10 4.760074566844492296e-24
5.045913609266733170e+09 5.321221950401048980e-25
1.234181299363613605e+09 1.301519036887060203e-25
4.720337129394009399e+10 4.977881805208828185e-24
1.402823807003072977e+09 1.479362789854557966e-25
6.195121537494338226e+10 6.533131413541520381e-24
2.094917500125768661e+10 2.209217566760616589e-24
1.124664362254950523e+09 1.186026784183194495e-25
1.992960180654039383e+09 2.101697389367833046e-25
2.888472564652372360e+10 3.046069513741238570e-24
5.498056459568869019e+10 5.798034009831897865e-24
3.707872951604211426e+10 3.910176920813723344e-24
2.222477278954746246e+09 2.343737090409713745e-25
3.901543853345435143e+09 4.114414633406889584e-25
3.333024301363901138e+09 3.514876283467535345e-25
2.744867583413488865e+09 2.894629350962406760e-25
2.193272491030326080e+10 2.312938870187545601e-24
5.170942477481837273e+09 5.453072475300680328e-25
8.035651213764855385e+09 8.474081590680689491e-25
3.309983349363523006e+09 3.490578202081958859e-25
3.739708145917322636e+09 3.943749064114612529e-25
6.783371672401615906e+10 7.153476859893675808e-24
1.387042824206679583e+09 1.462720786332965314e-25
6.627265920502177238e+09 6.988853876244958429e-25
7.171041941414311218e+10 7.562298671904049770e-24
3.866186378006583405e+10 4.077128031127703149e-24
6.504553963847669601e+09 6.859446675113444150e-25
5.428312056119216919e+10 5.724484306192036025e-24
3.908747356222102642e+09 4.122011164103868714e-25
1.865514517571259308e+10 1.967298207694555237e-24
5.287257091315565491e+10 5.575733290410116347e-24
1.496511468884340048e+09 1.578162111739261592e-25
2.883123599795371628e+10 3.040428705869156791e-24
2.221692264901134872e+10 2.342909245476780773e-24
1.073730565116506386e+10 1.132314005816830711e-24
4.778389525433414459e+09 5.039101577880114050e-25
8.040527569459853172e+09 8.479224003526310337e-25
3.880488955931505585e+10 4.092210967042747140e-24
6.819143196036153793e+09 7.191200101213903642e-25
2.609925128917735577e+09 2.752324348041806809e-25
2.131582504128470230e+10 2.247883037321272915e-24
1.673409445723280716e+10 1.764711757695982299e-24
4.144671484976416111e+09 4.370807467364226712e-25
2.234580187875080109e+10 2.356500341943055818e-24
1.279624964251666641e+10 1.349442137802796711e-24
1.043048170672657967e+10 1.099957559898765148e-24
1.699364830889768028e+10 1.792083285624122152e-24
1.028121839105525136e+09 1.084216837935526220e-25
4.584658261460861206e+10 4.834800209652865244e-24
5.920101874176760674e+09 6.243106497825600026e-25
1.754105627101546097e+10 1.849810775418953040e-24
6.148144888455000877e+09 6.483591687858278655e-25
1.210074721715041161e+10 1.276097188622148814e-24
3.554978667417895794e+09 3.748940624653411386e-25
1.103975060420186615e+10 1.164208660531724123e-24
2.240056954769113541e+09 2.362275924814756055e-25
5.920023688470973015e+09 6.243024046256655245e-25
5.512341589427635193e+10 5.813098545702904444e-24
2.506618849318132782e+10 2.643381610375800965e-24
5.463362967271552086e+09 5.761447617942525402e-25
5.338540664170156860e+10 5.629814928484078838e-24
2.688381280775094986e+10 2.835061118770635677e-24
3.306583347822157383e+09 3.486992694236543872e-25
7.896512398318922424e+10 8.327351270616551479e-24
7.312765933638400269e+10 7.711755217679291965e-24
2.442277063386670685e+10 2.575529294593435555e-24
1.669771892850450277e+09 1.760875737563353877e-25
2.629931903669241428e+09 2.773422705486716321e-25
5.134346991499693871e+09 5.414480315709173804e-25
6.615656843132431030e+09 6.976611400034040677e-25
2.228317921967690468e+09 2.349896402718957357e-25
9.539950479858734131e+10 1.006045640693010444e-23
3.637778336923145294e+10 3.836257898188998562e-24
1.182557681144593477e+09 1.247078800351561544e-25
2.555136654684432983e+10 2.694546578881466823e-24
9.015533503430070496e+10 9.507426897861543555e-24
9.414621259079489136e+10 9.928289142034324966e-24
1.235906050916752625e+10 1.303337892011075272e-24
1.147562106703688622e+10 1.210173844519608964e-24
2.511641340026784897e+09 2.648678131456836552e-25
4.825432961808688354e+10 5.088711734859947559e-24
1.054637271026411057e+10 1.112178969134654399e-24
6.540331783287286377e+10 6.897176555741987290e-24
1.277505255023791695e+10 1.347206775855433688e-24
3.119602776135472298e+09 3.289810340473988781e-25
1.203037127651721001e+10 1.268675618831699392e-24
9.298838054219844055e+10 9.806188729919568088e-24
3.190419247280870438e+10 3.364490604523058630e-24
1.665780223539066887e+10 1.756666280168073212e-24
2.154961485883011818e+09 2.272537591585108038e-25
1.492129988809247017e+10 1.573541575250485253e-24
2.709264927395714283e+09 2.857084190786370599e-25
1.139071864162243366e+09 1.201220368801594780e-25
2.999830184817660522e+10 3.163502878371130522e-24
2.079812562737223434e+10 2.193288494125732229e-24
8.600037532233010864e+10 9.069261195187477126e-24
2.528575631477148056e+09 2.666536368905585879e-25
1.375023186989369392e+09 1.450045349861134135e-25
2.185349782572176933e+09 2.304583893582970334e-25
3.220976991835664749e+09 3.396715599572735753e-25
1.612563308644023895e+09 1.700545815649601562e-25
5.919139928018787384e+10 6.242092067257167457e-24
9.676897642230278015e+09 1.020487549589712692e-24
1.639932406468447304e+10 1.729408189321345789e-24
7.950719485386857605e+10 8.384515931748178749e-24
2.144999941926147079e+10 2.262032539285797075e-24
1.568478716815553665e+09 1.654055939706954187e-25
1.389903393595006704e+09 1.465737430254862107e-25
2.819201418553097153e+10 2.973018888681792367e-24
1.364853275349042654e+09 1.439320561201502393e-25
1.550610473807068634e+10 1.635212793693269738e-24
1.603151553878207207e+10 1.690620549398573989e-24
3.126917012730304718e+10 3.297523646593097010e-24
9.517470264391986084e+10 1.003674965622955376e-23
1.901103375652853012e+10 2.004828817110003519e-24
2.515418015434820175e+10 2.652660864741027174e-24
4.125054134084405422e+09 4.350119780998852687e-25
5.562318665772705078e+09 5.865802403964738903e-25
9.604892141538898468e+09 1.012894132807369626e-24
3.790025466532986164e+09 3.996811730596598587e-25
4.389549788057643890e+10 4.629046490549197421e-24
4.713710036572467041e+10 4.970893133875935450e-24
2.637721922757805634e+10 2.781637753103065372e-24
8.759977200937113953e+10 9.237927276644987676e-24
1.770612689758833694e+10 1.867218474192727673e-24
5.805642232875639915e+09 6.122401863761311385e-25
1.308858390686065102e+10 1.380270559070746307e-24
1.603588959211460114e+09 1.691081819852402981e-25
3.163451280769505501e+09 3.336051248150723015e-25
9.127965327436666870e+10 9.625993075595701682e-24
3.682116319601573181e+10 3.883014990151823328e-24
5.792452648940569878e+09 6.108492647514910028e-25
1.601356773796018982e+10 1.688727844943241412e-24
6.486112297557037354e+09 6.839998819468934983e-25
3.560696884351656914e+09 3.754970831236656140e-25
9.389719104567793274e+10 9.902028309713184677e-24
1.669514006356086493e+09 1.760603780613476585e-25
1.103352338164601088e+09 1.163551962143281820e-25
4.528600288962962341e+10 4.775683677573722589e-24
5.374266005985224724e+09 5.667489468274612877e-25
9.278469611067247391e+09 9.784708971209461394e-25
1.093688618072394180e+10 1.153360983173141261e-24
8.294431493671292114e+10 8.746981091623427449e-24
4.876647312141348267e+10 5.142720373585984621e-24
6.466475949186312675e+09 6.819291099110003641e-25
2.691278252835155106e+10 2.838116151517803518e-24
1.358684083344353104e+10 1.432814774053005552e-24
1.611706735084894419e+09 1.699642506877806024e-25
6.664162826455423355e+09 7.027763901477996287e-25
3.963437017208763123e+10 4.179684728702311945e-24
1.044946464688360333e+09 1.101959426075411446e-25
4.631912320860074043e+09 4.884632481386345386e-25
3.365793488840443420e+10 3.549433379208681291e-24
4.200684599366148376e+10 4.429876693847532241e-24
1.926009940858481216e+10 2.031094300775416939e-24
1.609824461292250824e+10 1.697657534998048513e-24
8.376579751098721504e+09 8.833611411612903649e-25
4.461467113239645958e+09 4.704887671949885626e-25
4.207284020362406921e+10 4.436836183562286482e-24
4.099163448397196198e+10 4.322816482595823907e-24
2.528222135687966824e+09 2.666163586155340080e-25
3.230880929856191158e+09 3.407159902918209624e-25
7.002246247231230164e+10 7.384293374435091080e-24
1.683903184967127800e+10 1.775778042204618159e-24
4.901557306807605743e+10 5.168989473825638312e-24
1.415997672430065918e+10 1.493255429980818713e-24
7.615846788594939232e+09 8.031372361971901748e-25
8.101351265270338440e+10 8.543366279893642462e-24
1.242579370533750772e+09 1.310375312303566779e-25
2.430485998235018921e+10 2.563094901228406058e-24
9.216107793593418884e+10 9.718944652256552858e-24
1.641410120355925798e+09 1.730966528243364076e-25
6.750822696723420715e+10 7.119151990850375433e-24
4.898074056675216675e+09 5.165316175291718344e-25
3.932416593239205170e+10 4.146971810146905770e-24
5.650862597226655006e+09 5.959177350131530156e-25
9.126387261803110123e+09 9.624328909670817168e-25
2.365289669523817062e+10 2.494341418254284214e-24
1.953355340696388245e+10 2.059931683483027388e-24
4.439476092843388557e+09 4.681696807122279806e-25
8.331367382327897072e+09 8.785932226481571705e-25
2.043878387163791656e+09 2.155393726470624089e-25
3.666970026725293636e+09 3.867042305646791695e-25
5.944767936399206161e+09 6.269118356508037573e-25
1.279598840780827045e+09 1.349414589018331338e-25
7.619752586085516357e+10 8.035491262323765328e-24
1.390647121138532877e+09 1.466521736058762843e-25
8.995931790674854279e+09 9.486755702859917019e-25
1.149008981524842024e+09 1.211699661775708033e-25
3.413376179079998493e+09 3.599612212095724930e-25
1.356970327292224646e+09 1.431007514351715438e-25
5.772956993563536644e+09 6.087933296451267811e-25
1.404066999475946045e+10 1.480673811720464777e-24
5.099197778432717133e+10 5.377413338627395910e-24
2.580935292626091480e+09 2.721752807353846968e-25
4.183512905498856354e+10 4.411768101150980047e-24
3.005352088790056229e+09 3.169326061029659912e-25
4.523691908164115143e+10 4.770507492313676519e-24
1.487419843423286438e+09 1.568574441256886003e-25
2.250174473253892422e+09 2.372945461714064685e-25
4.950084196669444084e+09 5.220164022482850988e-25
2.830020377047920609e+10 2.984428136616082649e-24
1.580973712107191086e+09 1.667232670100021783e-25
1.688866765704823112e+10 1.781012439148217618e-24
4.839484663696363831e+10 5.103530106777349359e-24
3.524382907864632416e+10 3.716675540482127976e-24
1.028725495913561249e+10 1.084853430653152582e-24
1.463844599605040073e+09 1.543712916743005329e-25
1.523685502936333656e+09 1.606818778831789779e-25
1.641921478683457136e+09 1.731505786615125079e-25
3.220126184511272049e+10 3.395818371645209633e-24
1.588498043609880638e+10 1.675167534042336432e-24
1.022929091669081569e+09 1.078740770808465802e-25
2.589521263862564564e+09 2.730807234786993561e-25
3.901809736067671204e+10 4.114695022864052374e-24
2.605259977726851463e+09 2.747404663155945380e-25
8.049090290781440735e+10 8.488253912514035430e-24
6.142309910571769714e+09 6.477438349771924426e-25
3.157972250213816071e+10 3.330273278110508948e-24
9.278441433235374451e+10 9.784679255976683554e-24
8.925101991509105682e+09 9.412061383605004091e-25
7.744370337393263245e+10 8.166908239509145104e-24
1.776738884976154804e+09 1.873678918621063248e-25
2.279146508183221436e+10 2.403498229785758743e-24
7.664727609232274055e+09 8.082920152098811843e-25
9.920661288471952820e+10 1.046193904583758810e-23
6.339182989506871796e+10 6.685052952437454857e-24
1.438342211796071434e+10 1.516819102003984345e-24
5.557622594571891785e+10 5.860850112053017620e-24
3.822635277254738331e+09 4.031200753883152431e-25
2.827777903916220188e+09 2.982063312686145614e-25
1.060825208783375025e+09 1.118704524815909444e-25
2.174022927611660767e+10 2.292639038020200118e-24
3.285581023287313461e+09 3.464844469162096515e-25
6.485909831208272552e+10 6.839785306423985043e-24
7.196454011665765381e+10 7.589097241300646615e-24
3.764786488820599079e+09 3.970195697781016276e-25
8.095705594720310974e+10 8.537412577872195348e-24
1.661321168166435242e+09 1.751963935822873560e-25
2.732605991880491257e+09 2.881698758989446019e-25
6.144073761283252716e+09 6.479298437329891759e-25
2.294341000983934879e+09 2.419521744034572196e-25
2.755151269417194366e+09 2.905474121588969407e-25
2.772017531826683521e+09 2.923260618287957035e-25
3.288390904751302242e+09 3.467807659593407747e-25
7.118563975290993690e+09 7.506957473684768259e-25
1.324525822660294342e+10 1.396792816363177397e-24
8.364808098413803101e+10 8.821197489871467327e-24
9.316226038059377670e+09 9.824525413510469821e-25
1.842647166015282059e+10 1.943183198506974943e-24
1.679957322349525833e+10 1.771616890746239809e-24
3.238114370973895550e+09 3.414788005306204583e-25
2.741146619836996555e+09 2.890705369183663730e-25
6.198833948756512451e+10 6.537046376386091675e-24
1.107164981451150513e+10 1.167572625736922620e-24
6.924439778559017944e+10 7.302241734030185442e-24
2.907146775857413769e+09 3.065762602102521840e-25
2.500159722257540703e+09 2.636570069125445419e-25
1.341866007808208704e+09 1.415079093334635120e-25
3.844671002055912971e+09 4.054438762217196563e-25
3.197976882662475109e+09 3.372460589425666993e-25
4.751977415171104431e+09 5.011248405636715299e-25
5.641426906044489288e+10 5.949226841477649253e-24
2.700319484200563908e+09 2.847650678369772318e-25
1.092069629105507278e+10 1.151653661111139636e-24
1.871490659317435503e+09 1.973600411636386460e-25
8.145236743438284874e+09 8.589646178404441098e-25
2.707327281941267967e+09 2.855040826130788966e-25
7.177088850307667542e+10 7.568675504094817275e-24
1.671602991804637909e+09 1.762806742472055863e-25
6.987708691448643494e+10 7.368962640117044352e-24
3.538146821532103539e+09 3.731190422266125746e-25
2.182123588717419434e+10 2.301181676485028783e-24
8.589046099008086205e+09 9.057670062189196722e-25
3.793676057150406647e+10 4.000661499821674408e-24
4.565114421187923431e+10 4.814190044693936527e-24
3.123337493358744621e+09 3.293748826307459863e-25
3.022750389841003418e+09 3.187673624745765275e-25
1.397450894635839701e+09 1.473696727880449392e-25
3.084295442020637512e+10 3.252576615156740416e-24
1.895619547463383198e+09 1.999045787673977141e-25
1.240068047504104614e+10 1.307726969849712610e-24
4.409796961071957397e+10 4.650398362543096128e-24
6.799092889845281982e+10 7.170055837225874039e-24
1.745044185594635487e+09 1.840254935746966655e-25
3.920000339871757984e+09 4.133878117888824811e-25
4.701859061014741516e+10 4.958395561353959671e-24
3.191881276060584641e+10 3.366032402547592023e-24
1.242753135180589294e+10 1.310558557662992345e-24
5.861194203441290855e+09 6.180984786112400233e-25
6.922929875170324707e+10 7.300649449326748580e-24
3.291604578287414551e+10 3.471196673255943769e-24
1.866424794750619125e+10 1.968258150191165397e-24
1.415456170996151161e+10 1.492684383875108847e-24
2.235019198296008301e+10 2.356963305059191520e-24
2.101049590091948700e+10 2.215684227559157949e-24
1.348779331222571182e+10 1.422369612188380127e-24
1.289196924186334610e+10 1.359536350121290138e-24
4.752462150218739319e+10 5.011759588145045329e-24
3.930250233173639774e+09 4.144687252061688242e-25
7.878700743034803391e+09 8.308567799790421955e-25
5.680270251056926727e+09 5.990189504755830358e-25
1.571938983897823811e+09 1.657705001220534385e-25
3.051375273409087753e+10 3.217860300651280822e-24
2.607146417412227631e+10 2.749394028222262958e-24
2.309646836339463711e+09 2.435662675760690062e-25
1.413362103781486702e+10 1.490476062985939491e-24
2.250728142103101254e+09 2.373529339097191603e-25
4.049757403610493469e+10 4.270714811747022658e-24
6.854949804992827606e+10 7.228960342134350771e-24
1.349507990901854324e+10 1.423138028015526490e-24
1.917887638682410049e+10 2.022528840489349725e-24
3.317680301727023697e+10 3.498695105191959479e-24
1.952928068877826452e+09 2.059481099435067543e-25
1.105630969121433020e+09 1.165954916692897899e-25
4.292683478357254028e+09 4.526895091744935778e-25
5.905286856936523438e+09 6.227483163571611875e-25
2.425909133739809513e+09 2.558268320017980003e-25
7.720933643585974121e+10 8.142192824385282578e-24
4.104265084638020039e+09 4.328196467440942365e-25
2.563328782460575581e+09 2.703185674497936189e-25
4.207113707816486359e+10 4.436656578652658738e-24
2.054207394250833893e+10 2.166286290928421947e-24
3.280601275485259628e+10 3.459593023068551302e-24
5.853904265449139404e+10 6.173297104343600486e-24
3.265549956484489441e+10 3.443720494275688060e-24
3.060764269733349323e+09 3.227761566745322390e-25
2.089545405580786228e+09 2.203552367229674928e-25
3.558707880276750946e+10 3.752873305800748941e-24
3.679337515389000702e+10 3.880084572567057076e-24
4.775808690407651520e+10 5.036379930810248789e-24
1.724792633686432266e+10 1.818898445943868966e-24
3.639670802935799408e+10 3.838253618382945710e-24
9.172054720556187439e+10 9.672488014790974357e-24
1.444036752139251471e+09 1.522824340186406741e-25
4.801358410647584915e+09 5.063323660468572226e-25
1.332089028279801369e+09 1.404768675419504982e-25
2.469582307141031647e+10 2.604324330275362559e-24
1.116103629442764664e+10 1.176998972199242981e-24
3.295916794126041412e+09 3.475744166406288140e-25
2.597536071106447697e+09 2.739259335147185799e-25
3.430165627959169006e+10 3.617317704268026165e-24
4.380619551249525452e+10 4.619629014190036530e-24
5.133825453947172546e+10 5.413930322727261386e-24
5.280142063613878250e+09 5.568230062151432532e-25
2.017478193055926800e+09 2.127553120534837304e-25
1.108652444096238852e+09 1.169141245315131441e-25
9.737016634061337280e+10 1.026827461917579487e-23
3.711512824841197968e+09 3.914015387911090804e-25
4.411808045648576736e+09 4.652519173207306727e-25
1.262080627763139534e+10 1.330940570860286324e-24
6.119282876560754776e+09 6.453154945750298665e-25
6.004191099704714966e+10 6.331783686402476880e-24
1.873868493582317734e+10 1.976107982091312737e-24
7.545238806907202721e+09 7.956911962701432376e-25
1.162604018678238630e+09 1.226036453032759411e-25
3.177300285275761414e+10 3.350655863385227954e-24
9.629641264507618713e+10 1.015504077935095775e-23
1.054806804054111099e+10 1.112357751995038434e-24
2.990049555519605160e+09 3.153188611552537298e-25
6.582238390846095085e+09 6.941369615171155886e-25
4.703070427324273109e+09 4.959673020600272890e-25
1.273074578160002708e+09 1.342534358369048351e-25
3.494645989287480927e+10 3.685316156211373003e-24
3.233150464982007980e+09 3.409553265362331484e-25
6.098251693365946960e+10 6.430976287468557302e-24
4.064579929812905121e+10 4.286346064657064220e-24
5.004464259246365356e+10 5.277511096780174585e-24
2.773217367718716431e+10 2.924525918009664347e-24
1.947676601916980028e+09 2.053943109008013303e-25
3.995002235808238506e+09 4.212972166238355190e-25
6.510026373770470619e+09 6.865217663294716891e-25
2.305155505604404926e+09 2.430926295088215809e-25
1.375561145337041092e+10 1.450612659567502225e-24
1.369215195881718254e+10 1.443920470966455877e-24
1.022969086105412674e+10 1.078782947367356681e-24
4.016706424520358562e+09 4.235860549657857436e-25
1.123346786204954910e+10 1.184637320323630292e-24
3.273013796286573792e+10 3.451591566050715707e-24
6.902677448787547302e+10 7.279292037337174199e-24
6.744702495847760201e+09 7.112697867818896042e-25
5.850059450276390839e+10 6.169242513544643330e-24
3.956056300122497559e+09 4.171901314872750748e-25
5.859792347695218658e+10 6.179506444201513017e-24
8.701203712777452469e+09 9.175947068596543601e-25
8.377761736710928345e+10 8.834857887131863755e-24
1.852570950649049377e+10 1.953648431309866614e-24
1.990096460344783020e+10 2.098677422608703779e-24
7.766449281659729004e+10 8.190191825390725139e-24
4.328677016111684418e+10 4.564852460420396246e-24
1.612873950593350601e+10 1.700873406426509870e-24
3.280443325065313339e+10 3.459426454770562857e-24
8.745564278973391724e+10 9.222727976248340382e-24
1.493951074080274105e+09 1.575462020122935124e-25
2.471578817139517593e+10 2.606429771162941181e-24
7.114802157682085037e+09 7.502990408850925746e-25
1.181515917724224091e+09 1.245980197638781301e-25
2.183296389379424572e+09 2.302418465916905776e-25
1.077574235206708527e+10 1.136367389056789789e-24
1.404791742588116837e+10 1.481438097290039965e-24
2.420605798604772568e+09 2.552675631455285601e-25
6.366202439393818855e+09 6.713546601151959256e-25
4.654206964413175583e+09 4.908143535248476251e-25
3.343672093980900288e+09 3.526105026601947942e-25
3.691652301433777618e+10 3.893071261379091517e-24
9.727587823992207336e+10 1.025833136707296955e-23
8.732683780558059692e+09 9.209144709429444241e-25
2.832626385711298752e+10 2.987176330813667684e-24
3.532697925906850338e+09 3.725444231337828001e-25
1.737964350496055365e+09 1.832788820222793109e-25
8.721388914202116013e+09 9.197233587790397230e-25
4.972160335186570740e+10 5.243444649531576494e-24
1.631287596728504658e+09 1.720291713117562799e-25
4.154666985492873383e+10 4.381348328915193631e-24
2.780542751580769730e+10 2.932250979598171165e-24
1.201266863805511236e+09 1.266808768234187516e-25
1.344925788679650068e+09 1.418305817848235543e-25
9.581532167479672241e+10 1.010430681857744343e-23
1.221254819972028923e+10 1.287887280339824653e-24
2.545500855609548092e+09 2.684385044317583553e-25
9.368586470804365540e+10 9.879742665653558933e-24
5.469021664697395325e+09 5.767415057594638040e-25
1.265277150767008400e+10 1.334311498246342147e-24
3.155499340646823406e+09 3.327665444982911701e-25
2.774562316250217438e+10 2.925944247811196894e-24
1.340626512216445446e+09 1.413771970054085259e-25
1.400523158639052153e+09 1.476936616613641048e-25
7.888726589232592583e+09 8.319140662702907681e-25
6.418222802582297325e+09 6.768405229321495976e-25
8.481029700794110107e+10 8.943760218761855284e-24
5.052418832975566101e+10 5.328082103362871600e-24
8.264918276732287598e+10 8.715857614298257468e-24
2.244478837506304741e+09 2.366939068361254786e-25
1.128299952142949581e+09 1.189860734229257203e-25
3.104690991655340195e+09 3.274084959296315448e-25
1.441512037852152634e+10 1.520161875839350048e-24
5.599726182031819916e+10 5.905250898735324301e-24
6.934414064870498657e+10 7.312760223915300788e-24
9.135825060910333252e+10 9.634281641259522301e-24
9.360733693029432297e+09 9.871461435195934745e-25
1.909612777124209976e+10 2.013802497081654747e-24
6.440592472479613495e+10 6.791995403014168209e-24
1.249246229010460663e+10 1.317405918931737172e-24
1.670723035614533043e+10 1.761878775297671663e-24
2.919951851882383823e+09 3.079266331436192766e-25
1.569019824903090668e+10 1.654626571005051355e-24
2.637919208359848022e+09 2.781845802736368455e-25
2.612540108361619186e+10 2.755082002471539001e-24
2.411823421864199066e+10 2.543414082505496385e-24
2.061840203149005127e+10 2.174335550863743947e-24
4.478930790194978333e+10 4.723304178522405441e-24
3.598789241832870483e+10 3.795141532613569780e-24
1.591038756812059593e+10 1.677846870215726317e-24
1.663479709849088097e+10 1.754240248949101966e-24
2.143105283965715027e+10 2.260034507549970407e-24
6.158420182121432304e+09 6.494427608256166968e-25
6.455455012028105736e+09 6.807668852424578129e-25
1.865052015457844734e+09 1.966810471163852610e-25
2.207877990323316097e+09 2.328341255058284580e-25
4.791375343304232025e+10 5.052795910452752929e-24
1.138414057523361921e+09 1.200526671802996238e-25
3.679373744314286804e+10 3.880122778166161101e-24
2.200168201670251465e+10 2.320210815302380353e-24
1.884068365513874817e+10 1.986864365695226208e-24
1.886672484703322411e+09 1.989610567327949520e-25
1.734624017145881653e+09 1.829266236104040442e-25
6.559597229429871368e+10 6.917493137205039591e-24
1.651707179049879837e+10 1.741825401182887013e-24
9.205890509139331818e+09 9.708169906091511362e-25
5.158660789335741043e+09 5.440120690230288000e-25
3.089795428669940948e+09 3.258376684668718960e-25
2.800375616562389755e+10 2.953165938642599682e-24
5.870661303653619766e+09 6.190968417493638014e-25
2.198738072847023487e+09 2.318702657716787474e-25
1.074930146434650993e+10 1.133579037074932024e-24
5.666241319413940430e+10 5.975395145442535292e-24
2.089498833659712791e+09 2.203503254314179272e-25
1.133470224780726051e+10 1.195313100317960834e-24
2.429946543623767376e+09 2.562526013621340429e-25
1.348272605963762283e+09 1.421835239668596070e-25
3.476123976801937866e+10 3.665783570631098060e-24
2.970242081980506897e+10 3.132300429324313504e-24
9.278197727392236710e+09 9.784422253383622160e-25
1.884689157943043518e+10 1.987519028964662554e-24
2.270242643702574921e+10 2.394108564645475449e-24
3.265031273902143955e+09 3.443173512032987760e-25
5.676548762983411789e+09 5.986264969863164021e-25
1.968029609127355194e+10 2.075406589580812261e-24
7.001151151913325310e+09 7.383138530001623333e-25
3.302944176001871586e+09 3.483154966825630495e-25
1.841174513528040886e+09 1.941630197138495318e-25
1.742453143463521004e+09 1.837522524665417274e-25
1.201327596446231365e+09 1.266872814487439216e-25
1.171801703918260336e+09 1.235735969984892806e-25
6.057699166210682678e+10 6.388211187953865656e-24
5.280559831107676697e+10 5.568670623312464075e-24
9.498813804033634949e+10 1.001707528721274548e-23
1.014119703491559267e+09 1.069450736660091488e-25
1.750243704888611221e+10 1.845738144208527689e-24
2.349150734853414154e+10 2.477321932770719731e-24
6.735633785744464874e+09 7.103134362971159969e-25
2.323640009881184101e+09 2.450419325987366356e-25
4.286293659254625702e+10 4.520156639939982636e-24
1.084783991578192234e+09 1.143970514443345520e-25
2.621340000439114571e+09 2.764362022406469078e-25
1.109159724636214018e+09 1.169676203412584714e-25
7.931291513739304543e+09 8.364027957282489462e-25
7.782486010755015564e+10 8.207103528896262837e-24
3.467378199452113342e+10 3.656560617958714419e-24
1.123868686048242378e+10 1.185187695363129881e-24
3.028009904733251572e+09 3.193220102204613390e-25
1.175604356081242085e+09 1.239746097332740733e-25
1.790627529693605804e+10 1.888325336862568102e-24
2.765207754205149078e+10 2.916079294753104514e-24
4.758140847163222313e+09 5.017748118502593469e-25
3.469037954402350616e+10 3.658310930222735236e-24
9.771917433452108383e+09 1.030507962896899769e-24
1.205693535645437241e+09 1.271476962179993007e-25
1.526937895384540939e+10 1.610248623935545727e-24
2.211555282805853271e+10 2.332219183019672034e-24
8.101720963647013664e+09 8.543756149255136438e-25
7.642899025848556519e+10 8.059900586953210023e-24
2.488779331510250473e+10 2.624568756828419686e-24
5.325703988101873016e+10 5.616277874988097924e-24
1.161509573732439041e+09 1.224882294456124428e-25
5.567361186347310638e+10 5.871120047754292018e-24
5.459267255173963165e+10 5.757128441118691350e-24
1.926380502119049835e+10 2.031485080100311830e-24
4.195033435749353409e+09 4.423917199054007818e-25
1.524909782159848404e+10 1.608109855529104263e-24
3.592660193844260693e+09 3.788678079764881129e-25
4.556732097911846161e+09 4.805350376386872507e-25
4.444886190317102814e+10 4.687402083046558393e-24
4.429813314929092407e+09 4.671506821735892378e-25
3.820307823124401569e+09 4.028746312335806854e-25
5.028548291345143318e+09 5.302909169395373849e-25
5.723896986409022331e+09 6.036196543273804608e-25
2.397799911266167068e+10 2.528625440012908493e-24
8.036952931067981720e+09 8.475454330529801423e-25
7.352645717788049698e+09 7.753810868890729618e-25
6.694153187894329834e+10 7.059390556618523711e-24
9.007034679411386108e+10 9.498464372455288546e-24
3.447599556509126282e+10 3.635702839342749437e-24
1.220343530674441338e+09 1.286926270503155333e-25
5.041926548287899017e+09 5.317017352771949903e-25
2.127621539176554108e+10 2.243705959535359470e-24
1.716653441136398888e+10 1.810315173734007864e-24
7.292520458004156113e+09 7.690405135675627542e-25
1.090737875879988194e+09 1.150249246560098594e-25
5.904956239457191467e+09 6.227134507386738570e-25
5.479816513015782928e+10 5.778798879885523774e-24
1.319143262887202740e+09 1.391116580614447798e-25
7.562890476793807983e+09 7.975526719222300930e-25
2.873132750499139404e+10 3.029892749312027903e-24
1.940071478581644297e+09 2.045923045177912149e-25
1.516751010160597992e+10 1.599505935602493023e-24
3.083174227809707165e+09 3.251394226766390909e-25
2.058996519656147385e+10 2.171336714142798110e-24
8.626772009174470520e+10 9.097454322646520551e-24
1.273987614940118980e+10 1.343497211032033924e-24
6.004137314239684105e+09 6.331726966367355880e-25
6.979092955094389343e+10 7.359876823561855823e-24
4.707406953443935394e+09 4.964246150416458740e-25
1.604337936099069595e+09 1.691871661408027622e-25
1.849797488597209549e+10 1.950723647357610390e-24
3.114230267994076252e+09 3.284144704780542949e-25
1.148793361167796516e+10 1.211472277031197843e-24
2.678928180236021042e+10 2.825092250893966419e-24
2.566209323510449982e+10 2.706223379748274405e-24
7.749297845399977684e+09 8.172104595570008138e-25
3.976294913821611023e+10 4.193244160549623267e-24
3.015869985545156956e+09 3.180417821099136437e-25
5.288799856172414780e+09 5.577360229524868701e-25
7.349008577498563766e+09 7.749975283852262147e-25
1.941058141725067139e+10 2.046963541306659031e-24
7.190638416064163208e+10 7.582964343005862577e-24
6.211274545983948708e+09 6.550165740721058044e-25
3.384366953603096008e+09 3.569020224335899299e-25
1.447854214566596985e+10 1.526850085856312315e-24
5.685968994273060608e+10 5.996199175122698821e-24
2.665579276410668373e+09 2.811015022160044012e-25
1.275180840107529879e+09 1.344755539343667624e-25
8.337760127139447021e+10 8.792673763624035500e-24
2.790887237579418945e+10 2.943159867507099968e-24
2.546172459711335373e+10 2.685093291577672981e-24
8.283623737994003296e+09 8.735583657739711184e-25
1.928099689864898682e+09 2.033298067852077934e-25
7.503982375952331543e+09 7.913404553936229557e-25
2.335335686637217522e+09 2.462753126503630796e-25
5.204368801008893967e+09 5.488322560864319160e-25
7.426100820887252808e+10 7.831273730375838235e-24
2.991257647697819710e+09 3.154462618028790922e-25
2.677412185996470928e+09 2.823493543018872711e-25
5.129311774708485603e+09 5.409170374202208540e-25
6.138418142413638306e+10 6.473334244202045303e-24
7.681378497955575943e+09 8.100479524182670683e-25
1.706747542639463902e+09 1.799868802947252506e-25
3.233219000974814224e+10 3.409625540723654318e-24
9.976460454655229568e+09 1.052078265096060059e-24
1.830486507278653860e+09 1.930359046289655000e-25
2.762765795069994926e+09 2.913504100733115433e-25
5.776573968201636314e+09 6.091747615587242364e-25
9.824834010077999878e+10 1.036088336856625415e-23
9.637027835179216003e+10 1.016283036614128902e-23
9.819180283181956482e+10 1.035492117063929139e-23
7.877796020099356079e+10 8.307613714580898943e-24
3.072020887260294437e+09 3.239632352674286067e-25
2.335620853802867413e+09 2.463053852576031668e-25
1.197787238592287540e+09 1.263139292397389431e-25
1.983459476118177032e+10 2.091678320189228838e-24
9.761088278339994431e+09 1.029365962808332035e-24
2.828883082837821007e+09 2.983228790891310060e-25
3.929374123702054977e+09 4.143763341485298507e-25
2.492574340782508087e+10 2.628570824284435294e-24
7.617764772845438004e+09 8.033394992695411218e-25
5.343613994722473145e+10 5.635165063263843197e-24
3.224129936198379517e+09 3.400040570638522446e-25
9.121653270570859909e+09 9.619336628785984551e-25
3.307003050984174252e+09 3.487435296677115837e-25
2.438472662457309246e+09 2.571517323065372293e-25
1.348074689578600121e+10 1.421626524836234506e-24
8.609077318233194351e+09 9.078794197814148475e-25
3.076175679624170303e+09 3.244013833222310615e-25
6.907944615544833374e+10 7.284846584151811676e-24
3.093901687443132877e+09 3.262706983601663258e-25
1.878133238455813980e+10 1.980605414229673286e-24
7.117408534887125969e+09 7.505738991698047478e-25
1.297927879888450623e+10 1.368743672467189515e-24
1.295933243131736565e+10 1.366640207026677163e-24
1.049238109673642039e+09 1.106485226013220671e-25
1.363081312444256783e+10 1.437451918843669014e-24
2.153812832103892517e+10 2.271326266505813155e-24
2.115318323168297958e+10 2.230731472028592310e-24
2.648453121313525200e+09 2.792954452858673494e-25
1.596591365448495483e+10 1.683702432804813763e-24
4.299377354624427032e+10 4.533954190271857034e-24
8.343956761023024559e+09 8.799208489898249910e-25
4.803175529874114037e+09 5.065239922906547568e-25
1.268155269081024408e+09 1.337346648574771708e-25
6.478564901723299026e+09 6.832039632790610264e-25
2.508237909186708927e+09 2.645089007207934613e-25
1.258607451924805641e+09 1.327277896280483057e-25
3.455892816865698814e+09 3.644448585399269542e-25
7.466911558288832664e+09 7.874311128256475892e-25
1.054358713294044113e+10 1.111885213110531719e-24
3.508495118900950909e+09 3.699920903379022907e-25
1.415326168055220985e+10 1.492547287888839042e-24
4.793544843727105141e+09 5.055083780235223196e-25
2.204376349995841980e+09 2.324648562948228503e-25
7.649195191421977234e+10 8.066540275431252565e-24
9.982870534200495911e+10 1.052754246863117119e-23
1.102062742958315611e+09 1.162192005780529922e-25
2.466815904243823624e+10 2.601406990629824080e-24
5.771010538722243500e+10 6.085880641762940878e-24
3.143788695987512589e+09 3.315315859904793872e-25
1.686907900929874611e+10 1.778946697432152382e-24
3.827875435114804268e+09 4.036726818177503486e-25
1.597464444671904564e+10 1.684623147800708755e-24
3.220011413026248550e+10 3.395697338153025864e-24
4.661477752422071838e+10 4.915811022198431524e-24
3.018497329252231216e+10 3.183188514394332105e-24
8.665364103766076660e+10 9.138152027116861569e-24
7.052137372763640404e+09 7.436906592351807087e-25
9.793161027745893860e+10 1.032748228763796514e-23
2.346144297612558746e+10 2.474151462351019620e-24
4.741764574803689575e+10 5.000478346030615808e-24
1.429291888781994438e+10 1.507274987457059930e-24
9.671140856341973877e+10 1.019880461601199619e-23
2.449530701598498344e+09 2.583178696042195897e-25
4.637021604306420326e+09 4.890020530673512975e-25
4.050650444636565399e+10 4.271656577674567641e-24
4.819280867803996277e+10 5.082223978589492081e-24
2.426841058077090740e+09 2.559251090755582091e-25
6.959516159501661301e+09 7.339231905219372788e-25
1.896462162792645645e+10 1.999934376645770363e-24
3.906975790295139313e+09 4.120142940383226977e-25
3.354293030434250641e+10 3.537305448282888264e-24
5.368641317647985458e+09 5.661557893269183571e-25
5.594284257760229111e+09 5.899512059522296635e-25
5.227015165730422974e+10 5.512204526031475529e-24
8.163406341217629433e+09 8.608807121302047275e-25
1.123632170169286966e+09 1.184938275023391025e-25
4.027318379912493134e+10 4.247051500265017897e-24
4.546545891759277344e+09 4.794608404175771199e-25
1.123756726816694260e+09 1.185069627562807376e-25
4.812696785018626404e+10 5.075280663948427535e-24
1.486752378693332911e+09 1.567870559215460610e-25
2.084472935612711430e+09 2.198203139988189497e-25
4.414021675544416428e+09 4.654853580195602492e-25
4.316799816933334351e+09 4.552327233499932347e-25
8.187371722481893921e+10 8.634080069415730662e-24
3.484970647826335430e+09 3.675112921802816647e-25
1.557841894998646736e+10 1.642838765946649594e-24
1.323467263115339470e+10 1.395676501118287680e-24
2.503129661193006516e+10 2.639702049868382983e-24
1.034295914806019783e+10 1.090727775237459965e-24
1.193451928340958834e+09 1.258567444788107524e-25
2.096035343873869658e+09 2.210396400793484230e-25
1.843402897846196413e+09 1.943980163560021682e-25
3.779484481967723083e+10 3.985695623030962754e-24
3.066088123044858932e+10 3.233375892969594914e-24
2.286353693422894287e+10 2.411098643757873336e-24
1.338215179759541130e+10 1.411229073723908427e-24
4.783929336243903160e+09 5.044943644385514461e-25
3.372454108973217392e+10 3.556457407124797440e-24
1.092772666644135714e+09 1.152395056836907649e-25
3.046029206917282486e+10 3.212222549281091975e-24
2.150151787430160522e+09 2.267465472844287941e-25
6.216490630409579277e+09 6.555666418118672485e-25
5.828446780441267395e+10 6.146450642331822125e-24
2.212031639819374466e+10 2.332721530382877358e-24
5.174070868445022583e+09 5.456371553317427682e-25
8.746554636065885544e+09 9.223772367870430944e-25
1.903467588971410751e+10 2.007322023450880026e-24
8.860250386193034363e+10 9.343671432359530755e-24
5.840087762178250313e+09 6.158726763633084721e-25
3.608100987675404072e+09 3.804961333389161466e-25
1.901141530431210756e+09 2.004869053637980637e-25
7.186995527809599304e+10 7.579122696389590137e-24
1.064747877700997472e+09 1.122841217110893264e-25
8.357352766505461121e+10 8.813335390186420791e-24
7.836224662615237236e+09 8.263774196689389060e-25
2.077332421707318544e+09 2.190673034981885191e-25
3.155353448068126678e+09 3.327511592409863866e-25
5.379355581224745750e+09 5.672856734062323475e-25
4.489073689809472084e+09 4.734000481362438190e-25
1.039057966831823158e+10 1.095749647931063016e-24
1.220934215235040903e+09 1.287549183199055053e-25
9.561139697805353165e+09 1.008280172244290114e-24
3.827053281264066315e+10 4.035859807075863051e-24
8.950755698010406494e+10 9.439114773083011138e-24
2.721058594611550903e+10 2.869521328185905943e-24
5.311505565244660950e+10 5.601304776909264629e-24
2.446662343958657837e+10 2.580153838936697834e-24
3.253914825853884506e+10 3.431450543320987750e-24
8.972915087135708618e+10 9.462483192947451376e-24
1.560801653001794434e+10 1.645960010278954786e-24
4.716889580585725784e+09 4.974246155886567491e-25
6.000548121119877815e+09 6.327941944527451817e-25
3.781770896309561157e+10 3.988106785632152959e-24
9.047018214186563492e+09 9.540629434994125622e-25
9.116697052253775024e+10 9.614109995961471047e-24
1.460150872930568123e+10 1.539817657929440736e-24
3.185310818550104618e+09 3.359103456585311874e-25
1.033986313449136257e+09 1.090401281828397828e-25
6.588778088661968994e+10 6.948266123169807373e-24
8.033355224165551758e+10 8.471660330389734778e-24
2.509422111842191696e+09 2.646337820733497915e-25
1.011037140761609459e+10 1.066199987294907450e-24
3.485967923559809685e+09 3.676164609551457371e-25
1.292024851188270569e+09 1.362518570666881491e-25
5.160647581096519470e+09 5.442215882646764539e-25
7.788533004871254921e+09 8.213480450959729379e-25
4.761530060631071091e+09 5.021322249670156880e-25
2.118076870299034882e+10 2.233640527291911667e-24
1.549630937003332615e+09 1.634179812721955975e-25
6.086810514563327789e+09 6.418910870480213257e-25
1.024357518713389015e+10 1.080247133764969111e-24
3.884210554445102692e+10 4.096135618401177766e-24
3.731407504219223976e+09 3.934995533985753567e-25
2.626876209140082359e+09 2.770200290268901272e-25
4.602840508913038254e+09 4.853974492397711411e-25
3.440915571196521759e+10 3.628654171427335447e-24
2.591188289630745411e+09 2.732565214569532204e-25
1.040624175764103699e+10 1.097401310245308667e-24
1.365338735343289185e+10 1.439832508210004812e-24
9.892971144535913086e+10 1.043273810956875795e-23
2.289021914949126434e+10 2.413912445192730195e-24
3.222809121247507858e+10 3.398647691161535586e-24
4.699075429237551117e+10 4.955460052809497431e-24
1.769557304310698748e+09 1.866105506225452739e-25
1.019152014121561646e+09 1.074757613443797749e-25
5.596959878208128929e+09 5.902333663568818219e-25
7.061801003552032471e+09 7.447097477145658364e-25
5.875369914747178078e+09 6.195933933482839877e-25
1.050662777154705811e+10 1.107987624282254953e-24
3.018838273624045181e+10 3.183548060913684006e-24
1.399333498242289734e+10 1.475682047568870032e-24
5.308600162437451172e+10 5.598240853427877660e-24
1.550208066637550354e+10 1.634788430925839959e-24
1.028949223923036098e+09 1.085089365408902375e-25
5.867774885038023376e+10 6.187924513993754252e-24
3.271881255322923183e+09 3.450397232912621948e-25
1.597426491227516413e+09 1.684583123591614125e-25
1.038250936242543697e+09 1.094898585225900390e-25
2.859716501802795792e+10 3.015744501326982200e-24
8.550745674133068848e+10 9.017279941125621145e-24
2.359807930149632931e+09 2.488560591600669520e-25
4.270811237700183868e+10 4.503829487356641167e-24
8.212724912821891785e+09 8.660816546374459109e-25
4.605608991002892494e+09 4.856894024678003862e-25
9.309616659325685501e+09 9.817555422757625263e-25
1.661884073504368210e+10 1.752557553643580415e-24
6.956959435458376884e+09 7.336535684642932979e-25
4.604409920888702393e+10 4.855629532515478628e-24
5.004803510109060287e+09 5.277868857391443373e-25
8.906300903380830765e+09 9.392234495832714176e-25
3.172279639078892708e+09 3.345361287453742967e-25
6.784376187144844055e+09 7.154536181617168724e-25
3.173713367586262512e+10 3.346873241124594302e-24
3.739388501996508598e+09 3.943411980212774819e-25
6.439961213958692932e+10 6.791329702616180407e-24
1.106109408765998650e+10 1.166459460316857095e-24
1.373032423651592255e+10 1.447945969175825001e-24
2.077607860600737381e+10 2.190963502001170225e-24
8.089368185941026688e+09 8.530729395932048321e-25
8.809294894104969788e+10 9.289935775352929459e-24
9.401736092286096191e+10 9.914700952127611983e-24
2.526305800671963692e+09 2.664142694649636911e-25
7.493442607015539551e+10 7.902289728324548089e-24
1.129827308294540215e+10 1.191471423929730464e-24
2.184116306811077595e+09 2.303283118578976012e-25
1.077221505052949905e+10 1.135995413715535084e-24
2.522865697963105202e+09 2.660514897690847424e-25
1.525917506701602221e+09 1.609172562179826606e-25
3.059959656329611301e+09 3.226913053108922785e-25
1.398048604749059200e+09 1.474327049447707229e-25
1.176613852383143234e+10 1.240810672412000923e-24
9.985385969196302414e+09 1.053019514740274408e-24
4.667952745497351646e+09 4.922639295123595440e-25
2.771256945775424957e+09 2.922458534165134520e-25
2.763448581017229557e+09 2.914224139927440505e-25
1.223577724549536467e+09 1.290336924107767915e-25
5.543634418199503899e+09 5.846098731644495881e-25
1.502725919093411255e+10 1.584715626409321269e-24
5.471374930461731911e+09 5.769896719075587673e-25
2.581221352287038803e+09 2.722054474616671246e-25
7.574037232376412964e+10 7.987281649067508867e-24
1.106295883624784708e+09 1.166656109365692976e-25
7.748397325642011642e+09 8.171154942866073310e-25
4.899682370697789764e+10 5.167012239977474875e-24
1.077454236646372557e+09 1.136240843296651576e-25
1.397775629135198355e+09 1.474039180106121082e-25
7.859287940766787720e+10 8.288095822355522144e-24
2.038432695655846024e+10 2.149650914478366739e-24
2.120186635545468330e+09 2.235865402707713394e-25
2.813248582429945374e+10 2.966741261932994526e-24
1.328304822322323227e+10 1.400778000714177025e-24
3.802549328206337452e+09 4.010018902340014138e-25
3.374579732894197941e+09 3.558699006474783849e-25
5.098634665849932861e+10 5.376819502254423637e-24
6.004671784802588463e+09 6.332290597993142191e-25
1.055862310305235982e+09 1.113470847356393058e-25
1.333694672154833078e+09 1.406461924272726522e-25
5.570905760474759102e+09 5.874858016160482139e-25
1.913918199363561630e+10 2.018342825969511403e-24
3.284344649284143448e+10 3.463540637786051796e-24
1.303376129639176607e+09 1.374489182281624004e-25
3.357394877912263870e+09 3.540576534584581438e-25
1.855255660788255310e+10 1.956479620987187121e-24
1.273319441037437439e+09 1.342792581124953311e-25
1.342230189082380867e+10 1.415463144576909942e-24
3.132901678056176662e+09 3.303834839166697503e-25
1.488773757606656075e+09 1.570002225882107200e-25
2.601161627749622345e+10 2.743082704528035634e-24
8.649454214097883224e+09 9.121374083480377931e-25
1.440181413257689714e+09 1.518758651498212730e-25
3.116396786165637016e+09 3.286429429598122287e-25
7.693481037883991241e+09 8.113242386591654584e-25
5.903199353878427505e+09 6.225281764983679250e-25
4.291946878831100464e+10 4.526118302867689049e-24
4.023327703132274628e+09 4.242843089554049884e-25
1.981107651704489899e+10 2.089198178699961386e-24
6.445613679989048004e+10 6.797290570883798504e-24
1.612667569508916378e+09 1.700655765055357288e-25
3.197267652817422104e+10 3.371712663537192728e-24
8.063073360285297394e+09 8.502999907419944604e-25
2.299556782489979935e+10 2.425022101985111011e-24
3.622797448734300995e+10 3.820459642959146219e-24
1.282990440115105629e+10 1.352991236226754562e-24
2.165696531993397236e+09 2.283858348820476717e-25
1.545796599851253271e+09 1.630136271631317276e-25
4.379689857275935173e+09 4.618648595506224702e-25
1.873917928841042709e+10 1.976160114570031130e-24
1.859182907215919113e+10 1.960621140544149089e-24
9.866143986636700439e+10 1.040444724441839235e-23
2.364696792949440002e+10 2.493716193946904275e-24
3.933435982347396851e+10 4.148046817790426987e-24
1.034142642547730827e+10 1.090566140344683096e-24
8.915615430331398010e+09 9.402057229455410530e-25
5.558786565320019531e+10 5.862077589805151031e-24
1.020419902761074662e+09 1.076094678915321031e-25
2.266566971911503983e+10 2.390232345801538600e-24
1.404825538015505791e+10 1.481473736618013151e-24
8.110235232299775696e+10 8.552734961964787519e-24
5.985940933031050873e+10 6.312537778719072406e-24
5.663446948891797066e+09 5.972448312240184349e-25
2.864702678764508438e+10 3.021002727359335203e-24
5.103152959248728180e+10 5.381584316691172614e-24
4.479169402646831512e+10 4.723555809825428246e-24
4.446054965396080017e+10 4.688634627256969086e-24
2.492155763917204285e+10 2.628129409592060421e-24
3.097658445725674629e+09 3.266668713068988997e-25
5.362901413437523842e+09 5.655504816137261898e-25
1.601701307003648758e+10 1.689091176107634292e-24
2.011498070031678915e+09 2.121246718093803586e-25
7.141876471053448677e+09 7.531541914437378014e-25
6.794967108938282013e+09 7.165704951018754099e-25
3.717263269126821899e+10 3.920079580191558280e-24
5.121213170389366150e+09 5.400629904743641473e-25
2.380104515364730835e+09 2.509964571757289934e-25
4.832345730341944122e+10 5.096001668557910384e-24
9.559540290089140320e+10 1.008111504999739656e-23
1.213961236070973396e+10 1.280195753738950330e-24
8.182623726961747169e+09 8.629073020159911480e-25
5.444786846983222961e+09 5.741857972402416025e-25
3.447482867470198822e+10 3.635579783673668944e-24
7.468164098665399170e+10 7.875632008053805702e-24
1.821094591887062073e+10 1.920454701862063718e-24
3.923070833509712219e+09 4.137116139664474251e-25
1.087354287004091740e+09 1.146681046865897100e-25
1.623154108169674635e+09 1.711714456112389615e-25
7.640874633251420593e+10 8.057765742174193647e-24
2.472280536359542847e+09 2.607169776641782337e-25
1.516661512097166777e+09 1.599411554466285387e-25
7.788682807950216293e+09 8.213638427392489051e-25
4.648983113436251068e+10 4.902634667551458315e-24
3.223551597608883381e+09 3.399430677517970668e-25
2.336423213658856392e+09 2.463899989709645865e-25
2.248313614290736008e+10 2.370983073070873563e-24
2.216679252238590240e+10 2.337622719570236853e-24
1.760800077269773006e+09 1.856870479159345026e-25
2.634343450638418198e+10 2.778074949338948921e-24
4.629634575264624596e+09 4.882230460504007006e-25
1.114622026497892380e+09 1.175436532030320029e-25
8.278142047820899963e+10 8.729802882971620829e-24
4.372287996829825592e+10 4.610842884721302127e-24
3.932408193024088287e+10 4.146962951610567182e-24
1.239484322163780975e+10 1.307111396073691090e-24
1.096211472430583954e+09 1.156021486112353441e-25
1.900850016367970228e+09 2.004561634377112219e-25
1.812991109349449396e+09 1.911909088026217388e-25
7.996826009901713371e+09 8.433138058344755424e-25
4.254443609769894600e+09 4.486568830959611259e-25
1.175145408056262016e+10 1.239262108803858191e-24
1.331231458182034254e+09 1.403864315737273094e-25
1.179715897425087214e+09 1.244081967056841863e-25
9.418886867548774719e+10 9.932787484886824714e-24
2.405754490414734840e+09 2.537014026193580678e-25
1.820127342827931166e+09 1.919434679062723817e-25
3.821121262435000420e+09 4.029604133426308571e-25
2.684905778441995621e+10 2.831395990760993553e-24
2.680644948386929035e+09 2.826902687036111785e-25
1.300836295643298149e+09 1.371810773284604296e-25
2.087342124784641647e+10 2.201228873994711095e-24
4.741376170349721909e+09 5.000068749976040099e-25
1.956773010037572622e+09 2.063535823094954891e-25
1.455016951069261312e+09 1.534403625939305335e-25
1.100935159507019997e+10 1.161002900639902018e-24
7.440173336265467834e+10 7.846114051381411523e-24
1.087584125658009529e+09 1.146923425666840515e-25
8.782569789984941101e+10 9.261752532102572586e-24
2.564414088544351196e+10 2.704330195590268054e-24
2.098239066441872406e+10 2.212720359903666994e-24
4.606436542801933289e+09 4.857766728243531611e-25
5.630952447680307007e+10 5.938180889826061588e-24
8.158842153106550217e+09 8.603993908107545957e-25
7.294869607048440552e+10 7.692882455825591184e-24
1.599269877089930344e+10 1.686527085790277440e-24
5.691377586013035774e+09 6.001902863159422209e-25
2.431448269322599030e+10 2.564109674454817404e-24
7.220041398422047615e+09 7.613971571279191802e-25
7.607623047842411995e+09 8.022699928554415210e-25
4.547720775825901794e+10 4.795847390684184537e-24
1.121341270565875053e+09 1.182522382441827043e-25
6.631626558884175873e+10 6.993452433904256917e-24
1.705904167646673918e+09 1.798979412864193593e-25
2.447030032225195408e+09 2.580541588515131396e-25
2.983242102616503906e+10 3.146009739574273882e-24
1.156546210741292953e+09 1.219648127139468104e-25
9.166634501331058502e+09 9.666772064865915026e-25
3.754230838593379211e+10 3.959064124385331265e-24
1.313053426169080734e+10 1.384694478428766772e-24
3.065523102586959839e+09 3.232780044626595988e-25
5.970051768587122917e+09 6.295781691088621297e-25
5.411398768475416183e+09 5.706648218531249047e-25
4.757002589615750313e+09 5.016547756880132173e-25
9.041557226106636047e+09 9.534870491838931774e-25
1.389935033077957153e+09 1.465770796008660794e-25
2.502272296055778027e+09 2.638797906329470429e-25
2.247160130787001610e+09 2.369766654754034718e-25
8.011277384155198669e+10 8.448377909013201200e-24
3.389462316353493881e+10 3.574393593404858382e-24
6.585880426739161682e+10 6.945210362920531533e-24
4.490512773715389252e+09 4.735518082625878352e-25
6.472943335084342194e+10 6.826111349805359888e-24
3.355454274976214409e+09 3.538530051085269165e-25
5.893660211997055054e+09 6.215222161292897162e-25
5.821414706532325745e+09 6.139034893878978070e-25
3.253616115374213409e+10 3.431135535002509688e-24
1.207079107909766197e+10 1.272938132171741196e-24
2.160716719367976379e+10 2.278606834366759246e-24
3.718941643062392712e+09 3.921849527304909487e-25
3.086842281657352448e+10 3.255262412026934526e-24
2.773689696374938583e+10 2.925024017225765898e-24
1.362317628970645189e+09 1.436646568301107693e-25
4.010046812699275017e+09 4.228837585067575356e-25
2.754247905115929031e+10 2.904521469141596544e-24
2.881235479423899174e+09 3.038437568417412330e-25
3.904914117874325562e+10 4.117968781769012261e-24
2.279245126425412655e+09 2.403602228703634562e-25
3.015707936154793549e+10 3.180246930188228307e-24
7.516217402317120361e+10 7.926307131328059737e-24
1.228921455963102341e+09 1.295972212996323896e-25
2.125218464955488968e+10 2.241171772015761278e-24
1.673753472549623871e+10 1.765074554850594878e-24
2.006962582608581543e+10 2.116463771515560202e-24
1.972092680033774185e+10 2.079691344288774059e-24
1.347018602984337234e+10 1.420512817467841313e-24
3.768974881817604542e+09 3.974612612234652921e-25
1.365161666890882301e+10 1.439645778787221826e-24
2.214928646483597946e+10 2.335776599622234354e-24
1.941029840722566843e+09 2.046933696182983771e-25
4.484857682199259186e+10 4.729554445624266924e-24
4.669930611238343239e+09 4.924725074510817273e-25
1.890049955222712326e+10 1.993172314844118534e-24
8.225508020835145950e+09 8.674297109107352036e-25
3.127238617349853992e+09 3.297862798170673009e-25
5.925244390293397903e+09 6.248529592979248395e-25
4.719304281335169792e+09 4.976792604285524315e-25
2.357999094267623901e+10 2.486653064451900801e-24
2.493749232051290989e+09 2.629809818387961181e-25
8.166657166350033569e+10 8.612235313576226408e-24
2.742540032067271709e+09 2.892174806895018867e-25
4.349290631124320984e+10 4.586590767727306051e-24
6.612943894992301178e+10 6.973750431672027909e-24
3.635307985653775215e+09 3.833652762941413327e-25
3.852148113036275482e+10 4.062323829254654162e-24
6.432823592298522949e+09 6.783802647657887195e-25
1.346059683642423630e+09 1.419501578860528555e-25
2.339152473517721558e+10 2.466778159768417846e-24
1.166000517287019968e+09 1.229618266823301219e-25
6.111138613407124519e+09 6.444566326281398431e-25
3.821387958901309967e+09 4.029885381025953382e-25
2.306161821412998199e+09 2.431987516144376561e-25
1.379688400177195740e+10 1.454965100126531539e-24
1.139525081293793678e+09 1.201698313755760198e-25
9.149379630902822495e+09 9.648575757440946388e-25
9.673015427022119141e+10 1.020078146449240773e-23
7.846568096104493713e+10 8.274681974663325917e-24
7.424986731189324379e+09 7.830098855216571571e-25
1.689275159033090973e+10 1.781443114683126543e-24
6.596318558807243347e+09 6.956218006289584009e-25
2.633567696835443115e+10 2.777256869901973044e-24
7.736041904175721741e+10 8.158125401537395646e-24
9.203540601007312775e+09 9.705691785437491258e-25
8.503990864438453674e+09 8.967974158486595389e-25
3.628018382559045410e+10 3.825965434342256723e-24
2.352256871128075600e+09 2.480597541868606736e-25
1.574610108003107548e+09 1.660521863601051204e-25
1.608947142709102869e+09 1.696732349340179146e-25
1.068959015302942657e+10 1.127282117129965682e-24
2.325712584931776428e+10 2.452604982085958978e-24
4.199896336594812012e+10 4.429045422944713990e-24
3.536518102653710842e+09 3.729472839422293506e-25
1.734016671524929285e+09 1.828625753309456606e-25
1.113530050002950191e+09 1.174284976584833018e-25
5.826338817315222168e+10 6.144227667361274351e-24
9.666704917050286865e+10 1.019412664897620986e-23
1.521006617978320599e+09 1.603993732161351347e-25
1.009324473829728961e+09 1.064393876136977229e-25
5.793693449895485878e+09 6.109801147380078665e-25
1.087613937858334351e+10 1.146954864440280273e-24
2.006692768306081009e+10 2.116179235968546034e-24
3.725300652461115265e+10 3.928555488408394765e-24
2.338085655782725811e+09 2.465653135761246833e-25
3.238128521682413101e+10 3.414802928086617743e-24
4.284524504895470619e+09 4.518290959363864021e-25
1.011603221447610664e+10 1.066796953712746064e-24
6.797033410310376167e+09 7.167883991142853898e-25
3.342941460498691559e+10 3.525334529279899815e-24
8.313025988029788208e+10 8.766590113734967891e-24
8.973518166475524902e+10 9.463119176689814323e-24
1.805187957195349932e+09 1.903680190795702304e-25
5.595634790515570641e+09 5.900936278226568824e-25
3.299807081519773102e+10 3.479846710420294942e-24
7.801244110191450119e+09 8.226885082485616425e-25
4.315176911407587051e+09 4.550615781189061879e-25
7.606701324248253822e+09 8.021727915119141913e-25
1.539272003691676331e+10 1.623255689245189500e-24
3.612680227690946198e+10 3.809790419729860362e-24
7.684681721077105713e+10 8.103962973314474637e-24
3.408060356491034031e+09 3.594006354755462934e-25
4.775437300428634644e+09 5.035988277551486112e-25
1.048493556143136597e+10 1.105700049155951878e-24
6.288440238656555939e+10 6.631541643969438687e-24
9.902939483476245880e+09 1.044325032759027201e-24
1.023694725085977364e+10 1.079548177684490077e-24
1.697579692912836313e+09 1.790200749353604354e-25
1.241301220490037441e+09 1.309027425558929870e-25
6.391355744283180237e+10 6.740072286779354251e-24
1.375315662651411057e+09 1.450353783186261975e-25
4.006674949156050873e+10 4.225281750447852379e-24
2.329725229826633072e+10 2.456836559506242792e-24
1.560134648674205208e+10 1.645256613759747110e-24
1.743050361493800879e+09 1.838152327301368965e-25
8.906334830062509537e+09 9.392270273576296768e-25
4.483640606151673126e+10 4.728270965112863511e-24
1.261140289270452023e+09 1.329948926885465579e-25
1.814913117846788025e+10 1.913935962562101677e-24
3.256238702423766136e+09 3.433901212113843181e-25
2.744408779966456890e+09 2.894145514899739586e-25
1.992247907401345491e+09 2.100946254021410185e-25
2.662418214546793747e+10 2.807681490696934166e-24
1.514079469996936083e+09 1.596688634463181216e-25
4.815556353920592499e+10 5.078296252796774817e-24
5.599643016790930176e+10 5.905163195944590411e-24
1.289354433545987320e+10 1.359702453294447675e-24
4.962734368786876678e+09 5.233504396250647919e-25
2.189401875209485626e+10 2.308857071040291114e-24
3.828855498440699577e+09 4.037760354398369143e-25
3.137598395400840759e+10 3.308787812476299568e-24
3.387286767913452625e+09 3.572099345621454341e-25
2.770098298980234909e+10 2.921236670844287267e-24
5.798508434005382538e+10 6.114878840166843605e-24
1.807515716587516069e+09 1.906134954260161639e-25
2.557346432541014099e+10 2.696876923660726250e-24
5.913004468078823090e+09 6.235621852616871255e-25
5.940191540046858788e+09 6.264292268982653484e-25
6.188871995249401093e+10 6.526540892191205139e-24
7.342063013621736145e+10 7.742650765475370243e-24
1.407058725039483309e+09 1.483828767784126904e-25
1.812147899793567657e+09 1.911019872406412395e-25
3.171826479925065994e+09 3.344883403640603559e-25
1.933343357293992615e+10 2.038827833199834848e-24
2.614204072333175182e+09 2.756836753403829858e-25
2.501032648438670349e+10 2.637490622728974115e-24
9.996637721253604126e+10 1.054206080239886343e-23
1.118287223310889626e+10 1.179301704374539975e-24
1.866729596322326660e+10 1.968579581935638253e-24
7.675540819727543831e+09 8.094323338418940219e-25
3.900162516528786182e+09 4.112957929951612046e-25
4.381685580020549011e+10 4.620753206186845551e-24
3.232514142008392334e+09 3.408882224191803234e-25
1.224938593742525816e+09 1.291772043212474824e-25
5.832117710598417664e+10 6.150321860835195426e-24
6.780200669103575897e+10 7.150132844585260244e-24
5.291081009289965630e+09 5.579765843845939308e-25
2.233387909722023392e+10 2.355243012315497842e-24
1.365594816917034340e+10 1.440102561761616078e-24
2.681617336466092587e+09 2.827928129243773009e-25
3.832824370227684021e+10 4.041945770421434864e-24
9.320533736225179672e+09 9.829068142500809424e-25
1.896056441194883347e+10 1.999506518612727758e-24
4.475495092680800629e+10 4.719681027108595327e-24
1.898364584562538910e+10 2.001940595789571502e-24
9.937962766980867386e+09 1.048018450431055024e-24
3.014336963581316948e+09 3.178801156455998031e-25
1.080217069408339119e+10 1.139154418018038931e-24
1.930678871290995121e+09 2.036017971100799079e-25
1.642029385297436523e+10 1.731619580684418419e-24
3.439119810593540192e+10 3.626760432953355184e-24
9.397862152358561707e+10 9.910615647508232482e-24
4.732061996550806427e+10 4.990246388773181119e-24
2.254827606889403343e+09 2.377852473358885178e-25
3.380326305365217209e+09 3.564759115691913800e-25
1.866365711469966125e+10 1.968195843288142925e-24
1.948492722252714872e+09 2.054803757402132709e-25
1.208911636285744429e+09 1.274870644492419799e-25
8.550047717094914246e+10 9.016543903095749640e-24
1.124866267272326469e+10 1.186239705270147737e-24
2.232229962419108391e+09 2.354021886651680716e-25
1.792293783306525469e+09 1.890082502360550655e-25
2.457634477429594040e+10 2.591724619173809499e-24
2.234958554633492470e+09 2.356899352638853152e-25
1.453960711233142376e+09 1.533289756968080195e-25
1.848580743442584229e+10 1.949440515792902920e-24
1.141292745265302420e+09 1.203562422627709745e-25
2.211935198524778366e+09 2.332619827188278834e-25
3.402539321303645325e+10 3.588184088283418451e-24
4.810837579928164673e+10 5.073320019414305197e-24
5.643274169980901337e+10 5.951174893340559963e-24
3.795081734873267365e+10 4.002143872238899008e-24
6.363017590633049011e+10 6.710187984963328331e-24
8.520013871375309944e+09 8.984871391143778360e-25
8.988006220738132477e+09 9.478397708652630719e-25
1.043005615587309003e+09 1.099912682980174234e-25
2.814161290789333820e+09 2.967703768256403387e-25
2.381180887850172520e+09 2.511099671828329499e-25
3.185362113845468521e+09 3.359157550585482773e-25
8.181054028774540710e+10 8.627417678214713071e-24
8.199941447971389771e+09 8.647335607335046735e-25
5.732726723021879196e+09 6.045508036081431467e-25
1.765019684241520882e+09 1.861320310642566296e-25
4.905129417947453308e+10 5.172756481681603930e-24
6.210446726575345993e+09 6.549292754945015703e-25
1.126618165403689766e+10 1.188087188107419620e-24
2.274598541792363739e+10 2.398702123379126123e-24
6.007671679873948097e+09 6.335454169298307129e-25
2.749102187855236816e+10 2.899094998187383759e-24
5.195264396574085236e+10 5.478721414179036445e-24
7.588521019740888596e+09 8.002555681327444741e-25
1.005365196313320398e+09 1.060218577854154513e-25
1.302779966724592924e+09 1.373860492329169747e-25
3.084309381777410030e+09 3.252591315475743905e-25
7.838399918980881691e+09 8.266068136462626303e-25
2.490753081322480011e+10 2.626650195719118765e-24
3.028060216700912094e+10 3.193273159226079462e-24
3.029061786057987595e+10 3.194329374861228744e-24
8.853969480187617493e+10 9.337047836021485206e-24
5.280726896856060028e+09 5.568846804277161231e-25
4.506886221963401794e+09 4.752784876900967881e-25
5.749376140952937126e+09 6.063065857125660996e-25
5.678224767219548225e+09 5.988032417984733121e-25
1.133638155297747231e+10 1.195490193233637101e-24
6.688452789050172806e+09 7.053379140291485094e-25
2.239899524772823715e+10 2.362109905335078422e-24
2.596633047477770615e+10 2.738307041959719771e-24
3.631517816750837708e+10 3.829655799948428482e-24
9.855634002216764832e+10 1.039336382838625257e-23
2.021605436172984838e+09 2.131905548731150378e-25
1.947173425074834585e+09 2.053412478508822752e-25
2.222614600736564255e+10 2.343881904557609004e-24
1.958662044823948288e+10 2.065527924852677017e-24
9.028508798740800476e+10 9.521110133756346231e-24
2.479967637347834110e+09 2.615276290879109854e-25
1.170821203996029139e+09 1.234701973346709764e-25
2.347495201013516903e+09 2.475576071923575287e-25
5.366915164887723541e+10 5.659737560487270408e-24
2.512313679207485199e+10 2.649387153902224147e-24
3.926067425481352997e+10 4.140276227650642856e-24
1.619131863134394646e+10 1.707472754761752890e-24
5.024054384146927834e+09 5.298170071686230561e-25
2.814752699357634354e+10 2.968327444462336859e-24
3.942717305758905029e+10 4.157834536267292942e-24
1.057504778694908142e+10 1.115202929893817514e-24
5.527979413337373734e+09 5.829589579495514043e-25
7.606723954554078102e+09 8.021751780149227205e-25
1.685322871503986168e+10 1.777275187765878954e-24
1.809352020607508469e+10 1.908071448226457207e-24
5.590497641445834160e+09 5.895518842949404769e-25
5.415839554764035034e+10 5.711331297019283629e-24
1.673180475271193504e+10 1.764470294466528243e-24
4.491653876382555962e+09 4.736721444599622872e-25
7.105926121990646362e+09 7.493630090856759621e-25
1.048716865912143135e+10 1.105935542851760229e-24
2.060757764266753769e+10 2.173194053409323252e-24
1.619148128924248219e+09 1.707489908023721134e-25
1.323541084764134026e+10 1.395754350524440658e-24
3.736424760151947784e+10 3.940286534678068135e-24
1.091629279020977402e+10 1.151189285238481388e-24
9.493446052142083740e+10 1.001141466727324230e-23
1.005873847734297276e+09 1.060754981628772069e-25
1.911844107974161530e+10 2.016155570799675707e-24
1.007863707905133438e+10 1.062853409869762327e-24
3.503746514082836914e+10 3.694913211581540797e-24
9.349914549160850525e+10 9.860051991773774046e-24
1.124057558835362244e+10 1.185386873172835114e-24
4.937222195692980766e+09 5.206600262335164958e-25
4.712681552492736053e+10 4.969808535033288836e-24
1.297669061486240196e+10 1.368470732763964997e-24
1.615262550397444153e+10 1.703392329795495809e-24
8.106233395836465454e+10 8.548514782691132549e-24
5.697973165019821930e+10 6.008858301263249324e-24
5.736690644951268196e+09 6.049688232179439222e-25
2.050618569967098951e+09 2.162501658048526700e-25
8.838046220379611206e+10 9.320255792761629473e-24
1.245862413938225365e+10 1.313837480699776856e-24
2.488844325614605904e+09 2.624637297053544913e-25
2.056436620297588348e+10 2.168637145003809174e-24
2.428258299210705566e+10 2.560745657490801562e-24
1.963487887210956955e+10 2.070617068351243107e-24
5.246111537262429810e+10 5.532342808062802952e-24
2.530492561734351349e+10 2.668557888129237569e-24
1.123004704457539320e+09 1.184276574372721218e-25
5.659318616511473846e+10 5.968094735349691187e-24
4.540335987733510971e+09 4.788059683731745621e-25
4.240434751627893448e+09 4.471795640370621333e-25
2.846407542160768890e+10 3.001709396157108641e-24
1.392115293483400345e+09 1.468070012845375629e-25
9.265739713284587860e+09 9.771284521892087251e-25
1.002423520768879533e+09 1.057116402571309891e-25
1.022838850116651344e+10 1.078645605618013860e-24
3.630099047473753357e+10 3.828159621693233172e-24
5.520916607412537384e+10 5.822141422267922560e-24
6.640935205791014862e+10 7.003268966664198928e-24
1.579722289781203270e+09 1.665912969354840833e-25
5.370500384176714897e+09 5.663518391681555208e-25
5.061948492708465576e+09 5.338131707552968488e-25
3.395877976878444195e+09 3.581159296557007207e-25
6.559184885888684082e+10 6.917058295931015013e-24
3.202448040531920910e+09 3.377175696587808941e-25
1.791715949676029682e+09 1.889473141749891871e-25
4.342835591966315460e+10 4.579783537418171520e-24
2.781048829729585648e+09 2.932784669701218752e-25
7.839022542069578552e+10 8.266724730273570006e-24
1.119162902855581045e+09 1.180225161566944460e-25
3.298337679720004082e+09 3.478297137098918730e-25
3.264348824129622459e+09 3.442453827355287635e-25
3.208527120730578232e+10 3.383586455371299901e-24
2.920534306465134144e+09 3.079880565121278187e-25
1.760259860851369095e+10 1.856300788180431173e-24
7.590464459946890259e+10 8.004605156900010288e-24
8.090645305837164307e+10 8.532076196323586035e-24
1.778541266334832191e+09 1.875579639083493366e-25
2.257773503171351624e+10 2.380959099665431415e-24
1.127798564468316317e+09 1.189331990515726354e-25
2.061481301006025696e+10 2.173957066785506582e-24
2.418143656553031921e+10 2.550079153325603193e-24
7.414883147448519897e+10 7.819444013349966672e-24
2.380619144065861225e+09 2.510507278936368603e-25
3.179675699536328793e+09 3.353160881798823550e-25
6.217803738185250854e+10 6.557051169911947834e-24
1.323897837976389647e+09 1.396130568424890671e-25
1.188278933428349495e+10 1.253112207895478762e-24
3.416340803153649521e+10 3.602738587994517061e-24
2.339677772420780563e+10 2.467332119322609709e-24
4.077023523230530548e+10 4.299468588656312429e-24
5.733511898156028748e+09 6.046336050883562404e-25
2.225977947015650749e+09 2.347428757205701609e-25
3.487558608413410664e+09 3.677842083209271728e-25
1.881726828440019369e+09 1.984395072829768585e-25
1.203230704253669930e+10 1.268879757099442089e-24
7.452060204349330902e+09 7.858649474749186835e-25
5.592590448622442245e+09 5.897725835052018223e-25
3.917586972797570801e+10 4.131333075931317772e-24
1.932097335219467926e+10 2.037513827347362518e-24
1.075039361741499186e+09 1.133694211240231640e-25
9.457797303881448364e+10 9.973820900031480636e-24
5.671218989248932648e+10 5.980644400193779173e-24
1.131889595825742006e+09 1.193646231215157692e-25
2.930539152011843109e+10 3.090431281573448737e-24
1.926571761899638367e+10 2.031686775139407688e-24
5.653768862285696411e+10 5.962242182909771602e-24
6.362487783052867889e+10 6.709629270735646434e-24
2.011506812772238255e+09 2.121255937843996219e-25
4.165300567684943199e+09 4.392562086294614210e-25
3.207063959832075882e+10 3.382043463458838444e-24
1.990933338757641554e+09 2.099559961654188411e-25
9.030607365713133240e+10 9.523323199912900762e-24
3.909044028813880920e+10 4.122324023345959979e-24
2.950764706799643707e+10 3.111760355836280168e-24
4.409977527223742485e+09 4.650588780502019099e-25
7.606112816388293457e+10 8.021107297886089313e-24
3.687576801087427616e+09 3.888773399072840972e-25
2.136247173373936081e+10 2.252802213966459374e-24
7.517183445880668640e+10 7.927325882859190482e-24
3.308548597245662212e+09 3.489065168951759417e-25
4.163367157307122231e+09 4.390523187784203705e-25
2.299878656206345558e+09 2.425361537341601541e-25
7.068052078367716980e+10 7.453689614684780754e-24
1.840930303715139151e+09 1.941372663078750702e-25
1.832149206464308500e+09 1.932112463428500062e-25
3.415127026131184006e+10 3.601458586505198195e-24
5.956358283754180908e+09 6.281341080782348957e-25
2.699869141941716671e+09 2.847175765143241586e-25
1.934331292233520746e+09 2.039869670514712967e-25
2.181792321951182842e+09 2.300832335587733183e-25
3.197972027734318161e+10 3.372455469609459697e-24
5.621115063250960350e+09 5.927806771279156559e-25
1.392743397407424688e+09 1.468732386529600610e-25
2.386269268746229172e+10 2.516465678108416041e-24
1.765843002302186966e+09 1.862188549474188834e-25
3.208146255782248688e+10 3.383184810182713022e-24
2.784460452714841843e+09 2.936382433064090787e-25
4.996435378756173134e+09 5.269044155328165232e-25
3.308153078050459862e+09 3.488648069971021583e-25
2.560156029682919312e+10 2.699839814257155541e-24
5.779957501076149940e+09 6.095315756224589076e-25
6.563030311019806671e+10 6.921113529968073163e-24
4.747263347386902618e+10 5.006277135236265306e-24
1.441080763063295841e+09 1.519707070416422267e-25
8.354238647054098129e+09 8.810051362344498364e-25
2.620712969148405457e+10 2.763700779879133232e-24
7.873671361735330582e+09 8.303264012163432013e-25
1.278218514535141563e+10 1.347958951271429180e-24
3.545958791711641693e+10 3.739428618639304846e-24
4.136695323767792702e+09 4.362396121592211176e-25
8.443970285069912720e+10 8.904678817118656606e-24
1.818403491927201509e+09 1.917616773731301641e-25
1.431286147494065762e+09 1.509378054226567147e-25
2.155634542455029678e+10 2.273247370563152204e-24
1.951620235153359413e+09 2.058101909448673712e-25
1.813813256524642181e+10 1.912776092088090453e-24
2.579683079542079926e+10 2.720432272706368093e-24
1.422441531445765018e+09 1.500050870151783198e-25
2.495370840265671158e+10 2.631519902605309349e-24
6.614369794617335510e+10 6.975254129311613167e-24
2.240924158528098679e+10 2.363190443777052126e-24
7.149902858614982605e+09 7.540006226944913892e-25
5.914195646495484352e+09 6.236878022505698656e-25
5.009820607307229996e+09 5.283159690688543224e-25
1.445773887853572130e+09 1.524656255159523501e-25
2.722563110808346939e+10 2.871107931768738122e-24
2.712399174651996994e+10 2.860389444619390268e-24
2.380316836575229645e+09 2.510188477351663605e-25
4.547457393030663300e+10 4.795569637551667801e-24
1.035293137115137672e+10 1.091779406646876577e-24
5.042158350782776833e+09 5.317261802562298433e-25
8.944653188641399384e+09 9.432679306818338223e-25
9.571286883437803650e+10 1.009350254514882877e-23
1.621135688758217812e+10 1.709585910419963412e-24
6.159220869054987907e+09 6.495271981191607323e-25
5.768392888308019638e+09 6.083120170632982586e-25
5.381156271935316467e+10 5.674755671633782167e-24
4.904612066674931526e+09 5.172210903385860363e-25
7.608508707942735291e+10 8.023633910848083485e-24
4.710039431541049957e+10 4.967022258237367503e-24
1.558297489999052525e+09 1.643319218507747784e-25
1.904141557041469955e+10 2.008032763658893632e-24
8.351017769935855103e+10 8.806654752067686941e-24
8.745613453510214233e+10 9.222779833779999082e-24
3.673005290638710785e+10 3.873406857499911236e-24
2.243715403585400772e+10 2.366133980987159667e-24
2.779727972622952938e+09 2.931391745768425015e-25
1.740477948022432327e+10 1.835439561271404483e-24
1.757515857133611298e+10 1.853407069828198623e-24
3.569617677564534664e+09 3.764378348751854475e-25
8.835179507786869812e+10 9.317232670458074988e-24
1.852518843982451677e+09 1.953593481669517401e-25
1.076674041457485008e+10 1.135418080148848002e-24
2.155176877687487793e+10 2.272764735307071530e-24
8.015577479737056732e+09 8.452912620617654235e-25
3.213773576073585892e+10 3.389119160743373806e-24
9.529448750325202942e+09 1.004938169617636309e-24
1.179884562796246529e+09 1.244259834920777814e-25
1.123946176954422951e+09 1.185269414223747641e-25
1.955537227023226547e+10 2.062232614952470206e-24
1.933340726382215977e+09 2.038825058743793719e-25
4.789329700931037903e+10 5.050638656496022618e-24
3.021563569535206795e+09 3.186422050749177387e-25
1.038619091764657784e+10 1.095286827553679844e-24
8.021271815504606628e+10 8.458917643062665737e-24
5.946548738225257874e+10 6.270996320044451803e-24
1.020168663053962469e+09 1.075829731405747698e-25
1.248559274128149509e+09 1.316681483342515655e-25
3.462562866818199158e+10 3.651482557632233473e-24
4.037465881421167755e+10 4.257752656081582144e-24
1.470234771298668861e+10 1.550451740376553502e-24
1.552628446095052242e+09 1.637340867866873990e-25
2.177164341482341290e+09 2.295951849482778904e-25
2.600883590434506607e+10 2.742789497315469265e-24
8.248314841549921036e+09 8.698348284851512467e-25
3.002442036266267776e+09 3.166257234140121782e-25
1.342242350353691578e+09 1.415475969375123861e-25
2.971009349066138077e+10 3.133109559003106032e-24
1.331911070824175453e+10 1.404581008488906899e-24
3.470553600411588287e+10 3.659909270867843118e-24
2.292796098924044418e+10 2.417892551109586073e-24
1.003589637902456164e+09 1.058346143817083848e-25
1.963173174286799192e+09 2.070285184484458947e-25
1.637224903039990807e+10 1.726552962738030825e-24
2.035127978506242752e+10 2.146165889803342493e-24
3.612515054045573425e+10 3.809616234102550083e-24
5.966634631256880188e+10 6.292178112514499671e-24
3.668580518559489441e+10 3.868740666966995183e-24
1.919398767534561396e+09 2.024122417518331163e-25
2.904248620240141296e+10 3.062706321222487170e-24
4.135046216852726460e+09 4.360657038327112673e-25
6.807947481731862068e+09 7.179393541427186109e-25
4.362474183416173935e+09 4.600493623240098993e-25
4.582173462766284943e+10 4.832179838719120473e-24
1.527605485560871601e+09 1.610952638267784532e-25
6.487408255919269562e+09 6.841365486165576844e-25
1.620173605988938332e+09 1.708571335786622412e-25
2.385074118987948418e+09 2.515205320198978026e-25
2.876301570829568863e+09 3.033234462548693666e-25
5.909383785803695679e+09 6.231803623552772593e-25
1.964893754273601151e+10 2.072099640438753638e-24
2.854472526916977310e+10 3.010214411747461489e-24
1.360963325595706177e+10 1.435218373249771035e-24
1.255205448113367271e+10 1.323690276919832801e-24
1.784200153556172943e+10 1.881547278886470391e-24
2.050449222905582428e+10 2.162323071300762433e-24
5.076582985234197998e+10 5.353564667546158948e-24
4.838131435958919525e+09 5.102103046050991400e-25
1.432088623792163849e+10 1.510224314155447679e-24
1.381923872132115555e+10 1.457322540890911516e-24
6.936903814648031235e+09 7.315385816066320241e-25
4.770239467859811783e+09 5.030506847843903747e-25
1.196007474521724463e+09 1.261262423237080665e-25
1.248651909759092331e+10 1.316779173233967181e-24
3.668172207047000122e+10 3.868310077711786895e-24
4.749150553917498779e+10 5.008267308987379322e-24
2.568234650533125401e+09 2.708359209935697526e-25
2.317979130613255310e+10 2.444449585450438768e-24
4.422812897813686371e+09 4.664124457291909233e-25
1.269523976018066406e+09 1.338790033055964364e-25
3.792449312460484505e+09 3.999367823140495634e-25
1.375066342197343588e+09 1.450090859645432593e-25
1.840995960946730614e+09 1.941441902611767031e-25
7.054946990797242737e+10 7.439869504979798188e-24
1.225609398861716843e+10 1.292479447896955600e-24
1.160331390647728920e+09 1.223639828933045106e-25
5.494737544146356964e+10 5.794534012216924577e-24
4.493645749360589027e+09 4.738821995467884796e-25
2.758634674182598591e+09 2.909147583192783089e-25
2.016888306671831131e+09 2.126931049564472803e-25
8.974117037128297806e+09 9.463750722116420812e-25
8.078110053334176636e+10 8.518857012259431665e-24
1.819355275934284210e+10 1.918620487695256360e-24
6.107568853945639610e+09 6.440801798412902700e-25
4.329305667923810005e+09 4.565515411885855523e-25
7.537876203146017456e+10 7.949147650471794289e-24
1.700045822583458424e+09 1.792801432669258015e-25
1.594189341440490150e+10 1.681169352798585380e-24
8.021708273479507446e+10 8.459377914469652540e-24
6.595388819749253082e+10 6.955237540061538854e-24
3.443448064648388863e+09 3.631324839375469855e-25
2.853004870137744427e+09 3.008666678656081096e-25
5.924499411893770599e+10 6.247743968071720531e-24
1.401471837386574173e+10 1.477937055893045766e-24
5.155502630643867493e+10 5.436790220338139762e-24
8.885770946602128601e+10 9.370584411207605423e-24
3.376349785813336849e+09 3.560565634636906219e-25
5.031286055679476166e+10 5.305796307939347791e-24
7.046989593207551956e+09 7.431477946582014644e-25
9.774590973653013611e+10 1.030789903926888999e-23
7.711582210401293755e+09 8.132331170900242858e-25
6.346790663704061127e+10 6.693075706306097987e-24
3.617291610854097366e+09 3.814653402969289169e-25
2.306814188979550171e+10 2.432675477311308012e-24
3.504288218565929413e+10 3.695484471814924164e-24
9.602419842680174255e+10 1.012633413897501053e-23
2.672935545225249290e+09 2.818772653804254324e-25
1.319049880003885078e+10 1.391018102700044081e-24
2.722766687351746559e+09 2.871322615581266081e-25
9.097298860331199646e+09 9.593653426021999050e-25
2.200173784474053574e+10 2.320216702707603191e-24
2.603969793390813828e+10 2.746044085520137574e-24
1.374175520618850708e+10 1.449151434259975779e-24
7.518604859306900024e+09 7.928824849530035891e-25
2.736382099211847305e+09 2.885680893202322717e-25
8.515515656273226929e+10 8.980127750488720440e-24
1.068341804049990273e+10 1.126631230428058394e-24
1.861510498966489077e+09 1.963075727220377197e-25
1.193186902976111984e+10 1.258287959466312479e-24
8.529811273216666222e+09 8.995203345626586561e-25
3.767119539466315269e+09 3.972656041193274487e-25
3.482932962515570164e+09 3.672964059051036285e-25
3.527558288795785427e+09 3.720024172270176126e-25
2.155115095770813942e+09 2.272699582528684633e-25
9.012407906824205399e+09 9.504130766664076975e-25
2.506813534243144226e+10 2.643586917437435992e-24
9.097780091984738159e+10 9.594160913988764230e-24
8.789479350407232285e+09 9.269039082652942672e-25
1.439452769911872864e+09 1.517990252895697175e-25
2.759778033866698265e+09 2.910353325327777451e-25
6.907832673162500000e+10 7.284728534120008725e-24
4.419308148573217010e+10 4.660428486644534646e-24
6.187598723207007408e+09 6.525198149594825147e-25
9.496854398703703308e+10 1.001500897544866466e-23
3.315568064830992126e+10 3.496467623271744059e-24
2.318498265782367229e+09 2.444997044973334706e-25
9.923435714104768372e+10 1.046486484594442795e-23
2.726338156054398346e+10 2.875088945948242669e-24
1.278422635700269890e+10 1.348174209420602962e-24
2.151731905370115280e+09 2.269131803050748026e-25
1.588801805081183910e+09 1.675487868937848089e-25
1.719774533683961487e+10 1.813606555128810556e-24
3.756915862712737560e+09 3.961895645173766438e-25
1.675324387766848803e+09 1.766731180227764428e-25
1.321698516862735510e+09 1.393811250915279574e-25
1.521192199994025803e+10 1.604189439653004947e-24
8.331508564797077179e+09 8.786081111958452428e-25
1.198331223299566507e+09 1.263712957265479872e-25
7.067775991066189575e+10 7.453398463879817008e-24
2.717728628328590393e+10 2.866009676768322317e-24
9.583484164984960556e+09 1.010636531834113269e-24
1.015435692561988235e+09 1.070838526953447611e-25
6.289919468296984673e+09 6.633101581344878217e-25
2.399350919125726318e+10 2.530261071873979745e-24
7.217949798794033813e+10 7.611765852609811851e-24
4.699456699395851135e+09 4.955862125316575541e-25
1.511711612426599121e+10 1.594191585037768755e-24
1.188461612974416494e+09 1.253304854556855438e-25
9.328916084469402313e+09 9.837907837138298544e-25
1.047529271645004082e+10 1.104683152665993886e-24
8.509206105241505432e+10 8.973473946233032810e-24
5.221835260525015831e+09 5.506742001815961482e-25
9.213199268041058350e+10 9.715877435651000685e-24
1.316024922804723978e+09 1.387828101861020928e-25
2.199311166173839951e+10 2.319307019389703204e-24
1.872837522558097076e+10 1.975020760614861807e-24
5.553464969462158203e+09 5.856465644202671608e-25
4.513592811705386162e+09 4.759857382558187186e-25
2.126092651378502274e+10 2.242093654620793926e-24
3.948160738600856018e+10 4.163574966359264464e-24
1.698515676423186541e+09 1.791187800735408249e-25
1.930424890022254562e+10 2.035750132448204871e-24
2.551780783420621872e+10 2.691007609090363390e-24
2.120548710827316999e+09 2.236247233053348177e-25
7.097923995352626801e+09 7.485191362964565669e-25
2.340019235516769409e+09 2.467692212868066256e-25
5.087545887478525162e+09 5.365125712894910545e-25
4.662357302783885002e+09 4.916738561402267262e-25
3.416297986591689301e+10 3.602693435332980327e-24
6.345913328190629959e+09 6.692150502794218254e-25
4.476215791772908211e+09 4.720441048013732217e-25
2.838107802501298904e+10 2.992956817282694786e-24
3.769438296356141663e+10 3.975101310972988552e-24
4.877091815227645874e+10 5.143189129050898442e-24
1.780328318844215631e+09 1.877464194344603396e-25
8.951936362633914948e+09 9.440359855539265588e-25
7.822865412596284485e+10 8.249686057266788542e-24
2.627357429993574619e+09 2.770707766846362115e-25
4.553218692102301788e+10 4.801645276862362232e-24
2.467487907441994095e+10 2.602115658761255729e-24
3.967400611659898376e+10 4.183864579454638660e-24
6.973434106775135994e+09 7.353909224783490031e-25
1.036911039748787117e+10 1.093485583104590166e-24
4.763552643002017021e+09 5.023455185455859841e-25
1.371132878690603256e+09 1.445942783801500502e-25
7.534773750490811157e+10 7.945875925974044549e-24
1.460195258860507727e+09 1.539864465584698481e-25
2.701729081724021149e+10 2.849137184454473698e-24
9.505807170081262589e+09 1.002445021587808923e-24
3.288706821489794254e+09 3.468140812955422082e-25
6.600595251864250183e+09 6.960728038512149762e-25
7.223225787215739441e+10 7.617329702404640880e-24
4.835097929440065384e+09 5.098904029435809701e-25
3.070928724484873772e+09 3.238480600784736121e-25
8.481744379830953598e+09 8.944513891153582421e-25
1.095491622200557709e+09 1.155262360383767205e-25
5.027361539716105652e+10 5.301657667822593791e-24
9.803534451749748230e+09 1.033842169242855854e-24
4.494575501837985039e+09 4.739802475847507341e-25
8.441879444536988258e+09 8.902473898961089175e-25
4.095298102337438202e+10 4.318740240731257137e-24
9.089439946361529541e+10 9.585365724574847695e-24
8.370883019531350708e+10 8.827603862651667829e-24
3.401864611109961700e+10 3.587472565461031054e-24
1.491919782102044821e+09 1.573319899528088402e-25
3.085317609357419205e+10 3.253654552610817264e-24
5.577828651591679573e+09 5.882158624736882852e-25
5.056321584332429504e+10 5.332197791381976753e-24
9.953270724226391602e+10 1.049632767369836649e-23
5.830576882540861511e+10 6.148696964192771204e-24
1.201021473041926384e+10 1.266549988790319322e-24
1.205676914618636703e+10 1.271459434299117971e-24
6.946136056942263603e+09 7.325121775528105223e-25
8.624899202074714661e+09 9.095479333968596650e-25
3.781254163520757675e+09 3.987561859565003239e-25
5.862013956148418427e+09 6.181849265062467413e-25
5.219021118951785088e+09 5.503774318841066828e-25
2.129755662182274580e+09 2.245956521685698376e-25
1.068383611886315155e+10 1.126675319327230580e-24
2.707339752528795719e+09 2.855053977121714602e-25
3.452222572764699936e+09 3.640578090383719134e-25
8.263025077286715698e+10 8.713861120654814151e-24
3.025831757639487267e+09 3.190923113983242344e-25
7.077112758783658981e+09 7.463244651740178811e-25
8.949482223524940491e+10 9.437771816998132146e-24
5.043257743785011292e+09 5.318421179164558137e-25
1.149463495099441051e+09 1.212178973907701311e-25
2.387054081080171967e+10 2.517293310315723624e-24
1.878877047915775061e+09 1.981389806419423222e-25
4.787271387586923218e+10 5.048468040231924919e-24
2.933957223588061523e+10 3.094035845366616449e-24
6.328986631552472687e+10 6.674300274535587191e-24
1.307148665104505062e+09 1.378467549745130619e-25
5.092261342391235352e+09 5.370098446106505269e-25
6.059791596808921814e+10 6.390417782931749000e-24
2.848058129173284912e+10 3.003450040274740052e-24
8.586126165516112328e+09 9.054590815219399063e-25
1.023914442028131485e+10 1.079779882526467333e-24
3.131677439403004456e+10 3.302543805253269817e-24
1.262301448718507576e+10 1.331173439951159165e-24
2.504363864108432770e+09 2.641003591700719158e-25
2.594746964653984070e+09 2.736318053225593334e-25
3.037975164977972031e+09 3.203729073554872407e-25
1.584336905636960602e+10 1.670779361664695099e-24
2.555714932577791691e+09 2.695156407994260288e-25
3.208147160434172821e+10 3.383185764193036676e-24
3.548419810419589233e+10 3.742023912134823196e-24
3.467923698293312550e+09 3.657135879572859911e-25
6.961620944813986778e+09 7.341451528992609396e-25
2.900746122561836720e+09 3.059012724983979342e-25
1.294519354072809982e+10 1.365149175257529334e-24
3.292931014478046894e+09 3.472595480671203360e-25
5.001543691037960052e+09 5.274431180463401027e-25
1.243835748690763855e+10 1.311700239273149471e-24
1.428700423887366295e+10 1.506651251851597670e-24
4.389519892500521660e+09 4.629014963870959366e-25
6.022875210479033661e+10 6.351487214460000475e-24
1.408731800382620096e+09 1.485593127210380963e-25
6.362804840891577911e+10 6.709963627457052556e-24
3.834518059386680603e+10 4.043731868366801548e-24
5.018286804831986427e+09 5.292087809478058317e-25
9.338705675410325623e+10 9.848231554552845281e-24
2.732985623376096249e+09 2.882099103427322433e-25
3.290855658675494003e+10 3.470406892101007547e-24
2.776752212309403229e+10 2.928253626029213941e-24
5.043240799160746002e+10 5.318403310030529403e-24
4.061267106892481327e+09 4.282852491955071386e-25
2.066787222133622408e+09 2.179552482434203642e-25
2.556404382380637646e+09 2.695883474628509960e-25
8.226113168356848145e+10 8.674935273872954493e-24
4.908343536046118164e+10 5.176145964162315978e-24
1.297574484666927528e+10 1.368370995771638862e-24
5.173352380691239929e+10 5.455613864402678452e-24
3.531817522740817070e+09 3.724515792800216941e-25
9.166974213325253296e+10 9.667130311768320856e-24
3.840322009090842724e+09 4.049852485356377569e-25
2.065412785427266121e+09 2.178103055563741896e-25
7.165437858643693542e+10 7.556388826718410923e-24
3.877756111524477959e+09 4.089329016860524169e-25
3.905085732638195992e+09 4.118149759946451685e-25
1.947326559342173386e+10 2.053573967881773061e-24
2.670760286891522217e+10 2.816478711955554428e-24
1.087986626148998260e+09 1.147347886847421003e-25
6.320180288270217133e+10 6.665013451413953825e-24
7.922354104254335403e+09 8.354602916900546066e-25
1.249120943129135132e+10 1.317273797370923948e-24
5.664829437686126709e+10 5.973906230525796553e-24
3.022008115950152874e+09 3.186890851906779323e-25
1.011295105825540924e+10 1.066472027101159211e-24
4.720715722295249939e+09 4.978281054385953679e-25
1.713047042669542551e+09 1.806512007812085357e-25
4.288439481585244656e+09 4.522419539738025862e-25
2.930759856906559372e+10 3.090664028271324655e-24
7.694244168181920052e+09 8.114047153776906468e-25
2.654490796466816425e+09 2.799321547510488841e-25
3.966682407280835629e+09 4.183107189375719090e-25
6.203040334072537422e+09 6.541482264831421096e-25
2.049683558727384949e+10 2.161515631985079827e-24
5.917584756628659248e+09 6.240452044700579989e-25
2.542635596030283737e+10 2.681363454304869519e-24
1.123604725786906004e+09 1.184909333257588265e-25
3.614891299625325012e+10 3.812122129192647038e-24
5.652098969933445930e+09 5.960481180140464751e-25
2.321500453342067242e+09 2.448163033846501073e-25
6.773890184526808739e+09 7.143478055849699784e-25
1.731535366959548187e+10 1.826009067146878000e-24
8.278547135195465088e+10 8.730230072177834604e-24
4.102382501673307037e+10 4.326211169520485769e-24
3.125238035537312984e+09 3.295753063308206332e-25
2.287110538826279163e+09 2.411896783140631639e-25
9.171475575949942017e+10 9.671877271676873220e-24
3.419509753199002266e+09 3.606080438023437012e-25
4.707583258900957489e+10 4.964432075214330391e-24
9.516505312108435059e+10 1.003573205551936929e-23
4.591910178637077332e+10 4.842447796165187024e-24
7.174494409769303894e+10 7.565939509186699359e-24
2.829048605231870174e+09 2.983403344295252548e-25
3.733663080267230034e+09 3.937374175735665146e-25
5.517730661719736099e+09 5.818781649297932379e-25
1.986102037415016174e+10 2.094465061355822842e-24
2.483584724193523788e+10 2.619090728344793538e-24
8.471058037274969482e+10 8.933244494770343290e-24
1.425925028664332390e+09 1.503724429253064765e-25
5.198975747731707573e+09 5.482635259079059386e-25
6.900047888517880249e+10 7.276519006542282202e-24
1.128815568202827835e+10 1.190404482638021970e-24
2.472033447053518772e+09 2.606909205981890100e-25
4.736452908680865288e+09 4.994876871936000919e-25
7.701882662434712410e+09 8.122102409263509227e-25
3.898874767673559570e+10 4.111599920678038417e-24
1.305311184607895088e+10 1.376529815112885168e-24
6.666349087392205811e+10 7.030069446238958636e-24
4.909525776420741272e+10 5.177392708343694820e-24
5.860071492607681274e+10 6.179800819442660978e-24
3.553679131175985813e+09 3.747570184865640939e-25
1.128497774776933479e+10 1.190069350195315032e-24
1.041732196455574036e+10 1.098569785269162184e-24
3.570770987389678001e+09 3.765594583914084928e-25
4.241638187212615013e+09 4.473064736186601673e-25
1.805805242319093323e+10 1.904331155398839245e-24
1.237102668829931450e+10 1.304599798178901199e-24
1.043316590705715299e+09 1.100240625104084731e-25
5.016198355996401215e+10 5.289885413510399347e-24
9.478114585897932053e+09 9.995246706220482952e-25
2.659765385894542694e+09 2.804883921981313027e-25
1.043649891536145973e+10 1.100592111045444843e-24
8.130375431685885620e+10 8.573974023779480941e-24
1.811563833185136414e+10 1.910403938742472280e-24
5.169100041748331070e+09 5.451129515070577916e-25
1.187345585820132971e+09 1.252127936232350068e-25
1.736840694860452652e+10 1.831603857202046970e-24
5.983587240698720551e+10 6.310055667396301486e-24
5.827239331164657593e+10 6.145177313834304293e-24
4.595343579119623566e+10 4.846068525219820966e-24
3.106599400845402718e+09 3.276097492537839322e-25
1.029480039075541687e+10 1.085649142182712157e-24
1.965309383403342819e+10 2.072537946565189373e-24
7.856365927475737000e+10 8.285014382111450892e-24
3.821511709048683929e+10 4.030015883062168038e-24
4.371244005243758392e+10 4.609741932272648527e-24
2.138811032197872925e+10 2.255505958601842618e-24
2.264680612202956676e+09 2.388243065075638099e-25
1.025638988985254765e+09 1.081598521891574242e-25
3.536228867884156036e+10 3.729167823814862814e-24
1.099460920260123014e+09 1.159448225937123966e-25
4.543160859506941986e+10 4.791038682353569851e-24
5.857936567835279465e+09 6.177549411780726868e-25
8.572193913636108398e+10 9.039898410580079392e-24
7.213948968079136658e+10 7.607546733958859038e-24
6.711973025744999886e+09 7.078182656457377306e-25
6.250807406722895622e+09 6.591855540153989716e-25
1.482964660583650112e+09 1.563876180732610379e-25
9.976411953793534851e+10 1.052073150386022411e-23
1.234309031811923027e+09 1.301653738501149311e-25
6.962620512309362793e+10 7.342505633543178208e-24
3.025182627436134338e+10 3.190238566812159894e-24
1.560495847305883789e+10 1.645637519624606367e-24
1.251635898069063568e+10 1.319925969894456617e-24
4.049497857140165710e+10 4.270441104251809161e-24
5.203346580905972290e+10 5.487244567765146605e-24
8.157085518426111221e+09 8.602141430291987166e-25
3.816454832883488464e+10 4.024683100431628830e-24
2.997431547761865997e+10 3.160973370111437222e-24
1.145460383545640945e+09 1.207957449973786688e-25
1.628250314325451660e+10 1.717088714603476051e-24
1.111747222875194359e+10 1.172404877244931027e-24
2.361042182875862503e+10 2.489862185961519291e-24
3.364029341756447983e+10 3.547572979107924422e-24
2.034398873763364410e+10 2.145397004629640444e-24
7.766121288645764160e+10 8.189845936863762922e-24
3.331596110550591946e+09 3.513370169630947738e-25
2.994386438421586990e+09 3.157762117617318733e-25
9.299668964618000793e+10 9.807064975331572576e-24
1.680697399960475922e+10 1.772397347474859997e-24
5.935303045459642792e+10 6.259137054938929565e-24
1.260309666081668377e+09 1.329072984353165668e-25
6.777036126382858276e+09 7.146795642347485771e-25
3.641357305934781647e+10 3.840032138086715322e-24
1.437698008333045721e+09 1.516139750379398178e-25
4.986114171607270813e+10 5.258159816378224777e-24
2.111209618523563766e+10 2.226398593775757542e-24
8.262824246919859314e+10 8.713649332852014942e-24
3.232861443969981003e+10 3.409248475175179068e-24
1.635682877993209457e+10 1.724926803797867268e-24
9.949230475149908447e+10 1.049206698599428291e-23
4.877509128315558434e+09 5.143629211013362555e-25
5.957415468470028877e+09 6.282455946186557935e-25
7.932214893415716553e+10 8.365001717156946863e-24
9.653366257216700745e+10 1.018006022315293435e-23
2.666870084315386295e+09 2.812376257386846468e-25
7.825774787242323303e+10 8.252754169293123923e-24
1.501040353196779013e+09 1.582938094936817582e-25
1.296440527868179560e+09 1.367175169549560396e-25
1.782420187445616961e+09 1.879670196662734469e-25
7.924475927345840454e+09 8.356840508045318144e-25
2.953725985252175140e+10 3.114883203574680310e-24
5.094819706566333771e+09 5.372796396301422522e-25
2.625630550552663040e+10 2.768886667735628098e-24
2.508942381982681656e+10 2.645831916499624742e-24
9.239756935702336121e+10 9.743884107000094570e-24
1.558691505520880699e+09 1.643734731773710228e-25
3.252508453395734310e+09 3.429967438263262337e-25
4.730550572165529251e+09 4.988652500086593252e-25
1.475033311117270708e+09 1.555512091660754046e-25
5.091092845721425056e+09 5.368866195495447163e-25
6.590130886405052185e+10 6.949692730441032185e-24
8.942929700364376831e+10 9.430861783895609329e-24
3.975710996923641968e+10 4.192628384764445912e-24
6.111230689327162933e+10 6.444663425923752737e-24
2.038850986119150639e+09 2.150092027142462426e-25
1.303551473757146358e+09 1.374674093289156952e-25
8.073544374909217834e+10 8.514042227438553290e-24
1.556530576814071894e+09 1.641455901385729515e-25
9.742229649969013214e+09 1.027377206063511169e-24
3.039943419056715488e+09 3.205804716861278134e-25
7.212303807343908691e+10 7.605811812179748263e-24
5.809750155010945892e+10 6.126733916810492556e-24
1.663985604067692184e+10 1.754773745086584911e-24
2.412851744883180237e+10 2.544498511499812631e-24
1.377938301678466082e+09 1.453119515111024836e-25
1.060712195387295723e+10 1.118585345335150407e-24
7.228783567298559570e+10 7.623190718597602712e-24
4.121241096844527245e+09 4.346098701957531725e-25
4.574875395593258667e+10 4.824483584236029736e-24
5.630675569891919708e+10 5.937888905404758662e-24
2.895133438220283127e+10 3.053093808920078168e-24
6.378478462351828003e+10 6.726492411937903399e-24
3.579340612444322968e+10 3.774631773307050135e-24
1.904945075649216080e+10 2.008880122766517091e-24
1.287834942310526848e+10 1.358100057625063782e-24
4.634255097084108353e+09 4.887103081010824912e-25
1.500832013989432716e+10 1.582718388606288216e-24
1.599870615538103104e+09 1.687160600920420838e-25
8.391194259973840714e+09 8.849023297634455457e-25
1.508671745392267990e+10 1.590985860873233550e-24
4.401196070324399948e+09 4.641328201580598765e-25
9.176968553977506638e+09 9.677669950172134048e-25
2.511618406189304829e+09 2.648653946334209299e-25
2.733270469427860260e+09 2.882399490865654362e-25
2.410414186972980118e+10 2.541927958838484952e-24
1.579519675501084900e+10 1.665699300307306979e-24
2.984627157659798622e+09 3.147470364125070502e-25
1.634393986846124172e+09 1.723567589908245402e-25
3.578472135171981812e+10 3.773715911347677261e-24
2.597042246062110901e+09 2.738738566685998394e-25
1.633417703927915382e+10 1.722538040356577613e-24
1.565594943003274727e+10 1.651014825312583766e-24
2.249419275394814968e+09 2.372149059766706923e-25
3.942393565621021748e+09 4.157493132656107612e-25
1.310440160505191803e+10 1.381938631283984711e-24
1.228311369094268799e+10 1.295328839389584616e-24
8.244722883314201355e+09 8.694560347029165709e-25
2.327790660610179138e+10 2.454796438930206831e-24
1.596774148102524281e+09 1.683895188199790008e-25
9.428703367577722549e+09 9.943139579566809123e-25
6.735090261335224915e+10 7.102561183515269836e-24
3.947952757670799255e+10 4.163355637853867385e-24
3.922879970123685360e+09 4.136914862647485222e-25
3.730789374066800690e+10 3.934343678248619790e-24
3.119475766979551697e+10 3.289676401615593399e-24
2.721793307609235001e+10 2.870296127604457307e-24
2.998071231504677296e+09 3.161647955416922897e-25
1.889558636710797882e+10 1.992654189673399025e-24
2.248872839727721214e+09 2.371572810212833855e-25
1.584950803520360708e+09 1.671426754217444018e-25
2.219453534994034195e+10 2.340548369004221648e-24
2.465308546230631351e+09 2.599817390179237605e-25
3.061753800644363403e+09 3.228805087108932749e-25
1.610733285638170004e+09 1.698615945393676997e-25
8.251767168586053467e+10 8.701988973104852709e-24
3.853220302525040150e+09 4.063454518101987291e-25
6.175686539778954506e+09 6.512636029661152921e-25
3.379071164779128647e+10 3.563435493815933417e-24
3.535663815920468807e+09 3.728571942247098758e-25
1.356198365329383612e+09 1.430193433640147237e-25
2.647307266234567165e+09 2.791746079178447732e-25
6.520552592444513321e+09 6.876318199332466352e-25
5.784994692241458893e+10 6.100627779828795114e-24
2.821823729417990875e+10 2.975784274539652248e-24
8.611756121022510529e+09 9.081619157832713647e-25
1.255086097483172655e+09 1.323564414441327475e-25
1.751740210163824081e+10 1.847316299788664674e-24
3.081654907461643219e+10 3.249792011308131270e-24
1.026660148413344574e+10 1.082675396444803090e-24
1.244240252689671516e+09 1.312126813274349041e-25
9.920042839260324478e+09 1.046128685363317081e-24
1.075547623403661728e+10 1.134230203990539444e-24
6.589321424866740227e+09 6.948839104152670572e-25
5.611463278062379837e+09 5.917628378388776768e-25
1.484269370011364460e+09 1.565252075958580809e-25
1.858154434670219183e+09 1.959536553864838206e-25
1.419730587787715912e+10 1.497192015637703066e-24
1.180051115537170410e+09 1.244435474887993295e-25
1.219170365399030924e+09 1.285689096564327411e-25
3.304950189552025795e+09 3.485270429784861282e-25
2.627004420264522076e+09 2.770335496676002866e-25
7.808490650545018005e+10 8.234526998812335924e-24
9.066105357002376556e+09 9.560757984784477436e-25
8.013287660222054482e+09 8.450497867054827722e-25
1.008826621232675672e+09 1.063868860377167334e-25
1.614240730607985735e+09 1.702314758851151022e-25
1.660277240303267956e+09 1.750863050573883261e-25
6.238258095690482140e+09 6.578621530517865076e-25
3.185459707189123631e+09 3.359260468685689018e-25
4.179569545819241047e+09 4.407609589192519081e-25
8.055022741749521255e+09 8.494510041880390444e-25
5.106045408345921516e+09 5.384634579699666883e-25
1.229432029564047098e+09 1.296510643826303520e-25
8.075924740992750168e+09 8.516552467849808462e-25
1.571641172762364388e+10 1.657390941315075546e-24
3.561216653665686035e+10 3.755518959503830533e-24
5.739612472969564438e+09 6.052769477042153804e-25
2.269030292163385773e+10 2.392830066414731230e-24
4.195970781870782375e+09 4.424905687391840833e-25
4.359916401192073822e+09 4.597796286747806900e-25
1.326315602995564461e+09 1.398680248282135486e-25
2.396703700553681374e+09 2.527469419328203714e-25
1.137537703581927538e+09 1.199602503418322175e-25
5.533196820338209152e+09 5.835091651628900372e-25
2.101940627540418625e+09 2.216623880592598694e-25
3.653479360894703674e+10 3.852815580280066407e-24
8.608524024313390732e+09 9.078210715816821294e-25
1.313898218836491394e+10 1.385585363535699332e-24
2.977371071022277069e+10 3.139818380662911313e-24
3.052204261057209396e+10 3.218734518406752242e-24
1.976447038143660355e+10 2.084283279020212980e-24
2.972358467576329422e+10 3.134532286300089313e-24
1.350006833691143799e+10 1.423664087993107450e-24
5.114655221493082047e+09 5.393714149873715439e-25
2.387818586293956757e+09 2.518099527433138543e-25
3.237026855631797791e+09 3.413641154416973863e-25
8.597433440304527283e+09 9.066515022303093606e-25
9.620058097720423889e+10 1.014493474872674678e-23
5.311057725003298759e+09 5.600832502211926209e-25
2.153436962501736641e+09 2.270929889212748424e-25
7.735420729099506378e+09 8.157470334743440479e-25
6.518948141371923828e+10 6.874626208361767717e-24
5.353872681472649384e+10 5.645983470661282101e-24
7.957113502421471596e+09 8.391258810527027514e-25
1.290685217654966593e+09 1.361105845853317719e-25
2.804873748302056789e+09 2.957909491386934033e-25
2.996909258237856865e+09 3.160422584129981133e-25
9.636672555064407349e+10 1.016245570171144473e-23
7.645848052734716415e+09 8.063010514671778087e-25
8.577201275179670334e+09 9.045178977038898766e-25
1.125358483318913460e+09 1.186758776945617593e-25
1.416017308712675285e+10 1.493276137631828366e-24
2.898622105876222610e+09 3.056772820561170709e-25
1.156719433234494209e+09 1.219830800765000163e-25
3.657405218822264099e+10 3.856955635579452722e-24
1.618305804608954430e+09 1.706601625943808822e-25
3.243806665392674923e+09 3.420790875025124304e-25
8.007087237464634895e+09 8.443959145183340148e-25
6.567072212225213051e+09 6.925375959942312011e-25
1.910515223498998165e+09 2.014754181519882837e-25
3.215899841101696968e+09 3.391361436179714397e-25
1.041801066557155490e+09 1.098642412968453007e-25
2.124961795511868715e+09 2.240901098519710736e-25
1.081998064140014458e+10 1.141032584985133764e-24
1.792074582617360687e+10 1.889851341938662813e-24
1.710695103620367765e+09 1.804031745432743222e-25
7.776278515664266968e+10 8.200557348820321520e-24
7.554215397240032959e+10 7.966378321663878960e-24
7.563807369966407776e+10 7.976493638685061055e-24
1.174875026554427338e+10 1.238976975110743979e-24
2.026191895841596842e+09 2.136742248633904568e-25
2.047620435586343288e+09 2.159339943498394534e-25
3.261720350617889023e+10 3.439681942612553267e-24
8.109718479870822906e+09 8.552190015185910025e-25
1.135808494734117317e+10 1.197778947806728387e-24
4.776775716885984039e+10 5.037399718884636805e-24
3.330695174337676620e+10 3.512420077750010415e-24
2.960202216168596268e+09 3.121712781878406799e-25
7.958515811755887985e+09 8.392737630774334930e-25
6.855564240473255157e+10 7.229608301615772353e-24
1.195609415535130024e+09 1.260842645892274153e-25
5.386150701695572662e+10 5.680022600742755543e-24
1.406917826440813065e+09 1.483680181665916673e-25
4.707557702840246582e+10 4.964405124798260549e-24
3.123438551474029541e+10 3.293855398219498452e-24
1.058158804713651419e+09 1.115892639999174612e-25
3.898429705305592060e+09 4.111130575416681597e-25
2.396538299508549118e+10 2.527294993894054612e-24
9.156367693488496399e+10 9.655945093283988341e-24
3.450660560490081787e+10 3.638930853699518067e-24
8.680584375908628464e+09 9.154202727245237213e-25
7.504341100304520607e+09 7.913782850523294841e-25
2.008067360242266846e+10 2.117628826538278249e-24
7.806351412650871277e+10 8.232271042701918780e-24
1.142354096109120178e+10 1.204681681466550755e-24
3.040919908061735535e+10 3.206834483743988009e-24
3.636033853299161434e+09 3.834418234399470065e-25
3.929620933502946377e+09 4.144023617390075489e-25
1.606491562308852577e+10 1.694142790869976690e-24
8.607205037997659683e+09 9.076819764746502255e-25
4.135794580062379360e+09 4.361446232722110578e-25
5.938044466194374084e+09 6.262028049378895298e-25
2.670344855022192955e+09 2.816040613852187933e-25
1.030106384446728826e+09 1.086309661366309034e-25
2.957784231396659088e+10 3.119162870278545198e-24
1.808155786576237869e+10 1.906809946885387171e-24
1.094122038323790741e+10 1.153818051116445862e-24
1.407180142093690300e+10 1.483956809432087853e-24
1.961731707626787901e+09 2.068765070462304917e-25
2.541714371865476227e+10 2.680391967548138213e-24
8.885406915251812744e+10 9.370200518069130366e-24
2.014245037712619781e+09 2.124143562124985593e-25
2.568397469978361607e+09 2.708530912916174895e-25
6.633818458080911636e+09 6.995763924552316819e-25
9.894091614903784180e+10 1.043391971353148523e-23
2.151116364899073410e+10 2.268482678289703228e-24
4.505680038299022675e+10 4.751512883068310470e-24
3.152771409027437592e+10 3.324788675633231978e-24
3.225861717021275330e+10 3.401866838553841579e-24
1.984642911741411209e+10 2.092926324832763362e-24
5.327520805036242485e+09 5.618193818640655125e-25
4.809983158945249939e+10 5.072418980664688654e-24
3.061782452271171570e+09 3.228835301987206772e-25
1.573333270124897480e+09 1.659175360614524080e-25
2.477927079757660675e+10 2.613124399134481541e-24
1.468018659953483772e+10 1.548114716549416306e-24
5.261796852128441811e+09 5.548883923949268767e-25
1.577604253143557549e+09 1.663679371255322010e-25
2.543161111168214798e+10 2.681917641891849129e-24
9.574321067550666809e+09 1.009670227632798975e-24
4.903994383382428741e+10 5.171559518889616581e-24
6.195150025412832642e+10 6.533161455779448405e-24
2.953352378462875366e+10 3.114489212555018470e-24
2.269282531972856522e+09 2.393096068592900954e-25
1.227442774105981827e+10 1.294412853291607729e-24
1.673605809788428879e+10 1.764918835512736309e-24
1.494317993466109753e+09 1.575848958870033376e-25
1.958503911301290035e+09 2.065361163461772733e-25
9.266093639141202927e+09 9.771657758174527015e-25
4.551373603052459717e+10 4.799699518549251977e-24
3.018248063594735622e+09 3.182925648639811165e-25
1.134027066378932381e+10 1.195900323557342062e-24
2.606301987543544388e+10 2.748503525708593466e-24
2.151214586256569862e+09 2.268586258668596147e-25
6.223423621241900635e+10 6.562977677457541752e-24
1.555847063680999947e+10 1.640735095329833018e-24
2.235776502331526756e+09 2.357761928097352105e-25
5.486450433472896576e+09 5.785794751374242742e-25
1.418682544884513474e+10 1.496086790829406378e-24
1.015950492816934943e+09 1.071381415046431264e-25
4.348935595272204399e+09 4.586216360887285558e-25
5.063329610769598007e+09 5.339588180317285904e-25
4.446632510915711403e+09 4.689243684037246737e-25
1.800733999493348360e+09 1.898983222253370629e-25
3.995155372125800323e+10 4.213133657773389917e-24
2.583665257813707733e+10 2.724631721224567068e-24
5.381787972987382889e+09 5.675421838707704060e-25
3.131989299273134708e+09 3.302872680401536209e-25
8.130402311822342873e+09 8.574002370513734045e-25
1.391876707433726883e+10 1.467818409385052646e-24
4.165015059043141365e+09 4.392261000114900065e-25
9.082588122369520187e+09 9.578140060592094154e-25
1.629792615380238533e+09 1.718715164610821933e-25
4.136638940313564301e+10 4.362336661819905700e-24
1.179123227477181435e+09 1.243456960649608211e-25
1.224032576095282364e+10 1.290816592650834463e-24
9.722490232223204041e+10 1.025295564736869521e-23
5.505219797772042847e+10 5.805588184444573269e-24
7.152021258885686874e+09 7.542240208517548163e-25
9.502807939325647354e+09 1.002128734513416875e-24
1.892329402901767015e+09 1.995576130676855420e-25
7.648341134099890137e+10 8.065639620184034871e-24
4.782106633511186981e+10 5.043021493801609556e-24
1.565182476242782021e+10 1.650579854096327975e-24
1.088297240447580338e+09 1.147675448464942012e-25
4.469791825592287445e+10 4.713666586043916207e-24
1.439387542839681816e+10 1.517921466991858789e-24
4.451321291051978302e+10 4.694188287079178830e-24
4.445256581767182350e+09 4.687792683295992215e-25
4.802502643059096336e+09 5.064530322947556446e-25
1.574810465017835236e+10 1.660733152225320831e-24
2.269758825354014397e+09 2.393598348851919705e-25
9.673630696145774841e+09 1.020143030310117643e-24
2.706072786377764225e+09 2.853717884470246649e-25
9.790704375972576904e+10 1.032489159933988232e-23
1.403038024486848450e+10 1.479588695184116551e-24
5.462537937281902313e+10 5.760577573777955601e-24
4.782991498926454544e+09 5.043954638051686767e-25
3.205477087300420761e+09 3.380370010125744327e-25
9.690740360666906357e+09 1.021947348208993930e-24
9.520225515351278687e+10 1.003965523548016248e-23
8.677820071819398499e+10 9.151287600920009937e-24
2.785811244506721497e+10 2.937806924938103771e-24
3.922069177853661060e+09 4.136059833021820399e-25
4.124694942127273083e+09 4.349740991294013021e-25
8.221167314190287590e+09 8.669719570673785385e-25
5.007656701436597824e+09 5.280877720700737358e-25
5.168024233828283691e+10 5.449995010367988682e-24
1.967479663622140503e+10 2.074826638689759032e-24
1.190051553537895012e+10 1.254981543315592464e-24
3.531434114296435833e+09 3.724111465340772803e-25
1.934700745804598093e+09 2.040259281713854348e-25
1.891465086822052383e+10 1.994664656947496203e-24
9.214448200853254700e+10 9.717194511052893695e-24
3.038881102556439590e+10 3.204684439679132054e-24
1.008133199685917091e+10 1.063137605298064064e-24
6.719136891492093086e+09 7.085737387397112867e-25
7.704371558910204887e+09 8.124727101555771978e-25
8.162655090163488770e+10 8.608014881499879137e-24
3.356064095948142529e+09 3.539173144287594318e-25
4.602811532136369324e+10 4.853943934629187723e-24
4.204996943722174644e+09 4.434424322527269024e-25
4.900891914203299713e+10 5.168287776966389278e-24
2.492309351170770645e+10 2.628291376666462355e-24
3.249754538138956070e+10 3.427063267591969106e-24
6.032669056660838127e+09 6.361815419284150058e-25
4.198071473632022858e+10 4.427120994267172793e-24
9.597723749883963013e+10 1.012138182428963179e-23
5.057114501890850067e+09 5.333033971040101999e-25
8.521845980518368530e+10 8.986803461357915411e-24
1.817589504037236023e+10 1.916758374130585239e-24
7.782160516211965942e+10 8.206760275158420352e-24
8.323119647448162842e+10 8.777234489801631847e-24
4.648900934179401398e+10 4.902548004540698044e-24
3.648209520250897217e+10 3.847258213689912989e-24
1.414664109353644848e+09 1.491849106832228867e-25
1.763293347757835627e+09 1.859499784113159728e-25
9.407211617533256531e+09 9.920475225607375549e-25
4.808946115349979401e+09 5.071325355293746641e-25
5.773750424943120956e+09 6.088770017964974588e-25
2.266669897084315109e+10 2.390340886638981056e-24
3.750147000384913635e+10 3.954757469297763972e-24
2.372717189443626404e+09 2.502174188510545912e-25
6.002847620935663223e+09 6.330366906554592269e-25
1.199781521992884159e+09 1.265242385202443985e-25
7.525304992142817497e+09 7.935890545988178217e-25
1.059104231829255676e+10 1.116889650235501181e-24
3.042834251329165936e+09 3.208853274830015551e-25
4.357645846215780640e+10 4.595401848809500703e-24
2.900329280303612900e+10 3.058573139539979431e-24
7.142965289976778030e+09 7.532690140032083617e-25
1.146864054978274536e+10 1.209437706636279558e-24
3.753543823280313110e+10 3.958339625068214049e-24
7.314030943859998703e+09 7.713089247684539330e-25
5.268009840781099701e+10 5.555435897319443085e-24
1.559718305251246071e+10 1.644817554367789547e-24
1.256700721023602247e+09 1.325267132896354049e-25
6.232370081716943741e+09 6.572412262657487736e-25
4.585226788036009979e+10 4.835399755409160341e-24
2.874721414775291920e+09 3.031568092148369277e-25
1.200059502642503023e+09 1.265535532657807104e-25
1.546476390787768173e+10 1.630853152405182168e-24
1.807812222880133057e+10 1.906447638129700839e-24
4.354456055796253204e+09 4.592038021341983632e-25
7.530836387117263794e+10 7.941723737484027145e-24
1.866872710128549337e+09 1.968730504124571407e-25
4.763688873608403015e+10 5.023598848893078829e-24
1.368762138146399307e+10 1.443442694105284362e-24
9.114249993126567078e+10 9.611529423690532530e-24
4.372678563008932114e+09 4.611254760446151620e-25
9.585372047044933319e+09 1.010835620447894542e-24
1.972372249617515564e+10 2.079986167371542873e-24
8.241236416882750511e+09 8.690883656712805782e-25
2.974111575091423035e+09 3.136381044505857519e-25
3.984755759414322662e+10 4.202166635402187181e-24
3.186620996623664856e+09 3.360485118830015730e-25
2.601473620261040497e+10 2.743411719554585298e-24
2.522784481536156464e+10 2.660429250042616076e-24
8.079627200630047798e+09 8.520456936102351852e-25
4.002084372296829987e+10 4.220440708717881574e-24
1.660186542665759277e+10 1.750767404414053098e-24
8.809403451592166901e+09 9.290050255807508232e-25
2.539826142699464321e+09 2.678400715365952906e-25
5.043836835088139534e+09 5.319031866067289551e-25
2.045221857700605392e+09 2.156810497637114659e-25
1.236347094366198158e+10 1.303802999079091589e-24
6.662279872111224174e+09 7.025778211915346273e-25
4.956043656671866417e+09 5.226448634514096964e-25
1.435274705372847366e+10 1.513584230427451652e-24
6.413173779065505028e+09 6.763080727784984093e-25
8.168540482720977783e+10 8.614221384918036552e-24
1.285661261344292641e+09 1.355807779206056979e-25
1.112018758121585083e+10 1.172691227631657469e-24
3.175744044518834114e+09 3.349014713116490801e-25
1.078925080649621964e+10 1.137791937509071926e-24
1.365609580634595108e+10 1.440118130997246589e-24
5.307861789265792084e+10 5.597462194133869011e-24
5.062583258450392723e+09 5.338801106528231284e-25
6.851259526742351532e+10 7.225068719893047043e-24
1.055998456526231527e+09 1.113614421804099751e-25
3.731740161490655518e+10 3.935346341255114987e-24
1.605489357487290859e+09 1.693085905098984138e-25
3.843089744648481750e+10 4.052771230373170705e-24
1.266606325845268011e+09 1.335713193984725632e-25
7.035043050580695152e+09 7.418879592789217741e-25
1.326833830982508659e+09 1.399226751126412276e-25
6.584904393734667778e+09 6.944181076918033857e-25
1.912433198271541214e+10 2.016776802248313304e-24
3.845445582015164375e+09 4.055255603764768636e-25
2.245132039926897812e+10 2.367627909932408944e-24
1.551154268980940580e+09 1.635786258686886610e-25
6.324946933226220703e+10 6.670040167631026924e-24
9.330144546771588135e+10 9.839203325145787037e-24
8.361089156724084854e+09 8.817275640294960862e-25
8.567566869463403320e+10 9.035018911856189356e-24
4.676083062686068726e+10 4.931213207726631316e-24
4.470717693129432678e+09 4.714642969518412057e-25
4.945790989044960022e+10 5.215636574647223762e-24
8.569183522499731445e+10 9.036723770537736287e-24
6.564045073754624939e+10 6.922183658820268745e-24
1.305997293780169868e+10 1.377253358849578273e-24
1.687503312656340361e+09 1.779574595211174362e-25
4.204007101834459782e+09 4.433380474219866416e-25
2.851484348468369007e+09 3.007063196331634907e-25
1.390203660206265259e+10 1.466054079608483249e-24
1.161927518056609869e+09 1.225323042095509033e-25
1.198810339764944077e+10 1.264218214638036467e-24
1.972891603800212860e+09 2.080533857857548100e-25
4.130400665219895840e+09 4.355758022363988624e-25
1.873177164727232361e+10 1.975378933882506668e-24
6.679351927262689972e+10 7.043781729542679203e-24
8.462974931257183075e+09 8.924720369210549207e-25
7.672859806791131020e+09 8.091496047666210649e-25
1.689780979427861595e+10 1.781976532968899554e-24
1.164777504900888062e+10 1.228328526082844246e-24
2.418434040427304268e+09 2.550385380733655289e-25
3.236937428984872341e+09 3.413546848593803118e-25
1.902567218523995590e+10 2.006372528203978007e-24
4.990049671828785706e+10 5.262310040061419249e-24
1.068514685714663506e+10 1.126813544629235219e-24
2.634357510937862778e+10 2.778089776777511649e-24
7.051614847719163513e+10 7.436355557999732312e-24
2.505812732452459717e+10 2.642531511247601544e-24
2.727595237538019657e+09 2.876414614618392908e-25
1.897645014934437561e+10 2.001181765972734433e-24
4.485422713103680611e+09 4.730150304983757287e-25
2.585273802012191772e+09 2.726328028644782347e-25
2.135478991595568895e+09 2.251992119688697721e-25
4.650752030616502380e+10 4.904500098008037730e-24
8.898740088097723007e+09 9.384261157531100800e-25
2.681334602721966743e+09 2.827629969361963153e-25
1.544390881006381226e+10 1.628653855848437377e-24
1.767878573935352325e+10 1.864335183224739218e-24
5.578896778827930450e+09 5.883285029692552889e-25
2.384807634821300507e+09 2.514924296482202909e-25
7.201968267294131279e+09 7.594912358316502750e-25
9.855464733310903931e+10 1.039318532405836856e-23
4.093797219514361382e+09 4.317157468761385976e-25
3.000928886743533134e+09 3.164661526191450905e-25
1.313596484501376343e+10 1.385267166378249812e-24
3.599682164394310474e+09 3.796083173612975091e-25
1.834504330351538181e+09 1.934596084412740812e-25
2.571807384696828079e+10 2.712126874808106184e-24
2.525103711440481663e+09 2.662875018644809005e-25
4.286422318675215244e+09 4.520292319102564625e-25
5.609430426362711906e+09 5.915484612973071685e-25
4.400244701732126617e+10 4.640324925696756625e-24
1.729454869393840408e+10 1.823815056275572077e-24
2.732913026186230850e+10 2.882022545287377485e-24
6.838213979176785469e+09 7.211311398734515487e-25
1.155601594806872129e+09 1.218651972342900174e-25
3.080571230731926727e+10 3.248649208468479644e-24
3.600289083165679932e+09 3.796723206268783891e-25
4.068031740149580002e+09 4.289986208019487868e-25
4.444291400029644966e+09 4.686774840612661676e-25
4.905157027378649902e+10 5.172785597501393240e-24
2.584028185799793243e+10 2.725014450798538819e-24
5.273565039366011810e+10 5.561294191166286509e-24
3.267172002872540474e+09 3.445431040573748741e-25
3.883280004764253998e+10 4.095154297322160954e-24
1.465130255351865959e+10 1.545068718706817225e-24
7.677324565679211426e+10 8.096204406714385705e-24
3.847418380413210869e+09 4.057336039331505668e-25
3.423952518125516891e+10 3.610765603105143196e-24
5.693662596663258553e+09 6.004312545482665983e-25
7.365237044021706581e+09 7.767089186104910280e-25
7.420616378505177307e+10 7.825490053236456028e-24
1.386128517339723349e+09 1.461756594286372297e-25
7.997869618529783630e+10 8.434238606940972830e-24
1.904633243056038284e+10 2.008551276383451718e-24
1.029100059982060075e+09 1.085248431181791570e-25
3.369303404984297943e+10 3.553134798669063263e-24
1.222619942458566666e+09 1.289326884800553031e-25
2.917222448098974991e+10 3.076388009600260048e-24
2.574795276266093826e+10 2.715277787692265756e-24
9.792645877306382751e+10 1.032693903025411883e-23
1.860313726722237587e+09 1.961813658301074548e-25
5.474040700920026779e+09 5.772707935710640009e-25
4.257046075753332138e+09 4.489313289186324321e-25
3.574380937810381413e+09 3.769401495586775307e-25
1.097943495405740261e+09 1.157848009391918639e-25
5.504964093041512489e+09 5.805318528296988837e-25
2.209142231813372612e+09 2.329674474389496007e-25
4.936745065764874458e+09 5.206097099886650455e-25
8.980777183863760376e+10 9.470774250806358898e-24
3.513133010020729065e+10 3.704811840866500487e-24
8.424359079839486122e+09 8.883997611726173801e-25
1.477374659379979610e+09 1.557981185413405542e-25
1.249776943781749249e+09 1.317965589847465222e-25
2.249157937259201527e+09 2.371873462851779829e-25
1.055889653943725228e+09 1.113499682881651662e-25
3.931892620167421722e+10 4.146419248762209671e-24
3.886655532421612740e+09 4.098713995972478006e-25
1.312861486431174040e+09 1.384492066333437250e-25
1.090475572466478586e+09 1.149972631701082999e-25
4.439772657967590332e+10 4.682009553033293433e-24
5.263917616239563751e+10 5.551120398334996912e-24
2.801785228621564865e+10 2.954652460056096922e-24
1.005408087082632422e+09 1.060263808771844890e-25
8.106202227734525681e+09 8.548481914037200876e-25
1.449990115985721397e+10 1.529102523451451556e-24
2.350173266764106750e+09 2.478400254690098502e-25
1.058481660298095512e+10 1.116233110795107089e-24
3.839143884907600880e+09 4.048610081948469053e-25
7.466299943086070251e+10 7.873666142928910987e-24
1.382601919273768425e+10 1.458037582727328233e-24
8.753269316007173157e+10 9.230853405133510646e-24
3.707290857067361450e+10 3.909563066818877551e-24
5.903044453759931946e+10 6.225118413413580366e-24
1.286197586944122696e+10 1.356373367080795286e-24
2.084248315984861851e+09 2.197966264966784545e-25
1.273810278297899961e+09 1.343310198786827574e-25
1.213522879223323584e+09 1.279733479855477757e-25
1.217487930915641022e+10 1.283914867357017010e-24
1.519625779903871346e+10 1.602537554659973812e-24
7.334954236699451447e+09 7.735154129042693816e-25
4.883492916101000786e+09 5.149939478167354256e-25
9.330406823682664871e+09 9.839479912056380225e-25
2.417877218359278870e+10 2.549798178090034083e-24
5.223072821371225739e+10 5.508047084789977277e-24
1.513356949858996630e+09 1.595926693154763083e-25
4.299340061394443512e+10 4.533914862298895657e-24
1.671818605363559341e+10 1.763034120047531912e-24
3.108439278617222309e+09 3.278037755242194975e-25
2.917685325885869503e+09 3.076876142301433222e-25
1.242071962275054932e+09 1.309840219518975929e-25
3.679689649087722778e+10 3.880455918910298862e-24
7.543257290774665833e+10 7.954822333754919415e-24
5.055423048143845558e+09 5.331250230472264736e-25
1.228061573781040430e+09 1.295065415080968539e-25
6.031361534828947449e+10 6.360436558207394970e-24
1.918953160144550705e+10 2.023652497498172454e-24
7.954525212346682549e+09 8.388529301655792279e-25
8.707278825358787537e+10 9.182353643286920559e-24
1.764726740125513554e+09 1.861011383304318725e-25
3.019853804705549622e+10 3.184619000034062877e-24
6.807920289541545105e+10 7.179364865613211800e-24
1.006917147468819427e+10 1.061855204478008271e-24
2.190846355868351364e+10 2.310380363507044714e-24
1.232079338471434593e+09 1.299302391636177183e-25
3.895566120847705841e+10 4.108110751921061335e-24
7.248595473618608475e+09 7.644083575462200795e-25
4.319590055164150238e+10 4.555269708950443860e-24
6.829916509523566246e+09 7.202561213719375023e-25
3.506074335205776691e+09 3.697368040144845276e-25
6.462903087922197342e+09 6.815523300202500816e-25
4.603099812065890503e+10 4.854247943299889092e-24
1.317582996238601112e+10 1.389471184798758363e-24
6.579635857582358360e+09 6.938625085993285315e-25
3.380703582326746464e+09 3.565156977130798207e-25
2.217358930737083435e+09 2.338339481771388131e-25
3.277663455375609970e+10 3.456494913575537397e-24
5.871180545954589081e+10 6.191515989993575740e-24
1.115416303497291183e+10 1.176274145301410935e-24
3.427395946761998367e+10 3.614396907456338380e-24
5.596487508476496124e+10 5.901835521036205160e-24
4.827408804344328880e+09 5.090795380654413559e-25
1.335135262046312094e+09 1.407981113689284470e-25
1.941399219537319660e+09 2.047323228547046879e-25
2.095062668242098618e+10 2.209370655344157500e-24
4.213098551438533306e+09 4.442967959250389982e-25
1.065532028681648064e+10 1.123668151881041505e-24
3.816362519977354431e+10 4.024585750873062234e-24
1.437346971155967951e+09 1.515769560384737475e-25
4.774278197751441956e+09 5.034765933475417067e-25
5.498991589939389801e+10 5.799020161526006119e-24
6.967220627970873833e+09 7.347356734518720486e-25
7.392592743579954529e+10 7.795937430492327838e-24
4.446910671055743217e+09 4.689537020776136786e-25
4.028574727889444733e+10 4.248376395407894925e-24
1.425905548715077782e+10 1.503703886465059846e-24
8.366109674686166382e+10 8.822570080995085610e-24
8.991067785886718750e+10 9.481626314794700912e-24
8.144706502568788147e+10 8.589087007246897446e-24
1.235694204369851112e+09 1.303114486978254378e-25
2.151260780880064774e+10 2.268634973700910697e-24
1.675907020188776779e+10 1.767345601455049267e-24
4.994078218804779816e+10 5.266558387190770741e-24
6.221201634905771637e+10 6.560634458096118718e-24
3.583432311990164280e+09 3.778946718651692736e-25
6.845960553439149475e+10 7.219480631146580192e-24
1.983072017127137661e+09 2.091269721182655796e-25
5.752788280451514435e+10 6.066664165183158140e-24
2.914160178521111012e+09 3.073158660594789913e-25
3.338885671958326721e+10 3.521057454268638941e-24
5.989638575495751190e+10 6.316437166970937192e-24
9.760135027114309311e+09 1.029265436684835794e-24
2.019173803808065891e+09 2.129341244916723243e-25
5.547777854965479851e+09 5.850468237025784738e-25
6.128635878984431458e+10 6.463018254093037985e-24
3.127588091165603638e+10 3.298231339505991028e-24
2.343247302904572487e+09 2.471096405720239844e-25
2.152530980806224442e+10 2.269974476564389303e-24
1.637458748994203329e+09 1.726799567480189380e-25
1.755762815316537857e+10 1.851558380904977735e-24
1.626415679466246796e+10 1.715153980868470432e-24
7.040183747002454758e+09 7.424300768964247056e-25
1.465893497595564604e+09 1.545873603945673443e-25
4.855122463576569366e+10 5.120021115229358877e-24
1.038163631687437177e+09 1.094806517277263815e-25
8.463264963477571106e+10 8.925026225778251352e-24
1.088026080507060242e+10 1.147389493861019697e-24
1.995654334427381277e+09 2.104538537930134341e-25
6.487243565546973419e+10 6.841191810179037682e-24
9.118893612846627808e+10 9.616426402334463153e-24
5.050014452041017532e+09 5.325546537834648745e-25
2.315848224998620033e+09 2.442202416234143718e-25
9.891180299792869568e+09 1.043084955516724290e-24
6.552813787569165802e+10 6.910339586327322290e-24
1.023576033246503448e+10 1.079423009940757426e-24
1.980580262996043396e+10 2.088642015319235957e-24
7.645673628764842224e+10 8.062826574016221234e-24
2.899099654915186882e+09 3.057276424987505312e-25
6.044631896962982178e+09 6.374430959964039016e-25
1.315326464045980453e+09 1.387091534736357673e-25
4.894318342222954750e+09 5.161355546606734548e-25
4.086854417885324097e+10 4.309835863342326802e-24
3.923151717783464813e+10 4.137201437037013742e-24
3.192074816130235195e+09 3.366236502289810058e-25
2.807955388652433014e+10 2.961159268046912718e-24
6.236599223096023560e+09 6.576872148751529873e-25
2.383106335375289917e+09 2.513130173027594100e-25
6.000816984868964195e+09 6.328225477658236931e-25
6.728752111714691925e+10 7.095877220313092086e-24
1.369092428339231300e+10 1.443791005146692696e-24
1.209802666856115341e+10 1.275810290272487942e-24
3.968746486636515045e+10 4.185283886248737728e-24
5.656141939001792908e+10 5.964744736240944080e-24
2.312073366752906799e+10 2.438221599257837598e-24
4.539729438019651413e+09 4.787420040269465122e-25
1.446305019482110500e+09 1.525216365676505018e-25
2.323838065454324245e+09 2.450628187601892838e-25
4.686938852495918274e+09 4.942661296516544036e-25
2.054571759115969658e+09 2.166670535778503424e-25
6.259971311895055771e+09 6.601519433975703243e-25
2.422311308949088573e+09 2.554474195557560837e-25
8.926044724097059631e+10 9.413055552298491962e-24
1.376386291383172989e+10 1.451482826120671131e-24
9.209732092724758148e+09 9.712221088985630932e-25
1.084010958264997482e+09 1.143155303927848662e-25
3.936319355948555946e+09 4.151087510137897975e-25
4.645954419303302765e+10 4.899440725889100542e-24
3.697726311299252319e+10 3.899476673188711296e-24
4.893642621490008545e+10 5.160642958109402600e-24
8.390866010748384094e+10 8.848677138916935155e-24
9.976956448595758438e+09 1.052130570665437234e-24
6.418802077628595352e+09 6.769016109992543529e-25
3.495249349683500290e+09 3.685952436344549208e-25
2.487653125448926449e+09 2.623381104229059487e-25
2.303500933235922241e+10 2.429181448170994099e-24
2.767347603468282700e+10 2.918335895589199734e-24
2.104547924784955978e+09 2.219373433677172193e-25
5.115558347230691910e+09 5.394666550741244408e-25
7.584159632559498596e+10 7.997956334013771325e-24
5.896212836252662659e+10 6.217914058394568060e-24
3.020684964472198868e+10 3.185495508420267100e-24
1.003180869422407341e+10 1.057915072661867508e-24
2.493938552440101147e+09 2.630009468220797207e-25
5.048767297068807220e+10 5.324231337272853490e-24
7.705032931227134705e+10 8.125424558778141304e-24
9.413743241569149017e+09 9.927363219315339487e-25
1.388264599330259085e+09 1.464009222305017093e-25
1.585032983140686274e+09 1.671513417611511691e-25
1.137918285750309563e+10 1.200003850398303435e-24
9.709863035778631210e+09 1.023963950284146962e-24
6.302873336539980888e+09 6.646762221097141390e-25
2.024038157123045349e+10 2.134471000524635051e-24
5.213183453395466805e+09 5.497618146440426857e-25
1.006419608606268883e+10 1.061330519570260444e-24
2.068570349672671890e+10 2.181432898576035566e-24
3.681955444777439880e+10 3.882845337892245879e-24
6.605128056906002998e+09 6.965508156356570858e-25
8.144678638632386780e+10 8.589057623035931783e-24
3.491773398525985718e+09 3.682286835022338702e-25
1.994604487278178787e+10 2.103431410434997707e-24
1.199136150359266472e+10 1.264561801671115570e-24
1.213290140646215439e+09 1.279488042909641339e-25
2.388616527927555084e+09 2.518941005283263866e-25
6.959243076772225380e+09 7.338943922917915427e-25
1.127290647279354572e+09 1.188796361033302128e-25
1.665941888945125580e+10 1.756836766144242244e-24
2.340819196856798649e+09 2.468535820621123816e-25
7.122157255262120247e+09 7.510746805357268543e-25
4.086771804601454735e+09 4.309748742623749206e-25
9.034602561264499664e+09 9.527536375942120637e-25
8.173058222283316040e+10 8.618985615300648964e-24
6.082293375359082222e+09 6.414147273211622846e-25
1.063286173359199405e+09 1.121299761225820651e-25
1.849225046984020472e+09 1.950119972956243003e-25
8.586465661377333069e+10 9.054948834196473860e-24
1.616527550997256470e+10 1.704726349653986874e-24
2.208037442522429466e+09 2.328509407073492109e-25
3.163996400461846924e+10 3.336626109929401770e-24
3.510583302337211132e+09 3.702123019466996903e-25
5.366494135381010056e+09 5.659293559335769430e-25
8.287736789245450020e+09 8.739921119752958630e-25
5.568619046945373535e+10 5.872446538047876270e-24
4.082223841978812408e+10 4.304952640190928319e-24
2.454617538466787338e+10 2.588543074051351573e-24
2.105136498179420090e+10 2.219994120020333793e-24
1.326175893236743689e+09 1.398532915867653172e-25
1.771690711463343048e+10 1.868355313465304145e-24
4.217387486799894714e+10 4.447490901725428560e-24
1.879234713751871872e+10 1.981766986737067081e-24
1.697325377366019964e+09 1.789932558184504265e-25
1.969871219774268150e+09 2.077348679707058101e-25
2.009476642736763239e+09 2.119115000405833053e-25
9.766120768056285858e+09 1.029896669372437944e-24
2.100560560532629728e+09 2.215168516227781615e-25
2.082904234018095016e+10 2.196548849010323615e-24
1.078522226635452747e+09 1.137367103516855368e-25
8.271274383069127083e+09 8.722560513946907765e-25
4.359672746820883942e+10 4.597539338435036437e-24
8.031098583143023682e+10 8.469280565559595496e-24
2.049824474331902313e+10 2.161664236036987323e-24
4.103588859708909512e+09 4.327483347238173916e-25
4.451420372953349304e+10 4.694292774953781986e-24
3.533932657681390381e+10 3.726746330884176526e-24
1.187914013687693787e+10 1.252727377895506855e-24
9.131800755768074036e+09 9.630037767401124131e-25
6.313651873517931366e+10 6.658128842090205622e-24
4.098968886160456848e+10 4.322611304916413114e-24
5.918842410900990295e+10 6.241778317411165870e-24
2.341278046563028717e+10 2.469019705466921069e-24
3.871817766533300400e+09 4.083066671889322967e-25
9.069478953849842072e+09 9.564315647278652529e-25
2.387525009588986874e+09 2.517789932991461664e-25
4.572796731733852386e+10 4.822291507119238348e-24
2.072232532034496307e+09 2.185294891998658656e-25
6.078417520636151314e+09 6.410059949324359022e-25
3.666182670353923321e+09 3.866211990597713308e-25
4.501043396712864685e+10 4.746623263289823444e-24
1.610060051821689224e+10 1.697905979500596429e-24
8.628528597476650238e+09 9.099306751553391314e-25
1.483874484483125114e+10 1.564835645218089197e-24
1.097873753660548687e+09 1.157774462491573046e-25
5.704757143474235535e+10 6.016012418011577972e-24
3.458965076784724236e+09 3.647688469825438417e-25
4.381789852762748718e+09 4.620863168117942891e-25
1.199107662572982025e+10 1.264531759572610910e-24
1.390162494468020439e+09 1.466010667840681467e-25
9.734722195719102859e+09 1.026585499477950806e-24
4.879178020763370514e+09 5.145389159322792277e-25
2.831901122101407051e+09 2.986411496347676422e-25
5.912802848393502045e+10 6.235409232429876494e-24
1.029305692708319187e+09 1.085465283363858494e-25
1.601599170802611542e+10 1.688983467288781094e-24
5.118057019503170013e+10 5.397301552204358576e-24
3.289492518262200928e+10 3.468969377856733902e-24
4.703194504745240021e+10 4.959803867766340842e-24
1.099047504022341967e+09 1.159012253439478908e-25
1.696283601137760544e+10 1.788833941965027195e-24
2.573103009884131908e+09 2.713493190151577770e-25
1.119565546442801476e+09 1.180649773651180608e-25
3.014058917423776627e+09 3.178507939918558421e-25
2.520208710087593079e+09 2.657712942822028522e-25
2.287045487490377426e+09 2.411828182561369131e-25
5.856713935595378113e+10 6.176260071927526916e-24
4.276418147776654053e+10 4.509742314107785981e-24
3.079766932856767654e+10 3.247801027576104214e-24
1.749507969973200226e+10 1.844962267115750746e-24
1.062064559239755392e+09 1.120011495042395147e-25
3.307393707552840424e+10 3.487847267723238549e-24
2.923330784251223564e+09 3.082829620561272527e-25
7.491511125816296577e+09 7.900252864249957427e-25
4.447950185778633881e+10 4.690633252101035762e-24
7.375158991209500313e+09 7.777552481209576603e-25
5.805553679898195267e+09 6.122308479275599088e-25
4.013112291417041016e+10 4.232070318305716035e-24
4.368609947913330078e+09 4.606964159054425204e-25
4.048736676326713562e+10 4.269638392916179732e-24
5.056380902416947174e+10 5.332260345899916102e-24
5.914655148876545715e+10 6.237362595636692132e-24
1.790256228658720398e+10 1.887933777400787110e-24
6.278621253885375023e+09 6.621186928978063128e-25
1.341706999008541679e+10 1.414911408911037205e-24
1.066596013885220909e+10 1.124790188812025861e-24
2.347803459386540222e+10 2.475901149074700803e-24
1.945061393898438215e+09 2.051185213532440109e-25
6.120166907594165802e+10 6.454087210094100473e-24
4.889433622447269440e+10 5.156204313330722587e-24
2.236320601326586533e+10 2.358335713488839168e-24
7.535258714549417496e+09 7.946387349988335662e-25
1.637905909107583046e+10 1.727271124941318100e-24
1.868887131912403822e+09 1.970854834076223275e-25
9.431694554098524094e+09 9.946293967177211342e-25
3.204577891855938435e+09 3.379421753990702379e-25
2.967320634987783909e+09 3.129219586276176161e-25
3.582080946617050171e+10 3.777521621901478556e-24
1.213228084047362328e+10 1.279422600462236460e-24
3.248402285905635357e+09 3.425637235593876162e-25
2.898406250568543625e+10 3.056545188046966989e-24
2.842778052036192894e+09 2.997881878681543956e-25
1.480585409324089813e+10 1.561367115970851447e-24
6.480406984294322205e+10 6.833982220589452803e-24
9.103331184014684677e+09 9.600014877224320889e-25
2.343630127591519928e+10 2.471500117572063606e-24
1.347003735857793427e+10 1.420497139181166046e-24
7.765957901499819756e+09 8.189673635208455773e-25
2.328897601043065071e+09 2.455963774755862132e-25
1.577992233563533211e+10 1.664088520140334352e-24
3.146022650566016006e+10 3.317671700503709827e-24
4.157832749232864380e+10 4.384686818791850819e-24
2.681415328817599487e+10 2.827715099926081758e-24
3.385166790596971512e+09 3.569863700958395449e-25
2.246341809902062225e+10 2.368903685747309573e-24
7.329355189600695610e+09 7.729249594278461317e-25
5.248574662887648010e+10 5.534940323430373742e-24
8.388742467120999336e+09 8.846437733362721407e-25
6.017518678437974930e+09 6.345838426533358211e-25
5.397713724530952454e+09 5.692216509653842521e-25
1.776367428752318573e+10 1.873287195503120836e-24
6.491870947682608795e+10 6.846071665305334335e-24
6.477941241202806473e+09 6.831381944944914647e-25
3.459445316871987152e+10 3.648194912125423605e-24
4.498130134965560913e+10 4.743551052079439470e-24
1.153352456929228210e+10 1.216280120034129370e-24
2.494401147960645676e+09 2.630497303254983426e-25
2.645708930553230667e+10 2.790060537258741056e-24
4.121455373767435074e+09 4.346324669969260174e-25
5.273843803737303734e+09 5.561588165103688412e-25
1.827628581740638733e+09 1.927345190468269429e-25
3.817913456167144775e+09 4.026221307154015783e-25
6.067284120763681412e+09 6.398319103885550627e-25
1.354360587747446251e+10 1.428255385713404826e-24
7.687765892318012238e+09 8.107215418952023146e-25
3.165212280924077988e+10 3.337908329623533391e-24
6.337298734319208527e+10 6.683065891056472104e-24
1.449696228299035072e+10 1.528792601060692427e-24
1.726876202938711929e+10 1.821095696094971324e-24
1.172815230709794617e+10 1.236804795459932141e-24
7.687696209724208832e+09 8.107141934430404524e-25
3.170103731739511490e+09 3.343066661189216460e-25
4.589082234237842560e+09 4.839465557273089309e-25
2.314332292324132919e+09 2.440603773283143086e-25
5.310217539195085144e+10 5.599946475317437247e-24
6.035992700164746094e+10 6.365320402947727561e-24
1.315447369907128143e+10 1.387219037300232357e-24
4.470299363737777710e+09 4.714201815802009480e-25
2.932094611800228596e+09 3.092071608263489767e-25
7.886087283195559692e+10 8.316357354405219565e-24
1.958483901949340105e+09 2.065340062386515909e-25
7.636009708802906799e+10 8.052635384271328484e-24
1.155825298462141752e+09 1.218887881415663554e-25
5.200516746402004242e+09 5.484260335642967430e-25
5.414005132720294952e+09 5.709396787711093572e-25
3.492987250080038452e+10 3.683566915109736527e-24
1.231443248480464363e+10 1.298631596159979315e-24
4.572588638778514099e+10 4.822072060476387912e-24
1.290539873815998650e+10 1.360952571959596650e-24
1.416398722415158749e+09 1.493678361514954653e-25
2.448231942625849915e+10 2.581809075932005441e-24
1.864779451649874878e+10 1.966523036096555828e-24
3.853876580312281132e+09 4.064146602833801902e-25
2.114961013191005230e+09 2.230354666985641180e-25
3.149387250435518265e+10 3.321219875138929830e-24
2.297621687507010937e+09 2.422981426956395737e-25
2.120753261341679764e+10 2.236462943977330955e-24
1.201739950213365746e+10 1.267307666545345425e-24
1.620089157565097332e+09 1.708482279801637962e-25
1.252547543897570848e+09 1.320887355714605255e-25
4.644776084372633362e+10 4.898198100235246889e-24
3.286176941692524433e+09 3.465472901264586904e-25
2.952263514899290848e+10 3.113340939884456365e-24
2.619676373800436497e+09 2.762607627212158146e-25
8.038585855580516052e+10 8.477176348469919652e-24
1.320514844957443237e+09 1.392562997097983348e-25
7.510496864620429039e+09 7.920274477359543714e-25
8.093248981476301193e+09 8.534821930205604103e-25
4.415815028866681099e+09 4.656744780046057742e-25
1.865637530847409010e+09 1.967427932655370298e-25
2.201363704406144142e+09 2.321471545448119289e-25
5.955186968338433266e+09 6.280105857632734776e-25
2.795097762487337589e+09 2.947600121403159886e-25
2.856988731451634216e+10 3.012867902044426874e-24
4.424358068829881668e+09 4.665753933847631753e-25
1.393821244012559319e+10 1.469869041149266463e-24
2.625537843549397659e+10 2.768788902577733568e-24
1.903068675578965425e+09 2.006901345083281740e-25
3.847467093429900646e+09 4.057387410162192232e-25
7.396572482436325073e+10 7.800134306499180439e-24
3.719692173430611420e+10 3.922641007100059420e-24
1.958138481962876511e+10 2.064975796060056821e-24
1.468155591700930595e+10 1.548259119382410380e-24
1.416792881262222767e+09 1.494094025926071413e-25
3.136642835979295254e+09 3.307780117108803910e-25
1.447400779176932144e+10 1.526371910735727113e-24
2.081901383866804504e+10 2.195491282699990856e-24
3.953496872302245140e+09 4.169202242999506783e-25
2.941580284076914978e+10 3.102074825013042924e-24
8.411711637574052429e+10 8.870660116752883404e-24
1.520334478795251083e+10 1.603284920625595792e-24
6.260799373357280731e+10 6.602392675011970455e-24
1.781919996477737808e+10 1.879142714949059601e-24
5.911418258564620972e+10 6.233949098475895592e-24
1.373098497368645859e+10 1.448015647918022386e-24
1.048467025691446686e+10 1.105672071185495252e-24
5.904069631272898674e+09 6.226199525281020405e-25
2.040751853396163177e+10 2.152096606979236128e-24
7.932339242845546722e+09 8.365132851172858471e-25
2.625215593996457672e+10 2.768449070878779806e-24
5.432050040965959549e+09 5.728426237932647911e-25
7.105098298843046570e+10 7.492757101137718927e-24
1.263718744324026299e+10 1.332668064130305339e-24
2.248683524269472599e+09 2.371373165579573930e-25
2.391440590353292084e+10 2.521919150398855160e-24
1.320508446637582397e+10 1.392556249681613349e-24
5.362881459069500923e+09 5.655483773045890883e-25
2.133035152265317678e+09 2.249414942888939465e-25
2.990615269459841156e+10 3.153785191214722428e-24
3.107077676933874130e+09 3.276601863681977339e-25
2.739199290794253349e+09 2.888651792596884966e-25
1.815111871217847347e+09 1.914145560046857465e-25
1.674097691358655214e+09 1.765437554462596737e-25
4.466999935446318626e+09 4.710722368548683162e-25
1.892774175999995947e+09 1.996045170885727992e-25
8.294001356414816284e+10 8.746527485797390443e-24
7.159388387237586021e+09 7.550009292202522752e-25
8.885317910758586121e+10 9.370106657432640434e-24
2.604569555883517742e+09 2.746676571446044382e-25
7.356198668886186600e+09 7.757557671320598591e-25
9.034236158602590561e+09 9.527149982111743514e-25
2.031807515940655899e+10 2.142664260632157818e-24
2.281243020992531204e+10 2.405709129702814017e-24
1.427580838277186203e+10 1.505470580919518575e-24
8.028710546413226128e+09 8.466762235986607064e-25
1.733493434179200745e+10 1.828073967792509322e-24
2.536869393410478973e+10 2.675282643905219475e-24
1.585362909279413414e+10 1.671861344735785418e-24
4.596669878470313263e+10 4.847467188329060419e-24
4.122139286698656082e+09 4.347045897636554043e-25
1.272972995445647001e+09 1.342427233235471324e-25
2.715804250164214325e+10 2.863980303274819874e-24
1.748531653840189695e+09 1.843932682537059944e-25
9.930234118927841187e+09 1.047203417617350817e-24
7.363920796609131813e+09 7.765701123374092252e-25
8.406691242103254700e+10 8.865365805227246590e-24
1.756145746226279068e+10 1.851962204775180071e-24
1.138172818265103531e+10 1.200272270373295768e-24
1.331947406355943203e+09 1.404619326511012424e-25
7.666620816273228455e+10 8.084916653752046851e-24
7.023590833202134705e+10 7.406802534953022380e-24
2.184274259616191864e+09 2.303449689392269176e-25
2.408117798160786819e+10 2.539506277553324247e-24
1.025386042550166512e+10 1.081331774533832043e-24
3.898913361456322479e+10 4.111640620162787851e-24
5.762118098080031395e+09 6.076503023753176074e-25
1.041320582972826838e+09 1.098135713886042782e-25
2.318060913713782883e+10 2.444535830690329699e-24
8.742730560719885254e+10 9.219739648476711352e-24
4.194828585592815399e+09 4.423701172139177210e-25
1.855453806952362537e+09 1.956688578135382717e-25
1.345243446859092474e+09 1.418640807665355939e-25
3.373615554576036453e+09 3.557682221958045704e-25
1.832644022899856567e+10 1.932634277371850745e-24
1.211960694179884434e+09 1.278086060976076068e-25
1.166653306381845951e+09 1.230306672517364358e-25
3.923967712534677887e+10 4.138061952994638380e-24
1.641607036492915154e+10 1.731174188253359573e-24
5.699880908768405151e+10 6.010870132756372382e-24
1.419546249108238411e+10 1.496997619319513534e-24
7.091015015612919617e+10 7.477905424779201659e-24
2.606628174581827164e+09 2.748847509724661296e-25
1.937174284292142487e+10 2.042867778076318940e-24
3.935480549201582432e+09 4.150202937547129745e-25
3.033245519254471302e+09 3.198741375272584197e-25
1.411080237117637634e+09 1.488069696187018546e-25
1.221729109032990932e+09 1.288387446921628731e-25
1.186108273724958801e+10 1.250823115581388978e-24
7.163142979148789406e+09 7.553968737099875940e-25
4.718914438070856094e+09 4.976381490918169746e-25
3.312994387555010319e+09 3.493753524483161868e-25
4.969325325422493935e+09 5.240454959783717235e-25
1.169850615097013712e+09 1.233678428483640433e-25
5.743798351876954651e+10 6.057183740235804677e-24
3.492615418237179756e+09 3.683174795878752850e-25
2.300666827563036442e+09 2.426192711842131571e-25
6.098403933312947273e+09 6.431136833726467370e-25
3.651415686195184326e+10 3.850639310141512447e-24
2.541524316931805611e+09 2.680191543093194568e-25
1.404051063211637259e+09 1.480657005963170211e-25
1.200846918039348793e+10 1.266365909952829402e-24
3.716515436611465931e+09 3.919290945445884493e-25
2.988193241662094116e+09 3.151231015998923358e-25
6.244965965394942474e+10 6.585695385973149606e-24
5.333195620330562592e+09 5.624178255562673410e-25
1.919019528635564327e+09 2.023722487097389723e-25
1.197964810228394032e+09 1.263326552457903267e-25
2.693204438061833954e+10 2.840147430668108333e-24
1.972623152748086929e+10 2.080250759940739367e-24
2.095839274073123932e+10 2.210189633296390402e-24
6.336384169499605179e+09 6.682101426983166912e-25
7.553922843688162231e+10 7.966069806199201968e-24
3.107710749283472061e+10 3.277269476872318984e-24
2.861326081990558624e+09 3.017441901260727460e-25
1.814813706337037277e+10 1.913831127095470552e-24
3.952268925340006256e+10 4.167907298449248342e-24
2.474959428883065796e+10 2.609994831290509395e-24
3.484068526922232628e+09 3.674161580593166847e-25
5.953868029884123230e+10 6.278714957035187345e-24
1.338398941297190666e+10 1.411422861411034994e-24
2.885706781758167267e+09 3.043152827926471800e-25
3.379794596118820190e+09 3.564198396041866006e-25
5.747105022400050163e+09 6.060670824861654557e-25
2.454493677587417603e+10 2.588412455241531413e-24
1.264099353051080465e+09 1.333069439118017288e-25
5.140521431177148819e+09 5.420991636846888994e-25
1.360364459642150879e+10 1.434586832778773957e-24
5.888159274331098557e+09 6.209421088876176244e-25
3.223735106571607208e+10 3.399624198849518297e-24
2.589660583378814697e+09 2.730954155667015764e-25
3.691589353177738190e+10 3.893004878625102098e-24
2.419043316090857697e+10 2.551027898875224588e-24
4.014325377356951904e+10 4.233349591006565066e-24
4.389732648022602081e+09 4.629239327473238275e-25
8.762633063534294128e+09 9.240728044839553890e-25
2.028886498996217251e+09 2.139583871096020091e-25
6.089233509589664459e+09 6.421466065697225538e-25
7.124798773533616638e+10 7.513532446590376574e-24
1.509817667073528290e+10 1.592194304789626605e-24
4.601518023547709656e+10 4.852579851367364325e-24
7.239413031805810928e+09 7.634400133628633533e-25
3.801430993878995514e+10 4.008839550961582046e-24
2.606277367492067814e+09 2.748477562371033071e-25
2.901711488374784470e+09 3.060030761785994968e-25
1.611111087389732361e+10 1.699014360255481401e-24
3.204764217557442188e+09 3.379618245744137119e-25
2.655928494997367859e+09 2.800837687811579104e-25
7.849715389860778809e+10 8.278000986821905989e-24
2.176860162032572556e+10 2.295631073803623639e-24
4.432700316387950134e+10 4.674551339879346324e-24
8.063625873027013779e+09 8.503582565617599071e-25
4.124605359079767609e+10 4.349646520536944212e-24
3.196952310593707275e+10 3.371380116035856751e-24
5.629273914945854950e+10 5.936410775249658344e-24
3.206664632457678604e+10 3.381622348522162063e-24
1.738041898585970163e+09 1.832870599387126836e-25
3.492888328437017822e+10 3.683462596237284498e-24
5.050633056988184929e+09 5.326198894271637629e-25
4.518241095758629799e+09 4.764759280024365772e-25
3.020101446519158173e+10 3.184880153346713874e-24
4.438405683262571716e+10 4.680567995295834408e-24
7.720703101927936554e+09 8.141949704223854711e-25
1.013460412866166711e+09 1.068755474707708738e-25
1.837794253385911942e+09 1.938065507795949153e-25
3.547650598221502686e+10 3.741212731216969809e-24
1.793466581347596645e+09 1.891319289028493889e-25
6.130957071780596161e+10 6.465466092683731196e-24
5.125288667062761307e+09 5.404927763176539041e-25
1.529013747537673473e+09 1.612437735937532777e-25
9.997165766403921509e+10 1.054261765803735593e-23
9.066034620998779297e+10 9.560683389378338899e-24
4.892960104042658997e+10 5.159923202064491507e-24
1.561624108466792822e+09 1.646827339451126693e-25
9.257553667676956177e+09 9.762651840291213959e-25
5.122662376792691040e+10 5.402158180794558116e-24
1.835293135652655840e+09 1.935427927446119648e-25
3.865098423000506592e+10 4.075980716586139764e-24
8.595091064943666077e+10 9.064044845413142764e-24
8.616644521883616638e+10 9.086774273036570056e-24
6.552700960579661369e+09 6.910220603423602379e-25
8.509071253687946320e+09 8.973331737090662326e-25
4.888475088579613495e+10 5.155193481229394757e-24
3.076526942534464359e+09 3.244384261266339191e-25
7.576449641299715996e+09 7.989825680596794507e-25
2.926691258682431793e+10 3.086373444671591452e-24
4.011309070743713379e+10 4.230168712735080946e-24
3.929196363663181782e+09 4.143575882742639956e-25
6.392117134911226273e+09 6.740875219377198554e-25
1.334214076798139572e+09 1.407009667972505195e-25
3.633061297797049713e+10 3.831283494328301942e-24
9.199819135945822144e+10 9.701767274812400514e-24
1.844929420833089066e+10 1.945589974637786867e-24
1.348873944302759552e+10 1.422469387419999059e-24
2.522817905645680618e+10 2.660464497793379376e-24
1.737838325235190201e+10 1.832655918941409894e-24
1.008285331621443868e+09 1.063298037651324129e-25
4.927549372615830994e+10 5.196399683715279298e-24
9.642775609794876099e+09 1.016889174309285678e-24
1.808987603336393738e+10 1.907687148111092624e-24
3.948400758183691978e+09 4.163828081567254948e-25
4.704355206889487457e+10 4.961027898577431984e-24
3.803897010753514862e+10 4.011440115326903992e-24
3.836398826873778343e+09 4.045715251755998814e-25
1.726849944247877502e+10 1.821068004712820043e-24
2.189563160348568344e+10 2.309027156001869353e-24
1.364032612056347609e+09 1.438455121983724807e-25
1.684248950187280655e+09 1.776142672600941937e-25
1.977639064119931030e+10 2.085540342712054998e-24
5.051236178066384125e+10 5.326834922029657369e-24
8.959713618328994751e+09 9.448561443383048660e-25
1.918545036378239822e+10 2.023222106232696884e-24
1.831285706037019968e+09 1.931201849854096102e-25
1.018210717898717642e+09 1.073764959484437775e-25
1.534856388737854195e+10 1.618599155456413016e-24
9.356206985782923889e+10 9.866687747846448047e-24
3.873313948148964691e+10 4.084644486150834754e-24
2.144688209968907356e+09 2.261703799029431846e-25
4.959151350106982422e+10 5.229725885732129089e-24
4.570777817296685028e+10 4.820162439392176024e-24
2.890402733565361500e+09 3.048104993930379614e-25
2.894294788044707870e+10 3.052209401443346358e-24
2.316087966216551208e+10 2.442455237889458474e-24
1.407192766206366920e+10 1.483970122324594571e-24
4.122762093702355194e+10 4.347702685397022952e-24
9.613474135846057892e+09 1.013799156159366962e-24
7.316779605038012695e+10 7.715987877611101305e-24
1.301722398733915329e+09 1.372745222738406101e-25
2.542039200120283127e+10 2.680734518644616517e-24
3.588565374682913971e+10 3.784359844596473916e-24
3.882237495497742653e+09 4.094054908069386414e-25
6.860372501471872711e+10 7.234678904473918364e-24
1.087034883694153976e+10 1.146344216702822086e-24
1.950958717128936005e+10 2.057404298568914813e-24
2.037737848926012421e+10 2.148918156457269196e-24
1.690134601783689308e+10 1.782349449191351020e-24
4.668743680666051483e+10 4.923473384231522261e-24
4.978022063804960632e+10 5.249626197890666087e-24
1.300459243398763847e+10 1.371413148823420832e-24
7.871779163804237366e+10 8.301268574677751518e-24
2.017579228606935883e+10 2.127659668651478472e-24
1.223104682970525026e+09 1.289838073071343943e-25
1.541613323226040125e+09 1.625724752702058538e-25
2.056464110388587236e+09 2.168666134972121868e-25
6.742142986040910721e+09 7.109998709485811890e-25
4.817712197343889618e+10 5.080569720444854548e-24
3.156396765995736122e+09 3.328611834444814025e-25
1.338342696396492195e+10 1.411363547751830602e-24
3.524004481528974056e+09 3.716276466958511334e-25
6.973906524213689804e+09 7.354407417625945303e-25
1.113768908737674952e+09 1.174536867608081668e-25
1.167301326881238174e+10 1.230990049438313504e-24
1.146067000644062042e+09 1.208597164497174284e-25
5.392951256922911072e+10 5.687194198703562450e-24
3.717548672546504974e+09 3.920380555408166905e-25
2.075976169246669388e+10 2.189242784501449126e-24
1.838837134774658585e+10 1.939165289474190966e-24
1.255617712454812241e+10 1.324125034672925353e-24
5.217808863026808167e+10 5.502495921441308572e-24
1.840912624356092072e+10 1.941354019122330637e-24
1.968495049288308620e+09 2.075897424460845950e-25
5.753278917473314285e+09 6.067181571681218123e-25
1.834242904155170202e+09 1.934320394632406807e-25
7.753586552002669334e+09 8.176627296805154556e-25
4.281661220618864441e+10 4.515271452427610799e-24
4.927451331707155609e+10 5.196296293630613452e-24
1.665813709629630089e+10 1.756701593281601489e-24
3.939821435654738903e+09 4.154780665599452273e-25
2.661230763038625717e+10 2.806429251059161137e-24
1.499415432277332306e+10 1.581224517271051331e-24
4.437897571688983154e+10 4.680032160823031373e-24
2.948933450557052135e+09 3.109829185057416316e-25
2.521411509384219170e+09 2.658981367633618898e-25
7.305915183061773682e+10 7.704530685678165141e-24
8.428214249498442078e+10 8.888063121958866964e-24
5.075626641375919342e+09 5.352556144942550023e-25
8.561418949731680298e+10 9.028535557609762641e-24
1.446289748767354774e+10 1.525200261781581644e-24
1.978608381804579544e+10 2.086562547002471380e-24
1.275589979839003563e+10 1.345187002006028831e-24
5.918217836055364609e+09 6.241119665354161256e-25
1.241498359439957428e+10 1.309235320538674778e-24
4.401337095824141502e+09 4.641476921523685423e-25
5.109962523012026978e+10 5.388765414699544434e-24
2.189435827566944122e+09 2.308892875860540732e-25
1.988739078520109558e+10 2.097245981145405236e-24
1.669119032376294851e+09 1.760187256595458467e-25
1.024417499128047752e+10 1.080310386750214526e-24
3.560052506615657043e+10 3.754291295830648458e-24
2.834037008443710327e+10 2.988663918043393243e-24
5.341467978470753479e+10 5.632901958964238320e-24
4.351291913698173523e+10 4.588701241585079020e-24
9.918861845642303467e+09 1.046004142423224856e-24
3.263973688300750351e+10 3.442058223870656548e-24
1.061040662252587676e+09 1.118931733567077617e-25
1.056871424978662491e+09 1.114535019985279859e-25
4.973435909187068939e+09 5.244789819682397999e-25
8.029737752684611511e+10 8.467845487302850387e-24
1.225437768314835072e+09 1.292298453075373865e-25
1.246807919416707516e+09 1.314834573574510799e-25
3.196422070210816193e+10 3.370820945391466709e-24
1.576094913963337708e+10 1.662087681543941361e-24
1.476841875025217772e+09 1.557419331996378686e-25
7.183375322599348068e+09 7.575304970419338356e-25
5.806694775672494507e+10 6.123511833980396212e-24
1.849756592154851198e+09 1.950680519578654583e-25
7.052037249706451416e+10 7.436801006515244778e-24
8.346852300632356262e+10 8.802262012039242279e-24
2.183807786789010239e+10 2.302957765503063826e-24
1.031223208320487618e+09 1.087487419879824452e-25
4.420593250780587769e+10 4.661783704867416867e-24
3.609744161183823395e+10 3.806694159517072007e-24
1.086440685198155880e+09 1.145717598348914254e-25
1.628391842355959320e+10 1.717237964495735529e-24
7.056155971536144257e+09 7.441144448497189729e-25
3.804826030000040436e+10 4.012419822470101210e-24
8.258458316239335060e+09 8.709045194142927394e-25
9.177643517504583359e+09 9.678381740149950178e-25
9.730423709603689575e+10 1.026132198045504039e-23
7.544765891248049927e+10 7.956413244455135862e-24
3.325486413341495514e+10 3.506927123352937494e-24
7.303324913275616455e+10 7.701799089081217570e-24
3.492637281599972534e+10 3.683197852120894738e-24
7.856810234268807983e+10 8.285482930573252453e-24
3.858334872027431488e+09 4.068848141855869488e-25
3.097887262599459648e+09 3.266910014340808065e-25
2.655737616050607681e+09 2.800636394384853783e-25
3.813502356492619324e+10 4.021569535001122220e-24
7.761877674117928505e+09 8.185370787956518598e-25
1.351299095642239094e+09 1.425026856600007044e-25
4.070699062090409851e+10 4.292799060786975893e-24
1.138922724729012680e+10 1.201063092223509795e-24
7.161177582549803734e+09 7.551896107179189026e-25
2.659902362544038773e+09 2.805028372166241215e-25
3.330672573361985779e+10 3.512396243650329063e-24
3.014344710764574528e+09 3.178809326330632678e-25
5.275464910528129578e+09 5.563297720539486523e-25
1.328031389074347258e+09 1.400489648769659520e-25
7.553156123215643883e+09 7.965261252957090614e-25
3.291878109563345718e+10 3.471485128576886261e-24
1.404136818229466438e+09 1.480747439830763942e-25
3.733702517135786057e+09 3.937415764305518978e-25
5.021714458489357758e+10 5.295702478156983447e-24
3.859645683063572884e+09 4.070230471598006319e-25
2.079460564858898544e+10 2.192917291013337052e-24
3.297900096999596596e+09 3.477835679579576284e-25
9.874586380326301575e+10 1.041335026061996322e-23
2.946594002625646591e+10 3.107362095319384994e-24
6.204640923132678223e+10 6.543170183075750847e-24
8.320407414618133545e+09 8.774374275777506016e-25
6.862310453720473289e+09 7.236722592662543201e-25
9.547215318899599075e+09 1.006811762033244798e-24
7.077689235425236511e+10 7.463852581323717704e-24
6.637714450251258850e+10 6.999872484599275972e-24
5.618502563875746727e+09 5.925051732232260198e-25
3.217592286572423172e+10 3.393146222580366922e-24
2.075660979303263474e+10 2.188910397588934925e-24
1.479340507564685631e+10 1.560054291558624280e-24
1.598818764839043808e+10 1.686051360560439167e-24
4.780812138548174286e+10 5.041656370348204376e-24
7.821903316866819382e+09 8.248671468966145447e-25
1.066429417075048637e+10 1.124614502371115003e-24
8.589259314413259888e+10 9.057894910766092060e-24
5.793450596215824890e+10 6.109545043445089145e-24
5.632646151884225845e+09 5.939967003637211441e-25
1.423518813100027847e+10 1.501186928996488805e-24
1.992433418830457449e+09 2.101141887075219724e-25
6.189870414219947815e+10 6.527593785552679239e-24
1.222154118759260368e+10 1.288835645456063850e-24
1.489081952678681135e+09 1.570327236278490766e-25
3.890391043218825531e+10 4.102653318677802148e-24
8.844644553653623962e+10 9.327214135407302433e-24
1.025040869323601151e+10 1.080967768430652433e-24
8.178945231780824280e+10 8.625193823880129459e-24
3.150921139947234154e+09 3.322837454663922473e-25
2.503391897891077423e+10 2.639978594371922052e-24
3.961123016598498535e+10 4.177244474707878021e-24
1.438002096983681917e+09 1.516460430305360667e-25
1.689323566510936260e+09 1.781494163304569717e-25
5.795328364688839722e+10 6.111525264192037397e-24
3.550968402353374481e+09 3.744711556908559982e-25
1.080904769070782900e+09 1.139879639023083213e-25
2.542795344776279068e+10 2.681531919046750544e-24
3.588298118609925079e+10 3.784078006857643821e-24
6.016570596118260193e+10 6.344838616223250969e-24
6.217391441526055336e+09 6.556616378077827099e-25
3.875404641656540871e+09 4.086849249261254661e-25
2.462371136305807495e+10 2.596719713251001044e-24
3.220958417011887074e+09 3.396696011294444713e-25
8.852543741110925674e+09 9.335544307689865480e-25
2.534186837481645107e+09 2.672453725973395568e-25
1.257075310405348587e+10 1.325662160119347882e-24
2.718142466371912956e+09 2.866446094085494834e-25
8.835806845179183960e+10 9.317894235788118388e-24
6.702945499188758850e+09 7.068662582157912733e-25
4.217342677302834034e+09 4.447443647392950950e-25
1.869529955097380400e+09 1.971532730113888726e-25
9.086695221652353287e+09 9.582471245893434071e-25
7.381034834842424011e+10 7.783748914707608547e-24
9.041531228130513000e+10 9.534843075396255675e-24
1.499153998811534500e+10 1.580948819824662500e-24
4.278072192495556641e+10 4.511486604586522149e-24
3.108214684335426807e+09 3.277800906949741227e-25
1.517972012626568604e+10 1.600793556760232299e-24
1.425571218133060455e+10 1.503351314588194126e-24
1.834500584433575058e+10 1.934592134115047538e-24
3.551124840379162788e+09 3.744876530295178005e-25
4.413643887872103119e+10 4.654455180181219553e-24
3.442003428360434532e+09 3.629801382788402902e-25
3.038649109739527702e+09 3.204439789182654911e-25
6.019179276495010376e+10 6.347589627904634239e-24
1.422801022903111267e+10 1.500429975697764004e-24
2.111198730167708635e+09 2.226387111344097517e-25
1.552479177207967997e+09 1.637183454771848774e-25
3.396560768106102467e+09 3.581879341319859323e-25
1.603277072380911112e+09 1.690752916272739783e-25
4.294969341870039940e+09 4.529305673463480708e-25
2.894835918503715897e+10 3.052780056333516561e-24
3.228970547582508469e+10 3.405145288940334715e-24
4.443035893988690376e+09 4.685450833342359185e-25
1.228005722575855064e+10 1.295006516597561511e-24
3.407406532739014435e+10 3.593316857952634237e-24
1.765179288212292671e+09 1.861488622710193192e-25
5.732702859083271027e+09 6.045482870110751771e-25
1.868657281538436127e+10 1.970612442915776393e-24
4.388093605585116386e+09 4.627510857810188101e-25
4.832999611353020668e+09 5.096691225743888206e-25
1.341864240680242777e+09 1.415077229791013648e-25
7.390710333097888947e+09 7.793952314465285225e-25
6.914045085448825836e+09 7.291279899676927110e-25
7.005050813525430298e+10 7.387250959697479451e-24
1.357724882985452080e+10 1.431803239096235081e-24
2.587320266349959564e+10 2.728486149413010306e-24
2.862632649168475151e+09 3.018819755596964079e-25
8.018391084313605309e+09 8.455879737296977233e-25
1.990135768450340271e+10 2.098718875390165498e-24
3.641983254184541225e+09 3.840692238481680197e-25
4.630819067671423340e+10 4.883479579589907605e-24
4.809705932627117157e+10 5.072126628697629886e-24
1.158862857638838959e+10 1.222091171804345304e-24
8.994775549074787903e+10 9.485536375963210226e-24
2.343323746309162140e+10 2.471177019926895895e-24
1.361183346684708595e+10 1.435450398833047053e-24
4.183328441588253021e+10 4.411573572768972731e-24
6.149977402840017700e+10 6.485524185424640317e-24
5.428795780247211456e+10 5.724994422624290302e-24
4.455777222526805878e+10 4.698887337084670341e-24
1.732145849843975830e+10 1.826652858376080597e-24
2.656926221266040802e+10 2.801889850676912879e-24
4.952194194762273788e+09 5.222389143449299299e-25
1.243529198497932911e+09 1.311376963501642932e-25
2.451185312524752140e+09 2.584923583620926074e-25
3.957393291316753387e+10 4.173311253179523111e-24
2.231892938677047253e+09 2.353666474674201291e-25
5.834644037571957588e+09 6.152986025857918696e-25
3.980179213258271694e+09 4.197340389899712113e-25
2.846180603836063004e+10 3.001470075929232872e-24
2.135988922873323202e+09 2.252529873149914158e-25
5.085730444379137993e+09 5.363211218034669079e-25
2.349656313185254097e+09 2.477855095786450382e-25
2.370632383758780670e+10 2.499975634466309387e-24
1.580113346568730927e+10 1.666325362456027566e-24
3.843852299917454529e+10 4.053575391155511002e-24
1.763214273194371796e+10 1.859416395189883413e-24
3.844962195025830078e+10 4.054745842865680097e-24
7.858275690871865845e+10 8.287028343445408954e-24
3.930929956931025982e+09 4.145404061991087580e-25
1.679632907986361313e+10 1.771274776123602242e-24
5.999957903416851997e+09 6.327319524161180246e-25
5.896353305650799751e+09 6.218062191894783594e-25
1.152450213362138748e+09 1.215328649468920461e-25
1.438869004379550934e+09 1.517374636734775517e-25
6.233891793132439613e+09 6.574016999641378928e-25
4.971150923216213226e+09 5.242380163385043636e-25
3.828502309635673523e+10 4.037387895381534979e-24
5.001186546369173050e+09 5.274054549748295455e-25
1.863493587420192337e+10 1.965167014274926413e-24
1.432774759218672991e+09 1.510947885578823532e-25
8.113427735351980591e+10 8.556101650067992043e-24
3.950476241187525940e+10 4.166016804278917249e-24
1.891801869681163025e+10 1.995019814899294597e-24
3.818361738388042450e+10 4.026694047945581231e-24
5.617841099855598450e+10 5.924354178303285531e-24
2.024959845619420242e+10 2.135442976947167315e-24
1.185225593882530022e+10 1.249892276150431831e-24
6.113740708555673599e+09 6.447310393440229901e-25
1.708038485152470207e+10 1.801230180126659415e-24
3.696719576040141582e+09 3.898415009796539133e-25
2.165885224713120270e+10 2.284057336738190309e-24
2.989964739574224091e+10 3.153099167993797678e-24
4.235693023523386478e+09 4.466795200484731198e-25
3.980642012148527622e+09 4.197828439399593960e-25
8.312302886988197327e+10 8.765827559828416839e-24
4.294174615302615643e+09 4.528467586095639267e-25
1.815990132585548019e+10 1.915071739928220449e-24
2.351220187675907612e+09 2.479504296290409847e-25
6.560834142394992065e+10 6.918797536949150128e-24
1.159009426407235909e+10 1.222245737460444692e-24
7.079504856688555717e+09 7.465767264068632026e-25
6.614420533605394363e+09 6.975307636651989051e-25
1.030317012037988901e+09 1.086531780936472735e-25
1.101215247735553932e+10 1.161298270665062005e-24
3.500948135132720184e+10 3.691962151248769233e-24
1.031475335468084526e+10 1.087753303249214894e-24
1.624061775415659714e+10 1.712671646275956100e-24
5.743341905634800911e+09 6.056702389988653004e-25
1.285255785533997536e+10 1.355380180370806217e-24
2.422059883669134140e+10 2.554209052350169800e-24
2.417921024355402946e+09 2.549844374169908837e-25
4.756702510747719765e+09 5.016231305513132178e-25
2.831482897186623383e+10 2.985970452808471669e-24
3.485997989990436554e+09 3.676196316426170356e-25
6.794252599881505013e+09 7.164951457881317456e-25
6.563629994053342438e+10 6.921745932099466879e-24
2.822394801953420639e+10 2.976386505165483466e-24
4.345068509217779160e+09 4.582138284092806683e-25
7.764217473844169617e+09 8.187838248683541867e-25
4.345068864762003899e+09 4.582138659035756356e-25
1.914260105710180044e+09 2.018703386949641078e-25
9.499881698744233704e+10 1.001820144695601256e-23
7.112104985835140991e+10 7.500146077546955506e-24
4.643910308585734558e+10 4.897285087156126823e-24
5.532841423298474884e+10 5.834716863894629693e-24
1.622850206306372643e+09 1.711393973165000200e-25
1.301006846593815231e+10 1.371990629606338998e-24
2.960548412977536774e+10 3.122077867411284048e-24
1.044946995486817741e+10 1.101959985834579403e-24
3.400807521494652748e+09 3.586357800346108375e-25
1.482396799712223434e+10 1.563277337001267122e-24
5.995123102515150070e+09 6.322220933365509397e-25
8.805043107133367538e+09 9.285452008108051197e-25
4.395079419913527489e+09 4.634877822729583281e-25
4.069361562663047314e+09 4.291388586517566749e-25
2.030850645344709635e+09 2.141655182551729861e-25
1.079929986904194117e+09 1.138851672105023822e-25
1.164379958675851822e+09 1.227909289476201406e-25
2.039320417106573343e+09 2.150587070591062795e-25
4.176370037739876270e+09 4.404235513863299893e-25
1.295011964314441299e+10 1.365668662635582548e-24
1.172910194748654127e+09 1.236904940798756310e-25
6.819095589092195511e+09 7.191149896803999097e-25
1.435916077798794508e+09 1.514260596551727843e-25
3.398757859893975067e+10 3.584196307870218169e-24
1.423083931014853239e+09 1.500728319460800861e-25
6.315053196273559570e+10 6.659606621930341551e-24
9.711094619425003052e+10 1.024093828249572161e-23
1.226713098881444693e+09 1.293643366510395150e-25
1.736909804141020775e+09 1.831676737130086206e-25
3.180086899924607754e+09 3.353594517548770821e-25
7.785996157919038391e+10 8.210805191981423988e-24
1.551295448692636681e+10 1.635935141255832898e-24
1.340248238209801435e+09 1.413373057170653618e-25
8.517255989044954300e+09 8.981963036952783242e-25
8.024178191854402542e+09 8.461982593203758251e-25
2.736166911652295589e+09 2.885453964869020047e-25
9.963306246182923889e+10 1.050691074028530990e-23
5.001422867766519547e+09 5.274303764995381570e-25
1.166408234358476162e+09 1.230048229204385335e-25
1.644778853613609076e+09 1.734519061787123035e-25
1.553373834629542112e+09 1.638126925286489868e-25
1.515157231840099907e+10 1.597825199696207783e-24
5.934721841011554718e+09 6.258524139596669793e-25
6.803548574462366104e+09 7.174754626904901636e-25
1.352632876669203377e+10 1.426433409590663986e-24
4.021641273345144653e+10 4.241064647056618827e-24
1.282328313404122925e+10 1.352292983450100387e-24
1.757617344605172634e+09 1.853514094522472348e-25
2.237988056565395832e+09 2.360094146174204204e-25
6.642850470130406380e+09 7.005288729076475562e-25
3.310076388584992218e+10 3.490676317584099159e-24
1.269871142060549736e+10 1.339156140704399523e-24
1.013900511387226295e+10 1.069219585291429510e-24
7.187611493879916382e+10 7.579772269970884040e-24
4.633671928402930450e+10 4.886488094265635301e-24
2.477890491275910950e+10 2.613085814361277805e-24
1.555293241629605293e+09 1.640151056385708941e-25
1.237310291940206766e+09 1.304818749341635801e-25
5.366577692393573761e+10 5.659381675273495471e-24
2.737709411078616619e+09 2.887080624071180381e-25
2.017721179919901848e+09 2.127809364920763832e-25
3.723368773953175068e+09 3.926518205347685559e-25
1.285713189189627838e+10 1.355862540268538807e-24
4.029243580382575512e+09 4.249081740929762881e-25
3.411509475316633606e+10 3.597643659756209865e-24
2.713008355211914539e+09 2.861031862468407598e-25
3.204395796339320660e+09 3.379229723223802930e-25
5.852808485738359451e+09 6.172141538176336415e-25
1.244730819176028633e+10 1.312644145388505873e-24
1.822595178865004778e+09 1.922037161845296792e-25
1.291690902104623318e+09 1.362166401103186056e-25
3.493178373199661255e+10 3.683768466031555773e-24
1.031428857742526245e+10 1.087704289668603582e-24
3.340121410027986526e+09 3.522360615014226347e-25
5.177450327441223145e+09 5.459935397803000198e-25
1.999626226606533432e+10 2.108727139139936195e-24
3.966440305247229576e+09 4.182851878097084727e-25
2.369343600752995014e+09 2.498616534618246800e-25
3.436988872289372921e+09 3.624513229263965462e-25
3.681749934132047272e+10 3.882628614451857078e-24
7.869738817926582336e+09 8.299116906196814657e-25
5.713071289311850739e+10 6.024780189074622633e-24
6.110248024887984276e+09 6.443627146671164240e-25
1.919654849644093704e+10 2.024392471634962661e-24
1.222523564139445305e+10 1.289225248017412526e-24
3.275585730782486916e+09 3.454303826972011286e-25
3.969849875774936676e+10 4.186447477018983973e-24
1.406009252547814941e+10 1.482722035388084133e-24
3.783353151334503651e+09 3.989775369524353053e-25
1.482208065470777035e+09 1.563078305296377574e-25
6.605720669236688614e+09 6.966133102002951050e-25
1.569186205198915958e+09 1.654802029118450896e-25
5.841680345099877930e+10 6.160406238918757089e-24
4.760152030925348282e+09 5.019869033763937095e-25
6.482226595307796478e+10 6.835901110767896020e-24
5.157175363913048553e+10 5.438554219026659713e-24
3.009754419275880814e+09 3.173968585541190750e-25
2.548109678520407677e+09 2.687136206309830418e-25
3.008229194309920883e+10 3.172360143305227941e-24
1.246264944333565950e+09 1.314261973416309990e-25
8.962120928138027954e+10 9.451100097587059207e-24
1.685704889340944290e+10 1.777678048745451400e-24
3.709097312818002701e+09 3.911468083974757559e-25
1.823222022326230240e+10 1.922698206295049442e-24
1.049780815700029945e+10 1.107057542434755686e-24
1.378047370597041893e+10 1.453234534901012128e-24
2.891152907022159195e+10 3.048896097340788849e-24
3.761672809538379669e+10 3.966912134124154216e-24
1.257486967845448732e+09 1.326096277858162084e-25
3.260229189164132595e+09 3.438109422416260537e-25
7.966111718684747696e+09 8.400747975344805092e-25
1.232252814405827284e+09 1.299485332530817508e-25
1.792641491496799707e+09 1.890449181736714221e-25
9.216742880208946228e+09 9.719614389612488055e-25
1.074696188474958611e+10 1.133332314216201531e-24
8.432671523169865417e+10 8.892763587392076220e-24
4.733145741085063934e+09 4.991389263116833511e-25
1.717718123722551823e+09 1.811437946097221219e-25
1.286410082514838219e+09 1.356597456548593109e-25
1.021974812373592019e+09 1.077734425411539669e-25
5.305898303488529205e+10 5.595391579290585914e-24
1.228171065227165222e+09 1.295180880451883720e-25
3.894041713253055573e+10 4.106503171652720256e-24
6.829532809268918037e+09 7.202156578528304819e-25
2.288357135003650665e+10 2.413211394419376646e-24
3.228507987119724655e+10 3.404657490876683312e-24
1.186907717911836386e+09 1.251666177965081197e-25
6.636861444315938950e+09 6.998972938103174414e-25
3.723514794843375206e+09 3.926672193232996112e-25
3.490486620146125793e+10 3.680929849173901567e-24
1.201728301212990284e+09 1.267295381967903635e-25
3.149018048069005585e+10 3.320830528850237821e-24
1.136342436744391918e+09 1.198342022041708836e-25
3.706281036453181267e+09 3.908498149732648615e-25
2.089785509830872726e+10 2.203805571724416607e-24
1.306150806417365551e+09 1.377415247236491954e-25
2.814144820201618671e+09 2.967686399022668145e-25
7.793485983075550842e+10 8.218703666888783691e-24
2.411026383992265224e+09 2.542573557726862000e-25
1.965327338312770844e+10 2.072556881106199169e-24
1.413993267282629395e+10 1.491141663179808039e-24
5.029976266993474960e+09 5.304415056327442666e-25
6.266639384512391090e+09 6.608551320988804635e-25
7.238763689143945312e+10 7.633715362407163067e-24
7.211999372697798729e+09 7.605490767380572863e-25
8.062021470826266289e+09 8.501890626185221673e-25
9.849297324576925278e+09 1.038668141747699674e-24
2.397328524255455971e+09 2.528128333819111738e-25
8.416942107536399841e+10 8.876175964571491036e-24
2.086801128094846010e+09 2.200658360172289173e-25
4.146670340995195866e+09 4.372915382272498590e-25
2.214257269813973904e+09 2.335068592203155647e-25
1.338564162253416061e+10 1.411597096930509363e-24
1.125777188608781624e+10 1.187200327069484935e-24
3.572575884210250378e+09 3.767497957083653290e-25
5.110162042803136826e+09 5.388975820420728952e-25
3.041573179709916687e+10 3.207523398319832286e-24
5.735139674862075806e+10 6.048052640149510994e-24
3.617773651235164642e+10 3.815161743788284656e-24
1.533438205261108780e+10 1.617103594963206160e-24
4.061477274224320412e+09 4.283074126153758862e-25
5.249252015017416954e+09 5.535654632334604407e-25
9.794360972820329285e+10 1.032874770249913850e-23
5.152233557720580292e+10 5.433342784661692238e-24
4.545251984051789284e+09 4.793243900018935349e-25
9.067170872003039551e+10 9.561881634979280470e-24
5.300556352898265839e+09 5.589758168388215168e-25
1.723967147543309784e+10 1.818027920737795549e-24
2.244405183011832428e+10 2.366861395229472980e-24
7.015476349591395569e+10 7.398245319818316189e-24
2.386325830812687397e+09 2.516525326238150926e-25
1.304924045296056366e+10 1.376121553227418729e-24
2.890729998751779556e+09 3.048450114919048777e-25
1.158939847812006760e+10 1.222172362611630196e-24
1.792211613133010483e+10 1.889995848928717340e-24
7.911799985509635925e+10 8.343472958546067690e-24
8.782577435111282349e+10 9.261760594351998920e-24
2.624943754498741150e+10 2.768162399640576800e-24
5.772133625459127808e+10 6.087065004845483111e-24
3.761018298068968964e+10 3.966221912081624549e-24
1.258592663073874950e+09 1.327262300540189383e-25
1.031432968504897308e+10 1.087708624716853651e-24
6.678034862170233917e+10 7.042392804518831844e-24
3.473287034689306259e+09 3.662791843104485766e-25
5.983381596580891418e+10 6.309838803201133255e-24
2.444333597774752617e+09 2.577698034840497678e-25
3.141064816840449333e+09 3.312443364132972910e-25
9.978908667252584839e+10 1.052336443963577126e-23
3.474127293597522736e+09 3.663677947087362160e-25
3.322047714717668533e+10 3.503300807086975344e-24
3.861507172675754547e+10 4.072193525298845054e-24
4.697503050720630646e+09 4.953801884294045719e-25
2.656405508687527180e+09 2.801340727680128614e-25
4.170164899457752228e+09 4.397691819185001356e-25
3.738022645372855663e+09 3.941971601559930706e-25
1.356411665864735222e+10 1.430418371991977215e-24
6.294978483321899414e+09 6.638436619532719387e-25
1.054505741709599137e+09 1.112040263492438177e-25
7.118749851218355179e+09 7.507153491124089461e-25
3.143351776944690704e+10 3.314855102273719307e-24
4.924143853646508217e+09 5.192808357407435749e-25
7.686527897538326263e+09 8.105909878368837328e-25
2.071358329947024155e+10 2.184372992874503721e-24
3.500579678042770386e+10 3.691573590899416132e-24
2.338518490959949970e+09 2.466109586708350071e-25
2.902104753327330780e+10 3.060445483531125483e-24
7.965608832862656593e+09 8.400217651743912916e-25
3.340068529389963150e+09 3.522304849174065001e-25
1.914762422622143173e+10 2.019233110600297201e-24
8.902506839456302643e+09 9.388233425303216740e-25
8.129818560889248657e+10 8.573386769748583920e-24
6.855570629062399864e+09 7.229615038770512199e-25
1.759168716353289366e+09 1.855150110126098699e-25
3.607549009929051208e+10 3.804379239376566251e-24
6.273759729147623062e+09 6.616060156276399327e-25
1.369727517812200546e+09 1.444460745515974234e-25
3.170472159837591648e+09 3.343455190964884535e-25
7.428249606366607666e+09 7.833539754993946328e-25
2.222564777732791519e+10 2.343829363178219725e-24
2.865844587558503723e+10 3.022206939442713834e-24
1.448264966208347130e+10 1.527283248375827127e-24
1.611534455686779261e+09 1.699460827803243824e-25
1.875833144020309830e+10 1.978179825139974669e-24
1.054807101834340286e+10 1.112358066022351337e-24
2.205631807595257568e+10 2.325972519133990159e-24
6.828093952499639130e+10 7.200639216794226662e-24
2.435291096031750202e+09 2.568162168298304477e-25
1.046887652202854514e+09 1.104006526048150005e-25
9.910256872373882294e+09 1.045096695800388441e-24
1.435896563833087683e+09 1.514240017891310823e-25
3.460892143593159676e+09 3.649720678657175854e-25
1.363299272794487238e+09 1.437681771252920277e-25
2.531793114363356018e+10 2.669929399758846367e-24
1.376921442526777840e+10 1.452047175460085677e-24
6.465068825643561363e+09 6.817807201988010301e-25
7.832062775463745117e+10 8.259385234257503233e-24
2.871309766282054424e+09 3.027970301885783442e-25
2.744230813713070869e+09 2.893957838691369999e-25
1.409174967952987480e+10 1.486060474292743692e-24
1.551643536160710335e+10 1.636302220603440253e-24
3.627651312366305542e+10 3.825578336560131255e-24
4.447588046254187012e+10 4.690251354007684238e-24
1.354024043478864193e+09 1.427900479369790118e-25
1.756675146508476257e+10 1.852520489482433618e-24
4.144882554941015625e+10 4.371030053443908254e-24
8.843254610428359985e+10 9.325748355972135913e-24
1.235054266991639709e+10 1.302439634198855479e-24
1.040443416388966084e+09 1.097210688520640897e-25
9.627100270566723633e+10 1.015236114712156470e-23
9.350244358544577026e+10 9.860399795772817281e-24
1.137237223157559586e+10 1.199285628585808935e-24
1.188341167850377560e+09 1.253177837868207093e-25
1.016105424574572206e+09 1.071544799981924167e-25
9.351469728007192993e+10 9.861692022193390715e-24
3.479156084349028778e+10 3.668981111945702976e-24
2.309057720537505150e+09 2.435041417415927137e-25
3.476521789407493591e+10 3.666203088152155558e-24
8.576381225614724731e+10 9.044314185034258259e-24
2.791266720443484497e+10 2.943560055204003579e-24
2.421731552403763294e+09 2.553862807116583854e-25
4.654303740742542267e+09 4.908245591757561598e-25
3.493320781766411591e+10 3.683918644502690375e-24
4.406204158592288971e+10 4.646609534414299638e-24
1.647958162722864342e+10 1.737871836077235873e-24
6.553719762335010529e+09 6.911294991667926446e-25
3.999441029781619549e+09 4.217653143709131571e-25
7.657549452750252724e+09 8.075350350712320834e-25
3.638324490004615784e+10 3.836833849739192421e-24
4.019690590723023987e+10 4.239007533916982096e-24
6.278206947667070007e+10 6.620750017941974847e-24
2.580052522531559753e+10 2.720821872746572872e-24
1.184762305300275993e+10 1.249403710240636424e-24
9.861337132788761902e+10 1.039937812548598592e-23
3.265903430673333359e+10 3.444093254247067861e-24
6.275576106295572281e+09 6.617975636147501687e-25
2.290592611881475449e+09 2.415568840375258455e-25
2.945732508915745258e+09 3.106453597950179236e-25
7.182332306248117065e+10 7.574205046414971273e-24
8.546529171030061340e+10 9.012833382860245168e-24
7.796815778114401245e+10 8.222215137719066597e-24
5.099695800638712311e+10 5.377938533250122343e-24
4.527597650520045280e+09 4.774626334522710648e-25
6.171738322719631195e+09 6.508472395301175209e-25
3.440120919600535583e+10 3.627816163121423127e-24
3.411274601287094593e+09 3.597395970846263566e-25
2.150429284506772995e+10 2.267758110342585547e-24
2.155211123946699142e+10 2.272800850064545814e-24
4.540890693840475464e+10 4.788644654966089102e-24
2.508325046243649673e+10 2.645180898519596054e-24
3.972840602964159489e+09 4.189601380236376816e-25
5.529454069130980492e+09 5.831144693472061974e-25
1.474791404770949841e+09 1.555256986746230643e-25
4.815596772619222641e+09 5.078338876765992255e-25
2.969618983073760605e+10 3.131643333734377085e-24
3.023456004932540417e+09 3.188417738657411884e-25
8.788443725787364960e+09 9.267946953677627679e-25
7.199733098672660828e+10 7.592555237435642921e-24
1.055922552480380821e+10 1.113534376383947670e-24
2.299231639068925858e+09 2.424679218526709216e-25
8.271262438692461967e+09 8.722547917877252338e-25
7.003341675895840645e+09 7.385448570402876913e-25
2.885327440173683643e+09 3.042752789217456420e-25
3.284560005381447601e+10 3.463767743852636361e-24
3.840142571530225372e+10 4.049663257565293119e-24
7.441252528699699402e+10 7.847252125259488719e-24
1.401395708141724968e+10 1.477856772986890663e-24
2.286100666806661987e+10 2.410831811844251226e-24
6.925933610628806114e+09 7.303817070553064759e-25
3.977123229287401199e+09 4.194117669448056906e-25
2.630900843691450119e+09 2.774444511509183551e-25
5.024629013804623413e+10 5.298776053513241186e-24
1.375643330811806297e+10 1.450699329135431900e-24
1.300493798957528305e+10 1.371449589756033698e-24
1.390287614491819572e+10 1.466142614494673259e-24
1.654728535257404709e+10 1.745011604557819106e-24
9.398831981714773560e+10 9.911638391387347029e-24
5.724082792630531311e+10 6.036392487204077534e-24
2.251573282257769585e+09 2.374420590650513241e-25
2.309111186403897762e+09 2.435097800414899378e-25
1.383156921899047279e+10 1.458622866658218298e-24
6.780475451378175354e+10 7.150422619160174994e-24
7.838058325564166069e+09 8.265707905486059553e-25
4.586277924577256203e+09 4.836508242646412121e-25
2.956616276224762344e+10 3.117931190709880526e-24
2.239737001585712433e+09 2.361938514776762737e-25
2.770323886142443180e+09 2.921474566189357766e-25
1.554144727020867157e+10 1.638939878070022006e-24
4.253605506282060242e+10 4.485684999998259970e-24
8.128243390230096817e+09 8.571725656749797665e-25
5.440260055065027237e+09 5.737084195761499939e-25
9.585393359668948364e+10 1.010837867993364302e-23
6.118804985409268188e+10 6.452650980545558951e-24
9.951262940787896729e+10 1.049421034428453178e-23
1.970330347698642731e+09 2.077832857950763475e-25
4.400443145576704407e+10 4.640534196767063936e-24
2.242857560444546223e+09 2.365229333364431124e-25
3.855795763108258057e+10 4.066170497496213012e-24
4.362297377165422440e+09 4.600307170324864470e-25
2.273151181616836548e+10 2.397175794287401767e-24
5.380929380418996429e+10 5.674516400768188308e-24
2.040207710445231247e+10 2.151522775233615606e-24
2.334058705534722328e+09 2.461406472478408047e-25
1.139936140334390640e+09 1.202131800446003421e-25
1.648189890085452557e+09 1.738116206636027910e-25
1.739301591843400478e+09 1.834199022331170243e-25
4.896963303884436035e+10 5.164144819103432927e-24
3.945817460275392532e+09 4.161103837238374155e-25
6.740657682334799194e+10 7.108432366639700391e-24
2.620925085870664215e+10 2.763924469828255134e-24
1.349213942624295235e+10 1.422827936271951759e-24
4.955627504162983894e+09 5.226009776452612186e-25
4.655273725075230408e+10 4.909268499068769881e-24
8.008790986739471436e+09 8.445755852131037133e-25
6.624016340815338898e+10 6.985426997368667921e-24
1.967681205178864241e+09 2.075039176485409665e-25
1.016389425822874832e+10 1.071844296523766377e-24
4.470613601112157822e+09 4.714533198172709905e-25
1.794935746446265030e+10 1.892868612734203110e-24
2.145122632624695301e+09 2.262161924068966021e-25
4.335672623837651253e+09 4.572229753071512216e-25
6.597629591200711823e+10 6.957600569466448703e-24
7.740693910905995178e+10 8.163031224792293723e-24
6.591655349141419983e+10 6.951300368859657921e-24
4.741841075923156738e+10 5.000559021101110654e-24
8.825577965367311096e+10 9.307107261614999289e-24
3.291288116869452953e+09 3.470862945496392453e-25
4.693857687217247009e+10 4.949957627377761704e-24
2.029128674082959890e+09 2.139839259413617768e-25
6.420581772152428627e+09 6.770892905811607583e-25
2.922732284479154587e+10 3.082198466250862836e-24
3.335269126122198486e+10 3.517243587330351391e-24
6.679004970565696716e+09 7.043415842661760935e-25
1.081389850758869886e+09 1.140391187084795058e-25
4.903613328348705292e+09 5.171157673244451927e-25
1.547947249170458412e+10 1.632404261781594943e-24
6.747133462506961823e+10 7.115261469606266741e-24
2.040160714485925913e+09 2.151473215144085664e-25
2.633207375261120319e+09 2.776876888947291706e-25
1.036507363036437511e+09 1.093059881527243318e-25
8.885774387595237732e+09 9.370588039943544779e-25
7.491070437062313843e+10 7.899788131229820345e-24
3.878721542962160492e+10 4.090347122867803134e-24
4.029599156116017342e+09 4.249456717107386187e-25
8.827217681838093567e+10 9.308836442087043001e-24
1.647120935298743439e+10 1.736988928978206542e-24
1.953848103612064838e+09 2.060451331865121421e-25
1.664174749010947466e+09 1.754973209901442134e-25
2.403271387681288910e+10 2.534395443753713362e-24
7.293524887772995949e+09 7.691464367788474193e-25
2.011071261998685455e+10 2.120796623135855331e-24
1.322127002627058601e+10 1.394263115142674170e-24
1.232338631396280289e+09 1.299575831752301785e-25
5.986471194488572121e+09 6.313096971587938127e-25
9.335615238741175842e+10 9.844972501641197744e-24
6.826476867532459259e+10 7.198933902615398452e-24
2.510177864468064785e+09 2.647134807716089856e-25
1.890824797523933792e+10 1.993989433047210299e-24
2.078237711854195833e+09 2.191627718350264106e-25
2.463472183337503052e+10 2.597880834127649128e-24
3.916383063972456360e+10 4.130063481054640321e-24
1.510575714828768158e+10 1.592993712125342159e-24
6.277866696187720299e+09 6.620391202119752692e-25
2.033134707565180206e+10 2.144063864698275296e-24
7.515240173302578926e+09 7.925276584060424718e-25
2.685328265259622097e+09 2.831841528735242781e-25
1.801037105998243332e+10 1.899302866447079016e-24
8.140956306792235374e+09 8.585132198340171026e-25
1.860957732648623657e+10 1.962492801611293001e-24
1.513673081578061342e+09 1.596260073226830871e-25
1.072767874472584128e+09 1.131298790142809367e-25
3.192103015073855400e+09 3.366266239786206253e-25
6.036107931839841843e+09 6.365441921738254312e-25
2.646978429421729088e+09 2.791399300814394881e-25
3.367750608608425140e+09 3.551497280709060241e-25
1.621682129125256348e+10 1.710162164930213085e-24
7.853243250320618629e+09 8.281721329651870012e-25
2.162551663139833450e+09 2.280541893868893032e-25
3.119063818925416946e+10 3.289241977406652986e-24
9.277746391048847961e+10 9.783946291834648097e-24
2.306905454980401039e+09 2.432771722844755358e-25
1.546117706935416222e+09 1.630474898527651598e-25
1.977288981819200277e+09 2.085171159692418193e-25
3.139558402591971207e+10 3.310854758939519233e-24
1.927301642614389420e+10 2.032456478622514496e-24
4.640097471286815643e+09 4.893264218964674896e-25
4.025518690874178314e+10 4.245153619017707191e-24
2.063223415415802383e+10 2.175794232094953836e-24
1.998504197273041725e+09 2.107543891153405793e-25
1.100716288733980894e+09 1.160772088134579329e-25
2.473242409883537292e+10 2.608184130613278795e-24
6.346098862278383636e+10 6.692346159742939811e-24
5.873034328348548889e+09 6.193470915965333842e-25
1.428711592054337311e+10 1.506663029361050558e-24
2.114987450673880100e+09 2.230382546914843618e-25
1.069788481143548608e+09 1.128156839168415629e-25
2.918547745658962250e+10 3.077785616260442934e-24
4.851250525108847618e+09 5.115937921270745460e-25
3.422364806382472992e+09 3.609091264772739149e-25
2.737226286579076385e+10 2.886571139983500452e-24
4.774086611645542145e+09 5.034563894306487588e-25
3.875306990659220695e+09 4.086746270361761801e-25
3.087017036051341534e+09 3.255446701134761633e-25
2.920070801486125469e+09 3.079391771007979918e-25
2.994390570187968254e+09 3.157766474815571771e-25
1.972542733193358898e+09 2.080165952642597527e-25
4.200362905178269196e+10 4.429537447814719670e-24
1.062397885844272995e+10 1.120363008164093126e-24
7.283470203222508240e+10 7.680861093083937787e-24
1.217787589644240761e+10 1.284230875661504351e-24
4.235667093567852783e+10 4.466767855773893303e-24
2.837723859925065517e+09 2.992551926548815461e-25
4.995298405465023041e+09 5.267845148031889481e-25
7.037677672205759048e+09 7.421657961090360420e-25
3.516955980549389648e+10 3.708843395163325073e-24
2.129333831083366394e+10 2.245511675206608938e-24
4.270640332088764954e+10 4.503649257023474215e-24
4.168778548233206940e+10 4.396229827732458394e-24
2.178523145406517506e+09 2.297384790636257800e-25
1.002230761881902337e+09 1.056913126633601730e-25
9.093794872344175720e+10 9.589958258162555144e-24
1.454208575243049812e+10 1.533551144600205393e-24
2.137702094699386120e+09 2.254336516749383065e-25
6.266978712781565094e+10 6.608909163229900811e-24
4.470154468324793243e+10 4.714049014800686714e-24
5.602429244268214417e+10 5.908101441812238622e-24
2.363006790766223907e+09 2.491933984141123796e-25
5.045737093506207275e+10 5.321035803825376490e-24
5.151805642935889435e+10 5.432891522566951733e-24
9.035930434234580994e+09 9.528936698528452921e-25
1.311184170697296715e+10 1.382723235157955154e-24
2.314272506352208138e+09 2.440540725349554220e-25
1.843772060096107006e+09 1.944369467543323256e-25
9.287336309764049530e+09 9.794059442776468531e-25
1.382987823170013237e+10 1.458444541792119194e-24
2.042482678323777914e+09 2.153921866845003435e-25
1.778270422859148026e+09 1.875294018210935037e-25
2.873217605422957611e+10 3.029982233975893691e-24
2.518233907776162148e+09 2.655630394007084639e-25
1.120765937454053402e+09 1.181915658779773878e-25
7.289765734054107666e+09 7.687500112188231079e-25
8.543103328017169952e+09 9.009220623615746156e-25
3.510077286758172035e+09 3.701589395347574134e-25
1.315806257269654036e+09 1.387597505791584801e-25
6.870078655561717224e+10 7.244914632668313028e-24
1.575131835929455948e+10 1.661072057343711213e-24
3.256486700785080338e+10 3.434162741427675660e-24
3.495948723589675426e+09 3.686689968547685388e-25
1.532796856688089371e+09 1.616427253993289042e-25
3.652556667434165192e+10 3.851842544061869771e-24
2.768590127278279781e+09 2.919646212309547443e-25
4.780678563715393829e+10 5.041515507585332691e-24
1.433136502259443855e+10 1.511329365556090574e-24
2.242219455573744202e+10 2.364556413075242342e-24
7.356565090765796661e+09 7.757944085417206373e-25
2.821363765435610962e+10 2.975299214622070698e-24
1.223294563193982840e+09 1.290038313283771664e-25
2.147638143288922882e+10 2.264814682637478476e-24
1.361643501350714922e+09 1.435935659838078124e-25
1.152542266453639507e+09 1.215425725037197528e-25
7.656457517275570679e+10 8.074198838525185957e-24
2.385675145399868774e+10 2.515839139004359159e-24
3.288989410451964378e+09 3.468438820155878467e-25
3.148242103971818161e+10 3.320012248736472935e-24
7.810495400461638451e+09 8.236641129193362680e-25
1.240181921023741341e+10 1.307847056382931893e-24
1.843463322398517609e+10 1.944043884915370069e-24
1.242156614910105896e+10 1.309929490857067318e-24
3.281519854607394028e+10 3.460561720467354034e-24
6.966582434495992661e+09 7.346683720791155969e-25
1.403737418402513504e+10 1.480326248488473487e-24
2.980131731347077560e+10 3.142729664417542494e-24
5.748049383574438095e+09 6.061666710998315912e-25
1.107577833310446501e+09 1.168008003063223918e-25
2.292481592152908707e+10 2.417560884643666985e-24
5.567838596830966949e+09 5.871623506065650256e-25
7.826119786295681953e+09 8.253117991720093491e-25
4.185537990893156528e+09 4.413903676526625627e-25
3.348771524267131042e+10 3.531482685134150508e-24
1.663821385134549141e+09 1.754600566261226687e-25
8.912222674506908417e+09 9.398479362657913875e-25
1.716056420637328148e+09 1.809685579406696979e-25
9.536255021863706970e+10 1.005655932233400455e-23
1.583830070385029793e+09 1.670244873150492437e-25
1.270765806830629730e+10 1.340099618968485840e-24
1.087059113129966021e+09 1.146369768112472106e-25
7.911514081649137878e+10 8.343171455584266154e-24
3.173549029899308777e+10 3.346699937066140249e-24
6.049983963327782631e+09 6.380075038564211103e-25
3.251181689404336548e+10 3.428568285162213906e-24
7.439802187801303864e+09 7.845722652814710645e-25
3.786925814186952114e+09 3.993542959194718717e-25
1.786483420287570000e+09 1.883955122141538484e-25
1.374727632350586891e+10 1.449733669568284180e-24
1.321779193616184950e+09 1.393896329445073244e-25
5.202116564618822098e+09 5.485947440986259278e-25
1.950986924087929010e+09 2.057434044518007618e-25
3.770226226221153736e+09 3.975932230805896137e-25
1.494989831255834389e+10 1.576557452568226389e-24
2.805641519465476227e+10 2.958719152646328225e-24
3.128583380180086136e+09 3.299280932138954510e-25
1.161270174374901581e+10 1.224629833313329394e-24
2.989130960983359909e+10 3.152219897898619586e-24
1.830819493477118301e+10 1.930710200432523558e-24
3.623331134487320709e+10 3.821022446955308753e-24
7.647033740305833817e+09 8.064260894130942384e-25
4.910512221642538452e+10 5.178432974660870006e-24
6.607865530182798767e+10 6.968394987962718958e-24
1.317119465810261154e+10 1.388982363847596766e-24
1.051644485240443945e+09 1.109022895002134703e-25
2.099936720618817329e+09 2.214510639200950137e-25
4.937062877784274101e+09 5.206432251937336746e-25
2.005544302237816620e+10 2.114968108841732911e-24
3.930031056318640137e+10 4.144456116774373791e-24
1.884637741243262291e+09 1.987464806936169810e-25
2.645265579416877747e+10 2.789592996594912847e-24
3.109546626608283234e+10 3.279205520862665732e-24
2.848276188514196873e+09 3.003679997075669236e-25
1.408198784853021812e+10 1.485031030005467739e-24
3.265412532609467030e+09 3.443575572464316546e-25
1.396387393442525864e+10 1.472575201367639836e-24
1.623774940872108459e+10 1.712369161852426479e-24
3.214436297795730972e+10 3.389818040995388171e-24
9.694468899354379654e+09 1.022340545228266454e-24
7.620699442010861397e+09 8.036489779326624954e-25
1.816945999364438534e+09 1.916079759422678337e-25
1.375753661125013351e+09 1.450815679142565081e-25
3.093662288223805237e+10 3.262454522604618733e-24
8.266866285730710983e+09 8.717911907939541827e-25
2.887134159071651077e+10 3.044658083878152350e-24
7.371255517424021721e+09 7.773436031345679041e-25
6.053549494883124352e+09 6.383835107849244287e-25
6.719459920788962555e+10 7.086078041383333618e-24
6.076428991900380707e+10 6.407962925162400921e-24
3.095603501430837154e+09 3.264501649671696452e-25
2.312350300618503571e+09 2.438513642815958814e-25
6.325608667247714996e+09 6.670738006292798656e-25
8.803762157008422852e+09 9.284101168507921992e-25
9.033947271338757324e+10 9.526845332970172769e-24
1.098918450748432159e+10 1.158876158934682339e-24
3.684354093644160748e+09 3.885374858607277302e-25
7.043403961756543159e+09 7.427696680737883856e-25
1.520709313845698547e+10 1.603680206921135576e-24
1.716921373149811506e+09 1.810597724293012379e-25
1.093131052900451422e+09 1.152772996881368088e-25
1.449207531018208742e+09 1.528277240137140723e-25
8.924959882999675751e+09 9.411911521562512558e-25
7.524173965538876343e+10 7.934697809834248334e-24
1.107659108115565681e+10 1.168093712274776888e-24
5.218518625469099426e+10 5.503244408985873808e-24
2.179209270245840454e+10 2.298108350894803278e-24
5.579511285735499573e+10 5.883933064498226818e-24
5.439001930085851669e+09 5.735757426661996588e-25
5.432083763154762268e+10 5.728461800026089779e-24
5.244351072828658295e+10 5.530486291540070438e-24
2.494853590400083160e+10 2.630974431249328462e-24
9.958970646908963013e+10 1.050233858788413220e-23
6.346231528987426758e+09 6.692486064834249424e-25
7.288236798044236755e+10 7.685887756431377462e-24
5.826663523913369179e+09 6.144570090163425483e-25
3.902392370876290798e+09 4.115309446608248366e-25
5.559154562130272675e+10 5.862465664761646446e-24
8.786909820975767136e+09 9.266329358017980953e-25
6.114637542412722588e+09 6.448256159138086789e-25
1.420035386137680817e+10 1.497513443984653050e-24
1.892946776023923492e+10 1.996227188079656031e-24
8.843288266520217896e+10 9.325783848362340504e-24
1.575080111426568031e+09 1.661017510718173614e-25
2.554090241746626282e+10 2.693443072970541985e-24
1.030609855639119625e+09 1.086840602275686516e-25
1.866576787967909813e+09 1.968418436257631772e-25
3.348407579783205509e+09 3.531098883601553022e-25
1.543994619903260803e+10 1.628235974480801081e-24
4.956090269993396759e+09 5.226497791088884525e-25
2.686234007957697296e+10 2.832796689346308411e-24
1.265131356199704552e+10 1.334157749032252967e-24
1.450036172678612709e+09 1.529151093027578606e-25
1.234670775359354019e+09 1.302035219012720229e-25
7.779440354779357910e+09 8.203891699941981848e-25
1.053077048188034654e+09 1.110533619519504749e-25
2.587683858457801819e+10 2.728869579343655418e-24
5.679425183450114441e+10 5.989298329708622924e-24
2.746519154700704956e+10 2.896371033057408744e-24
1.158677833276406765e+09 1.221896052391891601e-25
7.300151256626795959e+10 7.698452275653472123e-24
2.365113663445955276e+09 2.494155809169895246e-25
6.784733147934974670e+10 7.154912618421078473e-24
6.029151418709465981e+09 6.358105856709390171e-25
7.693443342610235596e+10 8.113202634639150334e-24
7.306689199952291870e+10 7.705346933435606342e-24
1.117425172398367310e+10 1.178392619401374333e-24
8.925968175766517639e+09 9.412974827441054647e-25
2.108049010595253372e+10 2.223065541015232733e-24
2.134889057171787643e+10 2.251369998057570954e-24
3.852806017348942757e+09 4.063017629256184149e-25
1.467360819848906708e+10 1.547420984259212051e-24
2.204553581937781811e+09 2.324835464780639997e-25
7.131102592332319260e+09 7.520180205858668919e-25
8.421497548826445580e+09 8.880979953712691704e-25
1.251840663791306114e+10 1.320141907768201769e-24
1.135513616963338375e+09 1.197467981312242221e-25
1.603425304691383123e+09 1.690909236234856117e-25
2.367162994915940094e+10 2.496316953502946361e-24
1.805933488050420761e+09 1.904466398301002884e-25
2.303606222070370102e+10 2.429292481632995463e-24
1.751043350036857605e+10 1.846581418518171967e-24
9.444839773623014450e+09 9.960156398461825878e-25
5.055913645040605545e+09 5.331767594656035839e-25
2.344272103816005707e+10 2.472177120438520979e-24
1.239017751584770584e+10 1.306619369099253342e-24
9.985928165415409088e+09 1.053076692620157824e-24
7.547487747680278015e+10 7.959283607151479852e-24
6.527579012669774055e+09 6.883727985632956296e-25
2.011399068817049742e+09 2.121142315308263503e-25
5.729606919802351379e+10 6.042218014361243086e-24
1.792657876684275055e+10 1.890466460910716417e-24
4.026302435238040161e+10 4.245980124985788531e-24
1.430164974965218782e+09 1.508195709792502555e-25
7.098103603569495201e+09 7.485380770723018077e-25
4.253441310264697552e+09 4.485511845338982173e-25
2.085638287345396805e+10 2.199432074072299724e-24
4.873213076934541702e+09 5.139098764263990410e-25
2.353830641989011002e+10 2.482257178695271820e-24
1.344780784194489002e+09 1.418152901823686779e-25
1.034721019259066939e+09 1.091176073667027475e-25
2.254443364468948364e+10 2.377447266421087825e-24
1.777419901957454681e+09 1.874397092333517172e-25
1.344199099527396679e+09 1.417539480061360397e-25
2.284080292704752350e+10 2.408701204812185047e-24
1.936135395188318634e+10 2.041772206504671818e-24
4.065545951008065796e+10 4.287364792599374237e-24
3.549263901966685486e+10 3.742914057867859008e-24
5.464997413580354309e+10 5.763171240709109895e-24
1.985998938319312668e+10 2.094356337106141559e-24
9.674900340998863220e+10 1.020276922060643422e-23
1.293195507626503706e+09 1.363753098884737741e-25
5.066761954979289246e+10 5.343207795468127998e-24
3.117769921988749695e+10 3.287877484608301114e-24
1.009762340590544891e+10 1.064855633194158236e-24
4.392709600074583435e+10 4.632378703972907383e-24
6.118092390605757713e+09 6.451899506104297056e-25
1.849009117310368729e+10 1.949892262018610498e-24
3.777717208996704578e+09 3.983831926492745100e-25
2.204840262046479225e+09 2.325137786343248862e-25
1.062289271210135221e+09 1.120248467444599251e-25
2.226855662779037952e+09 2.348354361714223438e-25
1.590065826619299173e+09 1.676820856316396537e-25
7.426616470452626038e+10 7.831817514118179466e-24
5.563098116789939880e+10 5.866624382338398063e-24
1.281067689428814650e+09 1.350963579007603835e-25
5.649923153838807106e+09 5.958186650099053851e-25
2.630763154211110687e+10 2.774299309600895706e-24
9.896871081948532104e+09 1.043685083011298368e-24
2.713935408232393265e+09 2.862009496106981535e-25
5.322862552425968170e+09 5.613281408726466653e-25
7.351830845373164177e+09 7.752951536504835846e-25
2.915820175369153976e+09 3.074909227954718664e-25
8.898909648556451797e+09 9.384439969319168009e-25
4.623428191376918030e+10 4.875685452259071754e-24
2.865945181066029358e+10 3.022313021397689955e-24
2.979297481160171032e+09 3.141849896995733783e-25
4.822360179488997459e+09 5.085471299530592816e-25
1.521848053685119629e+10 1.604881077149709432e-24
1.102562153130686998e+09 1.162718664097984237e-25
2.089452895217996836e+09 2.203454809441089087e-25
5.533960317829915047e+09 5.835896806042261348e-25
1.140135027441881371e+10 1.202341538963937763e-24
4.054711879222991943e+10 4.275939606783849618e-24
2.330577004240747070e+10 2.457734807288537200e-24
1.217657374770464325e+10 1.284093556179193961e-24
3.306356712553754330e+09 3.486753693599920590e-25
4.641806655234500885e+10 4.895066657104517970e-24
1.522674380045989513e+09 1.605752488416359017e-25
2.211245643021500015e+10 2.331892649086512587e-24
6.800348704042125702e+10 7.171380169465251296e-24
3.721544765732052612e+10 3.924594678047074609e-24
3.084670378435666084e+09 3.252972008347378779e-25
8.625068002607116699e+10 9.095657344368261508e-24
9.235760436893388748e+09 9.739669556606708820e-25
2.465190101449501801e+10 2.599692482973513677e-24
1.799485508360277557e+10 1.897666612628906255e-24
1.157163700811078787e+09 1.220299307870637487e-25
3.698777621008336639e+10 3.900585343041951600e-24
8.006685209220491409e+09 8.443535182015701875e-25
2.635389974440135002e+09 2.779178572162590938e-25
2.704110970724995804e+10 2.851649030874540596e-24
1.921160240779079819e+10 2.025979997893183785e-24
2.815102242375665665e+10 2.968696058775658061e-24
7.703538199421009827e+10 8.123848273428724055e-24
1.114166478162781143e+10 1.174956128680605494e-24
6.437936373080648422e+09 6.789194385097757512e-25
4.524312316425800323e+10 4.771161750455200281e-24
2.804545338587390423e+09 2.957563163423807990e-25
4.646143905401904297e+10 4.899640550472962387e-24
1.606646846239284039e+09 1.694306547193041644e-25
4.238071744901069641e+09 4.469303706453911938e-25
5.949897860483020782e+10 6.274528172599330833e-24
1.207610130765255356e+10 1.273498127980944848e-24
1.214925583680725098e+09 1.281212716783938603e-25
2.981400527984278870e+10 3.144067687427700882e-24
2.747875437031150341e+09 2.897801315037356350e-25
1.490283308853070831e+10 1.571594139230153005e-24
2.138314676405704117e+10 2.254982521313568778e-24
2.629722918832656860e+10 2.773202318300995777e-24
6.144898327067632294e+10 6.480167991961848521e-24
2.655010247322069931e+10 2.799869339943568387e-24
9.004548318306689453e+10 9.495842353865307359e-24
9.083504576337033081e+10 9.579106516886452068e-24
2.023538218416992950e+10 2.133943784836356947e-24
1.408109454768062353e+09 1.484936826012746844e-25
3.524179285437651062e+10 3.716460808282579485e-24
9.165984555822135925e+09 9.666086657905659018e-25
5.279814343304121971e+09 5.567884461207598000e-25
1.818364489508045197e+10 1.917575643314690478e-24
1.366548723754107857e+10 1.441108514378551765e-24
8.282797656799364090e+09 8.734712505015721743e-25
2.939561126237456894e+10 3.099945500603501604e-24
3.224191846416589737e+09 3.400105858718660938e-25
1.898253018289273262e+09 2.001822942387591618e-25
2.954545687061170578e+10 3.115747628849579928e-24
1.609303506478481483e+10 1.697108156549494683e-24
2.907133151029800415e+10 3.065748233895418143e-24
1.841060239418256283e+09 1.941509688158668253e-25
4.812397578891981125e+09 5.074965132940152770e-25
1.825627624046253967e+10 1.925235059215600031e-24
3.797887003822362518e+10 4.005102198493492711e-24
1.940507274444012642e+09 2.046382618347074087e-25
5.596475272998635864e+10 5.901822617982683818e-24
3.400116484725523949e+09 3.585629060159659255e-25
5.257679408304217529e+10 5.544541829701604834e-24
1.062624784011895752e+10 1.120602286043889143e-24
7.248885877565364838e+09 7.644389824037904322e-25
7.834200705265895081e+10 8.261639810905570484e-24
1.372304359177819824e+10 1.447178181028990677e-24
1.736798577593477726e+09 1.831559441989486358e-25
1.986991940043507099e+09 2.095403517652765297e-25
1.122483151207571793e+10 1.183726564836899457e-24
2.527986011661506271e+10 2.665914579047824062e-24
3.100041988257796478e+10 3.269182303237942465e-24
4.687179788651159668e+10 4.942915378305728474e-24
1.397552195389557266e+10 1.473803555669431877e-24
2.066513488145274734e+10 2.179263813340723502e-24
3.755298544228411102e+10 3.960190084736944254e-24
1.185700278867665291e+10 1.250392860258290597e-24
1.859064335759731770e+09 1.960496099751893439e-25
5.596548708723632812e+09 5.901900060408784640e-25
2.790571163139959812e+09 2.942826547839850257e-25
2.709747022426662445e+10 2.857592589236980022e-24
2.630383445270154190e+10 2.773898883492198283e-24
3.059816752895306778e+10 3.226762352769936988e-24
7.893811084598952293e+09 8.324502571456258676e-25
1.630875648731800318e+09 1.719857288969186473e-25
2.744092516040672302e+09 2.893811995407667029e-25
1.005128213714985013e+09 1.059968665330521808e-25
2.364783042083105564e+09 2.493807148889617071e-25
4.980205686495687485e+09 5.251928960461144791e-25
4.507231276619458771e+10 4.753148757964354774e-24
1.413584435000318146e+10 1.490710524741236414e-24
2.619966281867105484e+09 2.762913352852233102e-25
1.117328561432049990e+09 1.178290737277654834e-25
3.168250731667852879e+09 3.341112560223774831e-25
1.413662949908370256e+09 1.490793323473936256e-25
1.047265779890487480e+10 1.104405284629310086e-24
4.524370194774504089e+10 4.771222786684399973e-24
6.768094113587130547e+09 7.137365747495142513e-25
1.869547244168882608e+09 1.971550962488420421e-25
9.388895332330595016e+09 9.901159591924861304e-25
6.278860904587990761e+09 6.621439655179487873e-25
3.991965041290145111e+10 4.209769260404288231e-24
2.553108339607732010e+10 2.692407597609839586e-24
1.395554306808046103e+09 1.471696660982438197e-25
1.221216987450677872e+09 1.287847383651406735e-25
6.146646377790167236e+10 6.482011417473154089e-24
3.319486913261817455e+09 3.500600286631676962e-25
3.697801846022126007e+10 3.899556329135383660e-24
1.938487424693995476e+09 2.044252564275881714e-25
8.484792898699954987e+09 8.947728739202535016e-25
3.987197573443945312e+10 4.204741676399592394e-24
2.515368026167501068e+10 2.652608148026643564e-24
1.174140751371856689e+10 1.238202637394784412e-24
1.323017564086656189e+10 1.395202266216978883e-24
2.049835229543659925e+09 2.161675578060120799e-25
1.057846821671187401e+09 1.115563634958211604e-25
2.922112159150393009e+09 3.081544506479267426e-25
7.791145658681602478e+10 8.216235652867840828e-24
2.146634907441322708e+10 2.263756709586993407e-24
7.711397920581503868e+09 8.132136826107557449e-25
4.484988197173673630e+09 4.729692081580902849e-25
1.431791093648915052e+09 1.509910550573317793e-25
1.209617574295107460e+10 1.275615098940499618e-24
8.401237078762054443e+10 8.859614059172981481e-24
6.319343086398247719e+09 6.664130571261217350e-25
3.975501869390963554e+09 4.192407847097039761e-25
7.412302189247862244e+10 7.816722236384703915e-24
7.166058077991684914e+09 7.557042885638986246e-25
5.890610002766468811e+10 6.212005530655126342e-24
1.430435479525553131e+10 1.508480973258268364e-24
3.196011688300461769e+09 3.370388172776134214e-25
4.450024105570189667e+10 4.692820326310536789e-24
1.936743684036699677e+10 2.042413683989788881e-24
6.438841608667450714e+10 6.790149010929228120e-24
2.304954987091746902e+10 2.430714836154583349e-24
4.869064058964425659e+10 5.134723373164419271e-24
1.160662004629974365e+09 1.223988481430028505e-25
7.081626660661639404e+10 7.468004835051870134e-24
2.902540043881914139e+10 3.060904523822579719e-24
2.094399427929617882e+09 2.208671228207180556e-25
3.143800563959032822e+10 3.315328375400588875e-24
1.481653967454819679e+09 1.562493975330884136e-25
3.034181888175108719e+10 3.199728833092912226e-24
7.933391215628509521e+09 8.366242220277721854e-25
8.073368896477247238e+09 8.513857174788759346e-25
2.406840374265272617e+09 2.538159156576006682e-25
6.247930373513265610e+09 6.588821534133949790e-25
1.487838992289395332e+10 1.569016459158803296e-24
6.102169203715699768e+10 6.435107539740840406e-24
9.078332015264236450e+09 9.573651737504218788e-25
2.027883029272134781e+10 2.138525651408599138e-24
7.311835324029785156e+09 7.710773833402810076e-25
7.156870341678524780e+10 7.547353860433659770e-24
2.914738228129379654e+10 3.073768248967109544e-24
3.875562442900806427e+10 4.087015660244439695e-24
1.637429133739167213e+09 1.726768336397502017e-25
3.033943713910257339e+10 3.199477663884660295e-24
6.772771896909233093e+09 7.142298753729549301e-25
4.041666586914631367e+09 4.262182554809522577e-25
2.260241863511206436e+10 2.383562135357087383e-24
1.727371210714071274e+10 1.821617711817758236e-24
1.084453000585641861e+10 1.143621464366128638e-24
5.067998976466968536e+10 5.344512309655859586e-24
3.545496432627728939e+09 3.738941032941887140e-25
7.945493509013293457e+10 8.379004822691492845e-24
7.147163099493566895e+10 7.537116984776970679e-24
5.722887112321749687e+09 6.035131569796957111e-25
4.195018507764595795e+10 4.423901456588655523e-24
7.830984441709957886e+10 8.258248065910036653e-24
5.789801210560027313e+10 6.105696544925129783e-24
1.087547663666897058e+09 1.146884974285685808e-25
3.328668442862539673e+10 3.510282766482282490e-24
1.396365146478495598e+09 1.472551740594726530e-25
9.437087133533827209e+10 9.951980769267465132e-24
3.182690262063631058e+10 3.356339920825904539e-24
9.282557649501287842e+10 9.789020055689654547e-24
1.016041859754293680e+09 1.071477767023548189e-25
6.620815544508278847e+09 6.982051563525208793e-25
3.487115911134744644e+09 3.677375232078032929e-25
6.860334160666347504e+10 7.234638471769009218e-24
1.203924353026828766e+09 1.269611251802566387e-25
7.745970373997466087e+09 8.168595575155179228e-25
1.250769348465463448e+10 1.319012140778690427e-24
8.120505344320780945e+10 8.563565418003290603e-24
1.035280396214773369e+10 1.091765970594669603e-24
4.543976918220356941e+09 4.791899265763215352e-25
8.876795889300767517e+10 9.361119668919825354e-24
1.497150613395578766e+10 1.578836128392348009e-24
1.475169223366132975e+09 1.555655419370654813e-25
1.055778593593579650e+09 1.113382563006287902e-25
2.754847582700367451e+09 2.905153865526587412e-25
5.683404473036578369e+10 5.993494731933109254e-24
3.904025664657475281e+10 4.117031853964555749e-24
6.124678297343609810e+09 6.458844744213881981e-25
5.433477479500918388e+09 5.729931558446087344e-25
2.012652553675264120e+09 2.122464191118775977e-25
4.259980678147520065e+09 4.492408005403220554e-25
5.638682346229692459e+09 5.946332536687360330e-25
6.411803459072774887e+09 6.761635642238731153e-25
2.273894783451417446e+09 2.397959967523594970e-25
1.543135884076779747e+10 1.627330385466935584e-24
1.799199090219092560e+10 1.897364567326928031e-24
4.039813129399991035e+09 4.260227971442711376e-25
8.959059584052976608e+09 9.447871724569894495e-25
2.090821718353585720e+09 2.204898316460697143e-25
1.317242518108083725e+09 1.389112129959132620e-25
8.758570030328451157e+09 9.236443329889137047e-25
1.047039831404259801e+09 1.104167008246145949e-25
3.073544836502553940e+10 3.241239449582230692e-24
4.706976473623441696e+09 4.963792183335886677e-25
1.936437157757353592e+10 2.042090433436502258e-24
6.628363637354188919e+09 6.990011485245145096e-25
1.695848343306059074e+10 1.788374936181836584e-24
2.356067066233454704e+09 2.484615623706714313e-25
2.370733520408364868e+10 2.500082289197529804e-24
8.475771524199124336e+09 8.938215152618642076e-25
7.062202792949794006e+10 7.447521188435300171e-24
2.261209920653523636e+10 2.384583010329160097e-24
5.230959803423253632e+10 5.516364385732386464e-24
3.600335266559347534e+10 3.796771909458564807e-24
5.956752291047955322e+10 6.281756585371330239e-24
1.436516109375577927e+09 1.514893366243117414e-25
5.536533244509813309e+09 5.838610113281748042e-25
1.197897513050145149e+10 1.263255583501668932e-24
6.659815856201111794e+09 7.023179757688356088e-25
6.425357480856397629e+09 6.775929180300653986e-25
2.627353577096417904e+09 2.770703703732620877e-25
3.817991529630499268e+10 4.026303640356507225e-24
6.289251779710501862e+10 6.632397463233165515e-24
3.205835104571655655e+10 3.380747561053057289e-24
6.645922965304360962e+10 7.008528861593235481e-24
2.357839842976674271e+10 2.486485124306537193e-24
1.172765064871198463e+10 1.236751892540427513e-24
2.030279945741455841e+10 2.141053345205497652e-24
2.446574752960178375e+09 2.580061468916150797e-25
1.450298738806777382e+10 1.529427984935132531e-24
1.687290274293346977e+10 1.779349933335997733e-24
5.747489532661161423e+09 6.061076314253668796e-25
2.247981874158746243e+09 2.370633232980680442e-25
1.335005073410362625e+10 1.407843821876353964e-24
2.072545913707321930e+10 2.185625371980168679e-24
2.381448785147682667e+09 2.511382185777309310e-25
1.158180717173941994e+10 1.221371813310295718e-24
6.423198927469323158e+09 6.773652854831403232e-25
4.746633298404875946e+10 5.005612710370403742e-24
3.543310262360212803e+09 3.736635583797166000e-25
4.451142421249316216e+09 4.693999658023294888e-25
2.584679639569873810e+09 2.725701448311666560e-25
1.248619735559285927e+10 1.316745243588811831e-24
9.630738818282442093e+09 1.015619821637635799e-24
1.011074958252203941e+10 1.066239868132480803e-24
7.555202494893209457e+09 7.967419276009515423e-25
2.020202251374618149e+10 2.130425805254007586e-24
1.268338343662550449e+09 1.337539711825000208e-25
5.216232541658311844e+09 5.500833594949724632e-25
9.165570827439779663e+10 9.665650356232627443e-24
3.859411859539984131e+10 4.069983890510300612e-24
5.490876991139360046e+10 5.790462824917207327e-24
1.304645180136848640e+10 1.375827473003046200e-24
2.969311068003100204e+10 3.131318618616415441e-24
7.084455612752021790e+10 7.470988136615401825e-24
4.700299471636227608e+09 4.956750879760655776e-25
8.715904849348663330e+10 9.191450308777847088e-24
3.012525233339785767e+10 3.176890577029561748e-24
1.491188431368981600e+09 1.572548645821510777e-25
4.847137897271636200e+10 5.111600905773490378e-24
3.187630651697505951e+09 3.361549861343916671e-25
2.020337783137293243e+10 2.130568731718146632e-24
1.610330267705623817e+10 1.698190938539590004e-24
3.335230124834488392e+09 3.517202458106919020e-25
1.383962709682169342e+10 1.459472618748908088e-24
9.337618766798025131e+09 9.847085343496986350e-25
1.260068221459141159e+10 1.328818366354387595e-24
7.924023905408580017e+10 8.356363823496024593e-24
3.894062655736170959e+10 4.106525256771388764e-24
5.929106139725934029e+09 6.252602041982262997e-25
1.237488315453380966e+10 1.305006485933925149e-24
4.817368986636669159e+09 5.080207783937356967e-25
3.763592035470967102e+10 3.968936074276737896e-24
7.684984376553051758e+10 8.104282141870799608e-24
9.325452768155937195e+09 9.834255560025477621e-25
4.746767305736810684e+09 5.005754029229865237e-25
3.027879479640043736e+09 3.193082561033162261e-25
2.695305358526131630e+09 2.842362978724685386e-25
4.730478099798780823e+10 4.988576073580195942e-24
2.959355476379848003e+09 3.120819843413925062e-25
2.986600463147483826e+09 3.149551334448587955e-25
1.374219242696350479e+10 1.449197541842571355e-24
4.539260315627664185e+10 4.786925322253468900e-24
2.547039605831469536e+09 2.686007749756304482e-25
3.879938049806871796e+10 4.091630003120251467e-24
3.895525974289752483e+09 4.108068414940693617e-25
3.031257640168861389e+10 3.196645036206123908e-24
9.797722852387849426e+10 1.033229300841092498e-23
1.541534065709958076e+09 1.625641170844149728e-25
2.349617845430020809e+09 2.477814529205374915e-25
4.801623036127845764e+10 5.063602724087817521e-24
8.612065382742507935e+10 9.081945293074078239e-24
3.720068040300022125e+09 3.923037381511278711e-25
1.553685500131987333e+09 1.638455595462243359e-25
4.556381463211793900e+09 4.804980610828646280e-25
2.312963910565745544e+10 2.439160731722565043e-24
4.692067965569924164e+10 4.948070257348803611e-24
5.608700181266192436e+09 5.914714525227289528e-25
6.043321190489042664e+10 6.373048740489086306e-24
1.576338518552416801e+10 1.662344577358456371e-24
5.302132003665900230e+09 5.591419787690515976e-25
4.888274110143505096e+09 5.154981537278588105e-25
1.007900063084350777e+10 1.062891748611295160e-24
1.602102928857569122e+10 1.689514710712134488e-24
3.222282783200609207e+10 3.398092635767138281e-24
2.925830231343271637e+10 3.085465439118618843e-24
1.166415064068211555e+10 1.230055431547543308e-24
1.593907049597751856e+09 1.680871658928591398e-25
3.284834085359083939e+10 3.464056777812806567e-24
1.677562164063158035e+10 1.769091051059904558e-24
6.839326085172597504e+10 7.212484181959582942e-24
8.421493146917810059e+10 8.880975311633046076e-24
1.482143469361625481e+10 1.563010184781334260e-24
1.712171639805572748e+09 1.805588842396283083e-25
1.650770558466367245e+09 1.740837677968792987e-25
3.929279216331725311e+10 4.143663255906876403e-24
3.556906925015823364e+10 3.750974089244893271e-24
5.356948577680118561e+09 5.649227189774165610e-25
1.263410397017665482e+10 1.332342893193581241e-24
1.265400570580724239e+09 1.334441651925678419e-25
7.623480070446797180e+10 8.039422120665572324e-24
1.348636393622332573e+10 1.422218875819344717e-24
6.784181076091775513e+10 7.154330425177650643e-24
1.856430157689301729e+09 1.957718199206015177e-25
2.229599707404804230e+09 2.351248123206432121e-25
3.000397486205683136e+10 3.164101132093290180e-24
4.637814834695196152e+09 4.890857040230221465e-25
2.437497414877140045e+09 2.570488865340463757e-25
1.751400447507545233e+09 1.846957999460018973e-25
4.662266053177136421e+09 4.916642333157395274e-25
4.030712020364237976e+10 4.250630299955608963e-24
4.183878338881127930e+10 4.412153472817189446e-24
6.363352587015094757e+09 6.710541258966706951e-25
1.446846842690648079e+09 1.525787751113071465e-25
1.404822118913985968e+09 1.481470130968082003e-25
2.348397259572242355e+10 2.476527347386243077e-24
2.093432447166219473e+09 2.207651488341963073e-25
1.264401674101309967e+10 1.333388255002140911e-24
2.332452605927598476e+09 2.459712743028054055e-25
1.158927891307616949e+09 1.222159753752554033e-25
2.559671873029832363e+09 2.699329241700957333e-25
9.809391198724787903e+10 1.034459798734258338e-23
4.091041319228769302e+09 4.314251204756810516e-25
7.196194106629353523e+09 7.588823155675750036e-25
3.229853903900362015e+09 3.406076841755657791e-25
2.871063912965050220e+09 3.027711034651279089e-25
2.524028588567656994e+09 2.661741236366066268e-25
1.114031114790616274e+09 1.174813379794472794e-25
2.537640409708733749e+10 2.676095727356124260e-24
1.714230175835050011e+10 1.807759693495602166e-24
3.089069617144605160e+09 3.257611272392659168e-25
1.508236781837536430e+10 1.590527165422956545e-24
1.149845166693111801e+10 1.212581469752726319e-24
4.924207946640616417e+09 5.192875947357150676e-25
5.527525007914145660e+10 5.829110381415700636e-24
1.129137752151796341e+10 1.190744245153608730e-24
6.478018215566053772e+10 6.831463119079678822e-24
5.379774912850687408e+10 5.673298944695568759e-24
1.586296160323819923e+10 1.672845514566519507e-24
2.620144702676842213e+09 2.763101508417845049e-25
9.877535889241716003e+10 1.041646069666761601e-23
1.166913726228903770e+10 1.230581301041312731e-24
1.298702130932079887e+10 1.369560167153288481e-24
5.735096570542319298e+09 6.048007184029924304e-25
3.453500372528501892e+10 3.641925607736943756e-24
6.384522241802912712e+09 6.732865943941984847e-25
1.222214388569911957e+09 1.288899203626936432e-25
2.278603077245441818e+10 2.402925148901193151e-24
4.217708899846426010e+09 4.447829851277637830e-25
2.316341229387289047e+10 2.442722319264154319e-24
1.359765083522357559e+10 1.433954754306536081e-24
5.795377584027678490e+09 6.111577168970139971e-25
2.778376804692188644e+10 2.929966857233144354e-24
5.805651266977758026e+10 6.122411390769939607e-24
1.142653973164281464e+10 1.204997920009639339e-24
2.478843647172855377e+09 2.614090975066300560e-25
4.648400547699152374e+10 4.902020316647370560e-24
9.906733371140592957e+10 1.044725121224271734e-23
1.122032166653729677e+09 1.183250974271339804e-25
2.070504145299394989e+10 2.183472203354779745e-24
7.395115290974238586e+10 7.798597609719483672e-24
1.124739094970766783e+09 1.186105594364780569e-25
2.687661340915695190e+10 2.834301898522438758e-24
5.256954244512573242e+09 5.543777100500009631e-25
4.426592485548240662e+10 4.668110261801055122e-24
1.972962634766956711e+10 2.080608764320215646e-24
5.482512734200937653e+10 5.781642208658976052e-24
9.111563472141082764e+09 9.608696324365977346e-25
1.582624666517862129e+10 1.668973701661291563e-24
3.069516186810523510e+09 3.236990994132589140e-25
4.002249294884578228e+09 4.220614629589700141e-25
6.907567130347783089e+09 7.284448503115940376e-25
8.444393283603988647e+09 8.905124894728938768e-25
4.999465250686241150e+10 5.272239339049022317e-24
2.761084353988357544e+10 2.911730919128206092e-24
3.129134121041850567e+09 3.299861721781730650e-25
8.867703469911589050e+10 9.351531161192088518e-24
6.268805770409094238e+10 6.610835906314522887e-24
4.628651933562305450e+09 4.881194205228816158e-25
8.854601114693853378e+09 9.337713932918792370e-25
3.801299756047754669e+10 4.008701152708580027e-24
5.990144127131862640e+10 6.316970301834403098e-24
1.227024580434207726e+10 1.293971842700051740e-24
1.734940994660855770e+09 1.829600508119194661e-25
1.498748482162449360e+09 1.580521177922430544e-25
4.927050438773159981e+09 5.195873527716384896e-25
3.215986831842411423e+10 3.391453173192041270e-24
5.383919747452976227e+09 5.677669924180033058e-25
8.394153117241871834e+09 8.852143592086947820e-25
1.944516083421493053e+09 2.050610150559824947e-25
1.720104013341777039e+10 1.813954011411882801e-24
5.048611349073054504e+10 5.324066880652629903e-24
5.352730830136568069e+09 5.644779319170757940e-25
8.122966013640531921e+10 8.566160343047764502e-24
7.659338863676569939e+09 8.077237393067132316e-25
2.631777159059769440e+10 2.775368639216168330e-24
1.763402573359644175e+09 1.859614969135119320e-25
5.801160279841650963e+09 6.117675372443400447e-25
4.921485032548039246e+10 5.190004469293818060e-24
2.738036998392044830e+10 2.887426084762319885e-24
2.627471561890853405e+09 2.770828125854476002e-25
2.413774301807187557e+09 2.545471403731956027e-25
6.528436427191469193e+09 6.884632181250784327e-25
2.249460755127992630e+09 2.372192802661210059e-25
1.436763891867266464e+10 1.515154667909336288e-24
7.531083102315755844e+09 7.941983913624835691e-25
7.754220131062371826e+10 8.177295444352034387e-24
7.001405686223320961e+09 7.383406951869765297e-25
2.255239135821037769e+09 2.378286455577727821e-25
8.091544886142010689e+09 8.533024858317224182e-25
5.795115717800919342e+10 6.111301015151068931e-24
2.598086629405271149e+10 2.739839932266267576e-24
5.172103807148918915e+10 5.454297167872661515e-24
3.014548064538164139e+09 3.179023775218884261e-25
1.935514549759188080e+10 2.041117487343561090e-24
1.553818039563937187e+10 1.638595366332139001e-24
1.028897541452437973e+10 1.085034863108963521e-24
1.372176404652286720e+10 1.447043245220999506e-24
4.579327924676489258e+10 4.829179046213217582e-24
5.483874356545797348e+09 5.783078122008011415e-25
5.011629625743505096e+10 5.285067410351858755e-24
6.626907700854341507e+09 6.988476111899245603e-25
8.655357261827278137e+09 9.127599205348146626e-25
2.801504732507964706e+10 2.954356659891395363e-24
2.284962349402654648e+10 2.409631387099443533e-24
1.480535761306602478e+09 1.561314759125113466e-25
1.975545329760833740e+10 2.083332372839269713e-24
5.634421613594720840e+09 5.941839335697877229e-25
6.971579638576925278e+09 7.351953575589552760e-25
2.946493035342434311e+10 3.107255619195276371e-24
3.680072081232612610e+09 3.880859216802714094e-25
7.382810915150932312e+09 7.785621899117400249e-25
1.974269395992102051e+10 2.081986823291024590e-24
2.068864784404296875e+10 2.181743397858862197e-24
2.110954036409948730e+10 2.226129066935147155e-24
3.361663852581230164e+10 3.545078427298814745e-24
1.016679373689214587e+09 1.072150064135008418e-25
2.609571432675378418e+10 2.751951353901528719e-24
2.192699780683659554e+09 2.312334912390427271e-25
7.799944502413928223e+10 8.225514567259204531e-24
3.079756212002439976e+09 3.247789721784964403e-25
2.932318556111496735e+10 3.092307771122600084e-24
4.890299430494091034e+09 5.157117360429888577e-25
1.103172657737460899e+10 1.163362478234718632e-24
1.063882761627784371e+09 1.121928899739868053e-25
1.463534109041281462e+09 1.543385485611360318e-25
4.594556663004675865e+09 4.845238674447842318e-25
1.381653029677654266e+10 1.457036921095294413e-24
3.266182588248931885e+10 3.444387642842260702e-24
1.665581260373100519e+09 1.756456461441863387e-25
1.160525827082719612e+10 1.223844873946881572e-24
3.963471962584705830e+09 4.179721580720782942e-25
2.205009762277491570e+09 2.325316534617536576e-25
5.310245867763444901e+09 5.599976349510982697e-25
5.462425978251680756e+10 5.760459506189944687e-24
1.061948844315889239e+09 1.119889466636729301e-25
4.801083961936730194e+10 5.063034237656859006e-24
3.285254349919760895e+10 3.464499972282316178e-24
7.493143482008947372e+09 7.901974282862288978e-25
2.364453256530548573e+09 2.493459370021986708e-25
5.515051562637075806e+10 5.815956376820066605e-24
2.534053540133683014e+10 2.672313155835095208e-24
2.536356131096644878e+09 2.674741377664420055e-25
1.988258263587514496e+10 2.096738932636150676e-24
2.896467790315914154e+09 3.054500964137281306e-25
6.481445446041467667e+09 6.835077341487562752e-25
1.130330122837999344e+09 1.192001672362981958e-25
1.492902155285284996e+10 1.574355871633624037e-24
1.725190048288201141e+10 1.819317543745792786e-24
2.022710303967764616e+09 2.133070698834211036e-25
6.055531494252992249e+10 6.385925246398832832e-24
2.338387681260472775e+09 2.465971639946260353e-25
2.498349327789933014e+10 2.634660898353629543e-24
1.890878649270023346e+10 1.994046222979727549e-24
1.047864178280706525e+09 1.105036332026409762e-25
7.215988854595301819e+10 7.609697918015243235e-24
2.041374069982174635e+09 2.152752772108442180e-25
1.105816641841700554e+09 1.166150719838013865e-25
4.565596274329006195e+10 4.814698188057012036e-24
1.850043881643509388e+09 1.950983483769392893e-25
8.267127861814872742e+10 8.718187755785646747e-24
1.177875508875833511e+10 1.242141165706701794e-24
5.284468782058308411e+10 5.572792849179221695e-24
1.156727244875836611e+09 1.219839038614594675e-25
1.061597017892078590e+10 1.119518444333518679e-24
3.617142354559461975e+10 3.814496003153765135e-24
1.011162690841904998e+09 1.066332387469558991e-25
4.537235135552395821e+09 4.784789647030998881e-25
3.569244128526243591e+10 3.763984418634134344e-24
7.516477089318219185e+09 7.926580987021494666e-25
5.462574146964875221e+09 5.760615759084874418e-25
1.306176276041862249e+09 1.377442106500330959e-25
1.100368884878020287e+10 1.160405729697408248e-24
1.393072631984978294e+10 1.469079584360671565e-24
2.224730868251221466e+10 2.346113637009633749e-24
9.495078830411087036e+10 1.001313653099068739e-23
2.764077607077625751e+09 2.914887486060400287e-25
2.386721473726976395e+09 2.516942555688169396e-25
2.895102968732298660e+10 3.053061676996935011e-24
3.880425678429666138e+10 4.092144237079091615e-24
7.382015294013571167e+10 7.784782868371301459e-24
4.091449729934271240e+10 4.314681898617067133e-24
6.141352515454984665e+09 6.476428718552459275e-25
6.394400593023548126e+09 6.743283264455059608e-25
8.786028682650257111e+09 9.265400144210113147e-25
5.243439055718354034e+10 5.529524514180747145e-24
1.728401268537516356e+09 1.822703970268602862e-25
1.684724701656639338e+09 1.776644381381099727e-25
2.300317480338785172e+09 2.425824304005227141e-25
4.010249365853948593e+09 4.229051189654620820e-25
1.140927605402152777e+09 1.203177360495217016e-25
2.439300984159368992e+09 2.572390838540330308e-25
9.118811115994825745e+10 9.616339404400562340e-24
6.095717965543497086e+09 6.428304317801775758e-25
3.697495463036931038e+09 3.899233229694470810e-25
2.405725925769311905e+09 2.536983903042452999e-25
7.050298602698202133e+09 7.434967497791015474e-25
4.111941453094111919e+09 4.336291663572105932e-25
1.032006910462059021e+09 1.088313881321940178e-25
5.495477039624488831e+10 5.795313855051179946e-24
5.852351657686086655e+09 6.171659785287256284e-25
5.019551039347364426e+09 5.293421021454048226e-25
8.759144168408265686e+10 9.237048793317456178e-24
4.244681049474166107e+10 4.476273618999909332e-24
1.597824974320234108e+10 1.685003348182050978e-24
5.193166810190960884e+09 5.476509382113278137e-25
9.061629148789627075e+09 9.556037551729004627e-25
3.873293015393225098e+10 4.084622411290274920e-24
1.980026251454472542e+09 2.088057776546227563e-25
5.815150923851986885e+09 6.132429355125808392e-25
3.151960207861351013e+09 3.323933214801868737e-25
2.302534835191722488e+10 2.428162639186711500e-24
1.176525106597762585e+09 1.240717084598625363e-25
4.781849175226955414e+09 5.042749988425289349e-25
6.400715867752408981e+09 6.749943104696539965e-25
5.425589308450970650e+09 5.721613003633254902e-25
1.333007325789372921e+09 1.405737075840779926e-25
5.704323704082395554e+09 6.015555329883515306e-25
4.462207320041651154e+10 4.705668264918309339e-24
8.389993627593291283e+09 8.847757157967298966e-25
3.019687050004566574e+10 3.184443147087715445e-24
4.348410431522528839e+10 4.585662543860534586e-24
6.588714508780782700e+09 6.948199074328791132e-25
2.839111363639596939e+09 2.994015133371950476e-25
7.007934530911677551e+10 7.390292014587176191e-24
1.692998130248410702e+09 1.785369213638782189e-25
1.028445130953951836e+09 1.084557768798289080e-25
1.728844578675557137e+09 1.823171467697224147e-25
5.123924902021654129e+09 5.403489590224350178e-25
8.281969759537635803e+09 8.733839437138837672e-25
5.499799217573820114e+09 5.799871853851492599e-25
8.300649586683782578e+09 8.753538447850640318e-25
1.383893929538949966e+09 1.459400085916166198e-25
9.720208582933221817e+09 1.025054950980370060e-24
3.348488741823898697e+10 3.531184473896179347e-24
1.897497557103096485e+09 2.001026262745836318e-25
7.692203625848421097e+09 8.111895278121366864e-25
8.908694355457591248e+10 9.394758536217532086e-24
5.764571712251524353e+10 6.079090508715896779e-24
4.919092908731944084e+09 5.187481829640435341e-25
1.951111769042322159e+10 2.057565701094627042e-24
1.233818729547890282e+10 1.301136685025459468e-24
8.213907630571101379e+10 8.662063793976293732e-24
9.471965860596267700e+09 9.988762502451691940e-25
4.297506835516846657e+09 4.531981614420455314e-25
9.654862256270861816e+10 1.018163784489226835e-23
5.460570667760268211e+09 5.758502968746738001e-25
1.221773403750267982e+09 1.288434158387601827e-25
1.312274456671740341e+10 1.383873007847041377e-24
1.429081429455702019e+10 1.507053045332510550e-24
1.436608855388476610e+09 1.514991172539036158e-25
2.592893061190823746e+10 2.734362999579019665e-24
9.220182096730934143e+09 9.723241252033473038e-25
6.308921026355463409e+10 6.653139876817656148e-24
6.701705150811553955e+10 7.067354559563390220e-24
3.275727110055994511e+09 3.454452919990991572e-25
1.954821155972119141e+10 2.061477474597272334e-24
1.665100192831786394e+09 1.755949146541393216e-25
8.208689364934547424e+10 8.656560816359463314e-24
3.479744032887929916e+09 3.669601139340774006e-25
1.603777771744018364e+10 1.691280934120018315e-24
8.385808453918427467e+09 8.843343638484120928e-25
2.849188373809456825e+09 3.004641951796228901e-25
8.218793893345445251e+10 8.667216654437978757e-24
3.207721921104383945e+09 3.382737323527764162e-25
5.381822757507348061e+09 5.675458521093789797e-25
1.138396426908981895e+10 1.200508079250784249e-24
7.755632070899639893e+10 8.178784420548718186e-24
2.870165920825662613e+09 3.026764047474443640e-25
8.734177835277423859e+09 9.210720280749804685e-25
1.506124911658371210e+09 1.588300070227919229e-25
3.086207661571926498e+10 3.254593166655287303e-24
2.081212253558368301e+10 2.194764552991974700e-24
7.441828980155412292e+10 7.847860028283006426e-24
6.285598640500712585e+10 6.628545006362856742e-24
5.440911631120127678e+09 5.737771322231598191e-25
2.511173197553860855e+10 2.648184446824926962e-24
5.207033610054677963e+09 5.491132763631566108e-25
7.377047220136926651e+09 7.779543733140158732e-25
2.366573043109601212e+10 2.495694813540858089e-24
5.594856856417353821e+10 5.900115899536018946e-24
2.259485870811016560e+09 2.382764895201567420e-25
4.161355804209709930e+10 4.388402093948530435e-24
3.951230779680727386e+10 4.166812510884965572e-24
1.093423635516759872e+09 1.153081542996257268e-25
3.422741564067651749e+09 3.609488578603216661e-25
2.163558976364923954e+09 2.281604166761246348e-25
1.151325342268867254e+09 1.214142404674341553e-25
4.223502409181406498e+09 4.453939458264672908e-25
1.167920438693744898e+09 1.231642940395545245e-25
6.803937186866125488e+10 7.175164442255146373e-24
2.262248065301046371e+09 2.385677796826484205e-25
2.930735137272423267e+09 3.090637959917810125e-25
6.885627926225318909e+10 7.261312281691857416e-24
8.633837112349205017e+10 9.104904902463465795e-24
9.105464490269573212e+09 9.602264578061369741e-25
1.677196470211237431e+09 1.768705404712651905e-25
1.773341038024518967e+10 1.870095682921200669e-24
1.799711734882488489e+09 1.897905182217878217e-25
5.955650620957692146e+09 6.280594807441632293e-25
3.684270003804670811e+09 3.885286180771240129e-25
2.475396797532611847e+09 2.610456063059144584e-25
2.073666026060471773e+09 2.186806598394657935e-25
1.743077718013214111e+09 1.838181176410343199e-25
1.507478333792711020e+09 1.589727335957594332e-25
1.297644852265970230e+09 1.368445202672830135e-25
1.460033872395227051e+10 1.539694273768498619e-24
3.906935929455273151e+09 4.120100904709911866e-25
1.238832172498762131e+09 1.306423664697142590e-25
7.758894108386758423e+10 8.182224436931005409e-24
3.269153538553036118e+10 3.447520690134770583e-24
6.456390163314095497e+09 6.808655026175317448e-25
1.371513644702723312e+10 1.446344324655854169e-24
2.433202229230129242e+10 2.565959331560110085e-24
2.403905859533272552e+10 2.535064532804204845e-24
7.489556348128268433e+10 7.898191432614944019e-24
5.289515288597441673e+09 5.578114696410129463e-25
1.871581110702794313e+09 1.973695798108388689e-25
3.596501242490088463e+09 3.792728698532749226e-25
6.957249329824993134e+09 7.336841395835471557e-25
1.321481936020955467e+10 1.393582853281360636e-24
1.178364013421226263e+09 1.242656323379048978e-25
2.219324790321565247e+10 2.340412599938361973e-24
7.799731575951472473e+10 8.225290023389930950e-24
2.958303317985037613e+10 3.119710278570111269e-24
4.826569763282715797e+09 5.089910560964646494e-25
2.682999205945916176e+09 2.829385394424675315e-25
2.146014839304818392e+09 2.263102810128102224e-25
2.734581030233213043e+10 2.883781556724247854e-24
1.437822805480720043e+09 1.516271356540932968e-25
4.098531750136462402e+10 4.322150318465531437e-24
1.161815802751310110e+09 1.225205231530210363e-25
4.712967410872394562e+10 4.970109990032786602e-24
1.667574900308200598e+09 1.758558875673523525e-25
6.729086002320904732e+09 7.096229328208786291e-25
1.894831800346693039e+10 1.998215060560259145e-24
1.744104546576165199e+09 1.839264029410132845e-25
6.052295790618680573e+10 6.382513000661555098e-24
6.871018425577195168e+09 7.245905677149436490e-25
6.867098786686060905e+09 7.241772180201164591e-25
1.597374031879999924e+10 1.684527802027844956e-24
7.065512805314456940e+09 7.451011797235775529e-25
8.251484342983497620e+10 8.701690716352756352e-24
2.881669089527228832e+09 3.038894836571095312e-25
1.688984094370656490e+09 1.781136169342665774e-25
3.270852919711187363e+09 3.449312790638482086e-25
4.071227579385819435e+09 4.293356414331106209e-25
3.563845966435906219e+10 3.758291729295542866e-24
4.787436702302227783e+10 5.048642374626034982e-24
4.027368886703543854e+10 4.247104762739565134e-24
1.227354679435656738e+10 1.294319952118550376e-24
4.451401892146558762e+09 4.694273285822106553e-25
1.177937492976722002e+09 1.242206531700605898e-25
7.589124488489735413e+10 8.003192075725249562e-24
1.336603570408877945e+10 1.409529533914809993e-24
7.810476681029047012e+09 8.236621388416306421e-25
2.904479510004536152e+09 3.062949808483181574e-25
6.637112789341371918e+10 6.999237996677305088e-24
1.714437350990864515e+09 1.807978172263188278e-25
1.547934446265929794e+10 1.632390760342235892e-24
1.775739128745209503e+10 1.872624615037389902e-24
8.478581050017768860e+10 8.941177968000365910e-24
5.159843471683513641e+10 5.441367900499160766e-24
5.237358913019449615e+10 5.523112634926301578e-24
1.907458944894989777e+10 2.011531150359713228e-24
3.133175269151001453e+09 3.304123357570290865e-25
3.792112104179372406e+10 3.999012216555393981e-24
9.777742269898123169e+10 1.031122227229469864e-23
1.050817254199657679e+09 1.108150529695641540e-25
3.933759728205436707e+10 4.148388227433863617e-24
7.945706784933144569e+09 8.379229735084784831e-25
1.259822431705258131e+09 1.328559166151050035e-25
1.766160925947634125e+10 1.862523819241312598e-24
1.548936569810643768e+10 1.633447560401862886e-24
8.256086838879490662e+10 8.706544327429929017e-24
2.374475262646033764e+09 2.504028183334769858e-25
7.579074296621514893e+10 7.992593538826658409e-24
1.530229562162648678e+09 1.613719886202284796e-25
3.220862080307203293e+10 3.396594418396252732e-24
1.674527928865171909e+09 1.765891266008382611e-25
4.955724557252265930e+09 5.226112124821814025e-25
3.223757462649358273e+09 3.399647774689468781e-25
8.464909633934016228e+09 8.926760630528648320e-25
3.674178562778914642e+10 3.874644144134145862e-24
2.248378696048135376e+10 2.371051705731450275e-24
9.715688418632687378e+10 1.024578272238759238e-23
2.797577472257658958e+09 2.950215125757618994e-25
1.097399942364236593e+09 1.157274799741570172e-25
5.526216550319715118e+10 5.827730533520591093e-24
1.685508308447357416e+09 1.777470742269957478e-25
1.577748951451684570e+10 1.663831964397617793e-24
2.624879296247799873e+09 2.768094424505377356e-25
3.093138630628852844e+09 3.261902293909375860e-25
4.807926542100154114e+10 5.070250153461703667e-24
3.902998106569712067e+10 4.115948231636604143e-24
5.159821661903347015e+10 5.441344900763147944e-24
4.225222779324231148e+09 4.455753692925765408e-25
2.924032284465776825e+10 3.083569395085560250e-24
5.914991038347480011e+10 6.237716811456471900e-24
1.059095017017729640e+09 1.116879932657841526e-25
6.386112239891513824e+09 6.734542693364452545e-25
2.314485193576869965e+09 2.440765016928062739e-25
1.870278005107945251e+10 1.972321594221451830e-24
1.150490662525050879e+09 1.213262184258717676e-25
7.441740346735432434e+10 7.847766558965761757e-24
9.721302796646856308e+09 1.025170342453199257e-24
5.709936426904178619e+09 6.021474286527151866e-25
3.881709781015546417e+10 4.093498401140482908e-24
5.197072177315031052e+09 5.480627828617556555e-25
1.897988411943200302e+10 2.001543898946508257e-24
3.358164843355808258e+10 3.541388509845456867e-24
6.384729447175012207e+10 6.733084454574476974e-24
9.423522195183544159e+09 9.937675719023878445e-25
1.723626987546807098e+10 1.817669201389783870e-24
6.218825245698799133e+09 6.558128411542405227e-25
1.952010916912596464e+09 2.058513907059781456e-25
2.840898355106895828e+10 2.995899624260479761e-24
9.473017204041391373e+09 9.989871207881632073e-25
3.592304515448188305e+09 3.788302995323286798e-25
1.052186118861494255e+10 1.109594080507196544e-24
4.828796227071465302e+10 5.092258502071428319e-24
8.054912138592465210e+10 8.494393404142869661e-24
3.157363689984991837e+10 3.329631514438254109e-24
9.496937308693691254e+09 1.001509640906184036e-24
3.809570393402886200e+10 4.017423041437929220e-24
3.005756999738431549e+10 3.169753064183755656e-24
5.210892229732881927e+10 5.495201912118809867e-24
4.036769835291216278e+10 4.257018633220313717e-24
9.947088343427775574e+10 1.048980797816673626e-23
1.653029334339590073e+09 1.743219694128474392e-25
1.349952827375020790e+10 1.423607135057114582e-24
8.615403006936253357e+10 9.085465020223060293e-24
3.391507048370481014e+09 3.576549887335752412e-25
2.650228209000145912e+09 2.794826390488478555e-25
1.039476048212376118e+09 1.096190540104715563e-25
1.550788525473482895e+10 1.635400559974858229e-24
7.099904085101126671e+09 7.487279487702597835e-25
1.426871532980334473e+10 1.504722575462546092e-24
2.186345202220048523e+10 2.305633623976766146e-24
9.270018724789451599e+10 9.775796999058539321e-24
7.284087241837965012e+09 7.681511797729134906e-25
1.081910546047357798e+09 1.140940291848198819e-25
2.661045836614059925e+09 2.806234234928127728e-25
2.569860796437650681e+09 2.710074079422528147e-25
2.522142291163692951e+09 2.659752021344127531e-25
2.203595035753164291e+09 2.323824619690329087e-25
3.697792074965624237e+10 3.899546024963659373e-24
6.404684796214202881e+09 6.754128580486629274e-25
2.587949272336887360e+10 2.729149474377279813e-24
2.480433425205585003e+09 2.615767492426504896e-25
4.140587188861941814e+09 4.366500329387000423e-25
1.215872295205719233e+09 1.282211081507869831e-25
6.623180767027720451e+09 6.984545834129629029e-25
4.636495899398817062e+09 4.889466142962903346e-25
6.214487841213809204e+10 6.553554355436706561e-24
2.882738918187882423e+09 3.040023035781994082e-25
1.335775297853370857e+10 1.408656070267872970e-24
4.097087767676730347e+10 4.320627551379981446e-24
1.989761942883663559e+10 2.098324653656490438e-24
1.161690851907074451e+09 1.225073463286329221e-25
1.710116127081040001e+10 1.803421179555400308e-24
1.542748214732810497e+09 1.626921564630439687e-25
8.129217350079052734e+10 8.572752756484036404e-24
1.630697423740231037e+09 1.719669339905709186e-25
4.130430793608169079e+09 4.355789794576798286e-25
1.190644879514598274e+10 1.255607241544983178e-24
5.450445763363642693e+09 5.747825642955410035e-25
6.219381695244341850e+09 6.558715221338473301e-25
3.802026787310195923e+09 4.009467851271398127e-25
8.113416593597004700e+10 8.556089900411589985e-24
2.706418953219617367e+09 2.854082938401012640e-25
3.021722594345321655e+09 3.186589752056763827e-25
7.162172631888958740e+10 7.552945447059982313e-24
3.090166577292267990e+10 3.258768083402213027e-24
3.852961967652776337e+10 4.063182088310419032e-24
6.752492885461219025e+10 7.120913306176219961e-24
9.884505875763721466e+09 1.042381097020515395e-24
6.649180947689179993e+10 7.011964601624195225e-24
2.608182248053422451e+09 2.750486374459563049e-25
9.776268551179689026e+10 1.030966814652075611e-23
2.339733926583206940e+10 2.467391337292802628e-24
3.408917642905309677e+09 3.594910415276247027e-25
8.942880743606300354e+09 9.430810156024847275e-25
1.280832681228299141e+10 1.350715748606225091e-24
4.139957469628172398e+09 4.365836252260675940e-25
4.170200380308717346e+10 4.397729235894360875e-24
5.745722573335439682e+09 6.059212948473440326e-25
2.415575994634176636e+10 2.547371398095959368e-24
3.424493881299783325e+10 3.611336503407667941e-24
4.297868632890326500e+09 4.532363151694859478e-25
1.041991529830275536e+10 1.098843268042113205e-24
4.820655522147982597e+09 5.083673634972035001e-25
4.453208323877561569e+09 4.696178277647820738e-25
1.570714261876120949e+10 1.656413457565673593e-24
2.056091864312700033e+09 2.168273578907284952e-25
1.121984274784949303e+09 1.183200469390928717e-25
1.605358339824013948e+09 1.692947739026453928e-25
5.658924214206527710e+09 5.967678814197471645e-25
5.214619839830224037e+09 5.499132903056919812e-25
1.175255156832708740e+10 1.239377845545205856e-24
1.180478214420828819e+09 1.244885876565608497e-25
2.487339695194369125e+10 2.623050573015166427e-24
3.842928904885008335e+09 4.052601615087185000e-25
1.272502497620384455e+09 1.341931064741661640e-25
4.193389203813391113e+10 4.422183256750056941e-24
3.882959230119940948e+10 4.094816021003811509e-24
7.190586058923685074e+09 7.582909129225614957e-25
2.436002459483095646e+09 2.568912344204024043e-25
5.167501390051472664e+09 5.449443639893336399e-25
3.351489160802221680e+10 3.534348597693013963e-24
9.514307847521242142e+09 1.003341469582951438e-24
4.524178919029572296e+10 4.771021074809935735e-24
1.828140221245531464e+10 1.927884745358612074e-24
6.763572687467479706e+09 7.132597629414242476e-25
9.792166417263398743e+10 1.032643341055813713e-23
4.911557530802317810e+10 5.179535316570917178e-24
3.874498625393217468e+10 4.085893800159042011e-24
3.253556441670269394e+10 3.431072605462315572e-24
1.428053266896395874e+10 1.505968785552653669e-24
5.439412383014848709e+09 5.736190274170795719e-25
9.049211473054873657e+10 9.542942359498328593e-24
1.659009964183115244e+09 1.749526631041176509e-25
1.123860702272494793e+09 1.185179275987364647e-25
8.168548897333492279e+09 8.614230258637304825e-25
2.341768119040685177e+09 2.469536516618939868e-25
6.350049676575144196e+10 6.696512533047323814e-24
1.161824390264464617e+09 1.225214287583689410e-25
4.699793496946387482e+10 4.956217298761373683e-24
6.025860488522686958e+09 6.354635371222883881e-25
3.339801748060431671e+10 3.522023512081005333e-24
2.495827830370028305e+10 2.632001826388141524e-24
3.926161724351984024e+09 4.140375671529225793e-25
3.763669943176237583e+09 3.969018232677275686e-25
3.895292013045593262e+10 4.107821688618293714e-24
5.163883837561950684e+10 5.445628711377988544e-24
3.085608940248405838e+10 3.253961778705434193e-24
1.605133011060686350e+09 1.692710116178675885e-25
4.888435918487850952e+10 5.155152173991850574e-24
6.669382646180434227e+09 7.033268517975364680e-25
2.105408097699118423e+10 2.220280538187161387e-24
1.468846399443777084e+10 1.548987618046753371e-24
2.131155224064976931e+09 2.247432444578532536e-25
5.062585698781703186e+10 5.338803680005611405e-24
8.187740259157591820e+09 8.634468713693082688e-25
3.915254787275090027e+10 4.128873644843983628e-24
1.147038571923525095e+09 1.209621745340009899e-25
2.464584859105323792e+10 2.599054218211858139e-24
1.336927131517086983e+09 1.409870748728344612e-25
1.682178589723936844e+10 1.773959351918924004e-24
7.744136057555259705e+10 8.166661177210211662e-24
2.274150418029768372e+10 2.398229549691451433e-24
4.985661654857919312e+10 5.257682610019568589e-24
3.092854115366772079e+10 3.261602255308827935e-24
2.272943020082849503e+10 2.396956275324206106e-24
3.286165745633137226e+09 3.465461094340889302e-25
1.469917343101762199e+10 1.550116993089966130e-24
2.407501340591101837e+10 2.538856185656135530e-24
7.712471104909951782e+10 8.133268564073676229e-24
3.573849664450376987e+09 3.768841235605366576e-25
6.011374586406021118e+10 6.339359108828497487e-24
1.194095686592277527e+10 1.259246326909945203e-24
2.393576125673759842e+10 2.524171201920756163e-24
1.494888635848654985e+09 1.576450735873558058e-25
5.277436744983687592e+10 5.565377139570403506e-24
1.045632979886038399e+10 1.102683397990519169e-24
2.067917135973194122e+10 2.180744045110613533e-24
5.525631815624845505e+09 5.827113895318980092e-25
3.094375562002578354e+10 3.263206713066477411e-24
2.684885395542891979e+09 2.831374495757606192e-25
1.627919823538089943e+10 1.716740192022969610e-24
2.788874119949472904e+09 2.941036912864845649e-25
1.093473281645746469e+09 1.153133897850456740e-25
1.266492862530785084e+09 1.335593540037721358e-25
1.727380683957919312e+10 1.821627701927975775e-24
1.528518998526987648e+10 1.611915993097789005e-24
2.231444040757839203e+10 2.353193084591423484e-24
4.278243625130772591e+09 4.511667390698248350e-25
4.163673801826997757e+09 4.390846563029299983e-25
2.340274720643824577e+09 2.467961637430466392e-25
1.195797637055602455e+10 1.261041136901798492e-24
4.744457586754256248e+09 5.003318290471545266e-25
1.870927434702634811e+09 1.973006457118857769e-25
7.995237412749603271e+09 8.431462786294788096e-25
8.963797404199536133e+10 9.452868043277100727e-24
1.722975793671488762e+09 1.816982477951446208e-25
3.587802094919364452e+09 3.783554919790658858e-25
7.157879444647523499e+10 7.548418020719517703e-24
1.663770566080448723e+10 1.754546974486353358e-24
4.658563486794680023e+10 4.912737752335606168e-24
1.326146588036415291e+10 1.398502011756460717e-24
2.299969529121167183e+09 2.425457368341989471e-25
1.440047238420168686e+10 1.518617155993950109e-24
6.279471183015219879e+10 6.622083230796173095e-24
2.939328811543141842e+09 3.099700510667780183e-25
7.263002474275864601e+09 7.659276631482034901e-25
2.475275817414048195e+09 2.610328482186320903e-25
3.080786170345406055e+09 3.248875875327610257e-25
4.107355767305264282e+10 4.331455779772501551e-24
2.137102751140775681e+09 2.253704472614887380e-25
1.149952415698699379e+10 1.212694570334084475e-24
3.461755422172689915e+09 3.650631058279662676e-25
1.235822668097744703e+09 1.303249959771019392e-25
1.118260703594203234e+09 1.179273737724795892e-25
1.398837475910481262e+10 1.475158961934771723e-24
2.226546991211097717e+10 2.348028848823996348e-24
7.755878055209092140e+09 8.179043825922703180e-25
6.626572353672164917e+10 6.988122467955852675e-24
6.628332349009496307e+10 6.989978489787936734e-24
5.158571352595806885e+10 5.440026373763427606e-24
2.536623808390519619e+09 2.675023659606222189e-25
3.582669632660601044e+10 3.778142427039934589e-24
1.548049503756977081e+10 1.632512095445118898e-24
7.507675277282748222e+09 7.917298942374427954e-25
1.459433422599973202e+09 1.539061063040365940e-25
9.422710078916320801e+09 9.936819293162862672e-25
3.730993929415789127e+09 3.934559394271008829e-25
7.356784212060264587e+09 7.758175162112570430e-25
2.372988364446477413e+09 2.502460158998609955e-25
8.720181167462033081e+10 9.195959945599604705e-24
9.133867127692727661e+10 9.632216881927177164e-24
4.862503801811180878e+10 5.127805184097525268e-24
1.578872459556438637e+10 1.665016771838136148e-24
3.509552736658615875e+10 3.701036225452093028e-24
4.637152817317433929e+10 4.890158902752079648e-24
6.256744849318113327e+09 6.598116933493918781e-25
2.287353880160132408e+09 2.412153401336543885e-25
1.243041541977852821e+10 1.310862700123423180e-24
1.031368776747364283e+09 1.087640930615117009e-25
2.754927321574000168e+10 2.905237955005229015e-24
1.402995177344410515e+10 1.479543510273611190e-24
1.840307571240060806e+09 1.940715953913233296e-25
1.674634749778957605e+09 1.766003915140970719e-25
1.576452608201151085e+10 1.662464891812917987e-24
1.047050384822352219e+10 1.104178137465620082e-24
1.923357642532261658e+10 2.028297291320761929e-24
6.313783621099308968e+09 6.658267777905644112e-25
6.845091201708993912e+09 7.218563847018404459e-25
5.865228916592227936e+09 6.185239635847224893e-25
4.045466944152181244e+10 4.266190262019308680e-24
5.969201363786812592e+10 6.294884887647153699e-24
1.003853798873284531e+10 1.058624717582958271e-24
9.497599236608512878e+09 1.001579445219588501e-24
1.219740819761303520e+10 1.286290675289070642e-24
4.009696332678409100e+09 4.228467982627933013e-25
1.769037879978148651e+10 1.865557741762172653e-24
5.982607849326375961e+09 6.309022839791211110e-25
3.242196636408519745e+09 3.419093001808362406e-25
1.082521194983740807e+10 1.141584258189260011e-24
5.822296081061759949e+10 6.139964356778211392e-24
7.435548167926473999e+10 7.841236530837945854e-24
1.613463997991349030e+10 1.701495647195801099e-24
1.137919003414146900e+09 1.200004607218348264e-25
3.386761168883126068e+10 3.571545069564855210e-24
9.545683509881941223e+10 1.006650223481462715e-23
3.961710065255080414e+10 4.177863553122463327e-24
2.164729568212620926e+10 2.282838626864464386e-24
3.789483529515352249e+09 3.996240225141437424e-25
8.282095229733890533e+09 8.733971753070922719e-25
1.885798765300652313e+10 1.988689177224194656e-24
1.178086430749390984e+10 1.242363595615397182e-24
4.125952088949709320e+10 4.351066728867905962e-24
1.358126440133038712e+10 1.432226705463981569e-24
4.206464976494923401e+10 4.435972452126616652e-24
2.581011985286916351e+10 2.721833684416321015e-24
3.452140832240744019e+10 3.640491890043405871e-24
2.764744975103299618e+09 2.915591266121297160e-25
1.689929235575553131e+10 1.782132878068809583e-24
1.728328268253146648e+09 1.822626987041054072e-25
3.197468050664020538e+09 3.371923995221146897e-25
3.985879637661262512e+09 4.203351833180090491e-25
1.954675811875990295e+10 2.061324200432359484e-24
1.476893010664949417e+09 1.557473257630001937e-25
3.430026708434823036e+09 3.617171205203727415e-25
9.324433426784768677e+10 9.833180602723543026e-24
6.639081582166829109e+09 7.001314208124796940e-25
4.139141227208436966e+09 4.364975475121573205e-25
6.604149220909411621e+10 6.964475914428897419e-24
4.132667440463566780e+09 4.358148474344993506e-25
5.565091562490897369e+10 5.868726591738373978e-24
1.255704495715976954e+09 1.324216552885482433e-25
1.989551285572512054e+10 2.098102502744898570e-24
9.056622645287179947e+09 9.550757890126582636e-25
2.833681008562380219e+10 2.988288494576095843e-24
1.540052508810599089e+09 1.624078779233013301e-25
5.898109713595247269e+09 6.219914430603485559e-25
1.872578070027112007e+09 1.974747152184382563e-25
2.290333667874244690e+10 2.415295768213921645e-24
6.695693564274350166e+09 7.061014976939590822e-25
8.814453353577581406e+09 9.295375683742464341e-25
4.781347271394464874e+10 5.042220700391991561e-24
1.461495654867043495e+10 1.541235812046414482e-24
2.616739021769763565e+10 2.759510011336815321e-24
3.669825909785401917e+10 3.870054007551342401e-24
2.403181852234498501e+09 2.534301023194485755e-25
1.512171914096164465e+09 1.594677001066968960e-25
1.612908276989525414e+10 1.700909605693272749e-24
1.171469386367423248e+10 1.235385520971502955e-24
2.166545494611393452e+09 2.284753631393221207e-25
5.915965019575093079e+10 6.238743933735801484e-24
1.798508488812644243e+09 1.896636286256831469e-25
2.507199162418807983e+10 2.643993585738150944e-24
4.627529518636322021e+10 4.880010550611615683e-24
1.408525325276617813e+10 1.485375386687782181e-24
1.457517809146374321e+10 1.537040932465983112e-24
3.128334394736354065e+10 3.299018361886843187e-24
1.820786588629189014e+09 1.920129893745337717e-25
3.910067499389842510e+09 4.123403335144797217e-25
1.652832168903131247e+09 1.743011771217067744e-25
3.136780466142772675e+10 3.307925256463863153e-24
1.410961235559988737e+09 1.487944201826684991e-25
9.932026650780654907e+09 1.047392450973460466e-24
1.264116730392819214e+10 1.333087764578867466e-24
6.399258406702365112e+10 6.748406123619990152e-24
5.195299103318964005e+09 5.478758014546576996e-25
4.916956157898320770e+10 5.185228496286186884e-24
8.753846690105688477e+10 9.231462281139823482e-24
4.321396478155138016e+09 4.557174691559281511e-25
2.351005669456289291e+10 2.479278073816664394e-24
3.283330280013042068e+10 3.462470923865210217e-24
4.404526768840753937e+10 4.644840625182708150e-24
6.100038314094188690e+10 6.432860387390264264e-24
2.642877242269211292e+09 2.787074350213060259e-25
4.546837133742692566e+10 4.794915536511961373e-24
3.509963316800238037e+10 3.701469207114320863e-24
3.095674190784711075e+10 3.264576195882872944e-24
2.383079318992323875e+09 2.513101682613133571e-25
8.880291620738565063e+10 9.364806129747326761e-24
5.997157163422856903e+10 6.324365973964434341e-24
4.513367303631653595e+10 4.759619570616711787e-24
3.960588294083188534e+09 4.176680577382997990e-25
7.687258894139134216e+10 8.106680758621473434e-24
3.889188852838980675e+09 4.101385536005890804e-25
8.777226175974627686e+10 9.256117367022866810e-24
2.456940286255237579e+10 2.590992552475724087e-24
1.105173917227225876e+10 1.165472927748921399e-24
4.976267141128288269e+09 5.247775525486917741e-25
9.366083092178622437e+10 9.877102701055472016e-24
3.038895666319607162e+10 3.204699798050726987e-24
7.935673322844416618e+09 8.368648840753378608e-25
3.250965629702321625e+10 3.428340437101786008e-24
5.134405302367586517e+10 5.414541808056091531e-24
3.115010088054889679e+09 3.284967072333039943e-25
6.707639486609098816e+10 7.073612676596737048e-24
5.963420577312024117e+09 6.288788697687869535e-25
1.089282632229491043e+10 1.148714603865862609e-24
1.367905998963012218e+09 1.442539843409055333e-25
1.583419330206032515e+09 1.669811722719145955e-25
4.503237995255895233e+10 4.748937600562273783e-24
5.669084309475606537e+10 5.978393250898231105e-24
9.763312561087129211e+10 1.029600526914943259e-23
5.770357391457307816e+09 6.085191858356773137e-25
1.612269191754858017e+10 1.700235651550925773e-24
2.095125436344155884e+10 2.209436848114846183e-24
1.329365123054976654e+10 1.401896152147102920e-24
1.085380025330896378e+09 1.144599068186763668e-25
3.886655776062097931e+10 4.098714252906147196e-24
2.174734115987375641e+10 2.293389029298048334e-24
3.275951951202405167e+10 3.454690028617155328e-24
1.575005759037910652e+10 1.660939101614644192e-24
2.042214877664456844e+09 2.153639454806855433e-25
4.463415801907724380e+09 4.706942682344045565e-25
1.223167985698227310e+10 1.289904829637201846e-24
3.507429226130098724e+10 3.698796854802643396e-24
9.169593839417185974e+10 9.669892866370253585e-24
6.869827118264199257e+09 7.244649371331607188e-25
2.413858882480484962e+09 2.545560599182013745e-25
2.379277844944142151e+10 2.509092797658798412e-24
7.623206988119478226e+09 8.039134138788171978e-25
1.160035465727345657e+10 1.223327758155788410e-24
9.832455410315928650e+10 1.036892059737738128e-23
6.266479924968260956e+10 6.608383161227830905e-24
4.307673148095938683e+09 4.542702607651720970e-25
3.403715173745985794e+10 3.589424096002758451e-24
6.258654028775018311e+10 6.600130279028547022e-24
7.384602391100096130e+10 7.787511119164053231e-24
2.481330421567958832e+09 2.616713429496082780e-25
1.949826629662290096e+09 2.056210443670918400e-25
1.970216307697431564e+09 2.077712595852626288e-25
7.020746231725617981e+10 7.403802730162629967e-24
5.520774572463175774e+09 5.821991637798985018e-25
9.348595494870008850e+10 9.858660969019577157e-24
8.226251825302975464e+10 8.675081496032595696e-24
5.344475685530124664e+09 5.636073768484581886e-25
4.721112271199572754e+10 4.978699239257413864e-24
4.455116610636923790e+09 4.698190681778745346e-25
5.899538408031015396e+09 6.221421075540502286e-25
4.252504019556426525e+09 4.484523415437685240e-25
6.438965566405735779e+10 6.790279731882649826e-24
1.847600196397251511e+10 1.948406469460551373e-24
2.232001168369547653e+10 2.353780609449390414e-24
2.973131236721296787e+09 3.135347218234167806e-25
1.305294180343569040e+09 1.376511883084794852e-25
6.411208152072095871e+09 6.761007854899403609e-25
2.473220213984135056e+10 2.608160723691113105e-24
3.025767489565986633e+10 3.190855339401689233e-24
1.033141644348254013e+10 1.089510527029864256e-24
6.195875108162392616e+09 6.533926099517250477e-25
1.215555476610584021e+09 1.281876977083324719e-25
3.015443427131805420e+10 3.179967989380241029e-24
3.415989968477410507e+10 3.602368611549273423e-24
1.912299090728880692e+10 2.016635377710562627e-24
6.450573167589282036e+09 6.802520651365685105e-25
5.804695749890422821e+09 6.121403740046436635e-25
1.069192589818558216e+09 1.127528435623660276e-25
5.061493652222774506e+10 5.337652050673400666e-24
7.115136300215867996e+09 7.503342782419522555e-25
1.096332490019808531e+09 1.156149106500261626e-25
6.845819036128581238e+10 7.219331392559147600e-24
1.868357994444702148e+10 1.970296826522795757e-24
1.343212446635089302e+10 1.416498994743036522e-24
4.704646512649032593e+09 4.961335098169419218e-25
2.801613775623481750e+09 2.954471652470491899e-25
4.038776797462140656e+10 4.259135096557683270e-24
1.690097690740167856e+09 1.782310524257194795e-25
7.427777302474688530e+09 7.833041681893303918e-25
3.927338833251160145e+09 4.141617004258507036e-25
1.110612615129261398e+10 1.171208364559564169e-24
3.642412919585060120e+10 3.841145346706991148e-24
1.339000283516442299e+10 1.412057013254401593e-24
1.626351821671212959e+10 1.715086638950445190e-24
1.356812642241823769e+10 1.430841225902008040e-24
1.414431990755844355e+09 1.491604323692175994e-25
5.181834935750275421e+10 5.464559233204223595e-24
2.816769620281373978e+10 2.970454409908577675e-24
3.168932268719935608e+10 3.341831282382412768e-24
2.467655232427024078e+10 2.602292113106719802e-24
1.042474471328354239e+09 1.099352559143652452e-25
1.567651191355014324e+09 1.653183263916974216e-25
2.179385459011896896e+10 2.298294152634974154e-24
8.113246402757124329e+10 8.555910423848363628e-24
1.044193016191685319e+09 1.101164868936811038e-25
1.289855791724946976e+10 1.360231165903001642e-24
4.744457776411347961e+10 5.003318490476452010e-24
2.865562123529823780e+09 3.021909063992200700e-25
1.680034139128891754e+10 1.771697898699243820e-24
3.229862629611207581e+10 3.406086043546984308e-24
1.081292117547890663e+10 1.140288121486012250e-24
8.116834309878765106e+09 8.559694089525202145e-25
9.307365145445314026e+10 9.815181064809868025e-24
7.388972030576420593e+10 7.792119169023261245e-24
1.447883742010723352e+09 1.526881224337069494e-25
2.921279203441995239e+10 3.080666104163560202e-24
5.428034964795709229e+10 5.724192096584997079e-24
4.343846713551181030e+10 4.580849826456895211e-24
4.345633876684221649e+10 4.582734498377361649e-24
1.075312314257685661e+09 1.133982056223919274e-25
2.570905589145966530e+09 2.711175876703182983e-25
6.839503314528485870e+10 7.212671081064846531e-24
4.644240180452373505e+09 4.897632957047192000e-25
2.755885640218277931e+09 2.906248560140450509e-25
5.044883568657405853e+10 5.320135710103535438e-24
1.223062484578733063e+10 1.289793572307743356e-24
1.608459060666821718e+09 1.696217637222989340e-25
1.609012617536882639e+09 1.696801396517312940e-25
7.639574957996910095e+10 8.056395155789203676e-24
1.016124330284037781e+10 1.071564737199242290e-24
7.227760266982151985e+09 7.622111586347791799e-25
7.196751165833381653e+09 7.589410608393668696e-25
1.650805369899175882e+09 1.740874388736105019e-25
5.461402985693717003e+09 5.759380698490078866e-25
1.055385827244909096e+10 1.112968367069186255e-24
2.098374847594166183e+10 2.212863549364285066e-24
7.407878531876225281e+10 7.812057221378546328e-24
1.401456625964078188e+09 1.477921014525406502e-25
1.817208116953269958e+09 1.916356178318300049e-25
1.261432613657428360e+10 1.330257200681861744e-24
8.433039170187782288e+09 8.893151293471338484e-25
1.406787772432557297e+10 1.483543031826054600e-24
4.807412096845854950e+10 5.069707639738434862e-24
4.508571770014969826e+09 4.754562389554768483e-25
1.094257767486383820e+10 1.153961185750771122e-24
7.260531809790897369e+09 7.656671165929604831e-25
1.596771583482344866e+09 1.683892483652259197e-25
4.614047008769503021e+10 4.865792426203369879e-24
3.168148534837081432e+09 3.341004787467189446e-25
1.121420815528923035e+09 1.182606267429996040e-25
2.323852057003052711e+09 2.450642942538655339e-25
1.344203252020207024e+10 1.417543859116889704e-24
1.864734853546005487e+09 1.966476004691020019e-25
1.289382190941699982e+09 1.359731725151794060e-25
5.611812885147455597e+10 5.917997060264682891e-24
6.336059023480287933e+10 6.681758540784739213e-24
1.936348029467618561e+10 2.041996442249085159e-24
2.115596869506612396e+10 2.231025216036995407e-24
1.123568481227680016e+10 1.184871111171545933e-24
1.644016661171811342e+09 1.733715283628044882e-25
1.558781937564803362e+09 1.643830097848994807e-25
9.809530664634765625e+09 1.034474506260367053e-24
1.037712950852723241e+09 1.094331247001946366e-25
1.924631143084801102e+10 2.029640274894950636e-24
5.459721144796302795e+09 5.757607095255182812e-25
2.936849330089272976e+09 3.097085747086868177e-25
4.110413864376036644e+09 4.334680728616169065e-25
1.893141187591178894e+09 1.996432206868957628e-25
9.012785384428161621e+09 9.504528839692570389e-25
2.960756345884350586e+10 3.122297145273258781e-24
2.729954205433950424e+09 2.878902289342958835e-25
7.058973303149801254e+09 7.444115495563199493e-25
2.180944177462698936e+09 2.299937915782181128e-25
3.995763078646244049e+09 4.213774521158376833e-25
7.019928220639080048e+09 7.402940087857108992e-25
2.320973034501641083e+10 2.447606838689775343e-24
8.073725368820213318e+09 8.514233096495507953e-25
1.183965720575401688e+10 1.248563663333061383e-24
9.172370382002847290e+10 9.672820898932266987e-24
5.890008442657635498e+10 6.211371149033980203e-24
2.248783369608269882e+10 2.371478458545247970e-24
2.944129579980664062e+10 3.104763212165804348e-24
2.901536073613309860e+10 3.059845776280601350e-24
3.579791397234993744e+10 3.775107153210229439e-24
1.244173040018373108e+10 1.312055933435819665e-24
1.954600192276383162e+09 2.061244454978023803e-25
4.254230231885334969e+09 4.486343811038349690e-25
2.038182188319787216e+10 2.149386739298489549e-24
2.788830603431007385e+09 2.940991022056719553e-25
3.574965132833934307e+09 3.770017564672250120e-25
5.593543911244145966e+10 5.898731319216904242e-24
2.365086350346844101e+10 2.494127005850263139e-24
1.212140266009012461e+09 1.278275430361448442e-25
3.101876251771530151e+10 3.271116645366625427e-24
6.287675975224173737e+10 6.630735681825177122e-24
1.915565763649506378e+10 2.020080282438636178e-24
4.789446221133676910e+10 5.050761534116996922e-24
2.403533333713537979e+10 2.534671681732513671e-24
2.121379124052115631e+10 2.237122954165890935e-24
1.449840336129699469e+09 1.528944571508689836e-25
6.116018855994385529e+10 6.449712838090661945e-24
1.756048187305348969e+10 1.851859322975825378e-24
2.572779172910138702e+10 2.713151684420841783e-24
2.666299808005878448e+09 2.811774866429542939e-25
5.798290980191043091e+10 6.114649521930412241e-24
3.953736765764602184e+09 4.169455225205802499e-25
6.502108507537969208e+10 6.856867793110781446e-24
9.104498384012573242e+09 9.601245760416190233e-25
1.182864890752069092e+10 1.247402771515806364e-24
1.957193741558099985e+09 2.063979510001949354e-25
1.365646085706919670e+09 1.440156627810152440e-25
2.628521789190094471e+09 2.771935654240885440e-25
1.665060577089311218e+10 1.755907369338142519e-24
1.057901736657883048e+09 1.115621546142436891e-25
1.511559718973418045e+10 1.594031404178606791e-24
6.220074486241491699e+10 6.559445811464769829e-24
8.651860048485446930e+09 9.123911181762960148e-25
1.652035758704883337e+09 1.742171908358405855e-25
9.437312050873837280e+10 9.952217958244401608e-24
1.389332631704946709e+10 1.465135527223414697e-24
1.809111050564812422e+09 1.907817330700895900e-25
1.838831092231942368e+10 1.939158917246398955e-24
4.669257562310430145e+10 4.924015303593945748e-24
4.913759064307290077e+09 5.181856967181361322e-25
3.919479109583159924e+09 4.133328448935355845e-25
4.163594647039403915e+09 4.390763089504813480e-25
2.806847625740802765e+09 2.959991064867535450e-25
2.970436027790085316e+09 3.132504956943895212e-25
6.221018803335735321e+09 6.560441651116245534e-25
5.218533977676233292e+09 5.503260598819453158e-25
1.098779452542281342e+10 1.158729576895648227e-24
8.958095312269741821e+10 9.446854841488566932e-24
1.479496407868168354e+09 1.560218697884456380e-25
9.281560015583467102e+10 9.787967990213894301e-24
2.070283641007237434e+09 2.183239668204469074e-25
1.057583103116322160e+09 1.115285527746804042e-25
6.478148667855084229e+10 6.831600688930775092e-24
1.424352796147691250e+09 1.502066414703762701e-25
2.648525240767726421e+09 2.793030507197384683e-25
3.480791365014815331e+09 3.670705614592333919e-25
4.530811384683259010e+09 4.778015412120202118e-25
2.844893176636061192e+09 3.000112405860603068e-25
8.348537355791073608e+10 8.804039004907637049e-24
8.424485217984304428e+09 8.884130632050532150e-25
8.935480971769451141e+09 9.423006647805069075e-25
2.906772501707792282e+09 3.065367907310923627e-25
1.279853822900078201e+10 1.349683483128493586e-24
8.315093595587361145e+10 8.768770531310878861e-24
2.329066626604386139e+10 2.456142022462170328e-24
3.284746672950257111e+10 3.463964596125880403e-24
5.766012626626467133e+10 6.080610040319948088e-24
2.742804649622720337e+10 2.892453862157068799e-24
3.415029389708144760e+10 3.601355622975168617e-24
9.941004843211497498e+10 1.048339255820657649e-23
7.910463683132917404e+09 8.342063746639166518e-25
1.560429529158144379e+10 1.645567583115425510e-24
1.169291980495959282e+09 1.233089314414005054e-25
1.142254551711008263e+10 1.204576705861082526e-24
1.209717638406698942e+09 1.275720622615354172e-25
3.858416511827355957e+10 4.068934235976582186e-24
2.518290210586548996e+10 2.655689768735567596e-24
3.960327431600098133e+09 4.176405482072505823e-25
5.319432805759854889e+10 5.609664532842875598e-24
2.774022161849074554e+10 2.925374622233246257e-24
2.348502903574659348e+10 2.476638755394409668e-24
2.374866576939693832e+10 2.504440847991791672e-24
1.805634325577738571e+10 1.904150913328479850e-24
5.131886993270893097e+09 5.411886098370810433e-25
2.181829988216043854e+10 2.300872056948598383e-24
3.890513994011014938e+09 4.102782977745491588e-25
1.331672162180188560e+10 1.404329064833314339e-24
3.720751098244131470e+10 3.923757707542806099e-24
2.712392609016148758e+10 2.860382520758163432e-24
1.083046585359217072e+10 1.142138314206663763e-24
6.134807229803637505e+09 6.469526317842381042e-25
6.937520738911466980e+10 7.316036400120375850e-24
5.993850866515189362e+10 6.320879283338714487e-24
3.359469167797438145e+09 3.542763999080250764e-25
1.019557067594782948e+09 1.075184766898988316e-25
5.811644065036302948e+10 6.128731159803418208e-24
6.181467761338890839e+10 6.518732678444114096e-24
2.405695311807180786e+10 2.536951618762558943e-24
5.377201549223148346e+09 5.670585176668292849e-25
1.217986680818289566e+10 1.284440829380001317e-24
2.332434194321142578e+10 2.459693326872328456e-24
2.889466180414888000e+10 3.047117341828515622e-24
2.216209880617620468e+10 2.337127738727161361e-24
4.915474016154919624e+09 5.183665487921535825e-25
6.983843911511828613e+10 7.364886995263458016e-24
3.710634435452203369e+10 3.913089073023508546e-24
3.489729254692339897e+09 3.680131161366452520e-25
3.966871872048949242e+09 4.183306991465287426e-25
2.254265988550667191e+10 2.377260212756891750e-24
2.131686715385517883e+10 2.247992934412547449e-24
1.864466293600797653e+09 1.966192791939851414e-25
1.323617625287964344e+09 1.395835067149226467e-25
9.839351159314865112e+09 1.037619258294411999e-24
7.287188488783853149e+10 7.684782250733279085e-24
1.569121363867712021e+10 1.654733650001879645e-24
3.830247971830478191e+09 4.039228802045477456e-25
2.922704145036452866e+10 3.082168791501794157e-24
7.089707787841773987e+09 7.476526873807338150e-25
1.390258438888125038e+10 1.466111847050991715e-24
2.079019303820240498e+09 2.192451954484298812e-25
7.058958599857105255e+09 7.444099990049254215e-25
9.828959669345529175e+10 1.036523412649717267e-23
1.568806684035648346e+10 1.654401801032715716e-24
1.439054939123141098e+10 1.517570716199377839e-24
6.576420846828371048e+09 6.935234662153392953e-25
3.826756353172424316e+10 4.035546678393668489e-24
8.630076601037881851e+09 9.100939215199657225e-25
2.460898201529361725e+09 2.595166414191433755e-25
4.830528907970316315e+10 5.094085719171434452e-24
1.093314857361245632e+09 1.152966829833554042e-25
5.081621979541889191e+09 5.358878592673373230e-25
1.115139764502742004e+10 1.175982518158759339e-24
1.495559371671063423e+10 1.577158067480378664e-24
3.290451698214158249e+10 3.469980891293144852e-24
4.112223288736979008e+09 4.336588876351665887e-25
2.140926548762873077e+10 2.257736899131906895e-24
1.085047640499669266e+10 1.144248548222121765e-24
1.205942016585102081e+10 1.271739000401965846e-24
3.190147558243212509e+10 3.364204091954112758e-24
3.485736116464745998e+09 3.675920154909933654e-25
1.937063131433082342e+09 2.042750560644693843e-25
9.747282366790588379e+09 1.027910045698552785e-24
3.781219817038704681e+10 3.987525639116463987e-24
4.206901405212645531e+09 4.436432692680134151e-25
4.155352128108998108e+10 4.382070853359801787e-24
2.675230117722248077e+09 2.821192419674877490e-25
1.300964296468997192e+10 1.371945757918928774e-24
9.667530181744419098e+09 1.019499694065089185e-24
2.228598239480521679e+09 2.350192014538315335e-25
5.935095581272523499e+10 6.258918271370301993e-24
1.641654022205526161e+10 1.731223737537128860e-24
3.797957010762994289e+09 4.005176025058514755e-25
4.077976112162993908e+09 4.300473151462901882e-25
3.016403970672112274e+10 3.180980940803271892e-24
4.159551927049294281e+10 4.386499796072442137e-24
3.287123434985980606e+10 3.466471035850124660e-24
1.631071325419221163e+09 1.720063641904435600e-25
1.642864943745091820e+10 1.732500727746536216e-24
7.369346585404187202e+09 7.771422946748449066e-25
3.942662046713920593e+10 4.157776262252733565e-24
2.594091904454259872e+09 2.735627252513665971e-25
5.130764222842081070e+09 5.410702068854315391e-25
4.232087527620451450e+09 4.462992986371206705e-25
9.609906550924125671e+10 1.013422932690902477e-23
4.518664190464979172e+09 4.765205459054143123e-25
1.836406832518646240e+10 1.936602388340280972e-24
1.848060961130678415e+09 1.948892373818679662e-25
1.031695646275219536e+10 1.087985634357833926e-24
2.381621807317375183e+09 2.511564648149551168e-25
4.918217672011121750e+09 5.186558839432659315e-25
3.502721120317291260e+10 3.693831871662639732e-24
4.034854847093422413e+09 4.254999162016100614e-25
4.840633742254279137e+09 5.104741879811648231e-25
1.309089964415111923e+10 1.380514767613650677e-24
8.908773347983695984e+09 9.394841838627436891e-25
1.152070668803100204e+10 1.214928396710926013e-24
5.687757353388392448e+09 5.998085108279031139e-25
5.576945070377409935e+09 5.881226834754648829e-25
1.824629116707848740e+10 1.924182072664858847e-24
3.800174881496712208e+09 4.007514904267571955e-25
9.418875341178379822e+10 9.932775329630136197e-24
1.344599628304735565e+10 1.417961861950306937e-24
1.556643648811585045e+10 1.641575142665254759e-24
1.115921228720489025e+09 1.176806619574465690e-25
1.346866637347018957e+09 1.420352560486128540e-25
4.211944256083060455e+10 4.441750684786652151e-24
9.486929080945932388e+09 1.000454212587352336e-24
1.021358030369294524e+09 1.077083991378374181e-25
5.986468418999309540e+09 6.313094044666169598e-25
8.548723257968495178e+10 9.015147180614618471e-24
5.354220521695204163e+10 5.646350289273493650e-24
5.011136354683706284e+09 5.284547226100967196e-25
2.041050318401913834e+10 2.152411356430576372e-24
3.935111185378365993e+09 4.149813420992551204e-25
1.325654857118335485e+09 1.397983451678426232e-25
1.363378327048267841e+09 1.437765138758403820e-25
1.575790925729527473e+09 1.661767107513612231e-25
2.110096453027765656e+10 2.225224693243693137e-24
2.613090910785003662e+10 2.755662857034777135e-24
3.691702903530969143e+09 3.893124624359745813e-25
3.036242576023443985e+10 3.201901953415731319e-24
1.664145319344062042e+10 1.754942174532715869e-24
2.330444970505876160e+10 2.457595569706883407e-24
1.608059690926759338e+10 1.695796477609149889e-24
8.654414091770082092e+10 9.126604575316808529e-24
7.168247407846763611e+09 7.559351666760430707e-25
3.817954204716377735e+09 4.026264278970700428e-25
1.381709682772147894e+09 1.457096665219614109e-25
1.444760265247786999e+09 1.523587328642545364e-25
1.065731644919425392e+10 1.123878659311086780e-24
6.877955895965691566e+09 7.253221660451990631e-25
2.566041291569828796e+10 2.706046179875260533e-24
4.093295833381646729e+10 4.316628726673902412e-24
2.279544565837475777e+09 2.403918005725531893e-25
8.336113915850567627e+10 8.790937733972379312e-24
5.820158364544467926e+09 6.137710005051963128e-25
1.413067574371833420e+10 1.490165463859389337e-24
2.843773317216170788e+09 2.998931446179576807e-25
2.252840423604200363e+09 2.375756868056156197e-25
2.679212011182356834e+09 2.825391567842055066e-25
2.049590191124058008e+09 2.161417170184353268e-25
1.530632780088536263e+09 1.614145103961480517e-25
1.187190622439124346e+09 1.251964517948093911e-25
7.881677455137402534e+09 8.311706923248915203e-25
8.638431301398632050e+09 9.109749753467098731e-25
1.997180904161483383e+10 2.106148398305667139e-24
2.739812018753732204e+09 2.889297951393899358e-25
4.054403087935541534e+10 4.275613967642137948e-24
3.394313049314380646e+10 3.579508985523264655e-24
3.032899352049035549e+09 3.198376320958398122e-25
1.797969372113252258e+10 1.896067754998317045e-24
4.983507822621508026e+10 5.255411263290043294e-24
7.169840991359814453e+10 7.561032197230446923e-24
1.656509200117209196e+09 1.746889423655018345e-25
6.694784570998170471e+10 7.060056388396755822e-24
2.829623111859566212e+09 2.984009196379666257e-25
4.656731904187776566e+09 4.910806237385780995e-25
2.152366125324371719e+10 2.269800626459808010e-24
7.597176716991050720e+09 8.011683639071112833e-25
4.591676866059174347e+10 4.842201753900697743e-24
2.977872634342774391e+09 3.140347309605659136e-25
4.411853584760591507e+09 4.652567196963007009e-25
4.227329739594810963e+09 4.457975610324399432e-25
1.429773545146904230e+09 1.507782923307725558e-25
1.042845009988999486e+09 1.099743314635557291e-25
1.490181807944245338e+10 1.571487100365469414e-24
5.324552236863265991e+09 5.615063283449903881e-25
9.391450136220613480e+09 9.903853787583219888e-25
3.966038377010797119e+10 4.182428020393642483e-24
1.609375079645154381e+10 1.697183634794873373e-24
9.781008262626132202e+10 1.031466645971840316e-23
1.547530192545912933e+10 1.631964450275306741e-24
1.166931778790279007e+10 1.230600338562223652e-24
6.150758469417453766e+09 6.486347867504520529e-25
2.857359821940864086e+09 3.013259239473044104e-25
2.307252193036523819e+10 2.433137379155614842e-24
2.518355091747849274e+10 2.655758189855391326e-24
1.081223361975936699e+10 1.140215614565160009e-24
5.686507368494956970e+10 5.996766923393660910e-24
1.306020001144363022e+10 1.377277305142388108e-24
9.738389406344956970e+10 1.026972229081152925e-23
1.110961252854053259e+09 1.171576024186255644e-25
1.814061726481760788e+10 1.913038118728302290e-24
4.687960403111567497e+09 4.943738583600780969e-25
5.748504316510744095e+09 6.062146465372664650e-25
6.901349080054696655e+10 7.277891191938931001e-24
1.082925257684887314e+10 1.142010366815204479e-24
2.518508156841139603e+10 2.655919606280111658e-24
7.236758584468435287e+09 7.631600857911370162e-25
2.403131067513177490e+10 2.534247467625610906e-24
1.420186761723008347e+10 1.497673078720753322e-24
1.721217165482152462e+09 1.815127897859844018e-25
1.096084223912210846e+10 1.155887294831733745e-24
8.613268887007460022e+10 9.083214461317526606e-24
4.910278242736049652e+09 5.178186229712471914e-25
5.371130069095391083e+10 5.664182432620532954e-24
8.077319449714030457e+10 8.518023272789563934e-24
6.099218316702773285e+10 6.431995650405775240e-24
2.791581934956913948e+09 2.943892468027097532e-25
9.522047019826841736e+10 1.004157612242922196e-23
8.217344163167983055e+09 8.665687826035465995e-25
3.359355574852329254e+10 3.542644208429888742e-24
3.044378452539901257e+09 3.210481728667058988e-25
5.220072325598498535e+10 5.504882880008786200e-24
7.084628847369429588e+09 7.471170823026645567e-25
9.306226657727606201e+10 9.813980460458932257e-24
5.076152935458851624e+10 5.353111153974278494e-24
2.594572894893152618e+10 2.736134486104956245e-24
5.007806010420008659e+09 5.281035176079770629e-25
4.395511208633299255e+10 4.635333170123832960e-24
1.700688879610726357e+09 1.793479575307802895e-25
8.865947001420520020e+10 9.349678858633300787e-24
2.111575207266252041e+09 2.226784129278949697e-25
8.695980010088488770e+10 9.170438357278173180e-24
4.907681866934136963e+10 5.175448193951563574e-24
4.144342120669246674e+09 4.370460132725407774e-25
8.934209618268997192e+09 9.421665928427530408e-25
1.775831305725639725e+10 1.872721821254057266e-24
4.808001687455796814e+10 5.070329398797014460e-24
2.445942250298317432e+09 2.579394456496080949e-25
4.036919609094078541e+09 4.257176578779651354e-25
3.084702486675109863e+10 3.253005868433331185e-24
2.002208489612192154e+09 2.111450292101212533e-25
2.416379080754906082e+10 2.548218301119792314e-24
2.854385080224873734e+10 3.010122193906740136e-24
5.494192896256362915e+10 5.793959647982437487e-24
6.706874135820698547e+10 7.072805567769604341e-24
1.441490667568846226e+09 1.520139339579433303e-25
6.365384140988317108e+10 6.712683655851164289e-24
1.908315681786113977e+09 2.012434631375003784e-25
1.994214756301279068e+10 2.103020415481532358e-24
5.439543432709437370e+09 5.736328474022286595e-25
4.778157287743524551e+09 5.038856669150229582e-25
6.444024463290232086e+10 6.795614645484253774e-24
1.024720671709201455e+09 1.080630100625345448e-25
1.310430371092258072e+10 1.381928307754289434e-24
3.938817178207015991e+10 4.153721615209674862e-24
9.096644849340353394e+10 9.592963731764471512e-24
9.341155603817224121e+10 9.850815152653248066e-24
1.780503100160948992e+09 1.877648511844097299e-25
8.361507161493317604e+09 8.817716451677329600e-25
2.795619154273584843e+09 2.948149960665695148e-25
6.241846587377351761e+09 6.582405812654192878e-25
3.338223635982693672e+09 3.520359297177914607e-25
1.591408848533902884e+09 1.678237154383556293e-25
6.565001512635638237e+09 6.923192281631114740e-25
4.744486972438546181e+09 5.003349279457957064e-25
1.508225098823327541e+09 1.590514844975864148e-25
2.050596814474905014e+10 2.162478715562474003e-24
9.475356852187030029e+10 9.992338508757715430e-24
3.378586111996742249e+09 3.562923976237035650e-25
2.811779311648710728e+09 2.965191826778609379e-25
2.672999934908483982e+09 2.818840556630647763e-25
4.906729768017728806e+09 5.174444147896625195e-25
3.273127148137020493e+10 3.451711102452133035e-24
1.298877777655364227e+10 1.369745397276479693e-24
1.202423485766420364e+09 1.268028496244473390e-25
6.780005746184071541e+09 7.149927286543998105e-25
1.256197181350763512e+10 1.324736119770190695e-24
1.639327468864608765e+10 1.728770245926861696e-24
5.579275275300874710e+09 5.883684177180191977e-25
1.058096423368313789e+10 1.115826855086904887e-24
1.600263485689414024e+10 1.687574906323702897e-24
9.570793885793241882e+10 1.009298264923088923e-23
3.978330589861133099e+09 4.195390904403009703e-25
1.327879983692230940e+09 1.400329982611038271e-25
4.162136810643734455e+09 4.389225712603535167e-25
3.172072331460316658e+09 3.345142668996140805e-25
8.186296677565022278e+10 8.632946369346270019e-24
2.186353172848965645e+09 2.305642029488401250e-25
3.205363223428091049e+09 3.380249933766195755e-25
1.542780011416143799e+10 1.626955096161576365e-24
3.270142917470865726e+09 3.448564050212348695e-25
8.551331459703870773e+09 9.017897687539641813e-25
1.504763579996880770e+09 1.586864463422127845e-25
1.111653504386229897e+10 1.172306045414017345e-24
1.159994585966934204e+10 1.223284647968957429e-24
5.067675164079904556e+09 5.344170829853531559e-25
3.352384629189210892e+09 3.535292923419872567e-25
6.121242278788763428e+10 6.455221254243214169e-24
6.315919523714469910e+10 6.660520216762076486e-24
3.073419517751968384e+09 3.241107293358788935e-25
6.584276117487027168e+09 6.943518521508103132e-25
9.644127711766263962e+09 1.017031761663062735e-24
3.314426329239133835e+09 3.495263593840524465e-25
5.603143421839095116e+09 5.908854585377692183e-25
7.984152665473523140e+09 8.419773247969794407e-25
4.082431006525457764e+10 4.305171107770501793e-24
1.278012323192583847e+10 1.347741509994593555e-24
2.545913605829577255e+10 2.684820314459113288e-24
2.038374750637987852e+09 2.149589807942500307e-25
2.761857485652042007e+10 2.912546233360259615e-24
8.669228195844479370e+10 9.142226946582032297e-24
7.092363191631591797e+10 7.479327158161713085e-24
4.082404604740603638e+10 4.305143265487027841e-24
2.784606548912287140e+10 2.936536500365458880e-24
2.281903250370993614e+09 2.406405381627246812e-25
1.637661889045122862e+09 1.727013790984922783e-25
1.950243523304062128e+09 2.056650083301986753e-25
1.301622180827910662e+09 1.372639536878014927e-25
2.354445649754093552e+10 2.482905741685572612e-24
2.761650749399043655e+10 2.912328217442313926e-24
4.838369890310260010e+10 5.102354510627433532e-24
3.643368953957935333e+10 3.842153542939470950e-24
2.275511286595140457e+10 2.399664668134298084e-24
1.892036546111466980e+10 1.995267295428862607e-24
3.581359284634170532e+09 3.776760585569620924e-25
1.023713116084048629e+09 1.079567572107424030e-25
1.826873625130390930e+10 1.926549042932434852e-24
1.668467334711084557e+10 1.759500001880123203e-24
5.863075847945178032e+09 6.182969094368995505e-25
1.295226652670306396e+10 1.365895064528319396e-24
2.787421524409051514e+10 2.939505062763300006e-24
2.782319120338816452e+10 2.934124268195496148e-24
1.023720309446646333e+09 1.079575157944581807e-25
5.126765577879045486e+09 5.406485255211273647e-25
9.170231818160444641e+10 9.670565653650297077e-24
2.541220952771985245e+10 2.679871627186739869e-24
4.657202338049541473e+09 4.911302338426202479e-25
5.660222938627738190e+10 5.969048397871075665e-24
3.537979794232274532e+09 3.731014281847761111e-25
6.080039533989203644e+10 6.411770460785010128e-24
8.444481547970587158e+10 8.905217974857008140e-24
4.122924819730695343e+10 4.347874289863717423e-24
7.830696432616934204e+10 8.257944342852848348e-24
2.190660687864907074e+10 2.310184565336104725e-24
4.893214915464166641e+09 5.160191916163529719e-25
6.329587205442207336e+09 6.674933616128876972e-25
1.066462918791992903e+09 1.124649831963609899e-25
2.342280188316150188e+09 2.470076524728417904e-25
1.180550475243862391e+09 1.244962079986327821e-25
4.357590357694885254e+09 4.595343332798674754e-25
4.656513914090595245e+09 4.910576353606565659e-25
2.751897482044356346e+09 2.902042805452584326e-25
2.993821153118068695e+09 3.157165989978550539e-25
1.943601441984291077e+10 2.049645605688615158e-24
1.204278585146277237e+10 1.269984811057739551e-24
8.693194398801626205e+09 9.167500761220700267e-25
7.351688378328137398e+09 7.752801296364811368e-25
4.721605553301935196e+09 4.979219435153358576e-25
3.225250566678224945e+10 3.401222343449038059e-24
6.974985652377346039e+09 7.355545423726802962e-25
1.425628133995544815e+10 1.503411335817297536e-24
1.745201616203663111e+09 1.840420955872813303e-25
4.478990127231513977e+09 4.723366753026397473e-25
3.703832243823550415e+10 3.905915749378262526e-24
5.535198225847267151e+09 5.837202255129304289e-25
6.253460192032445526e+10 6.594653063162103707e-24
1.702045167349498034e+09 1.794909862991158863e-25
1.410169905302721739e+09 1.487109696073900745e-25
9.929656906491400146e+10 1.047142547064965752e-23
6.953110941647404480e+10 7.332477214496848775e-24
6.413387297124926567e+09 6.763305895529139095e-25
2.724728544862219238e+10 2.873391513318459719e-24
2.585294598928931808e+10 2.726349960254878317e-24
5.075082768852447510e+10 5.351982598379088852e-24
2.829453776293867493e+10 2.983830621754939432e-24
2.719362317825892925e+09 2.867732501431277772e-25
5.695558635368170738e+09 6.006312033297293240e-25
2.746542378816199875e+10 2.896395524295808518e-24
3.869065520889852142e+10 4.080164261926552621e-24
5.326361646421368599e+09 5.616971415574908274e-25
6.802924103118891144e+10 7.174096083997192719e-24
2.584797929554243851e+10 2.725826192274818584e-24
1.649705107893850136e+10 1.739714095717378061e-24
1.132307161583959770e+10 1.194086579633783800e-24
2.168977793042043209e+09 2.287318637614360157e-25
2.201655071147345543e+09 2.321778809348961561e-25
6.156977002859123993e+10 6.492905688191015934e-24
1.898293390133553743e+09 2.001865516946055911e-25
5.247012714063810349e+09 5.533293153658869198e-25
8.245173782258317566e+10 8.695035847314076061e-24
3.570160548455554199e+10 3.764950839033143461e-24
1.155448875467454910e+09 1.218490920536609726e-25
3.680223836005138874e+09 3.881019251414714068e-25
7.627667296966195679e+10 8.043837804997821637e-24
8.263591968089866638e+09 8.714458941390323390e-25
7.645682127655418396e+09 8.062835536611816023e-25
5.292385849063893890e+10 5.581141876529897896e-24
3.464854591432548523e+09 3.653899320237870332e-25
3.252715859796045685e+10 3.430186160892196005e-24
6.052475462318238068e+10 6.382702475366352923e-24
8.761908934131350708e+10 9.239964406463582004e-24
8.351052152897013855e+10 8.806691010985655989e-24
2.560348663133377838e+10 2.700042957914446666e-24
1.410934046296674728e+10 1.487915529099412093e-24
2.592080337361709118e+09 2.733505933007138978e-25
1.441315842417325401e+10 1.519954975853497320e-24
4.659367468583423615e+09 4.913585599895685316e-25
2.375718805020716858e+10 2.505339574193358060e-24
1.241109530675878763e+09 1.308825277023351150e-25
1.335036949426137447e+09 1.407877437068362195e-25
5.051239982314366150e+10 5.326838933839892653e-24
7.226831190924736977e+09 7.621131819294065542e-25
2.669405124401192474e+10 2.815049610914929946e-24
1.462666692923038483e+10 1.542470742703346702e-24
1.293610242607285500e+09 1.364190462076862507e-25
2.465211704894864082e+09 2.599715265116960522e-25
4.876636110487319946e+09 5.142708560762398587e-25
2.706816009549038410e+09 2.854501658383015791e-25
5.629446614920223236e+10 5.936592897847388773e-24
1.831526887914101791e+10 1.931456190771865705e-24
2.019629245074475527e+09 2.129821535355998077e-25
4.195177065480246544e+09 4.424068665316798994e-25
1.572402528806366682e+09 1.658193837441948412e-25
1.296302145713751793e+09 1.367029237174433443e-25
3.537577332210044861e+10 3.730589861234820218e-24
1.082259439049593925e+10 1.141308220680438664e-24
4.220378234478928375e+10 4.450644826550569747e-24
9.386680658121257782e+09 9.898824083644642662e-25
3.651858776485092163e+09 3.851106575726943532e-25
2.748103979015910339e+10 2.898042326422026091e-24
1.006544620914254379e+10 1.061462352631393569e-24
1.228093564851437378e+10 1.295099151605054087e-24
2.220209430138270187e+10 2.341345506281071488e-24
1.448940373355432510e+10 1.527995506177848903e-24
4.436848529892842102e+10 4.678925882621545211e-24
5.530084628780238152e+09 5.831809656867493210e-25
3.098318788525095749e+10 3.267365084602701891e-24
3.521396242088690186e+10 3.713525920271375875e-24
2.076133765976883316e+10 2.189408979812162624e-24
5.761002425714195251e+10 6.075326479574607656e-24
1.958440017108130646e+10 2.065293783159716442e-24
1.487692559784783363e+09 1.568862037201130027e-25
4.404533776832798958e+09 4.644848015535374688e-25
1.838209354041421127e+10 1.938503256614253380e-24
1.058403961506582069e+10 1.116151172706797027e-24
7.037913552090451050e+10 7.421906710735573755e-24
1.404082495607691765e+09 1.480690153331276496e-25
3.090224163250509739e+09 3.258828811287936059e-25
3.062563557663524151e+09 3.229659024999771161e-25
3.761726786522917938e+10 3.966969056128212247e-24
1.278635158460878754e+10 1.348398327561792619e-24
7.034986001997247696e+09 7.418819431597808008e-25
5.904486936413514137e+09 6.226639598862578241e-25
1.285405755250179672e+10 1.355538332532622476e-24
5.636979910655340195e+09 5.944537215116505534e-25
8.348027579020905495e+09 8.803501414384041823e-25
9.819262582139719009e+09 1.035500795988192422e-24
7.507828326685012817e+09 7.917460342252010938e-25
4.780923365220674515e+09 5.041773665620579299e-25
7.743191905301097107e+10 8.165665511392600493e-24
1.611860778423457527e+10 1.699804954921499992e-24
1.843480656654980659e+09 1.944062164940184013e-25
1.749340224932797623e+10 1.844785369796418414e-24
3.724072493878409863e+09 3.927260320691518940e-25
4.693959370263560295e+09 4.950064858317473209e-25
2.751007631170924664e+09 2.901104403734490551e-25
5.046364480541897774e+09 5.321697421507372215e-25
7.633926751047189713e+09 8.050438778980441366e-25
3.841446217989976501e+10 4.051038031827074635e-24
2.693984645130337143e+10 2.840970206343686976e-24
1.265398802649432421e+09 1.334439787534900898e-25
1.593611590095730400e+10 1.680560078963226258e-24
7.110856274635763550e+10 7.498829235849223306e-24
1.839491591232092619e+09 1.939855453503255071e-25
5.413787085524122238e+09 5.709166843717529090e-25
1.616190353075304985e+09 1.704370753993248207e-25
7.495057013604207039e+09 7.903992217990782144e-25
1.640110345447224379e+09 1.729595836766985926e-25
1.712351487264848709e+10 1.805778502450364620e-24
1.114969023028547764e+09 1.175802460918251301e-25
1.156705155186835098e+10 1.219815743697738221e-24
1.968283062156049728e+10 2.075673871172238747e-24
5.103758726666874886e+09 5.382223135175175396e-25
1.627331547315554619e+09 1.716119819065631146e-25
8.830153385999023438e+09 9.311932320183793647e-25
2.162348371950623703e+10 2.280327510979665519e-24
2.494934174445778847e+09 2.631059412013173037e-25
1.185728860077929258e+09 1.250423000878048100e-25
1.269482819222654581e+09 1.338746630718922471e-25
9.058166278454454422e+09 9.552385744927342708e-25
1.244883851030886078e+10 1.312805526761283034e-24
3.523173856183071613e+09 3.715400522151398659e-25
2.612796278502510834e+10 2.755352149422578293e-24
4.048575471120370483e+10 4.269468392248523360e-24
1.062424881052383232e+10 1.120391476248383770e-24
4.218602389692213440e+10 4.448772090512794650e-24
7.503590006604873657e+10 7.912990776660986108e-24
1.527970924160054445e+09 1.611338015435543371e-25
1.218728219641581774e+09 1.285222827045662982e-25
7.869973530210310364e+10 8.299364424535992791e-24
4.968128105770028114e+09 5.239192419045316277e-25
4.104247415195468140e+10 4.328177833942068147e-24
1.179550182648579597e+09 1.243907210773928505e-25
2.525313716420092773e+10 2.663096481633225502e-24
4.083122520587261677e+09 4.305900351291025676e-25
2.117079218106010199e+09 2.232588442543841918e-25
6.961850302787417412e+09 7.341693400886824929e-25
1.051663836893696976e+10 1.109043302494224356e-24
1.187970262709258318e+09 1.252786695900414496e-25
7.059582569196524048e+10 7.444758003563237842e-24
1.979890150489898443e+09 2.087914249824162730e-25
5.064255077873561859e+09 5.340564141510704240e-25
1.028716214408104515e+10 1.084843642742698023e-24
4.322499583397935486e+10 4.558337982944373239e-24
6.894235473221211243e+10 7.270389462071944980e-24
6.777295554380953789e+09 7.147069224906545112e-25
5.314683442128431320e+09 5.604656040830735011e-25
8.876141647316688538e+09 9.360429731065922620e-25
7.673635862599721909e+09 8.092314445586426027e-25
3.676713704849327087e+09 3.877317605211182233e-25
1.249005430596960831e+10 1.317151982399572873e-24
3.372655556264980793e+09 3.556669845512330063e-25
2.534949824775900650e+10 2.673258342352600619e-24
2.046853396453107834e+09 2.158531054209229072e-25
7.126252460682556152e+10 7.515065447859313032e-24
5.179000517311580658e+10 5.461570167044845375e-24
6.585490359026731110e+10 6.944799012859025049e-24
8.990734589274976730e+09 9.481274938758270025e-25
6.350978366954566002e+09 6.697491893380214071e-25
6.758203189961605835e+10 7.126935168618559202e-24
2.739841890708561897e+09 2.889329453182088796e-25
3.291696552539320946e+09 3.471293665683087040e-25
2.159697620568592548e+09 2.277532132871483949e-25
5.861888650795813751e+10 6.181717122968009401e-24
8.563151869226860046e+10 9.030363026324068612e-24
1.260638554234729958e+10 1.329419816858598159e-24
1.606305880965607166e+09 1.693946978631407561e-25
6.012387416445540428e+09 6.340427199536277446e-25
4.740387544035383224e+09 4.999026183564490476e-25
4.616752130578671455e+09 4.868645141224693192e-25
1.476935164916053772e+09 1.557517711844570173e-25
2.831697299811938477e+10 2.986196553381013239e-24
3.699748086446188450e+09 3.901608757707735730e-25
5.884736570792478943e+10 6.205811640397714183e-24
1.503594083906839180e+10 1.585631158861818127e-24
2.446990869965879440e+10 2.580500289537377257e-24
3.367236853710301876e+09 3.550955495008251387e-25
3.986544223844825745e+10 4.204052679619754921e-24
6.699141201083903503e+10 7.064650719064528080e-24
4.170186029531504631e+09 4.397714102129374101e-25
3.519908501298768616e+10 3.711957007372569865e-24
5.331792119276618004e+09 5.622698178574842323e-25
1.974473312455220222e+09 2.082201865569513142e-25
3.288137157236477852e+09 3.467540067448496059e-25
4.879640142328916550e+09 5.145876494542686008e-25
7.491302988099595642e+10 7.900033370403535417e-24
5.809423487142913818e+10 6.126389425730290666e-24
1.970665967651543856e+09 2.078186789547430244e-25
7.507025646768221855e+09 7.916613867594867821e-25
1.192663309126482725e+09 1.257735797994378894e-25
2.291253216747418880e+09 2.416265488274014540e-25
8.234271691813782692e+09 8.683538931696619636e-25
1.228509066129465580e+09 1.295537322904103416e-25
2.009108527949714422e+09 2.118726801035650865e-25
1.588746678403056383e+09 1.675429734512168259e-25
3.161682949982418823e+10 3.334186436081302011e-24
3.291857804162673950e+09 3.471463715300295847e-25
1.409649012500227690e+09 1.486560383019997821e-25
9.717537081937177658e+09 1.024773224996901678e-24
5.135793930955592346e+10 5.416006201126531696e-24
1.583327829100733376e+10 1.669715229253797925e-24
2.767389822548447132e+09 2.918380418169944018e-25
2.290528406753934860e+10 2.415501132174037925e-24
1.225084581462484121e+09 1.291925996117753256e-25
2.522772953253644943e+09 2.660417092769483816e-25
8.742318694378328323e+09 9.219305310438641003e-25
4.486646706639402008e+10 4.731441080405966207e-24
1.948811240585508728e+10 2.055139654303133121e-24
1.076887629156022310e+09 1.135643321331674618e-25
8.597793477054628372e+09 9.066894702893356951e-25
6.958586853963644028e+09 7.338251896164432414e-25
1.690075484985958338e+09 1.782287106942536815e-25
1.941737158255264521e+09 2.047679605422092025e-25
5.846790439395123482e+09 6.165795143295268589e-25
3.490795080583486176e+10 3.681255139414126438e-24
6.389670637713466644e+10 6.738295239694945684e-24
6.244860559912131310e+09 6.585584229498374127e-25
3.440643974561552429e+10 3.628367756302629927e-24
1.190116893790427589e+10 1.255050448574965660e-24
1.038532745016551018e+10 1.095195769670618094e-24
2.885945563264631748e+09 3.043404637507835598e-25
1.379860340388449669e+10 1.455146421507975866e-24
1.858248672510848999e+09 1.959635933383583261e-25
1.144068502974141502e+10 1.206489627489509833e-24
1.133953819503467560e+10 1.195823080284527122e-24
1.057398819472078443e+09 1.115091189466606671e-25
2.273139570100747585e+09 2.397163549239413707e-25
3.762719547317440987e+09 3.968015982599884383e-25
3.947354525608327484e+10 4.162724765859465372e-24
8.605606589316852570e+09 9.075134103661999099e-25
9.288391334690498352e+10 9.795172030551757480e-24
2.296813018211149597e+10 2.422128636135750274e-24
1.061496606748124313e+10 1.119412554691989195e-24
2.876964545288403320e+10 3.033933609326876179e-24
1.127231887446861506e+09 1.188734395225982268e-25
6.123838873664244843e+10 6.457959521030488637e-24
5.244624536849545479e+09 5.530774675936489369e-25
7.087001041287536621e+10 7.473672445393794169e-24
1.272416695998071289e+10 1.341840581726812936e-24
1.085019638579162216e+10 1.144219018498548593e-24
3.175135567054044724e+09 3.348373036723931572e-25
4.772697175580253601e+10 5.033098649702276559e-24
9.469699095034305573e+09 9.986372060680637015e-25
2.663593231501254082e+09 2.808920617343629923e-25
4.464149408030607605e+10 4.707716314495984552e-24
1.760908468730731201e+10 1.856984784529184686e-24
7.428657166084547424e+10 7.833969551436203775e-24
1.083950415101977825e+09 1.143091457490324374e-25
7.039363994715559387e+10 7.423436290457340328e-24
1.638634569812508965e+10 1.728039541850066937e-24
1.159125591037675095e+10 1.222368240108967720e-24
1.103727493620105934e+10 1.163947586325387996e-24
1.634954620466627693e+10 1.724158812065136393e-24
9.525052739615032959e+10 1.004474583625157262e-23
1.156254772691344976e+09 1.219340788039227379e-25
4.048055677966996670e+09 4.268920238841315038e-25
4.789402345518042564e+09 5.050715264619126215e-25
9.470772588632076263e+09 9.987504124790013869e-25
1.051843954064876437e+09 1.109233246975866564e-25
4.139331514738100529e+09 4.365176144863098455e-25
2.719879379264748573e+09 2.868277774079840447e-25
2.811721958374683857e+09 2.965131344272504014e-25
5.890084026041464806e+09 6.211450856296582027e-25
3.198923984350230026e+10 3.373459365599894222e-24
1.221584507815273285e+09 1.288234956167058406e-25
2.258356742145267868e+10 2.381574160538576812e-24
4.682355127626926422e+10 4.937827480625862779e-24
2.856406757516537666e+09 3.012254175231444643e-25
5.045533062260143280e+09 5.320820640501310322e-25
2.397285178331520081e+09 2.528082622913264090e-25
4.724488642102791595e+10 4.982259827161635934e-24
2.743504179773289871e+10 2.893191559129395530e-24
1.514236349131931496e+10 1.596854073026212630e-24
4.872630497010654449e+10 5.138484398399073444e-24
1.435878323855796242e+10 1.514220782728949034e-24
2.419444573840687943e+10 2.551451049509877382e-24
5.205269193749348640e+09 5.489272079620583632e-25
3.176501417014024734e+10 3.349813408349527835e-24
2.595824879956624985e+10 2.737454780290946228e-24
6.801991264518914223e+09 7.173112349114125848e-25
2.977115632230239487e+10 3.139549004963597462e-24
1.472584363587219477e+09 1.552929527954479440e-25
1.867508164335266113e+09 1.969400629127711712e-25
5.109298715809381485e+09 5.388065389742505130e-25
1.010074007696330428e+09 1.065184305060731322e-25
7.469211266511186218e+10 7.876736310060982018e-24
6.041418211038143158e+10 6.371041933236839200e-24
1.466244904521665764e+10 1.546244183863105713e-24
1.746317537792241669e+10 1.841597762871880014e-24
4.945882487168714523e+09 5.215733064968352431e-25
2.738873209906714249e+10 2.888307920523214878e-24
1.215108012634005547e+09 1.281405099180022757e-25
5.340042546833882141e+10 5.631398754846556708e-24
6.999453826208630371e+10 7.381348597098251235e-24
1.181908924361778021e+09 1.246394646975084815e-25
1.126086537291035891e+09 1.187526554017824984e-25
2.167970832764308929e+09 2.286256736926401355e-25
1.724573781551458359e+10 1.818667653093516110e-24
4.941272019477294159e+10 5.210871047149389089e-24
1.219309963960104942e+09 1.285836311714041264e-25
7.131592944547736168e+09 7.520697312011123318e-25
2.866178010457540512e+10 3.022558554112822642e-24
2.318309360241684341e+10 2.444797832623010916e-24
3.605449246232418537e+09 3.802164911201652953e-25
1.409544178264169121e+10 1.486449828959570751e-24
5.753766903139235497e+09 6.067696182163690790e-25
3.239695501913941860e+09 3.416455403782702638e-25
1.102447025925254059e+10 1.162597255477053305e-24
2.985630682110398865e+10 3.148528641524923292e-24
4.360892063621563721e+10 4.598825181956485818e-24
2.167783388218392372e+09 2.286059065283672004e-25
3.822679536342597198e+10 4.031247427775742978e-24
1.653860001865084839e+10 1.744095683416525325e-24
4.818668567831387520e+09 5.081578271130590786e-25
5.916682591277566910e+09 6.239500656618884572e-25
3.816001344435684204e+10 4.024204869358017809e-24
2.260462832617109299e+09 2.383795160681685174e-25
1.832656784874353409e+10 1.932647735648008466e-24
2.502443476511977005e+10 2.638978426503128031e-24
3.982915882135818481e+09 4.200226373218062166e-25
2.909749378334702301e+10 3.068507204270280392e-24
1.442625663073644829e+10 1.521336261180042632e-24
3.320894268648525238e+09 3.502084428247183613e-25
1.476271503272208595e+10 1.556817840388114272e-24
2.707422939259449959e+09 2.855141702574708297e-25
1.092050945285934448e+10 1.151633957890171694e-24
7.085697286386228561e+09 7.472297556773813309e-25
1.696182581013719177e+10 1.788727410117059599e-24
6.689637502932920074e+10 7.054628492937206083e-24
4.050502123099843979e+09 4.271500163617959901e-25
8.908097453939950562e+10 9.394129067363356146e-24
1.440396924005509949e+10 1.518985920653146636e-24
5.219163189647785187e+09 5.503924141007002685e-25
7.104542008647994995e+10 7.492170459386408666e-24
1.442354725192661667e+10 1.521050540751370406e-24
8.164168089339707375e+09 8.609610430899030847e-25
1.774509652716896296e+09 1.871328057994213872e-25
2.527785767041338730e+10 2.665703408950434926e-24
1.410060386822830200e+09 1.486994202194238797e-25
1.366811513500194788e+09 1.441385642104767641e-25
3.388427736743483734e+10 3.573302566455820914e-24
3.741806336219968796e+09 3.945961733050135952e-25
3.461177687131227493e+09 3.650021801637119562e-25
2.227640304552600479e+10 2.349181814055265311e-24
8.917960495856053162e+10 9.404530243286245894e-24
1.115559190068757057e+10 1.176424827857510479e-24
4.117420791788559914e+09 4.342069958563331274e-25
1.076620578808855247e+10 1.135361700543201752e-24
2.476724801870106697e+09 2.611856524180383063e-25
9.019374709967691422e+09 9.511477683135883854e-25
8.693762784652815247e+10 9.168100158575043313e-24
4.022085104238476562e+10 4.241532693653280283e-24
1.786611087134455872e+10 1.884089754574947696e-24
2.980877096467622757e+09 3.143515697145733678e-25
2.065134972671726704e+09 2.177810085162868795e-25
6.256178873391007423e+09 6.597520077550688807e-25
6.783988459311846733e+09 7.154127299100444711e-25
1.514622055533614635e+09 1.597260823821009641e-25
6.518528819806582451e+09 6.874184008338034674e-25
5.326644621875447083e+10 5.617269830354523583e-24
7.154172107414176941e+09 7.544508408746099867e-25
8.451792738845269775e+10 8.912928069079486826e-24
1.135349862678253174e+09 1.197295292486443249e-25
3.573040006466125488e+10 3.767987402152846855e-24
9.408750814006596375e+10 9.922098401645283740e-24
1.324960947521793604e+09 1.397251681921224638e-25
1.002169033581065416e+09 1.056848030396367155e-25
7.704392954526126862e+09 8.124749664530469022e-25
1.586765422309482574e+09 1.673340379792513708e-25
4.131749408999929810e+10 4.357180354485292427e-24
1.723545877348910522e+10 1.817583665766531130e-24
6.886291382929008484e+10 7.262011937026489598e-24
4.260347114218167305e+09 4.492794434465137835e-25
3.273564583487266541e+10 3.452172404560702097e-24
3.393535145808416367e+10 3.578688639094100849e-24
1.779074141490368128e+09 1.876141588255444005e-25
1.883743303366701841e+09 1.986521567945061639e-25
5.052890962503719330e+09 5.328579992586346597e-25
5.737476358380012512e+10 6.050516814645869253e-24
2.697195071376971722e+09 2.844355795542511856e-25
1.787260562319812775e+10 1.884774665550477395e-24
5.332056596965623474e+10 5.622977086339244426e-24
2.016144190650191116e+10 2.126146334086838743e-24
4.908692197990330696e+09 5.176513649329855661e-25
3.638631476070103645e+09 3.837157585164852719e-25
7.813139012744591713e+09 8.239428978688559743e-25
3.699100116279480934e+09 3.900925433865655523e-25
8.763286268310922623e+09 9.241416888895289112e-25
1.977016004755518913e+09 2.084883288821908329e-25
1.048589738117234826e+09 1.105801478881356646e-25
1.609098192622524738e+09 1.696891640635501943e-25
1.135842781180905819e+09 1.197815104944440183e-25
7.470773964198622704e+09 7.878384269554573271e-25
7.122934055692784119e+10 7.511565988526623975e-24
2.802310518867398453e+10 2.955206410480719339e-24
6.348541851423658371e+09 6.694922439971073839e-25
1.350700013885686636e+09 1.424395088551660434e-25
2.773195129247455597e+10 2.924502466192891310e-24
1.920177643727557421e+09 2.024943789704966355e-25
1.186339104427542686e+10 1.251066540557821295e-24
9.685142347107582092e+09 1.021357003725572464e-24
6.054145563216369629e+10 6.384463698059940202e-24
8.065785092149686813e+09 8.505859593145416947e-25
9.209402141907516479e+09 9.711873135836368103e-25
2.383982750975588226e+10 2.514054406435280055e-24
1.227071523640083075e+09 1.294021347157890192e-25
7.518216354710341454e+09 7.928415147869023827e-25
3.561200169763364792e+09 3.755501576229035492e-25
1.283030999937193394e+09 1.353034009019218105e-25
2.410860470907739639e+09 2.542398592316115925e-25
6.414440643564440918e+10 6.764416713238152241e-24
1.171387457289176941e+09 1.235299121789253784e-25
3.985138535719297791e+10 4.202570296232286597e-24
3.842208568779695034e+09 4.051841976973639024e-25
3.734782542314610481e+09 3.938554716363277189e-25
5.151818792318175316e+09 5.432905389388120566e-25
1.361304186995511246e+10 1.435577832270106988e-24
8.764094330515542984e+09 9.242269039501400293e-25
1.350651044202990913e+10 1.424343447051103280e-24
2.045197651090359688e+09 2.156784970298408590e-25
9.188637765743251038e+10 9.689975841750960840e-24
9.672018400593252563e+10 1.019973003965059650e-23
1.063345217871022344e+09 1.121362027244760494e-25
2.017882605779831886e+09 2.127979598281010820e-25
3.487930548483353424e+10 3.678234316572280270e-24
2.568089268413288116e+09 2.708205895672477960e-25
4.599408907193445587e+10 4.850355660247712222e-24
1.603668752213068771e+10 1.691165966412278291e-24
1.178773120745698452e+09 1.243087751866261455e-25
3.223594340384512329e+10 3.399475752367345783e-24
5.723664670091149139e+10 6.035951551625943063e-24
9.012202836320233154e+10 9.503914507379511334e-24
8.664060402396854401e+09 9.136777194949713319e-25
1.543548482245494604e+09 1.627765495261132005e-25
5.306248898922100830e+10 5.595761303439926662e-24
2.808590446466374588e+10 2.961828975029829050e-24
5.516590680079270363e+09 5.817579469514837759e-25
1.552991074814477539e+10 1.637723281846001204e-24
3.096870712936921310e+10 3.265838001064949159e-24
3.040359036185120773e+10 3.206243010331576699e-24
5.231441770859796143e+10 5.516872649626956511e-24
2.306259569637564659e+09 2.432090597575898106e-25
3.926927201055645752e+10 4.141182913141639614e-24
3.143341347075520992e+09 3.314844103344077826e-25
3.683579202231146336e+09 3.884557688612821601e-25
6.806914635017973900e+09 7.178304341922215172e-25
1.479393040749907494e+09 1.560109690988732181e-25
6.713972472427404022e+10 7.080291194256266593e-24
9.749926056421118164e+10 1.028188838804843477e-23
3.179574141193616486e+10 3.353053782366622259e-24
1.956819778814782333e+10 2.063585143607185756e-24
6.803316704865390015e+10 7.174510106351321145e-24
2.243865605244385910e+10 2.366292377746729781e-24
5.620554515371746063e+09 5.927215639541656080e-25
2.386797053279969406e+10 2.517022258910921683e-24
1.328769387632310867e+09 1.401267913010804662e-25
2.233918015164165974e+09 2.355802040656683837e-25
2.028593870736226559e+09 2.139275276847099355e-25
4.273610409699914551e+10 4.506781384008331707e-24
4.650057263613927841e+09 4.903767424064170690e-25
8.537533786404532433e+09 9.003347204176218640e-25
5.666899897872568512e+10 5.976089656371870073e-24
3.289525847824342251e+09 3.469004525901547495e-25
7.669511760252450562e+10 8.087965329522350673e-24
1.524888935795791054e+10 1.608087871773812660e-24
8.293799759904617310e+10 8.746314890049967221e-24
1.439785246679679871e+10 1.518340869813038754e-24
1.658185559257275581e+09 1.748657246044306760e-25
1.210731597309999847e+10 1.276789903778460137e-24
1.829957944189455271e+09 1.929801644453196742e-25
3.063923933858836365e+10 3.231093624208525626e-24
8.068318102631711960e+09 8.508530806333213246e-25
4.943029088788574982e+10 5.212723983309531780e-24
1.750907319485570145e+10 1.846437966051188593e-24
1.148350806486196518e+09 1.211005576277213777e-25
1.467821765364512682e+09 1.547907079263113326e-25
8.986466893596250534e+09 9.476774394816818689e-25
1.314657085970560789e+09 1.386385634956088212e-25
1.548901985962877274e+10 1.633411089636781497e-24
4.167614543728639221e+10 4.395002314382111771e-24
1.467417428566866398e+09 1.547480681585785041e-25
6.725884233718977928e+09 7.092852869021417833e-25
7.092961591877172852e+10 7.479958207515404373e-24
7.008620035976423645e+10 7.391014921255840436e-24
3.609616127362767029e+10 3.806559140087142436e-24
2.050473638596078110e+10 2.162348819127273483e-24
8.891773036471706390e+09 9.376913979019393627e-25
1.221297165133115768e+10 1.287931935880548625e-24
1.380124779789202881e+10 1.455425288895093658e-24
2.446400282616087341e+10 2.579877479356170114e-24
2.778219880181323242e+10 2.929801370818505703e-24
4.060723618719803619e+10 4.282279350712834131e-24
3.356373313340574265e+10 3.539499232782853829e-24
2.521744130568214798e+10 2.659332136846590584e-24
6.067160010475236511e+10 6.398188222058733187e-24
2.087875427071339607e+09 2.201791273602379043e-25
4.163061222643318653e+09 4.390200561125390321e-25
4.797627761929886818e+09 5.059389465120996242e-25
1.167161937970983696e+10 1.230843055378104651e-24
5.373016752135887146e+09 5.666172054319584076e-25
6.545461429531187439e+10 6.902586078834239335e-24
4.132422442449832153e+10 4.357890109079663208e-24
3.182045557677217484e+10 3.355660040947223513e-24
1.440369610806583214e+10 1.518957117228252959e-24
7.831634854151640320e+10 8.258933965279208868e-24
1.603354565102915287e+09 1.690834637048253545e-25
6.591615857774842072e+10 6.951258722818335737e-24
1.750970326465980053e+09 1.846504410733588435e-25
1.255810484340392828e+09 1.324328324318449159e-25
7.444805356870022774e+09 7.850998798054522660e-25
1.500313729779228926e+09 1.582171826471173942e-25
1.545087336595810509e+10 1.629388310509560413e-24
8.508049159512988281e+10 8.972253876790166379e-24
1.077924684654229879e+09 1.136736959254985798e-25
1.077027345003632784e+09 1.135790660167155004e-25
2.497672338658660412e+09 2.633946972253330279e-25
5.015337662252798080e+09 5.288977759754175408e-25
4.812946774560839653e+09 5.075544293083289431e-25
7.277982472946987915e+10 7.675073948661498347e-24
6.865604651851403809e+10 7.240196524394367346e-24
1.430334972625537157e+09 1.508374982636163822e-25
3.040177949126885986e+10 3.206052043045208028e-24
6.156815866436828613e+10 6.492735760060310194e-24
2.678477540393593597e+10 2.824617023847500926e-24
2.341121566972073078e+09 2.468854688247312842e-25
7.818481580504716873e+09 8.245063040433982737e-25
6.457945594291296387e+10 6.810295322482216401e-24
8.605372290602436829e+10 9.074887021456745103e-24
9.973792037620719910e+09 1.051796864335040761e-24
8.493304850594850540e+09 8.956705108750498724e-25
4.205665338108459473e+10 4.435129184947682370e-24
1.152176500038834572e+09 1.215040002167982023e-25
4.563522550727864265e+09 4.812511320742201916e-25
5.464185224669422150e+10 5.762314738240897323e-24
1.273260243360338449e+09 1.342730153583940094e-25
1.378107148035996246e+10 1.453297573836066017e-24
4.033574436079939365e+09 4.253648890941707478e-25
1.071674420712855148e+10 1.130145676832004136e-24
1.431496186983752728e+09 1.509599553607951710e-25
1.072162934329826736e+10 1.130660844070881496e-24
1.854420961236281586e+10 1.955599379682659818e-24
8.803132725054756165e+09 9.283437394335890095e-25
2.583393813214874268e+10 2.724345466431187613e-24
7.491992449087574959e+09 7.900760448833186450e-25
1.821901141199283123e+09 1.921305257031377375e-25
1.004236059863517642e+09 1.059027834982406939e-25
8.833063033014495850e+09 9.315000719440217555e-25
1.505695062517458916e+10 1.587846768237218615e-24
7.058983047286300659e+09 7.444125771346148195e-25
4.937009351024187469e+10 5.206375804722270023e-24
1.044944154820131302e+10 1.101956990179263683e-24
1.627225992689325142e+10 1.716008505310075380e-24
1.166447576730392933e+09 1.230089718121801544e-25
2.413907886910405636e+09 2.545612277325627225e-25
1.426045393794496536e+09 1.503851361583320245e-25
2.366578234692229462e+10 2.495700288379624295e-24
1.477714242424858809e+09 1.558339296330936250e-25
6.401890768845257568e+10 6.751182109160138559e-24
1.034407000826648951e+09 1.090844922183905591e-25
5.104683156983329773e+09 5.383198003013281777e-25
7.204733116719435692e+09 7.597828059731696546e-25
1.553192127649405098e+10 1.637935304254875244e-24
7.675127278760040283e+10 8.093887234386237419e-24
2.556095904689899921e+09 2.695558166193551899e-25
2.054374671901836395e+09 2.166462695357283587e-25
1.221737420409773254e+10 1.288396211772555156e-24
1.807943184718492508e+09 1.906585745331469559e-25
3.408341620593224716e+10 3.594302964810714436e-24
1.436345272818726778e+09 1.514713208732180622e-25
7.683679196462501526e+10 8.102905750302322245e-24
8.612379046711231232e+09 9.082276070753735460e-25
8.755007089733810425e+10 9.232685992929312852e-24
3.263961669227899933e+10 3.442045549029343798e-24
2.489855241810379505e+09 2.625703369497014351e-25
7.486296190109745789e+10 7.894753398246285957e-24
2.479098505564450264e+09 2.614359738698144872e-25
9.257212747031044006e+10 9.762292318792264457e-24
1.634893153570431948e+09 1.724093991494950881e-25
1.628648232701036692e+09 1.717508343665444456e-25
2.507747041308733749e+10 2.644571357258036015e-24
4.158276816535766602e+10 4.385155114696742724e-24
3.239603318835944176e+09 3.416358191135780323e-25
5.585605819548687935e+09 5.890360120055547638e-25
7.919720720822103882e+10 8.351825854348844896e-24
2.948395334640649796e+09 3.109261709185264776e-25
5.185702195372489929e+10 5.468637493036463694e-24
3.904944216122964859e+09 4.118000522197749465e-25
6.788616551943528748e+10 7.159007903487917624e-24
7.175135085532693481e+10 7.566615140638054923e-24
2.161530185893161774e+09 2.279464684156692982e-25
1.296110909336928749e+10 1.366827566816027673e-24
3.178025624726486206e+09 3.351420777829977820e-25
4.587806942691952515e+10 4.838120684987783264e-24
5.205041277926982117e+10 5.489031728562136405e-24
4.908961406541834259e+10 5.176797546075702384e-24
2.372104592342107296e+09 2.501528167711186745e-25
5.775316467596257019e+10 6.090421504927777619e-24
4.079410972462300301e+09 4.301986298676997226e-25
1.950812391547347641e+10 2.057249989368055384e-24
1.026508059691087961e+09 1.082515009662557326e-25
2.500060649361541271e+09 2.636465590747552666e-25
6.522073181603367805e+09 6.877921752828661665e-25
2.561354011705731869e+09 2.701103158961327376e-25
3.046723402591259003e+09 3.212954620724299565e-25
9.657743989421791077e+09 1.018467680728547329e-24
1.185117098763106585e+09 1.249777861466453228e-25
1.901429281613159657e+09 2.005172504712297151e-25
6.728322176936056137e+09 7.095423828012218299e-25
3.370406269238216877e+09 3.554297835916765721e-25
1.440161273018107891e+09 1.518737412394009112e-25
6.506662633908255005e+10 6.861670395589342144e-24
3.286984802098142147e+09 3.466324839061408996e-25
5.535984255729910851e+09 5.838031171315564457e-25
2.215004511939659882e+10 2.335856604347113914e-24
4.145175306649648666e+09 4.371338777876910268e-25
1.223171638896812439e+09 1.289908682156686949e-25
2.427780481817339420e+09 2.560241770068473544e-25
6.892798122148867798e+10 7.268873688186609219e-24
2.316858730067225647e+10 2.443268055119078214e-24
1.384648698847893715e+09 1.460196035931415201e-25
6.066173768285071373e+09 6.397148169850728671e-25
2.175312532611245155e+09 2.293999004710579703e-25
2.349598016993339539e+09 2.477793618916241796e-25
7.051049385505649567e+09 7.435759243798643704e-25
2.304606844358888626e+09 2.430347698526908679e-25
3.865787676854599476e+09 4.076707576580544328e-25
6.669642447595941544e+09 7.033542494325733169e-25
1.335571416600460434e+10 1.408441065120684250e-24
8.209314439482780457e+09 8.657219995383176114e-25
3.115417826242419815e+10 3.285397056982304756e-24
4.094345233213975525e+10 4.317735382446264234e-24
2.659976127529089928e+09 2.805106161817040051e-25
5.694379295351719856e+09 6.005068347719521250e-25
4.331401816374951172e+10 4.567725927565122498e-24
4.385253534853492737e+09 4.624515830965088664e-25
2.240176174763538837e+09 2.362401649529919418e-25
3.590239307641104221e+09 3.786125108429818540e-25
5.688830759926013947e+09 5.999217080578201494e-25
1.650641512140245819e+10 1.740701590790860513e-24
9.420991293513778687e+10 9.935006729706515758e-24
3.779860747263014984e+10 3.986092417606439159e-24
1.119166472645259619e+09 1.180228926126678742e-25
2.136877078537606812e+10 2.253466487167141834e-24
9.408099844021002197e+10 9.921411914312239607e-24
7.704040624321408081e+10 8.124378110959735145e-24
1.347116023229938889e+10 1.420615553025651226e-24
6.202192424585083008e+10 6.540588092848708186e-24
4.313119621443477631e+09 4.548446244141250636e-25
1.711135005087317085e+10 1.804495648210952769e-24
1.431054059123474312e+10 1.509133302962939445e-24
9.176923502712242126e+10 9.677622440880422406e-24
1.913665209775779247e+09 2.018076033104635903e-25
5.028940692467652130e+10 5.303322980179336220e-24
7.280903784546035767e+09 7.678154648928793574e-25
9.666946713051483154e+09 1.019438163752510603e-24
8.418409960560816765e+09 8.877723904615320158e-25
1.850049817516856766e+10 1.950989743507865916e-24
6.847847770804028320e+10 7.221470816323102568e-24
5.704311407955854416e+09 6.015542362872281037e-25
7.250465889782048225e+09 7.646056042752762779e-25
3.590470466789214611e+09 3.786368879771979792e-25
5.709443296659461975e+09 6.020954250774306084e-25
2.020317497460079908e+09 2.130547339241139246e-25
4.144490870562123108e+10 4.370616998509562635e-24
1.568002659802518845e+09 1.653553908712457745e-25
1.422148936914948654e+10 1.499742311472322761e-24
7.264915234873938560e+09 7.661293753547232087e-25
4.472811304451830292e+10 4.716850809641534328e-24
1.788981120278186035e+10 1.886589098274458218e-24
1.948186353542345047e+09 2.054480673014888788e-25
9.382541360454051971e+09 9.894458943194055519e-25
1.656578004533537865e+10 1.746961982085226219e-24
1.734939195201410675e+10 1.829598610480067506e-24
1.037964011272103786e+09 1.094596005441732311e-25
6.804744925872917175e+09 7.176016252029542413e-25
5.348355007867599487e+10 5.640164749181702652e-24
7.101570396438226318e+10 7.489036714074228683e-24
2.326311351563085938e+10 2.453236417815623666e-24
4.566658813040499115e+10 4.815818699574364152e-24
4.069783849641431332e+09 4.291833913749214292e-25
3.151566275039764786e+10 3.323517788748327718e-24
4.802011554881128311e+09 5.064012440677953509e-25
2.250020702901401997e+09 2.372783301550741387e-25
9.400198647964141846e+09 9.913079623839613490e-25
4.855005174780401230e+09 5.119897427079890632e-25
1.096631320951421976e+09 1.156464241842618785e-25
2.185612204744129944e+10 2.304860633679967682e-24
9.290001603604747772e+09 9.796870156789355788e-25
9.855064281045238495e+09 1.039276302285562137e-24
4.119744310552426147e+10 4.344520250028041260e-24
2.225122060085987568e+09 2.346526172526324556e-25
1.196471817722215080e+10 1.261752101305772141e-24
3.564071719296118164e+10 3.758529799379207595e-24
6.764708787382441711e+10 7.133795715682355209e-24
1.226131902234831429e+10 1.293030459395263897e-24
3.196830502156024456e+09 3.371251661650281820e-25
2.887353050691377258e+10 3.044888918367571031e-24
1.173072385946135902e+10 1.237075981253871628e-24
1.127720406856730461e+10 1.189249568573821255e-24
1.280135044641249895e+09 1.349980048511480752e-25
1.254167684648942947e+09 1.322595892403205645e-25
5.914110875078602791e+09 6.236788625904961759e-25
1.281578956975079775e+09 1.351502741645013583e-25
1.216747635829760313e+09 1.283134181287892044e-25
1.006285110947139978e+09 1.061188683631032413e-25
1.514219416599886513e+10 1.596836216644163529e-24
5.639871570511144638e+09 5.947586645822084910e-25
5.185057982772332764e+10 5.467958131776218136e-24
6.489859507808760071e+10 6.843950479958646347e-24
1.044786126915384674e+10 1.101790340168853393e-24
4.309538725484510040e+10 4.544669972160698503e-24
1.406616084058406258e+10 1.483361976022109940e-24
3.093576899891518116e+09 3.262364475429169511e-25
8.676242550521726608e+09 9.149624009030330413e-25
1.174256614646474075e+10 1.238324822245315023e-24
7.972736966213996887e+09 8.407734700705051664e-25
2.557381024994339943e+09 2.696913403500892004e-25
1.910816355643673897e+09 2.015071743630989305e-25
8.301997740322020531e+09 8.754960157631625024e-25
8.117380663096936035e+10 8.560270252131685152e-24
2.253752794129149628e+10 2.376719018112657767e-24
5.439298477823171616e+09 5.736070154237488987e-25
2.805695780975839996e+10 2.958776374700125973e-24
1.246937947214202309e+10 1.314971695773535689e-24
2.488258676035927963e+10 2.624019694051468156e-24
5.771298147990895844e+10 6.086183943181078948e-24
2.047579969029996395e+09 2.159297269060311344e-25
4.655621048758934975e+09 4.909634772959434286e-25
1.127803355481804609e+09 1.189337042930038898e-25
1.520237820773325682e+09 1.603182988878883648e-25
1.902953213344014406e+09 2.006779583153403227e-25
4.732035695491716385e+09 4.990218652711134800e-25
6.413496180393220520e+10 6.763420719539644657e-24
1.849357388285117388e+09 1.950259534885136979e-25
2.281008139976753998e+10 2.405461433425456048e-24
4.725655604531983376e+09 4.983490459822905805e-25
2.594719259309398651e+10 2.736288836259317765e-24
6.025308445333802032e+10 6.354053208197169705e-24
4.217431910284482956e+09 4.447537748984340498e-25
4.812145466521933556e+09 5.074699265154584351e-25
2.502985801058383560e+10 2.639550340630884881e-24
2.780674277546679497e+09 2.932389681706657872e-25
6.662263770809608459e+09 7.025761232116201538e-25
1.236206541571382999e+09 1.303654777632020591e-25
1.157799696750428581e+10 1.220970004163696909e-24
6.316381859830677032e+09 6.661007778238656346e-25
9.176973103217096329e+09 9.677674747621206701e-25
8.890240740592314148e+10 9.375298080076344278e-24
5.331416935751226425e+09 5.622302524791337672e-25
3.599854996485261917e+09 3.796265435535655407e-25
2.260991079992543697e+09 2.384352229578830339e-25
1.764336884818006039e+09 1.860600257236686484e-25
5.661629882038479614e+10 5.970532105032937814e-24
2.034341405675643444e+09 2.145336401045530901e-25
1.468997302769473076e+09 1.549146754756428186e-25
1.361825547558550119e+09 1.436127638605875592e-25
5.775272474035494804e+09 6.090375111049615383e-25
8.281630970525612831e+09 8.733482163577113207e-25
2.760742384949697113e+10 2.911370292035515342e-24
7.733263506691465759e+10 8.155195412872308133e-24
6.764156876919361115e+09 7.133213692624051939e-25
1.328616433384840012e+10 1.401106613479723971e-24
9.191431675226919556e+10 9.692922188760276908e-24
4.411184999382965088e+09 4.651862133130640202e-25
9.099866293814721680e+10 9.596360940352727831e-24
8.719098228886131287e+09 9.194817921187922758e-25
9.479938639426524353e+10 9.997170281300569546e-24
2.882846843913558960e+09 3.040136850005731095e-25
4.584356227476627350e+09 4.834481696497244930e-25
2.378729331677347660e+09 2.508514357150028654e-25
2.173876999545486927e+09 2.292485148023455395e-25
5.756703455455104828e+10 6.070792954691268117e-24
1.055346995309814095e+09 1.112927416438358103e-25
5.194816370298716736e+10 5.478248943297555671e-24
1.404724313891165733e+09 1.481366989639357163e-25
2.497743977477008343e+09 2.634022519732382262e-25
4.074341933837734222e+10 4.296640689995362777e-24
2.761508680596765995e+09 2.912178397273423585e-25
3.015945619555791855e+10 3.180497581750775161e-24
9.410156424013277054e+09 9.923580702651688644e-25
4.775821067716551781e+09 5.036392983433204072e-25
3.111726886068607807e+09 3.281504736702695575e-25
5.227652787737759590e+09 5.512876937111852196e-25
1.707012593447289705e+09 1.800148315100212122e-25
1.292286397760757446e+09 1.362794387391133931e-25
8.165803098193118095e+09 8.611334646903024360e-25
9.500663872523867798e+10 1.001902629664776492e-23
8.136658162422283936e+10 8.580599544407021491e-24
9.884335596093673706e+09 1.042363139996512864e-24
1.624935558928336143e+09 1.713593103987600908e-25
1.626886860606428623e+09 1.715650869959307373e-25
5.602723796523570251e+10 5.908412065030967756e-24
4.024676084582480907e+09 4.244265039576574072e-25
1.142434117574673176e+09 1.204766068955512422e-25
1.144258627987499428e+10 1.206690125847734458e-24
4.598278635545777321e+09 4.849163720240962294e-25
4.148778266930570221e+10 4.375138318023228362e-24
7.418107865081949234e+09 7.822844673682980964e-25
2.669088672986765862e+09 2.814715893704712540e-25
1.120216490918065834e+10 1.181336234082034459e-24
6.301278544648279572e+10 6.645080416318546027e-24
5.822820496937477112e+09 6.140517385126513519e-25
8.780146468632688522e+09 9.259196992755089897e-25
1.012247431991021729e+10 1.067476312804028037e-24
1.995317858970576048e+09 2.104183704152711788e-25
1.290317200134506035e+10 1.360717749056652188e-24
4.133708547916263580e+10 4.359246385300076296e-24
4.214054570737300873e+09 4.443976139586309050e-25
3.859130886767112255e+09 4.069687587679486648e-25
8.460122922920385742e+10 8.921712753436743076e-24
4.874634467725606918e+09 5.140597707064680172e-25
4.281621443610937500e+10 4.515229505160160069e-24
2.941028830025006485e+10 3.101493283268003054e-24
2.698947320059332371e+09 2.846203648057072397e-25
1.192657739230460358e+10 1.257729924201192881e-24
3.578167437091248512e+09 3.773394588740713750e-25
1.731855637318757772e+09 1.826346811665998938e-25
2.228350219541578770e+09 2.349930462469564800e-25
1.810314211729372787e+10 1.909086137124170787e-24
5.765603339108037567e+10 6.080178421807278067e-24
4.851011744655386353e+10 5.115686112799836920e-24
2.303875910888717270e+10 2.429576884849358670e-24
1.890921361376190567e+10 1.994091265486295149e-24
2.860504525048125839e+10 3.016575519635099020e-24
4.294403469388720512e+09 4.528708926610106641e-25
1.103416922772240639e+09 1.163620070529283167e-25
7.546103745795196533e+10 7.957824093219897287e-24
6.549124113272070885e+09 6.906448600991490329e-25
1.225179448235881615e+10 1.292026038884248523e-24
6.549264892167204857e+09 6.906597060875060493e-25
1.413890948789513016e+10 1.491033762122900737e-24
1.930039056050628901e+09 2.035343247123166084e-25
1.304773711578050995e+10 1.375963017203602083e-24
4.401594776951760292e+09 4.641748661901874367e-25
2.241091526187246323e+09 2.363366943124961929e-25
4.068611368368503094e+09 4.290597461132490456e-25
2.681717302582858276e+10 2.828033549577140013e-24
7.423659017927960205e+10 7.828698701052767005e-24
3.181776075602889252e+10 3.355375855754967523e-24
5.043615624651135445e+09 5.318798586244408093e-25
8.155169971479148865e+10 8.600121369852886941e-24
4.681997837269834137e+10 4.937450696273602942e-24
7.084720704191307068e+10 7.471267691616700502e-24
1.518789430446156120e+10 1.601655573429770644e-24
1.402233209480595589e+10 1.478739968945637298e-24
1.040253039469164968e+09 1.097009924511793281e-25
4.675490859486957550e+09 4.930588693534311295e-25
1.866978459118577957e+09 1.968842022848542329e-25
1.044684909664900589e+10 1.101683600439095550e-24
5.866259208523598480e+10 6.186326141179076876e-24
5.572137112775748444e+10 5.876156551846995839e-24
6.674687331253644943e+09 7.038862630129741398e-25
2.842027361276831150e+09 2.997090229744205519e-25
1.284529707374403763e+10 1.354614486912749075e-24
3.793630488375259399e+09 4.000613444784401993e-25
3.524356759578416443e+10 3.716647965528342816e-24
4.806807407523542786e+10 5.069069958171879678e-24
8.266533788718696594e+10 8.717561269673455601e-24
2.189019674503001404e+10 2.308454017213712022e-24
7.821405337890979004e+10 8.248146319932239162e-24
1.898261267593114471e+10 2.001831641778836679e-24
3.124776031888239384e+09 3.295265852438384742e-25
3.717364030284108734e+10 3.920185838943376446e-24
4.608328009200062752e+09 4.859761394283332651e-25
1.002372652066411495e+09 1.057062758439221787e-25
1.458383061583778954e+10 1.537953393641319162e-24
2.797647930977869034e+10 2.950289428751608045e-24
3.837347643124594879e+10 4.046715836040967477e-24
1.206696217097168732e+10 1.272534350586408606e-24
3.550847102674838257e+10 3.744583639040362871e-24
1.060386010620091438e+10 1.118241363714072695e-24
5.874300210488470078e+09 6.194805865461338305e-25
1.209112270591304398e+10 1.275082225536690709e-24
5.840234112827354431e+09 6.158881099269160347e-25
5.738397471273490906e+09 6.051488184060235787e-25
3.429919133374693394e+09 3.617057760778078186e-25
1.539663047305293560e+09 1.623668068453688479e-25
2.635853671679079819e+10 2.779667569025652860e-24
3.299574149718601227e+10 3.479601069707963613e-24
9.611866796848904419e+10 1.013629652513135709e-23
1.623058453287024498e+10 1.711613582236886594e-24
4.991222726565492249e+10 5.263547097430480055e-24
2.358788971145955086e+09 2.487486037528445456e-25
3.966258028432560444e+09 4.182659656140394058e-25
7.285959099193235397e+09 7.683485784843895554e-25
1.178409358373226547e+10 1.242704142381237202e-24
1.997802985771910429e+09 2.106804421094933200e-25
1.127372856594813347e+09 1.188883055742688999e-25
1.954475716190130234e+10 2.061113187395231386e-24
9.653213564105035400e+10 1.017989919900539828e-23
3.509619700209168243e+10 3.701106842577686207e-24
8.700028606475231171e+09 9.174707847727214513e-25
3.264424294451825619e+09 3.442533415387546955e-25
1.519664459695801735e+09 1.602578344846606953e-25
1.017074964477763939e+10 1.072567238615272751e-24
4.070356064317242622e+09 4.292437348831351596e-25
1.883325826413454819e+10 1.986081313176663633e-24
2.395434350895422459e+09 2.526130813123797757e-25
6.018878645222925186e+09 6.347272593994054022e-25
1.056803562382169127e+09 1.114463454761212572e-25
3.284286823709364414e+09 3.463479657210156987e-25
1.618120953477747917e+10 1.706406689214189461e-24
1.219060495557257080e+10 1.285573232152249480e-24
4.970694489522834778e+10 5.241898826371337001e-24
2.695220973869158745e+09 2.842273989985731244e-25
1.102937734373082352e+10 1.163114737298191793e-24
1.647444692624812698e+10 1.737330350715375907e-24
2.412120884378712654e+09 2.543727774769023005e-25
2.426270538097801208e+09 2.558649442833714258e-25
6.372379829868437958e+10 6.720061034084257592e-24
4.337884737474498749e+09 4.574562561072734802e-25
8.090257438562805176e+10 8.531667166757489422e-24
4.019115248716839600e+10 4.238400800875284495e-24
7.418165725315704346e+10 7.822905690808868577e-24
4.612673111710333252e+10 4.864343568423597532e-24
3.741955701272029877e+10 3.946119247556962013e-24
3.642525705848133087e+10 3.841264286662218547e-24
1.306517205907534122e+09 1.377801637722076125e-25
5.869166153049499512e+09 6.189391690496333461e-25
3.342855353091838074e+10 3.525243723796706267e-24
9.188937863411106110e+09 9.690292312943516112e-25
6.167622949262760162e+10 6.504132484381459172e-24
4.993817644256821442e+10 5.266283595525339763e-24
8.922392845975191116e+09 9.409204425321884323e-25
2.772261521813320541e+10 2.923517920527572308e-24
8.257639864994153023e+09 8.708182087663419117e-25
2.555150033269497299e+10 2.694560687410867541e-24
7.309701494128578186e+10 7.708523580348958307e-24
4.349037501955413818e+09 4.586323827665668271e-25
1.209146502611822128e+10 1.275118325278598888e-24
1.709529835789236784e+09 1.802802899827911131e-25
4.248762436419249725e+10 4.480577689081563861e-24
3.212291735294213104e+10 3.387556469763544696e-24
4.551351439130956650e+09 4.799676145349720203e-25
3.664779917010654449e+09 3.864732702116140614e-25
3.529253151749296570e+10 3.721811508053052119e-24
3.775170476583246231e+09 3.981146242695978357e-25
1.541872759574025869e+09 1.625998344066583512e-25
1.605272954738357925e+10 1.692857695274774348e-24
1.063402805355180550e+10 1.121422756739654706e-24
5.920613759811903000e+09 6.243646312275219644e-25
1.638709413450125122e+10 1.728118469005418892e-24
4.101225307006675720e+10 4.324990837557279808e-24
3.153703412883307934e+09 3.325771530228009272e-25
9.648633040826478958e+09 1.017506875938601660e-24
5.556672053139266014e+09 5.859847708459193946e-25
3.222804223403837204e+09 3.398642526088316494e-25
9.685057509172931671e+09 1.021348057050796756e-24
9.186046854343116760e+09 9.687243568533159511e-25
2.541074114501276493e+09 2.679716777324106636e-25
3.663186895490882874e+09 3.863052764302123444e-25
5.590165652438977814e+10 5.895168740405569851e-24
3.663817986852207661e+09 3.863718288420178791e-25
3.340800943065679550e+09 3.523077223818141115e-25
3.110657510042555809e+09 3.280377014822437772e-25
3.579035590087733269e+09 3.774310108731527386e-25
2.745157826760601044e+09 2.894935430176045199e-25
3.715962611460752487e+09 3.918707957793993657e-25
3.442242154783830261e+10 3.630053134281330036e-24
2.022054087886223555e+09 2.132378679174800155e-25
6.291355932450019836e+09 6.634616419920009309e-25
2.353005436263108826e+10 2.481386949206165493e-24
3.959917770624722481e+09 4.175973469726835542e-25
2.510132362722766113e+10 2.647086823365858542e-24
7.299924058877243042e+10 7.698212681846360623e-24
8.048361239528431702e+10 8.487485083748644878e-24
3.112007667545655727e+09 3.281800837800460887e-25
3.663072487968924046e+09 3.862932114631067020e-25
8.343085235374563599e+10 8.798289413241366338e-24
2.528472344259798813e+10 2.666427446270219097e-24
1.892282735547448397e+09 1.995526917121214620e-25
4.595895520997179413e+10 4.846650581406593695e-24
2.317592815854487610e+10 2.444042193106197540e-24
1.208975545251905251e+10 1.274938040373502326e-24
7.149669944463602066e+09 7.539760604845357910e-25
1.063062279692713737e+09 1.121063651774705431e-25
1.437835934632294416e+09 1.516285202027589635e-25
5.019230703988027573e+09 5.293083208388350325e-25
2.862536269196941757e+10 3.018718117071254952e-24
2.077494013818000031e+10 2.190843443663633029e-24
9.250720082892265320e+09 9.755445410658838969e-25
1.458261435610117340e+10 1.537825131675121643e-24
2.427022005059407043e+10 2.559441910323398524e-24
1.942819504406044006e+10 2.048821005085550941e-24
1.111243209824528694e+09 1.171873364913137389e-25
2.041586194027374649e+10 2.152976469780049616e-24
4.429678305382961273e+09 4.671364445980772421e-25
9.363775664644655228e+09 9.874669378768670620e-25
1.045406109836327553e+09 1.102444149762766608e-25
8.137409998903483582e+10 8.581392401577530372e-24
5.441626805727051544e+10 5.738525517232032023e-24
1.751768589829740906e+10 1.847346227867683727e-24
1.535376071956302643e+10 1.619147192930575110e-24
3.038760543362377167e+10 3.204557302696725097e-24
1.429003715856814861e+09 1.506971091628926781e-25
7.814797021234801292e+09 8.241177449204553264e-25
4.597026444398523331e+09 4.847843208727125642e-25
1.061548290887689972e+10 1.119467058751955470e-24
2.299645859091162491e+10 2.425116038663814750e-24
9.885999091411848450e+10 1.042538565667400424e-23
1.709950249115236664e+10 1.803246251179476468e-24
9.605199904757283020e+10 1.012926588305422339e-23
2.324222210418465042e+10 2.451033291766095488e-24
2.396449616921836853e+10 2.527201472727507819e-24
5.151052594041625214e+10 5.432097386833330144e-24
1.073600072211318016e+09 1.132176393133532942e-25
5.617324014836653900e+10 5.923808880788088065e-24
1.358585479710424185e+09 1.432710790540428373e-25
9.822854443954593658e+09 1.035879579602264312e-24
2.196204596793646812e+09 2.316030953555763891e-25
6.949631102777297020e+09 7.328807513345907799e-25
4.074554625197483826e+10 4.296864985934572384e-24
8.401975866475394249e+09 8.860393155626335458e-25
9.605249845723997498e+10 1.012931854883268897e-23
1.167040122774806595e+10 1.230714593865287800e-24
5.256894036421132660e+10 5.543713607415788506e-24
2.593533165320299530e+10 2.735038028207740805e-24
3.531306281165320587e+10 3.723976657550558053e-24
1.591931230956066132e+09 1.678788038331750376e-25
2.331467814003274536e+10 2.458674220213341782e-24
6.118691749779496193e+09 6.452531566705892698e-25
2.743526262787325287e+10 2.893214847007095320e-24
5.169674199753972054e+09 5.451734999511889881e-25
1.410548872628380013e+10 1.487509340104284882e-24
2.660908884933751678e+10 2.806089811074722532e-24
1.107323571476431084e+10 1.167739868537530247e-24
1.434888948913702011e+09 1.513177426844024669e-25
3.491616420205171204e+10 3.682121291861844893e-24
8.317695252885363579e+09 8.771514136729752692e-25
8.469628742263509750e+09 8.931737216489833187e-25
2.542711910126114655e+10 2.681443932147596638e-24
2.136393194041805744e+09 2.252956201617308671e-25
6.030898869788720703e+10 6.359948649860487225e-24
2.743106652568765640e+10 2.892772342581036241e-24
8.156291909766180420e+10 8.601304521825403171e-24
6.115399804073372841e+09 6.449060010292642584e-25
2.813439326884576797e+09 2.966942413529612786e-25
2.232862372038975716e+09 2.354688800953325263e-25
3.473591672545757294e+10 3.663113102201291407e-24
2.410800494642618656e+09 2.542335343706809586e-25
1.440238268149417400e+09 1.518818608429954958e-25
1.021695973659215736e+10 1.077440373074845784e-24
4.637572971992004395e+09 4.890601981340024907e-25
1.209397350705458450e+10 1.275382859808009398e-24
6.397750849927377701e+09 6.746816313563034738e-25
5.587066392549154282e+09 5.891900382872566895e-25
9.149362478056938171e+09 9.648557668724590186e-25
1.034801604430182099e+09 1.091261055617694906e-25
1.405228475114468384e+10 1.481898658228183691e-24
6.532758260308013153e+10 6.889189816404007006e-24
4.181216373601159573e+09 4.409346268973477080e-25
1.070136288783428764e+10 1.128523623420220630e-24
3.770125851271182251e+10 3.975826379333117024e-24
2.307975456136548042e+09 2.433900103962614215e-25
3.116390872824861526e+10 3.286423193621613054e-24
4.752390817381747246e+09 5.011684363341892151e-25
2.992826125186191082e+09 3.156116672673029190e-25
8.565974135991694641e+10 9.033339277806326013e-24
2.657939030743758202e+09 2.802957919701025377e-25
1.191858158161956549e+09 1.256886717467523463e-25
6.924260104578982353e+09 7.302052256920485418e-25
3.467025691661302185e+10 3.656188877112674224e-24
2.893671665929370880e+09 3.051552281378543263e-25
4.024526974910125732e+10 4.244107794383137794e-24
3.899914293356136322e+09 4.112696163560590889e-25
2.664400882600799942e+10 2.809772334414504185e-24
2.016622095456827545e+10 2.126650313691762249e-24
3.938485437784748840e+10 4.153371774813366113e-24
4.019523200681223869e+09 4.238831010965208544e-25
1.025531846670952916e+09 1.081485533822648003e-25
5.241182083318878937e+10 5.527144399893518517e-24
4.865346465120737076e+09 5.130802944973302244e-25
8.236128272285735130e+09 8.685496808411332472e-25
2.393241107563788223e+10 2.523817905003962258e-24
3.340140964819360733e+10 3.522381236727785318e-24
2.101147755360141754e+10 2.215787748788478097e-24
2.507233803956979752e+10 2.644030117341263700e-24
8.900434685800115585e+09 9.386048213590583710e-25
2.309229336158197021e+10 2.435222396496936468e-24
1.206306269939472914e+09 1.272123127657182001e-25
5.914775734689450836e+10 6.237489760690282916e-24
1.188704729344629049e+09 1.253561235514964095e-25
6.850321520293646812e+09 7.224079535200051640e-25
6.656733774966910362e+09 7.019929516089642037e-25
1.287545867389654541e+10 1.357795210587763869e-24
2.970421254885543823e+10 3.132489378020036147e-24
2.906689213525619888e+10 3.065280074871150692e-24
4.055516583425593567e+10 4.276788216173158181e-24
3.128561580949935532e+10 3.299257943528573734e-24
6.656122472837115288e+09 7.019284860916509844e-25
1.299628281382961655e+10 1.370536848977478935e-24
2.854754246952400970e+10 3.010511502611960320e-24
3.333488269685396194e+10 3.515365566203588219e-24
2.815595895795297623e+10 2.969216646248184689e-24
2.414962237223097324e+09 2.546724153679792861e-25
1.963709011142499924e+09 2.070850256948868851e-25
1.390887062015686512e+09 1.466774768266837911e-25
3.294549229117542267e+09 3.474301986158005205e-25
2.816941971312110424e+09 2.970636164524083769e-25
3.564974341232141876e+10 3.759481668957407062e-24
1.325204288750843287e+09 1.397508300006615389e-25
1.119811031173602486e+10 1.180908652189177760e-24
3.308272017389018250e+10 3.488773498717550485e-24
2.268676816130617619e+09 2.392457304498821399e-25
4.254606209738431454e+09 4.486740302488596977e-25
2.591369356919740200e+09 2.732756161008038366e-25
4.924541639291268349e+09 5.193227846496698610e-25
7.323778666688592911e+09 7.723368812635212246e-25
2.484494578676799774e+10 2.620050225082745609e-24
1.338801553940554237e+10 1.411847440863097097e-24
3.868036694061811066e+10 4.079079301635025000e-24
1.141716034754239798e+09 1.204008807067540668e-25
5.374502244279012299e+10 5.667738595883956344e-24
8.229762023480635071e+10 8.678783212914731888e-24
7.557131163586056709e+09 7.969453174125523453e-25
6.878268501662806702e+10 7.253551322120049532e-24
2.986087848345200062e+09 3.149010751047991519e-25
8.785808374715864182e+09 9.265167816130973380e-25
1.317509470917634010e+10 1.389393647888272658e-24
3.332685039386305237e+10 3.514518511134928228e-24
1.581927477210987568e+09 1.668238473250620262e-25
1.409730321195976734e+09 1.486646127971275431e-25
1.187324212963552475e+10 1.252105397258759706e-24
3.740809048646349335e+10 3.944910032815343907e-24
3.732145598000096130e+10 3.935773898645231100e-24
1.729476469032075882e+10 1.823837834404172702e-24
8.372130337186381531e+10 8.828919234772364566e-24
2.108592185643096924e+09 2.223638352048340147e-25
9.803460803204525757e+10 1.033834402557062078e-23
1.698395167751219749e+09 1.791060717031615513e-25
2.472321046933684158e+10 2.607212497499299166e-24
1.045316278000713921e+10 1.102349416643548125e-24
1.559863202838551044e+09 1.644970357662065389e-25
6.631854918470821381e+09 6.993693252939052737e-25
3.901806379957714081e+09 4.114691483642544887e-25
1.447890381880821228e+10 1.526888226482815202e-24
4.825172467561786652e+09 5.088437027876851352e-25
8.253108434594502258e+10 8.703403419462470847e-24
9.506819165980325317e+10 1.002551742693416380e-23
1.398020133520281219e+10 1.474297024810097457e-24
2.897388141712706566e+09 3.055471530507204731e-25
4.976538872761103821e+10 5.248062082975040996e-24
1.133331637047246218e+09 1.195166951147254682e-25
2.507297853962754250e+09 2.644097661957173438e-25
1.677324332733125687e+10 1.768840243497219186e-24
3.841072076786416054e+09 4.050643477235160512e-25
1.660730363711527634e+10 1.751340896691154297e-24
2.071493992708017731e+10 2.184516057484315140e-24
6.574258195144673157e+10 6.932954014781779736e-24
4.606781270716786957e+10 4.858130264738501697e-24
3.362322183501432419e+09 3.545772677183865579e-25
4.493073654887622833e+09 4.738218687146937627e-25
8.756966705626002502e+10 9.234752526744067888e-24
2.778763741023663998e+09 2.930374905063505976e-25
4.103810382917055511e+10 4.327716956897194888e-24
1.017610889581730127e+09 1.073132404142831363e-25
6.854011815715586090e+10 7.227971175549704599e-24
1.883730178163097382e+09 1.986507726621778670e-25
1.326676198679101944e+09 1.399060518301609313e-25
9.170160821975751877e+09 9.670490783867413443e-25
9.847417610540006638e+09 1.038469914501490764e-24
2.823530759292323112e+09 2.977584441078493427e-25
9.392361407311023712e+09 9.904814778219315212e-25
6.068938558089096832e+10 6.400063808391667643e-24
8.500748131249681091e+10 8.964554499657775253e-24
1.642603884439745331e+10 1.732225424875037394e-24
1.348424751549905777e+10 1.421995686417259431e-24
4.575698511165247917e+09 4.825351609531060678e-25
1.029671226917515755e+10 1.085850761358176046e-24
8.780198574797246933e+09 9.259251941866007153e-25
9.950043704898551941e+10 1.049292458608899279e-23
3.471045007235702515e+09 3.660427489169133606e-25
9.744742968284383774e+09 1.027642250723878165e-24
8.626378329775995255e+09 9.097039163843021050e-25
4.524443973635163879e+10 4.771300590967869211e-24
1.410608548478629351e+09 1.487572271907887768e-25
1.392218536418865204e+10 1.468178888782809502e-24
1.541199152262245560e+10 1.625287984300055990e-24
1.035017614363045120e+10 1.091488851193533665e-24
7.963645748759749413e+09 8.398147460490600273e-25
5.305189723146646881e+10 5.594644338342599685e-24
4.680889513721093178e+09 4.936281901868388340e-25
2.126705720575477219e+10 2.242740173273445312e-24
2.151664210835702133e+10 2.269060415058337868e-24
4.146775750423271942e+10 4.373026542907794713e-24
4.585895588313283920e+09 4.836105045866239987e-25
3.730299882141769409e+09 3.933827479324556549e-25
4.808925626695176697e+10 5.071303748764560041e-24
7.658665946572411537e+09 8.076527761166404729e-25
3.346326756458202362e+10 3.528904529197312520e-24
6.292994923239420891e+09 6.636344835117020976e-25
1.394831476728681374e+10 1.470934392821988211e-24
8.270095184932882690e+10 8.721316977990419118e-24
1.115302331112817764e+09 1.176153954509224976e-25
3.834167160787500858e+09 4.043361824510939520e-25
9.858828263910202026e+09 1.039673237108330245e-24
5.518312112163931847e+09 5.819394824058007931e-25
2.793233881285047150e+10 2.945634545625494145e-24
6.372123611196675110e+10 6.719790835954472154e-24
1.120631118503409147e+09 1.181773484019155588e-25
1.169048327789350986e+09 1.232832367856636855e-25
6.116964064498968124e+09 6.450709617788406486e-25
5.890688628103349304e+10 6.212088445841723581e-24
2.387710723881991386e+09 2.517985779977549993e-25
3.875770251287359715e+09 4.087234806792247136e-25
2.589270019703971863e+10 2.730542282583063931e-24
3.406287811708622742e+10 3.592137098772381081e-24
8.848754868710264206e+09 9.331548711937166963e-25
8.921882988167154312e+09 9.408666749338942826e-25
1.232041998864326477e+10 1.299263014755725222e-24
4.871345418173789978e+10 5.137129204821807086e-24
1.599166007405180931e+09 1.686417548907708811e-25
7.611008066676339722e+10 8.026269636226092521e-24
2.222239186519812012e+10 2.343486007496072680e-24
4.522742607014981270e+09 4.769506396674021620e-25
6.647772953709864616e+09 7.010479786574051466e-25
4.605611495274240494e+09 4.856896665584031976e-25
1.388315379952754021e+10 1.464062773551431340e-24
9.975977146772657394e+09 1.052027297348439178e-24
3.742493927733127117e+09 3.946686840005199456e-25
5.224452151881651878e+09 5.509501672473654006e-25
1.007207082116491318e+10 1.062160958149363246e-24
1.134403370645677757e+10 1.196297159230580346e-24
1.939294784927108288e+09 2.045103974610460467e-25
1.363848177594932938e+10 1.438260624657672998e-24
1.602415989797463989e+10 1.689844852461315915e-24
9.289263881256608582e+10 9.796092183828223753e-24
1.863132907436587334e+09 1.964786655355918185e-25
2.564315756771608829e+09 2.704226498771801595e-25
2.260681198228826046e+09 2.384025440463753965e-25
2.318265846777313709e+09 2.444751945035612884e-25
2.301165134519137859e+09 2.426718206751116276e-25
6.458977577248063660e+10 6.811383611102915169e-24
5.478850091985360718e+10 5.777779730292679677e-24
5.845532507305364990e+10 6.164468577609355255e-24
2.299520486416616440e+09 2.424983825574286251e-25
2.664237508140790939e+09 2.809600046137285551e-25
5.658968136326904297e+10 5.967725132737413539e-24
6.925903732448680115e+10 7.303785562199922951e-24
2.405297859273027802e+10 2.536532480958635466e-24
4.066543696327120781e+09 4.288416975554491552e-25
6.314044953679966927e+09 6.658543368962534598e-25
5.631227366558575439e+10 5.938470808457830337e-24
1.519555565257663488e+09 1.602463509056823909e-25
5.438946787877884674e+10 5.735699275859159337e-24
4.467113986216625214e+09 4.710842642003484330e-25
1.062738792590855598e+09 1.120722515005356282e-25
2.774370099381656647e+09 2.925741543464783846e-25
5.324724318461190224e+09 5.615244753932167467e-25
9.121459264217637634e+10 9.619132037319459045e-24
6.216151884003469849e+10 6.555309189487469290e-24
3.403659346926394463e+09 3.589365223235439345e-25
1.233547892651954412e+09 1.300851071091644596e-25
1.774658957692221069e+10 1.871485509146477887e-24
6.784179864484206200e+09 7.154329147463981561e-25
3.306058369673935318e+10 3.486439072937782375e-24
6.225847712470921516e+09 6.565534028686771723e-25
9.365576202538101196e+10 9.876568155185201395e-24
2.093047834564995575e+10 2.207245891026092682e-24
3.000165856004939651e+10 3.163856863997556212e-24
1.010312368669098973e+09 1.065435671163806302e-25
1.692341480350488663e+10 1.784676736493685360e-24
1.255059123088376045e+09 1.323535968305938476e-25
2.971338000206980705e+09 3.133456141564778523e-25
1.713178021160455704e+10 1.806650132574981943e-24
4.584155974001290131e+10 4.834270517061542613e-24
6.110975934819836617e+09 6.444394771844170749e-25
7.984075847006954956e+10 8.419692238237533494e-24
1.347890542924472094e+09 1.421432331020422902e-25
1.904897345971427441e+09 2.008829788926344435e-25
1.252092204675209045e+09 1.320407172886968203e-25
2.619377647907169342e+10 2.762292602639107943e-24
5.890367434143566132e+09 6.211749727329778825e-25
2.127274828755052948e+10 2.243340332366884907e-24
2.173563434696313858e+10 2.292154474871376834e-24
1.981785640012351990e+10 2.089913158492577344e-24
9.211322390452899933e+09 9.713898154396169722e-25
3.563464697587194061e+10 3.757889658169504212e-24
1.751284178447771454e+10 1.846835386684428960e-24
3.485184554140256882e+09 3.675338498984890750e-25
5.670220275636621857e+10 5.979591196114694411e-24
5.522018497349473000e+09 5.823303432039271130e-25
2.413223743040138626e+10 2.544890806119102338e-24
5.544888224163873672e+09 5.847420946080925521e-25
5.352067648568683624e+10 5.644079953983521084e-24
1.424452871906002808e+10 1.502171950660789999e-24
5.063320862952137947e+09 5.339578955213193589e-25
1.240112773622713804e+09 1.307774136254556154e-25
4.632718578106946945e+09 4.885482728555034549e-25
5.087306246758293152e+09 5.364872997220514338e-25
4.460493026472435951e+09 4.703860438372649710e-25
1.104751032558661461e+09 1.165026970216727329e-25
2.403866816333315659e+10 2.535023359381765929e-24
3.363951561227373123e+10 3.547490954822397793e-24
1.172598085371311188e+10 1.236575802530001012e-24
8.171491249592333984e+10 8.617333147556529426e-24
1.134932472000945091e+09 1.196855128701255513e-25
1.399954525130941391e+09 1.476336958090051613e-25
7.960447550028642273e+10 8.394774765948534418e-24
1.729778085181746960e+09 1.824155906927903249e-25
2.789573566904321671e+09 2.941774522102238573e-25
2.995261431169450378e+10 3.158684850540811971e-24
2.736570210814572811e+09 2.885879268296916114e-25
1.956544960555698395e+09 2.063295331084450068e-25
3.299850357818769455e+10 3.479892347902421244e-24
9.233186819182115555e+09 9.736955520632723645e-25
4.576636618025171280e+09 4.826340900113777207e-25
4.323580407316026306e+10 4.559477777321134506e-24
5.288809500265142441e+09 5.577370399805592295e-25
1.935442657902605820e+10 2.041041673020343839e-24
1.840156423748693466e+10 1.940556559716048652e-24
2.112157085870680237e+10 2.227397755559959676e-24
4.984142765652915001e+09 5.256080849227815015e-25
5.050985364315489960e+10 5.326570423716751365e-24
1.480391747009982347e+09 1.561162887314438865e-25
3.016956449753220081e+09 3.181563563503773427e-25
1.593739865789652824e+10 1.680695353462763638e-24
6.605403161820676422e+10 6.965798271175011294e-24
5.077475969451725769e+10 5.354506373565648940e-24
9.087256854890545654e+10 9.583063522207807279e-24
1.558537923076699448e+10 1.643572769771096312e-24
1.676523981390446663e+10 1.767996224462712898e-24
1.715029027046945381e+10 1.808602130551209956e-24
1.458482075147079277e+10 1.538057809449281650e-24
8.291159938885610580e+09 8.743531038672553737e-25
3.414701474038257122e+09 3.601009816012227043e-25
5.035437297297888756e+09 5.310174044010918127e-25
5.038598822100592041e+10 5.313508063671101453e-24
6.668993536366326904e+10 7.032858178075739299e-24
6.487263858714882660e+10 6.841213210555438002e-24
1.939716380187602997e+10 2.045548572383638492e-24
1.613525163427714348e+09 1.701560149858310973e-25
1.959165623745179415e+09 2.066058979368650654e-25
5.089077136592554092e+09 5.366740507960395031e-25
1.236107923597375488e+10 1.303550778996961045e-24
3.333283790441669846e+10 3.515149930438814523e-24
9.810844218470500183e+10 1.034613028479433804e-23
1.276489909865570307e+09 1.346136032802433527e-25
1.799874445266887283e+10 1.898076770187087716e-24
1.518060274987176180e+09 1.600886634772863487e-25
1.554714054239302063e+10 1.639540268153223754e-24
3.838905592542936707e+10 4.048358788196801324e-24
3.044290269650559902e+09 3.210388734461698037e-25
1.667466879101942825e+10 1.758444960759722485e-24
1.088738781181837273e+10 1.148141079949953880e-24
1.554993018109676170e+10 1.639834452474508528e-24
1.617093106878334427e+10 1.705322762633203274e-24
1.558261198051220512e+10 1.643280946447546176e-24
3.894441104448489666e+09 4.106924353892550873e-25
1.361561310781833887e+09 1.435848984898094404e-25
6.455651048913948059e+09 6.807875585210909869e-25
3.222746234877019501e+10 3.398581373669613523e-24
2.256663187793592453e+09 2.379788204755707136e-25
5.409003026649341583e+09 5.704121763466899517e-25
3.984928695875924683e+10 4.202349007390049158e-24
6.453297341187878418e+10 6.805393457654506863e-24
1.685238473312633896e+10 1.777186184754100689e-24
1.354989961948762703e+10 1.428919098982080563e-24
4.487340885321728706e+09 4.732173133930448427e-25
1.495426319811343431e+09 1.577017756224319297e-25
4.922730240112403107e+10 5.191317616195923244e-24
3.248210573290357590e+10 3.425435063013134793e-24
9.591567266000639343e+10 1.011488943862590065e-23
3.949129304662580967e+09 4.164596378017720137e-25
3.423057223679932594e+09 3.609821460810046084e-25
3.045813840083254814e+09 3.211995431891981070e-25
1.191712037787641764e+09 1.256732624670180098e-25
3.150554471602692795e+10 3.322450780655095078e-24
2.242641894327785492e+09 2.365001900363526063e-25
8.852574008058580399e+09 9.335576226021946653e-25
1.360997067436165810e+10 1.435253956067077105e-24
1.805123239331328392e+09 1.903611941882763694e-25
4.865729496154606628e+10 5.131206874430470709e-24
1.125610631274068832e+10 1.187024682257840318e-24
2.415170030031084061e+09 2.546943283799057018e-25
3.905135937667317963e+10 4.118202704194742872e-24
8.841980879693063736e+09 9.324405129656269911e-25
2.722262853330768585e+09 2.870791292047137067e-25
1.584376281155294180e+09 1.670820885537018339e-25
2.951247197967174530e+09 3.112269172036943224e-25
7.472811675493555069e+09 7.880533159708233568e-25
4.348030789174147797e+10 4.585262187977746799e-24
6.832531265935437202e+09 7.205318632948322885e-25
1.109035291763860941e+09 1.169544981401470524e-25
3.269056784572762680e+10 3.447418657194159626e-24
8.178317257039071655e+10 8.624531586426444833e-24
1.103162735761874771e+10 1.163352014909666250e-24
8.412679137717533875e+10 8.871680404335900204e-24
5.633884244902404785e+10 5.941272647818846266e-24
2.194592529722634888e+10 2.314330931052795514e-24
3.818660020548396301e+10 4.027008604575360609e-24
3.212423765905482292e+09 3.387695704051171373e-25
2.936996943855203629e+10 3.097241414756248714e-24
1.788026759244575119e+10 1.885582666679725247e-24
4.820774960854354858e+09 5.083799590332211350e-25
3.494528403915170193e+09 3.685192155304373986e-25
2.751190921135417938e+09 2.901297694119121602e-25
2.649801793976908207e+09 2.794376709983155045e-25
7.578299907613662720e+10 7.991776898648918712e-24
1.868975711675609589e+10 1.970948246809145408e-24
4.499523686144698143e+09 4.745020636320798169e-25
6.762530160995695114e+09 7.131498222017463756e-25
9.974942966468052673e+10 1.051918236762712339e-23
9.133714005477764130e+09 9.632055405264187478e-25
3.580885563681636810e+10 3.776261018092611741e-24
1.119221895637881994e+09 1.180287373033965831e-25
1.238935669705995560e+09 1.306532808779578768e-25
1.637559175952679634e+09 1.726905473799091710e-25
9.694266004464887619e+09 1.022319148731552729e-24
3.874050412385125637e+09 4.085421132356578157e-25
1.703999267479595184e+10 1.796970580100238503e-24
2.826105451660873413e+09 2.980299610343757829e-25
7.049617031503224373e+09 7.434248739626624198e-25
2.288912860877259731e+09 2.413797441059498106e-25
6.650704765156072998e+10 7.013571559567023478e-24
9.488421439532855225e+10 1.000611590851935004e-23
1.815559305577647400e+10 1.914617406717470227e-24
6.548421791021532440e+10 6.905707959580397189e-24
5.682409470090211487e+10 5.992445440976324360e-24
7.662834690069961548e+10 8.080923954031065807e-24
1.882367721494636297e+09 1.985070933427901902e-25
3.712583549397184849e+09 3.915144531897957278e-25
1.487127576506543159e+09 1.568266228066336367e-25
9.455239733340368652e+10 9.971123786771772008e-24
1.539245032426047516e+10 1.623227246409697605e-24
2.185184104686902046e+09 2.304409176204099544e-25
6.779633092425437927e+10 7.149534300552977720e-24
3.023058819235592365e+09 3.187998882249505166e-25
7.282167181584490967e+10 7.679486977734572242e-24
2.877692317957957745e+09 3.034701089748463883e-25
1.431153645954710770e+10 1.509238323316710974e-24
5.683719563562423706e+09 5.993827014003776196e-25
4.791047540309417725e+09 5.052450222312510511e-25
4.839260797810968781e+10 5.103294026623078789e-24
3.007239749340536594e+09 3.171316713572278775e-25
1.065922831766901779e+10 1.124080277437792424e-24
3.789476951527529716e+09 3.996233288254304495e-25
3.685722289216581821e+09 3.886817703823461153e-25
8.609612960705145264e+10 9.079359065289104676e-24
3.051288196054617882e+09 3.217768472299495928e-25
1.950259156753909588e+09 2.056666569723065234e-25
6.495512629288251877e+09 6.849912039437133679e-25
1.132792590929655552e+09 1.194598494321530566e-25
2.099617872774618530e+10 2.214174394810187240e-24
5.898212639304039001e+09 6.220022972006152536e-25
5.851437131875585175e+10 6.170695362351414926e-24
8.555909065891100883e+09 9.022725050909289788e-25
1.135912977561468506e+10 1.197889131285359529e-24
1.933498559003354263e+10 2.038991502815794379e-24
1.318881923193301201e+09 1.390840982056211285e-25
1.472658425907436180e+10 1.553007631163244479e-24
1.832897184294460678e+10 1.932901251417440161e-24
7.721267449036963463e+09 8.142544842479627865e-25
1.381775997611022472e+09 1.457166598239396326e-25
1.379300939199934959e+09 1.454556499025367750e-25
7.206895673710603333e+10 7.600108607244294161e-24
4.452853061234514236e+09 4.695803631643007527e-25
3.262359384264884186e+10 3.440355842352570591e-24
1.371216381783297920e+10 1.446030842877453911e-24
9.098735766223709106e+10 9.595168730438198942e-24
3.578699187204775333e+09 3.773955351487628534e-25
2.779287353724501801e+10 2.930927086415182509e-24
1.256018138585691452e+09 1.324547308314954352e-25
1.089954918265309572e+09 1.149423570266749066e-25
3.388306631000604153e+09 3.573174853104536491e-25
3.137187578715324402e+10 3.308354581364187970e-24
2.480479465888383484e+10 2.615816045119018203e-24
5.567423334129132271e+09 5.871185586359667525e-25
5.014710821847985840e+10 5.288316718527595482e-24
5.657675288744304657e+10 5.966361746546572386e-24
1.651679482999871635e+10 1.741796194018306886e-24
1.716220992990644217e+09 1.809859130935063749e-25
1.526880787182399988e+09 1.610188399872608317e-25
2.644527563628868580e+09 2.788814714183639587e-25
1.004286096166720390e+10 1.059080601298982500e-24
3.052938572398469543e+10 3.219508894254243183e-24
2.130677171292711735e+09 2.246928308934879216e-25
1.716247167150944948e+09 1.809886733174640421e-25
4.192506611294105530e+09 4.421252509406650409e-25
6.014978765703952026e+10 6.343159934502189386e-24
1.041387956304911852e+09 1.098206763151116235e-25
7.119268866000660896e+09 7.507700823691797188e-25
1.034500007850661278e+09 1.090943003731874991e-25
5.634748858834541321e+10 5.942184435651649508e-24
6.027749320084922791e+10 6.356627258668424386e-24
1.186466002037148952e+09 1.251200361783862544e-25
1.075454438924593925e+10 1.134131935305450939e-24
4.499748653484230042e+09 4.745257878025261640e-25
6.832681823351273346e+10 7.205477404875069871e-24
8.451933833163834572e+09 8.913076861596196966e-25
1.330822073720443153e+10 1.403432594992159592e-24
4.915590259010206604e+10 5.183788073062904991e-24
9.448801907482009888e+10 9.964334708931152500e-24
4.222265632833325958e+10 4.452635202591516241e-24
3.959036021420362854e+10 4.175043611710167935e-24
7.469608700693904114e+10 7.877155428512205311e-24
6.397666049478927612e+10 6.746726886346748594e-24
1.015338469665913343e+09 1.070735999512683441e-25
4.753204986873052597e+09 5.012542954452235760e-25
1.547413888741896629e+10 1.631841800859805447e-24
5.191446531225411415e+09 5.474695243604152153e-25
2.699584706275988102e+09 2.846875810481875578e-25
3.954035852778265381e+10 4.169770630602213141e-24
9.987657525178184509e+09 1.053259064096215622e-24
7.493580723187639236e+09 7.902435380205176584e-25
4.830426228690086365e+10 5.093977437642633370e-24
7.618181230272599220e+09 8.033834172311714359e-25
1.292029301634908438e+09 1.362523263932793722e-25
9.864387513146591187e+10 1.040259493658781367e-23
5.461286350482371330e+09 5.759257699585447739e-25
2.065478855860951233e+10 2.178172730843427917e-24
1.109592223038671303e+10 1.170132299210269967e-24
4.418774401330966187e+10 4.659865617804248834e-24
1.310499925406505585e+09 1.382001656997336199e-25
4.231833700592848778e+09 4.462725310375247809e-25
6.276825442481692314e+09 6.619293136931661408e-25
5.528997602856453896e+09 5.830663322099558574e-25
3.954763702611739349e+10 4.170538192397834142e-24
1.109879222813702583e+10 1.170434957880416740e-24
3.417581870860155582e+09 3.604047369165416960e-25
1.258943797855733633e+09 1.327632593465011821e-25
4.768615550970605850e+09 5.028794328988923614e-25
1.517065650218728304e+09 1.599837742627631801e-25
4.626581369043373108e+09 4.879010669357803384e-25
3.065681513679222488e+10 3.232947098731483096e-24
4.469715958568245697e+10 4.713586579665507316e-24
2.394515006379337788e+09 2.525161308570650814e-25
6.818214301125089264e+10 7.190220525189991354e-24
5.133989294141257286e+09 5.414103102149310378e-25
4.581356551120126724e+09 4.831318355840164876e-25
4.190109044046089172e+09 4.418724129324146134e-25
2.647681488188827896e+10 2.792140718926872680e-24
1.484815660280218506e+10 1.565828172181190978e-24
3.324718662667571545e+09 3.506117483700958925e-25
6.055456051571125984e+09 6.385845687514984679e-25
4.492126857884983826e+10 4.737220232281645556e-24
9.687262043520062256e+10 1.021580538568847668e-23
8.025560063421910095e+10 8.463439860586249712e-24
1.407713989225078583e+09 1.484519783611527815e-25
6.275744481146428108e+09 6.618153197640156773e-25
6.922813834462376595e+09 7.300527077362008926e-25
1.983424648348577881e+10 2.091641592193780271e-24
1.320011449665478706e+09 1.392032136230209016e-25
3.991979596478195667e+09 4.209784609732902468e-25
1.682442350610259628e+10 1.774237503771421377e-24
3.385279891971983433e+09 3.569982973218275061e-25
1.738468688320860863e+09 1.833320675048615653e-25
8.377683596102787018e+09 8.834775483121122317e-25
9.866187635931468201e+10 1.040449327524718236e-23
2.228424734578272820e+09 2.350009043095313989e-25
2.338739009294451714e+09 2.466342136667164711e-25
9.126434761716723633e+10 9.624379001210730358e-24
1.097336727888404131e+09 1.157208136242661773e-25
6.503238265821584702e+09 6.858059191744001159e-25
3.253247712355917454e+09 3.430747031674994860e-25
2.761818410584663010e+10 2.912505026331691314e-24
2.524636565233741760e+10 2.662382384636016982e-24
1.518751061923151398e+10 1.601615111495098868e-24
2.195432555872667313e+09 2.315216789578049446e-25
5.473646125039418221e+09 5.772291831512356947e-25
3.186543477580030918e+09 3.360403370296747088e-25
5.392575053824765205e+09 5.686797469718748704e-25
3.385044980566564178e+10 3.569735244893196313e-24
9.416729102033769226e+10 9.930511990276457776e-24
1.336827321520466232e+10 1.409765493033139706e-24
7.307532291109503746e+09 7.706236024196832644e-25
1.503462004982778072e+09 1.585491873625422187e-25
2.246392408179654312e+10 2.368957044699963865e-24
9.671288801549717712e+10 1.019896063320687139e-23
1.163826468723818588e+10 1.227325600750996665e-24
5.780010108731096649e+10 6.095371234187538479e-24
1.703388393745040417e+09 1.796326376695870533e-25
4.316945030972139740e+10 4.552480370511509176e-24
7.691288235457000732e+10 8.110929943432506992e-24
6.134921958346201897e+09 6.469647306049136817e-25
6.726558138976001740e+09 7.093563542989275090e-25
1.186137213717720747e+09 1.250853634559051791e-25
5.214413767218059540e+09 5.498915586988485222e-25
9.969727054478235245e+09 1.051368187207353252e-24
5.271437503884062195e+10 5.559050575959316694e-24
5.847703209590087891e+09 6.166757714828042803e-25
6.184377996925183296e+09 6.521801698384165688e-25
1.222629877979055786e+10 1.289337362409527212e-24
5.629197259025953674e+10 5.936329936932716870e-24
1.008818224101775527e+09 1.063860005093322477e-25
5.316140500558890343e+09 5.606192597320512058e-25
2.251240277116381645e+09 2.374069416531183115e-25
9.249750828303900146e+10 9.754423272907281417e-24
1.828068186829047918e+09 1.927808780697332127e-25
1.434153561943768263e+09 1.512401916680857322e-25
2.720138172716780663e+09 2.868550687471588467e-25
1.197789586502029991e+10 1.263141768410620412e-24
3.027927320121831512e+10 3.193133011722872353e-24
2.268138705334731674e+10 2.391889834026564798e-24
2.347404987338000774e+09 2.475480936131019780e-25
3.956725776070753098e+09 4.172607317865862620e-25
7.780652539074424744e+10 8.205170021803655049e-24
2.402504863918965340e+09 2.533587097954433186e-25
2.665198861837289810e+10 2.810613851919159096e-24
7.318730033244247437e+10 7.718044722453755515e-24
3.412635109692865372e+09 3.598830709478966032e-25
4.949900510595719337e+09 5.219970314377009539e-25
5.853796454600501251e+10 6.173183411264667780e-24
3.676068366037416458e+09 3.876637056292334661e-25
3.251685100421385193e+10 3.429099162613043504e-24
5.404349112038822937e+10 5.699213928236564665e-24
1.440856946427107811e+09 1.519471042198428005e-25
4.400439606233774185e+09 4.640530464315272524e-25
2.476832885329402447e+09 2.611970504743788528e-25
2.494345306847891235e+10 2.630438415414656948e-24
4.499735177905158043e+09 4.745243667209796991e-25
9.003441193767223358e+09 9.494674823888097118e-25
1.609628408108442783e+09 1.697450785024523669e-25
