1.564105567070831482e-01 7.233268830899704405e+00 2.686875030893888697e+07
-4.254707694585900590e+00 1.594271832944359479e+00 -1.504511808131277084e+10
2.082315009758361479e-01 2.825330477337241852e+00 2.344544819416565001e+08
-1.524395621474397278e-01 9.281378603800444438e+00 -1.590462133495145850e+07
4.701711080590000869e+00 1.712646713734754522e-01 1.440691472246776855e+12
2.962224419231579198e+00 2.382895235564021164e+00 4.688767285521913528e+09
-3.543906908883306395e-01 4.296267751897759335e-01 -1.725640180222643280e+10
3.630902909947105961e+00 6.476362534406258753e+00 7.780418376326607466e+08
1.139875132259340201e-01 6.948551256246033869e-01 2.121872901924580097e+09
1.891596904588297212e+00 1.612900746923504047e-01 6.535275900097869873e+11
-6.468398995063077805e+00 3.827319639498806270e-01 -3.968788461630531616e+11
-5.459365535591587992e+00 1.035096606650268258e+00 -4.579636651295520020e+10
-2.659435991576625469e+00 1.619845343158614615e-01 -9.109468888804694824e+11
5.660806117029749673e-01 3.190174162514725631e-01 4.999195401915075684e+10
-1.251633194002856886e+00 2.393906229822274911e-01 -1.962968908379827576e+11
-1.223644961489788185e+00 7.250921055678093197e+00 -2.091797747781410515e+08
-7.289911816000436140e-01 2.342296796643600076e-01 -1.194232935231848145e+11
5.851229150958853209e-01 1.447036734147221892e+00 2.511531402632683277e+09
-9.598853520950793694e+00 5.680200899403745618e-01 -2.673884170236791382e+11
-1.009318193098782235e+00 2.542025494596215296e+00 -1.403844213133002043e+09
5.898225052503732968e+00 1.801234810224507932e-01 1.633921904161328857e+12
-2.618370083099674783e-01 6.529784824499259344e+00 -5.519298822876796126e+07
2.068319600656559343e-01 5.962480515157775329e+00 5.228947968289575726e+07
2.569976618160855875e+00 1.572377716556712934e-01 9.342562879848880615e+11
-7.090475513569228783e-01 1.183659915537831064e-01 -4.548540843532393799e+11
-2.177778171283951403e-01 1.427606651464373488e+00 -9.603889029331918955e+08
-3.670967212450851336e-01 3.600467147712420601e+00 -2.545150210530658066e+08
2.508204964295207007e-01 5.881245684978371635e+00 6.517409317331300676e+07
2.541644048333325245e-01 4.004831030237781531e-01 1.424285169781479073e+10
-6.638876881545697772e-01 5.751996360780347040e+00 -1.803466285174030066e+08
5.415648869329552362e-01 3.579645323003112889e+00 3.798578628667008877e+08
2.715636095343473833e-01 6.926903156419489171e+00 5.086791759604882449e+07
-3.036404048530542132e-01 2.494617079867064380e+00 -4.385331183172395825e+08
4.478852250626237819e+00 8.473278524945534462e-01 5.606791286868376923e+10
-2.489366528734645367e+00 3.582198988493363601e-01 -1.743572659559455872e+11
-2.240839071705684749e-01 1.638898868877069481e-01 -7.498199231019557190e+10
1.516734677708111878e+00 8.058983257865019567e+00 2.098938566954990029e+08
2.495638814576451203e+00 4.596854833548907893e-01 1.061477447893143463e+11
-3.783296264886411575e-01 6.522897443123944150e+00 -7.991712821030618250e+07
-3.041996174594868485e+00 2.640631559473652912e-01 -3.920971296254763184e+11
3.662613533525589826e+00 5.320520067026599520e+00 1.162876363242414951e+09
2.113918485785353518e-01 2.127953209864855144e-01 4.195799301131800842e+10
1.504317050151196655e+00 2.334768381874501753e+00 2.480289584616660118e+09
3.157665834330959376e-01 2.744661561661305149e-01 3.767377902606233215e+10
8.779330911291333139e-01 4.258249144955484899e-01 4.351609351403961945e+10
-1.205187847844146343e-01 2.317794450661998795e-01 -2.016301739630819321e+10
9.511962879243640145e+00 4.066148975785939257e-01 5.170757761328162842e+11
5.932615373863082908e+00 1.421675897377792652e-01 2.638126460963536621e+12
6.707269578460153259e-01 4.008550476191850898e+00 3.751644398707963824e+08
1.306150020126956912e+00 5.962179920512896025e+00 3.302429268175901175e+08
1.145728120450832055e+00 2.561710480008299484e+00 1.569177603048104525e+09
3.304294547505722823e-01 1.244266674094543224e-01 1.918237749914378357e+11
-5.680847556936691189e-01 9.517915433643511225e-01 -5.636117909102472305e+09
-7.575107279112295089e+00 4.074187013752327280e-01 -4.101639489768416748e+11
-2.295509479402945363e+00 6.349738628732264356e-01 -5.117030562273870087e+10
-1.111409780138791353e-01 1.014389741103606912e+00 -9.707672930678383112e+08
1.899588764857921275e-01 1.675543520906752626e-01 6.081333000373577881e+10
2.475824839951558332e+00 2.421555146315273355e+00 3.794738091733724117e+09
-8.930189797182025657e+00 1.018307069505320211e-01 -7.740228646027424805e+12
-4.173768666924225101e+00 1.190457415166278066e-01 -2.646983680416715332e+12
-5.531016595015239012e+00 6.766706065451568719e-01 -1.085677796720957947e+11
-4.051123461428798755e+00 9.816890418873762680e-01 -3.778141426879988861e+10
-8.217650953599642705e+00 4.347425598895260923e-01 -3.907814970573696289e+11
-1.914074258154318420e+00 4.509697343838478645e+00 -8.458913973119764328e+08
3.962138812688566492e-01 1.346816129544841756e+00 1.963196121794603825e+09
-6.645484754835898400e+00 5.735321948327336550e-01 -1.815773530616074524e+11
-1.523980558283349607e-01 1.687165062288691342e+00 -4.811881216409266591e+08
-2.118554917963094475e+00 1.053011740120885165e+00 -1.717212014476142311e+10
-7.582253937380513120e-01 9.625557781646487676e-01 -7.355244819988193512e+09
3.839072970391463890e+00 6.135954108435448529e-01 9.164584495469487000e+10
-5.926200933900781287e+00 1.839965813578987364e+00 -1.573285293567938042e+10
4.835889794875588565e-01 9.103978980958359557e+00 5.244022190444044024e+07
1.153644709444374139e-01 5.158353575725179496e+00 3.896731503526116163e+07
2.381057467619661361e-01 1.092266801985027458e+00 1.793754599232875586e+09
1.044934403196366712e-01 3.155689727726117333e+00 9.430854706823278964e+07
-4.844769613100943673e+00 1.532354997759371118e+00 -1.854406622708181763e+10
3.135665560378742445e+00 8.702967742453127098e-01 3.720879509336390686e+10
-1.370143746136636809e+00 2.149628627603408670e+00 -2.664954980170710087e+09
-2.435198582093032194e+00 3.690676308807025130e+00 -1.606841673017677307e+09
-4.276227362708904800e-01 1.198883030935401217e-01 -2.673977693746380005e+11
-7.975082236146421089e+00 3.730820206917757620e-01 -5.149643298584943848e+11
-1.127165106820111479e-01 6.742628321375231382e-01 -2.228331058579771519e+09
6.952976310051637299e-01 4.983452208643804338e-01 2.516290468581133652e+10
-3.897981850903016188e-01 1.749516675476493033e+00 -1.144601362182197094e+09
1.201155429060604796e+00 3.647986292930541552e+00 8.112289322667106390e+08
1.495513780723833008e+00 8.537611566523818141e+00 1.844031153049984872e+08
-6.635984606038708655e+00 7.519018299774873348e+00 -1.054954440746200204e+09
1.989510398284752180e+00 6.657967054037597920e-01 4.033792443902371216e+10
-7.737651417986891600e-01 3.052516949870665020e+00 -7.463518451722307205e+08
-3.718210056013564468e+00 5.952616152191592125e-01 -9.431239693332797241e+10
2.369999441548263253e+00 8.211945205987057905e-01 3.158688332595857239e+10
-3.285075890634223228e+00 5.794181781289451827e+00 -8.794512950993140936e+08
-4.633732046973973451e-01 3.719063000646081640e+00 -3.011025711796233654e+08
-9.263128129892171714e+00 6.439005069083304500e-01 -2.008032583847946777e+11
-4.487130376366046391e-01 5.678356512090757535e-01 -1.250760031746051025e+10
8.892311412374651614e-01 1.539688504506303568e-01 3.371316663857909546e+11
8.113085315003432996e+00 1.582204092574890919e-01 2.912806628234587402e+12
2.563236931744889091e+00 9.880703554495696039e+00 2.359737156687519550e+08
-1.946794734470714161e+00 1.759370530132277954e+00 -5.652702834052589417e+09
-1.715025483817027130e+00 1.887811983778779901e-01 -4.325175345075355835e+11
8.659672523077631690e-01 9.657691937779254721e-01 8.344597454220514297e+09
7.865189279770091746e-01 8.115228129891303155e-01 1.073391942936727333e+10
2.461547854206482810e+00 9.932639428820467131e+00 2.242485074777105153e+08
-1.288155920866846937e+00 1.086939895940016304e-01 -9.799591963754934082e+11
4.026461249608858317e+00 1.014761848611801076e+00 3.514357030709834290e+10
-1.202054730535998095e+00 5.061249187775226366e-01 -4.217542037959221649e+10
5.369547797339534689e+00 2.890144073818981529e-01 5.777624931823502197e+11
2.337147713707729668e+00 1.356215034075657078e-01 1.142035676967655273e+12
4.517124796281618337e+00 1.567259807576462327e+00 1.652839621058479118e+10
-4.528833133159177571e+00 5.508381716928919758e+00 -1.341494453116273642e+09
6.715407623127514825e+00 4.001951416466221767e-01 3.768594184868274536e+11
6.334914311019366195e+00 3.423448863755062188e+00 4.858068931887551308e+09
-3.834670657973007213e+00 4.619241141927650673e+00 -1.615241332896239519e+09
-8.062262783141543210e+00 4.817087519475529156e-01 -3.122759182659912109e+11
-3.828453325904622950e+00 1.159405572488784619e+00 -2.559783340896926117e+10
-7.961286166181570145e+00 2.308631014574532292e-01 -1.342532480611608398e+12
2.813185247593940730e+00 6.921805207252099690e-01 5.277280798211974335e+10
5.898174010962074831e+00 1.187296191159588482e-01 3.760538595592369629e+12
-6.952188610835494664e+00 1.685643955198143085e-01 -2.199077166610382324e+12
-2.450433967454115902e-01 7.051993287874186445e-01 -4.428634528414072037e+09
-2.899170212960068049e+00 9.476086489219041065e-01 -2.901792142810156631e+10
1.321338393679234446e+00 1.932996319759619219e-01 3.178356573998277588e+11
5.788590912747594075e+00 3.359069881300847382e-01 4.610896768001810303e+11
-2.835748824021715464e+00 7.632911792427033326e+00 -4.374595398197742701e+08
7.109097351534621190e-01 1.601027368283041596e+00 2.492685962668442249e+09
-5.507928164060340137e+00 5.120506629632578521e-01 -1.888047952295314941e+11
-2.731572318740905558e+00 5.983634079054751531e-01 -6.856986072818149567e+10
-3.191466270668004146e-01 2.207144393058087850e+00 -5.888157053315632343e+08
-5.146759319336966065e+00 2.160587790790390317e-01 -9.909246744794569092e+11
4.734140565056724981e+00 1.749885239574723306e-01 1.389545049740052734e+12
-4.772342775747844268e-01 3.954036130065994747e+00 -2.743474836341001987e+08
-5.729358974361851153e+00 9.958469270987759359e+00 -5.192439883094987273e+08
-7.049377008524894350e+00 1.072400885924059688e-01 -5.509180833508240234e+12
2.060455620703166790e+00 4.450284221258747341e-01 9.350576470255184937e+10
-1.184583532787849697e-01 1.683674659009237073e+00 -3.755778389247136116e+08
2.251163214015754921e+00 4.286986107039743921e+00 1.100914139453338146e+09
3.191118799257889549e+00 1.014370835732878451e+00 2.787405048087102127e+10
8.812666913279522118e-01 2.925395381142802176e+00 9.255264428126646280e+08
9.762095857692650869e-01 3.541689792886703048e-01 6.994757240781163025e+10
4.219457391311394745e-01 2.697777448542187928e-01 5.210686972478043365e+10
-4.761686829723674741e+00 2.453852354709214201e-01 -7.107462728169610596e+11
3.481666638565735217e-01 4.263972065133245337e+00 1.721111881916797161e+08
-6.718065545996093624e-01 1.276701417669914296e-01 -3.704385485402836914e+11
1.755057463747440538e+00 5.642129661286278131e-01 4.955138913691012573e+10
3.506410040166807462e+00 5.189394857514989745e+00 1.170253329143092155e+09
2.427595268716089549e+00 1.351879237274030143e-01 1.193853686156526367e+12
2.318781280919612886e+00 1.476971459227833794e+00 9.553581168180393219e+09
2.134941466352131556e+00 1.588643521021169402e-01 7.602977040362083740e+11
-1.214949328670454770e-01 5.173498719247834110e+00 -4.079811444710174203e+07
1.049421964863193946e+00 1.745106493719785212e-01 3.097111915886970215e+11
-1.622263488212639659e-01 1.594425778624139367e+00 -5.735395843854389191e+08
-2.132228629144125254e+00 7.210813157334102774e-01 -3.685665382816988373e+10
-3.163688257855188812e+00 1.590577273500415334e+00 -1.123918332633359718e+10
-1.184750884390922410e-01 9.536481065512069089e-01 -1.170850264098952770e+09
3.303454306689286302e-01 5.504533494671628446e-01 9.798912619812891006e+09
-1.249909195705595222e+00 4.831704345743496276e+00 -4.812030574361448288e+08
2.207710611376245247e+00 2.750914070492942454e+00 2.622036385901730061e+09
-1.360431018463098773e+00 3.231015958702448287e+00 -1.171248203138937950e+09
5.452494107178467164e-01 3.662752921902208580e+00 3.652839380974718928e+08
5.400854176951462859e-01 1.922101056745389447e-01 1.313894924132552948e+11
5.715638356694436872e+00 5.528470997333831960e+00 1.680758395177440882e+09
5.260059475605172175e-01 1.237072190933617755e+00 3.089236693860862255e+09
-1.623677421196690063e-01 1.628439631651811270e+00 -5.503095417852261066e+08
-2.515717105478522786e+00 2.654602186924720497e-01 -3.208584826605351562e+11
1.330933801174853714e+00 3.693795076914707209e+00 8.767211364272398949e+08
3.795594627917858732e-01 9.969957666425658616e+00 3.431972609677738696e+07
3.782250490644324614e+00 6.082745128580208105e-01 9.187591283201988220e+10
2.621832795630064106e-01 6.528771614310959315e+00 5.528313418626233935e+07
1.494985688867457307e+00 1.069784349434494686e-01 1.174073196817149170e+12
-5.374231352630303160e-01 4.045043843100221692e-01 -2.952028256711236191e+10
-2.531768187941003112e-01 9.918424587546830651e+00 -2.313072075824813545e+07
-8.113663713478508344e-01 3.904745241534395284e+00 -4.782799919192655683e+08
1.350961699023574436e+00 7.532898648617514681e+00 2.139781391499404013e+08
5.923277508627126098e-01 1.461725234560802000e-01 2.491616564227823181e+11
4.770900905358050337e-01 2.686009111433325547e+00 5.943414936048837900e+08
-6.761970885360376826e+00 1.343567760812967860e-01 -3.366702691901816895e+12
1.199392299456410182e-01 1.509136153133731617e-01 4.733201876063799286e+10
-3.899654997454939043e+00 8.799269958712002904e+00 -4.526718844291853309e+08
5.399856748075141155e+00 5.331586192729307339e-01 1.707339892235726013e+11
1.689313712678522927e+00 7.960831170580227933e+00 2.395764350831414759e+08
9.106558079418094476e-01 3.594347298113422795e+00 6.335265271471381187e+08
-1.115748571584350979e-01 2.718392207104625147e-01 -1.357040236633546448e+10
-4.398906175955050735e-01 1.176661949014878167e-01 -2.855564002080184326e+11
4.603714636413017702e-01 4.557351207626413547e+00 1.992204962143921256e+08
-3.066939602122264463e-01 1.142219189821732789e-01 -2.112792941364141235e+11
-2.951584495920049900e+00 7.191066513960754358e-01 -5.130021995187799072e+10
5.140386710074260623e-01 3.429421562143992741e+00 3.928300137795359492e+08
-2.040194368181169171e+00 3.775236991678599718e+00 -1.286570896896283865e+09
-3.788483701531958348e-01 2.404350793378214890e-01 -5.890068953817575836e+10
-1.200605841197831675e-01 9.224296094214826658e-01 -1.268190805252216816e+09
-5.964351476556084997e+00 8.428132542405684546e+00 -7.546596556277581453e+08
4.592613642932918516e+00 1.373275651891545657e+00 2.188744610647845459e+10
3.190785018131956363e-01 3.293835258147798650e-01 2.643287574554806137e+10
2.556383440784341099e-01 1.083695200310634127e-01 1.956420992947878418e+11
-1.694399819153333819e+00 9.588419079081159646e-01 -1.656427759000621796e+10
-2.826493117825532142e+00 2.614040895784761065e-01 -3.717695324938856812e+11
3.242009335368954304e+00 3.942870877009553521e+00 1.874302868086371899e+09
-3.426395866766061560e-01 2.363760823802515620e+00 -5.511643191663396358e+08
6.006349525565798375e-01 1.067991744595093578e-01 4.732879292342324829e+11
-6.726458986534782358e-01 2.491021394634524988e-01 -9.742764425437397766e+10
-6.294222452798013956e-01 4.862489698735203425e-01 -2.392628753802789688e+10
3.575216713457503581e-01 2.954744308005690101e+00 3.680553888813565969e+08
5.871645068831471193e+00 4.877202313521192600e+00 2.218548214194196224e+09
2.830641569457144624e-01 1.353384260053717980e-01 1.388971248343124084e+11
1.192134751766889211e+00 2.958401040847647434e-01 1.224226773974150848e+11
-5.546558784149068222e-01 1.077626075584120352e-01 -4.292774300264415894e+11
1.557672844602198403e-01 4.670244442571847565e-01 6.418708344011970520e+09
5.053338854779064748e-01 4.737029082230711508e-01 2.024029963228864288e+10
1.284210577483977933e-01 1.922846561303275692e+00 3.121746267788341045e+08
1.993438744974727728e+00 2.804710898772153627e+00 2.277599239665829182e+09
-8.022101420072856870e-01 1.298149339520345280e-01 -4.278479477777818604e+11
-2.621474665899963252e+00 5.943589018769803722e+00 -6.669583899225754738e+08
-2.986441926552843573e-01 1.619010458115258400e-01 -1.024012797208188934e+11
-1.436366258265087126e-01 2.980744891144036401e+00 -1.453001947335818112e+08
1.538986052785922931e+00 2.323570594513500176e-01 2.561967162280638733e+11
4.417891863597054325e-01 2.112457223754409530e-01 8.897947785131632996e+10
1.170917055586476047e-01 3.460502458448876606e+00 8.788169528290441632e+07
-2.140908512429517963e-01 1.169820256579804235e-01 -1.406081365431001892e+11
-8.830960334758934493e+00 2.816209562934852695e+00 -1.000756949570744896e+10
1.607263604629649789e+00 1.566377007452258718e-01 5.887692634589490967e+11
-5.533740978047868353e+00 6.512121740859125874e-01 -1.172801259019405975e+11
8.115093294265991020e+00 2.854500457937190649e+00 8.951254422706010818e+09
1.731938405775225176e+00 2.651503788657442184e-01 2.214106756128325500e+11
-2.707694390539957308e+00 4.499550977418262376e-01 -1.202020600007098083e+11
-8.417110803962378540e+00 1.340760290511034070e+00 -4.208345472630200958e+10
-4.116946298081419209e-01 4.560793560985155537e+00 -1.778873193740307391e+08
1.598594776658162298e+00 1.510704873347225308e-01 6.295493031525803223e+11
-7.578606494133781624e+00 4.263890628639785962e-01 -3.746518345264234619e+11
-8.733223700100024800e+00 6.314326466997243203e-01 -1.968661909452536621e+11
1.112556309135475985e+00 4.246188480412931732e+00 5.545926168919917345e+08
-6.107581432937918109e+00 4.350065575840410759e+00 -2.900870067431636810e+09
-9.536179189625935138e+00 2.916658436055057368e-01 -1.007520463870904541e+12
1.679304833271646480e-01 4.249631239748363210e-01 8.357524615702995300e+09
1.905177805382387290e-01 5.380393910388416856e-01 5.915044099878526688e+09
-1.369470181427188571e+00 7.569176425875711045e-01 -2.148354483788898468e+10
5.259698629340189280e-01 4.724328393896012335e-01 2.118026171990285110e+10
-3.231627439470161622e-01 3.079830901740565618e-01 -3.062091479071659088e+10
-2.918214090470614863e+00 2.633162120866779699e+00 -3.782792946076945782e+09
1.428231561004559835e-01 8.572102350433569162e-01 1.746926160459182024e+09
1.959652937796390049e+00 1.418452453937597779e+00 8.753872469448200226e+09
-2.184106278680081337e-01 2.735912371858700176e+00 -2.622527307386580706e+08
-8.324686910575966436e+00 2.265372214417686880e+00 -1.457939116536060524e+10
-2.186242986256363430e-01 1.173102867083686274e+00 -1.427831158866034031e+09
-1.413901822254431118e-01 2.649477393579356743e+00 -1.810295350382428467e+08
1.390813968607476081e+00 3.721170682644955985e+00 9.027354156314183474e+08
-2.238591904113101105e-01 4.733744871560537359e-01 -8.978749430298164368e+09
2.311009245908496990e+00 2.201557625941443774e-01 4.285408099246625366e+11
-1.631935522981864395e+00 1.097219211845010589e+00 -1.218335244090035439e+10
4.403407254332067922e-01 4.625361970456252636e-01 1.849899015471188354e+10
-1.186197454188949063e+00 1.269877789541449253e-01 -6.611252606612966309e+11
4.162147745595178860e-01 3.472040975210907376e+00 3.103118976235870123e+08
2.219964101640269138e+00 5.184650347709779616e+00 7.422626779217772484e+08
-2.094232881835068394e+00 9.591780839487856758e-01 -2.045865592219909668e+10
5.622522787523475118e-01 1.041099642933194458e+00 4.662268141705710411e+09
-4.163637131342108333e+00 2.237994780632510672e-01 -7.471457881397094727e+11
1.099835294379188477e+00 2.119937455704975771e-01 2.199541570198234253e+11
8.407857623919393619e-01 7.202875183385887281e-01 1.456545946945938492e+10
6.027709412133169131e+00 7.931036427612515816e+00 8.612773703539892435e+08
-3.028127083887260929e-01 6.575692443646951046e-01 -6.294217285504437447e+09
4.101824611639734441e-01 3.938272235252273656e-01 2.376929154446004486e+10
-3.781255555392407430e+00 7.777158560920720554e+00 -5.618815107946075201e+08
-2.489221375778686962e+00 8.924753188177470875e+00 -2.808805784209310412e+08
-1.041431057107228553e-01 9.096195672660575271e-01 -1.131257717525540113e+09
-1.200898965042333399e+00 7.880509752908956500e+00 -1.737994777758568525e+08
2.102277322420015859e-01 6.846452671372051491e+00 4.030968490072760731e+07
1.301569677046255091e-01 2.292367966391588574e-01 2.226124136995647430e+10
-6.432049383173880086e-01 3.806813564700131547e+00 -3.989116980642537475e+08
-3.419177559133982913e-01 1.062774808409683996e-01 -2.720757091148190002e+11
2.938500218713945844e-01 4.142081151771552228e-01 1.539356248870086479e+10
1.568101333525221130e-01 7.353440060227046438e+00 2.606415376171941310e+07
-1.004036124007269049e+00 1.461279808253618806e-01 -4.226035979184470215e+11
5.886400559174762570e+00 1.154389805793173684e-01 3.970045317714943848e+12
5.353115696851222793e-01 3.185298586183846203e-01 4.741949783378632355e+10
4.869754920237767237e+00 2.320750656831657821e+00 8.126447973798035622e+09
-4.460249752946584323e+00 4.471454217900379113e+00 -2.004990038408740759e+09
-9.241056676632007694e+00 9.164340051147751964e+00 -9.889398120306174755e+08
3.946584477867053353e-01 7.663735411116539886e+00 6.039361373312231153e+07
-2.808626356016323378e+00 5.144599390845028264e-01 -9.537651758937117004e+10
-1.827840805983038885e+00 6.510053576351236826e-01 -3.876322137605627441e+10
7.858094346289004051e-01 5.551714831528279381e-01 2.291466734132067490e+10
-5.894004020653457188e-01 6.144430034458409295e+00 -1.403129771001885831e+08
-2.971038812616177971e-01 2.702836983280848537e-01 -3.655268114578606415e+10
-5.027365311215825194e+00 1.567219262315664996e-01 -1.839634479861644287e+12
1.569823265452391647e-01 2.981239915204041413e+00 1.587477304230972528e+08
5.157887883057763467e-01 2.820177902083465526e-01 5.828670506068040466e+10
-1.971218146000378590e+00 1.328067787257450449e+00 -1.004488157582130814e+10
-3.162151967248906237e-01 1.339892990337801792e-01 -1.583044508715365601e+11
-6.150297441686864985e-01 2.366554307202728413e+00 -9.869923533100025654e+08
-2.104043092979214435e+00 1.204160889199902051e+00 -1.304176030493181801e+10
-5.220426782088595230e-01 8.969777666192941368e+00 -5.831674436474426836e+07
5.105808699314614785e+00 3.814319580336936744e-01 3.154140265648470459e+11
-3.647307661322558570e-01 3.267442166548018445e+00 -3.070486544425083399e+08
-1.760829533641614875e+00 3.543390545318281681e+00 -1.260462379857437134e+09
4.539714764185309726e-01 1.394921626823056870e-01 2.096908931750706787e+11
1.339211047735989757e-01 9.519625122018441354e-01 1.328189213224602699e+09
8.462701676615423940e-01 6.341158223537701755e-01 1.891570230121885300e+10
3.021938116896763393e+00 7.821677474756554282e-01 4.439523682718356323e+10
1.975536946907351377e-01 7.747480360834527735e-01 2.958113317580085754e+09
2.662247321010081103e-01 9.264532967290378673e-01 2.787737998996308804e+09
-2.377770997127854002e+00 1.194851308697344017e+00 -1.496900441937951660e+10
-5.473537547760668476e-01 5.847165552610853467e+00 -1.438891142970126569e+08
5.996398676534904659e+00 1.282847673025393487e-01 3.274846410235021973e+12
1.465687389662000129e-01 2.299666797487436021e-01 2.490933536630642700e+10
7.694627339529721333e+00 2.302855313439028384e-01 1.304082012691265869e+12
1.243704316612330163e-01 1.786389041608213990e+00 3.502802638060346842e+08
2.216157832418919948e+00 4.574241246155193452e-01 9.519478870248733521e+10
-1.975231242912233176e+00 2.795197261375655939e-01 -2.272184748572902527e+11
5.132813885020560463e+00 5.600387858144236120e+00 1.470855215174646139e+09
-1.081230641182714669e-01 4.796713972154380556e+00 -4.223585775190563500e+07
7.055575169978879124e+00 9.585992499963694735e-01 6.900949857028465271e+10
6.877420997649590362e+00 3.296357649775138121e+00 5.688628553398527145e+09
1.667717562621460203e-01 1.033728550033133464e+00 1.402684825181508064e+09
6.099947717437291805e-01 2.858512961018407350e-01 6.709596440000151062e+10
-8.640519295363258134e-01 6.780745476415748207e+00 -1.689023051888812184e+08
7.016664129053202359e+00 5.033629085455378238e+00 2.488965552154700756e+09
-4.082132945105224620e-01 5.508655338697324488e+00 -1.209056403717199266e+08
-4.034023802712487061e+00 6.077808369341730632e+00 -9.815107692291129827e+08
-2.520561781347303021e-01 1.949854994918649664e+00 -5.958587682818094492e+08
1.258067898068531143e-01 2.381519207497194923e+00 1.993639004968178272e+08
1.654002370594455373e-01 2.035330969580315674e+00 3.588530685736580491e+08
-7.739277340124839810e+00 3.814676672531982948e+00 -4.780084360590902328e+09
4.235147643795653116e-01 1.692912382424229367e+00 1.328159430643907547e+09
-8.916039914995163684e+00 4.862103522226989050e+00 -3.389801124897862434e+09
-1.710850022000236226e-01 3.292948079523692506e+00 -1.418054073333237469e+08
1.211972927741827993e-01 9.590849715537142828e+00 1.184211749133346044e+07
1.582438494721308542e-01 2.107962039814871513e+00 3.200750970040860176e+08
5.878918820213178797e+00 3.325762703215900729e+00 4.777113549336112976e+09
-1.752737450117313467e-01 7.983192761426533002e-01 -2.471805264369419098e+09
-2.032453132056534439e+00 2.303092548091711100e-01 -3.443882913641589966e+11
4.016731073231882276e-01 4.293970923706642573e-01 1.957966133649955368e+10
-5.184426018193224461e-01 5.793411002557712131e+00 -1.388297751349444389e+08
9.560136339333469735e+00 5.724448466817727565e-01 2.622088851929451904e+11
4.127431418152003317e-01 4.668985564253615550e+00 1.701709493535077274e+08
2.265889836836657345e+00 8.716750742845812638e+00 2.680279933677048683e+08
9.250758382346907283e+00 2.154705879065590135e-01 1.790820111425130371e+12
1.472594517264343983e-01 5.821093134925471091e+00 3.905932212220067531e+07
9.101563104694033512e+00 1.941165256049003363e+00 2.170908824078525162e+10
-4.122685714706364024e+00 1.614608451877183048e-01 -1.421334846706857178e+12
-1.774365544015055196e+00 2.322364917485682245e-01 -2.956873800700447388e+11
3.968579411069767637e+00 2.045398490492933430e+00 8.525695766033339500e+09
-6.372614299427880269e+00 1.565912024193525098e-01 -2.335788598241615723e+12
-5.344005872373347454e-01 3.679979479950598709e+00 -3.546718751387237906e+08
4.136197080530902959e+00 7.855677355152247410e-01 6.023994491725448608e+10
1.383686513404492058e-01 8.454050827066870166e-01 1.740037536933339596e+09
-9.157883740488365065e-01 4.799628206896008109e+00 -3.572979712289340496e+08
1.946454742284410011e-01 2.351005660785791651e+00 3.165101042138747573e+08
-5.626767527115875689e-01 5.022381344979867102e-01 -2.004888479485292053e+10
1.444028739797121597e-01 8.551787640286078185e-01 1.774649698010253668e+09
3.329077401010643311e-01 5.946205875566629162e-01 8.462421002358535767e+09
1.061445053783422354e+00 2.319989004229813523e-01 1.772459346537941589e+11
8.785089027614535695e+00 3.899048239385253911e+00 5.193732389989114761e+09
1.996640679125288032e-01 1.608187393140998456e-01 6.938685876619267273e+10
4.975905401844407661e-01 2.339409692904373672e-01 8.171657649485992432e+10
6.735341335403304264e-01 9.874322688976411300e+00 6.208627395248454064e+07
1.546339380508612305e-01 1.364691265154936994e+00 7.462538949655990601e+08
-2.232893730262175414e+00 1.513573410136132558e-01 -8.760153040185246582e+11
-2.715694755583473730e-01 7.110019645690816015e-01 -4.828252460392435074e+09
3.611642726989167773e+00 2.598047649291229888e+00 4.809070864014270782e+09
4.636210967269850158e+00 1.127814331038042017e-01 3.275960002594926270e+12
1.706782970912423814e-01 4.474905065045462482e-01 7.660573204318041801e+09
3.275856935886072296e-01 1.753123778736097871e-01 9.579666374432792664e+10
3.848717168975394731e+00 6.066104715691490457e-01 9.400410296839869690e+10
-1.251936671852680871e-01 3.403234331956155323e-01 -9.715144663003946304e+09
9.242477790393857973e+00 1.191166171449065531e-01 5.854560949789751953e+12
3.658005500670221011e+00 8.245311101003297338e+00 4.835939728769181967e+08
7.836241930742428252e+00 1.537334656612612260e-01 2.980036740826164551e+12
2.887783035648097685e-01 1.740953194983724528e-01 8.563296634526457214e+10
-3.040568233014922406e+00 2.877556031784399004e-01 -3.300333245281403809e+11
-3.017754404843777105e-01 5.547034527562323625e+00 -8.814806282707279921e+07
-1.374708869492481944e-01 1.088983779139199998e-01 -1.041881991323751526e+11
-3.936335504151884379e-01 6.747506999263872096e+00 -7.770626561599324644e+07
1.395590703164207858e-01 2.029112459529643697e+00 3.046466808511478901e+08
8.645929784188505218e-01 7.004938806065856838e-01 1.583629674527220345e+10
4.314004576623426401e-01 1.172096886628064549e+00 2.822306624425068855e+09
-1.637310629508297533e+00 1.559429646955452775e-01 -6.051320099308994141e+11
2.383506448720380089e+00 2.684093299885392803e-01 2.973525955021917725e+11
-3.213569642504880974e-01 1.279530393158813339e+00 -1.764156551421817780e+09
-2.223101367820057295e+00 2.893806301862453800e+00 -2.386002904880907059e+09
-1.150916358615019286e+00 3.278088061923893459e+00 -9.626161616966968775e+08
1.860031542100795965e-01 2.226425892476643131e+00 3.372519265387751460e+08
-2.927527333038418167e+00 8.508927505217013021e+00 -3.634142309170525670e+08
2.009910583732336775e+00 1.113932801642011916e-01 1.455825660714918945e+12
-1.632662054271424967e+00 7.379908371617711627e-01 -2.694293963677385712e+10
-1.794273248513308383e+00 1.090262905648914149e+00 -1.356677829904934883e+10
4.254316277962758019e-01 1.229235926497341813e+00 2.530520746738177776e+09
5.068856788604435559e-01 6.882638080636677147e-01 9.617247072129142761e+09
-1.115510386041692614e+00 3.271021017903797734e+00 -9.370387849435348511e+08
-1.416992976565369378e-01 2.894577394207826337e+00 -1.520015385354615152e+08
-5.020209344786232819e-01 1.060550458960997755e+00 -4.011527498922777653e+09
6.393704005133153956e-01 3.562255260736483242e-01 4.528486445542134094e+10
-3.701867514480517318e+00 8.115651282432930103e+00 -5.051550914561503530e+08
-1.870953035842605416e+00 7.029043666719749339e+00 -3.403462907455754280e+08
-9.098385665732404703e+00 1.894001489694668861e+00 -2.279577321629303741e+10
4.916231858944803967e-01 3.454187885758607801e-01 3.703318474938830566e+10
7.184396449957335395e-01 1.578497944743666725e-01 2.591509865078088074e+11
5.534563302662501627e+00 2.577548987591248841e-01 7.487211846871246338e+11
-1.840026069919355356e+00 1.482873622273210568e-01 -7.520839398276997070e+11
7.868571670737963819e-01 1.497707988337093621e-01 3.152769575358405762e+11
-1.578693432159171406e-01 2.105673102876413516e+00 -3.200121894944544435e+08
-2.866978529325264202e-01 8.530821582337889675e-01 -3.540734322370973587e+09
4.835665457799285250e+00 1.973262927284720636e+00 1.116186981315805435e+10
-4.592198057331049466e-01 1.175170418522426402e-01 -2.988611940029172363e+11
-8.294014721767796194e-01 7.499098668545002511e+00 -1.325553572732616961e+08
-9.121390129910814659e-01 4.865067095894046734e-01 -3.463649848213188934e+10
8.863764036876599306e+00 9.588417823766191006e+00 8.665126423131750822e+08
-8.178188105309138756e-01 3.935826196459968340e+00 -4.744996427389531732e+08
-5.943850036818655092e+00 4.946482058164225482e-01 -2.183361186928506775e+11
1.086813070833791417e-01 3.236503596943353767e+00 9.325095393574628234e+07
-4.407834782917727345e+00 2.150939411572421633e+00 -8.562874355728152275e+09
-6.328416908037522326e+00 4.805215833431692452e-01 -2.463314717816781921e+11
-3.095796660591310978e+00 8.848240410539136569e-01 -3.553932848741539764e+10
5.972746167426996600e-01 2.921289531198107969e-01 6.290359578366091919e+10
-6.572332816670400923e-01 3.195139779168112426e+00 -5.786160038410097361e+08
2.277031401594953319e-01 8.353302786662037960e+00 2.932940080962951481e+07
9.020907898713407036e+00 6.819272584730895481e+00 1.743511296983688354e+09
1.046174730979787748e+00 3.377519524389285266e-01 8.242502885992437744e+10
-4.794814207239312509e+00 6.159262923290520497e-01 -1.135964906831879425e+11
-3.019603647762694631e+00 2.657017471523081542e-01 -3.844251029383939819e+11
5.769936495561192036e-01 7.915762658592975232e-01 8.276298071357973099e+09
1.512831974592163231e+00 1.467139647129602986e+00 6.316818616667750359e+09
-2.642063653064660400e+00 4.027167061615040566e+00 -1.464180446130630016e+09
-4.983450651356880812e+00 1.340275416123848595e+00 -2.493404144586030579e+10
-1.538458971740525594e-01 2.727318992707454259e-01 -1.858936964722430420e+10
-8.538619620176930880e+00 1.695385702577183185e-01 -2.669938467549616211e+12
-9.592014717953534220e-01 4.791166526093466604e-01 -3.755587830427745056e+10
-1.349551396389647995e-01 4.647860745155736883e-01 -5.614794061803826332e+09
-1.335449511993264393e-01 6.703652007418857695e-01 -2.670884875936611652e+09
-2.882088486313106657e+00 2.554308873739376540e-01 -3.970188294038739624e+11
4.085963132695670019e+00 6.513271413517085495e-01 8.656587239144549561e+10
8.956576203988459994e+00 1.023837490577860776e-01 7.679458307140958008e+12
7.946497135325738537e-01 9.663401371239506155e-01 7.648324622135800362e+09
6.284255920526644168e+00 3.484905333280352568e+00 4.650744821408205986e+09
3.885046585227492244e+00 5.173578246346208775e-01 1.304562244537449036e+11
-2.217680983234621372e+00 3.684067909278894604e+00 -1.468569271097079277e+09
-5.175955759723733784e+00 7.998075293795147367e+00 -7.272273395058158636e+08
-7.186364775551924433e-01 3.588199947808984880e-01 -5.016566864277277374e+10
-3.015807429772850323e+00 4.622377390446811285e-01 -1.268596254103006744e+11
3.995891958291763468e-01 2.524196231618975328e-01 5.636611825190741730e+10
-1.122728840802822425e-01 4.043442867716898759e-01 -6.171956765637813568e+09
6.317998014182863997e+00 3.693893691951855018e+00 4.161609423867721558e+09
-3.243651044234701963e+00 1.250432426970794764e-01 -1.864508164310644287e+12
5.012437240346456768e-01 2.489100320411416156e+00 7.271345233793306351e+08
8.679102730263986709e-01 7.230917796502769335e-01 1.491896168345222282e+10
-1.259478527295484263e+00 6.060124995474521770e-01 -3.082323532982514954e+10
7.482575774349090603e-01 1.154570652884866350e-01 5.044994687365206909e+11
5.579449851244860703e+00 9.495792937974870895e+00 5.561340995879296064e+08
-3.235588761949711234e+00 6.936174020515668559e-01 -6.044550016563172150e+10
3.887637954085875758e-01 4.169105864531061911e-01 2.010252382202153778e+10
1.719107294629346860e+00 9.836347352356368035e+00 1.596930031469330788e+08
-2.705436382327751632e-01 2.810544092955353346e+00 -3.078273036655309200e+08
6.421701484069949339e-01 2.062167513482677239e-01 1.357228122486702118e+11
1.607885344080596524e-01 1.602962392387227153e-01 5.624177624530049896e+10
-3.711165721749800639e-01 2.452586140319125696e-01 -5.545138872115543365e+10
1.272831354903068979e+00 2.602020157128721145e+00 1.689663296664104939e+09
6.345023552277762491e+00 1.602885718766420720e+00 2.219620554403971100e+10
-6.533911458783160375e-01 3.249868890892369411e+00 -5.560222644399932623e+08
-4.526482847226117601e-01 3.929941705178345401e+00 -2.634142592629759610e+08
-3.184163769860359761e-01 9.066042812164455400e-01 -3.481853416800386429e+09
2.106592987263462835e-01 2.129299616109928905e+00 4.175973180810226202e+08
5.236860061148102652e+00 9.574936715658928676e+00 5.133927870752353072e+08
-3.023535269305353879e+00 1.475402482652643288e+00 -1.248373777242616653e+10
2.474419287601879791e+00 4.395629267889714642e-01 1.151017158247811737e+11
1.056325392256324547e-01 8.021547517120014570e-01 1.475475549248384714e+09
6.583421373766411122e+00 1.067057118084344003e+00 5.196691514081208801e+10
-2.406063507008370461e+00 2.080287287775302862e-01 -4.997019844193214722e+11
1.341765782323760536e-01 1.004762298181894192e-01 1.194539924195711517e+11
-8.785343874356846827e-01 8.633286359149844102e+00 -1.059392980233059227e+08
2.666828598402307904e+00 9.590020204966054340e-01 2.606193622619986343e+10
-1.618240227434137313e-01 1.246361192402934970e-01 -9.362800620761772156e+10
1.341471583613186580e-01 5.782652380247438550e+00 3.605603147433891892e+07
4.047830809811775232e+00 1.835820707820083886e+00 1.079474633536125946e+10
-7.067996846909163189e+00 1.873177259492121438e-01 -1.810461158271900635e+12
-3.589558799724122951e-01 3.133465251074079583e-01 -3.285806045520358276e+10
1.610204080479689104e+00 8.522995824789858510e-01 1.992264469958745193e+10
2.017231127157217863e+00 1.217979982606110179e+00 1.222154124585738564e+10
9.750052917932021668e-01 2.639514218268030898e-01 1.257794176483963470e+11
-4.722376181471600987e+00 2.062620070066068512e-01 -9.976373946188688965e+11
-6.169289442528860246e-01 2.660614522852799979e+00 -7.832886797022061348e+08
2.430804672758256624e-01 4.844047796007459716e+00 9.310732331119215488e+07
-7.055751219119779094e+00 8.462916768059143280e+00 -8.854289926640710831e+08
8.411596078128676268e+00 9.793971970679899997e+00 7.881544185238651037e+08
3.131870672999097494e-01 6.050370952031854266e+00 7.689364241785401106e+07
4.139378996037092473e-01 5.608777080127352876e-01 1.182631523744584846e+10
-3.901139154723303748e-01 2.033920297938457189e+00 -8.475673127625422478e+08
-1.729159854668815388e+00 1.725847863348586753e+00 -5.217719691207787514e+09
-1.862886236510764348e+00 2.593820711366640275e+00 -2.488611163251961231e+09
-4.207581103329599337e+00 9.027215647660835174e+00 -4.640614361925274134e+08
3.078865838349661210e+00 5.217198613080451963e+00 1.016638712036360025e+09
3.077472594971694675e-01 4.460678356650369381e+00 1.390090241580115557e+08
-3.464916844064550361e+00 9.164759362920731789e+00 -3.707671955921239853e+08
-3.985836333682224453e-01 4.211380569414494013e-01 -2.019859224271995544e+10
8.713771957625070508e-01 5.900409523956387403e+00 2.249533669453464150e+08
-1.638336690599651702e+00 1.617398300081871687e+00 -5.628851756754346848e+09
4.970955551542037831e+00 3.719600453512427740e-01 3.229222086480314941e+11
7.633739137241616346e-01 1.223555637558572107e-01 4.582901135747745972e+11
9.470295231465081898e+00 2.250588913411692538e+00 1.680435261929913521e+10
-4.555287693270601568e-01 4.146407229554238683e-01 -2.381346117476602554e+10
6.752114478381464835e+00 2.711216703762025393e+00 8.255853013328541756e+09
6.654537565649385478e-01 6.895174320093140352e+00 1.257992346411265433e+08
1.979852336233160204e-01 1.128617052234070078e-01 1.396980047403255920e+11
3.899274103757460974e+00 8.940998086089260166e-01 4.383917573837446594e+10
-2.228845315696946106e+00 6.365523676054954949e-01 -4.943815692929499817e+10
-6.430644510442939943e-01 7.612982226169799027e+00 -9.972303530975067616e+07
5.314988195975759444e-01 1.831379120304773567e-01 1.424283377511878662e+11
2.232215452672512146e-01 2.102053099849598983e+00 4.540454871973744631e+08
3.476359329165335521e-01 2.856795129685420487e-01 3.828398039048397064e+10
8.055779970452656258e+00 2.164057755781480630e+00 1.546039264413496780e+10
1.227024972537215541e+00 4.198682078917163052e-01 6.255730590324481964e+10
5.837125113363146323e-01 6.986400416620950349e-01 1.074837163966173172e+10
-8.545270028990229250e+00 4.532821315058398248e+00 -3.737999254571978569e+09
-5.750815022572682622e+00 4.368480844492522941e+00 -2.708439540855110645e+09
2.512060741301574751e+00 2.915197104740359646e-01 2.656714626549736023e+11
-2.436797740647442534e-01 5.254473637940580977e-01 -7.932528966899149895e+09
1.287615166993402172e+00 6.212590571334586365e-01 2.998411504509901428e+10
-5.142144729733225894e+00 2.973617124195928607e-01 -5.226666818380463257e+11
-1.095692412162275087e+00 1.617672997667644608e-01 -3.763204331075828857e+11
-6.052481584106407020e+00 2.740525355781324168e-01 -7.242965988456953125e+11
4.051120488504918349e+00 2.751287069691353171e+00 4.810098438645679474e+09
-1.535609931341236356e-01 1.497920645137931661e+00 -6.151116005042603016e+08
-2.137290660391209240e-01 3.084317695704223983e-01 -2.019277449068782043e+10
-3.151549253661314332e+00 2.255621331403550478e+00 -5.567270601781725883e+09
3.413126856470654058e+00 6.970180237364179909e+00 6.314151989227709770e+08
1.206059968149081341e-01 2.007954510450604690e+00 2.688510774206420183e+08
1.265655285426403598e+00 1.130176642923104990e-01 8.905809482206350098e+11
4.463248955756421998e-01 3.578894193186585859e-01 3.131872059141741943e+10
-4.754315115785047730e-01 2.031053266109455191e-01 -1.035847816940107574e+11
-7.661004753185524097e-01 2.836174180688447954e+00 -8.559936677556450367e+08
1.100867346156275683e+00 5.889736320866157726e+00 2.852291474869914651e+08
2.253586089408777138e+00 8.771522187553917327e-01 2.632539153055934906e+10
1.251308549552947735e-01 1.648713560002232237e+00 4.137372376531644464e+08
-5.002351325267030413e-01 1.163143523671590351e+00 -3.323213124617994308e+09
-3.313844367060221785e+00 4.357505261103134409e+00 -1.568580769062656641e+09
4.284595496388713953e-01 1.456529983734085265e+00 1.815187894816207170e+09
-1.148408154548465232e+00 2.221880302062528012e-01 -2.090766671369925232e+11
3.827809693608539732e+00 1.407550945255194641e+00 1.736491695501581573e+10
1.950649201517964171e+00 2.496933972478302677e-01 2.812002329356436157e+11
-1.037932043917287217e+00 5.140614270771463046e-01 -3.530120281670085907e+10
-8.527931456915906594e+00 7.005661475256930615e+00 -1.561694295858611107e+09
-5.565402370717017710e+00 1.491300088225179676e+00 -2.249143161873708344e+10
2.385551112848807997e-01 9.042079805827595962e+00 2.622422563194737583e+07
-1.377504063365465381e+00 2.019600377673863356e+00 -3.035376870332442760e+09
6.651644282588671242e-01 9.837275279440211850e-01 6.177745103429738045e+09
-9.211783152560848009e+00 4.532883600610969621e-01 -4.029444611364232788e+11
-8.322244133720744230e-01 1.249063377343757469e-01 -4.794265931132543335e+11
4.528445613269007630e+00 1.147976575141653299e+00 3.088401268155291367e+10
6.959048249075471260e-01 1.986715540564703564e-01 1.584634430894432983e+11
-6.766264564618379440e-01 1.270948342131860143e-01 -3.764816345250097656e+11
1.010892332463882853e-01 3.221816343238527391e+00 8.752940179475089908e+07
-6.382676785656624663e-01 6.608328928432520399e+00 -1.313621256405441463e+08
9.296975160699291196e-01 1.904215724365195817e+00 2.304411292560755730e+09
7.711136762018773183e-01 3.319031350236966715e-01 6.291385757143119812e+10
-2.648075902982764518e+00 3.845438945232512395e+00 -1.609493425170401096e+09
1.142181729993787115e-01 1.945924921633986338e-01 2.711025902503203201e+10
-3.469496674697684302e+00 2.384085369169311797e+00 -5.486223408466062546e+09
4.162569253814266679e-01 4.323932716325743719e+00 2.001032929815632701e+08
8.484401159208928789e+00 7.797697003638103475e+00 1.254120022287744045e+09
1.183956224222177805e-01 4.295045466661691624e-01 5.768338424508979797e+09
1.479322677228182226e+00 3.678089322155629892e-01 9.828086936091035461e+10
6.803263016729838020e-01 5.104594169034544215e+00 2.346634436124883294e+08
-4.072403823115780419e+00 1.459428630064272037e+00 -1.718445374452079391e+10
2.538906166306447165e+00 3.043277118697142458e-01 2.463850016922067566e+11
-1.402885805181665502e+00 4.340008898032040596e-01 -6.694092349095375824e+10
2.378429913093345505e+00 2.381047432432480404e-01 3.770551549073752441e+11
5.553754280182184644e+00 1.066838127665400870e+00 4.385713142403803253e+10
-2.254424500432128664e-01 8.453569823589051069e+00 -2.835345750682168826e+07
7.028480631669403067e+00 1.753976576717649172e+00 2.053357137002253723e+10
1.823479826911286850e+00 1.369764739411590826e-01 8.734933775052609863e+11
4.204890064803232796e-01 5.550337651074738199e-01 1.226779347887004662e+10
6.575136143962646562e-01 1.643341976113905367e-01 2.188262766050618286e+11
1.717874754784806557e+00 1.411116290377902871e+00 7.753834102365971565e+09
-3.108299795542110555e+00 6.705125516912230133e+00 -6.213834672391203642e+08
1.862098028314272402e-01 3.132909207786585548e-01 1.705130176201807213e+10
2.409711609424523893e+00 5.093336100117719090e-01 8.348549325748657227e+10
5.471254305841959820e+00 1.011663042796111966e+00 4.804694177675494385e+10
-9.900225257529972067e-01 2.053682130372217696e+00 -2.109741500978676796e+09
-2.943536143441253805e-01 3.307602483306171237e-01 -2.418206435124562454e+10
-4.584846519587982172e+00 7.340202371453877772e-01 -7.648202055601272583e+10
-1.235734542789753559e-01 1.207894875421856584e-01 -7.612328608723590088e+10
1.509728136516580166e-01 7.498515434651282785e-01 2.413230401401494503e+09
2.650374448757301660e-01 9.372532680355613266e+00 2.711714276400324330e+07
8.847608418486553106e+00 1.266297268845150148e+00 4.959126322992290497e+10
8.606748861129597472e+00 1.835438606638414294e+00 2.296201647652193069e+10
4.921069359641067287e+00 1.453998224999833999e-01 2.092099577874517090e+12
-3.664396698888198411e+00 1.674252864377063110e+00 -1.174927314532430649e+10
5.930061475559117667e+00 3.229643292252416309e+00 5.109762302200841904e+09
4.778420806452684744e+00 8.611342040847931312e-01 5.791530286058483124e+10
4.837805756843100546e+00 1.117293764960860247e-01 3.483086780114906250e+12
1.973183052612069166e-01 5.289663481241583254e-01 6.338141158691772461e+09
7.253936626438324264e-01 3.087674060300249934e+00 6.838509850753784180e+08
-3.344383377268710600e+00 7.564555189049867678e+00 -5.252909070012522340e+08
-5.836636368398701258e+00 2.886107689011347399e-01 -6.297790240713135986e+11
-8.053529868005377956e-01 4.417547131558285378e-01 -3.709150954030935669e+10
-1.217173283675362372e+00 3.004510342309490434e-01 -1.211868851408287964e+11
1.154187413932023787e-01 9.234105978375040991e+00 1.216570393743482791e+07
-1.285309352419938378e+00 6.639999833474236057e-01 -2.620125832876401138e+10
-6.345192266429400263e+00 1.164322937177644651e-01 -4.206767385871301270e+12
-3.871242989045437177e+00 4.054271904640040169e+00 -2.116777967665318966e+09
-2.032734996979966624e+00 4.261493832605609544e-01 -1.006022407858232117e+11
3.792957448353124206e-01 5.354207518519062958e+00 1.189154242825082690e+08
1.890872576920535342e-01 1.131065052322433706e+00 1.328427061929919481e+09
8.568390713835471573e+00 8.221112778175275082e+00 1.139432672201184034e+09
5.624248006138412137e+00 1.829631910963107400e+00 1.510037139050160980e+10
-2.175442190778146045e+00 6.376323371059008593e+00 -4.809030124375117421e+08
4.518438378011868650e+00 2.446946058556640491e-01 6.782506064175529785e+11
7.943365560410066806e+00 3.428813964875029319e-01 6.072497196167928467e+11
4.618866253376610054e-01 2.829588794271959085e+00 5.184887662265100479e+08
-6.164630184241111088e-01 1.003291115125111821e+00 -5.504320507478912354e+09
-1.180585355431555961e+00 8.985198282134442493e+00 -1.314294465959197581e+08
9.190930263620105123e+00 6.298792670582000763e-01 2.082070650764995422e+11
-1.404623666809972526e+00 1.031009353462983835e+00 -1.187641567283722878e+10
-1.788888402803203270e+00 2.081834445402233502e+00 -3.709723037121306896e+09
1.016898081993818481e+00 2.999120890216728341e+00 1.016108543014177918e+09
4.566206434818533388e+00 6.126441677759370208e+00 1.093426394147027969e+09
-5.273893484088711947e-01 3.047852138832741975e+00 -5.102631247057797909e+08
-1.552372247878857914e-01 8.923974449489611160e+00 -1.751982856300389022e+07
-8.038770959260473914e-01 1.716125395095222939e-01 -2.453252427307746887e+11
1.495755404022064861e+00 5.162932281760680420e-01 5.043341091345626831e+10
-1.565277582338481688e+00 7.650662613294614278e-01 -2.403498651893326569e+10
-9.995416124268090563e-01 1.265138607937971449e-01 -5.612744579169105225e+11
-8.061028478431063737e-01 3.019268450778370472e+00 -7.947629550534687042e+08
2.348603323270436749e-01 2.782339089817009281e+00 2.726717684238801003e+08
-1.748647869770428298e-01 5.982977431792887657e+00 -4.390543174780005217e+07
-9.937197816815237505e-01 4.587704875105374391e+00 -4.243494164379361868e+08
-2.441744127168464118e+00 3.141704579590566815e-01 -2.223412689692070923e+11
-1.230874709714122744e-01 1.052792699360368678e+00 -9.981107601885915995e+08
-4.214379258527125138e+00 2.596492182822905281e+00 -5.618368174923680305e+09
2.155740648148816718e-01 3.743569242208161008e+00 1.382532624203246236e+08
3.329356078394475116e+00 7.249147702829024986e+00 5.694255722327824831e+08
2.592646522409266518e-01 1.800751729570122806e-01 7.185984017082092285e+10
-9.802173127599745683e+00 3.845498173980153034e-01 -5.957550991548463135e+11
1.421648345285266013e-01 7.444530503764210216e+00 2.305516181391379610e+07
3.983485464561989375e-01 3.212743778591360400e-01 3.468659524571074677e+10
4.732471676681920258e-01 4.252595086685730386e-01 2.351963488896979141e+10
8.360331695427009047e-01 5.181054278008003777e+00 2.799225221345347166e+08
-1.353762516952541128e+00 5.617661364551723713e-01 -3.855511396242893219e+10
6.205097789210368475e+00 1.985689759830347456e-01 1.414413706172192139e+12
6.023584634674578275e+00 3.974594850113775113e-01 3.427045765695819092e+11
1.129222309666866597e-01 5.128787072679473091e+00 3.858342081515567005e+07
-8.455699783021081828e+00 2.474451551247255576e+00 -1.241201419448571205e+10
-2.500640990306589040e-01 2.215400174078374196e+00 -4.579284153196173310e+08
1.535745149477569349e+00 5.561278308675182691e-01 4.462934487042864990e+10
-3.365414028807806601e-01 5.381489683255171741e-01 -1.044441440383212852e+10
-8.162262500454311009e+00 6.475555850927271484e-01 -1.749472294133430481e+11
-2.097137660058420172e-01 6.121943746015721999e+00 -5.029199786769367754e+07
3.356480453759012605e-01 1.087840562235800890e-01 2.549201962796636047e+11
-1.932654325263422346e-01 5.877763388751334750e-01 -5.027830202884911537e+09
1.571012708871192265e-01 8.208272217863143982e-01 2.095688908575004816e+09
-5.979049428195453153e-01 2.189461646759696400e-01 -1.121006363965792236e+11
-4.655885233333926898e+00 3.732904345474054031e-01 -3.003026482049672241e+11
1.231207972451900390e-01 7.194577020360879427e-01 2.137821817393518925e+09
-4.658164252289881957e-01 6.069752799986766867e+00 -1.136379546376187503e+08
-8.935393275142754277e+00 6.288828564933145238e+00 -2.030601854403285265e+09
4.773483360847741608e+00 2.319279824714418903e-01 7.975900568188889160e+11
9.198210875359997374e+00 1.471232502165975009e-01 3.819366713579490234e+12
-3.212551696193361450e-01 4.695175200045378361e-01 -1.309776331679946899e+10
-1.404305943062256201e-01 2.665883545780832531e+00 -1.775947012164725959e+08
-5.254794505218645995e+00 6.306713653246077911e+00 -1.187408434523798943e+09
-7.002806457537004370e+00 5.409460751841752568e-01 -2.150873127476181641e+11
1.300731179714762487e+00 5.032296041845716328e-01 4.616425221287554169e+10
-1.117683100936392560e+00 1.838826602351833206e-01 -2.970898036608529663e+11
4.808563600067017885e-01 5.325756316223388964e+00 1.523713799349730611e+08
7.310692214988868898e+00 6.551621117505078695e-01 1.530775738397119751e+11
-1.275056875546718149e-01 3.746730028140566660e+00 -8.163480765515013039e+07
-3.161181471697281364e-01 7.545050707231029108e+00 -4.990863825940121710e+07
-4.220777369065147333e+00 5.423075882369021272e+00 -1.289887104379426003e+09
-5.905275436093264219e+00 1.574759773982728817e+00 -2.140238401601296234e+10
-2.313706139722335742e-01 4.227531623001900662e+00 -1.163550099256522954e+08
-5.661308076522797439e-01 3.909828110751261132e-01 -3.328526950679367828e+10
-1.124717668000145832e+00 1.066147265045209874e-01 -8.893234445866849365e+11
7.919495312573145540e+00 9.555964825889314840e-01 7.794693441075129700e+10
6.401052415094911074e-01 2.714309807945785025e-01 7.808779682802156067e+10
9.773463029655399259e-01 3.030911070601211232e+00 9.562087309167510271e+08
-1.659338396425409923e-01 4.613685509525450867e-01 -7.006314140106921196e+09
2.373843975462459066e-01 2.373554463391923885e+00 3.787079187794578075e+08
3.088275587703678937e+00 9.070034652682908316e+00 3.374028713104778528e+08
1.891702140763726614e-01 2.340888088627376185e+00 3.102716320391007066e+08
-7.595241693571125552e+00 3.486641904350149090e+00 -5.615358989061939240e+09
-1.585674442471592505e+00 5.052142582232755919e-01 -5.583589053822709656e+10
-3.064862379282283555e+00 2.756728212001949174e+00 -3.624713581287235737e+09
1.670331445381409319e+00 6.752786019998455735e-01 3.292208252058062363e+10
-8.609948033753919816e+00 2.688491082678028832e+00 -1.070616538476611137e+10
-3.821265300997552572e+00 6.382486230820529904e+00 -8.430979551156319380e+08
4.577984416751099683e-01 2.040557800412847733e-01 9.881596731224951172e+10
1.567094364966728770e-01 3.466973182109711060e-01 1.171776550531681061e+10
3.515180710284167009e+00 2.377950234470292967e-01 5.587181140119458008e+11
-1.687738684032177749e+00 2.735818092053311501e-01 -2.026662299387534180e+11
-8.606569050077413907e-01 2.109403085240193931e+00 -1.738447268628946066e+09
-2.405059413574309468e-01 3.969347170563886529e+00 -1.371949915799257755e+08
2.665471107671804618e-01 8.040113678292211574e+00 3.705955662890972197e+07
1.568413288466199651e+00 1.918329773104911595e+00 3.830580531513913155e+09
1.812090998449290002e-01 2.938996074419272908e+00 1.885526364642702341e+08
-4.222408515554660013e+00 1.326018485129775160e-01 -2.158299501593636963e+12
2.141146203410241089e+00 1.174039147645753595e-01 1.396149048177842041e+12
-5.182540087693014996e-01 1.389996290870464168e+00 -2.410826772522867203e+09
7.111346658454661629e+00 3.468147528759367049e+00 5.313826148083705902e+09
-2.481992051156538981e+00 5.434335137637483548e+00 -7.553672797798720598e+08
9.311390536928125794e-01 1.342881248737484379e+00 4.640768891333340645e+09
6.524344814250360614e+00 4.289023843856565321e-01 3.187649797305983276e+11
3.670957133601166156e+00 4.710864918551163627e-01 1.486718100851194763e+11
2.018921490249597495e-01 2.997249801188963225e+00 2.019873489043199420e+08
-6.758970403610126132e-01 8.730037265156088466e+00 -7.970745965084470809e+07
2.029527829960426910e+00 9.464403388534574635e-01 2.036381507724538422e+10
-5.298039006516931382e-01 5.774879230700397104e-01 -1.427841357433080673e+10
-1.775904357514648924e+00 2.075762626270586941e-01 -3.704373891380154419e+11
4.440005577367139300e-01 2.258566408777692436e-01 7.822911275049121094e+10
-4.940528594638892157e-01 1.875753995305808886e-01 -1.262037545298492126e+11
1.256255631502150860e-01 1.284614337457424593e+00 6.842000637226909399e+08
-2.015959703834473149e-01 3.867258302337678311e-01 -1.211507492340123558e+10
-1.653037626851212305e-01 5.522850803930555053e+00 -4.870872202680142969e+07
-1.200990364144806644e-01 9.632477672240532529e-01 -1.163359978525200605e+09
-2.470502620375449876e-01 2.147385301627744991e-01 -4.815218345421079254e+10
3.380157496877428391e-01 1.922307558114786152e+00 8.221324830437014103e+08
-3.380224711100929813e+00 2.767351432561398372e+00 -3.967048967045804977e+09
-1.712516723574398769e+00 2.076500817931539455e-01 -3.569613756296734009e+11
6.479959671553194855e-01 3.194457650919920511e+00 5.707273056624093056e+08
1.578882639952413902e-01 5.441459645670075673e+00 4.792582994961551577e+07
9.769840867128365414e-01 6.652738089348730455e+00 1.983979845608259439e+08
3.664292972185800856e-01 1.595615640249160583e+00 1.293553033439392805e+09
-6.086228444866756959e+00 5.829466641999913712e+00 -1.609686214860978603e+09
9.305809090624087565e-01 9.638304678745992504e-01 9.003335946152944565e+09
5.871234048378943804e+00 3.800193473345894746e-01 3.654000446699364624e+11
1.513097182435181542e+00 2.697245551638625116e-01 1.869289084016072998e+11
-8.411985745975073314e+00 1.372902445861417187e+00 -4.011158182418695831e+10
1.534989610519984504e-01 3.836003958528746427e-01 9.375576144648950577e+09
-5.680960639903210208e+00 2.686563913892797695e-01 -7.074211577707016602e+11
-5.085390604447519003e+00 5.269915729317176556e+00 -1.645764134344850779e+09
2.251946224321342005e-01 6.065123246501886722e-01 5.502111322276576042e+09
-2.495607150968128796e+00 4.026307053111079171e+00 -1.383607973165361166e+09
-1.005914746432081952e-01 5.485027198281436256e+00 -3.005067435774421692e+07
-7.992398905342354531e+00 1.102126445564884705e+00 -5.913776717475514984e+10
1.178524906370717884e-01 9.220577086173289416e-01 1.245871288443179846e+09
-2.042973120551424770e+00 2.865441907495300811e-01 -2.236299952359659424e+11
-3.987572643900651581e+00 1.726499865740219519e+00 -1.202336768571885300e+10
1.498216265922405477e-01 7.599193350997630603e-01 2.331793765623914719e+09
9.299863176236723428e-01 1.975622194756975758e-01 2.141506438074376221e+11
-1.609684012564153721e-01 3.775352407204628058e+00 -1.015023869998416156e+08
5.717214215881011974e+00 2.251590808347144479e-01 1.013575604561550171e+12
-2.950937824527079534e-01 1.436133068056111517e+00 -1.285941798400971174e+09
-1.614281814332551301e-01 8.293851503184601626e+00 -2.109198539812861755e+07
-8.571104148457459715e+00 2.252171209450505029e-01 -1.518744037260873535e+12
3.432551059007058480e-01 1.082816153444312812e+00 2.631226124803799629e+09
-4.229148898933766110e-01 1.556099574185949852e-01 -1.569743981247179260e+11
2.604579857828827727e+00 1.789415245708215529e+00 7.310818962826478004e+09
-2.076564240609836354e+00 2.573473419464171741e-01 -2.818101398529556274e+11
3.345592664597573096e-01 2.533048846540831289e-01 4.686369763204549408e+10
-4.801282720221728972e+00 1.359563720848499413e+00 -2.334580017047352982e+10
-3.630438581456058689e+00 1.511285977501067190e+00 -1.428618950582823563e+10
-2.634896714205099411e+00 1.152694294922631313e+00 -1.782321011033650589e+10
-7.696380708799709369e-01 3.285331061228676575e+00 -6.408831911148799658e+08
-7.895190403917862199e-01 5.416460456899016007e-01 -2.418700378823849487e+10
-5.129762747084143371e-01 6.027142294181659921e+00 -1.269185226095681638e+08
3.207950308903154024e+00 3.685515426348540124e+00 2.122666588806011677e+09
-5.182660640126979246e-01 1.339936691824256676e-01 -2.594387428382956238e+11
-9.442190086372448832e+00 1.009816659721138432e+00 -8.322202804440670776e+10
5.657608906137082450e+00 1.286384761198821891e-01 3.072852878089564453e+12
-1.732489227691339062e+00 3.287754731350801540e-01 -1.440530103585383606e+11
7.600721296602762633e-01 4.369078166910378425e-01 3.578704150683160400e+10
-2.766239486986324936e-01 4.090629749728483588e+00 -1.485798959055949152e+08
-4.304814708773065490e+00 9.017517044645249058e+00 -4.758073401748606563e+08
-7.330118226658428604e-01 6.518137563440856930e+00 -1.550652750928279161e+08
-4.444969536962319445e+00 2.093235947668079522e+00 -9.117652553347360611e+09
-6.290694536919089197e-01 5.706087036562880854e+00 -1.736490581178985238e+08
1.189478447084004076e+00 2.062474633766807619e-01 2.513216855342538757e+11
2.702018848970761389e-01 1.886381576984396569e+00 6.824642400056636333e+08
1.086483889093455002e-01 5.387857743215074713e+00 3.363889089309570938e+07
-5.493657669871071292e+00 7.235356640723790145e-01 -9.431750979795201111e+10
-6.379570638942893002e-01 6.650246372342568657e-01 -1.296482320941477013e+10
-7.720552520640868721e-01 1.793083322931712242e-01 -2.158231651753474731e+11
-9.816211690007868640e+00 5.147220223946180617e+00 -3.330036808279869080e+09
2.845583465034610793e+00 1.726684871574725999e-01 8.578192326652775879e+11
-9.283458745556893987e+00 1.060633721288340020e-01 -7.417022024477786133e+12
4.458625420219228253e-01 5.858005424805857730e-01 1.167755891517249870e+10
5.553148846177531794e+00 3.775420940831979433e-01 3.501540646181849976e+11
-3.263890304174595913e-01 6.393860058234039911e-01 -7.175628054097952843e+09
8.615886849641563927e+00 6.193097744342836108e+00 2.018992642412598610e+09
1.029085620912424393e+00 3.110602142626210931e-01 9.559016135647491455e+10
-6.164926656806006822e-01 2.950197312472194078e+00 -6.366143244790174961e+08
3.038017202205963052e+00 3.261554722074515578e-01 2.566796911372725830e+11
-5.989746201455638186e+00 1.115076892649976836e-01 -4.329616268351406738e+12
4.398161198780596304e-01 2.082218815353690800e-01 9.117358420944277954e+10
4.461010799629986145e+00 4.876855092140658932e-01 1.685792782413582153e+11
-5.757208898360937965e+00 5.883192095670158883e-01 -1.494984012298896484e+11
1.307388256857109132e+00 1.105368133070699505e-01 9.617037688100421143e+11
-1.000630097926157869e-01 1.549324994528509691e+00 -3.746615502712993622e+08
-6.341387836264884559e-01 3.908563474779043201e-01 -3.730788204997953033e+10
-1.654162701960829873e-01 2.766883484627007839e+00 -1.941990496601511836e+08
2.407237455102586299e-01 3.678368253765191831e-01 1.599039304849314880e+10
1.730228822302972702e-01 2.012732769813792455e+00 3.838680137832008004e+08
5.097673941768540162e-01 6.240324554282186131e-01 1.176544388408255959e+10
6.267711073103074959e-01 4.776911435205982492e+00 2.468682325374221504e+08
3.726768687477773234e+00 4.744143127194605514e-01 1.488221212228622437e+11
-8.236324280552715926e-01 7.308772499535539424e+00 -1.385782804475368261e+08
2.711614674990643348e+00 3.986176692479125983e+00 1.533788591164170980e+09
4.328607297726057013e+00 4.451658816661235862e-01 1.963157131530980530e+11
-3.466721641612666271e+00 2.808089797229560425e-01 -3.951369168418909302e+11
-3.971462004265357670e+00 5.166146739676046984e+00 -1.337419203443433046e+09
9.095084813908753674e-01 3.185618645055906528e-01 8.055078970613037109e+10
3.340481773319031178e-01 1.447507468690716892e-01 1.432907310281456299e+11
-4.254194885824396088e-01 4.451104475410748051e+00 -1.929889411615944505e+08
9.352776215417136996e+00 1.676992438649258510e-01 2.989020905496162598e+12
8.428712589377445497e+00 1.608006823645779626e+00 2.929787277021196365e+10
-3.373734138160572549e+00 8.825128267597346365e+00 -3.893313910270088315e+08
-7.454771759012579935e+00 5.522945063268561938e+00 -2.196562287588141441e+09
-6.459063736205372663e+00 2.039461610682163917e-01 -1.395690487789253906e+12
-4.245756428205570976e-01 5.321293666721754079e+00 -1.347631767793341577e+08
-7.159787908281344038e+00 5.303456594457189865e+00 -2.287877347615272522e+09
3.152808991358499124e+00 7.387772453339015222e+00 5.191839493445491791e+08
-4.920962501226495145e-01 1.745885731397626428e-01 -1.451005446813008728e+11
-7.117173167075923068e+00 7.668800672909555693e+00 -1.087685281057852507e+09
1.530994099791054941e+00 5.055447885212925208e+00 5.383997627103738785e+08
-2.305996935026021211e-01 1.686371892783550541e-01 -7.287903842722048950e+10
-5.752596467217794274e-01 2.380205336970913355e-01 -9.126109582022158813e+10
-1.896562939796803127e+00 3.725076344130957118e+00 -1.228421821095238686e+09
-1.138666072090284004e-01 1.071388627458084303e-01 -8.915648429103428650e+10
-8.070764164142033570e-01 2.354507001216101791e+00 -1.308474619264959335e+09
-1.031748754701635518e+00 4.682775383966086280e-01 -4.228807521627178955e+10
1.579648190953855780e+00 1.775746130862539407e-01 4.502453524942418823e+11
-7.936220531233951769e-01 1.573346336645686350e+00 -2.881480462631630898e+09
-4.173521977071606770e+00 3.214164182788579738e-01 -3.630924418414869385e+11
3.776404496188030535e-01 5.527725710043855933e-01 1.110800725195570564e+10
-2.435282441141986887e+00 8.217621189804482640e-01 -3.241214108066249847e+10
5.447116286664614115e+00 8.710253400581670746e+00 6.452911153527020216e+08
-6.346680956758802283e-01 3.891460665619285719e-01 -3.766795088609028625e+10
7.208626349558400204e-01 7.834553211015767848e-01 1.055539923483935356e+10
-4.808652018950837714e+00 8.430085936602900176e+00 -6.081489550274097919e+08
1.935255854755471849e-01 1.359754393193008948e-01 9.407366567232542419e+10
-2.853551348621527595e+00 1.693479592794808974e+00 -8.942858830070089340e+09
2.180995945678633474e-01 5.148414869361061186e+00 7.395344414931116998e+07
-6.813971503938933694e+00 6.264256730750985547e+00 -1.560672704305872440e+09
6.634184702324289695e+00 5.438100352885607558e-01 2.016247034227192993e+11
-9.711315231093606837e-01 4.527627030186091583e-01 -4.257820826519301605e+10
1.306721864160205471e-01 6.649661704887366298e+00 2.656040378008916602e+07
6.849840214638427405e+00 1.108063747339727900e+00 5.014199009129203796e+10
-5.220621819373234551e-01 4.689510150511956965e+00 -2.133624020493069887e+08
-2.655739430832229075e-01 2.205743326454940034e-01 -4.905984053659915161e+10
-1.472640569305203595e-01 6.761663980129521967e-01 -2.894944281461300850e+09
2.453147086224343631e+00 1.367331891834795976e-01 1.179305488903406494e+12
-6.330645718361631147e+00 1.799783517847271641e+00 -1.756540176084731293e+10
-4.799629452241934713e-01 4.880609277024274273e-01 -1.810965787715418243e+10
-2.846626198580675671e-01 5.197733137743639098e+00 -9.470068142515259981e+07
-2.775734417509871377e-01 3.090582928436025334e-01 -2.611846960186902237e+10
8.915111203360692738e-01 1.121954175151697486e+00 6.365421181923349380e+09
-4.040240757372933089e+00 6.967272174276409880e-01 -7.480528999291862488e+10
2.661578730276802918e-01 7.692209535245686070e+00 4.042850890217042714e+07
3.601955146960282295e-01 3.757150332041269691e-01 2.293357572976488876e+10
1.413834486538860236e-01 7.470088047384407792e-01 2.277182028660579205e+09
2.973813060249401286e+00 1.247675693810418041e-01 1.716962672720352539e+12
6.695578339976218096e+00 2.971120962829140399e+00 6.817074607447694778e+09
-6.531013674422017523e+00 2.391641336333437451e+00 -1.026216774597502899e+10
1.126875427834140408e+00 2.070570752165111994e+00 2.362361613636003494e+09
1.053828226433109361e+00 5.316662310796242075e+00 3.350752045906963348e+08
-4.496270598518204764e+00 2.290491132424172349e+00 -7.702750471967884064e+09
1.057180787714608050e-01 7.640944675516510465e+00 1.627442937682099082e+07
-4.955131475049618928e+00 9.916796175474754671e-01 -4.528590241261826324e+10
-1.305713755741658488e+00 7.616678702158227843e+00 -2.022866982795290351e+08
3.128780660744672648e+00 8.497863124858346939e-01 3.894092590728483582e+10
-3.277335539752577187e+00 1.361069030311233274e-01 -1.590051612185398926e+12
4.505700132916551914e-01 1.284149010548923109e-01 2.455738167748220215e+11
-3.119550318784146126e-01 5.506108980967413302e+00 -9.248110443042542040e+07
-5.879041267134541560e-01 7.085771036574077808e-01 -1.052404986970739937e+10
-2.627196129487293419e+00 9.675084601441882315e-01 -2.522513919330899048e+10
-8.500744247859998382e+00 8.310713274903680503e-01 -1.106193164090303497e+11
-3.232484777613413574e-01 1.016376839591341064e+00 -2.812403219792858124e+09
-3.474564101179187792e-01 6.236022979737513294e-01 -8.030369572993873596e+09
1.553343832885342723e-01 6.408681537163298803e-01 3.399232214377252102e+09
-4.838115406287996079e-01 1.049868632908093957e+00 -3.945090052727520466e+09
1.533200134745854037e-01 4.388799012685798973e-01 7.154150663337291718e+09
1.125476331521990253e-01 4.970174649687934543e-01 4.094903624031020641e+09
-3.846685810323308696e-01 1.310169413989527465e+00 -2.014106451743775368e+09
9.419431107067172126e-01 2.196364668283124821e+00 1.754956656118227243e+09
8.825818254889757242e+00 2.712200407197292051e+00 1.078355715917914581e+10
3.444660346283307639e+00 3.674449575388981093e-01 2.293044273911562805e+11
8.110661127900923306e-01 4.925073404158369250e+00 3.005255907036836743e+08
1.349324261579954443e-01 5.024491550049831723e+00 4.803775548548556119e+07
4.676380061140111621e+00 1.612639516735725753e-01 1.616165467685981445e+12
7.265656509475201252e-01 5.499389598829685921e-01 2.159218063706346893e+10
2.303208233340791722e+00 1.048674909565776442e-01 1.882357324084947510e+12
3.318886872581355285e-01 4.647931069559357309e-01 1.380777527803410530e+10
-1.377367707000030750e+00 1.642868347911078386e-01 -4.586643546745394287e+11
3.836926998062281657e-01 1.722602604832720874e-01 1.162154733541861267e+11
2.944293578877879458e+00 2.014508505484512157e-01 6.520689482124422607e+11
2.281964641908915237e+00 1.459541574893585825e+00 9.627789548915616989e+09
7.926962106698492994e-01 6.265164510076521864e-01 1.815066086001234055e+10
-1.430727597253776517e+00 2.415370340851991093e-01 -2.204144762061466064e+11
8.596463576872716006e-01 3.606861068698548056e+00 5.938976643589584827e+08
4.056653696087615946e-01 1.961427820569528746e-01 9.477065698276826477e+10
6.287883687267187272e-01 5.639475737988942861e+00 1.776960003822696805e+08
1.359298152806824034e-01 3.623889368239743280e-01 9.302838538205240250e+09
-4.046596608195036637e+00 8.051555952272437366e+00 -5.610233032117373943e+08
2.068571566855278154e-01 7.076477149612937723e+00 3.712675156360092759e+07
-1.977846259283029262e-01 1.927619784618199439e-01 -4.784101645353179932e+10
2.847174252299697894e+00 2.868922686382067599e+00 3.109044773735207558e+09
-1.681007535727254976e-01 5.129782605283544683e+00 -5.741460185526921600e+07
-2.851164110010223851e+00 6.771344918578076078e-01 -5.588856528857386017e+10
6.624485704913093187e+00 6.173743089340706369e+00 1.562088659568838596e+09
2.607164625409411629e-01 7.274885190272117885e-01 4.427583757484465599e+09
5.916555973721015604e+00 1.052252744991575562e-01 4.802633668661927734e+12
-1.259166309676699458e-01 4.687580842424493355e+00 -5.150343227736233175e+07
3.619608070506750597e+00 4.506047045004596407e-01 1.602214740474220581e+11
-3.056362609793077834e+00 3.587638677460695202e+00 -2.134214674065443277e+09
-6.248185018474253782e-01 4.325500451775286415e+00 -3.001454582720425129e+08
-7.580627661551194940e+00 7.996581633198367456e+00 -1.065484249150628090e+09
-1.216038334954689798e-01 2.163391659534175115e-01 -2.335218821208070755e+10
2.082992608942461077e-01 6.931656270157602329e-01 3.896406956803509235e+09
3.914748000874749057e+00 1.553368360870086784e+00 1.458161136329379654e+10
-1.771426369480323171e+00 2.606353231650546665e+00 -2.343727822117493629e+09
-8.603533111667319488e+00 9.152700295018730614e+00 -9.230579552305938005e+08
-8.486395166953734304e+00 2.475425882152200163e+00 -1.244726724841333580e+10
-2.757317548155572839e-01 1.473155967452401682e-01 -1.141931214355739899e+11
1.661469259752310634e-01 2.416841955411485721e+00 2.556503700841933191e+08
4.108947858363176664e+00 7.328973456942492248e+00 6.875352206811323166e+08
7.902216918651545186e+00 2.716309493970272104e+00 9.625893718804300308e+09
-2.371623938607533510e+00 3.646263539145484067e+00 -1.603246624512346268e+09
1.255657701412473681e-01 1.162157382327918959e-01 8.355876113761740112e+10
1.314022445323138388e+00 5.490796548162786284e-01 3.917262706851378632e+10
8.087503462495119422e+00 1.705010588166024244e+00 2.500408331399165726e+10
1.047987998286539435e+00 1.219517891377045249e+00 6.333307504386798859e+09
-1.036350106191337994e-01 1.048737766893686363e+00 -8.468827728028663397e+08
6.395819147330086274e-01 5.384561167650542934e+00 1.982650498281136751e+08
2.687687893489382196e-01 7.568951515849285938e-01 4.216557303304114819e+09
-2.922781900381399289e-01 2.024010008653058246e-01 -6.412416399249552155e+10
3.023665724318924664e-01 5.293615267046055672e-01 9.697943439327512741e+09
-3.209112890037219223e+00 8.856567924874957365e-01 -3.677093708551372528e+10
4.640723769870376270e-01 3.149066209889033185e-01 4.206033749970681000e+10
8.113169685493486494e-01 7.122520740643353498e+00 1.437387065404013395e+08
1.576717371594167361e+00 3.389228381194965500e+00 1.233680788807031631e+09
-2.805220158859905166e-01 3.309571346402012004e+00 -2.301834387404012084e+08
3.620756244088110254e+00 6.691105988598560206e-01 7.268655538437861633e+10
-1.052692179947936735e+00 4.313653722383483657e-01 -5.084654598185678101e+10
-1.136328499392265240e-01 6.060697583892327156e-01 -2.780412863078367710e+09
-3.402008364778914551e-01 1.302636438163693677e+00 -1.801936783306212425e+09
-3.355086559121061018e-01 2.058470606896886379e-01 -7.116476300936831665e+10
-1.797649614737630575e-01 1.207340524536899273e-01 -1.108398956622501831e+11
-1.152219050263945666e-01 3.072374899925764957e-01 -1.097077360156215858e+10
-3.612336775028888725e-01 5.264127458494014533e+00 -1.171618062493688017e+08
5.581380640384931091e+00 2.194126422745399374e-01 1.042002989816770264e+12
7.080231633036958350e+00 2.583926178135938390e+00 9.530987076827423096e+09
-1.620235817424212632e+00 1.691363883911306265e-01 -5.090433184467501221e+11
7.205258053009042207e+00 6.902047092201808454e+00 1.359390784852923870e+09
9.375072466308541408e+00 8.204097919093142011e+00 1.251882536926226377e+09
-7.390063033125848335e+00 1.080861082793375116e+00 -5.685373501172047424e+10
-8.257169332103858395e+00 1.354873522352283699e-01 -4.042818998549372559e+12
7.778380997720616419e-01 6.062823191945236445e+00 1.901910270372283757e+08
1.978327208682756910e-01 2.224299579287955186e+00 3.593868506565843225e+08
-1.548557949399637368e-01 1.137916474310367798e+00 -1.074873387071446657e+09
-7.776179750573339433e+00 4.246366076261283706e-01 -3.875984627952777100e+11
-1.830550764848867529e-01 3.111747818900446383e+00 -1.699118263068842590e+08
1.650811839178691898e-01 2.355942372462605794e-01 2.673122533208417511e+10
-4.359353296132880695e-01 3.786252643690616981e+00 -2.733087313513595462e+08
7.639104899821043126e+00 1.608655061887672932e+00 2.653183161388588333e+10
-1.226053009524502135e+00 2.777755885363034083e-01 -1.428143058045872192e+11
-1.745373116808060232e-01 4.389862046090295067e+00 -8.140238993712030351e+07
-6.521385681496801867e-01 1.310203968495588622e+00 -3.414386517616323948e+09
-9.427614662024453196e+00 1.398528871388199146e+00 -4.332210679727845764e+10
4.993515513246926107e-01 5.299498068787640292e-01 1.598039630253877640e+10
4.722586510272842375e+00 1.934656773070855929e+00 1.134025144906584549e+10
3.308517200131346203e-01 1.093028771475561767e+00 2.488976678317093372e+09
-8.737465381667938402e+00 2.949919009354396993e-01 -9.024349392770723877e+11
-2.176483069198381082e-01 6.257193657745298232e+00 -4.996279420494370908e+07
-6.008785447744112496e+00 2.535677586868722022e-01 -8.399419105167042236e+11
-5.107801909020466269e-01 3.053270705131322371e-01 -4.924408164751451874e+10
-4.092672002623418126e-01 7.133992559777305731e-01 -7.227569137773610115e+09
1.618297323672437171e+00 2.169739641217972026e-01 3.089539036810615234e+11
1.509379130065521823e-01 2.948500578031392205e+00 1.560438024572961926e+08
3.303508398468028240e+00 2.368217554990161844e+00 5.293986644866191864e+09
-1.024909210877036569e+00 1.089719397738007772e-01 -7.757229691617617188e+11
-4.983667695358759420e-01 9.051195702687244715e-01 -5.467487317862523079e+09
-4.192259109681628182e+00 8.101857137084516935e+00 -5.740233696377705336e+08
1.300715168951326051e-01 2.753365564586044978e-01 1.542073486687818146e+10
2.346014565586460154e+00 1.167991147350590841e+00 1.545618190314012718e+10
-5.878819691694939786e-01 1.413586075451939705e-01 -2.644211815775341187e+11
1.729789317105514312e+00 6.856065420052671611e-01 3.307454840478627396e+10
-1.021031541100076018e-01 9.724680166207576804e+00 -9.703739361579488963e+06
-4.590877955629842910e-01 2.731049234708819107e+00 -5.532065413984490633e+08
1.312178003314717234e+00 2.415715798325394292e+00 2.020931961834169865e+09
-8.453757625447696711e+00 2.874581740640999583e-01 -9.194986274389200439e+11
6.440899182978555571e-01 8.023253672835275907e+00 8.992823557927122712e+07
-4.515798344789073937e+00 3.653335578355916824e-01 -3.040927217780408936e+11
-5.400819848593298111e+00 1.704608430345071757e-01 -1.670556026632723145e+12
-6.090935638448047307e-01 1.090527791494368265e-01 -4.603213870252088013e+11
-1.721232070547986881e+00 9.921591997924004147e-01 -1.571546805865456009e+10
7.356908520775840898e+00 1.051463090531203487e-01 5.980781132771868164e+12
3.646213016895241688e-01 3.620097812908770751e-01 2.500645018126852036e+10
5.469607276934639328e-01 1.387602708836050969e+00 2.553150907001328468e+09
-5.761496968640151373e+00 5.664393869742642140e-01 -1.613909090685308533e+11
-3.527296353199144141e-01 2.814873002421599768e+00 -4.001059006165212989e+08
3.840731745183215917e+00 5.278513756700952131e-01 1.238914334663456268e+11
-3.409636670059041474e+00 4.271628290451817911e+00 -1.679468308908603191e+09
1.877274480442867044e-01 6.788599646071532545e-01 3.661154028252659798e+09
2.046582457409376055e+00 1.769070908474865034e+00 5.877455964262062073e+09
3.236235631726072981e+00 2.640135788701146957e+00 4.172902379970494270e+09
-8.022976372031559222e+00 5.965608600210297041e-01 -2.026173444884400024e+11
8.200918215077045659e+00 3.744284743962102091e+00 5.257452558077520370e+09
1.812195945490319426e-01 1.095628996106689929e-01 1.356840311236299286e+11
-7.311172954587425110e+00 4.919312275723226602e-01 -2.715369225347687073e+11
8.162457882763877182e-01 8.233861878466725015e-01 1.082092574125490189e+10
-1.986839410606020262e-01 1.446828573401299778e-01 -8.530593161990176392e+10
-3.435014985495859485e-01 1.493328948566407244e-01 -1.384421343640856018e+11
5.472051283835855928e-01 4.224652536301801709e-01 2.755616562007621384e+10
-3.644041302498121637e-01 5.705644507032496371e+00 -1.006061409377692938e+08
-1.227071344565398459e+00 6.461879763737580440e+00 -2.641208504140512049e+08
1.009571853786499718e+00 3.890748205354834233e-01 5.994067108915890503e+10
2.126384447754781970e+00 2.884392041349426172e-01 2.297120768770677185e+11
4.119750798977003248e-01 1.265742570322510308e-01 2.311164144899175110e+11
-1.669706204208357692e+00 1.406666178595504801e-01 -7.584179236753569336e+11
-1.214461436815547302e+00 4.528814599480703307e-01 -5.321882278231800842e+10
-1.534600731816659680e+00 1.151936023690073974e+00 -1.039415764985309219e+10
-1.170173940479876107e+00 3.843204290303631754e-01 -7.120559167170695496e+10
-1.950483916908356763e+00 9.022993213526692813e+00 -2.153236487434271872e+08
-3.804408217410367943e+00 5.573753827983062514e+00 -1.100632067729762077e+09
-1.405705748464471383e-01 7.856771953871325209e+00 -2.046712036787096038e+07
3.268466413105810542e-01 1.927852585941816355e-01 7.904001248493281555e+10
-1.106665748124221693e+00 3.311012328785165604e+00 -9.072886774000570774e+08
1.042257525790360351e+00 8.471187463493267344e+00 1.305380355802691579e+08
7.492830771459887407e-01 1.252297858996240132e+00 4.294190098026972294e+09
1.025809506021791301e-01 1.713492027185923028e-01 3.140170010124069214e+10
-1.137644015281844417e-01 2.186231066986292770e+00 -2.139266458408531845e+08
8.100663419312400748e+00 1.188199267029427464e+00 5.156946735964290619e+10
6.352460170693182695e-01 3.442144370996057523e-01 4.818750115792301178e+10
1.270368964874310613e+00 1.191668477583621488e+00 8.040250707648804665e+09
-3.080586061833940459e+00 5.844378313907991895e+00 -8.106013510495119095e+08
-2.841105911328527522e+00 1.276619835523363777e-01 -1.566804701477626953e+12
2.798157379782259202e+00 6.181850155501076305e-01 6.580907826965928650e+10
-5.847225737380487232e+00 8.856875451681430533e+00 -6.699453911578792334e+08
-1.282281204549708953e+00 1.097069071509261945e-01 -9.575599019053892822e+11
1.356425683667823456e+00 2.392560965692243913e-01 2.129710621239425659e+11
1.941752409094685550e-01 1.279228739740539078e+00 1.066468556076046824e+09
-6.294939522163415901e+00 4.690157783418117399e-01 -2.571978144965151672e+11
-1.803277517141841368e-01 1.357196580647171746e+00 -8.798885631851372719e+08
9.191882060700609092e-01 7.507058650074409645e-01 1.465937463972322464e+10
-1.894272782718096904e-01 3.218269307007401103e+00 -1.643797709366538227e+08
-1.547825890967952089e-01 3.717885230819679698e-01 -1.006423495137735939e+10
1.351987709642954449e-01 1.991513880385915591e-01 3.063773719832759094e+10
6.869937440629214631e-01 1.191569303824344228e+00 4.348753457862503052e+09
-4.364160306383370602e-01 4.051748646692679978e-01 -2.389276006058502579e+10
4.317259599660252078e+00 1.319673570335533563e+00 2.228054163454587936e+10
-4.292290946267306673e+00 1.689604811752960734e+00 -1.351355131970133591e+10
-5.616611537987606928e-01 4.167699041179743880e+00 -2.906245555096247792e+08
8.188521901758305077e+00 5.365026858043078661e+00 2.556891694260933876e+09
7.443839572770232227e-01 1.484643248195802734e+00 3.035312483163554192e+09
7.677445356433888479e-01 1.259581189406088486e-01 4.349256486955643311e+11
2.361762522753840243e-01 1.429122930178477802e+00 1.039316136233954191e+09
1.114629736980128905e-01 9.249397787473780497e+00 1.170993080219677836e+07
7.408016772220404000e+00 7.594004513420472557e-01 1.154545022915411072e+11
-3.393831206406863754e-01 3.894284571804885520e+00 -2.011339992048870027e+08
-1.085463182022962547e+00 7.485557038725317858e-01 -1.741074951898543167e+10
-2.013863247886539254e-01 3.862997287692981452e+00 -1.212918969286947548e+08
-3.874175110860443638e+00 1.966539920799863783e-01 -9.003768725815247803e+11
-1.001024604854375277e-01 1.285863163831406197e+00 -5.441339959770134687e+08
1.087330413183501959e-01 6.770328168830016535e-01 2.132027065611627817e+09
6.431478443105391740e+00 1.301025240323495646e-01 3.414994373263798340e+12
8.368780934810446936e+00 2.770672563633428953e-01 9.798112231225681152e+11
-1.342717902664573026e+00 5.906521527827771401e+00 -3.459169279798003435e+08
1.278981785546731365e+00 2.568377407144235014e-01 1.742598339928951721e+11
-2.630827534958617986e-01 3.424991245150275976e+00 -2.015691505379560590e+08
1.867158051860398904e-01 1.460929476838782326e-01 7.862726992979399109e+10
-2.670826705950633539e-01 2.015862444304752810e+00 -5.907102958625527620e+08
-2.759706908304549788e+00 1.034746129757794925e-01 -2.316572826200579102e+12
6.730608703421057548e+00 3.964141281491460056e+00 3.849521171752274513e+09
-3.719499131874650644e-01 3.943232931711898037e-01 -2.149959186994865417e+10
-2.569547453569211992e-01 3.427700087046142485e+00 -1.965629357132150531e+08
2.556897302277594264e+00 4.629029006369779209e-01 1.072467398110631104e+11
3.565126287159155805e+00 2.704205413518245393e+00 4.381735730732613564e+09
-3.675876801788272807e+00 3.885879232939293271e+00 -2.187927702833113194e+09
-1.073820831912985163e+00 1.123618311537828207e+00 -7.644425046388768196e+09
-1.508229749335853631e+00 1.784716100275388906e-01 -4.255786554528287354e+11
-6.125592183330570428e-01 9.349406756843889887e-01 -6.298405082277597427e+09
-3.221757208489438362e+00 2.084585117468939208e-01 -6.663526995543645020e+11
-6.782057566446530572e+00 3.442296792119760696e+00 -5.144171818225157738e+09
3.779286014220554213e-01 9.811463561156376301e+00 3.528521663375339657e+07
-4.455599785982193306e-01 1.327310346410053299e-01 -2.273064886879852600e+11
-2.560882965050469973e-01 7.013505058650467028e+00 -4.679183968602088094e+07
-5.264689272361428030e-01 8.418188090430814841e-01 -6.677072807715337753e+09
4.737986997393933031e+00 1.223473217734406981e+00 2.844824955304463959e+10
-8.064060236673261883e+00 3.289534639371274327e-01 -6.697850561995332031e+11
-7.591116342199668576e-01 4.012162955154409794e+00 -4.238372649663038850e+08
1.373088272001048438e+00 1.078883179262808856e+00 1.060230349247689819e+10
-9.345996223306131112e-01 1.802368938380842556e+00 -2.585763680187842369e+09
1.305263191967596770e+00 3.007842975839609134e-01 1.296696650823814545e+11
2.783394842091758470e+00 9.305540156717790889e-01 2.888964872816972351e+10
1.889583659776454816e-01 8.431232456665107122e+00 2.389101584553884342e+07
-7.276134615984534371e+00 1.018722212031655666e-01 -6.301439814252997070e+12
-1.370984443622031701e-01 4.003144953338781953e-01 -7.689188593201525688e+09
4.653234302882101936e+00 1.135010421090151045e+00 3.246428492176126862e+10
-7.949219074460648571e+00 1.353273307774545686e-01 -3.901252434842702637e+12
-5.510389187592669158e-01 1.709283727533910391e-01 -1.695136109815985413e+11
-2.243680809497296202e+00 4.482120684696941360e-01 -1.003794009502675629e+11
-1.533350952492934516e-01 5.803902220170613191e+00 -4.091212252526678145e+07
4.453961582431919197e+00 6.996439197690865974e+00 8.177921859348226786e+08
3.996753407613476972e-01 1.559056366839794150e-01 1.477863550340022278e+11
7.599806724631135602e+00 1.306221923220994618e+00 4.003310068646588135e+10
2.552901486203216219e+00 3.278718847117762625e+00 2.134402496413500786e+09
-7.118144601943667826e-01 1.753635376626193898e-01 -2.080361598409507141e+11
5.626675203878821918e+00 7.621044432573179428e+00 8.707098901020731926e+08
1.319347731518797084e-01 5.679228868648401596e-01 3.676471058023317814e+09
2.314407550865853758e-01 1.713684032635031995e+00 7.083191044129507542e+08
-2.221934056405012292e+00 3.204601950465641447e-01 -1.944614852963910522e+11
-4.112671331786782458e-01 1.762695840345711307e-01 -1.189651791256794281e+11
-3.918591770780018302e-01 2.472407088846006573e+00 -5.761567844137883186e+08
3.898644618067852008e+00 2.968690062750528824e+00 3.975891732593062878e+09
-7.056125427926209781e-01 3.085871655822672310e-01 -6.659800069472426605e+10
1.638472958042577199e+00 2.817530606469665688e+00 1.855037150175267696e+09
-1.598554892151392792e+00 9.594735080451940457e-01 -1.560674003672533798e+10
1.589267048096237034e-01 1.098729636920434960e-01 1.183220862856959686e+11
5.932794452654380768e-01 7.140180321905450489e-01 1.045903366172802353e+10
3.338799848855453334e+00 1.707600967922165980e+00 1.029125214398544312e+10
2.570216881114817387e+00 5.479131373024715979e-01 7.694793381585813904e+10
-8.368312311162767969e+00 1.065490136788757258e+00 -6.625057175888154602e+10
2.007050154542494358e+00 6.329093398086949041e-01 4.503247685280548096e+10
-9.815279824568561295e-01 2.712525528313802226e-01 -1.198962598390910492e+11
2.029982601504907169e+00 3.750253761322950297e+00 1.297243858844731569e+09
-2.179826593017304415e+00 1.331585305340104441e-01 -1.104929521209357178e+12
-3.681539105263864631e-01 1.657115204404330522e-01 -1.204965554117017365e+11
9.867405621453276154e+00 3.985159507628254216e-01 5.584215654154415283e+11
-1.683324133162084901e-01 5.313905502550112514e-01 -5.357852013226436615e+09
-1.950693846731365311e-01 1.708701190989497798e-01 -6.004923624818518829e+10
6.302630984960689853e-01 1.682460508716968839e+00 2.001164270914957762e+09
5.107051564317454107e-01 8.924631093337701770e+00 5.762889796275779605e+07
1.230138777999917055e-01 2.418473472118026213e-01 1.890262294101499557e+10
-3.786837529180295259e-01 6.301724297048469481e+00 -8.570546063948109746e+07
-1.388557195002126099e-01 4.044481041002611632e-01 -7.629371867199770927e+09
-7.983656057522552363e-01 4.383702547235388547e-01 -3.733965334687953186e+10
1.421714938842647269e-01 1.061003450995620795e-01 1.135088051815718842e+11
-2.066961108390212409e+00 1.928571883821744437e-01 -4.994721315492647095e+11
-2.327035571746152165e+00 1.689602836713177958e-01 -7.326294636890800781e+11
4.217485691683044990e+00 8.745620716272087591e+00 4.955904839410496354e+08
-2.535221708934380036e+00 1.258783794519478805e-01 -1.438017850048532227e+12
1.880718280393471220e+00 9.525073473115615030e-01 1.863106562173844147e+10
-4.855970922946283963e+00 4.177698186995799645e+00 -2.500648053781851292e+09
-6.238712014715536158e-01 8.709031688463798604e-01 -7.392746518454631805e+09
-4.388175600701033297e+00 6.854704468411803475e+00 -8.393771562726602554e+08
7.426489060618358673e-01 3.120601224172462995e+00 6.854213293576940298e+08
1.745860921762278251e+00 1.389589964563747171e-01 8.126189100962844238e+11
-2.815997360155337303e-01 3.161817079797348828e-01 -2.531683314958459854e+10
7.706217421101124287e+00 2.324445075252331794e+00 1.281897495450681877e+10
-1.450129800152613890e-01 5.092698672333081156e+00 -5.025294696482732147e+07
-7.358176042088255819e+00 5.585718635666609977e-01 -2.119642804327992554e+11
-3.345012739814581804e-01 1.809379535417577900e-01 -9.183094350890232849e+10
5.575121018160250630e-01 1.246214769699765107e-01 3.226406836238177490e+11
8.465698765264638714e-01 2.024396632555461595e-01 1.856616547257887878e+11
-2.283948129033675778e-01 9.850386413086136272e-01 -2.115584224248563051e+09
-7.040288383566198682e+00 1.648713004219641398e+00 -2.327828282619853210e+10
-5.654914637629164798e-01 8.132417164421481104e+00 -7.684885040941424668e+07
-9.998411394927106954e-01 2.901843730186895454e-01 -1.067169927136413116e+11
2.621747978922246425e-01 5.943597383496015407e-01 6.670260490310173988e+09
-4.455786108146434721e+00 1.068947352825407177e-01 -3.504792584296645508e+12
2.176539934048640657e+00 1.180743985115420003e-01 1.403155407609270020e+12
2.348900667960404920e-01 1.273408804908122471e+00 1.301905833168820858e+09
1.233062012508302496e-01 2.613159527184736874e-01 1.622944582049382591e+10
-1.431499457092026084e+00 1.842635663477402430e-01 -3.789333776354850464e+11
7.408371565268703662e+00 2.271970048359349958e-01 1.289936022819841553e+12
9.414004543837348749e+00 2.591610725973667040e-01 1.259753241486243408e+12
-3.173798325684849542e-01 1.374830994896326375e-01 -1.509146205044287415e+11
-6.216278150157536153e+00 4.935730906964371223e-01 -2.293391026394899292e+11
2.353999369053480506e-01 1.186910780185882058e-01 1.501830125618193359e+11
1.653761039684442435e+00 6.076884160857360939e-01 4.024958984035939026e+10
-2.223663631447178324e-01 2.380116568869070193e+00 -3.527956781045315862e+08
2.602504893857194856e-01 5.872835433903150770e-01 6.781823929539826393e+09
-6.928650376146023859e+00 1.408093225107154067e+00 -3.140772268027116776e+10
4.887840452829949278e+00 3.227170077935409553e-01 4.218168570336544800e+11
-3.749484733024314398e+00 7.004190721147569576e-01 -6.869201901684406281e+10
-2.992131117255060202e-01 2.483242772180479729e+00 -4.361068205030260682e+08
1.737276371368137173e-01 4.284390740093143024e-01 8.506313551535718918e+09
-1.540484429914246167e-01 1.501431693020001346e+00 -6.141815605798333883e+08
-6.109280799802879969e+00 4.613490056748654755e-01 -2.579773204109459534e+11
4.802583264377601191e-01 1.045467099206964651e-01 3.949160469920514526e+11
4.043427857520052182e-01 3.771170216035952261e-01 2.555336196231154633e+10
5.098208928977904009e+00 3.858392857572692236e-01 3.077906038314150391e+11
-1.150023004192562426e-01 2.574545046423634687e-01 -1.559395067032787323e+10
2.299966531289608263e+00 3.001860886583041399e+00 2.293987306020163059e+09
5.424969297240179955e+00 2.805448416232140252e-01 6.195028768239722900e+11
-5.372553911703419338e-01 5.864384430207880250e+00 -1.404062810908285975e+08
-2.451095758431330596e-01 1.514641194025807325e+00 -9.602655934396555424e+08
-1.577089325568776512e-01 1.649782884991237708e+00 -5.207788315203645825e+08
1.122486213102421998e-01 6.065511376994803250e-01 2.742185250206739902e+09
-6.607829014767151454e-01 8.716631416273369126e+00 -7.816494930465415120e+07
6.936094195873312884e+00 3.764903395715561429e-01 4.398027359374102783e+11
3.767401326329643307e+00 8.325526298081474152e+00 4.885051096919840574e+08
1.137569486954989717e+00 4.474359133696244051e+00 5.107011941168377399e+08
-7.767850573909663714e-01 5.503243542844958869e-01 -2.305228688084934235e+10
-1.514427497965074587e-01 1.465694361805323920e-01 -6.335957720219779968e+10
2.624405586084099795e+00 8.994033872746088898e-01 2.915899383914042282e+10
1.767372025712952432e-01 9.553553969605998120e+00 1.740398387554352358e+07
-1.837569713889064260e-01 1.820538970750910535e+00 -4.983041255786523223e+08
1.532735502529172011e+00 1.182301849564815072e-01 9.855101405662294922e+11
1.841565288468205441e-01 8.109739247732824508e-01 2.516656587453337193e+09
3.910734007672058143e-01 9.719318585904707319e+00 3.720808001690424234e+07
2.032762071705419782e+00 7.635148883014414523e+00 3.134022766598209739e+08
1.378027864059892804e-01 3.773912851085442499e-01 8.696107173670043945e+09
3.832972767855553076e-01 1.387371795851054967e+00 1.789784032718559027e+09
1.068164004260653971e-01 2.538632683165261139e-01 1.489665716950533676e+10
-3.009254112291391836e-01 2.064100964402213745e-01 -6.348156247131265259e+10
3.463053235570723309e-01 9.789739753732418226e-01 3.247637087878005981e+09
-1.316559504309313677e+00 2.288148546653285376e+00 -2.260074108707576275e+09
-6.746391618701292892e-01 4.369478012601304417e-01 -3.175872432638961792e+10
5.195965175886014809e-01 4.995950996731274962e+00 1.871028962681151032e+08
-6.701005704923130857e+00 5.404947449326897413e+00 -2.061615422497997761e+09
-4.481373185632032907e+00 4.293695531853923275e-01 -2.184737379543789062e+11
-3.730492678170210796e-01 2.918529533680665367e+00 -3.936303944067014456e+08
7.992176664368128014e-01 3.197667959497240142e-01 7.025042612319689941e+10
-1.077847200948131162e-01 1.561966087189026742e-01 -3.970677507667143250e+10
2.368966398648152671e-01 1.597535172696059824e+00 8.342739088102266788e+08
6.318260474783213843e-01 3.327737220039090005e+00 5.128024552883801460e+08
-9.178748175185026392e-01 2.141276886225843334e+00 -1.799237172253419399e+09
4.351738106574151166e-01 2.816794824726636559e+00 4.929500796399380565e+08
-5.347800890801111429e+00 4.457999917925409283e-01 -2.418498015069801636e+11
2.455786228044981367e+00 6.554071922353036150e+00 5.138291896807601452e+08
-1.909983896045257257e-01 6.316363201664021432e+00 -4.302750209351892769e+07
3.291615597535961779e+00 1.992318890254433927e-01 7.453187113573696289e+11
-6.749233949787828424e-01 7.378450595481778063e-01 -1.114229758790109825e+10
-9.111865977459233434e+00 2.944838399705934417e+00 -9.443543964926191330e+09
4.348713369339879620e+00 2.976927536835809018e+00 4.410368475130330086e+09
-8.916154782824353475e+00 7.481690830207972986e+00 -1.431623115893499613e+09
-6.684500571440259442e-01 3.365766394727858213e-01 -5.303366527659109497e+10
4.540032880926778147e-01 5.427510558056453105e-01 1.385186539472634315e+10
-4.841254952340210416e-01 6.092115930059722295e+00 -1.172390401796745807e+08
-1.227524542557486137e-01 2.303117390267862330e+00 -2.079929684319284856e+08
-4.151592803119659170e-01 9.012943005499711724e-01 -4.593377293742494583e+09
3.591442546495291488e-01 7.763450618274462478e+00 5.355622430671973526e+07
-2.022304369079206687e-01 4.906399897231217722e+00 -7.550422484618958831e+07
-2.075911617984790292e-01 1.919475899681350350e+00 -5.064005288396115899e+08
-4.951031953126648233e+00 2.754008875751979613e+00 -5.866994436160042763e+09
7.665923174155986342e-01 1.048020069666938170e+00 6.273008584898780823e+09
5.379552238833384514e+00 3.058941095618406880e+00 5.167191049947271347e+09
-5.966076245603041395e-01 2.501808399391842186e-01 -8.567050463958175659e+10
2.540522716227859856e-01 1.084352040252951482e-01 1.941927889320232239e+11
-1.754151031288778695e-01 2.043827354657720419e-01 -3.774237162349663544e+10
6.117221724014024753e-01 6.777689832226939437e+00 1.196854783446506411e+08
1.745732074337958128e-01 2.987274492485132882e+00 1.758239159670583904e+08
-9.135766475831523792e+00 7.617193754589764998e-01 -1.415160189799865112e+11
-4.413443949583099601e-01 5.027409205694731709e-01 -1.569422092108531380e+10
-3.338147202009449366e+00 5.744781287821828286e+00 -9.090946540956183672e+08
5.481076391274155135e+00 1.667515685207769049e+00 1.771644653225716019e+10
-3.614816513120294172e-01 6.250605267965693379e+00 -8.315583495805044472e+07
2.866741630488536252e-01 3.094453172587512402e-01 2.690737562641292953e+10
1.484046019052967513e-01 1.169449811826275970e-01 9.752923325211254883e+10
-7.633820947535040480e-01 2.914237549350179313e-01 -8.078722456360762024e+10
1.190584507268457770e+00 3.579292528291852515e-01 8.352499485346786499e+10
2.487899877610459498e+00 2.055143270491581742e-01 5.294187404615168457e+11
-8.549265215044064004e-01 1.683089931519919480e+00 -2.712468880430385113e+09
-6.704820553777571801e-01 5.549905544906355015e-01 -1.956440270940390396e+10
-1.287860729185480169e-01 3.218895513269928177e+00 -1.117135260255254358e+08
-3.455804205277340224e-01 6.099387069157726771e-01 -8.348863444261550903e+09
-3.452699679302672076e-01 6.217279351040151170e+00 -8.028023964860507846e+07
-6.314062212025691956e+00 8.703807928832377527e+00 -7.491018638434582949e+08
7.366627644497041327e-01 1.017732751634558896e+00 6.392221790508423805e+09
5.779115726068282832e+00 3.064579303299608259e+00 5.530574935607545853e+09
2.666808989921772288e-01 1.185585714145970471e+00 1.705205063731917143e+09
-8.351238680752919308e-01 5.797793536558611960e-01 -2.232934700941543579e+10
-2.979219942514664821e-01 1.012152972233532289e+00 -2.613730918103726387e+09
-1.444257150144883650e-01 4.072818973311654211e+00 -7.825370885848562419e+07
-4.561515674171239265e-01 2.440101372600873564e-01 -6.885635854481211853e+10
2.579291874404496809e-01 3.064937506760493147e+00 2.467788071814453602e+08
9.257373428704804397e+00 4.024841971038277677e+00 5.136185907242671967e+09
5.531382152207333647e+00 6.816944609910006392e+00 1.069805316793287277e+09
-2.265987837107051206e+00 3.175863922059822819e+00 -2.019223636555924177e+09
-1.245311081961422567e-01 2.049871439695177822e-01 -2.663638123056942368e+10
-3.977400684350142601e+00 2.253510236640732245e+00 -7.039322979602882385e+09
-2.139333911271224409e+00 1.354403668248867765e-01 -1.048172957875544800e+12
-2.384982421468895830e-01 7.503664454877354117e+00 -3.807053590568086505e+07
9.581786491224336677e-01 6.653782036553382850e-01 1.945180768839197540e+10
3.709885929966332263e+00 1.786783336104829978e+00 1.044401261312439537e+10
1.046856758164519619e+00 2.426990479709973392e-01 1.597356060740467834e+11
4.323994522361183535e+00 4.478752106963575508e-01 1.937410738117368164e+11
-1.073890765415752152e-01 8.228943071211174409e-01 -1.425353578734709501e+09
-1.461036259201051513e+00 9.639585695825272360e-01 -1.413171516605696487e+10
-5.681298477110501288e+00 2.864132999966278348e+00 -6.224605932451455116e+09
-1.364869222077820798e-01 2.449349457076854808e-01 -2.044749709578139877e+10
-3.548817631354629354e-01 4.092869056596404320e+00 -1.904051099911307395e+08
-1.350119688183021083e+00 1.305504790614130384e+00 -7.119769752084661484e+09
-6.844362227191188808e+00 1.430256730103378615e-01 -3.007153547880362305e+12
3.896350392610998248e-01 5.387182053448690944e+00 1.206661119146411270e+08
-4.437763437718718507e+00 2.027333305456633095e-01 -9.704305405928125000e+11
1.693582913277528634e+00 1.125116106864004539e+00 1.202437183808793259e+10
3.922537252969764854e+00 2.842958386189957665e-01 4.361909891641203613e+11
4.180103727977940165e-01 2.208508376607896562e+00 7.702639554118218422e+08
-2.751618591531795222e+00 4.741216638948452800e-01 -1.100168620769668732e+11
-6.200085533216186384e-01 3.018291710902777925e-01 -6.116822485267146301e+10
-1.288991749421754263e-01 3.083367888028469395e+00 -1.218568831785212457e+08
-1.073341310607721921e-01 2.334306550534570035e-01 -1.770405236892354965e+10
-1.231281265967941296e+00 1.257684776975017404e-01 -6.996233272446126709e+11
1.928244096102791072e-01 6.335732450748180478e-01 4.317367023618083954e+09
2.401513651369307834e+00 2.454157140838210960e-01 3.583694196041882935e+11
-1.462717425180853625e-01 5.297244909227576404e-01 -4.685014603005405426e+09
-1.441059820742752517e+00 1.161145173391854746e+00 -9.606376090042781830e+09
2.132190336657588114e-01 3.613022439669233976e-01 1.468031151313478661e+10
6.868974180190162704e-01 1.055696550858232774e+00 5.539420028872086525e+09
-2.168784458448996533e-01 4.996588229157518657e-01 -7.807641965208306313e+09
-3.120540378938892800e+00 4.372654130493467406e+00 -1.466865085078225136e+09
1.200239365700992850e-01 1.049500361870221304e-01 9.793846652433586121e+10
7.540537621557272807e-01 2.388714315126062304e-01 1.187748539329306793e+11
-2.351864366817344898e+00 2.718841318778079663e-01 -2.859533361752442017e+11
5.664988642195785129e-01 1.114787424982667030e+00 4.096995996091937065e+09
-8.497657740167223750e-01 6.893798827335274382e+00 -1.607062035926888287e+08
-2.430644208693725883e+00 2.457822097801723782e+00 -3.616355544115742207e+09
1.285307122758924780e+00 1.438819222013584032e+00 5.580139681033728600e+09
3.436774370740191653e+00 6.250149689559115984e+00 7.907165009643297195e+08
2.616508787788967449e+00 1.774818686056973682e+00 7.465601957987664223e+09
2.112502245731607164e+00 6.638261311066814274e-01 4.308629090639110565e+10
1.693091963536547118e-01 5.024140154604022079e-01 6.028477918137024879e+09
-9.087610095219893935e+00 1.100014188446075014e+00 -6.749999331824450684e+10
-2.271138389980365879e+00 4.055998191986690316e+00 -1.240791218816750765e+09
6.735396154758492848e-01 2.809720463769838528e+00 7.668095868496328592e+08
2.436696014961277079e+00 1.079495732758078752e+00 1.879360572926417160e+10
-1.356200561589109732e+00 3.337974021546019077e-01 -1.093978113570792542e+11
4.566122959326596842e+00 1.247532859757881640e+00 2.636903479249836731e+10
2.978070841551241354e-01 4.230860565795385497e+00 1.495299600363795459e+08
3.027063872355813867e+00 8.235413819655648116e-01 4.011449687268182373e+10
8.091028544929553812e-01 3.194852723844405329e+00 7.124471704154169559e+08
9.020302313724293697e+00 1.211732877604930092e+00 5.521510827508089447e+10
2.598065766292457113e+00 1.121863803353413402e-01 1.855327095170989746e+12
3.407678186456872815e+00 2.715098909425607832e-01 4.154682894803456421e+11
-1.128311156006861715e+00 4.501893524394622315e-01 -5.003674639047393036e+10
7.176427841510590433e+00 1.813483967198328828e-01 1.961243421979976074e+12
-1.145375056124062901e-01 1.627670721521414787e-01 -3.885663933125765228e+10
-5.238023064141907881e+00 6.964780237351070546e+00 -9.705170952856112719e+08
5.703872640365887925e-01 3.780569159002173940e-01 3.586790937676017761e+10
-1.236764484336221326e+00 7.167039629787197441e+00 -2.164003764124940634e+08
-6.537999854727008398e+00 2.880609017118779813e-01 -7.081526640463547363e+11
1.075024556542281962e-01 1.196369099896683608e+00 6.750541761145410538e+08
1.478191641899432529e+00 2.600693960768907242e-01 1.964277591887795410e+11
8.380796380228097142e-01 7.500862510147317863e+00 1.338793199181550890e+08
8.165624630702245312e+00 6.136841475802729207e+00 1.948723490273106337e+09
-7.431251491925658925e-01 5.597699759509373152e+00 -2.131539455382754803e+08
1.818810096404972765e-01 5.981864554675381029e+00 4.568407377893713117e+07
1.647848067230731628e+00 2.672670641053160878e-01 2.073370424442601929e+11
5.762091699427969171e-01 8.222304753852700543e+00 7.660262367897991836e+07
-5.547736487599773669e-01 1.692358757164481864e-01 -1.740931071971719971e+11
-2.335561143085375324e+00 2.501054450808805063e-01 -3.355796105830002441e+11
3.333610856573307468e-01 2.526999196515148927e-01 4.691970927762992096e+10
6.456910843935989019e-01 1.511758232381376965e+00 2.539280768921075821e+09
5.431754275104328400e+00 2.484131486566433789e-01 7.911185611749422607e+11
1.193873525226125248e-01 1.846595047613286966e-01 3.146774389565275574e+10
2.851389222658093359e-01 1.112663982381047884e-01 2.070041548043731079e+11
-3.775447357789834868e+00 1.149212817793191510e+00 -2.569319511450251007e+10
8.109905509398176449e+00 4.322902664498259995e+00 3.900457036971117020e+09
-3.009709885872483337e+00 3.294433106971420333e+00 -2.492377751140541077e+09
4.620002905212764688e+00 1.388867458647895514e-01 2.152639286662941406e+12
-1.117500407426610609e+00 1.341461065480674675e-01 -5.581387353318658447e+11
1.047905752127625378e+00 6.874512254786836474e-01 1.992916310883713913e+10
-8.881079384577271085e+00 9.592716294361635088e-01 -8.674274665618981934e+10
-1.660971502674628564e-01 4.865856956328432070e-01 -6.305131147266883850e+09
-1.070325932056076235e-01 3.057385424698058629e-01 -1.029120630190023613e+10
2.043246653281595826e+00 6.662360844400863069e-01 4.137281892089997864e+10
-1.318851588247576256e-01 5.981907164975039493e+00 -3.312586345910236984e+07
5.902563346823440638e-01 6.597874480570730116e-01 1.218661740059013939e+10
3.968937512591521610e-01 5.787233418449964084e-01 1.065081597954094887e+10
-1.322936155959787419e-01 5.977323716215604543e-01 -3.327943548609894753e+09
-1.899773447013501093e-01 2.004923180586164033e+00 -4.247730524804568887e+08
-3.269888368554770275e-01 3.253646023667027709e+00 -2.776150072916024327e+08
-3.354307057037476447e+00 8.490697348052524518e+00 -4.181833264246957898e+08
-4.686764636936318618e-01 7.454266271757814089e+00 -7.580781142184564471e+07
-2.348053405688977080e-01 3.349055675916722485e+00 -1.881541726328701079e+08
-4.433497378986301363e-01 1.172842682832029304e+00 -2.896793577815090179e+09
-3.386710690681253855e+00 1.643603603694975712e+00 -1.126768111030813408e+10
4.054225643492435638e-01 1.293715382478091147e-01 2.177113398682127686e+11
-8.651072198466888352e+00 2.706263640057548159e+00 -1.061647519968732262e+10
-4.216024178938034828e-01 3.027312701867486133e+00 -4.134653739873887300e+08
-1.120652110044712130e-01 2.978508317905451119e-01 -1.135334400148200607e+10
-2.896420137069009582e-01 4.831618774815966688e-01 -1.115133483064301109e+10
-2.278325050550753517e+00 6.939559495716322024e-01 -4.252090473881567383e+10
7.525720131646473909e+00 3.164619181338863552e-01 6.753917786376804199e+11
1.977924169527284448e+00 4.767487561748785518e-01 7.821339153730755615e+10
-3.517959992845096084e-01 9.440199988202703452e+00 -3.547963349781893939e+07
-7.911171200508492207e-01 3.174120125888530541e+00 -7.057399196418268681e+08
1.019068503089638617e-01 7.110801994155794503e+00 1.811410271582154930e+07
2.979939351027415029e+00 2.108322311133036253e-01 6.025374348558752441e+11
1.209835210839435016e+00 8.733995205593210187e+00 1.425446559030987918e+08
6.369548133601050210e+00 2.558573287637415095e-01 8.745074616327857666e+11
2.359120994869873478e+00 4.574717282044740152e-01 1.013146653715600891e+11
2.138483973040182784e-01 9.465643850408095306e-01 2.145143245963501215e+09
-1.391850769206703919e+00 1.775908065365961741e-01 -3.966453186102660522e+11
8.420356011286305176e-01 1.858146865733398156e+00 2.191901318251135349e+09
-1.068771889138199621e-01 1.578819375113557744e+00 -3.853636493492372036e+08
-4.296335974547920156e-01 7.030998689045237171e+00 -7.811147168877439201e+07
-9.348832894013007433e+00 1.073125638520545433e+00 -7.296370412123634338e+10
-2.292696498801933380e+00 6.445454340565787810e+00 -4.960096360320527554e+08
-3.479940129602739241e+00 9.275806206815445654e-01 -3.635122554801954651e+10
-4.048370049294341411e-01 6.911673176847404898e-01 -7.616657612649772644e+09
3.552290425181046096e-01 1.372992818340191823e+00 1.693645655374170542e+09
1.923742324049276808e-01 1.114173316301832140e+00 1.392810435130962849e+09
-5.276543410623006025e+00 4.391227826490100572e-01 -2.459394481076542664e+11
6.900656958684004971e-01 2.518220069628739122e+00 9.780334201619508266e+08
5.808951710107664645e+00 1.330225569203015157e-01 2.950514828395627441e+12
-1.505435452724898759e+00 1.175871328484071832e+00 -9.785728351004503250e+09
1.004696170532409366e-01 3.320569438763900649e-01 8.189553648283557892e+09
-3.837332627885720604e-01 3.643501026436464230e+00 -2.598018697464908361e+08
8.857097225383160577e+00 2.066964730746420287e+00 1.863270456466172409e+10
1.385197106910275311e-01 2.055196789591506423e+00 2.947510551485488415e+08
7.895506558573681666e-01 9.266508309049992675e+00 8.264153551621796191e+07
-1.910464736234882777e+00 3.683527586113467756e+00 -1.265498954860944748e+09
-7.264285526035423324e+00 8.293238712255223133e-01 -9.492818814860885620e+10
-7.919619902733894268e-01 5.611143442810037074e-01 -2.260748308130314636e+10
-2.749540269644150214e+00 5.345211227570668910e+00 -8.649299966048914194e+08
4.957378034055899829e-01 5.637645053501024739e-01 1.401868244371726418e+10
2.266916323843436221e+00 4.950337059378438487e-01 8.314125343266471863e+10
-2.781628595283613059e+00 6.556071013947957216e-01 -5.816509776312636566e+10
-9.762398991299473527e-01 4.242886287405396306e-01 -4.873987227114481354e+10
1.982871585316216878e+00 1.522764589788055400e-01 7.685633474315058594e+11
-3.458609962820820560e-01 7.023893011337990266e+00 -6.300810686428992450e+07
1.306671547066841521e+00 7.024566521927143370e+00 2.380005680201734006e+08
-1.931226075602846759e+00 1.760199015608300055e+00 -5.602220359002757072e+09
-8.702026610671690365e-01 2.025850250649195716e-01 -1.905707952975348511e+11
-8.208522055054338074e-01 3.288468167418520327e+00 -6.822260576902331114e+08
-3.457308812779202878e-01 5.765919604580751923e+00 -9.346556298518025875e+07
1.839545721070559026e-01 1.520085594355599368e-01 7.155255040318791199e+10
1.339580624256757890e-01 1.241334455783978719e+00 7.813432326673005819e+08
8.160100458748745789e-01 1.330280511561420465e+00 4.144380925226445675e+09
2.161880659068517119e+00 1.708011283032309091e+00 6.660408462683284760e+09
1.172552772209465299e+00 5.806005575676826957e-01 3.126281776083820343e+10
-6.495662250063746868e+00 5.631663753007826179e-01 -1.840774629702418213e+11
2.782792922794933288e-01 4.402583368331659308e+00 1.290376161560551524e+08
1.210992895274837639e-01 8.686177372691791243e-01 1.442563125418542624e+09
5.832486514364786379e-01 1.455247027252074998e+00 2.475317544701653957e+09
-2.533729253326579833e+00 3.489847221406861433e+00 -1.869812222434255838e+09
5.721109108157308443e-01 6.237142753500040104e-01 1.321780925734605980e+10
1.109195634226367300e-01 2.047686105001234047e-01 2.377562834054361725e+10
3.214009271945954094e+00 1.794226024266741548e-01 8.973119271324945068e+11
-2.730446174377329616e+00 3.506635514926886188e+00 -1.995735506492959738e+09
-3.149538916794443755e-01 1.065986934322162183e+00 -2.491115328649534225e+09
1.098414062268765257e+00 5.561029030727004940e-01 3.192319700517151642e+10
2.703221470344732147e+00 1.050199736423169439e+00 2.202867809323914719e+10
2.010051047181345751e+00 4.521256294654482311e+00 8.837704014174729586e+08
3.982820513959279829e-01 1.293031094319963659e+00 2.141033271099498034e+09
5.910580087129750915e+00 2.997956390062757048e-01 5.910580035354860840e+11
-4.034133979225713595e+00 1.035908742914283254e-01 -3.378764628823659180e+12
-1.970766347920775541e+00 3.033718346303583502e+00 -1.924576773411431313e+09
-3.502526090372247158e-01 2.893221992584262825e+00 -3.760698197919848561e+08
-3.645275725161926106e-01 7.835300343390136035e+00 -5.336662090296553075e+07
-2.072777909743257485e-01 1.204227708396417296e-01 -1.284653955246549988e+11
-2.731922265720630794e+00 1.523675301407999283e-01 -1.057630826481136841e+12
3.251607103159723233e-01 4.080910998940875389e-01 1.754827514954957581e+10
-4.634507775109477090e-01 1.126357740662010221e+00 -3.283231738998498440e+09
2.092653919678428565e-01 1.074558512563091650e+00 1.628875502050460577e+09
4.023577299437246957e+00 4.595914393192163772e+00 1.712060495462923050e+09
1.498272150298901040e-01 8.554394215444110827e+00 1.840190587747223675e+07
2.445192405191868090e+00 1.969001343420048622e+00 5.668545430396029472e+09
6.469988258635831491e-01 7.054686840616857246e+00 1.168419054286098331e+08
-5.774520355866169297e+00 9.874479961861945654e+00 -5.322774520273454189e+08
-6.065664596134352493e+00 1.714087331293324246e+00 -1.855509235314986038e+10
9.085593936258284486e+00 8.002615535000724423e-01 1.275087638918053131e+11
-7.552117736305126172e-01 2.737817345825571125e-01 -9.055458171889555359e+10
-1.818645700183742775e-01 2.392131249858111264e-01 -2.856463699787533569e+10
-2.701093208592641459e-01 7.792779565584936341e-01 -3.997655871952664375e+09
-1.802017627404019384e+00 1.131247827142028983e-01 -1.265593213118779541e+12
1.639292116086730200e-01 3.690378386981741921e-01 1.081845324025092697e+10
1.076115939679911815e+00 1.267910104330663423e-01 6.016345339712246094e+11
4.930080213557912039e+00 1.995490256051206390e-01 1.112769928583424072e+12
-7.205705509142823928e+00 1.152953337332594114e-01 -4.871959458883763672e+12
5.198625221058305046e-01 5.972815486004495966e+00 1.309727452330339998e+08
-2.541610719261280238e+00 5.933582007726667662e-01 -6.488222782543255615e+10
-4.945632780998019840e+00 4.688694749203100032e-01 -2.021941404287276917e+11
-4.173020911085634665e+00 3.903618096052437481e-01 -2.461311235073901672e+11
1.033613502347232593e+00 2.496093628565363876e+00 1.491032290640554428e+09
-3.926109622405719035e-01 4.373477580604819281e-01 -1.844842226937519455e+10
-6.370009430978937903e-01 1.772417718243850748e+00 -1.822462194143127203e+09
-8.454580447049774294e-01 1.267632164076989643e+00 -4.728856974857896805e+09
-4.021312275328180696e+00 4.257609219760220554e-01 -1.993824014794748535e+11
1.555258190045764044e-01 1.444367662700568600e+00 6.700351742669291496e+08
1.185645050502499132e+00 3.071980192821491817e-01 1.129193809714188538e+11
1.359700992601817982e+00 2.586316205353361042e+00 1.826967370159701824e+09
-3.082910770003531309e-01 7.910012262917605952e+00 -4.428506227181140333e+07
6.771605998924991043e-01 5.374498366408472227e-01 2.107009185694831848e+10
5.809847480193873537e+00 2.807227589548868529e-01 6.626132298249025879e+11
1.116031952438987451e+00 1.831131865424149741e+00 2.991493107335837841e+09
4.727381764858523461e+00 6.664242980146580786e-01 9.566865044527355957e+10
-3.709131328776551495e-01 1.859358860541327207e-01 -9.642649780824519348e+10
6.461646645573170256e-01 3.425434471364429356e+00 4.949513299768657088e+08
-4.237192172173258609e-01 1.295052777582048620e-01 -2.270669070141738586e+11
1.690692882397922148e+00 4.909220636105116053e-01 6.305074760069200134e+10
-5.837997422172868767e+00 2.618945671467537428e-01 -7.650001821562923584e+11
5.312361265003914035e+00 1.510687757008917220e+00 2.092130642976996994e+10
-1.318897777199510846e-01 1.516458512332940767e-01 -5.154667875171384430e+10
3.579933937375931130e+00 2.670660888261517374e-01 4.511159039546076660e+11
9.480028036815535408e-01 2.998761976406337126e+00 9.474935215290971994e+08
6.974242197591119519e-01 4.423278609027028185e-01 3.203753202391760254e+10
-1.268145639903755617e+00 5.762283491491096754e+00 -3.432657789273211360e+08
9.425681729457700442e+00 4.960527582777751743e-01 3.442767161058553467e+11
3.384952718838223795e+00 1.459451622211356270e-01 1.428314410710598145e+12
-1.508398842550157548e+00 1.378632448559639290e+00 -7.132960457845226288e+09
1.149051100723915836e-01 1.066876770828152798e+00 9.073220029210063219e+08
-1.025901034471560003e+00 1.413906238615653954e-01 -4.612271506556782227e+11
5.061506130413665483e-01 8.211090128231891327e+00 6.747280221639758348e+07
-6.102607412701799738e+00 6.221850241801786474e+00 -1.416860012220563173e+09
7.678515763616563516e-01 1.492926703761275897e+00 3.096356275162874222e+09
-2.838567219004288766e-01 4.232007806949581230e+00 -1.424481721892226636e+08
-7.580297876191520734e-01 1.307788689342684330e-01 -3.983471702973328857e+11
2.985597410803492169e-01 3.268134702873132236e-01 2.512360557518157959e+10
3.552848691337038289e-01 1.991926312828500079e+00 8.047867051798599958e+08
-2.476314368400240329e-01 3.894327073721677301e+00 -1.467545408936591148e+08
-9.194067200303049914e-01 3.352606010272721759e-01 -7.351792715397932434e+10
8.867074376962784665e-01 1.642786961423902348e+00 2.953034189551835060e+09
4.738446079021468860e-01 1.295522293873582864e+00 2.537445829320904732e+09
-9.052509934210911879e+00 1.176226965439592931e+00 -5.880812939731443024e+10
-1.180150413084983585e+00 2.870646391577273970e+00 -1.287148286697403669e+09
-1.118913182902565362e+00 2.372952592691262574e-01 -1.785948310539504700e+11
-3.818599930309829471e-01 1.559764773281433203e-01 -1.410706161372106018e+11
-4.550940103068433551e+00 1.483739038981303437e+00 -1.857961415164886856e+10
2.259010441477749431e+00 1.000811971156758684e-01 2.027047257034111328e+12
-3.575758630007908945e+00 5.220874958214011263e-01 -1.179050020431277771e+11
-1.283044698038761755e+00 2.999707913662261194e-01 -1.281546789657212982e+11
-1.899865818405622520e+00 8.948505937378840258e+00 -2.132418719475116730e+08
-1.087747009548782007e+00 3.813367840424168320e-01 -6.722969128101639557e+10
7.875136057825198321e-01 1.230245668607215098e-01 4.676543676522452393e+11
-5.177046450000376332e+00 1.378027250265501547e+00 -2.450287635024745178e+10
4.437458690773652847e+00 1.201058934292240504e-01 2.764752791152323242e+12
5.333950382187109263e+00 2.474006051783587679e-01 7.832457995641931152e+11
-5.602754961219807983e-01 6.865495110748183194e-01 -1.068337622557008934e+10
-5.394722571329563010e+00 8.840258281973160104e-01 -6.204257671092499542e+10
1.566979223198784688e+00 2.222649237863418392e+00 2.850834425850966930e+09
-4.664352960912509616e+00 1.160991070900863731e+00 -3.110170988750247955e+10
5.062280434936250906e+00 1.018992201290725569e-01 4.381825697679835449e+12
-1.221823871354302399e-01 7.891748930635084314e+00 -1.763245174835163727e+07
-3.313934234306428195e-01 8.389370864068806943e-01 -4.231903120530713558e+09
-2.961616662180983184e+00 9.029892813523607842e-01 -3.264481958184104538e+10
1.702343599447034617e+00 2.762191574496950519e+00 2.005350303690716505e+09
2.348312910402489795e+00 1.292504761369700494e-01 1.263404096728866943e+12
1.359033424283150326e+00 2.284962168352167478e+00 2.339498270244428635e+09
-1.015920014993713316e+00 2.972921892387869303e+00 -1.033101843866711259e+09
-9.478226968813705966e+00 3.664662553048435356e+00 -6.343219526762207985e+09
9.774695414570206964e+00 3.533777007410176196e+00 7.035185779103213310e+09
5.415036246418374333e+00 3.755287304251245128e+00 3.451164403497744083e+09
-5.687289294162026776e-01 1.019513020553374782e-01 -4.917794591261550293e+11
-1.327609930100601687e+00 7.333066301878184978e-01 -2.218962113176400375e+10
-2.279599432591774277e-01 2.199501396734470759e+00 -4.235070792896164656e+08
-7.539306477289514419e+00 2.536764081686495031e-01 -1.052984204840783081e+12
-5.611472010733123961e-01 3.845943197480968800e-01 -3.409743326701922607e+10
1.254438069864842464e-01 3.318111893988542338e-01 1.024042047588645935e+10
-6.375652246461302575e+00 1.168585939762928128e+00 -4.196178226415661621e+10
-8.474755536804485789e-01 8.279381752096646174e-01 -1.111173772549387932e+10
-1.003590650370794202e-01 3.238670235329970670e-01 -8.599511173424306870e+09
7.588993680315489598e+00 3.807504215233324385e-01 4.704939289882230225e+11
-7.655421357182273567e+00 1.299739593742372801e-01 -4.072930691321172852e+12
9.500303851967765167e-01 2.723545055692150552e+00 1.151115722133226156e+09
-1.129180553557287192e+00 1.877964423270840788e+00 -2.877658723196023464e+09
-6.594660903306593935e-01 2.376291374615045804e+00 -1.049648052122104287e+09
2.495858777049217547e+00 2.278621562596571781e+00 4.320422516624349594e+09
6.847556358685464861e-01 2.085872430021470936e-01 1.414525386011082764e+11
-7.861698493496838136e-01 2.270583986370204421e+00 -1.370540460655167341e+09
7.478511947811244953e-01 7.672776757469584874e-01 1.141722830013216972e+10
1.727272782958465092e+00 7.371578761566855986e-01 2.856870324695431137e+10
-1.198657231636664822e+00 3.483621729412881840e-01 -8.877356208785075378e+10
-9.954742252134849423e+00 1.122167639835834896e-01 -7.105017577274677734e+12
7.968354266064080482e-01 8.583357671761162599e-01 9.720863219582149506e+09
-1.309098963411702288e-01 1.137264624371214783e+00 -9.097038586194971800e+08
1.466976283170293438e-01 2.898496783521009146e+00 1.569379825407420993e+08
5.606994317822546758e-01 2.924422579570018943e+00 5.892512024269499779e+08
2.692069341343923394e+00 1.837235405479099026e-01 7.168152696834689941e+11
-6.335148576218350147e-01 7.085258027824593796e+00 -1.134216814751151651e+08
1.574343813834840899e+00 4.063228235961959256e-01 8.570531682730427551e+10
-1.474130263678292474e+00 3.435187640696183986e-01 -1.122756431425599365e+11
-8.672005458493829977e+00 6.832548317547113115e+00 -1.669570404969298840e+09
-4.659740785191861967e+00 5.166794791245398200e-01 -1.568808560004266968e+11
-3.320278924785453611e-01 2.001447300823726128e+00 -7.449667139009670019e+08
-2.312189751813999716e-01 6.290395324941973065e+00 -5.251921311466360837e+07
8.957126619587193472e-01 2.402676191608128065e+00 1.394533148353925943e+09
2.548822142195648510e+00 5.402639561894126530e+00 7.848346356130414009e+08
-1.065174177436008174e+00 1.804688561039546890e+00 -2.939454327712999821e+09
-1.797972878253124573e+00 1.082900607428661566e+00 -1.378023297348242569e+10
-4.691267633658400271e-01 3.782346984830217695e-01 -2.947257577348514938e+10
1.404384665426618162e-01 8.082264131990713807e+00 1.932282490522573888e+07
2.852629545283893453e+00 1.796080570103107954e-01 7.947753058827785645e+11
2.067588788265685429e-01 6.556358499285069641e+00 4.323041469574733078e+07
1.310020627869867560e-01 8.396027255432628067e+00 1.670248433375572786e+07
-3.832612114557589766e-01 5.384734270462425698e+00 -1.188001348909744173e+08
-7.349238564034505039e+00 2.862124377953281229e-01 -8.063358294941395264e+11
3.311594502312960042e+00 2.372542597976105561e-01 5.287613878221193237e+11
5.711105212172475909e+00 2.383244840973680390e+00 9.037190896397657394e+09
4.649882348397142429e-01 3.449695717040248688e+00 3.511809940622295141e+08
-3.613615622049558551e-01 6.661673830063587154e+00 -7.318563470765237510e+07
-2.785046042811668010e-01 5.620816281346190380e-01 -7.922900773643900871e+09
1.094357340311588045e+00 7.652708301714250538e+00 1.679497858079845607e+08
1.293904069325074513e+00 2.809700504831277312e-01 1.473101385740994263e+11
-1.396362857958659276e-01 1.077968628004263518e+00 -1.080032099145449877e+09
-2.902395800331925013e+00 5.667025114849273404e-01 -8.122635794805201721e+10
-3.637199544462409229e+00 1.283247583294524929e+00 -1.985166035958566284e+10
-2.190813641255983324e+00 7.515381532262807029e-01 -3.486213563869616699e+10
3.423484000162554386e-01 1.137470345971285934e-01 2.378147317909123535e+11
-4.799356877978826041e+00 1.895815232223490576e-01 -1.200166904782813477e+12
8.734182830793658647e-01 8.637585509045865306e-01 1.052175481794091797e+10
6.303454666133166961e-01 1.477468887443968704e-01 2.595329860722255249e+11
-6.035022566101745589e+00 6.055851047661983344e+00 -1.479037371420471191e+09
-1.361547866810060681e+00 2.030220719245520389e+00 -2.968909922414742470e+09
3.254214196633709477e+00 8.119756541886025136e-01 4.436196124704518890e+10
-2.473578341240984246e-01 1.723361088915076333e+00 -7.485550109970402718e+08
-6.847659315731620122e-01 2.754106285353089323e+00 -8.113932132954869270e+08
-5.517649893045566412e-01 1.268317787878682212e+00 -3.082823008463789940e+09
-2.950203559172516421e+00 4.958499413742514683e+00 -1.078455099866967678e+09
-2.362256547818293750e+00 6.323364665036576016e-01 -5.309837418647771454e+10
-3.279364354549500593e+00 5.219499685509064513e+00 -1.081888584972343445e+09
-2.522867782925317659e-01 5.216702154632445243e+00 -8.332072227735494077e+07
8.195809976154954768e+00 1.016724630340924695e-01 7.125835784159409180e+12
2.906269084745940479e+00 3.952117340005683599e-01 1.672348478907989197e+11
-8.938160453265059147e+00 1.096755797709291880e+00 -6.678499337529383087e+10
-8.721363690421933823e-01 2.451306981719798106e+00 -1.304486567422066689e+09
4.669646626131849221e-01 5.480164203781337839e+00 1.397486083962270021e+08
-8.122065534285637156e+00 1.625472354574091782e-01 -2.762853979794111328e+12
-1.148837951364580640e-01 2.411798175494358765e-01 -1.775118980122871017e+10
-5.207829367072944748e-01 6.819118878616158952e+00 -1.006585897072734982e+08
7.522573776689042369e+00 9.028527388149603095e-01 8.294366747511073303e+10
-1.857244701166658740e-01 1.350546390675617658e-01 -9.151678040635574341e+10
-2.298078328133528192e+00 6.054386970006966351e+00 -5.634755732776395082e+08
-6.468178447094537376e+00 3.869271809176958454e-01 -3.883060283436400757e+11
1.567602075438943032e+00 1.963381610088651641e+00 3.654912719855672836e+09
9.933157861196773908e+00 6.577888009399505798e+00 2.063312481770472765e+09
-6.879184183155478971e-01 3.923337502077899885e-01 -4.016763079907839966e+10
-1.256601539329520734e-01 7.732770249358936532e+00 -1.888765284833818674e+07
-4.856619275416806047e+00 1.562330764657451576e+00 -1.788293129406369400e+10
-6.191292143276818649e-01 1.919448598293199137e-01 -1.510354669494598083e+11
1.034743483477858383e+00 8.310360370873251412e+00 1.346615485725090802e+08
-2.607679740828725001e-01 9.425601825101013631e+00 -2.638072290971424431e+07
-1.878410797483118344e+00 1.091769811427165671e+00 -1.416377540196948433e+10
9.909547479762622402e+00 7.984820969878414942e+00 1.396928168824680805e+09
1.142638349173882989e-01 9.215688235430780750e+00 1.209215945918079279e+07
5.409781855144423446e+00 1.135969082286500287e+00 3.767882478866134644e+10
-2.200103485137302750e-01 1.806145946250095280e+00 -6.061610770327075720e+08
6.689729693838986968e+00 1.625580292465570675e+00 2.275319229780929947e+10
-1.714960965999249853e-01 1.087898313990280780e-01 -1.302351607793346100e+11
2.167797227778291536e+00 2.311821987570536197e-01 3.645528476272369385e+11
1.612978390207132906e-01 1.269373150091262614e+00 8.997058651877952814e+08
-1.164357671001564398e+00 5.880275431100472794e+00 -3.026507046531075835e+08
2.262191917369564542e-01 2.123333430509638742e+00 4.509658646627052426e+08
2.010785536387635908e+00 1.367379622149899498e+00 9.665808002323148727e+09
9.603513807072224795e-01 9.532369888120200141e-01 9.499024575228088379e+09
2.698259004678410289e+00 1.250665334279282392e+00 1.550429520260110855e+10
-2.221526880242504498e-01 5.017707389883738323e+00 -7.930334891953003407e+07
5.228247637713884011e+00 1.060548400271380087e+00 4.177782071270249939e+10
2.501993545230808191e+00 1.908598944912846429e+00 6.173158735184482574e+09
6.802409468564488471e+00 1.281368594952830176e+00 3.723618999386141968e+10
-1.613389218152087246e+00 1.198336933496304685e-01 -1.009791891802502930e+12
9.644470861268304995e-01 3.534521429518197588e-01 6.938535033537976074e+10
4.278671864724736262e-01 7.160041182989790087e+00 7.501162245577502251e+07
5.257203245297107363e-01 8.414962010916950952e-01 6.672691803520638466e+09
7.883395817423387575e-01 1.300000953544303561e-01 4.192534153948716431e+11
3.749057881430050143e-01 4.116382544807960508e-01 1.988571944634895706e+10
-8.284386072811743551e-01 5.748036580969754228e-01 -2.253574405043959045e+10
-8.672144833640293982e-01 1.751582121093136379e+00 -2.540482066920244217e+09
2.801084880541564459e-01 6.478488851378919833e+00 5.998317586936696619e+07
-7.927156195204422273e-01 1.699797156130147036e+00 -2.465890782760550022e+09
-8.110275318327653693e+00 9.033994287902257225e-01 -8.931545036849081421e+10
9.236897081871548565e+00 2.833475285876437821e-01 1.034041252549098267e+12
1.583880120163474459e+00 1.301140758270750986e-01 8.408612972685703125e+11
2.751138875592845645e-01 2.306031515598475634e-01 4.649782680633322144e+10
-1.453136655076614048e+00 5.963819037115192234e-01 -3.672046416524206543e+10
2.397158022263426169e-01 7.466963961930907168e+00 3.864196223467332870e+07
1.271075223131221399e-01 7.230130621408584757e-01 2.185393185985868931e+09
-2.230114039337232623e-01 1.597730691259574842e-01 -7.851823607849020386e+10
-2.245094510132149557e-01 5.630784531607480048e-01 -6.364252890375377655e+09
-5.045824223298065458e-01 3.452552246349205323e-01 -3.804540547208793640e+10
-1.766922163007587532e+00 3.115039616931991606e+00 -1.636593748275229216e+09
3.568107457650987246e+00 7.016781650847448759e+00 6.513473025177202225e+08
1.247062839661401967e-01 2.015929523825859271e-01 2.757961923521283340e+10
-4.633896085242372176e-01 2.665973939730238218e+00 -5.859831246888796091e+08
-2.784054236537694682e-01 2.266816368178802277e-01 -4.869626252410601807e+10
1.296238355021439859e-01 1.705602285061135759e-01 4.004791844157328033e+10
-1.739548362846753682e-01 3.539084389891901328e+00 -1.248260674731726199e+08
1.198097384500911300e+00 7.496015785107289497e-01 1.916380546370586395e+10
-7.014524631387176079e+00 2.926368343772130842e+00 -7.361916420787577629e+09
-6.825251992237156173e+00 3.320616025024564211e-01 -5.563293723550480957e+11
-3.514283498926822902e-01 1.305298661963086859e+00 -1.853820267856732607e+09
-3.141437083959432108e+00 4.884634671788015581e+00 -1.183354342641051531e+09
3.673929325853187988e-01 3.303171716304698635e-01 3.026349724652249908e+10
-2.816756216432134141e-01 1.651297300913925903e-01 -9.284303688091827393e+10
-2.343890043339610374e-01 2.481565358254390397e+00 -3.420868788959358335e+08
9.676781924317372496e-01 2.780508321810822858e-01 1.124949880244641418e+11
1.266724774687395527e-01 2.014130353423973840e+00 2.806452745592904687e+08
1.877787013488584900e-01 9.087960829103897353e+00 2.043450192538220808e+07
-5.431275789930568587e-01 5.670916506124454415e+00 -1.517909811082192659e+08
-4.602197630288414665e+00 2.650236862979183927e-01 -5.889067089908302002e+11
-1.828913859851186707e+00 2.042618937747318508e+00 -3.939754509453005791e+09
7.717926087301762994e-01 4.531379722258567000e+00 3.378238598521930575e+08
-5.770697072637325231e-01 1.396900767886442685e+00 -2.657955974685879707e+09
-1.161761368514699216e-01 1.781735337778814765e+00 -3.289130933107610345e+08
-1.877702966322717382e-01 2.488346615950099150e-01 -2.725560078935139084e+10
9.441319023565251101e-01 2.326128282349813947e+00 1.568252424619157553e+09
1.374295983452648029e-01 6.149803320893922898e-01 3.265941807520466328e+09
-3.550172508271238758e+00 6.656012676345006707e-01 -7.202309733164675903e+10
7.244080013574973442e+00 1.400257540495399022e-01 3.320611111656353027e+12
-3.219638501829353849e-01 2.230102318149242702e-01 -5.818461329697090149e+10
7.337995198981893452e+00 3.246205062896567739e-01 6.258584786544460449e+11
1.132153034254684693e-01 3.495231693943119944e-01 8.329210032825667381e+09
2.852253257348903448e-01 2.432969909153896104e+00 4.330771078627543449e+08
-3.446240385028120357e-01 9.793407173233454444e+00 -3.229449987877307832e+07
-3.720100701940469712e+00 8.984240928804871906e-01 -4.142309405773826599e+10
5.006717366733174579e+00 1.550011082236396054e-01 1.872984086879297852e+12
1.765985039788324995e+00 1.702289070118725156e-01 5.477356610759096069e+11
4.743013152725949588e+00 6.432717824373603843e-01 1.030186714761647949e+11
-6.356447201087457977e+00 2.741059442281233327e+00 -7.603755697254626274e+09
3.996768723336645568e+00 3.826999643946544793e-01 2.452690747968979797e+11
6.605530210075978736e+00 1.871060448299187162e-01 1.695831369277311035e+12
1.097923342085721649e-01 7.623438717686302768e-01 1.697934018910537243e+09
7.375970019823407942e-01 2.093491284913063577e+00 1.512611669563473225e+09
7.782400470012000859e-01 2.623721631401964682e+00 1.016081821911858320e+09
-1.383178668034603431e+00 1.121479030387143583e-01 -9.884315193008884277e+11
8.932547968261388860e+00 1.170270966929636419e-01 5.862098529792012695e+12
1.516656279510497640e-01 1.275525359274276793e+00 8.378371072439624071e+08
1.195167649363017559e-01 4.793938684314711374e+00 4.674062308547943830e+07
2.321570738886975793e-01 1.199392155034318813e-01 1.450474612647589111e+11
1.035342551886453966e-01 1.130336180900780141e+00 7.283152835593919754e+08
-2.473095739518372582e+00 7.811451640731241763e-01 -3.642738960112858582e+10
5.728345132225597380e-01 2.716679813961975665e+00 6.975942352904750109e+08
9.117447218589741498e-01 1.468935887116624706e-01 3.797678483642341309e+11
2.372581289079740974e-01 6.067893023839758815e-01 5.791564377073112488e+09
-1.845232879948640825e+00 2.400829954897115426e-01 -2.877259288725652466e+11
-2.494802033159033150e-01 1.105765304784196990e-01 -1.833837247028081360e+11
-3.143966154202687324e+00 7.278609850477406162e+00 -5.333737016301773787e+08
-6.644182534680934671e-01 7.060701628927464890e-01 -1.197833499305730438e+10
-2.848232925899282897e+00 6.064784357333957709e-01 -6.959778114088755798e+10
7.565620410818186592e+00 5.205645441562711362e+00 2.509261922750854015e+09
-1.695499857438117264e+00 1.199639708643294167e-01 -1.058879914896946655e+12
-1.652617270260865689e+00 4.317525749028049975e-01 -7.968068016825506592e+10
-4.931975881582292276e-01 5.085523096397021048e-01 -1.713958492985267830e+10
-6.058380532290694731e-01 1.278669505907742865e+00 -3.330355158595503807e+09
-7.680124072241876210e-01 1.508817314107226137e-01 -3.032114074183763428e+11
-1.182735826579359995e-01 7.784455273886480065e+00 -1.754211344413164631e+07
9.064884380358294580e-01 1.237670905870114635e-01 5.318663611578088989e+11
-1.326069093674701271e+00 5.320544271945491843e+00 -4.210218633073330522e+08
8.910924161382415276e-01 1.072903201366443238e+00 6.957485077643109322e+09
-2.133368773249501305e-01 5.031368554225187362e-01 -7.574331174921096802e+09
1.699474292920211127e-01 6.093244975885092618e-01 4.114034599257300377e+09
2.401315291559412479e+00 4.090227663896392585e+00 1.290044945176437378e+09
8.093061044513046198e+00 8.143519300494386215e+00 1.096829631159458637e+09
1.692988530893769772e-01 4.114728921449402610e-01 8.987153842801513672e+09
-9.713424320140799928e-01 3.120887260544331077e-01 -8.963277006188652039e+10
1.681786437393801181e+00 2.144829010714051520e+00 3.285762083473304272e+09
-2.779678483379802501e+00 3.182096568113137458e+00 -2.467280198801588535e+09
-6.862552568928171226e+00 4.711451461368260651e-01 -2.778605302109714966e+11
6.253356157448915376e+00 2.992187536774422729e-01 6.277491935716030273e+11
-1.108299104915807076e+00 7.227440682739043609e-01 -1.906946587266025925e+10
-4.353436904109098671e-01 5.308708890133735814e+00 -1.388369457055950165e+08
9.612473638237124529e-01 1.415670689668506177e-01 4.310833997208019409e+11
-4.449129631356853132e+00 9.907135132923254872e+00 -4.074079547233098149e+08
-1.794662849275631578e+00 3.850910682348628988e+00 -1.087693666108432770e+09
-1.153010444382885025e+00 9.525829845916611305e+00 -1.142031860934629291e+08
1.432444087621445594e-01 1.778473771524765046e-01 4.070365120698447418e+10
9.613658792250719953e-01 8.982061680593795838e-01 1.070994538783109856e+10
6.352097089961564746e-01 1.391628730180114459e-01 2.947955839670092163e+11
1.586661900222817501e+00 1.482004117726667125e-01 6.492862278177110596e+11
1.017985929246934873e+00 9.402234218508844776e+00 1.034975959658004642e+08
-3.009152455532203008e-01 1.696725155899054371e+00 -9.394459794226565361e+08
-3.085168281875611540e-01 9.346645280952110557e-01 -3.174080626993698597e+09
4.948198703573796209e+00 1.118152228436259277e+00 3.557098423966411591e+10
2.388654485800604244e-01 1.918683927787917076e+00 5.831725554251683950e+08
-3.434168588988279147e+00 4.041222883642503483e+00 -1.889933933700007677e+09
-5.420438727882703756e-01 7.663740541715243992e+00 -8.294753256150621176e+07
1.535986183593418819e-01 1.277278941338573226e-01 8.461871453758827209e+10
2.818775638532120098e+00 8.021071203167362995e+00 3.937734081901035309e+08
4.924774436656156884e-01 3.774072695096931440e+00 3.107537941334442496e+08
-7.876304156845425064e-01 1.196119897968582757e+00 -4.947931367334682465e+09
-3.290118350423398286e-01 1.064531265240629798e+00 -2.609427869264601231e+09
-1.165935100767885313e+00 2.550578086214097429e+00 -1.610822722847033501e+09
8.129406121269993069e-01 1.563617983865336625e-01 2.988464663018081665e+11
1.006611291561357424e+00 1.613848267691464722e+00 3.473657661320447445e+09
9.310230790980286164e-01 3.905120540907214277e-01 5.487091182933804321e+10
5.939665751968169483e-01 2.479274130739194781e+00 8.684874093206120729e+08
-3.010208186588184121e-01 2.645153334997439654e+00 -3.866744229142919779e+08
-3.954344781043094836e-01 1.988150236806208448e-01 -8.991388287049578857e+10
6.767216119278595121e-01 1.530989822414004164e+00 2.594872703074312210e+09
1.349588022589716663e-01 2.327328121944118866e-01 2.239425396463631058e+10
3.084565431402335189e-01 6.239208863162895025e-01 7.121730858045639038e+09
-1.733300739118280032e-01 5.122757827523123808e+00 -5.936314335949667543e+07
-1.533469327837122975e+00 1.134601995888823711e-01 -1.070628070056003784e+12
1.453246046457415952e-01 3.888525799124862292e+00 8.638131260249690711e+07
5.535033910709048044e+00 1.207814087076720000e+00 3.410128333220092773e+10
1.442849480434137632e+00 2.275803756002262368e+00 2.503813784330690384e+09
1.594352956200055793e+00 1.491480740011674189e-01 6.441689549369111328e+11
-8.423430519655953574e+00 7.998513495596009104e-01 -1.183371355121279755e+11
2.296052958171477532e-01 7.294467171319892529e+00 3.878335459082943946e+07
-6.042091358004531010e-01 1.800281871894773567e-01 -1.675548060020186462e+11
-4.535256048275366325e+00 1.683227865883573371e-01 -1.438687946117508545e+12
-2.688750732024850487e-01 1.694606351662693300e-01 -8.415181749199166870e+10
-2.019599200436649422e+00 1.539213856901721911e-01 -7.661571862604168701e+11
1.074118424924748627e+00 1.612954914333360357e+00 3.710721226394764900e+09
3.127721153346632588e-01 1.005490747703782772e-01 2.780497368037279663e+11
4.951677005031728918e+00 1.668887095060441528e+00 1.597897854620943069e+10
-2.754172094352841604e+00 1.453328792130917924e-01 -1.171963097541713623e+12
-5.056098811456417152e+00 1.751791816168071447e+00 -1.480816295344521523e+10
-8.158657293702328062e+00 3.643155040629550978e-01 -5.524767441875670166e+11
7.683806866950886771e+00 1.820933442654597834e-01 2.082758494732092773e+12
-3.101056695351431802e+00 5.967620226541663797e+00 -7.826326648072978258e+08
6.643457434103183790e-01 1.791605353871580653e-01 1.860201849842758484e+11
-1.686517295247115911e+00 5.006881461626296881e-01 -6.046538165379567719e+10
-1.524966395612574743e+00 7.285715155262362241e-01 -2.582061107336159515e+10
-1.323488404159162579e+00 6.550326788997077321e-01 -2.772329363142356491e+10
2.575359224173556227e-01 3.885282329176250382e+00 1.533356956403806210e+08
-1.745644347691406528e+00 1.089294470583670460e-01 -1.322256731571174316e+12
1.844104910871301461e+00 2.088968424753944397e+00 3.798153317022294044e+09
-1.718643517197457005e+00 1.699168223046958470e+00 -5.350121778880007744e+09
-1.032532835521656089e+00 2.046388112030234296e+00 -2.216044521869432449e+09
-1.666517442911676250e+00 6.559531502838479966e+00 -3.481086681673758626e+08
-1.380017479689334692e-01 1.467006472689943442e-01 -5.763298923536186981e+10
8.048865557573435581e+00 1.529108580977490472e+00 3.093916871320657349e+10
7.145785467004036606e-01 2.024831853967116180e-01 1.566472096142404175e+11
-2.319124865152076831e-01 2.233222812561459769e-01 -4.179368254129048920e+10
-1.577720448040501877e-01 1.153846291887720144e-01 -1.065086193784355621e+11
-4.186906600723492855e-01 4.974813293756925048e-01 -1.520513634933478355e+10
-3.471571829608395721e+00 1.521134379989908414e+00 -1.348470995511369896e+10
-1.664593484264009993e+00 1.130747521854163162e+00 -1.170112232214163780e+10
5.889559339353295231e-01 1.716062792936151327e-01 1.797492428725390015e+11
4.335842964367301988e+00 2.072365544500536227e-01 9.073846681383142090e+11
-1.329948949973397132e-01 1.004398401334932966e+00 -1.184877803014222383e+09
-9.915702650225485471e+00 1.386286580354761377e-01 -4.637330775971669922e+12
-1.501340266260204337e-01 2.431421576625405478e-01 -2.282491759520184708e+10
1.921486901879804754e-01 3.780568788721167195e+00 1.208297167751481682e+08
-3.272930883001688995e-01 3.480896738101996402e+00 -2.427756761960457563e+08
-9.669271784780544721e+00 1.953167625614732561e+00 -2.278061013934934235e+10
-2.663806260312179819e-01 2.150852405277265678e-01 -5.175258348664605713e+10
1.399800863073747126e-01 2.809257249789697930e+00 1.594167146360783577e+08
1.368048582340274821e+00 1.114375286798830883e-01 9.901231028100308838e+11
2.563506958959390847e+00 3.243957546751301102e+00 2.189448806530085564e+09
8.226844807952918837e-01 4.771746633809450522e-01 3.247350538648028946e+10
-7.041015457618323481e+00 1.079153318255203109e+00 -5.433999763178138733e+10
-1.440163955191860801e+00 6.608774344302433823e-01 -2.963607662693278885e+10
3.824070677613444769e+00 1.900581572281117848e-01 9.514884056546323242e+11
-3.208974527151131628e-01 9.729380023529838883e-01 -3.046818290205658436e+09
-8.727329790369804385e-01 1.655113194052390269e-01 -2.863364289377471313e+11
1.556471064952452965e-01 3.615615523244683494e-01 1.070106951266328430e+10
-6.387241957526534897e-01 2.660221435889418840e-01 -8.112008726256887817e+10
4.515516465750690323e+00 8.734203380556988527e-01 5.319997737997988129e+10
-2.070647361997035141e+00 2.077828787835762636e-01 -4.310595227103195801e+11
-3.533194655616212376e+00 7.502927425853364030e-01 -5.641007691747196198e+10
-1.255613593528450256e+00 4.860868827455911423e-01 -4.776159524990476227e+10
2.854498181667321166e+00 1.530127733488476915e-01 1.095784152965585083e+12
1.586602013832034030e+00 2.298563735727735535e-01 2.699016368208653564e+11
-1.348502179020107938e+00 7.111808480520699360e-01 -2.396305395286460114e+10
2.204340003581942042e+00 3.742778165543255042e+00 1.414298321635968208e+09
1.187809313290381363e-01 9.761994720170737994e-01 1.120263555278041840e+09
-2.175558751833866822e+00 8.846927313057451059e-01 -2.498253567361379242e+10
-4.541151368309218839e+00 1.468712544427445588e+00 -1.892095218236247253e+10
2.873208890384266190e-01 3.106048126202708981e-01 2.676710846683379745e+10
-5.646021821196306689e+00 1.241085184734804087e-01 -3.294503611768011230e+12
-8.166236895884735336e-01 2.730705312674011953e+00 -9.842896583301819563e+08
1.564247875998954207e+00 1.494975115463644810e-01 6.290544875900010986e+11
-6.874486859812405370e-01 4.953747583234440199e-01 -2.517811179646331406e+10
1.227407608802927763e+00 2.287168068363704954e-01 2.108838255304128418e+11
-3.490159194066422721e+00 1.188280722691124613e-01 -2.221558487664258301e+12
4.272967649681989055e-01 2.380472430865882560e-01 6.777256315169425964e+10
1.711831252490455535e+00 5.398430734593161695e+00 5.279301951510303617e+08
-4.907308368424720513e+00 3.584453033774087638e-01 -3.432797450883093262e+11
4.971598608672713193e-01 7.592096079855360280e+00 7.752169947967398167e+07
-2.008754091213631743e-01 3.721660214208785789e+00 -1.303478743138612360e+08
1.874432674120547926e+00 3.921759497995489063e+00 1.095364219249724627e+09
-9.561082738177916207e-01 7.064259011823602386e+00 -1.721965579827289581e+08
-3.179398376151351679e-01 3.082785504511978969e-01 -3.006830521188584900e+10
2.163251400464333063e+00 8.660752717357363961e-01 2.592067664471234131e+10
3.022531825474394362e-01 3.605135264614740542e+00 2.090154418769776523e+08
4.179704328894930376e-01 1.566665912875403244e+00 1.530535441919361353e+09
2.207764331855821993e+00 2.968620718036470763e+00 2.251613805873999596e+09
-6.806407171780779919e+00 2.607892884842167192e+00 -8.994748926875402451e+09
-2.486283929862563302e-01 1.290526481462831165e-01 -1.341737320756184845e+11
-9.678032228109230140e-01 1.651695897188439899e+00 -3.188434519219950199e+09
1.520250056267394012e-01 3.853854692284491290e-01 9.199727741920726776e+09
-4.129851992522771686e-01 8.830919531622711816e-01 -4.759630632627820969e+09
2.600040337886121211e+00 5.651580588399165439e-01 7.316289040805924988e+10
-1.070323628551501649e+00 2.067729450473131170e+00 -2.249978170513029575e+09
-6.358415160499758523e-01 9.292892104465209080e-01 -6.617557288473541260e+09
5.125469294966429334e-01 2.342808776071850563e+00 8.392871426768348217e+08
4.245150150475530126e-01 2.468543411110703523e-01 6.261265735210725403e+10
1.142295172668498227e+00 1.970844503375460466e+00 2.643164780955668926e+09
3.091938529823840542e-01 2.694956193828360824e+00 3.826291466521201134e+08
2.974751152854480107e+00 2.649369126253519613e-01 3.809046879264690552e+11
2.157605179100111403e+00 9.619316534766577664e-01 2.095724364223871613e+10
2.194037621991913045e-01 2.330651409697228338e-01 3.630279345933075714e+10
7.299678187745221036e-01 1.171777499312487009e-01 4.778196699306463013e+11
4.841114835729718457e+00 1.833456017208774935e-01 1.294359783531979736e+12
-6.785964193855176241e-01 3.100242546060859583e-01 -6.345572904627023315e+10
-1.538311707725843691e+00 1.685342470698346640e+00 -4.867642041050881386e+09
-8.367188977972221053e+00 1.695459031563595620e-01 -2.616107561092462402e+12
3.189878022397513391e+00 3.648200081314366683e-01 2.154107621746100464e+11
-1.914270871761084292e-01 6.416060685107164430e-01 -4.179430265669294357e+09
-4.737423749244890736e+00 6.637608839174733433e+00 -9.664280806467765570e+08
5.117681922471503775e+00 3.672817612546750432e-01 3.409770769554724121e+11
8.420767781473117441e-01 1.289292208483593938e-01 4.553020367879904785e+11
5.061056303943872514e+00 1.930633603945097754e+00 1.220371523031793976e+10
1.370933052015680831e+00 6.293777160471409005e+00 3.110599810480272770e+08
7.635780656838183633e-01 1.949042620678594351e-01 1.806597440105978394e+11
2.687785919335391682e+00 9.585245497264657244e-01 2.629291950075057983e+10
6.933377006458123493e-01 4.363877743973084145e-01 3.272278688685373688e+10
9.779642441262740293e-01 1.561508335929902291e-01 3.604831595909014282e+11
-2.870454027964993715e-01 1.448619022578624405e-01 -1.229398974179072418e+11
3.694909479115616957e+00 2.822185105523764559e+00 4.169494742334927082e+09
2.169691621111988766e+00 2.263795305749970677e+00 3.805172243154102802e+09
4.581691862708874297e+00 1.944111848838339651e-01 1.089516976689352051e+12
2.323447335058601015e-01 6.391960197348435457e+00 5.111111170532031357e+07
-2.623639626220628518e-01 7.369740106179054617e-01 -4.341606457476096153e+09
1.486097089913921976e-01 9.423534067441877937e+00 1.504077422640043497e+07
3.584979580432321455e+00 8.445177853285311897e+00 4.517724095973181725e+08
1.481248333564812114e+00 1.798418976702422789e+00 4.116202575180617332e+09
6.865367593660907986e+00 1.759124821700748798e-01 1.993981390192551270e+12
1.336754734122406418e+00 2.578664303671966973e-01 1.806811026975137634e+11
-1.531674022876146068e+00 1.548023198578366566e-01 -5.744629653874328613e+11
-1.161000136292237528e+00 2.354443392585506167e+00 -1.882376024026158810e+09
2.337058773477886486e+00 1.175066866630830875e-01 1.521230735388293945e+12
-3.835645358330095345e+00 8.260115145233054568e-01 -5.052622611368818665e+10
-4.405216190968592738e-01 4.299214176777174323e+00 -2.142099711514683366e+08
-1.734299638095549434e-01 1.900742921936288132e+00 -4.314475309269946218e+08
5.020353136763773705e+00 1.608915561818213269e-01 1.743084257689315674e+12
3.360704041067881787e-01 1.777076079627824434e+00 9.564644755926617384e+08
5.659828686119995567e+00 1.412028849193519120e+00 2.551330756629582977e+10
1.566869899492875640e-01 9.248449327746020021e-01 1.646439258644766331e+09
8.118025376475742627e-01 2.983592375867730739e-01 8.196379255658706665e+10
-6.169484021313674793e-01 1.182398655945989807e+00 -3.966172576421306133e+09
3.290407929352546113e+00 1.647390264039653163e+00 1.089701055111217499e+10
4.014808754255449585e+00 1.235310931924064937e+00 2.364628454464328766e+10
-2.682216524550580239e-01 4.751022206149601579e-01 -1.067997734649297333e+10
-2.494846392324229445e+00 1.071148060615709330e+00 -1.954318836664184952e+10
-2.477687135350160386e+00 8.718432972690251859e+00 -2.929680214903337955e+08
1.215385370837670093e-01 4.488520346068955447e-01 5.421983937308978081e+09
-4.628377907394957802e+00 7.601489918185201367e-01 -7.199162598866567993e+10
-3.524274962620415952e+00 6.624879463912939359e-01 -7.217128551729231262e+10
-1.346179450448417025e-01 1.168117122685065346e-01 -8.867083435536111450e+10
-6.109054586119658126e+00 1.536588580635732948e-01 -2.325462932583152832e+12
-3.591514211745434615e+00 1.595177584084350064e+00 -1.268557423986587715e+10
2.786834093389807254e+00 1.137139742892147254e+00 1.937019784616273880e+10
-4.377693646077852385e+00 1.174921959564753760e+00 -2.850217107910834122e+10
2.211168148250918009e+00 2.619605399605883789e-01 2.896013847972740479e+11
7.436495565012131159e-01 3.611276228221289020e-01 5.125043116616868591e+10
3.227108375543223495e+00 5.647439124859565673e-01 9.094127784782446289e+10
1.917815845066596303e+00 4.072875948914297162e+00 1.039094762009341836e+09
-1.471678409522421682e-01 1.816314334350813464e+00 -4.009419664368524551e+08
1.004675138432308545e-01 1.353919527552510937e-01 4.925956467732756042e+10
-2.993135244012171903e+00 7.860743658632812769e-01 -4.353611694771743011e+10
-9.134095871094640273e+00 1.167882069488560548e-01 -6.018914892606066406e+12
-1.698192771990015559e-01 5.546587359680111851e-01 -4.961190360687850952e+09
-2.063305578157949682e+00 2.359019866584728953e-01 -3.332352796543756104e+11
-1.268953931217244868e-01 2.759128097568999571e+00 -1.498141194920789897e+08
-3.331615859129286039e-01 1.473038113320592535e+00 -1.379995185578678370e+09
3.270564904508975523e+00 3.423940078677893073e+00 2.507385322184918404e+09
-1.318882436103331335e-01 1.669018793281238366e-01 -4.255339837941946411e+10
1.266896758134730572e+00 2.115777024081719471e-01 2.543618938233057251e+11
1.115165177123805668e-01 3.080275386828486006e+00 1.056357029192142487e+08
-5.933007486153790033e+00 4.436141450043133427e-01 -2.709659645971616516e+11
-1.929966379966881362e+00 3.783651390689683480e-01 -1.211652634370021362e+11
-1.342201542157599736e-01 1.673696984956865030e+00 -4.306403147691912651e+08
3.063468544063227217e+00 6.280788698281378757e-01 6.979682669152874756e+10
2.051471702803562280e+00 8.046244813057011669e+00 2.847932323915653825e+08
9.861813923314990404e+00 1.233635940626908623e+00 5.824161310068132019e+10
-2.235175821430139376e+00 3.409324544884254404e+00 -1.728325823699805975e+09
1.552193178555732744e-01 7.104941526607421176e-01 2.763601200936253071e+09
-2.531933149269232963e+00 1.435048716940177105e-01 -1.105018537508498779e+12
3.335422828873714440e+00 5.964266248309438856e-01 8.427280906488856506e+10
-1.821385145128947336e+00 8.552824470379508881e+00 -2.237861941063966155e+08
-1.260545540207674398e+00 1.954576034362289494e-01 -2.965541593456310425e+11
-5.176938985515224800e+00 1.694696315691216482e-01 -1.620092808631984131e+12
-1.097586523192713853e-01 3.333908931570389034e-01 -8.875277055536071777e+09
2.535600994548379838e-01 3.635142059580409590e+00 1.724601488856213391e+08
3.538037830499781711e-01 1.582340424732176176e+00 1.270027848283912897e+09
4.933920885742220541e+00 6.852502741574468814e-01 9.443747436706683350e+10
-8.803337633947684315e-01 1.395695715513920465e-01 -4.061780837488314209e+11
9.512733069073102676e-01 1.364758676690011052e-01 4.590333090600461426e+11
-4.239936190890675749e-01 6.188518959263308084e+00 -9.950307162194970250e+07
7.984632761283408930e-01 1.342775597913044905e+00 3.980143076057979584e+09
-2.253986937102629429e-01 6.060356415381503714e-01 -5.515764060326475143e+09
-9.143075325231850847e-01 9.195663055293213928e-01 -9.717998257380527496e+09
-1.041391870530026020e+00 1.907775583745481729e+00 -2.571640335325377464e+09
-3.868646163346441957e-01 1.775430662562315354e-01 -1.103067771609051361e+11
1.742012418389276285e-01 6.601377613404783018e-01 3.592797276699370384e+09
8.627852705154577251e-01 1.013343522034941269e-01 7.551616895573074951e+11
-3.902816241490360216e+00 8.450496408991559072e-01 -4.912066966010317993e+10
2.701432083720845867e+00 1.800399189658434818e-01 7.490435250969250488e+11
1.201100168832313297e+00 1.225108404170164089e+00 7.192515527468485832e+09
-2.115669923414671416e+00 7.676997505781945286e+00 -3.226381594155710936e+08
-1.582475774061188556e+00 9.638598879881444148e+00 -1.530946007165454328e+08
-6.173820259460714333e+00 9.988818714145947908e+00 -5.561300179650796652e+08
-1.086258848138274419e-01 1.384044939394371010e+00 -5.096635347329251766e+08
-2.577776938812514462e+00 9.392211047380024880e+00 -2.626396353913602829e+08
6.673833587055554517e+00 3.564256559439740180e-01 4.721587871245324707e+11
3.577899501011558847e-01 2.357915225226588252e+00 5.783921399038439989e+08
7.062010731418983056e+00 7.608571297334009387e+00 1.096409430394361496e+09
-1.217152782648782461e+00 5.161683319589792651e-01 -4.105943816222183990e+10
8.906439813742043299e+00 4.849185479339664373e-01 3.404216432421309814e+11
8.048199343247805615e+00 3.171893331402618754e-01 7.189723609223858643e+11
1.842769697337353074e-01 1.516460129681586499e+00 7.202108960069316626e+08
4.280166914465560746e-01 4.979046717746355988e+00 1.551739879184350967e+08
-1.171129823119651858e+00 2.006592394367285315e-01 -2.614191121123026123e+11
6.518450298098942275e-01 9.196663770642786062e+00 6.926827282115273178e+07
3.429402653589120220e+00 5.479136267631687041e+00 1.026703150573063612e+09
4.537457798688769195e+00 1.907201656218821817e-01 1.121166174803125732e+12
1.009937405186827480e-01 1.519368347205018455e-01 3.932049049682897186e+10
1.259306160879866687e-01 1.003486735276647224e+00 1.123980234795532227e+09
4.025271549986036312e+00 7.448669562061058791e+00 6.520612392687298059e+08
4.862259601828878286e-01 2.539171916400201345e-01 6.778046575917913055e+10
-1.940988643466571295e+00 8.898619663734955720e-01 -2.203070132925967026e+10
-8.296282950199181938e-01 1.223043365487264333e+00 -4.984831259273019791e+09
-7.542633803340492715e-01 6.072428862044313425e-01 -1.838437075933054733e+10
-9.374826435101630828e-01 3.964240828194194766e+00 -5.361592391290361285e+08
9.654174681082979825e-01 3.601287632098423286e-01 6.690370238960401154e+10
7.339594299016450885e-01 4.288118774521528564e+00 3.587476465246764421e+08
-1.619473107225003206e-01 4.526802851132914474e-01 -7.102989904385421753e+09
-1.503261360787247147e+00 6.677826263131290574e+00 -3.029806418900404572e+08
5.714108883053979904e-01 4.327480342241199485e-01 2.742388142770044327e+10
-8.382005010150066937e+00 7.046847945168595473e+00 -1.517080874682248354e+09
9.298133477442808825e+00 3.217255922212447494e+00 8.073747752972625732e+09
-7.635094201554530891e+00 3.722853388900167815e+00 -4.951230570789640427e+09
-7.408734751935429408e+00 9.795446503946179106e-01 -6.939787789812957764e+10
2.939084891341356420e-01 4.951293337720395371e+00 1.077520236239682436e+08
-1.189551888156863413e+00 7.834984992864213460e+00 -1.741637114887049496e+08
1.202084981743238301e-01 1.689654505904317205e-01 3.784338429961358643e+10
-3.858979050233337205e+00 1.979295014657072249e+00 -8.853234701503358841e+09
-5.594835498783686800e-01 7.388312161386986432e+00 -9.211862933233855665e+07
3.416811350612690035e+00 3.838492189951858702e+00 2.084252335800090313e+09
-2.305751089956371125e+00 1.817594252351146800e+00 -6.272911487291766167e+09
4.078745893536033229e-01 4.818504610420444756e+00 1.578893039492803514e+08
3.544115709848983942e-01 2.681636000011673904e+00 4.429542330572745800e+08
-2.839549489898361756e+00 2.445045086401993750e-01 -4.269001593163470459e+11
-2.286908411351555426e+00 7.003797955866630787e+00 -4.190175101273525357e+08
1.405016332473969731e+00 3.446602948699462599e-01 1.063039691875474243e+11
1.075852086841478039e+00 3.147293448864662224e+00 9.761773113631383181e+08
2.255747246029461417e-01 2.414274559700539946e-01 3.478305616780552673e+10
-1.788631626078204029e+00 2.411992931642715998e+00 -2.763245442212732792e+09
1.073896573308229518e+00 1.528294770255003154e+00 4.132366393319344521e+09
-5.308261130522003990e-01 1.073608904267679076e+00 -4.139145450205263138e+09
-5.861488511677955815e-01 2.917700521321496598e+00 -6.188381946678175926e+08
9.727771794859190635e+00 1.470427792307765991e+00 4.043678202012932587e+10
4.644231704039030184e+00 3.093000843047220449e+00 4.363192965874921799e+09
1.251036879651459710e+00 9.068508987154704215e+00 1.367253221832696199e+08
-5.317048755982922703e-01 1.561575271816316279e+00 -1.959726271777374506e+09
-4.102036385061902934e-01 8.740408543898477989e-01 -4.825992701776980400e+09
-1.174681415888837011e+00 5.771281781169110836e+00 -3.169758375836272836e+08
9.287520421377228885e+00 1.196771263322820689e+00 5.828114765186127472e+10
3.939715709760626683e-01 6.361170158590578882e-01 8.750673433739763260e+09
-6.982183463144631119e-01 1.331058057219695945e+00 -3.541994456259277344e+09
4.085201964699340493e+00 1.173033647292009096e+00 2.668352562544690704e+10
-2.938615234824241362e+00 3.307970688342308785e-01 -2.413626352077780762e+11
1.151929756343780809e-01 8.278334894674542754e-01 1.510743144930251837e+09
-3.887256725037502858e-01 3.825673558953013753e+00 -2.387140731847107410e+08
-1.973394803094349614e-01 4.654584578265020811e-01 -8.186584445510296822e+09
-6.817789303768860831e-01 2.403758000034169895e-01 -1.060504971488422394e+11
2.839564976417930930e-01 6.200753055362592470e+00 6.637637907550140470e+07
9.052294071030216882e-01 2.709290131655540002e+00 1.108404402266935587e+09
-5.016992337472552244e-01 9.395281730794935449e-01 -5.108277020785634041e+09
4.528233949151421744e-01 1.521488449840486534e-01 1.758094256238973083e+11
-1.675919312597962396e-01 1.314725839349945302e-01 -8.714316451636683655e+10
1.906912333950975813e-01 7.749244776870165552e-01 2.854056639908711433e+09
-4.657027667133688542e-01 9.804311740732569724e-01 -4.354368833920810699e+09
-5.679596487173204977e+00 2.148076551952241287e-01 -1.106288992837642822e+12
-4.236663706314907074e+00 1.294190364518028380e+00 -2.273412724826288605e+10
-4.098315817602514954e+00 2.097421500749228063e+00 -8.373067826478293419e+09
-2.124938094447623438e-01 1.020697690434767324e+00 -1.833169557377324104e+09
-5.445008658215164665e-01 8.161743367423733631e+00 -7.346548043465375900e+07
1.368015588936258409e+00 8.715963671251260036e-01 1.618493061226672173e+10
-8.195414077945084586e+00 1.773636722977159463e+00 -2.341489288203586197e+10
1.412521524511968884e+00 6.487652797335928589e+00 3.016271939298102260e+08
-9.589947579740480066e+00 2.491136457086570832e+00 -1.388902681783378601e+10
-3.245334510207936951e+00 4.335353914857305035e+00 -1.551890136686641455e+09
1.279720899632043940e+00 1.499281078703416092e+00 5.116815536341188431e+09
6.276112602109876759e-01 9.586185942492424061e+00 6.138321733027634025e+07
-4.585876364351243240e+00 2.100418133682322441e+00 -9.342464196424686432e+09
3.597280656173285629e-01 4.475582992275130678e+00 1.614082433772484660e+08
-4.266860332669113465e-01 2.991049954604264371e+00 -4.286587693971983194e+08
-1.009849681837091451e+00 2.624464678272826923e+00 -1.317728342353484869e+09
-4.526059200259097137e-01 3.766774818133078462e+00 -2.867025341908285022e+08
2.035960754622557212e-01 4.596369751506592216e+00 8.661440069530330598e+07
-1.388412483257323027e-01 1.057070289299122390e+00 -1.116763973368099213e+09
1.539041107279517151e+00 4.762979161915828485e-01 6.097382995198983002e+10
-5.068514185820597540e+00 2.524830603896360270e-01 -7.146062220037341309e+11
3.293263067737752237e-01 5.736471038874067396e+00 8.994715502581018209e+07
1.832599205200216574e-01 1.826696879396651207e-01 4.936113514529923248e+10
-2.186323394615446780e+00 8.526400503916909956e-01 -2.702922311152947617e+10
-3.497359268759868911e+00 2.150561297135872019e-01 -6.796529632708619385e+11
-1.170420852938592438e+00 2.892078382316273788e-01 -1.257686938812086792e+11
1.226613198181659564e-01 2.011214285651004852e-01 2.725470975079826736e+10
3.593643527434402962e+00 9.529365438500578378e+00 3.556785292307501435e+08
-1.402340829614771467e+00 9.116138279067032002e+00 -1.516639590929182172e+08
1.127137013494424050e-01 1.293265606709221194e+00 6.056920506728931665e+08
-2.749467947444950711e-01 2.709872292134775096e-01 -3.365128329058858871e+10
1.757423236095497998e+00 1.416782407883071526e-01 7.869020402574772949e+11
6.752919228975389210e-01 7.436256941879518578e+00 1.097572959196530879e+08
2.740389683590785386e-01 4.355051863646163035e+00 1.298602634527302086e+08
1.672150074138945841e-01 7.668147857133059686e-01 2.555906215338545799e+09
-1.146163191158118544e-01 4.599442913948947442e+00 -4.869525107684466988e+07
-7.565213699028506822e-01 8.661061440789646904e-01 -9.064202089834781647e+09
1.990698400437947435e-01 7.201790862165227125e+00 3.449650325424844772e+07
-2.719866763954166711e+00 3.166693518623941994e-01 -2.437733255888480835e+11
1.175689664953404462e-01 5.874509140857337997e+00 3.061964498374458030e+07
-2.656038766220831793e+00 3.103206889028087723e+00 -2.478926021892915249e+09
4.187451535346612408e-01 4.755483486589128228e-01 1.664221223277440262e+10
-1.229567522908916605e-01 6.766498599245012180e+00 -2.413653975835829228e+07
2.581327401951644784e+00 1.749368422419753877e+00 7.581081128458797455e+09
7.386722435164726486e-01 3.185292707848228044e+00 6.543403527729806900e+08
-1.927484974675453655e+00 6.141541561587659181e+00 -4.592898302554251552e+08
-1.018366852418825186e+00 4.820652477155233484e+00 -3.938612226678620577e+08
5.793718310141668937e+00 7.955336468894502744e+00 8.227935696048865318e+08
-2.090305484977214301e-01 8.946497957531038825e-01 -2.347222417142924309e+09
-1.952863586496061954e+00 2.972698086813341245e-01 -1.986190583758583984e+11
-9.019220488396365809e+00 7.433619982316493902e-01 -1.466962159415407410e+11
-4.249973947668627683e-01 6.224822792566789831e-01 -9.857865790108167648e+09
1.394441090593379340e-01 6.362202993772991810e+00 3.096248055164886266e+07
4.868531058327368655e+00 1.287339684731654721e+00 2.640354550019760513e+10
-8.933640142234938741e-01 3.184775942086033318e-01 -7.916282884182922363e+10
2.217842393798124256e-01 2.073205884377390618e+00 4.637633594850541949e+08
-2.263966258222110284e+00 1.488248344932542322e+00 -9.186916133262681961e+09
2.418519964521836374e-01 2.717710154026659719e+00 2.943025472935587168e+08
-4.446846400072352323e-01 1.812067077429327711e+00 -1.217178316637039185e+09
-9.174977514203142448e+00 2.836747796014580936e-01 -1.024741146177158081e+12
2.461999153464857315e+00 1.801485194354527586e+00 6.818315971060166359e+09
-9.351383381373430836e+00 8.337175526517430768e+00 -1.209173416166511536e+09
2.277415826806357568e+00 2.750790111858385067e+00 2.705067108234490871e+09
-9.705974497071018448e+00 3.750745661103001893e+00 -6.200897221875713348e+09
-1.280730786187673498e-01 4.894362788793397701e-01 -4.805251821526880264e+09
-1.831978597943295928e-01 1.966218430037706966e-01 -4.258998517557392120e+10
-3.952292298314211472e+00 8.710221057652132615e+00 -4.682106845916711688e+08
1.721563761335116183e-01 4.390047201584308389e+00 8.028517364424446225e+07
-2.815320966488656040e+00 1.086386348036799399e-01 -2.143926705724046387e+12
3.827669139581962865e-01 3.348561860975955540e+00 3.068091843557201028e+08
-4.720198127560680246e-01 3.879878040766981506e+00 -2.818218737204119563e+08
4.640298269269341525e+00 2.062638056645954787e+00 9.802807232578660965e+09
1.724627872605955514e-01 2.178928364889172742e-01 3.264826553969551086e+10
-3.001218581276592356e-01 3.643356661828059395e-01 -2.032099031552295685e+10
-6.115668198060306260e+00 8.001611489873166505e+00 -8.584986403294761181e+08
9.467509429010395605e-01 4.695991249608071350e+00 3.858618184616181254e+08
-1.021313233411334620e+00 3.035640532081870013e+00 -9.961136507063759565e+08
-1.122782125855336544e+00 2.567736139657383343e-01 -1.530542245491144409e+11
-9.937665373294123583e+00 9.416778933878258151e-01 -1.007233674345568237e+11
7.913257817257720594e-01 7.605320609659546038e-01 1.229619891277315903e+10
-1.285666302315131848e-01 1.071553595806561399e+00 -1.006354709708333373e+09
-4.935901596713738293e+00 8.926919570590124309e+00 -5.566905735399062634e+08
1.025862785595961890e+00 2.270278973518454535e+00 1.788880953551116705e+09
-4.326335044226619075e-01 4.201238468311893293e+00 -2.203008135517512858e+08
-5.602208559543913058e-01 8.417296721098350698e-01 -7.106644929425852776e+09
4.965315115535044455e-01 7.979414683727388269e-01 7.008988745692760468e+09
3.738393296093198148e-01 1.432296239834366935e-01 1.637834081218986206e+11
-1.171572942607653073e-01 2.490842216454225988e-01 -1.697178477968043137e+10
-2.206805415588103669e-01 1.156488726405271728e-01 -1.482968247507815552e+11
1.126605124640439382e+00 1.351018968666258813e-01 5.547527290587911377e+11
1.776186351265328922e-01 1.188075631975456653e-01 1.130969700654070740e+11
1.014914806615327736e+00 7.238073866126411460e+00 1.741141973349715769e+08
-9.139696160755928389e+00 4.476366154555466159e-01 -4.099502634401631470e+11
7.420502509277981940e-01 9.687102318880677743e+00 7.107161114641439915e+07
1.617994557507981268e-01 1.272408595984274582e-01 8.982029683426339722e+10
-1.325796816821911417e-01 2.853615805283157281e-01 -1.463310829822929764e+10
-1.528903091247705737e+00 1.187215172003726504e+00 -9.749261086697883606e+09
8.997058319518959735e+00 1.337265342651297595e-01 4.521848163177308594e+12
6.301793738285462743e-01 7.222148203699337188e+00 1.085880439990421683e+08
-1.582673365627544237e+00 4.994827589785622912e+00 -5.701654646539394855e+08
-7.147785172388405606e+00 1.681136919797232343e+00 -2.273086369835119247e+10
-2.233643151175084274e+00 1.038752185772195524e+00 -1.860546411833449936e+10
3.809942480314950086e-01 2.254541029176507227e-01 6.736785987153553009e+10
2.413618138940372693e-01 1.850380041627980310e-01 6.335739440720147705e+10
6.467132991581172163e+00 3.332886586361187287e-01 5.232645814862586670e+11
2.527985055640513679e+00 1.784681648335256776e-01 7.133515428025975342e+11
-2.895842404990233820e+00 1.162602984342874013e+00 -1.925584914183082581e+10
4.725347030650254854e-01 1.811048054311043543e-01 1.294864662713683014e+11
3.141910463431695777e-01 8.099113303811757092e+00 4.304963500309648365e+07
-1.746578908696715393e+00 1.165700452296047018e+00 -1.155220533802069473e+10
2.063914392774817141e-01 4.563221311449848216e-01 8.908390246168298721e+09
-1.456113378135463599e+00 1.515272114096775535e+00 -5.699864723549385071e+09
1.741359159367571463e+00 4.264759708349098233e+00 8.604979497986689806e+08
-1.825483654961135072e+00 7.325958406937163936e+00 -3.057029782556747198e+08
1.160241873093497134e+00 6.659021302935400621e-01 2.351680645591645813e+10
1.503283255855456746e+00 2.420500451083256732e-01 2.306115754126007996e+11
-8.167538943439411891e-01 2.379344915738036192e+00 -1.296662724429779530e+09
1.442578323558270315e+00 8.737188114794209426e+00 1.698426071484795213e+08
-2.488709338946428762e+00 3.199439169517651060e-01 -2.185129001041654358e+11
-5.657858999906356656e-01 5.045318140506079629e+00 -1.997678637187791765e+08
3.410678719927970004e+00 1.761303870789660553e-01 9.881499449710498047e+11
-8.348170212558756464e-01 9.948933674649681480e-01 -7.580342741767508507e+09
3.425343069575112587e+00 5.963695726134191410e+00 8.656129384198311567e+08
2.217611904992130012e-01 4.765688181765637133e-01 8.775763614513858795e+09
-1.635513924959920651e+00 4.428805187041600533e+00 -7.494310977939790487e+08
-1.540817200500330220e+00 2.171590662188677412e-01 -2.936606834561065063e+11
-4.904383529405325959e+00 2.879532729964530802e+00 -5.316073845087021828e+09
-9.398924296890625030e+00 1.701573278827788194e-01 -2.917611460283828125e+12
2.826468627331506500e+00 8.867264572252622212e-01 3.230840023698658371e+10
3.777596636444200406e+00 4.676851102327631571e-01 1.552240871585152588e+11
-9.531328447821573846e+00 2.318281315238884588e+00 -1.593939319515852737e+10
-4.860204120625734703e+00 1.077691834800537984e+00 -3.761109199233921814e+10
-2.744562531261863558e+00 1.004671144213770129e+00 -2.443857567357481003e+10
-7.909002717100833690e-01 1.859042937558039732e+00 -2.056806811359422207e+09
-1.663146345258773307e-01 1.304020438554402972e-01 -8.790473871672926331e+10
-1.269613527016427712e-01 1.957650293535973862e+00 -2.977501106717976928e+08
-1.521817460407674849e+00 1.496430261971071873e+00 -6.108016709210851669e+09
-1.806084529475829037e-01 3.466443062153549359e+00 -1.350891747672490180e+08
7.430836853775646844e+00 1.363560022513742032e-01 3.592028922524895508e+12
-4.398385049536077673e+00 1.670015896681214418e+00 -1.417433374437858391e+10
5.972210947028978589e-01 9.033921228587864505e-01 6.577080520056092262e+09
2.627195713698728952e-01 3.980418976344522353e+00 1.490340381875897944e+08
-1.154894274992341041e-01 9.495079468172244574e+00 -1.151318913217093609e+07
-4.391738117998034152e-01 7.286156943310182044e+00 -7.435154714056555927e+07
5.357998972237536073e+00 4.027616785954465373e-01 2.968636069405704346e+11
6.295028478464252952e-01 1.551539998268801623e+00 2.350294939043156147e+09
-1.428438596877111555e-01 1.945665523146146991e-01 -3.391375107176494598e+10
8.152046748413832589e-01 2.600377014697491385e-01 1.083539237362632904e+11
6.035353199036504357e+00 1.424738364637275767e-01 2.672286829960571777e+12
1.128236008862234963e+00 2.181249756294097342e+00 2.131276436352717638e+09
1.165266686501770510e-01 2.467048261574887213e+00 1.720761410758000016e+08
1.343207693138615544e-01 5.342224295506330378e-01 4.230089465044311523e+09
2.224314597482160760e+00 4.329652542964378958e-01 1.066450591809169312e+11
-6.673978913329273732e-01 6.187565048304988657e+00 -1.566736254939773679e+08
2.658107351625701664e+00 9.669347940575047318e+00 2.555222710140754580e+08
-2.666455381158296056e+00 6.138315169724952725e+00 -6.360431393040548563e+08
-9.598799863173670843e+00 6.678650064481956861e+00 -1.934150113498312235e+09
3.719849852680772617e+00 7.712646953057319621e+00 5.620424585778617859e+08
-1.412483747905920739e-01 1.657091857029270532e+00 -4.623181157913148999e+08
1.408490798012678735e-01 2.306697403628493959e+00 2.379158516200879216e+08
-9.838187666603925852e-01 1.515211525422868410e+00 -3.851405007247148037e+09
-1.364631834386794973e-01 2.249395945631314508e-01 -2.424009405687281418e+10
-1.949557837610825795e-01 1.727120131560863636e-01 -5.874104244970740509e+10
1.258525795010055626e-01 2.201243996267071346e+00 2.334405892315998077e+08
2.338568987494306084e-01 7.583309086541020427e+00 3.654965560196354985e+07
6.187282422256140668e-01 6.975225876615429588e-01 1.142967829840449333e+10
-8.484153551371422353e+00 5.764359830781524696e-01 -2.294864100431092834e+11
1.062630285719236234e+00 4.694246574532974670e+00 4.334120799733893275e+08
3.132057963062030992e-01 3.187588625471885262e+00 2.770485440297391415e+08
9.045271774211790516e-01 1.555029612352854862e+00 3.361978340355225086e+09
1.174489606297420607e+00 6.166485365721704248e+00 2.776031474462333918e+08
2.824613994095625524e-01 1.259492744196702985e+00 1.600362568433232784e+09
2.074973524257336943e-01 8.161832415885912795e+00 2.799547440797924623e+07
-1.642533699981220563e+00 8.350375901028938008e-01 -2.117155976417604828e+10
-1.204260180225239507e-01 1.918978473060991785e+00 -2.939210827893463969e+08
-3.434504389157788107e-01 8.225946345580137375e+00 -4.561870463732485473e+07
-1.126093771358065876e+00 2.739151772339116775e+00 -1.348941082839119434e+09
9.839035124422677026e-01 1.907642831208582912e+00 2.430015252945434093e+09
1.613976177756762054e+00 7.984677085818285835e-01 2.275270437988070297e+10
5.816669961427918700e+00 8.585957024373723767e-01 7.091655336807499695e+10
-1.364472472683216364e-01 6.373615375867707211e-01 -3.018865005382274151e+09
3.504919801162202031e+00 1.366231643201240020e-01 1.687640829213819336e+12
1.194693037458230522e+00 9.818158814949584645e-01 1.113901645222093773e+10
-1.015696846821042776e+00 5.920666894299484451e-01 -2.604194798566135406e+10
9.633945857679903080e-01 3.419073606018784961e+00 7.406924515994219780e+08
8.810240110413563031e+00 3.838531885975713931e-01 5.374128639613710938e+11
-2.683403509962803746e+00 2.683489402590099715e+00 -3.349167226571960449e+09
-1.672742370984738880e-01 4.036723402923407256e-01 -9.226175068921363831e+09
6.738714863823062062e-01 1.652969405348221621e-01 2.216654812446164551e+11
3.310138028503801233e-01 4.922281739239736886e+00 1.227902224001607299e+08
3.857058269149625573e+00 2.689435202137180347e-01 4.792748589480748291e+11
-1.131232848894880849e-01 1.623617287695673816e+00 -3.856872589323627949e+08
2.719789315654435602e-01 2.141628474481982014e+00 5.329636833092135191e+08
-2.838742398071118500e-01 5.237613734333130822e+00 -9.300572211830469966e+07
-3.763911991138992441e+00 5.145182806083148375e-01 -1.277875250929560699e+11
1.735926523313473802e-01 3.101336239596709787e-01 1.622124744339576340e+10
-5.375559796560175130e+00 6.005445411668556055e+00 -1.339626926306568384e+09
8.198756193541583137e-01 1.241175548468104850e+00 4.783350090583225250e+09
-2.187017124524897049e-01 7.064619824184056318e-01 -3.938448860004762650e+09
-3.855539989642694731e+00 9.075458020518086144e+00 -4.207253940134511590e+08
1.795456559777380834e-01 1.580290834704728142e-01 6.461769733026791382e+10
-1.110719443000282303e-01 3.657378476375540699e-01 -7.463029925085318565e+09
-1.308297440721587490e-01 2.640056868417285374e-01 -1.687060069233056831e+10
4.668338201410112132e-01 9.401920646764105882e+00 4.746568654492377490e+07
2.235606997390839068e-01 3.584520580797485589e-01 1.563809769995932579e+10
-6.939390679845773846e-01 7.868029174418717631e+00 -1.007488351581310034e+08
-7.290930935410785629e+00 1.285867735394087552e-01 -3.963154508010688965e+12
-2.513559099703994160e-01 1.925891010567850170e+00 -6.090827603174285889e+08
2.346859510911363245e-01 1.130048963757559061e-01 1.651745711670761719e+11
-6.730899955851605831e-01 4.394735682623425177e+00 -3.132263097758631110e+08
2.454938574559182296e-01 1.054665402283366804e+00 1.983635397028801441e+09
-2.645408748587042558e-01 3.995784731119781163e+00 -1.489152715518769324e+08
-7.447594063005314347e+00 4.319324921381847426e-01 -3.587854852134329224e+11
2.904963379663390910e+00 5.440370135346350722e-01 8.821336407589344788e+10
2.045341802908095807e-01 3.957652177049419961e+00 1.173657198498842865e+08
-6.656144272386865346e+00 1.233905766552102629e-01 -3.929247245060426270e+12
2.200794554518943347e-01 5.960831981284877124e+00 5.566937687700808048e+07
-1.751691846045698997e-01 2.103007119781130640e+00 -3.559810180244448185e+08
1.309154303844705103e+00 1.829077056427186987e+00 3.517041168867726803e+09
1.650187789906933933e-01 2.545566595481916772e-01 2.288838031765475464e+10
-2.073117098931018809e+00 1.471954055503042813e+00 -8.599752314249036789e+09
-1.462978070323324442e-01 1.906759253114282293e+00 -3.616568616703041792e+08
-6.332185588214108485e+00 3.107701153455312504e+00 -5.892855005627995491e+09
4.667421179464626424e-01 1.976836114701352010e+00 1.073461017591081738e+09
-3.449775815048815808e+00 8.113975704736453576e-01 -4.709492239331264496e+10
8.627421449517449492e-01 2.798508320421101203e+00 9.900985562517040968e+08
-3.950920720350528659e-01 1.622744867699926208e-01 -1.348492219452758942e+11
4.875546448616991491e+00 1.042265669007990669e-01 4.033824978137112793e+12
1.864523495213851190e+00 2.262635302871759624e+00 3.273326759026766777e+09
7.180886284844090639e+00 3.490785352431663990e-01 5.296419523435730591e+11
-1.173421335365324891e+00 9.496365993190481802e+00 -1.169471682926476002e+08
-5.740084726155383343e-01 1.027825912796285435e+00 -4.883484301297841072e+09
9.155757585397166665e+00 7.221777231835222466e-01 1.577817353545723572e+11
-5.585674417012570281e+00 5.799631925360453355e-01 -1.492537914342377014e+11
4.399904950492310896e+00 6.916038581830288301e+00 8.267593179176505804e+08
-3.743955812548742101e-01 3.612756855049235050e+00 -2.578124376595212221e+08
9.276648686876610705e-01 9.705809028543773698e-01 8.850712719281051636e+09
9.853542718179808091e+00 4.280062509351865163e-01 4.834402417325078125e+11
-2.102434713624174445e-01 3.524339982278123506e-01 -1.521309381109052086e+10
-1.487298248177661153e-01 3.612446278468409044e+00 -1.024344146614440978e+08
-2.915497652905127413e-01 8.406157078804096239e-01 -3.708244082668371677e+09
3.700735619651394637e-01 2.671604096410802320e-01 4.660091855120818329e+10
-1.928451553895680792e+00 3.815471959136113700e+00 -1.190591613607485533e+09
1.716296846158555933e-01 1.110037684737966296e-01 1.251894054588026276e+11
6.063394613517703924e+00 3.753299546588076296e+00 3.868476823024132729e+09
-8.197533759372604978e-01 4.001305857328798510e+00 -4.601827472973428965e+08
1.987732777294031861e+00 1.196073632281038635e-01 1.248799697362892334e+12
1.898198187723640906e+00 1.413443803952907807e+00 8.539551853834308624e+09
-4.357071537267885875e-01 1.846686008701787340e+00 -1.148310117385273695e+09
1.994965740498267082e-01 7.335044148112236373e-01 3.332580095353707314e+09
-3.548020634588467948e-01 2.035906443488564033e-01 -7.693449749763168335e+10
8.568109879196953216e+00 7.238079142810348365e+00 1.469904064294243813e+09
9.280791885155339926e+00 2.254777102289800550e-01 1.640697138825252441e+12
1.968576210639793600e-01 1.964950053071854885e+00 4.582471997700172067e+08
3.742602678106599967e+00 7.581442727212994726e+00 5.852219748346887827e+08
-2.544617131274965249e+00 1.084036413286793843e-01 -1.946190390307591064e+12
-1.006684976791493852e-01 4.156415899169915162e-01 -5.237285038751837730e+09
2.579455863141518202e-01 8.123324823626706603e+00 3.513266385199521482e+07
1.203436868089066358e+00 2.193650271530048101e+00 2.247704164133217812e+09
-4.790658445733338433e-01 4.745762037571148895e+00 -1.911762378526929617e+08
3.266499289157131170e+00 5.772364774040912305e-01 8.811009122331062317e+10
1.141017041228546414e-01 2.382410686465285254e-01 1.806797546306642532e+10
-1.211158586763193962e-01 7.373691697800733857e-01 -2.002081166434131622e+09
-2.821674459481254171e+00 1.169889929295338860e+00 -1.852966298643807983e+10
-2.581791601517574031e-01 2.194706993476065182e-01 -4.817466540764722443e+10
4.080241808816550630e+00 2.019718866408588109e+00 8.989896160542081833e+09
2.056694258879717685e-01 3.052327835382980803e-01 1.984074610778263855e+10
-5.779313364308525935e-01 2.383240310260858585e+00 -9.145157507087858915e+08
-1.129714035781756110e+00 8.673350598322425498e+00 -1.349725145398103893e+08
-9.109502500602365771e+00 3.362701870396055948e-01 -7.240499815961273193e+11
1.361146703595087937e+00 2.047956213066063125e+00 2.916850835698110104e+09
-1.717922256360087774e+00 6.104895677757522954e+00 -4.142834941600714326e+08
4.894787265873876692e-01 1.671849418248338992e+00 1.573947068492205858e+09
-9.071307668443348016e-01 1.371798316353109171e-01 -4.332514095623332520e+11
2.716200804727582074e-01 7.702499727609115610e-01 4.114803576298384190e+09
8.267884758463008410e+00 6.485446050474340529e-01 1.766710259199591370e+11
-5.961269515963872889e-01 1.147710723238353658e+00 -4.067471296656250954e+09
1.271254143003444359e-01 1.959449720006207984e+00 2.975875458964833617e+08
4.418810762777938272e-01 1.085908028080331933e+00 3.367983333675346851e+09
-8.229321076260831092e+00 1.364415980811748141e-01 -3.973022554776727539e+12
-5.462150904632412818e+00 4.403973668878632397e-01 -2.531190811781214294e+11
8.043769076012178942e+00 4.278503148045202487e+00 3.949357977174803257e+09
1.618889968512640776e+00 6.543376557561531026e-01 3.398318836820575333e+10
4.523063462219769626e+00 4.665335798843853077e+00 1.867744569719308615e+09
1.638014352181799416e-01 4.209780811413705304e-01 8.307098356831626892e+09
8.643050718030664825e+00 1.733053406308645294e-01 2.586388658930066406e+12
3.244354836252595131e+00 4.085999748557177291e+00 1.746555112228840590e+09
-1.887063655448739663e-01 2.206196763835965413e+00 -3.484565899126497507e+08
1.645847329108978130e+00 1.090925904896338644e-01 1.242938545213511475e+12
9.401160081673513247e+00 7.647479890772714839e+00 1.444758901199174166e+09
4.388611499759573209e-01 1.522453331674527455e+00 1.701726560166396141e+09
1.135245180153073713e-01 1.585542291429325346e+00 4.058678248416810632e+08
1.957431369586242198e+00 8.667437441424835631e-01 2.341831971408605576e+10
2.651145696035832167e+00 3.116083710115004735e+00 2.453951537901956081e+09
1.670875248817600411e+00 4.332970776535147728e+00 7.998768435300283432e+08
9.072329038730601036e-01 1.095112036836699276e-01 6.799113738926612549e+11
-2.131151495267249452e+00 7.426879367283536482e+00 -3.472579537144948840e+08
-6.834363418747138041e-01 8.790798670956599281e+00 -7.948625202834276855e+07
5.465606870846999144e+00 3.377091654337704973e+00 4.307282076065027237e+09
3.396985406477397995e-01 4.644707655486663533e+00 1.415231646150855422e+08
8.356121185292769482e+00 3.381926124335682626e+00 6.566396677730695724e+09
2.445357041938339471e+00 8.384725520121216746e+00 3.126188754105459452e+08
1.354315018460919395e+00 1.257036389358688333e-01 7.703260999736273193e+11
-1.962368310198203958e-01 3.063646867242892369e-01 -1.879116607873320389e+10
4.792036798505452944e-01 9.468409146782867936e-01 4.804151893795256615e+09
-4.210446171610774946e-01 1.184843194330206240e+00 -2.695609518071608543e+09
-1.876288853577044780e+00 4.671035691746077689e-01 -7.729011355240356445e+10
1.365545731806741270e-01 2.482222324099311594e-01 1.991936607807159424e+10
-1.145001608490044676e-01 7.989469291897420611e+00 -1.612207181665266678e+07
-2.371862363574993859e-01 7.701964711270472552e-01 -3.593660559396774769e+09
6.889097617305866450e+00 1.132957639829712093e+00 4.823759116490361786e+10
-6.308085676763456107e+00 1.488627986076064280e+00 -2.558443571951324463e+10
1.800524140558299457e+00 4.806867958019230835e-01 7.003662053197790527e+10
3.548003744651198055e+00 8.426962757845487317e+00 4.490477644771358371e+08
-6.641898919406685309e+00 1.022230882901930871e+00 -5.712745612825477600e+10
6.247573728406240257e+00 1.176218256683221997e+00 4.058692755179914856e+10
-3.582002786381156767e+00 2.464415264121260218e+00 -5.300889577310493469e+09
1.162658113184518588e-01 1.237873534485462779e+00 6.819461612896145582e+08
-3.745911516165553179e-01 4.025862414499165709e+00 -2.077257212673281431e+08
-7.411221441219680850e-01 1.616635617206640396e-01 -2.548684762793890381e+11
-7.058435213727424218e-01 4.323642451940755138e-01 -3.393591055715366745e+10
-5.471464769607449208e-01 1.919597232274189658e+00 -1.334547374867067337e+09
-4.952809203944403826e+00 6.008908069582233891e-01 -1.232852433749152069e+11
3.283834401332037523e+00 1.040009428640499278e-01 2.728709565727082031e+12
4.285234862837727476e+00 8.434736834557605700e-01 5.413550266542745972e+10
-1.433306092075062876e-01 1.471233313826484590e+00 -5.951500365014083385e+08
5.080962410299806331e-01 7.953138390790681633e-01 7.219706140990782738e+09
-3.936677234982301488e-01 5.655384103625006986e+00 -1.106257463113873601e+08
-7.390304242949909952e-01 8.733749401078814145e+00 -8.707860902705380321e+07
1.573737897486900517e+00 1.542080302428080252e+00 5.947973733925415039e+09
-8.836797900641149894e+00 2.565553616276204374e-01 -1.206655649675843506e+12
-6.096690166077654460e+00 6.820964628707005595e+00 -1.177750095721691370e+09
2.266133986813998469e-01 4.334566680731355426e-01 1.084038798039404297e+10
-4.204973905022182379e+00 5.657808617712043464e-01 -1.180639795299046783e+11
1.255988929098836027e-01 5.527114194110631651e-01 3.695213659725166321e+09
-7.662603239138272571e-01 1.847964167692549786e+00 -2.016693345917919636e+09
5.171349647804874827e-01 1.120368421575794055e-01 3.702821715436347046e+11
5.805158386460680831e+00 1.178216968278682497e-01 3.758496461767406738e+12
-9.331353290948053436e-01 5.082234324827931360e+00 -3.247026855889899731e+08
3.993960871994281625e+00 2.327787967258212742e-01 6.624720903574215088e+11
3.234152871487042114e-01 5.157392514845606790e+00 1.092825427146419734e+08
4.750436921717118288e-01 5.586570830335297888e-01 1.368023491921865654e+10
1.490783580821694321e-01 9.806031430681395600e-01 1.393409147740339041e+09
1.117847153149142070e+00 3.442778576051408912e+00 8.476466695034739971e+08
-9.454993474217390670e+00 1.375751908518972666e+00 -4.489847640915401459e+10
2.286318312570035094e-01 2.498924352335945287e-01 3.290645470859107590e+10
-1.910358436469610677e+00 3.650658221778761092e+00 -1.288318156491250277e+09
-1.744717109542149203e+00 6.429651461062313444e+00 -3.793156624970155954e+08
-1.084539731285604658e+00 1.334062325538793337e+00 -5.477013931877450943e+09
-1.929468267081923261e-01 4.451887799671037649e-01 -8.749834488924367905e+09
2.471631784960702238e-01 2.692217812433380653e-01 3.064883726762030411e+10
1.019204958273159933e+00 4.235681917549374842e-01 5.105819625062897491e+10
-6.720325145694443059e+00 7.561927975841234328e+00 -1.056272154313726902e+09
-4.017046401263518973e+00 1.756272950586670545e+00 -1.170505453799620056e+10
-9.954041010459304673e+00 9.449598170663946917e+00 -1.001897658450399160e+09
5.964517579731245966e+00 1.491201076498956946e+00 2.410757487149892426e+10
2.650663881109986408e-01 1.179196230014234320e-01 1.713298815072411499e+11
1.050099531907522588e+00 2.994012342150948469e-01 1.052867962029647064e+11
9.826980790492396700e-01 8.139873824893617993e+00 1.333016052859087437e+08
2.611239301836244309e+00 1.779133681702494307e+00 7.414470281898812294e+09
7.009741489540704862e+00 3.797987449491879275e+00 4.367627279100390434e+09
-3.471184141653754551e+00 1.805650107537381810e-01 -9.568879270687314453e+11
-6.490271126646494082e+00 1.290106973427051773e-01 -3.504790091775735840e+12
3.686055196417583613e-01 6.682349720004094884e+00 7.419148283983597159e+07
3.795914538218349565e-01 1.293163952156316299e+00 2.040139501153103590e+09
-8.771025199589825849e-01 6.118773203287560136e+00 -2.105582512380622923e+08
-5.732906382207760387e+00 8.431355871023336945e+00 -7.248207660844188929e+08
2.984493798911874163e-01 1.076572796134504517e-01 2.314379086860213318e+11
-7.819732234931071613e-01 9.948292924436017870e+00 -7.101422822277113795e+07
-8.032887012696616758e-01 1.890071983154468782e+00 -2.020996622192641973e+09
2.935805945269835404e-01 1.482903695872080707e+00 1.199919382989753723e+09
5.737450054122133380e+00 1.062063253287573034e-01 4.571605754237075195e+12
-1.943724516905225297e+00 1.029000721112943439e-01 -1.649886134291764893e+12
1.195880664801408200e+00 1.037633057220992971e-01 9.982765378873778076e+11
1.429470776984608227e-01 1.798862409541990004e-01 3.970361095588369751e+10
-2.869846592970545451e+00 1.556428510640241125e+00 -1.064758082264700127e+10
-4.533292051151540214e+00 1.140672663212938254e-01 -3.131426697798310059e+12
-6.001135961044175016e-01 6.073311294915798575e-01 -1.462288284594783592e+10
1.139266224996838162e+00 1.842622802644454105e-01 3.015802925010661011e+11
1.954411207163286646e+00 5.295424057600033763e+00 6.264192199644887447e+08
8.221746542897113486e+00 6.771298694825933495e+00 1.611650098856695890e+09
6.805966274739462252e-01 2.921489234868160922e-01 7.166908012960655212e+10
-6.573570264333005397e+00 8.199501820066098512e-01 -8.787735860881263733e+10
-5.883360615066263399e+00 3.121744749017379972e-01 -5.426018966032907104e+11
-6.354610184110586424e+00 9.491744939995029995e+00 -6.339389174565111399e+08
-1.866654637907803505e+00 1.635664951234332420e-01 -6.270842548899588623e+11
3.184447942246521723e+00 8.792387557765449557e+00 3.702295898968064189e+08
-2.471715583885961132e-01 2.028228817261670702e+00 -5.400266795043252707e+08
-4.043767899007193023e+00 1.577944886420200366e+00 -1.459664944220263290e+10
1.362041789222317334e+00 3.569811151638949132e-01 9.606176613464340210e+10
1.003859561091790864e+00 3.954074381607928235e+00 5.770771902536211014e+08
-1.735415769142179210e+00 3.269574780588009322e-01 -1.459054814745663452e+11
6.322301993764742001e+00 1.242468691519314383e+00 3.680907866730828857e+10
3.237018887153494395e-01 1.514610613653316618e+00 1.268217845796049833e+09
5.047878652464695692e-01 7.739199276724213483e-01 7.574735381506864548e+09
-3.339204591430414704e-01 5.909241358415562306e-01 -8.594689462715446472e+09
-2.131371397421957248e+00 4.499945556201182528e-01 -9.460089232491336060e+10
-3.534778401558600347e+00 5.257673874898147748e-01 -1.149279137017613678e+11
-7.328754604262194272e-01 8.284140225076966901e-01 -9.598114251304988861e+09
-2.044908734405638029e+00 1.008278414439663789e-01 -1.807855058376715576e+12
5.044178544957557797e+00 2.260895906653114795e-01 8.869107803973161621e+11
8.832374876094286620e+00 5.579820313837099199e+00 2.549691785515776634e+09
-1.279058903381385504e+00 3.379409880932974786e-01 -1.006605790484528656e+11
7.186630228899038464e+00 1.910844367359957996e+00 1.768989622465546036e+10
-3.324300142670631453e-01 2.399583327846010194e-01 -5.188946284244721222e+10
1.660323350071688797e-01 4.431548533409032098e-01 7.598577093275769234e+09
3.199731835910958111e+00 1.181050419759379411e+00 2.061708797424004745e+10
4.921383411512358919e+00 1.089595597140342320e-01 3.725693636689375000e+12
4.013370709711608697e+00 3.205835899993590976e-01 3.509759184528487549e+11
-1.120959410853848426e-01 7.072703305073809510e+00 -2.014047113206459582e+07
1.512908223336146385e+00 4.224604815559461768e-01 7.618878052234172058e+10
3.637311252631151515e+00 1.346462597094902347e-01 1.803194179681954346e+12
-2.962014126997334906e-01 1.679236292970224920e+00 -9.440915702782320976e+08
-1.522173732542503988e+00 1.063799266929227993e+00 -1.208914170203636169e+10
2.596541942741136921e+00 2.346769925021321146e-01 4.237453376695402832e+11
-2.936086756096685790e-01 1.198389366691759772e+00 -1.837484179850135565e+09
3.803685940246378294e+00 2.475499862357196101e-01 5.578654387648818359e+11
-5.968033887056032327e+00 3.257102795163295816e+00 -5.056138575088359833e+09
-3.904506223243084939e-01 1.198970822394836017e-01 -2.441178345201697693e+11
4.066509738155461018e-01 3.631876678345557607e+00 2.770832340854925513e+08
-4.066156846231206989e-01 4.792167027210238461e-01 -1.591368847067756271e+10
1.113425816236562671e+00 5.720698533203877334e-01 3.057833124253539658e+10
8.068803634655138390e-01 4.401631878411628840e+00 3.743107741316633224e+08
-4.065834599068095301e+00 4.597931723417081340e-01 -1.728523505330920715e+11
-1.912197276139338431e+00 9.816445459440672483e-01 -1.783506915390076065e+10
-3.097705413641733130e-01 1.143584935047357032e-01 -2.128893235134437866e+11
1.332272204310850583e+00 6.578080122562027121e+00 2.767230065057192445e+08
2.257570886242502850e-01 4.622528829366565062e-01 9.495826201236373901e+09
5.029755684760831791e+00 6.282155870624320571e+00 1.145460435074192047e+09
3.110937922268620870e+00 1.634170590712620941e+00 1.047001207117337418e+10
2.062223286990019500e-01 4.081483861224148413e+00 1.112628391511481404e+08
8.664027733728075775e-01 2.147314400546431745e+00 1.688803727596086502e+09
-5.952221921415846495e+00 2.345782375719031698e+00 -9.721970417834976196e+09
9.151065347345069823e-01 5.624214748058502522e+00 2.600150493885464370e+08
-2.628621213114350486e+00 1.790662770324154551e-01 -7.368023767404298096e+11
-1.970036283854458836e-01 8.846343432799121942e-01 -2.262545138397159576e+09
7.921639215501943276e+00 2.381955364704473888e-01 1.254869140233638428e+12
-1.010815094706400963e-01 1.428878601584819830e-01 -4.449709635856574249e+10
1.824437131487654795e-01 5.226493129292021145e+00 6.002867443152883649e+07
2.960121266520381766e+00 6.066317214914842548e-01 7.229527078069157410e+10
-8.086155256124472501e+00 5.639292701960106902e-01 -2.285301056278771362e+11
-9.197059781879563189e+00 4.260582599725348807e-01 -4.553670991087629395e+11
8.596414415025125377e-01 2.781817641384685569e+00 9.984139678515417576e+08
4.374672291288146830e+00 7.147701492164543424e+00 7.695969359952323437e+08
-1.428134400336553145e-01 2.294538792679171879e-01 -2.437972989480126190e+10
3.660058497245876064e-01 5.806382440537761758e-01 9.757248592788801193e+09
-9.561155786144219348e+00 2.219214086783388051e+00 -1.744868136126659393e+10
-1.118319323338115984e-01 1.963367530696139784e+00 -2.607433484071081877e+08
-5.389549683487617759e-01 1.569489427360710954e+00 -1.966465399055747271e+09
-1.520055300551002686e+00 2.636200291410851992e+00 -1.965862774920944929e+09
5.189469124748752327e-01 1.123451905562736997e+00 3.695426597867594719e+09
-1.594191198073636462e-01 1.231394809833524923e-01 -9.449229296076741028e+10
-2.787505632990963989e+00 2.938549592529948296e+00 -2.901351340088229656e+09
-2.240152569631899127e+00 7.880121356560181312e+00 -3.242368745669581890e+08
-5.599815188227319496e+00 1.198904807380322124e-01 -3.501506276762754395e+12
-2.088525099010248576e-01 1.829510726053700520e-01 -5.608160020886528015e+10
-3.817882129070398367e+00 5.305928893207553898e+00 -1.218850060959671021e+09
3.389721199916022054e-01 3.904470109613896733e-01 1.998436682898458862e+10
-6.429406679323375062e-01 1.382146321803216837e+00 -3.024917056299940109e+09
-9.386562898411851208e+00 1.724333086428603723e+00 -2.837362927305953217e+10
-6.315649966343896970e-01 7.979094860535630440e-01 -8.915822500450283051e+09
-6.300044955720600193e+00 1.223180365772641442e-01 -3.784541433643988770e+12
-9.691506321231354804e+00 1.622709817540039179e+00 -3.307959428070289230e+10
1.059064208849638478e+00 2.534838536297038258e-01 1.481399888866537781e+11
4.379704495633038319e-01 5.939876776613357556e+00 1.115682333571301401e+08
-2.014733652624564275e+00 1.440720380453590632e+00 -8.723863455657396317e+09
-1.982613198964091161e+00 3.941474783089568668e+00 -1.147020306837067604e+09
1.879571019648017760e+00 1.531987242142587857e-01 7.197788168937301025e+11
-1.379531034263146605e+00 1.282018558599114622e+00 -7.543857375851624489e+09
-7.288753679867002733e-01 1.770466187120489920e-01 -2.089914976839507141e+11
-4.345652325610370181e-01 3.624925952919544891e-01 -2.972400439001014709e+10
-6.380063780665917728e-01 4.203193045387950133e-01 -3.245764193774235916e+10
1.149167925147362768e+00 1.090429740506684730e+00 8.686378274470466614e+09
-6.550039899188029313e-01 1.263645649892680689e+00 -3.686752220800136089e+09
-1.912122658965196009e-01 3.323584308884214522e+00 -1.555797131586757898e+08
-2.136978330984852903e+00 2.779376057457866311e-01 -2.486314786009983521e+11
-6.301134677311773791e-01 6.040277267157743157e-01 -1.552228422363941574e+10
2.313420525691925467e-01 9.395648391665567534e-01 2.355329604203852654e+09
6.371126915784030009e-01 8.719920666643389273e-01 7.530812023587624550e+09
-4.957713667418949255e-01 3.513816678545854888e+00 -3.608891779676866531e+08
1.730944275012065992e-01 7.478367024288711917e+00 2.781763174860750511e+07
2.047392009209530794e+00 7.428593930610459140e+00 3.334558830841449499e+08
-8.683696630370539848e-01 4.180175655355785835e+00 -4.466488269634625912e+08
4.704155182022203840e-01 1.813992022093425138e+00 1.284876875079688311e+09
1.036310666680642090e+00 1.888139008839089916e+00 2.612598402862687588e+09
-4.809747599714800259e+00 2.107013826974470372e-01 -9.737290653559555664e+11
2.339523144333348181e+00 2.252232099458442161e+00 4.145259053627613544e+09
-4.603551248649517369e+00 4.384494643872898223e+00 -2.152308460441017151e+09
6.043479181673378164e+00 1.143641282262474329e-01 4.152962419526676270e+12
-8.462613029768172979e+00 6.339408119421930943e-01 -1.892594951003496094e+11
-3.098590872688992137e-01 2.480790156818159231e-01 -4.525168918688444519e+10
1.514258496961042033e-01 9.316940637456309071e-01 1.567848088408419847e+09
-3.717616205030468968e-01 9.895173577171270107e-01 -3.412466033347276211e+09
1.019024109405844009e-01 3.787180746849724500e+00 6.385619138755465299e+07
1.220157082448781183e-01 7.859809973659285909e+00 1.775179487831254303e+07
1.701944520807474603e+00 8.098208639066609038e+00 2.332480889926725626e+08
5.390694715992633057e+00 8.764735014526003454e+00 6.306926574635581970e+08
-1.474361322730472379e+00 3.222343564532403892e+00 -1.276176849855937243e+09
6.404662350362206880e-01 3.521492548907881881e-01 4.641873593600728607e+10
5.337389379856544158e-01 4.634905798976453606e-01 2.233046063173582458e+10
-9.446297586070575569e-01 5.213546661173481533e-01 -3.123530217213027954e+10
2.434604150844776604e-01 1.701653297286531918e+00 7.556780669097300768e+08
-1.766190691220248743e+00 5.496582085730771006e+00 -5.254153706679203510e+08
1.852028360524597295e+00 2.087181892307002073e-01 3.821005427272266235e+11
-2.834996339927512987e-01 7.314317075497871024e+00 -4.762725533998005092e+07
-2.154316005203504858e-01 4.444353797586712673e+00 -9.802633782057169080e+07
4.718314535316742719e-01 5.195870771539511379e-01 1.570799755505262947e+10
-1.199642676889475235e+00 9.521867829441170716e-01 -1.189209111076707268e+10
-6.400671586791391476e+00 1.148146922048744578e+00 -4.363964720955789185e+10
2.801778902196516707e+00 2.555169611686199937e-01 3.856958903079427490e+11
5.458415527864458605e-01 7.432765065084222300e+00 8.880070227831114829e+07
-1.082336857626357840e-01 1.249672717468971905e+00 -6.229030958602668047e+08
1.115321079849101338e+00 1.805454063405575182e-01 3.075230283833872070e+11
7.375666698497180818e+00 8.480853352427457637e+00 9.216643601861577034e+08
-1.505124835187646504e+00 3.075115464316413028e-01 -1.430540921575458374e+11
3.126997299798437435e+00 2.522753381427835229e-01 4.415994569298878784e+11
-5.473412901526693908e+00 5.285859870893188983e+00 -1.760668273226787806e+09
-1.752713197730163985e+00 8.507296328569355026e+00 -2.176598643233443201e+08
4.327204101641212719e-01 6.055628583665324527e-01 1.060570487661413956e+10
1.827916436522238897e+00 2.462371503611671952e-01 2.709566431650898132e+11
-7.369502720905473758e+00 1.008695865313604223e+00 -6.509810111953938293e+10
1.384082550125864453e+00 5.251283189102445625e+00 4.511092504918183088e+08
1.380643232760097039e-01 3.204050490062235301e+00 1.208741364877786636e+08
1.650817311173403690e+00 4.199348503476214578e-01 8.413676242502606201e+10
-3.491231843809788349e-01 1.881980642379982027e-01 -8.859291759672363281e+10
-2.452129612221424892e+00 9.727594708000474322e-01 -2.329073020865538788e+10
6.415183245758212527e-01 1.772803669518493663e+00 1.834587375313203812e+09
2.203703746769855587e-01 1.859032522961018508e+00 5.730992671850146055e+08
1.909117790497292910e+00 1.177865664227359277e+00 1.236778193285868835e+10
-1.794199463877029499e-01 2.034700348883839160e-01 -3.895116232510712433e+10
-7.640523479584098165e-01 4.865950363154923353e-01 -2.900269691344453812e+10
2.148483541154900534e-01 1.223043961469795077e-01 1.290917576292237396e+11
-2.089738672348601389e-01 2.536413747483649672e+00 -2.919459139414157271e+08
-1.979285490799319147e+00 2.352938648860448012e+00 -3.213200697543000698e+09
-1.619885345570901414e-01 5.349351736095421472e+00 -5.087829919012002647e+07
-1.663552857006369290e-01 2.139620153355783927e+00 -3.265982572694622278e+08
-1.217256182468752668e+00 7.483420597593620771e-01 -1.953584934354690933e+10
-3.719507713675006322e+00 2.659100761037018201e-01 -4.727880526545185547e+11
-5.276074708701432581e-01 4.434336398290624204e-01 -2.411594483434398651e+10
-3.718938015586952806e-01 4.698480530067940641e+00 -1.514100473270564973e+08
-3.334441700648376194e-01 2.190499041583175988e-01 -6.245793364604614258e+10
-5.389562603952818165e+00 1.265547743793249136e-01 -3.024454612304814941e+12
-1.284313336888893431e-01 3.462159551328273244e-01 -9.630025884727275848e+09
5.068163458038895897e+00 3.201231475052147335e+00 4.444951995081552505e+09
6.197098114006858616e+00 3.661786640438650098e-01 4.153870171845657349e+11
-2.144239576807165371e+00 6.275632677735077714e+00 -4.893379457687224150e+08
9.453790438585540912e-01 1.182350096013980778e+00 6.078051946529774666e+09
-4.600501382139648432e-01 3.866314400976647025e+00 -2.766059065618492365e+08
2.253545037409603324e+00 1.248469997300857559e-01 1.299453191802150879e+12
-1.971409534850522505e+00 5.634066287232689652e-01 -5.581919466247177124e+10
-1.008279522335022715e-01 6.235484940195414882e-01 -2.330725329621935368e+09
9.402037041612659962e+00 8.275564880502018994e+00 1.233892374839238882e+09
9.102170130312793317e-01 6.320013260592500792e-01 2.048139757775457764e+10
4.281386007822296058e+00 2.828373917688809525e-01 4.810180311542750854e+11
-5.596796344927759126e-01 5.357927339545889289e+00 -1.752251672086991370e+08
1.108632785577016999e-01 8.363044796893449373e+00 1.424654289223238267e+07
3.718706748297406772e-01 8.443016001996707098e-01 4.688644719291316032e+09
-2.860247140728236381e+00 2.715228069199795979e-01 -3.486916513352609253e+11
-9.669312975147124067e-01 3.324756104144025226e+00 -7.861884366919003725e+08
7.761018885346422813e+00 2.113122302435150313e-01 1.562140496845732178e+12
-1.262226416975524623e+00 3.623732873696900114e+00 -8.639239859537531137e+08
8.565711778739805160e-01 7.526054684636035219e+00 1.359187388517209291e+08
1.722123013773863898e+00 1.966843081789161340e+00 4.001062760985190868e+09
1.470593912373172829e+00 2.076731668349993953e-01 3.064662195260821533e+11
2.070397595955093983e+00 2.241369281290895188e+00 3.704055983777038574e+09
2.894166195967091237e+00 1.519245641255296542e-01 1.126984873445614258e+12
-3.711468825781169545e-01 4.104028898922111313e-01 -1.980503503155247116e+10
6.127481297955266193e+00 5.186063241915283228e+00 2.047655987895019770e+09
-1.000361355390629647e+00 2.525501103363744893e+00 -1.409653582720066071e+09
-4.415234997292603936e+00 1.574703819723281883e+00 -1.600319436480707169e+10
-1.858508691392052548e+00 1.391837869660416394e-01 -8.622593596140590820e+11
-2.356462800585572559e-01 1.284044156553726390e+00 -1.284550815171933889e+09
-1.199995615038839530e-01 6.660699616510563636e-01 -2.431031469249094486e+09
-6.513021899551343363e-01 5.283797968546063428e-01 -2.096721505555027008e+10
7.109764585625766742e+00 7.126887792963936263e-01 1.258073448528393250e+11
-2.415134665072499409e+00 1.844110768025579272e+00 -6.382898851932354927e+09
-2.511268038432943772e+00 6.537456093353833930e-01 -5.281120992525504303e+10
3.016417209745466455e+00 3.092869560237094251e-01 2.834123816401289673e+11
-1.046582845213789997e-01 2.052436581206147359e+00 -2.232979504721187949e+08
-5.143536475829460386e+00 4.887215490847250376e-01 -1.935483462801621399e+11
-1.307047076444912914e+00 3.661090311680992304e-01 -8.764375254708003235e+10
7.303595567624640239e+00 2.226284427034845859e+00 1.324420937796521568e+10
8.795381033593852038e+00 1.044435525026644468e-01 7.246728761825861328e+12
1.360591454118989796e-01 3.771329270666000100e-01 8.597841871866609573e+09
1.971238067035391839e-01 8.461512355199390933e-01 2.474535620682731152e+09
-3.497879818220774872e-01 7.780146493265862606e-01 -5.193736988811788559e+09
2.678520932739556937e+00 3.873138934305677128e-01 1.604794810160093689e+11
2.206853292330505312e+00 2.585085751118777475e-01 2.968070234651395264e+11
-1.128655352821186231e+00 5.577760661482947802e-01 -3.260560131873549271e+10
7.209132945543421656e-01 3.429708389575887306e+00 5.508321256864897013e+08
1.386225240342484621e+00 1.246244175157005696e+00 8.021916509183677673e+09
1.586876876419537341e-01 2.176042216485754854e-01 3.012029470080467987e+10
4.609048075351726226e+00 1.016497491714961204e-01 4.009121644774428711e+12
1.750029953578751352e+00 7.372301158306928670e-01 2.893942946441675568e+10
6.863022437238345264e-01 2.609913653092334584e+00 9.055527597985981703e+08
-1.061085080072592945e-01 1.813510931975307328e+00 -2.899749421925894022e+08
-6.380677080121508915e+00 3.487641499680255386e+00 -4.714696172055551529e+09
-6.763027859392195751e+00 3.459104327620666219e-01 -5.080008903535372314e+11
-6.249460225374106059e-01 3.296998179745236901e-01 -5.167205239827589417e+10
-3.306406450800551955e-01 1.814244983283620771e-01 -9.028487398477053833e+10
-1.045892276734011334e-01 7.435965165545004307e-01 -1.700054644831071377e+09
1.437840156638539257e+00 1.377479907851758556e+00 6.810683226881325722e+09
2.810921859027852299e-01 5.223523939453689202e-01 9.259173291751174927e+09
4.926751378420640926e+00 9.512123599416913988e-01 4.893913573736244965e+10
8.015085117181637742e+00 2.927188230920875212e-01 8.407317648072983398e+11
-2.152446631234619989e+00 5.857132865203881211e-01 -5.639139767839254761e+10
-2.016260432250905676e+00 3.294712858578330739e+00 -1.669406515117544889e+09
-1.494096619612134580e+00 3.468885299176180048e+00 -1.115962039108156443e+09
-4.044132348862228277e-01 8.071431466550822442e-01 -5.579237525976671219e+09
8.625835918250944090e+00 1.093168971822304547e+00 6.487497722514501953e+10
-1.866168111631351656e-01 6.023246939191516658e-01 -4.623171936536359787e+09
-4.396578172884886726e+00 7.478369967570840382e-01 -7.065640301833654785e+10
6.571590512052762900e-01 3.126957171070998243e+00 6.040560611969312429e+08
1.391881847349122348e+00 1.337522936434327958e+00 6.992790428238812447e+09
-1.249411219660129524e-01 1.149670873681324812e+00 -8.495891592160398960e+08
8.546160095883630348e-01 8.961216813238235268e-01 9.565059424180538177e+09
1.500125649279782925e-01 6.834295323175780812e-01 2.886627680876882553e+09
1.492514298824909824e+00 6.785742962300695957e+00 2.913226883212361336e+08
2.214070050251428501e-01 3.733605856117478417e-01 1.427529321628706169e+10
3.995622048967799045e-01 4.296514192880191985e+00 1.945371359981177449e+08
-1.893702496656628931e+00 6.370977753310299363e+00 -4.193244566685748100e+08
-1.556020266048637302e+00 8.383410711324241760e+00 -1.989868517992465496e+08
-1.505887843210689803e-01 1.381258412818427095e+00 -7.094035758595436811e+08
-1.583721388134781582e+00 3.516745889864472119e-01 -1.150926058346192932e+11
-7.973350463793366094e-01 7.666480167560366432e+00 -1.219268738780677617e+08
-3.848055088638824284e-01 9.228024430745636053e+00 -4.061387500163477659e+07
-4.618160096141727955e-01 2.019310968766500625e-01 -1.017918937300727692e+11
1.533708776818860420e+00 4.633370753772681483e-01 6.420951878686837769e+10
-4.435674822223976577e+00 5.105529708451978621e+00 -1.529426827108228445e+09
4.189993184230648149e-01 3.713265648047488821e+00 2.731189883225588799e+08
3.329235153388469537e-01 2.414969008774180192e+00 5.130645004825341702e+08
1.313692978202624650e-01 2.669153755827740504e+00 1.657285433056049347e+08
1.403024433397724868e-01 8.912066199393219534e+00 1.587665636385536008e+07
-9.337516619800633189e-01 5.051995707165827909e+00 -3.288183611479283571e+08
6.134903867438077363e-01 2.310107403998294673e-01 1.033222930681754608e+11
-1.774921165649641530e+00 1.445205100017409761e+00 -7.637842801504081726e+09
2.440372897380887196e-01 3.578831943465226484e+00 1.712474847283387482e+08
1.192468759124047373e-01 3.638748185413539726e+00 8.094567045791256428e+07
-1.461348638198669336e+00 6.404758584080354478e-01 -3.201834859731289291e+10
4.275395224268045524e+00 6.210548526840513617e-01 9.962468633319909668e+10
8.733101328507375527e-01 2.413685807327866417e+00 1.347279321242052078e+09
1.646044825394083366e+00 2.683280276560078725e+00 2.054755726087698221e+09
-2.493625948881048882e-01 4.982545109775867509e+00 -9.027748428690810502e+07
-5.509081767159583976e+00 2.145522920283861268e+00 -1.075631519249314690e+10
3.452709591365322961e+00 6.299750912517725787e+00 7.819228656725392342e+08
1.078564334941530534e-01 1.477473403591523793e+00 4.440760282781693935e+08
-2.112215137504898921e-01 1.202100955703774426e-01 -1.313732319398737183e+11
-1.273834866324977666e+00 4.657241534266880478e-01 -5.278447742391296387e+10
-2.275631519730645369e+00 3.733985003313251561e-01 -1.466923345085672607e+11
1.376989549589655581e-01 2.977275977713202959e+00 1.396185347712327838e+08
-5.109333942434483689e+00 3.003006503570806007e+00 -5.092163758304947853e+09
-1.063502322425875918e-01 1.073726888880206926e-01 -8.290894765491221619e+10
5.114115076035041341e+00 1.244764070235824693e+00 2.966518263269831848e+10
-6.248864208544518739e+00 2.024161571690260342e+00 -1.370759784049914742e+10
-1.945161104349011350e+00 4.164109608283933284e+00 -1.008235279747354031e+09
-2.416112985680362701e+00 3.158422121804074778e-01 -2.176845027773261719e+11
7.840101918339470455e-01 4.180223113991886841e+00 4.032490956810916066e+08
-5.563973108338181595e-01 9.323130324056556617e-01 -5.753235220484140396e+09
-3.599762859840077933e+00 9.255247564813232630e-01 -3.777012570057993317e+10
4.887492332541882867e-01 4.877212187273746835e+00 1.846687488096886873e+08
-3.043578479076326726e+00 1.876227371490199747e-01 -7.770772383781260986e+11
2.035289416888169389e-01 1.638818688752462505e-01 6.811064246598239136e+10
-6.225735476815190239e+00 9.791840141266157094e-01 -5.835964656741748810e+10
6.425464915932204146e-01 1.856347586231327507e-01 1.675855540859250183e+11
-2.984083796725603976e-01 9.331760216650398121e+00 -3.079884931812122837e+07
-3.223421241044122088e+00 1.621414738436526504e+00 -1.101994555860702324e+10
-2.049864803596379292e-01 3.874598802283681365e-01 -1.227219810212671661e+10
1.242630104030631455e-01 1.290921154608254406e-01 6.701824541386863708e+10
-7.329040327404814370e+00 1.011315582428257698e-01 -6.440570401382438477e+12
7.710126537571865279e-01 6.653620168462544004e-01 1.565294698042420197e+10
1.028337403538224670e+00 2.015803917666548983e+00 2.274519587130266190e+09
6.082717928517881179e-01 1.475818525071610487e+00 2.510050047693534851e+09
-1.222936981638018228e+00 3.181878336736696511e-01 -1.085644301163792419e+11
-6.361161385952101011e-01 1.103177410486947535e-01 -4.697819342539553223e+11
3.434418903829492553e-01 2.541101543248512895e-01 4.780351641422858429e+10
-2.366014578655671663e+00 8.571378494707873941e+00 -2.894454243228651881e+08
-5.457781472020927005e+00 1.149641565083269867e+00 -3.711434893442039490e+10
-5.745689379944036723e-01 4.868482529090427113e-01 -2.178740619898276138e+10
4.598847495896141724e-01 7.252599621529115304e+00 7.858003544962687790e+07
-1.313225631483738276e+00 3.497308706881087748e+00 -9.649882622991663218e+08
-6.800816226360267835e-01 9.327144575090617451e+00 -7.026098606792496145e+07
-6.542233370722811081e+00 6.235757070825733717e-01 -1.512161841193191833e+11
-4.249527700426876997e+00 1.533088507420916624e-01 -1.625012951897197266e+12
-7.701578435879330442e-01 2.420962236315315153e+00 -1.181012055845337629e+09
2.126267837233922209e-01 1.888810682609907976e-01 5.356630966180632019e+10
-2.802211299618550533e-01 2.244930223610905884e+00 -4.997419470126857162e+08
2.447495643499581597e+00 7.712795234845439829e+00 3.697847039409369826e+08
-1.050508817188225308e+00 4.142389382938638787e-01 -5.502353398247256470e+10
7.036001645673585214e-01 4.758947832173484827e+00 2.792252333583811522e+08
-1.146492144753306297e+00 2.893827514200646434e+00 -1.230485268699288607e+09
-7.302230519945351439e+00 3.661230927145674996e-01 -4.896118411816296997e+11
2.734028789458619046e-01 3.103781053997480832e-01 2.550771442524430084e+10
-2.991204320271584116e+00 4.247280587398622131e+00 -1.490303743697232008e+09
4.732769780487827704e-01 1.886675203952979940e+00 1.195010480812083960e+09
-5.204100351056706764e+00 1.129652309780772301e-01 -3.665276070821703125e+12
2.184349530181129428e-01 1.449706595587122893e+00 9.341411900555218458e+08
1.826721159066127198e+00 1.354154552803183698e-01 8.953367464197874756e+11
-8.630519284913324984e-01 1.852342338814562117e+00 -2.260710954454211712e+09
-1.158150038600023413e+00 2.830957341802740612e-01 -1.298819480432508545e+11
-1.310712949465671073e-01 1.065565669995506559e-01 -1.037523084228506622e+11
1.361815500949949298e+00 1.022796438637167737e+00 1.170012434455318642e+10
1.856435011190049611e-01 8.920039470670825255e-01 2.096992206759117365e+09
-1.266338528795330487e-01 6.150100127235667014e-01 -3.009096157934037209e+09
2.333152472015255774e-01 5.890542187440449551e-01 6.043425849859498978e+09
8.283707665108257512e-01 1.436676018198332461e+00 3.607095974072540283e+09
1.912494575469726177e-01 1.598142468522624204e+00 6.730074091825721264e+08
5.681595098074740946e+00 2.979292937911887762e+00 5.753001460348501205e+09
-1.474640940118999710e+00 3.804167692319720739e+00 -9.158357649412250519e+08
-6.839889476649253730e+00 1.341633334808859102e-01 -3.415324878457589844e+12
-1.973200495526020060e+00 1.514952012222519073e-01 -7.727234313538094482e+11
3.931084201158367986e-01 5.975917928040111349e+00 9.893585604413524270e+07
5.263193695197998956e+00 2.759818391039352559e+00 6.210677276003483772e+09
1.872930646447851011e+00 1.273214982606167611e+00 1.038409931713176537e+10
-1.464060716946061214e-01 3.173613169306666038e+00 -1.306476875184421688e+08
-2.005356781582102177e-01 7.339008856102710254e+00 -3.346319820698381588e+07
5.248761251345289480e+00 1.682124041727170449e-01 1.667214201221241943e+12
1.169900682522083679e+00 1.318729052523578416e+00 6.046282912691941261e+09
8.769535100775294190e-01 1.152215106449606896e+00 5.936904449755652428e+09
-1.195465611433607966e+00 6.538327952475151417e-01 -2.513357722325540543e+10
6.869252957774201640e+00 1.247557043085757211e+00 3.966790852143910980e+10
6.299469340571757225e-01 1.659927906342522741e+00 2.054831110462296009e+09
2.190056794910456850e-01 3.666153662410245317e-01 1.464484124141778755e+10
9.130095122257825269e-01 3.597066876004053171e+00 6.342038821934173107e+08
1.749538650344606427e-01 5.601441840750284840e+00 5.011578038141661137e+07
-3.687688467903253997e-01 4.355773002734170674e-01 -1.746925426054703903e+10
2.461877671561504055e+00 5.964970150781911951e-01 6.218713345138004303e+10
1.217362278801929154e+00 1.171213764357462273e+00 7.976238354931653023e+09
3.366548630950448318e-01 2.957001001832534115e+00 3.460449911399114132e+08
-1.446680162879002030e+00 3.078047510691997446e-01 -1.372374079095293884e+11
6.174960318121249792e+00 1.563145502399375109e-01 2.271360027813929688e+12
-6.342490780094014458e-01 9.834725341066022253e+00 -5.893672395041973889e+07
-1.107269567966657098e+00 2.945934886997743973e+00 -1.146720813530121326e+09
4.217815876081520088e+00 3.966312586718535038e-01 2.409707665765877075e+11
4.494057892193036530e+00 8.451949897974449399e+00 5.654255811985548735e+08
-8.271674871152756126e+00 2.110335742593683062e-01 -1.669325258359097656e+12
-7.896165537655464028e+00 6.832474558132298981e+00 -1.520235312976907492e+09
2.153216584364092689e+00 6.014836052349919804e+00 5.349223527830895782e+08
2.732405336342761171e+00 1.687965871419980224e-01 8.619229015613843994e+11
1.079899952561874876e+00 4.472615570533575724e-01 4.851890575547007751e+10
2.128544002006625746e+00 1.915297664113375875e+00 5.215076612222220421e+09
-4.276029704462961156e+00 2.123468256498709295e+00 -8.523143205590159416e+09
1.242087803275870650e+00 2.703438777327359155e+00 1.527459970814762354e+09
1.758968248080422514e+00 1.258846084666410126e-01 9.976158746602664795e+11
-1.784396979088608504e+00 1.905137867111271754e-01 -4.418646708773563843e+11
-6.062800433703314784e-01 1.136638072042053027e+00 -4.217736983268096924e+09
1.471334738505085005e+00 8.588088036710441742e+00 1.792953934985380769e+08
-1.094265846045946039e-01 2.693297171094591214e+00 -1.355828981163445115e+08
1.258654173369107010e-01 1.418820914382148413e+00 5.619554341197154522e+08
-3.654586287855798865e+00 8.501186020301620960e-01 -4.544957222661080933e+10
-3.484355506943365821e+00 1.823534045792058467e-01 -9.417710271115119629e+11
1.444002180375320021e+00 2.879972796540109403e+00 1.564738239993488312e+09
1.093867924757958354e+00 2.336653133257097781e-01 1.800640484433036194e+11
6.824286786250388648e-01 1.836543615503674287e+00 1.818466874857782841e+09
4.376417458393880300e-01 2.699248543490288199e+00 5.398630560143245459e+08
2.581601574798880083e+00 1.845516239060757679e-01 6.812462013815598145e+11
-1.040442042517098820e+00 8.674072855966338480e+00 -1.242860484116163999e+08
-1.066530022917889647e-01 3.339666391201314144e-01 -8.594438962728824615e+09
6.265430539830484591e+00 3.396453502438278038e-01 4.881465126827174072e+11
8.473491430618973475e-01 7.700405369896662577e+00 1.284357235040536374e+08
-4.870235506129347303e-01 1.133952532151622838e+00 -3.404166790411346912e+09
2.155592988703716184e+00 5.448582458187344990e+00 6.526048920025845766e+08
-8.893832402899047196e+00 2.800242458492389286e+00 -1.019408585785265160e+10
3.822841576941764519e-01 7.666109573041260949e-01 5.846377768641298294e+09
-3.541713430754335756e-01 4.166237869342436784e-01 -1.833901105918968964e+10
-4.565439512756851670e+00 5.236447922271586508e-01 -1.496441122159195862e+11
4.523200147126891224e+00 3.601608780475400451e+00 3.134031453119332790e+09
1.688914885267262189e+00 9.247737689818190665e-01 1.774955120907449341e+10
-7.135935639309884060e+00 5.496890279899356857e-01 -2.122596315325948792e+11
6.851141998834011204e+00 3.854185657755292982e-01 4.145227067250187988e+11
9.547978618258027295e-01 1.022565870338633248e-01 8.206906191921075439e+11
-5.655845798148267711e+00 1.143332693589115684e-01 -3.888686514177300293e+12
3.703810391951544378e+00 1.064662784576281829e-01 2.936805718722026855e+12
-1.560279546525697558e+00 2.089971532455799252e+00 -3.210497178134244442e+09
3.958117991885849452e-01 4.708619062807186673e-01 1.604546256797137070e+10
3.090310650329186615e-01 3.506717452476322272e-01 2.258661802861292267e+10
-1.651854354412862547e+00 6.395113075842479011e-01 -3.630161236805444336e+10
-1.360193864287183807e+00 9.362911153829134747e+00 -1.394535663104685843e+08
-2.161871127718845820e+00 1.352721326961498161e+00 -1.061851403693731117e+10
-2.909109891640739409e+00 2.414990427718206156e+00 -4.483115398044495583e+09
-5.047944146919790320e+00 3.782908568720159126e-01 -3.170395697282259521e+11
-2.596953051372438370e+00 3.602947489196623443e-01 -1.798037940368122559e+11
6.008784476257066132e+00 8.183762681136064643e+00 8.063641132627935410e+08
-5.850572446552892103e+00 2.170756396535938659e+00 -1.115903914328309250e+10
1.170943151641912428e+00 7.192237153737976563e+00 2.034503451045091748e+08
-1.987024178169429556e+00 6.477647101135333152e+00 -4.256172306927750111e+08
1.178542535225592380e-01 5.845472574994970749e+00 3.099963820145199820e+07
7.029923209454610467e-01 4.244451381449589000e+00 3.507180137290519476e+08
8.262544036205489162e-01 2.521820682204998776e-01 1.167712693249038696e+11
3.677496259480085850e-01 4.648789699216477445e+00 1.529406944205662906e+08
-1.305691406064145577e+00 5.252122949770321902e+00 -4.254234210262193084e+08
-3.384368689357450499e+00 3.956384072638607918e-01 -1.943262174169505615e+11
-1.508588624994166572e-01 2.133009694316874705e-01 -2.980133973939191437e+10
4.390975570265456263e-01 4.620843517911797704e+00 1.848285753068003654e+08
-9.481100165741457531e+00 5.919757975704738051e-01 -2.431652159417063904e+11
-3.546926135191206808e-01 1.492397094346448627e+00 -1.431310881781428099e+09
-2.007203540659671104e-01 5.272784778838316200e+00 -6.488763461222439259e+07
-4.749942105656096425e-01 3.031260460937150736e+00 -4.646141424473627210e+08
2.437791568544973864e-01 2.803115316940047563e+00 2.788465399666932821e+08
-6.742367267631897976e-01 8.548318942456621272e+00 -8.292807585872894526e+07
5.045515090266541769e+00 2.637315418689871738e-01 6.519765569026409912e+11
-2.803320371788372567e-01 5.290075899109113244e+00 -9.003254882209780812e+07
-4.060583516891613232e-01 1.134462374367364856e-01 -2.835690788540294800e+11
-2.132590457559564001e+00 5.007483755881453336e-01 -7.643970136205177307e+10
1.591503419475169545e-01 8.289584709242445726e+00 2.081577796178209037e+07
3.438027321158214078e-01 8.614429260930792642e-01 4.163963594446379662e+09
4.633374943317751793e-01 3.259388177334993086e-01 3.919908162133805084e+10
1.012708699674045754e+00 2.101920090189992041e-01 2.060168567425393066e+11
-5.944435859955429891e+00 7.613181147682108740e-01 -9.217835144193504333e+10
7.563931991153786116e-01 2.889400818527495307e+00 8.142966549055658579e+08
7.837354670546173852e-01 3.998648553638810554e+00 4.405484208290325403e+08
3.773028502989899113e+00 3.426504208520361749e-01 2.888272500128506470e+11
3.313841412788859908e-01 5.759965086816936086e+00 8.977235894609914720e+07
6.773380823831363529e+00 3.742810906208749455e-01 4.345705979637795410e+11
8.806835355883761984e-01 5.134323661464730293e+00 3.002645148181285858e+08
-3.810569403133393096e-01 2.690341361542260001e-01 -4.731792779240463257e+10
-2.195824873214958228e-01 4.175505947222172054e+00 -1.131957458496910781e+08
-1.830396794762956469e+00 9.924614546757506428e-01 -1.670200340066377068e+10
5.600922039745279690e+00 3.468148371972501476e+00 4.185186427457795620e+09
-5.045674086851833495e-01 4.023076865971028648e-01 -2.801903362578693390e+10
-7.191990104467511635e+00 1.173784834994978932e-01 -4.691618725854427734e+12
7.767794765523746925e+00 6.540631418283797682e-01 1.631958115915119324e+11
-3.039224260308156289e+00 1.434472725805152615e+00 -1.327482410007485390e+10
8.722262385456203138e-01 6.427592922115243468e+00 1.897505475301938951e+08
-1.163646624603851487e+00 5.085699834452938717e+00 -4.043619522505352497e+08
2.849906171421920043e+00 9.305833509178829122e-01 2.957812388016973114e+10
1.401702581870837516e+00 4.056301281389798064e-01 7.656778473211199951e+10
-3.717303432475494440e-01 3.331004274861451564e-01 -3.011121299840392303e+10
-9.045422924657314567e+00 3.100006384009012184e+00 -8.459687476324507713e+09
-4.173820509039035009e+00 2.917726012446644202e-01 -4.406516214524743652e+11
1.027558408142299901e-01 1.974340005218782612e-01 2.369262848836807251e+10
2.603969877569610736e-01 9.959517614434308941e-01 2.359445587637812614e+09
-1.069941389378369578e+00 1.460294795005725454e+00 -4.509511843402838707e+09
-5.858981271777986555e-01 4.626766962987615806e+00 -2.459900135175480545e+08
8.523086986116337194e-01 6.909049937289318599e+00 1.604762901187885702e+08
1.650768454872856061e+00 2.825754746946511076e-01 1.858094714109579468e+11
1.282298473900666425e+00 1.047720526264700053e-01 1.049902183456692871e+12
1.608050673912343020e+00 3.284894394410102225e-01 1.339391457196728363e+11
4.524982112761617437e-01 5.698720831972181600e-01 1.252312514113637543e+10
-7.530746567569796213e+00 1.126904191217904527e-01 -5.329846022564924805e+12
2.982661464156923237e-01 7.312011106027122009e-01 5.013960367576878548e+09
-8.729247957797719337e+00 1.758681217246166995e+00 -2.536607064505853653e+10
1.349738572678963189e-01 1.040897917037104659e+00 1.119654419525163412e+09
-3.535575706781438621e-01 1.085130977176037348e+00 -2.698649217104919434e+09
6.248464447036556457e+00 7.297254196483488053e-01 1.054641778615309143e+11
-3.297149300706428976e-01 8.819382088380757212e-01 -3.809894195149546623e+09
-1.137150870547042475e-01 5.943610948025661589e-01 -2.893130065476428509e+09
1.402298534542643083e+00 2.232679225470211581e-01 2.528357233422010193e+11
1.964175650323393973e-01 2.823038017803970234e+00 2.215121169221367836e+08
-1.286928962621418371e-01 7.742770687588413026e+00 -1.929356127675860003e+07
3.885748616906330444e-01 3.822524737097077185e-01 2.390147540952674484e+10
1.122855461276345834e-01 6.071000391826026465e+00 2.738129297563812137e+07
-2.756306078616893585e-01 1.342635533203260012e+00 -1.374237476059371948e+09
-1.074986037468884437e+00 1.468571799547666590e+00 -4.479845878135514259e+09
3.210456948028187485e-01 2.049376205548079088e+00 6.870274504260985851e+08
-1.641518484893164376e-01 6.463855113149293841e-01 -3.531125633592814445e+09
2.312350272694905673e+00 3.244283158511967358e+00 1.974543634472335815e+09
3.598795154546389763e-01 1.228730478475289489e+00 2.142370025479227543e+09
1.390732267540814249e+00 5.635067079015302127e+00 3.936370506350025535e+08
1.348869592449438992e-01 8.022045915072140154e-01 1.883867249279876947e+09
-8.439123974069344669e+00 2.188533444668142813e+00 -1.583585839613514900e+10
6.010770939689140668e+00 1.774709425048944245e-01 1.715245485361267334e+12
1.032176944400503560e+00 6.330330368966677668e+00 2.315005467353494167e+08
-3.770165288591956765e-01 1.743010531543836283e-01 -1.115349524758351135e+11
4.881609620417773243e+00 4.311963647073145944e-01 2.359736352071981812e+11
-7.514884985660327255e-01 1.652847277371770840e+00 -2.472336058594121456e+09
-1.437592416755821167e+00 2.059282847464931621e+00 -3.046873245784108162e+09
1.176643345734634805e+00 3.022619799459510537e-01 1.157519765761008606e+11
-3.841151947360243568e+00 5.270256538528862222e+00 -1.242935505220341206e+09
4.352640842713546121e+00 1.061409667718177019e+00 3.472460971331086731e+10
2.230373455120193693e-01 5.973437039231372925e-01 5.617972706229631424e+09
-2.217774090969313328e+00 1.122911199100110835e+00 -1.580800619699075699e+10
-3.879657216284294052e-01 2.492796521029746248e+00 -5.611388194618930817e+08
2.369344005569671729e+00 1.737708232898234895e-01 7.052206513829842529e+11
-4.389630770469153731e+00 2.362383501470656899e+00 -7.069322720386930466e+09
2.005389041321171906e+00 5.934260662503757500e-01 5.118185452888403320e+10
-1.120592303960789293e-01 4.858405913772420703e+00 -4.266882271588734537e+07
-1.005181735366074358e+00 2.545012663491008187e+00 -1.394810832914606094e+09
1.713420050975956732e-01 6.989747032683888417e-01 3.152038739022727013e+09
-5.833003707110544500e-01 7.925996825890776698e+00 -8.345167972312782705e+07
-8.294211532522497876e+00 4.686686902003937560e-01 -3.393859375861328125e+11
-3.250225330062320728e-01 1.799661101069441660e+00 -9.019503461849256754e+08
-2.330332818387808591e-01 6.694240413628734565e+00 -4.673755175707446039e+07
8.043311120828974481e+00 1.562333251786840016e+00 2.961680008936163712e+10
1.789769913188932471e-01 2.779945048529521845e+00 2.081495129171640277e+08
-5.583154953674049459e+00 1.474370140650528516e+00 -2.308432850482933426e+10
-7.216662104505586761e-01 2.563462748298885430e+00 -9.870359439889121056e+08
3.807525814077967308e+00 6.195116124583842421e+00 8.916503243468695879e+08
4.781051843161594483e-01 2.070482023383869719e-01 1.002377115329697876e+11
2.087356857010211342e-01 3.233232829662250896e-01 1.794623545707889175e+10
6.497501570168743301e-01 6.080240318126257648e+00 1.579630540367378294e+08
2.594983176523489643e+00 4.508590127433650174e+00 1.147370431246787071e+09
-9.820008356574305708e+00 1.482634668130129674e+00 -4.015079730862737274e+10
-2.103647273701544584e+00 9.215455646571133475e-01 -2.226331923397357559e+10
4.460932477795696016e+00 4.628902551541170141e+00 1.871199927281232834e+09
5.851753852306622594e-01 9.398217579818636480e+00 5.954505182443144172e+07
-3.481617642100468757e+00 5.744122992739324474e+00 -9.483840292267931700e+08
6.251901491672686717e+00 2.181209820275566091e+00 1.181048836598068237e+10
4.553701121751186243e+00 1.414506159415362119e-01 2.045528124823983643e+12
-6.457040162258723681e-01 1.431731986010028601e-01 -2.831135470362407837e+11
1.813509527628268947e-01 7.383917572053684264e-01 2.989487762890970230e+09
1.620000593587982152e-01 4.029728361794433944e+00 8.966320282797983289e+07
-1.243250185915504985e-01 6.450000405647864365e-01 -2.685898936721796989e+09
1.344223633950407004e+00 3.965090643295671846e+00 7.684505139665637016e+08
-4.049015135021736711e+00 4.566753379751648523e-01 -1.744957688716116638e+11
-1.013719159876887155e-01 2.957874255505970051e-01 -1.041379102737592697e+10
1.104775237854708492e-01 6.426896592033305433e-01 2.403930598391629219e+09
1.280652781056365597e-01 2.641028445789832091e+00 1.650197244091257453e+08
1.861874242826417614e-01 1.615799338503762506e-01 6.409528903087382507e+10
5.052976716850456462e+00 6.904473064507825608e-01 9.526575990421308899e+10
2.249538923144222824e-01 5.113776280804248842e+00 7.731445191209177673e+07
-6.249326208585212150e+00 7.627301950468999836e-01 -9.654770039710075378e+10
-9.708046393955513942e-01 8.073704159127799151e-01 -1.338556779511664581e+10
2.372398029515005446e-01 1.047351044030384148e+00 1.943809198894582033e+09
8.357871029273786778e-01 8.292236379139467317e+00 1.092453439400114119e+08
-8.195917050018488581e+00 1.348515876619327813e-01 -4.050755634391861816e+12
-2.921433893375434465e+00 9.799591712092881046e-01 -2.734202766332970810e+10
-9.458796692596308509e-01 1.243923390031655751e+00 -5.494133916812275887e+09
-4.876425212032061141e-01 6.498394256077549613e+00 -1.037863105294048786e+08
-2.428481003440794872e+00 5.583325013281507099e-01 -7.001635693374493408e+10
-7.109239349729195467e+00 1.693453153691270585e-01 -2.228062555609351562e+12
3.241937924298889384e-01 3.873027299345633168e+00 1.942469448501867652e+08
-1.449127437986988953e+00 3.295279117119433998e+00 -1.199424140595684052e+09
9.677052060217717910e-01 3.894333327423587510e-01 5.734921176958807373e+10
3.846460798746602627e-01 3.812288812554401218e+00 2.378703654287882745e+08
-2.885739316982357749e+00 1.507841913523770394e+00 -1.140764748829334641e+10
1.794130741133308782e-01 1.140050489892660224e+00 1.240670725407170773e+09
-2.252652626078384124e+00 1.461186109526297683e+00 -9.482738492464612961e+09
-2.289996305470076154e-01 1.302221360783770487e+00 -1.213712347294042110e+09
-1.657590246033262105e+00 9.418848994368137495e-01 -1.679314865356859207e+10
1.823008244447320569e+00 5.259871857900131786e+00 5.922279818099220991e+08
1.018227190659421605e-01 3.902236461804615697e-01 6.009912422166352272e+09
-4.262039607655908613e-01 7.575637674747681682e-01 -6.674668625035499573e+09
2.220925288862512836e+00 1.076107385202077271e+00 1.723746287304784393e+10
-5.020554495410735063e-01 4.260235249981522698e-01 -2.486194725956023407e+10
-4.222062384860608475e+00 1.540184891338120254e-01 -1.599666856864330811e+12
-1.318724914852965613e+00 3.585442265488407165e-01 -9.219754615700189209e+10
-5.105496752973256447e-01 1.030624482053381502e-01 -4.320039454431434326e+11
-1.642088569454079883e-01 8.856213992554369252e-01 -1.881702633110353231e+09
-7.085647903656850932e-01 2.924921317166739421e+00 -7.443921947857677937e+08
-1.073829657129863557e+00 2.760538743246565008e-01 -1.266479951094090271e+11
5.606353499229620452e-01 1.518734503172184391e+00 2.184577102394786835e+09
2.145608604288793408e+00 1.098689122001116569e+00 1.597539007286359978e+10
2.406728082714603145e-01 1.750734657903053049e-01 7.057274099289997864e+10
-1.810265890292803437e-01 2.795120212327841802e+00 -2.082533542947759032e+08
-4.658179176000113442e-01 1.797144806315359167e-01 -1.296285501586161041e+11
7.373544451687158663e+00 8.335781388603961117e-01 9.537494229503514099e+10
2.093661963834559270e+00 1.457859607420344261e+00 8.853719832793825150e+09
-3.940910804102203624e+00 6.594181111404555651e+00 -8.145645053051424026e+08
-9.007063914547289940e+00 1.371162708498387395e-01 -4.305820056719435547e+12
-1.680978679299521550e-01 6.400341335996970749e+00 -3.688132809554831684e+07
-2.754262404975136858e-01 5.058368038514940990e-01 -9.674646002654909134e+09
7.199583542651127210e+00 3.528313423998176157e-01 5.197849250484425659e+11
-2.733992802959916424e-01 2.290429340869290786e-01 -4.683970901521578979e+10
3.229843227417431017e-01 6.210716955985209342e-01 7.525729188667204857e+09
-1.098606388856370603e-01 3.152737802903211151e+00 -9.933837015339434147e+07
-2.112123505752512287e-01 1.581804406541472141e-01 -7.586900108939874268e+10
-1.526064999007590572e-01 4.568363286408310686e-01 -6.572073090030194283e+09
1.275162290775204710e-01 8.319953474802495919e+00 1.655671923316009901e+07
-2.612595805545099292e-01 5.803306558696061934e+00 -6.972231814239639044e+07
1.837196963710742148e-01 7.084384767405617067e-01 3.290046652003857613e+09
-4.306634458202841742e+00 7.446613676021837103e-01 -6.980250076832154846e+10
-6.823414723922896385e+00 7.490098902791864077e-01 -1.093143764685775299e+11
3.572893166731571757e+00 1.997517489614831332e+00 8.048027798134112358e+09
2.459100499311554167e+00 7.786795884095140119e-01 3.645098889868009186e+10
-1.009107620914862363e-01 4.784182229987558266e+00 -3.962531039146484435e+07
-7.041757133053508921e-01 4.500131802007926396e+00 -3.125224304736461043e+08
-3.755001656997551951e+00 2.317713769916098343e+00 -6.282625162130161285e+09
-2.003897902844105960e+00 1.044708955802828992e-01 -1.650196165595166504e+12
-4.178693409034860196e+00 6.512702924743322130e-01 -8.854592713344357300e+10
3.398791052423274728e+00 9.102892269811938775e+00 3.686517319508722425e+08
6.992314803648406185e-01 3.491581093209049413e+00 5.154984035619766712e+08
-2.334408178322836758e+00 2.943761278823750605e+00 -2.421153015607671261e+09
1.249234256858496456e-01 2.933568262564381079e+00 1.304674296700803190e+08
2.424020756867212079e+00 2.625166069702955518e+00 3.161355880105875969e+09
1.221634717453242841e-01 1.001678722027558033e+00 1.094296695596377850e+09
-1.533068114705097018e-01 3.541279056108586620e-01 -1.098731985633036613e+10
9.470212467373478660e+00 2.302749627468929638e-01 1.605154717725260742e+12
1.482212689844137232e+00 8.176999661487705851e+00 1.992384644447919130e+08
1.656389368258843198e-01 5.074868157362503185e-01 5.780474965622473717e+09
-1.616482564753373596e+00 4.567016811470619997e-01 -6.965566174756784058e+10
-5.787692064068650222e-01 7.279889484730359683e+00 -9.815365173843447864e+07
-1.384409697956089369e+00 3.783489460422003181e-01 -8.692209681964964294e+10
9.661041623081918495e-01 1.884176167464839680e-01 2.445859800453683472e+11
1.208918571831923000e-01 9.423429956665129836e+00 1.223572349248795584e+07
-1.399303575150314394e-01 1.037055686527505349e+00 -1.169387393455486536e+09
3.343566943088564503e-01 5.002904952616873402e-01 1.200649203448738480e+10
-1.793935767515821011e-01 1.260004687781796306e+00 -1.015577768718059659e+09
3.811744086028261425e+00 5.928369712349688125e-01 9.747736791300117493e+10
-2.357522234138081929e-01 4.281627150997320275e-01 -1.155816058674301338e+10
-1.347940745058484879e-01 5.264143616142163973e-01 -4.371857132061753273e+09
6.919469413304538685e-01 1.479851880527328356e-01 2.839794507198981323e+11
1.709616131094051195e+00 2.398289344770180964e+00 2.671443967117233753e+09
-2.621526006342152382e+00 9.098048514169486678e-01 -2.846481018486661911e+10
-3.540428610133088405e-01 5.344283352246013585e+00 -1.114108550845492035e+08
2.647701398907928438e-01 1.122195495994545711e+00 1.889655259604057074e+09
5.625383236941081666e-01 3.957276028261477174e-01 3.228568792170803070e+10
4.819651642350599730e-01 8.553541385272241726e+00 5.920717578739541024e+07
-6.665577359130988588e-01 2.503907980451292481e+00 -9.555461406157276630e+08
2.844460849399627733e+00 1.056818858057432253e+00 2.289019383617568970e+10
-6.141216214408350416e-01 9.513099217311355993e-01 -6.099032585813793182e+09
5.535017494766413249e-01 4.069177800773974951e+00 3.004389829497063756e+08
1.785692320824842083e+00 5.901367579806358954e+00 4.608418552883297801e+08
-2.802948058243137641e-01 1.152614092346107899e+00 -1.896259711161296844e+09
-5.097580029483665953e-01 3.343105998415927815e-01 -4.099344126557421112e+10
3.097828750570885692e+00 8.600650205140858429e-01 3.763963943783577728e+10
1.812521963021290761e-01 3.071308398700838826e-01 1.726978939576962662e+10
-4.117579893205651764e+00 2.408525701858813817e-01 -6.379550543981477051e+11
-1.374409806381240884e+00 2.247812325348696183e-01 -2.444819309595472412e+11
4.627744000837005878e+00 7.719664788453181048e-01 6.979479888036395264e+10
-1.612313758882929049e+00 2.553053476956040679e+00 -2.223209322792499542e+09
-3.356246246276882506e+00 9.338742809575839576e-01 -3.458817165153164673e+10
2.110394074574615697e+00 1.141472854837238149e+00 1.455737269998741531e+10
-1.090429999161536267e+00 1.581573174204990995e-01 -3.918048693843645630e+11
-1.589455688486091534e+00 5.774221246199847002e+00 -4.284618933212976456e+08
2.800256113836349647e-01 3.851798051540042511e+00 1.696373010504710972e+08
-9.835794970359419409e+00 8.512470817378032351e+00 -1.219969051130175591e+09
-4.186714663372899103e+00 5.327672826118469374e+00 -1.325711086452842951e+09
1.345010476332454408e-01 8.108970592653168552e-01 1.838420417026233912e+09
1.177987293184246997e+00 1.682039573595093040e+00 3.742129439138519764e+09
1.828431029678854458e-01 1.056940175637084423e+00 1.471053232509261847e+09
-1.681829859349746048e+00 2.073291492836168537e+00 -3.516510719874595165e+09
-1.457217101265127213e-01 4.768559187296037005e-01 -5.759708744740760803e+09
-1.946952505931972999e+00 1.560983967544845141e+00 -7.181399558419859886e+09
-1.777725533739597186e+00 1.641925871940566606e-01 -5.926635749851746826e+11
1.023559930320881023e-01 5.671639317090088284e+00 2.859872590698646754e+07
4.962360132619113018e-01 1.348857919029317343e-01 2.451356558000770569e+11
2.367421565562155550e+00 4.926607710989450717e-01 8.766581067563308716e+10
3.600787466191106567e-01 7.094489160623241197e+00 6.429924116046742350e+07
2.111305704119015303e+00 4.326270582380793428e+00 1.013851580250776529e+09
-2.596616874915859352e+00 1.213451884412937831e+00 -1.584941994611514282e+10
3.831116538540585426e-01 1.056901211382026834e-01 3.082529134040321045e+11
8.238655146111197869e-01 5.093988178467913741e+00 2.853586733827845454e+08
8.676844331398450016e-01 2.525030939360805027e-01 1.223148019540283203e+11
6.854432386264373012e-01 1.468066199701892449e+00 2.858451551731785297e+09
2.201107051673236170e-01 1.976404672526357542e+00 5.064540396483274102e+08
-3.874468941337829153e-01 1.012280612187721029e+00 -3.398294120084013462e+09
1.848226912763164309e+00 8.986125706562173576e+00 2.057126169112316370e+08
9.580654583258809254e+00 8.512457487652140387e+00 1.188326792230049849e+09
-8.539040561165084364e-01 1.020043310486075105e+00 -7.376026540110898018e+09
-8.378880104527127726e-01 7.786677760861559605e+00 -1.242030295927815586e+08
-8.147537851603194881e-01 3.117940269167261302e+00 -7.532539589749571085e+08
1.339539473245942025e-01 2.260354005551369894e-01 2.356422772274438858e+10
-2.190330927441148656e+00 6.838242077177319800e+00 -4.209896431703107357e+08
6.342227312653894167e+00 6.311137731263212203e-01 1.431123475296485291e+11
3.717443917578808321e+00 1.280700229340008545e-01 2.037042401811903564e+12
2.773844754268437907e+00 1.123641821944392882e+00 1.974590206780876541e+10
-2.173433400245589731e+00 1.304489661367222331e+00 -1.147930703845618629e+10
-5.995747248674153651e-01 9.093940586890036926e-01 -6.516129550213561058e+09
8.497326387216960208e-01 7.310447993558117474e+00 1.429041807817884684e+08
-9.377722512790112042e-01 1.108674618834214920e+00 -6.857088989719962120e+09
-8.662256022754821760e-01 1.103779059334304979e-01 -6.390242408309294434e+11
-2.030416480635833132e+00 1.408648825092034262e-01 -9.196663018239859619e+11
6.160966959296406031e+00 2.637754509271629466e+00 7.958491371774377823e+09
7.248652151579201508e+00 6.365687706175400251e-01 1.607745194215371094e+11
5.567928679560029792e+00 1.042247412507976145e+00 4.606834714727716064e+10
2.114213156677653138e-01 2.741520986988229325e+00 2.528228016931266487e+08
6.893583239839218280e+00 7.920362901274748957e+00 9.876554865081400871e+08
-5.295005391887551482e+00 3.692889733037462152e-01 -3.489669878126065674e+11
1.805363597416782095e+00 3.520349984146847078e+00 1.309313408607809544e+09
-2.110254868678952678e-01 1.948948394025819542e-01 -4.993267698046057129e+10
-4.958527664443786453e-01 3.287531976431216640e-01 -4.123475205390057373e+10
5.149964823635374556e-01 4.646763621258254595e+00 2.143649216864836514e+08
4.971801636618314313e-01 5.726444199511568911e+00 1.362681453214133680e+08
8.046188004249648529e+00 4.742475461707263418e-01 3.215367437845302734e+11
-3.027393573198401411e-01 2.553456670291351371e-01 -4.173135800561732483e+10
-1.913429892984086778e-01 7.592680263367692639e-01 -2.983135289189735413e+09
-1.985339247922133454e+00 1.630263793050501786e-01 -6.713818244623380127e+11
-1.049668908263296091e-01 2.460057531778137296e-01 -1.558879062869300079e+10
8.779583249674985934e-01 5.484841620251732497e-01 2.622988199112028122e+10
-7.323539739067080889e-01 9.831463789570242806e-01 -6.809814671926357269e+09
-1.674515216890248015e-01 9.250976151686703952e-01 -1.758589978877230644e+09
6.465432400895385179e+00 2.362561142964975325e+00 1.041075149459693146e+10
7.301669727665229814e+00 5.649872369666473659e+00 2.055869429641249180e+09
5.800724350616284219e-01 3.735850980655790465e+00 3.735543155466106534e+08
3.001994373258157101e+00 1.894137127166327372e-01 7.520343165579315186e+11
5.739773538583953005e+00 5.735080488561002943e-01 1.568434336416996765e+11
-1.613792778111595716e-01 3.579741713628798450e-01 -1.131865965216595268e+10
8.444500330463710069e-01 1.084698166374856998e-01 6.450698790050366211e+11
-2.498421678829910952e+00 9.779890519384505376e-01 -2.347731201017755890e+10
1.824851292982118123e+00 1.312893846038268642e+00 9.515220846535142899e+09
8.426189661039847678e+00 1.987416561048453989e-01 1.917361663447949219e+12
-2.213371455065063775e-01 9.027387154010270143e-01 -2.441073108911786079e+09
2.474854447120966583e-01 3.531331570608674530e-01 1.783706053163197708e+10
-5.525689079246949298e-01 5.118209854515478607e-01 -1.895836521556410217e+10
-2.916136588553006170e+00 3.225733334503613214e-01 -2.518845651908222351e+11
4.612722399089145831e-01 1.943902913591348536e-01 1.097131781506247559e+11
-9.521151828324720512e+00 1.004540689640685408e-01 -8.480179465324164062e+12
1.617204892936145166e-01 2.070075175308987159e-01 3.391903050322248077e+10
3.076878302573369250e+00 7.046711563388178279e-01 5.569137582627169037e+10
-8.402223100502435926e+00 4.379185010962239666e+00 -3.937841577860207081e+09
-8.886795004500351869e-01 8.543442702463861949e+00 -1.094283770795217007e+08
-1.566618716466926520e-01 9.675699102386536410e+00 -1.504004795268747583e+07
1.730574598870937009e-01 4.833296652805770144e+00 6.658157128483147174e+07
-2.673256106191194137e-01 4.055784335240069649e-01 -1.460634245852868652e+10
-1.054774085842581144e+00 3.174270330476642310e-01 -9.408540311086123657e+10
2.949088572812332276e-01 1.246720381199947880e+00 1.705298130837667227e+09
-1.578380232476143341e+00 5.297769426491415468e-01 -5.054476086564642334e+10
-6.032467505540091146e+00 5.017876114093656525e+00 -2.153305947071271420e+09
-8.880171474183367053e+00 1.113615121455689971e+00 -6.435788025809574127e+10
5.965373386591112492e+00 6.319685760911591954e-01 1.342447414016615906e+11
1.284416989553447408e-01 2.454365342860588495e+00 1.916365043424420953e+08
3.050384825671506484e+00 4.515814856743768146e+00 1.344413900237277985e+09
1.361638338247121993e-01 6.132210069912205075e-01 3.254455527790961742e+09
-2.321990168090997564e+00 1.281700707496968017e-01 -1.270391989795643555e+12
3.371090895359607487e+00 1.471217569889435028e-01 1.399804145727783203e+12
-4.567649202490940752e+00 3.609542175545298881e-01 -3.150932643476074219e+11
-2.080661367909087678e-01 3.293878696115495774e+00 -1.723601324966157675e+08
3.418183701765099780e+00 2.034585534680977692e-01 7.421541366710771484e+11
-6.867861773648642476e+00 2.120564688312750246e+00 -1.372679391628453255e+10
7.150709523313483196e+00 2.118159399680852761e+00 1.432459909417379951e+10
-8.456926851306272308e-01 8.136199005738987466e+00 -1.148206675122432262e+08
9.354326862570800927e+00 3.335734317991366549e+00 7.555796515890744209e+09
3.206837120523752249e-01 1.333851673614136590e+00 1.619990412733111382e+09
1.211764982621329478e+00 1.366774604599077847e+00 5.830089407582136154e+09
6.542539333085223952e+00 3.352313773798192731e+00 5.232480730601944923e+09
-2.541146526369767233e+00 1.887045736360799808e-01 -6.413800890442753906e+11
-1.068181087978750110e+00 1.939665526223361691e-01 -2.551771652973951416e+11
-6.451126310305901335e-01 7.040473326256210029e+00 -1.169721435929316729e+08
2.578490739462547143e+00 1.154686816267101457e-01 1.738152109480076172e+12
3.823820232529601126e-01 6.083520042276499007e-01 9.286203545042284012e+09
4.911912761630201629e-01 2.560888810444572061e-01 6.731623504433115387e+10
3.132248572006043341e-01 1.208264858164258548e+00 1.928335290823480844e+09
-7.762279044010181872e-01 5.845983177452857005e-01 -2.041384189201641083e+10
1.212432896636541413e+00 8.176262663165366762e-01 1.630041495541635895e+10
-1.928222766259102827e-01 1.872981014797127364e-01 -4.940160672992296600e+10
5.588965288875335169e+00 7.860432740345902225e+00 8.129973292119727135e+08
2.296501063529984565e-01 1.695508940424262256e+00 7.179878596803749800e+08
2.509514392020962825e-01 7.223223236587081431e+00 4.322930314818084240e+07
-1.397877312075430367e-01 1.477817922924967164e-01 -5.752780661600756836e+10
3.851954466732239735e-01 5.780592486690544485e-01 1.036065124480547142e+10
2.111972956272605284e+00 1.983767494718103597e-01 4.823446118791393433e+11
-7.847782122034237418e+00 2.603385279162237165e+00 -1.040688285489952469e+10
8.428727924857545517e+00 1.940062676905201400e+00 2.012709665039107895e+10
-4.549866418817479996e+00 3.627682451413676290e-01 -3.107354028098826904e+11
5.719656348585837158e+00 2.387086854690611215e+00 9.021611312637060165e+09
2.260896269390620106e-01 1.698251026024797161e+00 7.045754136357210875e+08
8.508332253332216766e+00 1.202575258123056212e+00 5.287745331257730865e+10
3.695839196973534357e-01 7.812593954069049218e-01 5.442183472691206932e+09
3.268022933612204084e-01 6.743235474400079976e-01 6.459502383385590553e+09
3.848652654719991739e-01 3.669712882813722099e-01 2.568592218853930664e+10
-3.419970096464476583e+00 9.326668078382048810e-01 -3.533620328308429718e+10
-1.581224088975752562e-01 1.776878490769562502e+00 -4.501202794331090450e+08
9.453260393734517208e-01 4.672901707236767344e-01 3.890979542324002075e+10
1.719931118434236961e+00 2.670977372424217400e+00 2.166812113460176468e+09
3.428773815287229798e+00 3.364298695657214622e-01 2.722703571451906738e+11
1.408678435807955986e-01 7.584869161407302052e+00 2.200727637487508729e+07
-9.306500496087132035e+00 4.894046602656611178e+00 -3.492213783376521111e+09
-4.005063098197854110e+00 1.182724502165147379e-01 -2.573314059616215820e+12
5.291721364918878123e+00 4.518364874004625165e+00 2.329619479507044792e+09
-1.378342159923214405e+00 8.737729116479433955e+00 -1.622596388883382082e+08
-3.217968917054341293e+00 1.120172623891563246e+00 -2.304955545934876251e+10
1.182789648958650686e+00 5.839400879820366708e-01 3.117608318696982956e+10
-1.277866504459753028e+00 9.482904517403493827e+00 -1.277183647687514573e+08
1.240459098136655225e+00 8.760937444648256855e-01 1.452552734807567024e+10
7.495930222421766098e-01 2.072904161445692228e+00 1.567897640998360872e+09
4.474272204215551940e-01 6.655538032119968861e+00 9.078344965805786848e+07
9.285421763215198965e+00 8.137327626544279546e-01 1.260342697612687225e+11
-3.225287684867672144e+00 1.499949326594840482e+00 -1.288445051727346420e+10
-2.150541656657106060e+00 8.492723686695425878e-01 -2.679812995740143204e+10
-8.710187239649961555e+00 1.251394971029479164e+00 -4.999070927331041718e+10
-4.492857545447444534e-01 1.148166494343192540e-01 -3.063116598259694824e+11
1.220754221675518503e-01 3.262526567966146929e-01 1.030791287732903671e+10
5.279619697083899332e-01 1.455425111387206760e+00 2.240131593674404621e+09
-5.113433919319859911e+00 6.236060944428908570e+00 -1.181796133002295971e+09
-1.985842043137399981e+00 9.970528708346267921e-01 -1.795390582531602859e+10
3.630002936391191870e+00 2.450185443473140989e-01 5.434501136190836792e+11
1.828670850188787611e+00 3.799956042413562551e-01 1.138227344839252777e+11
2.733367077345606466e-01 2.025874926280312849e+00 5.985815394334014654e+08
1.247057993477820759e+00 4.734019747399972333e-01 5.001233578716632080e+10
-5.776309478734229508e-01 1.801961986942574701e+00 -1.598857732187970638e+09
1.139194804924779786e-01 6.947904647007090873e+00 2.121001203742622957e+07
-7.851010219077828589e-01 6.457724161720196365e-01 -1.692065537183105850e+10
-7.283077137584132110e+00 2.363011775059488118e-01 -1.172286480728067871e+12
-2.636403836994153926e-01 5.024465502974386766e-01 -9.386048971308139801e+09
-2.554872205450084088e+00 1.666983778864014054e-01 -8.263367207454975586e+11
1.600635950595033774e-01 1.792741729642357562e-01 4.476181933221524048e+10
-1.065408453145288092e+00 4.604653133771524631e-01 -4.516197389822791290e+10
2.722124682314299715e+00 1.251287219262700035e-01 1.562588466453660889e+12
5.893227639221499281e+00 5.287197651911527130e-01 1.894753610867267761e+11
-2.414192263515315962e-01 2.676484868047963595e+00 -3.028955461791828275e+08
-2.822319384772907780e-01 1.647408278340041887e+00 -9.346613603572778702e+08
8.721584303880660638e-01 1.653696709148239963e+00 2.866383380619058132e+09
5.137525798853984860e+00 1.449073411958529400e-01 2.198993057229909424e+12
2.160018474887089202e+00 7.176484912481695400e-01 3.769506805921675873e+10
-1.056930409712633523e+00 7.651139880415677164e-01 -1.622724256103576279e+10
2.603469625409044141e+00 1.689305563909518471e+00 8.199487508117732048e+09
-1.501559910936263620e+00 2.738448887003106069e+00 -1.799633233779827356e+09
5.382354932323533347e+00 1.660235606977856770e+00 1.755025794360358047e+10
2.004522142569236665e-01 3.050695713305837109e-01 1.935814295504991913e+10
-5.593703561371522470e-01 1.377771889124335125e+00 -2.648472247439030647e+09
2.357660926568254656e-01 2.054868948941332985e+00 5.018381865608149171e+08
-2.304041155340877389e-01 3.085693837780215665e-01 -2.174879422348151016e+10
1.459885658812614340e+00 2.011779869999652803e-01 3.241966658648886108e+11
1.322034233874303522e-01 1.036854528005602516e+00 1.105242718564724445e+09
1.022635230514494786e+00 8.083026345035380089e+00 1.406770913205722868e+08
-8.602892167324681649e-01 1.346908323168595656e+00 -4.262054750324136734e+09
1.888614393521926615e+00 1.700646034304058141e+00 5.869026252721596718e+09
6.706430419583532476e+00 4.311574275550250634e-01 3.242427672252868652e+11
3.114054615514027624e+00 3.914907090399297296e+00 1.826139388581849813e+09
1.729020891516626912e-01 8.688267355086006560e+00 2.058659430486599356e+07
1.010306275088818651e-01 8.277434117126322155e-01 1.325293913000930548e+09
7.409437555431999112e-01 4.648110063058410013e+00 3.082357828407735229e+08
-3.376214129135488129e+00 3.423429280381122819e-01 -2.589153982824039612e+11
8.709230508382144187e-01 7.085244756263820776e+00 1.559267722518883944e+08
1.671641813665028509e-01 6.641763340617131028e+00 3.405862028238501400e+07
-1.263586246704006821e-01 1.593400689931368630e+00 -4.473068066193556786e+08
-1.873471354097054620e-01 6.987299155445642285e+00 -3.448887276475387812e+07
-4.274772812565227120e+00 6.904438546608255844e-01 -8.059478108168978882e+10
-1.298581324788107560e-01 3.365393272956037851e+00 -1.030500309727035463e+08
-8.392582498388827972e+00 6.544743241172576553e+00 -1.761006710085191250e+09
-1.477035202033298023e-01 5.491514793234937297e-01 -4.402072070824082375e+09
-1.058924923065728718e+00 3.539863845312321011e+00 -7.595260477406184673e+08
-5.997093807372269048e-01 1.113012775263540588e+00 -4.351020826172686577e+09
1.523026912950231904e-01 5.965109195628013339e-01 3.846993032385347366e+09
-1.293771668958316523e+00 5.132632188344843360e-01 -4.413955684694361115e+10
-2.178941355876201358e-01 2.047047605415733607e+00 -4.673478778388248682e+08
5.302010258617873006e+00 1.197758284043985710e-01 3.321641941084872070e+12
1.669346783029202197e-01 2.726118806422960783e-01 2.018866609801852798e+10
8.277335754604381535e+00 2.930909030086084610e-01 8.660371303761304932e+11
-8.476844141830591539e+00 1.492453829680151500e-01 -3.420448115187060547e+12
7.980060053908472062e-01 5.226349339818550099e-01 2.625789497972741699e+10
9.529972660347661773e+00 3.992868223495030233e-01 5.372449207108078003e+11
4.562951172631183994e+00 2.937119951258633233e-01 4.753933179795559692e+11
-1.258434672308635927e-01 1.085054138808307700e+00 -9.606793997549118996e+08
2.851842970855724135e-01 1.145111550474553042e+00 1.954702355315072536e+09
9.323189820674059547e+00 6.749370934784815201e-01 1.839452387603637390e+11
3.639365940862658189e+00 2.163296959282084764e+00 6.989467101534599304e+09
-5.299343563752084707e-01 3.947334375079541768e+00 -3.056784773622415662e+08
-6.866225576208295323e+00 3.079572026201882751e-01 -6.507107081257646484e+11
3.010678317151050942e-01 6.742831517800398355e-01 5.951553704037710190e+09
-1.742101102682429292e-01 1.230840428449824497e-01 -1.033523767831311951e+11
-2.762599262471124195e+00 5.764704314351489778e+00 -7.471614177227783203e+08
7.961515972842279076e+00 2.711248420224604772e+00 9.734368106884002686e+09
5.568556446801671278e-01 1.675497709101726740e-01 1.782812079259367676e+11
2.651127129012134098e-01 8.750120804468897617e+00 3.112096637363592908e+07
9.087766625720349323e-01 2.236479263419090813e-01 1.632969347350683289e+11
5.761866814877395493e-01 5.027945401806961812e+00 2.048484714195623994e+08
-4.359355673077962123e+00 1.361413175511392848e-01 -2.113941786526878906e+12
-5.806633991985118648e+00 4.228967452627746537e-01 -2.918141756354591064e+11
2.008147339987766511e+00 5.284078286294601190e-01 6.464094637218214417e+10
-2.804637650179587771e-01 6.071700137731087521e-01 -6.837648134147795677e+09
8.437977012828966394e+00 9.012533775131052138e+00 9.336737431068767309e+08
-1.346835587223675912e-01 2.727503777906425952e+00 -1.627175812184226811e+08
2.477013535070623274e+00 1.763223207220431243e+00 7.160847276911323547e+09
2.166178000405485804e+00 2.559831509049298459e-01 2.971132351039877930e+11
-5.438556313504075979e-01 1.550601664541166880e+00 -2.032983044026818991e+09
-9.575748361880217274e+00 3.593677027963137149e+00 -6.664157555880598068e+09
-1.081570392254642909e+00 1.883077322981998591e-01 -2.741379126220459290e+11
-8.390427584962868224e+00 2.522540821987894422e+00 -1.185109025515198898e+10
3.213548565689952952e+00 1.969284488111663345e+00 7.447638117331153870e+09
9.651846684934923815e-01 1.166716673374377455e+00 6.372799050572788239e+09
-1.324632286719773511e-01 9.393686175114475123e-01 -1.349192320055963039e+09
-1.281663762112772165e-01 1.426697276380277657e+00 -5.659278403578125238e+08
6.320720536223917163e-01 1.889669920483966870e+00 1.590908884073036432e+09
4.847605112482782808e+00 3.628074793654225694e+00 3.309980155434173107e+09
5.051891438553572922e-01 2.730438077967198285e-01 6.090317921806660461e+10
-6.643224941079251877e+00 9.691204814398368672e-01 -6.357319410229182434e+10
-2.879432963813130519e-01 2.806283295807476263e-01 -3.286204364858155823e+10
-1.708424686698264694e-01 7.217833980689727369e-01 -2.947356568984594345e+09
4.388516039108904643e+00 1.036410044397355623e+00 3.672020369507092285e+10
-9.931821888665050224e+00 9.211938784462746499e-01 -1.051907264303401337e+11
-7.077264358632993080e-01 1.598279977916346795e+00 -2.490062905273859024e+09
5.298007790484130508e-01 8.763947538561307482e+00 6.199600041925828904e+07
3.047489834276190912e+00 3.877305238939845466e-01 1.821935088556091003e+11
-2.643889005522291669e+00 2.964691621306985714e-01 -2.703552361197456970e+11
2.639533222595932482e+00 1.341395772106057094e-01 1.318450668120587646e+12
1.315131620176717142e+00 8.169217863495895626e-01 1.771164428711320496e+10
-9.194752324434713131e+00 7.419380814114558964e-01 -1.501257977901904602e+11
-5.421583304120495272e-01 1.749979493259817387e+00 -1.591148942418591022e+09
3.501660068406468262e+00 1.864625905621276891e-01 9.051929746651979980e+11
1.118942793652818457e+00 2.532350276083224494e-01 1.568234295923863220e+11
3.433308723702759302e-01 2.963922460119334801e-01 3.512608919589495850e+10
5.727664127748772760e-01 1.730604685489481598e-01 1.718827964359906616e+11
1.384276974910782221e-01 3.219853972823302768e-01 1.200055306293938255e+10
-1.051153328776590068e-01 3.715417757404114063e+00 -6.843864200283490121e+07
-1.034451008216315415e+00 2.427519732649720208e+00 -1.577738443776635885e+09
4.216095298255712720e+00 1.026105002225330631e+00 3.598963379719181824e+10
-2.025352687562599563e+00 6.998846307834230007e-01 -3.716193895626486969e+10
2.739872750917798694e+00 1.062301461522051071e-01 2.182154286218290283e+12
-1.734431505520797723e+00 2.036597578566934352e-01 -3.758350901973021851e+11
4.711570350835340371e+00 1.468057666455241661e-01 1.964853015979617188e+12
-1.465978097882993048e+00 4.766820820470955233e+00 -5.798563868017617464e+08
1.038215301795053502e-01 1.190541784380978907e+00 6.583377501633096933e+08
9.727505116439356669e-01 1.767271191617463266e-01 2.799275803096802368e+11
-1.121837914721704188e-01 9.680217448828884130e+00 -1.075995626148149185e+07
2.311770218802530197e-01 2.071926233774923798e+00 4.840014964854139090e+08
6.504989715407105688e-01 1.294106838824283567e+00 3.491057227109095097e+09
2.954839593452780466e-01 5.355067313701579179e-01 9.260931234105443954e+09
3.674649952792608865e+00 3.507703086535312043e+00 2.684237522610801220e+09
-6.333302876923975200e-01 4.316990686396663945e-01 -3.054348952243570709e+10
1.624076783073081509e-01 5.196363396237085652e+00 5.405777253474684805e+07
-7.286089731415382076e+00 2.077878801172136081e-01 -1.516717539649639160e+12
1.518101375661206509e+00 5.421598999030773358e-01 4.641908839194628143e+10
-1.581424464424128762e-01 1.027739060363078494e+00 -1.345653811823779583e+09
8.026152325702552659e+00 7.933444699425395985e-01 1.146131420270505676e+11
1.005177226283661573e+00 6.138897449440103848e+00 2.397245443050490618e+08
-1.103701881845602639e-01 3.848508950552200214e-01 -6.697572130188666344e+09
2.154210255675517438e-01 2.785661111799487277e-01 2.495066611609919739e+10
8.594708740912093248e+00 1.698344720985504042e-01 2.678120358209284180e+12
1.992104027182514780e+00 9.403335299203344766e-01 2.024877652396289444e+10
-6.017821863227403867e-01 2.737956358197630724e-01 -7.215009435115681458e+10
-1.483018137388141533e-01 8.236695066097173168e+00 -1.964676745085602999e+07
3.615547934858728829e-01 9.524813709542641504e+00 3.581886016203874350e+07
-6.059039383676678270e+00 5.776389864689580600e-01 -1.632079835815168457e+11
2.529095419248870158e-01 2.119923011131128465e+00 5.057963083925945759e+08
-1.558721103554356613e-01 1.582700091524611163e-01 -5.592703283092340088e+10
-2.809871037376660552e-01 1.757912638448116072e+00 -8.172264779072085619e+08
-1.141390610228413260e+00 6.513433878822223022e+00 -2.418047880874613523e+08
-9.024114676999772655e-01 8.205603220786406027e-01 -1.204575977754237366e+10
3.413588160435686025e-01 7.064862352904614617e+00 6.146874303299053013e+07
-5.570101804645208876e-01 2.604848061157065686e+00 -7.378175113816547394e+08
-7.534284034200776858e+00 7.914455855827503328e+00 -1.081061708411277533e+09
-1.123213854439452541e+00 9.973399698491077103e+00 -1.014907872485620677e+08
-4.989616199447244327e+00 2.302478324652377228e+00 -8.459148682658304214e+09
1.925755917415432616e-01 8.146097618155958564e-01 2.608270558084584236e+09
-2.860949979790144981e-01 8.422404235987066556e-01 -3.624838982567659378e+09
-1.048106298028098182e+00 2.624103950688291942e+00 -1.368024511184493780e+09
-2.960997095097888110e-01 2.068258562443615334e-01 -6.221268393310646820e+10
-2.618726170480351056e-01 1.155208300779999725e-01 -1.763681278892904663e+11
-7.898497000497094467e-01 2.675200462101144927e-01 -9.919331725901646423e+10
-2.086960187092436136e+00 3.545969351819520110e+00 -1.491745811774006128e+09
-1.988313116531688352e-01 3.303113304139642992e+00 -1.637904037212229371e+08
5.306756045014551226e+00 3.560234451769443087e+00 3.762898853737956047e+09
4.898473182078233457e+00 1.901241280585139748e-01 1.217970816610259766e+12
-5.063461569601892087e+00 1.857857139003988023e-01 -1.318479875131071289e+12
-2.210674842637491699e-01 3.015906400609554838e-01 -2.184438234361300278e+10
-4.239502125091944573e-01 7.953067314561075296e-01 -6.024155296203795433e+09
6.986511049919712502e-01 3.002705157251945312e-01 6.964430179906799316e+10
-9.660455956419391477e-01 1.536589378974572373e+00 -3.677329868033453941e+09
-1.222047861701634347e-01 2.008704755568450739e+00 -2.722115937536022663e+08
-7.228300280777955500e+00 1.845522948399305196e+00 -1.907426906205599594e+10
5.498916299522850437e+00 5.646512650303327163e+00 1.550126413898449183e+09
-3.961422939171532320e+00 8.409884808529768385e-01 -5.034098812991142273e+10
-1.082711376338015397e+00 3.141489649154076691e+00 -9.860343674084895849e+08
1.119172800813583724e-01 1.537720647604431112e-01 4.253954825202481079e+10
-1.464726593537555965e+00 3.872954905958236882e+00 -8.776519138904534578e+08
7.099494539293984552e+00 7.115938482638772378e+00 1.260125145561879396e+09
-5.490640089797136358e-01 1.131106569381874261e+00 -3.857150152703069687e+09
5.218475914381522918e-01 4.950691747173549651e+00 1.913650087844390571e+08
-1.964259373294714894e+00 9.507005789284809438e+00 -1.953268452747952640e+08
-7.403569581876782379e+00 1.655018440773786959e-01 -2.429327723513439453e+12
-4.455694820332738004e+00 3.851108792337018638e+00 -2.700190972144318581e+09
-3.069033963191400982e-01 4.935578185257706529e+00 -1.132338414113575667e+08
1.336369895769664362e+00 5.308876418606832459e+00 4.261593981479957104e+08
-3.434651310450878015e-01 3.606783431450583333e+00 -2.372974875081485808e+08
-3.626959817961691868e-01 1.348339169347877731e-01 -1.793060983543104553e+11
-4.807956225815036011e-01 4.549356868992092129e-01 -2.087906813449302292e+10
1.958596764535123436e+00 1.327255056068045613e+00 9.992792611299289703e+09
-3.081519520426775571e+00 2.133326215138508619e+00 -6.085566340892644882e+09
-5.532406029315343865e+00 1.011666322624566128e+00 -4.858364315946363068e+10
-2.279647961265895972e+00 1.502029936622726602e-01 -9.081576102863452148e+11
-5.795714997184686634e-01 7.389997932196533670e-01 -9.538256684805484772e+09
4.648112572846464507e-01 7.861463507770084291e+00 6.759591488494150341e+07
4.265082173065211646e-01 5.854555133988682547e-01 1.118382134305020523e+10
-9.549457213507023923e+00 4.501821332067784676e-01 -4.234993967218745728e+11
-1.397182635709228293e+00 1.626567529340322560e+00 -4.746348260578395844e+09
1.774718530579511455e+00 5.798868309779058317e-01 4.743442166921006012e+10
-1.083775493082915764e+00 1.132513290972405190e-01 -7.594572451448869629e+11
1.805765386760741720e+00 1.619992734357117659e+00 6.184232502808197021e+09
3.048704418858278475e-01 3.263672519516017667e-01 2.572484633406476593e+10
7.024140129462575821e+00 1.777726215436992163e+00 1.997625308995372772e+10
1.254948896695626148e+00 2.428416782473907354e+00 1.912626674114209890e+09
1.718018119793958409e-01 1.593711511496594957e-01 6.079375082850306702e+10
9.127216344778046331e-01 3.564572723945388155e+00 6.456155827159056664e+08
-9.124246382708426140e+00 2.002652781843058949e-01 -2.044731586563849854e+12
3.049018914191508500e+00 1.090246172097356636e+00 2.305481256439888382e+10
-6.785703313435789141e-01 4.236788453789178122e-01 -3.397597480709145737e+10
1.109562256289634008e-01 1.104225907737665491e+00 8.178740490974088907e+08
2.207655470671034070e+00 5.970565675812368411e+00 5.566099382001283169e+08
-1.863798720200162240e+00 1.405140833160840319e-01 -8.484180871756890869e+11
2.845701040584158181e-01 1.994180902975362102e+00 6.431477950778748989e+08
2.627028526033764688e+00 2.458284324376991847e+00 3.907069920441115856e+09
4.632623046230779806e+00 3.457975093236001385e+00 3.482040835495732784e+09
5.525887702028712267e-01 2.493088377597134642e+00 7.990561988801906109e+08
-3.309195706559472150e+00 2.243796127799626561e+00 -5.907534711057414055e+09
2.000413884748031557e-01 9.300980641819279748e-01 2.078322779257357359e+09
-9.705356365452352918e+00 2.417319918460786976e+00 -1.492773248975526237e+10
-8.200920868032646638e+00 2.232175229777831671e+00 -1.479301408194278908e+10
-7.372782853021433436e-01 1.506733063021938324e-01 -2.918834189749240723e+11
1.897008970556991914e+00 4.707304245229154138e-01 7.694412501328819275e+10
-6.844953593906560885e-01 7.271191233428353495e-01 -1.163616826814244461e+10
2.120713705153162709e-01 2.235530484648135807e-01 3.813919027748001862e+10
-5.249731070878876693e+00 1.469382576198391854e+00 -2.185334405146175766e+10
1.292425450976905532e+00 4.187251325204088270e-01 6.625185805214195251e+10
6.303668352247925100e+00 1.704338523570799069e+00 1.950438465292603302e+10
1.169911455195493249e-01 7.205993205558108849e-01 2.024957511666453600e+09
-7.221534979005775234e+00 5.677872879007609397e-01 -2.013301456039918518e+11
6.386526374339291934e+00 9.537416073831325170e-01 6.310356129983175659e+10
2.166947585450194336e-01 9.253499788928372105e-01 2.274505473067074776e+09
-7.970952816538796171e+00 1.153198540937427491e-01 -5.387070860765125000e+12
-1.218727717488484463e-01 1.644053517589900704e-01 -4.052522225536318970e+10
5.655509014773204557e-01 3.421711750638077865e-01 4.341456709688281250e+10
1.416843172629304592e-01 8.879642990338309616e+00 1.615032959520296194e+07
1.785804227020371671e-01 8.486739104740482764e-01 2.228449321206442833e+09
3.313726330546151289e+00 1.935921110827758529e+00 7.946793822295880318e+09
-3.658017085694886816e+00 3.297478097677088993e+00 -3.023656895689365387e+09
1.420780969697409191e+00 2.238222506252048882e-01 2.549008201849910583e+11
-3.867805004103620270e+00 2.158856272019400446e+00 -7.458778835955839157e+09
-3.101441025183315325e+00 3.893977399374111581e+00 -1.838346161339273214e+09
-2.573428063872386096e-01 5.457041868889530356e+00 -7.766906539986188710e+07
1.117689293955170110e-01 7.443741080011011535e-01 1.812964050462409258e+09
1.178561895403831272e-01 1.752795097404071356e+00 3.447789274463864565e+08
-1.078112668210582520e-01 1.633567963365072651e-01 -3.631117914712286377e+10
1.698844127217221667e+00 2.323366966115633314e+00 2.828580422086936474e+09
1.547284649665267853e-01 1.098351080145297809e-01 1.152758869453389130e+11
-3.507969685463770748e+00 1.067076431476186305e-01 -2.768951791278395996e+12
-6.503735629046203393e+00 2.774819112410626398e-01 -7.591789246425917969e+11
3.633333685388297152e+00 2.497433399455118774e+00 5.235619453588476181e+09
-2.041383845365973393e+00 9.249417778334245721e-01 -2.144600977981674194e+10
-9.165871380329466689e+00 5.987189361416316302e-01 -2.298150090938184204e+11
1.119357116033972838e-01 2.265955673685942973e+00 1.959370038786321878e+08
5.397691671807457459e-01 4.263498597056085138e-01 2.668863993880909729e+10
5.549588578492707036e+00 1.834595585435027099e+00 1.481940331771910858e+10
4.595941147987360753e-01 9.500643372954327148e-01 4.576348026768871307e+09
8.105580493582831281e-01 3.155093901227283282e-01 7.318299231450779724e+10
-7.377241741814980491e-01 1.169016188598674066e+00 -4.851807735440659523e+09
-9.230416397208504264e+00 2.855284325821922486e+00 -1.017590839913570213e+10
3.402947406406268804e+00 2.216964300590375803e-01 6.222837436140778809e+11
2.284180790236464142e-01 8.420235126757248167e+00 2.895560578705021366e+07
-4.044345262953765729e-01 6.818054398997993815e+00 -7.819480811594854295e+07
2.743338048538006113e+00 8.402256794928135264e+00 3.492513102830669284e+08
-1.101580181770509398e-01 3.694286638784895604e+00 -7.254467743013045192e+07
5.058354821920152844e+00 3.284137129769339136e+00 4.215191817926776409e+09
1.023495474686312745e+00 8.037268711722147074e+00 1.424031408659621477e+08
-1.550960189146006529e+00 1.031718242869081648e+00 -1.309570999259782600e+10
8.050850521799127080e+00 2.089867036780455045e-01 1.656742715416591797e+12
-9.456885684648266288e-01 8.649753423142982456e+00 -1.136033930975884497e+08
1.340394104864865765e+00 2.906975967178210940e+00 1.425608397039807558e+09
1.119470569465299770e+00 3.424289472611329099e+00 8.580692871791981459e+08
-3.031070601669136444e+00 3.831575331353012537e+00 -1.855632343787480593e+09
6.007232473104733295e-01 5.316714034896261154e+00 1.910022368742071390e+08
4.328779148701361379e+00 1.999546806093199569e+00 9.730897498675125122e+09
2.034736685741208584e-01 9.203625943055936176e+00 2.158941698338149488e+07
3.072720558416726533e+00 2.874970139748677656e-01 3.341234890057871094e+11
1.847532407845698110e-01 1.702199580424709757e-01 5.730885416318933105e+10
-2.895920424603751209e-01 2.182861354534662846e-01 -5.462418093189660645e+10
-6.412035586918605645e+00 4.949176276724957191e+00 -2.352776627978387833e+09
-4.470890616324187383e-01 5.948834009842310921e-01 -1.135483848423443413e+10
7.657928961482881602e-01 1.506934259692364331e-01 3.030912079459215088e+11
-7.034210673072371023e+00 2.342474298261261745e-01 -1.152169356943038818e+12
1.453036368348856189e-01 1.288399368202642004e+00 7.867306978393285275e+08
-2.577927685081076614e+00 8.865781797931854058e+00 -2.947727086447888613e+08
-3.368068723892196914e+00 2.361659117163786625e+00 -5.427466352266277313e+09
3.927047422993211745e-01 1.911403551888151420e-01 9.660775428814428711e+10
2.352968857597447505e-01 1.846662700762019271e-01 6.201427101319196320e+10
-9.593306391823684942e-01 6.117840105329667155e-01 -2.303682850348281097e+10
-1.770918496505099748e-01 1.620633914739761927e+00 -6.060093797365477085e+08
-3.355330484755883469e-01 4.187347758935364150e-01 -1.719918468364637375e+10
5.811088832712903773e+00 2.065109286255375487e+00 1.224678387119716644e+10
-1.892131967740521559e-01 7.306548276340353532e+00 -3.185499382846140862e+07
7.757080264625283661e+00 5.118447130083080054e+00 2.661169027450612545e+09
3.349218028536877778e+00 3.449998202525963453e+00 2.529043509833167553e+09
1.212853466771562250e+00 1.084895437636735904e-01 9.261539569303665771e+11
-1.165819402449218556e+00 4.852650966224549278e-01 -4.449628844759751129e+10
-3.703300509190794454e+00 6.575344288105351431e-01 -7.698437317087396240e+10
2.733986485724013149e-01 2.839229108619701347e-01 3.048218566892654419e+10
8.079970889906897824e-01 5.414491640008150419e+00 2.477108556455641091e+08
-7.996467912503275599e+00 6.450642674445530300e-01 -1.727200863853578491e+11
-1.732147281769862435e-01 4.101000573844086894e+00 -9.256691174276188016e+07
4.369283237007071108e-01 1.211150830680047114e-01 2.677098521203572693e+11
2.071537541800071713e-01 2.652768202230518568e+00 2.645725726142560244e+08
1.331209160539398584e-01 1.421199164735882592e+00 5.923617789210683107e+08
-1.224653535465537901e+00 1.487308915032728440e-01 -4.975783741074072876e+11
8.853894831708105428e+00 1.564723220632681377e-01 3.250198774457872559e+12
-2.950845042147502539e+00 1.772445718713352880e+00 -8.442112490459014893e+09
-8.237972794627501649e-01 1.869280503633605539e+00 -2.118956391810823679e+09
3.956593671761927111e-01 3.876552061939870342e+00 2.366360070818848312e+08
1.269427826108553981e-01 1.618404519930279062e-01 4.355965855834853363e+10
-1.077545597330306359e-01 3.326551763555073649e+00 -8.751806431838895380e+07
5.579059366010989951e-01 1.524690980410983721e-01 2.156989041660859375e+11
7.103226037541913174e-01 2.926456379423933440e-01 7.454562205262216187e+10
1.976838637687042544e-01 5.455049834049219726e+00 5.970688230922182649e+07
-5.540919532891080301e+00 4.832401776695387507e-01 -2.132585200021553955e+11
4.373897692148981942e-01 1.661486093988941426e-01 1.424051898984103699e+11
6.723542712914971631e+00 6.696945261173705699e-01 1.347396106934082642e+11
1.591340510801971253e-01 1.894891193340825508e-01 3.983319867033106995e+10
-7.717609084114999130e-01 2.078546340503332202e-01 -1.605513538986331177e+11
4.577054577127555590e-01 2.924083035223167482e+00 4.811243164635917544e+08
-8.389095111090069778e+00 7.121475156231700687e+00 -1.486708448650424242e+09
-5.197897914616574688e+00 5.194230845208145375e+00 -1.731553323787015676e+09
-4.843901261484186094e+00 3.285155141090277731e+00 -4.033983638519328594e+09
6.798091231199605566e+00 2.237534352781798574e+00 1.220388716035097885e+10
-2.549357500895067519e-01 2.781244807957093279e+00 -2.962121884629776478e+08
-6.585358702339601855e+00 7.435488508844075639e+00 -1.070560069160390973e+09
-1.071043236929623416e-01 2.249206102600350976e-01 -1.902826167611172485e+10
9.108286901501449151e+00 7.530276406309549309e+00 1.443661866226730824e+09
-2.085742529677948820e+00 5.733330403537516773e+00 -5.702921250301551819e+08
-8.618836882609777206e+00 5.613020829067899342e+00 -2.458702439656753540e+09
-3.371417653246476576e+00 1.429729676907292857e-01 -1.482365541565477051e+12
6.594941725456210380e-01 8.809533606379950754e+00 7.637579562538401783e+07
-5.527477306352054143e+00 8.622660689166210535e-01 -6.681823407388592529e+10
3.669151654162548515e-01 6.512244508099841456e-01 7.775975516248894691e+09
1.708144851389403751e-01 5.806906087296527019e+00 4.552874820881737769e+07
-5.844041100717947579e+00 3.789979383705103899e+00 -3.656707183038854122e+09
2.530304817966990694e-01 1.037356743695151184e+00 2.113329384307467461e+09
4.677822952698520886e+00 9.663278882715490070e+00 4.502413437175897360e+08
1.746189298541657831e+00 1.909915364218086886e-01 4.302428838316587524e+11
3.127782569548762659e-01 6.359592993370251079e-01 6.950699756159255981e+09
-4.302325255671168303e-01 3.253308515847174398e+00 -3.653451599941419959e+08
4.714395458805825889e+00 1.481254863834607638e-01 1.931154628213162598e+12
-4.599209115822892602e-01 8.019493531192917191e-01 -6.427467538564199448e+09
-3.520611671045660973e+00 4.480561164143384012e+00 -1.576173139559520721e+09
-1.166782451703815837e-01 3.879150353683822328e+00 -6.968948918594639003e+07
-1.590526632471938040e-01 3.906671353160803273e-01 -9.366510147413070679e+09
-2.103957105475666278e+00 1.056234869453557934e+00 -1.694987493988398552e+10
2.759662187535730116e+00 1.579974550444496195e+00 9.935880468039575577e+09
1.127221790844604055e+00 2.588547969764499523e+00 1.511985265730535984e+09
-8.520721609073714120e+00 5.030230989974237010e-01 -3.026572889511865845e+11
-2.242131540213276431e+00 4.952622827147180606e-01 -8.215636131931297302e+10
3.973499907159633082e+00 1.905314810121442992e+00 9.837626706119026184e+09
2.462141834575854726e-01 2.041984740439229729e+00 5.307117475601492524e+08
2.301391999164415780e-01 6.761105162905765908e+00 4.524867174100389332e+07
8.326196037926138160e+00 5.389658568146839634e+00 2.576171330957046509e+09
-3.938415785977271710e-01 1.268824004933485350e-01 -2.198717377557461243e+11
-1.227862646289440196e+00 2.145127962285026779e+00 -2.398247485544402599e+09
-7.547344897051604384e+00 1.171582098980170850e+00 -4.941961530751716614e+10
1.360174633748681305e+00 1.482729172907801818e-01 5.560599608035349121e+11
-1.537145624597202165e+00 9.894659053187042641e-01 -1.411120052871627808e+10
-3.609302795132670605e-01 4.594589667728729010e-01 -1.536669505411323547e+10
1.689165544558024201e-01 2.402537036182180952e+00 2.630162915229351521e+08
-1.997803838434802470e+00 1.273659630110743235e+00 -1.106870197640226936e+10
-8.613550318952912788e-01 1.277144747367473521e-01 -4.746271422539793091e+11
-3.546469473858034904e-01 1.093291741721713339e-01 -2.666703365928110962e+11
-3.161201336873052936e-01 3.379545797112952221e-01 -2.487631818793549347e+10
-2.230756006453982643e+00 7.577661159015393055e-01 -3.491663043292175293e+10
6.880511472706998255e+00 6.760152296706192221e-01 1.353188759182682648e+11
-1.211753448311164022e-01 1.007352820543295641e-01 -1.073251907569395142e+11
-4.378682920077642038e+00 2.887072707906145896e-01 -4.721485637538142700e+11
1.206835431433867789e-01 1.254789832570215591e-01 6.889007990149220276e+10
-4.803325260994496304e+00 9.818903763486017677e-01 -4.477819751207283020e+10
1.401360484892051894e-01 5.176664975671564362e-01 4.700027156616725922e+09
-2.922978255034128114e+00 7.844422902581118073e+00 -4.269275733799432516e+08
4.139621998053547358e+00 4.282364981009467719e+00 2.028822004502301693e+09
2.342248271067273624e+00 7.401318883281573502e-01 3.842955126368734741e+10
1.917366955190623612e+00 1.246476805579187913e-01 1.109142772241142334e+12
5.124770483766939222e+00 4.323404593657047990e+00 2.464184826384756565e+09
3.252779617510828114e+00 5.158452570680359672e-01 1.098667745371353302e+11
-3.481132489550860409e+00 1.785114333969653577e+00 -9.818363265811254501e+09
5.625346087433801268e-01 4.324266948687229828e+00 2.703801921960194707e+08
8.249782319226468985e+00 1.933464860397070828e-01 1.983446728996146484e+12
5.491579054763704448e+00 3.418146105753688269e-01 4.224415365356658325e+11
-6.191608786778369122e+00 2.179023969186313636e-01 -1.172006745395872314e+12
-9.047298347975479160e+00 6.121474662532657707e-01 -2.169988428184437866e+11
3.922226660553584932e-01 2.895461837252175097e-01 4.204821994816883087e+10
-1.154410510502154485e+00 4.537683312605652608e-01 -5.038978723732357025e+10
2.097666898255793999e+00 3.106345917906844223e-01 1.953833314460490417e+11
-5.634332659493018092e+00 4.996895789026024048e-01 -2.028114726808569946e+11
-1.772747833351674129e-01 7.095915325592456746e-01 -3.164322451175909042e+09
7.308739548781930218e+00 1.330116137127023590e+00 3.712906214227312469e+10
2.129342449668852055e-01 2.622235542526085705e+00 2.783253290200778842e+08
-1.240890188584039100e+00 1.956857702981239511e-01 -2.912496933054304810e+11
-2.517010094757087035e+00 2.518603773482796182e+00 -3.566283598739943027e+09
1.033212795895515290e+00 1.580749623122871039e+00 3.716329566427627087e+09
-2.218292616428134245e+00 5.911583169030918405e-01 -5.705081383402061462e+10
2.895488648714773294e+00 2.400969462239921359e-01 4.514391425377321777e+11
1.030476312775276959e+00 4.334343738150987502e-01 4.929943372705188751e+10
-3.542167896253855197e+00 8.751053640492941099e+00 -4.157182296139836311e+08
-2.152347758224429697e+00 7.252546460455366883e-01 -3.677748452534056854e+10
-2.116412456827716948e+00 8.106791407879697653e-01 -2.894362550562448502e+10
-6.709578652249851283e-01 4.367707206881368820e-01 -3.161104345925471878e+10
2.059362130856819129e-01 2.486321117465176422e-01 2.994117939481025696e+10
-9.971456365813203604e+00 5.120138565861978019e-01 -3.418580276834685059e+11
2.306256064115214333e+00 1.990565492560803784e-01 5.231246702786185303e+11
6.912676570604232573e-01 2.806419433020764131e+00 7.888450379598067999e+08
4.888493437382233964e+00 9.517829835044890885e+00 4.850089835556569695e+08
3.643487473722354153e+00 1.327858118302334134e+00 1.857225135980192947e+10
1.600807461777405960e-01 7.299517947846533517e+00 2.700233723137721047e+07
3.125260134447243043e-01 3.178527775088513807e-01 2.780255886262111282e+10
6.610406660720823169e+00 1.498382835778815148e+00 2.646264292858250809e+10
-5.809346161103772221e-01 8.306108388113915275e-01 -7.568027227179020882e+09
2.249416063966073853e+00 4.787073322483842985e-01 8.822268103182119751e+10
-5.844120437496496123e+00 6.958456730985639993e+00 -1.084785605349051714e+09
-2.297608482003582697e+00 2.947587058308425156e-01 -2.376803958448364868e+11
1.454824226671756482e-01 6.429247007536155856e+00 3.163303924430111423e+07
2.720387887394141835e+00 2.378133256579727739e+00 4.323237338874335289e+09
-2.442711599705633230e+00 7.173708565923824221e-01 -4.266142465412729645e+10
-2.359534651527077198e+00 6.406369726511711438e-01 -5.167172730887858582e+10
-1.981522265629744872e+00 1.259630503797324774e+00 -1.122440262599646187e+10
4.615088868459973903e-01 1.001891678745099101e+00 4.132274349571623802e+09
-2.137451615712718134e+00 1.158348294567095038e-01 -1.431754589036991943e+12
4.792895237310790257e+00 5.649364210227606486e-01 1.349737785847826385e+11
-1.545287872508157023e-01 1.838067442533943829e+00 -4.110902055101158619e+08
9.262733288739526394e-01 7.280971374793254736e-01 1.570403050621913528e+10
-1.351168124247811742e+00 3.532228220085726345e-01 -9.733353523889892578e+10
5.640939744533211009e-01 7.177133411674860852e+00 9.842378010369440913e+07
5.080292416029178471e-01 1.887596048854525976e-01 1.281507669438663483e+11
1.362093490654782135e-01 2.833291057796397117e-01 1.525018646778521347e+10
1.771354646063622584e-01 9.600831949286093847e-01 1.727183192520226240e+09
-8.123427437457162448e-01 4.612259252992425562e-01 -3.432120301735279083e+10
-8.753909061384252510e+00 5.596821252172137218e-01 -2.511711622638504944e+11
8.166112822041627917e-01 1.675727195911546952e+00 2.613721787520171642e+09
-1.245497206991407341e-01 1.135277994079386815e-01 -8.685382252219621277e+10
2.810463149607612454e+00 8.351441568529546444e+00 3.621642849022107720e+08
-1.860725943252534154e-01 7.213859850293107279e+00 -3.213643000260546431e+07
1.070877545076291820e-01 9.891857037009215148e-01 9.836368000453177691e+08
2.256694382524296605e-01 2.895997747475784201e-01 2.418393276212292480e+10
-7.198211979631850888e+00 7.142081074500454818e+00 -1.268310823503631353e+09
-2.773503409705170286e-01 5.902716886858782708e+00 -7.154436202159714699e+07
9.294944142834028256e+00 2.516913448567990041e-01 1.318745042308820801e+12
7.886270496747565417e+00 5.569114093668197096e-01 2.285335978531069641e+11
-7.581181704732499194e-01 8.963566809352430553e+00 -8.480584866856057942e+07
1.670082350969357698e-01 2.006149349750637523e+00 3.729597646607714295e+08
9.979634166571837994e-01 7.230567960488497592e-01 1.715617291102701378e+10
-1.766087468482499256e-01 1.288827507080622103e+00 -9.555936039001322985e+08
-1.559356493018953516e-01 2.002960333789661984e+00 -3.493424276415219307e+08
9.552000103374657769e+00 4.318974737749205484e-01 4.602392032700116577e+11
-1.427957067436249394e+00 4.676917035535845812e+00 -5.867409999502315521e+08
-2.144139433036038878e-01 2.051959526685767088e-01 -4.576843490500981903e+10
-3.923343500132141060e+00 3.054923995216341392e+00 -3.778384338850797653e+09
-1.639116045291058921e+00 1.941350565240235859e+00 -3.908880439662638187e+09
-1.623853166891034983e+00 3.559336341423332328e+00 -1.152018138994862556e+09
-6.457736524191601823e+00 2.263250538884721497e+00 -1.133093309627690506e+10
-4.366921870770660519e+00 1.561493239224817364e-01 -1.609703261044526367e+12
5.317206991469982214e+00 2.792935156161392984e-01 6.126500593703173828e+11
-1.965751196538475243e-01 9.001976802530915478e+00 -2.180235406038308144e+07
2.194655464004442891e+00 6.021027078014585143e+00 5.440963447074743509e+08
2.316123136339016397e-01 1.308921364598619519e+00 1.215024821981769800e+09
-3.233721923902485584e-01 7.434024828790263273e-01 -5.259025479012066841e+09
-3.452769695852910381e+00 1.306797329433821764e+00 -1.817195920136381912e+10
1.349705550069817961e-01 7.917021495109238804e-01 1.935378908798338175e+09
-6.365690219279696471e+00 3.720912695608097898e-01 -4.132350571356865234e+11
1.271979474885983175e+00 3.276536971785605767e-01 1.064879768833023987e+11
5.543519047028628854e-01 1.134268600167454677e+00 3.872615175256266594e+09
-2.681575980060622588e-01 4.926102370622116866e-01 -9.931934793142396927e+09
-2.449876177014408185e+00 3.301642289733410340e+00 -2.019922540759208441e+09
-1.633685408432558328e-01 2.141576377320456304e-01 -3.201488255572265625e+10
-5.527423139388597528e-01 9.952465627088387112e-01 -5.015473706295414925e+09
1.116571851428032280e+00 1.826143698816723726e-01 3.009313236304081421e+11
-1.926279619651768138e-01 5.578665170686949448e-01 -5.563003793287166595e+09
-6.112769755654439585e+00 1.459217804596730561e+00 -2.580170563374178314e+10
-2.750950743576879631e+00 6.161682019006446964e-01 -6.512307036646829987e+10
1.577324574881559249e-01 7.520828236599240713e-01 2.506342091030953407e+09
-9.740289931234940468e+00 1.191357837949558601e-01 -6.167910310996209961e+12
-4.358429282419367667e-01 1.944692540554464166e+00 -1.035806722726357102e+09
3.004524736392298334e-01 3.064018350125242041e+00 2.876362899625854492e+08
-5.665361207879283434e+00 2.833391633148429012e+00 -6.342566196609276772e+09
2.762344960774699154e-01 5.924988286441209562e-01 7.072183787681519508e+09
-3.367266350945441911e+00 7.494234011159938147e-01 -5.388570742287579346e+10
-1.143842875264441616e+00 4.159929977828796255e-01 -5.940800233036731720e+10
1.286643645552306259e+00 1.290024016823502484e-01 6.948855908250572510e+11
9.838617260553370603e-01 6.171616325416158233e+00 2.321597064988622665e+08
1.303023031241083318e+00 9.789405989317172541e+00 1.222052968221518248e+08
-4.044957469328199551e+00 2.060064499564073781e-01 -8.566490580516286621e+11
6.923772951130759967e-01 4.897021267236122632e+00 2.594952758563728929e+08
-1.671950243257499802e-01 3.187573288563944285e+00 -1.478950401021002233e+08
2.017158902859353675e-01 7.597011554884155471e-01 3.141269197729889393e+09
-1.143390669842539342e+00 1.055891830416458843e-01 -9.217356880436112061e+11
-5.668581347840247808e+00 8.281187168642718532e-01 -7.429161521649140930e+10
2.880006364493493454e+00 7.472505807790223997e+00 4.635659658065807819e+08
-1.423362208881450708e-01 2.758304571015179341e-01 -1.681440914664040756e+10
-9.476130836826582637e+00 1.248958453341868946e+00 -5.459912504348645020e+10
3.918053535681953470e+00 1.666880096462718619e+00 1.267395796515068817e+10
5.123804908881516518e+00 9.952624810991074211e-01 4.649089839759189606e+10
-2.268550849698069971e+00 1.119510146478125634e+00 -1.626833356662718773e+10
-7.267119313643054745e+00 9.367484282311018262e+00 -7.443324669233283997e+08
-2.588993893431261739e-01 6.718262482173309458e+00 -5.155463411667714268e+07
-1.598765457941277113e+00 1.671496376650933424e+00 -5.143094401845470428e+09
3.587650228055109802e-01 4.452897138825378853e+00 1.626205358316819072e+08
-4.174203585860130516e+00 2.650373327931250800e-01 -5.340847043924565430e+11
1.204297333189471741e+00 3.146395449214888229e-01 1.093346282056388550e+11
-6.251015677191073650e+00 3.060303859963529050e+00 -5.998906683736043930e+09
-3.002270692908880489e-01 6.047204738732231633e+00 -7.378891421640916169e+07
4.439340737903155976e+00 2.695728052445048206e+00 5.490563801065750122e+09
-3.742479493404785029e-01 6.412830092768404988e+00 -8.179195346316121519e+07
3.724038759207210170e+00 1.276307891876237166e-01 2.054725929143815918e+12
-2.773584134598689133e+00 5.233691645348993227e+00 -9.100718884585076571e+08
-2.426226807692410115e-01 8.276639248562021045e-01 -3.183273567198671818e+09
-2.578158628604466429e+00 2.818829685731834012e+00 -2.916235419147072315e+09
-2.084497555662326862e-01 2.982981582094400563e-01 -2.105478760554955673e+10
-6.736567785475879866e-01 3.582979485565246591e+00 -4.716291712381457686e+08
-9.470056962082484375e+00 6.013675424399500535e-01 -2.353548981114347534e+11
2.445647275870005632e+00 4.827601267173574628e-01 9.431519219509034729e+10
-1.408598045635410800e+00 3.347922404969480681e+00 -1.129501812850001574e+09
5.854468381704456270e-01 1.126593739030489622e-01 4.145752931398829346e+11
4.321807596447612809e+00 2.359809584324312759e+00 6.975287707188386917e+09
-3.942346363450335844e-01 6.707531688669263303e+00 -7.875532528806525469e+07
-5.410311411050164665e+00 5.844285202485124842e+00 -1.423672442783876181e+09
2.862839170220255358e+00 1.448433829000933537e-01 1.226451136916841797e+12
5.670302324125219506e+00 4.221281370103809882e-01 2.860014473969172974e+11
1.899698721783573907e+00 7.306458670023602053e+00 3.198316840840467215e+08
-1.836631295147866938e+00 1.210437888062219747e+00 -1.126646262296488762e+10
-8.433718839708419068e+00 3.614352047489168385e+00 -5.802415618543221474e+09
1.979606536891926616e-01 1.333328237589924692e-01 1.000818544477646942e+11
2.948496376838566913e-01 2.675853047918693939e+00 3.701064879403526187e+08
8.668102788957613436e-01 5.386023161730312481e+00 2.685580888226203918e+08
2.847337441362759458e-01 2.736405733203300938e-01 3.417657784389742661e+10
-2.533525279599890823e+00 2.159581555102596973e+00 -4.882436923742338181e+09
1.927319765712509625e+00 6.537013674342820879e-01 4.053644013841110992e+10
5.458461851462641512e-01 5.402230497975827328e-01 1.681026953747156906e+10
-5.222135353469320451e-01 3.283211718752333308e+00 -4.354125714735032320e+08
3.214107883996335513e+00 1.314482324560074245e-01 1.671866390001911377e+12
-1.127554881904623135e-01 7.601245827414672362e+00 -1.753956232401840389e+07
-3.024094508828164329e+00 2.227671685343380670e+00 -5.477010938473363876e+09
1.684221190496129728e+00 1.022056612754393523e+00 1.449104952229062462e+10
7.176443368602186013e+00 7.657721515088499409e+00 1.099919099444479704e+09
-1.252117551477258006e+00 4.022258191162958241e+00 -6.955940077183372974e+08
-1.050696471099885398e+00 4.115446712494290615e+00 -5.575629747156224251e+08
3.882830759941151122e+00 8.518860229191856703e+00 4.808793127891294956e+08
-3.655961117016804707e+00 2.823247287431122632e-01 -4.122440037635133057e+11
1.177653135776615262e-01 9.919989337534522278e+00 1.075587138536116667e+07
-9.755741631658604973e+00 1.229487481636915458e+00 -5.800463335467731476e+10
-2.754505755889761764e-01 1.335754906491902760e-01 -1.387524774741053162e+11
-1.395493613220923690e+00 2.880572192734031090e-01 -1.511544521676803589e+11
-3.568318057154760137e-01 7.327858861697021942e-01 -5.972552610250690460e+09
4.183667317209989633e+00 8.646028763139885776e-01 5.030074399772695160e+10
1.240456759980952395e-01 1.083834387174158032e+00 9.490878128722338676e+08
-3.673278651409720208e+00 3.256096974988000881e-01 -3.113937068911044312e+11
-7.890792620039606575e+00 4.381241838550861134e-01 -3.694679708951124268e+11
1.628145292744173744e+00 2.264700240590819535e-01 2.853135015980637817e+11
6.870357974644044630e-01 3.049175207526323428e-01 6.641485437541489410e+10
-8.609774618711035776e-01 3.949150932256719759e-01 -4.961750665494345856e+10
6.172674842068399670e+00 3.541250480014013657e+00 4.423955255306778908e+09
-3.657221175603502683e+00 5.234392369328622507e+00 -1.199690709571603775e+09
-6.507082513736278662e-01 5.989961064131086310e-01 -1.630004988066946030e+10
-5.720761556726853492e+00 6.087555646749103211e-01 -1.387453946654044495e+11
-5.096833059740964345e+00 1.260859433247561778e+00 -2.881493759645209885e+10
8.293416848757912518e+00 4.989034129511403237e-01 2.994685109854658813e+11
1.554883566677070172e+00 2.142964154570793922e-01 3.043117199389541016e+11
1.631593976876257512e+00 5.005262410255469918e-01 5.853410867332273865e+10
-1.719275523654269389e+00 1.786552360110822968e-01 -4.841329044387346191e+11
9.362858529241627537e+00 1.516406785720624928e+00 3.659549629967533112e+10
-3.871242616701913164e-01 6.198010229848117669e-01 -9.057251576616739273e+09
6.665643227380707581e-01 2.951333608479600912e+00 6.877903469060261250e+08
-3.336853025832782205e-01 7.053011783169009341e+00 -6.028905516763645411e+07
1.581870848379014038e+00 4.099937101601637046e+00 8.457991664028638601e+08
1.273798977432241353e+00 6.438714040774264014e+00 2.761552088977016807e+08
4.509168316552057965e-01 1.179262391708393864e-01 2.914245725224037476e+11
1.397896139840887064e-01 4.675780086341778663e-01 5.746684704354104042e+09
2.246766821998743335e+00 2.575098123488164248e+00 3.045236703537975788e+09
-2.319939276806058270e+00 1.109851344668421280e+00 -1.692768663693020439e+10
-2.555869203333077655e-01 7.902172726227681965e-01 -3.678715538884159565e+09
2.539220213247115776e+00 4.813262585810616501e-01 9.850808460601676941e+10
5.784260475844878790e+00 1.355969012890869685e+00 2.827476018913612747e+10
5.985841510618087113e+00 1.911722871463529705e+00 1.472061519056975365e+10
1.709189714175948782e-01 2.172590536334966793e-01 3.254506340887683868e+10
-3.992568975000849729e-01 1.156548629556016117e+00 -2.682719396887436390e+09
-2.155822341327511715e+00 1.067103959023365967e+00 -1.701571192246782875e+10
-4.623553882497041023e+00 5.252567809790303910e-01 -1.506201951617071838e+11
2.158094128065989326e-01 1.774588147327975207e+00 6.159221866070582867e+08
4.229208578452682943e+00 6.298459880557533808e+00 9.581665117645198107e+08
-1.169000521007840909e+00 1.227416076728197331e-01 -6.973996230246696777e+11
-6.404312175672441931e-01 2.892660261948561962e-01 -6.879046618597395325e+10
4.549137681101421138e-01 4.076658260353457908e-01 2.460203805116302490e+10
1.801709827410948206e+00 3.044793034790189257e+00 1.746706397183916569e+09
-3.260207543321461121e-01 5.763621208714726940e+00 -8.820739668706579506e+07
8.428870476647148280e+00 7.564552221857626435e+00 1.323895017904918194e+09
2.272968710934093473e-01 1.044646574930644112e-01 1.871997680749534607e+11
-1.664595106702731198e-01 1.273219099304864432e+00 -9.228963798812633753e+08
-3.996874354740618251e+00 2.569886116005289711e+00 -5.439304328354579926e+09
1.343580352287411683e+00 1.928033533966893032e-01 3.248516643669751587e+11
2.862235348092883047e+00 1.920607362262188422e+00 6.973949216805722237e+09
3.688689111328308012e+00 5.392595642066175810e-01 1.140058033571872559e+11
7.435894926275072869e-01 1.385174450582488115e-01 3.483171977585155029e+11
2.266845214891332339e-01 5.983099583771885888e-01 5.691411959738779068e+09
8.840412540544585696e+00 1.481212129940090716e-01 3.621501175249606445e+12
3.803057834735484866e-01 1.241476444125865219e-01 2.217719325737929077e+11
-4.131805169641023512e-01 3.250836814017090681e-01 -3.513986708763646698e+10
1.836228059039918259e-01 8.476298051276504708e+00 2.297020118996234983e+07
-1.127973495223761058e-01 1.702821494858697826e-01 -3.496320735291913605e+10
1.010821995086655045e+00 6.631388557086962621e+00 2.065933560404671431e+08
8.050282370366327100e+00 1.055708957276800808e+00 6.491922392633209229e+10
-3.674457102595637181e+00 2.717651791415185425e-01 -4.471530310373049927e+11
-2.578763416684526910e-01 1.306794315917066407e-01 -1.357211857535481567e+11
5.475130725376081919e+00 6.148138438539779926e+00 1.301840670938019753e+09
-3.288516768300896453e-01 1.073857911740657978e-01 -2.563049753088038025e+11
-7.673862153386280305e+00 5.217216531189714956e+00 -2.533884929744420052e+09
1.638246391688175985e+00 1.257941854005922011e-01 9.304835596480782471e+11
-2.279755441193671017e-01 1.197108439902185018e-01 -1.429788810223770752e+11
5.531695286967247549e-01 5.127459994090489914e+00 1.891055635931890011e+08
9.140120885754728919e-01 1.316215872160143796e+00 4.741855448800797462e+09
-1.843440454296166875e+00 7.444373585596929521e-01 -2.989671099542356873e+10
3.409998213069693307e+00 2.047948193587956656e+00 7.307466571574844360e+09
-1.945345241480394005e-01 1.848785453217693497e+00 -5.115337285161123872e+08
3.650367239294681543e+00 2.791005416710542475e-01 4.211781355741844482e+11
5.587272365582132139e+00 1.367790974734336140e-01 2.684176028425531738e+12
3.343439610780515325e-01 2.871702908464462745e+00 3.643888552010964155e+08
-5.826120608839745474e-01 8.264562422303088907e-01 -7.666380327857919693e+09
2.091331304973544081e-01 1.628761793698799698e-01 7.085301083533171082e+10
1.037453855541254077e-01 2.554314081624524668e-01 1.429126960117968941e+10
-5.886087839711088288e-01 1.045890760826439919e-01 -4.836205026997802734e+11
1.811532904873441652e+00 2.549786644287316828e-01 2.504316191432617188e+11
-2.138812702859841597e+00 2.835974781694557745e+00 -2.390114154475719929e+09
-3.404741519381197179e+00 6.483154436680939270e+00 -7.280513823999546766e+08
-4.454476883391608411e+00 9.097661586100608488e+00 -4.837130139517716169e+08
-1.290919976808828085e-01 2.639204761516328324e-01 -1.665726778925448990e+10
-7.778065770369662957e+00 2.629063597666133623e-01 -1.011393237944939697e+12
2.141766682285358436e-01 4.656247700216669116e-01 8.878725422098299026e+09
-9.080307316821588870e+00 1.354035288063088371e+00 -4.451344430413133240e+10
1.815060816910743169e+00 1.149657365723504160e-01 1.234255148539920898e+12
-4.756921076285327565e+00 7.293917205164566209e-01 -8.036277146486805725e+10
-1.915694469178357950e+00 1.731354769162962159e-01 -5.743871673158961182e+11
-1.791642669506190721e-01 3.980828388029105658e-01 -1.016143641432551193e+10
1.252514452883297658e-01 6.521695799415804018e+00 2.646746144966872782e+07
2.949804138215266214e+00 1.188031575494495201e-01 1.878398928949411377e+12
-1.655527604005048170e-01 2.513706119361894809e-01 -2.354821758696870804e+10
-1.431744876400629085e-01 2.900848317412754174e-01 -1.529206779979657745e+10
1.676493491302679384e-01 1.332506176728854852e+00 8.486214957725676298e+08
2.858861026289642115e+00 9.597151496762016398e-01 2.789709372764773941e+10
-1.623367598122577860e-01 3.217965680181837929e+00 -1.408979504189771712e+08
1.815879521085897730e-01 2.036100812203573973e+00 3.936761409718011618e+08
-1.259980862739413232e-01 3.012715368406198579e-01 -1.247666060672271729e+10
4.216205093540488669e+00 1.382768139844720301e-01 1.981862946215466553e+12
1.214966209930969265e+00 5.730709779168820184e+00 3.325048527757275105e+08
-3.515205768033913269e-01 8.785469953115475628e-01 -4.093279260202867031e+09
7.088962453526528762e+00 2.358249693589654861e+00 1.145654647189579582e+10
-1.630534435865755416e+00 3.943165447151885661e-01 -9.425200431810031128e+10
7.348673305797115418e+00 4.966349113705853746e+00 2.677842736257084370e+09
7.020936180891252931e-01 2.182531160291128369e+00 1.324721966770851135e+09
-2.286071034640341892e+00 2.445210262945696211e-01 -3.436433305384909668e+11
7.188783879205349336e-01 1.187106440603028085e-01 4.584866801872597656e+11
-3.776772256653086135e+00 1.680459190346841047e-01 -1.202030466013215332e+12
-2.483503389482513424e-01 2.556096978772838924e+00 -3.416337132508994341e+08
5.506244400762222435e-01 8.312041329223369246e+00 7.162930124116860330e+07
4.511220072175835538e-01 6.378652502077157394e+00 9.965216671207156777e+07
1.046950343167091235e+00 1.381694248193868491e-01 4.928931726748197632e+11
3.935868935233596932e+00 2.928475354793368957e-01 4.124849423069369507e+11
-3.963987615275595289e+00 5.619601870438241109e-01 -1.128162891706794586e+11
1.187435146401002894e+00 2.592216609069542876e+00 1.588246619877415180e+09
2.518879138569858789e+00 1.519308004464509976e+00 9.807680194322814941e+09
1.197863051013112051e-01 1.939786498113872104e-01 2.861211244333955002e+10
1.133372991984158001e-01 1.412057896323403394e+00 5.108794929052524567e+08
-1.456388710032866740e+00 6.417836765267077581e-01 -3.177975818571828842e+10
1.595100551508428444e+00 2.310790078516656632e+00 2.684835583456702709e+09
1.142462171036282281e-01 3.824671480600828621e-01 7.019467573383008003e+09
-4.773578222602782306e-01 4.540766219989603947e+00 -2.080828923831161559e+08
1.727469113718014537e-01 2.117081092690134003e+00 3.464064121088920236e+08
4.221376652731072987e+00 7.860621032462799640e+00 6.140319989811407328e+08
1.337454541458178436e-01 8.207275478163627014e-01 1.784561940370803595e+09
-3.819956029242076223e+00 2.032888529954917090e-01 -8.307720007921932373e+11
-8.711481010772413880e-01 3.411088001904012401e-01 -6.729096632437298584e+10
2.778114683636929705e-01 8.466225841841017452e-01 3.483542308557132721e+09
-1.880830460636437607e-01 4.706577944748063791e-01 -7.631145907410836220e+09
3.153717166091967172e+00 4.742324621286045927e-01 1.260348945777190552e+11
-1.251532001016433804e-01 4.463230563046990618e+00 -5.646689824855286628e+07
-4.221277241123340573e+00 4.801339669959311940e-01 -1.645771859987277222e+11
-2.845427206518907237e+00 3.042201142682245951e+00 -2.763263164848043919e+09
3.436528326381560916e+00 4.318951649691536332e+00 1.655822813899928093e+09
-1.258513640356461849e+00 2.345732833281564123e+00 -2.055660788701324701e+09
-1.253786161461659887e+00 5.910874530349009781e+00 -3.225303656656609774e+08
-3.653100144560660345e-01 8.502232569343727286e-01 -4.541990645006147385e+09
-6.266858544776107820e+00 1.369813827936454398e-01 -3.001770037195621582e+12
3.730693539576487971e+00 2.112729513891656863e-01 7.511944920402608643e+11
-2.316167184167127413e+00 1.925883979519809053e-01 -5.612550756257042236e+11
-2.078944231535252984e-01 4.414964316508020126e+00 -9.586036143438684940e+07
-1.959218202199601300e-01 3.202928816079890328e+00 -1.716480412354848683e+08
-7.500651098331323929e+00 1.996711539407242109e-01 -1.690903904233274902e+12
-4.386945405692879718e-01 6.125047950466307789e+00 -1.050978573748575747e+08
7.758528714939211923e+00 8.334282873778253720e-01 1.003907079017545166e+11
-6.278894702952659834e+00 5.485950632852403253e-01 -1.875124153687386780e+11
-9.067758006999735443e+00 3.464645143805555327e-01 -6.789425388970369873e+11
3.104267044132648090e-01 1.859247872131054136e+00 8.071144197718873024e+08
1.929440063046933274e+00 2.197524747317196325e-01 3.590991368414281616e+11
5.561461900642640899e+00 1.622280970461090543e+00 1.899273186184852600e+10
-3.891808289679526411e-01 1.941604208500319118e+00 -9.278561438135180473e+08
-3.545628370470713442e+00 7.457498515963775221e-01 -5.730037719873245239e+10
8.354008045847174380e-01 1.050908237572994786e+00 6.798544036664097786e+09
2.229473280771628652e+00 2.271515023588663862e+00 3.883485278235054493e+09
-1.955796660824203670e+00 1.218267605565071632e+00 -1.184374167005237961e+10
-1.120247462559371687e+00 9.866311871152239732e+00 -1.034319967239869237e+08
2.854519204027367696e+00 2.027244966239570179e+00 6.242680754090434074e+09
3.685107491160200532e-01 3.093328613320211473e-01 3.461375066955158997e+10
-3.729451666588263326e+00 4.343121376746191253e-01 -1.777017349702694397e+11
2.625132779845349873e+00 2.705542154283225864e-01 3.223244746368157959e+11
-3.013899768455047479e+00 1.558485134810962291e+00 -1.115254784352662849e+10
9.417448778477815807e+00 1.084138431511475709e+00 7.201358061476718140e+10
-3.880614886507312566e-01 6.889746758927318693e-01 -7.347585447618506432e+09
4.706475363416370961e+00 1.036067860735921248e-01 3.940669424004760254e+12
-1.385123697874351523e+00 5.566358770073384088e-01 -4.017878399403536224e+10
-6.232985354014300983e-01 1.486039165393031158e+00 -2.536799909024862289e+09
-2.229886665358649989e+00 2.801994621380680672e-01 -2.552694332847791443e+11
-5.493053261480597138e-01 2.799279732201502391e+00 -6.300453765554546118e+08
1.975474168082341220e-01 1.587615816171213390e-01 7.044191270632128906e+10
6.555964336007762405e-01 2.659537427977473056e-01 8.330575170205389404e+10
-8.103325066747098404e+00 1.650181738772573237e+00 -2.674547564044885254e+10
-7.587194467344486881e-01 3.065080418046818855e-01 -7.258520151829234314e+10
3.571044672034240364e+00 2.293999512858838852e+00 6.099008781883386612e+09
5.214226330330018477e+00 7.493941515495300409e-01 8.344876194666213989e+10
4.184598397579462059e-01 2.000571813829142620e+00 9.397148963085072041e+08
3.530159058458181676e+00 1.512708563971212894e-01 1.386546251245104492e+12
-1.754777291035424513e-01 1.597678475087479066e+00 -6.178653712265505791e+08
2.512522154633128224e+00 5.762594513104881688e-01 6.800242427286937714e+10
-3.731530727616250154e-01 9.482564044555129357e+00 -3.729804523985019326e+07
-3.760175023790017779e-01 2.308673412383691836e+00 -6.340648463102765083e+08
-6.274459021875749443e+00 1.824791738533891317e-01 -1.693558853161200928e+12
-4.107749590780064963e+00 5.193416937207100403e+00 -1.368825854045226574e+09
7.171184305322338970e-01 4.540991305360221553e+00 3.125648678979724646e+08
1.260844124061169524e-01 1.340260832840030059e-01 6.308605421685311127e+10
1.629545750569883489e-01 1.396334204263253997e-01 7.511703260069096375e+10
8.520555517304240212e-01 1.434423327327849496e+00 3.721892714368470192e+09
1.098906281170000776e+00 2.011912840770331279e+00 2.440017544925980091e+09
-1.895083353290957895e+00 2.977727797385732456e-01 -1.920918524874912720e+11
-7.426298614473242354e-01 8.981681805386031447e-01 -8.273851012806960106e+09
3.125828946184832091e-01 3.139476736633879383e+00 2.850370327166388631e+08
1.238418501737827304e+00 8.716392028443202378e+00 1.465023328577402830e+08
1.033105786757758660e-01 4.436170411054369822e-01 4.718228514636811256e+09
-5.440649221715680994e-01 9.001010342314566870e+00 -6.035577393270993978e+07
1.204516371844534195e+00 4.242012446861965991e+00 6.016160981850252151e+08
-2.003435516593691901e+00 3.046656620225821399e+00 -1.939898329743063688e+09
1.957384250630903877e-01 3.382059229323950866e+00 1.538028169763288498e+08
-9.103375446832069340e-01 5.977768422616448696e+00 -2.289680575123171508e+08
-6.603658619863557178e+00 3.522096141565920657e+00 -4.784458800755152702e+09
-5.555113691861416569e+00 7.832754034442600544e-01 -8.137942034749288940e+10
2.435052234330496723e-01 6.063319225591184747e+00 5.953029467679008096e+07
5.178023530800276220e+00 3.147666401768358657e-01 4.697180412630845337e+11
-7.156857735098395068e+00 6.054230153272627257e-01 -1.754911213997387390e+11
1.299298784502159965e+00 6.251819618850822380e-01 2.987767318700614929e+10
3.922220881961996364e-01 4.781214619954759826e+00 1.542077456328832805e+08
1.859597942773049128e+00 7.932456397791090907e+00 2.656160342328959405e+08
-2.340130440747451246e+00 4.602849026085932271e-01 -9.927438924771098328e+10
4.443135695771612603e+00 5.409502599901055753e+00 1.364663348576341152e+09
-4.154938647818996245e+00 3.924635963424006224e+00 -2.424468105787710667e+09
7.133522053641183192e+00 2.118242808016090883e-01 1.428904307651628418e+12
-3.072151049349865493e-01 1.293314095061490532e+00 -1.650764656406121492e+09
-1.465239332396661487e+00 4.367023153578214689e+00 -6.905389777010135651e+08
-8.090829048717006700e+00 1.387685554101192542e+00 -3.776256700034814453e+10
-3.189859992264975297e+00 1.582671474884395524e+00 -1.144565602690361214e+10
4.735167249634829045e-01 6.174801867176635817e-01 1.116194524955705452e+10
1.786959706764488232e-01 4.685343312500380719e+00 7.316148984089811146e+07
2.247701745579708810e+00 1.441756479108452282e+00 9.718639607806579590e+09
2.948438214288475190e-01 1.301867794755551255e-01 1.563539589976736450e+11
8.697488178772893264e+00 5.911644367681083700e-01 2.236803664991054993e+11
1.559062656363620292e+00 1.018551368788460504e-01 1.350667077372489014e+12
-7.429371667721779815e+00 7.169564670956387609e-01 -1.299023867264176178e+11
1.856083982480400518e+00 4.036774361319694471e+00 1.023715529635778785e+09
1.915974614211479743e-01 4.572971291585845144e+00 8.234617274614265561e+07
-1.405528613378901559e+00 4.069617507048529426e+00 -7.627515938003281355e+08
6.369732323201731106e-01 5.445578033414961716e-01 1.930562336011643982e+10
1.556461290031767031e-01 2.005742604572164911e+00 3.477271036888282299e+08
-2.478746301083225134e+00 1.752023136084290611e+00 -7.257767033571997643e+09
-1.020097286237606760e-01 1.469003857513415445e+00 -4.248604826177070141e+08
-2.807805099955297035e+00 3.806513413437789262e-01 -1.741657875212202148e+11
8.926340290567340574e+00 2.952565459934893277e-01 9.202906029784229736e+11
-2.246761519301412879e-01 1.795040581516489930e-01 -6.266990734592996979e+10
8.112514310443108556e+00 1.543751730475905470e-01 3.059505085251334473e+12
8.291451873353073765e+00 1.130189226631232557e+00 5.834167267738973999e+10
-2.993299881198346224e+00 2.580157217468380004e+00 -4.041182905794175148e+09
-7.354766792321473234e-01 6.165729257293990351e-01 -1.738803972630556107e+10
-7.948671739514973078e-01 1.278062448509111215e+00 -4.373619838728173256e+09
3.956236537577355050e-01 3.786451645922662701e-01 2.480093405690436554e+10
4.085829949163322095e-01 1.285178030254144232e+00 2.223332007479679585e+09
-8.277484837773348758e+00 1.003717706556413597e-01 -7.384580702621244141e+12
-2.110275486141355572e-01 7.711903721930935873e+00 -3.189088520550047234e+07
7.271642601902794212e+00 4.773432401003996350e-01 2.868280301562083130e+11
-4.088537448905533722e+00 2.928572113858270987e-01 -4.284565170079417725e+11
-1.292626128870300928e+00 1.883007683716682701e+00 -3.276569349715172768e+09
-5.499365474326577186e+00 4.621636464582035586e+00 -2.314044140512861252e+09
1.256622822962139230e+00 8.178956094767638740e-01 1.688339603087810326e+10
3.259587359442872589e-01 5.039518542543649504e-01 1.153546612822437668e+10
2.054087376088539418e+00 9.787207647568866298e-01 1.927311562433135223e+10
-2.146366747814523634e+00 2.327209168220444102e+00 -3.561916312519221306e+09
-1.684602914351823966e+00 2.778682280638473112e-01 -1.960967440346034241e+11
-3.520000553661593590e-01 6.917316467353992193e-01 -6.611774906702276230e+09
-4.769480730966332294e-01 5.132844879712804342e+00 -1.627067003135004938e+08
-6.083262460764522483e-01 7.813210296277269151e+00 -8.956289957533214986e+07
-1.324973395703448187e+00 4.131431321236099130e+00 -6.976806869730452299e+08
3.733086597906569160e-01 1.742325087366288550e+00 1.105249438438172340e+09
8.928595835918579082e-01 1.818016615279720860e-01 2.427940764212181396e+11
8.650814113638627845e+00 5.661597866518723876e+00 2.425657955660394192e+09
-4.215913370288720152e+00 2.218839974336469512e-01 -7.696447897585236816e+11
8.700113024527679428e+00 4.538175861889945928e+00 3.796757591306686401e+09
-1.918160804238728534e-01 3.341055663818762178e-01 -1.544429925602503777e+10
1.062710516616184042e-01 4.488250754090111094e+00 4.741452145541349053e+07
5.620146132490237534e+00 4.769575363510369925e+00 2.220438738399361134e+09
6.461595561760604678e-01 1.444835092300043256e+00 2.781978871728387356e+09
1.349686166173498458e+00 1.018159769880306209e+00 1.170176976410564041e+10
-8.978450051096006357e-01 2.078792322348956001e-01 -1.867367435227771912e+11
-1.274038305767469792e-01 1.109385503090557917e-01 -9.303966357569706726e+10
1.074184034588036685e+00 1.896653535821931191e+00 2.683819484811722755e+09
-3.181394031574221737e-01 3.760525716411236896e+00 -2.021952525821576715e+08
1.952043967149911019e+00 8.060384748667651422e+00 2.700403538907285929e+08
2.383233665630573039e+00 3.451370752300936817e-01 1.798183525687458496e+11
-1.229628670407817870e+00 8.191520544502643997e-01 -1.647007396241140366e+10
-1.772613813909032221e-01 4.929731630560436173e+00 -6.555686741912987083e+07
8.793258177861997815e-01 3.542321719323719975e-01 6.298315894001873779e+10
-1.597260481825525658e-01 1.520960021892683034e-01 -6.205699865862952423e+10
-6.593040564771464496e+00 4.008963440014660762e+00 -3.686991825869813919e+09
3.446064123768010079e-01 8.773434449629498033e+00 4.023784390736708045e+07
4.255128511716911532e+00 1.218534008687856884e+00 2.575656777534499741e+10
-2.997710786055066023e+00 1.359794817015192170e-01 -1.457114184484124023e+12
2.047467666870622927e-01 1.248593685796308000e-01 1.180389674513433228e+11
1.217387467568588344e-01 1.518645623764400820e-01 4.744238995955717468e+10
1.361094013892247823e+00 3.712766289173494161e-01 8.874492321291297913e+10
-1.947366260491005530e-01 7.418717601369518855e-01 -3.180098560627521515e+09
2.410851979117974997e-01 5.042402573458071302e+00 8.522090331926633418e+07
-1.048379518174329617e+00 1.958759115394991479e+00 -2.455879675428019524e+09
1.794814868727936830e+00 7.518209672491364959e-01 2.853917471399396515e+10
-7.267908708435416587e-01 3.823904750153099386e+00 -4.467308555910019875e+08
2.419213986411396178e+00 2.992075845173963966e+00 2.428732625202930927e+09
1.110343838767739122e+00 8.963955848001712301e-01 1.241963086202469444e+10
4.171453505792208083e-01 6.155192550094616966e-01 9.895887264223924637e+09
2.313562124995095726e+00 1.328345854419221039e+00 1.178445370938655281e+10
1.003572769555098443e+00 1.831086149708670563e+00 2.690183668784176826e+09
9.381269488021651171e+00 8.604987297693884596e-01 1.138706403596253204e+11
2.066772283297721113e+00 2.246007217470269157e-01 3.682315127194983521e+11
3.597420709160493724e-01 2.697014353074068449e+00 4.445036519000707269e+08
-1.197415659262404675e-01 2.383459746319253281e+00 -1.894435870897522569e+08
1.306572763436606721e-01 1.921675134166803689e-01 3.179979190137362671e+10
-1.367931363400524791e+00 8.632953867497874523e-01 -1.649666233438988304e+10
-5.222111975328912692e+00 1.853493373986511983e-01 -1.366201389376640137e+12
-2.499349236356309234e+00 2.413631702442334603e+00 -3.855986990238502502e+09
-2.905074900336879762e-01 6.099475071848203811e-01 -7.018156218164411545e+09
-1.433302369085321104e-01 4.028136339848292558e+00 -7.939261627462846041e+07
-6.726102823368046657e+00 1.047832610260563818e-01 -5.505925110213580078e+12
-7.916184275897450995e-01 2.412834892535923592e-01 -1.222112832508816986e+11
1.542005728984251256e+00 4.292334990012913742e-01 7.522278152949794006e+10
-2.106810663163805941e+00 2.085343376159377371e+00 -4.354326317619285583e+09
-4.993018300235297913e-01 3.963944451970550453e+00 -2.856002980030477643e+08
-4.309413906787599835e+00 2.287406016313708323e-01 -7.402566355983041992e+11
2.432487523954004249e+00 1.225477090553698689e+00 1.455763566830188370e+10
1.985172382748661146e+00 2.711801386524236857e-01 2.426236244625958252e+11
1.657722761893945240e-01 2.423284155093237413e-01 2.537194923611874008e+10
-3.445473180605683750e-01 1.060457779751456719e+00 -2.753675287085987091e+09
8.354204225506167703e+00 5.682102245101440241e-01 2.325613916399201050e+11
6.784898478076408779e+00 1.340365892704671102e+00 3.394276644253836823e+10
1.447484453185099218e+00 7.336230872574425632e+00 2.417233173547617495e+08
2.538680285829720829e-01 1.341536008817767467e+00 1.267809379070229530e+09
-4.700448891119596517e+00 7.580303177651836144e+00 -7.352191351049684286e+08
-2.688982637529672370e+00 1.951148728731034732e+00 -6.348306196066909790e+09
7.382858470858146838e+00 2.028365425594891303e-01 1.612808349237015381e+12
-1.200629244537371743e-01 4.620164965875587226e-01 -5.055272498741312027e+09
-6.283849842213609094e+00 1.825629249963049316e+00 -1.694537742497595596e+10
1.077026580323183325e+00 3.915877724281773276e-01 6.312752977646414948e+10
-1.980625973833971543e-01 3.717609468045278143e-01 -1.288028751005219078e+10
-3.532489322134925835e+00 3.202928863612351851e+00 -3.094830653126298428e+09
-5.076276102002283075e+00 1.933788704765752486e+00 -1.220050523391895866e+10
-8.695996976463640227e-01 1.558423289446198012e+00 -3.218097061995040894e+09
-1.855411203691251343e+00 2.496069167622052554e+00 -2.676563563544144154e+09
-4.926234050260382524e+00 3.720098235178203594e-01 -3.199313831114244385e+11
5.510530191492907015e+00 4.010325701720037772e-01 3.079531943223665161e+11
2.431968606599704152e+00 2.313968881952089163e+00 4.082193193237835884e+09
-9.143088148064602905e+00 1.190500582870720053e-01 -5.798081296047510742e+12
4.744428784752129369e-01 4.281176524886607382e-01 2.326527978735930252e+10
-4.906261308683029121e+00 6.382840600854596813e-01 -1.082363892067060852e+11
1.952388191365121151e-01 2.173000945038200182e+00 3.716181869759506583e+08
2.174630224236512310e-01 3.322193281113857033e+00 1.770868231592505276e+08
-4.568620506167869189e-01 1.257210699619725480e-01 -2.597882869297636108e+11
-1.691182011831079135e-01 7.742065564068785655e+00 -2.535871713046245277e+07
-3.489264894585814014e-01 3.107289306613883806e+00 -3.248038574920718670e+08
2.204846684232716625e-01 1.021374128832336359e+00 1.899587521501696825e+09
-4.873457969484587871e+00 1.327368327583089980e-01 -2.486021852468986816e+12
3.099346789858195561e-01 1.771437721140362020e+00 8.877057119695776701e+08
2.086036517232538579e+00 9.977044330314638332e-01 1.883513430328757477e+10
-1.042299595543013879e+00 7.837445143125328251e+00 -1.525085385696557462e+08
-1.530312536650482835e+00 4.302202609649228293e+00 -7.431030360730644464e+08
6.750868429991999875e+00 1.918625776504540026e+00 1.648275155553264236e+10
2.012703017769390534e+00 7.653246241430565755e-01 3.088438391005168915e+10
-8.667224409985928801e+00 9.993332425151223219e+00 -7.800276382509988546e+08
7.160481121929782589e-01 1.250950845441910264e+00 4.112560808419059753e+09
-2.635003340263968319e-01 3.273621790541448862e-01 -2.209910994970959473e+10
2.396009032327965083e-01 8.187035237711221214e+00 3.212815230763509125e+07
1.525599952388479119e+00 8.067705393820564508e-01 2.106644351359175873e+10
2.423287901328277649e-01 2.524877674426044827e-01 3.416449046252917099e+10
-5.380173075653124082e-01 8.836329245804132038e-01 -6.193028606422411919e+09
3.243554484972718477e+00 4.397746958014597252e-01 1.507340409802580566e+11
-8.179051884464763944e+00 4.070457919284279358e-01 -4.436771299158021240e+11
-1.635316620189919967e-01 9.239074014117669265e+00 -1.721851036853843927e+07
1.085308932942272570e-01 3.069365286831569617e-01 1.035396855470837212e+10
8.349815041455027398e+00 6.026318224614158892e-01 2.066442624015475769e+11
1.239237385030615313e+00 7.956519985287933139e-01 1.759376590001525116e+10
-3.476802760418136740e-01 3.339144487318136401e-01 -2.802594392305139923e+10
8.702827906774913913e+00 3.039075449167180087e-01 8.468920376250577393e+11
-9.145053711581933698e+00 4.051960226571931223e+00 -5.006180813350199699e+09
2.287080158529318563e+00 1.751095295201190449e-01 6.703667143546569824e+11
-4.064510470376344387e+00 1.976380098963276932e+00 -9.352289042849929810e+09
4.650638063695372360e+00 2.939630970455968662e-01 4.837016085994617310e+11
-6.292124762932221893e-01 4.631860692094832976e-01 -2.635948771057827759e+10
1.470077278391514752e-01 1.145577923092062855e+00 1.006796071659147382e+09
6.841288985521349897e-01 1.201454314687073338e-01 4.259651131659639893e+11
4.491401443173899111e+00 9.065592101924767610e-01 4.911793992357374573e+10
-5.475029365136354187e+00 2.674074522216472349e+00 -6.881610039396967888e+09
-2.258347736533053707e-01 4.452759707116191734e+00 -1.023724070453087986e+08
4.226518581928344065e-01 5.047071491982119129e-01 1.491263842110492134e+10
-3.766130410335409295e-01 4.425105548272379452e-01 -1.728616701051694489e+10
-1.642690990191124079e-01 2.602624282979890680e-01 -2.179633822382439041e+10
2.343848246544500746e+00 2.478042643841101622e+00 3.430540544870266438e+09
1.323569241516966644e+00 1.089714859696118421e-01 1.001778111149740112e+12
2.176338010603163120e+00 3.080163329778876080e-01 2.061719000172610474e+11
-1.041027676734530283e-01 1.060331300799513404e-01 -8.322038686337886047e+10
2.908546543444807120e-01 1.737167587264846491e-01 8.662499073498156738e+10
8.098213466494073032e+00 6.000113416387717002e+00 2.021719590697085142e+09
-1.001639423484289582e-01 4.696543569376137039e-01 -4.081363880524930000e+09
-2.022027589887211096e+00 6.270608516786555509e-01 -4.621876317355044556e+10
-6.647047526630627257e-01 4.741922836595365176e+00 -2.656870808353196681e+08
2.349799862245765814e-01 1.824951926001885605e+00 6.341304901449797153e+08
-1.913927415753887418e-01 7.162020627126803873e+00 -3.353551243028070778e+07
-1.603267529941481362e+00 1.146477008825097788e-01 -1.096291168777440674e+12
1.275261809624689269e-01 2.786117347885644691e+00 1.476560218580907881e+08
-3.199156413267938981e-01 2.236734962503929225e+00 -5.747209650783084631e+08
4.309625831704212429e-01 5.785887735498019602e+00 1.157044809954111427e+08
8.308615166630588078e+00 5.155757875400743373e+00 2.809274872826417923e+09
1.338471984888393029e-01 2.268180376657551178e-01 2.338324210653122330e+10
-8.606432098579874790e-01 1.997819653052645139e-01 -1.938033156668610535e+11
5.474423184005780207e+00 1.927074143691537844e-01 1.324927565638839600e+12
7.776686703109361609e+00 4.933454851742245517e-01 2.871725371077440796e+11
-6.335605148147426924e+00 5.163273062366932065e-01 -2.135937468999864807e+11
3.974547428916988423e+00 2.927675311872746100e-01 4.167661914401018066e+11
-1.885818245040536134e-01 4.782230883704182034e+00 -7.411214309153638780e+07
-1.092518466898941693e-01 8.182789720378063070e-01 -1.466481616478804111e+09
5.639653203814867233e+00 3.434194255455182421e-01 4.297870271627411499e+11
4.878452623159049040e+00 1.485333861268125499e-01 1.987396618006534912e+12
-4.122461913679739354e+00 2.444537571570442935e+00 -6.200316188843441963e+09
5.902720098959057804e-01 1.627636730850095637e+00 2.002570638177732468e+09
1.099094151132918862e+00 1.416179725674494849e-01 4.925482380063952637e+11
-1.640974639927074374e+00 3.931191976264860166e+00 -9.543418791609139442e+08
8.054328359145335181e-01 1.222042680090601019e+00 4.847381503061820030e+09
4.550066121414358400e-01 1.966778225495203758e-01 1.057200946269927673e+11
5.859683355017682338e+00 4.236134714242079657e-01 2.934845484086178589e+11
-3.680724097511343107e+00 2.181520883270764433e-01 -6.951285616729819336e+11
-2.158114412477477317e-01 1.283481141830205230e+00 -1.177459829281399488e+09
1.037973842444889355e-01 6.339169821676874150e+00 2.321519066196001321e+07
1.150732736954504176e+00 2.210610052896727851e+00 2.116414875707009315e+09
-3.312550628976951295e+00 1.242779056578124097e-01 -1.927637166718591553e+12
1.451550905496489241e-01 4.494311677057234444e-01 6.458869579093898773e+09
2.446327832087719090e-01 8.562097012921224604e+00 2.999196952169423550e+07
-3.689953111611322667e-01 1.327955267448453380e+00 -1.880635258319553852e+09
-5.397352797979101391e-01 1.375266507649872905e+00 -2.564824725935295105e+09
-6.274894903916231614e-01 7.931652505105732942e+00 -8.964575241391716897e+07
6.287434044018587187e-01 1.419902337791114633e-01 2.802896828489069824e+11
9.254837484129248004e-01 3.516220002315225468e+00 6.727711118377122879e+08
-1.455241897972877063e-01 7.634789664641294937e-01 -2.243838805429909706e+09
-1.835569845748286077e+00 2.367163749283642815e-01 -2.944183877117357788e+11
1.963727864741011908e+00 1.998219488624202844e+00 4.420236845353412628e+09
-4.247436671349004378e+00 1.338389775676396831e-01 -2.131141617157672363e+12
1.049811022607957112e+00 6.549911062074954549e-01 2.199332747364591599e+10
8.613761007583602414e-01 5.616474976959316967e-01 2.454232933391643143e+10
-2.342854174438702419e-01 7.544159681833907172e+00 -3.699764932158084214e+07
9.272462427393485251e-01 1.051740429335849658e+00 7.534051128723605156e+09
-7.817031910232659087e-01 1.793776508032939310e+00 -2.183513287348822117e+09
-4.963718256954291697e+00 3.479215774689966012e-01 -3.685488103024255371e+11
-2.506375955193758109e+00 2.129892715363454758e-01 -4.965710280617463379e+11
-7.232798423760444351e+00 5.751329059712061209e+00 -1.965262409970232010e+09
-3.502111011168526633e-01 3.085466546037418656e-01 -3.306274006741397476e+10
1.641489023074653719e-01 1.103827849376927128e+00 1.210837623807404995e+09
3.073493273236681311e+00 2.296657833843908314e+00 5.237093063877990723e+09
-1.654580464097977099e+00 2.282073842918215800e-01 -2.855480010735767212e+11
2.051948995758911654e+00 1.738964633444712193e+00 6.098677675017878532e+09
-2.987198971515589552e+00 2.323090615270972048e+00 -4.974878386691051483e+09
-1.273264294819071440e-01 1.238019065848375289e-01 -7.466456049358308411e+10
4.639030291631318081e-01 1.173094386125698441e-01 3.029785715927120972e+11
1.073632699385704159e+00 2.368635909857491395e+00 1.719925875408601761e+09
-1.855366646854237134e+00 3.816316947201150001e+00 -1.144963103377945185e+09
-1.319167475438585813e+00 5.156157158584401268e-01 -4.459624176991762543e+10
-1.692903027026224860e+00 1.492215176729434489e+00 -6.833131749801995277e+09
-6.235213892315650597e+00 9.958525029128582062e+00 -5.650826015876290798e+08
-2.015045793886543812e+00 3.567122195457050449e+00 -1.423310211146112442e+09
1.584540219133094285e-01 3.037958424111945610e-01 1.543086363213629341e+10
-6.209042737985204674e+00 1.604504929956780679e-01 -2.167669943729902832e+12
-1.005393888165491578e+00 1.107940125398806513e-01 -7.361295925832069092e+11
-2.337603261917664543e+00 1.536034198175376675e+00 -8.904707391478681564e+09
-7.880262567285654995e+00 7.251783686744951440e-01 -1.346795400287257996e+11
4.704380020185038092e+00 9.899308470134439153e-01 4.314627431801934814e+10
-1.550029334937784720e+00 1.459888702965686236e-01 -6.536586911602762451e+11
-4.437770481471870809e+00 1.630882539309393753e+00 -1.499581552686503029e+10
4.282566827569501688e-01 6.465675442155321306e+00 9.207187044554914534e+07
-5.478221078538766387e-01 1.309660432910561001e+00 -2.870600519353986740e+09
2.458042381481168603e-01 3.291736934645728141e-01 2.038870978440813446e+10
3.671158587912424776e-01 1.936862662839435201e+00 8.795410414642808437e+08
-3.341981467185366483e-01 7.647686972848431353e+00 -5.135638529652223736e+07
-4.036069982618642804e+00 2.198679567692416015e+00 -7.503872137406889915e+09
-8.802568110599385820e-01 3.976457065439247707e+00 -5.003425264513316154e+08
1.477853074037003278e-01 1.803508360252406850e-01 4.083622216869726562e+10
1.881227378348003798e-01 1.061211902664096762e-01 1.501369828615867004e+11
1.336194251079301676e+00 9.031699884673122014e+00 1.472248841826059222e+08
-9.853631975519943964e+00 6.903549444500847176e-01 -1.858241165173908081e+11
-1.249571011031544582e-01 3.948134038626067155e-01 -7.204897102181159019e+09
-1.030467890251614282e-01 2.614554505384269589e+00 -1.354845215401493311e+08
3.132383338911574278e+00 3.012855575019413923e+00 3.101479366079468727e+09
5.648773150587955705e+00 1.121393602215215779e+00 4.037277528660717773e+10
1.387069048452620468e-01 6.746867712844740517e+00 2.738699038278304785e+07
7.720929628710171411e-01 9.819346608116733321e+00 7.197058487254686654e+07
-1.105895583953784289e-01 6.273895061981427546e+00 -2.525167792697067186e+07
-1.308827825266140055e-01 1.757931678386630336e+00 -3.806529090230169892e+08
-3.713954086382011077e+00 2.255513991479789482e-01 -6.561393708859975586e+11
2.886611905207507878e-01 2.660595209429630348e-01 3.665062687415981293e+10
-6.197725801669193846e-01 1.729727862879455236e+00 -1.861775943285251379e+09
3.064999816848022363e+00 1.535529856635951873e+00 1.168327342855228996e+10
-5.269858058352914210e-01 1.322689256335549235e+00 -2.707284421525595665e+09
5.694111629961369214e-01 4.405963314315470392e+00 2.636300074220622182e+08
1.250642557322206194e+00 1.611552380464032208e-01 4.328076906782900391e+11
1.930128902830285931e-01 5.113253350568367495e+00 6.635021114827187359e+07
5.358599611894207193e+00 2.033833271681801114e-01 1.164316980204821533e+12
5.398807286486967172e+00 1.368464686857006063e-01 2.591082575548562012e+12
-2.167303344619317951e+00 1.542360964636711129e+00 -8.188385284111348152e+09
-9.897342279130771914e-01 5.742292441696144056e-01 -2.697730707146321869e+10
-3.277446000504525281e-01 4.472841857136542476e-01 -1.472377175337032318e+10
-5.919038977413632274e+00 5.544849774253163055e+00 -1.730303353311631441e+09
1.268983762681940908e+00 2.427135574540681962e-01 1.936059106697691345e+11
9.367151737076843787e+00 1.746667802488828247e-01 2.759545405544388672e+12
-7.408920960466377714e+00 3.134131578839345789e+00 -6.779085781030627251e+09
2.078314568819846497e-01 3.109441703983553129e+00 1.931955248358524442e+08
9.305926892008512752e+00 7.158378435265915662e+00 1.632228461625256538e+09
3.939643296614923962e+00 7.686835651695368199e+00 5.992559137365758419e+08
-1.913189094253505418e-01 2.926265974223120625e-01 -2.008079580464887238e+10
-1.779095924546000851e-01 4.709483575462914406e-01 -7.209471177673986435e+09
-3.495748280066820701e+00 3.573074565818763926e+00 -2.460971657035807610e+09
4.616067919479603376e-01 2.065606503435484242e+00 9.723612070354312658e+08
5.584538665888395537e-01 1.200522676460025862e+00 3.482548593187476635e+09
-3.928870219683815890e+00 1.084415323751140858e-01 -3.002804166018456543e+12
1.502373943485430241e-01 1.540973047864027390e-01 5.686415310512067413e+10
-1.198163518487991713e-01 1.668327037338205976e+00 -3.869049928687275648e+08
-5.733038051715477756e-01 4.474132070703681352e-01 -2.574055123510063553e+10
-1.146791408701358650e-01 7.672548628530875270e+00 -1.750877451465135440e+07
1.724975730425878928e-01 1.874203124481808036e-01 4.413674405878280640e+10
1.271444419129190484e+00 9.246063434895896549e+00 1.336700962582828701e+08
-9.912911956536105684e-01 5.613020007252305099e-01 -2.827865091379588699e+10
-2.875105231164882369e+00 1.053439688843091249e+00 -2.328547009359376526e+10
3.098558325710528472e+00 9.819271734126543194e+00 2.888362757079067826e+08
1.214847154938651252e+00 2.854774752452175157e+00 1.339764804883373260e+09
-6.602766425552050178e-01 6.099389112253587264e+00 -1.595158609581249356e+08
-5.275316785123835839e-01 1.373534133809325430e+00 -2.513160640794464111e+09
2.791714792637828513e+00 1.723661540706898698e+00 8.445350590873501778e+09
5.025939880434049378e+00 3.313140344937008930e+00 4.115174365680427551e+09
-8.987847062053903713e+00 2.863427865316527932e-01 -9.852213130022387695e+11
1.503643639973120782e+00 1.884885388263874972e-01 3.803869809666904297e+11
-7.298967500974335998e-01 8.841490266170910495e-01 -8.391915495980154991e+09
-2.534187154124367680e-01 6.084173688485817522e+00 -6.152988398630484194e+07
1.621784769792042891e+00 8.345381469300059862e+00 2.092914320640298724e+08
-3.710324253430505870e+00 5.350784807312510827e-01 -1.164736037555118561e+11
2.647490582702428097e-01 3.085681749280175246e-01 2.499095075152373886e+10
-1.088935354158432484e-01 3.142955540039553686e+00 -9.907777416024360061e+07
1.390360684228757193e-01 6.675733320002862348e-01 2.804013745830869198e+09
-8.892807889564262602e-01 6.329632884105773627e+00 -1.994952157575935721e+08
-7.212789927403906454e-01 2.348358433461749328e+00 -1.175506764341237545e+09
-7.364715522403931791e-01 6.121314929471701749e-01 -1.766514257554143143e+10
1.648494151010775344e+00 7.130750632354415863e+00 2.913852277203010321e+08
-2.029577563602135371e+00 5.659054413162773578e+00 -5.695981000147382021e+08
9.357529662883761645e+00 8.149286365015380174e-01 1.266405163350712738e+11
1.092075916139286562e+00 7.047119962713679353e-01 1.976423999619326782e+10
-2.464787203407994842e-01 3.619649942478940230e-01 -1.690818166330844116e+10
-9.087029100331262654e+00 1.319987632054350879e+00 -4.687408607469249725e+10
-6.364368595830788289e-01 1.852560893677569043e+00 -1.666713519284793854e+09
1.545564617852170919e-01 9.703690570022304840e+00 1.475244168657726422e+07
6.914356767780767576e+00 4.437425694124305764e+00 3.156023405977385044e+09
-2.465533768123158609e+00 3.134025392418516853e-01 -2.256090680912201233e+11
-2.357974024357634701e-01 2.001804630956003805e+00 -5.288667402795771956e+08
1.077133423633464954e-01 5.615550454871892638e-01 3.069979343586131573e+09
-3.217634641449787836e+00 2.061778006827822418e-01 -6.803048105975903320e+11
-9.835476804891747360e-01 1.268147519919182731e+00 -5.496756307756906509e+09
-1.072500283982515290e+00 2.740654549841207821e+00 -1.283333227237623930e+09
-1.231202220677715120e-01 1.582902318300814404e+00 -4.416434340875011086e+08
1.108294612986286287e+00 4.368049113130637595e-01 5.220724970135808563e+10
1.012800956844163158e-01 4.123353942932518335e-01 5.353939878868320465e+09
-2.623687023827621090e+00 1.245697052522878601e-01 -1.519629696796218506e+12
-1.489451227403812972e-01 7.696132434902747121e-01 -2.260121778382503986e+09
2.633841538625384393e-01 5.806055199119634080e-01 7.022276734491931915e+09
1.098009222390007977e+00 1.439292895756373591e-01 4.763851802742285156e+11
5.362167057474718668e+00 3.277738025664655996e-01 4.485826576395413208e+11
1.780714487302123894e+00 7.137387092292234669e+00 3.141712269325799346e+08
-5.117645428335076296e+00 3.370484586648116565e+00 -4.048891326626616001e+09
1.615687380179449795e+00 3.652814683269204887e-01 1.088310129375357513e+11
6.016212643250103298e+00 2.519936917918136565e+00 8.515192259122790337e+09
7.433562717041629631e-01 3.055227243759682243e-01 7.157487400637245178e+10
-2.043979873662158386e+00 1.258853284793006178e-01 -1.159249717001874023e+12
-8.822603916217710562e+00 1.452536604827460720e-01 -3.758315449957751953e+12
1.694086310132638218e+00 1.635132871968505430e-01 5.694820665079569092e+11
-2.779072801051969410e-01 2.251559211249818393e+00 -4.927014009578516483e+08
-2.156769893198891452e+00 8.955858733477369826e-01 -2.416795823280886841e+10
-1.147436675293588504e+00 1.328629948986163600e-01 -5.842130714589359131e+11
8.717163846752946199e+00 2.155853412965526295e-01 1.685727500852466797e+12
-2.621067945986270242e+00 2.007549296010768813e+00 -5.845160772186986923e+09
-5.368853851287999079e-01 2.672686784762082768e-01 -6.755166653109284210e+10
-9.329343236093239344e-01 3.652585093114186776e+00 -6.284938106554645300e+08
7.070814926288374380e+00 2.201266784455720438e-01 1.311519425435980957e+12
1.356646922683864276e-01 5.214064579609714478e+00 4.485022649641671777e+07
1.319130853459054842e-01 1.237673251236188987e+00 7.739742046815458536e+08
2.551203799797509553e-01 5.512401225455602072e-01 7.545953596979530334e+09
-3.684379009356402612e+00 2.566020745204536713e+00 -5.029150026589231491e+09
-2.181767234799765642e+00 5.083292017961328568e+00 -7.588726750521653891e+08
-6.135559496535115898e+00 2.392355612858661829e+00 -9.635035476881307602e+09
4.265904633429343784e-01 3.814592119652098212e+00 2.634908546631467640e+08
-2.263359386373908322e+00 1.013768331380704213e+00 -1.979368689953904724e+10
1.072113154355587988e-01 8.151961436920306170e+00 1.449996686711772531e+07
1.058074600330448645e+00 2.455569133421153794e+00 1.577112144681499720e+09
1.738019821625494066e+00 5.885970830526376041e+00 4.508884727814829350e+08
-5.896280701559212467e+00 2.927860643147049413e-01 -6.181985260483646240e+11
1.192636496682022651e+00 2.518968161029294439e+00 1.689325576343177319e+09
-5.001511896098203458e+00 2.967925710437197551e-01 -5.103238580706247559e+11
-2.806191040469315556e+00 1.376933303503415085e-01 -1.330276881243295166e+12
3.526517837695851476e+00 1.946570561336333105e+00 8.364816169021330833e+09
-3.130355758204751204e+00 6.909975486473348916e+00 -5.892387532522615194e+08
-3.018158755223461664e+00 1.338306416553131373e-01 -1.514542894653987061e+12
-1.961598108562781495e-01 9.513526557773097636e+00 -1.947949001714036986e+07
9.920165379486561852e-01 2.699310980026009554e-01 1.223668239836767578e+11
-4.623007699786648717e-01 8.878914784905894919e+00 -5.270544194748557359e+07
3.377101973939621526e+00 5.350382061720993399e+00 1.060291310643163562e+09
-4.818248837288110487e+00 1.233790032097712430e+00 -2.844836616181975937e+10
1.796781175189949398e+00 2.505997302758387502e+00 2.571488632051819324e+09
-3.246211577015303273e-01 3.390546869526180007e+00 -2.537978484371608198e+08
2.896969934220828158e+00 1.677908590827754121e-01 9.248216990990305176e+11
3.252643892416350324e-01 1.020949124378127959e-01 2.804651694633039551e+11
6.191841393628268797e+00 1.891479694573448889e+00 1.555489467287730217e+10
-6.460962313946638780e+00 5.129590629499614529e+00 -2.206898764526981831e+09
-1.770293322117999724e+00 5.328584907001935100e+00 -5.603663768282452822e+08
-4.312634546234785926e-01 6.981660116443177966e-01 -7.951990833625937462e+09
2.287115311316461508e+00 2.442151011453747689e+00 3.446621947637009144e+09
6.229154192693969527e+00 3.079419263069951285e+00 5.903941632532376289e+09
1.139034047193753452e+00 5.993894929196693644e-01 2.849502700703388214e+10
-4.333530299970674626e+00 5.810097497800613020e+00 -1.153786930924198866e+09
-3.363940832658842139e-01 6.331607390394936585e-01 -7.541730554209832191e+09
7.231050122046578821e+00 1.497359873859272161e+00 2.898675559166986847e+10
-2.029635566630360710e+00 2.133303879529316327e-01 -4.008327854851260376e+11
4.277772370505896760e+00 2.992251823388499155e+00 4.294098565102182388e+09
-1.098534705950943602e+00 1.330699603369483452e-01 -5.575763513045292969e+11
3.981958876731876096e+00 7.985710234831095988e+00 5.612034003642075062e+08
-2.270029241481587245e+00 1.964250844848540067e+00 -5.287960138684520721e+09
-5.208225274933410143e-01 7.291277000667075736e-01 -8.805077517773250580e+09
1.786311590752829526e+00 4.203809426038080943e-01 9.084934389994633484e+10
6.036495564409938730e+00 1.088477592194151689e-01 4.579272820214432617e+12
-1.566691470781141460e+00 9.291809980044799744e+00 -1.630923001793855727e+08
7.649913352917304676e-01 2.880062118954015982e-01 8.289024522701002502e+10
1.216631612396402717e-01 6.805192188354651783e-01 2.361179073323894024e+09
5.124767709793103254e-01 8.064221629509756184e+00 7.082717064345748723e+07
1.734076779179827832e-01 2.562808289597977573e-01 2.372939692276524353e+10
-3.766247279562396910e-01 1.443141197494217876e+00 -1.625330929414956808e+09
1.288611983804918149e-01 1.170108312453527893e-01 8.459031749912226868e+10
-1.176121074443697401e+00 6.141882297257452272e+00 -2.802203502413074374e+08
1.144322913262464519e-01 5.073947446226435565e-01 3.994912606838964939e+09
5.808276594510282109e-01 6.471248430089681314e+00 1.246584615116310716e+08
-1.312497795249516708e+00 6.108810990355582060e-01 -3.161082458403198242e+10
-3.814667231492340216e-01 8.087884610495034821e+00 -5.241280273838627338e+07
2.085077866036141314e-01 1.171771304305501971e-01 1.364857089126706543e+11
1.953945642102854485e-01 5.689308670056652417e+00 5.425554150999192894e+07
-5.592192784079877965e-01 3.441946748013371971e-01 -4.242525480619057465e+10
1.675264703466970984e-01 7.785265541630049135e+00 2.484203654471906275e+07
6.946804438766901235e+00 1.347338884241362722e+00 3.439394591698580933e+10
-1.815071330530462435e+00 4.831230489101551173e-01 -6.989221442844660950e+10
-7.954271019159111500e-01 2.481753249656470373e-01 -1.160736935247292938e+11
-7.186828514736151696e+00 5.128099069971534973e+00 -2.456264248973482132e+09
-6.157841289807692853e+00 2.560453150949566936e+00 -8.442001829133337021e+09
4.279086499245365882e-01 1.833621189666190254e+00 1.143885212484143019e+09
-3.581209707427458699e+00 5.569419378997337411e+00 -1.037673027423628807e+09
5.091727945665206478e-01 2.487124669592164772e-01 7.398108541478144836e+10
1.028558624204643390e+00 7.380641371458971367e-01 1.697037588233505058e+10
-7.769978290080304717e+00 8.990753104026437015e+00 -8.639294535033475161e+08
5.293600443879928896e+00 4.990752206342508601e-01 1.910160066422846069e+11
1.051636035688232162e+00 2.582939733058423060e-01 1.416731439312806396e+11
-1.416853665677662244e+00 1.667128622663291704e-01 -4.581813427570217896e+11
-3.439922300011033496e+00 3.019221933492259868e-01 -3.391635525932304077e+11
7.442443357581923769e-01 1.982824544769033193e-01 1.701365350485507507e+11
-2.664342784203491465e+00 4.807229338103787830e-01 -1.036217766334889679e+11
-5.788954934045781542e+00 8.065044458075885103e+00 -7.999028709064397812e+08
5.135763922535951931e-01 2.846885341671290259e+00 5.695288360515130758e+08
-2.493792777079242018e-01 1.815604961035998666e-01 -6.799363499832084656e+10
6.026704902037617329e-01 2.853739856578419443e-01 6.651227203150046539e+10
2.285397226955891981e-01 1.021502340739575687e-01 1.968491673600513611e+11
-5.734266564714509684e+00 2.858526981545265189e-01 -6.307306044336488037e+11
-1.043517279535526088e+00 9.642571780642682500e-01 -1.008705763418295097e+10
2.699814500789308735e-01 3.910781513128458897e+00 1.586563419844045937e+08
-1.056317078347683625e+00 7.524137425896114673e-01 -1.676993894227033615e+10
-6.029818755786751083e-01 1.966878529897576167e+00 -1.400876330140887022e+09
1.704345482838619974e+00 1.756664367589298115e+00 4.963987372287796021e+09
2.290956597075607615e+00 1.028140785638551158e+00 1.947880475319379044e+10
-2.165544830609304583e+00 1.289497773573058392e+00 -1.170513976911197090e+10
3.221414572874989890e-01 6.538275732804655904e-01 6.772839341744035721e+09
1.803032714932376324e-01 1.723593974122356320e-01 5.454868568204718781e+10
-2.026563014059855894e-01 2.979887933598868610e+00 -2.051213505784738660e+08
1.978504313273607707e-01 2.280817846743005806e+00 3.418270402539971471e+08
4.904735449096341071e+00 1.429790628409481068e-01 2.156360229938336426e+12
2.922097245136909272e-01 1.974477817334774343e-01 6.736600067288374329e+10
3.003732425768301795e-01 6.827014524367066350e+00 5.792288802433472127e+07
-1.418365018848326553e+00 4.057711177556384996e+00 -7.742413596886155605e+08
9.468664466046250894e+00 8.511686973320037097e+00 1.174648851023341894e+09
1.422402944616820708e-01 7.282143368980997344e+00 2.410764630536524579e+07
-2.287185567829169985e-01 4.935506449842079313e+00 -8.438953089004151523e+07
7.470913314675287076e+00 2.273649132423702368e-01 1.298905107421760010e+12
3.023638489649661532e-01 9.493471325684931017e+00 3.015299095757751539e+07
-1.661980593690287611e-01 3.431005822337709898e-01 -1.268918288099648857e+10
2.608858826523153263e-01 2.932080834699028471e-01 2.727403029721870804e+10
-2.738631471266756545e+00 1.730566886953706085e-01 -8.218781482818342285e+11
-2.267721715604976984e-01 1.456352476966973342e+00 -9.609645782855913639e+08
4.293679892336845216e-01 1.481656789340536129e+00 1.757863103952324629e+09
-4.962579605370642799e-01 5.398945918327021865e+00 -1.530171646794733107e+08
-4.946577860502338053e-01 3.485512615445507389e+00 -3.659503356254042387e+08
5.260599678892099895e+00 2.200780969574618329e+00 9.761852212242540359e+09
3.785923085195013194e+00 7.875398252552073819e-01 5.486272248440717316e+10
-3.003694320328154643e-01 1.216685196852598905e+00 -1.823685325191921234e+09
1.063716647671893722e-01 2.522623104372893721e+00 1.502352473743785918e+08
-2.780876145387671250e-01 1.341929400761089131e+00 -1.387947148069659710e+09
-1.001330023212505943e-01 8.432284373338850614e+00 -1.265719198224282078e+07
1.192559824499162646e+00 2.210429329908672746e-01 2.193701457476637268e+11
-2.010236065169943132e+00 1.830916572326137803e-01 -5.389650049415640869e+11
1.180272221923952258e-01 6.740892307102170911e+00 2.334522298798916861e+07
6.349008669800915161e-01 3.056089635045954322e-01 6.109762978250788879e+10
1.331609983953374321e-01 1.996891852173233728e-01 3.001363323066755295e+10
-2.352155702449074237e+00 9.755196881082273119e-01 -2.221491252335527039e+10
7.056730867570285559e-01 2.092693474547430155e-01 1.448247983944489441e+11
-1.280297414781640664e-01 1.107865496144834344e-01 -9.375348352553024292e+10
-8.065236998180322914e+00 1.730671552967584237e+00 -2.420128586511961746e+10
3.157385228574875136e+00 1.536636897220965636e+00 1.201809622516656876e+10
-6.367518508412721712e-01 2.577112864461655217e+00 -8.616957612274550200e+08
-8.799241962410375706e+00 1.295581761451110314e-01 -4.711576286160309570e+12
-4.697427499772282578e-01 4.679094624006371328e-01 -1.928355267306420517e+10
-2.906531772531970148e+00 1.989975052648921827e-01 -6.596756129939611816e+11
-5.302648513313592993e+00 3.256581764281030633e+00 -4.493859455700192451e+09
1.023002591397838223e+00 1.920335680367212916e+00 2.493291460448610783e+09
2.065530151290635441e-01 3.808180761559093463e-01 1.280109285555467224e+10
-3.373649406330206268e+00 6.027680854695195656e+00 -8.345455906599278450e+08
2.337907386005109611e+00 2.611803932124217575e-01 3.080326687804010010e+11
-3.971956290617225438e+00 6.118477612163784052e+00 -9.536045804628722668e+08
-2.489384318011290453e+00 4.068820561696456117e+00 -1.351467146345844507e+09
1.159715003718549742e+00 2.863024640898729212e-01 1.271603523140064087e+11
7.372204675826793618e+00 2.082429847233989051e+00 1.527943315241589355e+10
2.826661741932118943e+00 3.882649061946758517e-01 1.685264929119739380e+11
-1.109296453205967481e+00 9.576512092526286324e+00 -1.087135105115464330e+08
6.397194065679554065e+00 7.610190354895930431e-01 9.927710494765657043e+10
4.382896052378929541e-01 2.437872364335235686e-01 6.628112339244634247e+10
7.477126264583506376e+00 9.018753926769146334e-01 8.262134446812745667e+10
-3.243951120824073997e-01 5.871224867847061546e+00 -8.457996317506542802e+07
-7.610949709918530814e-01 7.861754828973144704e+00 -1.106752415343134999e+08
-4.553247651363714787e+00 1.968955237917324463e-01 -1.055602000325937988e+12
2.217584593134346582e-01 6.255029964435272483e+00 5.094153473423098028e+07
2.011220156043431462e-01 2.393568747648105788e+00 3.155138438912193179e+08
8.993139985169410489e-01 8.806838022632594853e-01 1.042130134822996521e+10
6.547376000405642493e-01 6.760366113763193852e+00 1.287589623477476835e+08
-4.796889358054518659e+00 4.318672584086353794e+00 -2.311584429120619774e+09
3.128111309740864154e+00 5.990000840129841464e+00 7.835722554520514011e+08
7.240561274103604061e-01 3.724829293459259283e+00 4.690402398816359639e+08
2.661675536673278608e-01 2.205186259687638983e-01 4.919434424404908752e+10
1.511231565038559099e-01 2.866104190593123380e-01 1.653475202876767349e+10
1.014226672879569913e+00 1.288442871629811526e+00 5.491048907666499138e+09
-2.335748135721385232e-01 4.252376770147120455e-01 -1.160949035794686699e+10
-5.513008141162181630e+00 2.023509328371854432e-01 -1.210121091659963623e+12
-3.540572166190663506e+00 6.457643835552553391e+00 -7.630902289421379566e+08
9.680113274922558242e-01 5.472671948531779407e+00 2.904906953723618388e+08
5.343600380166418695e+00 2.030593731461239226e+00 1.164765525739720726e+10
1.924611810426591241e+00 5.609608771868314081e-01 5.497036463731323242e+10
-4.850509771904282785e-01 1.161162024709025964e+00 -3.233347290411558151e+09
-4.358706715390344932e+00 1.200636469362606068e-01 -2.717597936390193848e+12
-5.683284784417549362e-01 8.176609605913983669e-01 -7.640178610222117424e+09
8.390030468252296814e+00 9.070662718235174893e+00 9.165077026082613468e+08
-5.119637707962191975e+00 1.363886618819866392e+00 -2.473621861313828278e+10
-5.651189527469007157e-01 1.791462680439352972e+00 -1.582613843344741106e+09
1.674129430625925563e+00 4.451190052651184392e-01 7.594293439087023926e+10
1.994405060311310318e-01 2.398525757804621961e+00 3.115840459003413320e+08
-1.549069101979155538e-01 5.930678432529675748e-01 -3.958336001197364807e+09
5.763300404706194868e+00 1.958765459772621398e+00 1.350072220371888733e+10
4.229812931021767475e-01 2.257024108815359309e+00 7.462758412710882425e+08
3.599520159996619784e-01 3.771635575529744822e-01 2.274237317879951477e+10
-7.912080880041143516e-01 4.003628446916073780e-01 -4.436431739589017487e+10
3.609966743115757271e-01 2.089537323438926397e-01 7.431107662207067871e+10
6.404739390589127002e-01 9.977476312396037272e+00 5.782433813826885819e+07
3.469667545233051653e-01 4.341574990930228695e-01 1.654412749878539085e+10
7.641287075081629077e+00 7.732780469754407804e+00 1.148539067963976383e+09
-2.432933883903319328e-01 1.780997353145330475e+00 -6.893731704739015102e+08
4.573220218106798240e-01 4.869523612307044225e+00 1.733403946613067687e+08
9.289671276475319317e+00 7.210907051745983232e+00 1.605725001804942608e+09
-5.705685577289859589e-01 1.231170017352762214e+00 -3.383158871343703270e+09
-3.149091156667203073e-01 7.859919368447385590e-01 -4.581415375645474434e+09
-1.487267085426727364e+00 4.074598914435610952e-01 -8.051371292054191589e+10
-3.978176249926627661e-01 1.013573970902067328e-01 -3.480356568111423950e+11
-5.975359980472768617e-01 1.127550389639741191e+00 -4.224183479086686134e+09
6.155903154862303772e+00 2.452078457842323367e+00 9.201818721393939972e+09
6.985855835804333225e-01 4.107919036708365668e-01 3.720715696638502502e+10
8.200484455354292157e-01 1.279278356824440799e+00 4.503602205767884254e+09
-3.877538295454313388e+00 1.363571322313398948e+00 -1.874351319560701752e+10
-1.192320403996742995e+00 3.706663322583175990e+00 -7.799689479434270859e+08
-5.994010454254563580e-01 6.161474487613184614e+00 -1.419053617912113667e+08
2.920194206229754119e+00 1.574107610131017632e+00 1.059237911185671425e+10
1.881397895895450256e+00 1.081420517450953245e+00 1.445912666397643852e+10
1.369205857911949265e+00 8.182117792922358745e-01 1.838179472518836212e+10
-3.092334148725258136e-01 6.299556784735635961e-01 -7.003530827358921051e+09
-5.851679739450007522e-01 2.493113375791026431e+00 -8.461495155722050667e+08
-1.389038668157305811e-01 3.733920302276836911e-01 -8.954366502882984161e+09
-2.411203844994974421e+00 1.660687216716435266e+00 -7.857942752696146011e+09
-2.106594228003928482e-01 2.145487237982718565e+00 -4.113198200345876813e+08
4.946812889482318787e-01 2.301401834638868160e-01 8.394429616859521484e+10
1.122696174132888774e-01 2.158386262637967401e-01 2.165980411152139664e+10
-2.149396478681331768e+00 9.627110989738097757e+00 -2.084371823933191001e+08
4.258084900932154859e+00 4.911163564370709111e-01 1.586704809196842651e+11
5.703581999229287991e-01 4.541538161486296521e-01 2.485377557368706512e+10
-1.400800706039010413e-01 2.322040292679044438e+00 -2.335003131696577966e+08
4.413642612915919528e-01 3.725966966424523186e+00 2.857391719844643474e+08
5.898466746211384226e+00 1.775333354253647133e+00 1.682015248674546051e+10
2.414888375001841558e-01 6.730084720011759281e+00 4.791887535045655072e+07
-2.859273202597937047e+00 1.173086177111554829e+00 -1.867439056556351471e+10
-3.079638803732490882e+00 1.009750406847676613e-01 -2.714703030958733887e+12
5.810968472473647672e+00 4.980148794925046696e-01 2.105787290843632507e+11
-5.732439344595616770e-01 3.545587308693101125e+00 -4.098394104215625525e+08
-1.288325600067815879e-01 2.255978717331929839e-01 -2.275130216876590729e+10
-2.377478619225056544e+00 1.294720530478334908e-01 -1.274721083420272949e+12
-5.633625989740661533e-01 2.644224031338939351e+00 -7.241726752654156685e+08
1.926014279876944180e-01 3.144136773631713289e-01 1.751085133317706680e+10
1.944521627914529205e+00 1.021646511691282955e+00 1.674411057372615623e+10
-9.477353072307603821e-01 4.235054460489783845e-01 -4.749191475712870789e+10
4.105368279974892509e+00 1.561610317845076035e-01 1.513064358330015869e+12
3.504134400947604977e-01 8.521465542875419352e-01 4.337133487845994949e+09
-5.374483499589995938e-01 3.120745715580803825e+00 -4.959873342706872225e+08
6.924069206217069450e-01 1.563125305459714953e-01 2.546973523983160095e+11
2.028199718965009613e+00 1.025375395590671701e+00 1.733786241666915512e+10
1.417600624366538220e+00 4.411974558192444107e+00 6.545435014122638702e+08
-2.940328490595112587e+00 1.416910369416783388e-01 -1.316320706845591553e+12
-7.881506188202496155e-01 2.235595555517997102e-01 -1.417337781515791321e+11
1.319893297304530477e-01 2.620775801646321401e+00 1.727148586441390514e+08
7.124164624524613743e+00 2.693656320518714176e-01 8.824705013106492920e+11
-1.410074122077408509e-01 1.711814823649176587e+00 -4.324929126591396332e+08
1.295135801639276441e+00 2.636291110433762075e+00 1.674862646020084620e+09
2.204556331892122134e-01 4.458832578119815260e+00 9.966197463272139430e+07
-2.688483697027334696e+00 1.357655027829301808e+00 -1.310928970162587357e+10
2.977820559055013749e+00 4.717197914015504701e+00 1.202765456614214897e+09
-5.610084838713617295e+00 5.485750689530991542e-01 -1.675513434942942810e+11
-2.099607765525957515e+00 6.299873167479224101e-01 -4.754722513740365601e+10
3.601322766906187578e-01 1.552969346824556229e+00 1.342106247018739939e+09
-1.394743428704390054e+00 1.103396546448396132e+00 -1.029631217764576721e+10
3.105066623344745036e+00 1.410547604062960259e-01 1.402639439140214355e+12
2.666170910750508827e-01 9.777867116027803007e-01 2.506399772839192390e+09
2.408238361981506204e-01 1.439378609878521897e-01 1.044720218120606384e+11
-2.612108883721965924e+00 7.685582904660975823e-01 -3.974552804026326752e+10
1.997158714754575293e+00 1.176908196798383821e-01 1.295919494227685059e+12
3.941027909891766878e+00 6.113350595673172627e-01 9.477668688262892151e+10
-4.467099503862698384e+00 1.766625738887385999e-01 -1.286432897272910400e+12
-2.742194782223644212e-01 7.579722858350184111e-01 -4.289851565992191315e+09
-1.753155737438498285e+00 1.628526600853292539e-01 -5.941298902183642578e+11
4.571595600698756812e-01 7.328804357507025635e+00 7.649836758428394794e+07
6.437443642884730366e-01 1.402502124874220324e-01 2.941419738984414062e+11
-6.285376705563594513e+00 6.007250828825004829e-01 -1.565418269313903503e+11
2.414278295442031097e-01 2.141409264799516876e+00 4.731933076110953093e+08
-1.499174213919455045e+00 1.720693666614279804e+00 -4.550882280780634880e+09
2.383349748714090055e-01 5.147018073203538657e-01 8.085874756310419083e+09
1.457194696141121126e-01 5.019818533315554276e+00 5.197472077626176924e+07
-1.935544172628013981e-01 2.418183952894378819e-01 -2.974918248971733475e+10
3.562499174846885941e-01 1.139946289385339734e-01 2.463976788159870300e+11
-3.299099071648772807e-01 3.036560193562686250e-01 -3.215749322575906754e+10
-8.116900351154722415e+00 2.636420774986447224e+00 -1.049569935893860626e+10
6.693452912699293655e+00 5.729933860027807135e-01 1.832321227360470581e+11
1.801347638884395752e-01 4.805796829967427519e-01 7.009989052825559616e+09
1.366171927351449211e+00 1.206597175867901578e-01 8.433956688158393555e+11
8.555469581051715622e+00 4.545914020279793188e-01 3.720934584919175415e+11
1.764412335627947526e+00 2.713406851028342004e+00 2.153876854360647202e+09
-3.629247392153784002e+00 1.787813458832417102e-01 -1.020522976452582520e+12
7.123032149515136524e+00 5.825182479277335901e+00 1.886672215116672516e+09
3.112649040467771133e+00 1.885541993217543233e+00 7.868797258006141663e+09
-2.433808284551591816e-01 2.400133577566392062e-01 -3.797223483099427795e+10
1.174367323021778681e-01 5.387053107313403366e+00 3.637073375903122127e+07
-3.092016931765950716e+00 5.926225990037282676e-01 -7.912907048425872803e+10
1.787001933470336867e-01 1.925349527919782533e+00 4.332678610261520147e+08
3.441926512657936144e+00 3.284470297206653067e-01 2.867619563142404175e+11
5.350175471972758778e+00 2.588065091509217930e-01 7.179071099560706787e+11
8.089408132144347618e+00 4.464370001327534254e+00 3.647934259857543468e+09
1.961693025745579355e+00 9.326064463787961500e+00 2.027145120169894993e+08
1.455088163473783114e+00 1.262819789889285949e-01 8.200817889463621826e+11
-2.489721195512719087e-01 7.085187655172505927e+00 -4.457574602976553887e+07
-3.980011864403426802e+00 9.945911300720490233e-01 -3.616144874797893524e+10
4.499155379950628419e-01 8.871252538129999365e+00 5.138208524288224429e+07
-7.191151472347753426e+00 2.286312215307453322e+00 -1.236454050585997581e+10
-1.090486685968444502e-01 8.062253682761905793e+00 -1.507849746187289245e+07
2.755197817753817779e-01 2.250454533489552933e+00 4.889482743716887236e+08
2.495935019732818394e-01 8.460960216004632661e-01 3.133607420249817371e+09
-9.856388893469720358e+00 1.554207433577098341e-01 -3.667334173580396973e+12
-7.824377374582308642e-01 3.095493771389127069e+00 -7.339061684606015682e+08
1.108218627250781685e+00 1.694129930946156382e+00 3.470424759852120399e+09
3.253084261528640941e-01 1.074699437322556295e-01 2.531464770764822083e+11
6.339740017655556947e+00 2.600310114246465187e-01 8.426976375715408936e+11
3.814012351615973628e+00 1.277491690330245233e-01 2.100470303061734619e+12
-2.444760139867403037e+00 1.312661320562735323e+00 -1.275209377593218994e+10
2.546162248685552409e+00 1.123339613177950086e-01 1.813487410506763428e+12
-1.561879399854072092e+00 4.407598622949594480e-01 -7.225934787074041748e+10
1.571194658407091271e+00 3.546236691483311554e-01 1.122910581636804504e+11
1.157092088570816912e+00 2.550087193469947611e-01 1.599220992641198120e+11
-2.846498790462966832e-01 4.486046204625727674e-01 -1.271259283011528015e+10
5.242244227830676895e-01 4.985999046780600907e-01 1.895236824840470123e+10
1.692286215571348729e+00 3.398693294124875419e-01 1.316741386314939728e+11
-3.859990066632463801e-01 2.049994617654469664e+00 -8.255271554078432322e+08
-4.086323809446168909e+00 1.520730392555494470e+00 -1.588104020474878311e+10
1.817972350077343147e-01 1.897670511288431339e+00 4.537287242653465867e+08
-2.631054386029089809e+00 4.020734284665544500e+00 -1.462748621276714563e+09
-1.767700384952404002e+00 7.037914350307924449e-01 -3.207534381639544678e+10
-2.542514127233419519e+00 1.723976112158806639e+00 -7.688675030004033089e+09
4.499877748257731902e+00 4.549806338416464424e-01 1.953734343021819458e+11
1.262707744250433306e+00 2.540637694130163382e-01 1.758198835012689819e+11
9.023847545279974014e+00 1.024005976524185318e-01 7.734591562838347656e+12
-4.273710237728510108e+00 1.103586399168593885e-01 -3.153864367692443848e+12
2.693543983278518184e+00 2.169061645292937046e-01 5.145539305668948975e+11
3.066972510276276154e+00 1.768559704038426827e-01 8.812944813289862061e+11
-9.618407396217730110e+00 1.018066561993733465e+00 -8.340679619887699890e+10
-4.935660343302859521e-01 2.179627940661241770e+00 -9.337511519838658571e+08
5.547518194692731441e+00 8.098093002549613395e-01 7.602979743493338013e+10
1.380956008363132259e-01 2.195452696040289808e+00 2.575030006030312777e+08
7.923192271460304248e+00 1.533337809550371800e+00 3.028831573110425949e+10
4.149649821370971381e+00 1.627259457961739708e-01 1.408472781401351807e+12
-9.268129678998563437e-01 3.296514051670167422e-01 -7.665365319882475281e+10
-1.351288444546955958e+00 5.315289756483101424e-01 -4.298775768926033020e+10
-2.312004505220918438e-01 4.442416238718186472e-01 -1.052933148543139648e+10
-3.972102918972285401e+00 2.099783512009491260e-01 -8.096961395013660889e+11
7.841017489869801516e-01 1.217697583447169551e-01 4.752741048768002319e+11
4.981384045217284728e-01 8.296048111268854441e+00 6.505162050644323230e+07
1.532664120097309013e-01 1.163329176451365216e-01 1.017870125885630951e+11
7.021571891778248808e-01 1.195244380930906847e-01 4.417448995767726440e+11
3.071590930338466974e-01 1.765552124642268961e-01 8.856311985498251343e+10
1.433913126996856358e+00 3.270375085610063959e+00 1.204975807923791647e+09
-6.256187298813397746e+00 2.465162574293423836e-01 -9.252715932998304443e+11
8.617677074398506498e-01 4.235455524299346131e+00 4.317581885702935457e+08
-8.616250627532579642e+00 4.790205724002240650e+00 -3.374897682146294117e+09
-1.790884533332220974e-01 1.087984713092190470e+00 -1.359792425066197872e+09
9.543522335064779094e-01 1.063716456290499240e-01 7.580669388808814697e+11
-8.756429932521816895e+00 1.986656384831815836e-01 -1.994032261484270508e+12
4.595872580383173478e+00 4.649899163497131838e+00 1.910431752783458948e+09
-3.006237055990822471e-01 1.507074094508026874e-01 -1.189610072445810242e+11
1.831490931743351647e+00 5.999670887372176686e+00 4.572992988381994963e+08
-3.508000311051702735e-01 6.196647483580832727e-01 -8.211011499098808289e+09
-3.098410964040076099e+00 2.043995300548037353e+00 -6.665455805008094788e+09
9.587953608964543406e+00 4.563941170051306062e-01 4.137104272322326660e+11
-1.395767033468561236e+00 3.335044286833300786e-01 -1.127873373532531738e+11
1.468600329022109185e-01 7.783358074428732287e-01 2.178814305839542866e+09
-3.533460478301400087e-01 8.213173901884811556e-01 -4.707917236449446678e+09
-4.194051638296275364e+00 2.522670235353073331e-01 -5.923295859911380615e+11
2.006921406640867767e-01 1.846032754687278121e+00 5.293003468002732992e+08
-1.453310108363027542e+00 2.117711757145669116e-01 -2.912562255512384644e+11
8.939245090823114026e+00 3.611959365302752190e+00 6.158369619964961052e+09
-1.374263538120815697e+00 2.615253215072743220e+00 -1.805897733638048649e+09
2.888363376988919984e-01 8.134976340032887832e-01 3.922743032855859280e+09
3.468642224702087606e-01 4.777010510531453313e+00 1.366147938903249800e+08
9.921584639744823741e-01 2.847742226479253791e+00 1.099588805769502163e+09
-6.386570052412513521e-01 2.022820589303899463e-01 -1.402825228346305237e+11
-1.644064194290167646e-01 3.011414803333773538e+00 -1.629401934071379900e+08
1.877615734023288852e+00 7.644814152766824522e-01 2.887509821402656174e+10
-5.954498966627869150e-01 5.888925429567859471e-01 -1.543205394017281342e+10
-6.082058793609567138e-01 7.418945417091665995e+00 -9.931546506074282527e+07
2.582956278955922169e+00 2.266036086148095485e-01 4.520995035298616333e+11
1.058970141579540281e+00 1.071365769766189774e-01 8.291990585788406982e+11
-4.319417599283671194e+00 5.956173838064995785e+00 -1.094311800510732651e+09
-3.499515355536215733e+00 3.427158887124584385e+00 -2.677873411798900127e+09
7.354585977177351408e-01 1.102827238009669447e-01 5.434929060797105103e+11
8.408005442375971583e+00 4.835457460739515656e-01 3.231978540227799683e+11
3.899759460867357586e+00 1.401697368486857498e-01 1.783938682224301514e+12
-1.139237837793975888e-01 5.721285640857324273e-01 -3.128079322222939014e+09
-6.670669396128218409e+00 5.889738144204372361e+00 -1.728335547072372437e+09
-9.871962107565224187e-01 1.274423458814530230e+00 -5.462941927101784706e+09
-5.843551407183952273e-01 5.252143537684904606e-01 -1.903944629971186829e+10
-1.244232355978800664e+00 6.785457484364886271e-01 -2.428811675189942169e+10
2.563396348357407373e-01 3.240023920329080820e+00 2.194673636036337912e+08
3.177702970775528324e-01 6.767581512246887421e-01 6.235868202648832321e+09
-2.556376271002112510e+00 1.816950505270916449e-01 -6.959678883046319580e+11
6.012870215644238181e-01 1.406268483172684047e-01 2.732725196125364990e+11
9.541876612320500328e+00 9.091699768661276604e-01 1.037514662740000458e+11
2.439016796606896076e+00 5.713720065614380061e+00 6.714713566547315121e+08
-8.490094018804187570e+00 9.891239241737320720e-01 -7.799409178267256165e+10
-4.615332758371541111e+00 8.250637295294989126e-01 -6.093665988417515564e+10
-2.200263622896024174e+00 1.388066212855870507e+00 -1.026372413507045746e+10
-4.326742603183647007e-01 1.865260111701673162e+00 -1.117719614311608076e+09
1.407215222178532232e-01 3.152657389554985867e-01 1.272499407199086189e+10
-1.036656018189446998e-01 4.749909026265662360e-01 -4.129663907483319759e+09
7.395818887295290134e-01 3.893985694485080362e+00 4.383774260212715864e+08
-1.272476078713941305e+00 1.221447717760815177e+00 -7.665676372051601410e+09
-6.555623112438992983e+00 5.388783491138921633e+00 -2.029005041100855589e+09
5.456295504649043338e+00 7.131037741679651099e+00 9.643685336416304111e+08
-2.432888073427770803e-01 3.032887923221194271e+00 -2.377168814344588518e+08
-5.319410910312218910e+00 3.020047246523537288e-01 -5.241875279953890381e+11
1.558487568780022814e+00 3.871332655720394755e-01 9.346154992688099670e+10
-6.368098427172370624e-01 2.510940451612677649e-01 -9.077945249375173950e+10
-1.575972161117474180e+00 8.714595326188831592e+00 -1.865111114735711217e+08
-5.647309949239634363e+00 4.027529473057352760e+00 -3.129066465752437592e+09
3.214676983716900915e-01 3.878896639757324571e+00 1.920310889837685525e+08
-1.048812256458855757e-01 8.779232574870386330e+00 -1.223024800261583738e+07
4.546094635911520632e-01 6.599405388672273887e+00 9.381655393366464972e+07
-1.867673114344804985e-01 1.575447469878859197e+00 -6.763066086401988268e+08
-2.502507591777207718e+00 1.195563952621492287e+00 -1.573549457746122360e+10
1.300525390297714079e+00 1.464896236892340720e-01 5.446979327067454224e+11
-2.295227486603782729e+00 1.220850930343946456e-01 -1.384047762397179932e+12
1.263443313948685309e-01 4.583660001833260722e+00 5.404824394808475673e+07
3.328397874207652540e-01 1.221796414111563089e-01 2.003955908945925293e+11
5.549145771521033499e-01 4.650801007581258695e+00 2.305797882904900014e+08
-1.385133184497814973e+00 4.026457591551576343e+00 -7.678844868348116875e+08
4.641136040598360601e+00 1.050508523904245539e+00 3.779860357523525238e+10
-5.334186325258125194e+00 5.281056435345546918e-01 -1.719005170345583496e+11
2.282064984140990127e+00 1.011441563588510312e-01 2.004919929866553955e+12
-8.582084642146549314e+00 2.051299826588356190e+00 -1.833095643280757523e+10
-2.443764250803431570e-01 4.278765982245510968e-01 -1.199700547300990868e+10
-2.598968500928282577e+00 3.238268336772592626e+00 -2.227542339163566113e+09
-1.588694934252758761e+00 1.380472056472259013e+00 -7.492657639763126373e+09
-4.435277508355198073e+00 5.000970920982511281e+00 -1.593906192555122375e+09
7.402947305378521081e-01 1.564471272498984267e-01 2.718442120514596252e+11
-3.927034292100893831e-01 6.091549707942762737e-01 -9.511734669045860291e+09
5.635165361505590775e-01 1.026387668898956218e-01 4.807667583201614990e+11
1.463299857804818416e-01 4.755407453389579153e+00 5.815786840714016557e+07
4.090024797528329370e-01 5.145511583779059706e+00 1.388415453848471642e+08
-4.382024432204705278e+00 6.876471252880724805e-01 -8.329024689947979736e+10
3.160663409380247035e+00 4.867027496322530178e-01 1.199226639784140015e+11
-7.042126149355551590e+00 1.562677806263146618e-01 -2.591883819623985352e+12
-2.380169059647101459e+00 2.216601231138248362e+00 -4.353948457491887093e+09
-3.264143410139512258e-01 6.144474946529689952e-01 -7.770523783085809708e+09
-5.156033346915203097e+00 1.952356148903967303e-01 -1.215761109205508545e+12
1.250601475913597271e+00 3.734768111821554104e+00 8.058278467570347786e+08
-1.176949735810886466e+00 6.398156639491203723e-01 -2.584037414527830505e+10
-1.180751723652451624e+00 8.546075804156050282e+00 -1.453033827782011926e+08
2.412257144232914374e+00 5.197781986583327463e-01 8.024871746593496704e+10
-6.670588821901242582e+00 2.639589115813498199e-01 -8.604826774697414551e+11
-1.574513737491022858e-01 1.908308855785118829e-01 -3.885972662865940094e+10
-3.616748738344736758e+00 3.763349006365765526e+00 -2.295196987331297398e+09
-1.195905198687615273e-01 1.496123002661716717e-01 -4.801896242258891296e+10
-1.322294415954022195e+00 1.418134666976905989e-01 -5.909406082865136719e+11
-1.449187572618819031e+00 2.070136258026796239e-01 -3.039326491052833862e+11
2.596692547827224029e+00 3.666537697750951619e+00 1.736036455268955469e+09
2.158712277475317576e-01 7.632010830980699545e+00 3.330944709089958668e+07
6.017695225809897019e-01 1.798017579429697532e+00 1.672988438660455465e+09
-2.129454700000924294e+00 2.149929968007188386e+00 -4.140667878274359703e+09
2.382472333045740631e-01 2.895245373047046211e-01 2.554510733764518356e+10
-2.579461830553564372e-01 4.065108111593756846e+00 -1.402928454745807648e+08
-5.021154490691785099e+00 6.202510213866082367e+00 -1.173057298798211098e+09
-1.855688646157185540e+00 5.714933285482945102e+00 -5.106618321296674609e+08
4.201171765528702307e-01 4.687799660920197731e+00 1.718236616640294492e+08
-8.036060881976206716e+00 2.465743872245082513e-01 -1.187949315591029053e+12
-4.634121917836624416e-01 5.468765028196485023e-01 -1.392642183873155212e+10
4.215006109575958892e-01 6.097067018139324723e+00 1.019076740413262993e+08
9.599470320137442059e-01 5.325595258821520517e+00 3.042016559924895763e+08
-2.230256043995610504e+00 1.046857640810527679e+00 -1.829068998777956772e+10
-3.733020016869783020e-01 3.816362257402859948e-01 -2.303624838884526062e+10
1.413858579367790469e-01 6.132817538921294442e+00 3.378597854862338305e+07
-2.017530960441024757e+00 4.874316751416215010e-01 -7.632087321227804565e+10
3.844228513757990129e+00 2.047259413133663664e+00 8.243545905674278259e+09
-1.190744920106377114e+00 1.073299937356192002e+00 -9.290244582517269135e+09
2.058784434978909506e+00 1.060811948175801600e+00 1.644313752983543396e+10
3.607432636108914292e-01 5.955222013775036238e+00 9.142246663124008477e+07
1.427580347333501143e+00 1.801237881333334068e-01 3.954658943486365356e+11
1.698785033440082692e+00 6.312803565974947517e+00 3.831285297951071262e+08
1.091762427400194135e-01 2.890964141280920607e-01 1.174068274603970718e+10
3.070141132945952478e+00 2.086724461274616971e+00 6.336927588997498512e+09
2.142701357407564566e-01 6.307441606974310666e+00 4.840673445446684211e+07
8.299620340633543369e-01 1.307854321240740914e-01 4.361040314334383545e+11
1.399158774637757618e-01 1.716003463779494365e-01 4.270525293806159973e+10
-6.864356448325487747e+00 1.557108584445345834e-01 -2.544559716859087891e+12
5.410062836770897832e+00 1.253858210012574137e+00 3.092830160059379578e+10
8.997830364794925373e-01 8.560756062203029870e+00 1.103479261159392744e+08
8.684496274519293291e-01 2.281173498270347433e-01 1.499956334988948059e+11
-3.411673629569654809e-01 2.476113871636706765e-01 -5.001230495243362427e+10
-5.986373665156223822e+00 1.305248522271489908e-01 -3.158115576092273438e+12
3.094946749388514107e-01 7.836631668509200788e-01 4.529444366043436050e+09
3.194431673334177102e-01 8.564934235538124163e-01 3.913777717628459454e+09
4.996988139283740082e+00 7.967529296467717792e+00 7.074758161967999935e+08
-3.535658896153356934e-01 1.319125677107245986e-01 -1.826201225366858826e+11
-1.338161891880849941e-01 2.178023782456075530e-01 -2.535327347350752258e+10
2.400370774694751963e-01 1.570574397872846195e-01 8.746049307059629822e+10
1.879177874813604543e-01 7.749368243391697719e-01 2.812457131109609127e+09
4.187097045180292909e+00 1.023792985650633924e-01 3.590371150708428223e+12
-5.195217047955301704e-01 3.775588602722307341e-01 -3.275555647160047531e+10
-1.713688737940587681e-01 1.974512177242834454e+00 -3.950598805004056096e+08
-3.863411589483107811e-01 3.869129893639597917e+00 -2.319503203086353838e+08
4.350719078185801281e-01 3.886815796450316940e-01 2.588354413673070908e+10
8.344933867899710478e+00 1.362697470989225890e+00 4.039007111365775299e+10
3.310667429871169354e+00 3.966238633455572704e-01 1.891509355248262634e+11
2.277738879517779313e+00 2.253860007883761174e+00 4.029959467879639149e+09
-2.958914513182952177e+00 3.303311616564955644e-01 -2.437159469608284912e+11
1.282289614131467248e+00 7.866088577346803667e+00 1.862597767060587108e+08
4.204264911459283383e+00 1.098096522591115315e-01 3.133716173418479492e+12
2.227489291115641645e+00 1.414631722328228425e-01 1.000413302237914673e+12
-4.421410844411539642e+00 1.565307841670250166e+00 -1.621854792991161537e+10
1.225722628783713353e-01 2.734100515452071001e+00 1.473716237872673571e+08
-8.111664970809171482e-01 1.246281445780661884e-01 -4.693840895995075684e+11
5.040071999809530023e-01 4.305271248949221197e-01 2.443916261415480042e+10
-9.818045404370304041e+00 1.129090288761003258e-01 -6.921788267046432617e+12
8.538748542137748476e-01 2.613031519540236047e+00 1.123972138027098179e+09
5.333642301236690697e-01 7.155613360590250549e-01 9.362261606255235672e+09
-6.937880323771009605e-01 2.287263308440498633e-01 -1.191914480515347900e+11
1.485243845566983911e-01 1.850633452946773283e-01 3.897692406143406677e+10
-2.163988638331273140e-01 8.862671977725669947e+00 -2.476145971905958280e+07
3.227081537224007146e+00 3.310585500975373296e+00 2.646372285139914513e+09
1.408087418749804087e-01 4.887012374706511508e+00 5.298993160420114547e+07
-2.660981853362662797e-01 1.101568363907816206e+00 -1.970922836099187613e+09
-3.205859206027122266e+00 1.064733243759119763e-01 -2.541636480601382324e+12
-5.332172254498249719e-01 4.324669723018897405e-01 -2.562411634049058151e+10
4.784711842860581932e+00 8.997845006816636015e+00 5.311649264100872874e+08
-4.237182813856210650e-01 5.385185789623689878e-01 -1.313186587179132462e+10
-8.638649396183886164e-01 3.484270706702304210e+00 -6.395473257072752714e+08
-2.476312458939741445e-01 1.791544094215132610e+00 -6.934274948260564804e+08
-2.341858352470738147e-01 7.283410117958505126e+00 -3.967726346489454806e+07
-9.321104810644497141e-01 6.801261640660782870e-01 -1.811085882663766098e+10
3.157927979596712453e-01 1.453768268216197868e-01 1.342958119137732544e+11
-1.709022845839853755e-01 1.379129389306097631e+00 -8.075854017269794941e+08
1.711656914138335539e+00 9.488635897405403696e+00 1.708676211246965528e+08
-8.554524570921008930e+00 1.033839539787183015e-01 -7.193499543940012695e+12
-3.513019521450860605e+00 1.164161732089015883e-01 -2.329724372213069824e+12
-8.776067888635378234e-01 8.733710801871229501e-01 -1.034077237274977112e+10
-1.393127151271204900e+00 1.598182124777146829e+00 -4.902175295525635719e+09
5.134710740955364727e+00 2.552042207622327918e+00 7.085832725696972847e+09
-2.670494985392631859e-01 5.726359741568479933e+00 -7.319562601885123551e+07
2.345946125906781976e+00 3.866469219910206867e-01 1.410391033673825989e+11
-4.291183341209522384e-01 2.393961262008855728e-01 -6.729665087311905670e+10
8.511646183344128147e+00 9.724434075105048425e-01 8.089757582862916565e+10
-1.295088544635470407e-01 5.718161085242011943e+00 -3.559895987805981189e+07
6.477321360337682243e+00 1.261029836831129236e+00 3.660962984760726929e+10
2.233283689623651869e-01 6.874222574384004858e+00 4.247636393450070173e+07
-2.309240053292347661e-01 1.557809891604194696e+00 -8.552454762197887897e+08
1.388497631692935941e-01 2.270320499930209290e-01 2.421148460282347107e+10
-6.451870767588605560e+00 8.637764977007980960e+00 -7.772012879396742582e+08
-1.919845292622807120e+00 1.959977510360388253e+00 -4.491740680370745659e+09
6.147948952114202781e-01 2.649581340971632337e-01 7.870935576589137268e+10
-3.367350185503687587e+00 3.611293905348467170e-01 -2.320669162844779053e+11
2.640266155946842108e+00 4.323119998692027122e-01 1.269707678324393158e+11
-3.016795372951647236e-01 9.215525556833528142e-01 -3.192686353172768593e+09
-8.178693391942358559e+00 4.098781612067664004e-01 -4.375472788899624023e+11
4.201069368453125841e-01 2.129443429676904920e-01 8.326802360638822937e+10
-2.226165270155608944e+00 1.586709608488122258e+00 -7.947181252718940735e+09
-1.755495638284274851e-01 2.305276245881475283e+00 -2.968960520490515828e+08
6.724219122191702480e-01 9.373548035536970247e+00 6.878352949970313907e+07
6.515124555186508459e+00 2.009278512122491200e+00 1.450417602133366585e+10
5.362826230660477922e-01 1.066268986854010281e+00 4.239462401362067223e+09
4.268822753828506178e-01 2.317889681509413879e+00 7.141233223988426924e+08
1.479777943418999264e+00 5.678611330504229393e+00 4.124419948832512498e+08
7.185087667359179031e-01 1.444701211705976762e+00 3.094044927992825031e+09
-9.673531619735920017e+00 6.809166181163270437e+00 -1.875200917939864635e+09
4.010630553219693972e+00 1.111505914771713788e-01 2.917693850971865234e+12
-5.879937774187954380e-01 1.643901555439907791e-01 -1.955562657737280273e+11
3.990007772815714615e-01 1.032448578698288655e+00 3.364244093205286503e+09
-1.676361893546698956e-01 1.376429921686006530e+00 -7.952619218065348864e+08
-1.973857171023859047e+00 3.768610309589365270e-01 -1.249119184183970642e+11
2.351969734806089285e+00 1.679828969050667364e+00 7.491214183064506531e+09
2.634618965110481770e-01 4.731332197055939104e-01 1.057795093691495323e+10
-1.605630121492154450e+00 5.426531395004629665e+00 -4.900625159364720583e+08
-9.475178955614854459e+00 1.531144764355136800e-01 -3.632499240490054199e+12
5.557998239610063784e+00 6.518814094991531860e+00 1.175524896233020306e+09
2.680103482275726812e+00 3.919743289055374280e+00 1.567786537599037170e+09
-1.862330705717111234e+00 2.368838407299768689e-01 -2.982885276208655396e+11
6.466999118526867818e+00 4.207462977573686480e+00 3.283316987500154972e+09
4.346202357691321794e+00 1.930323725403101376e+00 1.048335431426346016e+10
7.558121775960645605e-01 1.450424964001072459e-01 3.229044062248081665e+11
-1.461213851440898437e-01 5.152031003715445978e-01 -4.947746759854441643e+09
7.963451183161938118e+00 2.648861666869074760e+00 1.020078005394233131e+10
-2.353618301054614115e-01 3.462092233245067097e-01 -1.764856437050474930e+10
-2.128088218356847694e+00 6.828932285231831933e+00 -4.101423665742379427e+08
-2.261422181227458750e-01 1.811256321178845996e-01 -6.195444027161161804e+10
-2.469807508633794779e-01 7.062589996425223671e-01 -4.450263589754971504e+09
4.427705243576494087e-01 3.035842966377428342e-01 4.317881442593535614e+10
1.585277985563328773e+00 1.688590734967534424e-01 4.996975762884622192e+11
-8.270807986440278370e+00 5.650602118495985593e+00 -2.328140044459705830e+09
1.609949095285683196e+00 1.516970172751677115e-01 6.287944206093205566e+11
-4.658241443687471062e+00 5.102052124725408033e-01 -1.608358396998700867e+11
-9.243172129983578955e-01 1.232635738010830595e+00 -5.467668159524678230e+09
8.769109071758572682e+00 1.114509769662352712e+00 6.345097948943813324e+10
-5.814079529088582277e+00 1.616562034463728814e-01 -1.999617073888380859e+12
-2.576503662797045013e+00 3.080502142758669848e+00 -2.440272647850683689e+09
-1.363181584698899496e+00 7.607026312634190823e+00 -2.117261458541689813e+08
-8.506833171984794717e+00 1.764124813737238062e+00 -2.456744072453632355e+10
-4.584429650126031319e+00 5.530412410817379110e-01 -1.347165319368989258e+11
-1.222253242138214707e-01 8.619369484373462509e-01 -1.478634450236841440e+09
-4.279098536204511305e+00 7.556087606353472097e-01 -6.736106369604078674e+10
-7.315125792345429367e-01 8.549441915580762164e-01 -8.994911296586267471e+09
-2.725047650115451359e-01 5.093261028994193751e+00 -9.441322887787336111e+07
-4.544714847899018473e+00 3.053346988210327573e-01 -4.381319607963472900e+11
-6.259721992542375268e-01 4.518211325952649737e+00 -2.755957933245957494e+08
3.657702914792499427e-01 1.262523593475754380e+00 2.062433912706232309e+09
7.305079829560477300e+00 2.669966902415751298e-01 9.210089044342185059e+11
1.143762220553741216e+00 2.919583380556181496e+00 1.205992480815495729e+09
-1.435795613150679717e+00 5.447994105279081900e+00 -4.347804246838590503e+08
-1.648653252314330464e-01 1.178147985415874954e+00 -1.067530402019796968e+09
5.698726321897640279e-01 2.236100521997932411e-01 1.024343870596918793e+11
-3.652516964760391449e+00 2.159795879587392275e-01 -7.037484373164320068e+11
9.643919288867729422e-01 6.960934023996554476e-01 1.788830332172447968e+10
3.454742611164828503e+00 1.819865933184819484e+00 9.375350746109739304e+09
-2.009811627700877512e+00 4.066032648871929389e+00 -1.092607682139226437e+09
4.708617754751577955e+00 1.421683413543515795e-01 2.093814779189003662e+12
-2.747736731448602310e+00 2.185216169523280516e-01 -5.171742899657298584e+11
-6.522826569745662217e-01 2.706878240399269164e-01 -8.001087280386102295e+10
-1.907909668009127035e-01 1.307596693128956489e-01 -1.002907317071267090e+11
5.658109440768639420e-01 4.223324979417281355e+00 2.851103344565976858e+08
-8.830216719127172098e+00 1.085636820902653038e-01 -6.733685857752084961e+12
1.134713159446923969e+00 6.858274721357474624e-01 2.168238015310996628e+10
-1.040898341572798813e+00 6.369479070626142825e-01 -2.305956471774962997e+10
4.597495420767960361e+00 2.728302247210144249e-01 5.551201121438657227e+11
1.296478858509007903e+00 6.455142703411050675e+00 2.796432637992851734e+08
-2.784704727167261584e+00 5.164410617068183385e+00 -9.384005201306905746e+08
-2.311798691835440067e+00 9.159891036532954445e-01 -2.476395562214047241e+10
6.619948314533594669e+00 1.190924475628953039e-01 4.195046462613870605e+12
2.849738467290117150e-01 1.724613407262750309e-01 8.611367171619393921e+10
-2.280375184251648868e+00 4.915128785961024427e+00 -8.483735525041745901e+08
2.485678223636576867e+00 1.680965149840203399e-01 7.906387698696331787e+11
1.747139774084301156e-01 2.325989428367628342e+00 2.902436961060050130e+08
5.386141749136712065e+00 1.303836268613236815e-01 2.847621622174584473e+12
1.969780554420161867e-01 5.144188908746352151e-01 6.690131384152657509e+09
1.386597430566227362e-01 1.951097840371556202e+00 3.273730412917881012e+08
-3.132056619778557760e+00 1.256417986351773541e-01 -1.783248768851422119e+12
3.783846268997181461e+00 5.468089868698481126e+00 1.137398927844230413e+09
-3.137407732015802253e+00 4.277462107256103097e-01 -1.541165359737929993e+11
-2.318579184394146342e+00 5.623345444791703507e+00 -6.589963731292849779e+08
-6.527361888878246976e-01 5.037914018238318636e-01 -2.311462262752944565e+10
-1.324890037249228048e+00 7.106222325842844745e-01 -2.358049248484303665e+10
9.794200823288632396e-01 2.474300534446340349e-01 1.437853785467290649e+11
1.973417669551952025e-01 7.778254585930381992e-01 2.931604120107658863e+09
4.127761230623409605e-01 2.666854976042730474e+00 5.216345963179192543e+08
4.573505977919449239e-01 4.574053793682392843e+00 1.964704924361469746e+08
-3.145869817988007799e+00 5.143925854725408531e-01 -1.068567509685880127e+11
-1.290451644566042999e+00 1.526334489977223541e+00 -4.978435879444835663e+09
1.289242994286142308e+00 3.274556000506642084e-01 1.080638794452366180e+11
1.070028401833353349e-01 1.792175487044894933e+00 2.994227935918193460e+08
1.823359032210393471e-01 9.302438197223887872e-01 1.893778685701740503e+09
8.795486720003585779e-01 2.210328952239405120e-01 1.618067633854472351e+11
-1.465433303486662009e+00 3.111201770596355165e-01 -1.360693533421191864e+11
-2.596900483682174077e-01 2.169332626084520044e+00 -4.959679692827723622e+08
5.340495975286711605e+00 4.331016952789866203e-01 2.558894866724362488e+11
-2.047451196043867105e-01 5.549873163876150706e+00 -5.974451790108864009e+07
1.740349402301840376e-01 1.867383960193573111e+00 4.485592516053061485e+08
1.223964631785590118e+00 4.817197834688388802e+00 4.740569541641343236e+08
-1.022804006038019242e+00 5.063060846280301730e-01 -3.586053342805731201e+10
-2.706308777650422215e+00 7.679015939676235858e-01 -4.124932311272418976e+10
3.330410158876888072e-01 9.670985406135070406e+00 3.200419332216967270e+07
-1.425087138822641597e-01 3.424840229456816321e+00 -1.091971758730859607e+08
-2.506229481182030483e+00 1.240704185898708345e-01 -1.463305341069269531e+12
-2.394105870062099017e-01 2.609914269410105625e+00 -3.158940792911615968e+08
-4.166808316925549427e+00 4.895344698587902776e+00 -1.562743084813264608e+09
-1.853880630729068724e+00 1.844306755100481032e+00 -4.898533375896163940e+09
-1.159624009252889082e-01 4.048075170606179718e+00 -6.360198643164744973e+07
9.783228031147036319e+00 1.974127742950163356e+00 2.256224397157120132e+10
2.947486839443972939e-01 6.426844466055054994e+00 6.413674471033994853e+07
3.372124041163802488e+00 2.198135864061558475e+00 6.272563918551393509e+09
-1.449697100673681849e+00 2.532438284661357453e-01 -2.031655872332527161e+11
8.791737226961712226e-01 2.677003821571599107e-01 1.102623730696320801e+11
4.023631342908483788e+00 3.711863598039712442e-01 2.624730897777064819e+11
-1.859272858497691638e+00 2.970409234190664272e+00 -1.893918015651737452e+09
-2.812357268881056083e-01 1.422921481447911030e-01 -1.248415744778888702e+11
1.370157614541822388e+00 5.996576497345253998e+00 3.424635784664067626e+08
-3.735796693139622704e+00 4.762589983976655894e+00 -1.480292242110961199e+09
-3.738123097018639096e-01 4.469539866113739102e+00 -1.681816412487536371e+08
-3.321522102439610435e+00 2.559917465073119347e-01 -4.555497769878839722e+11
1.376802488043221029e+00 3.222369815167556717e-01 1.191712511730272369e+11
1.114469151810765640e-01 7.096152306598791704e+00 1.989174181036008522e+07
-1.545913079422580882e-01 2.982757395415831514e-01 -1.561707973375032043e+10
1.837783763195064424e+00 3.849530236476813028e-01 1.114626998134885101e+11
-1.786567032796881338e-01 1.824456987298646027e+00 -4.823948647847422957e+08
5.851630927010956995e+00 1.810095705066178395e-01 1.605182695098231934e+12
-9.535312529258719749e+00 1.850623766568834760e+00 -2.502357064579801178e+10
7.925446544554385353e-01 9.656554955634452098e-01 7.638884202032470703e+09
3.582394393077455330e+00 4.793824768679462722e-01 1.401069583543725281e+11
-2.369963521505279447e-01 5.251125630575548264e+00 -7.724803882353964448e+07
7.829566331854309613e-01 1.442834055757908462e+00 3.380302424885451794e+09
4.030577480899427134e-01 3.158921885354343928e+00 3.630279966917645931e+08
-4.726490323402313010e+00 4.479269668945797811e+00 -2.117263802040372610e+09
-9.023999489857905676e-01 2.595767902864667409e+00 -1.203699179307746649e+09
2.072516692858437093e+00 3.081984585896633266e-01 1.961045773864303894e+11
-4.355683249907131849e-01 1.143844777317887251e+00 -2.992076692016050816e+09
-4.797741202741494959e+00 1.649146454112729865e+00 -1.585509999856289864e+10
2.632408437774600429e+00 5.413891039366250935e-01 8.072069097020463562e+10
-2.291494358354581706e+00 1.413032508597426462e+00 -1.031490194293810654e+10
9.463681033792312736e-01 3.897393858222916729e-01 5.599665949802135468e+10
3.400958432937879916e+00 5.328077933555512402e+00 1.076739895921785593e+09
3.293944032653742138e+00 5.437293807097514087e-01 1.001385347003748016e+11
-2.909901510851330420e-01 2.515128685524460894e-01 -4.134361877620352173e+10
-6.988737813249478181e-01 9.055138455411051446e-01 -7.660536319216356277e+09
-8.622986144448531176e-01 2.311288493519318421e-01 -1.450774762942941284e+11
4.541339818013565122e+00 4.082045447591491794e+00 2.449508480807921410e+09
2.650533630185998857e-01 1.777209976278204984e+00 7.542346015172585249e+08
2.834874786584987483e+00 2.704955870877041590e+00 3.482283547525710106e+09
1.700898110799868412e+00 4.653791623848704817e-01 7.058542758770506287e+10
3.469205241706811993e+00 7.455673133217714188e+00 5.609277074266916513e+08
7.147714211591783773e+00 2.691784264492169232e+00 8.866195392176397324e+09
-5.440591720495271844e+00 4.900403611616301447e+00 -2.036259165155905962e+09
-6.001146069397194971e+00 2.333462191046108192e+00 -9.905656851185939789e+09
-4.186603241463889624e+00 1.489866513405484261e+00 -1.695187361332575226e+10
1.176401796538673050e+00 1.640157862707838643e-01 3.930384124250390625e+11
3.021859786256691494e-01 1.006270648754635372e-01 2.682225686050919189e+11
-1.235222450699213992e+00 7.445976486010915663e-01 -2.002407549913998413e+10
-3.732874362934802903e+00 4.631493665978368313e+00 -1.564054357648639202e+09
-3.038332144115127309e-01 1.410260035868977635e-01 -1.373053528826661530e+11
1.903577431320624846e+00 3.112571517565480228e+00 1.765966608454116106e+09
4.660920591383676204e+00 2.695797520529755520e+00 5.764316030651716232e+09
1.061828732079947851e-01 1.563844347961200199e-01 3.902276526102545929e+10
6.634393989739124642e-01 1.280459333797832611e-01 3.636807355969912109e+11
6.950859896808830207e+00 2.901091768120137027e-01 7.422773689761956787e+11
-7.838391942410671831e-01 2.322790223660053943e-01 -1.305742725711614838e+11
-2.121373596869738698e+00 9.303758799701020266e+00 -2.202677380554600656e+08
1.013797511292859332e-01 1.990423197249135967e-01 2.299910786726247406e+10
-1.747868944257775226e-01 3.235559665396298801e+00 -1.500585199518104196e+08
9.297457213337091408e-01 5.950687488674791581e+00 2.359828927729889452e+08
3.878795519878124765e+00 4.640996766339752888e+00 1.618545721230925560e+09
6.138746933905341319e-01 1.107200094688419512e+00 4.500679839503098488e+09
2.809869431018922281e+00 3.377823562254163914e+00 2.213414936279977798e+09
-2.297433748317529167e-01 5.601149938178749288e+00 -6.581717197655449063e+07
4.093757910416683465e+00 9.219630125175029889e+00 4.328583287034379840e+08
1.961369665705212872e+00 2.952531489011422927e-01 2.022185520653682556e+11
-5.078808736136214641e+00 3.886958626384365845e-01 -3.021291580451097412e+11
-4.582896946404092509e-01 3.572614600990619560e-01 -3.227144204713728714e+10
-2.826299946669098562e-01 3.473108609917598510e+00 -2.105872820423544049e+08
1.834351392589671226e-01 8.116202817036072270e-01 2.502807050876024246e+09
8.216660447952328639e+00 1.595307053327390812e-01 2.901732592908082031e+12
-2.495961034947785095e-01 7.040831287614713885e-01 -4.525228813675847054e+09
-8.587736550364246213e+00 1.771858872015315278e-01 -2.458504888840466309e+12
-8.385565693800026921e+00 2.520631613572776430e+00 -1.186217225420584297e+10
1.791745667443205292e-01 7.742952324660148378e+00 2.686048257354094461e+07
3.807515338320093701e+00 2.279566363090299030e-01 6.585485531494609375e+11
-1.709282382117763621e+00 4.529005386440177361e+00 -7.489602353193384409e+08
1.551628348618999675e-01 1.305068061943038371e+00 8.187890024204095602e+08
3.719625324909916486e+00 5.723612293949667418e+00 1.020491516170837998e+09
3.791665250657547115e-01 6.940798158272894369e+00 7.073946591676227748e+07
1.892296269030964984e-01 8.897814265035162151e-01 2.148191923914387703e+09
6.974774465187203454e+00 1.324844487017774464e-01 3.571502689402628418e+12
2.136636250521412261e+00 2.986038959274134874e-01 2.153725109239026184e+11
1.149517605310927060e+00 5.781530768237561624e-01 3.090868744842887497e+10
2.446032178074916963e-01 1.960836941183551563e+00 5.717811369454374313e+08
1.444823372966604902e+00 9.700548364789800537e-01 1.379980044864094162e+10
-4.283497139154596178e-01 5.683381049167451238e+00 -1.191888281528303921e+08
1.641555859111887283e-01 9.435441994352412820e+00 1.657226181021973491e+07
-4.563066573184930697e-01 1.470670604416999039e+00 -1.896167067721712351e+09
2.494428798693701932e+00 7.184426867416987550e-01 4.343476474520233154e+10
3.560732603322281919e-01 3.964539333852543090e-01 2.036125380255668640e+10
1.701224250833914375e+00 1.016311801315784802e+00 1.480328996302455711e+10
-6.960786262334960561e+00 3.062053167228871331e+00 -6.672421337051150322e+09
2.153291390827178464e+00 6.523336219765265120e+00 4.547931304641698599e+08
-3.945365489853998042e+00 1.912772866030332253e+00 -9.691947546319929123e+09
-1.062000790314440030e-01 1.120856317845361216e-01 -7.597585043352577209e+10
2.540868973942773223e+00 8.409074000350003075e-01 3.229509302771135330e+10
3.651147601855116775e+00 1.267574882534614755e-01 2.042362175279078857e+12
5.248911050340584472e-01 2.888669974411405050e+00 5.653585662283279896e+08
9.954074541642048413e-01 3.893697725853208502e-01 5.901019367143624878e+10
2.996851977397949174e+00 1.232539749596104350e-01 1.773021664875864258e+12
-4.251657975599492545e+00 3.035303814835221270e-01 -4.147673895530181885e+11
-2.522986110030863038e+00 7.190323356535763821e+00 -4.386000076219420433e+08
1.826012318157387293e-01 1.050021944375995497e+00 1.488529926073138237e+09
-6.451063428164276026e+00 1.830012740552472428e+00 -1.731305480175674820e+10
1.665430133756560516e-01 8.610879045364264073e+00 2.018747765629987791e+07
1.058881158669817968e-01 2.981660595662882773e-01 1.070487073027688026e+10
-2.825178541865281279e+00 5.898142319276267642e+00 -7.299044678069628477e+08
-6.618069602530504802e+00 4.235136963228047224e-01 -3.316248212867346802e+11
8.918599773155996502e+00 1.801724500654356298e+00 2.469281057710548401e+10
-3.531248399859693854e-01 1.317939343402679819e-01 -1.827208223071151123e+11
2.169219607354875012e-01 4.444184773055415705e-01 9.871199417616891861e+09
2.606411704769147630e-01 8.978595287095868516e-01 2.905874430621876240e+09
-1.731958532788292260e+00 7.845767181741679863e+00 -2.528816258018988669e+08
1.404225654979321947e+00 9.943976794414135512e-01 1.276342754394311333e+10
1.144182815224899175e+00 1.811499280897747921e+00 3.133788677437210560e+09
-9.465437315327720480e-01 6.138185439773604202e+00 -2.257934256996429861e+08
8.462116101920317268e-01 5.135992352199858502e-01 2.883240443520064545e+10
-2.492631176341507104e-01 2.081469335723626468e+00 -5.170929378709443808e+08
-1.614492480519844897e-01 2.152256953709617004e-01 -3.132552841796311188e+10
1.202308080041934596e-01 3.211529714614962949e-01 1.047713391066429901e+10
2.422772722234294296e-01 9.777608305504684738e-01 2.277707873787416458e+09
-5.171828873419464401e+00 8.588546726320818170e-01 -6.301666263160186768e+10
2.303646213759872607e-01 3.078297911211098636e-01 2.184968123574665451e+10
4.992376865666729446e-01 2.533182834826616103e-01 6.992378154243898010e+10
-1.162994626799154219e-01 1.066378237411681612e-01 -9.191910344149259949e+10
-7.562328926132856566e+00 3.268403020602296816e-01 -6.362605186775594482e+11
-1.776002438098063241e+00 1.204140786988705247e-01 -1.100879137543593750e+12
-4.781753974892910541e+00 3.545549948108861482e+00 -3.418775870619132042e+09
-5.450977342999529185e+00 3.755810325371102376e+00 -3.473103231570930481e+09
2.876645046121305560e-01 4.913008105758815525e+00 1.071129385380157232e+08
-2.427891067260060098e-01 3.030817793234793500e-01 -2.375528029425453186e+10
1.174914328392981100e-01 5.477455213217207408e+00 3.519647321104216576e+07
-5.951503703107785981e+00 1.599296641095022953e-01 -2.091314151486598145e+12
-1.899753034296142173e-01 5.016975164513267416e+00 -6.783656721563597023e+07
6.531386066572053561e-01 4.793469148275042890e+00 2.554795254190788865e+08
4.688378309264749966e+00 1.282646654683297915e-01 2.561292635471708008e+12
1.943887169554071370e+00 7.326725395431690213e-01 3.254631642654300308e+10
-4.651760205775956614e-01 8.158715064857162247e+00 -6.280936537117821723e+07
5.462497450642047614e-01 1.084429726189144044e-01 4.174832328920324707e+11
6.577136767911563986e+00 7.372473808646975435e-01 1.087579503994735565e+11
7.865928766603430766e+00 2.727745508387373619e-01 9.501516543090408936e+11
-4.463767045396697775e+00 6.398673390666218097e+00 -9.798785573251458406e+08
-4.843926048699048748e-01 1.215380483595464439e-01 -2.947294991680089722e+11
4.388360753957045168e-01 7.199318307095708969e-01 7.609746497412708282e+09
-3.416140430077604373e-01 2.891468598625241970e+00 -3.672394879473255277e+08
2.108129874048562780e+00 3.872687718742571228e+00 1.263348079335099220e+09
-7.275292128428665350e-01 2.362387335115716969e+00 -1.171652553626841068e+09
8.650198352453480899e-01 1.368055376156444569e-01 4.154027145648225098e+11
2.041934292515458438e+00 2.301845339116077027e-01 3.463698655565640259e+11
3.156890634723275912e+00 3.595890597223551755e+00 2.194306122326969624e+09
1.623540324721652883e-01 6.259680110745390325e-01 3.723997821842022419e+09
-8.820861264540397206e-01 9.178635075194115700e+00 -9.410341904212151468e+07
8.702619825188195879e-01 8.168100880061759383e-01 1.172353122112761688e+10
-1.668915598960856728e-01 2.546123061330496373e+00 -2.313802101859145164e+08
1.741434481452905469e+00 6.474790845782423254e+00 3.733415014957092404e+08
-1.953943500231344610e-01 1.003744864502408296e+00 -1.743074491376090288e+09
6.540207436269320773e-01 4.462931679740016477e+00 2.951220536547652483e+08
3.460460726270623288e-01 5.354178829546747398e-01 1.084922704635391617e+10
4.126690947902649675e+00 5.994741662547649952e+00 1.032075857264435530e+09
6.379073582669416709e+00 8.609947910061430676e+00 7.734053680904389620e+08
-3.758553267468608183e+00 1.172412227578643051e+00 -2.457596893964263153e+10
2.338035739923329248e-01 1.608558226206246333e+00 8.121349337577565908e+08
1.784246126503686303e-01 5.411264887125070366e+00 5.476559288999694586e+07
-2.362430558846638773e-01 1.619349394476395698e+00 -8.097082115426039696e+08
1.193815449465983392e+00 2.188248442536149252e+00 2.240755944165974617e+09
8.590450640515960856e-01 2.185104743898078905e-01 1.617044774665098267e+11
4.628734849576087163e-01 4.560231338060293238e-01 2.000502840660297775e+10
2.901770459055684093e+00 2.736149695442128049e+00 3.483645589057963848e+09
-8.767313638361815542e-01 1.297507576462324952e+00 -4.680555038735459328e+09
2.317551126606343548e+00 5.177991192927211550e-01 7.768860571925393677e+10
3.517681048883105621e-01 2.606149433445453134e+00 4.654879568737285137e+08
-3.122277571022851195e-01 2.048944039281313523e-01 -6.684392348215505981e+10
-5.144376652227958813e-01 4.848849310657520340e-01 -1.966554567590447235e+10
-4.137635861326936393e+00 2.633383363396870624e-01 -5.362591439029659424e+11
1.585145839139956436e+00 1.999942120736813767e+00 3.561926790924718380e+09
-2.745228663978570793e+00 3.666695974261184876e+00 -1.835182840300578594e+09
-1.786229961830930191e-01 4.857416160117165593e-01 -6.804204557704457283e+09
3.807919671040826959e+00 2.320564345947185303e-01 6.355521116476989746e+11
4.331680587222605516e-01 4.315838540644142407e-01 2.090146201459225845e+10
3.077452133762458297e-01 6.260098049781211982e-01 7.057967497992557526e+09
2.770680371510366058e+00 2.604428620533202565e+00 3.671234516369567871e+09
4.845191113211560818e+00 2.257174835057421114e-01 8.547342971662882080e+11
4.064536934526427614e-01 1.372810411449214285e-01 1.938387338050297546e+11
3.831938806256840913e+00 1.214574264907192003e+00 2.334645975832891846e+10
3.125824698233985455e+00 1.759836453880346152e+00 9.071322718135202408e+09
-2.783503240080643870e+00 4.120344235891744145e-01 -1.473585528304921875e+11
7.754507841735255314e-01 2.095539145033649131e+00 1.587132927878512144e+09
2.397204377947363130e-01 9.276832220914590366e-01 2.503550039828129768e+09
9.159356346273080263e+00 5.232568569296834227e+00 3.006669676747288227e+09
-1.916959151309132747e-01 1.319712242101979127e-01 -9.892475563143072510e+10
6.525911206967381917e-01 4.541577649041033671e-01 2.843664071892261887e+10
-6.149683946826626446e+00 8.566969458198778753e-01 -7.530936359318237305e+10
1.533474930086804466e-01 1.730420297698833654e-01 4.602821120956145477e+10
-1.611112172567745082e+00 2.181339444456171339e+00 -3.043195772677526474e+09
1.913518587768637813e+00 1.620907622407327553e+00 6.545860933485336304e+09
-1.138719570379090607e-01 3.953354188099532429e+00 -6.548411346661734581e+07
-2.203964144243534540e-01 7.993305162553347998e-01 -3.100290262219813347e+09
-5.804873866393617243e-01 1.503281178551108210e+00 -2.308675880339786053e+09
2.131636572536688590e+00 2.247113786703231475e-01 3.794142627425313721e+11
5.988341032575961620e+00 9.483759378873617418e-01 5.984062080768465424e+10
1.906783763794403619e+00 3.526602774358997383e+00 1.377967497709151268e+09
-1.609686094755896635e-01 6.129802787525284735e-01 -3.850337562417510986e+09
1.343666574156684890e+00 1.416686551148465811e-01 6.017201979240057373e+11
-1.115358536140412110e-01 7.873344861948853968e+00 -1.617136072523645870e+07
5.424018439446642859e+00 1.450869264368435552e+00 2.315875532890474701e+10
2.843741915718284718e-01 7.423885477580720593e-01 4.637439642714168549e+09
9.161930946927435926e+00 5.589721125278521718e-01 2.635465589471377563e+11
1.985164594139773753e+00 9.698494443593370207e+00 1.896874055680541396e+08
7.929548238488267620e-01 3.942996567230386828e-01 4.584017488251418304e+10
5.589916419020367622e-01 5.044118732753322121e-01 1.974628182144750977e+10
-8.514149026177080248e-01 1.690569334213392338e-01 -2.677477882815003967e+11
-1.510233741177694766e-01 3.404707787186119550e+00 -1.170941232569431514e+08
1.602779111317073735e+00 2.628571816757440338e+00 2.084896968203281641e+09
-1.272339247688337172e-01 2.347636750154785901e+00 -2.074874071397156417e+08
1.160556174758232917e+00 3.798676492333966093e-01 7.228566263928630066e+10
4.823809651391512965e-01 1.849960543041275496e-01 1.266822736036381531e+11
1.038238528274169958e+00 1.341928293857150178e+00 5.181901337127675056e+09
2.291261381761094951e-01 2.200060084928434911e-01 4.254574864541802979e+10
1.652525694883013041e-01 2.485492076515360971e+00 2.404219267833617330e+08
9.119433071044668049e-01 3.398494803500601291e-01 7.096516849551109314e+10
8.168016348122594250e-01 5.375882590395238303e+00 2.540198565201583207e+08
1.711936953890674129e+00 2.144647455078471321e+00 3.345234461391971588e+09
2.144969326911739804e-01 7.009120935057759461e+00 3.924140945623697340e+07
3.992074048537725961e+00 2.171790914482729207e+00 7.606995910648407936e+09
1.823367796874343139e+00 1.095195967325479636e+00 1.366284768063078499e+10
8.323485158960320263e+00 5.628685230328191125e+00 2.361249629354854584e+09
-1.318647028694211354e+00 1.922010057898202173e-01 -3.208247517147185059e+11
1.926648228730957202e+00 1.850201548386620543e+00 5.058420929619415283e+09
-6.377677666265405776e+00 7.908567429613710953e-01 -9.164684959763433838e+10
-2.550169641627177963e-01 2.705831707351240012e-01 -3.130531849139670944e+10
-6.078020441545777253e+00 2.726852743392420009e-01 -7.346650900339001465e+11
-2.159008821501446074e-01 1.625620875899723039e+00 -7.342881162634896040e+08
-2.053451783401828712e-01 8.062077717710537383e-01 -2.839495385794020176e+09
-1.077006545009167704e+00 1.353902385670621156e+00 -5.280733538170331001e+09
4.229009843264914359e+00 6.077078811969552241e+00 1.029199524923284173e+09
2.860829882554269399e-01 4.735458766061021452e-01 1.146617413780690765e+10
1.045042098930788477e-01 1.559060493727201235e+00 3.864189988132588863e+08
-3.688656061677400011e+00 4.664291637836795346e+00 -1.523868130829560280e+09
7.046033002275621904e+00 2.455972697491069501e-01 1.049900692699848877e+12
8.850375503498218999e-01 3.559677731338993123e+00 6.277561154596494436e+08
-1.939222303891364740e-01 9.024514692103709379e+00 -2.140082438655241206e+07
-8.251779665870133229e+00 2.263561479671059473e+00 -1.447483600918770027e+10
-9.259890437245781314e+00 6.612637442563434220e+00 -1.903299102179495811e+09
-1.554727325921391623e+00 4.731852309174395255e-01 -6.240831949573943329e+10
-6.794935433889703447e+00 1.639394600743699693e+00 -2.272317179276016617e+10
-2.350950474020613079e+00 4.812074863111863721e+00 -9.124925937107025385e+08
-5.040835501810231989e+00 4.669532563846002793e-01 -2.077812367121151733e+11
-1.426912234283579661e-01 3.090474548659485898e-01 -1.342757346708955765e+10
-4.703735359157245610e-01 5.000462239885580251e-01 -1.690725853362524986e+10
1.309551196611797308e-01 3.398916568709526298e-01 1.018807401536951256e+10
-9.063410407457158646e-01 2.197565036052343324e+00 -1.686781351656543970e+09
-9.451491320424135756e-01 2.635114711296633883e-01 -1.223353325896229706e+11
-3.463067940779375409e+00 4.637128506847362219e-01 -1.447482651453178406e+11
-5.109652605627885702e-01 8.209564560270294908e-01 -6.813994013603694916e+09
-5.156028358951725288e+00 7.790214010655127641e-01 -7.636021427409880066e+10
-1.409097886389299115e+00 2.409914818883492238e+00 -2.180662209318568230e+09
-1.016625820514234779e-01 1.010348400610289188e-01 -8.950956314516645813e+10
-5.410634051908534969e-01 1.133231254984855996e+00 -3.786706905988469124e+09
-1.128143774807248007e-01 2.277162637950924107e-01 -1.955361096936121750e+10
-5.228339027881907519e-01 5.173095794646117795e+00 -1.755954742380342782e+08
7.851579479784690507e-01 3.806768796984959735e+00 4.869615239997903109e+08
-4.996807894424255103e+00 1.117559740477747504e-01 -3.595851723099288574e+12
1.291530654862949878e-01 3.143522827388435803e-01 1.174686831462047386e+10
4.477890585353725972e-01 2.168961533534650599e+00 8.555007531402090788e+08
-9.059967586613085544e+00 1.277271179246883825e+00 -4.991269694110203552e+10
2.997253138640285641e-01 9.751783003708158759e+00 2.832735233663618937e+07
-2.674564283721015401e-01 6.958236188808863076e+00 -4.964840792514896393e+07
4.017698020651820912e-01 5.865517615223451386e+00 1.049579217211379260e+08
-7.867913793232670372e-01 3.357309242514385339e+00 -6.273754483342393637e+08
2.761020071315594127e-01 1.799499643432720675e-01 7.663314552990029907e+10
-4.281236662315106023e-01 8.219827277939330656e+00 -5.695009730413096398e+07
-2.953990595999003155e+00 3.210656855068189652e-01 -2.575561607706190491e+11
1.893956561470685196e-01 1.709646023233773793e+00 5.823823863010876179e+08
-1.959891168456650679e+00 2.192576517970730610e+00 -3.664148421527881622e+09
1.267426743186804927e+00 2.610883505019153006e+00 1.671084827380505323e+09
-1.095135296636764677e+00 1.419784577420613592e-01 -4.882851162109060059e+11
6.363050126082685498e-01 1.305864590196415653e+00 3.353664945481431007e+09
1.572014885840760545e+00 1.025223149918265270e-01 1.344220344911055420e+12
2.114085780838268480e-01 1.415101379381635605e+00 9.488512082167098522e+08
-1.173633077568211336e-01 6.673521536251862507e+00 -2.368496933634633198e+07
3.574896306096845833e-01 1.056495959408745522e+00 2.878580549883859634e+09
-2.457699250408436897e-01 2.022555693319931347e+00 -5.399808732686876059e+08
-3.719362992965672188e+00 3.042877848711622035e-01 -3.610356988075645142e+11
2.241955529524829682e+00 8.222292393999579563e-01 2.980518204406711960e+10
8.818534570356852953e+00 1.574641206538059668e-01 3.196567029090680176e+12
3.532718212336097618e+00 1.330613177672816727e+00 1.793312498475965500e+10
2.654395308730727265e+00 1.775382504422274299e-01 7.568892688622071533e+11
-5.458818132220123687e+00 1.435073124031456704e+00 -2.382325951236783218e+10
-5.180731955771560315e-01 1.068341962764244757e+00 -4.079633667127085686e+09
-8.323168861471016200e+00 1.304791962693250484e+00 -4.393966872998932648e+10
-1.711925192124020279e-01 5.944048674818919409e+00 -4.354824794928728044e+07
9.251252988043719983e-01 3.441096174108271288e-01 7.021947115376718140e+10
2.061127915039367320e+00 9.404511808127569594e+00 2.094512957463231683e+08
-4.497701693810066681e-01 5.199475463909127626e+00 -1.495278882542680502e+08
-7.825883074806512241e-01 1.775846030691020649e+00 -2.230351720016972542e+09
3.033513800124505444e+00 1.453908408001234609e-01 1.289800369830861572e+12
6.223814714616530130e-01 1.720772006797274933e+00 1.889124622470078707e+09
2.813238921703362649e-01 7.526414428432295356e-01 4.463555910301405907e+09
7.144891817972468528e-01 1.282315851940133145e-01 3.905316656400400391e+11
5.472668751387291808e-01 6.621160655671137540e+00 1.121970734549948573e+08
-4.373340701391222218e+00 1.694957111787588622e-01 -1.368190287888143311e+12
-7.741937722835863234e-01 8.092940914803625319e+00 -1.062398753382141143e+08
-2.816569709467199090e+00 1.623094862475271960e-01 -9.609113353269034424e+11
2.025524204351957902e+00 1.231013110470505489e-01 1.201331041460590576e+12
-1.115228506162338595e+00 8.322888880027745628e+00 -1.446992524497411847e+08
-3.713627145578471955e-01 3.294220470039914250e+00 -3.075697311034369469e+08
5.836268730852938180e-01 9.668032438413410645e+00 5.611897127436753362e+07
4.700649166242972576e+00 1.249765209145675460e+00 2.704902378554840469e+10
1.599752870381563608e-01 9.251363860876862244e-01 1.679933117905915737e+09
-8.581251330669444899e-01 1.981766667508769286e+00 -1.963795232207901239e+09
-2.388483047064767995e+00 9.683176872451174644e-01 -2.289481043416185379e+10
-2.295766892998939990e-01 1.576896296119938867e+00 -8.297975358920049667e+08
1.773279207201197138e+00 1.910312845536284776e+00 4.367357544958756447e+09
-2.624334845505179037e-01 5.238704617179050782e-01 -8.594528224710403442e+09
2.158240530621816866e+00 1.255794736191928329e-01 1.230022754889475342e+12
-2.387957858848223369e-01 1.217505948531445892e+00 -1.447888414804128885e+09
-3.536218952454076359e+00 2.911213266338640970e+00 -3.750090274502162457e+09
1.871625548815599727e-01 3.048126624084655512e-01 1.810521033772111130e+10
7.445784952788757627e-01 7.329034986273886831e-01 1.245855051594869995e+10
-1.798266266189989804e-01 2.041869491088756927e+00 -3.876579149292183518e+08
-2.704948876909564204e-01 7.808514473826646540e-01 -3.987244250514692783e+09
-3.525135743397964649e+00 4.195786102458892719e-01 -1.799698618275019531e+11
-6.650445925571304429e+00 4.672052124371984805e-01 -2.738331524214190674e+11
8.548521334650822645e-01 3.182202770560540017e+00 7.587276640376980305e+08
6.654081524590603536e+00 6.951363144706936836e-01 1.237652666405799103e+11
-2.188107010083241710e-01 6.662601637013302103e+00 -4.430283125012920052e+07
-1.468652142098605395e+00 3.058971716118724093e-01 -1.410647938551091614e+11
-4.247529434568996010e+00 9.352121949788150257e-01 -4.364823560207203674e+10
-2.906017017156826476e+00 1.933524940692755989e-01 -6.986331911780736084e+11
-2.908387436182545138e-01 3.016907349876771782e-01 -2.871963605562612534e+10
-7.739115781375866199e+00 3.368658131668199607e-01 -6.129542839117679443e+11
7.931498442167486118e+00 3.450369103952421135e+00 5.987902897307935715e+09
-2.133677901756493966e+00 2.108912315469912147e-01 -4.311837960855532837e+11
3.416066722853674964e+00 2.783713465359237138e-01 3.962122535119859009e+11
-4.387742904281410339e-01 4.246840635545476417e+00 -2.186552263766810596e+08
-1.917808137271092450e+00 1.639660636613150257e-01 -6.411325612650655518e+11
-4.621465081423995480e-01 1.983243068433938883e-01 -1.056035223635581818e+11
1.105320368883967591e-01 2.060206316871826537e-01 2.340546979620473480e+10
-2.192104102999411497e-01 1.947015047114299291e+00 -5.197244849124547839e+08
-3.518795130104429347e+00 3.312156043887964696e+00 -2.882856479904032230e+09
-2.279240728294549267e+00 2.667026482677493093e-01 -2.879958031008178711e+11
-2.474089677521899233e+00 4.926869727943987698e+00 -9.160599521199427843e+08
-1.191969599656416134e+00 3.583913537483927603e-01 -8.340666380351477051e+10
2.140055973857570848e+00 3.562881275920167568e+00 1.515210772470415115e+09
-6.568180130295042662e-01 5.342548549775937294e-01 -2.068229451132456970e+10
-1.873712522831714467e-01 3.415284480061623995e+00 -1.443775967810454071e+08
9.587838567192266126e-01 1.668760763806184988e+00 3.094447874345233917e+09
2.870466638489465594e-01 2.006945453526534529e+00 6.405189514290964603e+08
1.568598630385898418e-01 3.637353693709224345e-01 1.065593058165742111e+10
-1.379124010440650194e-01 1.822656845006376536e-01 -3.731162089052732849e+10
3.389996870473219737e-01 1.076854093825150294e+00 2.627460457555053234e+09
-2.168742918436376010e-01 1.949376124214858841e+00 -5.129409918669363260e+08
-1.249119672774238327e-01 1.650857142294802848e+00 -4.119416275877752900e+08
-4.699239278657747487e-01 1.701252660545159001e+00 -1.459286426107779026e+09
9.429252809794462564e+00 1.948861577756626218e-01 2.231340823980335449e+12
1.253084678759491366e+00 6.075944854331611911e-01 3.050727319866494370e+10
1.989137224388795255e+00 8.612967369252777505e-01 2.409959584222601700e+10
2.577898067583184627e+00 2.259682551129442274e+00 4.537550747119039536e+09
-4.122699625009235702e-01 3.446161821548866522e-01 -3.120045867328969193e+10
-4.685041468873692438e-01 5.100821990261647620e+00 -1.618391997498195469e+08
3.600370486887808363e-01 2.565659491116997426e+00 4.915863066465424299e+08
7.349974383591857396e-01 4.297421787957840245e+00 3.577012691421448588e+08
-1.342003791616692476e+00 5.458492047288616256e+00 -4.048172379704369307e+08
-2.931827828560829907e+00 1.479047596778924278e+00 -1.204549858363006592e+10
8.474553726531599551e+00 1.118921774588798601e-01 6.083703009795012695e+12
-6.857356957163206479e-01 3.579622336372866864e-01 -4.809865771323328400e+10
6.494688313676340030e+00 1.091909616073190259e+00 4.895933955102517700e+10
-1.554865122091374285e+00 1.846903296485663315e+00 -4.096896827597662926e+09
-9.744929837824921615e-01 6.463330030485998634e-01 -2.096605255429661942e+10
1.873776175402340982e+00 5.350595508223798813e-01 5.882529175029161072e+10
1.987741571200629220e+00 2.303229329749910681e-01 3.367721537108701172e+11
-3.476714655233166251e+00 3.468665810490792478e-01 -2.597136329389150085e+11
1.546057596634617282e+00 1.731406690877835830e+00 4.635302744770943642e+09
-2.885022114553910999e+00 4.675550130048708120e+00 -1.186135568764775038e+09
-2.895158803359468291e-01 6.405652998090925365e+00 -6.341561247385334224e+07
-3.851958682680840518e+00 4.337921829998077072e-01 -1.839792292150163574e+11
-3.776705626073559308e-01 1.062893555601290396e+00 -3.004583000589833260e+09
-1.136519468042348269e+00 4.802874366331599809e+00 -4.428177742690209150e+08
-2.827777127594805595e+00 1.102528305944346254e+00 -2.090818332036804962e+10
1.067069666935221317e+00 9.048608549988079730e-01 1.171331416002243996e+10
6.023239741606484010e+00 7.466813276600987592e+00 9.709797796169984341e+08
4.204401601092475627e-01 1.400905189012957797e+00 1.925472513061994553e+09
-9.005947551348468805e-01 4.025495932541957034e-01 -4.995066189436799622e+10
-3.271485574084914028e+00 1.196380488848543422e+00 -2.054267448420131302e+10
1.068873325953041548e-01 2.597933226536911500e-01 1.423380096798970032e+10
-5.992673136065445938e+00 2.061591634507679294e-01 -1.267260569177648193e+12
2.448051972897367090e+00 2.274891728568407157e+00 4.251574453676597595e+09
-1.139710067990768794e+00 4.771787520808035699e-01 -4.498656247038729095e+10
-3.252099769468821955e-01 1.319607527781962164e-01 -1.678513777192438354e+11
1.112024746146055565e-01 1.398171840308530534e-01 5.112625338443685150e+10
-1.013464838412047264e+00 1.465438577178626911e+00 -4.241544854128878593e+09
3.333490818685418411e-01 1.435063940192631005e-01 1.454813686393289795e+11
-4.309726105000311613e-01 6.666142819188061175e+00 -8.716679156553259492e+07
5.321978555331855709e+00 1.920159728996861936e+00 1.297325708450572968e+10
-2.196175248386741607e+00 2.030447337200505242e-01 -4.787779613741558838e+11
-3.451354499426953493e-01 4.795221695116942406e+00 -1.349033724313661754e+08
-6.393622365176762301e+00 7.948670861000094234e+00 -9.095122892680407763e+08
5.336647387715822699e-01 1.271456426005901141e+00 2.966990559359407425e+09
2.908625655717901881e-01 6.398982023480681569e-01 6.384349719652699471e+09
-1.195292573323266438e+00 3.731666788312674399e+00 -7.714701462819138765e+08
1.957576027628705972e+00 2.437030249291171902e-01 2.962425358859364014e+11
5.390464193689333605e+00 7.720909469984913454e-01 8.127179716248095703e+10
-5.665942143090025418e+00 7.321830632637762459e-01 -9.499120492115237427e+10
-4.195723329180416350e+00 5.381740891978926022e+00 -1.302002721278535366e+09
-1.873240775446483597e-01 1.624557608284014298e+00 -6.379314128911141157e+08
6.682809786877786928e-01 6.067060753510252091e+00 1.631747780345597863e+08
-5.314740519444777433e+00 7.960601699561674627e-01 -7.537735505541067505e+10
1.840539652694264394e-01 7.953979061033100706e-01 2.614730362317797661e+09
-2.089800884299462869e+00 6.637596854708443850e+00 -4.263181124504002929e+08
1.141249542360933122e-01 1.918262447469078369e+00 2.787501981338666677e+08
-4.816015023415886276e+00 1.727930582681539429e-01 -1.449725802982595703e+12
5.431672936992243628e+00 3.252907503305887404e-01 4.613609166221575928e+11
-6.133120374498896021e-01 1.206270159284107552e-01 -3.788287563287760010e+11
-3.065251804455873863e+00 4.697104118678809392e+00 -1.248695080953459978e+09
-4.305512575001621656e+00 5.041224476671975374e+00 -1.522661643791234970e+09
1.304489093111468323e-01 3.114172410866760998e+00 1.208942832777415514e+08
-3.415535252008956579e-01 1.882788078561587475e-01 -8.659773058335047913e+10
2.439848029759089654e-01 2.825380179664677693e-01 2.747005989118087006e+10
6.255080076114458265e+00 3.509031337413345830e-01 4.565717104344251709e+11
2.348704548706419537e+00 1.484710530412056473e+00 9.576248991304121017e+09
-5.295375025683407566e-01 2.759834849236046384e-01 -6.248577383614608765e+10
-6.478262084181074520e-01 3.392375292557906707e+00 -5.059427176177355647e+08
2.280617852744911911e+00 4.545832321346326421e-01 9.919192385729934692e+10
1.014012281544944272e-01 7.362864170989633195e+00 1.681125965291931853e+07
-1.457502115452302960e-01 3.148979522730698255e-01 -1.321052688083536148e+10
-1.852515009324691708e-01 1.900726969557436918e-01 -4.608641006153253937e+10
5.551991137230152695e+00 1.176235242902734290e+00 3.606708197435096741e+10
4.863220472611571310e+00 4.776214847693760479e-01 1.916050133599472351e+11
1.774415283215714234e-01 1.151167070686606175e+00 1.203453104766907215e+09
-3.234970705500531452e+00 9.566342316613002383e-01 -3.177087207187425613e+10
-1.222789076024892507e+00 3.007025247755346076e-01 -1.215424592418339386e+11
5.705165581683403486e-01 1.780863644195979090e-01 1.616804598904246826e+11
4.135771931264632606e+00 3.637659248832561532e-01 2.809073934831098022e+11
-2.754588353595345818e-01 1.371185030454831477e-01 -1.316785994456073303e+11
1.436456347308709747e+00 1.401628051425757859e-01 6.571696371119440918e+11
2.643052967049172586e-01 2.954467105824848949e-01 2.721436258918198776e+10
-8.321902742187530677e+00 2.725846204960132302e-01 -1.006631592968853027e+12
3.893051898710395697e+00 1.491684422378475983e+00 1.572486417477856255e+10
-2.007033169544295559e-01 2.539076721966391781e-01 -2.798037433972615814e+10
-3.062583664615909029e+00 9.675256327543547030e+00 -2.940448793400694132e+08
-7.804589216762143344e-01 1.285666932898915427e+00 -4.243690668189635754e+09
-1.433626691532347674e+00 3.948021237202825606e+00 -8.266615464908711910e+08
1.276744599191280971e-01 5.073300059066686574e-01 4.458343733873683929e+09
-4.108048129497503531e+00 3.596503232908205394e+00 -2.854468346230911732e+09
-6.637403407949632239e+00 1.429515444729242690e-01 -2.919248921931708984e+12
-1.287595128303079539e-01 4.256697908931724728e-01 -6.386814211830727577e+09
1.604364925381237261e-01 8.156149084315133635e+00 2.167621580429702252e+07
-6.088842698482569205e+00 8.803569802691429302e+00 -7.061024992378185987e+08
-2.369750562848627340e-01 7.778886900134760474e-01 -3.519802853724926472e+09
4.858403140536494136e-01 1.357007647996099631e-01 2.371262190307958374e+11
-1.978689671255299265e+00 2.290723111711979454e-01 -3.389090062040014038e+11
3.221499288364415570e+00 4.390431810905885968e+00 1.502083879684056520e+09
2.303540476638657464e-01 1.000953695058241166e+00 2.066419502336282730e+09
2.454145148484711658e+00 1.147436837972414692e+00 1.675302691690202904e+10
-3.171395715065350451e-01 3.298784152268384173e-01 -2.619348318944003296e+10
-2.136677980095551543e+00 6.969575105671791393e-01 -3.953457620225870514e+10
-8.435797789639870814e+00 6.700539657618519662e+00 -1.688718322172844648e+09
4.092576621788088787e-01 6.485666409618141559e-01 8.744565265620014191e+09
-5.210672333125768496e+00 8.574133807871501034e+00 -6.370358428558807373e+08
-8.677196764286181363e-01 2.250481979448459846e+00 -1.539852011021709204e+09
3.300524027381621650e-01 1.281317472480819175e+00 1.806841347319571495e+09
-2.626267061301059691e+00 2.220167921500083297e-01 -4.788702513065118408e+11
-5.067519551229495711e-01 6.641890727047191412e+00 -1.032434714340576380e+08
-6.600694213150641865e-01 1.808073818482683448e+00 -1.814712861432497025e+09
3.436767105884091511e-01 1.677585629590421679e+00 1.097567722678184986e+09
1.285655390125787667e+00 4.339780971014787769e-01 6.135353223127233124e+10
-1.876441519982142925e+00 3.578287697781861620e+00 -1.317149713309637070e+09
1.210610950069924974e-01 1.164585916884301325e-01 8.022544749036380005e+10
-7.660041123954621778e-01 1.055107372227095247e-01 -6.184269461796921387e+11
-3.188492920424265686e-01 1.372481961998488764e-01 -1.521327741005192871e+11
-7.278229971152897493e-01 4.031273323553714150e+00 -4.025241141681213379e+08
-3.260387197308520779e-01 6.494279472251190732e+00 -6.947968639599394798e+07
5.882328253811822449e+00 1.492304316546908760e+00 2.374023883978756332e+10
-7.555044910016830428e+00 4.211734961670431376e-01 -3.827944221870689697e+11
-7.040435791945037769e-01 1.174242198202116727e-01 -4.589176845786638184e+11
-1.378343238307710716e-01 8.650306545733057462e+00 -1.655560295090563409e+07
-2.195814373652819729e+00 8.131784502533560000e-01 -2.984520180904151917e+10
-2.319450674435096227e-01 5.598405530727094792e+00 -6.651307879853633046e+07
1.351038314778088834e-01 1.018041862655529178e-01 1.171620629895242004e+11
-8.991289417232117831e-01 1.342730800817672376e+00 -4.482235727489971161e+09
4.782703860651711381e-01 1.718963951701220960e+00 1.454757385209749222e+09
4.944626801287582474e+00 1.122310071852613417e-01 3.528242411165987793e+12
1.512538105741589034e-01 1.190487834753994001e+00 9.591952499395285845e+08
-5.181772721320390129e-01 4.872542873789804663e-01 -1.961632464491139984e+10
7.722630613913267439e+00 2.235543126466134289e+00 1.388832196340270805e+10
3.018490954273717275e+00 4.430239573134439057e-01 1.382248326561479797e+11
8.771434210453600278e-01 1.165226439356303434e+00 5.806314663164395332e+09
3.321170587652145123e+00 8.038935904708095492e+00 4.618964979487937689e+08
2.668113190120308786e+00 8.083617796433012259e+00 3.669807851359416246e+08
6.179963473572390065e+00 2.800393272837502945e+00 7.082693937093765259e+09
1.389494330212162065e-01 9.453427875280714376e-01 1.397425831997933388e+09
1.905724280641784285e-01 3.646571808923940727e-01 1.288074982503693581e+10
9.660862907562332680e+00 6.538826572031648077e+00 2.030798808902766943e+09
-9.349035462197924362e-01 2.425761249709908474e-01 -1.427977344359818726e+11
1.407244935354270976e-01 1.738329559665118262e+00 4.185584192671973109e+08
1.942451661910482130e+00 4.018434446655593462e+00 1.081152762822486401e+09
-3.957436789072692473e+00 6.004604539491220194e+00 -9.864970356833933592e+08
3.781291923468584337e-01 3.819575959886387095e-01 2.329488242993873978e+10
4.164017527757408743e+00 5.690456180895756333e+00 1.155763567762082338e+09
-5.439745935687583245e-01 3.163212775852413117e+00 -4.886213312716094255e+08
7.817019676100301906e-01 7.207479796641417913e+00 1.352461640183877945e+08
9.053132299672840944e+00 1.367220656704094817e-01 4.352835579361141113e+12
3.712812266386772420e-01 3.051686108506745487e+00 3.583223412277368903e+08
2.899326939868455355e+00 5.110802384883838201e+00 9.976303014948021173e+08
-3.335835672906581006e+00 1.614667209249195379e-01 -1.149977162127213379e+12
-4.747880996113768570e-01 5.672284258031116133e-01 -1.326277707258191299e+10
3.203833059402068972e+00 4.421458363745550124e-01 1.472954791124439697e+11
5.583917268092476460e-01 7.244609341516019541e-01 9.562240234414628983e+09
-8.708003644649896513e-01 1.376308792777077850e-01 -4.131782497181636963e+11
-3.924587237705702503e+00 2.201963517063513454e+00 -7.274855431453626633e+09
-4.073835777620709031e-01 1.008634056051697536e+00 -3.599041717067511559e+09
3.198834835654004172e-01 7.967072151516392253e-01 4.529444418410603523e+09
6.630717835692951923e+00 5.578557347355375562e+00 1.914993753509377956e+09
9.238934341491319202e+00 2.009457443582866709e+00 2.056434460141762924e+10
-3.508196957394810189e-01 3.833767478003351936e+00 -2.145275376960366964e+08
-1.309058494118564786e+00 8.905394296890327688e-01 -1.483554021409527588e+10
2.516003469046796948e+00 3.260946087750349887e-01 2.126545191027634277e+11
-5.745378051517788798e-01 5.975664676763455807e-01 -1.446094888486592674e+10
6.946337637609691029e+00 4.214363873099638558e-01 3.515138542774097290e+11
2.708196828682968960e+00 3.391029856985727342e+00 2.116740485160932302e+09
2.550126750085310867e-01 7.119952651065477589e+00 4.521246381747158617e+07
-2.199813574590006315e-01 3.882046107629414600e+00 -1.311943455599178821e+08
1.837156386485630788e-01 5.385018112748661601e+00 5.694064841306017339e+07
-6.797458554627771043e+00 8.233030800551806028e-01 -9.013172984945668030e+10
6.074025425263824829e-01 5.106331192576192279e+00 2.093674989380577505e+08
-8.336863565649448304e+00 8.928572034112091771e+00 -9.399165549961116314e+08
4.136725009718955626e-01 1.012262800182923139e-01 3.628446433014417725e+11
4.047064357736265272e+00 8.318116084285164247e-01 5.257033871870879364e+10
4.286414281450456443e+00 4.834807057318019297e+00 1.648111033514426947e+09
1.751975888570707740e+00 2.582767516713332379e-01 2.360522323468885498e+11
1.610111128753147769e+00 8.511143484635064205e-01 1.997701730842607880e+10
-2.343092437708349962e+00 3.193613209397691000e-01 -2.064787720816509399e+11
1.673501804433243478e+00 1.419884861500478213e+00 7.460544850882709503e+09
6.756195410025652714e-01 9.362818964658546905e-01 6.926910371699349403e+09
1.649981886945024012e+00 9.240410290403452409e-01 1.736789899800910187e+10
7.184664862463906232e+00 2.430716453294621715e+00 1.092920398195681381e+10
-2.305385399856654693e+00 1.702244022884784380e+00 -7.150732319037447929e+09
-2.852149407831050087e+00 1.974953746216412398e+00 -6.572173692777251244e+09
3.473227881769470837e+00 2.742815728748389859e+00 4.149450943101925850e+09
1.380200943195941443e+00 1.960105166283556244e+00 3.228748307215876102e+09
-2.035611617059204514e-01 7.377992009381825200e-01 -3.361005150180501461e+09
1.078580717411278922e+00 5.899139550417605848e-01 2.785646030401689148e+10
1.119142788519448817e-01 2.003060085564615456e+00 2.506964389216594398e+08
-1.081253147766406020e+00 3.831784735947381559e+00 -6.618747250008158684e+08
-4.020281408537536905e+00 1.728875919307454989e+00 -1.208869502724257469e+10
-5.993869299255114580e-01 5.239580217011500451e+00 -1.962297721203322411e+08
3.395703803431567191e+00 7.587994855022299756e-01 5.300616253431850433e+10
3.291739254875389320e-01 6.041282778815224574e+00 8.106207487798479199e+07
1.028363765953794084e+00 1.687804579814334849e-01 3.244539474631518555e+11
8.354927672468883681e-01 1.292776160546949826e-01 4.493105779707301025e+11
-1.042457896717335242e+00 5.013437779954522666e-01 -3.727673643166080475e+10
-7.117572757637306680e+00 7.084728085354536908e+00 -1.274489202956086159e+09
-4.618364844632306676e-01 1.017027245785373096e-01 -4.013041783663981934e+11
4.771869864021096030e-01 1.812748186438359610e-01 1.305161489926090240e+11
-2.706920875593604947e+00 4.657319860234661046e-01 -1.121641444184457703e+11
2.872856521908701666e+00 5.577348368747526486e+00 8.300590923349963427e+08
-7.697684445073232240e+00 1.196995046263676366e-01 -4.828653212106046875e+12
7.673752551101262753e-01 9.262586392993705786e+00 8.038848900703948736e+07
1.583276416252203500e+00 9.361007190503956465e+00 1.623910924439449906e+08
1.360392856207264911e+00 3.338787573760427563e+00 1.096825109210323811e+09
1.819591090418652135e-01 9.440797730654914233e+00 1.834877326158493385e+07
1.612968899826612568e-01 2.346260455300767378e-01 2.633444501154209137e+10
1.802100154491221629e+00 5.895216052037723919e-01 4.660474007137146759e+10
-1.790018233174221762e-01 1.290399997605577165e-01 -9.661829424265141296e+10
-6.014045640805586679e+00 3.847928962203488457e-01 -3.650591568410529785e+11
-2.384036580038132236e+00 1.482152687875434305e+00 -9.753885233456844330e+09
-6.140331570772116221e-01 2.545198301020544562e+00 -8.519207417948946953e+08
7.020965867312419784e-01 5.579302709129586590e-01 2.027158141795838928e+10
-4.723116905121682030e-01 9.198916012186683089e-01 -5.016559945131902695e+09
1.117189574343878944e-01 2.758378179917004847e+00 1.319683768674168885e+08
-1.551398940536187432e+00 5.908660087026468943e+00 -3.993889965575957298e+08
8.019833840999719410e-01 8.176900841971159739e-01 1.078049062512336540e+10
8.556433657043649887e+00 8.458939277682469893e+00 1.074760238182772398e+09
2.712910936991426714e-01 3.215771010902980787e-01 2.357848642667653656e+10
5.286913719862993410e+00 4.072416261727255460e+00 2.865157598127359867e+09
-5.733354249539478475e-01 1.868731598007764561e-01 -1.475589434021295471e+11
1.238475607904233167e+00 3.494880490861607125e+00 9.113252784446169138e+08
1.423286882015001031e-01 1.617922843619052364e-01 4.886832473602319336e+10
-1.996988268298493630e+00 1.885848031266525560e+00 -5.046761094358807564e+09
2.061382067490339642e-01 4.791530022672000122e+00 8.069761225192013383e+07
-2.129355760606481962e-01 1.521929077020957033e-01 -8.262472296388790894e+10
-7.729543585120081772e+00 2.793493178448434033e-01 -8.902443752577448730e+11
4.093024185830882011e+00 1.507102115183501345e+00 1.619606721765610313e+10
4.561944246951579629e+00 4.081391756579303420e-01 2.461410368505787659e+11
3.499082246029577181e+00 5.569940598624790740e-01 1.013686451242312469e+11
-7.416377277498400922e+00 4.576237457454873869e+00 -3.182917117371620655e+09
-8.067234405790435048e+00 1.568726048168635812e+00 -2.946327902762001419e+10
-1.180109241173794704e-01 2.036784839274149661e+00 -2.556716194055225551e+08
-4.621738770707099597e+00 9.410250142385789829e+00 -4.690873022081551552e+08
-3.209930559248703297e+00 1.576608738647296448e+00 -1.160642306404485321e+10
-2.296127672677227949e+00 5.641418937439421910e+00 -6.484402236140923500e+08
-6.011451496943416295e+00 3.101906623458549284e+00 -5.615294334899118423e+09
2.708394922795100079e+00 1.379319104955286091e-01 1.279478834308435303e+12
9.072788127094360000e-01 1.947588070605426491e+00 2.149795631142812729e+09
5.745397446904640937e+00 2.489980293228587271e+00 8.328731767687092781e+09
2.860123377840110948e+00 4.238992296060548171e+00 1.430573353993053436e+09
1.095584565761638512e-01 3.537835195556937151e+00 7.867220588780274987e+07
-1.632445460543444082e-01 2.637872967139825775e+00 -2.108538544292564988e+08
7.782697644295106798e+00 8.897970959106222821e-01 8.834842444024151611e+10
-2.957385954103973091e+00 1.919213338113853196e+00 -7.216259093566226959e+09
-7.172430684802786338e+00 3.262972046395826720e-01 -6.054667129693159180e+11
-6.557413126839221063e-01 1.227429171659022850e-01 -3.911922863347962646e+11
4.656849212781780656e-01 2.110615046744381385e+00 9.395604653240580559e+08
-8.328730913809739178e+00 4.154853918858814055e-01 -4.336286130406602783e+11
7.369140231385975959e+00 6.364277486513568505e+00 1.635193776559505224e+09
-3.402908146572102277e-01 1.590454743517634995e-01 -1.209088842065899353e+11
2.603220940369391778e-01 1.031174326184767509e-01 2.200378862218337402e+11
2.644900970093382320e+00 8.974499816338953329e-01 2.951477849331581497e+10
-5.944823845172082510e-01 4.193189795343963411e-01 -3.038789157763762283e+10
1.088689278081115042e+00 1.419689614288860147e-01 4.854759872683735962e+11
1.023231623086966469e-01 2.990540100408903834e-01 1.028312964851733398e+10
3.313754567621035374e+00 4.078161463532953834e-01 1.790779543768452759e+11
-1.380388922376651895e-01 2.133058722849204836e-01 -2.726757148603072357e+10
-3.238269771189873136e+00 5.588532941267655429e-01 -9.318972147597401428e+10
2.511570851339107513e+00 2.773650314852063592e-01 2.934219767322697144e+11
7.630259228515894332e-01 8.764785044005801717e-01 8.927037767475917816e+09
9.351783994015128165e-01 3.378024600778267716e-01 7.365792313173742676e+10
3.697976332842485725e+00 1.119624882601523846e-01 2.651365875020880371e+12
3.273358971398617534e+00 4.880816887652647651e+00 1.234978007266003370e+09
-2.774359648935802891e+00 1.146610778007812470e-01 -1.896624420458661133e+12
-6.744842671677301338e-01 2.343569879798076183e+00 -1.103739606022493362e+09
-9.724616150845029061e-01 2.748592983875041140e-01 -1.156917043571951904e+11
-1.250645050859474361e-01 1.488052968324828085e-01 -5.076307316482848358e+10
1.213740764387076343e+00 4.911826649281837431e-01 4.521582866438706970e+10
1.797530227708420192e+00 6.675489314811989816e-01 3.625439068502521515e+10
-7.898426480966756813e+00 3.593462155962960924e+00 -5.497497586699458122e+09
4.101932024228485685e-01 6.325060524144947571e+00 9.215304841941945255e+07
4.165998750371945891e-01 1.005967625569077623e-01 3.700000178728422852e+11
9.911261007298461934e-01 4.982027400342783352e-01 3.588949174168211365e+10
-5.563191782859313594e-01 3.406923490993540415e+00 -4.307744024535700083e+08
-3.904944645149039939e-01 2.640755732531490096e-01 -5.032792648148449707e+10
-1.923740395548710680e+00 2.098185623451939374e+00 -3.927437377530883312e+09
1.647311870386829469e+00 9.603271533678953142e-01 1.605417633065049362e+10
2.798468900935231929e+00 4.006903290955158847e-01 1.566582901596842346e+11
-1.345253833053594861e-01 4.915682352051937154e-01 -5.003653574138652802e+09
-1.421523636526869971e+00 3.711712840386969803e-01 -9.273762406234901428e+10
4.277921931244655696e+00 1.413615465240468660e-01 1.924070130107026855e+12
-2.497947908345588441e+00 7.197715906658118890e+00 -4.333557801624127626e+08
1.628301959528793974e-01 6.466442507031832321e+00 3.499892641002550721e+07
-3.869820798733200284e+00 5.326305944611540166e-01 -1.225996569949176483e+11
1.281048715176214658e+00 3.230320034264997364e+00 1.103380137627452135e+09
2.089210181729307170e+00 9.414810540291826513e+00 2.118407875274284780e+08
1.160959182384575378e-01 2.402079513125113142e+00 1.808392972724756002e+08
-5.313927965754881910e+00 5.886848118985663625e+00 -1.378163104430186749e+09
1.850275058027148756e+00 1.151867238126945414e-01 1.253377980526698975e+12
-1.604108265320457749e-01 3.384252141009836290e+00 -1.258806191168714464e+08
-1.638836941993805363e+00 3.467723777092072357e+00 -1.224890794711771011e+09
1.889940131240462451e+00 6.298374470001393277e+00 4.281951157934455276e+08
2.907831086922735286e-01 2.221237847801261545e+00 5.296996230098283291e+08
4.136011350745564252e-01 3.043509834656419333e-01 4.013127163457567596e+10
4.602662220428344608e-01 6.030015705858637887e-01 1.137687105480141258e+10
-4.879507224299016954e+00 1.508863862175798820e-01 -1.926311287038045410e+12
1.566157374310821748e-01 1.422982671315668135e+00 6.951632344765989780e+08
1.728105393459791750e-01 1.241623323811295448e-01 1.007490870947404175e+11
-1.397380153491375454e+00 6.033423994712506122e+00 -3.450146185662355423e+08
-5.049295896294288433e+00 4.787624809130117676e-01 -1.979890731108376160e+11
-2.202213496420310612e+00 2.230787730946131475e+00 -3.977347562898718834e+09
5.504862246227982814e-01 2.603675386683092507e-01 7.298328358935566711e+10
-1.427553150827906459e+00 3.150296419127497916e-01 -1.292825965937424316e+11
1.396190166435140600e-01 1.907404068881262682e-01 3.449131748965345764e+10
-9.304994189134831117e+00 1.451684290101523223e+00 -3.968463320763132477e+10
3.777860988408746845e+00 1.627756072613256499e+00 1.281498031173264122e+10
3.418187069252721644e-01 1.941030307036651692e+00 8.154208506309375763e+08
-4.232609830301151677e-01 6.341075107812644163e+00 -9.460913243610645831e+07
3.476187556293143244e-01 1.097929773767714473e-01 2.591819147497040100e+11
4.564293978964220067e+00 4.520942869775400608e-01 2.007086959547615967e+11
-2.323317646770988731e-01 6.493321834949894455e-01 -4.952509894840044975e+09
-6.356718906044835915e-01 8.875624271495640150e-01 -7.252467769700457573e+09
-2.048588035258094853e-01 3.630207277554759582e+00 -1.397147969946288168e+08
-4.165400589058049441e+00 1.938774941201333035e-01 -9.959845391498455811e+11
-8.352560481527280700e+00 1.343064257259731775e-01 -4.161756480904216797e+12
1.589450681637755380e+00 5.330658706566796523e-01 5.027312934215242004e+10
1.531288104683620421e+00 1.709071896457631246e-01 4.711800149098501587e+11
2.434594429103510149e-01 6.375065346802031296e-01 5.384036068535331726e+09
3.524974259900061635e-01 8.129862929324236376e+00 4.793360818586628884e+07
-4.010537698076481750e-01 4.137916171794513431e+00 -2.105182954022538662e+08
-1.375714822659123981e-01 1.119322788483755327e-01 -9.868890800001890564e+10
-1.193576067830566384e-01 1.572301476867449255e-01 -4.339393917280905914e+10
-1.527145802272306951e-01 1.257141508062804114e+00 -8.684859338178604841e+08
-1.386585705679277691e-01 2.346835526052297727e+00 -2.262726323784172833e+08
4.543144446543408432e-01 2.005440616328064418e-01 1.015284019608590088e+11
8.242664841855113167e+00 2.241636942775884656e+00 1.474306257832256508e+10
-1.886097690770304203e-01 2.038661946758372756e-01 -4.078724471616344452e+10
1.424826299518693107e+00 1.480268430784640099e+00 5.844287695904341698e+09
1.450880946278316763e+00 7.308197236289787568e+00 2.441528938771525323e+08
-2.510942675111736411e-01 4.320525384347845277e-01 -1.208966575556565666e+10
7.316965820085438388e+00 4.557892136759922330e+00 3.165581928632604599e+09
6.380082904903702223e-01 7.425008354163537660e+00 1.040119041743924469e+08
9.988797398766103841e-01 1.126947876220317224e-01 7.068970412810605469e+11
3.638900841642821238e+00 1.153847495656975808e-01 2.456540995550906250e+12
4.108774374476198865e+00 5.953610759089944526e-01 1.041842421037713318e+11
-3.293958061450242836e-01 1.080077019726892601e-01 -2.537810745808472595e+11
1.034900869498984965e+00 4.468329919689679741e-01 4.658637374412571716e+10
2.568368320298862195e-01 9.928913908335164962e+00 2.341555374637904018e+07
-1.812581292616252393e-01 4.732912280589809839e+00 -7.272625108398471773e+07
5.375088432541056171e+00 1.245892242958045903e+00 3.112255681033838272e+10
2.865615665706715554e-01 7.133218381245947093e-01 5.061713047385324478e+09
7.598279997488412985e-01 4.371240457680274361e-01 3.574016203423537445e+10
4.691170212223815250e-01 8.426158718195001507e-01 5.938442265021018028e+09
1.531967893021006777e+00 1.032551725921052183e-01 1.291447178743980225e+12
6.651494237602399551e+00 7.975590769518996481e+00 9.398187676244013309e+08
-4.198064487635011499e-01 4.178566148228029520e-01 -2.160952201526868820e+10
1.247116832932646663e-01 1.084984506873640508e-01 9.521616513191247559e+10
2.654341070883602938e-01 1.300600036152870009e+00 1.410327004907598734e+09
1.132245200676669644e-01 3.790033994457204347e+00 7.084429716692057252e+07
8.758743735949588327e+00 1.359188883759421262e-01 4.261208751789878906e+12
-1.851050194733440568e+00 9.393462313669363795e+00 -1.885460416825931668e+08
-2.823654228794818088e+00 1.031776708255331521e+00 -2.383914597243081284e+10
3.353631542863681481e-01 2.813644164864306796e-01 3.807392231351393127e+10
2.686187307131720381e+00 2.872321368461875912e-01 2.926313512319864502e+11
1.930435140955768236e-01 1.267554052097344730e+00 1.079873433856079817e+09
-1.538463159217228204e-01 4.530371793114378876e-01 -6.737054024064408302e+09
4.643805455534764981e+00 8.403032436784528159e+00 5.910885623705112934e+08
-6.574870879283666314e-01 2.623022574099975190e-01 -8.588825718367953491e+10
-1.244593469372926309e-01 1.254593775397677413e-01 -7.106763762549798584e+10
1.478432033071025720e-01 1.286622925985563548e-01 8.026928799618414307e+10
-1.331548708966616423e-01 1.252886111581974493e+00 -7.624028060926879644e+08
2.185649163882380230e-01 7.306778778775904648e+00 3.679418197162747383e+07
-3.916919711478335397e+00 2.600255308215728700e+00 -5.206708984710288048e+09
-2.514170563480192522e-01 1.454437959515502143e-01 -1.068205855199192505e+11
1.884329296009107813e+00 1.284567180533938424e-01 1.026345953861713501e+12
-2.150592318042898465e-01 4.415386755146851527e+00 -9.914508909606479108e+07
-1.289827755454651947e-01 3.244242873461575360e+00 -1.101426745049551427e+08
5.230243817744843149e+00 6.558647865466024740e+00 1.092808148654534578e+09
1.066232980124498742e+00 1.173475949892673481e-01 6.959120291870799561e+11
7.692317848460933360e-01 3.346456963023548781e+00 6.173583849914739132e+08
6.487772580384025822e-01 3.753025966316265727e-01 4.139835627996817780e+10
-2.333757265010550253e+00 6.128553678114853298e+00 -5.584577376732532978e+08
2.100145843000948531e+00 1.780997551506833809e-01 5.950773612580638428e+11
8.775244024150304911e-01 1.232112151060497374e-01 5.195284552471228638e+11
1.289724600478259486e-01 1.045525638518576494e+00 1.060420775789845943e+09
-2.708653533717431672e-01 2.818727224220287653e+00 -3.064065012470324636e+08
1.655070584948199031e+00 2.051514778009094209e-01 3.534417419961864624e+11
4.819976934733012364e+00 3.353156041602537996e-01 3.852902775272534180e+11
6.069968956044628605e+00 2.563607654399191027e+00 8.301067952879551888e+09
-3.529528148559050837e+00 1.280994456313042651e+00 -1.933182110647868347e+10
3.667945560557970275e+00 7.226990649529808630e-01 6.311876808402353668e+10
4.875998303477543594e+00 1.664962094997540498e-01 1.580903870779160645e+12
-5.422062394080036540e+00 4.392436026536204352e+00 -2.525830710408107281e+09
6.041571016689373685e+00 1.962964529877323727e+00 1.409209619058840370e+10
7.787830649105072389e+00 1.843074720070623451e+00 2.060540868533084488e+10
-3.791255323461750315e+00 5.503752128748738315e+00 -1.124905185026581049e+09
-3.983749315749243181e-01 5.440833852946358462e-01 -1.209516207164103699e+10
-1.891208984037332230e-01 1.472210630205860460e-01 -7.842422616835617065e+10
-4.441991882164838756e+00 3.313062895962526899e-01 -3.637215368370431519e+11
-6.095607553406515722e-01 4.274170425506573778e-01 -2.998913553379430771e+10
9.972342793760423652e-01 2.534523586849054766e+00 1.395259996055775404e+09
-1.006923950121182409e+00 4.207178136338294849e-01 -5.112878675801659393e+10
-4.558210564681727028e+00 2.731373964265356169e-01 -5.491394836192409058e+11
2.179471707335329356e+00 4.680498083892211447e+00 8.941650905198409557e+08
-5.648894215356098591e+00 7.220372857597383565e-01 -9.738561480523507690e+10
-7.692439583527558966e+00 1.445877161085504792e+00 -3.307134949422449112e+10
2.249054968713338543e+00 2.312251479545921029e+00 3.780772595663542271e+09
-1.789012131341819467e-01 1.388565977556270314e-01 -8.339324315133380127e+10
-1.761324182287092588e-01 3.055212208500365234e-01 -1.695927000641039276e+10
-5.545928545872858884e+00 3.981890836397304678e+00 -3.143736871858355522e+09
-5.577250705019030974e+00 9.042848329557829912e-01 -6.129997422761354065e+10
-2.829328810901292623e+00 1.379647659662106285e-01 -1.335972944749837646e+12
1.417422024803732250e-01 7.477649181502833420e-01 2.278345707575673103e+09
-6.120083339035159442e-01 6.312588783290254968e-01 -1.380361875283286095e+10
1.925459403470934916e-01 5.466798870014071277e-01 5.790536356682705879e+09
-4.455862969375315785e+00 4.702718655687129767e-01 -1.810858224689731750e+11
-3.892602081362235289e+00 7.163517683158497462e+00 -6.817701056287891865e+08
-5.691114654421147279e+00 1.539244914598718594e-01 -2.158899861950453613e+12
-2.269894059356869498e+00 9.557598707390316806e-01 -2.233359429834233856e+10
-1.964517619788562208e-01 1.109769968406539409e+00 -1.433641652685921669e+09
-2.943222317828040335e-01 5.974352548352889203e-01 -7.411259031398745537e+09
1.204820376254513298e-01 2.822671205949460194e-01 1.359102890389560699e+10
-1.447971202611862740e+00 9.773044691867018852e-01 -1.362544745955024147e+10
-7.610946380279145496e-01 2.741741030574206484e+00 -9.099895768764657974e+08
-5.041029412354276040e+00 2.120276507228246177e-01 -1.007824349670639648e+12
-6.696536682932140438e-01 3.133378359605376584e-01 -6.130207726710601044e+10
4.540566053085284715e+00 7.023982412705000122e+00 8.271681150497707129e+08
-1.483214914052402023e+00 2.854002818054788837e-01 -1.636612662051497803e+11
-8.155839610697956932e-01 3.946889902961299601e+00 -4.705537845720000863e+08
-1.650506359255556887e+00 1.517698723171621467e+00 -6.440160380107982635e+09
-1.162335930996417632e+00 7.721398533731096414e-01 -1.752226902857203293e+10
-5.590703921136501720e-01 7.698461130778000872e+00 -8.478309542462491989e+07
-4.615389668114051602e+00 3.724590082000778790e-01 -2.990212322854608765e+11
1.417921511578768667e+00 1.360137219484334747e-01 6.888701392420322266e+11
2.183547463047690762e+00 1.494240098774028747e+00 8.789668200369150162e+09
6.979935561007795108e-01 9.606772564240255718e-01 6.797465520363432884e+09
6.585864611647723521e+00 2.003951889417414645e+00 1.473970647611559296e+10
1.251885994551342751e-01 4.943749032200818738e-01 4.603652853812405586e+09
2.193170769425750455e-01 1.676577501545171434e-01 7.012547232293913269e+10
2.377677453466048307e-01 6.881174332422527185e-01 4.513136162523738861e+09
-7.503997078317693692e+00 2.799668264454953981e+00 -8.604588897595100403e+09
-3.077501843882291865e+00 1.721360349772082188e+00 -9.334807144798299789e+09
-4.111130306840752091e+00 2.602353784776247014e+00 -5.456060600339024544e+09
-1.833221537614350694e-01 4.224562101623364763e-01 -9.232135540198129654e+09
-1.826799704572838468e-01 8.471113841509952280e+00 -2.288023678937983513e+07
3.274946225292680868e-01 3.670294706441169730e+00 2.185007423986244798e+08
-1.296730144812717200e-01 3.352654701480119126e+00 -1.036865852662056386e+08
-7.154812256401439363e+00 2.020484935181367625e+00 -1.575206978919071960e+10
-5.647365221893425602e-01 1.294630874052688396e+00 -3.028339587317919254e+09
8.515051174859847194e+00 2.566059755176437474e+00 1.162262832200858116e+10
1.260042209792129886e-01 1.664644826052909643e+00 4.086886167911118269e+08
-6.249530905290903604e+00 4.897121001998176459e-01 -2.342158967821721802e+11
3.920711071373475520e-01 2.090339457819783142e+00 8.064581224791101217e+08
-5.633114135874892625e-01 1.451536280603001217e+00 -2.402942498892185688e+09
9.735777676431867533e+00 3.397915166422693090e-01 7.578725938392950439e+11
1.451396790362805278e-01 4.070028726385418238e+00 7.874841615008403361e+07
-1.542153100020796086e-01 3.334645611461276582e-01 -1.246461122278188133e+10
3.812336170332935037e+00 1.490596648602505736e+00 1.542131921654132271e+10
-1.561866343731564521e+00 1.747857633448513193e+00 -4.594966756289973259e+09
9.064961991863599522e+00 1.973209208303312034e-01 2.092523475004427979e+12
6.491092562189973769e+00 6.110220054871432716e+00 1.562624819018677473e+09
-1.377328436228763830e-01 8.799617391932287092e+00 -1.598676361948882602e+07
1.506459192075752407e+00 6.195165491328719298e+00 3.527785458390121460e+08
-8.153685386354351250e-01 1.590713669720329737e-01 -2.896146602280104370e+11
-9.209106101715514026e-01 1.779134667690167593e-01 -2.614872094810892944e+11
-7.082589162123228199e+00 3.680886825044250577e-01 -4.698267496487543335e+11
4.445246297796271229e+00 5.952015635565977014e+00 1.127764242404218197e+09
-3.475017438476664111e-01 3.321383407361738205e-01 -2.831193699795783234e+10
4.098305869679451652e-01 1.851376449625841969e-01 1.074646222408280945e+11
2.398153338568648429e+00 1.703859020726833373e+00 7.424381007962650299e+09
-1.357399303712517158e+00 6.294363265644588701e+00 -3.079318655330126882e+08
5.561727008627191937e-01 1.417334912799118385e+00 2.488372059748848438e+09
7.995853738120254350e-01 1.605023098372665880e+00 2.789670346073239326e+09
1.120855935654288538e-01 1.854848793110255301e-01 2.928083051327190781e+10
2.071792850849627499e+00 1.553834371119326097e+00 7.712363678636054993e+09
2.248764691401772264e+00 5.206939745543269771e-01 7.454688963696571350e+10
-3.834482848092481966e+00 1.561657089330977244e-01 -1.413142844131813965e+12
1.227087212110513498e-01 7.576569437846888411e-01 1.921236517952894688e+09
-3.250246379763032101e-01 1.812885092149005006e-01 -8.888456395988067627e+10
1.468900019216875741e+00 2.192964622517846740e-01 2.745235483264246826e+11
-7.079682379330406450e-01 4.264927037872856985e+00 -3.498172171937893629e+08
-1.233020833238424263e+00 3.535112314205276496e-01 -8.867773669991581726e+10
6.100414071545028349e-01 7.055472774138756842e-01 1.101432004863102913e+10
2.053548534714424889e+00 1.108664494842457326e-01 1.501603635938428955e+12
2.280586431091849720e-01 1.559854693555994709e+00 8.424203828317643404e+08
-5.080501894583536737e-01 2.537157078877769756e-01 -7.093531871000138855e+10
8.287425301591838656e-01 5.737582505177285519e-01 2.262623836028834534e+10
1.385840884432202325e-01 1.607371340575691476e-01 4.820938004945354462e+10
1.445659276218144162e+00 7.261252488447919040e-01 2.464299500165250397e+10
-1.157436467513135309e-01 4.083355756417796911e-01 -6.238976391744658470e+09
-6.434619547958536634e-01 3.792175210777748884e+00 -4.021579907743129134e+08
1.534545825267595864e+00 5.504049025923785088e+00 4.552667080707210302e+08
5.379984779331639100e-01 5.371383848966817531e-01 1.675943167905619049e+10
-3.307091171097728544e-01 1.367050851427519920e+00 -1.590477196480668545e+09
1.653084208683507583e+00 3.556664789541063576e-01 1.174518128937466736e+11
-3.442884474905578251e+00 3.838303409297918467e-01 -2.100363512492917480e+11
3.738083272090228171e+00 2.054193292323588382e-01 7.961904729617410889e+11
6.387712219962900839e+00 4.930445533993069729e-01 2.361694016130902100e+11
8.702350271099417611e+00 1.356247198168596402e-01 4.252158749827731445e+12
2.250133023114190944e+00 1.836631520113541471e+00 5.995352807484210014e+09
-1.514160328371139674e-01 1.182473378151874810e+00 -9.732843445900268555e+08
6.621564998983983763e+00 8.887272057708241135e+00 7.534844861509133577e+08
6.725261403795901316e-01 1.590200374203248224e+00 2.390320220131542206e+09
-1.153429907146646394e-01 1.415220430766887860e+00 -5.175992603884518147e+08
1.883124715938306881e+00 9.498982344291890811e+00 1.875752530162622333e+08
1.677936436506355378e-01 9.219230846449293360e-01 1.774339593909034491e+09
4.833645325011622362e-01 1.355387066852531186e+00 2.364823454554846764e+09
5.569650219164132832e-01 8.220951183603418144e+00 7.406864527763436735e+07
1.877963728734804327e+00 9.545824211995369568e-01 1.852298407424212646e+10
-1.829178398273731077e+00 4.236785939528801670e+00 -9.158695874048478603e+08
1.750102224022102693e+00 1.684521758651068568e-01 5.543203019981412354e+11
1.644002830246965863e-01 9.537858206334823841e-01 1.624244690253824949e+09
-2.450804719718732982e-01 3.659848529885501578e-01 -1.644497066462970352e+10
-2.246633989277787791e+00 1.986900712860849572e+00 -5.114823032773439407e+09
2.802724636161542660e-01 1.078311016766180241e-01 2.166421538602574158e+11
-1.017167347922497134e-01 3.139946816490039594e-01 -9.272534212819252014e+09
3.466931389913664674e+00 6.449830475548814945e+00 7.490300916820081472e+08
-9.564205168808562751e-01 4.433103135096249647e-01 -4.374050893608879852e+10
2.764392721828103916e+00 6.216820394138573569e+00 6.428560240300225019e+08
1.156848805310179307e+00 3.261068511173743079e-01 9.777039616056690979e+10
-7.863619025528065798e+00 5.677493172387210407e+00 -2.192602181395566940e+09
-8.811240822800201489e-01 1.417194794498909394e+00 -3.943016483978144646e+09
-9.161356523219582604e-01 1.583038777626290416e+00 -3.285695372652981758e+09
-1.785366585741243961e+00 6.905381956118559206e-01 -3.365135913399382782e+10
3.878368772753929328e+00 4.497168585628092075e+00 1.723540064027575016e+09
2.304605881115719956e-01 1.017539438229762672e+00 2.000528683099306583e+09
6.961528102197634738e+00 1.687990751981343907e-01 2.195912713530847900e+12
3.520749364806616821e+00 6.249190013334104066e+00 8.102858741094741821e+08
-6.657966894279094827e-01 2.202098070516925465e-01 -1.234010732622841797e+11
-1.682691798880556533e+00 1.566750491566646586e+00 -6.161061119451951027e+09
7.746308295253963472e+00 3.252936240243061716e-01 6.579521251559226074e+11
2.067514588984332158e-01 3.795187123644337746e+00 1.290128036803114414e+08
-2.275053694404039484e-01 1.686989281047198974e-01 -7.184848634151565552e+10
1.855381175944631256e+00 5.865357138819063287e+00 4.847243555735206604e+08
1.532767505448115741e-01 8.427444087744330181e-01 1.939702579968167543e+09
3.712893078766433264e-01 2.777495315098887918e-01 4.325699945653520203e+10
-2.928858058261663455e+00 3.772967342982225247e+00 -1.849195597867499352e+09
-1.377368887957838850e-01 1.873426820217980737e-01 -3.527178353477205658e+10
7.857025877589999263e-01 4.907556370897339093e-01 2.932096153194256210e+10
-1.006266959377117853e+00 8.356802044787242645e-01 -1.295041249544494057e+10
-3.257430722906959453e+00 1.416177803852714523e-01 -1.459789514806362549e+12
-6.318070423529184021e-01 2.168956040024186294e+00 -1.207073125787122488e+09
-7.776441436597433254e-01 8.307790239255679055e-01 -1.012652592267940521e+10
-4.235526757481578586e-01 6.340433949023795979e-01 -9.469348118527683258e+09
2.914713387895498720e+00 1.965607125608022643e-01 6.780364453624062500e+11
9.731100017673181668e+00 4.035687282186758429e-01 5.370040266940706787e+11
-5.810273507620351552e-01 6.153026396884945015e+00 -1.379334625024024248e+08
-9.863714186918304705e+00 2.649307260268189412e-01 -1.263067145643488525e+12
-1.501381417486621794e+00 7.244280940884395559e-01 -2.571290148679422379e+10
4.165124889070974668e-01 8.247989195686379560e+00 5.502784174342697859e+07
2.559761490379550142e-01 2.178596260669143914e-01 4.847263308910699463e+10
2.341480634878228884e+00 3.803594141262252926e+00 1.454631034868034124e+09
-4.916232157513197976e+00 1.781210220015649881e-01 -1.392684188454688232e+12
-7.371776808812176007e-01 6.499543093336780153e+00 -1.568401110259071290e+08
-2.022554353562025842e+00 3.136703979838222356e+00 -1.847582116864737272e+09
-3.626220980435915231e-01 1.400583138494998214e-01 -1.661449316536195679e+11
1.549650748184943527e+00 5.969431165369333270e-01 3.908575913362014771e+10
6.943804636135748609e-01 7.067464303864736674e-01 1.249455705408044243e+10
3.592447786317813363e-01 2.102660201426710396e-01 7.303026791520289612e+10
2.215975916519710154e+00 8.504148928267373231e-01 2.753936614623152542e+10
4.159611458503446602e-01 2.276965969408882295e-01 7.210913807915417480e+10
1.608500016437280911e-01 8.585756676219796768e-01 1.961166813267128944e+09
1.912332575507974808e-01 6.198759221334126046e+00 4.473057764921922982e+07
5.711863480383065905e-01 2.183482284003003482e+00 1.076785235443215609e+09
-5.874765416378750160e+00 4.129739380150573291e-01 -3.095963684991712646e+11
2.318414031893990535e-01 3.674087535117843695e-01 1.543627889781960869e+10
6.780682140648772283e+00 4.739846155487021484e+00 2.712660935714503288e+09
-3.721230075729964337e+00 3.975410538988747300e-01 -2.116280212519678650e+11
7.605840436257012005e-01 7.195663848788289130e+00 1.320249753064470291e+08
7.498293484677492904e-01 2.854413662423820774e+00 8.271403937366393805e+08
7.533444688609723272e+00 1.719860813866630256e+00 2.289062335245410919e+10
-1.239684458563505426e-01 3.183759193453814085e+00 -1.099211721601610780e+08
8.440227931624811220e+00 2.160792634191082584e+00 1.624720319279424667e+10
-8.354140053738598581e+00 1.796859855114731619e-01 -2.325540772913367676e+12
5.989227323564282557e+00 1.008235849832720632e+00 5.295380165456701660e+10
1.518748753048911659e+00 1.250804409551515617e+00 8.724845505371086121e+09
-2.555979377348948645e-01 2.025659556351531998e-01 -5.598543401991254425e+10
-1.477727179737335916e+00 1.039340569374460399e+00 -1.229501662025072670e+10
1.509100080985233960e-01 7.557618591763375360e-01 2.374645141092997074e+09
1.347235455023783612e-01 5.025860394873727266e+00 4.793726807850717753e+07
-7.120679358170819206e+00 7.584861974502459248e-01 -1.112440224812229767e+11
-8.688093539562656176e+00 1.805426512600054156e+00 -2.395606456334830856e+10
-1.169072132645912060e-01 1.204056249339544304e-01 -7.247669390671099854e+10
1.266667226383172695e-01 1.932370902319987538e+00 3.048822730377544165e+08
-3.969024062002873277e-01 3.595661728005093982e-01 -2.759158791349209213e+10
-1.995165652500003328e-01 2.073888960486594546e-01 -4.169256153005281067e+10
-4.099955196650980072e-01 9.803192391915808157e-01 -3.834375820440412045e+09
9.756700050948090563e-01 1.592318657161472528e-01 3.458546384043145752e+11
5.433049113111737549e-01 6.872927319530357515e-01 1.033738631963488960e+10
3.481889221706820248e+00 6.501910133032589023e-01 7.402589091705903625e+10
-7.189467765876580430e-01 1.871150304235667416e+00 -1.845567824461725473e+09
3.675375874945156163e+00 1.253094121403074412e-01 2.103705747342829102e+12
-5.667969494985870327e+00 5.247031147951749297e+00 -1.850337020053674459e+09
6.871988907621400244e-01 1.711247097991774602e-01 2.109150736029498901e+11
2.813242941513466100e+00 8.339799337687255898e-01 3.635353548704821014e+10
-9.090487756121029550e-01 2.232093479917793832e+00 -1.639883691241606712e+09
1.201359483677077733e-01 2.394656238253533576e-01 1.882943306906143570e+10
7.672766388412131100e+00 2.981631325726914028e+00 7.757016383183383942e+09
7.354881662381050234e+00 1.024111546093685821e+00 6.302774696088195801e+10
3.010656609875899559e+00 2.244198571379756868e-01 5.372659020966904297e+11
-1.379912506220281332e-01 5.987210839556354358e+00 -3.459816494752309471e+07
6.772069220338681639e+00 3.264216293247833578e-01 5.712341336439106445e+11
1.745506168286388160e-01 4.665249523931413456e-01 7.208124043525913239e+09
-9.639254916939453466e+00 1.253415508445289372e+00 -5.514472257390464783e+10
-1.454203922554161199e+00 2.531962041543995845e+00 -2.038738615692810297e+09
2.474027571022094030e+00 1.014688401572695908e-01 2.159681763767090332e+12
8.174336138963377962e+00 1.971574832490851081e-01 1.890064301503199463e+12
5.067269632380829059e+00 5.788923773878529744e+00 1.359029770339152336e+09
-3.998575397364465545e-01 1.973284057333631214e+00 -9.229468535951777697e+08
3.701045325426353116e+00 8.354600360624393929e+00 4.765666654121040702e+08
-8.509441953869696817e+00 2.130330495059983953e+00 -1.685224367010256767e+10
-3.496314150859146097e-01 2.445793621554685771e-01 -5.253169936609805298e+10
-1.052144856202611028e-01 1.442838057814168629e-01 -4.542458583342098999e+10
-1.166463919721203668e+00 6.945610375450966600e+00 -2.173206993094893694e+08
-1.933549887437246761e+00 2.581983151312280622e+00 -2.606748859404312134e+09
-2.587441467290814145e+00 7.756734663418742848e+00 -3.865122661484845877e+08
1.045436894702922670e+00 1.338685287540822832e-01 5.243140073507343140e+11
4.032627576794834967e-01 2.091955156589234144e-01 8.281976476063726807e+10
-3.247890492001306750e+00 4.294293033092242418e+00 -1.582955271156478882e+09
-1.740746120944765274e-01 2.003680757693525605e-01 -3.896987380886843872e+10
1.603712710122113139e+00 8.445205409743897107e+00 2.020955520041002035e+08
5.066954956544602595e-01 1.731827857466166076e-01 1.518407077619951782e+11
-4.306337988121313742e+00 3.366323410799199611e-01 -3.415443115846725464e+11
2.575965386040945937e-01 7.471423486036000483e+00 4.147476508337417990e+07
-5.431307843254632672e+00 7.941646785011183818e-01 -7.739874213144335938e+10
-6.822496043625523310e-01 1.583243866436059022e-01 -2.446235601252483521e+11
-4.630474350818468032e+00 3.976298298018234867e-01 -2.632195768611939087e+11
-3.836666602803416204e+00 1.743328273184497901e+00 -1.134609283961195946e+10
4.026455662500330601e-01 8.764023327984554967e+00 4.711579133833668381e+07
5.538728971930505507e-01 1.335631673606047398e+00 2.790533969127995491e+09
-1.657084648471210675e-01 1.159622208244507791e+00 -1.107547252761889219e+09
3.095449947850685835e+00 8.584544818158702739e+00 3.775199090544055104e+08
-2.460326487157080688e+00 1.007700475316453348e+00 -2.177611661756700897e+10
-1.965985266344325855e-01 1.855312280739502828e+00 -5.133302275798182487e+08
3.222490174913141381e+00 1.279973995902054518e-01 1.767827669718494141e+12
9.856085589670139369e-01 1.848034293170928433e-01 2.593791320235502319e+11
-4.069171324842769444e+00 4.846029074630363587e-01 -1.557344031770403442e+11
1.644651155060559811e+00 9.701906199183790713e-01 1.570399939519975090e+10
-9.653719233521769638e+00 2.270410280879184839e-01 -1.683203372752372559e+12
5.580818395356692552e-01 1.520344553388879971e+00 2.170023632659659386e+09
-5.920741595480987218e-01 5.363346273733230696e+00 -1.849928959508289993e+08
-4.686467070370284205e+00 2.002653936316186045e-01 -1.050229881799877319e+12
7.814410065500655200e+00 7.935806537953833395e-01 1.115230586372048187e+11
-6.167357654179517201e-01 2.349022033390658348e-01 -1.004559284861925201e+11
-3.197025612220663948e+00 5.937949897344121375e-01 -8.149363244760000610e+10
-8.921819928939560995e+00 2.154803220460619895e-01 -1.726986091632432373e+12
1.588128915912463635e+00 8.811651089214132426e+00 1.838322856888695359e+08
-3.180137811007363702e+00 4.193986289634611397e-01 -1.624959518026199646e+11
-2.257346664777519218e-01 2.274388175228938824e-01 -3.922109373613285065e+10
2.103175681861607416e+00 7.830872128500764973e+00 3.082520014921113253e+08
-2.090581125779042981e+00 2.431934067373799024e+00 -3.176976851802043438e+09
6.240120399342237167e-01 1.466870575688274059e+00 2.606513589030199051e+09
3.283570557592359496e+00 1.463871579370614517e+00 1.377180969721599960e+10
1.613100425278626515e+00 1.503083708947262898e-01 6.417201679759963379e+11
-5.965817165342960360e-01 1.875209228878988998e-01 -1.524828828820408325e+11
6.711655897776301671e+00 3.286323712322304580e+00 5.585468666150126457e+09
8.402100185033352098e-01 1.536548803241062133e+00 3.198495592634956837e+09
1.574351107541425376e+00 1.681132309479028475e+00 5.006663722575566292e+09
8.528767380114008478e-01 3.559060831993525742e-01 6.051542190204895782e+10
2.467784312800487545e-01 9.238948973270415976e+00 2.598439924760150909e+07
4.649212907259546945e+00 1.495521869776586799e-01 1.868290977692446289e+12
8.540184312361588370e-01 1.002397710569879141e+00 7.639021455414588928e+09
-4.433802566044496629e+00 2.271637413196108124e+00 -7.722340432358067513e+09
5.698188651927185155e+00 5.378819578752632724e-01 1.770163932952826538e+11
-1.325350501885995125e-01 1.164502063171570789e-01 -8.784172194349758911e+10
3.446905873120302832e+00 3.252369614636592132e-01 2.928736180425670166e+11
3.922748464616533592e+00 2.831924781391440771e+00 4.396202122802112579e+09
-3.623026355281891986e-01 9.767548225001490891e+00 -3.413115486408676952e+07
-4.432479535078255317e-01 1.587443570057497644e-01 -1.580886771185166016e+11
2.212369819409480520e+00 2.891036933554973487e+00 2.379036273480080128e+09
-4.664905287522731925e+00 3.194144330754098426e+00 -4.109456393042494774e+09
-4.288075494282344580e-01 2.645235505193763714e+00 -5.507878538584973812e+08
-7.799212372559957140e-01 6.118291485559594900e-01 -1.872582831808608627e+10
-2.030012101272531400e+00 2.742117696325708232e-01 -2.426481933782596741e+11
5.454706232278025979e-01 2.456275053795406116e+00 8.125834815055050850e+08
-1.926080395230514719e-01 3.277348057963576533e+00 -1.611684006895660758e+08
5.925796187048304020e+00 8.609563886039639513e-01 7.185136490879174805e+10
-1.485801394048130997e-01 5.903837151919381077e-01 -3.831268955082022667e+09
-5.007482528463634175e+00 5.134287569278193075e+00 -1.707299376315882683e+09
-5.479229866574447660e-01 7.998277288544206165e+00 -7.697987933428783715e+07
-6.822011333264659250e+00 9.164280101412864976e-01 -7.300730976486224365e+10
-9.958189576449132829e+00 2.736982580131299692e-01 -1.194777241766421387e+12
-8.017829244488451579e+00 4.352311667084306501e-01 -3.804235958611898804e+11
6.322802863373592430e+00 5.197010905143675252e-01 2.104035210645892334e+11
-5.000008931154434899e-01 4.381423771669932243e+00 -2.340943209604428411e+08
1.692662666066501398e+00 1.810584588643660564e-01 4.640698938811983643e+11
3.395077260485629189e+00 2.106681766038782655e-01 6.875470254145170898e+11
-2.465407902949166452e+00 1.095382961259703941e-01 -1.846747159860003174e+12
1.100429955258987791e+00 1.515043400690053499e+00 4.308864868342431068e+09
1.594904738938487387e-01 1.753595280992713557e+00 4.661510111464728713e+08
1.970156791451416756e-01 1.249766301181279571e-01 1.133688622537606049e+11
-4.459007999839021408e-01 7.762895252825925851e+00 -6.650302763819653541e+07
1.606391296309976069e-01 8.110182414730527922e-01 2.195031291376851559e+09
2.371636465723172993e+00 7.333356968131600206e-01 3.963629810362632751e+10
7.377470980722606875e+00 5.768015124109806102e+00 1.992991044900458097e+09
-1.667676028794791987e-01 4.072391220705311454e+00 -9.037812341875180602e+07
-8.102814617029908462e+00 3.879650996480499270e+00 -4.838393683889845848e+09
-4.593901635717032583e-01 6.175927619345957353e+00 -1.082500025332301557e+08
9.027809124252396122e-01 3.699723697282406576e+00 5.927811758746533394e+08
-6.653748954406538019e+00 9.078750501999028444e+00 -7.255458575893698931e+08
1.761332231972797535e-01 1.063763353862833549e-01 1.398948899547654724e+11
-1.243363716142142777e-01 1.670138020051531225e+00 -4.006305678361784816e+08
-6.968725818845671327e-01 2.976008914844189834e-01 -7.071890710079057312e+10
-5.568618702137639875e-01 1.320070190482884431e+00 -2.872129726223880768e+09
4.155981858382373773e-01 3.480933239710820581e-01 3.082711434015842438e+10
3.597891299103270213e-01 9.059649193269841305e+00 3.939815585327722132e+07
-3.411052207801661851e+00 1.091945805416821402e+00 -2.571205664463765335e+10
3.594276761372316553e+00 2.024811831172279142e+00 7.879393570709123611e+09
-2.042198734805119820e+00 4.888012227934820375e-01 -7.682172481333805847e+10
-6.031238880784970391e-01 5.325703086837350497e+00 -1.911187285294212401e+08
7.338495399368091476e+00 1.633056460453250480e-01 2.473177259070176758e+12
1.284066758443776157e+00 1.433496497114908230e+00 5.616230833322017670e+09
1.889687345252561768e+00 6.923226460270350380e+00 3.543427061768713593e+08
5.357747582443531664e-01 2.696703673513322741e+00 6.621652931564748287e+08
1.580238585196199086e+00 5.354391129394563409e-01 4.953966839723505402e+10
-2.723498065664857193e-01 1.026587613360762236e-01 -2.322660048633452454e+11
2.105802556030152428e-01 2.546640215574825561e+00 2.918321137859179974e+08
2.719092467577595151e-01 7.446877134046312463e-01 4.406829197228920937e+09
2.206162677610138623e+00 3.820905647143544304e+00 1.358174351343039274e+09
-2.915701652710680492e+00 1.552742328633861968e+00 -1.086913334458592415e+10
-8.363501944222457851e+00 4.057908291935090062e-01 -4.564932129209943848e+11
-4.560666408372610725e+00 1.207742277154429944e+00 -2.810155724257518005e+10
-5.674134377458827316e+00 3.074056888257823417e-01 -5.396677111323138428e+11
3.499898900250677514e+00 2.993475398526044273e-01 3.510384845410863037e+11
2.885386325511845929e+00 1.356694248655454960e+00 1.408933903306684113e+10
-1.192267337700161217e-01 1.757867593768601022e+00 -3.467783252690744996e+08
-1.735252533665410934e-01 1.242857813529004568e-01 -1.009648981734065704e+11
3.908949922848055092e-01 1.704935325180690242e+00 1.208634277129915476e+09
-4.674099002875226283e+00 2.972895336944968991e-01 -4.753234993362553711e+11
1.177236084683020018e-01 6.165542366305635014e+00 2.783374289695062116e+07
-1.313395170760923047e+00 1.358935162254254481e+00 -6.392173601624007225e+09
-6.117882879209577407e-01 6.513140460111729091e+00 -1.296196632090311646e+08
-2.107973038376390384e+00 3.218035119990788839e+00 -1.829507150507949352e+09
2.062569432268005265e+00 5.292637792892497473e+00 6.617818441686230898e+08
4.964102593108988271e-01 3.184815904810985865e-01 4.398683356243043518e+10
1.070971862030199562e+00 8.509293475778179072e+00 1.329357146080593318e+08
-4.278540804131245046e-01 2.747284096884078153e+00 -5.094940917624370456e+08
1.263857205438700948e+00 5.896283240142530246e-01 3.267322112113899994e+10
1.015631854022216590e-01 1.108667600614850590e+00 7.426500588821201324e+08
-8.559955982846897404e-01 1.670556717844077776e-01 -2.756764702598517456e+11
7.656745190420627400e-01 2.428199789532402342e+00 1.167148129810764313e+09
-2.974082090345073759e-01 2.483887275173535247e-01 -4.332512304623428345e+10
-1.475418590867050739e+00 1.206692584399175761e-01 -9.106942240137170410e+11
-1.026057866487151277e-01 2.653281162045706409e-01 -1.309953638393419456e+10
2.101977551392093524e-01 1.234910286823486247e+00 1.238819050364713907e+09
7.921567345327233944e-01 1.076966361988653587e+00 6.138432146699255943e+09
2.291519189017502123e-01 4.499643324866838157e+00 1.017227136286756992e+08
-3.728503761243501802e-01 4.544576840121499650e+00 -1.622550796836634874e+08
2.432600612640039572e-01 4.291802416039102397e+00 1.186976143340373784e+08
1.772115385680639532e+00 1.106319341977914927e-01 1.301312507198989014e+12
-5.161674828967658391e-01 7.715718904078838758e-01 -7.792709121503800392e+09
-5.341294861503762537e-01 1.604186559747616259e-01 -1.865466373796482239e+11
1.459545289267733803e-01 1.183223412462085955e+00 9.369894154281208515e+08
1.938127494093341729e+00 2.599005580701685858e+00 2.578805196715079308e+09
-1.386574875595298240e+00 2.299392605237450260e-01 -2.357043970057315674e+11
2.252479165603002986e-01 5.935102581012162481e+00 5.747181885028686374e+07
1.555118755856684243e-01 2.392993322608229612e+00 2.440794433149921596e+08
2.580306158369880976e+00 1.328773596444312033e-01 1.313469152427909180e+12
2.427979566000200429e-01 3.823290130690263133e+00 1.492867055722700357e+08
1.605162770256934213e+00 3.606287840713920945e-01 1.109299766212455444e+11
6.201150446773616487e+00 5.295395434119582134e+00 1.987586750437329531e+09
1.504149243599197661e+00 5.125028999306674438e-01 5.146937489693233490e+10
-5.116376147776425576e+00 3.728695333139248280e+00 -3.307495679912220478e+09
1.376941069123320815e-01 1.102073094974839879e-01 1.018931929925538025e+11
-1.349637993234427402e-01 1.743103192705165450e-01 -3.992286655297663116e+10
-1.815519464185158804e-01 1.086807440589753870e+00 -1.381485470160732508e+09
-1.008773822198462400e-01 1.338244724235195804e+00 -5.062596822055396438e+08
-7.250388985512179474e+00 1.740987832283737102e+00 -2.149910861761980438e+10
4.377105475311682259e-01 1.621924085079571587e-01 1.495466140065709229e+11
6.676484708265445489e-01 1.566503671491654703e+00 2.445319678278404713e+09
6.123805981710706448e+00 1.071356646066389945e-01 4.795168855292013672e+12
2.484784202541441278e+00 1.879339885195696169e+00 6.323079378215431213e+09
1.650604077972772643e+00 1.239285359216091426e-01 9.659416531596795654e+11
-1.826374892403885564e-01 3.718353558295292238e+00 -1.187241809714066833e+08
3.608777663223095011e-01 7.312326604275509290e+00 6.065960564523183554e+07
-5.750875691706857085e-01 5.071804112411014032e+00 -2.009368804392187595e+08
3.349321796717061872e+00 1.229755440318045068e+00 1.990535782823359680e+10
1.540617639634009328e-01 9.901484397793296477e-01 1.412358244704956293e+09
-2.470691492528254429e-01 7.415129878793287332e+00 -4.038607185252818465e+07
7.486024173626070199e-01 9.727407314105451785e-01 7.110622794607017517e+09
-7.241879128218880801e+00 4.929949339436138223e-01 -2.678039493294348755e+11
-5.380494889123152547e+00 2.252803368517246052e-01 -9.528537946456619873e+11
-1.519304303178326820e-01 1.803952779123813299e-01 -4.196092525687878418e+10
-1.164863669883213354e-01 3.148460019249679220e-01 -1.056159119501087570e+10
-3.005028202496328404e+00 4.926298176197979606e-01 -1.112904197762478943e+11
1.806641993233689680e-01 1.614345267446798127e-01 6.230599978321672821e+10
-6.819443843985641074e+00 4.364981547574886545e-01 -3.216879192104402466e+11
8.910446302675321117e-01 5.704559837505263964e+00 2.460967031575174630e+08
1.004486693413051829e-01 5.438521972722251130e-01 3.052340866278553963e+09
3.031382581211009342e+00 5.910913446248291514e-01 7.797980935469548035e+10
-9.705239060072949897e+00 1.524244481933928475e+00 -3.754460960574307251e+10
9.854173103370434950e-01 1.836878018531313383e+00 2.624884335786542892e+09
1.175897099232490195e+00 1.704636016627810446e-01 3.637111514930188599e+11
7.082685473759242623e-01 1.448624204919052527e+00 3.033451806135917664e+09
-1.024733233492383933e-01 2.828769713094453908e-01 -1.150975959450107574e+10
-4.084244172199915646e+00 1.698683207552465491e-01 -1.272147677048153076e+12
2.699019277733806454e+00 2.362362478756139694e+00 4.346738687823592186e+09
-1.032651790216381898e-01 6.035554513565460688e+00 -2.547828356720313802e+07
-9.257316309534147081e+00 1.039434777271571186e-01 -7.700895585777474609e+12
-2.451062671789074610e-01 3.383011128940089041e+00 -1.924855717319768965e+08
3.048933914077290308e-01 2.099463409247636747e+00 6.217016352093967199e+08
-5.029681381766539339e+00 2.006194843821793139e+00 -1.123168391636978912e+10
-1.031523625331787070e-01 2.052906474639221823e+00 -2.199841894736897349e+08
2.752746841679833523e+00 6.347542042823348662e-01 6.140528044389469910e+10
3.340190208284556928e+00 5.736783980263949978e+00 9.121889844315948486e+08
9.296781324051041295e+00 3.406855682695648646e+00 7.199059455573308945e+09
8.788040219542587295e+00 8.354062510810634778e-01 1.131741425838077087e+11
-4.510678430817766649e-01 5.199063196450813606e+00 -1.499830884920348525e+08
4.029226291326530429e+00 3.727233854777412536e-01 2.606747664319512634e+11
-3.082541179013040256e-01 7.447163847263934544e-01 -4.995485322763406754e+09
-2.075214416648206051e+00 6.892850104234330422e-01 -3.925689313944607544e+10
3.896523297054567792e+00 3.358228224563708508e+00 3.105328010938238144e+09
-2.909881579233934423e-01 1.132381241525445281e+00 -2.039579324030040026e+09
-3.929620862481512100e-01 4.115158979278279450e-01 -2.085585667175377274e+10
9.654837169065821456e+00 2.903869617978455775e+00 1.029061537617448997e+10
1.728649865196757895e+00 7.282797364699784559e-01 2.929282130002927017e+10
-1.742174174881838122e-01 4.398377702902756536e-01 -8.093887212152246475e+09
3.816916640876037992e-01 3.294502264965030736e-01 3.160702884206888199e+10
-3.287738037796815171e-01 8.509576800476306158e-01 -4.080673993115522385e+09
-1.718499029804868017e-01 5.874191771333500123e-01 -4.476140072060135841e+09
-7.060335442818151286e+00 4.483576071714725053e+00 -3.156653175381580830e+09
1.490924162406078446e-01 5.793144842901236657e-01 3.992798533249760151e+09
3.317212722473970588e-01 2.964789651736048914e-01 3.391846333433007050e+10
7.010300530989949763e+00 4.312017576982297484e+00 3.388646061741924763e+09
1.021407424752631826e-01 1.255212400667132522e-01 5.826599758821308899e+10
4.568437669492789177e-01 5.574209060701144303e+00 1.321453289689199030e+08
-1.843125662594443104e-01 1.561190334503240518e+00 -6.796633576459023952e+08
-1.687208633874271779e+00 1.383936783305120821e+00 -7.917478678375760078e+09
-1.195721398959908172e-01 6.657737966441766853e-01 -2.424528107754748344e+09
-3.762066826044704548e+00 4.367748068050206767e-01 -1.772400906431742554e+11
-3.976289045396758315e+00 3.517208801553147191e-01 -2.888898360996920776e+11
-2.155007185319146312e-01 6.071053141615467830e+00 -5.254982475886090100e+07
-2.308285564865328598e-01 6.685516509619438885e+00 -4.641626840173884481e+07
1.299996939746249081e-01 2.101281508831370548e+00 2.646211002086988986e+08
-1.181145670654723812e-01 1.355617895236700676e-01 -5.776695747404387665e+10
-8.108335518276716058e+00 3.404446533151054943e+00 -6.287663533908436775e+09
1.290541383612894277e+00 4.266636568868507062e-01 6.371640311261366272e+10
-9.929687839672673988e+00 5.704341672881133363e+00 -2.742680084569186687e+09
-7.727988918450453548e-01 3.630831045048572125e+00 -5.268718902282367945e+08
1.141023862258059990e-01 1.891877103956395967e+00 2.865230085552697778e+08
-3.194658470071181089e+00 1.959475205290482913e-01 -7.478173029179594727e+11
4.064906987297799423e-01 3.395387044742118610e-01 3.169003044360343170e+10
5.370433539134209511e+00 4.862507231703030008e+00 2.041453275429148197e+09
4.947539359677080029e+00 5.218574709179930604e-01 1.632811557545637207e+11
1.282319673669692628e-01 3.552767157039424251e-01 9.130896770078998566e+09
7.264459369136743172e-01 3.936181992658378093e+00 4.214087772538524866e+08
-1.595446460577631953e-01 9.148121666448460587e+00 -1.713440347769126669e+07
2.717812405626926608e+00 4.755805596905456345e-01 1.079995404965218658e+11
1.171125861452763317e+00 2.447777289615777452e+00 1.756751720533939600e+09
-6.238531562668610420e+00 1.263085845812871866e-01 -3.514530026683599121e+12
-1.553819647142716809e+00 1.197715382311960869e-01 -9.735179697226712646e+11
-1.553868403911210949e+00 9.803337570855047645e+00 -1.453171725685612559e+08
9.960158944809322179e+00 2.219193677066745030e-01 1.817717860982989014e+12
1.191747433688067792e+00 2.382986819872519924e+00 1.886216602158680439e+09
1.514438865869132955e-01 3.771484689644790111e-01 9.569244845651409149e+09
-1.021236666603959342e-01 5.009605847810166601e+00 -3.657378463713078201e+07
1.951323817352279000e-01 1.008560794646018444e-01 1.724152990611905212e+11
1.226236830118697524e-01 1.097414409316259526e-01 9.151318228850344849e+10
8.832297605292508402e-01 2.381899874319737265e+00 1.399191987765798330e+09
-1.759045817145860613e-01 7.534392129317033504e-01 -2.785039319619199753e+09
9.791786531611702316e+00 2.484307179378956398e+00 1.425942346161836433e+10
-4.422178299970546123e-01 8.546848614822565082e+00 -5.440951368795700371e+07
-4.285246396642903299e+00 2.502997313688030134e-01 -6.147600676591495361e+11
-9.976216438819209387e+00 3.277548283944012875e-01 -8.346766887804913330e+11
4.447346562218580601e+00 1.277977964414451773e+00 2.447399464486818695e+10
2.190913708297699825e-01 2.223716386576521931e+00 3.982145261264771223e+08
-3.635171168945624309e+00 2.573825295986701400e-01 -4.931935109161835327e+11
-1.481327021623998652e+00 3.053397636059056452e+00 -1.428021786839657545e+09
-6.870489256402332323e+00 6.975434080709635998e-01 -1.269099886795995026e+11
-4.597425537917509963e+00 4.818826838777559018e+00 -1.779437264660537004e+09
1.144530182545305363e+00 3.795710096692776592e+00 7.139894557485544682e+08
4.514356641369138501e+00 1.651306853771801642e+00 1.487958838604797173e+10
1.019706920313989240e+00 1.390254889436363550e+00 4.741733293655842781e+09
-1.246362535335989952e+00 1.605978614160643358e+00 -4.343256605437994957e+09
-2.741138109281812341e+00 2.964928492178575237e+00 -2.802548188136763573e+09
-4.334528404694493631e+00 3.227496507979334073e+00 -3.739907919294183254e+09
2.511524984352227485e-01 4.280001272101709442e-01 1.232254250790285683e+10
9.583694580750920622e+00 1.152376645198433858e+00 6.486264987584519958e+10
-2.694954843813543999e+00 4.701943807029960176e-01 -1.095587937086056061e+11
-2.214725921452458834e+00 1.218895016949314680e+00 -1.339793923926448441e+10
-7.762666232521444609e-01 1.223802755298543099e+00 -4.658420394849930763e+09
4.184982630821624028e+00 5.448593977693725332e-01 1.266996415233498077e+11
-1.495790702047074650e+00 2.056625020674382187e-01 -3.178419507000546875e+11
8.332902592798088204e-01 2.231156748019343716e+00 1.504481178048696041e+09
1.129437540590922662e-01 3.699222803268208182e+00 7.418085900303231180e+07
1.711970820335986243e-01 8.353171483907162909e+00 2.205180695714257658e+07
-1.575116784513086010e+00 2.406061471303067301e-01 -2.445400182447828674e+11
1.798817839286341647e+00 9.240250950262081098e-01 1.893521636618936157e+10
-1.853559837055968496e+00 1.253971380245521239e+00 -1.059453694493435478e+10
-8.086394636431409211e+00 1.637775428360210839e+00 -2.709547995957474136e+10
-3.052329715252544151e+00 1.858821639885438470e-01 -7.939746261614421387e+11
2.924474256213260848e-01 7.582560983539999633e+00 4.571582876113830507e+07
1.962618300022308748e+00 3.663146739437486699e-01 1.314552181213809967e+11
3.505954744285111335e-01 1.950686560489888643e+00 8.280983903138525486e+08
1.253011560199928376e-01 2.369150844957252089e-01 2.006412706129878235e+10
1.635832954208364942e-01 9.494535779781351215e-01 1.630955457499653339e+09
-6.694723263948521463e+00 2.815104399331244123e-01 -7.592664971014168701e+11
5.693656098362097850e+00 1.328593386739503057e-01 2.899063162253697266e+12
4.294595730172591774e-01 2.922201976048259375e+00 4.520145827620566487e+08
-2.610121041049296986e-01 1.806029546565379451e-01 -7.192196822582379150e+10
8.313204063156693024e+00 1.140208194530556857e-01 5.747126331246230469e+12
1.584353456408480743e-01 7.848639852667921302e-01 2.311606417463078499e+09
1.649959626121786094e-01 5.430668892963413263e+00 5.028254908115859330e+07
2.769759789808461381e-01 1.026268908944513170e+00 2.363580402023478985e+09
-1.059367734237526726e+00 3.634960265188843520e-01 -7.206062489913122559e+10
5.022856741752802501e-01 2.636821416714303368e+00 6.492918852346869707e+08
-5.000996536255537528e-01 1.855089000007241473e-01 -1.306103735759068451e+11
1.372523835027046890e-01 2.606813353895193197e-01 1.815309327801548767e+10
4.772589938974937107e-01 1.107582757855332944e-01 3.496651639846021729e+11
4.347206215011708785e+00 3.175096916761128263e+00 3.875670861482020378e+09
9.383067628379249570e+00 1.047158284211306745e+00 7.690787276960903931e+10
-5.265620980723848987e+00 4.085106582025875843e-01 -2.835916437456343994e+11
3.132318322472783523e-01 3.102621847435536040e+00 2.924548423509128094e+08
1.899634902530851766e-01 6.314002539433062333e-01 4.282636896466959953e+09
-2.677846016507507976e+00 2.673243441943911058e+00 -3.367900081772069454e+09
1.087497115688387028e+00 1.976997379920644393e+00 2.500728505500849247e+09
3.197239198775013058e+00 4.122623275034849044e-01 1.690746299460508423e+11
-1.121141332673049273e+00 2.801749463389500705e-01 -1.283667031423990173e+11
-1.867223587175805832e+00 3.010606403221460226e-01 -1.851565078612268066e+11
1.142844531065097813e-01 8.269516367329421414e+00 1.502026346350544877e+07
2.534041377945678852e-01 6.955928402302615776e-01 4.707107472156275749e+09
-5.051881119860142988e+00 2.453315249917646934e-01 -7.543919121998920898e+11
6.316167110637751492e-01 1.913496339557480830e-01 1.550418560026891174e+11
-2.918957099899390228e-01 8.567710934297323888e+00 -3.573952035014653206e+07
3.606362173842662777e+00 7.779717695512178288e-01 5.355404530746816254e+10
1.617392607479318789e-01 2.949687820413317230e+00 1.670759588489226699e+08
-2.453876461043533741e+00 2.061720752792777500e-01 -5.188521588209323730e+11
-5.981117984897122319e+00 2.524839061012564834e-01 -8.432679355009781494e+11
3.026729338959389115e-01 4.673061512833383557e-01 1.245722214830385971e+10
1.101736472705835634e+00 1.165635727330377458e+00 7.287904022366926193e+09
1.919522690326699865e-01 1.422631176799320718e+00 8.524309792734435797e+08
-3.102019075168671591e+00 5.842795725652664141e-01 -8.166833031448735046e+10
-4.753766504058916986e+00 3.150224781526019591e+00 -4.305319412123808861e+09
6.542989590756543850e-01 8.185406717760701056e+00 8.777004490750665963e+07
4.868361129590994540e-01 4.954504540970135484e-01 1.782513973169506073e+10
-9.394248154079494206e-01 4.081292565043981857e-01 -5.068940464420829773e+10
-1.560182418213831024e-01 6.994380726116593561e-01 -2.866338391227119923e+09
-6.891030786731046076e-01 3.591422660314893101e+00 -4.801774616313281655e+08
8.407127377375664956e-01 1.955456286183988368e+00 1.976068622580458641e+09
3.437818043222640174e-01 8.550236998560314383e-01 4.226464245224815369e+09
4.050187768540075561e-01 2.046818610232890301e-01 8.688945276558911133e+10
-4.939079686021092819e+00 5.577859054230881464e-01 -1.426795002222586975e+11
-2.542679925244963890e+00 1.550388243379330622e-01 -9.507391539490632324e+11
1.583356552279341911e-01 3.836472101130302015e+00 9.668636952913531661e+07
-8.476926791190055877e-01 1.568314353766730451e-01 -3.097582030631785278e+11
-1.112850919353741030e+00 3.696985296337529370e-01 -7.317995880176133728e+10
4.513168798046351959e+00 3.433291709815231574e-01 3.441206904533065186e+11
-9.167182976957127138e+00 1.675413719651584199e-01 -2.935231661165208496e+12
-8.006015804376542810e-01 2.370090375873362687e-01 -1.280964953638126373e+11
1.374395032837672836e+00 2.865362647329887658e-01 1.504537458808568420e+11
6.511048414613387791e+00 8.783760342742729099e-01 7.584738063546739197e+10
-1.643672717592188082e-01 7.920308501447577143e-01 -2.354950424503857136e+09
-6.211070241429004213e+00 4.897957893860995782e-01 -2.326949533280438843e+11
-3.330925167758941985e+00 4.039595173036539144e+00 -1.834593308591159105e+09
3.275869843110766899e-01 1.071213255969563072e-01 2.565815236417730408e+11
-3.301823813593962154e+00 3.215281963959329969e-01 -2.870558388628573608e+11
6.908059048661413515e-01 1.246420547261672063e+00 3.996478307729884624e+09
-3.748600909755252175e+00 9.332354442946338979e-01 -3.868453444958885956e+10
3.123783673588878873e+00 5.220295836145196766e-01 1.030246952191235809e+11
6.107471824641931946e+00 2.579177018694747692e-01 8.251820828777431641e+11
-8.012406805900764706e-01 7.767315227232744590e+00 -1.193635558096844703e+08
-4.755002094792438960e+00 8.484162711838770576e+00 -5.937222888503981829e+08
1.167385435919186670e-01 1.699431256502678345e+00 3.632935487001615763e+08
2.794635415547625623e+00 6.318045135757708763e+00 6.292313155833727121e+08
-2.677487471916216721e-01 4.541262100568149052e+00 -1.166876596771574467e+08
-2.136273400572645809e-01 1.342230638953364030e+00 -1.065744634694593787e+09
9.200086343383294007e+00 7.144026444244229168e+00 1.620154437556728125e+09
-8.649878091014218118e-01 1.234340242944761856e+00 -5.102591815894813538e+09
2.727792662786451494e+00 2.776893636396987830e+00 3.179387663107736111e+09
4.655180918028523074e-01 7.395889866926126821e+00 7.649029070914632082e+07
9.026612946255296421e+00 6.089500832542913855e+00 2.187822329962241650e+09
1.146718158319764980e-01 1.877667480815992662e-01 2.923276789381073380e+10
-2.034022588069940851e-01 3.426416864225798053e-01 -1.557134015742571449e+10
-6.835563013668036758e-01 1.063285558317066393e+00 -5.434068128483373642e+09
2.966895273028407498e+00 9.509265384714243652e+00 2.948892217102196813e+08
9.594969478085500825e+00 1.097681098157119228e+00 7.157178428053649902e+10
-2.697273360198446213e+00 3.497328091540619965e+00 -1.981996251796974659e+09
1.973407380307088399e+00 4.495657562079032332e-01 8.775682856068800354e+10
-1.873390834703635988e-01 8.093073032292478430e+00 -2.570704101751017198e+07
-1.489949381539617645e+00 5.262546193297959363e+00 -4.835376445819022655e+08
7.361968556923618401e+00 6.978339389850841679e-01 1.358752642484969788e+11
2.298429973808861160e+00 1.554753264137606950e+00 8.545922311400000572e+09
8.397299237761330915e+00 3.625291386893671475e-01 5.742545030699667969e+11
-6.861251330455603314e-01 1.222190211696194018e+00 -4.128348425922704697e+09
1.565478313276850442e-01 2.267259092692662126e+00 2.737129651620212793e+08
-1.182114861104847314e+00 8.587077657028148181e+00 -1.440852467516927421e+08
2.012185770909113103e+00 5.095043100914706802e-01 6.966633558712466431e+10
-1.629467115839453362e+00 2.217640883968536869e+00 -2.977925163972915173e+09
2.979004018455812641e+00 6.085114752259383586e+00 7.230763587779234648e+08
1.225634528747422264e-01 3.886056908888490535e-01 7.294462454035806656e+09
-6.143345459515744400e-01 1.219271661014892594e+00 -3.714108584323496819e+09
-6.504752924694413352e+00 1.359533133304321462e+00 -3.163019219412677383e+10
1.655043323856077719e-01 5.962546327590980688e-01 4.184046015699080467e+09
7.067122796906220472e+00 2.308891702800220713e+00 1.191478279967343903e+10
-5.071143660479774162e+00 8.759737320299031182e+00 -5.939834793574430943e+08
-3.917599679000516311e-01 5.159517564653264277e-01 -1.322672984552502823e+10
1.885363125271856344e+00 3.946880332653021295e+00 1.087771582812515736e+09
4.183788671753676525e-01 3.321957504520131610e-01 3.407471349840585327e+10
-5.641966018379066528e-01 7.563772082269030861e+00 -8.863478930940939486e+07
-4.052345825634196541e-01 1.467879720977316449e-01 -1.690348209033180847e+11
3.437774359705911387e+00 4.485014671142893983e-01 1.536031954034205933e+11
-1.115019758217192236e-01 5.382331080136657953e+00 -3.459332953991967440e+07
-3.031444896404990708e+00 4.154490280258480439e-01 -1.578573479217788086e+11
1.039782025536958310e+00 3.842626604543086244e-01 6.329021243449530792e+10
7.394871074678400769e-01 2.518753721522808964e-01 1.047634555099391785e+11
-2.330117310901539396e-01 4.315116832026077986e+00 -1.124717071610713154e+08
7.632353437284334241e+00 1.256856017007596804e-01 4.342482075742793457e+12
7.564432768508669858e-01 5.772393191600592388e+00 2.040399338556588590e+08
-2.077635577563756719e-01 1.574279503748024833e+00 -7.534532481716765165e+08
-6.950995825053232657e+00 1.422044881464117616e-01 -3.089377925437269043e+12
-2.219095745060943037e-01 6.628931802726114597e+00 -4.538784434867260605e+07
-1.932528759359144255e+00 1.956424812528961610e+00 -4.537851291981937408e+09
-1.830237370717222367e+00 3.739218853633858308e-01 -1.176511746046353149e+11
1.047188057835385822e+00 3.375140956034027973e+00 8.262119444299979210e+08
4.658316341255588355e+00 3.708614368549431606e-01 3.044081269238408813e+11
1.114373982054288614e-01 4.272120583669116733e-01 5.487753269965570450e+09
2.928825437084081607e-01 6.630726890906944782e+00 5.987173248590860516e+07
-3.781707240302856210e-01 8.798836847562946373e-01 -4.390237283638452530e+09
-3.813257210906970673e-01 2.327863849203018198e-01 -6.324578198041913605e+10
-1.112250590474713974e+00 1.582560258958084720e+00 -3.991468921913171768e+09
6.102829945884323815e-01 4.234440860768626247e-01 3.059072313230409622e+10
3.581731950789847074e-01 7.547815069959264989e+00 5.650686294972599298e+07
1.049138011516569796e-01 8.928067924129471367e-01 1.182955122683361292e+09
3.593364053375493472e-01 3.975738780832217767e+00 2.043224808806426227e+08
-7.536744059225918280e-01 8.377455831300155698e-01 -9.651839514429727554e+09
-6.900118594605781919e-01 3.247933495128009884e+00 -5.878857285824137926e+08
2.780720684422225419e-01 6.852920573795692860e+00 5.321775981276912987e+07
-3.398237582099908338e-01 3.060283922586373717e-01 -3.261226146060003662e+10
-2.646875581789775445e-01 1.022685554218594861e+00 -2.274573122172071934e+09
-6.035314149365431646e+00 1.991380766741281394e-01 -1.367860733400014893e+12
-1.442259869966905639e-01 2.293890368396883650e-01 -2.463478760592465973e+10
1.657984509991051292e+00 3.185453431510433919e+00 1.468549420238003969e+09
-1.957076222360847551e+00 2.608812889445226713e+00 -2.584475953419642925e+09
-2.707040913261303805e-01 4.540074869735459817e-01 -1.180373384538105011e+10
3.636019666246215198e+00 5.812631930311031869e-01 9.672332004410444641e+10
1.826722787489535593e-01 1.190446845216951571e-01 1.158519232499512787e+11
1.113467765568861845e+00 7.073161313396767458e-01 2.000327665323996735e+10
-1.631373480105332785e+00 3.895820351743632393e-01 -9.660646089902006531e+10
-4.258677228541025706e+00 3.203400325446428276e-01 -3.729949166734916382e+11
2.889628810484974331e+00 1.444763225798481876e-01 1.244226134805073730e+12
-1.018164013774792931e+00 1.416648757071390929e-01 -4.559781074243237915e+11
3.254186500676584659e-01 2.953520881749708060e+00 3.352841057598937154e+08
-4.352404685544012941e-01 5.123866784368308336e-01 -1.489992998093576622e+10
-1.117107913533234909e+00 2.613550332995435266e+00 -1.469887206545797348e+09
-5.333557566742193057e-01 1.238574651964687856e+00 -3.124807223093356133e+09
-5.029253302137397519e-01 1.289299457017513584e+00 -2.719233666468878746e+09
5.277463104757965651e-01 1.359823770921233799e-01 2.565137009191991882e+11
-2.444274572906390275e-01 4.410772672813115136e+00 -1.129201009820253849e+08
-1.610999496632443684e-01 2.693804210587166792e-01 -1.995326489718898773e+10
9.608861924560885281e-01 4.422820458419017164e+00 4.414931315313069224e+08
-3.139793463930555362e+00 5.181221116603843546e-01 -1.051205067134000854e+11
-1.079296989534651863e-01 1.059693386073602556e-01 -8.638356765532861328e+10
-1.754883895555092055e+00 3.661599937139380923e-01 -1.176405978451985321e+11
-4.505126842836321144e-01 7.868572968524214062e+00 -6.539818392446517199e+07
1.001170766923338951e+00 9.658282776700483296e+00 9.646259597459386289e+07
-3.325407505707444589e+00 6.260822068191059797e-01 -7.624875700811387634e+10
1.805097866508379667e+00 9.518584789623735887e+00 1.790633088919402659e+08
1.078671416689399809e+00 6.605710142551456387e-01 2.221778516311526871e+10
1.283345673995656133e-01 2.177474927988116427e-01 2.432696571476964569e+10
8.221100433241142369e+00 1.407273961523280548e+00 3.730982980732881927e+10
-3.402039346191910507e+00 2.840016664866147345e-01 -3.790951022675927734e+11
-1.415100591758710724e+00 1.044463338316028445e+00 -1.165873765908219910e+10
-6.269575529453988993e-01 1.516971580261301245e-01 -2.448690339615932312e+11
-3.589923437713522958e+00 7.258317390247644996e-01 -6.124404892697897339e+10
1.764280441996632920e+00 1.862086492792517589e+00 4.573182557987824440e+09
1.024766639826788089e-01 1.644496235008755081e+00 3.405726983498783708e+08
5.257892271933291006e+00 2.305433508544484922e-01 8.891132854561942139e+11
5.782845573165517727e+00 3.625318723938380505e-01 3.954575078423248291e+11
4.382855988132395630e+00 2.158207440927630394e+00 8.457099653692619324e+09
-4.357771658190410236e-01 2.174798456107573941e-01 -8.280890774450416565e+10
1.155477935344720042e-01 8.746438636935376376e-01 1.357531038097012281e+09
-1.414130746264721683e+00 8.857878854019518577e-01 -1.619872044927773476e+10
-4.745066252760454240e-01 1.273801065832272650e-01 -2.628389254861068115e+11
-9.316533069121097910e+00 5.015640626635624599e-01 -3.328527314223941040e+11
-2.986267897617361777e-01 1.169423114348178139e+00 -1.962619170364523411e+09
1.748810195150070745e+00 3.474905797113485018e-01 1.301688966347352142e+11
-5.495269365508773651e-01 2.732429791640070604e+00 -6.615178693816117048e+08
3.870085574161056474e+00 3.254473705720756449e+00 3.284049180968451977e+09
4.003979338209628924e-01 7.448707450538849528e+00 6.486054757830245048e+07
7.635576270062665039e-01 1.542790504267256280e+00 2.883224924181803703e+09
-3.579476410113721641e-01 1.773360310177686527e-01 -1.023001226726800232e+11
2.903975141524367753e+00 2.535080396622589660e+00 4.061252941068808556e+09
5.094685346418663663e+00 1.767722043288265099e-01 1.465345482805095703e+12
-1.486620701575626535e+00 1.668335930941723833e+00 -4.800470308993516922e+09
5.598388745935027888e-01 1.849771166249031706e+00 1.470542767257598400e+09
3.979828762088192917e+00 3.801817811131781077e+00 2.474756095949056625e+09
1.605894923179797262e-01 1.776989365727097148e-01 4.570861750196453094e+10
-4.796867580272223264e-01 2.076238667843869623e-01 -1.000123881947560883e+11
-6.686508649416683880e+00 5.184342955179676027e-01 -2.235952547274124146e+11
3.337838740582044217e+00 8.653362540049053253e-01 4.006324942298252869e+10
6.677863151216464566e+00 3.959877989926478214e+00 3.827582175968127728e+09
1.867737644499108673e-01 4.645281231111425546e-01 7.779334873375972748e+09
1.432928814130586037e+00 1.875876012519900604e-01 3.659881080494346924e+11
-8.940770399622984144e+00 4.847616263493471855e+00 -3.419551060167900085e+09
4.072834172180767709e+00 2.429885954064932019e+00 6.199769810850417137e+09
3.912989928072155288e-01 8.119323400232497656e-01 5.334818741054143906e+09
-9.059252291323765860e+00 1.782044097221367751e-01 -2.563929502333766602e+12
1.266987065816515823e-01 1.545096948146316818e+00 4.769922581610264182e+08
-4.229047660747023984e-01 2.014848002504587399e+00 -9.362861944022041559e+08
-2.002257701029126924e+00 1.242178097411372528e+00 -1.166280075813549423e+10
-9.307846237960141877e+00 7.888165246790964424e+00 -1.344459792658948898e+09
2.682456085866506412e-01 1.963277784570475637e+00 6.254890835933781862e+08
7.361973444953476609e+00 1.205426577083865830e-01 4.553688720252451172e+12
-1.437628765279046261e+00 1.052780364348002262e+00 -1.165794010769255638e+10
5.220426286071950805e-01 1.360851017588286527e-01 2.533584662831760864e+11
1.769990464978367983e+00 2.341557375351070114e+00 2.901428933208136082e+09
1.769098174877967056e+00 2.936133644109814034e-01 1.844382164227079468e+11
3.421348292533320512e-01 1.835563153513428969e-01 9.126604763746350098e+10
1.141105387741843780e+00 5.258169176954068824e+00 3.709430718850812316e+08
-3.207679989749259608e+00 2.580780311704356400e+00 -4.328521504185027122e+09
-7.697442768548578007e-01 8.134305730267042733e+00 -1.045577198979524076e+08
-2.445966542909623787e+00 9.587807708693812714e+00 -2.391456579192066193e+08
3.585438388785020969e+00 7.600243440865529498e-01 5.578762538515667725e+10
9.388958231977293512e-01 1.224191454490258651e-01 5.630790098473653564e+11
-9.703298910058734128e-01 6.709092403497183277e+00 -1.937503436867521703e+08
1.907287748667921834e+00 4.515783839362590979e-01 8.406216044014251709e+10
3.861460161797949375e+00 6.612719791366767907e+00 7.936736035559785366e+08
-8.548982685667390058e+00 1.006343998376609372e+00 -7.587035812567240906e+10
-1.406762815779903031e+00 1.448933035776118761e-01 -6.022473111639719238e+11
-6.494995247834196572e-01 1.881958097938498886e+00 -1.648198660471620560e+09
1.143896533561607476e-01 2.909792747518841427e+00 1.214264359695326537e+08
-7.451763180039737700e-01 2.026583737885742753e+00 -1.630724349374428511e+09
-2.006270364145989582e+00 8.841139363308041510e+00 -2.306872561403595507e+08
1.812504526427459184e-01 6.871887660579774071e-01 3.449670507840401649e+09
-1.790294192209443525e+00 4.010304185930899656e+00 -1.000507595459452391e+09
2.176463498666641461e-01 2.533150314672145687e+00 3.048457074185745716e+08
1.054188144693172458e+00 3.079153356533816055e+00 9.993235163004748821e+08
3.303414350157897195e-01 9.161437874204652942e+00 3.537418050562827289e+07
3.803360828155204487e-01 4.725054815086452642e+00 1.531103133831120729e+08
-6.986955990904520908e-01 5.060441566619902076e-01 -2.452233366040521622e+10
-9.340769830880025770e-01 3.571975802680276701e-01 -6.579854232012048340e+10
1.230052564224036055e-01 1.695782419805955954e-01 3.844448360881967163e+10
-3.796817302370300684e+00 5.689524533670139661e+00 -1.054188730917939186e+09
1.171975170275619399e-01 2.267185824838476305e-01 2.049249292997365952e+10
2.706486719932093554e-01 2.314832481346808635e+00 4.539597868514348865e+08
4.726038271103505384e-01 2.338243227426349158e+00 7.769060121860584021e+08
-6.873473158271267147e-01 7.101980436911029537e-01 -1.224807722759461784e+10
-1.201835138604745862e-01 3.758898430911873367e-01 -7.644944452920191765e+09
1.331731781894972821e-01 1.287589837949729143e-01 7.219586127936132812e+10
-6.694462185407903387e-01 9.589651246995549272e+00 -6.542755401804248244e+07
-1.236710642192474230e-01 3.881436576730073806e+00 -7.377916369950342178e+07
2.103798382326173555e-01 2.893383797597959273e+00 2.258617271472746432e+08
1.830935722909819097e+00 1.563991362447635369e+00 6.727520286792137146e+09
1.933797926037275072e-01 2.989689455693012587e-01 1.944507170556540680e+10
2.387039206499340427e+00 2.713781690330950624e+00 2.913133279479718685e+09
-1.342381800620272347e+00 5.478175282057941686e+00 -4.020266341027766466e+08
-5.867820868851442162e-01 6.658211681346461575e+00 -1.189630989734991193e+08
-1.792083154494555686e+00 5.900991508480896153e-01 -4.625501183974957275e+10
-7.685106044665681591e-01 4.555153822812541442e+00 -3.328851245075513721e+08
1.068426394832789672e+00 2.418842276895009746e+00 1.641270355863320351e+09
-2.139642924290401649e-01 5.198785542293695272e+00 -7.115216434158705175e+07
-2.040608570281869927e+00 8.366076458735783206e+00 -2.620394420003910661e+08
-7.422393177404891240e-01 5.644308851397497051e-01 -2.093982435477361298e+10
-2.310641616062504511e+00 1.122447443416893620e+00 -1.648356629529454613e+10
1.661760270613019230e+00 2.097106274825088157e+00 3.396081551117231369e+09
2.050144352818045856e+00 1.813406469717251113e-01 5.603311131448670654e+11
2.960687915789465219e+00 8.975223305357841852e+00 3.303335799507650137e+08
4.618647157819630422e+00 2.902973070309101677e-01 4.925829663063789062e+11
5.734694438691442464e+00 2.826866085409959761e-01 6.449862103741330566e+11
-1.051683150983214049e-01 3.388995406984501191e+00 -8.229881348734669387e+07
-5.803132251753908122e+00 2.292169566852099716e-01 -9.927036123985222168e+11
-5.875703530981116529e+00 1.567474391860437799e-01 -2.149362087450873047e+12
-7.189747687174436130e+00 3.273443468877748508e+00 -6.030517438627053261e+09
6.017771866685114324e-01 1.047417666408241022e-01 4.929995791630924683e+11
-7.675990117269394730e+00 6.378393618389491815e-01 -1.695752211453451843e+11
-2.222431442376266997e-01 2.121212051517522290e-01 -4.439262429241436768e+10
3.688745130322781840e+00 7.578489230875938842e-01 5.772500668596706390e+10
2.160818115037740350e-01 1.770033637661793779e+00 6.198773830282645226e+08
6.374921661459659106e+00 1.711763877167042480e+00 1.955409658147520447e+10
6.876837717984500831e-01 3.057124011279012676e-01 6.613224742923703766e+10
-4.067021848777064186e+00 1.224788765764453169e+00 -2.436714992827893829e+10
4.738982847015373423e+00 3.673896966360576499e+00 3.155599003139320850e+09
8.807512958031429307e+00 4.333115621237999093e+00 4.216026714299090862e+09
-3.877349874785760986e-01 8.059236277650535518e-01 -5.365347224008819580e+09
-1.700989400162036813e-01 6.958139999346471427e+00 -3.157663887975726649e+07
-2.543828303914699163e-01 2.315575009274188467e+00 -4.264034460835107565e+08
-1.621665910760550777e-01 1.933098066892137978e-01 -3.900355858185697174e+10
-7.839074823875689546e+00 1.683181734523541140e-01 -2.486871864103627441e+12
-1.885868570493700602e-01 1.379311477881234593e-01 -8.909171942317065430e+10
4.893086463757186366e-01 2.778581653229668103e+00 5.696225594530503750e+08
2.855294450255376759e-01 2.978387210097241389e-01 2.892938512090008926e+10
1.956561391148842644e+00 1.485675753276617383e+00 7.967022184982528687e+09
-2.705567078203688691e+00 2.712944804051002912e+00 -3.303900868752196312e+09
-8.488477992230167857e-01 4.042362856895606038e-01 -4.668849297262796021e+10
-4.423332560087742671e+00 8.022840680091681165e+00 -6.176520322034454346e+08
-4.469158685889875193e-01 5.048808046285446771e+00 -1.575791215504794717e+08
2.489594358891040748e+00 5.942321861964087182e-01 6.336754279877509308e+10
2.938557356440786084e+00 2.531034645901552249e+00 4.122765282758826733e+09
-2.292487071334446291e+00 1.136278004567295108e+00 -1.595836204359144402e+10
6.716216428551672335e-01 2.405522687694427730e-01 1.043173116682556610e+11
-1.809463636333566994e-01 1.322299337134984210e-01 -9.301241435891383362e+10
4.232631219060844496e-01 6.739834509746036595e-01 8.374571277274999619e+09
-2.464927036761640766e-01 2.508677581708722570e-01 -3.520180955896973419e+10
5.634147889703265299e+00 6.950463083086092508e-01 1.048217434747149200e+11
-1.967483496368509499e-01 3.983479055330074292e+00 -1.114388547854020447e+08
-2.507103850601547723e+00 6.895977964953491357e-01 -4.738394461995390320e+10
-5.404206243112930075e-01 1.116138640108403468e+00 -3.898937255904530525e+09
-5.414077671375520096e-01 2.206173961304614128e-01 -9.997596191389067078e+10
2.521257422759786149e-01 4.794147546129840509e-01 9.859275818165929794e+09
2.626415681236359490e+00 5.664917021963458588e+00 7.355750253319689035e+08
-5.802243411543493323e+00 3.153203261687763437e+00 -5.244965406702939034e+09
8.240760730027415493e-01 7.049249085225438582e-01 1.490500786980562592e+10
5.474675859884150952e+00 1.082375886992156255e+00 4.200034058570326996e+10
-3.973989419553030533e+00 7.004530120068176657e+00 -7.279797696723977327e+08
-2.918718781205961843e+00 3.127576198055430634e+00 -2.681804235566578388e+09
1.522080120121735991e+00 9.144260350767721590e+00 1.636028884039691389e+08
-7.473304988117281944e+00 7.323445533483667891e-01 -1.252369299426273346e+11
-2.310528732790526618e+00 1.855591585478837957e-01 -6.031109353797841797e+11
2.552962747508268571e+00 3.734455231981833601e-01 1.645282888442469482e+11
1.536861381996163511e-01 1.773491887067172756e+00 4.391641738208467960e+08
1.714155688474917394e+00 3.676915277858006981e+00 1.139550658245466709e+09
5.825017248907147227e-01 2.754539886309129493e+00 6.900009730710380077e+08
9.048496085319285953e+00 9.633389037705151203e-01 8.763323065513218689e+10
-4.174041524403125925e-01 4.101722532008578170e+00 -2.229845775649270415e+08
-2.193812349963263908e-01 3.655151872408130220e+00 -1.475839880980021954e+08
-4.637209824807912995e+00 4.485255281903412494e-01 -2.071729418500505981e+11
6.846073105743004650e-01 4.562996026939818983e-01 2.955234645291598892e+10
-1.678900243019537664e+00 6.928851800557638718e+00 -3.143062126511225700e+08
-4.286162359244664044e-01 3.118707090160603101e+00 -3.960682788812947869e+08
6.509787434154929997e+00 1.966841709570737784e+00 1.512441574722320938e+10
1.675377743450273904e+00 7.884170958284330233e+00 2.422430324377926886e+08
1.686887305831370476e-01 1.045840554764386088e+00 1.386135643800355911e+09
1.564505197385209545e+00 2.977640573925927292e+00 1.585926592560382843e+09
-5.556334975908782781e+00 2.124764727790253271e+00 -1.106158452151246262e+10
6.965715833268035784e-01 3.497321627365967411e-01 5.118529664930866241e+10
-2.285898916013461957e+00 1.859963922124745483e-01 -5.938798627885760498e+11
1.669861600899827658e-01 3.623277312832770658e+00 1.143215086612261236e+08
-3.114263581160042205e-01 5.027530078028766836e-01 -1.107379884647445679e+10
-5.683497252222458940e+00 8.975374183560873576e-01 -6.341049536871607208e+10
-1.851607235004494312e+00 2.659764259550915222e-01 -2.352410967916200562e+11
-6.655428699216095367e+00 2.347382721857171006e+00 -1.085572532856585503e+10
-3.727769840145495728e+00 9.010457141997401109e-01 -4.126730027333266449e+10
3.872453742058164505e-01 4.302136672769411696e+00 1.880478838690008819e+08
-4.170385937937672871e-01 2.483286836581410473e+00 -6.078173503563098907e+08
3.614682245130885541e+00 1.516445061700945063e-01 1.412756720500054443e+12
2.781189089656269098e-01 1.573486859374083890e-01 1.009612908514728088e+11
1.910111284260558318e-01 9.990644376608818211e-01 1.719975608434884548e+09
1.919029170256032923e+00 2.379139799197343974e-01 3.047139033153625488e+11
-2.500977006631611932e+00 2.238455013602191457e+00 -4.486044484007223129e+09
2.192279781918152537e+00 3.799674829865916093e-01 1.364751979891071014e+11
5.774684459185713159e+00 1.664281823803325899e+00 1.873808206020434570e+10
1.062950865674609502e-01 1.175428138273015621e+00 6.914672928961340189e+08
1.027681424640256802e+00 1.912248044268720359e-01 2.525926296455230103e+11
-1.243926256472601244e+00 9.321034728628349697e+00 -1.286817626284110397e+08
2.567153355069974885e-01 3.167587780204044190e-01 2.299561948394271469e+10
9.355796363646202707e-01 1.449358671315806202e+00 4.002945087094837189e+09
2.686601650391085006e+00 1.531014546315324631e-01 1.030137653027381226e+12
1.175478096188228738e+00 2.382140917653202017e+00 1.861788147966629028e+09
5.873218682172475447e+00 2.283438883632337379e+00 1.012390370247397614e+10
4.149383385317114481e+00 9.836002588089984400e+00 3.854756179258846641e+08
-5.673594712384552707e+00 8.064338474941843415e-01 -7.840999610480055237e+10
2.850620940715116736e-01 2.466784042785272746e+00 4.210443352541108727e+08
1.674539645454895531e-01 1.980253718364267224e+00 3.837994760806152225e+08
-9.958308549949930200e-01 3.090114266208863758e-01 -9.373183484344160461e+10
1.636690957810337521e-01 8.224022655439121587e-01 2.174947135124072075e+09
1.579018733055982615e+00 8.615055425030407887e-01 1.912149080869482422e+10
5.499049581140426080e-01 2.795035466638410293e-01 6.326501387070416260e+10
1.677199201308084309e+00 5.429184685521171172e-01 5.114062537363846588e+10
1.918314707317790579e-01 3.679277440934974330e-01 1.273636215222832489e+10
1.709307524692722235e-01 2.251053316588519593e+00 3.031791003387447000e+08
-1.230005941228396321e-01 1.245536385297965898e-01 -7.125986409012449646e+10
1.379987488996215206e-01 1.721859095254834715e+00 4.183411148636491895e+08
4.025577110139643700e-01 1.285092180131458539e+00 2.190837704440726757e+09
3.138094098486912120e-01 2.198590387202537244e-01 5.834826287410827637e+10
-5.024387828722609584e+00 1.434994077091033271e-01 -2.192974370967499756e+12
-2.414200303848518914e+00 2.089299537789425454e+00 -4.970756650139649391e+09
2.990800872910819308e-01 2.280338765775809795e-01 5.169390929081954956e+10
2.129055783392101164e-01 4.314553792474649541e+00 1.027935542800227851e+08
-4.364299809965570986e+00 1.255464314172393125e+00 -2.488607755632687759e+10
-2.710797053874628437e-01 3.108874406891146247e+00 -2.520816703987074494e+08
1.141707163025565963e-01 4.111684364142165760e-01 6.069680169676920891e+09
3.655493447738128454e-01 1.786326370581251266e-01 1.029615351064592133e+11
-3.106350086750426787e-01 3.222358454800466010e+00 -2.688767922913427949e+08
2.148464040125401375e+00 3.172131302365762684e-01 1.919006281590657654e+11
-1.975724098903771375e-01 7.096526196034733669e-01 -3.526024251673823833e+09
-2.644316011926581833e-01 1.949363566340717446e-01 -6.254293868448314667e+10
2.713830232747761473e-01 1.916810309829621195e+00 6.638577373544106483e+08
-1.734459910821994910e-01 6.902931106133598504e+00 -3.271506644193224981e+07
-1.038955399039863892e+00 4.270501801371927364e+00 -5.120232758359410763e+08
-1.978660239692486833e-01 5.876136964007260488e+00 -5.150365204027471691e+07
-7.340963950666786753e-01 2.200667328752802465e+00 -1.362369517369883060e+09
2.416287851332695524e+00 4.424281430206034926e+00 1.109465492659691334e+09
9.146965413324494865e-01 5.138358981676943493e+00 3.113714369933276772e+08
4.662459860164465120e+00 5.118774727704288097e+00 1.599313819943101406e+09
1.633619513247310362e+00 9.260875229696181599e-01 1.711975181992789650e+10
-3.869088121976184125e-01 8.546414929596353183e-01 -4.760924468739052773e+09
1.629461579625306689e+00 1.400319290194893762e+00 7.468624074107266426e+09
1.795896806487358166e+00 1.081766189780630494e-01 1.379320494938255371e+12
1.473613080408522347e-01 2.113199671750567887e+00 2.965876186959149241e+08
-1.930154043783690820e+00 7.106051390122021250e-01 -3.435467951601720810e+10
-5.947019075808201549e+00 2.191885090827703220e+00 -1.112536798456605721e+10
-6.669246979970931966e-01 1.072200642007683502e+00 -5.214051221656107903e+09
-6.072569671228273958e-01 7.101807919419228510e-01 -1.082144560530089760e+10
-2.187697135351450051e+00 1.100364447037515264e-01 -1.623920322564462646e+12
-7.584693648551849243e+00 2.221102570930498565e+00 -1.381819867904844666e+10
3.549024147690666098e+00 1.476267568287630283e-01 1.463623637501402100e+12
5.291235991532665661e-01 1.697155844450528861e-01 1.651065497351822815e+11
-1.016956676800146342e+00 6.551195884954257309e+00 -2.129667972605085671e+08
9.316008575469064468e+00 1.239097466629230510e-01 5.453427701395272461e+12
-8.779469895975834381e-01 1.045607854784610380e-01 -7.217407693183996582e+11
2.197944553975661186e-01 4.761926585810568824e+00 8.711680907150985301e+07
-1.892501305311125481e+00 7.676944986994255871e+00 -2.886090525614253283e+08
9.475888590920994448e-01 8.602172987195780607e+00 1.150944072739955634e+08
5.243169233298122789e-01 3.044592810287551465e+00 5.083771932012089491e+08
-9.601843273458243289e+00 5.940669482903327747e+00 -2.445312963657969475e+09
-3.822318325661746119e+00 2.299405022573291824e+00 -6.497503462994714737e+09
-4.344903771523773273e+00 1.167152948192603928e-01 -2.866653738607086426e+12
9.162788462752254892e-01 1.433308938707171798e+00 4.008654807810340405e+09
-2.042331268755693596e+00 1.345682747901007781e-01 -1.013657961165477783e+12
-1.119435162290294938e+00 1.025147681643282099e-01 -9.573631233054704590e+11
6.987423494347866360e-01 2.094636276940849751e+00 1.431365161472538948e+09
-4.449972515116683347e+00 1.261291771311016940e-01 -2.514066853405790527e+12
1.291535570948208589e+00 7.330060813715721935e-01 2.160438134978176880e+10
-1.075069101170475355e-01 5.408192181242654328e+00 -3.303564315536585823e+07
6.767505219843021891e-01 2.253483390372315598e-01 1.197761901722542419e+11
-5.842594900958919535e-01 9.892074948567208814e-01 -5.366382161735817909e+09
5.351137691130131158e-01 1.274506593104771657e+00 2.960823857167090893e+09
4.789819810865168503e-01 5.036001205616947862e-01 1.697454505963786125e+10
-1.167158503247406193e-01 1.359035950445806051e+00 -5.679610668249567747e+08
-5.083839653989707941e+00 1.357675471067280315e-01 -2.478851550248850586e+12
7.133554670221181615e-01 5.471282323203621178e-01 2.141797274487009811e+10
-3.477365432629132558e-01 1.208218182315231731e-01 -2.140968200343673401e+11
-3.469478475514371052e+00 3.762002954780706010e-01 -2.203314797465410461e+11
-1.383349099183541986e+00 2.424952874910910883e-01 -2.114344758969003906e+11
7.219252983228468423e+00 1.632807004424468467e+00 2.433734338804025650e+10
2.425018103287798876e+00 3.893810921501775546e+00 1.437526586582444668e+09
5.258149844097066428e-01 1.927344530656718957e+00 1.272227752503318548e+09
-6.547132646662007227e-01 1.381080656955677721e-01 -3.085060412129711914e+11
-6.229016169300020778e+00 1.409765542299216134e-01 -2.816931550211728516e+12
3.757771605831814909e+00 7.752633925088722178e-01 5.619302919461853790e+10
1.216245603815045845e-01 8.551296252051701074e+00 1.494885732631643303e+07
-1.441350143994077682e+00 1.188507268041534559e-01 -9.170994444449632568e+11
1.638844721977144037e-01 1.252635179748781580e+00 9.387267983337860107e+08
5.300500491914401202e+00 7.529049106189027007e+00 8.404023111134459972e+08
5.074994448489222876e+00 2.908782029406465242e+00 5.390931741324143410e+09
2.055975919540100172e+00 4.698389740730488096e-01 8.370869337604588318e+10
1.500080863288507371e-01 3.432426215308891360e-01 1.144360525717104340e+10
3.790946928695353990e-01 7.464073726149827337e+00 6.115704345355495065e+07
-8.427261507005974650e+00 5.672240914196625683e-01 -2.354115424087361450e+11
5.192748936497292078e+00 4.772326656645644150e+00 2.049215435557905674e+09
-8.277544430949385079e-01 6.687212808946505938e+00 -1.663649564758639634e+08
2.173417159904698082e+00 2.131859444879328436e+00 4.298100579063544273e+09
1.302193452875576307e+00 3.730642116206246417e-01 8.409282614418106079e+10
7.585918778987162936e-01 4.833321808804412534e+00 2.918551645683620572e+08
9.511497154136494103e+00 2.859781024142492578e-01 1.045283127891597900e+12
2.016256190019734440e+00 8.044114316566628453e-01 2.800527646987043762e+10
1.510558780235280452e+00 3.753934976927886802e-01 9.634180003247132874e+10
-6.638742426480862546e-01 2.344449320800384706e-01 -1.085562266184855652e+11
9.481695400884638802e-01 1.220475840659587252e+00 5.721082940205390930e+09
-2.403105167800219377e-01 5.511253889328741051e-01 -7.110867054047731400e+09
-7.249228731829278072e-01 4.253401986355589415e-01 -3.601385090662305450e+10
6.114244620302636157e+00 1.974889862079000358e-01 1.408989211045539795e+12
-6.324785258794665133e-01 6.459875255490296064e-01 -1.362222784499561501e+10
-7.869384229335943282e+00 1.174376931380774064e-01 -5.128334510892623047e+12
-4.343007105494663955e-01 1.329280457779233315e-01 -2.209062066279783630e+11
2.120670128385401032e+00 6.553587028764077393e-01 4.437778228749054718e+10
-1.843067654882724948e+00 7.013347879350069203e-01 -3.367759987812938690e+10
1.687278092435660737e+00 1.446653899864237980e+00 7.246161375401146889e+09
-2.946642338520224502e-01 2.644986766158476388e-01 -3.785567863345182800e+10
-2.127084102112328790e+00 9.202157344394853666e+00 -2.257646649776726067e+08
7.809418792229468664e+00 4.228476502704159867e-01 3.925558812457485962e+11
4.235397028333736991e+00 8.899180502406510485e+00 4.806674512570111156e+08
6.156388577036733700e+00 1.417070076235926734e-01 2.755459216621612305e+12
6.737152772172580129e+00 5.369732599340643731e+00 2.100011607326519489e+09
1.096212960103882139e+00 4.162569657015143809e-01 5.686205123953915405e+10
-1.929598473900599742e-01 9.715147698707246704e+00 -1.837463624299067631e+07
-5.259915549472291563e-01 8.773723211685238610e+00 -6.141317222100780904e+07
8.448624013981287817e+00 9.715965641948519860e+00 8.043862919462156296e+08
4.625607829267108784e+00 9.307250326369436166e+00 4.799286076302923560e+08
2.161879852620142373e+00 9.139463511092897008e+00 2.326166333763098717e+08
7.505977073636458385e-01 1.948901205944565396e+00 1.776144123250663280e+09
-1.920812889306490190e-01 4.673503694607543668e-01 -7.904064925064692497e+09
-4.363691060090118534e-01 3.924561414710045493e-01 -2.546374959642248917e+10
-2.396774640377250243e-01 3.432054306251832165e-01 -1.828813912303922272e+10
-3.557709948415523016e+00 5.032555664772422332e+00 -1.262536614845382690e+09
-2.223434293379344673e-01 3.033543871614526211e+00 -2.171572622500810325e+08
-2.582304197966043713e+00 1.079719065910726084e+00 -1.990840554537961578e+10
3.882679061906393336e-01 3.665076748923298267e-01 2.597861328607378387e+10
-4.046681660917018641e-01 3.707489897780695376e+00 -2.645999189954482615e+08
-2.820613993376677731e-01 5.216405964834436304e-01 -9.316472552287612915e+09
2.590008357944210693e-01 1.585107737044003651e+00 9.264760825648936033e+08
-6.642432937726394648e+00 3.136772547908800224e+00 -6.067527310346512794e+09
1.608656859020733132e-01 2.886984574649305468e+00 1.734702908091922402e+08
7.613663951717886569e+00 1.124640421005977498e+00 5.410245163353804016e+10
3.487911190813028917e-01 3.118146472501671873e+00 3.224207714540729523e+08
-1.176489010223645160e+00 2.087300098606318099e-01 -2.426994017457454529e+11
-1.538088504692302294e+00 9.272411421293762501e-01 -1.607853806785992432e+10
-1.552269090087493308e-01 7.346460044322997707e-01 -2.585004991876386642e+09
8.834135606797667961e+00 4.860426723965904361e-01 3.360979625292185059e+11
1.677184508573122124e-01 6.550856146657966228e+00 3.512653692060863972e+07
-8.212883070563674615e-01 8.405367330341888543e-01 -1.044799275238342094e+10
-1.499788383144149972e-01 2.071968735772628634e+00 -3.139888366485813260e+08
7.789017347114702616e+00 1.464805348310663780e+00 3.262672296970018768e+10
1.257793244970094371e+00 1.115848059149230131e+00 9.079245335737884521e+09
1.593119005920800857e-01 3.349266808551593089e-01 1.276436886486124229e+10
1.015549859587003834e+00 2.652284433820187193e+00 1.297512874830655575e+09
-3.834954137779106986e+00 1.276959509244122437e-01 -2.113764208058823486e+12
3.848911701401207974e+00 2.968127225597958052e+00 3.926662195054162025e+09
-2.242427951281810827e+00 1.382557229688749834e+00 -1.054393891794979095e+10
-1.027364261054889150e-01 1.452861554342504968e-01 -4.374481749311711884e+10
1.743092829893434503e+00 1.926918062430164613e-01 4.219341132175380249e+11
1.149885524934367298e-01 1.335269182384941355e-01 5.796523139185823822e+10
-1.464200056603836841e-01 2.070824277323188856e-01 -3.068771428506169510e+10
1.110615384873284262e+00 9.032571908371789249e+00 1.223464713700128794e+08
-3.029420685042658601e-01 6.630804269236294513e-01 -6.192667866499729156e+09
1.847836809945183068e-01 1.197180307969570645e+00 1.158764290850070238e+09
-1.430870817516989080e+00 1.895708607290977676e+00 -3.578556519153756618e+09
7.650083352376897405e-01 9.329091254263945032e+00 7.900200309475913644e+07
-7.009003045331169801e+00 1.078038129347694551e-01 -5.420490947604696289e+12
-2.157710673155252834e-01 1.173741315268509999e-01 -1.407664131119855347e+11
-6.214606605816228591e-01 1.506684697980189780e+00 -2.460478109589586735e+09
1.602119434809313181e-01 2.422510960791214529e+00 2.453657867891590595e+08
-8.433163833537664633e-01 1.722582394562661934e+00 -2.554354369276891708e+09
-2.035190521836327260e-01 1.200792048900715114e+00 -1.268586491892911911e+09
7.812782423158221023e-01 3.547551809028981040e+00 5.579545902662374973e+08
-2.813122578710150812e+00 2.606012060782066930e-01 -3.722943387066692505e+11
-4.016280440829441689e-01 1.109571025755905493e-01 -2.932003157265640259e+11
-2.999236927697940924e+00 8.793093865634086015e+00 -3.486406113780895472e+08
6.319762305398580082e+00 3.091921885521507374e+00 5.941475844991458893e+09
9.620914280418441100e-01 1.331346627440249675e+00 4.878481682148909569e+09
9.089606979025639077e+00 7.810151235287888793e-01 1.339296816435042419e+11
6.609714011726264271e-01 3.841402943055543528e-01 4.025812626877865601e+10
1.966465802770426041e+00 2.037293075877584791e-01 4.258238658333364258e+11
5.192020973915046911e-01 5.639947969949115070e+00 1.467022793005312681e+08
1.148043376925081682e-01 1.655943458560897585e-01 3.762858679632513428e+10
2.586046728292801689e+00 3.718857776079726452e-01 1.680613498140218506e+11
2.943503156893343853e+00 5.827429865322371061e-01 7.790422535848056030e+10
8.600719404520582589e-01 4.007603470300701076e+00 4.813000530230001211e+08
3.671516325427263805e+00 1.772263466221662753e+00 1.050605117903914642e+10
-2.245156061871807385e+00 1.666217592645633516e+00 -7.268314676064521790e+09
-9.929498852174661883e-01 1.308855804825360958e-01 -5.209479596127933960e+11
-4.178366725558315675e-01 1.092981823035955175e-01 -3.143629053092005005e+11
-3.431488104645993076e+00 1.196277699623260249e+00 -2.155108313458580017e+10
-4.713431346878842465e-01 1.251557479269687911e-01 -2.704495133643572693e+11
3.521781558436810400e+00 6.080877984990418206e-01 8.560131865367805481e+10
2.277160726873329377e+00 1.552563367118220405e+00 8.490741793066953659e+09
5.452850495083360061e-01 2.934485222232990909e-01 5.691285276403472900e+10
3.148491444617277146e+00 2.297841217846686934e+00 5.359362154004763603e+09
-1.360852879977836050e-01 1.690441520025676159e-01 -4.280174672066513824e+10
-2.393301644916086823e-01 5.353772474512554780e-01 -7.504611881087100029e+09
1.273697526028526816e+00 1.423702813286674695e-01 5.647786060208312988e+11
3.870752367324721277e-01 4.912085629650648211e-01 1.441830301394461250e+10
-1.164793206391791403e+00 1.076471080656097867e-01 -9.034304270486362305e+11
-2.091795272663939664e-01 7.936420071860015746e+00 -2.984836191287163645e+07
3.541861695163231794e+00 1.731333325768077191e+00 1.061991008062084961e+10
-1.430435618982155987e-01 1.220055517128987438e-01 -8.636936922829205322e+10
-9.269824175519596920e+00 1.532363886583462120e+00 -3.548119990528413391e+10
-9.751713849318207394e+00 9.300717410301686527e+00 -1.013208137430755854e+09
-8.776936075100504331e-01 3.195958728515794212e-01 -7.723092366013789368e+10
1.056470492269287742e-01 4.041775948706300969e-01 5.812507407889255524e+09
-6.120375324093590974e-01 1.464187677380765606e+00 -2.565873130128419876e+09
3.010303046870418942e-01 1.229609001139207791e+00 1.789479671413985968e+09
2.070209227737807300e-01 2.892263561363998647e+00 2.224278306816804409e+08
-1.386501754426722410e+00 1.357376340008365156e+00 -6.763484390347150803e+09
6.388394566195235713e-01 1.729532065179610223e+00 1.919486728125813484e+09
-5.679707792814415512e+00 3.971244792733227280e-01 -3.236855369288498535e+11
1.784946485337398414e+00 7.856917625902097857e-01 2.598791385792026520e+10
-5.525193502343971552e+00 3.479567337999331933e+00 -4.101546311486023903e+09
-1.263974520314631589e-01 1.627927339950452357e+00 -4.286658671593077183e+08
2.018372097078546812e+00 3.381641809918167318e+00 1.586341344217530012e+09
2.490210491961117045e-01 1.352313005391178713e+00 1.223861371574734449e+09
1.100908155799504851e+00 3.061260644561698108e+00 1.055847244642651677e+09
8.147715803348281938e+00 6.511969323509400276e+00 1.726878563579079390e+09
6.340806003208055985e-01 1.830542988394879611e+00 1.700729402433531046e+09
2.593518899204952932e-01 2.075135465037836635e+00 5.413113457663795948e+08
5.664266591610409129e+00 2.252231857968105266e-01 1.003617231274272949e+12
2.100573798986712593e+00 1.150258096117321216e+00 1.426914545283204842e+10
2.522615421313074147e-01 5.421962361970358302e+00 7.712384403780500591e+07
1.690230045873392928e-01 1.315347630852491179e+00 8.780421046510798931e+08
6.922272451663818993e-01 2.179294962350044607e+00 1.309987878277720690e+09
-6.705392164716907910e-01 7.411463674541243218e-01 -1.097152083669906044e+10
-3.162074083809259140e+00 5.702166605137768407e-01 -8.740632374034086609e+10
-9.464336323520040395e+00 5.069579116065948021e+00 -3.309763582929798603e+09
7.855847580650454631e+00 5.652630213981951757e-01 2.209746811535533752e+11
1.959895451053219828e+00 1.432441187847511010e-01 8.584794885797712402e+11
4.108373563336825129e-01 2.901524397792257570e+00 4.385994581633266807e+08
2.095671867813617695e+00 4.757243446162005007e+00 8.322679083191210032e+08
4.482188371625411283e-01 5.185882720199537665e+00 1.497943183801020384e+08
-2.179878596778193067e+00 4.676277454094021735e+00 -8.959471323232871294e+08
1.485095604002406311e-01 9.293851825690964130e-01 1.545302626030097485e+09
-4.481844842413608698e-01 3.558160238194125746e-01 -3.181679512731181335e+10
-1.006222654529120575e-01 5.235824973997915688e-01 -3.298940394478888512e+09
-9.343214858942620049e-01 5.520977663212605080e+00 -2.754957949138503075e+08
1.018316482076309981e+00 1.330138884398261778e+00 5.172963480497306824e+09
-1.000882870237647243e-01 9.346193953215276018e-01 -1.029827052792736650e+09
1.858781849308549061e+00 5.560430604960052925e+00 5.403338697033710480e+08
-1.943609251711166941e-01 5.398440289198720432e-01 -5.994086028899834633e+09
1.781187961062917213e-01 1.246169391247014535e-01 1.030875480156781158e+11
1.990772234199430502e-01 6.390124384688457226e+00 4.381810276333547384e+07
1.690220220435196818e+00 2.832520028713658711e-01 1.893424238554430237e+11
-2.925505190512079690e+00 9.037495779732534373e+00 -3.219254239680191875e+08
6.660650744503119336e-01 1.043747321747048540e+00 5.495111789436687469e+09
-2.449522303506161958e+00 6.655703850745368300e+00 -4.969858655564478040e+08
-2.870419457820758247e+00 7.038909880466318825e+00 -5.206971178546502590e+08
8.773379530981439967e-01 2.388223804046230303e-01 1.382507480598496094e+11
-1.879512131179662815e-01 2.192456238975418192e-01 -3.514259958178192902e+10
-1.096305700823948098e-01 4.281356311906610479e+00 -5.375508397077325732e+07
1.265186284172454378e+00 8.634821938664702046e+00 1.525099999338837862e+08
-5.211574573138138433e+00 2.948123429211039870e+00 -5.389249008244812965e+09
9.047512846760608074e-01 5.195945533963599594e-01 3.011970034481332397e+10
-2.972846086263346566e-01 3.007108537848103946e+00 -2.954777857878503799e+08
2.816318377720612887e+00 3.352044191821088592e-01 2.252749471153652649e+11
-1.181617236580757568e-01 2.746189132195621663e-01 -1.408207158208576012e+10
4.171567011401088543e+00 1.617080055141310035e-01 1.433794141496252930e+12
5.097723827422253606e+00 3.820492749447226832e-01 3.138977207792205200e+11
-3.350668509964955799e-01 9.776984144531040144e+00 -3.150447600741760805e+07
6.302762498452082474e-01 1.832154177679491180e+00 1.687553407493915558e+09
-1.196913634604227283e+00 3.409207934965361897e+00 -9.255639938227891922e+08
-2.779901900264356018e-01 1.622478999201457883e+00 -9.491217383383985758e+08
3.833219142435760229e+00 4.843602779120400603e-01 1.468511078456920166e+11
1.887441044266779722e+00 5.243344101823772530e-01 6.170314402269449615e+10
2.718937410887415917e-01 4.690406897242444528e-01 1.110781886481132126e+10
3.640319708817798094e+00 1.702328076518089539e-01 1.129025162813883545e+12
6.698547239393970454e-01 3.116680617483789106e+00 6.197929650874795914e+08
5.739362039933180171e+00 7.113613399405345206e-01 1.019374396284995575e+11
-9.503425429497839971e+00 6.697863634334922933e-01 -1.903961609025729980e+11
1.429224623484422363e+00 4.276679958992206099e-01 7.023241548156362915e+10
-3.223467654779103575e-01 1.880609801256742097e-01 -8.191747261810385132e+10
-8.990976429488906518e+00 6.473648777917851760e+00 -1.928231665477091551e+09
-5.954179707877603756e-01 1.674597316739961039e+00 -1.908322516687431335e+09
-7.234171300691377482e+00 5.732653385206663010e-01 -1.978463485181037598e+11
1.869043476215565436e+00 4.359991478642353258e-01 8.836875596047373962e+10
4.965464681830881744e-01 1.547215145435053563e-01 1.864271238943806458e+11
-4.110591792471418593e+00 4.127717912199709294e-01 -2.168377784063888855e+11
-1.238404872357397934e+00 3.726555034474593686e+00 -8.014901541137522459e+08
1.533224009792313880e-01 1.372220758581569611e-01 7.318267164540730286e+10
-2.147029750950244786e-01 2.289565489769812556e-01 -3.681141739210160828e+10
-2.674679504413233211e-01 2.141803983502735820e-01 -5.240381734116809082e+10
-1.216039454370902551e+00 1.444759800936388672e+00 -5.236088586847143173e+09
1.008660031451893424e-01 2.890829949551714684e+00 1.084801656087364852e+08
6.350238751294105199e+00 8.868320359743009362e+00 7.257013413076220751e+08
-5.868980588301056400e+00 1.844183205358749689e+00 -1.550976316249640083e+10
-2.641824647472615917e-01 1.762867375319726038e-01 -7.640386437369496155e+10
6.089559183849541091e-01 3.006466257913175344e+00 6.055134661172286272e+08
5.455559779424477007e-01 6.833637495530567207e+00 1.049992176664584726e+08
2.182124387055864034e-01 6.261147925722285734e-01 5.002904263140472412e+09
-5.037097468851297055e-01 6.278363467685213806e+00 -1.148518683151108921e+08
3.556179629658048902e-01 5.635421455982503325e+00 1.006425207782465816e+08
-1.257101076434987141e-01 1.159645581761630906e+00 -8.401759800666707754e+08
-8.270293270088258097e+00 1.943126176181080023e-01 -1.968654591127051270e+12
-3.210667119663986657e+00 1.406600974192169784e-01 -1.458492066389532227e+12
1.277393280497072237e+00 1.661511796010011477e-01 4.158803375332732544e+11
3.992266242497093387e-01 5.954717701989261647e-01 1.011923682010321999e+10
3.654205281069850653e+00 3.693491973880833612e+00 2.407516321272602558e+09
8.126451945824168632e+00 1.504239024867907393e+00 3.227883760385870743e+10
5.804926022373171790e+00 1.054287638494654011e+00 4.693848617184864044e+10
-1.870360692500375455e-01 3.932213565215719964e+00 -1.087180842486081123e+08
-1.755840967213192272e+00 7.435573736947801438e-01 -2.854347379864900970e+10
2.507153602380188140e+00 2.150924917679794213e+00 4.870584237811547279e+09
2.678874461305135402e+00 3.531252969430302979e+00 1.930835697840196371e+09
5.129378861632087894e-01 4.372766325270173837e+00 2.411031344011594653e+08
1.476571372608088462e+00 8.839271615132394677e-01 1.698525628196454048e+10
2.244925287837659322e+00 1.733476623467231637e-01 6.714544115549560547e+11
-3.972291027280318687e+00 1.752096784996745704e+00 -1.162988692492440796e+10
7.990884663845638780e-01 1.545942517518522408e+00 3.005099093471497059e+09
7.198040461958235881e+00 1.337629143508517471e-01 3.615708891376364258e+12
-5.873534248325659846e+00 1.617533848823028420e+00 -2.017638556965597916e+10
1.429474146349492214e+00 3.842544044079398424e-01 8.701401634382669067e+10
3.140994990336579695e-01 3.207643477401470378e+00 2.743757212726539969e+08
5.396450066068767537e-01 3.968334968322759782e+00 3.079939128642014861e+08
-7.920872643175437267e-01 5.437523496568206216e-01 -2.407805241625282669e+10
3.964600188410329462e+00 1.767439881482605335e-01 1.140671825793620117e+12
-2.037201789300467691e+00 3.804537002875678198e+00 -1.264972378429974794e+09
-9.297087247750120964e-01 5.879453051955855436e+00 -2.417261701545003057e+08
2.529602060615547376e+00 2.083845712352855040e-01 5.235663221821986694e+11
-1.887867682983361273e-01 6.922459478217219520e+00 -3.540799425189356506e+07
1.810026621868946917e+00 1.349130427371709462e-01 8.937739787324895020e+11
5.309936593077216882e-01 1.120952114324535343e+00 3.798095080172132492e+09
-4.911549531387821688e+00 4.303426462280305564e+00 -2.383638406118194580e+09
-2.399605302276251351e+00 1.296704415898282337e+00 -1.282650844949097443e+10
-2.586777572098189815e+00 1.500635109955278657e-01 -1.032427344506581543e+12
1.192195134632761527e-01 7.246268920491137244e+00 2.040652561942215264e+07
6.559693106105907168e-01 7.338486202513922585e+00 1.094765683967346847e+08
8.064728689458346977e-01 5.000281491346989515e-01 2.899021742721675873e+10
-7.152920443517155391e+00 9.080304465063816499e-01 -7.797101567722346497e+10
2.449476481998491995e+00 1.452792280616019838e-01 1.043078143236208374e+12
-3.162650243033057196e-01 2.168932920170082712e-01 -6.042400995716580200e+10
8.954241546851685385e+00 2.304827574916767929e+00 1.514964797772759247e+10
4.304831225908937187e-01 5.167112175320546230e-01 1.449142080301008606e+10
5.214372246722057680e-01 1.363556593009230822e+00 2.520613829761312485e+09
-1.379757234138944966e-01 4.019915836608498161e+00 -7.673957277318416536e+07
1.946164924911750194e-01 3.547626100370734115e+00 1.389807262189255357e+08
1.466534553872085589e-01 3.476380300973321291e-01 1.090657418722149658e+10
5.160933874200209770e-01 7.216823971235232227e-01 8.906081974783802032e+09
-1.868504532127162276e+00 4.791522285970186701e-01 -7.314720717409234619e+10
-5.968403793835410642e-01 2.534449217078198036e+00 -8.351060476790567636e+08
-1.683212365738917082e+00 2.825674809077006744e-01 -1.894720576667680664e+11
-1.013295700501126051e+00 6.084273391458334679e+00 -2.460194126506500840e+08
6.875740730675657941e-01 1.028632750975686516e+00 5.840491747965688705e+09
-9.365044286331601908e-01 8.485970697702333254e+00 -1.168846277842823416e+08
-4.162505523355136461e+00 6.765532265398022105e+00 -8.173376446956057549e+08
2.658113744876648421e-01 3.515546535853739107e-01 1.933029479342859268e+10
-1.518895897458744537e+00 3.518223097446920189e+00 -1.102889181100582361e+09
-1.541057080906211851e-01 1.043243148306357143e-01 -1.272618585650756836e+11
-8.260169079602284192e-01 7.034417287327222601e-01 -1.500317933732376289e+10
-4.032535492608302352e-01 7.465814580754515539e+00 -6.502411013309300691e+07
-9.334017483746027688e-01 1.710876864070093595e-01 -2.866036529615747070e+11
4.450724788313389801e+00 1.531184704675131680e+00 1.706185293978436089e+10
1.769238766174717759e-01 2.489109363799188179e-01 2.566546327314562607e+10
9.492586081016469279e+00 3.796644437519865467e-01 5.918822407040231934e+11
5.131171718434441864e-01 1.124067807883715187e+00 3.649909924471263409e+09
-2.289776834449199772e-01 4.105173642308499460e+00 -1.221182893577884585e+08
-1.537463237494086088e-01 1.169707648223592189e+00 -1.009951920245407581e+09
-7.028894179041847323e+00 1.258772138700293919e+00 -3.986973781566635895e+10
4.891545873904279973e-01 4.207227797909067757e-01 2.483731781739608765e+10
-1.168210077472974923e-01 6.296251199333412485e-01 -2.648545715238556385e+09
6.701652016827041036e-01 5.713068151671871764e-01 1.845413451952479553e+10
2.255395657393083897e-01 1.457718195687857543e+00 9.539513097145367861e+08
5.895424402688157484e-01 3.611109259007568628e+00 4.063351901704182029e+08
3.509842203747714162e+00 2.866099808401001980e-01 3.840215444667168579e+11
5.913387148623762135e-01 2.064152741051828444e-01 1.247392907032254333e+11
-1.052959317359053321e-01 1.005952898667945350e+00 -9.352052096473760605e+08
-2.779692421229342791e-01 2.223671584508926546e+00 -5.052497048565775156e+08
-1.335077207925223775e+00 1.003643115597629976e+00 -1.191237565205546570e+10
9.959908777539741465e+00 2.549283107526343350e-01 1.377430967841186035e+12
-4.190147183755903448e-01 1.958664819126685053e-01 -9.816567363934764099e+10
6.329606432243225500e-01 1.366717855188497532e+00 3.045577033617065907e+09
4.167705458240257843e-01 4.455033099711518396e+00 1.887320976733525693e+08
-1.016136992077141921e+00 5.609243830320363777e+00 -2.902647129145314693e+08
-5.530860397861906419e-01 1.219304314800055689e-01 -3.343636779653034668e+11
-9.176210190928870691e-01 4.724376743625981590e+00 -3.695089188012003899e+08
3.633594442846750372e-01 1.104119138872170724e+00 2.678891936087845802e+09
9.773794587697119951e-01 2.021029467090926235e-01 2.150644037498907776e+11
1.251841769402296745e+00 1.320800641113628326e-01 6.449492090731801758e+11
1.210603506751714020e+00 1.493302800603390768e-01 4.879291748505452271e+11
8.422493861965503203e-01 1.035303247090169493e-01 7.062462734436024170e+11
9.357762064992395379e-01 1.543299443775317581e+00 3.531199199991039753e+09
-4.820657571989787615e-01 1.271052759247963126e-01 -2.681820745346611633e+11
-4.093916046914573670e+00 1.457761059028429840e-01 -1.731477534948531982e+12
-2.053292979080869884e-01 1.573503261097896344e-01 -7.453602803473106384e+10
-1.687156146689730019e-01 4.802911249906875568e+00 -6.573501608558264375e+07
1.063389151018046208e+00 9.541612698000667692e-01 1.049782370395872688e+10
-4.061727832099130686e-01 1.705456670620794923e-01 -1.255104992494858551e+11
4.747967232172264351e-01 2.891148519201678813e+00 5.105256032800952196e+08
-1.374943585575714999e-01 1.127827320862165722e-01 -9.715167123216853333e+10
-2.541151081798052047e-01 7.100228368271280788e-01 -4.530399179607234955e+09
1.053317889559335502e-01 3.078896778161964720e-01 9.986649788259349823e+09
-3.798417207831588982e+00 6.622503480211289428e+00 -7.784108713395879269e+08
1.932598750400950915e-01 4.786515750169803241e+00 7.581468381826557219e+07
-4.795598280460264817e+00 1.331544217287148335e-01 -2.430984716265165527e+12
1.246363143349039498e-01 2.505107053526312022e+00 1.785018150971923172e+08
2.319779199951748638e-01 6.055796962930534155e-01 5.685316630662536621e+09
-6.334209028759609783e-01 5.853739101585042626e-01 -1.661407952240933037e+10
-2.211070419252295916e-01 2.186017166686444746e-01 -4.158589536691289520e+10
2.330732564191033251e+00 1.224721509344401521e-01 1.396588211339237549e+12
-5.342291583362642760e-01 4.329410247048456895e-01 -2.561655506780080032e+10
5.897999182419215725e-01 9.756444797558664339e-01 5.568934925625870705e+09
6.127990397463008776e+00 9.897900534105072978e+00 5.621892333423384428e+08
9.903475510180380637e-01 1.533630079699141113e+00 3.784399831011444092e+09
-9.646761172390526662e-01 5.273609960831245225e+00 -3.117569421692943573e+08
2.356651197333279768e+00 1.027123706379260648e+00 2.007707404322418213e+10
-1.339507400181989272e-01 7.111771379413096561e+00 -2.380346395411262289e+07
5.245770718177431569e-01 5.665324222262883680e+00 1.468961401408569515e+08
-1.554640660081129111e-01 9.815545578838801077e+00 -1.450279647284510918e+07
-1.001083707354269853e-01 1.002045422161233490e-01 -8.960787842782644653e+10
-8.486371428758813229e-01 8.912278077986270919e-01 -9.602740585815708160e+09
-9.167763674975113020e+00 6.767705232619437572e-01 -1.798999979673568115e+11
-1.090649568024592841e-01 9.103933869306159110e+00 -1.182708345456112735e+07
-9.486482323097188640e+00 1.062396516424051418e+00 -7.554096773642337036e+10
4.825801507120305311e-01 1.330825151945340901e+00 2.448939592473766804e+09
-5.141328203078752157e-01 9.319674132855707782e+00 -5.320157533368816972e+07
1.205874957844299544e-01 7.208837909713858849e+00 2.085558486834725738e+07
-2.723176720757722880e+00 1.748737286601029783e+00 -8.003451247732811928e+09
-4.718371734130901163e-01 5.314505795195793025e-01 -1.501471184807954979e+10
-3.281433102733174234e+00 8.497628023514302242e+00 -4.084310403725185394e+08
1.181199504846989656e+00 9.582668092005290905e-01 1.156114857519969177e+10
-3.905582305167594748e-01 5.967371859647422339e-01 -9.857577697293083191e+09
9.398002578225023385e+00 4.003201031798259812e+00 5.270737388351923943e+09
-4.030543778129083599e+00 4.174536733712972847e+00 -2.078728101003403187e+09
-4.479501349118391040e-01 1.555018069230368061e-01 -1.664981492317443542e+11
2.994140639179417196e+00 7.120437142430147581e+00 5.307738284360954165e+08
1.946924879375575568e-01 2.189660696130430462e-01 3.649607558121202087e+10
-5.073139170163946332e+00 5.029379296937209753e-01 -1.802596880968915710e+11
2.886495005839876393e-01 1.139239387753491761e-01 1.998901736623899536e+11
-9.541011994843007216e-01 6.184622694310251134e+00 -2.241912408416915536e+08
-2.285724753940787224e+00 4.390504973592002536e+00 -1.065726102756317496e+09
2.174681664208586718e-01 1.656809543630569925e-01 7.120346624994206238e+10
-4.667516187767626334e+00 5.492863830217088461e-01 -1.390396882822584839e+11
4.687634780938540580e+00 3.039385166862099030e+00 4.560714716923110962e+09
2.268430105556692999e-01 1.242421898777693184e-01 1.320802327378781433e+11
-9.774571365776343335e-01 1.749204872488909490e-01 -2.871223390349275513e+11
1.199367340831738238e+00 6.475649162772735501e+00 2.570610125813947320e+08
-7.855137273653083341e+00 3.217362786097654137e+00 -6.820313361989475250e+09
1.939034529397701379e+00 2.856865832764744484e-01 2.135288057471145935e+11
2.494017211337843598e+00 2.797443141439602154e+00 2.864359524712594986e+09
5.374156276185777514e+00 1.482626553030470973e+00 2.197340507379408264e+10
1.580444581289864203e+00 3.062091528250261874e+00 1.514933447321463823e+09
1.327321910301213770e-01 8.523394754612537705e-01 1.642107844982436657e+09
-4.628629084141056893e+00 5.458812833287836064e-01 -1.396068057843856201e+11
4.692746795423872186e+00 7.004478026521970158e+00 8.596589434241614342e+08
-1.002604799804310137e-01 2.277603640855305311e+00 -1.737097122863157094e+08
3.198257594652580416e-01 6.814031638106790023e-01 6.190928193092158318e+09
7.352328355928368087e-01 2.901892559892518264e+00 7.847166269830254316e+08
-1.919983086947095519e+00 1.189537184495095545e-01 -1.219528562720176758e+12
1.304885368003013912e+00 2.082130273782705654e+00 2.705248607190507412e+09
-5.360667596100762156e-01 1.137638710468859143e-01 -3.722723440891280518e+11
-5.032098699182068202e+00 4.351372599968723609e-01 -2.388620876119553833e+11
1.589008790463300458e-01 2.799531765847702580e-01 1.822242278425098419e+10
-8.790506507621266508e+00 3.347666047110562371e-01 -7.049856271258577881e+11
-7.019796262449586877e-01 4.253925630146653702e+00 -3.486545522192755938e+08
3.926982970562824526e-01 8.391318065116064595e-01 5.012440962098114014e+09
-8.405431986792182286e+00 2.497434909411938297e-01 -1.211217956350858398e+12
1.370386186916485061e+00 4.565212219646649916e-01 5.909784554163699341e+10
-3.955299538771584356e+00 1.151914030061950145e-01 -2.679105778695315918e+12
4.380105794023051446e-01 4.380344538838273349e-01 2.051722756836351776e+10
-1.079489655222245492e-01 7.909218623112485247e+00 -1.550964804399302043e+07
-3.406835078400610062e+00 1.151920115179538989e-01 -2.307581265385634766e+12
-1.112443917136788779e-01 7.564593313970163102e+00 -1.747260161587511003e+07
-1.930481706274970621e+00 2.985248593791017813e-01 -1.946952266128716431e+11
-9.638269786730385036e+00 8.303254048627632944e-01 -1.256472665728675690e+11
-1.647384659482284130e-01 6.963064389988717018e+00 -3.053829691389076784e+07
4.855366803661728681e-01 2.792472143439318266e+00 5.596222382084176540e+08
3.565525421283967322e+00 2.816229060688668628e-01 4.040528777124373169e+11
-2.684310024617956314e-01 1.769163533387750620e-01 -7.708099882924491882e+10
-6.404950351118656737e-01 1.478902887515291864e+00 -2.632007194990499496e+09
1.334105396102000518e-01 6.440230360937757581e-01 2.890932524821441650e+09
1.031101897340574308e-01 5.200234911026836215e+00 3.426938252625714242e+07
1.106071390678036614e+00 1.784658112529219798e+00 3.121215223420583248e+09
-8.194782762252216246e-01 4.822712863041981102e+00 -3.166687827239745855e+08
-4.662699615499095729e-01 3.592159197376398438e+00 -3.247707477351426482e+08
8.918216086108438745e+00 6.016460784480502255e+00 2.214350827020350933e+09
-2.848903946675399035e-01 3.789032394895373024e+00 -1.783494557907212675e+08
-9.645185812580049145e+00 3.210269457740501653e-01 -8.411592848239868164e+11
-8.717210822580286900e-01 1.010097001874202816e+00 -7.678952896523114204e+09
-2.719262123174974732e+00 2.419992484634770624e-01 -4.173242842583781128e+11
-4.994493960273003186e-01 6.806059652932353599e-01 -9.690598675554748535e+09
-6.600949368867365941e-01 4.130596959361993448e-01 -3.477213666965070343e+10
-3.054083842814997229e+00 5.532341877637899641e-01 -8.968370753662544250e+10
-1.002270952802466919e+00 9.029327970724562169e-01 -1.104904916838970375e+10
1.964593676756127283e-01 1.960810029443588176e-01 4.592533373222743988e+10
8.910818998256823775e+00 1.284788821796113145e-01 4.851820684202416016e+12
-2.740953553503127971e+00 2.248959656058882040e-01 -4.870672906564664307e+11
5.405571413548996063e+00 1.338995204758564483e+00 2.709780942677869415e+10
-4.154864513208799681e-01 3.134046869242251621e+00 -3.801863417359905243e+08
-2.358979514702103930e-01 5.971094042925848555e-01 -5.946575885173756599e+09
5.682959532865554664e+00 6.625934348743918179e-01 1.163404997235121613e+11
-4.209434287799928009e-01 2.072622217387486421e-01 -8.807122845588876343e+10
1.912903379213354849e-01 6.334014690137491632e-01 4.285342323604340076e+09
-1.042055104478593508e+00 1.503562055604841519e-01 -4.142844087483764648e+11
2.330165523752225631e+00 2.507797020655533893e-01 3.330064354593423462e+11
9.098869317295900316e+00 2.674512942228620460e+00 1.143269554215419388e+10
-1.469324435847643606e+00 3.235407009832722003e-01 -1.261567450775592041e+11
-2.677511295828756133e-01 9.482342066689701809e-01 -2.676397983314998627e+09
-3.052094249952927441e-01 1.826497449397666839e-01 -8.222623760424130249e+10
1.478998869282308337e-01 6.382757763042589794e+00 3.262884758917709067e+07
1.485758609799170127e-01 4.229901469875999021e-01 7.463428414516773224e+09
5.450673697786870830e-01 3.303560730632024267e+00 4.488861566428913474e+08
-1.113363600483811666e+00 7.390035456970522887e+00 -1.832291609143432677e+08
-6.173039605488058079e+00 1.894521631849980459e+00 -1.545790182709479713e+10
1.056932510017915439e+00 4.952753123523829792e+00 3.872616698232825398e+08
-1.406184046330890836e-01 8.299015647040426380e-01 -1.835014996818343639e+09
-1.332588410194547324e+00 6.660091427288267196e-01 -2.700139909793093109e+10
6.942428749157053325e+00 7.092678003578515522e+00 1.240342318973023891e+09
-9.554405437354205333e-01 5.285319417596709979e-01 -3.074056227091054535e+10
-3.086524429860762808e+00 8.470779376538164485e-01 -3.866104563950421906e+10
-2.288876674666720512e-01 1.885699995551066710e+00 -5.785325672321590185e+08
-1.795304739265007443e+00 1.786645837348270482e-01 -5.054891660618538208e+11
2.202138735917835155e-01 4.868298860874300082e+00 8.351045153700293601e+07
2.063721084530990291e-01 2.419336047926179400e+00 3.168905050864496827e+08
2.263082990954352613e+00 2.999718357858489615e-01 2.260425182791428528e+11
-1.062156745320215617e-01 3.877688229441816237e+00 -6.348826414859203994e+07
-4.657753565777040805e-01 1.060662439983365291e+00 -3.721112030588119984e+09
-1.441928598138947637e-01 1.660445158262653376e+00 -4.700513468631914258e+08
1.017204542168487436e+00 3.072521771139715141e-01 9.684316430477880859e+10
-4.679809679515335441e-01 3.588391624841438254e-01 -3.266473512852671814e+10
-4.449971094603446531e+00 1.886873194529637698e-01 -1.123368854068825439e+12
6.316436621812600016e-01 7.472962617521644590e-01 1.016569654907755470e+10
-1.135405468547135699e-01 8.120851137850219059e-01 -1.547385421219613791e+09
-7.172187198659047525e+00 3.316185784762144539e-01 -5.861712693963020020e+11
-3.142227884809394856e-01 6.188581509296408045e-01 -7.374049794338536263e+09
-4.316711220735536259e+00 1.011555835804492515e-01 -3.791612048782703125e+12
-9.841358304912775523e+00 4.725973675795907880e+00 -3.960254223351476192e+09
-1.053665702962040401e-01 4.910767468186132412e+00 -3.926944125196185708e+07
9.440335993629076938e+00 8.381832334163574316e+00 1.207702962530714035e+09
4.646550106950924630e-01 6.943422306123778753e-01 8.662317194018648148e+09
-1.976271269706360245e+00 1.090470754696189815e+00 -1.493719772868530464e+10
1.803602090659512269e+00 1.268927841716522620e+00 1.006740396748893356e+10
7.291205119304550841e+00 4.199694036787813278e-01 3.715477462707128296e+11
9.041326658305512964e+00 9.928930840229991617e+00 8.242857793391749859e+08
-3.494738615863285602e+00 8.200240099693740792e-01 -4.671024875290050507e+10
2.184950870671139356e+00 1.166904379684372967e-01 1.442187592099499268e+12
-6.269320337643707219e+00 3.298569340448674225e+00 -5.178689152209708214e+09
-1.426713845913152590e-01 1.361722705209446604e-01 -6.915285845613543701e+10
-9.503294565344706513e-01 1.425834486823807534e+00 -4.201327914041963100e+09
4.215238152646980652e+00 1.417456433288827533e+00 1.885616179723186111e+10
7.076496265566651900e-01 3.256927190507204473e-01 5.995878176828454590e+10
-8.104269231256768791e-01 6.955579384233387952e-01 -1.505559263599438477e+10
9.533900551357462616e-01 1.499391245374520898e-01 3.811459367377621460e+11
-5.228782117760900627e-01 1.776820549507303615e-01 -1.488552056050218201e+11
-7.927890964081222291e-01 1.699401652376732574e+00 -2.467267365726398468e+09
1.161032382593382595e+00 6.319207434813298718e+00 2.613182418976339102e+08
7.280675799144482596e+00 1.245132823315176496e-01 4.220762812303969727e+12
-1.731585079427790941e+00 4.930732000305921403e+00 -6.401351237968765497e+08
-1.318406272112182531e+00 6.838399543003550463e+00 -2.533908543754569590e+08
-4.548837761257706891e-01 2.501921809289231469e-01 -6.531359668698036957e+10
-5.981758328174754169e+00 6.368263494405112191e+00 -1.325676116778126240e+09
-5.064406797285119666e+00 3.632094686811603301e-01 -3.450363712579426880e+11
2.932491340749717734e-01 9.550147927004017490e+00 2.889795825924028829e+07
-6.531205221351475743e+00 2.283524208266126676e-01 -1.125726030384719727e+12
-9.399830809524940545e-01 1.309107876510683832e+00 -4.929691968115324974e+09
-1.451847942278953418e+00 2.907245551068964873e-01 -1.543861448070499573e+11
8.248159695715280293e+00 1.445809031502551245e-01 3.546384438344594238e+12
-6.929092083401421354e-01 3.864737970058752303e+00 -4.169527506161784530e+08
1.457673996296373342e-01 2.928280476636982321e+00 1.527867457271064222e+08
-1.006561350269310928e+00 4.408043252642751542e-01 -4.655852082904721832e+10
5.247378475706881318e+00 1.468932337838908253e-01 2.185694323818552734e+12
-9.946511434094489346e+00 5.474088139149777543e-01 -2.983306215937681274e+11
1.511988881518389061e+00 1.261111704924892774e+00 8.544607199302776337e+09
-1.528007321070419477e+00 1.016899558676214038e-01 -1.328066847907576172e+12
1.452122743089248491e+00 2.392212657436480761e-01 2.280627610490718689e+11
8.893205603522185143e+00 5.376808066519109808e-01 2.764775570593009033e+11
-1.036449288887954789e-01 9.916499016911746622e+00 -9.472877690256197006e+06
-6.985196268293996091e+00 3.851170810194916694e+00 -4.232955171884952545e+09
-9.634877688084899638e-01 9.297475129650423220e-01 -1.001767120740630531e+10
-8.396064137386698434e+00 1.525195469410282501e+00 -3.243958971477021408e+10
-2.579798819188385828e+00 3.159451111895337228e-01 -2.322807280905227356e+11
-5.972465600786920348e-01 4.783560053125595624e-01 -2.345858511169956589e+10
-8.914670462392433326e-01 1.038015764065318008e-01 -7.436147813572604980e+11
1.520383731330387234e-01 1.782073792320434669e-01 4.302812933807421112e+10
3.059159329798233795e+00 3.613403351130644925e+00 2.105813129931409121e+09
2.847148447149713935e+00 2.181376261401090755e+00 5.377737065494738579e+09
-1.250357790047456286e+00 3.484086980704736103e+00 -9.257781898976039886e+08
-2.495513881359514130e+00 1.928712129048954227e-01 -6.029423441197268066e+11
2.254631056097963493e-01 9.632251054483536024e-01 2.184089928465948582e+09
5.916842972567423198e-01 3.211584028494113285e-01 5.155871478609092712e+10
4.403845134796047778e-01 3.262559559952964428e+00 3.718482646922235489e+08
3.643252525385681229e-01 2.235181013210145173e-01 6.554121584072603607e+10
4.552910396423253125e+00 8.979461866741684783e-01 5.075035688938405609e+10
6.791251354838259147e-01 1.782839741000227796e-01 1.920329751233480225e+11
2.495254877929102832e+00 1.071300211400818991e+00 1.954083647297336960e+10
1.329056553722474332e+00 3.792349033140532288e+00 8.305723650539332628e+08
4.818247824542069679e+00 2.205465974310115040e+00 8.903054429760141373e+09
-7.481241260178813635e-01 1.635808110575730279e+00 -2.512809494897933483e+09
-6.008349549621604391e-01 7.347235885910267106e-01 -1.000363512125774384e+10
-5.629086682123375596e+00 4.666243724447924457e+00 -2.323559066441975594e+09
-5.998406173301832345e-01 2.873265778500877499e+00 -6.530326384312072992e+08
-1.036869682360350264e+00 1.187461573686307142e-01 -6.608998677106610107e+11
1.244875778770951347e-01 4.476256385835801210e-01 5.584016954284754753e+09
1.111305900945964292e-01 4.308638099719018122e+00 5.380271651625222713e+07
-1.234220290559303157e+00 1.244893439828635540e+00 -7.157789850446475029e+09
-3.328170839701657169e+00 2.531857846756722985e+00 -4.666353041611395836e+09
-5.451939077378153975e+00 3.404473795951685755e-01 -4.227675264248405762e+11
-6.520905344338809861e+00 2.141705264275737264e+00 -1.277730042306250000e+10
2.300727575150161019e+00 2.895520937304719933e+00 2.466393668190578938e+09
-7.882283522769826245e-01 1.631059303417890627e+00 -2.662950949717967987e+09
-9.866927070775750153e+00 4.824270714834246299e+00 -3.810387957080155373e+09
-6.625166531148441784e+00 4.987401461031303884e-01 -2.393860072951830444e+11
8.506363195229724727e-01 7.209111602677471531e-01 1.471062221772992897e+10
1.793750879560674361e-01 7.027876941928519194e-01 3.264107464061841965e+09
6.018774681445063779e-01 6.968323508816588463e-01 1.114043358832204056e+10
1.205717105042296344e+00 5.101690927217785720e-01 4.163588032262742615e+10
-3.827277797279856064e-01 1.125417105933813611e+00 -2.715898782169712543e+09
-1.231362612708782667e+00 6.963316126792752359e-01 -2.282466212121677399e+10
4.804391942954437389e-01 2.095969233417485977e+00 9.829224207209703922e+08
2.088484424932453565e-01 2.303508573073233645e+00 3.537546793758412600e+08
3.881882925275399021e+00 1.194959190696347928e+00 2.443356872292811203e+10
-8.702281263273620837e+00 1.394390417782342406e-01 -4.022675078053817383e+12
-9.505238399046275433e+00 3.837608990257359132e+00 -5.800857358183302879e+09
1.042313527813268359e-01 2.294308131806574447e-01 1.779694686781968689e+10
-1.255163652138841401e+00 2.151587867427982304e-01 -2.436872456049731750e+11
6.884577715715517465e-01 3.259189892142014267e-01 5.825169884442781830e+10
-2.309708847455142766e-01 5.233224640126185045e-01 -7.579998176512122154e+09
8.066574060077122965e-01 2.280849070133359469e+00 1.393627309555718184e+09
1.350072549844550274e+00 8.466296393891026284e-01 1.692859006715778542e+10
1.692139547097907482e+00 5.795198455382539748e-01 4.528456164085099792e+10
-3.583155926512319400e+00 3.134969424284118400e+00 -3.276798279823871613e+09
-2.273974254350161317e+00 4.204722342701994187e+00 -1.156009801797458410e+09
7.815919622833744640e+00 1.351831966520760764e+00 3.844016817768582916e+10
-9.752288501293020495e-01 4.686602994047053272e-01 -3.990624160308401489e+10
-1.551234398967142214e+00 3.298297679439614050e-01 -1.281587747281279144e+11
-1.175934277273057993e-01 6.779061634279567317e-01 -2.299823477872531414e+09
3.008865665295438752e-01 4.303441026560347105e+00 1.460231474342849851e+08
-8.724699495839342234e+00 9.214701905396431858e-01 -9.235034347759773254e+10
-1.147965092562354794e+00 1.370459966190988865e-01 -5.493467930854833984e+11
-2.900655458318747160e-01 1.873105487292290594e-01 -7.430572777424703979e+10
4.473625360959837316e+00 7.017383844354938560e-01 8.165067224639013672e+10
1.515155172240156833e-01 8.933933648396287452e+00 1.706169938326436654e+07
-6.268186303499535539e-01 1.545412994754687741e+00 -2.358866675433217525e+09
8.616816326670914350e+00 9.213307503572309543e+00 9.123601779489841461e+08
7.072697430219829773e-01 1.287469881081800271e-01 3.834966209940249634e+11
7.037050344182695483e+00 6.533244660118403324e+00 1.481778987901182175e+09
8.156951436271016931e+00 1.238994535435286870e-01 4.775729423127938477e+12
4.881455863724533661e-01 4.369380582941199131e-01 2.298054036555441666e+10
-1.289440085593341667e+00 2.723714618205659743e+00 -1.562171039119826794e+09
1.965627411416357717e-01 4.854328371442715451e+00 7.497103673175740242e+07
-7.474792608586368736e+00 3.954657727000720491e-01 -4.295680404349823608e+11
6.572851221163468871e+00 9.516141526129207051e+00 6.523529575106600523e+08
1.336252939685276475e+00 1.603348556140578862e-01 4.671790959426300659e+11
-2.721469960109782482e-01 5.430990837199068944e-01 -8.292701309975783348e+09
-4.424149315002357419e+00 3.855134311364400990e-01 -2.675477898471893311e+11
-1.042851663781396709e+00 3.810559498637832720e-01 -6.454991316666043854e+10
1.111866658216518339e-01 2.304445690514988598e+00 1.881786595412600636e+08
1.862002274023707993e-01 6.560544614508347916e-01 3.888221871957320213e+09
3.670091768415570499e+00 4.257632460706720634e-01 1.819664009153939209e+11
3.213024197449350083e+00 1.511399326799428788e+00 1.264171996368228149e+10
3.890693427361496592e+00 3.193936178679824267e-01 3.427876463081548462e+11
9.610935379714263815e-01 8.058372483935881903e+00 1.330214261097065210e+08
2.435123674069562760e+00 5.973020448836386942e-01 6.134563101543567657e+10
6.242194744150701968e-01 3.433487237482684140e-01 4.759014819056606293e+10
-1.029255025535320694e-01 6.519873616857752907e+00 -2.176182231111564115e+07
-3.822981284844172656e+00 8.026725214345512560e-01 -5.333054218678715515e+10
1.168697206745027195e+00 1.489300293610955894e-01 4.735742434477307129e+11
-3.110848037084739670e-01 1.479161136411730748e+00 -1.277904618474930048e+09
-1.014795265328397589e+00 2.998185766079859427e-01 -1.014639988681700745e+11
1.335243890079367279e+00 1.717911240561019737e-01 4.066396987863551025e+11
-3.133838296745425356e-01 2.839113699958227599e+00 -3.494311609427329302e+08
1.241395986764648740e-01 6.383066750653840771e-01 2.738433400609543800e+09
-8.723333018773034908e+00 2.274501000622222158e-01 -1.515516978378783203e+12
-5.108676637741890403e+00 5.496548168913637511e+00 -1.519773809519227266e+09
3.647492661616069110e-01 2.054500356858698085e-01 7.766629769209001160e+10
4.684396019693883417e+00 6.393744925990685779e+00 1.029896563010869145e+09
4.939227098359811663e+00 1.550244918431479046e+00 1.847178990266355515e+10
3.323337423365211318e+00 3.189318121752127144e-01 2.936495741216112061e+11
3.420653267319992419e-01 2.218462889804917459e+00 6.246767414030786753e+08
9.409626032580744592e+00 5.971782703839715545e+00 2.371455549755040169e+09
1.028438257529402877e+00 1.110422004545609798e-01 7.496399508535389404e+11
3.931969557776166524e-01 4.637843092004334977e+00 1.642966325629158020e+08
-3.992230991312254673e+00 1.562689223897230528e+00 -1.469335749912940025e+10
4.273522193029402061e-01 4.716893988640329383e+00 1.726332118428983688e+08
-6.765695011697615557e-01 1.009853852130442542e+00 -5.962741499191836357e+09
6.015384144193832050e+00 2.114077457121874115e+00 1.209684718896582603e+10
1.481044510407009573e+00 3.261880146842701667e-01 1.251073226624295044e+11
-2.991904362289206531e+00 4.048595671624630299e+00 -1.640550155656094551e+09
-3.067114542970336366e+00 9.874781737144499028e-01 -2.826998663900233459e+10
-8.797868789189399408e+00 2.182297621790493469e+00 -1.660351887548910713e+10
2.832202735275668459e-01 6.859287699059436250e+00 5.410244827742750198e+07
2.468418233146429497e+00 1.657560653922027227e-01 8.074776411224903564e+11
-1.569599268698378403e-01 1.805649252984399267e-01 -4.326857783651041412e+10
-8.989403307239608454e-01 7.094158821584790608e-01 -1.605386732723595238e+10
-4.770939202792476297e-01 5.239898863150030950e-01 -1.561739847482916069e+10
1.065465419732873620e-01 7.223966253866186626e+00 1.835010527973221615e+07
-2.457674830307395031e-01 5.548060536721840741e+00 -7.176168998892742395e+07
-9.927902280223021014e-01 2.402372525233344103e+00 -1.546063784752543449e+09
2.300117904960811699e-01 2.567820430697336676e+00 3.135244517533413172e+08
-1.960042886247047034e-01 2.380967555260921742e+00 -3.107486405504989028e+08
-5.738420708031528150e+00 2.986686170307130683e-01 -5.781810073328785400e+11
1.735084523122458477e-01 7.622615928960484455e-01 2.683880519563988209e+09
-9.631433545609905389e-01 2.018909553272933144e-01 -2.123771676851173401e+11
-2.037430089781118170e-01 1.943535736270900038e+00 -4.847839947204918861e+08
-9.448744658341392544e-01 5.163023242146906000e+00 -3.185785791346488595e+08
-1.936015916435058770e+00 1.454012380580909980e+00 -8.230445298653662682e+09
6.138975830740899475e+00 3.463507431564643579e-01 4.599538879209951782e+11
1.025866043725177201e+00 7.951759511514586265e+00 1.458192295033976436e+08
-9.158923668860878831e-01 1.298557928864596256e-01 -4.881714775471850586e+11
-3.317885387198088232e+00 9.891126323093754058e-01 -3.048038871138438416e+10
-7.831193638334040585e+00 2.485454369432955335e-01 -1.139375803852721680e+12
-2.764135602782074930e+00 2.499027797833027198e-01 -3.978027573868189087e+11
3.438983232652151223e+00 1.199088340811269443e-01 2.149702276178720459e+12
2.653773359785169816e-01 4.531392584504411403e+00 1.161585197902339846e+08
3.419893457035815820e-01 2.005424781656681421e-01 7.642763835933518982e+10
1.763691310303932003e+00 3.573208593532659627e+00 1.241527815090548277e+09
-7.501731199115290183e-01 2.520498035036717432e+00 -1.061302996566367030e+09
8.902784479963555597e+00 6.462916799738339657e-01 1.915664045676042786e+11
7.251354995170522955e+00 1.801937863770947112e+00 2.007197756700476837e+10
-1.677164006005023467e+00 1.231827447672203091e+00 -9.934051290843093872e+09
1.441000535702669172e+00 1.429999626949312042e-01 6.333487420046757812e+11
8.916305544534983696e-01 4.153171291729719772e-01 4.645964362225212860e+10
-2.166886607019339328e-01 1.746090916356409506e-01 -6.387826292155675507e+10
7.724515731541332642e+00 4.571006419586961300e+00 3.322754217233377457e+09
2.564182195130110253e-01 8.707034231688616899e+00 3.039897882190637290e+07
1.232641174093774161e+00 1.386231579692898397e-01 5.765217712303278809e+11
7.557975043465575027e+00 4.240084826869819246e+00 3.778391726297735214e+09
-2.931810627832803995e+00 9.510329460549816760e-01 -2.913368423153682709e+10
1.723226181943583457e-01 2.642991540881939105e+00 2.217182063260079622e+08
4.622025088418097560e+00 9.177904130971800356e+00 4.931691288605762720e+08
4.809525662571010329e+00 5.406848292107921949e+00 1.478646965991418600e+09
6.953283680417104762e+00 6.476830276289518906e+00 1.489757337732147455e+09
-4.973741080041283347e+00 2.565399044786811356e+00 -6.792410649714069366e+09
-1.984887601781206989e-01 5.789046721481671653e+00 -5.323195643311522901e+07
-4.812145618814887560e-01 4.600041391750873121e-01 -2.043929444979708862e+10
-1.954515509991194000e-01 5.567861528568367468e-01 -5.666473832787766457e+09
4.161439405945550618e+00 1.653068870819607572e-01 1.368712703957631104e+12
3.842641385349259697e-01 4.443922858056242875e-01 1.748829422505752182e+10
-2.755951916729830753e-01 2.079170616631145219e+00 -5.729833424646583796e+08
-1.116009354418936728e-01 3.035444145285520756e-01 -1.088614115820180511e+10
-2.051982656646303138e-01 2.819950857210012707e+00 -2.319216136747843325e+08
8.722825585084393873e-01 1.620717502402550192e+00 2.984648299558787823e+09
7.370456554246151981e+00 1.361094905750377393e-01 3.575758600006635742e+12
-3.798926060017073780e-01 2.447462036573300637e+00 -5.700061363507289886e+08
7.897316215555661989e-01 4.342081697848931832e+00 3.764732862628199458e+08
1.794510806835218908e-01 4.746762717204494053e-01 7.158164114670135498e+09
8.760781413583935695e-01 1.607892434015861127e+00 3.045646395670310974e+09
-1.089663599766267921e-01 1.419738220967505127e+00 -4.858771926051685810e+08
3.943052601620952169e-01 7.442054320400717238e-01 6.398784995446241379e+09
-4.583241012868788933e-01 2.098099184377752724e-01 -9.357746670945814514e+10
-9.782687328237013702e+00 6.051597406946213731e+00 -2.400870498135192871e+09
-1.047835165023495718e-01 3.491359055570207648e+00 -7.725997415395000577e+07
9.995244192571569597e-01 1.730850110238386197e+00 2.998645365332153797e+09
-1.947962003652307095e-01 1.770990554131474104e-01 -5.582112824552329254e+10
1.648399488919539413e-01 7.332344173121080999e+00 2.755671250206398219e+07
9.804429602026107915e-01 1.414159564377795164e-01 4.406320881656268311e+11
-7.541661150307195527e+00 1.785505784948790142e-01 -2.126155922818397461e+12
6.445160255574946540e-01 2.925303253718532837e+00 6.769281120849075317e+08
-4.649367671287815362e+00 6.802166042278110503e-01 -9.031295489513624573e+10
1.595529593041711047e+00 1.053524943071123543e+00 1.292009887709503174e+10
6.857582842157731839e+00 1.379844731965618188e+00 3.237138205043229294e+10
-3.403775314967463217e-01 4.427045404328990297e-01 -1.560930441312427521e+10
7.458629095717196344e-01 9.403188817015434298e-01 7.581572905828248024e+09
-1.037765547465331339e+00 6.714138533810255716e+00 -2.069041831122843325e+08
-7.181807791158643539e+00 3.614769291123383965e+00 -4.939957674199240685e+09
1.536863346907256345e+00 1.470012012524439360e+00 6.392107998762145996e+09
2.597078625023325760e-01 1.745606956200070059e-01 7.660247263736430359e+10
-1.045379806640693715e-01 1.923625692548087407e-01 -2.539122108643729019e+10
1.154254133075540284e-01 1.956496710255756777e-01 2.710153020428251648e+10
-6.474052440774291650e-01 5.079260836665757672e-01 -2.255411547113575363e+10
3.682056808820874938e-01 6.778085860154681619e+00 7.203224845975431800e+07
1.113523286029615561e-01 2.402841539425339956e+00 1.733403460577263534e+08
-5.299677074589616232e+00 1.905363923862444797e-01 -1.312031161160334961e+12
7.267606628521102508e+00 1.291838283909908514e-01 3.914044230397011719e+12
-1.379461251938357003e-01 4.612570932944268343e+00 -5.827388982744009793e+07
2.749181193743311935e-01 5.322273170120425112e-01 8.722875222227325439e+09
1.667368670188622282e-01 2.117884679419089200e-01 3.341008940079141617e+10
9.248379896437693981e-01 1.438354821932760486e-01 4.017762048220386353e+11
-1.709744347359511973e+00 2.652949564860169751e+00 -2.183352247320103168e+09
-4.384818915249126814e-01 1.024903693651143088e+00 -3.751769636533619404e+09
-1.023152015251508201e-01 5.638173586733212783e-01 -2.892769947056421280e+09
-1.934493421070751784e-01 1.248277543557370972e+00 -1.115823644949483395e+09
-1.143198682089028750e+00 4.371353993129064364e+00 -5.377004242194678783e+08
4.736423211224555785e-01 4.715803008903082238e-01 1.914211004742599487e+10
4.079222413856506413e-01 1.702534960635012196e+00 1.264840974853320122e+09
-3.099807385331500020e-01 1.508633652141482484e+00 -1.224102387355323553e+09
-1.004857342171253248e-01 3.780061265555981098e+00 -6.320586088654606789e+07
1.400871313884574920e-01 6.899808590856135737e+00 2.644690008171514794e+07
-6.481905671625302068e-01 2.426813657268469093e+00 -9.891917014266026020e+08
1.236329419782170175e-01 1.246411580968633526e-01 7.152565952747262573e+10
-1.219820138015042632e+00 8.243917204453770076e-01 -1.613166424818045998e+10
9.849791344142140304e+00 3.038514666723707514e+00 9.588594989024749756e+09
1.663959083688116847e+00 1.168767958693441161e-01 1.094804735055265625e+12
1.303732018363363165e+00 1.057164947141726874e-01 1.048463800723224609e+12
5.047899854674144038e+00 4.022181567921903622e-01 2.804387390706944580e+11
1.251405310556679695e-01 3.449320195206501682e-01 9.453259715288095474e+09
-8.382064360114316770e+00 2.379844143294370107e-01 -1.330162125261734375e+12
1.827089849040660630e-01 1.903642064883151741e-01 4.531478641758753967e+10
1.270176300118672996e+00 3.290192080062432911e-01 1.054562000572052307e+11
6.331650446444553104e+00 1.566632249480800765e-01 2.318640536161922852e+12
-1.963587297700002121e-01 2.502868834448657598e+00 -2.817245223834840059e+08
-7.402963569845408820e-01 9.738733986167309453e-01 -7.015380384326168060e+09
3.297160362687437951e-01 1.238833589982307748e-01 1.930922058245475464e+11
3.360337276540838469e-01 1.623510662545858685e-01 1.145837938341237946e+11
-7.095267988360569600e-01 8.527350164582920833e-01 -8.769831065437992096e+09
-1.054675957030432043e-01 3.314384712724410265e-01 -8.629066774960632324e+09
2.695975028528444506e-01 1.234030616395544122e+00 1.591162790232104778e+09
2.463846126230217204e-01 6.895071178480887131e-01 4.657862802479767799e+09
1.765840107895252642e-01 3.498254104728811820e-01 1.296878499724987602e+10
-9.335587262585346435e-01 6.544938368981111365e-01 -1.958759602129756546e+10
7.708109875493832419e+00 2.722353384565463497e-01 9.347802235180623779e+11
-1.079802699200822641e-01 1.208092455024772915e-01 -6.649587161903145599e+10
7.428047621109256093e-01 5.054771779332821069e+00 2.612896416923265159e+08
-3.253401293030766528e-01 7.774770429782826842e-01 -4.837412303229639053e+09
-3.631235346522322383e-01 6.736956025705612916e+00 -7.190806301904001832e+07
-1.803516473707325263e+00 1.149486603035905913e-01 -1.226769313165883301e+12
3.947615389862740298e-01 1.278731791012815533e+00 2.169834083783324718e+09
1.063276027557777947e+00 2.616780511990410396e+00 1.395603491204242229e+09
8.497303741856322423e-01 8.119083405521607233e+00 1.158557933087188005e+08
-5.919737319367297523e+00 1.061407015142172422e-01 -4.722686821355847656e+12
-1.979774324503340122e+00 1.687201651006434044e+00 -6.250752777713685989e+09
4.417633244592856223e-01 2.124971949376750491e+00 8.792935204330530167e+08
5.502857910080630077e+00 1.238306136092321430e-01 3.225394695764912598e+12
1.764767732222759511e+00 5.728174056594823593e-01 4.833990145045101929e+10
4.854320178167629507e+00 1.064187864528555849e+00 3.852498088623863983e+10
5.901809661951531449e-01 2.100924572634195187e+00 1.201752117632069349e+09
-1.816939334825109498e+00 9.746319474333017263e-01 -1.719134117733144760e+10
-3.436641269966562273e+00 3.109190684232088775e-01 -3.195141557401615601e+11
1.551691575303691117e-01 3.615185597688487462e+00 1.067074702827902138e+08
2.962724498488798486e-01 1.902235948700589374e-01 7.358903661617256165e+10
8.420169743512750937e-01 3.632102392310093131e-01 5.736609642456503296e+10
2.388504936678768342e-01 5.690053472850228111e+00 6.630466209030687064e+07
3.659676487200752781e+00 1.845115415406616277e-01 9.661537403965679932e+11
1.893972396940642122e+00 1.543984215017437378e-01 7.140663235614537354e+11
2.310388461904436141e+00 2.578562107500027012e-01 3.123060753339991455e+11
-4.401266128007467748e-01 3.136851371349115958e+00 -4.020132474285660386e+08
5.123842508189431211e-01 8.709615985382669345e-01 6.070834264494554520e+09
2.841730007941249969e-01 1.504335693171491073e+00 1.128610045549930334e+09
-2.557331012130607206e+00 4.689959639686139603e+00 -1.044959245703155041e+09
-1.662266896693646467e+00 6.647851095549666134e-01 -3.380561243423140717e+10
-1.504252330452085618e+00 8.951476513881814867e+00 -1.687259795900758505e+08
-9.401820738320871840e+00 1.544191198912188812e+00 -3.543728480444905090e+10
4.888962982248489020e+00 2.225327225973769696e-01 8.873186392281556396e+11
3.121413118536667808e-01 2.282710143692942006e-01 5.383941498217909241e+10
5.459647963697970008e-01 5.620901881660591570e+00 1.553113698224435747e+08
-2.982947171641704975e-01 1.909377367126277925e+00 -7.353813976742118597e+08
9.308378958467272923e+00 2.801413169365401856e+00 1.066032247376372337e+10
4.857389036496227996e-01 5.236725323361912210e+00 1.591966471505115032e+08
-1.544562785434457075e-01 1.629063276601436128e+00 -5.230946494718590379e+08
-1.940491802092132734e-01 9.255648292067606420e+00 -2.035863911212258413e+07
-2.365200814902925774e+00 6.298282772167497212e-01 -5.358883651458758545e+10
2.101991220323411458e+00 8.202845367941333787e-01 2.807711408074840927e+10
7.711604976193519256e+00 2.472718650721271949e+00 1.133563841038572311e+10
-5.301622949329641843e-01 1.251797974752259179e+00 -3.040821776087481976e+09
1.232432952002845555e-01 1.352577776806166143e-01 6.054655323316175079e+10
1.700754097871560955e+00 7.267357030290296782e-01 2.894270719192681885e+10
-1.898407519185920433e+00 3.781542598177933812e-01 -1.193169297806182404e+11
-3.579185797298506944e-01 5.597211366269825294e-01 -1.026813209358302498e+10
-6.347267955637098780e+00 5.537926029761005564e-01 -1.860129370245496216e+11
-4.116120993672946482e-01 1.814235943830288633e+00 -1.123960934615963459e+09
-7.207958662986063914e+00 8.326035424784121730e+00 -9.345152588603730202e+08
-1.392042716973052263e+00 2.210684695004900557e-01 -2.560056626679696655e+11
-1.763497902958442443e-01 1.538844405896758971e+00 -6.693236114556455612e+08
-1.260237999822332977e+00 7.563265904698417419e-01 -1.980087811181574249e+10
5.123626995859844158e+00 3.597103018458465695e-01 3.558953976173711548e+11
8.997153194979034652e+00 1.225877076460900827e+00 5.380986292745581055e+10
1.245439062609190906e+00 2.959896945472699770e-01 1.277673597294955902e+11
3.613762223110304816e+00 6.085691872494125576e-01 8.769811784363548279e+10
4.488108647643019311e-01 1.873294276425391258e-01 1.149481451378457642e+11
-4.175302357900950945e+00 2.589958993272197807e-01 -5.594390440771275635e+11
1.508458608396307188e+00 9.730066084200570398e-01 1.432031055457438660e+10
1.069987044387005620e-01 2.606156474693611891e+00 1.415885593180637658e+08
-2.484309681926631708e+00 2.998359779819965265e+00 -2.483641242942396641e+09
-1.064221808491042365e-01 5.189044868668522881e+00 -3.552285972118208557e+07
-1.541708494921273154e+00 4.777970429513302419e-01 -6.069682422224753571e+10
-2.104714908497534176e-01 1.603747253987461430e-01 -7.354819928382991028e+10
-1.912989888657719018e-01 2.818952594002316125e+00 -2.163653681221679449e+08
-1.080146423265623823e-01 7.935041677370091584e-01 -1.541824086304590940e+09
1.048160280754900364e-01 4.947621532296039848e-01 3.848445803514101982e+09
-1.404132819699016321e-01 1.302783857979593840e+00 -7.435566655307220221e+08
-1.293292342557364361e+00 7.999960106034955665e+00 -1.816233500382531583e+08
5.330847727432033167e-01 6.384075882658366119e+00 1.175576280220994204e+08
8.260738169055461544e-01 3.865458628013557218e-01 4.968981921102073669e+10
3.282388619938574337e-01 4.336124418135305914e-01 1.569051312171742630e+10
-4.281620016893942227e-01 1.082949947064426599e-01 -3.281270028507921143e+11
-7.258987479316407754e-01 1.149198739352355475e-01 -4.940107321048961182e+11
-1.893144792588535630e+00 1.345828925995545822e+00 -9.394090348908472061e+09
2.321384679475136659e-01 1.092008208896632526e+00 1.749628829042255878e+09
1.529500753434164251e-01 4.314836275733140880e+00 7.383659673216804862e+07
4.627113046846432098e+00 1.527951992274161563e+00 1.781317400448871231e+10
8.381299739783197866e-01 7.866795162077065307e+00 1.217212228731122762e+08
-4.700169548540091391e+00 2.477135819150815266e-01 -6.884374770595913086e+11
-3.192164198188158775e+00 3.574164498625258535e+00 -2.245881135567876816e+09
-1.779639476652405405e-01 2.414314570244287417e+00 -2.744068437512828708e+08
9.452807210766948742e+00 1.518299328424642436e+00 3.685501727113043213e+10
-1.405117505337746264e+00 3.553003460595848484e+00 -1.000396127059349656e+09
-3.006418594818161871e+00 1.337722300872830616e-01 -1.509969353567129883e+12
1.070543571447707676e-01 6.953950600145358818e-01 1.989719076858174562e+09
-1.621289178157374056e-01 5.045725629731100392e-01 -5.723528367035313606e+09
-1.297463519485051675e+00 8.050292223507033995e-01 -1.799378318616845703e+10
2.449817500578305829e+00 2.896547965518112111e+00 2.624356931225500584e+09
4.964899021390116296e+00 2.254614906442568678e+00 8.778418679226835251e+09
-9.335535190343497547e+00 3.450533489683171862e+00 -7.047212137162093163e+09
-3.869528607039939949e+00 3.710085123944222296e+00 -2.526625830358014584e+09
-1.290899470682115302e-01 5.355034329732480280e+00 -4.045931469932272285e+07
3.526139640841581269e+00 1.213021361244939422e+00 2.153838956225331879e+10
2.668164119843405846e-01 8.640994847755717245e+00 3.211705131863848120e+07
-4.985944180149876614e-01 3.038363112965216217e+00 -4.854211341359173656e+08
-3.879676570997901419e-01 8.371176364428275507e-01 -4.975917336961516380e+09
2.073585012396104599e+00 8.733556562404070078e+00 2.443375354366530180e+08
3.418457520722328336e-01 3.813878579333699892e-01 2.112258570151626587e+10
5.142526798063411064e+00 2.876434934704097834e+00 5.586220477561851501e+09
2.132496382607468877e-01 8.949330436514757459e-01 2.393083397470426559e+09
-1.440435356630215824e-01 4.126995195913076842e-01 -7.601100323124066353e+09
8.678942930123483279e+00 2.198627401863134656e-01 1.613667968274551514e+12
-2.175880458522099492e-01 4.741074333674589525e+00 -8.700257791621562839e+07
-2.743572058623017229e-01 9.269460300912261141e-01 -2.869842692382424355e+09
-4.891988034834107602e+00 1.506715309112066914e-01 -1.936750168903030273e+12
6.050358656932186996e+00 5.528528793786954942e+00 1.779150088067382812e+09
7.674325367274474896e-01 4.314120945245343286e-01 3.706006645703833008e+10
1.041684908694638034e+00 1.133776821737812329e-01 7.283361098364697266e+11
-8.296340179192394970e+00 9.102752533904749921e-01 -8.998947066772154236e+10
-2.836845811412307405e+00 4.001546590127096903e-01 -1.592320896144042358e+11
-2.151081783265442748e+00 1.109959208630707378e-01 -1.569254936499161133e+12
-4.628507502814997454e-01 4.765103531941498050e-01 -1.832090439037773514e+10
8.583634171903532506e-01 3.113600148077100838e-01 7.957857167468757629e+10
-3.017846184438539581e+00 2.002478956037750724e+00 -6.764127688857036591e+09
1.825564124801171584e+00 7.562008972965736930e-01 2.869282663038283920e+10
2.336415949377540269e+00 5.506331015117957861e-01 6.925898926580447388e+10
2.857156674718988043e-01 5.506039138161538116e-01 8.470442253381567001e+09
3.259695985705832744e+00 2.486261422919848474e-01 4.739517520436929932e+11
-1.454727605352985398e+00 4.308904619246674006e-01 -7.042040801112138367e+10
-1.068573482302700717e-01 2.749102352173715125e-01 -1.270788254249686050e+10
-1.904769934340429627e+00 1.550309614824003202e+00 -7.122890446619112968e+09
-2.405383380271746585e+00 1.354929016305841838e+00 -1.177610955625932312e+10
-1.201362453598767033e+00 1.791164846113458275e-01 -3.365530718825220337e+11
-1.082690179214990334e+00 6.008201846571853411e-01 -2.695664174541865540e+10
6.055117719016067213e+00 8.352898174165698242e-01 7.800076009042466736e+10
-1.617914503891881017e-01 1.621121639377291757e-01 -5.533182321500427246e+10
6.855317162516060270e-01 1.875187823980246860e+00 1.752219954760182619e+09
-1.207899840906729194e+00 9.719598093809203476e+00 -1.149171715093682706e+08
-7.736613639172325918e+00 2.022443580264616791e+00 -1.699999123044872284e+10
-4.060396177273575269e-01 4.365335453946477706e+00 -1.915066164702143073e+08
-2.971513072243558096e+00 4.364773054388847662e+00 -1.401860917950316906e+09
1.213007242619639908e-01 1.621891624248463781e-01 4.144482882231128693e+10
-1.393773976466847309e+00 7.387407656465549088e+00 -2.295402442285017967e+08
5.053386871023800575e-01 5.136701283341317259e-01 1.721331611759855270e+10
2.832955291549332233e-01 1.291714267296001584e+00 1.526010163413619518e+09
-1.590402172691879890e-01 3.720986172431829608e+00 -1.032384478346490860e+08
2.026077260373645716e-01 2.549280326499744898e-01 2.802021296558435440e+10
2.735706223623096678e-01 5.933680569296782892e+00 6.983477700716663897e+07
-3.249100093068183703e+00 4.239864717929840765e+00 -1.624462571889701605e+09
4.255635718774420373e-01 1.269222693659313839e+00 2.374320850681432724e+09
-8.758117469759355345e+00 1.183912443804240877e-01 -5.615936824012843750e+12
-1.111972267259412339e+00 2.229893863918316566e+00 -2.009908049159126759e+09
3.706905127750796503e+00 4.627311453990133328e-01 1.555982204360905762e+11
-1.839153761412022359e-01 1.028382202710201643e+00 -1.563002072402483702e+09
2.416291165549633857e-01 2.370501043430892907e-01 3.864733776181716156e+10
3.247219720904507834e-01 3.174579403073380934e-01 2.895942308528318787e+10
2.804121498767698784e-01 1.861562782773532321e-01 7.272639659387519836e+10
-9.565288328780183758e-01 2.602537308050071885e-01 -1.269272164737599335e+11
-2.866055573523479394e-01 1.884664851423247800e-01 -7.252153089691589355e+10
3.279253072712350892e-01 7.438431868794139756e-01 5.326755628833999634e+09
-2.272672909318319834e-01 4.361652252923934547e+00 -1.073706245509646237e+08
-1.434904216601089910e+00 1.689385433825109750e+00 -4.518726328135700226e+09
-7.415016864109687411e+00 5.586370311862944860e+00 -2.135518408008205175e+09
1.097962239300258463e-01 1.157139809182783224e-01 7.369980737797753906e+10
2.961795763534284642e+00 2.367992310578455939e+00 4.747283308446647644e+09
6.294111028717273015e+00 4.401742116808287975e+00 2.919683850945966721e+09
-1.388964347685212597e-01 8.669540104320434537e-01 -1.660923373348044395e+09
-4.848491254741282397e+00 9.069902647093183168e-01 -5.297268469707723999e+10
-6.790946106411007044e+00 6.829842817720007675e-01 -1.308457088668355560e+11
1.558740499087521991e-01 8.237435527499153309e+00 2.064621191673327982e+07
8.152795375618623552e+00 4.965997192344924649e+00 2.971284389174453259e+09
4.272477584229839032e+00 3.061038283887227429e-01 4.098197543166132202e+11
1.614469629721984600e-01 1.143905199413380036e-01 1.108920545961683960e+11
1.269771275884547190e+00 5.205524589124140178e+00 4.211599953725743890e+08
1.194521826613188065e+00 5.192147570170823734e+00 3.982452946632036567e+08
5.802245884534502629e+00 2.835135519727752240e-01 6.487824619676333008e+11
-2.363344221114278998e+00 1.737278924740742081e+00 -7.037825544387371063e+09
2.898737207638215629e-01 1.034137491045698520e-01 2.436143671618040466e+11
1.679411262036465846e+00 3.366071703046491503e+00 1.332174001104805946e+09
2.442741183707522801e+00 1.458011195309122821e+00 1.032776519183485985e+10
-1.048702214191113757e+00 1.226791095178536850e-01 -6.262699496398083496e+11
4.783846388588411713e+00 9.657435249361409291e+00 4.610035122527188063e+08
7.701462722057254018e-01 8.190745723037852200e-01 1.031755870247963333e+10
-1.660495635927732583e-01 4.992697646059858774e-01 -5.987118089825351715e+09
-2.385293546457876723e-01 1.254677040437943980e-01 -1.361847725586137238e+11
4.797439573473925023e-01 9.272557218948541902e+00 5.014886262665747851e+07
-5.333884944940916473e-01 7.442981944912892001e-01 -8.653670021536483765e+09
-7.364330137824413924e+00 2.723004919158599879e+00 -8.926619349820180893e+09
2.424233337585698089e-01 3.564643619968356436e+00 1.714718380675468445e+08
-6.477505548536066637e-01 3.423956250022012204e-01 -4.965946065335029602e+10
-6.324301296906261749e-01 4.527171727710868510e+00 -2.773379064509495497e+08
1.057517498765859987e+00 2.686193175641375497e+00 1.317236322753920078e+09
7.683567946109120861e+00 1.729401151100354417e+00 2.308990079700003052e+10
-3.070811915364021760e-01 2.013716901586291463e+00 -6.806236018960577250e+08
-3.032997485079018118e-01 6.818711483961563680e+00 -5.862974954284606874e+07
-3.299598419793952964e+00 7.299013318371859738e-01 -5.566515120313941956e+10
2.686277622176190261e-01 1.793148189618397392e+00 7.508775994373892546e+08
1.094547672739865751e+00 1.445736118765712286e+00 4.706599431329668045e+09
1.263028803310106252e+00 1.879780296387199234e+00 3.212548455412623405e+09
5.185073366077030066e+00 2.115057283506049657e-01 1.041744594981838013e+12
5.210159730468970629e-01 5.165928481266027994e+00 1.754708086362069249e+08
-1.541771141883171437e-01 8.766139489621568970e+00 -1.803241014636646584e+07
5.661956851456535489e+00 1.001799673699671350e-01 5.070553880029267578e+12
1.320124708043673989e-01 4.995104956020940956e-01 4.755282714236174583e+09
-1.118763647370483838e+00 3.699008303205177484e+00 -7.348832557306562662e+08
1.873674052429983972e+00 1.987533657490072048e-01 4.263003381252832642e+11
-7.354061107150704046e+00 1.568756223492051294e-01 -2.685758315772135742e+12
-2.322434085068491250e+00 4.167662383982849938e+00 -1.201735677262557983e+09
1.289624142249997218e+00 9.578446577338629586e-01 1.263349783658947563e+10
-5.703092445268570287e+00 1.568831448325332389e-01 -2.082612433100852539e+12
5.711562455095816615e-01 2.034566918659023838e+00 1.240113944460448265e+09
-2.177956919307494077e-01 3.287068897779335419e+00 -1.811683333861382306e+08
-2.120370012991707576e+00 8.908986704820534008e-01 -2.401074582293436813e+10
-1.296121472195391200e-01 2.914966432027268350e-01 -1.370973966236612892e+10
-3.217193215394523520e+00 1.699731911727805578e+00 -1.000845189586408806e+10
1.039973241922027336e+00 6.732891635303935862e-01 2.061909190000175095e+10
-2.600990175490083822e-01 2.861835914817127402e-01 -2.854301665531473923e+10
4.324780235366499914e-01 2.808618242145856092e-01 4.927529549574759674e+10
3.326358492326312977e+00 1.040387748061398776e+00 2.762035223525522995e+10
3.771832520003846057e+00 2.446691818875287971e+00 5.662972847735003471e+09
3.886824538055078104e-01 8.749378386286266185e-01 4.563427510768738747e+09
2.238978520938402217e-01 3.115783847891813174e+00 2.072840580774056017e+08
-7.313543388673720003e-01 1.437052977429123246e-01 -3.182972620621188965e+11
-1.384060137970126725e+00 2.542883846879297138e+00 -1.923767276382342577e+09
1.192705190441137431e+00 9.034923031793173465e+00 1.313211911116904020e+08
-1.792475141573849073e-01 9.773196687038211650e+00 -1.686671402875201032e+07
2.920268366357290368e-01 1.598654722166969133e+00 1.026984839789443374e+09
4.504582677232412125e-01 4.099445335133400370e+00 2.409100853656789064e+08
-1.444576045448859425e+00 1.052470504150442715e-01 -1.172117527810118652e+12
8.853989122603938000e+00 1.583319653566855056e-01 3.174332365060253906e+12
-2.307460119517379393e-01 1.609757901126611934e-01 -8.003200390779339600e+10
-1.062443995349585113e-01 4.866934975669919838e-01 -4.031304254040634632e+09
-1.104940693330626722e+00 4.441309272294599708e+00 -5.034629934134166241e+08
-2.164092896629430385e+00 1.270000911003058564e-01 -1.205919874909736328e+12
-2.789870900796958875e+00 4.220325197180228582e-01 -1.407806259252898560e+11
2.127231933340324677e+00 1.682533412493470437e-01 6.753642494122152100e+11
1.465870070569334382e+00 8.745403510106001255e-01 1.722607727428416824e+10
-1.087803947110614206e-01 6.474591193490946139e+00 -2.332257746488193795e+07
7.455554204367806914e-01 2.806077518412561922e+00 8.510032559590830803e+08
-2.200901852420106941e+00 1.766506590121574627e+00 -6.339000271592800140e+09
1.662343905147618317e+00 1.373285073927175137e+00 7.922278293175687790e+09
5.468504082363020657e+00 2.955845336150382252e+00 5.625430286804811478e+09
-4.399844827512346401e-01 2.125957978865061215e-01 -8.749407141201042175e+10
1.603519811485783764e-01 5.635683479683812891e-01 4.537658009031653404e+09
5.105172602014518723e+00 1.958837383330473692e-01 1.195815781939523193e+12
1.825581481649330984e-01 4.804922638034020643e+00 7.106880953379614651e+07
8.080786754160613761e-01 8.696695913876224537e+00 9.602751596410937607e+07
8.484667469656473671e+00 5.032424639664555555e-01 3.011139558171525879e+11
1.131614333826024055e+00 1.403138753272968442e+00 5.165921697906355858e+09
-2.991400273504719820e+00 8.513223621468116731e-01 -3.709685261295830536e+10
7.191612979113660487e+00 4.590177807993935377e-01 3.067735471055656128e+11
2.052542686435873343e+00 1.411185879071815696e+00 9.263484347708124161e+09
9.196005718958414343e-01 6.953948706133203039e+00 1.709176390863308609e+08
-8.228750202367645095e-01 1.962142430680471616e-01 -1.920982632359372559e+11
8.078809491076452964e-01 1.310477915666697080e-01 4.228034984991414185e+11
-2.248995612991905535e+00 1.143487501007244694e-01 -1.545882151318285645e+12
9.847205294115548568e-01 4.322498059690312866e-01 4.736897600539996338e+10
-2.222136535236716615e+00 2.778326741531009780e-01 -2.587347252810499268e+11
1.234552465087648265e+00 2.756279870864471460e-01 1.460540292104541931e+11
-1.687715953587021200e+00 2.142167190373795105e+00 -3.305546321067853451e+09
-2.833571426646734004e+00 7.210339962510854406e+00 -4.898614899100180864e+08
8.871799093112995749e+00 1.100846120678972556e-01 6.579745323634342773e+12
1.315310686992644251e-01 3.541376288900193181e-01 9.426160208132810593e+09
-5.831483277968788626e-01 1.109032402359045599e-01 -4.261290902624622803e+11
-5.047752558185734095e+00 1.973433651787690479e-01 -1.164940157765978271e+12
4.222675934075548754e-01 7.418071303371652769e-01 6.896938675413979530e+09
-3.537254986219016129e-01 4.087925381234246425e-01 -1.902440426902848816e+10
1.671341049751906005e-01 2.905299671872674239e-01 1.779646841868282318e+10
4.402982431267999708e+00 3.778083016817548767e+00 2.772391621995262146e+09
-2.665906928724578684e+00 3.547092628717341545e-01 -1.904366539651863708e+11
-3.540449549069779600e+00 2.746827870301971952e+00 -4.217413054015344143e+09
-1.013766724663459490e-01 6.099298918574453943e+00 -2.449225735886272416e+07
2.051375194738446428e+00 2.966768112672173885e+00 2.094732221102239609e+09
4.941282866348105429e+00 1.885944007378894116e-01 1.248627067031500977e+12
1.782169154137992484e-01 1.351624828125394806e-01 8.767731050594505310e+10
-2.601886202795221870e+00 2.955454255721045587e-01 -2.677259282192618408e+11
-1.239202742811447600e+00 3.939951384618501362e-01 -7.174824099377078247e+10
5.914770174649207624e-01 4.745990357310108099e-01 2.360123828090663528e+10
-6.199687553810527829e-01 3.454436687033829445e-01 -4.669452334779750824e+10
5.904650468898878790e-01 1.358128948313580830e-01 2.877151959189686279e+11
-7.551220365498982900e+00 1.046796682708240195e-01 -6.193599049344426758e+12
1.323146393473785931e+00 1.684247710966167766e+00 4.192244311879878044e+09
4.447299924118744974e-01 3.773948709336308327e-01 2.806435403693568039e+10
5.915419827591255064e-01 2.542263481938082936e+00 8.226120609852086306e+08
-6.081314485053140650e+00 7.064519707103007917e+00 -1.095173178758515120e+09
-4.781202286806021107e+00 2.632858167551313411e+00 -6.199159469179652214e+09
-4.197075184585997043e+00 3.547270666361986180e+00 -2.997841809539072514e+09
-6.503852803330249621e+00 3.072707859466363156e-01 -6.191256250483055420e+11
5.549243268147220354e-01 4.932946694178778735e+00 2.049611443901763856e+08
5.942500838403769192e-01 2.205803687232158194e-01 1.097706291313928680e+11
1.158436966609386110e+00 5.071718994735822106e-01 4.047740482647094727e+10
-1.356579474202436630e+00 8.494241340707022303e+00 -1.689844208983152807e+08
-3.329650441222251622e-01 3.764075561261394753e+00 -2.112188114172167182e+08
2.067570720643727433e-01 1.678885642496706243e+00 6.592782699575470686e+08
-2.568938563922177343e-01 1.233446448179791100e+00 -1.517622438616882086e+09
-4.297214747899432696e-01 7.687302414090669833e-01 -6.535664396663495064e+09
2.921648372591034271e+00 3.766538610708600743e-01 1.850945865790426941e+11
-3.726920179998698401e+00 1.456655361200523691e-01 -1.578654480881923096e+12
1.206930141018994096e+00 4.209418637192446355e-01 6.121932156114842224e+10
-7.163577505428554204e+00 6.601888395187064162e+00 -1.477216757909540176e+09
-8.769467521785972997e-01 5.199425054725780093e+00 -2.915501016164418459e+08
-2.279339507474388293e-01 6.805546137536124807e-01 -4.423170406761180878e+09
1.658648484431908265e-01 3.853865463065514696e+00 1.003718376539841294e+08
-5.938944446039736702e-01 2.608718547135200794e+00 -7.843419243526827097e+08
-9.953837861183041369e-01 2.505869822785551371e+00 -1.424702440715149164e+09
3.039991183684059295e-01 1.547904649946471312e-01 1.140340457513084869e+11
-1.447334146941633148e-01 3.449390758849894545e-01 -1.093288137270205498e+10
5.120502715794609250e-01 5.886607258662402309e+00 1.328107092332225144e+08
1.198492418751350846e-01 1.110025835948342809e-01 8.742179817400862122e+10
7.775694352612619875e-01 7.571008014795867602e+00 1.219220868195668161e+08
-3.794233426294242761e+00 7.912451103881297243e-01 -5.446939927213943481e+10
-7.892172085075733534e+00 1.019168129219698127e+00 -6.828974580723816681e+10
-1.049980785982378706e-01 3.949094872973036296e-01 -6.051134907640003204e+09
5.806187612424738020e+00 7.149422022329868787e-01 1.020939050509717255e+11
1.889723123869616606e+00 3.269720257925007090e+00 1.588647704928445101e+09
-1.848231443147101694e-01 7.412962521070880495e-01 -3.022897100126466751e+09
7.940244554602852389e+00 7.076901442443956913e-01 1.424945329528797302e+11
8.772867131369558313e-01 4.650927219288966796e+00 3.645130517611516714e+08
-2.281780132441962594e-01 1.311855622497702711e+00 -1.191659914855675936e+09
2.990291437527705209e+00 1.194265868361040067e-01 1.884352267355117432e+12
2.416703864736808871e-01 6.287664021776750989e-01 5.494085329693804741e+09
-4.786655749134206772e+00 4.175626438697762066e-01 -2.467399858585974426e+11
-1.981471561796144698e+00 3.261874186821962951e+00 -1.673801875560009718e+09
9.665546466851656637e-01 2.072353870257538144e+00 2.022782549605808258e+09
1.561763148085195951e-01 8.595959332850016565e+00 1.899665278055138141e+07
3.939950588366874396e+00 1.040192599479380586e+00 3.272757858567378235e+10
-3.718928089973307483e+00 6.234181286929252330e-01 -8.600219679398959351e+10
-3.109818254568010421e+00 1.286268583383561315e-01 -1.689360370969274414e+12
1.168599596997560303e-01 8.473585904351210729e+00 1.462789644701487757e+07
-2.376531592954985173e-01 1.573085245854006775e-01 -8.631567971260725403e+10
2.279922595825699116e-01 1.756920546825231910e-01 6.638446772958188629e+10
-7.349105317471134047e-01 1.984617716713067415e-01 -1.676993431308833618e+11
3.920945257580521037e+00 7.671483778470343795e-01 5.988011905631365204e+10
1.093372592469165905e-01 1.880084655015074935e+00 2.780122880514331460e+08
-1.089319040404208572e+00 1.267288599233881152e-01 -6.096136142518176270e+11
3.572872430200875193e+00 7.405159837441919191e-01 5.855975542434928894e+10
-1.538289972845126474e+00 2.699826036231674831e+00 -1.896781324841484547e+09
9.425779907689820547e+00 1.778478573684117992e-01 2.678370409955992188e+12
5.359142312309320921e+00 1.048317472028858610e+00 4.382886860851939392e+10
-1.192348013220475428e-01 3.188042066313715228e+00 -1.054400405181191862e+08
-4.129326003167315684e-01 3.424675617720684517e+00 -3.164396575124935508e+08
3.331264714630414403e+00 1.629006486861113989e-01 1.128272844594103760e+12
-5.688473320747322592e-01 5.344954465635172181e-01 -1.789609697326867294e+10
-7.962990774510455561e-01 1.558177569746986402e+00 -2.947765517869873047e+09
-4.683578545128189496e+00 2.908019665045736835e-01 -4.977757646002532959e+11
-1.167559369674956438e+00 5.178390476066053738e-01 -3.913271691144301605e+10
1.922442081195769870e+00 1.584609833482119035e-01 6.881120915639822998e+11
2.987782395836674709e+00 2.901585185616420759e+00 3.189546454869659901e+09
-1.219346328958934356e+00 2.495078942861313820e+00 -1.760390885924755573e+09
4.849662862849307143e-01 7.201985270267967643e+00 8.403451719408935308e+07
9.597192955105197099e-01 5.396827644881081021e+00 2.961540989322438240e+08
-1.365486236367872586e+00 6.638684820504529682e+00 -2.784670694072306752e+08
-1.515469695786319515e-01 9.418066392175385104e+00 -1.535586832434809394e+07
7.640219512567799853e+00 3.574187315156698297e-01 5.375289218911691895e+11
7.801911345835753409e+00 1.054971128802462133e+00 6.300434200549739075e+10
4.283298185291552151e+00 3.951952840283737278e-01 2.464934712143780823e+11
8.352657211236568457e+00 1.022772611590895275e+00 7.176572844739004517e+10
3.247285928349501916e+00 2.935542867509628451e-01 3.386836998601563110e+11
-1.459058276379231189e-01 7.823523267130003234e+00 -2.142488501479236037e+07
2.174772627396757974e-01 1.906211424741834692e+00 5.379257576485027075e+08
1.742893472875132188e-01 8.356699490581938505e+00 2.243116818449317664e+07
5.550975822564583329e-01 3.044151643595170764e+00 5.383781035055192709e+08
2.560854958221844280e-01 1.346541696817194211e-01 1.269392673551198120e+11
1.486978758690505886e-01 4.945322454638318987e+00 5.464697845428524166e+07
-3.234861333364665636e+00 1.920929118906026023e+00 -7.879226901184247017e+09
-1.402551628758697821e-01 3.792083462832597229e-01 -8.766246938228673935e+09
1.013697994945772507e-01 1.119232502259611906e+00 7.273083587961618900e+08
-4.846532569258491741e+00 4.533272378858295704e-01 -2.119620570538379211e+11
-1.169951584309380621e+00 6.161607423716803922e+00 -2.769685511199799180e+08
-9.027666061585669866e+00 8.945419560516580049e+00 -1.013968993312965393e+09
8.080922041154502411e-01 1.188650095511315508e-01 5.140477661004248047e+11
3.002755101431368256e+00 8.311178175408667101e+00 3.907017406912168860e+08
1.264608039292682562e-01 2.969744507487682483e+00 1.288749118185411692e+08
2.029828292207408680e+00 1.215110806187970210e-01 1.235600722477321777e+12
-4.907393629479930297e-01 2.627731853990833422e+00 -6.387625143085080385e+08
-6.791493583563441128e+00 2.700158722887712859e+00 -8.372156252700641632e+09
-8.986894390955465495e-01 3.702818048715999844e+00 -5.891088032078330517e+08
1.098002045288036577e+00 2.726092085799532438e-01 1.327922481526005859e+11
7.328596712493389731e+00 1.284591826561841399e-01 3.991545947983623047e+12
1.078520728661044870e-01 9.270959358466946298e+00 1.127793949471726827e+07
8.721490172861612322e-01 2.238526770457635262e+00 1.564288055616095781e+09
1.097113535549203572e-01 5.242406627851213807e-01 3.587903745282673836e+09
-5.002764097864499604e+00 1.124213885412698177e-01 -3.557646170794719238e+12
3.554286126304424531e-01 7.946685398741413664e+00 5.058607278110764176e+07
9.662188664925309922e+00 5.232480011049728930e+00 3.171837838830309868e+09
1.763392228097407921e+00 6.909813198462597228e+00 3.319456083399152160e+08
2.425089717852438320e-01 1.064595094455750707e-01 1.923133828378437195e+11
-2.466858629265864966e+00 1.853379697251371416e+00 -6.454551606254734039e+09
3.981666092747566221e+00 2.618353191213589892e-01 5.219861721003254395e+11
6.246094329182533933e+00 1.022080934073030356e+00 5.373887655557566071e+10
-8.125362898955402757e-01 3.014574369047078317e-01 -8.036026874723976135e+10
2.144358740682690279e-01 2.430024791110199089e+00 3.263823403072593212e+08
-2.239740558272028392e-01 5.346929932732341406e+00 -7.041081101695582271e+07
2.453766010304603729e+00 4.783732599378581751e-01 9.637180065474920654e+10
1.724875996757529784e+00 3.127696810771982139e-01 1.584744314746584473e+11
1.060151211021997053e+00 7.382877472156681442e-01 1.748103371609127426e+10
7.947164060609788194e+00 2.343171105853945890e-01 1.300932580652410889e+12
4.853670558175992578e-01 4.411349957393096766e+00 2.241702051438311040e+08
3.750540613131911893e+00 9.020195730948637802e+00 4.142977436014289856e+08
5.323387428932409016e+00 2.054588361992409073e-01 1.133415233685660400e+12
-1.188401532527446208e-01 1.263477640658756396e-01 -6.690810041228659821e+10
6.400906785173510194e+00 5.740100193926340744e-01 1.746035923733049927e+11
1.350900438294544981e-01 3.873484018448266841e+00 8.092271106007859111e+07
-1.248143327921308748e-01 5.648455658085410613e-01 -3.516054760125372887e+09
1.379598734131617654e-01 2.197691938103109865e-01 2.567259534541841125e+10
5.585849053450034907e-01 3.125648079475101149e+00 5.138775637780987620e+08
-2.692831663121684760e-01 1.043095617642894463e-01 -2.224393318763452148e+11
-1.697985682829408427e+00 4.518450516591225874e-01 -7.474903344923300171e+10
-3.846830460787858952e-01 2.191074262626434288e-01 -7.201773687197430420e+10
-7.603033405205762207e+00 7.331753634845185275e+00 -1.271223142757813931e+09
-2.611464233543641655e-01 8.539544730406409823e-01 -3.218587090536580086e+09
-3.442007095740548195e+00 4.340391763134329395e+00 -1.642118592631065845e+09
-4.781834234203555245e-01 1.661916018849759702e+00 -1.556062323546770096e+09
5.867797363098984142e+00 8.353227068563040092e+00 7.558178627631034851e+08
9.628580944677771480e-01 4.185037681944531740e-01 4.940992090067360687e+10
-6.221886514467690255e+00 5.000525946247260656e+00 -2.236358032426434517e+09
9.566603603190435123e+00 1.228134131935787909e+00 5.700550467037490082e+10
-6.757264320615547604e+00 2.392163826574783547e-01 -1.061303723623601562e+12
2.487653321882542290e+00 6.371313386310184512e+00 5.507855538447293043e+08
1.025119359273211350e-01 4.156381071886791623e-01 5.333279408122447968e+09
4.523989801325985494e-01 8.881616476820747508e+00 5.154519704732165486e+07
1.356876807555346787e+00 2.755942356921693204e+00 1.605649610762350798e+09
1.645550281110124802e+00 1.669281928357433831e+00 5.307651408674713135e+09
2.012749879171144840e-01 2.635346684215562063e-01 2.604743222336438370e+10
2.415515278637128394e-01 7.648961022923976838e-01 3.710697156248713493e+09
1.363688096639638303e+00 5.394637379640543351e-01 4.211542167639497375e+10
1.292293851398941817e-01 2.944768401766556298e+00 1.339397881314330846e+08
1.325992006449934479e-01 4.594067263830488024e+00 5.646727435909631848e+07
1.928801929026615902e-01 3.707819279712924465e-01 1.260959486704588318e+10
-5.550802448602598638e-01 8.883175336750806395e+00 -6.322224608442088217e+07
-7.106419083669227588e-01 1.471878491973367120e-01 -2.948203893383723755e+11
1.035761108964927957e-01 1.082524953725209294e+00 7.943911291970573664e+08
-8.852141943798748080e-01 8.384968605388168683e+00 -1.131608251979318708e+08
4.965697256522834557e+00 8.418659055962612880e-01 6.297164140072616577e+10
2.425669019991816278e+00 3.551153179125793535e+00 1.728794403032282591e+09
4.935395997593889361e-01 2.747717867525313107e+00 5.875277003519302607e+08
5.935925647511123060e+00 5.177763500923888706e+00 1.990007216043095827e+09
-1.212696559105121974e-01 1.234825693603699287e-01 -7.148113647140458679e+10
4.296541841466933853e+00 8.158713000352047828e+00 5.801313717592335939e+08
8.746391725964240749e+00 1.539098956593593914e-01 3.318535402305117676e+12
-1.058895115579569834e+00 2.988569399342033694e-01 -1.065557457112907410e+11
-3.814848058046986345e+00 9.282901489289995922e+00 -3.978875773011793494e+08
-1.195271043658831411e+00 1.068603261385012493e+00 -9.407712269014970779e+09
-3.317265584435909354e+00 3.350116526026316599e-01 -2.656507430174639893e+11
-6.856409875516303210e+00 5.508307469856983829e+00 -2.031005229110400438e+09
-8.776329327513851197e+00 4.221843401847660271e-01 -4.425468862156543579e+11
1.275076893911317177e-01 1.233683026066986432e+00 7.529737137918938398e+08
6.379047556691668674e+00 6.244845634625996178e-01 1.470154721620670166e+11
4.516993253966695043e+00 2.205247467020763352e-01 8.348056821665346680e+11
1.240175270091983944e-01 2.314166424520887944e+00 2.081347083511276543e+08
-3.493069175070289134e+00 2.536554030482010003e+00 -4.879435364909903526e+09
1.064777680130161608e+00 6.032395299355674645e+00 2.629843904357241690e+08
2.632608062248706915e+00 1.382850172869899141e-01 1.237332922591794922e+12
-1.977889961989149903e+00 1.323787217943660499e-01 -1.014416671357109985e+12
1.264799182731764782e-01 3.615796876994025744e-01 8.694891039556764603e+09
5.078444976589782112e-01 7.413078249570118849e+00 8.305852242270646989e+07
2.414621039727449514e-01 6.764200368975741284e-01 4.743147947503887177e+09
-2.047893193920175214e+00 7.013227686894147439e+00 -3.742157340906208158e+08
-3.628997324902885069e-01 6.633640726767124463e+00 -7.411965222573374212e+07
6.839359817197443903e+00 7.985638518513090034e+00 9.639328394144021273e+08
-5.933137091140708863e-01 2.597120594390283088e+00 -7.905890037031680346e+08
-1.561635380237426762e+00 1.770540970521402024e-01 -4.477321663237564087e+11
-1.947603136674639912e-01 2.865801440579923698e-01 -2.131370204933698273e+10
1.265598581038005932e+00 7.414398469984238460e+00 2.069163231896395981e+08
-8.859951466704069745e+00 6.432193677509654428e-01 -1.924703054721559448e+11
-5.867630009548509662e+00 9.079678378241284875e+00 -6.396941941878050566e+08
-1.045217082925855995e-01 4.301247528530643294e+00 -5.077714111785274744e+07
-1.301551501703329117e-01 4.287649449845045702e-01 -6.363168648264056206e+09
3.343888344190819595e-01 3.168832235566895195e-01 2.992980525976241684e+10
1.294426797560444875e+00 6.163747622802432602e+00 3.062234305529720187e+08
5.368087560514164247e-01 1.149367018121069672e-01 3.652184830410307007e+11
1.989425899535107456e-01 1.961087722117901277e+00 4.649265466718353033e+08
-2.133924994469970748e+00 6.838193841818036578e-01 -4.101540020734138489e+10
-1.528599193625240493e-01 1.938860370551259704e-01 -3.654695315785021210e+10
3.953120068872721937e+00 1.932604873183302041e-01 9.512714948643773193e+11
4.178524729904224411e-01 1.930947973725205269e-01 1.007238807078816223e+11
-1.469359042561428907e-01 1.889242937524437949e-01 -3.700010304332177734e+10
5.593021225701304555e-01 2.181696418334294618e-01 1.056108282349768066e+11
4.344775917400887089e+00 1.246466365598336429e-01 2.513372579685670410e+12
-1.614416113394259444e-01 3.053380240875148921e+00 -1.556339429079177976e+08
2.306036602283448866e-01 1.626356723994598075e-01 7.835833431467005920e+10
3.751684181744424640e-01 1.417492748252384138e-01 1.678167085914505005e+11
1.949659848831690467e-01 8.569003607758789443e+00 2.386430631833841652e+07
7.509308417677593717e-01 3.143523299612468236e+00 6.829944785429804325e+08
-6.823321148452953899e+00 3.061803725419474653e-01 -6.541716761803886719e+11
-9.679123547414722140e+00 9.021759455371645142e-01 -1.068818998326331177e+11
-2.038096686142193414e-01 8.030784407682369785e-01 -2.840268955670291424e+09
-3.679596579601652762e-01 7.464171100988319374e-01 -5.935914714151935577e+09
-7.879291330350406852e+00 9.702712842265476922e+00 -7.522313343271051645e+08
8.013900648659051384e-01 1.152194853013658538e+00 5.425536763975113869e+09
-9.286827539076158988e-01 1.716547666171728048e+00 -2.832737054509288788e+09
1.894317568612884362e-01 5.863483082714282091e+00 4.952130177049633116e+07
1.902423261392464371e-01 2.037199751794354641e-01 4.119936635838205719e+10
-7.633696801439477930e-01 1.139020365695802561e-01 -5.288378684894827881e+11
-1.560903359286904601e+00 6.368201816024878781e+00 -3.459337996646234989e+08
-5.353094997616384632e+00 1.196878138009701276e-01 -3.358580021957499023e+12
-2.234564639059020585e+00 1.254532080346383527e+00 -1.276086157255897331e+10
-1.277817448940138934e-01 1.731179909976711562e+00 -3.832084045487739444e+08
-5.691803958476863379e+00 2.319086741038732524e-01 -9.511884450919903564e+11
6.106121865276031846e-01 4.970031447164338978e+00 2.221763422724144161e+08
1.263737584338149533e+00 4.795329758675642928e+00 4.939358689718397260e+08
1.875765881813626634e-01 6.497972009290621243e-01 3.992763420317612171e+09
1.671631013800702004e+00 1.839389461265417969e-01 4.440620408948235474e+11
3.109888831724110236e-01 1.509130851209786739e-01 1.227274436156403046e+11
4.149355213002406950e-01 2.021444135449267598e+00 9.126573294787321091e+08
1.115885452614502199e-01 2.457620887600238113e-01 1.660506023126274300e+10
-1.164030600176291008e+00 4.606555227328184898e+00 -4.930176316850228310e+08
1.455556460851532119e+00 1.014236261247771331e+00 1.271749008345440292e+10
-2.850556359429498254e+00 2.494812285821458531e+00 -4.116276144854040623e+09
-2.828444249994039428e+00 2.924052004601266130e+00 -2.973226922517704010e+09
1.139231774128735830e-01 6.550622011201074901e-01 2.386149374389752388e+09
1.370335938333408832e+00 5.352119048972488358e+00 4.299581008744948506e+08
2.715770840520314255e+00 6.914688834874648249e-01 5.105031856650245667e+10
4.663343647534672343e-01 2.455568923487530530e-01 6.950943871620915222e+10
1.659241338422322132e+00 6.558173135298146050e+00 3.467323969709343910e+08
-1.035447109289763024e+00 2.020785176023369434e-01 -2.278968086811512146e+11
8.487429304808756569e+00 1.726993387301098748e+00 2.557675473764564514e+10
3.671175656519736208e+00 9.571190604606810481e+00 3.601835325526717305e+08
-3.657263355568201590e-01 4.959382127547574126e-01 -1.336446899163567543e+10
5.974791455160398890e+00 4.524142601043165124e-01 2.623619189186497803e+11
-3.938223890386239212e+00 2.214797684440483305e+00 -7.215773611866853714e+09
9.689670548382556703e+00 8.413874265324523538e-01 1.230176974565755310e+11
9.799370660943090172e+00 5.840442385467411235e+00 2.582006405451671124e+09
-6.593209197569252389e+00 6.330040477713982483e+00 -1.478885326362468719e+09
7.656594614932601406e-01 1.373201913245987393e+00 3.649366426034281254e+09
2.337662354548714738e+00 1.043629920825595914e+00 1.929031670094551086e+10
2.476378736283900039e+00 2.082915732727898539e-01 5.130081727751068115e+11
2.957429798548539268e-01 2.276735284630972078e+00 5.127905182482207417e+08
3.031103094880689408e-01 8.729825955687912753e+00 3.574704570363623649e+07
1.712939466579775361e-01 5.051015605164329569e-01 6.034415545783317566e+09
1.394965261940451784e-01 1.246877778702319278e-01 8.064291924089854431e+10
-3.238041092612534144e-01 3.774211397469539597e-01 -2.043057222555511093e+10
-6.653341947736949313e-01 1.870745752157463582e-01 -1.708680752586054077e+11
3.580259009159962869e-01 5.839977858634227026e+00 9.435016488553974032e+07
7.767580943027017959e+00 5.812969074560279559e+00 2.066047875256215811e+09
-1.309833654052508178e+00 8.913757210380431895e-01 -1.481648417652573586e+10
2.033396606409138663e+00 2.557581688456843083e-01 2.793918189086280518e+11
-2.950023160947910839e+00 6.295462736243987445e-01 -6.689916986860497284e+10
9.119836649207075041e+00 1.286961207935983786e+00 4.948878196721264648e+10
6.549713730192396000e+00 5.183985913368535092e-01 2.190510359717447510e+11
1.836733159256389025e-01 5.010485150717822744e-01 6.575626335258082390e+09
-8.522304328090115177e+00 1.357060653287264218e-01 -4.159193632389653809e+12
-2.750812080422407324e-01 4.743135335794145924e+00 -1.098956515375566185e+08
2.162464052007800064e-01 6.872305335165213025e-01 4.115234816676004887e+09
-1.373863668601812971e-01 4.901309924734372214e-01 -5.140080574763393402e+09
1.652816692717484492e-01 1.084804165490626110e-01 1.262329176876164246e+11
3.259961056988286976e-01 1.364750087969064829e+00 1.573101584403853893e+09
-4.050212960089936698e-01 2.394060705207163298e-01 -6.351234681845108795e+10
-6.063488966240246913e-01 6.346791289006133985e-01 -1.352897131499275208e+10
4.905149232162675510e+00 4.502419634638251011e+00 2.174757832678107262e+09
3.999570311190919214e-01 3.421195650722122839e+00 3.071200231088643670e+08
-3.059052997381002559e+00 1.868604980663657322e+00 -7.874130627727773666e+09
-3.174382729235874501e-01 4.688760838368472572e-01 -1.297758086918144608e+10
-1.063367262337961749e+00 4.784770584160544793e+00 -4.174569205002354980e+08
-6.223419019605203051e-01 4.037738063564798807e+00 -3.430863007439198494e+08
1.607296427890652080e+00 1.776422894384779294e-01 4.577769006675573730e+11
-2.233447481812347035e-01 4.418750084989393478e+00 -1.028081357657615542e+08
2.402231605195361830e+00 7.704119095374551307e+00 3.637638345729747415e+08
5.228063187354828223e+00 2.464486163743610181e+00 7.736395750841820717e+09
1.962480412806917873e-01 6.515232584188312082e+00 4.155239886718225479e+07
-5.270071553111194129e-01 3.905580831722898161e+00 -3.105244983983420730e+08
1.006553854177460350e+00 2.891459632096020083e-01 1.082065044293425293e+11
-3.796397061275735285e-01 1.632660350293618223e-01 -1.280060673121946564e+11
1.639783367012439264e-01 9.907059703116592786e+00 1.501576748765453324e+07
8.921157162829599363e-01 3.140291337138809258e+00 8.130774686128263474e+08
7.229211060850946335e-01 5.119494253621138524e-01 2.479062083580380630e+10
1.376337254736334226e-01 3.609228663005214610e+00 9.496130810898250341e+07
3.296820652673374763e+00 2.638152743204507655e-01 4.257415796490867920e+11
6.297257148492310996e+00 4.284432784267232508e-01 3.083297130311445312e+11
4.631760498812669269e-01 1.738524186187504761e-01 1.377321221572398376e+11
-1.296632218564272465e+00 5.315184114235441681e-01 -4.125065049618367004e+10
-7.019284882738573650e+00 1.768964102572986308e-01 -2.016069258537186768e+12
1.553873399331035632e+00 1.640484758486114580e-01 5.189456201270658569e+11
2.944144943745592435e-01 3.588528912791870251e+00 2.054834770606607795e+08
5.568298078609802415e-01 7.287970551795298846e+00 9.422363956634525955e+07
1.455743993425124561e-01 5.272353052837813747e-01 4.706809883015636444e+09
-1.095815894919329736e+00 1.018627676829885892e-01 -9.491989951549251709e+11
-5.539506089730007687e+00 1.712670739248284002e-01 -1.697359778192778809e+12
-2.547527582848249650e-01 5.333791820581991194e-01 -8.048174630152923584e+09
6.550532154093655635e+00 9.227724573437352529e-01 6.914136583100936890e+10
-1.452664069633042621e+00 2.973331993125345463e-01 -1.476824897074711304e+11
2.251321539215796363e+00 1.458176507606310235e+00 9.516296184239358902e+09
9.557332912065808372e+00 8.584210582966349534e+00 1.165699490223046303e+09
3.078917205775681065e+00 1.105729664980750204e+00 2.263344730877629089e+10
2.443711071980103622e+00 8.151019992318007112e+00 3.305799869384356737e+08
-2.067714991589348350e-01 7.420260215243341229e+00 -3.375227290723872185e+07
2.647260484854052631e-01 1.571837692080692461e+00 9.630124412164808512e+08
5.583292869654599144e+00 3.130327263276737160e+00 5.121079762682774544e+09
-3.386150221029907703e-01 1.383301448207746587e-01 -1.590461556368742371e+11
1.156316802475377381e+00 2.094681767873436684e-01 2.368597952506883545e+11
3.315707183379779655e-01 2.957406732854078735e-01 3.407255286179315567e+10
2.455552745810859694e+00 4.440584259572409320e-01 1.119230806089739685e+11
4.364998870575677037e-01 1.961235267938676197e+00 1.019941740303695202e+09
-1.115748178824252090e-01 6.324758991935376606e+00 -2.506852853726270795e+07
-3.273818374277674081e+00 2.169846035786560656e-01 -6.249530071544779053e+11
-7.391632728561673638e+00 7.871175686276978833e-01 -1.072288839924893188e+11
-7.409774748869164540e-01 1.420372803119611393e-01 -3.301041075561195679e+11
-2.573501776714386957e-01 4.354309028787592517e+00 -1.219934728327932209e+08
-2.332925410571942582e+00 2.076210697850713049e-01 -4.864168634655736694e+11
-1.716701904510523347e-01 4.351267862048486257e-01 -8.149179220548381805e+09
-4.307820881630425314e-01 4.123730782965732367e+00 -2.276814486809089780e+08
-1.112166978585551913e+00 4.684080753946548992e-01 -4.555875706404206085e+10
-1.220005803449616261e-01 7.203344103312358193e+00 -2.113217467937865853e+07
-6.772698973229816843e+00 8.843305606650266881e+00 -7.783646860617417097e+08
7.572010230313199308e+00 3.009737437803414739e-01 7.512847778791419678e+11
-3.285035679847902124e+00 7.238313755845519282e+00 -5.635285201831487417e+08
-8.171957541179729612e-01 1.766728558755595868e-01 -2.353081996869003601e+11
6.241488660340416272e-01 1.779481104002850866e+00 1.771544405464387894e+09
-2.660394286475216141e+00 1.474730893287599931e-01 -1.099438822957485718e+12
-1.952834060309816544e-01 2.171057757746543138e-01 -3.723687310721065521e+10
3.091783077481640163e-01 9.152418579117178599e-01 3.317323964156393528e+09
-7.990212211865514114e+00 5.502223340266358953e+00 -2.372097318510439873e+09
1.344753510587215206e-01 6.384313201551861994e+00 2.965274726877062768e+07
-1.709861171606983365e+00 1.179527452595006798e+00 -1.104575388142592239e+10
-9.584858538587461396e+00 3.845054322954687409e-01 -5.826816832168406982e+11
-1.090495767268151034e-01 6.535850249135569889e+00 -2.294406776000791043e+07
-6.899527030375813830e-01 1.132046810237043594e-01 -4.838838952911383667e+11
-9.128370715273976810e-01 4.622676686047369365e+00 -3.839342427972339988e+08
2.294717056146545531e+00 7.651584547659164848e-01 3.522710867143253326e+10
-1.159095697607822384e+00 2.393401749372898457e-01 -1.818606352954554749e+11
6.247413399904099274e-01 1.788851472667160325e-01 1.754697661994715576e+11
2.835560423565230082e+00 2.250615199928549082e+00 5.031378959453366280e+09
-2.210743649881353967e+00 5.416321690978009862e+00 -6.772984842257128954e+08
2.316722468331354534e+00 1.140185811570948865e-01 1.601671191639929443e+12
-4.327410321404612792e-01 1.442161926703778019e-01 -1.870038910145711975e+11
8.507688011365117653e-01 2.899343938913121033e+00 9.096256520021481514e+08
4.172686352246367747e+00 4.549679370927877664e-01 1.811777142321049500e+11
1.225564019615326794e+00 5.953629759566531732e+00 3.107584693399149179e+08
-1.736082938958039223e+00 2.935536436326713350e-01 -1.810698479644643860e+11
3.183770393489882555e-01 1.309686719481149009e+00 1.668236084073377609e+09
1.847422820850127267e-01 4.864056395998614946e+00 7.018102696928687394e+07
3.718017203549540461e+00 8.183204550180395387e+00 4.990168370032901168e+08
-5.819775212921802776e-01 1.243664816909458293e-01 -3.381817226657291260e+11
4.039939833696737370e-01 2.843098837099314213e+00 4.492019161864731312e+08
-2.209597668373335821e+00 8.190676933713620933e-01 -2.960221636908404922e+10
-2.546612968444299518e-01 8.487499487478792348e-01 -3.177269417875790596e+09
1.537309209598147763e-01 7.212285514137360742e+00 2.656232128947356716e+07
1.285088736827115330e+00 6.158191234147206705e-01 3.045631763507449341e+10
-2.624849906502085162e+00 2.966693820551503435e+00 -2.680461903141545296e+09
-9.745688725977121436e+00 1.860472070561025038e-01 -2.530561199628704102e+12
-1.434588981499241855e-01 8.857781209757600749e+00 -1.643342970736369677e+07
2.443689178103326531e-01 4.603470601705217935e-01 1.036396256925685501e+10
1.463888728283385399e-01 2.946351627242643767e-01 1.515617229517712212e+10
-6.330834501243157719e-01 6.817507136757571251e-01 -1.224222554063577843e+10
1.269756290783629726e+00 2.183692412784238313e-01 2.393249964674981995e+11
6.684018344614027773e-01 1.142579807207396492e+00 4.601666732544663429e+09
2.572439628968957726e-01 4.728301296193984093e+00 1.034154733356748968e+08
-1.642252872610836523e-01 2.057502255478168007e-01 -3.486663285065278625e+10
1.515064265827170242e+00 4.877610797879560423e+00 5.723575111781119108e+08
-2.250964066175682454e+00 2.419390091068478466e-01 -3.456267799311350708e+11
8.743049952678377812e-01 8.760978131953857106e-01 1.023784111837393761e+10
1.036470183148491264e+00 1.908606896333264191e-01 2.557257457947751465e+11
-1.006122657723999836e-01 2.664366587555966781e+00 -1.273836210642558932e+08
3.833596249240848852e+00 1.184094100801914989e-01 2.457449233766142578e+12
2.966962424799544973e+00 1.412495782305890901e-01 1.336559647794129395e+12
-2.709886130259630543e-01 1.105875655541792429e-01 -1.991540144103811035e+11
-6.386740816514374641e-01 4.521464472561590453e-01 -2.807835529034098434e+10
9.935966380039089607e-01 4.917058653633002985e-01 3.693600786077164459e+10
-9.827123485939052161e-01 9.998614707561571890e+00 -8.834813070197559893e+07
6.373847620732001618e-01 2.980080493790553398e-01 6.450543456298449707e+10
3.068984490363887430e-01 8.573523303356720859e+00 3.752551374887682498e+07
-8.451351257577215392e+00 1.301647871104010257e-01 -4.483216849955649414e+12
3.271849908806356844e-01 1.674860852489822860e-01 1.048302273930184631e+11
1.989595543722256998e+00 5.706014090316076093e-01 5.492242928404343414e+10
9.707834055460178746e+00 3.394113894602440729e-01 7.573909980463800049e+11
8.414221524911231764e-01 1.066146492523654565e+00 6.653203312397456169e+09
-1.690374300506974237e+00 1.067498732018814955e+00 -1.333210618484644127e+10
-3.298222576288964980e-01 4.414428824792545614e-01 -1.521183270536474609e+10
-3.537792963839339611e-01 3.517719754641578156e+00 -2.569570613353258967e+08
-4.715159312410660553e-01 8.815539272772905388e-01 -5.453172302775829315e+09
1.286155036579054722e-01 1.332282181299340174e-01 6.512556472606799316e+10
-1.024220320343631974e+00 1.667138511375843457e+00 -3.312078628446830750e+09
6.080138079611243640e-01 6.740716850165112684e-01 1.202684991397348213e+10
-9.548062750811181498e-01 6.151657051758497863e-01 -2.267679379087442780e+10
-3.019345267224683660e+00 1.618045052355807201e+00 -1.036530717468470192e+10
2.919189713404238273e-01 6.497345735418865509e+00 6.214997873729597777e+07
-2.460874523453655260e-01 7.454772392792861524e+00 -3.979892229559575766e+07
5.724595937956031833e-01 4.539300610611904929e+00 2.496994395518086851e+08
4.753678282536118793e+00 1.933377275815399976e-01 1.143002512942729736e+12
-3.746701122503321435e-01 2.939315228458993623e+00 -3.897690399252416492e+08
