4.140692701040184716e+02 2.159367139541661096e-02 9.653748523915704760e-02
2.185249867019496833e+03 -3.036946804017610635e-01 1.007732990279147458e+02
4.331970554139050364e+03 8.275522012148080198e-02 1.483359087772377549e+01
3.947742846504783756e+03 8.289439714694796235e-02 1.356342013598630913e+01
5.255371795653276195e+02 -3.076916382503344094e-01 2.487739137323611516e+01
8.822288027205771641e+02 -1.580224823132277967e-01 1.101511399651791479e+01
1.788521052434988974e+02 -4.286382565160601343e-02 1.643031616031445097e-01
7.615113318195925558e+02 -1.155428138186724157e-01 5.083142140620032556e+00
3.673687909988883348e+03 -1.437761147891543183e-02 3.797045056931802609e-01
4.128398786351459080e+02 -3.799188677476120213e-01 2.979431263709777511e+01
6.291380631748024825e+03 2.394396849285558015e-01 1.803467125000311739e+02
1.508369008521069361e+02 3.889095653951480935e-01 1.140708965314495593e+01
3.052773384616768908e+03 -6.051531290643239608e-02 5.589785431845181840e+00
3.825592695750985399e+02 1.796841946847309857e-01 6.175732678875164083e+00
2.171647136342989768e+02 -1.123022954538997406e-02 1.369419571882103323e-02
5.672397236057725422e+03 2.589666078784715886e-01 1.902059845935846738e+02
9.957151281390244549e+03 -1.062104468839011363e-02 5.616161424419371384e-01
4.522545224510600747e+03 9.501676996580000756e-01 2.041519103977642999e+03
1.104068899677289437e+03 -7.252028661674400634e-02 2.903255146292835764e+00
3.843950743990600586e+03 3.553752625187634462e-01 2.427293010886011473e+02
2.988932289500648949e+03 -1.216221629497012471e-02 2.210606926780436243e-01
1.941267157290017167e+03 -8.280673127976655445e-01 6.655590522978658328e+02
2.435237368765977237e+02 1.059571364126615095e-02 1.367010117581990425e-02
2.160133381234260469e+03 5.716326363819550505e-01 3.529267727393545329e+02
1.490493451903423420e+03 8.311309655795762197e-02 5.148005510769279702e+00
3.504198302810752466e+03 3.537408327188508450e-02 2.192446815064021948e+00
2.210672778740830836e+03 1.929356314444646558e-01 4.114521626939988863e+01
3.256766111574901970e+03 -4.108098781119086385e-02 2.748136690101210089e+00
2.099204176750741908e+02 -4.882721290853755947e-02 2.502352896637146107e-01
3.249899859925764758e+03 8.812347087183013405e-01 1.261894861136333020e+03
2.318262774839234908e+02 3.443898750729413871e-01 1.374780665593831941e+01
1.472229258926252896e+03 -7.746273067464504170e-01 4.417037168856326161e+02
9.466775929922123396e+03 5.038816382247027770e-01 1.201791609399669369e+03
1.919233395033339491e+02 -2.015485846979711282e-01 3.898138826492440145e+00
1.068817290758935741e+02 -4.271676221272471818e-02 9.751470914048754324e-02
7.138004418786174483e+02 -5.563914485556830519e-02 1.104861167693414359e+00
7.447014407750561986e+02 -4.882282196659565310e-01 8.875604764041972317e+01
4.489086270688725904e+02 3.638191362017317854e-02 2.970975242809427153e-01
2.025304685002060694e+02 4.939349851473801012e-01 2.470585839415038265e+01
3.400525623548080603e+02 -8.654875627326150678e-01 1.273613690195740276e+02
2.726015559431264705e+02 -2.358958680737001101e-01 7.584710387944639365e+00
6.814780596145316849e+03 -2.417734987557566273e-01 1.991770396042427080e+02
6.244088065345376890e+03 1.325987918728045167e-01 5.489315065213776990e+01
1.714568885766871915e+02 -9.580283054243067253e-01 7.868312933979500201e+01
3.384172850066367573e+03 7.451775248570968735e-01 9.395978986074645718e+02
2.999090708987944708e+03 -7.630040033941307698e-01 8.729979804960893262e+02
2.046740053351300503e+03 -1.037415156780644235e-02 1.101381736177049903e-01
5.353211368349393524e+02 2.878800139181560969e-01 2.218234348754448959e+01
4.388237296025632531e+03 -7.878543617345332706e-01 1.361921249238652763e+03
4.479209097393967340e+02 4.128622857497669107e-01 3.817523913102907329e+01
2.876076666804194133e+02 1.039128820403623435e-02 1.552777550330370140e-02
3.482590726940422883e+02 6.199480229305851520e-01 6.692417132090865550e+01
2.023695440148484010e+02 2.401175117365810796e-01 5.833951656060577307e+00
1.268889098186536444e+02 1.195411866876462531e-01 9.066273078428762622e-01
8.062883788090499365e+03 -5.060268710874161746e-01 1.032303888872972266e+03
1.815128557413918770e+03 -2.049681046760765124e-02 3.812852144270891253e-01
2.085349084759307061e+03 -5.846877526904803446e-01 3.564484773098997152e+02
1.639042704340531316e+02 2.118934494500588905e-01 3.679555308485928933e+00
4.441838511373453912e+03 -1.366198256399072664e-01 4.145340628851793952e+01
9.294938471782688794e+03 -1.299921864140843875e-01 7.853278888625874288e+01
1.239067074681667435e+02 -4.713095718270794710e-02 1.376186651316528564e-01
5.370261419509777625e+03 1.438415640912442915e-02 5.555641651571094908e-01
1.697174580177262669e+03 -1.753796564528940782e-02 2.610086814769071450e-01
4.281012199461235468e+03 8.242975209060625641e-01 1.454401980123332578e+03
5.548449389956062987e+02 -5.769239215758348305e-01 9.233763078572425798e+01
5.579322221320579047e+03 2.925773844308136029e-01 2.387992477616654696e+02
1.071318945028635426e+03 3.801807989439300040e-02 7.742284880771447275e-01
6.550334881802473319e+02 -2.919377177023316783e-01 2.791347621728294115e+01
8.062892283055959979e+02 -8.220804387576444716e-01 2.724516804526693363e+02
5.974429255825906466e+02 1.667046467158840931e-02 8.301600660389991948e-02
1.746521329842062471e+02 1.597069046228570544e-01 2.227364446689126254e+00
2.171364617767528216e+03 1.061585378362775306e-01 1.223524351594036297e+01
9.256976530995183566e+03 -1.086455086112491329e-02 5.463396520459039563e-01
2.673075546410286279e+03 2.641019697631783597e-02 9.322330977883397374e-01
8.538945368308656043e+02 -1.007795474873951491e-02 4.336297271638079459e-02
7.810760184999620606e+02 -2.379439658996262974e-01 2.211121970187434727e+01
1.838213976817777677e+02 -1.915444761978533084e-01 3.372137949496640807e+00
9.006638431239659894e+02 1.378618297400149850e-01 8.558956307406292652e+00
1.779578242547039054e+03 5.395875945262871426e-02 2.590663488807685155e+00
5.884514906211419657e+03 2.803296578233225866e-01 2.312164694562808336e+02
2.595411460673532019e+03 5.204529624782379127e-01 3.515112202236257417e+02
6.482123799837160050e+02 3.415425300141150533e-01 3.780740833851231741e+01
9.621695761430217317e+03 -1.226385780991252374e-02 7.235621454482256132e-01
5.633727990410559869e+03 -3.886785156892815785e-01 4.255464283902908278e+02
2.590870160196183861e+03 -3.506973152056709342e-01 1.593237558208940641e+02
6.892411231366340871e+03 -3.694649421216038288e-02 4.704220349863821760e+00
6.191087593634019868e+02 2.727690759914961349e-01 2.303176485870218926e+01
1.837329598380848665e+02 -2.007217270793257291e-01 3.701228059586274988e+00
1.263299928803625249e+02 -4.831009330863254847e-02 1.474185817117122377e-01
1.949381194150173997e+03 -2.319835006313860498e-02 5.245428501664589627e-01
1.104779301534410251e+03 -1.277040530108019580e-02 9.008550037181541070e-02
1.483986457280003322e+02 -3.607735388648690145e-01 9.657601804444739813e+00
6.911370013776117958e+02 2.918304439708010456e-01 2.943034413545341010e+01
7.245862021371100354e+02 3.485490559766753899e-02 4.401370068752294418e-01
4.039337503088952872e+03 -6.664209779539410627e-01 8.969690650675415782e+02
4.785551577522492153e+02 3.334066809737017134e-02 2.659809923738893911e-01
3.713125696855082879e+03 -1.065169393783167891e-02 2.106429914166177975e-01
4.257085759684562731e+02 -3.018760888027956502e-01 1.939723523156390428e+01
1.827714278433944912e+02 -2.283223608924401724e-02 4.764037835208172894e-02
2.318709533133533398e+02 3.413298274774097252e-02 1.350718457065192835e-01
1.582142578558805042e+02 1.768802084922007078e-01 2.474993745133972300e+00
2.189682179153091965e+03 -2.499314048809515576e-01 6.839002287264003144e+01
3.118365774502143722e+03 -1.306957906717459705e-02 2.663301050963531313e-01
2.170741682784812383e+02 -6.115540898083036969e-02 4.059269632551494866e-01
1.165485704811774781e+02 3.166804977146926020e-02 5.844126299806306352e-02
1.749171701926748028e+02 2.832246914489425921e-02 7.015597614289910411e-02
9.495627221220123829e+03 -6.804590894982616434e-02 2.198354367271263143e+01
7.352460802025811972e+02 3.219787791891656759e-02 3.811160344462019567e-01
3.955972441839260227e+02 2.216800158539587728e-02 9.720225707861152031e-02
1.121854686200834067e+03 3.497330615452048930e-01 6.860882634456393703e+01
7.769869863394800404e+02 2.759473160094499944e-01 2.958258341608912900e+01
1.407096551148343906e+03 -8.031945314136695879e-02 4.538740874071667264e+00
6.110983493037466587e+02 -2.856556290480902205e-01 2.493254939252009095e+01
1.235618710041616168e+02 2.529497858633678598e-01 3.952966304504517137e+00
4.155274882121568112e+02 -2.864385385003468884e-02 1.704639946243495796e-01
6.560175138899273406e+03 4.064045102161584766e-01 5.417544364062285922e+02
2.236937786262252246e+02 -1.081366035338953424e-01 1.307884399022313016e+00
1.086217795635766947e+02 -7.214019172141292180e-02 2.826451269864603821e-01
9.081577118643889435e+02 -1.167476996799132472e-01 6.189106331127470106e+00
3.904009969719806463e+02 2.439217752702294018e-01 1.161400655326728426e+01
2.284811747490192317e+02 -7.111329160774365610e-02 5.777261022049948735e-01
5.044202433767811726e+02 -3.693607914134676151e-01 3.440836970128204086e+01
5.649873318004626526e+03 -1.530200706946060508e-02 6.614629311149731183e-01
9.621458030547779572e+02 1.373852200377193022e-02 9.080106061757965696e-02
8.609773987130025716e+02 -7.821619590210592277e-01 2.633632271476156461e+02
1.887277150131061035e+03 -4.405801556055546214e-02 1.831705080869240998e+00
1.176455865971961998e+02 -1.479058018703658106e-01 1.286814851219915123e+00
2.250214557535653512e+03 1.298770823689535114e-02 1.897837317457552464e-01
3.047206863873249176e+02 1.492659168293544170e-01 3.394636276366202132e+00
5.888388286519211761e+03 1.500229510944156575e-02 6.626464151753144183e-01
1.462343807412091223e+02 1.956024761796779365e-01 2.797487736294722360e+00
3.861595360697037449e+03 2.296240939300042971e-01 1.018056027812546915e+02
2.558709547347293210e+03 -1.053581565622473543e-01 1.420127444502544023e+01
4.554709622421538029e+02 -4.235169226951850108e-02 4.084813526083196922e-01
1.905835337853775400e+03 -1.748987182475808533e-01 2.914933377591203723e+01
1.637060782156532355e+02 -1.032412646041428600e-02 8.724517941086163200e-03
1.034842917404324680e+03 -7.429132745062716481e-02 2.855753205303910747e+00
2.015788141695250260e+03 3.634992657464577309e-02 1.331747733271009038e+00
7.563214779697222184e+03 3.915093287513027320e-02 5.796430960072393113e+00
3.862045878079515546e+02 -4.207844058994035519e-02 3.419059874503908580e-01
6.812812675436094651e+03 3.265877844787419548e-02 3.633258725970568204e+00
5.166612437681808842e+03 5.952760736236787364e-01 9.154038684396855388e+02
5.880081911094980569e+03 -1.910779951185232958e-02 1.073432479622446145e+00
8.811176257407594221e+02 9.889638772514251774e-02 4.308883489002886868e+00
7.160197639135714780e+03 1.174685457888942353e-02 4.940127971143998264e-01
9.967675523088935279e+02 -5.993454118318034679e-02 1.790268896181968605e+00
2.918470282429198051e+02 -1.193323983101068388e-02 2.077983131984831658e-02
1.331325109736972649e+02 -1.357237496816765705e-02 1.226212747236988566e-02
2.022757795423449636e+02 -1.747165668882171563e-01 3.087322959700705916e+00
1.123669109610954564e+02 8.154728182825217442e-02 3.736176851760888984e-01
6.128359280956879047e+03 -1.441427118313472026e-02 6.366483230225070677e-01
1.021030199415061190e+02 -8.727789752520752342e-02 3.888813748858949704e-01
5.704908319719311294e+03 -8.015325178146953666e-01 1.832571660519914076e+03
1.445871347631410231e+02 3.082601060762733131e-02 6.869645128748237684e-02
9.597386363511872332e+03 -3.110558855572422843e-01 4.643012247135061443e+02
3.987348964230428919e+03 1.206010435919925572e-02 2.899722122942186564e-01
2.693823004289295113e+02 -8.305207030018922632e-02 9.290519248494070181e-01
3.036948993777346573e+02 -5.059173846910182404e-02 3.886571920187977813e-01
1.185950995933860384e+02 -1.460262425994038327e-02 1.264440999881714066e-02
9.023224695570881522e+03 -9.678322609759862916e-01 4.226024062108777798e+03
8.038477983470414756e+02 4.473788538545440258e-02 8.044419981227808325e-01
1.883745260883446008e+03 -6.407076233164895607e-01 3.866446095776398124e+02
8.946609917753638001e+03 -4.935884409530708061e-02 1.089829269860662642e+01
3.813878741911443740e+03 -1.549449887145359223e-02 4.578170417037984996e-01
4.387425689861798901e+02 -3.235817257365374289e-01 2.296929956982467402e+01
2.309826552406422252e+03 3.911575076917501725e-01 1.767065770714964970e+02
3.004906634810517971e+03 -6.806138371752290528e-01 6.959892559990753398e+02
1.244518078577756114e+03 9.178837018614471877e-01 5.242597681871066015e+02
2.249076904310435566e+03 -4.039997162437262285e-02 1.835424101784251194e+00
1.864236240361385626e+03 4.010752632079418734e-02 1.499417947915299809e+00
3.582451361044874147e+02 3.581112547854223283e-02 2.297133565085718032e-01
2.855787541584905284e+03 2.763369896746226684e-01 1.090370124107992638e+02
2.978585317275737339e+02 3.718682207945080143e-02 2.059482853299847427e-01
1.532984142205981243e+03 -3.172913471469830660e-02 7.716566868165359860e-01
6.720774331586184417e+03 -1.177217955518676182e-02 4.656966056374596263e-01
2.614620507531607018e+03 1.425038466053102533e-02 2.654800204124611596e-01
6.723857455551660678e+02 -1.388448201161214535e-02 6.481087227601348144e-02
3.434804298532154121e+02 -2.486267356134798379e-01 1.061616494962291668e+01
2.119204706494509196e+02 -6.555853481965924490e-02 4.554087722439363328e-01
1.239464535574773208e+03 -4.846077806979653957e-01 1.455408391986150320e+02
5.254475836437560474e+02 -2.256599453542433575e-01 1.337852889015410085e+01
1.991987364749214976e+03 3.910494867944067643e-01 1.523070562282933906e+02
1.601037111649615099e+03 -6.609387792293642816e-01 3.496985818741122216e+02
1.111934884168875612e+02 -2.678186350368273738e-02 3.987777735199152240e-02
2.234762261884330314e+02 -5.630742086640266875e-01 3.542685530473558941e+01
2.164735860242164733e+02 2.643830898103390753e-02 7.565580620169366777e-02
1.861844050039190108e+02 1.604205279632894277e-01 2.395704166607225183e+00
8.452873635644562455e+03 4.306508513283791029e-02 7.838356305002531776e+00
1.196760484523877182e+02 -8.164306684408359494e-02 3.988557576654138681e-01
4.237893936779833894e+03 3.867127705359499346e-01 3.168816683459245951e+02
3.164997334542031240e+03 3.912818824655669991e-01 2.422829379784030266e+02
8.050353669348488438e+03 -1.589566842718702633e-01 1.017050587076354162e+02
6.372589418833495074e+02 -5.695532455429903884e-02 1.033605006887045041e+00
8.880046127376474487e+02 -6.714773073252290336e-01 2.001925476678839004e+02
4.237140609435371516e+03 1.279783336092813473e-01 3.469890601339163538e+01
1.707340323518444620e+03 -2.261364297134816903e-01 4.365471569239437599e+01
1.516562259695046805e+03 -9.865152646232157319e-02 7.379685734840735201e+00
3.954568699787987043e+03 4.243735217600864140e-01 3.560948449578175996e+02
3.067889366038437856e+03 -6.832815763558256483e-01 7.161584490647348957e+02
7.401334381246650082e+03 2.458305174652030897e-02 2.236411003666392006e+00
3.561709495429753360e+02 1.630903396143763839e-02 4.736799177039117958e-02
1.769668310582696904e+02 6.364816699220653129e-02 3.584542056197305704e-01
3.977293633548590606e+03 -1.207027605902451228e-02 2.897290652599876504e-01
6.186930904644446855e+03 -1.676975511696550750e-02 8.699588525939736527e-01
1.383420796548962812e+02 5.454679941197589921e-01 2.058082834197248090e+01
1.232090609982824844e+03 -8.587213963518490478e-02 4.542733089273767177e+00
4.112939144800911890e+03 3.882783650584186730e-01 3.100335352929116652e+02
2.260836149863384037e+02 5.714691872684762863e-01 3.691685798272853702e+01
1.181999008192628025e+03 2.307552315613721206e-01 3.146952793786098468e+01
1.030372321877453743e+02 -8.260030342236358569e-01 3.515017355352974704e+01
1.359910363354109677e+02 7.816939462577359166e-01 4.154835033876552330e+01
6.843042427992222656e+03 1.013319296410977038e-01 3.513272714822898735e+01
4.491689874020436264e+02 1.211001219586446687e-02 3.293585396735459331e-02
2.119526635414134489e+03 1.266305926796589820e-01 1.699363014931659421e+01
8.780257982318353243e+03 5.908379718527047020e-01 1.532547973895867017e+03
5.593467052588820252e+02 6.757996113067489541e-02 1.277282505750400698e+00
1.135341345204063970e+02 -6.303868337885349948e-01 2.255852635903244519e+01
8.986384281491462389e+03 -2.391883254456338842e-02 2.570602628222601549e+00
4.415990194445907946e+02 -1.374439438679009480e-02 4.171087703720017387e-02
5.536235910212159069e+03 -6.925324367396420988e-02 1.327592626399943931e+01
2.086491431976985496e+02 -6.912285854811208718e-01 4.984596289055221519e+01
1.883183675589996255e+02 -4.531471260230995196e-02 1.933486504160383257e-01
3.120448951342205532e+02 7.480836369425167276e-02 8.731470625874285796e-01
8.872729164098165711e+03 -1.279070985973584408e-02 7.257992661106437149e-01
1.484325907912727871e+02 1.350584209569100948e-02 1.353762899375039047e-02
1.541716447163290411e+02 2.293714409925766765e-02 4.055582083834523982e-02
2.794928199199405299e+02 7.210163854951173734e-02 7.264921544947889887e-01
2.722334847631974753e+03 4.201647745999826933e-01 2.402983706046718169e+02
2.766775219536585269e+02 1.566159606321458619e-01 3.393250477862029157e+00
5.290587943967458386e+02 1.828410408364444795e-02 8.843441596861759124e-02
4.359846567894330178e+02 2.774408297845580573e-02 1.677961374922684323e-01
1.385813573855377285e+02 -5.952053225209730236e-02 2.454756550014469962e-01
3.890479326968647911e+02 8.643320464188330998e-02 1.453229974549498538e+00
3.479433018791356972e+03 6.604878957620935465e-02 7.589413420309082170e+00
1.739520010686769353e+02 8.874536341550135488e-01 6.850003253738428555e+01
2.264807725140755110e+02 -4.708735719760637206e-02 2.510787595140203665e-01
4.824250720109151302e+02 5.325618024382661880e-02 6.841319959587055521e-01
2.752486668657400514e+03 -6.037249965585001626e-02 5.016184985803021412e+00
1.142340895780058219e+02 -3.074576640099322411e-01 5.399286533118949905e+00
6.197140517121579251e+02 -1.336182083378024688e-01 5.532133300384568741e+00
1.943048863022961541e+02 -3.941786075253806559e-02 1.509523326431278512e-01
1.878995464786684693e+02 1.020026519767833206e-02 9.775042685767357242e-03
9.360086989151859598e+02 -3.146070950204641475e-02 4.632195864199605828e-01
4.274447525304961346e+03 2.522565978462012679e-02 1.359987956787726437e+00
2.350144845893463525e+02 3.908044730170349701e-01 1.794666209745612306e+01
4.834003880182429498e+02 1.167422951070993670e-01 3.294074774047649701e+00
8.795729820089890154e+02 3.491813828292383848e-01 5.362212812285902430e+01
5.727852822924713792e+02 8.034608746315215211e-02 1.848805910875657599e+00
1.060631816957772116e+03 -2.939651467027728018e-02 4.582751835378975347e-01
6.750623224636777877e+02 6.015446129619425042e-01 1.221376493432009767e+02
4.176813750780377632e+03 -1.234383787561165249e-02 3.182112520856112403e-01
1.304429156560812260e+02 1.389020712813051062e-01 1.258368811216136418e+00
3.760710632318875469e+03 -3.938011687281695733e-02 2.916042999271218683e+00
1.191743052853705876e+03 8.935513977004329311e-02 4.757641461163165886e+00
1.334245864962817905e+03 -1.877756613754720874e-02 2.352255379862472351e-01
2.261240714127305296e+02 -2.419664617307589610e-02 6.619529904264187525e-02
1.361409813990627526e+03 1.758478529162472437e-01 2.104907527873798401e+01
5.905859402204740036e+03 -4.460862423381931063e-02 5.876121498528581455e+00
1.598902618414266215e+02 -1.754691354365490313e-02 2.461464012278502533e-02
5.632958268450576725e+03 8.712921206078659553e-02 2.138130020492010175e+01
7.963428482906449062e+03 -1.700354622604243748e-01 1.151195547849945768e+02
7.613346753806716151e+03 2.223823960656328980e-01 1.882549590183650992e+02
2.315608673409261883e+03 -4.371773461495095381e-01 2.212842330822452368e+02
8.092670755322661535e+03 -4.250771359126642029e-02 7.311346517720232363e+00
3.691631981387807286e+02 2.139446785771260406e-01 8.448729032340111189e+00
5.927632454025216475e+02 6.124939607826379584e-02 1.111872255088535821e+00
2.857367305891422802e+03 6.367122711872083007e-01 5.791919478728266313e+02
3.899052762410618016e+03 1.147477446009985691e-01 2.566950137755026873e+01
1.864169980973415022e+03 1.445735561763790249e-02 1.948198668136682521e-01
6.064300072522738674e+02 -9.525371099105445216e-01 2.751151431477194933e+02
3.674828320333911961e+03 -1.010059887272120038e-01 1.874568467574221131e+01
9.888385630716811647e+03 -2.181049826155256055e-01 2.351941815207009938e+02
2.230912207428481224e+02 -4.599774938810016756e-01 2.360074158901571550e+01
1.571386073745543968e+02 -2.443104644193323099e-02 4.689613408420357371e-02
1.315681049063903174e+02 7.357602838081320762e-01 3.561174915015263309e+01
8.121740144531455371e+03 -2.930940709794490062e-01 3.488455286447139656e+02
8.379032693617806444e+02 -1.446396329240088874e-01 8.764729377164949042e+00
1.236123835219400888e+02 2.684271513785242980e-01 4.453329915699052677e+00
5.131882140604497181e+03 9.224749987821599939e-01 2.183513529765453768e+03
1.734710193289294239e+03 -6.367443651137995042e-01 3.516633876852622507e+02
8.688899851623058566e+03 1.046976555782023685e-02 4.762211832539962053e-01
3.081246462571853044e+02 1.769916141403399951e-02 4.826161183592438120e-02
1.910605615579720791e+02 4.728887042799564261e-02 2.136283739433980089e-01
3.685760690447164620e+02 2.651204320199272435e-01 1.295339281275291654e+01
4.438097167931518356e+02 -2.693047315522865623e-02 1.609365838444646868e-01
1.503535906087692240e+02 -2.671604236176709779e-02 5.365720606456234748e-02
1.508002164305006318e+03 6.736232255034707572e-01 3.421417514994731732e+02
7.143715427069031421e+02 1.973177627941207282e-02 1.390677780404186992e-01
1.757353627626024775e+02 5.164008222568913786e-02 2.343165783122257151e-01
2.604017555929028731e+02 -8.598304982300361554e-02 9.625861379874913748e-01
1.162601050289752038e+03 -1.507259833032911223e-01 1.320617253385749734e+01
4.161918539009932374e+02 9.549918994983266907e-02 1.897854681391990095e+00
2.271367995955656056e+02 3.296257894999386484e-01 1.233956563949040586e+01
8.136410219066364107e+02 -4.381041540150906188e-01 7.808319637946323155e+01
1.831315292292832169e+02 -4.229257063114837123e-02 1.637801606853302172e-01
1.606226504219143408e+03 -5.388060610521634014e-02 2.331533914987157008e+00
1.526944093119691104e+02 7.791482160673186830e-02 4.634824584265588299e-01
1.664107606782223741e+02 3.197455401180788193e-01 8.506685978255312364e+00
1.243604903264728705e+02 -1.417449675791282622e-02 1.249302841889091478e-02
4.889374455518479863e+02 -2.504753164243083696e-01 1.533745040484589950e+01
5.291860027762112395e+02 -1.275069967672819680e-02 4.301762072160539990e-02
3.645636246844978814e+02 1.315003169374582004e-01 3.152077863512280143e+00
5.395003339634182339e+03 3.794983070856901980e-02 3.884913987910701305e+00
1.885126859410469933e+03 3.627700629928902742e-01 1.240433442677346534e+02
5.105230913262722652e+02 -9.615727375186153281e-02 2.360204739404768048e+00
1.182107308226035798e+02 2.608560727543421387e-01 4.021877234136544743e+00
4.575985925212695520e+02 -3.450933917822946589e-02 2.724758213512046279e-01
6.113681162319587656e+02 -1.898962932046149299e-01 1.102315121030363443e+01
2.863630484335786150e+03 -1.496993784968979613e-01 3.208684201154954252e+01
6.006536072265640769e+02 2.912231054278814971e-02 2.547098564814712085e-01
6.757095174010627261e+02 5.000123633886472962e-01 8.446786675646323772e+01
2.167247126056524849e+03 6.878570425779729769e-01 5.127135750091932778e+02
8.131740825127192693e+03 3.961384007832173260e-01 6.380392864598637743e+02
5.675084848971426936e+02 8.847800192649111217e-01 2.221329460467784429e+02
2.402266258562971188e+02 -9.735151422591549197e-01 1.138351981226193033e+02
3.370433194325682962e+03 3.052990131635410775e-01 1.570748048114297433e+02
5.977645891938718705e+03 9.008776208356555903e-02 2.425670384206045682e+01
5.138418416408996563e+03 2.091113177943821899e-01 1.123452067179134843e+02
8.794932562467729440e+02 -2.213553923181696761e-02 2.154679750332105237e-01
4.025043667793838722e+02 5.726692545902298259e-02 6.600066866734061177e-01
1.860061403927313108e+02 -1.149776756659492798e-02 1.229488116427858262e-02
1.325213714706697488e+02 2.315738778743125365e-02 3.553326073704009963e-02
2.760064200398397816e+02 -4.189988717274692465e-02 2.422785107349923750e-01
3.651101540533255047e+03 2.282715700419526150e-01 9.512563467050104293e+01
5.058607072702310461e+02 5.534907015808270270e-01 7.748570875415639136e+01
4.287759538690073668e+02 -4.767586048121081888e-01 4.873012287308995383e+01
2.070480965872842205e+02 7.668129279273579180e-02 6.087235432253642609e-01
1.569068113282251886e+02 5.044089133059445063e-01 1.996077069798088743e+01
1.119406702209151490e+03 2.976482348073901107e-01 4.958662269084918961e+01
3.479900260880083806e+03 3.966127294114964452e-01 2.736970388439303861e+02
2.152444180715762059e+02 -6.930148767686785671e-01 5.168767737504894200e+01
4.489955017629828035e+03 3.406823217657821423e-02 2.605620671696601054e+00
1.981023832491386543e+02 1.075322627213516902e-01 1.145347503426060731e+00
3.599268043542801365e+02 5.010333143348735113e-02 4.517700146136299777e-01
2.134182829704051983e+03 1.974869373032309139e-01 4.161772874148100954e+01
1.064810371807860747e+03 -1.250958202743549519e-01 8.331589720785753883e+00
2.274957017224961930e+02 -2.879680188748641179e-01 9.432606494446451606e+00
2.356009072694221231e+03 -7.739514981055754805e-02 7.056258027086996343e+00
3.530115169576672542e+03 4.158759032805676298e-02 3.052715930789162702e+00
3.429972906672074942e+02 -2.155183834190682046e-01 7.965798849174064777e+00
4.519890156884395083e+02 6.452946855642713864e-01 9.410529529275561345e+01
1.109164310852657991e+03 -1.603054515512737088e-01 1.425156227528847985e+01
1.687886278577388111e+03 1.480208701520083214e-02 1.849094440416475527e-01
2.613898263885581059e+02 7.402859129505370284e-01 7.162384885401402812e+01
7.239742302429923257e+03 -2.917398213571244237e-02 3.080949199893748158e+00
1.567092254902796924e+02 -7.751697204540927144e-01 4.708235402676260151e+01
2.509828060885554351e+02 -9.921322625687691021e-02 1.235245043062387582e+00
7.344331330073696336e+02 9.317731571204720953e-02 3.188178696951180502e+00
8.766300202523419784e+02 -2.136802891112535990e-02 2.001314161927424395e-01
4.733278652991202193e+02 -4.483305973768608732e-01 4.756952727049026208e+01
5.460852617999041286e+03 2.886775780941685729e-02 2.275393777288595487e+00
1.664142717268305773e+02 1.000218360396589942e-02 8.324347811720910276e-03
4.647721864121899102e+02 -7.914344753793607634e-02 1.455593353194976514e+00
3.370009421032440969e+03 -1.039820776789565117e-02 1.821873005754373054e-01
1.012679674661593253e+03 7.128626102460815239e-02 2.573082853402055115e+00
5.676076952811150704e+02 6.573584535379808358e-01 1.226373573640232877e+02
2.629182404838903039e+03 -2.906228302237864186e-02 1.110325150134109595e+00
1.936073657539731130e+02 2.878297234046657549e-02 8.019793040001466089e-02
3.109331090621515159e+03 3.648171628568292607e-02 2.069128663025644244e+00
1.739263255055166837e+03 4.118725295658923757e-01 1.475234228008700654e+02
6.231614977743555528e+02 -2.799704234247309478e-02 2.442277031009318089e-01
6.318798792829217064e+02 1.058033714593545685e-02 3.536743341364959742e-02
2.106379217610725050e+02 -1.861607987657944718e-01 3.649917372895542300e+00
2.446773365333816628e+02 -8.219520792045449387e-01 8.265264295105524184e+01
8.200056563260812254e+03 -3.677853991613767859e-02 5.545948348746444267e+00
4.625108200192449658e+03 2.909313802383660663e-01 1.957370488570379621e+02
1.355417138407213542e+03 -8.170300138502807341e-01 4.523962523711754216e+02
1.022452341170694865e+02 1.312037368983317263e-02 8.800462309958390766e-03
1.412272379788883654e+03 1.189128896396987323e-01 9.984960140262542083e+00
4.846644488225409077e+03 -1.824402657528808799e-02 8.065894944446003745e-01
3.008666173084742240e+03 1.921813688429536635e-02 5.556055462092722719e-01
2.929245271792021299e+02 -2.080839236627742839e-01 6.341657729742117056e+00
8.370402769801568184e+02 -1.032568480067857716e-02 4.462251948445257466e-02
1.211070557034010164e+02 1.727910615859092891e-01 1.807931601058981874e+00
3.474885788975229843e+02 8.566578510644325128e-02 1.275044488106693796e+00
1.384923496890353363e+02 2.838751713243071323e-02 5.580210817351145131e-02
3.360540814056232193e+03 1.385219472343940383e-02 3.224158283347532405e-01
4.731055454323705476e+02 1.087141822933752021e-02 2.795763625377091152e-02
2.810100403662022018e+03 2.448556974177514001e-02 8.423881896016387483e-01
2.515003991369585776e+02 -4.536067872456466255e-01 2.587425008052532149e+01
1.588260017774447306e+03 7.829418282656240846e-01 4.868000328953345957e+02
2.075029399258404283e+03 2.307972590637900195e-02 5.526568435669214630e-01
3.394249474052779192e+02 4.427808974814521070e-01 3.327296599352187201e+01
5.706067716254008246e+02 7.791806449063317652e-01 1.732140984042580669e+02
1.404841537035920283e+02 -2.092044524857862298e-01 3.074250063037237801e+00
1.379860021747770702e+02 6.087580714901034140e-01 2.556786718094430100e+01
4.523471215371498033e+02 -6.583610785648530417e-02 9.803251206754540759e-01
2.912636898205973466e+03 2.565475606286615057e-02 9.585000291216578816e-01
2.398830420416319669e+02 -5.403875228389694030e-01 3.502516402679720642e+01
1.064037740259530125e+02 1.430937998655535393e-01 1.089353089957442844e+00
1.265288198363161200e+03 2.597013797412988517e-02 4.266855894094407353e-01
2.444850589137264194e+02 1.175550978365548782e-01 1.689294088657612214e+00
2.138315549006335914e+02 1.072753955470287686e-02 1.230387888420318709e-02
3.960714210842452303e+03 1.390767989014894332e-02 3.830477212570123635e-01
6.812157475265718858e+03 -6.357387930470348447e-02 1.376613769928493269e+01
1.252400175722710401e+03 -6.472657342448859263e-02 2.623483620313773912e+00
8.100619392152574619e+03 -8.807917774594214988e-02 3.142206589128399230e+01
1.144750102633948501e+02 9.984770154134563203e-02 5.706329421688763892e-01
1.276294931354390201e+03 -2.187816361065969273e-01 3.054518644605079913e+01
1.653607661972305550e+03 1.399548399877419136e-01 1.619490200161454396e+01
1.194164798015549195e+03 4.274300959692684670e-02 1.090848567126057267e+00
4.125978638776718071e+03 1.380539087731365855e-01 3.931826944340411245e+01
1.164517752895971796e+02 1.351125541051545753e-01 1.062937001880623900e+00
1.135469972040152243e+03 5.313744518849868870e-01 1.603049739784224812e+02
3.649496150797648170e+03 -1.139436746809094000e-02 2.369099804695788958e-01
1.454833846432732798e+03 1.518786249659053941e-02 1.677941107305116197e-01
1.836037950319952870e+03 -5.360325144076922843e-01 2.637751784180180152e+02
1.513813270209261361e+02 7.802195893621558520e-01 4.607613187818417799e+01
1.112833325813306374e+03 5.152818043644504659e-02 1.477371582699047892e+00
6.972529144894348974e+03 -6.330754130042259842e-01 1.397240728757222541e+03
1.246305281556303584e+02 -1.000505210727424023e-02 6.237824466281976024e-03
4.806895808038139876e+03 -5.071280457444431455e-01 6.181159794804049170e+02
1.775502841979165396e+02 -6.830499435503855077e-01 4.141868398077670577e+01
1.396374419294021436e+03 -4.292213657616388289e-01 1.286277144336369247e+02
1.252350870670972199e+03 -6.409797244291195462e-01 2.572673129489098187e+02
1.915068199414088497e+02 -4.672133545382092801e-01 2.090185086835629136e+01
2.389164064531767622e+02 4.681644784307890106e-01 2.618260754197312679e+01
2.356521323781220872e+03 1.118849387730136424e-02 1.474974918753741426e-01
3.603272721021092480e+02 -1.876594680776225502e-02 6.344656292255322627e-02
3.520323359707691679e+02 -6.631915513705819443e-01 7.741596500282261673e+01
1.415940046380887338e+02 6.968875330238727406e-01 3.438272231438225646e+01
1.499927873366953293e+02 -3.947576551648490639e-02 1.168695848567680301e-01
6.775165451973773543e+02 8.943628026013116239e-01 2.709676008079258054e+02
4.622011864765827340e+03 8.556113950473845930e-01 1.691820098847684676e+03
1.370434806199888556e+02 6.733820847099335483e-01 3.107073309334508338e+01
1.126803834653135254e+02 -2.715903939232925876e-02 4.155728154761278298e-02
1.852749941697028646e+02 1.049931988047557302e-01 1.021196100047581767e+00
1.369596899109936601e+02 1.611469361481574492e-01 1.778307556602574335e+00
9.663801713903472773e+03 -3.125395426718822200e-01 4.719847420358099725e+02
5.043483337370092272e+02 3.112178977978453109e-01 2.442472734446388216e+01
2.696787739195228824e+02 -3.612392593664487950e-01 1.759570433217572472e+01
8.606994035745923611e+03 3.354633962888809579e-02 4.842970073937335584e+00
4.898502278676125570e+03 3.820510880403863441e-01 3.575001270143010856e+02
5.168413821000494863e+03 -1.221241539583159570e-02 3.854166033154094451e-01
7.218276785637618559e+03 -3.066401265383348826e-02 3.393606682603434788e+00
2.193020924397478097e+02 5.880885914754159505e-02 3.792261602284223709e-01
1.119090954860707143e+03 2.732158477745493808e-01 4.176833500552722711e+01
1.234975956268595354e+02 -5.454133403344362668e-02 1.836876758325618475e-01
1.868035895180350110e+02 5.819854436112634893e-02 3.163584698168636633e-01
5.451258800761748944e+02 2.881299560269836094e-02 2.262786771106835570e-01
2.623693394810512700e+02 3.023237789304417458e-02 1.199023517003419553e-01
3.404713710494432235e+03 -1.996184967831221568e-02 6.783474013229372490e-01
2.282121580514344259e+03 -3.186820440817177830e-02 1.158841315479811618e+00
1.799137218422640387e+02 6.427529399197908777e-01 3.716399865426239302e+01
5.079385348503100431e+03 6.520889761385952055e-02 1.079928202250926006e+01
6.061272466600408734e+03 -4.732079601995632379e-01 6.786375630305171853e+02
8.918925060840543665e+03 3.230880714046409363e-02 4.655050181556926070e+00
1.305248900931039998e+03 2.358647747116346741e-02 3.630692869941108403e-01
7.294156883234348925e+02 1.745366160406952860e-01 1.111010612154673893e+01
9.898077610003041400e+02 6.814012432127282137e-01 2.297876598351643054e+02
6.788878627689432506e+03 -8.541548480513574959e-02 2.476516746918509781e+01
4.129734249770783663e+02 -1.454693134627059285e-02 4.369531638100290077e-02
2.004865033304886765e+03 -2.422369673799269763e-02 5.882148539796723252e-01
2.346069126565358602e+03 1.455642159278485170e-01 2.485536010389859030e+01
2.035040068289499970e+02 -6.673507624722693765e-02 4.531597107227431365e-01
9.543696054995862141e+03 3.032356262869021976e-02 4.387802304247760077e+00
9.028387579327069034e+03 1.315807316802365158e-02 7.815644429327001097e-01
3.678081130986756762e+02 6.386551992013821122e-02 7.501087181879739774e-01
2.380364162599942972e+02 -1.729349865744946868e-01 3.559419181815179911e+00
3.127745023378351561e+03 2.076815268623521255e-02 6.745234958526558078e-01
1.295314769424096312e+03 -7.339245060208027249e-02 3.488575289149119296e+00
3.830671384864958782e+03 1.664138733970338679e-01 5.304249697530682539e+01
1.917458395628181620e+02 -8.170314955879169616e-02 6.399905343094945964e-01
3.084203875267340891e+02 -7.883235186445393117e-01 9.583453713613232594e+01
3.546057876192385834e+02 -2.317784963941895149e-01 9.524936876712120082e+00
5.483975546738059847e+02 5.824404702472858464e-01 9.301834358647087697e+01
4.023229741684697274e+02 2.809995471350296495e-02 1.588386098406664726e-01
4.082460578534485194e+02 -1.300457285596048028e-02 3.452106521248240328e-02
1.083423415716845000e+02 -3.486344081597774619e-02 6.584286445729674309e-02
6.084501030560169283e+02 3.546152547898302476e-01 3.825690226962370133e+01
2.391148647431514291e+03 -3.352460541650521819e-02 1.343704988103676445e+00
5.829145526789812948e+02 7.537989348699122849e-02 1.656097650402847732e+00
1.008293520443876190e+02 8.848965586905460645e-02 3.947680468754197203e-01
1.625013456182794926e+03 -5.753964029327767182e-01 2.690055567060983321e+02
1.228618783193956233e+03 -2.896578023870139962e-01 5.154156694813322304e+01
2.528401034010421427e+03 -1.296520538837041270e-01 2.125077463809084577e+01
2.027258639003955295e+03 6.048659837181429022e-02 3.708493200484396901e+00
2.508038432775040008e+02 -3.860800431177966591e-02 1.869213451685168281e-01
3.286537360218987487e+03 -1.454017219282807971e-01 3.474142893906446261e+01
5.443277111515037177e+03 3.364823640867902754e-01 3.081449551564194280e+02
2.448759645038216206e+02 -1.007947382966627448e-01 1.243918386138106458e+00
4.234408107172209384e+03 8.023183842894170414e-01 1.362875562251789688e+03
1.550009315534865209e+03 -5.645701077559478476e-01 2.470245247069884158e+02
2.263228361017124826e+02 -3.443046834394687394e-01 1.341480121759271427e+01
1.108934966717024935e+02 6.360384124399567907e-02 2.243069715937269504e-01
7.345358265785340564e+02 1.451591316178170617e-02 7.738765918977184854e-02
3.103900639171368312e+03 3.957464158829561429e-02 2.430590495525870587e+00
9.706060675277942664e+02 4.978508540927122361e-01 1.202850129434705764e+02
1.461308800170765494e+02 2.424100826628242389e-01 4.293518745090009858e+00
6.286570372399979760e+02 -2.245524671513251386e-02 1.584964165881832532e-01
1.213979650535482733e+03 1.982316188128852852e-01 2.385213541720003505e+01
5.509791987892844190e+03 -1.348044827235367685e-02 5.006265476544508042e-01
1.018152675739767687e+02 -9.460916462043031383e-02 4.556688353543241754e-01
1.280271826715390034e+03 -7.539267518916110966e-02 3.638568041258691821e+00
1.075429794911184445e+03 1.493753849735328550e-02 1.199803553748303026e-01
1.702403661136224400e+03 -7.046204586402222692e-01 4.226131889718299135e+02
1.943843752652978480e+02 -7.268913179802799496e-01 5.135353222041941734e+01
3.007111409806982920e+03 2.657646162703903858e-01 1.061973892850754311e+02
2.909346445079660953e+03 1.098822670450165795e-01 1.756388830108284083e+01
7.230052368914703038e+02 1.883728421834115693e-02 1.282767736730717756e-01
2.372240566931606622e+02 -3.192653699734203099e-01 1.209016870255699949e+01
4.432245523693598557e+02 8.190191858832224225e-02 1.486558365605251675e+00
2.288276465995964827e+03 7.483479830954608003e-01 6.407456750444332556e+02
1.648383084694681656e+03 1.382962825935845838e-02 1.576337351852470092e-01
2.538147037447152798e+03 -4.999789138312688008e-01 3.172416203468097251e+02
2.386463513879185427e+02 -4.686944201403751009e-01 2.621225412290054990e+01
1.494392314638672588e+03 -2.838467209604029692e-02 6.020081805839119227e-01
2.625353493286785124e+03 -1.333581550548472716e-01 2.334516507708425692e+01
1.853593654957348008e+03 -5.208641948381650261e-02 2.514395246681356610e+00
1.004209743442869467e+03 -4.913801609535888015e-02 1.212354619596836880e+00
9.522110969856429392e+02 1.391892634621772797e-02 9.223902765726421649e-02
2.598849053731074491e+03 -2.914754641140789304e-01 1.103964390190870120e+02
1.428018205264042308e+03 -1.503168581270766802e-01 1.613314837116498168e+01
8.723751959026511713e+02 -7.326494575418641964e-02 2.341346971824920242e+00
1.002766255244985132e+03 -2.209036676396669563e-02 2.446670964531645620e-01
3.216332989979319450e+02 -1.048846550967175023e-01 1.769110330317282154e+00
8.098874429991288935e+02 -1.633097822693276024e-02 1.079988346647691444e-01
2.818753365440981042e+02 -4.823523680121901691e-01 3.279109443958498815e+01
4.257836596056044414e+02 -1.856983850716716899e-01 7.341338487277268676e+00
1.760521510098777071e+03 -1.374530307992572961e-02 1.663106192747066947e-01
1.523961583166954767e+02 7.613707663272513415e-02 4.417091733496654737e-01
3.319790775054087817e+02 -5.560359969067545372e-01 5.131998658920446132e+01
1.943259270545460595e+03 2.105693722445982907e-01 4.308153386050909717e+01
5.034696976793163230e+03 -4.089363844098504314e-02 4.209735860202993507e+00
3.375130255913172164e+02 8.988561532740957372e-02 1.363455393106841607e+00
3.781266646919487471e+02 5.522827480305578240e-02 5.766738557658794839e-01
4.078133296208725369e+02 4.707893185730963603e-01 4.519439977398276653e+01
5.027929632928579053e+02 1.322189435398157809e-01 4.394875339013381677e+00
2.317966573586196262e+02 6.568201101565476208e-01 5.000000592969244906e+01
3.164411910608034191e+02 -5.840304997468587223e-01 5.396771998011320193e+01
4.474392270711849960e+03 2.189241624198574529e-02 1.072238640836280954e+00
1.255852240891278370e+03 -3.891479359128428017e-01 9.509069283107585591e+01
1.971168079739777284e+02 -8.509335489703745425e-02 7.136494823975528812e-01
4.607335710402342670e+02 2.301530855613314330e-01 1.220263063389316827e+01
7.392729906732514564e+02 8.645861204077272266e-02 2.763066659871932451e+00
2.497339973785665848e+02 -1.755887999461545196e-02 3.849827713158419235e-02
2.134484986083683452e+03 -2.659835586551955178e-01 7.550447517439599210e+01
3.140637932827966324e+03 -1.983942083931536093e-01 6.180816582219463129e+01
1.242112486763088327e+03 -9.292811772239384371e-02 5.363215071705971226e+00
1.461603979026910451e+02 1.018698805258414219e-01 7.583877591762885340e-01
4.167636476573363325e+03 2.232783036837440727e-02 1.038850092638260225e+00
2.370949413881811779e+03 -1.455940414516353025e-02 2.512924817354499352e-01
1.010091634607997548e+03 9.209690710644674594e-02 4.283717965835037056e+00
2.698105308484376792e+02 -1.411088528890087068e-01 2.686194301848097599e+00
3.670813957620392557e+03 -2.036728446724192232e-01 7.613750430096081345e+01
1.609967109385175263e+03 -5.136876997054609095e-01 2.124150780207314426e+02
3.876552518722908189e+03 6.611866698571074175e-02 8.473519921255668663e+00
7.434332608471737331e+03 -1.234381132309869677e-02 5.663834327754909692e-01
1.135314260083136105e+03 -1.829678079289829770e-02 1.900358191077830272e-01
1.691436438452891764e+02 -6.975258766155205403e-02 4.114777285924790529e-01
1.487176278158013702e+03 -3.759241571173030372e-01 1.050831113349176036e+02
1.232340647195220299e+03 -9.797370596457354308e-01 5.914524699390793785e+02
6.273532859111911648e+02 -3.024822703594011730e-01 2.870000877669960460e+01
3.878251327187161905e+02 -7.460685092080411307e-01 1.079352676063303704e+02
1.965325813065121565e+03 6.659448648608844445e-01 4.357938643880715972e+02
4.833839866416393306e+03 1.869871853387889693e-01 8.450569000946902065e+01
6.537922166955930152e+03 -9.837100165813948971e-01 3.163325902936011062e+03
2.742625596367456183e+03 1.097257885244746003e-02 1.651026143440827709e-01
5.167255971670769213e+03 -1.566872041546491512e-01 6.343034050485540831e+01
1.079574866595359254e+03 -3.623173624152160183e-02 7.085998594417810548e-01
5.731101809441824116e+03 5.121778346155354544e-01 7.517088913935182291e+02
5.880129266855957439e+02 -3.295351044861867529e-02 3.192715709235768307e-01
4.723860312768377412e+02 -6.862453735075521033e-01 1.112310175660691414e+02
4.259752255436999349e+02 2.291836812856487202e-02 1.118720838937004719e-01
1.370419447652017880e+03 -2.007344947291477277e-01 2.761007178390448047e+01
9.626901028694099296e+03 5.688957652758711570e-01 1.557836637027862480e+03
4.509770233488254121e+02 -1.506242738314721684e-02 5.115809362705520114e-02
7.746047405509679038e+02 2.266629428618997799e-01 1.989808130344396275e+01
3.459881894981071127e+03 -2.329766141005622515e-01 9.389791244355433264e+01
1.190319481815187572e+02 -1.713588913514823078e-02 1.747619305008701537e-02
2.462747761462583640e+03 2.914187181256845324e-02 1.045742658485441900e+00
1.051463187214026448e+03 -3.778691951668857602e-02 7.506665323173808968e-01
3.692559507318214855e+03 3.330777067773795785e-01 2.048276767395411468e+02
7.786774438845787699e+03 -2.460184487598405800e-01 2.356475617532989588e+02
2.489429001928755270e+02 -2.687130033754664971e-01 8.987669940092725795e+00
4.481881077521279053e+02 -8.877752451104503617e-02 1.766185825075385241e+00
8.157867044543561406e+02 -4.629513921297661039e-01 8.742133134540138428e+01
2.449404779013665063e+02 4.197247213789717657e-02 2.157544014315329606e-01
4.869591894133992582e+02 1.283314585921913747e-02 4.009856500855473599e-02
8.629961464066024064e+02 -2.515418032993433917e-01 2.730229789051269407e+01
2.308747989749878116e+02 -1.418661513818280373e-01 2.323293668639562881e+00
7.937747245484877567e+03 1.237823849818542148e-02 6.081139452109529664e-01
3.609064462490307506e+03 -1.107352197975734337e-01 2.212769555541649424e+01
1.398876784926825849e+03 -2.957723035967558256e-01 6.118774877001106915e+01
1.360098792187450499e+03 1.142759656475567966e-02 8.880762564189885466e-02
2.013723719087097379e+02 7.317347536569995814e-01 5.391098346185709289e+01
4.548993197754693938e+03 2.217635369402946519e-02 1.118576190723183261e+00
1.123566411619577821e+02 1.131385014401965067e-01 7.191005090451937365e-01
9.688694980932565159e+03 5.093133891900109012e-01 1.256624361080970402e+03
7.175062870634545789e+02 3.404606130431486050e-02 4.158430704338760830e-01
3.946946916695340860e+03 -4.754206939140886989e-01 4.460540151715404704e+02
1.771500590679353024e+02 -1.922573953372328642e-02 3.273990496090260077e-02
6.303696274061573604e+03 -1.358666034600482797e-01 5.818227801554067469e+01
1.131168403885515801e+02 4.681588990204253731e-02 1.239606475727035584e-01
2.442661840534737621e+03 -7.327549776376299229e-02 6.557690366774957980e+00
3.168753095276840668e+02 2.712629896808231578e-02 1.165841452942063816e-01
5.379129537288994470e+03 2.719242821584893707e-02 1.988739907300310916e+00
1.958803959352383970e+02 -2.067186408729493607e-01 4.185238959348549059e+00
4.065439197983469967e+03 -1.692669571961744751e-02 5.824006473505922710e-01
6.361197160309077844e+03 6.158561980025944321e-02 1.206333792842518093e+01
4.861557027601185155e+02 -1.366016319321748940e-01 4.535834127914678326e+00
1.062696985812751507e+02 2.687978540424476592e-01 3.839114345464323286e+00
5.873997951714083683e+03 -2.179275976882450241e-02 1.394852412799102881e+00
2.567697438401793534e+03 1.747656160058067842e-01 3.921261779809561432e+01
1.643625332830334287e+02 1.371305326915961929e-02 1.545400885553223011e-02
2.661626280189276713e+03 2.011077545741468339e-02 5.382384440877738818e-01
2.026707091637074882e+03 2.036029828305523440e-02 4.200773483762260674e-01
1.199317829433298357e+03 -5.420974338682004595e-02 1.762215420786242159e+00
1.406605179329902285e+03 2.557867180393137707e-02 4.601486961024763844e-01
4.677882711863861005e+03 -2.720788698773033906e-02 1.731446046042159681e+00
4.020871848843422072e+02 -1.247011165784065734e-01 3.126301942194695815e+00
1.355565753741141179e+02 -1.856589439243588879e-01 2.336266299526648105e+00
4.826470918931691472e+02 -2.005254229664821947e-02 9.703727233241569994e-02
2.496610844695208016e+02 -2.895335870359303510e-01 1.046450665944908209e+01
2.130460495737902420e+02 3.596482140435634800e-02 1.377841641597058742e-01
2.195504730986501272e+03 1.167391954195216575e-01 1.496021286952183971e+01
2.020359715827036553e+03 1.017689136926526808e-02 1.046234368467020975e-01
7.340379388171286337e+02 -2.628769746827644416e-01 2.536259036911182108e+01
4.112978308491959979e+03 3.694035051834817507e-01 2.806263499382476994e+02
4.015645085597143407e+02 -4.090873237211888336e-01 3.360139984707885930e+01
1.460465627077448687e+02 4.683332567875624075e-02 1.601663731711743255e-01
1.397197308834151102e+02 -5.945434300081468143e-02 2.469419728306688211e-01
1.546797855848525387e+03 -2.740494182876583307e-01 5.808464438939215313e+01
1.121805692726336048e+02 -7.353314170563011176e-01 3.032870641567896541e+01
2.781931223988022339e+03 -7.894856949287744341e-02 8.669717049136925979e+00
2.087756912628668715e+02 -5.089185955448383841e-02 2.703625753264110032e-01
1.635024953198308140e+03 6.987485736374683676e-02 3.991501144827857672e+00
3.416889443282831053e+03 -5.320965043304157899e-02 4.837062989507371569e+00
1.928451429400072811e+03 -6.947932847992399630e-02 4.654681120895349800e+00
9.419034570282907225e+03 -9.853280441909488541e-02 4.572335426463109798e+01
1.724938327260409324e+03 2.682909152402522812e-01 6.208054350802345311e+01
2.187685733687652828e+03 -4.765889684091927786e-02 2.484522362606815804e+00
3.033352193853182143e+03 1.818215730419795173e-01 5.013992313133981327e+01
8.140882415462043582e+02 8.031717808706363426e-01 2.625780198467996911e+02
8.279288566578668451e+02 1.455766052226396823e-02 8.772961012747292064e-02
1.932574636023696542e+02 1.288586116842989071e-01 1.604475816776709030e+00
5.252205053802185830e+02 1.071312271564552228e-02 3.014004087043738525e-02
2.251981716733421024e+02 5.041064082833841553e-01 2.861404799005405053e+01
4.821186711699670013e+03 -1.569804981641472752e-01 5.940395509242020466e+01
6.972362429023511140e+03 5.477943682508805423e-02 1.046128621837063122e+01
1.553572202728160164e+03 -3.625433231694528968e-02 1.020989483963472555e+00
3.594489897608864339e+02 2.183494311897706541e-01 8.568630225464136885e+00
1.173691669653456842e+02 -2.992440411128268196e-01 5.255028170690504652e+00
3.366999441212070678e+02 9.481979031307499750e-02 1.513599688907541374e+00
1.450000135475296020e+03 4.583616907719821609e-02 1.523192079176998392e+00
2.374638929988616383e+02 1.215704406364569029e-01 1.754783609937923483e+00
3.628780273842705242e+02 -6.078858748052060751e-02 6.704629449711133615e-01
1.013403897679799456e+03 9.743400159173057351e-02 4.810316511438887055e+00
7.868311936398705484e+02 2.818378889987147376e-02 3.125002203453581817e-01
5.424846851258583229e+03 -2.364569297491899980e-01 1.516566920696487841e+02
1.685172392003502182e+02 -8.472466778646139951e-02 6.048310649926735838e-01
1.146513447375319402e+03 -1.654048208573348153e-02 1.568359011952384086e-01
6.047603153578922502e+03 6.431623080839324880e-01 1.250818970428790180e+03
1.190000693974787509e+03 3.673394561928238211e-01 8.028832108712425963e+01
7.734359146424978462e+03 1.026359653561240148e-01 4.073741638379359387e+01
6.418426682323286514e+03 9.539170941104421764e-02 2.920248783656362335e+01
6.524898123060812622e+02 5.722545801521028430e-01 1.068371499856915392e+02
4.247290948664079906e+02 7.147232804533996120e-01 1.084820474706504427e+02
5.600820413869507320e+03 8.498521266325410606e-01 2.022592455396759306e+03
3.522253854378963297e+03 -1.882928633408585961e-01 6.243935050242382800e+01
4.419863491396528161e+02 8.241455417040390030e-02 1.501020721937321278e+00
1.038967386049349813e+02 5.455060522304644444e-02 1.545863225655248752e-01
2.606049551267556126e+02 -2.490870150078761808e-02 8.084531357020245668e-02
3.253175596120439081e+02 -1.473468559359269459e-01 3.531500376162088894e+00
6.632284980532089094e+02 1.206073610253145800e-02 4.823705811177681629e-02
2.756937954522261975e+02 1.155028392433516127e-01 1.839002487487112925e+00
5.694613650704452084e+03 7.157434237721428394e-01 1.458642965917298625e+03
6.617364131640047162e+02 -4.049266589969120478e-01 5.425100373733071990e+01
1.895936649800034104e+02 1.951035428286742035e-01 3.608478629312576125e+00
5.153119884262695223e+02 -2.545793430897185655e-02 1.669885038154842183e-01
1.672215950845028829e+03 -1.173398597774977514e-01 1.151207196602815230e+01
1.496396315270984132e+03 -5.846465410994601264e-01 2.557427929327170943e+02
2.608233227684179951e+02 -4.130923331276126209e-02 2.225413390994466500e-01
3.667618337146610429e+03 -1.651732647695742726e-02 5.003036205920904367e-01
8.130551886794165512e+03 2.323881036395327726e-01 2.195420999599493257e+02
1.284212429666012554e+02 1.018837309180622812e-02 6.665251691013638312e-03
6.512442188948014063e+02 -5.242723368483969554e-02 8.950097596037130954e-01
9.059216375205971417e+03 5.971319400487268281e-01 1.615106781637244012e+03
5.162869827904070007e+03 1.473080956186976209e-01 5.601629875626505850e+01
1.021689132129585801e+03 1.556123219952269994e-02 1.237020065768446586e-01
1.870633436797094760e+02 -1.050493073464558585e-01 1.032155387125027968e+00
6.343117740653428882e+02 -4.155171352065892276e-02 5.475838781521121801e-01
5.239872818776992972e+03 3.729627523497244107e-02 3.644363368262386160e+00
1.933017742807984973e+02 -2.320435901941997336e-02 5.204092379447857603e-02
2.149289509623335562e+03 -1.252444851476082477e-01 1.685707219903633813e+01
5.293249082608579101e+02 -3.206675461575355657e-01 2.721462486002681658e+01
6.448307222053527994e+02 3.753695868412112308e-02 4.542907455135830608e-01
2.735786053942721992e+03 -6.214706938781930923e-01 5.283156105959753859e+02
7.401811076154265720e+03 3.620718932082125224e-02 4.851741191204386183e+00
3.473560016081503363e+02 4.553374243560164847e-01 3.600903679130023960e+01
1.876855720652797572e+03 -1.036408359305001324e-02 1.008005048298189210e-01
1.023381675096023429e+02 1.225258183315719451e-02 7.681797667948929431e-03
2.320960697009581963e+03 -1.070148244743324012e-01 1.329002131644824836e+01
1.640755160259070351e+02 -9.639281746779012616e-01 7.622600026880560620e+01
1.626135124496885851e+02 2.200562834581318294e-02 3.937260798028573844e-02
1.499411352195999427e+02 2.700345813871369294e-01 5.466754464969736382e+00
1.893708216663973758e+02 -2.865270154482146836e-02 7.773457348597874461e-02
5.991939396595601011e+02 3.171056511837896247e-02 3.012627110442500644e-01
3.948575090369108693e+02 1.963857853764101324e-01 7.614309146512358240e+00
6.821161460196430198e+03 7.154113493242096888e-01 1.745580915155151615e+03
1.599967868305092452e+03 4.678111131770816278e-01 1.750742741232490687e+02
9.224286190788013755e+02 3.667654926829765766e-02 6.204113143378295891e-01
2.679713285337080833e+03 -8.887237277975962302e-01 1.058258790327950464e+03
6.523453381448373420e+02 6.339656848738165484e-01 1.310928694655661673e+02
7.431331999957676999e+03 4.632278102614936083e-02 7.973076258799867588e+00
1.275962311009862304e+02 2.713183701183445942e-02 4.696412656861016777e-02
9.780834517374891220e+03 -1.227060552188122544e-01 7.363391714878682137e+01
7.402163324952577568e+03 -8.116019843572470915e-02 2.437894278419634375e+01
3.809733887919890549e+03 -2.422405786676389353e-02 1.117785408062219599e+00
5.250108469713950399e+03 -2.451642747327442140e-01 1.577802540281029451e+02
1.180584568627750741e+03 -9.647849769557081956e-02 5.494499917153883750e+00
4.399884120587340476e+03 -8.991054105501592453e-01 1.778412348506809167e+03
2.158100262106380001e+02 -1.253957353938924268e-01 1.696708186613308023e+00
4.277121477268235139e+03 -5.718032486424213801e-01 6.992215846457889938e+02
1.849223909991855521e+02 1.121126723608022180e-02 1.162168002091614263e-02
3.588424741967483897e+03 7.398254838197269867e-02 9.820473327424622312e+00
1.592194835108446114e+03 9.791014171313875414e-01 7.631704980065932205e+02
6.735538730605395358e+03 1.395698480440466238e-01 6.560327997836178326e+01
3.369858445043215852e+03 -2.258121584930775638e-01 8.591644658209807517e+01
9.324478773039110820e+03 -1.758629013724053933e-02 1.441926211777022182e+00
4.402394118553370390e+03 2.960278697186988217e-02 1.928964005270654036e+00
5.317496170112797699e+03 -2.651820302284566555e-01 1.869671778070199082e+02
2.505686163703852856e+02 -3.283186131499591931e-01 1.350478543156433986e+01
2.474034316772824241e+03 3.433465192516965692e-02 1.458280342809714414e+00
4.389675786732123015e+03 -1.206948616223430144e-02 3.197275147256821159e-01
1.304993345287060436e+02 1.933944854740239916e-01 2.440430667729486913e+00
1.790054905017194926e+02 -5.165507562137012787e-01 2.388154169586517739e+01
2.373158202472129688e+02 2.487942862504782249e-01 7.344758144282810264e+00
2.594773027429447666e+03 -5.583990683210891121e-02 4.045374654495817346e+00
2.141568349372412001e+02 7.941656926341635059e-02 6.753426659780669139e-01
2.908702615326711793e+02 4.400961166884044817e-01 2.816854395392237009e+01
1.722179384928656418e+03 1.834521459825315740e-02 2.897970654634846599e-01
6.995389754377966938e+02 -1.152286316790721993e-01 4.644112486999667944e+00
4.402229532238152387e+03 -1.307610276643621505e-01 3.763564275153451177e+01
1.527423029769479626e+03 -1.810470629921818453e-01 2.503296583346049076e+01
5.060509286121683544e+03 1.012023988146967986e-02 2.591467961566264466e-01
2.329316321724700174e+02 -3.484242835898705010e-02 1.413888967312771638e-01
9.917466787129549630e+03 -8.090551670200804568e-02 3.245839422970395560e+01
1.127681752684146943e+02 -4.128060746808371456e-02 9.608347830508075227e-02
2.507497627246007596e+03 2.718754769202526636e-02 9.267244202676510056e-01
8.666652548183991485e+02 -2.593216690405737365e-02 2.914063467626767934e-01
4.867504605751827285e+02 -2.114159570336728855e-01 1.087807133207685339e+01
1.507525878241727241e+03 -3.478181178868040568e-01 9.118831310123617584e+01
1.100620820635664074e+02 3.998287667554778491e-02 8.797429663676539779e-02
3.597309886435141834e+03 -9.605056078494961236e-02 1.659386930467224985e+01
2.096392587323802672e+03 -3.592390911236036100e-02 1.352725876035841601e+00
1.004263929620206682e+03 2.909778461301775268e-02 4.251456289380970421e-01
8.786495086819930293e+03 1.018328444630328955e-01 4.555766164021242304e+01
2.452741876964766107e+03 -5.775548596627914227e-02 4.090800829251493020e+00
5.013946687550562274e+03 -8.440119278618714305e-02 1.785857840148196019e+01
2.289931841448029445e+03 5.683204675763240399e-01 3.698104289743308755e+02
9.776158810431094253e+02 -1.858737416644437937e-02 1.688784892181745267e-01
2.656905717029190782e+03 1.583494842002836633e-01 3.331036977415575251e+01
4.366570667019472012e+02 3.430198062788146485e-02 2.568910015905855881e-01
5.501162109683444214e+03 -4.403336277597281329e-02 5.333203481494530607e+00
2.289871760661152678e+02 6.734396340359894984e-01 5.192523974778601570e+01
9.010663707873129169e+03 7.819509125431899355e-01 2.754772680640362523e+03
9.506010234650989332e+02 -1.498572680549020361e-02 1.067391902703468953e-01
4.488630309426009148e+02 -1.656034380973190612e-01 6.154921806448053978e+00
3.270479712462806106e+02 -6.550815508134578968e-02 7.017334854289193347e-01
4.477022116507295323e+03 1.393197955813807731e-01 4.344951182007871182e+01
1.767335187908760474e+02 1.125061042963129559e-01 1.118513170690075276e+00
2.195386064308914058e+02 -3.187768155059594877e-01 1.115460929377791466e+01
3.185659575402458813e+03 3.828587485718011607e-02 2.334782985646802977e+00
9.284546090602292679e+03 -1.729936949763847057e-02 1.389284628615157668e+00
2.431668931321075320e+02 6.194259805946636943e-01 4.665017576198354021e+01
7.814190075949884431e+02 -7.584536891827600713e-02 2.247564229451737727e+00
5.491510275791275717e+02 -1.161917979275597056e-02 3.706916033574218089e-02
2.604006136829365914e+03 5.482076079086983106e-02 3.912930410979251761e+00
1.859242967962900366e+02 5.586849466099937933e-01 2.901617029218252597e+01
7.900983847433441952e+03 -4.035639495580193442e-02 6.433923690583378985e+00
2.504201965309988225e+02 -8.241123242485678957e-02 8.503783094622947569e-01
1.182533064414564478e+03 -4.178810513506021063e-01 1.032496657619379477e+02
4.579955046728537127e+03 -6.123393624881494635e-01 8.586488153840008408e+02
5.476503775925513764e+03 -4.695021148865751726e-01 6.035989860743857207e+02
4.242552297977989042e+02 1.693592590440691145e-02 6.084362750097668110e-02
1.368301319019181221e+02 2.136803041332139830e-01 3.123782130771677323e+00
2.628068310437794935e+03 -9.130463058192532511e-02 1.095449246952932754e+01
8.729022993907357886e+03 -2.860267391579651361e-02 3.570663398486413787e+00
5.231551770460880107e+03 -9.786240097724505649e-01 2.505141519923397482e+03
8.595944099278063732e+03 1.446192122117583370e-02 8.989086711826488330e-01
6.099935060752520258e+03 1.021349309161631164e-01 3.181587083709832342e+01
1.860791788976974203e+03 -1.255450547732233080e-01 1.466449143859279580e+01
8.648622091617957267e+03 1.419491364348287044e-01 8.713295335014448995e+01
9.956411739149507412e+02 -2.387650979061546955e-02 2.838014032788035990e-01
4.526302608844432143e+03 1.947782437112964560e-01 8.586071110977054843e+01
6.059000134319097015e+03 -3.803647162785048913e-02 4.382999427483398769e+00
6.740144004171852430e+03 6.179655549084914906e-02 1.286967905429146874e+01
1.870380262513757771e+03 1.724946056840981068e-01 2.782601094513153228e+01
3.811701994872123578e+03 -6.484515241109058137e-02 8.013901026104703007e+00
1.217963707068418415e+02 -7.423286164299212064e-01 3.355805311932136448e+01
2.357057665143597944e+02 -7.368889692109299450e-01 6.399474646862101679e+01
1.010021742873329487e+02 -6.978782604989372529e-02 2.459574983309036345e-01
1.284705996001117114e+02 -4.297873710901243399e-02 1.186536371485195224e-01
9.063988390758804599e+02 -1.162862925964304323e-01 6.128389987227541802e+00
7.445488887667133895e+03 4.828517721847919858e-02 8.679423577615928309e+00
6.108330639105778573e+03 -6.984855268870493461e-02 1.490072379939925717e+01
3.169736134356936645e+02 -1.973571696194598712e-01 6.173037729039833721e+00
3.141521359108111483e+03 -1.935428426062282131e-02 5.883886028839926396e-01
1.825875154439715288e+03 -2.494851417398342985e-02 5.682382385052309193e-01
2.051865680292427498e+02 2.340300281673754479e-01 5.619039714138298613e+00
1.172045223590136374e+02 1.164228617668809779e-01 7.943116173469960684e-01
9.767772890196672506e+02 -1.316813809998991225e-01 8.468652308194958067e+00
5.899195514176169581e+02 2.042627843574467417e-01 1.230669080710149110e+01
7.542736386037171542e+03 3.061307929431960062e-01 3.534377768651615384e+02
9.628139633645141657e+02 1.007326700296949790e-01 4.884870732189557252e+00
6.625949509607455184e+03 1.171655031190475954e-01 4.547970615646291748e+01
3.090983118114492640e+02 -4.003443351371820114e-02 2.477045663313741930e-01
3.375034088581524543e+02 6.803507895560545471e-02 7.811131590971406302e-01
4.221047885657382722e+03 -1.018583783259385533e-01 2.189695866081048692e+01
1.681657771735364577e+03 -6.942979978745001945e-01 4.053213204681503044e+02
4.042416128598707701e+02 -8.862235827596623983e-01 1.587441126376021714e+02
9.098128498030838500e+02 -1.521303694216315228e-01 1.052819476240278540e+01
1.559045368865133923e+03 -1.828422248516222565e-02 2.606044049718316824e-01
2.442753537313166817e+03 -4.272791897784544018e-02 2.229837105616294224e+00
1.771898343573877810e+03 4.495312509663078326e-02 1.790311429162606327e+00
7.990810243935707149e+02 -8.752857084514184538e-02 3.060980034416664886e+00
3.705545557490203009e+03 -2.948200544628958308e-01 1.610409061300553901e+02
2.325694873153749541e+03 -4.023246885250473387e-02 1.882244805591199110e+00
2.039038761988504405e+02 -3.448807626872844589e-01 1.212644291395318241e+01
1.867132998741067240e+02 8.157955063599570122e-02 6.213093315165627573e-01
7.840919710126408972e+02 -3.765118008259390470e-01 5.557688433281003881e+01
2.292350675126891133e+02 -5.794214440084293205e-01 3.848045403458479541e+01
2.885028180061450485e+02 -1.565176137195791600e-02 3.533836888518905595e-02
5.748714186172401241e+02 -1.289729457968534845e-02 4.781211552217169009e-02
9.863558963157494873e+03 -2.847961875103104806e-02 4.000110530498382388e+00
1.969846221640326291e+02 -5.503838184095927871e-02 2.983552209027580671e-01
4.536399662927215104e+03 -3.196197612163808460e-02 2.317120178529318508e+00
2.987314048763121718e+03 1.314243721474564648e-02 2.579899019769194557e-01
9.363307190729889044e+03 5.258240169058007313e-02 1.294434600878497932e+01
6.024944959463333362e+03 6.781229211902577159e-02 1.385287567219316607e+01
2.928925095112684289e+02 -5.436805209792723304e-01 4.328783007607879085e+01
1.552562861857147027e+03 -3.568677009854715476e-01 9.886297697212002333e+01
1.973872066114823610e+03 -1.224822492936034242e-02 1.480591704815909515e-01
1.113929497908781485e+02 -5.581187018945434897e-01 1.734925617934646880e+01
5.234691800988065552e+03 -3.105499777830141375e-02 2.524202116200038315e+00
1.846800150063241688e+02 7.248229231681013740e-02 4.851250998910179302e-01
2.719747757378451638e+02 6.622537962694281799e-02 5.964136090197310613e-01
1.204195080641909357e+02 1.345367886685191472e-01 1.089805429235013223e+00
4.187300404668456395e+03 -8.942912571108754261e-01 1.674411096148919796e+03
2.109437635812997542e+03 -1.835884371326587661e-01 3.554899637038352722e+01
2.042813656660185870e+03 9.855971562756096205e-01 9.921963850558141758e+02
1.282980816442809839e+02 -2.956271317549825639e-01 5.606331148320141011e+00
1.263333831432818073e+02 -1.155970984760679027e-01 8.440768657535122621e-01
2.090460568977712512e+02 -1.404933375242490845e-01 2.063115033595714021e+00
1.293413270807802178e+02 1.492271219986382735e-01 1.440133800103977624e+00
7.779339923553210383e+02 7.315523817545124818e-02 2.081630345216458622e+00
3.774358913310368280e+02 -1.589510205035539123e-02 4.768039464538844502e-02
3.006061668438109791e+03 -3.998185755415086806e-01 2.402668337029042505e+02
3.290473504563163942e+02 -4.080115978048191039e-01 2.738882611590436511e+01
2.051538577508761136e+02 -3.751032424370986940e-02 1.443282443557144523e-01
8.608962707247705112e+03 -1.001851445711691019e-01 4.320435135831968410e+01
1.975857800861557962e+03 4.127689808612620692e-01 1.683215789636413433e+02
3.271019771057661956e+02 3.699137957426802403e-01 2.237969844255398044e+01
1.245802577576988597e+02 1.498764784938536876e-01 1.399220599008496491e+00
1.886098407559653197e+03 1.739706560057476259e-01 2.854212836068483838e+01
7.218172933941217707e+03 -1.177430255028815709e-01 5.003428170488553661e+01
8.699121585416959306e+02 -3.227097379445109104e-01 4.529701113552601299e+01
3.390704051252558656e+03 -1.623676434644576172e-02 4.469499207709189403e-01
6.180346513898334706e+02 1.616184352048676831e-01 8.071692802939930189e+00
4.593438656251469183e+03 2.182642022007889593e-01 1.094140137265672053e+02
3.766230880464455822e+03 1.183859867401836630e-01 2.639231833846423214e+01
6.460320140309128192e+02 -3.819703813891458383e-02 4.712847868503881599e-01
4.673919279140887738e+03 -3.757017368999610030e-01 3.298660482241629666e+02
1.034417717575177448e+03 -3.042794125028686070e-01 4.788627916292367104e+01
5.834342122004613884e+02 -7.348272301579164556e-02 1.575187944706026633e+00
1.015886194629726589e+02 -9.119051012673764500e-01 4.223907055505996055e+01
4.279254007014919807e+02 1.033611618858736730e-02 2.285876882375298402e-02
1.422109335183110659e+02 1.736199353127638734e-01 2.143394795134959008e+00
8.192823703147696506e+03 -1.206093119012307917e-02 5.958888969903672894e-01
1.349484489771481321e+02 1.448207926598957772e-02 1.415141092699361870e-02
8.893075116469683053e+03 -9.726908877814557930e-02 4.206991744530292721e+01
1.084721499504106987e+03 5.046506790880767729e-02 1.381242638559301961e+00
2.527898964123970927e+03 -5.926882219376147787e-02 4.439993252200550522e+00
1.388518591018779489e+03 -6.102347093999659355e-01 2.585327201076059396e+02
1.411736551454596906e+02 -2.011429958622688863e-02 2.855837501070346979e-02
1.800744748104793644e+03 7.125810346020998720e-01 4.571836388042574413e+02
2.873499609424603932e+03 -1.397924193956044114e-01 2.807685049149801770e+01
2.672504917825535244e+02 3.923759007616352962e-02 2.057278885412526515e-01
4.257885740589473471e+02 -4.763005722914236129e-02 4.829767380939476995e-01
4.745203466056080288e+03 1.039391015429811001e-02 2.563201568430477639e-01
9.653553531302658257e+02 1.982346606939510911e-02 1.896777534051610481e-01
2.761022821830554790e+02 -1.604455815498858143e-02 3.553820794270982214e-02
1.990358580345919961e+02 -6.911899634559592887e-01 4.754405024808428237e+01
1.181069191479030678e+03 -4.885066634260391838e-02 1.409244437893608648e+00
4.037276569713425260e+02 5.231210164515131406e-02 5.524116666919517415e-01
1.137130773684062888e+02 1.750779100113464271e-01 1.742782235072099617e+00
2.629273603739903251e+02 -1.294669249403253633e-02 2.203552750683494127e-02
1.667334975202441001e+02 2.688289981307251941e-01 6.024834086819729428e+00
2.332714009704959608e+03 1.639092183506997424e-01 3.133561772429535353e+01
5.501648826423606806e+02 -3.889030056327020396e-02 4.160499452507356866e-01
1.159637583378243789e+03 -3.621547298279971794e-01 7.604674146935742840e+01
1.281886865024324834e+03 -9.230393093607006105e-02 5.460848086184180161e+00
1.487900115081826243e+03 9.311965450964225788e-01 6.450991857110378760e+02
1.209932543297860832e+02 1.061541217089320144e-01 6.817181946668565695e-01
4.892289589574354522e+02 1.041545805490448479e-01 2.653621084373311678e+00
1.236268340592056575e+03 -3.977121687999029404e-02 9.777335335516427195e-01
8.049188377563029917e+02 -1.328226067071666509e-02 7.100126627270293700e-02
2.629563098542597345e+03 -8.402454154397055730e-02 9.282520220760742902e+00
1.249749863398541038e+03 1.849992158968801620e-02 2.138616325022983933e-01
3.991565861616807524e+03 2.010427396359238533e-02 8.066592004565006357e-01
1.972007480675345732e+03 7.784712708729797648e-02 5.975355410107067833e+00
5.272836468488749233e+02 9.925734367220658827e-01 2.597404589152001222e+02
1.009337698563899608e+03 -5.252696845319020091e-02 1.392422947392783605e+00
5.652508702009765784e+02 -1.791882811393882488e-02 9.074661853007159884e-02
2.791701950178692755e+02 5.523236662657414475e-02 4.258202977621583507e-01
2.501577953029096534e+03 1.101074031439917555e-01 1.516411555130193278e+01
1.093183468408135468e+03 4.648714376530352355e-01 1.181214546244460024e+02
1.600250296191119105e+03 -4.822053180207330203e-01 1.860466746635430297e+02
1.364684758661936428e+02 -1.881109692897858787e-02 2.414518782007151615e-02
4.609247718558654014e+03 -7.267982909902115374e-02 1.217384726109536786e+01
8.034634941730615765e+02 4.396244033937418694e-02 7.764254051824701630e-01
6.836501276426857885e+02 -1.872696686132883231e-02 1.198778064429854850e-01
3.167068130107762499e+03 9.382078396268568599e-02 1.393880445576051308e+01
1.843239713074416386e+03 -1.941325149076262302e-01 3.473348691208440187e+01
1.421415263258153800e+03 2.100867749681220864e-01 3.136811399186927218e+01
1.903242303171462254e+03 1.412218734349138527e-01 1.897876828683794415e+01
3.655957077855514399e+02 2.516890467267640999e-02 1.157976442681734747e-01
2.322413873784458076e+02 1.971058001954066330e-01 4.511369824483825397e+00
3.701966154338817319e+02 -5.597566506631482947e-02 5.799639148486326334e-01
2.444908266967594045e+03 -2.291018154514537844e-02 6.416373472797824995e-01
3.043738546789024895e+02 -7.114934796295760422e-02 7.704051858966305399e-01
5.146919023263961208e+03 2.293509137422198030e-01 1.353687096833830310e+02
3.260319145249454323e+03 1.205761956380545091e-01 2.370026886149710776e+01
1.265546056723882884e+03 -7.336766577790539146e-02 3.406099757417527130e+00
1.299626525324612487e+02 8.924690437703640400e-02 5.175769096823457094e-01
1.193044234452594310e+02 -8.055950738096044894e-01 3.871329655006975656e+01
2.506891772633258370e+03 2.009416556506711804e-01 5.061107266305530317e+01
2.919243847863697283e+03 1.655918314657869525e-02 4.002378869306711939e-01
2.954454144815416043e+02 -2.410201897466147103e-01 8.581320176768509000e+00
6.327926069291870590e+02 -2.169874380496179811e-02 1.489706062704771461e-01
2.502367879900145056e+02 -3.891784825606776077e-01 1.895041835264193253e+01
1.044378424640806742e+02 8.447230936922173195e-01 3.726118226144287604e+01
5.012717246282211931e+02 1.066007091043560673e-01 2.848153551076671786e+00
4.783367089405274442e+02 2.756087028076353862e-01 1.816726577013402988e+01
4.609462539779035069e+03 -6.548923841718674865e-02 9.884624462666826261e+00
6.427627401915490736e+03 4.520307631864926567e-01 6.566843733057523878e+02
3.847369830646498031e+03 -1.994082731865464697e-01 7.649275179514914669e+01
1.394446135753540830e+03 -8.336330973573413683e-02 4.845310859976964757e+00
2.806791066911757298e+03 1.457905906776696577e-02 2.982902657379158384e-01
4.421394792535932652e+02 -2.011199259592418298e-01 8.942099554374113524e+00
1.505541648448406022e+03 8.234177474599607693e-01 5.103912554613972929e+02
5.832771948427886173e+02 -6.172375531073920341e-01 1.111091135656858029e+02
7.649092133665026267e+03 1.427150152469506932e-02 7.789673106368976141e-01
6.537938760698212718e+03 -1.184250696531327918e-01 4.584565166775418987e+01
1.059875988409437696e+03 6.028834520428633797e-02 1.926157449252531517e+00
1.119858307589389170e+02 -5.922472667375363597e-01 1.963989721864929550e+01
5.924402502224275850e+03 -3.190096849962370529e-02 3.014548653155593172e+00
2.622671771167950965e+02 -2.972697339828044849e-01 1.158818273792038056e+01
4.362642213381840861e+02 1.719362673452816750e-02 6.448438912413277657e-02
5.191102336786696469e+03 -8.641278511640292370e-01 1.938142034271202192e+03
1.064736571340175033e+03 -2.923900131366719557e-01 4.551318677302162996e+01
1.056690584877774199e+03 5.364409698030353502e-01 1.520413510661204270e+02
1.368130914486310076e+03 -7.803326621701008048e-02 4.165404976994531161e+00
6.649522970108852860e+03 2.268967036895454259e-02 1.711657502790747243e+00
1.327858877222318370e+03 -6.179303885154092263e-02 2.535134657766081379e+00
2.709394285038854377e+03 1.009318231600548621e-01 1.380061533559095288e+01
2.528326899034276266e+03 1.563792301601121815e-01 3.091443909286470060e+01
3.674045150632558489e+03 -3.678041302451706684e-01 2.485121902861088188e+02
5.568553392476573208e+03 2.700552282420369890e-02 2.030568158301869097e+00
5.018251479129042991e+02 1.646416169548571215e-02 6.801452524710396852e-02
8.391735197691896246e+03 5.852598217940201131e-02 1.437206580348012075e+01
7.842105256645169902e+03 1.429460979164879908e-01 8.012116965774966104e+01
1.814107486048515341e+02 -1.221909793868552509e-02 1.354288876477445155e-02
5.107222642346908287e+03 3.260872554958323816e-02 2.715328926485437222e+00
6.894176056589677728e+02 6.593488671183095340e-01 1.498590250284111960e+02
5.263936950045868798e+03 3.838839077896044616e-02 3.878649157279263626e+00
3.162317730336804743e+03 -8.345084779481334314e-01 1.101125990434362848e+03
1.558510081456134458e+03 4.396139729017851105e-01 1.505991760724557196e+02
8.084895148348216480e+02 7.172946893547184066e-01 2.079886457840125615e+02
2.465074932796939265e+03 1.104746598124326136e-02 1.504268895707646103e-01
2.872032711759917447e+02 8.469858101826274188e-01 1.030176539828769648e+02
5.490887797182305121e+02 -5.364747395449607215e-01 7.901528825351040553e+01
8.965534956036220819e+02 -9.103072184331260919e-02 3.714686655261793646e+00
9.757202356220686852e+02 1.148435476099704707e-02 6.434406816844678856e-02
1.097680295051452731e+03 -5.124937724169759817e-02 1.441527916235643580e+00
1.899069242438042693e+03 1.661957305033517213e-02 2.622711555865881450e-01
4.479544458858944381e+03 -1.172336440600567076e-01 3.078281873449594741e+01
3.728033525130979797e+03 -4.891258394530816345e-01 4.459549881784242871e+02
2.046303292417964940e+03 5.040244485581201195e-01 2.599221038741393386e+02
9.945871475774378268e+03 2.740203906866916367e-02 3.734036935881301034e+00
1.144518391762382521e+02 -4.051184456626852337e-01 9.391972574479519054e+00
6.569135392669212479e+02 -9.829441489553261135e-01 3.173480989077129379e+02
4.308861488009049481e+02 1.420220188036508749e-02 4.345541495509396002e-02
1.671754223774188858e+03 -2.238119605590637440e-01 4.187058383824950170e+01
2.170411184836062830e+02 6.195247613939942888e-02 4.165137676457713600e-01
2.071188270095228745e+03 -3.137961683407249902e-01 1.019729198104276975e+02
2.889953726756396463e+03 -2.449033984187788948e-01 8.666635205418926091e+01
9.455139803722435317e+03 -1.410048753897609128e-02 9.399531707761645816e-01
5.872289346089719402e+02 -5.693528749825826907e-01 9.517885737970341609e+01
4.148138682026705624e+02 -8.478521253724756457e-02 1.490951437769323817e+00
8.247050579743242906e+02 -6.227225324985664889e-02 1.599034460948370429e+00
4.118919420648866208e+02 1.660019668874622087e-02 5.675181662652781234e-02
1.390810703146399021e+02 6.851506206610835648e-01 3.264450889751778817e+01
4.495964186521835472e+03 9.064420596305362565e-01 1.847025729543280704e+03
8.531573003431269171e+03 1.660754837390298055e-01 1.176549403218498071e+02
3.202846483094358518e+03 -8.952541580524072673e-01 1.283508711662121414e+03
1.649392667114601636e+03 -1.866613025732515377e-02 2.873443406925279553e-01
6.666274343719489934e+02 1.199217428728879820e-01 4.793459367006387417e+00
1.714159109464838366e+03 1.272585545633052595e-01 1.388018029926146291e+01
7.340007461746815807e+02 1.241002641020946262e-01 5.652127072798641017e+00
4.624542306440100219e+03 -1.132995432776532502e-02 2.968213114000664010e-01
2.421251838131885279e+02 3.704416405483165198e-01 1.661305739544030757e+01
5.255857812643265561e+02 9.351053568678185934e-02 2.297918924869468693e+00
3.774362546049708271e+02 1.948648740513320432e-01 7.166064957252237022e+00
1.156623338504029164e+02 2.884547055362217671e-01 4.811906849867522595e+00
7.871793875846454966e+02 -1.686924114212426939e-01 1.120043295346210677e+01
3.410926945419137610e+03 2.376637994070573412e-01 9.633153787068241058e+01
3.709125887338785219e+02 1.674031286017773831e-02 5.197191486634467061e-02
2.245196511054252255e+02 1.360872198626232876e-01 2.079021817362729063e+00
1.518043150325283477e+03 1.669432468103619893e-01 2.115396747140034961e+01
8.810845182129311070e+03 1.474435662137667524e-01 9.577214794747041537e+01
6.559987445538203019e+02 2.975597020485739805e-02 2.904164704118405993e-01
1.296680657488503812e+03 3.409765849935872950e-01 7.537930875317563562e+01
3.032003031276191905e+03 8.768763977713037727e-01 1.165672086316709056e+03
3.489012543041176855e+02 -5.132854472799784906e-01 4.596110247613676592e+01
3.820067010496534863e+02 1.112226154305728451e-02 2.362801252561933310e-02
3.466175846816033754e+02 -6.378782125185976370e-02 7.051737431058882066e-01
2.148646439436104174e+02 1.579599597220946935e-02 2.680581346013433119e-02
4.071116565703981905e+03 -7.161530724306444662e-02 1.043987408556315266e+01
3.345072755273592975e+02 5.524662797986764490e-02 5.104898644467239510e-01
1.452022671209185489e+02 -3.310123192571973877e-02 7.954844892564319481e-02
2.311476827707135158e+02 7.796193731089977319e-02 7.024651664421563968e-01
1.096160759020268415e+03 -8.401404588465485324e-01 3.868548575949660062e+02
4.576741280294229909e+03 -1.632395425130578337e-01 6.097855167577191082e+01
3.848487601306197575e+03 2.906380048579007558e-01 1.625417394964562163e+02
1.626238395053334216e+03 -1.376326613956625929e-02 1.540271325844621009e-01
9.958817967934395710e+03 -1.622911775538012358e-01 1.311497966005321416e+02
2.854947246303807333e+03 -1.009785808227186416e-02 1.455548287192961754e-01
5.864745093058504608e+02 2.616996406079430959e-01 2.008285244372562062e+01
1.352452489051571092e+03 -1.429233034728960225e-02 1.381332128962752814e-01
3.085613171826848316e+02 2.001461935720080451e-02 6.180251577254895073e-02
5.912602692712980570e+02 1.890595957949305350e-01 1.056686481156565627e+01
1.012429146823538133e+02 -4.731294175533598545e-01 1.133168641201620197e+01
9.571670759602438920e+03 4.801970005849672818e-01 1.103561757115392084e+03
5.697993662688311360e+02 2.490369657164289222e-02 1.766931034072903861e-01
7.739324911807741955e+03 -1.080079223831628514e-02 4.514236502945514484e-01
4.212133817206119602e+03 1.019021810697579196e-02 2.186951357384661898e-01
8.505540083586338369e+03 -4.704210002146115288e-01 9.411206480723656114e+02
3.909407789652156225e+03 -9.118403690386386873e-02 1.625244141086352201e+01
2.008236029855088191e+03 1.020840645698733867e-01 1.046407071606098782e+01
1.104983667576577318e+03 -1.247931200345188396e-01 8.604133676341181314e+00
1.281530523956238312e+03 -1.245961097709733095e-01 9.947362037623019404e+00
7.263206562569047492e+03 -1.053655564731310890e-01 4.031769825121974549e+01
7.742214351104740899e+02 1.658193497284823903e-01 1.064401825625519926e+01
4.798570506520761683e+02 2.589964506612486561e-01 1.609420428803526093e+01
1.438211897771080601e+02 2.498373652723094238e-02 4.488566502564908522e-02
2.463285562292987834e+02 2.861140809579679548e-02 1.008238389531652263e-01
5.513445102258764337e+02 -4.426617953518922205e-02 5.401783092241103645e-01
7.028879991821049771e+02 4.388666174851324486e-02 6.768948774429912607e-01
1.438693548276977481e+02 -3.031070907941405684e-02 6.608919969955132090e-02
5.147295449473971303e+02 6.300631087541408437e-02 1.021685441022111451e+00
1.695150946099240400e+03 1.873134599021956254e-02 2.973831466329609485e-01
1.387304990957095924e+03 1.366139033486537535e-01 1.294588525868492113e+01
4.788684218875211627e+03 -2.300270424383702439e-01 1.266904838107247002e+02
5.009748614189130080e+02 -5.612781720972167404e-02 7.891185346778299969e-01
2.031138033724188290e+03 -2.142514643863194929e-02 4.661836531519517601e-01
2.595584561646248289e+02 -1.328948083928089240e-02 2.292034853225960803e-02
7.860068524400735441e+02 2.230533662603258194e-02 1.955302251467941621e-01
5.728172905912261967e+02 1.385491670932202830e-02 5.497863609502677551e-02
4.394018576545383439e+03 1.577631458415532373e-01 5.468182595602484497e+01
1.056162940154092666e+02 -2.713181701534277956e-01 3.887395141399930587e+00
5.891996515181738687e+03 -1.099812729886577994e-01 3.563444260660143925e+01
2.939730385600908903e+03 2.512662990878886116e-01 9.279957597501307021e+01
8.402856144388793837e+03 2.099749813323402436e-02 1.852388326778819261e+00
3.989854268585843784e+03 -2.705149319039611977e-01 1.459854329334540921e+02
6.305182638270752250e+03 -1.548020319709003320e-02 7.554765518660555568e-01
7.776395136015391472e+03 -1.894034278995591347e-01 1.394838717356410029e+02
5.582323660404747443e+02 2.563507778666409762e-02 1.834232129725930360e-01
1.547136338199070906e+03 1.007799912153707275e-02 7.856827594546110516e-02
8.100598672373427007e+02 -5.252946859761898485e-02 1.117617350998179271e+00
1.522182098098464849e+02 2.768724346436990391e-02 5.834398026430181322e-02
3.345371193634666156e+02 -5.226106643803989094e-02 4.568470792181887896e-01
3.736640493614524530e+03 1.082782376375134720e-02 2.190451679148539554e-01
1.046782395699456174e+03 3.803931131521673947e-01 7.573414134564227140e+01
1.436654227538626571e+02 -1.811921818567832909e-01 2.358311500153160267e+00
9.239021552352713115e+03 6.961226121116618204e-01 2.238553441496510459e+03
5.606504926223417442e+02 -2.495134689781238757e-01 1.745220078664717178e+01
1.654910096849379499e+02 -8.161795407444379924e-01 5.512083884100487552e+01
2.103938630517762647e+02 -1.408224774246751541e-02 2.086157208753522396e-02
2.133496817369807843e+02 -3.281246909195977279e-01 1.148523344646529942e+01
8.221023668007399010e+02 8.095489920933797157e-01 2.693904375594785279e+02
7.594263382898358032e+03 -2.327413212835913528e-02 2.056850139681080769e+00
3.127474463412665955e+02 -1.552590107282370291e-01 3.769444956043034978e+00
2.777637096883407821e+02 -2.751874874794181872e-02 1.051726638939944614e-01
4.749018055984332136e+02 8.892348682380151192e-01 1.877616065321315659e+02
1.574047692743078812e+02 -5.001888575011395055e-01 1.969046250207498616e+01
2.107785443273436613e+03 2.943855342276954223e-01 9.133333922377310898e+01
4.849643656950324839e+02 -1.356505502883857961e-01 4.461932055231896399e+00
2.242135561033182057e+03 3.264709109506676588e-01 1.194870539044218702e+02
3.343903915265888372e+03 1.324936457722381833e-01 2.935039127336087361e+01
1.402390888019185923e+03 1.326529476737280631e-02 1.233879916312940195e-01
1.101396549018676296e+03 -2.047853727535635104e-01 2.309466046383819204e+01
9.308498908899106027e+03 2.637753085926808350e-01 3.238306384667720863e+02
2.036084536306270820e+03 -1.321723379650568964e-01 1.778471681240509739e+01
4.243978714320589461e+03 5.134244223909898430e-01 5.593662352890581815e+02
1.840889003931947400e+03 -3.501310959559819636e-02 1.128389338960682720e+00
3.207550864627526153e+02 7.302375377715478177e-02 8.552082159454309496e-01
3.327629915871724279e+03 2.196210179541281324e-02 8.025143829494466585e-01
3.482605158047171017e+02 4.857218099501939834e-01 4.108179892281928858e+01
8.639126875029513030e+03 -1.286472013285722658e-02 7.148921725595356325e-01
1.112984589925086425e+02 -1.767169943468188675e-02 1.737864005481270027e-02
1.073011950155901388e+02 -1.153743334614276833e-01 7.141558090502893030e-01
1.182671729273696201e+03 -5.606273985636328616e-01 1.858586835817850726e+02
1.674260802199918032e+02 -3.192414460687481026e-01 8.531622928456897625e+00
3.765329985170271243e+02 -5.731093710941514985e-01 6.183695087341549623e+01
2.024278182048379904e+02 1.129087681595069281e-01 1.290314379303661330e+00
1.973700509588456043e+03 5.131757502426131240e-02 2.598863737760859216e+00
1.899066178449967538e+03 4.047894640487202655e-02 1.555852792582580246e+00
8.921719402555694387e+02 2.305431092395276646e-02 2.370952517020838979e-01
5.868536490628579259e+02 -7.907442610456202892e-02 1.834728938516503760e+00
1.719905699853280112e+03 -4.922822187149714784e-02 2.084025068292839400e+00
1.289667783686750909e+03 1.263044747840064985e-01 1.028691923246772966e+01
1.446544333380122112e+02 -1.643966951994159931e-01 1.954735131414396143e+00
6.487194489395115852e+03 -3.646463587137661888e-02 4.312912875479109509e+00
2.208800825133523631e+03 1.043344785980417772e-01 1.202215326489595348e+01
4.463876702060893876e+03 -1.219363339782639777e-01 3.318550739651287529e+01
3.617889742279551683e+03 -7.936044817576373145e-01 1.139288084298396825e+03
3.532555025605732908e+02 1.204388484176282907e-02 2.562076709007836059e-02
3.748868188790862064e+02 -2.702262659210739604e-01 1.368753665461601976e+01
1.560155973504138501e+03 9.001542037289185227e-01 6.320797115004146463e+02
7.061430819938144623e+02 -8.070867003074506940e-02 2.299868974743202177e+00
9.068406736252230758e+02 -2.925886183339603333e-02 3.881645334480547938e-01
6.254988936371663840e+03 -5.024944750925425252e-02 7.896945346397162169e+00
2.855723261065832958e+03 7.995686224453062152e-02 9.128461933131823969e+00
1.632129164950675033e+02 2.573661120780213613e-02 5.405392733706797237e-02
1.241643010646724633e+03 2.722351413106909382e-02 4.601030612161812750e-01
1.043510687306130876e+03 1.032288249367297600e-01 5.559924230870493034e+00
1.202304720549788897e+02 2.292102488046684691e-02 3.158294483569974720e-02
2.330412080116964546e+02 -4.828055045555796898e-01 2.716108740176362701e+01
4.905057033772821455e+02 2.221381340984600050e-01 1.210208795731366571e+01
5.611832436305865031e+02 5.666985937747653912e-01 9.011124067850929009e+01
7.481400327688194920e+03 2.306831716803560695e-01 1.990603331318485516e+02
1.082439196528280263e+02 -7.213619087932594542e-01 2.816306556829815477e+01
6.681929043601634248e+02 -1.123705134216421674e-02 4.218680098176143950e-02
3.545198580254759236e+03 1.629714165567278661e-01 4.707967454848274969e+01
1.071505512567256773e+02 5.029271534132971899e-01 1.355110100314340649e+01
2.732095568238115902e+03 -1.281922749060391553e-01 2.244861751489089485e+01
2.355739605616769950e+03 4.761682350746596071e-02 2.670657091599416333e+00
1.236029488200130828e+02 4.844596280462584031e-02 1.450487595427163434e-01
1.119551317241788411e+03 -2.263718455333386670e-01 2.868526277480279418e+01
1.867535078238597919e+02 -8.045701437795840794e-02 6.044586509619285231e-01
6.791199681872966494e+02 1.154208554845378119e-02 4.523609239054524750e-02
1.260369073417346499e+03 -4.281052852996149183e-02 1.154965260456362275e+00
2.353133269491621888e+02 1.196173452922998232e-01 1.683467931585831412e+00
1.214304879644564608e+03 -2.716610788736685544e-02 4.480769327682760927e-01
7.644230930074414573e+03 1.303617882524649857e-02 6.495377872210089665e-01
1.006445971353840179e+02 -1.881735675559157717e-01 1.781876940278090515e+00
1.876146370909398229e+03 -6.674765397484140605e-02 4.179349913300795194e+00
1.902767140857906440e+02 1.599877175699977033e-02 2.435168024983018487e-02
4.914679523964477994e+02 -2.742009561318498739e-02 1.847579511925102891e-01
4.261771290760868851e+02 -4.263977129827564022e-02 3.874269941500290693e-01
1.246472643399504250e+03 -3.236990420890823589e-02 6.530336855669831575e-01
1.441420235216826541e+03 8.344715146628349789e-01 5.018612355432513823e+02
1.564949979308329091e+02 -3.257996882526923987e-01 8.305614961320923584e+00
1.226666384579916809e+02 -3.015140139969354482e-01 5.575855023472840344e+00
1.581513071933293872e+02 -8.505909466306667277e-02 5.721162747302875884e-01
1.151670805678851082e+02 -2.364998267360402529e-01 3.220772251855281265e+00
1.599918819234103921e+03 1.364910356225115251e-01 1.490308605341445336e+01
6.601272122445149762e+03 2.385889195208229160e-02 1.878876268865718124e+00
1.901254043131623803e+03 2.026153960994365663e-02 3.902608991525404747e-01
4.326851180121453808e+02 -4.888838198585160333e-01 5.170747022673135262e+01
2.899867104924397609e+03 6.160211131655816269e-02 5.502237015600270453e+00
5.456260402353665086e+03 -2.780178516882633177e-01 2.108678934989790434e+02
1.061120908073917946e+02 -4.200999955089930182e-01 9.363543447387607799e+00
9.802379388358858705e+03 -2.420311882541778259e-01 2.871072620395252102e+02
6.329975907203249335e+03 -8.589349450752143955e-01 2.335030756730686790e+03
4.774084248934773314e+03 -6.344313931377937310e-02 9.607920759658540533e+00
2.591758097379577634e+02 2.028611797591626381e-02 5.332886762831556132e-02
4.785505529779361495e+03 -1.051194108510684205e-02 2.644013468630487806e-01
2.296723699530022714e+03 5.826775891830374143e-02 3.898839752925528757e+00
6.118362022343129638e+02 -4.973292891467623322e-02 7.566468850739105356e-01
5.837321688280067065e+03 -7.375883637557082428e-01 1.587858305702286088e+03
1.032000269531857271e+02 4.274924567320136093e-02 9.429892171883720586e-02
1.177375372863663188e+02 3.125042358784581309e-02 5.749059039460212989e-02
2.482258144892593066e+02 -1.412480955343393130e-01 2.476179652220591887e+00
1.959490361340957861e+03 -7.507245945782362595e-01 5.521720555988619026e+02
3.606095443974179943e+03 -1.497791084648324340e-02 4.044917832715675954e-01
2.582509583911401933e+03 -9.503030496120785930e-02 1.166101065428869887e+01
4.166823213841383904e+02 1.638184750101565612e-01 5.591146049408772356e+00
5.414714404194844064e+03 3.934393615993949517e-02 4.190840890405207020e+00
9.174739859066578447e+02 3.255567802009268208e-02 4.862025727990719748e-01
1.050237240164108925e+03 -1.089032406456355989e-01 6.227862631326736675e+00
3.417428614709236285e+02 4.890585549162190099e-02 4.086873321909761381e-01
9.032159150467840618e+02 -4.302738651848827534e-01 8.360870975687043938e+01
3.902878434641908711e+02 -3.933484632364521449e-02 3.019325564254565220e-01
9.367772839020592073e+03 3.139141221262515269e-01 4.615598918560060611e+02
2.519131432707374927e+02 1.224905232347613462e-02 1.889843367504680585e-02
2.943452247791133232e+02 -5.674876899860100687e-01 4.739580339518486340e+01
1.233135269629941604e+02 1.405489162268757676e-02 1.217967573408636033e-02
1.530742906094257933e+03 1.871162404017106401e-02 2.679755837302463251e-01
6.693411477832089531e+02 -1.670934278956924535e-02 9.344073924060594671e-02
2.934272537849626588e+03 -6.170086431656326975e-02 5.585382871763138191e+00
2.886180248936198041e+03 -3.574561583961115285e-02 1.843907038133318244e+00
3.730907730663746406e+03 -3.055280811452455447e-01 1.741352837593501590e+02
9.585694546912462783e+02 -5.711309613890326597e-02 1.563381608289833080e+00
4.004453414901460633e+02 -1.507767340169264766e-02 4.551786817049787576e-02
6.963730672467154363e+03 1.039025548667022250e-02 3.758931604592535280e-01
5.071738797213550242e+03 -7.797239783471303365e-02 1.541731205728990872e+01
5.112228044452660356e+02 -3.976164570194096193e-01 4.041186794401623672e+01
7.295332963228364861e+03 1.036935719369825107e-02 3.922101172040697858e-01
1.103000186851556208e+02 -1.208478415151874458e-01 8.054218104991067717e-01
4.756087008024160241e+03 -3.882630376815698198e-02 3.584857454807979238e+00
2.565455683131033311e+02 3.192902479212653133e-02 1.307693091466294033e-01
2.888257633803311251e+02 2.203302930113384406e-01 7.010586597157455024e+00
4.182983114993222671e+02 6.298813306204512075e-02 8.298003016567918610e-01
3.605316735248845816e+03 2.042167426027525212e-01 7.517892616070237466e+01
2.492337134978232598e+02 2.156828430978473959e-02 5.797062625923237594e-02
8.386362887880153494e+02 -1.213349308257807430e-01 6.173271093132153275e+00
3.893157544342412166e+03 2.199080061691436813e-02 9.413563682186070203e-01
1.191782276703054606e+02 -1.709706242922917341e-01 1.741846667517475744e+00
1.775480641057076582e+03 2.068677020526146423e-02 3.799017779622356761e-01
3.129607389566518805e+02 5.358999219924970303e-02 4.493939801576185555e-01
3.469659607656256526e+02 1.171220438057874944e-02 2.379765472856304465e-02
7.606060735661640138e+03 4.216395708750801941e-01 6.761024639392943527e+02
2.835579842006699891e+03 -6.120061631809795011e-02 5.310354036554829626e+00
1.733496198410304942e+03 -8.878834066257987878e-01 6.832895475384217434e+02
5.748725848481502680e+02 3.133235611624168165e-02 2.821809624100631853e-01
3.582114272813582829e+02 -4.661628820450258032e-02 3.892107443690978053e-01
1.099844531102974372e+02 4.289404195088703659e-02 1.011801335665202112e-01
1.242767588215918408e+02 2.668739796726417035e-01 4.425602323422934248e+00
1.167475234385340030e+02 1.170714711179045436e-01 8.000549792487566814e-01
1.182208608953199303e+02 -9.399653093100891754e-02 5.222612132125570295e-01
1.766590524830505728e+03 2.897179959919113923e-01 7.414072798778244078e+01
4.722689187000506536e+03 -2.301921936840359284e-01 1.251239805581667355e+02
4.153781044637757986e+03 -1.005321148754115546e-01 2.099052215523782294e+01
1.345399131189824402e+02 -1.137406755630908199e-02 8.702674777533619607e-03
5.982806403612505164e+03 1.130475419537665532e-01 3.822937532165946806e+01
1.519194585560970552e+02 4.440538337270806268e-01 1.497802861655154594e+01
1.244160098018010331e+03 3.675261133257516355e-01 8.402773880871050949e+01
2.270000770054626628e+03 -4.768967374607485654e-01 2.581337030247551638e+02
1.386539238658392321e+02 1.156314411084098485e-02 9.269451690093827301e-03
2.842086656298402431e+03 -8.222522663854124614e-02 9.607656740966506348e+00
3.017799171676028436e+03 1.800221372627527211e-02 4.890037236697628020e-01
5.699167613968749720e+03 1.665963349747389549e-02 7.908831449502088384e-01
7.846891756429758971e+02 -5.682707814280296005e-02 1.267004972861845546e+00
6.219145928287259721e+02 1.780712843768465781e-02 9.860263797078364090e-02
1.009333949736758456e+02 2.605892054126211430e-02 3.427028600965770916e-02
7.924101968408697758e+03 3.312698383276265618e-02 4.347943093141791060e+00
3.314157698112911135e+02 4.611956850915746031e-01 3.524630904417464450e+01
1.232948212741724490e+02 2.143567269731944808e-02 2.832624936342207494e-02
5.190817522483865787e+02 4.359340219358697199e-01 4.932275138552883931e+01
7.986044468131155554e+03 -1.273436128706891268e-01 6.475242874207333443e+01
2.145014055242267261e+02 -4.178409673813097969e-02 1.872501538486761041e-01
7.647125064934184593e+02 -1.287586752696832579e-02 6.339006496716240169e-02
1.426198501776236185e+02 -6.658656039088675094e-01 3.161718083216067043e+01
4.781429026717978559e+03 1.043527476275945415e-01 2.603367598077391776e+01
2.690035676383554346e+03 -1.343660611642041036e-01 2.428327269325948734e+01
3.478414469573589031e+03 7.101758153849844213e-01 8.771686275499076828e+02
1.741625478108398966e+02 1.943080603934478068e-01 3.287807689924780785e+00
1.103007500113349977e+02 9.250221902089232617e-02 4.719030366831620249e-01
4.480355781822644531e+03 -6.679026388563141792e-02 9.993297704369817680e+00
7.083791415507138481e+03 -3.866132714262007775e-01 5.294065197155699707e+02
7.549551397014867689e+03 -1.100303207008399148e-01 4.569996926809302096e+01
8.812353647862130401e+02 1.089684598116456155e-01 5.231949540928191311e+00
1.045790802096403695e+03 -3.703094501281153916e-01 7.170416991178470312e+01
4.475406975873277588e+03 2.663343333684756176e-01 1.587292080388767204e+02
5.611881049911845594e+02 1.284615421395782046e-02 4.630466259266061840e-02
1.671913939792605788e+03 1.390124131527742668e-01 1.615440951169528461e+01
1.726512961167583853e+03 -5.723205038123439087e-02 2.827603154994164480e+00
1.448355298492190514e+03 2.481155424153798014e-02 4.458133373147943335e-01
3.637404395326864233e+02 7.831390048850167540e-02 1.115422244900021065e+00
5.205128272924786188e+02 -1.277803255428174543e-02 4.249417688621780209e-02
7.880071411976455238e+02 -1.542380822893635664e-02 9.373103037504137980e-02
1.455553622803550411e+02 6.127797177691061969e-02 2.732794521751459316e-01
5.989999410492194329e+03 6.920181896373727159e-01 1.434272937338562087e+03
9.585924035776648452e+03 8.690051631464286441e-02 3.619501000395428036e+01
5.995313445994886024e+03 4.517795527911278031e-02 6.118360189601106391e+00
7.193024822100488564e+03 -1.268480267369917480e-01 5.786940201587660937e+01
1.059678757269534941e+02 -3.002330869047666884e-01 4.775967203551402029e+00
5.755950103018475374e+02 -8.927494385052442416e-02 2.293750605554156330e+00
1.944044382937924809e+02 -1.126699395043393032e-01 1.233935055035151773e+00
2.296659316358067144e+02 4.345882258185895242e-01 2.168814925980429464e+01
2.238768164916111800e+03 1.188431490871339966e-02 1.580983834419639744e-01
3.988264518005637001e+03 -1.835836340699990299e-01 6.720814121115593309e+01
1.818889186124873163e+02 3.363102324151820421e-01 1.028623418445137361e+01
8.634842777071995670e+02 1.412149841366559522e-01 8.609660011380078970e+00
2.862456592594167546e+02 6.804928462604054040e-01 6.627596225479739189e+01
2.007630254635477741e+03 -3.542221949922492175e-01 1.259520602815787953e+02
9.603594334846268339e+02 -7.056378222026848945e-01 2.390933587505083153e+02
4.550108034301963016e+03 1.901395121172404223e-02 8.225010538901423862e-01
7.986085718861579153e+03 7.866208371233781582e-01 2.470784479427300994e+03
6.392582031780666512e+03 1.668818566683867577e-02 8.901527951871864852e-01
6.240332133246128024e+02 -4.905324896051925510e-02 7.507809841812577156e-01
1.326539363021393456e+03 4.163459483263950989e-02 1.149737856379671630e+00
3.131748734167975385e+02 9.223063146620988362e-02 1.332009367504110253e+00
6.973650576084091881e+03 -1.009507206774291760e-01 3.553440389650373277e+01
3.981019374591962787e+03 -3.221863551311783813e-01 2.066229619953483621e+02
3.012794427977819396e+03 -4.338512429776006374e-01 2.835444793141923583e+02
4.276476795756057072e+03 1.274053522158998530e-01 3.470815033108797110e+01
4.273506687943123325e+03 -1.337911161429611584e-01 3.824801895712253241e+01
2.023429402963325856e+03 6.063770034279729604e-01 3.720004848415679248e+02
1.505581942246312508e+02 -5.026312634607252999e-02 1.901837461406400143e-01
4.050827182772036394e+02 -4.193857723809240601e-01 3.562387070865366923e+01
4.196046849811814354e+03 -2.764370556440604726e-02 1.603255912196401622e+00
2.060424723100146366e+03 -8.053920902102186252e-01 6.682538612249785501e+02
1.171249079520829497e+02 -1.056058807129128807e-02 6.531237437479521860e-03
1.704996502369146810e+03 2.481842630478063305e-01 5.250999501292133687e+01
1.241481256781266467e+02 -3.067795806428762484e-01 5.842020416802787608e+00
2.252471324817561253e+03 -1.158466436473718497e-01 1.511458358910959632e+01
5.517043577719784480e+03 5.422120808330450209e-02 8.109886909414685263e+00
1.564129070036582107e+03 -1.831343575577787097e-01 2.622903124984788548e+01
8.100267643250044785e+03 2.596044616831342036e-02 2.729566487678152686e+00
5.008341434894147824e+03 1.623785816662160625e-02 6.602697794839521572e-01
8.424183448698242501e+03 -1.627977177543873666e-01 1.116334751475419722e+02
2.422724010193544473e+03 2.395518102092847046e-01 6.951409318471120002e+01
3.123126210135922634e+02 3.048956902340572289e-02 1.451650642075603959e-01
6.950188996347642387e+02 2.864156574905258879e-01 2.850756548301308513e+01
5.166488674043901028e+02 -8.055793832466277005e-01 1.676417447125100750e+02
5.688929524640008140e+02 -4.387414684292679362e-02 5.475426164771779458e-01
6.424648783749224776e+02 -7.550851345016139637e-01 1.831518189011426898e+02
2.327066847817842188e+02 4.150721065136630389e-02 2.004591856034752817e-01
4.416409519176586969e+02 -2.571305760888448547e-02 1.459979599290023022e-01
1.767685856673044782e+03 -9.748277158022299327e-01 8.399062792527619195e+02
6.637976145811002198e+02 2.861524458602096588e-01 2.717694380911086327e+01
1.608029597605384993e+02 -6.435636747227095888e-01 3.330021888340851888e+01
5.176170441906606356e+02 -3.080927533741319516e-02 2.456640117065581608e-01
4.406379697618464206e+02 -6.573770210898093047e-02 9.520964810566030501e-01
3.014543168393775886e+03 1.962121410237063490e-01 5.802875663313258769e+01
8.024326848360575468e+02 -7.084835967232876452e-01 2.013901445990762795e+02
5.023513887356187979e+02 -4.866290431382368220e-02 5.948037003325024052e-01
1.877236620002926202e+02 -2.542980395404960126e-01 6.069809291110137117e+00
4.019040766286134385e+03 4.194416731650901786e-01 3.535375679215504192e+02
1.605350715322917949e+02 9.664755272736628988e-02 7.497589404151219217e-01
5.797515946757820302e+02 -1.169943519140129451e-01 3.967726684043311636e+00
3.884959770594771271e+02 2.198970240144623375e-02 9.392803438310103059e-02
2.066824931522259703e+03 -2.877993446087186991e-01 8.559596593313025892e+01
7.774382031690753365e+02 3.977234914368786567e-02 6.148913289613918698e-01
1.575660229200440654e+03 6.772589069198459155e-02 3.613616231059804118e+00
2.770799479568086099e+03 1.054189394560972777e-02 1.539615899182563141e-01
2.277586411630184386e+02 1.286521891334420076e-01 1.884860566036471896e+00
1.250104728829661553e+03 -1.498602255518290960e-01 1.403748050612275655e+01
5.181122957338383230e+02 1.854254854188976398e-01 8.907026666740666343e+00
1.121265610197160498e+02 2.146374102982464005e-01 2.582791485971558387e+00
2.504138164168126366e+02 1.871621750602561404e-02 4.385957899943682819e-02
4.288902372468182875e+02 1.035451910557141052e-02 2.299196197189983665e-02
1.369985041419126617e+02 -2.160484512753045247e-02 3.197335019910264864e-02
2.471118324664928423e+02 -9.542261715196247163e-02 1.125035413132293494e+00
1.085843395746741180e+03 -4.534122511216507473e-02 1.116152919604737281e+00
6.027303324338860193e+02 1.486038831066680867e-02 6.655081343613324096e-02
1.211180788166949611e+02 -1.429540273307290943e-01 1.237575683494634982e+00
2.178010209216334715e+03 -2.301686756816942458e-02 5.769289780964371728e-01
1.198985029029382048e+02 -2.290217543006564660e-01 3.144396026287864299e+00
2.797841239063139369e+02 -1.417312251182471228e-01 2.810115392852874372e+00
1.151357367406942558e+02 2.009951925336309064e-01 2.325688195613253129e+00
8.075020316585125784e+02 3.209235993029076195e-02 4.158310709526670257e-01
2.962737388571191786e+03 -3.866026869956065704e-02 2.214077909257782473e+00
5.618394850927766129e+02 -1.878349060759656464e-01 9.911396855678081153e+00
5.282623277563570809e+02 -7.255942276740841024e-01 1.390616196482944531e+02
1.113026598404880133e+03 5.883468632774100371e-01 1.926382090914788137e+02
1.876526762884494133e+02 -7.095501119943564694e-01 4.723793594019586095e+01
3.953990821896711168e+03 -4.837740050204328290e-02 4.626906442353477367e+00
6.080279612272016720e+02 -2.165322098252121241e-01 1.425405965692000265e+01
6.021289720249726997e+03 2.225077114227493741e-02 1.490560685636804106e+00
5.096465596479053488e+02 3.129421042538170494e-02 2.495554726207910856e-01
2.588034412283660913e+03 4.277749455527780909e-02 2.367940254072825823e+00
8.481327566486053229e+02 -4.558281066543907745e-01 8.811219947332827473e+01
6.663881588397333644e+02 -9.882619358915982477e-02 3.254178806866269369e+00
8.201776899442492095e+02 4.453701795901934823e-02 8.134300752459203698e-01
3.180843955388200470e+02 -3.123608843706120464e-01 1.551763941923657519e+01
2.827390619909903648e+02 1.631761985651249483e-02 3.764171827343986559e-02
4.054757590823177907e+03 9.641303391256188238e-02 1.884544507293362869e+01
6.226407462008193761e+03 -7.913276207016667341e-02 1.949486318660524731e+01
4.188571686353749101e+03 2.953273997103969539e-01 1.826599944515028255e+02
8.559861986137453869e+02 -2.052758094615392548e-01 1.803484082014162837e+01
4.980780694106233568e+03 2.753948400502348459e-01 1.888769764617772182e+02
2.834761490934386643e+02 3.438745440739476855e-02 1.676048508600037346e-01
7.534395959910792953e+03 -1.881472152260611763e-02 1.333564524747150148e+00
2.136532350194215439e+02 4.870739843622690080e-01 2.534366064108733596e+01
6.623694827799905624e+02 3.727887656206676364e-02 4.602522829024383033e-01
2.006169869184900563e+03 2.579438033421210252e-01 6.674026182323792966e+01
2.115631557352176628e+02 -1.692141474644889496e-02 3.028889162089815762e-02
1.632947291339528135e+02 -6.795405646812653633e-02 3.770274272113131042e-01
7.018260448098627421e+03 6.357147646408994879e-02 1.418156244166199365e+01
1.234072752060356777e+02 -4.860162652660007798e-01 1.457512792815526836e+01
8.967097524912702511e+02 5.891935979096241116e-02 1.556459898941235487e+00
8.322864342815977352e+02 3.217721594083439163e-02 4.308635450855290427e-01
4.329825283292853783e+03 2.958160486188298188e-01 1.894453019740849982e+02
1.436427663272910650e+03 8.329535856580902453e-02 4.983051421540017678e+00
8.798805609836118720e+02 7.019007615869805872e-02 2.167430371188672655e+00
1.092677492269941695e+03 2.122765758607720599e-01 2.461875854024895105e+01
1.001252053678486391e+03 -1.062125644972211902e-01 5.647616705459139297e+00
1.423653045100749978e+03 1.096280178666231460e-02 8.554946334139562625e-02
3.296067201028757609e+03 1.435186081917367781e-02 3.394552188838839690e-01
2.356764326981216300e+02 -4.312827177599493772e-02 2.191847181850477000e-01
1.330861487190522894e+03 7.384460124376409640e-01 3.628610568996375036e+02
6.078973455662783181e+02 -1.305151116213868964e-02 5.177520768121052219e-02
1.392506469217046970e+03 -3.641806985890172488e-02 9.234238242606097602e-01
1.013259642517634461e+03 -2.630482368609733668e-02 3.505593379563983203e-01
5.610258823461624161e+03 1.278566520329148526e-01 4.585635786615404186e+01
2.215625602527021556e+02 -1.193852576922178194e-02 1.578947833410149909e-02
2.150249503972562479e+02 1.802626080024051156e-02 3.493575719898787957e-02
8.342457758233639424e+02 -2.430093709779256386e-02 2.463258914572284963e-01
5.505146474744769876e+03 -4.962897915521020248e-02 6.779685798151148468e+00
2.604105503728846998e+02 -2.319200312487977866e-01 7.003338232386897566e+00
4.507541012160903051e+02 -3.699269026826537687e-01 3.084192833371481868e+01
1.710159805145387963e+02 1.539271260082860915e-01 2.025988708001098093e+00
1.094921918361593498e+03 1.259595395971693441e-02 8.685909160454602373e-02
1.195517930692247091e+03 4.058024850950177065e-01 9.843635029179164064e+01
6.055764876921665746e+03 -2.020199638352829508e-01 1.235741372768207214e+02
1.287774433314311580e+02 6.165774435573366519e-02 2.447851504849842263e-01
1.351497365645647903e+02 -3.341867705714551828e-02 7.546815189168153137e-02
4.094094035286163034e+03 -7.476584163486546530e-02 1.144285173666609801e+01
4.071560294839740664e+02 -6.756269819417461131e-02 9.292762664225189262e-01
1.110882859474957343e+02 2.892240778990055605e-01 4.646299066420933599e+00
1.526806204274924141e+02 -3.828178466878702779e-01 1.118763457739116163e+01
1.575475753284639268e+03 -1.726261440224968191e-01 2.347441983300009483e+01
4.689603789865871022e+02 -2.949540555249719267e-02 2.039928287478253721e-01
1.117469084049127872e+02 -4.027846375031175069e-02 9.064655779468870633e-02
2.532501531394845244e+02 -2.684272305077254894e-01 9.123739191226050593e+00
6.665014643705639173e+03 -1.681524412627457069e-02 9.422745599965632879e-01
1.146127538551113048e+03 1.007743404149270133e-01 5.819730590931716740e+00
3.809436241925170634e+03 -1.636231834972501353e-02 5.099415384911524241e-01
1.025812386214999776e+02 2.642819434566629488e-01 3.582390517459232537e+00
3.015277979248185716e+02 2.127358729280130201e-01 6.823054177399273890e+00
1.330582402166582597e+03 -2.332799971255047206e-02 3.620485247811997542e-01
1.969955659564418511e+02 5.995616009651498490e-02 3.540740320322320334e-01
5.892182358879023013e+03 4.407021052513656056e-01 5.721849547779081604e+02
3.021411346834137248e+02 3.687768961296459813e-01 2.054505317133890685e+01
5.762639433372255553e+03 -4.169067171492048945e-02 5.008056686710204986e+00
5.698843125865979346e+03 7.616459260496606376e-01 1.652962318548747589e+03
9.590573927307440272e+02 1.448768519140270772e-01 1.006497273142425009e+01
4.346294560954709141e+02 -7.210324785527358338e-02 1.129792835061458334e+00
7.390502637095009959e+02 -6.866185926247481142e-02 1.742108096867556188e+00
2.023835321072776196e+03 -2.880774791269251345e-02 8.397766434827765858e-01
7.791829839632876428e+03 -1.945296023615772710e-02 1.474283015111241602e+00
4.769126095828385587e+03 -7.512326763555207676e-02 1.345729429504936192e+01
7.949475453431115284e+02 -5.056522952660876813e-01 1.016277809592376968e+02
1.279420041210492172e+03 -3.453191749657864157e-02 7.628243417401859849e-01
6.563248249635211096e+02 1.592783513695599645e-02 8.325346913116946079e-02
2.028064279095398433e+03 4.632386168087312961e-02 2.176011731543650018e+00
1.973710625172508799e+03 2.391171640390949149e-01 5.642544410742404182e+01
7.959603806101215469e+02 1.516490937458154012e-02 9.152528585880979894e-02
1.899546172486646128e+03 1.033028272607639658e-02 1.013547890978201277e-01
3.289159807087705758e+02 7.508093147617052043e-01 9.270737471165516297e+01
2.415853049408251991e+03 -5.005566226625171034e-01 3.026543647047489571e+02
1.504398839574151623e+02 -9.448659137807990938e-01 6.715422757800551778e+01
4.150058614045988179e+03 -3.923905869687384085e-01 3.194930358522217944e+02
1.344454799124514466e+03 1.443503209219999250e-01 1.400721250911501770e+01
2.282139268263970848e+02 4.014990465678064391e-02 1.839421188199731327e-01
7.442241498750463506e+03 -1.664183904888294485e-02 1.030567394219437327e+00
1.471215611818105344e+02 4.437082869612003766e-02 1.448242903104117740e-01
2.362500245652206104e+03 3.505080704104770323e-02 1.451235557331845172e+00
3.796348927119492146e+03 -5.328472310059363393e-01 5.389414084497373096e+02
1.212970961522285762e+02 -5.307161869479981586e-02 1.708225010312086345e-01
2.422606088411996268e+02 2.801422447536936478e-01 9.506267201651114718e+00
1.626418196499604164e+03 -7.462511738318994281e-02 4.528686770388129723e+00
2.134190802224364631e+02 -1.686764406786464207e-02 3.036072265769404130e-02
3.442266635593244359e+02 -6.259098239451421630e-02 6.742765373650158045e-01
3.139679115444554327e+02 -1.714938811487931036e-01 4.616921886455974011e+00
3.615358404070004212e+02 -1.846068268886616182e-01 6.160512971312865460e+00
1.565687751881004488e+03 1.894701732599598232e-01 2.810327046342176871e+01
7.331825857138135689e+03 3.762009214687452724e-02 5.188261477588651971e+00
9.550470692392927958e+03 -1.266499811071940540e-01 7.659581459074077259e+01
1.972469988626395150e+02 -3.120478637220683998e-02 9.603351738948609495e-02
4.821899424805560557e+03 -4.536615557685276523e-02 4.961946844861759409e+00
1.042211665639405282e+03 7.655492547569220374e-02 3.054022346015589306e+00
2.186223158024361510e+03 -2.096297863525413765e-02 4.803640282788915750e-01
3.360451493938493286e+02 6.383302307627384264e-01 6.846339963874002876e+01
5.333062474834038767e+03 -2.233098477622414216e-02 1.329726814641774890e+00
2.447574643981577083e+03 -1.448563758225575038e-01 2.567918170925335630e+01
6.246216530935089395e+02 -1.484984626410924269e-01 6.887013825705960102e+00
1.986054821113447417e+02 5.222651523324559758e-02 2.708590396432868364e-01
1.336557895700985000e+03 9.531297496934725277e-01 6.071022335311562301e+02
1.038162361426989946e+03 -4.874608295217070647e-02 1.233430633087130968e+00
4.724703950717884595e+02 -1.370708857373719239e-02 4.438487933073655134e-02
2.996201931367786528e+03 2.029408805895499823e-01 6.169928979145762327e+01
2.383649412071307552e+02 9.477962368624495149e-01 1.070637236607825429e+02
1.754805758489105528e+03 1.490009317633763097e-01 1.947946494736707024e+01
2.220426258558682093e+03 -4.076908941471950598e-01 1.845305949543404722e+02
3.545742180880647993e+03 5.471837400857646611e-02 5.308154137023406882e+00
2.030780194191085570e+02 2.876916879634833224e-01 8.404029190724246590e+00
1.940567384232412564e+02 -4.701100221862292150e-01 2.144360269027241017e+01
9.644139351757771692e+02 -1.140829568497657778e-02 6.275885609823173006e-02
3.482712963451796895e+03 1.432811897618056426e-02 3.574917674152784941e-01
1.461512135023308929e+03 -1.395964758706519648e-01 1.424037215584360716e+01
6.338520168944590978e+02 4.899868745611956622e-01 7.608985808570812992e+01
9.700779991897648870e+03 -1.462974785053891037e-02 1.038126653172762426e+00
9.790437504923738743e+03 9.640399701451428383e-02 4.549484451109060501e+01
2.078508818258469262e+02 2.173712851278626346e-01 4.910505724793697624e+00
5.804230216747730537e+02 -2.719519234250167977e-02 2.146341899632443206e-01
1.318204905073986538e+03 -9.592114199011250730e-02 6.064313003783976974e+00
7.504382083577160302e+03 3.190802672879919366e-01 3.820188884691363000e+02
4.296304860437044226e+03 -5.659512795645772476e-01 6.880550511346867779e+02
5.015225091767607069e+02 1.441707487045488512e-01 5.212124028018289223e+00
8.400775261983195378e+03 -7.861582721842413912e-02 2.596027854809477020e+01
9.447534917102984764e+02 8.046254699597921167e-02 3.058271669509631252e+00
1.435168537177286225e+03 -1.723194353423606814e-02 2.130793851458225863e-01
8.197762905710604173e+03 1.093664124635400879e-02 4.902677096207901930e-01
7.426837160031842586e+02 5.476486326130745874e-02 1.113724879203605855e+00
1.587870438974368199e+03 -6.986586872044457663e-02 3.875388042772295982e+00
2.814643749964154267e+03 2.952797551435371592e-01 1.227045825760149711e+02
6.722061731601188512e+02 1.127091787468987097e-02 4.269638161028798534e-02
5.353432889820363698e+02 7.355845484442403992e-02 1.448330121614581634e+00
2.362626990394287986e+03 -1.205562226595783930e-02 1.716897741009895950e-01
1.097828538046171332e+02 8.186395620283771768e-01 3.678662777607910783e+01
3.717037536625543908e+03 3.258043436797924408e-01 1.972789243929048268e+02
2.382978541626770038e+03 -1.092999185071364399e-01 1.423409343329236343e+01
5.799666034691135792e+03 2.636570143482677014e-02 2.015819537208582535e+00
1.651946281032551269e+02 -9.061153203952078405e-02 6.781610955600435586e-01
4.259268423863975841e+03 -1.593194483070437678e-02 5.405583779297787883e-01
7.196296735762804019e+03 3.855897122435258950e-02 5.349706346760578768e+00
9.556371208334176117e+03 5.534458431987171467e-01 1.463569246852640390e+03
1.500775539203140170e+02 1.186111677181374453e-02 1.055691220954334264e-02
1.183789659423030798e+03 -1.734334324352129753e-02 1.780369661440580897e-01
3.002172037731967862e+02 -1.477005012083769386e-01 3.274684906310846522e+00
6.381278476970684324e+02 -2.476183970273138080e-01 1.956336318679177566e+01
1.154061057495895056e+03 -1.382695146324956492e-01 1.103193431906540667e+01
6.874030272773200522e+03 2.290954055927109656e-01 1.803907250452816413e+02
1.175494047172739016e+02 2.075520974918422870e-02 2.531889174001656154e-02
2.072489788179578909e+02 2.384688986949375089e-02 5.892856910198132625e-02
2.830136594068821978e+03 -1.357732138091462259e-02 2.608588631961166748e-01
2.713539382644211400e+03 -4.161472586151274827e-02 2.349633954165825322e+00
3.326033443536220489e+02 5.815099732885338490e-02 5.623555054738432757e-01
9.350243729240175526e+03 3.755291368083042008e-02 6.592956554761657983e+00
5.810996415638508097e+02 -4.585933378246515035e-01 6.110490798043051086e+01
2.040827235275265252e+02 4.155770712157620950e-01 1.762298217081280072e+01
1.327622831067988272e+03 -1.778349409691135363e-01 2.099321274243591162e+01
1.673049130191392635e+02 6.445440847451677779e-02 3.475233203126150139e-01
1.579834867619074714e+02 -1.532141619500747981e-02 1.854297953683476871e-02
3.242939618107268416e+03 -7.506556504218946380e-01 9.136721406726109080e+02
3.623195887873192532e+03 -5.418199259942088064e-01 5.318286928253041879e+02
2.216830732956687484e+02 -7.412840364928460768e-02 6.090764859371490259e-01
3.067402180599346593e+03 -2.555373432767570341e-01 1.001496594586184443e+02
2.023253281580978864e+03 -2.474917323737382477e-02 6.196431442733445483e-01
5.697281561493606205e+03 6.625460529399125609e-02 1.250460073190846089e+01
2.571041918119014099e+03 3.863789985695026408e-02 1.919137920548644960e+00
4.895260268225261484e+02 -1.057378490558002482e-01 2.736571090291254116e+00
9.414658505929044622e+03 2.880649147762887607e-01 3.906207487240520209e+02
1.211232518726188232e+02 2.578071241657883123e-02 4.025198990735021076e-02
1.366616913023772781e+02 1.482015577122309559e-02 1.500798311360763103e-02
4.810550075849227483e+02 -2.876284043480067942e-01 1.989886419803407946e+01
5.014990620884211239e+03 -1.046245110662034905e-02 2.744776661872137535e-01
2.154029796158666613e+03 -9.385705762947810227e-02 9.487582845786478813e+00
2.556521200056445650e+03 3.418269605666259814e-01 1.493592174850907384e+02
4.898926106897968566e+03 4.827359073562783459e-02 5.708080660360903558e+00
3.922614193747919217e+03 -1.614095142118416801e-02 5.109799514082211669e-01
3.379641940542985594e+03 -2.125724834195869550e-01 7.635804276790781842e+01
2.271932857699133308e+02 6.889301861608204680e-02 5.391578406938627444e-01
1.439779267972002117e+03 -2.133948090321910462e-01 3.278186228055442797e+01
1.101274546453482941e+02 1.657574564437907724e-02 1.512905332413567831e-02
3.115635867447849705e+03 1.875960445099437157e-01 5.482315855015763617e+01
1.569549835029242104e+03 -2.439831287312820840e-01 4.671589852005254073e+01
6.803191601826281385e+02 2.299942234631516258e-02 1.799353792378067252e-01
1.882663127414658220e+03 6.503690154190829853e-01 3.981642894696262829e+02
7.901658045945786171e+02 2.134703860966325611e-02 1.800377209239935883e-01
1.844981218768897122e+02 -6.023551361031305174e-01 3.347088452525113667e+01
7.312558324570186414e+02 2.269100089926757158e-01 1.882550579241594590e+01
1.297870848567195026e+02 -7.654760402850935286e-01 3.802460274231560788e+01
6.251866925202673428e+02 6.773273881077410130e-02 1.434091967746896401e+00
1.304171602042193172e+03 -3.188980512294876113e-01 6.631449615264980935e+01
1.437307908024307039e+02 -1.661795253378074710e-02 1.984608502766825253e-02
1.532877450908966921e+02 -8.844815512742294772e-02 5.995908510047989193e-01
2.396240433431475594e+03 -8.790655409422616362e-01 9.258548560914572363e+02
2.138519065112524004e+03 1.190135514712890724e-01 1.514523306637631350e+01
8.797675466832415623e+03 1.382387674293751312e-01 8.406159914549854761e+01
2.451055306567568834e+02 1.990468524401918515e-01 4.855497603441900623e+00
1.250518003901807106e+03 3.004866271288632595e-01 5.645601903639028052e+01
1.390930026965439197e+02 4.614154226660464875e-02 1.480674169504249682e-01
5.512601486931373984e+03 -5.406014630502632007e-02 8.055287320047058941e+00
2.990584060358910847e+03 6.085155645155975179e-01 5.536934686286415399e+02
2.051135233154406706e+03 4.814887213830276735e-02 2.377587648789492025e+00
2.509051113440010795e+03 8.090667936970359353e-01 8.211987258237379592e+02
8.109519570768909944e+03 -7.118063035674078165e-01 2.054417897841906779e+03
6.340269267472980346e+02 -2.140478835205457050e-02 1.452444621597201169e-01
3.184576763817290725e+02 5.885716560046799772e-01 5.515951183279662473e+01
4.752891048844663828e+02 2.580051428328755669e-01 1.581920263281817896e+01
3.054220186671351257e+03 -1.777329748191426861e-01 4.823989652573949627e+01
1.859793884386624541e+02 -1.129371422143987114e-01 1.186064774363038810e+00
7.938517426907469599e+02 2.007365748868646452e-02 1.599419645450682881e-01
1.452400890780196278e+03 -2.030852978888508520e-01 2.995114844385778241e+01
9.150863908230501238e+02 3.668405574916433487e-01 6.157250043169409537e+01
8.164871435185100381e+02 1.470734691023876661e-01 8.830555572624914973e+00
3.334704215339834718e+03 1.823419503861516133e-01 5.543710139578423224e+01
2.171928345789961895e+03 -2.434942946969841648e-01 6.438624193315645527e+01
1.517956236618834964e+03 3.166788378105887813e-02 7.611448969867098402e-01
2.839781075116720217e+02 2.731012368717889924e-02 1.059015213468717659e-01
5.663602178657354216e+02 1.131427056126789801e-02 3.625065552249382567e-02
9.653759976035468071e+02 5.082622442425920040e-02 1.246930363812530418e+00
2.220436611233703843e+02 5.128125333226764282e-02 2.919615399989054505e-01
7.736360080179418219e+03 -1.614033515059024315e-01 1.007701202134595917e+02
2.558209941398283263e+03 8.199187317827641985e-01 8.598997117937542498e+02
3.633193196261630646e+02 2.181626136883279832e-01 8.646078068045655485e+00
1.057555446489780593e+02 5.965928076161626237e-01 1.882041420099076490e+01
2.566619067858456219e+03 2.447163328531908599e-01 7.685238198879287097e+01
1.326170455024971488e+02 -9.547260017441115687e-02 6.044033375891659787e-01
3.691657379284825424e+02 -3.408358232666708343e-02 2.144281808838318371e-01
4.233380293948358485e+03 -1.857642998375350074e-01 7.304353754983330305e+01
7.078683324547390612e+02 -1.197284608363517223e-02 5.073612413488980122e-02
8.263141910189658574e+02 5.801072978902220567e-02 1.390374755122274486e+00
3.407579400908923049e+02 -3.683079581183108103e-02 2.311203541391277372e-01
3.188468313828233818e+02 1.568144558436044833e-01 3.920345115672500658e+00
2.531772238782979002e+03 -1.795766917563851872e-01 4.082202749151854704e+01
2.686375514540862241e+03 -1.141302244526893814e-02 1.749597169485795078e-01
1.667503371424759735e+03 1.104364803856367622e-01 1.016861581603523312e+01
8.770813417070361311e+02 7.001893049357511556e-01 2.150011695128528970e+02
7.482539520147165604e+02 2.039080746952587342e-01 1.555563956659024605e+01
6.744034046370585429e+02 1.734188367935215330e-02 1.014103534005033752e-01
2.766218858116822048e+03 -2.143206829992311824e-01 6.353085663182330478e+01
3.773250510525272603e+03 -1.483795480478415120e-02 4.153686659238255419e-01
1.649464924588891677e+02 3.204494903374954101e-02 8.469002470379230485e-02
6.034846565578576474e+02 -4.670369239315583926e-02 6.581708921662630107e-01
4.537100919661099852e+02 2.559723880279564101e-01 1.486396534192847518e+01
2.822705900900037705e+03 1.462509358493048646e-02 3.018790280597163367e-01
1.134192096936924600e+03 -3.901666129799754579e-01 8.632902345337701888e+01
1.658794459263015142e+02 5.828495650324928556e-01 2.817575315294380189e+01
1.187149269942126466e+03 -3.533229218637934932e-01 7.410012841476199696e+01
6.941356185598216143e+03 -2.381619968194789438e-01 1.968608066441472033e+02
1.034860135965605878e+03 -8.248845140671592913e-02 3.520772496965270282e+00
1.050396160103528302e+02 -3.827606291685441142e-02 7.694451195827685386e-02
7.789611803201421026e+03 1.491071653303912836e-01 8.659301222303156464e+01
2.460408616197107676e+03 -3.378787187655678537e-01 1.404426193984231190e+02
1.282081451965319729e+02 -6.763204404493755595e-02 2.932180142115123345e-01
1.336007861435587301e+03 5.569722226961042466e-01 2.072268813588018475e+02
4.865298519541531277e+03 2.200853905763146615e-02 1.178316410524858693e+00
6.374923013482818988e+02 -8.841261002247968737e-01 2.491571599131746098e+02
5.976385780483787130e+03 4.008208777562237146e-01 4.800752288633930220e+02
1.675713570422395833e+02 -6.390618104813151623e-01 3.421807090825147668e+01
3.409173401966554593e+02 -1.273734446026867084e-01 2.765520507394237715e+00
2.210764932738235018e+02 -4.555176793697638948e-01 2.293628339993165710e+01
2.176203786263463940e+02 2.833348459531397912e-01 8.735133464676723136e+00
4.617341194085739176e+02 9.465469659549050618e-01 2.068456096612089823e+02
1.477296307201038701e+02 3.225401977845585577e-01 7.684317707144365350e+00
8.124672121549198891e+03 8.219816115758662445e-01 2.744732673530331795e+03
5.102519753245857828e+03 -3.137328021086935870e-01 2.511160988311984568e+02
2.527957516756641780e+02 2.849937291020367136e-02 1.026621567183457345e-01
1.501200016688796040e+03 1.300328404833173482e-02 1.269154996797397239e-01
1.304697889128153065e+03 4.699744672493870457e-02 1.440882253923453815e+00
6.511969463947701797e+02 -2.254271281716472841e-01 1.654606463355311519e+01
2.490469985139004621e+03 4.078683773225769138e-02 2.071530760265853921e+00
3.881637534367532226e+03 -2.101305493244475658e-02 8.569655719357411883e-01
1.052459122723389413e+02 -4.903452564573355238e-02 1.265258308815892241e-01
2.730477136562429223e+03 -1.785140505722502061e-02 4.350642095252343355e-01
4.448722212661232334e+03 -5.462263215354258294e-01 6.636674850462826498e+02
1.416623376452592140e+02 -2.801991866601500347e-01 5.561067275357134854e+00
3.512064470706057818e+03 3.073751339593731521e-02 1.659090001259741820e+00
2.018584122722605230e+02 3.909980948581012750e-02 1.543000759721679660e-01
8.420537322825291994e+03 4.003078705313660168e-01 6.746803590132262798e+02
1.941208615821058459e+02 -1.628482601289496234e-01 2.573999512958525582e+00
2.189572391213286664e+03 6.848805882701020087e-02 5.135219677147845552e+00
6.227171174188827081e+02 4.324816232938014648e-01 5.823661519352599214e+01
2.524365163852977275e+03 1.059790340510955060e-02 1.417627391997449138e-01
4.927240937076863929e+02 -1.031165293377929101e-02 2.619572232116483199e-02
6.419701061802127697e+03 -1.418219195223654749e-01 6.456119017072376209e+01
5.815472003518145812e+02 1.349154643436090324e-02 5.292714142123610549e-02
3.428666481689571697e+02 1.449295128602071624e-02 3.600882175674642582e-02
4.397220019129369575e+03 -4.469561365678441367e-02 4.392158555398306241e+00
4.311196981229676567e+03 -1.255812659202150232e-02 3.399519871313510522e-01
1.805644078475433844e+03 4.255550073799886923e-01 1.634984208968713801e+02
3.295596265552279078e+02 1.002698440500656984e-01 1.656703101788718602e+00
4.416146790123893879e+03 -1.221243945331899200e-01 3.293201861108107664e+01
1.161441062090465834e+02 -7.742459428351161632e-01 3.481168596183129438e+01
4.547919555776295510e+02 -4.776968029721010978e-01 5.189045132315816033e+01
4.655470405524397961e+02 -6.777502048901391518e-01 1.069234318674951112e+02
1.073255843406325539e+03 -2.385634626707210104e-01 3.054085039677655544e+01
4.937332751672938684e+02 1.335136554675645480e-02 4.400619055898549042e-02
6.818167454141987946e+03 5.841972223138677811e-02 1.163473893962631145e+01
1.136383762498633814e+03 6.673637081868928345e-01 2.530580721755617617e+02
3.087028277246644848e+03 -3.782847568087741585e-01 2.208758811183932096e+02
7.411834328222446402e+02 -3.809114319154584261e-02 5.377045623295583221e-01
9.449131983174642301e+03 5.918597105885068516e-02 1.655005625666700197e+01
7.337321659055308373e+03 -7.489235049610955264e-02 2.057702025232362075e+01
1.773704798002100347e+02 7.659606357702215540e-01 5.203124850816833913e+01
1.237914590518280420e+03 3.131734846585353116e-02 6.070586551443508672e-01
2.318317513325336847e+02 -4.097142473097505067e-02 1.945830708044622159e-01
9.544921992278359539e+03 -1.625448393369176847e-01 1.260923558202716919e+02
3.410101060027952258e+02 4.025367032489654551e-02 2.762792223447507745e-01
1.269548957527710627e+03 4.548068345605638801e-02 1.313026291444242766e+00
5.611709268595027424e+02 -1.354516238568429128e-02 5.147941454446419013e-02
1.244984797859586934e+03 -1.449821184077601695e-02 1.308467485151917076e-01
4.215398771294170729e+03 -2.308192445883109900e-01 1.122930039129438171e+02
8.709751134020358222e+03 -2.318061977848601685e-01 2.340053772621907910e+02
1.109840267753762788e+02 -5.172965163493343788e-01 1.484942338040819365e+01
8.424931803524046700e+03 -5.898512063016326801e-01 1.465619863376213743e+03
6.644735549860025458e+03 -2.347062725361451219e-01 1.830193878000781353e+02
3.623235863125088372e+02 1.917775755058540310e-01 6.662884094509842647e+00
1.252071870014962798e+02 -1.667213588622791856e-02 1.740130204943517167e-02
5.341012698979805009e+02 4.435261377149416623e-02 5.253298177730955087e-01
1.236610692862573018e+02 2.185625238091855674e-02 2.953618474075779196e-02
2.445912045028438229e+02 2.570687722310080470e-01 8.081825829800244776e+00
2.796375056057908296e+03 2.448661443496938719e-02 8.383452532433348647e-01
5.316391734352012463e+03 1.516977871465725186e-02 6.117098444396916745e-01
2.881238267320817954e+02 2.045907922530893971e-02 6.030056019612960866e-02
1.417809916450485844e+03 1.879838850456415009e-02 2.505124161449634457e-01
8.807151031155550527e+02 -5.414727457999217453e-02 1.291096346743364709e+00
4.078168259135008157e+03 -2.746388432923510536e-01 1.538009673638137542e+02
1.472444181901464901e+02 -5.320791568450154718e-02 2.084305324293641293e-01
5.140758875849857759e+03 -2.614194983040865616e-01 1.756601268667085947e+02
4.740018115515678801e+03 -7.020117978939043046e-02 1.167989201435220181e+01
4.867520555504822369e+03 1.221806615216193687e-01 3.633145099630821306e+01
6.121691962745659339e+02 -1.305714203000591517e-02 5.218404419374799569e-02
4.235625392400425881e+03 1.389446622893595988e-02 4.088568540466605561e-01
1.507526719012374770e+02 3.154695501471433544e-02 7.501531124345391099e-02
2.895705890824712242e+03 6.643565713555227292e-02 6.390383534194755910e+00
3.867311434578066383e+02 -2.274309560488490534e-01 1.000180321457535548e+01
6.844754628647761820e+03 -4.860291551577052005e-02 8.084488211548602976e+00
2.748425026977682819e+02 -2.559063633516322697e-02 8.999452088605436328e-02
7.010351938560800590e+03 1.492221658293743924e-01 7.805064633850584244e+01
6.519146850225974958e+02 -4.217807152127340253e-01 5.798747605909279912e+01
1.271238377698195336e+03 -9.232371085737961502e-02 5.417806677335878618e+00
1.542439543250174438e+03 1.027971732246729664e-02 8.149678936164461707e-02
2.298973632609081506e+03 1.703271582872790610e-02 3.334815383064504424e-01
3.768192782664817514e+03 7.141036497902493174e-01 9.607836928446309912e+02
2.408292855587534177e+03 9.326567770078476871e-02 1.047425161113930692e+01
1.657446754233388617e+02 -4.798329518426015516e-01 1.908049899686694673e+01
1.321949065713099799e+03 6.541295288570098121e-01 2.828213791656064586e+02
3.042076345098990259e+03 2.676457693899121637e-02 1.089584406860499177e+00
3.857442785024635668e+03 -1.960789255775020057e-01 7.415344540553458330e+01
1.960264758309387219e+02 3.149448579183496133e-02 9.721958898186508491e-02
1.665909709425845620e+02 8.836165800636829326e-01 6.503530425906279788e+01
5.345560678769302285e+02 -2.510319292204288982e-02 1.684306774622978120e-01
1.607659169795684875e+02 -2.554625287862885008e-01 5.245880582792448621e+00
5.278921380339049392e+03 -5.300996249596116039e-01 7.417032676001505251e+02
4.586605823624563527e+02 -2.356824035403002060e-01 1.273842515099513051e+01
2.877943271837119141e+02 -2.007908164173460158e-02 5.801495031359756721e-02
3.127027511848627000e+03 -8.252725692753873354e-02 1.064869839874684487e+01
3.528089802902590009e+02 2.725773487168212106e-02 1.310657331695634087e-01
2.890876562671245438e+02 -2.256659657052571821e-01 7.360912960540736627e+00
5.878098062336422117e+03 2.184427677149646252e-01 1.402433161242932442e+02
4.639000248730488238e+03 -6.195988211662823986e-01 8.904623585168581030e+02
1.181784910976022047e+03 -1.607400825986260440e-02 1.526710945710910705e-01
6.513458947496114888e+03 -2.882333174494629557e-01 2.705640214023438830e+02
1.233970257773076810e+03 -1.767524981896375497e-02 1.927550735016095307e-01
4.041981912820629077e+03 -4.035266921585581867e-01 3.290856195838332496e+02
6.977141826960607432e+03 2.181163086453805910e-01 1.659677987019479701e+02
1.056642448518585525e+03 7.046626900746114641e-01 2.623376433290418390e+02
7.790818948901217027e+02 -4.228288510313642917e-02 6.964378117225731302e-01
2.673816917572478360e+03 3.320603734912136451e-02 1.474129968180739381e+00
2.032193535576467980e+02 -1.402227887228287180e-02 1.997893205475095510e-02
3.677282824112737671e+02 -4.374013480607269466e-02 3.517687633221385224e-01
3.859471226334843323e+03 -1.100718209962495316e-02 2.338030189092704381e-01
1.761876927182119630e+02 -4.519423069372548174e-02 1.799333098673009390e-01
2.545778359808954519e+03 -1.072465194002533186e-02 1.464053703823660069e-01
2.081497871750992545e+03 -1.382396818905644031e-01 1.988893035676716181e+01
5.865781781947128366e+03 1.538818466816253491e-02 6.944974983040256289e-01
9.249849490938318013e+02 -6.302916939988153500e-01 1.837332844109694747e+02
3.049213904205628296e+02 -7.849682737238661279e-02 9.394249795353417642e-01
3.029554694290727639e+02 -3.316629212372962932e-01 1.666259525060210223e+01
2.033109631337405744e+03 1.621497005526555679e-01 2.672779330060068403e+01
8.405266234986993368e+03 -1.424879461489818658e-02 8.532528184738285004e-01
1.185420551617941953e+02 -3.474613976038589680e-01 7.155756950076106904e+00
3.823706613399160233e+03 9.256644907608699291e-02 1.638180586107892367e+01
1.235944510735007213e+02 1.315438043090556668e-02 1.069325128858977791e-02
4.353870490961222458e+03 9.211321802788952073e-01 1.847095799242640851e+03
5.091561046287562021e+03 -1.517570524901415072e-02 5.862984219179345757e-01
4.880809564276879428e+03 -5.325358372249971994e-01 6.920851737015248091e+02
1.137682899476059646e+02 -1.032356387620916513e-02 6.062482991127257637e-03
1.621761712177235722e+03 -8.215453523922342516e-01 5.472933026499930520e+02
3.443979640016237227e+03 -2.473908862144845108e-02 1.053896524637693455e+00
5.955310221831757190e+03 -2.910543076967745182e-02 2.522449362114250526e+00
1.402741054387677480e+02 -1.520214849627915706e-02 1.620904593562430551e-02
1.167520648752674077e+02 -5.880534705818224461e-01 2.018683389291298269e+01
8.732452940179313373e+03 -5.220440218342235761e-02 1.189927528444270166e+01
8.325844026908932847e+02 -4.110885824368165631e-01 7.035081042806190510e+01
3.290721661164343004e+03 -1.779673914942522112e-02 5.211251392381774927e-01
7.990726762952889430e+02 1.586599945714641316e-02 1.005752579399627339e-01
4.105299128925163131e+03 -9.863597547170959157e-01 1.997034185749811968e+03
1.116516661548752836e+03 5.268168307281678037e-02 1.549367690941249931e+00
4.179521988398039980e+02 4.338839080552838734e-01 3.934084693531114851e+01
4.243989734295317362e+02 2.286979738946330054e-01 1.109861951828078475e+01
2.126887684397204907e+02 -4.893433560396958648e-01 2.546489871523925075e+01
9.161730497947526146e+02 3.539729209589339010e-01 5.739678887291853471e+01
8.777045406265801830e+02 -5.265580149504399676e-01 1.216776475978389129e+02
1.256391464503788882e+02 1.263426370394512936e-02 1.002755046322396579e-02
2.342251986803884847e+03 2.065043220463402274e-01 4.994153787993678151e+01
3.274657949297854884e+03 -1.188251301643448478e-02 2.311812164984535789e-01
3.548477797428890426e+03 2.476202201230693831e-02 1.087888302955202446e+00
1.343026774485252872e+02 -4.663961630727259666e-01 1.460712053588490811e+01
3.737267105878972302e+02 -1.455521436636791899e-01 3.958779883812166833e+00
1.339608330051728728e+02 3.966106981825827660e-01 1.053602259112038908e+01
5.535561005652357380e+03 2.745086111557291653e-01 2.085660377884395018e+02
2.114838317828188337e+03 1.180085055917083105e-02 1.472562702346767449e-01
2.512445433269317903e+02 -2.135055461864971554e-02 5.726443297777683572e-02
2.636594753344880360e+02 3.095933776535457760e-01 1.263562453807651664e+01
9.660279910357832705e+03 4.520969648843643773e-02 9.872403507986058813e+00
8.115004276279340729e+02 3.442104858999713718e-02 4.807363371123024587e-01
1.609913788190466676e+03 -2.638272955840691159e-02 5.602889734595301041e-01
7.560961448246487180e+02 2.400072168100587933e-01 2.177687857518272452e+01
7.795263638941687532e+02 -4.123530515417435094e-01 6.627339788826640188e+01
1.554599647001942628e+02 -2.334036505128722072e-01 4.234516774855271670e+00
1.648143816336794316e+02 8.315587251724767537e-01 5.698374124233696136e+01
2.640346509150583074e+02 -2.538090682444752999e-01 8.504429781648690678e+00
1.051093858203959826e+03 3.191951060324757505e-02 5.354561990403361449e-01
7.211165303949908775e+03 1.024021805332861641e-02 3.780888452256052634e-01
3.180274735243656892e+02 -1.256548041504760849e-01 2.510688530690246445e+00
3.370427557293467544e+03 3.611180015851087610e-01 2.197623437142940759e+02
7.334202148018963271e+03 -2.669449474155961496e-02 2.613161738482598029e+00
8.560963432026284181e+02 -4.826918589628799439e-02 9.973155591377920182e-01
1.145978546740223010e+03 -5.060305902607530326e-01 1.467236203587490877e+02
5.257504341531852106e+02 -5.667917231128396516e-01 8.444941462266734788e+01
6.374956296791267960e+03 -1.643407525453911139e-02 8.608703672858076805e-01
1.249600052565970600e+03 -6.881591615198247303e-02 2.958821945801261233e+00
1.097563511973260546e+02 1.929175339261817168e-01 2.042410659237592796e+00
7.417434784231239746e+02 1.915639451895336659e-02 1.360978567737148592e-01
3.151041483367040996e+02 -9.225691199354016936e-01 1.340978926005000460e+02
4.393731580900507652e+02 4.655246054771102759e-01 4.760897238198482029e+01
3.326377863435803874e+02 -2.676772268820171163e-01 1.191693127918388129e+01
6.319945263679852587e+02 -2.302563414749112664e-02 1.675353746098988406e-01
4.151192309217648472e+03 6.318046776348327231e-01 8.285305589617199757e+02
2.595879228942249483e+03 -3.523465293593764508e-02 1.611367068763006172e+00
5.789467675136522303e+03 4.672396686028359308e-02 6.319577617226237010e+00
1.233376709319133795e+02 2.482577623428871075e-02 3.800768522005893574e-02
1.113357080036346360e+02 1.297376563857390551e-02 9.369934963602515390e-03
1.532412710851354632e+03 1.382566915670197516e-01 1.464596764246245719e+01
1.270103429277438778e+02 -8.464494095819420638e-02 4.549996952220016766e-01
2.723719179873625080e+02 1.810569060018322185e-01 4.464394070634425837e+00
4.047156772307119468e+02 4.485075503430570598e-01 4.070610505453002759e+01
5.622044819754146374e+03 3.138728523315137409e-01 2.769311543829563789e+02
3.337519818892922672e+02 1.001231832871533889e-01 1.672873708265454118e+00
1.286035196567337380e+02 2.903090562725644252e-01 5.419310403481269134e+00
8.335541629781700976e+03 6.371257776137058126e-01 1.691820108150497390e+03
3.618267072899972732e+02 3.196889409944492777e-01 1.848952909216832907e+01
9.905982665432711656e+02 -1.325090972541004275e-01 8.696789502939964223e+00
3.645919999552288573e+02 -3.312555363460775171e-01 2.000338207123696677e+01
1.011758116256902724e+02 -2.225681054223513644e-01 2.505950910049112856e+00
7.740847326498859729e+03 -7.010148397347421012e-01 1.902010584753593093e+03
6.585190139813704263e+03 -2.759424055850854055e-02 2.507120543993419215e+00
1.243379786434151697e+02 -6.289401236487599522e-01 2.459191848219755983e+01
1.761585079274386487e+02 -6.788194155836657639e-02 4.058655020318860940e-01
1.773025021999050978e+03 1.791819710181092595e-01 2.846252913156592967e+01
2.139340753293267596e+02 4.603702381586184667e-02 2.267067484922109522e-01
4.477712168748522345e+03 -5.215934019302624902e-01 6.091024630237110387e+02
2.318230798257326626e+02 -1.198910051464503225e-02 1.666095449044034671e-02
1.274791045789902171e+02 -2.921767293454980985e-01 5.441269732430962236e+00
1.519903469977288296e+03 6.685591000387138827e-01 3.396765923124429492e+02
1.257933703277571595e+02 -6.263303073329648529e-02 2.467371885337665827e-01
3.382822145161502249e+03 8.965796728079459266e-01 1.359649433284345378e+03
3.395246028768929591e+03 7.706947195025755371e-02 1.008337737157966174e+01
1.145166991029373321e+03 5.271045510914921239e-01 1.590861447824844106e+02
9.808277138664092490e+03 -3.056485647614846923e-02 4.581497506620891613e+00
4.762116058817559860e+03 -1.569107770481700248e-01 5.862401058374855722e+01
1.028006698127713662e+03 1.389078656274122525e-01 9.917897719956338065e+00
1.205397057524544238e+02 -1.200861317797000637e-02 8.691322044663510327e-03
2.024401543291798191e+02 1.432052878377322314e-01 2.075796489388156196e+00
1.089595827742066376e+03 -2.537425359688654236e-01 3.507696326425319455e+01
3.473797129475030374e+02 -3.640177794511166298e-01 2.301545942255868127e+01
1.461461884231242948e+03 2.456194664720802723e-01 4.408421023642789294e+01
3.548000358728747415e+03 -5.253954881523629217e-01 4.896957527661220411e+02
1.258621732842999108e+03 -8.074647163442553177e-01 4.103102243399388840e+02
3.430070160692486752e+03 6.264858623516058600e-01 6.731247472642448884e+02
3.493290221555989774e+03 -2.025554854036997615e-02 7.166262134129638417e-01
2.627622425370722794e+03 1.088618333550798595e-01 1.556984367316471385e+01
5.119044401164823284e+03 1.128894794572353477e-01 3.261863941234515352e+01
1.051687993231424571e+03 -4.516560004407138007e-01 1.072685694574996802e+02
2.037168156979323044e+02 -1.004214148104021903e-02 1.027187095895684514e-02
1.315227128677383007e+03 1.423587814973814591e-02 1.332721140260548220e-01
3.368079008385158886e+03 -3.946875044230659102e-02 2.623366867257851620e+00
5.481210835315019949e+02 -3.263275982278599496e-01 2.918462524860976615e+01
2.516085122428716659e+03 1.023077076503624283e-02 1.316776422476935993e-01
3.342176024349870204e+03 1.832844685131036488e-01 5.613718779155472305e+01
6.821543722982974032e+03 4.642325745334393433e-02 7.350618672332381642e+00
2.041725342713188411e+03 2.520125775582249816e-01 6.483533458300760799e+01
1.519928343317832287e+03 -4.207069738029386996e-01 1.345093705186627631e+02
1.531109959488880577e+03 1.233236870287911791e-01 1.164312035159490044e+01
4.918523557645237929e+02 1.464968387549162587e-01 5.277901325865438587e+00
1.007220579571520830e+03 1.332803941309693707e-01 8.945963702599531331e+00
1.799722682107730407e+03 2.657009685852433356e-01 6.352751533014985341e+01
4.912815608408090156e+03 1.771726150075326328e-02 7.710697383836567775e-01
3.507407393450924360e+02 4.980151597901900096e-01 4.349520114427137685e+01
1.878896654821341599e+03 5.038894514216609721e-01 2.385302323021014672e+02
2.653143222980696009e+03 -2.819516460660042578e-01 1.054581061785549707e+02
1.167381235977089773e+02 2.421104367902611812e-02 3.421446355522247268e-02
8.020662171428646161e+02 -1.316163618763543756e-02 6.947043087510552939e-02
1.223414786273111616e+02 -4.750403568328567805e-02 1.380399338170782697e-01
2.248812954522761913e+02 2.116628210693298484e-02 5.037470304976929270e-02
1.818839910778790454e+02 -5.021673026876673218e-02 2.293302488891517943e-01
6.036416268918600281e+02 -4.962317658094645562e-02 7.432215758431716113e-01
9.962444866360041487e+03 2.495861217986984903e-01 3.102964456426087736e+02
6.459772151898841003e+03 -6.908341097295158661e-01 1.541468837490984242e+03
4.293295824439136936e+02 -1.305672549410684113e-01 3.659564158602818917e+00
1.346747870958819021e+03 1.754016553930097533e-01 2.071684790293478784e+01
1.024691018532692652e+02 -5.669148583256326812e-02 1.646639818461563542e-01
9.679137160124935690e+03 2.062868668621457152e-02 2.059443150075087825e+00
7.175615156217935464e+02 2.020965033743162692e-02 1.465368129872807734e-01
2.701034870771355259e+02 -2.092809522197716307e-02 5.915066080123569658e-02
1.943060787223624573e+02 -5.471857160452084923e-01 2.908880601387732412e+01
3.261444802014023480e+03 2.405294378631082572e-02 9.434448316474077778e-01
5.496741148742806899e+02 1.209578362207374136e-01 4.021085509634616528e+00
3.288274884956427400e+02 1.050332788462106717e-02 1.813810727356474084e-02
4.358913138910434100e+02 2.565270076628219376e-01 1.434215492919133972e+01
2.020867157628513951e+03 1.066233299330665053e-02 1.148714898657799827e-01
2.955880217778776000e+02 -6.523269678327554555e-01 6.289085535450289655e+01
2.587849292810033148e+02 -5.883686890291801863e-02 4.479278764782411160e-01
1.985752169689081484e+03 9.636105896023929029e-02 9.219304899714385826e+00
5.222418507676765330e+03 7.452244482351901012e-02 1.450159808806580486e+01
7.025958957312967868e+03 -5.841955918859056268e-02 1.198925408274511284e+01
1.250163623200053280e+03 -6.466155583525462491e-01 2.613540065752899295e+02
4.671170509172246966e+03 4.448725231178847495e-02 4.622393255112172916e+00
2.113557781996478752e+03 2.927180744926652367e-02 9.054890631415747348e-01
6.582430211913296262e+03 -2.076374167154965145e-01 1.418951337625138933e+02
5.751289795411255454e+02 8.204652566656034374e-01 1.935778428938953653e+02
2.886445677595542634e+02 -1.626862537782694865e-02 3.819751500773066466e-02
3.829959770168362866e+03 3.861119371614123441e-01 2.854898508750114843e+02
1.063057672015007256e+03 -2.364889280051888157e-02 2.972682015796507260e-01
9.425093613566976273e+03 -8.274979897605699852e-01 3.226930200991620950e+03
2.465679239832925305e+03 -3.762848796544889796e-01 1.745581447737282872e+02
1.772387559270314568e+03 1.770470979762695241e-01 2.777834211645767581e+01
1.609770121691163013e+03 8.310693661184540004e-02 5.559150287480268737e+00
3.797659181607270966e+03 6.496599699816425766e-02 8.014163648791940986e+00
4.125961095636016580e+02 4.439686584237340777e-02 4.066303198298941712e-01
2.779015412837376061e+03 1.367022130514449797e-02 2.596641839003061558e-01
9.711616822963881077e+02 1.389050883088580393e-02 9.369099536975904197e-02
2.548471202805101825e+02 -4.049308191438318882e-01 2.089350969235427868e+01
4.155954261299336281e+02 4.774239876393959053e-02 4.736409410421233979e-01
7.601547634629379218e+02 -4.845946026742719015e-01 8.925430469885911577e+01
1.065005882190199742e+02 2.932814523752514529e-02 4.580271346404112681e-02
1.549838508540600287e+03 -3.971000327055242834e-02 1.221958052125865501e+00
1.640700633612809725e+03 1.094462958857994606e-01 9.826559447111989698e+00
2.171324305683144189e+02 1.021095847833978533e-02 1.131951237427017767e-02
7.403643961449850394e+03 -6.449474430038982797e-01 1.539799521686400567e+03
8.066893286488352715e+02 -1.502499976931086396e-02 9.105530726558318244e-02
1.313814226077612147e+03 5.160029316689843798e-02 1.749074477558098639e+00
3.283557358192149422e+02 -8.747819461623580484e-01 1.256360385997677440e+02
2.548965181216574365e+02 1.560644014994830298e-01 3.104142213107640380e+00
2.487786107040271418e+03 -1.212672400107852877e-01 1.829237218629166151e+01
1.350163367872837171e+03 -4.735697184985970809e-01 1.513994069540009662e+02
1.590108189508338228e+03 -4.140694088122062744e-01 1.363147876083000938e+02
4.387849013760790513e+03 -5.022746838806275704e-01 5.534829632063423333e+02
2.449062382119145241e+03 6.370695191702441251e-01 4.969852563549487172e+02
2.164466669964121593e+03 3.142403978439686774e-01 1.068673250393031111e+02
2.889127552272266826e+02 2.114167767138697696e-01 6.456774435156808600e+00
4.830777221336804359e+03 -8.746097031249365494e-02 1.847632515386215957e+01
5.740577289487281632e+03 -2.942792011007270836e-01 2.485677090418249122e+02
2.477244009219097734e+03 4.087940407877131005e-02 2.069893037035054117e+00
4.409589152695821213e+02 1.743854971670839582e-01 6.704846808175498829e+00
4.793244438469314446e+02 2.053609136823701664e-02 1.010730001818594681e-01
3.089615535801453916e+03 -4.612092703129162807e-02 3.286022256728358126e+00
2.039624978489104706e+03 1.270946367133084787e-01 1.647307874492762636e+01
3.220698683005864041e+03 -2.380948579893729308e-02 9.128935373242103024e-01
6.163446786138912330e+02 -2.556812962157148372e-01 2.014612729686874815e+01
4.434371082696799022e+03 -6.683269732467926882e-01 9.903301850798319492e+02
4.120030902014538697e+03 1.194437384976660826e-01 2.938984216910911940e+01
1.567637618386775785e+03 -2.899313779866640600e-02 6.588796895378067342e-01
4.874346015562502544e+03 1.388009156681130063e-01 4.695382985678335785e+01
7.297910448845691462e+02 -1.229118367578073759e-02 5.512593283682909462e-02
3.589416376793890322e+03 -7.876668667943147462e-01 1.113471226526695546e+03
5.384767413057995782e+02 3.369432391862653420e-01 3.056683318871804289e+01
2.137696008872501636e+02 -9.186391986936166820e-02 9.019986690666070839e-01
4.581268717825149110e+02 -6.109868208733211514e-02 8.551050194806623095e-01
1.680490152154213206e+02 1.244138739699964108e-01 1.300599559695871488e+00
2.333976114102432575e+02 3.110721988430669577e-02 1.129246646758600148e-01
1.107548232691471668e+02 7.554795817072141872e-01 3.160662437408106840e+01
2.471356474394752638e+02 -1.485113147536504599e-02 2.725363803870087948e-02
1.261977586209157607e+03 -1.962596688924409527e-01 2.430433650130686729e+01
4.794581744750355938e+03 -5.149418713371867184e-01 6.356779478738428679e+02
5.106312695985373580e+02 -1.753459823538994558e-02 7.849989024486847544e-02
2.686350513849381514e+02 4.839313568189353432e-01 3.145576198869924056e+01
3.835787869429944976e+02 6.559503338457516319e-01 8.252138352266393895e+01
3.840713503876272057e+02 1.722270548118160494e-01 5.696192617807415814e+00
1.472766049914319183e+03 -1.531296198960276911e-01 1.726721027011335607e+01
1.364137389101436781e+02 8.709170951021784346e-02 5.173467766033438275e-01
1.599822380818110616e+02 2.264219327010182914e-01 4.100896029477884674e+00
8.279021632652402332e+03 1.063287390402930244e-01 4.680048447487664731e+01
5.689666749465100111e+03 2.077351778726041487e-02 1.227656667069778162e+00
2.103875653220256027e+03 7.309747302266254021e-01 5.620756864159759516e+02
1.164484154562864660e+03 1.346201256519430900e-01 1.055172759464775289e+01
1.090562003524721376e+03 -2.221040829574657052e-02 2.689883377796326025e-01
3.916575186522694366e+03 4.197112019185464948e-01 3.449670330330807246e+02
3.236744993867474932e+03 -1.041317639299489256e-01 1.754869959361285936e+01
6.277139361921102136e+03 -4.174040613774677722e-01 5.468209134466665091e+02
2.749839610254445574e+02 -1.425208870788230615e-02 2.792765053932936420e-02
6.628936521052238277e+03 -3.096019190096284124e-01 3.177028804545130356e+02
1.198557215937059482e+03 -9.560160808468872728e-01 5.477207197745076428e+02
5.290598069669279539e+03 9.459498949214865948e-02 2.367069666502396075e+01
1.705809792483501894e+02 8.265091814371792189e-01 5.826341981963293648e+01
5.236666008064159541e+03 7.289848132284182380e-02 1.391431534650874546e+01
3.354319036523077671e+02 1.098397573239628666e-01 2.023454768013269067e+00
1.870331597576872355e+03 3.362063599697462379e-02 1.057062009316839468e+00
3.439007959325511820e+03 1.355236383614526474e-01 3.158153903895005143e+01
2.371768670065034428e+02 3.174231804222588105e-01 1.194867117965630854e+01
1.345620988927268797e+02 1.581971761366424700e-01 1.683798858858622571e+00
7.868371222565060634e+03 -1.117093720735174225e-02 4.909463854502976732e-01
4.078301048661846380e+03 6.172496675789788945e-02 7.769105425270554477e+00
2.858256045737796285e+03 -6.332470408515715743e-01 5.730829306766089530e+02
1.015544234331278943e+02 -6.038884600610710390e-02 1.851749816730793585e-01
3.021159844102076477e+03 -2.220292787577606008e-01 7.446705936250684488e+01
2.954362955835383673e+03 2.232505254187323526e-02 7.362390232038983351e-01
6.275045718730992803e+02 2.671930888567693868e-02 2.239944923534030741e-01
8.427757232654962536e+02 -2.457089665733948602e-01 2.544040565328717562e+01
5.042268360536018008e+02 -3.754860787562180335e-01 3.554541920999613325e+01
4.965420454852466719e+03 -3.126720380609357419e-01 2.427191945364719174e+02
5.895744343961346203e+02 -2.910278789674625860e-02 2.496765965607275206e-01
6.087827581233004821e+03 -5.179871111618801205e-01 8.167144795765102572e+02
2.343518633420610968e+03 -2.800020878478992267e-02 9.186730045012333479e-01
3.140736774914011562e+02 1.077531337252181365e-02 1.823313563952171784e-02
2.505662554807505842e+02 -1.947987323602001081e-02 4.754061986003199625e-02
4.757546331931515851e+03 2.705285798465982827e-01 1.740922090599529781e+02
1.062330578465801864e+03 -1.516583036801681487e-02 1.221692970310642862e-01
7.190811823485052628e+03 6.509947643226926539e-02 1.523712111551496839e+01
1.501051426710595251e+02 -9.923729637990181818e-01 7.391207991267785360e+01
9.872301013035361393e+03 -2.031806240899864530e-02 2.037759718687728761e+00
2.971830645351429666e+03 -4.498107581719172354e-01 3.006448284572940111e+02
5.457175846188258674e+02 2.836767806332142830e-02 2.195763349450417234e-01
7.510602961033788461e+02 -9.018736090368899283e-02 3.054472122091901998e+00
3.306572625087753750e+03 -1.758932110278990379e-01 5.115006910468677859e+01
9.004137229207110067e+03 -9.410909779230657302e-01 3.987267102410883126e+03
5.064602295908985639e+02 -5.398266046608344443e-02 7.379448745258213593e-01
5.469058210642770973e+03 5.530146356975157440e-02 8.362878758003354562e+00
1.868476581217150851e+02 6.349087063262552899e-01 3.765999241590420610e+01
5.459981701097921132e+02 -2.009711074433340738e-01 1.102626543130003967e+01
2.855821350544453253e+03 -8.242231846358345770e-02 9.700423471490980276e+00
5.240208648043480025e+03 -2.333224181836250355e-01 1.426367784989017196e+02
9.370031920309327688e+03 3.772549381306801175e-01 6.667775073613355516e+02
4.049656050734090513e+02 -2.964688278818251171e-02 1.779697604607564376e-01
4.613728435933905530e+03 4.124242469371529329e-02 3.923832074016221139e+00
6.815601403424674572e+03 8.877074414216309939e-02 2.685430449366797134e+01
5.720743264615234693e+03 5.742628321412711345e-02 9.432870651686490859e+00
5.035903607372777060e+02 3.291303092690694432e-01 2.727615619369946032e+01
6.174451615102694859e+02 1.296245128920891533e-02 5.187315590995281167e-02
2.978260374686587966e+03 1.300363222545049269e-02 2.518036515779078499e-01
4.326339084768589601e+03 -1.240337167183074712e-02 3.327898521740076943e-01
3.559348204946739429e+02 2.349187590267655945e-01 9.821456030073253629e+00
3.199939331305644714e+02 2.481731411644789304e-02 9.854198450305924617e-02
2.567720460757535079e+02 1.193376885652812081e-01 1.828407481632941645e+00
3.622090429716827202e+03 3.205893092882724504e-01 1.861347090417532115e+02
5.036599191761144539e+03 -4.639842590287284740e-01 5.421430440517660827e+02
3.519898665367783224e+02 -1.756326415135764096e-01 5.428884866064282555e+00
2.382730092178139500e+02 2.265509767829314292e-01 6.114722210832078453e+00
5.225088749526176798e+03 1.033796180191909504e-02 2.792116416285752023e-01
1.995347246530451173e+02 4.112310576357338654e-01 1.687175669083067930e+01
2.064564891209222424e+02 3.818718450209678816e-01 1.505337293550319089e+01
3.299461420472719055e+02 -1.709888562257954464e-02 4.823348849741670302e-02
2.124036328694003259e+03 -4.408221178200934925e-02 2.063757659831764624e+00
4.425469226052995509e+03 7.840940240685305707e-01 1.360396848753635368e+03
4.632492236283336524e+02 -9.401562116832612448e-01 2.047315356956553387e+02
2.284858213481082203e+03 1.341855830738797883e-01 2.057031654254774367e+01
6.032298188306016300e+02 1.875882434428154111e-01 1.061363233453259980e+01
3.142959553265303612e+02 -6.453778346757270412e-02 6.545410482383887674e-01
7.014633947205505137e+03 3.419869963310812749e-02 4.101986272292605484e+00
5.007973939602286009e+03 1.078446273171358369e-02 2.912252941024044972e-01
6.132305533469652801e+03 -1.995391072935318311e-01 1.220814950091203315e+02
1.425347833942917077e+02 3.076113367371476337e-01 6.743658017081300748e+00
1.402340238455268207e+02 -7.291503789476320996e-02 3.727842984941193705e-01
1.347888981975481784e+02 -4.085971231025016248e-01 1.125161171522388592e+01
1.152422889085185489e+03 1.405170427621885709e-01 1.137731762142396619e+01
1.468839983676032546e+02 1.127930916796047456e-01 9.343497897896307913e-01
2.791607702521285432e+02 -1.512110588881974450e-02 3.191475402618349638e-02
1.619327732203425967e+02 -8.300756522797810844e-01 5.578791218341556402e+01
1.416654538944439423e+02 3.413903302667700701e-02 8.255367157276551071e-02
2.783103800929946374e+03 -2.874487337787346442e-01 1.149794451557319519e+02
1.419759992572962801e+02 1.360701613438409889e-02 1.314349117436552916e-02
3.127776289997315189e+02 2.838181948230717247e-02 1.259755184726081556e-01
2.223817417092870983e+02 -5.248880306573599358e-02 3.063391270617291107e-01
4.853273211914023705e+03 8.089592496356236007e-01 1.588027558457695704e+03
5.942329081633058195e+03 1.360485025049684715e-01 5.499386396361591522e+01
1.916917640389154258e+03 4.640852989805068635e-02 2.064282262861621753e+00
3.436007399401818247e+02 2.045992531735998585e-02 7.191710273045776036e-02
5.001278291521044252e+02 -2.348557371340188535e-02 1.379282966634853835e-01
1.638936470351784010e+03 -1.208060234139946565e-01 1.195939751382760008e+01
2.690916151839339818e+02 -2.674651549221114186e-02 9.625085389222801102e-02
7.060674291720127258e+03 1.182918787548663253e-02 4.939989675655319101e-01
6.591052334738466925e+03 -7.885460040065999099e-01 2.049173990828610840e+03
6.397753339190679071e+03 -3.376504982471081884e-01 3.646970801985179946e+02
3.178269005738414421e+02 -9.608775839919272976e-02 1.467225211803435236e+00
5.338477833575370823e+02 9.597163959716930037e-01 2.458517347135855289e+02
2.110383967312479285e+02 2.151861442023275117e-01 4.886074569070046003e+00
9.975591730823096441e+03 5.926304851735477580e-02 1.751768234790799283e+01
1.380312898033115971e+03 1.034124959404021660e-02 7.380632666831614397e-02
8.364808537219394566e+03 -2.934559124249327966e-02 3.601734840965583384e+00
4.982988651459497760e+02 -1.600187678272635972e-01 6.379721879550668717e+00
5.283805449419256547e+03 -2.884855025731009048e-01 2.198694090572076618e+02
1.246120441050153886e+03 -1.098491636708441993e-01 7.518367218337677294e+00
1.039478822121135551e+02 2.015663949175127562e-02 2.111649854018959882e-02
3.405885032315683816e+02 3.984828176427315793e-02 2.704077830176161434e-01
2.322362847884813164e+03 3.888036889602798363e-01 1.755338317760345888e+02
1.196860127256557433e+02 -6.359422362574168597e-02 2.420185990776257956e-01
1.003038278919808931e+03 3.057670979116519083e-01 4.688878877534708067e+01
1.496565927958411521e+03 -8.953442594859246928e-02 5.998545601841199115e+00
1.898193489152946995e+03 -2.467188538630185266e-02 5.777170187708321469e-01
3.122071253910195878e+02 1.332754100949705700e-01 2.772763765297801442e+00
3.761334738680524765e+02 -8.254195020969409269e-01 1.281331316664231394e+02
1.315152837451048299e+03 3.457831704891858871e-02 7.862378273467330869e-01
6.462766140929015819e+03 1.465193320609701859e-02 6.937105601503621433e-01
1.699037831657697666e+02 5.971555130684202961e-01 3.029339487008550691e+01
2.399479507031056073e+03 -2.342715415890247663e-02 6.584550309000065660e-01
1.538734541312896454e+03 1.201587056842101306e-02 1.110821278607014018e-01
3.164607278034696719e+03 7.280258474190921814e-02 8.386551610435505566e+00
1.255475233135063746e+02 -1.001657032791635898e-01 6.298197038133004355e-01
1.946887217491923593e+03 -1.958619964046460701e-02 3.734316743540148087e-01
2.817407576080467152e+03 3.463321968478070417e-02 1.689683712810263971e+00
5.403327559627999108e+03 2.325538318495762591e-01 1.461094480611988615e+02
4.050312047579220120e+02 -5.458109483425638286e-02 6.033134034278836433e-01
7.830644987497712464e+02 -1.917179416506618328e-01 1.439106897310366584e+01
6.244428446990677912e+02 5.169582287672653820e-01 8.343986700575628390e+01
2.629081954198731182e+03 -3.756608582581284078e-02 1.855094429541338741e+00
1.906068355679792603e+03 -4.905599494702226476e-02 2.293467828802701280e+00
5.346984974924151857e+02 -4.681694162840143586e-02 5.859830407483088699e-01
1.893687866636862509e+02 -1.205047166016570866e-02 1.374948692227599516e-02
9.945578101754805402e+02 2.319605944411878146e-02 2.675644822295906722e-01
1.201221876251377580e+03 6.595431322552101072e-01 2.612640423224188453e+02
1.336470781670647057e+03 1.234423314418363615e-01 1.018257702783217411e+01
1.256257419801365813e+03 1.314317344191665016e-01 1.085048428374817320e+01
3.010841877597059693e+02 4.863397981607502918e-01 3.560717940472655840e+01
1.505212057073454844e+03 5.105090312319735535e-01 1.961437850056291836e+02
6.250855310581993081e+02 -2.512886635791582446e-01 1.973582311033966974e+01
1.081940399150888879e+03 -1.348292361287636160e-02 9.834255557429819050e-02
3.500054921373593061e+03 3.732779967850997221e-02 2.438426363217862214e+00
9.295430581434353371e+03 -4.581537664245421970e-01 9.755780910403948383e+02
1.618236427953734164e+03 -1.493400593492970677e-02 1.804532120280093466e-01
5.339699486534276730e+03 7.664422112995581404e-01 1.568359615045875216e+03
2.210620536067964622e+03 1.621887291763373651e-01 2.907538983606147198e+01
1.653292402669241937e+03 -1.726169533537096762e-02 2.463125660612614787e-01
2.010883075918451141e+03 3.664068977944405781e-01 1.349845630687935056e+02
9.883726651861279606e+02 -2.155722973545918034e-02 2.296553834038021769e-01
1.152331550810293720e+03 3.617423580982003783e-01 7.539563233870536862e+01
1.072093733362902867e+03 3.400119319320061423e-02 6.197136719553375528e-01
2.474588824444736929e+03 2.171048352795417746e-01 5.831926522936603163e+01
5.418455221961451116e+02 -2.265235452120622495e-01 1.390183702777667563e+01
1.952344917036669472e+02 -2.263187998159343906e-01 4.999974773017622276e+00
1.260454162510546212e+03 -8.993225218705884760e-01 5.097156879608602367e+02
2.749046011594756465e+02 -3.062438264916583219e-01 1.289100267028934610e+01
5.885888533451673084e+02 2.091586719652612503e-01 1.287460130384390666e+01
9.325339521371262890e+03 -3.285630166784948014e-01 5.033522470550165622e+02
1.448231149394303259e+02 -3.432953054977949670e-02 8.533822741711739879e-02
4.328745124972792837e+03 8.821345207266964583e-02 1.684230994304763840e+01
5.152562744730414579e+02 9.634587798151041105e-02 2.391440450049223898e+00
9.567275470683011918e+02 -2.506735986190024648e-02 3.005906548493550989e-01
1.263408559865347627e+02 -4.190541042191047727e-01 1.109312779907809521e+01
2.478616610657893204e+02 6.114565243336774758e-01 4.633514504582242211e+01
7.594181030700387964e+03 3.622538867590230360e-01 4.982841326956315697e+02
4.358143672499747481e+03 -1.530621324680251152e-02 5.105133070698139042e-01
2.267904959121286481e+02 -3.220949989092630750e-02 1.176421135406239410e-01
9.277290155002547181e+03 -2.828657811122379379e-02 3.711521410946523325e+00
1.506421201034846433e+02 -1.946363886516514763e-01 2.853412105947094268e+00
2.402170313878659158e+02 3.673003950733379486e-01 1.620378943323950693e+01
4.850182145047638755e+02 6.511009712541145078e-02 1.028074859912930350e+00
7.185414469414347423e+02 -3.344483253203770629e-02 4.018647190768242505e-01
6.297863486625175028e+03 1.725573085457485500e-01 9.376266946999578522e+01
6.751975734214210206e+03 1.110293130865051547e-01 4.161751867008231187e+01
3.141131362203694152e+03 -6.708211542303677000e-02 7.067561599852221654e+00
1.111861225722257586e+03 -2.726382423707362501e-01 4.132321817104133999e+01
1.792474067255704085e+03 -8.719711887605396949e-02 6.814392682776037269e+00
1.401406591931869798e+03 1.976656715484327240e-02 2.737768137753168740e-01
1.035898337106540794e+03 -1.800349092137897705e-02 1.678806292369899034e-01
2.618400290596483501e+03 5.900724064642566269e-01 4.558444350152162770e+02
6.300135414987901186e+02 2.170421848213141269e-01 1.483912159927361785e+01
4.043936744267093673e+02 -1.426780696562552075e-01 4.116127396653321391e+00
6.495670181383442241e+02 -2.847932527035884620e-02 2.634227998275531779e-01
2.389660090653167970e+02 8.628941719162706858e-02 8.896541446225727512e-01
1.053427039739223261e+02 -4.209090220158245299e-01 9.331488725535413309e+00
2.902713822017087296e+03 1.252460255458317795e-01 2.276680730212261849e+01
7.756886732651998955e+02 1.658466227275607469e-02 1.066769814397344196e-01
1.049746690963395167e+03 1.532056559138674223e-01 1.231981299566469978e+01
8.957930454901355688e+02 3.502529691241341725e-01 5.494666549242528220e+01
4.496484731624984306e+03 1.735641507165783595e-02 6.772720955500998175e-01
1.031961638182201284e+02 -6.263079080513587193e-01 2.023994594409057157e+01
1.401859245310073675e+03 -9.913261750338008271e-01 6.888228755420333300e+02
3.388077146906609869e+02 1.420706598394206634e-02 3.419259719330471764e-02
8.068442275730027177e+03 -3.114268853231674100e-02 3.912658150078848429e+00
3.210697485566272007e+03 -1.423619883711153833e-01 3.253549979900218858e+01
6.852970087115670594e+02 -3.752894252269355080e-02 4.825935296850550893e-01
2.333939723487323761e+02 -8.480210716977752972e-01 8.392144006789303035e+01
5.947054690745746939e+02 -1.673947445555349911e-01 8.332121124576797655e+00
8.911324843641021971e+02 -3.215599461880556675e-01 4.607190544569435531e+01
1.723482623486199600e+03 -4.026507924914617814e-02 1.397121029962896666e+00
1.836327419600379471e+03 1.507831639801326951e-02 2.087496844599170120e-01
9.197949978915061365e+03 5.969087910252399154e-02 1.638615270731076023e+01
1.232816572688379892e+03 7.716464450519537610e-02 3.670330627760050479e+00
6.925300696111252137e+02 2.900488922329058639e-02 2.913070946389996196e-01
7.574099209800921244e+02 6.897513571647645447e-02 1.801715111624562882e+00
5.499369851493231636e+02 -4.104131761047506710e-02 4.631541107967431237e-01
2.963944980946654141e+03 -3.556052693292723055e-02 1.874029907056162791e+00
1.977232594730971300e+02 -2.204673822243639891e-02 4.805255189291349205e-02
1.311601647232089817e+03 4.368004227334255085e-01 1.251232619205065788e+02
8.112716965060265011e+02 -2.737560959595448234e-02 3.039932402454397775e-01
9.672851357295694470e+02 7.155810491625771985e-02 2.476521937991072342e+00
8.939274487252841936e+02 7.971368639939969691e-01 2.840128989064214693e+02
2.814056144979665532e+02 1.997130909508392643e-02 5.611976308707704308e-02
3.688070208996770702e+02 -1.270276311447580686e-01 2.975538561977015828e+00
6.614926558235742959e+02 7.496235188768408941e-02 1.858580767061957850e+00
1.545655144416891460e+02 2.746188291826399674e-01 5.828317880874550383e+00
1.560651529484299260e+02 4.027651024632961790e-02 1.265842331223562545e-01
1.982894356131207019e+02 -4.303322467477394692e-02 1.836019810545057029e-01
6.578445371093689573e+02 1.821632610850272282e-01 1.091477686590854290e+01
2.079858895635982208e+02 -1.330996435598122696e-01 1.842288585213220919e+00
3.483299340890004601e+02 1.166164825961669843e-01 2.368539751766774337e+00
3.772035908657692744e+03 4.542763403306820241e-02 3.892118547035344545e+00
1.700564590604800230e+02 3.759780856027483131e-01 1.201954978541678720e+01
1.694342562628302176e+03 2.180382444128358896e-02 4.027509542402240572e-01
4.322500403597625336e+03 5.035528100577572191e-02 5.480183421967072199e+00
6.466257306175112717e+03 -2.135040547714807113e-01 1.473788763986412107e+02
8.714693141591417316e+02 3.368278562925719477e-01 4.943540613012881124e+01
2.235457958276943771e+02 -2.948184668361027855e-02 9.715068736549203887e-02
3.437584291260004647e+02 2.770408932379469016e-02 1.319201444011171565e-01
1.078204621469227959e+03 -7.390851076293678545e-01 2.944829101272301273e+02
1.269310012300194330e+03 4.351987700175535129e-02 1.202023694501069384e+00
3.758824677634114551e+02 1.637721659789059536e-01 5.040832416689401185e+00
3.577091648595619517e+03 -2.683830656300909001e-02 1.288280076464452195e+00
1.996931434818952482e+02 7.311948717564152600e-02 5.338256425243034231e-01
1.041505077226915716e+02 4.702370158275824552e-02 1.151502860320399724e-01
6.188381768603271667e+02 1.163671509639878227e-01 4.189940979406571842e+00
7.490754470294163184e+03 2.178916637005052781e-01 1.778184401865980817e+02
4.018172164359033104e+03 2.260214170609593787e-01 1.026355306359804729e+02
3.237461933409233097e+03 8.463971381343474709e-01 1.159639626645149065e+03
5.772791518854596688e+02 1.320340285382620542e-02 5.031849308927276165e-02
7.853086890159161157e+03 -1.760988180721558688e-02 1.217652288331511512e+00
1.303448806738608141e+02 2.161455872871645978e-01 3.044785694168383294e+00
2.257693196551592791e+02 -4.699121813815878568e-01 2.492690365411720066e+01
2.393467650348413372e+03 1.441514567115942565e-02 2.486770102135828497e-01
1.129857901399483126e+03 6.745241514243252579e-02 2.570329732211471097e+00
2.498750504062710661e+03 -1.724499730959870233e-02 3.715516215040407522e-01
6.211219622744234584e+03 -5.131055937053203841e-01 8.176367221779240708e+02
3.882422298565975893e+02 4.324379314529237794e-02 3.630114632669930730e-01
6.232932577521004305e+02 1.938067539286980334e-01 1.170577706169852839e+01
2.613394577351965381e+03 -6.765601794412421377e-01 5.981193538948424475e+02
1.444563095619535943e+03 -1.483512040773177568e-02 1.589602990701031171e-01
4.654826253615591668e+03 -1.761530003927061216e-01 7.221934898177346440e+01
5.296659928093155258e+02 -1.537785863731729388e-02 6.262731934558998792e-02
1.259961638521636189e+02 6.784129003607176911e-02 2.899449321054402562e-01
1.534401132120789839e+02 -1.525006121853240693e-01 1.784235141375236644e+00
9.746621161765233410e+03 -7.921507721367760935e-01 3.058016257955939636e+03
2.097802479496178421e+03 2.663028685749992408e-01 7.438515768172985076e+01
7.699250189734780179e+02 1.946508497253499753e-02 1.458582654373220544e-01
3.142630446371885569e+02 2.305266046524974410e-02 8.350364352907849175e-02
2.592759302676997777e+03 6.554542778165204364e-01 5.569510280849921173e+02
6.531608669231618478e+02 -3.781313688202805889e-01 4.669555857039408409e+01
1.921111213027274289e+03 -6.579652038740389786e-02 4.158420133057207480e+00
8.858676950676312117e+03 -4.924046980953344366e-01 1.073947978260787750e+03
9.324794936223674085e+03 -1.516105689780942734e-01 1.071687707942312073e+02
6.457994075864510251e+02 -6.064381566201907520e-02 1.187519321520533300e+00
1.513066421547880793e+02 -3.343118520599248911e-02 8.455349129728526036e-02
1.077892867680455140e+02 -6.373305946817334200e-02 2.189148065946564803e-01
4.427908027945504728e+02 1.293785228661371509e-02 3.705893827334509616e-02
2.047284061431477653e+02 2.057253639008611301e-01 4.332352525329699056e+00
1.521968844468729458e+03 1.060238654371344763e-02 8.554271581539416025e-02
8.514402837166427389e+02 1.375599830817668956e-01 8.055795365408927822e+00
1.366124229516629612e+03 2.505228244596530499e-02 4.287012967482131676e-01
1.820515835866591260e+03 6.510957093328720857e-01 3.858816546881058684e+02
8.437173108458428032e+03 9.648776921234742954e-01 3.927457511987511680e+03
1.307166665710409745e+02 -4.678726634719892336e-02 1.430725478625653468e-01
1.603879453786505110e+03 -2.905447873777298184e-01 6.769676329377870161e+01
8.727612641116065788e+03 1.671442050093291734e-02 1.219124656519747996e+00
7.957361180117186450e+03 1.906547115878493362e-02 1.446219323005933477e+00
1.014134655104006129e+03 4.717185729190663257e-01 1.128318165226159095e+02
8.371243221664466546e+03 -4.279894036934293600e-01 7.667009442055713180e+02
1.335563011316054940e+02 -1.182354282681939706e-02 9.335329353398138727e-03
2.436202737305458754e+02 9.767621566083166396e-02 1.162147042502814864e+00
3.555584491435826635e+02 -1.257859584936027175e-01 2.812841976513196673e+00
2.631746509279394672e+02 -6.877715200954284680e-02 6.224470833171802386e-01
2.069334654152392545e+02 7.130715337558464206e-01 5.260983431434516433e+01
6.240348148844639127e+02 6.657287798662651912e-02 1.382844950907982984e+00
1.408725469201510236e+02 3.686895764067621428e-02 9.574543788181283377e-02
1.125756693138702218e+02 6.533403109166546763e-02 2.402666271318757429e-01
1.738662098864762129e+02 3.418723796698499434e-02 1.016045651127310268e-01
5.275974952531799318e+03 6.900882132189685436e-02 1.256266991384178944e+01
2.489156330208451777e+02 -1.072436395648958679e-01 1.431414018601558036e+00
5.986993602928289874e+03 2.592043362309818244e-01 2.011237340916754874e+02
3.875304447352507850e+03 -5.392523740399882137e-02 5.634559412319898541e+00
1.786733134367067919e+02 -8.124326184502979331e-02 5.896637077347913758e-01
4.557941152585696727e+03 4.568384401271499695e-02 4.756242595333135093e+00
2.702664023617687690e+02 6.372757724724967821e-01 5.488035109257364752e+01
3.369554831504893173e+03 -6.270551039185293662e-01 6.624512844412441837e+02
4.433939159567722527e+03 -1.439394505543998282e-01 4.593242928598753139e+01
5.255679410432774603e+03 2.742601568110791810e-02 1.976625119830923927e+00
2.274424759506674150e+02 -5.012444488426752720e-01 2.857200587154691718e+01
7.797569977622665647e+02 -1.695629129672842489e-02 1.120962341772497456e-01
6.362839766761158899e+03 -1.083555811367657162e-01 3.735283439805363770e+01
1.076004779021791222e+02 2.951928213080077731e-02 4.688088356157461140e-02
1.821605609174395113e+02 -5.916832565176407543e-01 3.188621123155968107e+01
7.176568815045075098e+02 -2.796942682074430309e-01 2.807074834841272448e+01
1.119785010832050148e+03 -1.477792405660397768e-01 1.222732666527942946e+01
1.047603935384471015e+03 -1.896897808938248498e-02 1.884755395851275273e-01
1.981179976575974138e+02 -2.632690439455198650e-01 6.865837604102666525e+00
1.651961885039421304e+03 1.443035932775076774e-02 1.719983648513711272e-01
2.520715613520188526e+03 1.653666926247263080e-02 3.446592485218580304e-01
6.554993760712116455e+03 7.357125292653496906e-01 1.774020325462000301e+03
2.100003702598711186e+02 -2.420844079292355511e-01 6.153521208571154588e+00
2.004107170634410977e+03 -4.240940784638405625e-02 1.802251365922887594e+00
2.020825291415698359e+02 -1.859283380449616718e-01 3.492930524965971006e+00
1.242147312290138501e+02 9.218898567572800240e-02 5.278386428144566933e-01
1.140473366124567292e+03 -3.907182511748182319e-01 8.705276074085857374e+01
2.328667141026326135e+02 -4.825153344702051705e-02 2.710813621071687107e-01
6.910149972536773930e+02 -1.686568042115688948e-01 9.828001432492268208e+00
7.769945048822631179e+03 4.284493651161815075e-02 7.131599714875126672e+00
2.009078150150118915e+02 -9.001469423309353679e-02 8.139423692646275965e-01
1.950633421505061733e+02 1.157431189646348918e-01 1.306580065393444956e+00
3.172379711822490208e+03 -7.904237593246914162e-02 9.910033910420715131e+00
1.957412589114524337e+02 -4.175004439743204565e-02 1.705949868804505221e-01
1.097262336655584534e+02 -8.705358056048845272e-02 4.157705786122443681e-01
2.997250096962784482e+03 4.138360570489788559e-01 2.566549485857988770e+02
1.145705640308251759e+03 -5.904878394271376868e-02 1.997399660534604715e+00
3.156924440817079358e+03 -9.955165276236144223e-01 1.564339966380874330e+03
1.285273155588403142e+02 4.022955427844737003e-02 1.040053986385906098e-01
1.010342196075870618e+02 1.004853425355981961e-01 5.100866181484603468e-01
1.438931566291374565e+03 1.405293685758446029e-02 1.420837248789341700e-01
4.408292753367026648e+02 7.411538457459779794e-01 1.210757492866192706e+02
1.360213435897357783e+02 1.423205265487522686e-01 1.377565153460442060e+00
4.029391713679937311e+03 3.154445993657133129e-02 2.004729061120827271e+00
7.272311731920806778e+03 -7.382626945729822698e-02 1.981820599242434966e+01
2.276424492688209114e+02 5.051514567624821872e-01 2.904467180747951005e+01
6.619687329034964023e+03 -5.511712440918219852e-02 1.005496547322799827e+01
5.123306918947000668e+03 1.333308007802926354e-01 4.553877595642342868e+01
3.303874480956100683e+02 -1.747314096957081758e-02 5.043540414750250639e-02
6.620436173188309112e+03 2.411149774765060025e-02 1.924442698997022028e+00
5.722399327779283340e+03 2.632020623843780438e-01 1.982105384467130307e+02
7.345408077405810445e+02 -1.067884375232048683e-01 4.188267356282601384e+00
5.954258033829459009e+02 1.361670443349362845e-02 5.520033038006558895e-02
1.645548464957431634e+03 -1.153001806536106330e-02 1.093806897200334666e-01
1.449317205532832077e+03 7.948223529350278982e-01 4.577976900590856530e+02
1.709604256614529049e+03 7.967313310674233318e-01 5.426119907341569615e+02
1.794974984098665232e+02 -6.738822977042457918e-02 4.075646425879149715e-01
2.838002223265897328e+02 2.873717755388279296e-02 1.171847123384938683e-01
2.296468923189556335e+03 -1.349058800999267636e-02 2.089740387181143466e-01
4.836187102835359042e+02 3.665290125681854860e-01 3.248551922635540024e+01
1.428321317656520705e+03 -2.560100297985163850e-02 4.680690040721957046e-01
3.113481096058986282e+02 6.118084207344156589e-01 5.827028441634697487e+01
3.587551749680181729e+03 -8.975035549744464491e-02 1.444909124710759407e+01
3.041866692584448629e+03 2.455854808727173655e-01 9.173087938630280291e+01
5.049365388558891027e+03 -1.182924616286600526e-02 3.532815376464037982e-01
4.284958741551606636e+02 -2.735113799502046916e-01 1.602756143658514532e+01
9.369315211548442676e+03 -1.089034167044512919e-01 5.555982450617147350e+01
1.834458068530269202e+03 2.831430557390392927e-02 7.353424251689025803e-01
6.492358213173034756e+02 -4.569640946730946784e-01 6.778547330349154265e+01
9.546544291258400335e+03 -2.432085779134185721e-01 2.823410157713875037e+02
2.978943111826804397e+03 1.265975962010280897e-02 2.387168818450462748e-01
3.928634257314878369e+02 -1.987122332312654671e-01 7.756410972973359463e+00
1.322766041312391962e+02 -2.312748069810167950e-01 3.537607904623359723e+00
6.277243807190814096e+02 4.355828743773398903e-01 5.954983934215719898e+01
3.186098089942880051e+03 -3.805431399439775375e-01 2.306943409574050747e+02
2.075138674312722458e+02 -3.755091302283768834e-02 1.463046504248729507e-01
4.386013010420051614e+03 5.211760415865048790e-01 5.956742216222473871e+02
3.926077152721216521e+02 -5.669056776341320492e-02 6.308853566660287404e-01
4.394542362470947978e+02 -5.800522336906205334e-01 7.392951663989413191e+01
1.636140320200217730e+03 4.067152573645631541e-01 1.353229575631824275e+02
1.847462278841790521e+03 -3.990154782367236197e-02 1.470703309361870437e+00
1.554623135234912468e+02 1.502664461012071309e-02 1.755169894646532031e-02
5.235921928637179008e+03 2.108749292089073524e-01 1.164161053949955260e+02
1.627563666510746543e+03 2.842892267214279164e-02 6.577014433010489602e-01
1.177144165875607200e+02 7.291639188326343168e-01 3.129320171382051186e+01
9.705086059966997709e+02 3.736793804308398415e-02 6.775910541371997775e-01
5.360798253950351864e+02 -2.961303960715221950e-01 2.350528074858777927e+01
5.749397308127149699e+02 -8.675256941465007143e-01 2.163500593060685731e+02
4.154172020888547195e+03 2.415809295302170923e-02 1.212215343151000102e+00
3.099366377489274100e+02 5.387988946197159734e-01 4.498796140537998411e+01
2.173221840729873747e+03 3.195923365998586813e-02 1.109856370670853298e+00
3.686179844612466241e+03 1.002259822904867093e-01 1.851429448241354692e+01
7.152766814930338114e+03 -6.419469478248742700e-01 1.473812881184521075e+03
1.336331782367698679e+03 1.992429853552705743e-01 2.652469400807060040e+01
9.872723282224565082e+02 2.693765330748031789e-02 3.582007470196053034e-01
6.550588295031828238e+03 -4.185272694215778078e-01 5.737171458138129765e+02
3.991724287160812423e+02 -5.720615180575671505e-02 6.531546292457030001e-01
4.168107563423910733e+02 1.103838573837711140e-01 2.539335331182958289e+00
1.670929720182968140e+03 3.340947764136598802e-02 9.325401925558913785e-01
6.932638828673974558e+02 9.200958820341127720e-02 2.934504322433613588e+00
2.711688756437670691e+03 -4.789907844344342552e-02 3.110743200099468364e+00
2.501635345904015537e+02 4.186742247033940767e-02 2.192534613821724154e-01
8.039732165695884760e+03 3.283195848009649587e-01 4.333164386188116737e+02
1.277003057894207387e+02 -1.508372513786533087e-01 1.452710787002924109e+00
2.518246429803636602e+03 1.477166196686158228e-01 2.747432002920696448e+01
3.389043707176130056e+02 2.807943904203988664e-02 1.336054053392066732e-01
4.527605154308203964e+03 6.658609411363477504e-01 1.003703943672016408e+03
7.136020770973773324e+03 1.051375264873878612e-02 3.944042813008995507e-01
9.950051667432262548e+02 1.070132109493649869e-01 5.697313674878022205e+00
8.615402423465118773e+03 5.966487766237453805e-01 1.533497531917196739e+03
1.027498336213711525e+02 6.686311262359490026e-02 2.296805988391783515e-01
5.421184176553250609e+02 -3.442572494431254959e-02 3.212405459719150924e-01
4.785246434964743685e+02 2.557968794705232085e-01 1.565542265575285619e+01
1.126126423136255994e+02 3.464248183073073695e-02 6.757330314827061923e-02
7.521389065053256218e+02 -4.961479808288000171e-01 9.257431670752214359e+01
2.021417512114033116e+03 8.613829720968594339e-01 7.499263141264904107e+02
8.935324675125385738e+02 2.697717439505176729e-01 3.251421408611897590e+01
6.249622435988619145e+03 -1.652848891391001940e-01 8.536701320192148046e+01
1.018651061759971554e+02 4.851615141845834478e-02 1.198859066868075002e-01
5.772236493711707226e+02 3.903120304644613209e-02 4.396813006652414701e-01
5.810692489471132376e+02 6.522016746511617724e-02 1.235838487026538646e+00
9.407982624840384233e+03 5.834484040415932604e-02 1.601295279643754910e+01
5.638204355006593687e+03 -1.043197609653590333e-02 3.067919667424197638e-01
6.611269663740438318e+02 4.937476035381377359e-02 8.058697938430126051e-01
6.709746109606031496e+03 -7.570178659401808341e-01 1.922597396326086709e+03
1.372656523237767203e+02 1.787545598997258012e-01 2.193037918863129931e+00
3.964051543316440416e+02 6.859178032065808839e-02 9.325098924549533042e-01
1.264126814509665024e+02 3.265289983992982203e-01 6.739135061161180218e+00
5.874990025752568727e+03 1.849623183279330493e-02 1.004948157888684968e+00
4.021460616945563288e+03 -1.230451267608430321e-02 3.044266441703983861e-01
7.208785654641177643e+03 -1.516043582204831264e-01 8.284293737548567549e+01
2.449339461806984275e+02 -9.992558623169504051e-01 1.222847763261089540e+02
5.718004806261468502e+02 3.335659401532748980e-01 3.181104373416492948e+01
6.639033115319133458e+02 1.014353512085489073e-02 3.415493897502376586e-02
6.118824476325370597e+03 -1.666679091744727517e-02 8.498494040154933593e-01
2.535564928060208786e+03 -1.671690943240765337e-02 3.542882257839030657e-01
5.743932976989302915e+03 -3.037475006714933090e-01 2.649749349827793594e+02
3.290884956552734366e+03 -4.196280995054652019e-01 2.897422504170882576e+02
1.566860396540190266e+02 8.084459738960387831e-01 5.120381420811271767e+01
7.154170465548601214e+02 6.034708983177081848e-02 1.302692616368007927e+00
1.037489421071424886e+03 -3.500376183690290244e-01 6.355988780568898733e+01
1.547086330090085369e+02 -3.395492097493247874e-01 8.918462718459508665e+00
5.910129893493989357e+02 3.181144491476194935e-01 2.990431245485832434e+01
5.092661685155429041e+03 2.419539603658283841e-02 1.490665845060575867e+00
4.728907074527252917e+03 -5.080548791066287206e-01 6.103121800048186287e+02
3.084902535153784811e+03 -7.259249378140395503e-01 8.128209407828840085e+02
3.555536216470081285e+02 -3.837440563422351431e-02 2.617932441177282521e-01
2.575691200579466567e+03 7.565869646173243313e-01 7.371935174428888331e+02
1.402940451417101485e+03 -2.473577604854066900e-02 4.292006019747960366e-01
1.693021584250575415e+03 -6.352449057406968080e-01 3.415976554251817561e+02
3.089600456810368883e+02 8.424014295823617493e-01 1.096252294480699589e+02
4.772978622861432996e+03 -1.991361057317264302e-02 9.463668375098175378e-01
9.298064609442377559e+02 1.248295508434471152e-01 7.244315892042710203e+00
1.235771682145659270e+03 -3.803315805598673355e-02 8.937849137395689203e-01
1.736485668548627643e+02 -2.813524004472098966e-02 6.872938493045779862e-02
4.505436139684545196e+03 3.966015578577682943e-01 3.543363231186055486e+02
1.017588011064862883e+02 -5.574099858106235095e-02 1.580852954763814211e-01
1.128216695295020372e+03 -4.474353250906614177e-01 1.129335717808279611e+02
3.754222262706097695e+02 3.124526973351540171e-01 1.832561428971082051e+01
1.255896320365249892e+02 5.312012331310569241e-02 1.771911151627000580e-01
7.608683588556028553e+03 1.101416099729114195e-01 4.615113320314783607e+01
1.410619915736731400e+02 1.704673965443989636e-01 2.049569607267033966e+00
7.672252462952559426e+02 9.592481525035998491e-01 3.529838474139702384e+02
3.083947465493320578e+03 -3.175149637307355110e-01 1.554552417285950128e+02
3.346293187874573505e+02 -1.781073801401218334e-02 5.307595590130625984e-02
5.006717862989866035e+02 7.195550998585524549e-02 1.296137973162655666e+00
1.278720603159414964e+02 3.465153749934714311e-02 7.676984882067752758e-02
8.339665938569181662e+02 1.249422114259125111e-02 6.509341189493990376e-02
4.235316165935309073e+03 -3.714350313385425539e-01 2.921605427111041422e+02
1.359782434701679392e+02 -2.668171651655596235e-02 4.840240735730130112e-02
8.562087981244703769e+02 -9.344651456578724480e-02 3.738315102987807226e+00
1.369428805978643140e+03 9.087194472368010922e-01 5.654173204049005790e+02
9.460847758003641502e+03 3.055308919124226641e-01 4.415809343018591449e+02
4.335941168777145549e+02 -4.193048659636081088e-01 3.811651533538824310e+01
9.668144038485823330e+03 -3.272765539733471507e-02 5.177771773787423371e+00
4.156027973082506719e+02 -2.597575482400992994e-02 1.402118822047551117e-01
1.756330374264980264e+03 -4.015553869151533561e-02 1.416012637365352989e+00
2.483967559364305089e+03 4.562985013379042970e-02 2.585913591202695372e+00
3.877040440947681873e+03 3.712823348134749457e-01 2.672261215060890436e+02
2.507107372056362237e+03 1.660823988197886736e-01 3.457722660957521299e+01
7.783321802219527399e+02 -1.139181698715495059e-02 5.050344336464059058e-02
3.169797292971475713e+02 -4.496434138583905726e-01 3.204335398351783937e+01
2.678676265740449480e+02 -4.535326571165368414e-02 2.754909665470655078e-01
1.534090555036352953e+03 6.489042108421187727e-02 3.229848749157006260e+00
2.007632245933036074e+03 -5.602663602727974146e-01 3.150962693255544878e+02
3.344845281396736482e+03 3.545635871621218294e-01 2.102491764525755968e+02
2.331419881673527925e+03 1.170788770954852426e-02 1.597892642123987794e-01
1.799470261749336260e+03 -1.161252942763962848e-02 1.213300379130530376e-01
4.908088325936963884e+03 -2.936463475622183017e-01 2.116077555217751183e+02
6.682022334881112329e+03 -7.033199069042855855e-02 1.652660880401042576e+01
1.037914452090691157e+03 9.070446401402368353e-02 4.269616677936778792e+00
6.830246641804318642e+03 1.001294544299503354e-02 3.423971100973657311e-01
1.610685742231204358e+02 1.165201321635189399e-02 1.093409280649566134e-02
2.349998543515473557e+02 -8.071671233556365621e-02 7.655340744423008159e-01
1.564326421211608704e+03 7.412967488846485820e-01 4.298150079013142886e+02
8.325443441743036601e+03 -2.950654535851384916e-02 3.624216299783922235e+00
9.764174709399192125e+02 4.225001932014586792e-02 8.714839028863335946e-01
1.775718640381737714e+02 -8.437024852574220857e-02 6.320083480081587490e-01
2.920277948043651577e+03 -2.879424015295139472e-01 1.210613292849577221e+02
1.444899155700882375e+03 -1.262080911143848884e-02 1.150752528651249745e-01
7.288480977677895680e+02 5.093778261211576730e-01 9.455556635685435651e+01
1.064543297478308119e+02 1.575805348207560963e-02 1.321716995534842794e-02
6.133141342729412600e+02 -2.131629349841767870e-02 1.393401778001435720e-01
8.854462651542402455e+03 -5.039385968005585803e-02 1.124313588201907699e+01
1.063166465172946573e+03 2.283632330772396024e-01 2.772194130664834688e+01
3.934762413143468621e+03 -3.552775821817168167e-02 2.483271062255871797e+00
5.389546493296047629e+02 5.907289407321865138e-01 9.403699084188295387e+01
7.382086050248893798e+02 9.663281995114489931e-01 3.446659764669400374e+02
1.457783473942133696e+02 -6.614901105372252010e-02 3.189405496974876408e-01
1.743765424174504233e+02 2.283381258833016569e-01 4.545848217386572188e+00
2.857179568809276020e+02 7.241862621066975647e-01 7.492178298158151506e+01
5.941257798958635021e+02 9.137400118016404671e-02 2.480239884488925295e+00
6.222984524529613282e+02 2.188656704277989751e-01 1.490472676796694351e+01
8.857550255255038792e+03 1.567113026968046385e-01 1.087637745553282684e+02
2.501274698127799070e+02 -3.002760876740000195e-02 1.127646280788695415e-01
4.381790295874224626e+02 3.720193598805385249e-02 3.032163920817301239e-01
1.761005097486283375e+03 7.946823810861379789e-01 5.560550460175802527e+02
3.449009058424817795e+03 1.268975495091208827e-01 2.776967586301681479e+01
2.884690039547823744e+03 1.824122163077336600e-02 4.799290068397629727e-01
6.038111528131932573e+03 6.782403006706713144e-01 1.388795556587863757e+03
3.561315571360257309e+03 -8.930550110885289439e-02 1.420158725200129624e+01
1.916805386094321648e+03 -3.970631407259497814e-01 1.511009421773653685e+02
6.734121225400935145e+03 -2.336889596331868935e-01 1.838769641115921445e+02
1.451477961848336804e+02 -7.601120896831813079e-02 4.193104932357697434e-01
3.638321526256510424e+03 -2.999846873786579313e-02 1.637077554361375142e+00
3.143761460613953318e+02 -7.624905207935783746e-02 9.138785582188656553e-01
5.044561262103296940e+03 5.195136189506011776e-02 6.807494182433126539e+00
6.014152263601913546e+02 3.170591536661676590e-01 3.022908595830000777e+01
1.076965088248805841e+03 -3.209033376980346408e-01 5.545236814270260339e+01
3.460753274539490008e+02 -1.657377655657428159e-02 4.753172784884897306e-02
2.953368801235601495e+02 -9.011064317964200265e-01 1.199057103278062186e+02
1.414437341717738548e+02 -2.431514714264520344e-02 4.181263350423455871e-02
4.948338303929915128e+03 -6.575940040720838764e-02 1.069904655112834924e+01
3.036695339747817343e+03 -2.940033305816922363e-02 1.312428727148634788e+00
6.352389717521852617e+03 -2.042942048188999271e-01 1.325620565103778290e+02
2.019299349894744466e+02 5.372832070917433339e-02 2.914588475994023264e-01
4.186680468115338044e+03 -1.302285435462741114e-02 3.550194833940998884e-01
4.043531660307180118e+03 4.381670333865918254e-02 3.881595276242711723e+00
7.137160404188394750e+03 8.929321609815599192e-02 2.845328359087945813e+01
1.077600507288071299e+02 9.772625587703883676e-01 5.145769304484065998e+01
9.937544464171453001e+03 -1.108859336427920894e-01 6.109448443676402007e+01
2.282366521320801098e+02 6.686009218748409366e-02 5.101399494056403361e-01
1.419007186162040398e+03 1.265423506921068975e-01 1.136125728089249343e+01
3.085211382950816187e+03 -3.156225702410465211e-02 1.536706872911271171e+00
6.604304643966577260e+02 2.381978156685694570e-01 1.873581768584544704e+01
4.983082533621746734e+03 -2.433019167314443010e-01 1.474888350429817194e+02
1.915852959704438945e+03 -9.716898580853411405e-02 9.044561543931543213e+00
1.974828113370277379e+03 1.147713644954467468e-02 1.300667819639262923e-01
3.010074927317734250e+02 2.257091061815792721e-02 7.667353249413606797e-02
2.811149987848660885e+02 4.368143708758952248e-02 2.681932591658224285e-01
4.239354778452035134e+03 1.952563723404889331e-02 8.081280843969169680e-01
1.018345383126963952e+02 -6.933602905294722341e-02 2.447840038827135967e-01
1.297706931489246699e+03 -4.099012793865496052e-02 1.090197486412552985e+00
1.184622799964598471e+03 3.696012268975826243e-02 8.091273843454761527e-01
2.899521167775787490e+03 -8.600507839222100159e-01 1.072369565771818998e+03
7.295413611459363892e+03 1.661741690482471112e-02 1.007272448420687416e+00
4.813801382197734711e+03 8.897987770973087018e-01 1.905644038968878476e+03
2.504840913988832654e+03 3.667127474471129633e-01 1.684232977197862908e+02
1.613548220461292203e+03 -4.168080897128523254e-01 1.401600462055654646e+02
7.738443633589533874e+02 4.221925119049704245e-01 6.896753127643874848e+01
4.710748779577945697e+02 4.698709704229617201e-01 5.200165637345405401e+01
2.252233814797960179e+02 -1.217309681040371593e-02 1.668728298252900033e-02
8.467867968127467975e+03 1.840748609031073180e-01 1.434607325448849906e+02
1.107529543477058269e+03 2.893524598330491499e-02 4.636387024036653925e-01
3.542096179049780176e+02 7.160928825997546487e-02 9.081740080194289355e-01
9.864089566214967135e+02 1.213588466367170396e-02 7.263900591254360273e-02
1.863275586712411950e+03 -7.502494933765705420e-01 5.243949729426800559e+02
2.270664140781313563e+03 -1.946395285247881357e-01 4.301154011905074981e+01
1.559960125241395872e+03 -9.996182886948409285e-01 7.793847218511369874e+02
3.782012250215107997e+03 1.823305571888058640e-01 6.286542469804183497e+01
2.087091588972298268e+03 -8.702570657620720129e-02 7.903266530241555010e+00
5.934259015503453156e+02 2.560851966977120003e-02 1.945832492503604128e-01
1.937728813841182046e+03 -2.210481095246356886e-02 4.734091107074639426e-01
1.847537520884558035e+03 -1.751499129300138902e-01 2.833890875775576745e+01
2.604583891920426140e+03 4.630739247589800156e-01 2.792601767988790584e+02
5.952963441292104108e+02 -4.789688970778990251e-01 6.828382563128043614e+01
5.752538299959383949e+03 1.063122548916337895e-01 3.250844398606842134e+01
2.629079257462578425e+03 5.115542588749939779e-02 3.439989305757119809e+00
5.994247055419926255e+03 -3.991906838202018970e-01 4.776012310764990616e+02
3.625394591662976381e+03 -3.704177202141850644e-01 2.487189043211772059e+02
9.712556865571046728e+03 -7.487591357226942856e-02 2.722625122226346761e+01
1.515312209776140662e+03 -3.837954996948620551e-02 1.116019756730746382e+00
1.767480216267291553e+02 -3.108908128093025858e-01 8.541621882658288811e+00
1.554695565285644307e+03 -9.433232222091107733e-02 6.917296885222935288e+00
7.556440013548414754e+03 -2.834483443341772116e-02 3.035533936323797644e+00
1.042397419551211215e+03 8.221820072052375972e-01 3.523215992789405959e+02
1.024362781707297358e+02 -1.339209837719449181e-01 9.185886120060711146e-01
7.880830609812227294e+02 -7.395062790155217114e-02 2.154893092212924355e+00
5.394334057542495430e+03 2.108028071035779674e-02 1.198562323280254249e+00
3.306144511335022571e+02 1.038349054349409044e-02 1.782290861882067021e-02
6.977479168872319860e+03 2.395451747646928919e-02 2.001904736999472245e+00
3.343963104665037918e+03 8.500762124656907615e-01 1.208223305194059776e+03
4.705140395183794340e+02 5.956130145645913698e-01 8.345857184238938942e+01
6.577911787911482406e+02 1.190362706701776629e-02 4.660330038813217945e-02
7.575978230532568887e+02 1.608816234167874046e-02 9.804413117276218614e-02
3.711594535412698406e+02 -3.728348000012708663e-02 2.579665617364784169e-01
1.017083234517205597e+03 -1.001341277838714572e-01 5.099067233409027899e+00
7.861649535052822102e+03 -3.438343991472522232e-01 4.647103353092871885e+02
2.723503482495409571e+03 4.325478663226992038e-01 2.547805597405555318e+02
5.899875161334718541e+03 -4.163865652104090098e-02 5.114536043539770205e+00
1.905217516433961578e+02 1.315772917777481565e-01 1.649211887100305640e+00
2.330153647018936169e+02 1.337103463793221786e-02 2.082977557493302309e-02
2.242190687301717844e+03 -2.869657863000381337e-02 9.232148685898915463e-01
3.169856359707833917e+02 -6.590197302377111266e-02 6.883454106829653973e-01
3.277244897132560482e+02 4.452491068221848397e-02 3.248516029682788631e-01
1.531956715969398033e+02 -1.229605332979590189e-02 1.158105103370655163e-02
3.552125477201527247e+03 -2.722976375627239598e-01 1.316879538944062062e+02
2.816354910473489326e+03 7.419111880707150719e-02 7.751062301444880731e+00
1.453981575250155402e+03 -4.657902583838129940e-01 1.577283318913571577e+02
8.760984979278515539e+02 2.734668973800227429e-02 3.275913809725151671e-01
1.391958497067071505e+02 5.683255403102667191e-01 2.247970655616995472e+01
2.302216516160833635e+02 7.986049810242093483e-02 7.341422167367191998e-01
7.393657741889634281e+02 -2.811903824355870690e-02 2.923009804138125278e-01
2.391341494135684570e+03 -1.729604492989928952e-02 3.576886945211872337e-01
5.960382815601815309e+03 4.894819578810143818e-02 7.140317694214816768e+00
6.011850550573703913e+03 -2.821073625860948814e-02 2.392252525262811069e+00
3.455461639397692124e+03 1.081932038730934117e-02 2.022441849903044986e-01
5.332954703606284284e+02 1.821184241006344739e-02 8.843937536285804979e-02
2.048336480405772306e+02 6.043295716664200817e-02 3.740408164554436254e-01
6.642288503169489786e+02 2.420384833995222473e-01 1.945613563861454764e+01
2.111493673026795364e+02 4.730175008038104978e-01 2.362186630013314925e+01
6.741653098137099960e+02 2.090079353801463924e-01 1.472522556963762597e+01
6.820020977586522122e+02 -9.300760595595851665e-01 2.949800508330877733e+02
6.437060767047400986e+03 1.117269761635835135e-01 4.017664829176531782e+01
2.151655025197252598e+03 -9.442292007357206973e-01 9.591742266870757021e+02
1.483770258986807903e+03 -4.596112303162095958e-01 1.567176568792820888e+02
3.334382614281581141e+02 -1.395684962327392413e-02 3.247582823114328332e-02
2.375857433855133877e+03 2.723381838795127866e-02 8.810639971268909854e-01
6.631654620619781781e+03 1.577025085554927333e-02 8.246489446815326030e-01
1.896855419145397491e+03 -3.218072298665159564e-02 9.821907230592078486e-01
5.174091754112614581e+02 -6.636379432520299326e-02 1.139374637083852004e+00
2.364998810844583659e+03 1.484162863867429134e-02 2.604738038466599681e-01
7.625524865110414794e+02 -2.665985282324513372e-01 2.709912329972722844e+01
1.446097578952442291e+02 4.225645154812730508e-01 1.291081484112858035e+01
3.689992470551475435e+03 3.617330995643472380e-01 2.414192985488787997e+02
1.080543799256123293e+03 4.013889587282449267e-01 8.704487853295977118e+01
8.520465136890413760e+02 -7.773538674775586355e-01 2.574369226538380531e+02
1.873980318849545483e+03 -6.829991995471941246e-01 4.370945779580977728e+02
8.522796489719285091e+02 -1.638927307438781122e-01 1.144646818458646287e+01
2.168501668264066495e+02 6.667433823734032761e-02 4.820001714207383658e-01
1.434598640489889192e+02 -5.402300522828321072e-02 2.093427373995969121e-01
1.840757981630877794e+03 -1.836068183567323223e-02 3.102732298245067799e-01
6.079123622329508407e+02 -9.380791150678347012e-01 2.674791372568184329e+02
1.039497596496675698e+02 -2.552628402787238474e-02 3.386637308163916588e-02
1.993097730178458733e+03 3.591137484498989063e-01 1.285176167036740082e+02
3.571359466106996024e+03 3.963637607456904632e-01 2.805378409744947135e+02
2.420396326195782137e+02 6.352174634279175724e-02 4.883164423239113594e-01
6.414885384424002950e+03 6.286247402158642306e-01 1.267482126551823058e+03
2.025171794626705832e+02 -1.569050294548699764e-01 2.492904284371570522e+00
5.135139529491930261e+02 -4.498289994492388200e-01 5.195378021803487201e+01
5.437669276343841602e+02 -1.712062975925134622e-01 7.969338341662542291e+00
4.515903109146042311e+02 -8.959560379135433905e-02 1.812541758043427542e+00
2.686052572943166069e+03 -3.089970208377281966e-02 1.282310201948891448e+00
5.223834552030286432e+03 -1.415830541344842708e-01 5.235787003629472736e+01
1.297080595292635508e+02 -1.374801022633500014e-01 1.225791652603211546e+00
1.429159728827805793e+02 -2.333409246624961186e-01 3.890743525549785975e+00
9.059834288265617943e+03 -4.095441162191210821e-02 7.597866184626203001e+00
6.364791847554970445e+02 8.418788869370393835e-01 2.255555126740641185e+02
4.443232430805353033e+03 -3.295119256422421317e-02 2.412188879042041822e+00
1.315072367930277437e+02 -5.484344502072484584e-01 1.977739610350488064e+01
1.763230140276113843e+03 -4.531553071032782265e-01 1.810394186937483596e+02
2.454141821921036524e+02 3.336301813797527827e-02 1.365841561920746738e-01
6.972686064461684509e+03 1.979304471239817093e-02 1.365825849679874304e+00
1.693154114181185832e+03 3.573408499248435094e-02 1.081015264919030550e+00
1.048908386732776563e+02 3.031112220973152666e-02 4.818497004903044695e-02
1.234607244113193474e+03 -2.495122660333068398e-02 3.843108325333293163e-01
3.840970701391733542e+02 5.635878710732745711e-01 6.100062363350035355e+01
8.402113050691740455e+02 -1.792591559511930860e-02 1.349960991894981477e-01
1.576554197098586485e+02 6.380713393278193424e-01 3.209352233757262951e+01
4.821910344530294878e+02 1.962652786105090197e-01 9.287013689979669806e+00
5.578337075753827776e+03 5.122251036087174247e-01 7.318068588738087783e+02
1.515068184231368377e+03 -7.221012291495862989e-01 3.950011419012456031e+02
6.661870464248991084e+02 -3.289829386720831139e-01 3.605063671726873054e+01
1.156502481942254832e+02 -1.420943622287459962e-01 1.167535965337196613e+00
4.247972538996365870e+02 4.244628995943208055e-02 3.826759578450149579e-01
3.848802484353569184e+02 -7.172017284408696569e-02 9.898702765684885829e-01
5.352202351131626301e+02 9.923153222328970346e-02 2.635129260360785430e+00
1.841405639032810313e+03 -6.525353097254893431e-02 3.920374061914200681e+00
6.773434037926108431e+02 -1.658568632731764053e-02 9.316350205054695077e-02
1.889084568514742614e+03 -1.014861560840699117e-01 9.728256467728757073e+00
2.357583580020068439e+03 -3.682445718909618249e-01 1.598489581923628293e+02
4.140837652640864690e+03 -9.848927989147309159e-01 2.008334885804213400e+03
3.088564165219055212e+03 -6.265701881645180382e-01 6.062700127437136643e+02
1.330936509430087824e+02 3.071460676257250499e-01 6.277941460483178027e+00
2.921845146583876840e+02 2.229745137935898805e-02 7.263361351125581511e-02
1.416998435701023027e+02 -1.035874246936181464e-01 7.602447809232457665e-01
1.198255093167726955e+02 8.198063839566749333e-01 4.026631436263600961e+01
2.784516132269230638e+03 -7.277559257066191778e-01 7.373798120904677944e+02
1.725556133063084872e+02 3.080359008831663400e-02 8.186565990411200089e-02
1.336914187226367687e+02 1.709948379267893503e-02 1.954517377859173524e-02
4.424470253103129835e+03 -8.144743870212757253e-01 1.467527157529663555e+03
1.585390862091475810e+03 -1.381641753573825335e-02 1.513203208615909179e-01
1.153478140001460162e+02 -6.658742688013361000e-02 2.557194952765373119e-01
1.727174614717426266e+03 6.950138570280091077e-01 4.171508930901399026e+02
1.581456169631663442e+03 -5.978243060783189344e-01 2.826013948135824307e+02
2.433510419154566193e+02 3.020129228887962203e-01 1.109824396288143511e+01
7.688417507316295996e+03 -1.079179953417569032e-01 4.477078426065245509e+01
2.140591603241866324e+03 -6.806993361670928833e-01 4.959232574466805090e+02
4.964971626252834540e+03 -2.127551103907753330e-02 1.123690674309216098e+00
2.161025604642978806e+02 -2.538842661508112358e-02 6.964685205921071487e-02
9.877221069462542573e+02 -1.239352324916625191e-02 7.585677064691234706e-02
2.752888489189028860e+03 -2.888816053052406518e-02 1.148678260304165200e+00
1.443094509826393050e+03 -1.792853776352594866e-02 2.319287137262893705e-01
4.310502820969565505e+02 -2.265833127041324419e-02 1.106506022330183692e-01
7.118338974184384824e+03 -9.441124706054586369e-02 3.172459875147796282e+01
2.501870704658566865e+03 4.084037544884486920e-02 2.086480441575513378e+00
1.009790207568645542e+03 2.078515935759487829e-02 2.181262214459092075e-01
1.016230802075758220e+03 1.084423585061463080e-01 5.975307606926640425e+00
1.082203519419464328e+02 -1.113708657460564938e-01 6.711539301211253417e-01
5.562741900738886898e+02 -5.616634877534546488e-01 8.774276163173306031e+01
1.840713768305799931e+03 -3.451650250961239147e-02 1.096503017690980020e+00
8.293173923177299685e+02 5.744483867807476107e-01 1.368336166876673303e+02
1.992534718197811117e+03 4.450352214167932474e-02 1.973170750751026103e+00
1.992856834958996615e+02 -3.830668356999586965e-01 1.462161058776142220e+01
6.480438720571024760e+02 3.617203953172413999e-02 4.239556292790848668e-01
1.049173815943114732e+03 2.238582397861700948e-02 2.628836746905105493e-01
2.355246490999101638e+02 -9.470596066386981482e-01 1.056236077102567350e+02
7.756080573439714954e+02 2.167352026233134721e-01 1.821676385961656663e+01
7.618228006036013539e+03 -3.015097700706928854e-02 3.462794745782311612e+00
5.990415560153096521e+02 -7.067754642942672971e-01 1.496200805705626351e+02
9.805340943173905544e+03 -1.948750148399186477e-02 1.861851444571824832e+00
4.489665522969719405e+02 -1.977819107968897122e-02 8.781265913193476991e-02
2.812733653813210822e+03 2.108367372247630100e-01 6.251600068485197426e+01
1.864845180257298409e+02 -4.652264357174104581e-01 2.018094767724524274e+01
1.951028613049006708e+03 -1.139610502048915217e-02 1.266912230075295798e-01
2.312428707760624548e+03 5.891092065016754337e-02 4.012637951465775288e+00
1.026361566028326251e+03 -2.691384452423772888e-01 3.717250799745122691e+01
5.973768484379284018e+02 2.260355122684629819e-02 1.526060474287558033e-01
5.444211900189837252e+03 -2.487447345768354356e-01 1.684274283408759345e+02
4.411963554256824864e+03 6.672070052726336575e-02 9.820262922859829047e+00
4.478978864362561012e+02 2.483924884145353659e-02 1.381738739575307240e-01
6.219176431912071166e+03 9.316932478734094025e-02 2.699285228203510201e+01
1.165976991600537076e+02 2.530954810899344598e-01 3.734468211733589893e+00
2.899961526967575992e+03 -2.035648390115703532e-01 6.008523620347851590e+01
7.261957302958488754e+02 -8.004463977725511104e-01 2.326420437746880623e+02
1.725692663479120029e+03 7.818883737150043034e-01 5.275006121811812818e+02
5.463626859343018623e+03 7.033518075850561102e-01 1.351438389573023869e+03
1.913855404289743774e+03 -9.018944927122052313e-02 7.783780798531623191e+00
4.463401180148399362e+03 -1.459251394099995297e-02 4.752215888923244091e-01
1.188146849379492551e+03 -9.368443598680463724e-01 5.214047918297023898e+02
4.271658375910816972e+02 -7.162838407095069304e-02 1.095813949164357481e+00
2.971190139661775902e+02 8.896759309473560584e-02 1.175883055842687153e+00
1.606741708008119360e+02 2.747664103208377617e-02 6.065175214227601364e-02
1.952357960098832166e+02 2.388401225928847293e-01 5.568574350641129378e+00
2.244032214655362338e+02 -4.053986861812353820e-02 1.844012095264993545e-01
9.251725387396409133e+02 9.776747880116767875e-02 4.421621562939132666e+00
1.697848128945563531e+02 -1.194271755922489929e-02 1.210807682212576911e-02
2.084476848708958414e+02 -8.097092349301897585e-01 6.833217829586082814e+01
1.541198501395685525e+03 9.697620731096173730e-02 7.247011868147189340e+00
2.956698315860867297e+03 7.592684405258756097e-01 8.522513842969602820e+02
7.287790426920907976e+02 1.014713770179260371e-02 3.751914972130860476e-02
3.953291278550793322e+03 -2.477026678507983359e-01 1.212802788792493942e+02
2.247963083914886795e+02 -2.698318143305349359e-01 8.183620590453667631e+00
1.547351969775586213e+03 -2.111164954570531049e-02 3.448287377210695337e-01
5.304392042639668716e+02 2.504250882382534349e-01 1.663264392514408385e+01
1.675102104578990520e+03 8.377706209310852026e-02 5.878432576749399452e+00
1.606625916142751578e+02 2.150795167965262877e-01 3.716061362153823211e+00
5.681799692118626808e+03 -4.297635404214266153e-01 5.247048285168591519e+02
3.954416958804047795e+02 -3.017044152178789407e-01 1.799764975313000548e+01
1.275478078531731398e+03 -1.009682582013903505e-02 6.501487499301544792e-02
2.388397181535705840e+03 -1.608257886482940963e-02 3.088786808461082001e-01
1.034118351860113592e+02 -7.038281254662757946e-02 2.561376878310040461e-01
2.909708189666917519e+02 8.283841830622739044e-01 9.983504930628340901e+01
6.123270125456022015e+02 1.527689670801416211e-01 7.145353302452289057e+00
1.942999828752891972e+03 2.218283713439849758e-01 4.780539906928185445e+01
1.374852659415869311e+03 -4.961222529483755306e-02 1.692012537799852501e+00
2.320223760712628120e+02 4.346261415541343154e-01 2.191449983760009346e+01
5.231139579033465452e+02 -3.244323033930465033e-02 2.753052494004723516e-01
1.625003790500078651e+02 -3.933247794590778446e-01 1.256976036894187665e+01
3.625707171462425322e+03 8.944708678936638679e-02 1.450424513199544840e+01
8.308489793516357622e+02 6.455200161422916527e-02 1.731057610534281421e+00
1.174124677636266370e+02 4.839281576614829633e-02 1.374820519707229960e-01
4.757780347980038641e+03 8.791926759891238730e-02 1.838833959356225733e+01
6.769125628098485322e+03 -4.762157328636556497e-01 7.675559753553856126e+02
1.278048068645307012e+03 -2.575136799285182021e-01 4.237578952399582022e+01
1.948959656838065371e+02 -4.166192977719998525e-01 1.691420612601201157e+01
1.022559223602364114e+03 -2.987150354561273202e-01 4.562182354929337436e+01
6.424833122797855367e+02 3.687983776888346665e-01 4.369279832059393698e+01
1.476576713776491374e+02 -2.204072976595818356e-01 3.586558832180516188e+00
9.693241008979977778e+03 -5.287282156712439507e-01 1.354889851441369501e+03
2.197337743212526675e+02 2.527980555655670591e-02 7.021247435573364781e-02
6.099165659651609985e+02 6.891291474671422390e-02 1.448243781069810776e+00
2.199128501983426304e+03 -9.655513355142288090e-02 1.025112075491211172e+01
1.275011515429152269e+03 -1.578793236419259172e-01 1.589039254754779051e+01
4.978583536639321210e+03 -3.164946712117611832e-02 2.493495607225391986e+00
5.985409856948676861e+03 -4.727692461029702614e-02 6.689017532009143174e+00
1.151737043123144531e+03 4.223882735900888474e-02 1.027417703999384146e+00
1.221947618721131903e+03 2.494885311653428639e-01 3.802977588486940164e+01
1.774304543125465159e+02 3.818523098837402208e-02 1.293567253791089722e-01
2.052140151733302105e+02 -5.460709651922406316e-01 3.059674261685348640e+01
2.192804455809231968e+03 -9.432732569067788786e-01 9.755397112514672244e+02
1.534976051190061526e+03 -1.534630538568219037e-02 1.807504057190939539e-01
5.193349426352971250e+02 1.371612554656544310e-02 4.885178668305369815e-02
4.778416356250122021e+02 2.492850773286365285e-01 1.484726827450086439e+01
6.351829579054976875e+02 -8.251940846402374685e-01 2.162624177116124713e+02
1.073546009508101633e+03 -2.213812259048368591e-02 2.630705558042373826e-01
2.431608251651482817e+02 -2.009990347018229817e-01 4.911923069598914893e+00
5.638705812243259061e+03 1.936210554817563712e-01 1.056950400393423735e+02
3.214242987580552835e+03 -1.438597909323221791e-01 3.326040698315457433e+01
3.468334134216896928e+03 5.747723228498967385e-02 5.729050217085605468e+00
6.003975731224060837e+03 7.983602444268352027e-02 1.913404263598551580e+01
6.820626558747170520e+02 -5.791472210635282419e-02 1.143858305005482467e+00
6.200610740473566693e+03 7.257446542322000260e-01 1.632947279877645087e+03
1.319120342962722816e+03 -2.662223358750523405e-02 4.674588664588236187e-01
1.962167403757632087e+02 -1.726897402276566726e-02 2.925762933487910042e-02
6.732153393507962846e+02 4.580835459803718201e-01 7.063393352276001735e+01
4.392154599110785057e+03 1.068042571545511563e-02 2.505098173212551016e-01
4.902592076897472907e+03 -4.219306152681503441e-01 4.363930658667794660e+02
5.485250443135950036e+02 -1.235019427463407773e-02 4.183252161761452648e-02
6.459106655267092947e+02 1.674726287896207144e-01 9.057954504545245200e+00
2.504607593178103571e+02 1.288478079917229624e-01 2.079044410292694600e+00
5.653776051358113364e+02 2.294935434059608426e-02 1.488845214529839756e-01
1.121567389208156698e+02 -9.411346225373420915e-02 4.967053967860433628e-01
4.765049927184022636e+03 1.635040055866167699e-02 6.369337369131491400e-01
1.307086348933741817e+02 9.295523786129489263e-01 5.647054983253236315e+01
1.051182596871998612e+03 4.331736091436328984e-01 9.862162309008220973e+01
5.448490790456763534e+03 6.233845385846206733e-02 1.058664325364230407e+01
9.146070567082985008e+02 -7.439389534189966291e-02 2.530924273517410228e+00
1.739560763276565240e+03 5.172497661252821732e-01 2.327074105800708708e+02
3.296281300073235911e+02 -8.891621887160212623e-01 1.303035486884810439e+02
1.893801140908763273e+03 2.815385320564212646e-01 7.505507476772436348e+01
9.462940605835507085e+03 -1.462172224147995601e-02 1.011563564043411079e+00
2.201561775244760156e+03 4.204834941126610326e-02 1.946250716082819077e+00
5.028655928021884733e+02 6.572125346441662908e-01 1.086009442596085819e+02
2.166591431679428297e+02 -5.062176323193863237e-01 2.776013424908973803e+01
6.176033017248531678e+02 -5.227292609353025865e-01 8.437877890884131205e+01
4.327377198884671998e+03 2.055561686673026273e-02 9.142306675145378536e-01
4.036513214249873158e+02 -3.409435208296662245e-01 2.346071621602974844e+01
5.945171422915146650e+03 -9.773140047626480142e-02 2.839243435128136284e+01
5.859824420136907065e+03 -6.173709261766004985e-01 1.116726840373498362e+03
1.540415506521020234e+03 1.178305002156151624e-02 1.069358507325058050e-01
3.635771023262134918e+02 -4.606146283796144769e-02 3.856931991044210695e-01
6.159323794143891064e+03 -4.228367225586979194e-01 5.506155036233262763e+02
2.478337777319350607e+03 -3.594789918426073427e-01 1.601317800305164667e+02
2.684685499677587472e+02 1.316934339280964317e-01 2.328046580985575265e+00
1.422083736753185974e+02 -1.373543619136057270e-01 1.341467284182396913e+00
7.271919080416879297e+03 8.491645717970636165e-01 2.621819414137361491e+03
8.555464370566653542e+02 2.988202355608902266e-02 3.819738208245992972e-01
2.923851213046242492e+02 -1.212075995418794433e-01 2.147756162140046943e+00
1.951352469096102880e+02 1.165321018951488430e-01 1.324942058590015126e+00
3.499840423450391881e+03 8.560517213937980652e-02 1.282384491170693863e+01
8.247292974134188626e+03 -4.148321582647440664e-02 7.096206728167128830e+00
3.218333764765213346e+03 3.444209708737284992e-02 1.908887170877678674e+00
8.221852336530595494e+03 3.329449764247658372e-01 4.557058565473544149e+02
3.914198690345838827e+02 -1.557077574134312359e-01 4.744968910588598376e+00
9.595085770520565347e+03 2.891938710123698186e-01 4.012333600388429886e+02
5.830992441940439903e+02 6.623639885947299466e-02 1.279104150691325881e+00
3.080505982328045320e+03 1.225238076897964407e-02 2.312240643870820678e-01
1.195592006746918514e+02 6.179589337110393682e-02 2.282822989109724587e-01
4.998355950928898892e+03 -4.124014135114337232e-02 4.250475089036274134e+00
1.321302264788880336e+02 -6.284011630691629935e-02 2.608832187359423349e-01
2.518310544416204095e+02 -5.750439396021384680e-02 4.163718401037856398e-01
2.278282655279107530e+03 -1.724280326132078892e-02 3.386829657706926788e-01
1.441076924050243178e+03 6.498878328737359156e-02 3.043224423238001908e+00
1.230179804475081028e+03 1.669981301809594573e-02 1.715385814997843483e-01
3.909803869478249453e+03 1.449287786015812825e-02 4.106144614773247215e-01
1.339194174322995195e+03 -1.113728428003380316e-01 8.305622081364969489e+00
1.027780983172332753e+03 3.385191168887804331e-02 5.888937980680459816e-01
2.857503952164836846e+03 -8.109018304013511369e-02 9.394926904970983372e+00
7.139319777528963868e+02 2.896419269305953170e-01 2.994674988713599717e+01
5.603324865732773787e+02 -3.154990623142159972e-02 2.788765212987207587e-01
6.678115293671684412e+03 -4.040411587699584417e-01 5.450986831989663415e+02
3.897013661381217389e+03 -5.090708504733393314e-01 5.049616455618699433e+02
6.433647133274494081e+02 4.214951593032587041e-01 5.714949858615945999e+01
1.612737631088324974e+02 -8.079986753826546853e-01 5.264474442945653720e+01
4.824744951389004655e+02 -2.756633569546960150e-01 1.833168752531777201e+01
2.603340055763575265e+02 2.132411388826175036e-01 5.918925745150807494e+00
6.415089997869392846e+02 -1.904371645852321049e-01 1.163258329947352365e+01
1.202004032715467247e+03 1.144101555609991355e-01 7.866926294475654835e+00
1.803542496228929508e+02 -3.721668521010803449e-02 1.249026815500608872e-01
9.959635109810909853e+03 -9.197230792578929837e-01 4.212380573167704824e+03
7.818233811669176703e+02 -6.395245582366991810e-01 1.598796214749307865e+02
6.993852426128785282e+02 -9.284691951906136331e-02 3.014542888923216424e+00
3.166141920642513696e+02 2.543409777985717324e-01 1.024078044951163058e+01
5.184016516687607918e+02 1.865566321922915161e-01 9.021064064095133617e+00
8.158998627916453188e+03 -6.361557730151898848e-01 1.650949578844584948e+03
6.404359420842228019e+02 -1.209811673710185949e-02 4.686852035408074074e-02
2.389818358951688879e+03 2.867177775854164515e-02 9.822999926985012120e-01
4.485958951428071373e+02 2.779114852462203356e-01 1.732360569270471018e+01
2.345862759398402886e+03 -1.392070612212503999e-01 2.272977494772871765e+01
1.306046962648828412e+03 9.565434244063703018e-01 5.975003706045027911e+02
8.453593720022217894e+02 5.197781706667167073e-02 1.141950946309738368e+00
1.134871082809187612e+02 -4.179151409466067696e-02 9.910435651464422069e-02
2.554887728319246435e+03 4.736547380169372351e-02 2.865930118465945142e+00
2.526760884582469089e+02 5.333394343307678448e-02 3.593697698160921994e-01
2.085692990500255291e+03 3.961870287278162484e-01 1.636895259422734341e+02
1.772656767769518922e+02 2.097477939322131904e-02 3.899325240028934242e-02
6.315847803638174582e+02 1.735088051212625715e-01 9.507026366667201245e+00
3.993721458035973683e+03 -2.798975130085087359e-01 1.564392968700187225e+02
3.269935517499202888e+03 -9.731456239976142841e-01 1.548334750137732954e+03
6.546016532104601993e+02 1.967345220151477669e-01 1.266800572884173981e+01
4.234192979947183062e+02 1.816046577954445462e-01 6.982237518238084917e+00
1.081740378371289125e+03 -1.332415282404866286e-01 9.602233351732673228e+00
6.127519237869072413e+02 2.223270359122919357e-02 1.514395267196608497e-01
1.025614332529684560e+02 8.939654967556423526e-02 4.098223129497238770e-01
2.913810091696352174e+03 -5.481773031084991726e-02 4.377975706058142791e+00
1.717885562328840706e+03 3.777889315530794795e-02 1.225921590462794919e+00
1.433887242070374214e+03 6.209963376189004541e-02 2.764795938240542039e+00
5.870059524222524487e+03 -4.273424710502145007e-01 5.359997947023034612e+02
5.656319036066548506e+03 5.366821959027526234e-02 8.145885057652716199e+00
3.169901420893014347e+03 7.453863619549684627e-02 8.805999279959529247e+00
1.557054769261286253e+02 -2.851899621448654096e-02 6.332021262740251955e-02
9.034142966772474210e+02 5.677692240146223757e-01 1.456131708500913078e+02
4.358740923324121468e+02 8.864555260475224241e-01 1.712556717893044436e+02
1.426831969092989311e+03 -2.160889623921836145e-01 3.331255964840087813e+01
1.220797486423644159e+03 9.474562638766256817e-02 5.479386980585251976e+00
2.538066580813253097e+02 6.339598331898556038e-01 5.100309135377098357e+01
3.140456942376572897e+03 -1.642924024668283023e-01 4.238359670089705844e+01
1.361074367459851373e+03 1.337086910950276153e-01 1.216665334883907157e+01
1.513808424457622777e+03 -3.864762640487055534e-01 1.130541670881618188e+02
4.475186832413675802e+03 4.169125539032295102e-02 3.889297108733853925e+00
7.547689171998381426e+02 -4.393205962176068291e-01 7.283617652448921831e+01
4.923762116415047103e+02 2.909484692962003849e-01 2.084007224735679387e+01
1.185134366537670076e+03 4.405062610904265236e-02 1.149851530193387150e+00
3.440726916496686499e+03 -1.428645440933355368e-02 3.511309637334935063e-01
1.879424628560767587e+03 -2.096601705079935082e-02 4.130729795905487833e-01
4.049417662294536967e+03 3.592936358877345249e-02 2.613735439532831162e+00
3.786056664734772994e+02 -3.374830418687057021e-01 2.156060900275885572e+01
9.691187196196293371e+03 -2.516279652248957777e-01 3.068066709520679751e+02
3.535033788078676935e+03 -5.385119915563073983e-02 5.125713534154961337e+00
6.001918799234447306e+02 -8.050671505042837628e-02 1.945021169127449268e+00
1.877044308313682279e+02 -1.134725851468498248e-01 1.208443714127917179e+00
2.259037498622664373e+02 5.216670484686768833e-02 3.073832898049752571e-01
8.693538187051626664e+03 -2.240764493285945375e-02 2.182523852367249884e+00
2.285586206231827759e+02 -6.386579823473463868e-01 4.661270431169902650e+01
2.183252594814842098e+02 7.030811740376848029e-02 5.396161360785648453e-01
3.056724122901300689e+03 8.328150884944127141e-02 1.060042843574135141e+01
1.666103557383682414e+02 2.082625129940742295e-02 3.613218331880466844e-02
4.686429019946554035e+02 4.561929544053408558e-02 4.876510853958364033e-01
1.551454223223789540e+03 -2.840361808707403055e-02 6.258298869161638134e-01
2.096963173543612697e+02 -2.680530409160040706e-01 7.533595269717593190e+00
4.148537122845549675e+03 -9.954153759486373820e-01 2.055292676941173340e+03
2.523377264116953938e+03 -1.045217208776363649e-01 1.378368352123485252e+01
8.722802745486980029e+02 -4.480858751098321796e-02 8.756863173748424822e-01
4.387890769745110333e+02 -6.673074018038442912e-01 9.769620556229820352e+01
1.213457696456195890e+03 -5.795065418675657970e-02 2.037564337531349246e+00
5.178284252133969403e+02 1.655813912398257023e-02 7.098702005480322930e-02
1.996738441510275379e+03 -5.930156622990461618e-02 3.510940835483816080e+00
1.424508332197684979e+02 1.229487637751831841e-02 1.076671781789702124e-02
1.565389913922314918e+03 1.035382659018944072e-02 8.390624958177461679e-02
1.462097481380185400e+03 8.653016996538025196e-02 5.473705744177846277e+00
1.855759576380392218e+03 -4.822089034867658996e-02 2.157556435842144182e+00
5.046788791741343630e+03 6.051034587539213527e-01 9.239413521184711726e+02
1.576537784550733363e+02 -6.689585341956379161e-02 3.527546809105022718e-01
2.113230777702495686e+02 4.067197294269115915e-01 1.747863090513817141e+01
2.621796330027347722e+03 6.261866646736442832e-02 5.140159373588891967e+00
2.034294662237574585e+03 1.462436627146250501e-01 2.175394243663286886e+01
3.747845903738897277e+02 6.288821616705110307e-01 7.411229851242335087e+01
5.428360853272542954e+02 1.266862453079426604e-02 4.356098023222178955e-02
2.404010543443366998e+02 3.005087963373421003e-02 1.085477311503498521e-01
6.795105912169904059e+02 3.919527314528526568e-02 5.219556766796445979e-01
2.077610501355171095e+02 -1.524478634104128871e-01 2.414219870705620608e+00
9.610438302557842690e+03 -3.195035091182603371e-02 4.905287471970808610e+00
3.170265488750866552e+03 3.264380453298545981e-01 1.689145944197063614e+02
1.849577559441109543e+03 2.400137385238523477e-02 5.327393239815521042e-01
4.702358877573658447e+02 2.497272419738141153e-02 1.466282383132682943e-01
6.220710224419194674e+02 -4.915696176324035882e-01 7.515883522845138032e+01
1.958774053460289224e+02 -2.835638245335510288e-02 7.875098550643787332e-02
9.254811662593444908e+02 1.710235002981687000e-02 1.353471674010369996e-01
8.822362376363015528e+02 3.780538584004816682e-01 6.304668355350111142e+01
1.546032972890601968e+03 2.033319182231280442e-01 3.195949232592772660e+01
1.340904603923768946e+03 -1.217808287508477805e-01 9.943189964353523536e+00
2.690697154109587700e+03 -2.610200424936635899e-02 9.166056623923097835e-01
3.906946062944464302e+02 -1.628297362070887239e-02 5.179345213667208014e-02
4.060141255642847113e+02 3.336003326857402418e-01 2.259248995075846622e+01
3.144623226497356427e+03 2.190685998139845284e-02 7.545688748669250323e-01
2.067349385277990166e+02 -9.602107890129297774e-01 9.530529862191916379e+01
8.525134717936942934e+02 -9.801476332692146132e-01 4.095003206097183011e+02
9.810699393457744009e+03 8.936876804383557804e-01 3.917793267139231830e+03
3.065566328473726685e+02 -3.017248422068335989e-01 1.395413303921924175e+01
1.394026279630803344e+02 1.321685417197523971e-01 1.217579035714025704e+00
6.978366712830962797e+02 1.083219073512829353e-02 4.094080608840173358e-02
4.131136378556956856e+02 -2.289230263422706649e-02 1.082476542451498019e-01
3.414224206117784433e+03 -4.548072589488414419e-01 3.531155287245852037e+02
5.612822077158984939e+03 -5.032494783615165668e-01 7.107517647900590418e+02
4.815707404582904587e+02 -1.477334593795034956e-01 5.255182847563275139e+00
2.159351403573955110e+02 4.386315432726425184e-02 2.077270470061960972e-01
1.575739106679969382e+03 -1.583075722578576316e-01 1.974502533688985650e+01
6.763411540484536999e+03 -5.612422913389541329e-02 1.065213339937109893e+01
3.069068447692824066e+03 -4.409633746759755724e-02 2.983881815651000302e+00
2.250911807379847005e+02 -1.150104546025868847e-02 1.488686067397661586e-02
6.760093608198946640e+03 5.781457235569140707e-01 1.129789018901173222e+03
1.501349809973902154e+02 5.035688352513013888e-02 1.903573223446954621e-01
1.329905812786007800e+03 -3.002316775544196514e-01 5.993823006427238198e+01
2.684829710018623246e+02 -1.363810836055126888e-02 2.496864777377322264e-02
7.383280186301728918e+02 1.471962413779017570e-02 7.998578198680902918e-02
9.860819896279810564e+03 -1.507522191849865016e-02 1.120496383111142302e+00
8.891123703877554362e+03 2.322833262497440154e-01 2.398627065672616538e+02
1.228170207897675539e+02 -5.248065590089923127e-02 1.691325010619805225e-01
3.995904926872367014e+03 -2.582778759145974434e-01 1.332783364080527235e+02
2.734529091745659116e+03 -1.036033678697887844e-01 1.467574980390746475e+01
8.020546935992234694e+02 5.443795971015578938e-02 1.188441116426259381e+00
5.057289910529744930e+02 -4.267268636151641537e-02 4.604556668340755166e-01
5.664922222231697333e+02 -4.364974993004708259e-02 5.396690049799877098e-01
3.363273702619961227e+02 -8.580645415800775000e-01 1.238146764929955310e+02
3.013244651582045890e+02 -2.291452987697401716e-02 7.910907414385798253e-02
4.236427080727000885e+02 2.267034140272163878e-01 1.088643943260770541e+01
1.935238357471932886e+03 5.567662970896360836e-02 2.999510205762915049e+00
4.231083292170793356e+03 -8.978646515655137605e-01 1.705467026216076874e+03
6.462978774255057033e+02 1.229139578497164507e-02 4.882082796469165015e-02
2.897136876123063757e+03 9.955177592934735809e-02 1.435611875660764802e+01
1.793419259845129318e+03 -2.166166669489155011e-02 4.207610904747322578e-01
3.952718467637152457e+02 -3.240758586670847846e-02 2.075674490395704175e-01
8.791589446070343911e+03 -1.996255061144246168e-01 1.751739261141759698e+02
1.450202305591744334e+03 1.525003985865804566e-02 1.686322183457883983e-01
2.922345720259939412e+02 2.958334698372869775e-01 1.278781108571679681e+01
4.024369816163788983e+03 -3.142871551469363922e-01 1.987564133289918686e+02
2.938574672085501902e+02 9.833959762933393023e-01 1.420900245643535698e+02
2.441342934517336687e+02 1.359371546523516390e-02 2.255667820132332274e-02
1.682475090756603322e+02 8.420512410707219342e-01 5.964797276871207998e+01
1.337474947852105743e+03 2.013156084400893539e-02 2.710257509092048323e-01
4.150578677447529685e+02 1.068989086620937383e-02 2.371511297936190754e-02
1.355340795401318701e+02 -1.843365306004903295e-02 2.302721064457524322e-02
1.553804100195960700e+03 -5.216067909452420936e-02 2.113745720810631390e+00
6.363198367837418346e+02 2.334094572826576897e-01 1.733334432012819448e+01
2.804471177446882280e+02 -3.169635651588411651e-01 1.408768627302768373e+01
2.067744127599498825e+03 1.220810923899245115e-01 1.540861535050629172e+01
6.620164975116405230e+02 -2.627764653000604911e-01 2.285660639558254204e+01
6.349442608436419505e+03 5.582984269500997909e-01 9.895515302971728033e+02
1.499552828116470096e+02 -7.296587344136268305e-02 3.991823639563596426e-01
1.633011232622217221e+03 3.004069918418331153e-01 7.368502739070618190e+01
3.587165003034521646e+02 -6.148889981888577827e-02 6.781328819213124914e-01
3.047819150728696059e+03 -2.490041376101833348e-01 9.448705766945519713e+01
3.233153937350249976e+02 -1.052270526017335707e-02 1.789992450024257414e-02
2.425021523755869453e+02 -8.060727285979183421e-01 7.878328006596154864e+01
4.757001141263770478e+03 -7.367718017262504804e-02 1.291127857735001427e+01
3.588548302167460861e+03 -1.473007047983577456e-01 3.893125914805334986e+01
4.127591348629237473e+03 9.270096121355718699e-01 1.773516251898779046e+03
5.654571569699347720e+02 -3.322915807024073298e-01 3.121823783545807984e+01
3.715005116558306213e+02 -8.972298355664605485e-02 1.495329268789781452e+00
4.629039413335655695e+02 1.333649166726030670e-02 4.116651271914964494e-02
1.072528152550612049e+03 3.872967904760730162e-01 8.043897002284172970e+01
1.153247645698425004e+03 -2.922954928010831552e-02 4.926481068203200642e-01
1.257074034382513219e+03 1.654160432704848971e-01 1.719832362452668661e+01
7.693955839539609087e+02 1.419028751431432658e-02 7.746438610463596275e-02
1.002517098853295920e+03 8.556855993825726037e-01 3.670204296733621732e+02
4.779488287180572001e+02 -3.132657266123797107e-02 2.345185343981895654e-01
3.718885290254182223e+02 -3.154332892261214605e-01 1.850111217264438679e+01
1.312779216697110087e+03 -4.073806944944093900e-01 1.089337828655684746e+02
3.024074016968741603e+02 -7.826611835111806359e-01 9.262111644635007224e+01
1.648068731150656276e+03 6.063140089575597830e-02 3.029287755841679086e+00
9.940579751002770763e+02 -7.140478841477918004e-02 2.534173770047052798e+00
2.158946214806504486e+03 -1.355452057986055933e-02 1.983262270446830844e-01
6.346479992156124581e+02 6.622945526474459665e-01 1.391891188739719212e+02
3.162573946988842408e+02 2.847101759791804618e-02 1.281789391261943245e-01
2.842934130632210099e+02 -8.065627489806375117e-01 9.247261143799329375e+01
1.678030033746341132e+03 -1.037851173407244587e-01 9.037324889823603158e+00
4.979033475479837762e+03 4.894939080697023603e-02 5.964988805242064984e+00
2.467475773833338735e+03 2.083600911050320290e-02 5.356140725716316275e-01
6.522217611322791981e+02 1.131666394605137099e-01 4.176400394339815136e+00
2.731083997897264908e+03 5.529340526222777802e-02 4.174954394664175616e+00
6.537875228932099162e+03 2.686090818287376059e-01 2.358565910022223591e+02
1.810240777493195765e+03 -1.727841366594673120e-02 2.702178801117331441e-01
4.696252561990631875e+02 -2.367738288850816317e-02 1.316402940591474835e-01
3.999082160092564777e+02 2.198978999274378843e-01 9.668798167098572094e+00
4.744229518719443149e+03 -3.288608956044151710e-01 2.565429982622272291e+02
5.708236824656054296e+02 1.134708093841248211e-02 3.674855719053265329e-02
1.672013392665698177e+02 2.638115445650394963e-02 5.818316599581898479e-02
1.266638030220797646e+03 1.111120966037900809e-01 7.818891969416928767e+00
2.617507139844031826e+03 -6.259875129233357649e-01 5.128486533531149689e+02
1.143325545148648644e+03 2.228878631459927373e-01 2.839963461448977355e+01
8.563809477665927261e+03 4.114711954507812436e-02 7.249630598145900606e+00
2.791624367130458495e+02 1.699762218668260036e-02 4.032768835951131697e-02
5.225119066957765881e+02 4.750495066046808712e-02 5.895816231487330805e-01
2.259423974969189999e+02 1.642487917312444173e-02 3.047699220592134731e-02
1.476632844899112570e+03 1.419680320603938783e-02 1.488070999963063135e-01
2.928503467914137218e+03 -3.714886073816484613e-01 2.020722820856108228e+02
2.637285819682081183e+03 2.424024284683943820e-01 7.748205609653717829e+01
9.329466073586219181e+02 4.893134850565301619e-01 1.116866239877301155e+02
6.779510761187689241e+02 -1.271183278318753843e-02 5.477529200598852538e-02
7.040218740564087966e+03 -1.400180822253589870e-02 6.901196720354529912e-01
1.207252433582612866e+03 -5.302214479260627389e-01 1.697003259782701434e+02
8.469831776185408216e+02 -1.920782178952065711e-01 1.562431637515736504e+01
1.363603098899462339e+03 -1.489461794258616599e-02 1.512574307892654568e-01
3.989337506948451392e+03 -4.183343295833898412e-01 3.490742352211847788e+02
4.878247105838228890e+03 8.068088971667146669e-01 1.587724540589909793e+03
9.442766247352612481e+03 1.593867973948238231e-02 1.199427306704138108e+00
1.174472729388493804e+02 1.801340910420457658e-02 1.905481630382761457e-02
1.325766110724840416e+02 -3.603587912248202296e-01 8.608097167747221334e+00
1.269600036120131108e+02 -6.534587810761696147e-01 2.710649264252125690e+01
3.834588021358428591e+02 -1.818547484446227935e-01 6.340711692370620156e+00
4.643257536854654973e+03 -2.040469201726758108e-01 9.666135187680656315e+01
2.303714444342684146e+03 1.407449832973899084e-01 2.281731286506598266e+01
9.047960343043469038e+03 1.298321877474058715e-02 7.625800567945502095e-01
3.096929958988742783e+03 -5.704651869879870940e-01 5.039177782900803777e+02
1.612205833802580855e+03 -1.236867142129379100e-02 1.233208750213066612e-01
6.252312073736803768e+02 4.189013773869201818e-01 5.485727468854229727e+01
1.447656574673160890e+02 2.077603057035441736e-01 3.124357364466531894e+00
7.126691057316972547e+03 8.216198627038516500e-02 2.405469177586331142e+01
2.261072849536838021e+03 -8.271717035377016414e-01 7.735277494754428744e+02
1.741358092157151987e+03 3.003987331606850983e-02 7.856955373949930932e-01
1.012244699686528406e+03 -2.033125199711779407e-01 2.092106372394674096e+01
8.637792105036851353e+03 -9.486098146902599559e-01 3.886404309053657471e+03
5.794409154258435592e+03 -9.549434857405413035e-02 2.642010282970597501e+01
4.153328442419806379e+03 3.809305541010801072e-02 3.013407725802868864e+00
1.209138177287083636e+03 -7.730080834421833302e-02 3.612551183084680595e+00
2.744537121538583619e+02 -1.871194078659488280e-02 4.804816238064467393e-02
1.099480018821518854e+02 -2.267579871894757904e-02 2.826718311067983463e-02
3.167068887889447524e+02 2.261622630859963165e-02 8.099678798420499592e-02
1.868558131547157757e+02 -5.352778636481265728e-01 2.676918720779091032e+01
6.533245596891204059e+02 -4.733377458252226444e-01 7.318823353536873810e+01
1.392576827817130379e+03 1.836108926752557866e-02 2.347394338320365204e-01
4.921868464293894476e+02 -1.869739911520945375e-01 8.603247256067877657e+00
6.337398483880280764e+03 -2.093547262323656316e-02 1.388821909776527308e+00
2.982002832149076767e+03 2.923758408266313030e-02 1.274562168091228909e+00
1.302356012524673190e+02 -1.455771665930957748e-02 1.380022757841236312e-02
6.765696983865915172e+03 -9.415177036747482409e-02 2.998744943392037143e+01
1.913947662081178862e+02 -1.196748517878343417e-02 1.370584634029874994e-02
4.288419913490178260e+03 1.596354342715804731e-01 5.464191412697159222e+01
2.340909321227292423e+02 3.163485395419829982e-01 1.171348870070443660e+01
2.129835545047205869e+03 2.866457307659363990e-02 8.749979405482796180e-01
3.676390891014049885e+03 1.971055917385549500e-02 7.141502225149468641e-01
5.681071479161465732e+02 1.283761857187462087e-02 4.681329319625758545e-02
1.512557414551409920e+02 -6.309827752259339340e-01 3.011042468588963317e+01
9.659325448888860137e+02 3.530003437406140088e-01 6.018206144976353045e+01
1.029893947044797642e+03 -9.406736495108208862e-01 4.556595397896213058e+02
7.538460036469998613e+02 6.918637605403973323e-01 1.804237924694130015e+02
5.691924258561418810e+02 -2.869418519154769975e-01 2.343240745700310512e+01
3.289076775634885621e+02 1.298324760284113449e-02 2.772111501034144054e-02
9.833904042372538242e+03 3.971616189210996906e-02 7.755869894909815265e+00
1.574107372479719231e+02 -8.525798792398591175e-01 5.721033826538705824e+01
1.645315148880751849e+03 1.216690441428360490e-02 1.217809318949938935e-01
2.389018572895599277e+02 5.366747435487059237e-01 3.440423023243418044e+01
6.023937348242910730e+02 5.520608488208975650e-01 9.179612493471663015e+01
5.751801977106938466e+02 2.969315063782027586e-01 2.535633571517125517e+01
2.794473031818773961e+03 2.551773236982800563e-01 9.098170758593552421e+01
4.764565542129068490e+03 3.233871778997543522e-02 2.491373855795919745e+00
8.512073173300581402e+03 -1.841396544370969834e-02 1.443111874615620405e+00
1.839693257597339198e+02 -1.623178270188188610e-01 2.423526992781616318e+00
3.876098015734486125e+03 2.395321636351346040e-01 1.111968359302842231e+02
4.840907779763898361e+03 -4.263054138081009414e-01 4.398843484082773330e+02
3.251232346201429664e+03 1.169997295133683342e-02 2.225295690215294830e-01
1.786634864214075833e+03 6.778071194017578627e-01 4.104101200121302213e+02
1.322346928725207363e+03 -2.941835032887781323e-02 5.722055240267828191e-01
1.893202949974087005e+03 2.461432951040039840e-01 5.735129082889466900e+01
6.493786315164730695e+03 -1.030897074845897772e-02 3.450631738523286529e-01
9.395396224209924185e+03 -2.609346421660618254e-01 3.198516427848480248e+02
1.101281430205720199e+03 -5.519070409268799215e-01 1.677259227092527283e+02
5.120510183402461735e+02 -3.104647131914933800e-01 2.467787334960693713e+01
1.714600113233841739e+03 1.974944411858740312e-01 3.343817795909705382e+01
4.977731482315771245e+02 3.358314479156746524e-01 2.807011510643884478e+01
1.757712419737331970e+02 1.682102540906059429e-01 2.486696364476690402e+00
7.006121773440187098e+03 -5.793817034650176195e-02 1.175918542206519923e+01
2.302883618638213363e+02 -4.277903610960586550e-02 2.107191397313947501e-01
4.989198984225319691e+03 3.416746388859206313e-02 2.912234334351686105e+00
1.156493970290385960e+03 7.762577287768284151e-01 3.484377908748052164e+02
1.010579926839994869e+03 2.051450187766366562e-01 2.126486471745866780e+01
2.068709430826594144e+03 -2.507373163316695130e-02 6.502905533734932852e-01
3.024689230256216774e+02 1.131012921370806862e-01 1.934576453505686411e+00
1.810172345969224352e+03 -2.105519725575660112e-02 4.012440073106081639e-01
6.318505956802478067e+02 5.860840570949858719e-02 1.085186091632727168e+00
2.056799289673298858e+02 -8.402218837763844594e-02 7.260221911580053700e-01
1.454698370818845206e+02 2.382601967713098290e-01 4.129010136258496999e+00
1.336151424648273576e+02 -6.770228842179304429e-01 3.062191739839959936e+01
3.181104153865608168e+02 3.590096683363983021e-01 2.050029837744991923e+01
1.685942428632515373e+02 6.156085425266729638e-01 3.194640698214315222e+01
8.950348981904749962e+03 8.254496699740726529e-01 3.049236922934123868e+03
7.181171129678216403e+02 -2.591713625509412325e-02 2.411788969180755915e-01
4.974699009437095469e+02 -5.703021782147177365e-01 8.089969312363967902e+01
8.143640709696479462e+03 -1.761581695038375028e-02 1.263555104863642864e+00
3.593044243330471090e+02 -7.580500990410372897e-02 1.032353386939394824e+00
6.816931580596877211e+03 1.538739517645675847e-01 8.070290245865275836e+01
3.979916268079669408e+03 8.503229659324900158e-01 1.438837530173770574e+03
1.486322653532567415e+02 -4.206778178235610621e-01 1.315171309915576892e+01
3.486432376597402367e+02 -1.881824377061166315e-02 6.173186964395388499e-02
1.959838147117904327e+03 -4.555891452837668165e-02 2.033934427033762038e+00
5.184764969432691259e+02 1.311395552842314904e-01 4.458271284533878998e+00
6.757045514913546867e+03 8.326967826683044638e-02 2.342613393464629468e+01
4.361470973995930649e+02 -2.408660123933077657e-02 1.265185006535237966e-01
3.298913035912757096e+03 -2.916592371992307586e-01 1.403112012018278278e+02
6.060668212737251451e+03 -4.535245481081744828e-02 6.232928031889087173e+00
7.696143893845541243e+03 3.334664138277241285e-01 4.279050200204801513e+02
2.180556126776334168e+03 -3.097956120996145368e-01 1.046376068579182714e+02
3.334426413735156530e+03 4.201055211598762607e-01 2.942442063233187923e+02
4.248796580303587120e+02 -2.211672817362483057e-01 1.039148712179530776e+01
5.749389883628968164e+03 4.775331764238788246e-02 6.555394970946998079e+00
1.172837908125711124e+02 -3.470690024634427440e-01 7.063820489248763934e+00
1.002951098436736856e+03 -5.476759931875756909e-02 1.504170862599287117e+00
1.456159996033121388e+03 1.450326202814546279e-02 1.531477028362803194e-01
2.111025635280819301e+02 -3.735975600589926393e-01 1.473233460029000952e+01
1.805949865108756512e+03 1.102448723193207199e-02 1.097469581302479569e-01
1.011519160030105269e+02 1.272851942492869426e-01 8.194074292233000101e-01
3.864609633007744378e+03 1.528625700846323043e-01 4.515209965980133688e+01
5.512207324267367767e+03 -2.856941063206649978e-01 2.249562743165178631e+02
9.193957178995371578e+03 4.073107357963388075e-01 7.626481051243928277e+02
2.725870765622767635e+02 -3.494793902534615304e-02 1.664632635859800702e-01
1.284745748055557613e+02 -1.085982686832093029e-02 7.575878424109395472e-03
1.007050272711378369e+02 -1.794130601251923626e-02 1.620799384855830388e-02
9.348479660115464185e+02 1.046487801047225191e-01 5.118931665422069344e+00
4.507512000640820133e+02 -6.880170667464315937e-01 1.066854807724398739e+02
1.196928246644169803e+03 -1.870287379438174621e-02 2.093412470970714978e-01
8.885667917664131892e+03 5.329896839575413298e-02 1.262111399597088379e+01
2.690655131538925389e+02 -1.394915638131878077e-01 2.617724436523864995e+00
1.477326130106808023e+03 -3.334698054799269951e-01 8.214089227489287737e+01
4.869128102855844190e+03 2.416375659271799980e-01 1.421510623294875586e+02
5.442072048789230394e+03 -2.944658684815640651e-02 2.359414355739153368e+00
7.115562431571335765e+03 -1.038867941230389898e-02 3.839723278247982874e-01
2.016994459599696654e+02 2.140239004572997913e-02 4.619545602925009820e-02
8.359604653243946814e+03 1.874717848769614018e-02 1.469019537589698388e+00
1.910243681649678820e+03 1.992660943986103161e-01 3.792500037067009799e+01
4.644695259193958350e+02 6.519707223351078884e-01 9.871506059608444161e+01
2.880925731006859110e+02 -6.218449755955558489e-01 5.570142760945240923e+01
3.590416297518680949e+03 -1.128658296330519763e-02 2.286860996393270395e-01
1.294608890618778105e+03 -1.485294447839012426e-02 1.428018075791848973e-01
3.832389673791458904e+02 -1.966173418808928319e-01 7.407698648842121258e+00
1.723606074978301876e+03 2.777816332428366120e-01 6.649899388471939687e+01
3.126902544652248821e+02 6.442451490993453822e-01 6.489132837684786637e+01
9.504232721283898400e+02 7.418763059390896808e-02 2.615471956770182960e+00
8.486802739490800377e+03 1.319241519936714159e-02 7.385208054543068723e-01
9.677680480241052692e+02 -1.561269294169363719e-02 1.179497216876422144e-01
1.825338549408676272e+03 -1.086291643574302662e-01 1.076976699746296262e+01
3.068905897206023496e+02 -2.784139519049738110e-01 1.189420901027990496e+01
4.740029922583081316e+03 6.092695563374928014e-02 8.797718134747947616e+00
1.260803332975899821e+03 -3.027284027115177342e-02 5.777283657796270511e-01
6.451622053129024607e+03 2.102325381296155093e-02 1.425734928102378563e+00
1.410388471818386734e+03 7.203808627224030092e-02 3.659595525512486791e+00
1.121562443082679437e+02 1.464762599147276592e-02 1.203172638082980472e-02
2.439363896831623606e+03 -7.231137013662269908e-01 6.377636715441334445e+02
2.853513413432596622e+02 7.801301614003114393e-02 8.683285100336198825e-01
1.506740585822616936e+02 -5.697373608761498870e-02 2.445444945882686294e-01
2.289958453558952897e+03 1.029667843740923738e-02 1.213925145258987898e-01
2.972149647687295783e+03 -3.842505286141163073e-02 2.194166721739184034e+00
1.521363570759302775e+03 1.193276501578952389e-02 1.083141495215666078e-01
3.120211022992275957e+03 1.220706742747593165e-01 2.324752150104620085e+01
8.677803598144785155e+02 8.074064656035940812e-01 2.828552648135317895e+02
7.383257264020917319e+02 3.059370167305609095e-02 3.455270565966552798e-01
1.928086102507001272e+02 1.512491518436124838e-01 2.205374377345520553e+00
2.593798948049453429e+03 4.403033012620686387e-02 2.514260065726949378e+00
4.108935208795967810e+03 7.424229567381017414e-02 1.132405792836490654e+01
9.456436920164971525e+03 6.646349393317484422e-01 2.088641343470701031e+03
4.387184365114947468e+03 1.958151990775505169e-01 8.411020407867484039e+01
9.775828646401128935e+03 -1.038083048498362505e-02 5.267296712627841382e-01
2.435306664728714168e+03 2.349436114288974350e-02 6.721263813774870366e-01
1.782084918205328222e+03 -2.134480245523096009e-02 4.059594717331780900e-01
3.984309396430189736e+02 -2.469803338115328650e-01 1.215200127775515249e+01
6.144798381468594926e+03 -4.655735247518177911e-02 6.659692758172750082e+00
4.999519699702139519e+02 -3.572511556532668719e-01 3.190403205625490912e+01
2.143806933854165493e+02 -1.892476985764569158e-02 3.838989189625443416e-02
5.920869841126210531e+02 -5.118004514246139447e-01 7.754554411149059945e+01
3.326218628921982940e+02 3.786220325667158937e-01 2.384144429508437213e+01
4.413096368535618240e+03 -4.098979044040134134e-01 3.707360441168017360e+02
2.492976631082875656e+02 -3.815564111706913619e-02 1.814703690143074089e-01
7.336234361433176900e+02 1.423773895861243574e-02 7.435758107566556308e-02
1.164499235527625615e+03 2.416079049131859835e-02 3.398846027715456963e-01
2.775727728719103652e+03 -8.501641218463802385e-01 1.003118903309153438e+03
3.963356832952289096e+03 -1.212804772550322985e-02 2.914841699416702570e-01
4.426168584566064055e+03 -9.289908254250738295e-01 1.909944755850494175e+03
1.960273491274865364e+03 -1.849808939072541680e-01 3.353825164131365000e+01
1.500061738778856125e+03 1.992766472244686948e-01 2.978461245671479674e+01
1.290991132449993017e+02 1.541779685471259854e-02 1.534397568894039533e-02
1.668406965829577985e+03 -7.597247630662425089e-02 4.814869974416490450e+00
1.016977475806716711e+03 -3.560800062043970593e-01 6.447279770652833975e+01
2.595330473815652681e+02 1.767599970635741480e-01 4.054437796698810104e+00
7.425844522251937860e+02 -2.497034585939809578e-02 2.315074502290188629e-01
4.901284578184113343e+03 1.770024468648061580e-02 7.677829501182825700e-01
7.748392353625664555e+02 1.856320578725572379e-01 1.335019368733195932e+01
5.193167558079688206e+03 8.492608350454673438e-01 1.872770382695686294e+03
4.676901738891520836e+03 -7.327816324932408254e-02 1.255675439989460784e+01
1.242511579621189952e+02 -3.490060776595341890e-02 7.567221197292772761e-02
2.751492394722002246e+03 -1.346997257430757738e-02 2.496156117542543684e-01
2.502155194719181054e+03 3.979498504097485623e-01 1.981257570195967048e+02
2.846347229300997128e+02 -2.124275673031222611e-01 6.422138017444603442e+00
1.576429802115077052e+02 1.148599757458405174e-01 1.039877260401463666e+00
2.119649356229611783e+02 2.020348146236603526e-01 4.325999399888060815e+00
3.674653551706867916e+02 -8.310988733723112531e-02 1.269088157019763186e+00
2.613960112293250859e+03 3.863168098924482652e-01 1.950545891961680809e+02
7.016555538983493534e+02 -2.795497652081880419e-02 2.741651410176852988e-01
2.720113333186623095e+02 -3.885048026150256933e-02 2.052814880786070217e-01
8.331436630633288587e+02 -3.102326191866254523e-02 4.009265516398271001e-01
8.608179084090732431e+03 2.795952408743219708e-01 3.364657383039985916e+02
2.494015790845199945e+02 -7.067326720040595367e-01 6.228443674236345373e+01
4.457526005354609993e+02 9.028363606765703597e-01 1.816694798766194481e+02
3.213132269048977037e+02 -8.933253532055766000e-01 1.282088272248131773e+02
2.429206730703964695e+03 9.366383529769287675e-01 1.065561092017469946e+03
1.294532640459177173e+03 6.083614769020561502e-02 2.395556513150389755e+00
4.132071190342799127e+03 -4.512274821484934390e-02 4.206577405738123332e+00
1.398366226476596012e+03 2.157367163319054079e-02 3.254161172770334565e-01
1.302353903691281403e+03 -3.695168771569900396e-02 8.891347383676486693e-01
1.501993588021160349e+03 -8.047073433168444589e-02 4.863109091484493440e+00
5.124116649479850594e+02 4.345754062859329969e-01 4.838595329283420199e+01
5.544485863827632784e+03 4.050018171318455623e-02 4.547212273163589558e+00
7.906449422337823307e+03 2.779070440501331743e-02 3.053167362155528863e+00
5.447345137929424936e+02 1.686184176263209322e-01 7.743992358277078658e+00
3.686994499347221790e+03 2.620820309025287953e-01 1.266242788530523171e+02
1.543709556002696672e+03 -2.579024982873048821e-02 5.133891608457558098e-01
2.812859365338834436e+02 3.105375212058041762e-02 1.356270100458409344e-01
6.843737084122209126e+03 -7.205361050931130551e-02 1.776539288540007888e+01
3.411160342608721749e+03 -4.735306482064071537e-02 3.824444160694540074e+00
1.602381505431136759e+02 3.019655444926122936e-02 7.305512867975484659e-02
1.207667865483106652e+03 -1.649885346526694663e-01 1.643709425356157183e+01
1.580992613137931642e+02 -5.935064547084934611e-02 2.784522542518439447e-01
1.958634351497492503e+02 1.427255593536822798e-01 1.994926405731488162e+00
3.740385430993718273e+03 -2.301542706709867325e-01 9.906595646646636055e+01
1.844747058163366944e+02 -5.319158434577307970e-01 2.609712605393931995e+01
3.302787600029256282e+03 -8.413755765549145726e-01 1.169042909313910286e+03
1.856692854598811664e+03 -4.286240120243605539e-02 1.705544536575605008e+00
7.096574864896066401e+02 1.328708178562560960e-01 6.264378775616703088e+00
2.615042797144242741e+03 1.804333150947860509e-01 4.256790356968468103e+01
1.385599355528246633e+03 5.141740193500703160e-02 1.831588608914825667e+00
1.226790940830321915e+03 7.264259886473423133e-02 3.236855491589339273e+00
3.859092735015802191e+03 -4.577596798579689485e-01 4.043247183594067451e+02
1.812429084803501155e+03 1.130718601429855918e-01 1.158617545120116965e+01
1.963039015412192612e+02 3.764045330008359419e-02 1.390620494320668477e-01
6.206590169600347053e+02 7.923750790729605642e-01 1.948429470629978084e+02
4.880091337388585657e+02 6.862577746017442526e-02 1.149138856670658404e+00
4.566909223671033033e+03 -5.830530741844861670e-02 7.762624214392503497e+00
1.001565491314106566e+03 1.100940446558483672e-02 6.069836758585331338e-02
6.979419196990746059e+03 5.767784930402244936e-02 1.160933661953164275e+01
4.299916066453851272e+03 -2.400153858830273990e-01 1.238534611441708364e+02
1.809201585998740995e+02 -1.705635942995580370e-02 2.631659172285744086e-02
4.518494103451125739e+02 3.188617135539000697e-02 2.297039564038238779e-01
7.325659741795867603e+02 1.125969536878275307e-01 4.643762807858754726e+00
4.660914137610519674e+02 1.740543250066085151e-02 7.060098262209869857e-02
1.174742326349612540e+03 -6.502697273600624994e-01 2.483703182694670204e+02
2.172422114446177659e+02 3.831325730319151690e-02 1.594455386203756653e-01
1.544145836753940273e+02 -8.065814202599171923e-01 5.022902483266667417e+01
2.221487267685800475e+02 5.765944649394381116e-01 3.692791358513313327e+01
5.032272776383840096e+02 -1.308958797756312048e-02 4.311080489570564417e-02
2.445225125060677783e+03 -6.488468400120257773e-02 5.147226052180288391e+00
2.246175420245436271e+03 -8.511129020340478524e-02 8.135570687799164702e+00
6.512004631627468143e+02 6.580034379082469465e-02 1.409746517792234144e+00
1.910352337531852527e+02 1.289932642005166274e-01 1.589342672798389255e+00
3.446219566124325979e+02 -8.838753503404261913e-01 1.346154765440879828e+02
5.187054319403869158e+02 4.795570130635535278e-01 5.964462238373950953e+01
1.394033086596506053e+02 -9.353595754497033843e-01 6.098180558545269037e+01
8.685085003101102075e+02 9.228231372845079050e-02 3.698120236136365424e+00
8.153325665639672479e+03 -8.322889665152953531e-02 2.823924416897854783e+01
1.287025213854476533e+03 -4.314810077772725516e-01 1.198065130621692447e+02
8.331254031183691495e+02 -9.644581079778917487e-02 3.874780613127863482e+00
7.919231461368004830e+02 1.851863918956141164e-02 1.357910608517070572e-01
3.185802753475129521e+02 -3.586221929164847694e-02 2.048628505371238862e-01
6.101241177814520142e+02 1.507731724675484553e-01 6.934838365265952653e+00
8.087157451849492645e+03 3.288208445471722113e-02 4.372044602593392781e+00
6.030823034833650127e+03 -5.747923915860190386e-02 9.962506343909286244e+00
2.613915384572854236e+03 2.072451085572489804e-01 5.613453213339056447e+01
2.663162063546181798e+03 7.714932820233667554e-01 7.925595390858926521e+02
2.089159224057003485e+03 -1.899008795171669428e-02 3.766998934759723250e-01
1.271273713470318256e+02 2.365615915344810097e-02 3.557111987018067578e-02
1.756672794250757477e+02 -5.635350426926569734e-01 2.789348217547140862e+01
3.193711950580502048e+02 1.316766333016920407e-02 2.768746379861131840e-02
6.569253420481325520e+03 -5.566600725746326250e-02 1.017808712109413349e+01
5.540854430843100999e+02 -2.300533806740101828e-01 1.466236357352677366e+01
2.529584657992659231e+03 1.695562789019655278e-02 3.636193421700549266e-01
1.173103885029795777e+02 -2.855920432722585667e-01 4.784082768106106442e+00
4.754985225848952723e+03 2.846936207250979831e-02 1.926968644120709229e+00
1.797788615070871401e+03 -1.637657563073433298e-01 2.410764683231551331e+01
4.654097693421370423e+03 2.707938318720021775e-01 1.706408615521504544e+02
1.047618611697565711e+03 -4.795583132013542943e-02 1.204636609868799724e+00
5.991922128180025311e+02 2.621923231766954965e-01 2.059567870991440941e+01
3.447564116233064055e+02 -1.234647439235170285e-01 2.627654591190935029e+00
4.730180395451895492e+03 -2.333966737465521801e-01 1.288359407338155904e+02
8.025984382603311360e+02 -3.764593935568535388e-01 5.687279751019303120e+01
7.769126051649806186e+02 -1.016265964860241233e-02 4.011963141126353993e-02
1.033065512253564151e+02 -1.549689468882885918e-02 1.240472757972891152e-02
1.339488681549733258e+02 -1.241723391230939583e-01 1.032663381747101372e+00
1.499841745582963028e+02 2.186168018621652831e-01 3.584119779143680962e+00
8.537682458269653580e+03 2.891415324963364508e-01 3.568871897083892577e+02
4.623980856199621485e+03 7.211572356745267476e-02 1.202391679767279342e+01
8.675235560800691701e+02 -4.693340601748565710e-01 9.554664144385259306e+01
5.992801872561190066e+02 -5.089062405496239672e-01 7.760245794721977575e+01
6.785069730812308990e+03 1.467697875541348895e-02 7.307985060112482945e-01
8.465439550278595561e+03 2.147165216368147056e-01 1.951418614234189022e+02
2.518830347301039183e+03 3.760992695651181605e-02 1.781451082414921894e+00
1.413041931305325818e+02 1.934946525586171973e-01 2.645227252966450227e+00
6.209878266995144713e+02 -2.686126730246343186e-01 2.240299532931731363e+01
1.165264993075171844e+02 1.630560477276890574e-01 1.549061023492626754e+00
1.181073613348789877e+03 -1.818155161802728348e-01 1.952130548995187453e+01
1.721003265257916382e+03 3.783148608950131497e-01 1.231568299499788139e+02
3.052372080456373169e+03 7.702798049965783878e-02 9.055334558365096598e+00
2.768782366993875712e+02 4.807245620398487712e-02 3.199274096772977138e-01
1.652232672353847818e+02 3.255657858190707382e-02 8.756261564989877011e-02
1.183437915098982103e+02 -1.065681406280359102e-02 6.720015275298427473e-03
6.923310536995124949e+02 1.051045429505777749e-02 3.824078441609398554e-02
2.488282799232290472e+02 7.612658561165817073e-01 7.210119201010544998e+01
2.232271097040080576e+02 -8.690144008262870590e-02 8.428899725378781183e-01
1.417254016153011378e+02 1.328013511274952520e-02 1.249748683291699268e-02
6.291001858013393758e+03 8.703798059725954550e-01 2.382908850180759146e+03
3.671209575001223584e+02 1.816852820269074242e-01 6.059247278726052066e+00
6.485635560660029114e+03 3.306017029139260988e-01 3.544318308475498043e+02
4.671735031678563246e+02 -2.195218168799904779e-02 1.125650540206491051e-01
5.979088976033408471e+03 1.643139182865803807e-02 8.071490219356759477e-01
2.834452320892423813e+03 8.701443673991431094e-02 1.073054516562808125e+01
1.625607572862553241e+02 5.873742664178857598e-02 2.804242386003232834e-01
4.322560442865689652e+02 -6.374748974795167999e-01 8.782886180377825269e+01
2.503813764323460418e+03 -1.673644354089721953e-01 3.506698119798966218e+01
5.484845920194452447e+02 -1.899589385739278435e-01 9.895868252024547118e+00
7.609257613145533469e+03 -6.729054278250660992e-02 1.722742447780063557e+01
1.011722360181682916e+02 1.970012764413161394e-02 1.963222094560120382e-02
6.819827962480308088e+03 -1.935503096898891218e-01 1.277412509084863501e+02
3.241974118095960762e+02 -2.047262343843816446e-01 6.794015673234786057e+00
2.606283894636601417e+02 2.459120356248643488e-02 7.880455017425892772e-02
5.928221794446492368e+02 1.563266835835775206e-02 7.243703695860169434e-02
1.014027204515113908e+03 9.422478999493294483e-02 4.501424467215300318e+00
1.301193360126419520e+02 7.678737512821992572e-02 3.836113841644182010e-01
9.834613512290343351e+03 -7.370075079251502403e-01 2.670983011974351484e+03
2.274435754212830034e+03 -5.620321289308238127e-02 3.592245126069361749e+00
7.969691206865820732e+02 8.723010486157116439e-02 3.032105359117134302e+00
2.137007013804129087e+02 3.800312043478747126e-02 1.543172473229744712e-01
4.934978517871829240e+02 6.505258895170750177e-01 1.044201809063921331e+02
3.186482282112688722e+02 6.693364355167265300e-02 7.137899773184410712e-01
2.550732097212048757e+03 -7.051245293432448769e-01 6.341127669861872391e+02
2.579478871545968559e+02 -1.696767484060685699e-02 3.713185494912167595e-02
3.580319228753605785e+03 -2.159659623866229672e-01 8.349536608968813312e+01
7.176270318408598996e+02 6.121746573281151571e-01 1.344681678103915203e+02
4.571584822499731672e+03 -1.342463925835878369e-01 4.119476552106970502e+01
3.190635895147261749e+02 7.080939877994908704e-02 7.998877854046260172e-01
1.313248389397554092e+03 -3.221332553201929766e-02 6.813778380455923767e-01
1.315894688866627575e+02 -2.144898660722481185e-02 3.026946147530580958e-02
2.153324997626661741e+02 1.624008214758652369e-01 2.839592561552295891e+00
1.863902555149201703e+02 5.508246046395667284e-01 2.827612356499192003e+01
5.106665286656865646e+03 9.402213258962922593e-01 2.257187271755727579e+03
1.738117447577348003e+02 -1.566357361524437983e-02 2.132214186067530118e-02
8.748448285411783445e+02 2.215547234024325407e-01 2.147153335303903532e+01
1.134478980313467389e+02 -2.555698954551705038e-01 3.704979835174504021e+00
4.464562997760951930e+02 2.071808891471153824e-02 9.581827432328440808e-02
7.080393196309038103e+03 5.827339389141750203e-02 1.202175866784958380e+01
5.708535598120771510e+02 -2.189666466810764531e-02 1.368518437907103869e-01
7.190243811085634889e+02 -2.213779612815500522e-02 1.761904596309615822e-01
1.633357438824202461e+02 5.632391578030262469e-01 2.590818085139020255e+01
1.558725699551631578e+02 1.217669859415615626e-02 1.155576796184706705e-02
3.062264676931541203e+02 1.442660567304736643e-02 3.186699055584307078e-02
1.286835975720154465e+03 -8.881001453888784369e-02 5.074778374440589879e+00
3.291101396662995739e+03 -2.383130934289988123e-01 9.345597555421110769e+01
4.379177324589014688e+02 2.614771188088134690e-01 1.497027979410179732e+01
5.516750011290525890e+02 -6.413442051468951632e-01 1.134581398391513005e+02
1.391275870781134643e+02 1.346867412841141198e-01 1.261923268163765322e+00
8.718312997643780591e+02 -4.873357760313221793e-02 1.035282923206646721e+00
3.605684509544860248e+02 3.795875517231273588e-01 2.597656080991859184e+01
3.746044845396985465e+02 1.810532306582245676e-01 6.139818509958744563e+00
9.277052662768996925e+02 2.893122535513020233e-01 3.882519830632936930e+01
4.512360132499429142e+02 -6.398552665609476275e-02 9.237134251816800923e-01
1.429262750447758208e+03 9.255241051897278304e-01 6.121495694484638079e+02
4.037124614345573832e+02 -3.679592183322545618e-02 2.733011974754498974e-01
1.552085327099586493e+03 1.730770976274554340e-01 2.324688703287833036e+01
1.025973993873593599e+03 -3.588790211709874112e-01 6.606972517370287790e+01
2.614841763517807181e+02 -3.086427863465088239e-02 1.245453963716996459e-01
9.084082490547950783e+02 2.793117309248096397e-02 3.543475432041366946e-01
2.253354688520174989e+02 -3.936868788918568979e-02 1.746229989491048795e-01
2.235341659360421545e+03 2.099903490882507745e-02 4.928475334512965600e-01
4.016837001196186065e+02 7.473180981239489762e-02 1.121670280315686163e+00
1.529942758768429030e+03 9.679167257258447510e-01 7.166732191840803807e+02
2.108146576017362804e+03 3.155794105623675044e-02 1.049755428264080193e+00
1.001289877071280330e+02 -5.968856821423702830e-02 1.783660326490366654e-01
1.267351366914478632e+02 4.460813293442816158e-02 1.260942069356220108e-01
3.638818648585454866e+03 4.155897897055283591e-02 3.142390509396758347e+00
9.976238911323791399e+03 -2.158991327902598789e-01 2.325083965907962522e+02
4.503725725602885746e+02 6.115844541991976024e-01 8.422767522932799977e+01
3.179203524594557166e+03 5.056794273814651380e-02 4.064797423768786722e+00
4.177930366576386405e+03 -1.825590490262665039e-02 6.962062716606196577e-01
3.511611920375441400e+02 -1.234786759857763386e-02 2.677074436933853108e-02
2.951610765979217490e+02 -1.934120596070198206e-01 5.520725953003487341e+00
3.380909741533437227e+03 -1.003941224130717735e-01 1.703806052077975153e+01
6.181910947756718997e+02 -2.602900089825514393e-02 2.094149805227236705e-01
1.110675086878012507e+03 2.848294096450514346e-01 4.505330904641819245e+01
4.549434571978413260e+03 -7.270519606399590273e-01 1.202425915231744284e+03
2.275363099455892382e+02 4.584184690583607558e-01 2.390809252503519744e+01
1.638907567509399314e+03 1.080274959769278627e-02 9.562976396629054021e-02
1.072992017851576293e+03 -6.170801947931071896e-02 2.042912244383303655e+00
7.557201705803497589e+02 -2.559951159819370270e-01 2.476249367514353850e+01
2.365650846466133430e+02 -4.426666007058804864e-02 2.317790410603328133e-01
3.186517018721096406e+02 3.435023177173168185e-01 1.879946932602450715e+01
1.739553637412904209e+03 1.084537307328231615e-02 1.023049908196051599e-01
9.870819500635165241e+03 -5.906987681825789371e-01 1.722088018548267883e+03
2.961709114762031732e+03 -7.048633702379203392e-01 7.357364804101881646e+02
3.870352027839995230e+02 -4.963214087220571002e-01 4.767014687411192142e+01
2.653491640793110491e+03 1.947346046756581392e-02 5.031227953593779834e-01
1.091398618571771948e+02 -1.034076176765448829e-01 5.835236598354407445e-01
6.928628467905976322e+03 -2.751495265602631468e-01 2.622737452435887917e+02
8.592284927716608536e+02 -3.085265141669109312e-02 4.089438292559991472e-01
9.159759379208504470e+03 4.386036784865280508e-02 8.810460509669317375e+00
5.919879786904925822e+03 1.214785411699127182e-01 4.367993946123600324e+01
4.022974928595393976e+03 -1.697965563883635232e-01 5.799293471893842167e+01
1.784766192611024280e+03 -1.876667292814912236e-01 3.142866293371219655e+01
1.302290792697832273e+02 -3.872381066539525019e-02 9.764143433023331209e-02
2.736733969316463799e+02 7.893297238329212429e-02 8.525492995229680959e-01
4.694526339747250859e+03 -6.375900080904319811e-01 9.542118143091718139e+02
3.643881770155089725e+02 4.496723031438171897e-02 3.684058850075712654e-01
2.685352487773909615e+02 -1.624634822713820134e-02 3.543911112248219336e-02
1.483211049723782480e+03 1.182665349557882224e-02 1.037281666829244636e-01
3.241471609907835614e+02 5.403866853453724861e-01 4.732836550332412173e+01
5.543999526796169448e+03 -1.553815361056115965e-02 6.692555941337960945e-01
1.176551589863520064e+02 7.220550406789886244e-01 3.067055166865992533e+01
7.373851599929658960e+02 2.404199652956628963e-01 2.131107991683710878e+01
1.487018682435977723e+02 -1.608969288818283272e-01 1.924783727528564192e+00
5.151421918564369662e+03 7.371108914295891879e-01 1.399467387890321106e+03
4.762946645202267064e+03 1.582605231429944082e-02 5.964731719863342052e-01
1.293779216787796031e+03 -3.914131479124130508e-02 9.910623881260230972e-01
1.045817282295128194e+02 3.959709986986111041e-02 8.198843120537023521e-02
1.850977117232613864e+03 2.507900796914490360e-02 5.820921748488064873e-01
5.624069393312244074e+02 -1.112813905369264625e-02 3.482296630578979313e-02
3.731555139112385859e+03 -4.040719905637167597e-02 3.046332907125733680e+00
6.739795841145601116e+02 2.473987148043240436e-01 2.062583902865334906e+01
8.482574788875481318e+03 7.962879404194660449e-01 2.689292116367583276e+03
5.689975549986396800e+03 7.824649274848911595e-01 1.741847642229424082e+03
1.501503962781788459e+03 -3.039807201259856484e-01 6.937269495388628116e+01
1.588486201687374830e+02 -1.480251115878432507e-02 1.740300501452048815e-02
2.619323862195582933e+03 4.095099074996007976e-02 2.196281636838997020e+00
5.251098601741556195e+03 2.899566788278474250e-01 2.207427308441739910e+02
8.934070128526548160e+02 3.865746128595032305e-02 6.675534131515848957e-01
2.645612332521799090e+03 -1.805503530105089793e-01 4.312140417767595579e+01
1.986632795158733870e+03 -9.116821215938097911e-01 8.256091191676297285e+02
6.406964499748139588e+02 -7.997657161287190231e-02 2.049027976998196277e+00
5.682127183756098930e+03 1.311802449262236721e-02 4.888975147330524851e-01
4.532565121426719998e+03 -2.662407927404399355e-01 1.606435350021213537e+02
1.507022411265059873e+03 1.415843892908700274e-01 1.510499058534005101e+01
3.574936285761527870e+02 8.697748964511735348e-02 1.352234612085399412e+00
1.927317234339257311e+03 -4.043674810523859020e-01 1.575707690311419924e+02
2.005772146124188566e+02 -4.411364904733876963e-02 1.951630370948769788e-01
1.119795429186648903e+02 9.649236247125207999e-01 5.213082212047570607e+01
8.752906000894860199e+02 -1.760153902987898478e-01 1.355887181100713690e+01
3.007808426002706256e+03 1.584776976460848877e-02 3.777082599163560928e-01
1.230121678654331134e+02 9.839673461938305832e-02 5.954968232350037471e-01
6.836741557445748185e+03 2.443734446689322520e-02 2.041395667149302984e+00
1.367535176046062588e+02 3.802853154934368596e-02 9.888436338252631908e-02
1.579184515820513298e+03 2.272875044970601721e-01 4.079002786618129761e+01
7.201357999348398380e+02 5.125832755324172263e-02 9.460482131504971415e-01
4.952478397813562879e+03 3.457622552040323094e-01 2.960382025154592611e+02
2.404093508310601919e+03 1.404701761968714727e-02 2.371863076867079811e-01
1.845040129457874230e+02 -2.858809015072419357e-02 7.539561823143875463e-02
4.618000729053352188e+03 1.872731548299680637e-01 8.097949329100940474e+01
1.340964729017345917e+03 2.436286035694465793e-02 3.979641133519958851e-01
6.023270423166369255e+03 2.471463684551068393e-02 1.839546764901948572e+00
6.981230500109518289e+02 2.815821720410038309e-01 2.767657157095725040e+01
3.526674468944388991e+03 5.173733739570812035e-02 4.720016611520869709e+00
8.791372950129375567e+02 7.081449622046520620e-01 2.204301764705737128e+02
7.928837018944363081e+03 9.975058406526104982e-02 3.944667388484420201e+01
1.819166200708496490e+03 3.655652968487902998e-01 1.215548538676003574e+02
7.292105831712188774e+03 6.427628861568225327e-01 1.506345351909298188e+03
4.890967683977999059e+02 -1.844593984958221577e-01 8.320824725462678373e+00
1.119901092821583006e+02 -7.679523274769192720e-02 3.302312699825669662e-01
2.913326731249139357e+03 6.005150483665069178e-02 5.252995005453755084e+00
1.895499971781249826e+02 -9.589120380955930278e-02 8.714677663228574955e-01
2.995548393552977814e+03 2.980254314426604156e-01 1.330310427121648900e+02
1.045480619021605207e+03 6.154236032053922445e-02 1.979859117640315969e+00
3.531685087639325957e+03 -5.136860291918592392e-01 4.659587639247930042e+02
5.309243468425020183e+02 -2.092482096378897247e-02 1.162321168464792026e-01
2.030066587685430250e+03 -5.051732541684281763e-01 2.590365135672439578e+02
2.152909694630285685e+03 3.018430043153660924e-02 9.807493917210525769e-01
1.369917710367420341e+03 1.458766668491701113e-01 1.457592576098118009e+01
1.611457685295359283e+02 8.974155418752353119e-01 6.488974739322988228e+01
1.661173723615792994e+02 -2.077252887014303939e-01 3.583965328689314500e+00
4.699940418582102666e+02 -2.020186773920880363e-01 9.590591733094498750e+00
7.420870010392404765e+02 6.704522245157323868e-01 1.667863485204884739e+02
2.038674060920689953e+03 -4.409460899209196039e-01 1.981932198432432131e+02
8.291171980789678173e+02 2.454255493780568842e-01 2.497039840615887840e+01
4.853065671114220095e+03 1.585031254295283520e-01 6.096236866626585282e+01
2.053059393374105639e+02 -1.842186826663928523e-01 3.483684870629417230e+00
5.940577606696278053e+03 3.392119151493414031e-01 3.417754595138380864e+02
4.942167362507182588e+03 9.347456192493577287e-01 2.159107816399025523e+03
3.149062052326900357e+03 1.201915536057355377e-01 2.274569025357730112e+01
5.188137626146101411e+02 -1.189017363062773169e-01 3.667396664718078014e+00
1.597914652569342024e+02 -2.821077091933987813e-01 6.358482673211634406e+00
7.985840984793309190e+02 3.653623548351147415e-02 5.330135603281573875e-01
3.148459022162280235e+03 -1.664829955143209278e-02 4.363227045402372495e-01
7.431823668346311251e+02 -5.164096301812499956e-02 9.909553032646016835e-01
7.987783565317985449e+03 8.502869675590050969e-02 2.887535541408487916e+01
1.194462243522928588e+02 -1.855179671237490793e-02 2.055485342533902929e-02
5.534723121714132503e+03 -8.456036423948473657e-02 1.978789486398038733e+01
1.240540478717156930e+03 1.590921077279302820e-01 1.569922505851281613e+01
2.646722789765084940e+02 -7.495732449055182711e-02 7.435438988062292864e-01
1.728476984874473374e+03 8.369754105130790267e-02 6.054231224536460232e+00
3.628255326102295726e+02 -2.659207887845493334e-01 1.282839803046238103e+01
2.725038281221744114e+02 1.361084445632523149e-02 2.524136016799843202e-02
4.849689129043086723e+03 2.536579020168639245e-02 1.560201522137788288e+00
1.678245096240535190e+02 -1.361587413001831386e-02 1.555666312088409102e-02
3.680869718758701197e+02 3.555661074839323033e-01 2.326811305743678204e+01
9.430527633484031185e+02 -1.976480362879557556e-02 1.842005844956900729e-01
6.047455787138820824e+02 1.992900488827773486e-01 1.200919601956403682e+01
3.717736632801942278e+02 -9.204351131987664747e-02 1.574834720305422042e+00
3.431009025633568399e+02 1.236021550893813201e-02 2.620860774469523438e-02
6.415969360494977991e+03 3.499191411547958319e-02 3.927965685489373193e+00
3.825694941010406183e+02 2.035251594789751553e-02 7.923490625326712333e-02
5.412069023466124236e+02 1.842188923708968154e-02 9.183361163990114151e-02
6.959671964710909378e+03 8.573242556119062829e-01 2.557696426057546432e+03
9.471155210854752795e+02 5.722384208475566475e-02 1.550697137573446183e+00
2.418096383871089472e+02 -4.456154539682187499e-02 2.400844871973173145e-01
1.186059288888901335e+02 -1.326248329010644156e-01 1.043100378350628077e+00
5.107855370890279119e+02 4.990993671481162158e-02 6.361838417781499055e-01
7.675452009762070702e+02 3.857150282033805500e-02 5.709618425641095341e-01
3.229940449186213414e+02 1.628275321368199136e-01 4.281739100359054362e+00
1.575892682358420416e+02 4.033622833796139673e-02 1.281997613918685330e-01
1.489349636148606805e+03 4.805977008988218113e-01 1.720006332124602295e+02
2.610989834198313702e+02 -7.402476700137289312e-01 7.153676279603060095e+01
4.252708897031942001e+02 -2.437489815257443126e-01 1.263343003553202415e+01
3.092234244480614507e+02 2.067250227622008038e-02 6.607367861217362803e-02
1.158479497887204701e+02 1.822028008774533372e-02 1.922952046697409823e-02
5.448785649950645166e+03 1.880149080151488974e-02 9.630621196027552289e-01
3.852424443776141061e+02 2.813145973967973168e-02 1.524363954117444186e-01
2.499254976550830179e+03 4.293032363114294286e-02 2.303079315008843775e+00
5.287808867062306035e+02 -1.237090884182943246e-02 4.046215100209513138e-02
2.141110838783730287e+03 -2.055996636714588904e-02 4.525368547719522683e-01
5.932721140503934976e+02 5.148560271472397282e-02 7.863131560769176520e-01
3.398562178024963600e+02 9.427811680058856281e-02 1.510382768064842285e+00
9.355519402858950571e+02 6.816181187917698392e-02 2.173302406150344979e+00
2.102982170247058491e+02 1.995749816193579523e-02 4.188107213164329184e-02
8.638504973545472012e+02 -6.301938544018692578e-02 1.715366480010829031e+00
1.057844141571603359e+03 1.667203779178216133e-02 1.470175095866499415e-01
3.730466007483382782e+02 4.430315330564568721e-02 3.661022250228516128e-01
7.742265040257408145e+03 -4.995320860880920200e-01 9.659726208301963197e+02
1.094191056766680049e+03 -1.619394312577679962e-01 1.434724070222868697e+01
1.849356794482121359e+03 -1.727999514226728414e-02 2.761073346927592209e-01
2.843478669720583980e+02 4.277132438965763200e-02 2.600910305037639758e-01
9.272857442007866666e+02 1.132337025535507316e-02 5.944769278809543950e-02
1.436591005672537676e+03 -2.448386747332211566e-01 4.305892543731774680e+01
2.369402745931854042e+03 1.826772441145904646e-02 3.953464051255963230e-01
1.405772877342266611e+03 3.126456401587023731e-02 6.870524899323998680e-01
5.332722150105136052e+02 5.968236828367299435e-02 9.497538377756737926e-01
9.653709472552536681e+03 -2.293870993293568306e-01 2.539815727913538979e+02
5.595791071716302213e+03 -4.932359349411927218e-01 6.806767474607263466e+02
3.310081448496546273e+03 -1.012460655297434259e-01 1.696543482932471036e+01
6.909446178590064847e+02 5.473656118630012557e-01 1.035066520617585581e+02
7.726069726587444393e+02 4.809985480883072761e-01 8.937502133630034962e+01
4.255451259977731411e+02 1.841633740118426774e-02 7.216425806676797505e-02
3.726632527406796271e+03 -6.318291123591659453e-01 7.438508097284931182e+02
6.150259881226129437e+02 1.932444311200490206e-01 1.148358386642624396e+01
3.905243297682624757e+02 1.747977067935902948e-02 5.966086716901818077e-02
7.077770925126812472e+03 -8.309793450426179728e-02 2.443694800654817456e+01
1.407717448321608344e+02 -6.634626128532249145e-02 3.098263904407605462e-01
3.232133259249474122e+03 -1.946438163014922035e-02 6.122664814694812607e-01
1.108996606378381102e+03 -6.167922781772043894e-01 2.109492946230077450e+02
2.942234800681706929e+03 2.382922584802943736e-02 8.353475423144937073e-01
4.841879775477061230e+03 -5.690216729023483966e-01 7.838656296185851033e+02
5.592528494705338744e+02 -4.146269420183353871e-01 4.807211691447776758e+01
7.783217308608916483e+02 -4.348453596438314056e-02 7.358661748922062928e-01
8.444417323581290475e+03 -2.577167654015234330e-02 2.804303642800674456e+00
6.941394767809962332e+02 -2.063917416739636385e-02 1.478432089247868897e-01
8.128278727776788628e+02 -4.608590335414269878e-02 8.631868219523642916e-01
8.302553215168589304e+03 2.746735894542072232e-01 3.131954744867611566e+02
4.974058721682756072e+02 5.879352771592326332e-02 8.596861918491828236e-01
1.421623927985897069e+02 -2.835834962220976432e-02 5.716321334296235041e-02
1.717568519827288469e+02 -2.608198045785403707e-02 5.842049148099163342e-02
9.641287303384659026e+03 1.359599554384813107e-02 8.911012567926054340e-01
8.389812621065964777e+03 -6.127755922825476320e-01 1.575161841830025651e+03
1.133277598848489561e+03 3.294558612092504668e-02 6.150363513196291931e-01
7.818130377314329280e+02 2.011371153929997907e-02 1.581456853696912856e-01
7.965961242986267280e+03 1.345787221167780642e-02 7.213748446222990607e-01
6.192571768551370042e+02 1.386821360695965344e-01 5.955004547797783765e+00
2.555506999517710938e+02 -1.917124709413639549e-01 4.696213240656730292e+00
1.022420013307536124e+03 -5.169400497442664388e-01 1.366091241313507680e+02
4.428380596407187682e+02 -9.844894957308669703e-01 2.146036562533105609e+02
7.784118695289332209e+03 -2.953106948537231879e-02 3.394202936920170277e+00
1.360606594733990562e+02 -1.966264007318248644e-02 2.630184626108066429e-02
2.184277514467550816e+02 -3.817572029835162445e-02 1.591667320162606647e-01
1.471457323645198585e+02 1.069089153962643306e-02 8.409022652635430445e-03
4.958527138072476532e+02 7.170025079765179887e-02 1.274571045476386999e+00
6.392526424546480484e+03 5.572942352866631088e-01 9.926854071718234991e+02
6.719933785523069673e+03 4.251311877641117398e-02 6.072687463933815977e+00
6.917116022706626381e+02 -9.664977381707642312e-01 3.230700870122059314e+02
6.936775467549132372e+02 1.059631067963947709e-01 3.894368179135602404e+00
2.930619752216841334e+03 2.100419011761638435e-02 6.464595535608489429e-01
1.843033938341043267e+02 4.606694502618562115e-02 1.955609606611045381e-01
3.234415725927038693e+03 1.226356683870995778e-01 2.432200923546211158e+01
5.655890098568082976e+03 -2.449404230449678255e-02 1.696648562468541455e+00
3.669989449232176071e+02 7.463690513541033911e-02 1.022214567362248472e+00
3.213176541019633078e+03 3.983390350840491922e-02 2.549237661430879598e+00
8.367948609101951661e+03 2.220823709461489451e-02 2.063560372510671925e+00
9.884756081856825404e+03 2.137235598391317160e-01 2.257567581326062225e+02
5.982748973526190639e+03 2.428805016356301028e-01 1.764639871071045434e+02
4.329004885010850217e+02 -3.339295383049413757e-01 2.413613655291797855e+01
4.533839404673530225e+03 -5.845911504108470824e-01 7.747125839148692421e+02
2.873976020370937476e+02 2.312988867485746280e-01 7.687767304580778394e+00
2.080562276678044782e+02 -2.616803313195867897e-01 7.123491102791484231e+00
2.444844053078607431e+03 9.381566137004410111e-01 1.075899872019389022e+03
1.304738868789480421e+03 2.060964871201984572e-01 2.770988883356936938e+01
4.997334351420433336e+02 -7.628130880359702826e-02 1.453933969325259312e+00
6.736059063401048661e+02 2.827297277446893381e-02 2.692271419145094713e-01
1.920204433442621621e+03 1.283789945152025505e-02 1.582360423420071938e-01
4.020279480040278486e+02 5.085945035460963659e-01 5.199595680880721460e+01
2.341298222783400433e+03 -1.294728415662307029e-02 1.962384473770771298e-01
1.893151744634142233e+02 -2.645242446602815156e-01 6.623482546580174102e+00
1.467614821252208003e+03 1.294205240751746325e-02 1.229103347723591866e-01
3.290089642270514560e+03 -7.794931799615191503e-02 9.995450547155819265e+00
2.582406210892797844e+03 -9.995342667700271022e-01 1.290000673132259635e+03
2.320063152783419810e+03 6.716849447118516947e-02 5.233606173708539977e+00
1.158319836909068528e+02 -6.800573128811560064e-01 2.678486911158459804e+01
3.018442824275679868e+03 1.436992110153584995e-02 3.116461208067536348e-01
7.058179167732873793e+03 1.267476845368986291e-02 5.669473782727927347e-01
2.615474945313416811e+03 5.795877198217229687e-01 4.392976891678171114e+02
6.010142802589167331e+03 2.861327545858050742e-02 2.460310652702678791e+00
1.322264715692831487e+02 -2.224518457127524357e-02 3.271601814461778945e-02
1.160116442698343462e+03 1.461170217161957170e-02 1.238434977694209821e-01
1.353934673452570223e+02 -5.587369875661273716e-02 2.113404163526906021e-01
3.538364300449947677e+03 7.116123607085856895e-01 8.958999561789286190e+02
1.952041827224625195e+02 -1.203525674093152975e-01 1.413740963869234202e+00
1.043150779001670116e+03 -3.832421450764977866e-02 7.660614632770752497e-01
9.312953536446514136e+02 5.103424663089749513e-01 1.212776733681112376e+02
2.261856692815541919e+03 1.118541732984776604e-01 1.414944724772022688e+01
5.947562173183551977e+02 -2.511835652442900302e-01 1.876253156330033889e+01
1.709643436240927940e+03 6.792314991619829989e-02 3.943766408699316717e+00
3.842955775068270441e+02 -1.049175665280818737e-01 2.115104400740739798e+00
7.697278274049435822e+02 2.109246074087685885e-01 1.712228378491055025e+01
1.756328594816901045e+02 -1.384963157445548952e-02 1.684427090518156658e-02
6.651868369637523983e+02 -2.368285439280827867e-02 1.865441957366745229e-01
1.496529670423437892e+03 3.127906909259861035e-01 7.320874716657581871e+01
4.156758148984830768e+03 1.467740668863800890e-01 4.477374456442935013e+01
3.315871546841769941e+02 -1.962243954337317131e-01 6.383718117534643355e+00
6.864548337523448936e+03 2.432369868293418891e-01 2.030678643907179719e+02
7.073727804917515414e+02 -3.935056514662595845e-02 5.476716956369952483e-01
8.504276264312213243e+03 1.363955368246947200e-02 7.910568273920061122e-01
9.218444504971654396e+02 -2.633964223063741533e-02 3.197771247438167541e-01
2.067512608732069566e+03 -7.527650022652251915e-02 5.857833323032805239e+00
3.101583236883908285e+03 2.852200761212705590e-02 1.261576608746550532e+00
2.316016870109271167e+03 2.650716367229531342e-02 8.136511493700560038e-01
6.127951296009771795e+03 4.944031022058275049e-01 7.489411333043819923e+02
3.851998158129458716e+02 9.926210497700121982e-02 1.897680244913656056e+00
1.415663744220751369e+03 -4.085079577814563351e-02 1.181220991397847531e+00
1.360671203748993889e+02 -2.027506323849624925e-01 2.796711273519172813e+00
1.359873349431926727e+03 4.395255150763228980e-02 1.313519879661318779e+00
1.384862056558735048e+03 2.546640103158300666e-02 4.490675444368368852e-01
5.345914532013825010e+03 5.319090115120749668e-02 7.562523057098223589e+00
1.087447145746305779e+02 1.276005249388080520e-01 8.852849559606420504e-01
1.055746676472200818e+02 -7.738980251162717039e-01 3.161529249015152132e+01
3.246009993545740599e+03 -1.952904032192975467e-02 6.189871896847967125e-01
1.172601495366473273e+03 2.730445966093081323e-01 4.371068586601091255e+01
3.721913905944948624e+02 -9.993240922066835841e-02 1.858442132538080438e+00
1.620015974647910184e+02 -7.620378674607924951e-01 4.703730245224863893e+01
3.224977017144904607e+02 -3.568254170170833683e-01 2.053090967560649460e+01
6.800847935640155129e+02 -1.212271597646297078e-01 4.997271314100806272e+00
3.273686586118365085e+02 6.196370835077235073e-01 6.284661710292878922e+01
1.617247402910949461e+02 -2.032469330649754047e-02 3.340369184704674449e-02
7.082242600604298559e+02 -3.891051307493392786e-02 5.361356898336282484e-01
2.495895645530864385e+03 -1.156020531099913491e-02 1.667736839675308946e-01
8.684008994716754160e+02 1.501182558599396637e-02 9.784920215381047448e-02
8.856954191699038574e+02 5.178429178079673179e-01 1.187546119792972235e+02
6.139977041138222376e+02 -4.220750956092739203e-02 5.469104310134741409e-01
4.968527669950955897e+03 -4.110314562666202431e-01 4.197085694631440447e+02
1.156304868300932412e+03 2.973977292702390321e-02 5.113492871964528952e-01
1.092934797355844552e+02 -9.128759083651479811e-01 4.553944666913962180e+01
5.136679260399448594e+02 3.254856230926650440e-01 2.720921884030873628e+01
7.413176833401485055e+02 1.070638130776040142e-01 4.248736304269453257e+00
1.048283377737244109e+03 -1.431719442293535351e-02 1.074396410951476283e-01
5.444262270369675889e+02 2.376003240134621497e-01 1.536749569243280433e+01
1.621580468149238641e+02 -1.817215600355587268e-02 2.677450324205677551e-02
9.574014120689505489e+02 8.819145958693753728e-01 3.723206538896454276e+02
1.564470718647803551e+02 -1.681109701160836689e-01 2.210698680983015585e+00
4.682901727690978078e+02 -7.031411711923900298e-02 1.157630883480687656e+00
3.836525474712674168e+03 -1.300718874875754147e-02 3.245450393760262453e-01
2.857982317978520314e+03 2.075161775365089861e-02 6.153659474922436035e-01
2.576436243434600328e+03 -4.531386755715948733e-01 2.645158291253350171e+02
2.144277625247080778e+03 7.401849873136454594e-01 5.873967819581965841e+02
2.162807533113858881e+03 -1.086096717758571334e-01 1.275630458317929339e+01
2.340563555453548361e+03 -3.736024446855552572e-01 1.633465106029925380e+02
1.208044957440017981e+02 -1.803890407037745114e-01 1.965501588982076830e+00
9.002961706775289485e+02 -4.543426067904586252e-01 9.292281079780283903e+01
4.899664028473021062e+03 5.580731554900415087e-02 7.629895164178231326e+00
2.217061344629225061e+02 -3.661236609372765793e-02 1.485946956737564661e-01
2.580503884837643227e+02 -1.463811582685047193e-02 2.764680059182099761e-02
2.154013483181464835e+03 -4.018366812165700130e-01 1.739072062687073696e+02
8.855679390533068727e+03 -6.360565463930684116e-01 1.791361940813345655e+03
1.751041471798887869e+03 -5.881509685792517261e-02 3.028615003862651367e+00
3.467728179669803694e+02 8.054038239653220355e-02 1.124714842717118746e+00
4.068893330549080360e+02 1.202184104262663498e-02 2.940277167660609869e-02
6.190312737294178760e+02 -1.505772377796316119e-01 7.017804196830808472e+00
5.739653463353284906e+02 -1.020608978313201909e-01 2.989334026898949226e+00
3.084988939694064356e+03 8.164515343894486465e-02 1.028216182738765738e+01
4.694588369682957705e+02 -8.936107682666590002e-02 1.874408779939185532e+00
1.054010339286304543e+02 -1.674735792690469072e-01 1.478112466497695676e+00
4.243576195319076760e+03 -1.761839444031455121e-02 6.586196235287451461e-01
8.900838571978465552e+03 4.674926909068808506e-02 9.726365361366415385e+00
4.420217563125896049e+03 9.678466828895364304e-02 2.070269014141460318e+01
5.761903124028419825e+02 5.616058437904597467e-02 9.086553602138592867e-01
2.040385364094664055e+03 -1.422528578638440622e-01 2.064449217177411100e+01
1.360174100715312591e+02 2.539738095622408598e-01 4.386744822437070646e+00
2.367636036364770291e+02 9.546540749102263579e-01 1.078889601096836230e+02
7.511968559048020779e+02 6.866149270494891210e-01 1.770721446763077154e+02
3.436856699265261454e+02 -1.606064790438980761e-01 4.432589886786228561e+00
2.619628618562474003e+03 2.375133476752445960e-02 7.389001802986658873e-01
2.094923027647526794e+02 1.240418097745602313e-02 1.611663101175574500e-02
1.072475920024893185e+03 1.662618527394925383e-02 1.482322790003251511e-01
7.454296766953109000e+03 3.887840001756499575e-01 5.633696551073973069e+02
5.713973307725251289e+03 2.279568005307900866e-02 1.484613198861005401e+00
1.367576221693341552e+02 -8.524291199376203831e-01 4.968646505294138649e+01
1.017971026812084290e+02 3.667375960338764562e-01 6.845675195578800221e+00
2.775078602944736872e+02 1.125015111401005304e-02 1.756151605984106190e-02
1.940024703444600220e+02 -1.350771049689157566e-02 1.769867492553470548e-02
5.977673799889897964e+03 8.770397636654689300e-02 2.299009598575601387e+01
1.967203687900867521e+02 -2.158339200990094450e-02 4.582038475493985935e-02
4.446779913351849132e+02 6.386025292230669559e-02 9.067277515799072596e-01
3.059335778617236201e+02 1.112479912610031541e-01 1.893134656590547582e+00
1.710442642626249153e+03 2.357763436312699037e-02 4.754216736375566632e-01
1.929584095222384121e+03 8.952174169458276820e-01 7.731980697748263083e+02
7.267997136080219207e+03 3.100249280165728871e-01 3.492834294402916271e+02
1.572948005884157396e+02 3.894951969257011148e-01 1.193132249558853353e+01
5.631461138634448389e+02 2.579711559742560098e-02 1.873843839840618475e-01
2.083432402857613852e+03 4.443483734436543542e-01 2.056821522710101817e+02
1.236803090426728431e+03 1.587518611786459949e-02 1.558505062238412231e-01
2.345950063182528083e+03 -1.898538421576129176e-01 4.227927668775132730e+01
5.478615132810626847e+02 -6.549141830802601705e-01 1.174923495442574648e+02
1.935424349367018067e+03 -9.197173116011875260e-01 8.185683097351269453e+02
1.663300748993816569e+02 3.111901593450868558e-02 8.053645281299803838e-02
1.369289146380091097e+03 -5.555325432476945213e-01 2.112925479810673153e+02
4.867232615971189489e+02 -8.437055522004684172e-02 1.732343142190617469e+00
4.614876878694661286e+02 -7.165190507197172209e-02 1.184637856515805998e+00
3.327503465659995527e+03 -2.175698354607898399e-01 7.875640568326468838e+01
6.722400652773253569e+02 6.324799923686456049e-01 1.344584128602362512e+02
6.201722057984797175e+03 -8.235602009672445822e-01 2.103163348436855813e+03
4.723835407758751899e+03 -6.427750399916453139e-01 9.758493328648584111e+02
2.284619519844881779e+03 8.893764139631067656e-02 9.035560604519710992e+00
1.914383595054379441e+02 -1.560768213535564664e-01 2.331716745759231824e+00
1.287985839105593413e+03 -4.697270888880334949e-01 1.420928762397640810e+02
1.318424716927730458e+02 -2.223914258299872562e-02 3.260328941379434659e-02
6.071020851309810496e+03 8.382496969945087140e-02 2.132939509936619515e+01
6.299090688536806510e+02 -2.069220157651418049e-02 1.348532030487424593e-01
3.260499801914715135e+03 -1.595116576314887721e-02 4.148002781235499148e-01
6.289916173100446031e+02 6.308387724723804602e-02 1.251559836533203462e+00
5.139160186323795187e+02 4.671490768492802398e-02 5.607549926642745319e-01
1.486588765144979789e+03 4.314895388948669086e-01 1.383889431724472558e+02
8.380939085530721059e+03 -9.709008732563880750e-01 3.950139852627295568e+03
6.582280548992007425e+02 3.760942284809947606e-02 4.655214862691057776e-01
6.275674612797479313e+02 -2.362677348737573027e-02 1.751617427437677510e-01
1.721141677542354103e+02 5.993060708045774149e-02 3.090893060792473390e-01
1.741865854405081564e+03 5.328282985038769182e-01 2.472630798736272197e+02
3.584649681179777872e+03 -1.019674342261821104e-01 1.863544237945595938e+01
8.325232442804763195e+03 4.638115338872169091e-01 8.954667426298116197e+02
3.010820803375222567e+03 -4.882096058928138416e-02 3.588124907010497910e+00
9.245920698141304456e+03 -6.945994634456846561e-02 2.230432350462768909e+01
1.248791017748158652e+02 9.727873661956001894e-02 5.908749982167176285e-01
2.142295618292404527e+02 -1.154899137511370272e-01 1.428688397749412919e+00
1.992989857549755243e+03 9.383883920348394525e-02 8.774863040128861869e+00
6.320724285919456634e+03 -1.782761521878447331e-01 1.004438509144275145e+02
2.045252910286639576e+02 -4.242477893736465444e-02 1.840586361702114815e-01
1.614693061584319764e+02 5.922641341741776699e-01 2.831984362996537286e+01
3.244814610403422193e+03 -3.376693511997839181e-01 1.849878393594762827e+02
6.788044315256026493e+03 1.198284016134832514e-02 4.873424091598881902e-01
1.649323828822150801e+02 4.789693110834414846e-01 1.891870100355743034e+01
3.730607719886045743e+03 8.263120731569886246e-01 1.273613885816435186e+03
6.650794918776983650e+03 -6.955371453923503422e-02 1.608733915755033195e+01
7.861785922183842558e+03 -6.211970278355185421e-02 1.516875568207658098e+01
1.777117649019394605e+02 -6.277832073809354041e-01 3.501914781654273412e+01
2.250600715826166152e+02 5.580812084608529622e-01 3.504800125060266680e+01
2.115946116943980996e+03 5.965534754452521404e-02 3.765072720670821216e+00
2.097190516872038643e+03 -1.121515598718831608e-01 1.318920220018625145e+01
2.111379598049823301e+02 -6.781656777045822482e-01 4.855209087328621820e+01
4.385433047537650054e+03 -3.454052622318207200e-01 2.616015957504122298e+02
9.573589883219929106e+02 -4.740388175357695966e-02 1.075654096895414691e+00
1.104994325541019180e+03 4.428724895574651099e-02 1.083646067258094314e+00
1.150582116736742364e+02 -7.132900586043612323e-01 2.926981423944522476e+01
2.451146386047467331e+03 3.431187824473965753e-01 1.442873434141571636e+02
6.838407785383826649e+02 -6.768569356963211048e-02 1.566458040119232731e+00
5.793978263862688891e+02 -2.353699080766309959e-01 1.604902824602547895e+01
4.532724260712778346e+02 2.167048527099155186e-02 1.064306165652668806e-01
1.687623091135136519e+02 3.972339789231607021e-01 1.331491027695061646e+01
1.379268251130345789e+03 -4.102593064471583839e-02 1.160741806698397438e+00
9.407046194138411010e+03 -1.958624014775530442e-01 1.804369308017223830e+02
4.408661323751152850e+02 -1.060802534567845644e-02 2.480537740705271443e-02
4.960491248298157188e+03 -1.691670084531127771e-01 7.097837148083455361e+01
9.499292507864309982e+02 -6.218484167967531784e-01 1.836666611998865619e+02
8.444210304681510024e+03 -7.331763782288779063e-02 2.269582498313438279e+01
3.418232072552319210e+02 -6.270217676957488828e-02 6.719497322464631495e-01
3.909757211186427412e+03 -1.735118509012540874e-02 5.885428375421057900e-01
7.708776021695122154e+02 3.666573539105365265e-02 5.181747321439197362e-01
1.863259361958683655e+02 -3.839868828723786431e-01 1.373650012042216240e+01
1.211488274389793816e+02 -8.783224209399773663e-01 4.673014812948816399e+01
2.467092403750499216e+03 -4.360025685166333265e-01 2.344949616306089695e+02
1.798254917667137306e+03 1.066084636629245630e-01 1.021891132369301047e+01
5.666447717813091458e+02 -2.757072265627823898e-02 2.153660235659466959e-01
1.957015824260256522e+02 -2.833841821521103713e-02 7.858063830432640562e-02
1.677187629866017460e+03 3.760704977380632807e-02 1.186015008109866820e+00
1.497833678993884632e+03 3.507094191560345547e-02 9.211459691645265124e-01
6.149386911949209207e+02 -4.587537008698303748e-02 6.470844823299211068e-01
9.300914068088533895e+03 1.000063178376613127e-02 4.651044669258440067e-01
1.588037053013717639e+02 -5.942996502831471295e-01 2.804410504307642427e+01
5.771733581421343615e+02 -5.746606435979460109e-02 9.530138020465843685e-01
5.427812133764928149e+02 -7.232029244443774485e-02 1.419433854245037097e+00
1.088843850425861888e+02 2.401264531807425703e-02 3.139175666216534322e-02
3.159049862066888181e+03 -1.733762810113848862e-01 4.747946875426811175e+01
1.073614365702807163e+03 2.969952809395319179e-02 4.734972006811388745e-01
1.566757740934227058e+03 6.359712383796379820e-01 3.168449604920058960e+02
1.736085742805944619e+03 -6.052925941345674854e-01 3.180327872653735426e+02
8.127915503538605435e+02 -5.674879145681179654e-02 1.308767249119825671e+00
2.229953992196871297e+02 -4.387835966692702483e-01 2.146676858820127265e+01
5.083388921168520937e+02 1.993101712617216872e-02 1.009676543703370705e-01
1.516539167177407307e+03 -1.433851088304150811e-01 1.558948383823386230e+01
7.664063240235208241e+02 -1.444124952254165484e-01 7.991689979091439966e+00
6.217590619565401539e+03 -1.950172028516504105e-02 1.182327998308632111e+00
4.688900660049363069e+03 -2.017116264137393811e-01 9.539001089924508392e+01
1.960528311464287526e+03 -2.251391453414441565e-02 4.968727149904640372e-01
4.024325680569691485e+03 -9.500051683936971969e-02 1.815996722745331482e+01
4.693590567988303519e+02 -3.159259633597233385e-02 2.342317934765300036e-01
9.526169507570051792e+03 3.883824078673969171e-01 7.184679659875633888e+02
1.093116907730086950e+03 -1.352148713708218597e-01 9.992761792471933191e+00
1.745223141310502569e+03 4.968156417387820795e-02 2.153830332013041637e+00
2.922306489963094691e+02 2.876306624000563722e-02 1.208832505804403462e-01
4.319373199589884280e+03 -3.401048578324808447e-02 2.498137875202767422e+00
1.277443715519680865e+02 2.869252145333657522e-02 5.258346595171357191e-02
2.336051122718378963e+02 1.380751868600064991e-02 2.226812376157255580e-02
1.236531921528077191e+02 -3.141861856801211189e-02 6.103086260430270332e-02
2.344928884193087924e+03 3.400247679086253888e-02 1.355566370802824494e+00
2.668541692919496882e+02 -2.693964804344654157e-02 9.683399107297001318e-02
5.252396320781931536e+02 -3.356648974818223774e-01 2.958961717665242830e+01
1.679691285728759794e+03 3.612142512223501245e-01 1.095794777795766919e+02
6.793584910405488699e+03 1.748061368812922622e-02 1.037964171292860893e+00
1.802899797422866470e+02 -2.252133842730745239e-01 4.572250202195485613e+00
2.455586603450595248e+03 1.264371061731553621e-02 1.962792340254601586e-01
6.407219389482705765e+02 -1.077902500087202925e-02 3.722190168766448259e-02
2.263514099791128501e+03 -1.935727918869551978e-01 4.240741851523527117e+01
1.302497087809040067e+03 1.883252721261544776e-02 2.309744664657877034e-01
4.547900049100231627e+03 -7.503383253471784808e-01 1.280251151492231656e+03
1.867502408193268366e+03 2.331521805667209277e-02 5.075865877881192700e-01
3.806669891529881625e+03 6.966056866786893287e-02 9.236113312116390972e+00
7.835706368640340770e+03 5.312111568052272498e-02 1.105560549196367859e+01
3.971703694114558516e+02 -1.501071905853247346e-01 4.474554876242847534e+00
2.295062521677464531e+02 4.051135523137917027e-01 1.883293767676393671e+01
1.705616150685840694e+03 3.135740766227359394e-02 8.385551070259844586e-01
8.041630769367738139e+03 -3.083536492773431351e-02 3.823070599355868016e+00
4.359188491606944922e+02 3.229142586559888284e-01 2.272741787482256370e+01
4.022947854131036820e+02 3.177728819328511367e-01 2.031178416008645726e+01
2.689139764576715379e+02 -1.916671923258821408e-01 4.939453952723085628e+00
4.483555451023810292e+02 -5.490283477778394594e-02 6.757438273082857494e-01
1.665071360078600549e+02 3.966639726594142212e-01 1.309930847286568500e+01
8.545443884639757016e+03 1.959059475004131315e-02 1.639833947420585414e+00
2.444528951276170119e+02 -1.209541464619649231e-01 1.788161383123498149e+00
2.912570569629108377e+03 9.054284213819611959e-02 1.193863588484141403e+01
8.139256319668465949e+02 7.075772630067531099e-02 2.037522755741777658e+00
1.077670247022426651e+02 5.373335732356248479e-02 1.555764474963975685e-01
4.527295127290689379e+03 4.894724242362501476e-01 5.423320494058719987e+02
2.518585910180152609e+02 1.929909737119273050e-02 4.690301582473123398e-02
1.339310006881372829e+03 4.375810923489609205e-01 1.282236733160191022e+02
2.946934838862267497e+03 -2.213384465613730395e-02 7.218621198412493722e-01
1.173831341950513888e+03 2.408439391979706051e-02 3.404451481660780710e-01
3.738756349441214752e+03 -1.144456039400361391e-02 2.448473446762373384e-01
7.725176299627170238e+02 3.410368310996388097e-02 4.492426415058542455e-01
2.040030446560173687e+03 -5.667754435990344231e-01 3.276639817775173924e+02
2.437636598612789840e+03 6.102866731236650244e-01 4.539486603240325735e+02
4.326472078420477374e+03 3.234967265593788333e-02 2.263829372552232932e+00
7.023397606351061768e+03 -2.232359389078502829e-02 1.750029969550669362e+00
9.101765942908350553e+02 1.120518341241111444e-02 5.713912781246395511e-02
1.118099464823710377e+03 -3.729990127516182308e-01 7.777961848824990909e+01
1.029020333672186780e+03 -2.841269873862972001e-02 4.153545133236207776e-01
9.289307488422831511e+02 1.228049942294054536e-01 7.004633248608266527e+00
6.066334829397406793e+03 -5.595878755990786324e-01 9.498017690423306476e+02
2.525537014751314757e+02 1.393975137030445573e-02 2.453769691443475481e-02
7.656633246758628047e+03 -2.475248977081233662e-02 2.345555041074336877e+00
9.939142542834345022e+02 -1.111539242859305304e-01 6.140002154909376841e+00
3.467978914424040340e+03 5.958665088351412092e-02 6.156649149837128299e+00
6.260220643167492653e+02 -9.893587012942588188e-02 3.063847888803858499e+00
2.891367208651383862e+03 -2.458390842752618821e-01 8.737257088705096919e+01
3.255173554389943547e+03 1.291392484008800079e-01 2.714317594325240890e+01
1.443283620912011429e+02 -4.156881919600711739e-01 1.246973038976114800e+01
2.347738178144950041e+02 7.087021624032754930e-02 5.895860272047483974e-01
7.114743887171490542e+02 1.364786868222442502e-02 6.626114645195969877e-02
5.161881193832507506e+02 -1.744828543408307245e-02 7.857484324717163571e-02
4.192255552536770438e+02 9.306514994637411775e-02 1.815481867986452391e+00
1.489321865356379249e+03 5.996858427885321668e-02 2.677972805357564212e+00
4.527622877595815680e+02 -1.595104153760698931e-02 5.759945072620503703e-02
1.116713707368306814e+03 5.426709905646493609e-02 1.644315171174436374e+00
1.815127668850520308e+02 -1.064607652984965597e-01 1.028623279490140208e+00
5.700412686083411700e+02 -4.253362201636772255e-01 5.156333952273252663e+01
2.908560345103667260e+02 -5.708476251928662482e-02 4.739019332599223033e-01
1.237065100038574172e+02 -9.389773320811092283e-01 5.453468077052012575e+01
9.019039341990663843e+02 2.046030367882512302e-01 1.887793282838108055e+01
8.743580287343892223e+02 1.040840261620195467e-02 4.736172076788593838e-02
4.613062094929552472e+02 -3.806621614045502811e-01 3.342248394071723538e+01
7.104090502404941390e+02 2.756851483833192701e-02 2.699636124865121278e-01
1.048788040868628059e+03 3.113825195624305153e-01 5.084475836450769037e+01
1.888667445580523179e+02 2.378334344192945329e-02 5.341599388983372942e-02
1.538360817736650858e+02 -7.778804741128254596e-01 4.654295516637895958e+01
2.668448142881993590e+03 -3.690527073380623913e-01 1.817211861666348511e+02
9.352088425970719982e+03 -1.924719708839462695e-01 1.732262068675071589e+02
1.694194521173116925e+02 -5.510725201457342681e-01 2.572472775080708374e+01
1.844744521929809025e+03 2.196684387120689461e-02 4.450835673843666074e-01
2.162573661606297151e+02 -1.107824222671915763e-02 1.327035763646974495e-02
3.899537260167830937e+02 2.982114874344794775e-02 1.733931021661281047e-01
4.360897553294866498e+02 -4.099393513391902943e-01 3.664250095101115079e+01
2.001928241631735546e+03 1.230338319074037040e-01 1.515191800278542189e+01
1.779410403247936983e+03 3.452459357500777259e-01 1.060481945546875835e+02
1.287229994352885342e+03 -9.860899069223473534e-02 6.258340416521781968e+00
2.385085985339466106e+02 -6.181456944979540902e-02 4.556755664797907945e-01
4.174521492026356668e+02 -1.786426166965447149e-01 6.661113728751985263e+00
2.366268096341143803e+02 5.242047397347709969e-01 3.251141258152002678e+01
3.997995142543270504e+03 -2.889991649637097329e-02 1.669573113334437586e+00
5.562686684430664172e+02 1.135876527272921578e-02 3.588532249810823943e-02
7.732752681840684090e+02 4.222479429270226126e-02 6.893490947075273656e-01
4.995988113896203799e+02 2.999565525916191716e-02 2.247543510199807859e-01
1.213124795486862268e+02 -1.864945544185704351e-01 2.109637292622014826e+00
1.002036541410059158e+03 -2.755558962107773069e-01 3.804284433405138088e+01
3.290583165580396781e+03 -1.202560110895638246e-02 2.379339772113243379e-01
1.434288602833442610e+03 -1.651285211958778421e-01 1.955468097191064913e+01
2.114875555061400973e+02 -3.270934365024279200e-02 1.131353906954176980e-01
1.581152209425454430e+03 -7.316705591818908339e-01 4.232284406051298333e+02
4.680757319377780163e+02 1.939678442667803690e-02 8.805329409835817300e-02
6.765924867835994519e+03 1.024044217918399988e-02 3.547599579038883677e-01
3.029370685185707543e+02 1.795006754673589555e-01 4.880390771063085609e+00
4.143090687481995701e+03 1.722630850001750924e-01 6.147221825103707005e+01
8.767926622626244352e+03 2.097316771907000929e-02 1.928390443740302107e+00
1.512936058867780957e+02 8.820153158797729986e-01 5.884950731638407717e+01
1.009000078905799995e+02 -7.639251267068959406e-01 2.944169398275236205e+01
6.395543704581968996e+03 -3.143809410887189459e-01 3.160529837665803257e+02
7.844581102138698952e+03 8.260041968041751392e-01 2.676111901803491492e+03
2.168015687724097234e+02 3.415118045732820073e-01 1.264281737586663290e+01
4.117651520882760110e+02 -2.837685048967448706e-02 1.657860474760224079e-01
4.102188624473628806e+02 -1.068432315595800076e-02 2.341421816191099209e-02
4.579506138123379969e+03 1.065495903377680978e-02 2.599514344931473375e-01
6.924330213173271886e+02 -1.184813500718143349e-02 4.860128628822250885e-02
3.368360260583803552e+02 1.253473261876641986e-02 2.646175767368898202e-02
3.898967710339274163e+03 -1.811260334640638070e-02 6.395601501929230048e-01
4.733914374198807877e+02 2.459722115645981630e-02 1.432064221361139256e-01
1.354252225366245455e+02 6.446903920514278630e-01 2.814310156579218614e+01
1.442844555341065643e+03 -1.512984865418759151e-01 1.651424474966784928e+01
7.935898749994238415e+02 -1.258469419966737057e-01 6.284221097864524097e+00
9.091360492831984175e+02 -1.666198071394883740e-01 1.261979029062348268e+01
1.941551816906395800e+02 -2.826284798465466541e-01 7.754447057261816489e+00
8.317726444962730966e+03 -2.109729574599826865e-02 1.851092918224644279e+00
3.517474680641534519e+02 -1.565754082175987716e-01 4.311695570099621122e+00
2.141848253324935740e+02 -4.897037089638362622e-02 2.568180177115919616e-01
3.255515609378105182e+03 -5.701515542841507633e-01 5.291397789134564391e+02
1.104749992380693158e+02 -3.675148988543433526e-01 7.460774457148560579e+00
3.226221208818621449e+02 1.449453794415240561e-02 3.389010365966073357e-02
7.524754158595442277e+03 4.709141438724361306e-01 8.343452335968718216e+02
1.726545966001183672e+02 1.210016541389170690e-02 1.263952531604554258e-02
3.380067725033635725e+03 -3.468074568402715330e-01 2.032695193109940703e+02
1.247977773860382513e+03 5.405948672708892344e-01 1.823562660494949341e+02
1.889739470973137543e+02 6.109455011626614696e-02 3.526767912908920222e-01
2.311252885079848056e+03 9.354728446518389973e-01 1.011299612540794442e+03
1.401861509141761417e+03 1.950493659242803490e-01 2.666638846759892800e+01
5.788382228653761103e+02 -1.808157723162428232e-01 9.462367849947055376e+00
2.611571341522905641e+03 -1.724581693010108357e-02 3.883644258553727857e-01
1.116577794323100505e+02 -6.444687245836397960e-01 2.318796753561546353e+01
4.849787398690497184e+02 -2.143849356444896270e-02 1.114502983570529321e-01
2.978475737298735567e+03 -2.589543098940855215e-01 9.986432207595770194e+01
4.083484840784958578e+03 -1.771949631145978143e-01 6.410674071572931609e+01
1.073692176814910908e+03 -6.675655438089601601e-01 2.392421068457887543e+02
1.633672516348560293e+03 1.404076345978519380e-01 1.610335819209256769e+01
5.957599948473464337e+02 -4.709227241098520866e-02 6.606031444394971919e-01
5.505751331428847152e+03 1.611966424084432803e-01 7.153170551637010988e+01
6.077089135668255722e+02 9.813122166870210661e-01 2.926038403673067592e+02
1.979683630682274043e+03 1.385764098554892743e-01 1.900834946809401060e+01
7.461948785894928733e+03 -2.169145798754083809e-01 1.755495644838100020e+02
4.850756244230072980e+02 -1.647634797001177112e-02 6.584175017167215316e-02
1.455998760110008789e+03 -4.072293072176842027e-02 1.207282930932747078e+00
4.470155079193120855e+02 -2.446258608381077226e-02 1.337510894623487046e-01
4.000372569793614161e+02 -2.879485793178473974e-01 1.658442143598622565e+01
6.671473033543170459e+02 -2.212024733946176339e-02 1.632193698358222478e-01
6.992733567083384969e+02 3.974005081418415242e-01 5.521712899788871454e+01
1.395789247896958614e+02 3.787860085036684477e-01 1.001331112525614842e+01
1.938249167168426652e+02 3.432096441533667025e-02 1.141559562415178919e-01
4.376995934004368678e+02 2.061051259576278036e-02 9.296591190697130191e-02
1.101438678539651619e+03 -2.786959207804864253e-02 4.277515104268431734e-01
1.709520937404402048e+02 -3.711377208422692031e-02 1.177374488870200075e-01
6.089094456272621755e+03 8.067570463027435856e-01 1.981564667500554606e+03
9.849263222063051444e+02 -5.276152605460304734e-02 1.370908424734343045e+00
1.531476221969273581e+02 -4.514941945486622421e-01 1.560934226146030745e+01
2.267473231316748752e+03 5.671630869038688516e-01 3.646935548578782118e+02
8.143274365551461415e+03 4.433027725418725029e-01 8.001473417607888905e+02
4.659003451628657331e+02 -8.383851003209835673e-01 1.637382481374408201e+02
3.998419708306580560e+03 1.195517492268683701e-01 2.857394823148920437e+01
4.170459178855111304e+02 3.886890509046841274e-02 3.150347729233488603e-01
2.816711861560323541e+03 8.922053749667512301e-01 1.121094178748722925e+03
3.116277719777846755e+02 -1.341475250400345764e-01 2.803957896431418906e+00
4.870223061830020015e+02 9.851624940004721775e-02 2.363385660677512767e+00
1.527850852698691995e+02 -1.889255221000235921e-02 2.726667786984254480e-02
1.877545934043658633e+02 -1.703540051961273047e-02 2.724364876648289677e-02
3.794311000227609838e+03 -1.236402782626301600e-02 2.900166133916088906e-01
2.378822787927491618e+02 -9.954763181765267088e-01 1.178674696311394143e+02
1.292015918762028605e+03 3.955637856340641356e-01 1.010813231043146629e+02
1.891603165647478136e+03 4.258270881104185279e-01 1.715009799538852633e+02
6.549913300318972915e+02 -3.263547458727691919e-02 3.488071839236240312e-01
7.716504855090463479e+02 -1.617844797913483429e-02 1.009867397570092806e-01
3.911402478656598305e+03 -2.865836427282401067e-01 1.606221031814598632e+02
1.028190228280045773e+02 -9.689747898929411407e-02 4.826901455533887941e-01
1.208849453235072673e+02 -3.644303134276785650e-02 8.027331753027366901e-02
1.789743991810761827e+03 1.008810631832210286e-01 9.107102377283203154e+00
2.531745100065215411e+03 -6.147597864694113318e-02 4.784107002312869561e+00
2.486759779215852006e+02 -5.118516898305890406e-01 3.257557735074081506e+01
4.504353651401328534e+03 -1.550032107383818303e-01 5.411078991735464427e+01
2.062083839578880088e+03 -6.617931696870260616e-01 4.515656352457190224e+02
4.093002630871141264e+03 2.985932209625602463e-02 1.824617833807040235e+00
1.066006883638817442e+02 -3.941502219900436255e-02 8.280442856650928329e-02
4.299836408614532957e+03 8.945026301181373263e-02 1.720224706276822246e+01
2.170375319459079947e+03 7.923574857384519943e-01 6.813137864285355363e+02
7.832394941696265960e+03 -1.040029530726366835e-01 4.235999736048808018e+01
1.561912994397259126e+03 1.631038047522269732e-02 2.077566942980529907e-01
2.827273012860162908e+03 3.913161802373720799e-01 2.164678298509553827e+02
3.361909372152630567e+03 7.423824830257906848e-01 9.264274996629383168e+02
1.158030084927770531e+03 -1.421335606181464185e-02 1.169723238935060083e-01
3.360851940549086407e+02 -5.103242805493926615e-02 4.376347996244236982e-01
4.520048570970979199e+03 3.161707714126354429e-01 2.259209698054136197e+02
1.235166605296189118e+03 -3.166970944433729063e-01 6.194178315566026072e+01
5.621624513019476126e+02 1.528733001265079328e-01 6.568937358966953965e+00
2.457313439887562936e+02 1.632717082005129272e-01 3.275310166888830921e+00
1.293488001627098640e+02 5.830134382378143743e-02 2.198313056315456815e-01
1.361506321795209828e+02 -1.778385273167510869e-02 2.152986829737862581e-02
4.059256778367517882e+02 -2.980520665014262799e-02 1.803021076622903507e-01
1.034136538683642129e+03 -7.019306255003145978e-01 2.547629505143896722e+02
1.695928475433955327e+03 1.745849862925999141e-01 2.584587995665768645e+01
2.013232542480329585e+03 -3.391178197952629536e-01 1.157617728215233512e+02
5.636457766398073545e+03 2.047885561438871765e-02 1.181918769704240590e+00
2.987915103352071924e+02 -3.863190099039340852e-01 2.229617767664693773e+01
2.725321564415028206e+03 -5.675594879717758834e-02 4.389454316482108709e+00
9.377665223153074976e+02 -7.918501623702984826e-01 2.940023143852100702e+02
3.184778899293505674e+02 2.963933921864279550e-02 1.398898891261274591e-01
2.276748361866537209e+02 3.437294226861636881e-02 1.344988138767879426e-01
2.412460329976188405e+03 8.655415202042425760e-01 9.036619514673166123e+02
4.374491369770370284e+02 2.321336484409384782e-01 1.178619882083772374e+01
2.601366794964965834e+02 1.053736583736597926e-01 1.444227842043441123e+00
8.302935555198400834e+03 3.673798197582529845e-02 5.603150205644163329e+00
7.269799840734063991e+02 1.315771373221098495e-01 6.292936141152293494e+00
1.221820942617130413e+03 1.789616836675778783e-02 1.956580329826647369e-01
6.769228079565226608e+02 -1.735644508277632558e-01 1.019602070266791038e+01
7.312122050173977186e+03 1.369717470404818727e-01 6.859230959314056975e+01
7.741107866001252660e+02 3.673648029215467181e-01 5.223579539867212418e+01
8.784753896912130813e+02 -1.892479057585155083e-02 1.573119694330508411e-01
8.527096022464931593e+03 -1.320229323717045100e-01 7.431387493257963683e+01
1.196643535748529303e+03 -2.308702779079780526e-02 3.189119953922925355e-01
2.011167841154943289e+03 1.570058217140863840e-02 2.478847631812740315e-01
1.642351563685600695e+03 -3.922995124400834727e-02 1.263780556588154580e+00
2.501597893388303362e+02 2.918031868215413271e-01 1.065044043908357096e+01
3.526751726912883669e+02 -1.839720653480693760e-02 5.968272719014602185e-02
1.043769069398688600e+02 1.811531429501896384e-01 1.712640358422302223e+00
1.925987530653854947e+03 1.880172710602527608e-01 3.404230553214321731e+01
7.911501015352901049e+02 -1.053765574668390909e-02 4.392551940688596557e-02
2.024554991633167731e+02 4.071590975831419074e-02 1.678138759624161758e-01
4.837316193600470910e+02 6.164551029577248764e-01 9.191309375035653773e+01
4.397228141097599291e+03 6.931239987162632898e-01 1.056260101268897188e+03
4.048585546044417356e+02 -3.255356470161346882e-01 2.145213041053238356e+01
6.899528871221564259e+03 -7.364318450841954300e-02 1.870917171392755662e+01
1.113911287067022329e+02 -4.627578855209231179e-01 1.192691886514367638e+01
1.127591060093883755e+02 -1.056153575387986654e-01 6.288915732594482222e-01
9.876444019634927827e+03 -4.610397397168540801e-01 1.049656824095047114e+03
3.290842515686250863e+03 1.389681248388518198e-01 3.177660523174303364e+01
4.252270169266983544e+02 3.113109492010410206e-02 2.060533337392260189e-01
1.943977706967559982e+02 1.744719134033930752e-01 2.958777670182144881e+00
2.685362443409241678e+03 5.335395027923847122e-01 3.822135457641276730e+02
1.171375816372792542e+02 1.325451083409909768e-02 1.028948567345051163e-02
6.381298473781793064e+02 -2.473152142085060512e-01 1.951554708754466461e+01
2.311687711400585670e+02 -8.897988236855278732e-01 9.151300643149586733e+01
1.880265035058391277e+03 1.388773446724084724e-02 1.813225770603192621e-01
3.374105533445857077e+02 -1.042398473071456250e-02 1.833142386863256118e-02
1.531623677454287247e+02 2.177098240158885090e-01 3.629761829771430470e+00
7.671802810260858223e+02 2.550698027869800766e-02 2.495660634291797242e-01
1.574153289216208577e+03 -1.579405683732381105e-01 1.963380252650589242e+01
3.984373772151643607e+03 7.748202889239630409e-01 1.196002384813205936e+03
3.392423216139250712e+02 7.744408735217776785e-02 1.017317612295347562e+00
5.651151192319939582e+03 -2.729909568570453721e-02 2.105733723993888695e+00
4.939749705044444568e+02 3.577010638900606221e-01 3.160206136107829167e+01
1.918094896888898404e+02 -5.829967222241063673e-01 3.259660128439590210e+01
3.309643717356138382e+02 -1.768470492597034455e-02 5.175435311847654402e-02
1.792269517932594454e+03 4.455095614345241373e-01 1.778637241130923030e+02
4.765627716457354836e+03 -2.176722359556518827e-01 1.129005854741136972e+02
5.478729761203006092e+03 7.930166761228449324e-02 1.722719318191804661e+01
4.947511286982641650e+03 -4.009613616511820133e-01 3.977057282917502334e+02
7.170809959070970763e+03 -3.237692467634748633e-02 3.758455452594512636e+00
1.685385009761412675e+03 -8.043055218289701935e-01 5.451439941111124199e+02
1.926939066218066614e+02 -4.200003073308940932e-02 1.699562743678450505e-01
2.094709727378030948e+03 1.393669459674378927e-02 2.034292604193035925e-01
8.308878829217061366e+02 -1.377705088370247827e-02 7.885422264167242512e-02
1.013426149620027218e+03 -6.628772384198935996e-02 2.226528835231520453e+00
1.609936313980998875e+03 1.735478919066641423e-01 2.424473190663542255e+01
3.157383094056694972e+02 1.009876158084204063e-02 1.610028344800743319e-02
1.081425410549702747e+03 -6.275592493282449169e-01 2.129492153195674859e+02
2.964652066140768625e+02 -3.726972813714671817e-01 2.058999236262724963e+01
2.275436425149075149e+03 -1.493604442973781032e-02 2.538083489426181671e-01
9.899322912459685540e+03 1.866128697721676152e-02 1.723688080935906974e+00
6.143957250403221224e+03 -3.101360691843899065e-02 2.954763637671316445e+00
7.589552452310902027e+02 8.382557658496192499e-01 2.666485766701575812e+02
3.862327454533408854e+03 -7.108628705763515576e-01 9.758672817435563047e+02
8.521398122105738366e+03 -9.880345290347126996e-02 4.159346534155968556e+01
4.652294255597234383e+02 -7.861201608756716031e-01 1.437523817220651097e+02
7.480244468047554847e+02 -2.832939821975366534e-02 3.001653064568182150e-01
1.029012777581520055e+02 -7.841645977517232302e-02 3.163772414285090928e-01
4.454090017512828581e+02 5.355308000617386988e-01 6.387014488204658846e+01
2.590828806104369164e+02 6.282947123276316770e-01 5.113703353370397053e+01
1.023964313940111538e+03 1.067761562987467328e-01 5.837184116597205374e+00
6.733226677150682917e+02 -1.491204094654816070e-01 7.486303242989972517e+00
4.992506076583959839e+03 -2.645645805332461770e-02 1.747237767805351449e+00
1.805810709429210874e+02 -6.943422001740638949e-01 4.353006855793373830e+01
7.221242691661709614e+03 -3.660761494557941975e-01 4.838656750337838730e+02
3.173375955545190550e+02 -9.081279650303482054e-01 1.308535864573013896e+02
1.686924954881527356e+03 -1.039141813927920432e-01 9.107840334750280320e+00
6.521706046467472788e+02 5.131663639596045767e-01 8.587121126414911032e+01
1.118826602374180538e+03 2.869963350976383332e-01 4.607713740098935062e+01
1.197346974370062611e+02 -1.315041428153650334e-02 1.035306390999905617e-02
3.224049067898575345e+02 7.462034573390419201e-01 8.976068557723424135e+01
5.692534677808365586e+02 5.651088380410277390e-01 9.089497788201619244e+01
5.624857064746339347e+03 -1.161708496736186223e-02 3.795559700457307173e-01
1.091354664078375549e+02 -5.811658252382758544e-02 1.843045468650522933e-01
3.080791278324131781e+02 -1.222647327731795665e-02 2.302685819259655750e-02
1.237847816004794140e+03 1.131016953098254729e-01 7.917270596993768450e+00
4.503996584443224492e+03 -3.636752444319110711e-01 2.978485811749694108e+02
2.135618853360775574e+03 -1.719378316443057331e-01 3.156724212494345849e+01
2.305830583777346419e+03 6.636605253151075523e-01 5.077961133804366796e+02
4.932629533401463959e+02 5.282191076153368303e-02 6.881398644177441071e-01
6.531418825687685057e+03 -6.398718539478195355e-01 1.337098964784298005e+03
6.342550341740505246e+03 1.871200822111150283e-02 1.110387915158471683e+00
4.820546501795025506e+03 -3.533441710658502544e-01 3.009276847244358919e+02
5.674412734921068477e+03 5.856652531609461698e-02 9.731725335331733007e+00
8.726516610426275520e+02 -1.135725933076573053e-02 5.628050803680585690e-02
7.291718154378634608e+03 3.922670474398263774e-01 5.610008652279396983e+02
6.613237969328698682e+02 -7.598652808394829039e-02 1.909226078855468911e+00
3.020694642774153635e+02 6.659134555945035727e-02 6.697495192656861551e-01
1.713625547509295757e+02 -3.029960940955554738e-02 7.866109590164646614e-02
8.702046956540157225e+02 1.695709739043957387e-02 1.251107004971197534e-01
6.129767735506701683e+03 -1.156271995565056297e-02 4.097642238745564658e-01
1.486450664499421066e+02 -2.155508260756193450e-02 3.453185327878692534e-02
2.356615551170190884e+03 -1.315058048814040648e-01 2.037739157546970858e+01
1.500529652868887922e+02 5.665187995868608412e-02 2.407926570500832086e-01
3.117713161809126177e+03 1.570798405697553315e-02 3.846334623891577986e-01
7.655579143619190745e+02 -5.740230718537897570e-02 1.261266183702247412e+00
1.132369093388206238e+02 1.975826575901080129e-01 2.210322562564015492e+00
3.094870829818040420e+03 -5.255030775951646804e-01 4.273296819617542042e+02
3.481774522534238713e+03 3.951973946952979516e-02 2.718934798815763720e+00
2.871788578955801086e+02 1.630342352070564965e-02 3.816630261316694001e-02
5.144988865073190027e+03 1.226477236099835985e-02 3.869665516614542722e-01
1.843147582089767411e+03 -1.794313312466475907e-01 2.967062357341700007e+01
2.691925336167386376e+03 1.342512975533761282e-02 2.425883821588678269e-01
9.197675782501415824e+02 3.560257727849744369e-01 5.829227117406590963e+01
1.627855720704415489e+03 9.181772896867471667e-01 6.861815044348039692e+02
8.405936704075626039e+03 -2.289015960868164001e-01 2.202184804999101004e+02
6.678895937412879903e+03 -1.043794100136683639e-02 3.638349010949011864e-01
7.918651968234652486e+03 1.176560458681150806e-02 5.480873234722705156e-01
6.778991401821213003e+02 2.347030180228910218e-02 1.867120880372394043e-01
1.186921196683946818e+02 -3.385400532232300530e-01 6.801614389308569208e+00
1.212265615392897331e+02 8.956633563403917919e-02 4.862475258622969143e-01
4.056164887132299555e+03 -2.084775910976748858e-01 8.814635658446060518e+01
1.989501195136219849e+03 2.641293252370671696e-02 6.939807956174607328e-01
9.495856620289901912e+03 -9.920990421503219636e-01 4.673198337306911526e+03
3.068429019551518650e+03 -1.031355290560209345e-02 1.631934362756913004e-01
6.777253076510438632e+02 -2.464437186292038964e-02 2.058065603503691776e-01
2.347390020158265997e+02 -7.473135291485659693e-01 6.554822677242810869e+01
1.919051769249838117e+03 4.248539583060935154e-01 1.731952722076062230e+02
4.521965387894146602e+02 -8.498095382394339758e-02 1.632828006129802834e+00
3.252669362493062636e+03 -2.681852801717098111e-02 1.169714295528580417e+00
3.866654483036545003e+02 -3.601566130051686576e-01 2.507772625369833008e+01
2.999084855726785008e+02 -6.547281934052867625e-01 6.428073638660858080e+01
5.981821807371662544e+03 -1.055489284762975016e-01 3.332047113647497838e+01
1.432783747577780332e+03 -1.539609685950951018e-02 1.698133854152562572e-01
1.142553251174779660e+02 2.360788976023605601e-01 3.183910064686860775e+00
1.817375265774342552e+03 -1.295470840526303027e-02 1.525000202625280132e-01
1.911994670750120804e+03 -8.865352741049571661e-02 7.513611271260335123e+00
9.055041251070456383e+02 5.130864432916788509e-01 1.191904658837570423e+02
2.919314081933237503e+03 6.362030442838807753e-02 5.908024836437392402e+00
2.185092321245907954e+02 6.708817686082989284e-02 4.917357406717554613e-01
3.505547104029452385e+03 2.749965503922850371e-02 1.325501743823291223e+00
3.685060709749166676e+02 1.228679685427656876e-01 2.781582895438285075e+00
4.284106416815883449e+02 8.481593236291835591e-01 1.540937895108954478e+02
1.470879518349482623e+03 -1.384132417579562666e-02 1.408972074348336656e-01
8.097637488360923271e+03 2.601666182160966914e-02 2.740510551257630212e+00
4.361681923682929778e+02 -7.396100888170657750e-02 1.192970347525980745e+00
4.976421202003706640e+03 3.684426176969455291e-01 3.377744958661308488e+02
1.136041707776427216e+02 -3.504906278256288144e-02 6.977777211834126914e-02
3.734778111731273839e+03 -1.545556542579109571e-01 4.460716319383069361e+01
2.095396192500229233e+02 -1.131669760105541607e-02 1.341762274320907819e-02
4.560400765235993958e+02 -1.573658345610532139e-01 5.646689569891238492e+00
1.660782841443127381e+03 -9.189235847303414140e-01 7.011995839989129990e+02
6.716394743303305859e+02 -4.226909467340216331e-01 6.000011871286371701e+01
1.101823659160428406e+02 3.218193281428263081e-02 5.705666005561248894e-02
1.282936385892601947e+03 2.429892411831567622e-01 3.787470130028128779e+01
3.907531390255323458e+03 -4.683413677625600235e-01 4.285460729417478092e+02
3.212565882303752574e+02 -3.404246550504886476e-02 1.861504366523929754e-01
1.067741491245683619e+03 -2.707343565105121974e-01 3.913117304866854340e+01
4.207116472133830030e+02 3.766488059643415820e-01 2.984198651229942811e+01
8.190026567534441710e+02 -7.204991710124020177e-01 2.125799427840734381e+02
8.390520512786562222e+02 8.554456498175826429e-01 3.070038007139593788e+02
2.738108022798736329e+03 -7.794926477567337697e-02 8.318492484453171798e+00
3.925254473369008792e+03 -3.201673229317658631e-01 2.011832552117479338e+02
1.989150155942876381e+02 -7.456593445922976571e-02 5.529915588999325671e-01
4.541821145798572275e+02 -1.626881728098162477e-02 6.010519290389544633e-02
1.392077499544387535e+02 -1.125655656749031779e-02 8.819511575313089199e-03
3.051654333944178461e+02 -8.019786244442204115e-01 9.813658226947249830e+01
4.483177444207309236e+03 -3.340505673073638770e-01 2.501383957535927323e+02
3.067381845434326806e+02 -3.889463615484511222e-02 2.320156465097789056e-01
1.259750793855298753e+03 -4.653315608255167990e-01 1.363891000106266631e+02
3.235403090871857898e+02 1.545250202286630771e-02 3.862744818377811251e-02
4.522477452747427833e+02 -4.297780963608842653e-01 4.176716235446938441e+01
2.828138661792272046e+02 -1.587298604818279113e-01 3.562771521615083703e+00
2.265285688017792381e+03 2.704617005602064431e-02 8.285229336200704564e-01
1.968164157215709565e+03 -1.966298820122235891e-01 3.804787096283962455e+01
1.069391679072191437e+02 5.226084185923796088e-01 1.460358919914182785e+01
1.903661737545271535e+03 -4.243166580399337223e-02 1.713720330596247177e+00
5.835511174178401461e+02 4.764433726276569581e-01 6.623255210899915824e+01
8.895029475023160558e+03 6.455290665591580934e-01 1.853313973984923223e+03
2.204232097599318877e+03 1.555225016687787620e-02 2.665715477605588024e-01
7.571320276909314998e+03 -4.638406212476097606e-02 8.144776690135362429e+00
3.613774747231195761e+02 1.236573261159942816e-02 2.762935749882849262e-02
9.903408250327545829e+03 1.541570755705339579e-01 1.176742970636442607e+02
1.764578371641916192e+03 1.351389487773901367e-02 1.611283755672701656e-01
1.219641989399360824e+02 -4.322785187324142409e-01 1.139540280571477204e+01
5.994250348057082192e+03 8.776969829913289223e-01 2.308841353936864834e+03
7.597793381754452184e+02 -7.430296806725827929e-02 2.097344674808653497e+00
2.504089589831067144e+02 -1.237252221671730941e-02 1.916621482905429136e-02
6.870952837313687269e+03 -1.396971222310404784e-02 6.704430471766851252e-01
7.556233909381022386e+03 1.844081858163500176e-02 1.284800770527115832e+00
7.231717437911318029e+02 -4.537594073020583818e-01 7.444966311419419469e+01
1.035821325185711430e+02 8.851065441956460500e-01 4.057382538521216730e+01
6.452643992619472328e+02 3.310023198919012644e-01 3.534840191385495700e+01
1.130759895560616314e+03 -1.653173285747009530e-02 1.545173171091129005e-01
8.969148814680301030e+02 -2.216030518401916893e-01 2.202280879760801113e+01
3.274786502106988337e+03 1.248731536803228681e-01 2.553237156640986427e+01
2.525639414996408959e+03 1.855408896843052102e-01 4.347310101832562168e+01
5.222156444485259499e+02 3.517413692756277133e-01 3.230477959467695825e+01
2.674296872513489689e+03 1.912891449520167514e-02 4.892831644832263405e-01
6.935957066948135434e+02 3.414384027938131005e-01 4.042975717339695763e+01
7.271753454727889903e+02 1.116894724454617870e-02 4.535588332649500426e-02
5.286701174256059858e+03 -5.559359671143648818e-01 8.169666193018913418e+02
2.882119896091579676e+02 3.458781645199241611e-02 1.723964581476097047e-01
2.926757128951931577e+02 -9.772952449396574148e-02 1.397681641029360655e+00
2.033114629786274747e+02 4.548116423532658215e-02 2.102785707091059109e-01
5.494184523418819026e+02 3.398938613362934014e-02 3.173656269635637961e-01
2.131391647278169614e+02 2.099178013407443921e-01 4.696040154047639525e+00
3.656949877296556679e+03 -1.329609302705098833e-02 3.232489346716573286e-01
2.387350827612766011e+02 6.363269823185239149e-01 4.833335330873025271e+01
1.929531430134995844e+03 -2.604226906015498777e-01 6.543038935892879238e+01
5.197156867034227616e+02 2.334178754739191924e-02 1.415806994433479182e-01
6.687901156916523178e+03 8.812560857622576960e-02 2.596953112012804255e+01
7.970951803741642834e+03 -2.852645968369135754e-01 3.243216494193694643e+02
1.086829738035994950e+02 6.969555043381923942e-02 2.639621288103509711e-01
8.398828433786107780e+03 9.703991348503174796e-01 3.954481202853463401e+03
9.209336914643808996e+03 9.048129994140933219e-01 3.769780197263773516e+03
3.752165577792973750e+02 1.973930917759107728e-02 7.309975109854879860e-02
6.760624680410068095e+02 -1.905076003187908609e-02 1.226821685423716973e-01
1.040041207414083289e+02 8.385469097510311887e-01 3.656581660451578841e+01
1.513472069978769241e+02 -1.240554450969537648e-01 1.164598101142494180e+00
2.322220485305731017e+03 2.309811737801163722e-01 6.194790506539522568e+01
1.709083551541751604e+03 -2.392289104194849497e-02 4.890582881259994408e-01
3.767829271671607785e+02 4.035779592548107558e-02 3.068429150631004076e-01
3.162420998527301776e+02 -1.309141053091092063e-02 2.709958083606147858e-02
7.984255446031094834e+03 -1.022488110985202148e-01 4.173697425033206798e+01
4.908970822783243761e+02 2.375653863627286144e-01 1.385245609200328865e+01
2.137582257611235036e+03 1.244284297903315746e-02 1.654748826124272099e-01
3.027142407451015060e+03 -5.979627381703216810e-02 5.411916663134157091e+00
7.011809264762753173e+02 -2.450870581803482259e-02 2.105915087924948303e-01
1.732199429903489545e+03 2.047199584768338854e-02 3.629846545101619304e-01
1.460744205043726424e+03 -2.649014465819856667e-01 5.125223823996192607e+01
7.181222086959990065e+02 4.735563613371018138e-02 8.052147321715326100e-01
1.193383627175037844e+02 -2.345675573410847120e-02 3.283114054333205467e-02
4.764364739964233195e+03 -1.900773618469048243e-01 8.606682802393757470e+01
5.084453226227915934e+02 -1.164809340843490221e-01 3.449244259234461207e+00
8.023771397069243676e+02 2.197155679455595201e-01 1.936735044647996062e+01
1.625901075404298126e+03 6.134911653457025826e-01 3.059713401004446496e+02
1.320835376625957167e+02 -5.872187302307661783e-02 2.277290822305138573e-01
7.413781966995843504e+02 -1.496791905829637781e-02 8.304866697640796158e-02
1.113130568660111948e+02 -1.267855239359709681e-02 8.946547110336747557e-03
1.907149500004946674e+02 3.534388899973583964e-02 1.191196508850244640e-01
4.135593799976764785e+03 -7.415025996979853762e-01 1.136928716193758646e+03
1.108763361279519813e+03 4.890252597437323018e-02 1.325779976713066466e+00
3.534179545875499571e+02 -5.130701195349815502e-02 4.651703862510828125e-01
1.223668294618182699e+02 -6.492677340123386154e-01 2.579178223747928556e+01
1.551608703242432625e+02 -5.016353568803065544e-02 1.952218796945488499e-01
2.060193686947548883e+02 1.988595561456173166e-02 4.073530644963386377e-02
6.532919897033393681e+03 -3.861960082177138265e-01 4.871838672944388691e+02
4.920500510357372264e+02 5.271690679976331201e-02 6.837213243061573964e-01
4.284556751902036012e+03 2.110597375550063159e-01 9.543038844791733766e+01
6.910060232543462007e+03 -8.717911336217173957e-02 2.625891231147507554e+01
4.412197178516296844e+03 3.391254313996953929e-02 2.537147027997597615e+00
7.466845729039044954e+02 -7.504027926935735726e-01 2.102306660187825571e+02
1.475903781170464754e+03 3.103028911633934003e-02 7.105582623333707160e-01
2.601096294720481410e+02 -1.698655735003653522e-01 3.752642339432616492e+00
1.405533086359617528e+03 -1.328502312628770596e-02 1.240325599209659985e-01
1.335075392712613848e+03 -1.691441784208947419e-01 1.909808867347752326e+01
4.720276647151359271e+02 -3.056548715479203149e-01 2.204956880485973869e+01
2.110023917136907698e+02 -8.583235407450773291e-02 7.772476722381980174e-01
3.684034529102307260e+03 2.823727227203038925e-01 1.468720576340343769e+02
3.216480525851367474e+03 -6.978449537610369180e-02 7.831930328801278485e+00
5.201915066360735409e+02 -5.076984079175725917e-01 6.704167623700755030e+01
2.135440667251278626e+02 5.573666365280254276e-01 3.316954016299798980e+01
1.801865180046873718e+02 1.169981874760659124e-01 1.233248411471012496e+00
1.461632907933706065e+03 -9.741666224095728299e-02 6.935452593094435514e+00
1.707261369267801001e+03 2.065015800169360191e-02 3.640129009809873195e-01
1.199007306462174938e+03 2.718385521551013317e-01 4.430104092333954213e+01
2.266988650462149053e+02 -4.521530878382493818e-02 2.317343170595629609e-01
3.379863151851606631e+02 -3.356080242755859339e-02 1.903416338779278516e-01
9.136106881340760083e+03 7.244430263859003016e-01 2.397395293262447467e+03
1.705899970898278752e+03 -1.206180900498781544e-02 1.240933362325146450e-01
4.589638668104852513e+03 3.966392268474826510e-01 3.610271191988334749e+02
6.888775201661500432e+03 -2.526573601556362028e-02 2.198750369974579399e+00
4.084167825949915596e+02 -2.070460548982967428e-02 8.754019377674066016e-02
8.848661913572273988e+03 4.888782168215600743e-01 1.057423553049053908e+03
8.443067069411791863e+02 -1.901089595663387269e-02 1.525722017777446649e-01
1.687176081147543300e+03 9.418626266641929590e-01 7.483513437834276374e+02
3.118691616928446706e+02 -4.531763605554477159e-02 3.202409989357201670e-01
1.557227173520000463e+02 -8.345585663587846703e-01 5.422950203469597596e+01
1.368522418653971044e+03 3.573547515166097810e-01 8.738181126991750602e+01
1.474654242514289535e+03 -1.575450812973338832e-01 1.830079289407569121e+01
5.776767202785587187e+02 -1.412577784282629811e-01 5.763411307333264233e+00
3.692530232549515290e+02 -3.990077344594590569e-02 2.939386482169333292e-01
1.786813571374899084e+03 6.172158637616304011e-02 3.403481594871816007e+00
1.899747111004347460e+02 4.473815566554491530e-01 1.901174364749142853e+01
5.126060872622823808e+03 1.071243086063784766e-02 2.941235691360110094e-01
8.813708129687582186e+03 -1.130831564606664050e-02 5.635396962276828514e-01
8.492932673516602335e+02 4.410305441214674993e-02 8.259714230435367677e-01
1.527756361947432708e+02 2.605226677166772031e-02 5.184598603287056406e-02
3.943882637290425464e+03 8.407133025318355157e-01 1.393765870195965590e+03
4.485874498923740248e+03 8.681993739793182618e-02 1.690659153647108326e+01
9.510948332414791366e+03 4.228113050826469432e-02 8.501332620088183134e+00
1.773054917576575065e+02 2.695753856871180854e-01 6.442473817039365613e+00
9.729727005551884531e+02 1.058390138006970183e-01 5.449569910998645739e+00
1.364597037433883315e+03 -1.152018212919723866e-01 9.055097246069891526e+00
4.386548019156311057e+03 -1.440692765859104447e-02 4.552349983885344842e-01
1.218594354512599551e+02 5.150746368278181359e-02 1.616476875207513431e-01
1.175573883205954189e+03 1.186444918154704216e-02 8.273991957817999898e-02
2.685313545699366387e+03 -3.704625096474518237e-02 1.842695332836668420e+00
2.106155593238833262e+03 -1.011989863710193172e-01 1.078481702262480724e+01
6.867334110764806610e+03 -1.031126786296504838e-01 3.650751897110112765e+01
2.322906126779043461e+03 4.054403505235914529e-01 1.909218355745030635e+02
3.608127537033976751e+03 -1.097815835606714974e-01 2.174256948263336398e+01
1.522899549107839050e+02 -5.765324672957909957e-01 2.530980513516160357e+01
1.575287647960340109e+03 -1.407042823310900720e-02 1.559353224801947602e-01
4.679553550977064447e+02 -5.831708146175306612e-02 7.957304696886352557e-01
2.084755303882016335e+02 -6.469207084482996306e-01 4.362417217014829873e+01
4.432456693847681777e+02 -3.351940016046119353e-01 2.490043773880559996e+01
3.868028726927652770e+02 -1.069120454185412267e-01 2.210614284813973374e+00
4.322426468399283976e+02 -5.936846196899139144e-02 7.617443019958199946e-01
1.305168720788907422e+03 -6.739385938899891682e-02 2.963993974081067684e+00
5.926698567456007368e+03 5.299818892434859929e-01 8.323479261639890865e+02
5.380772829763754999e+02 -6.262398276768333938e-01 1.055105848324881208e+02
1.848664791873176227e+03 -1.840426183919564029e-01 3.130869610592739249e+01
1.439896614466628080e+02 7.108837028991593643e-02 3.638299368831438563e-01
3.900013039837516317e+03 -1.808605646542081266e-02 6.378577377181446906e-01
1.175709103694649912e+03 1.018157284241043153e-01 6.093960442144837231e+00
4.330017021094072902e+02 4.870563320206910962e-02 5.135916986704471832e-01
1.353760915151672179e+02 -8.222433645187900986e-01 4.576281491469477913e+01
1.422641681354084312e+03 1.771419479723389603e-02 2.232072852519589590e-01
3.463289065136262934e+02 6.020933934107249863e-01 6.277496362084227854e+01
3.389607421623768460e+03 4.255955963584491242e-01 3.069825275523073174e+02
4.056124344957970607e+03 -9.864591882429954439e-02 1.973510808726855004e+01
6.220028956786582057e+03 -2.624625966739450034e-01 2.142383689378005158e+02
1.245154016518918496e+02 -2.401541220647786246e-01 3.590650783411522440e+00
5.366119758165334133e+03 1.574735834849464236e-02 6.653432971393925532e-01
4.614176234101501564e+02 6.501715462348558461e-01 9.752593013111355447e+01
3.061010794425073982e+02 -5.255162207652928075e-01 4.226755405625253559e+01
3.831397641328933332e+02 -3.322262900976780675e-01 2.114439313455466873e+01
1.023431403642267924e+03 1.119454422612303629e-01 6.412709643235191770e+00
1.348689597977131370e+03 4.773771492892182194e-02 1.536757232321350308e+00
2.555372096275652439e+03 4.655430917477104691e-01 2.769133703068567911e+02
6.314853327250287975e+02 4.450190516493898740e-02 6.253029534357404939e-01
4.420729055360535313e+03 3.405031348604595776e-01 2.562749347266527025e+02
1.945199856868039660e+03 2.216906527708042626e-02 4.780012118129938758e-01
6.152923813381966283e+03 -5.780337248263860417e-01 1.027916641768108548e+03
8.501771009266980400e+03 -3.036778719284198222e-02 3.920177235292256146e+00
1.086231137109895428e+02 -2.853858964838455470e-01 4.423410717581536922e+00
1.627781646364353264e+03 -4.882609948810641698e-01 1.940305948632476145e+02
1.252963510970129846e+03 1.407337238209953843e-02 1.240808575884188025e-01
9.778639616024088355e+02 4.972807234190901315e-01 1.209070693057303032e+02
3.841805047537478686e+02 8.082700417553821681e-02 1.254926503160193496e+00
5.151776479375577765e+03 -3.644263170585056860e-02 3.420948059945559283e+00
6.219192095411262926e+02 9.092648962365132426e-02 2.570897873582088433e+00
1.498516689514585494e+02 1.174564742561350905e-01 1.033678561546949926e+00
8.414102342494278446e+02 7.667697859647133463e-01 2.473476436353322185e+02
3.227954351454739026e+03 -7.628491694704185866e-01 9.392360302227067450e+02
2.606664448796020224e+03 -6.839686205561520405e-01 6.097158542157070542e+02
1.700573026677690905e+03 -5.825350337780259569e-01 2.885422332027373500e+02
8.265996300315348435e+02 1.563723175426321929e-02 1.010613176669685059e-01
7.090777758458069684e+02 -2.230923792531282479e-01 1.764547479192821910e+01
4.261845276033729533e+03 1.751310293378442740e-02 6.535726705820094073e-01
1.373596790786309327e+02 -7.681618878404080641e-01 4.052609738624235547e+01
5.109525634265328335e+02 -1.334052412933462717e-01 4.546700758996508718e+00
7.551248045159194362e+02 5.343272971382682923e-02 1.077962030241988778e+00
2.698408694817704145e+03 -2.120223693581921864e-01 6.065143753924574099e+01
1.115245800138799126e+02 -3.207191802255022345e-02 5.735753345326355390e-02
1.274452773012275344e+02 -1.499156670304120920e-01 1.432147647033171767e+00
3.555636718354184609e+02 -3.507324900432040593e-01 2.186952668455192850e+01
8.698446409372600101e+03 -2.592864398000287451e-01 2.923959181813451096e+02
6.725009719637794205e+02 9.646012573074681795e-02 3.128661428422774726e+00
2.158273829626241422e+03 -3.907118170336133095e-02 1.647364269932337644e+00
2.550710569969684457e+03 -3.067860967165521591e-01 1.200335177605512484e+02
3.350343662393607360e+02 -1.238419276918243869e-02 2.569181396082593355e-02
4.056793636213913032e+02 -1.593263970869165658e-01 5.149065202832336041e+00
2.481277834658071242e+03 -4.287332049486330260e-02 2.280445204466196252e+00
6.243130262187630251e+03 -1.896163818891755393e-01 1.122339148219291616e+02
3.411374169434116084e+03 7.152328938394293678e-02 8.725580313402170773e+00
1.191577688453060375e+02 4.373569539536851791e-01 1.139631485725882776e+01
3.676935943824033075e+03 4.241201060737081335e-02 3.306996925111606256e+00
1.616977444353395299e+02 -1.147121720244155818e-01 1.063880802538635928e+00
8.432660811865467849e+02 4.568778198258473533e-01 8.801056029772848888e+01
1.506759268433380896e+02 1.483436600687426318e-02 1.657875280678463084e-02
4.841550532747757643e+03 -1.980834849665023822e-02 9.498412135853597782e-01
1.114402575407570879e+02 7.151251893607582510e-02 2.849549876514562707e-01
2.787734097875513157e+02 7.350293198461771427e-02 7.530619036228174412e-01
6.670743807088657604e+02 -3.447714857504299152e-02 3.964669107831290118e-01
5.860623133838637841e+03 2.577146569375621254e-02 1.946220473849055610e+00
1.896410488993341517e+02 6.451045372540401557e-01 3.946049655803086154e+01
1.346199455146707464e+02 1.731692234769115907e-02 2.018463190138859720e-02
1.537480998288437377e+03 -2.834366065218345276e-02 6.175777498470191862e-01
1.837381702315028633e+03 1.067963261183998459e-02 1.047808741202873456e-01
1.305519102257160512e+03 2.034830520962350453e-01 2.702773930595355978e+01
3.452885258378635172e+03 1.101637642486690341e-02 2.095220262179665616e-01
8.839150196496858598e+02 1.358757540674059294e-01 8.159517017192014166e+00
7.400241760756115582e+03 -4.580173093045015187e-01 7.762108240716376031e+02
6.025742011715711669e+03 2.734806040159347071e-02 2.253375659652683716e+00
3.621762003939968963e+03 -9.650166102387532086e-02 1.686395714349108133e+01
8.800531512230203589e+03 4.176636388807394851e-02 7.675951863411053289e+00
5.709649781405108797e+02 -3.975966350010940592e-02 4.512995234709656356e-01
1.542520338701763762e+02 -4.006057837431348245e-02 1.237756836263830124e-01
1.363143872945046837e+02 5.264550274903011529e-01 1.889009991489867346e+01
1.060757828024315899e+02 6.665691701442053585e-01 2.356550200251322025e+01
2.160217522665444392e+02 2.383776391862597530e-02 6.137599101610673180e-02
9.137797429493563186e+02 -8.145119791654424624e-02 3.031143396996444306e+00
1.834735071737855151e+03 -1.556581887147478194e-01 2.222733076163773802e+01
3.872539932879976732e+03 1.365076565400656812e-02 3.608111345581191953e-01
2.987542996536195005e+03 3.037514105459287669e-02 1.378227069026314977e+00
5.580347004759810261e+03 3.096080526655425325e-01 2.674580695512344164e+02
2.911161192440276864e+02 1.069042470740715206e-01 1.663512910617710228e+00
5.376371076178053045e+03 -8.366491492439739885e-02 1.881680948810955911e+01
3.274711086144771798e+03 3.229150865924355907e-02 1.707338626576943241e+00
1.388124548551345754e+02 3.735362002899127454e-01 9.684201837700809889e+00
3.249949090268866598e+02 -3.594717341149819556e-01 2.099790931190161913e+01
1.012976868326844482e+02 -4.637049063571412333e-01 1.089062777389200143e+01
2.355711427423027999e+03 1.691849310688592345e-01 3.371440119663264312e+01
2.931247664363620515e+03 4.264128965729685472e-02 2.664913891348727137e+00
4.367634540525571651e+02 1.590558091592231271e-01 5.524784809919530915e+00
5.160953496506751890e+02 1.092500221835666918e-02 3.079945401642910502e-02
2.733570465238083216e+02 9.994005061158975356e-02 1.365146965056299955e+00
1.825217222187390007e+02 4.292414675045577721e-02 1.681465280533161744e-01
1.357571392700622255e+03 -1.897078186237766487e-02 2.442885674136194285e-01
3.097060581925919905e+03 1.416568904785292515e-02 3.107385348803892722e-01
3.598255988831381728e+03 1.688845460417068012e-01 5.131471047062291291e+01
1.150417859451935328e+03 -1.539872438160428958e-01 1.363939512993540148e+01
4.589298587491326202e+02 1.401133250790204295e-02 4.504796719412790251e-02
9.108359202330896096e+02 1.840517774402385814e-02 1.542730925708383216e-01
2.941321296279452326e+03 -4.046007099273714602e-01 2.407496989227375082e+02
1.283292756908944057e+02 5.114016055377878373e-02 1.678108053687791257e-01
2.634165394887368166e+02 2.437849396647710776e-01 7.827566929506925675e+00
1.801740744633137581e+02 -8.240866241182150942e-01 6.117979738173927728e+01
1.533064167151148013e+03 1.728417647750964403e-01 2.289959075974228142e+01
2.046140800678044513e+02 -1.232413736475423266e-01 1.553883948169558993e+00
1.872200687408772524e+02 -1.210486645344596712e-01 1.371647163184231522e+00
1.175256056274873572e+03 4.344491727651991070e-02 1.109124889929116176e+00
3.458554032670237575e+03 -1.264947578860724786e-01 2.767002972018440587e+01
6.297273206841291540e+02 7.704466356193732102e-01 1.868992961888468756e+02
7.960002793901232508e+03 -2.202099942130373786e-02 1.929999851157438329e+00
4.921917904110374366e+03 2.912094585779436140e-01 2.086965759245416621e+02
5.802528284679075341e+02 1.767750266625589539e-02 9.066279285182218817e-02
7.865439010213171969e+02 -1.931427412686765807e-02 1.467066344645516773e-01
3.766415743418224338e+02 -4.655351205717903756e-02 4.081343625684507592e-01
1.469790490942336589e+02 -5.536208842401463270e-01 2.252425144953161507e+01
6.949871764499665005e+03 -1.048969328297770336e-02 3.823599313579892911e-01
5.542048702962169045e+03 -1.899653163767743291e-01 9.999746093934994917e+01
3.740835670265645945e+02 4.210652652069514223e-01 3.316175211242843091e+01
6.075824618666090828e+03 2.034995061723297513e-02 1.258061734494188899e+00
1.075177114927520847e+02 -5.941128163501389198e-02 1.897526538528254980e-01
2.280847172590505068e+02 2.793983017138789923e-02 8.902535513174424098e-02
2.027492463325722156e+03 -4.510886149707430542e-02 2.062780346765935136e+00
5.371217361777654560e+02 2.847717465764292299e-01 2.177892953802041376e+01
3.703945006271983402e+02 -5.921013475481319288e-01 6.492719387221869454e+01
3.896008077502546030e+02 -4.079644411519962183e-02 3.242160234457177603e-01
8.491127863170362389e+02 -2.875507013023742564e-01 3.510461766156985419e+01
1.383964592203455140e+03 1.527672574424627019e-02 1.614936861231644760e-01
1.676834864678637587e+03 -2.311298338245818540e-01 4.478909772324037419e+01
4.745100360420521611e+03 5.461115046448626609e-02 7.075840880210240158e+00
4.044273234851450525e+03 2.099887430994836768e-01 8.916666462860743536e+01
1.432048227533366003e+02 7.005642931153234221e-01 3.514177102158104304e+01
5.552902633282379611e+03 -6.176275546587441934e-01 1.059115659415172104e+03
1.119629172865671762e+02 -9.012562901676060556e-02 4.547166197554695088e-01
1.231205325807702366e+03 -3.788072175850827616e-02 8.833584753614974749e-01
4.973197008589947927e+02 -1.398036937820883452e-01 4.860074877867165632e+00
4.225261072959237026e+03 -2.008435712294425191e-01 8.521958656891793282e+01
1.160337332049792707e+02 -1.630559229224338991e-02 1.542508008312207246e-02
6.387792623849419215e+03 -4.432172038147280113e-01 6.274137496449834543e+02
2.913878607479941820e+03 1.695663518029205397e-01 4.189100816183763953e+01
1.014062013879954748e+03 1.402868558813248900e-01 9.978574009106752740e+00
4.030317124599259841e+02 4.193406265721368043e-02 3.543587032393423208e-01
1.673193784254034995e+02 1.157903624404332116e-02 1.121659589279589385e-02
1.926608615928005577e+02 -1.537127656316142343e-01 2.276058265955653415e+00
3.469536896826047041e+02 4.677058385924375838e-01 3.794784321511966851e+01
1.627129283584673942e+02 3.376659741468833187e-01 9.276126561147842509e+00
1.201201061397259480e+02 1.032906090084204365e-01 6.407776977540927676e-01
3.660419211103849193e+03 4.555021802145237109e-02 3.797359816383665709e+00
4.474155443046337496e+03 -1.845348895801684347e-02 7.617948834246077716e-01
1.665591947861506696e+02 7.889150135286431276e-01 5.183213033570929440e+01
1.107847455379343955e+03 -4.865454336185966872e-02 1.311284025982681678e+00
4.225423553590854340e+02 1.587052474261393259e-02 5.321362271919672510e-02
1.918120632855689962e+02 2.196088135089784010e-02 4.625359064356773797e-02
7.978413358722334578e+02 -1.060312691251211019e-02 4.484917481837322889e-02
7.787974212755533472e+02 5.732954783389686559e-01 1.279827807437098670e+02
7.923780043992933315e+03 -1.065725513188462703e-01 4.499799274991043063e+01
2.272516493537008046e+03 3.445033715094077825e-02 1.348540522977626832e+00
5.739541462654284260e+03 3.194886540086611104e-01 2.929261079743095024e+02
1.215196228377725021e+02 8.210259897114128291e-01 4.095719702103998117e+01
2.526773951930829014e+02 1.967123903254333617e-01 4.888772490385791869e+00
1.793107863336806531e+02 1.212737630779075759e-01 1.318591060093800005e+00
3.232737347729070052e+02 5.414596374409227225e-02 4.738846062528548897e-01
2.292213822268958552e+02 -2.188708526228436146e-01 5.490362136562648487e+00
3.384008644408002056e+02 -1.783275231940977257e-01 5.380693120342882274e+00
1.324604023808409011e+03 -1.606593587980471860e-02 1.709496173393707241e-01
1.850965436275064349e+02 -7.529352473759419462e-02 5.246667836925158479e-01
1.045139889127439545e+02 -2.936418210977359000e-01 4.505886473480804177e+00
2.588377862684219508e+02 2.406521418308496182e-02 7.495095032437229521e-02
8.161199256721197344e+02 1.626225814690545127e-02 1.079159621689177589e-01
5.907971275298848468e+02 -4.964706050722105662e-02 7.281074241879221809e-01
1.335866222013137872e+02 -8.304459349717853434e-02 4.606336918530659075e-01
8.044189274784209829e+02 -4.795544870336602289e-02 9.249711832674454293e-01
5.115937459664395419e+02 4.956653978005574890e-02 6.284524666776750701e-01
5.732164681528817709e+03 5.349845806931873005e-02 8.202971321535484250e+00
4.876305720213306358e+02 3.529396169079489221e-02 3.037118590495604953e-01
1.931824807335692867e+03 6.669313283208176957e-01 4.296353225876121655e+02
2.339041478446657152e+02 -2.163501375752296396e-01 5.474220403145523939e+00
8.970580953368145856e+03 -2.296679861184034721e-01 2.365873384420125944e+02
5.667550595625642700e+02 4.219539478006250621e-01 5.045399028078446690e+01
1.241589596251675630e+03 -7.099816473314086718e-01 3.129264795418368408e+02
9.451751169139818103e+02 -1.010297596507435912e-02 4.823707038579163470e-02
3.368090716113812277e+02 3.623927015857534434e-02 2.211631005580766973e-01
1.451451171733493084e+03 -1.459892859538821676e-02 1.546729623808258680e-01
1.892543069314212403e+02 2.333461387552868971e-01 5.152488294276566627e+00
6.986354870966761155e+02 4.656764958939314109e-02 7.575115914069475709e-01
4.170137580230733647e+02 -9.925495426411350408e-01 2.054115098633224932e+02
7.545721901536961923e+03 -2.166533306171449513e-01 1.770930587780951555e+02
8.058888818934351548e+03 -6.583424428294554209e-01 1.746420730139412171e+03
1.738621699864040238e+03 9.163720321385308842e-02 7.299930948246332818e+00
3.233223771121115533e+02 -4.607561220216829789e-01 3.432005666142002553e+01
4.099290631907421698e+02 -7.630575678203702084e-02 1.193420028990095805e+00
7.014015970564505551e+03 4.032414478045059925e-01 5.702523523889140051e+02
8.110636453499014351e+02 -1.132994921705941273e-02 5.205720733055327343e-02
3.348130030586634689e+02 -4.173525084254262052e-02 2.915938612341748559e-01
1.077885552623870126e+03 1.841303206299882422e-02 1.827230240119977756e-01
1.467467374472379049e+02 -5.396872463329667191e-01 2.137089788347143227e+01
4.496074358175334964e+03 -4.424827154081539121e-02 4.401453426508422417e+00
4.184739048731232742e+02 2.930504520442787225e-02 1.796896973146555054e-01
5.418326112664713946e+03 6.375289422880829893e-01 1.101120772588410091e+03
4.642688403746767108e+03 2.065987820605329484e-01 9.908206630228136191e+01
1.332723671023311738e+02 -4.452652185305517457e-02 1.321136403907450518e-01
7.144162550559360170e+03 1.213021857101066574e-02 5.256039066411850591e-01
2.401898344246240413e+03 3.727731264211132656e-01 1.668836613101094599e+02
5.526187399943348737e+02 -2.096822581661848470e-02 1.214839719374622845e-01
1.078213558754030828e+03 -3.617361380796634829e-01 7.054375751192107202e+01
7.351660432792344864e+02 3.687780576180659242e-01 4.999028221451177956e+01
1.089830907352951044e+03 -1.116574444053175796e-01 6.793670694107479591e+00
2.335188367325260060e+03 2.615188054573993476e-02 7.985420136429994820e-01
2.415091842863820375e+02 1.546733451418282612e-01 2.888913988172535863e+00
4.359303387798098811e+03 1.220296318303634442e-01 3.245769697072230997e+01
1.317165025919902064e+02 -5.116634968562882024e-01 1.724165950034777950e+01
5.408763841836456550e+02 -2.011977146357894763e-02 1.094747874506048629e-01
5.685005077893509224e+03 6.219777946638909150e-01 1.099640233986458952e+03
5.997164286371611297e+02 -8.919288199943611883e-02 2.385483102224939422e+00
1.080457905018977272e+03 8.907969558437327240e-02 4.286820551478033536e+00
5.414167359417278931e+02 1.370314168937514405e-02 5.083255945233408624e-02
1.192972466298032032e+03 -6.786563483101036576e-02 2.747263122644370448e+00
2.966485479329003283e+03 -6.558559730756409467e-02 6.380124999047750656e+00
2.289295799395612903e+03 1.955624838336333590e-02 4.377669845506614310e-01
1.849756415444636332e+03 4.563590593482562685e-01 1.926184568234212975e+02
4.788932537561715435e+03 -5.005809599592737635e-01 6.000084643882315731e+02
4.942835217764041772e+03 5.891816027951062018e-02 8.579154554524354381e+00
3.955279297177365152e+03 1.160014198721429426e-02 2.661177057033973226e-01
4.878901504271067324e+02 -1.576910272475116614e-01 6.066050473138344223e+00
1.424619808460065315e+03 -4.833744798281905397e-01 1.664318414758760980e+02
6.174189212340811537e+03 2.005524148592931211e-01 1.241668690843230110e+02
2.386781985580519461e+02 -1.461412123716687890e-02 2.548755449879475804e-02
8.827828196551625297e+03 -5.424173624287689233e-01 1.298646776900500754e+03
8.963714302160913576e+03 2.115603102234009034e-02 2.005979085123328343e+00
4.404588011431126688e+03 3.676426319389659858e-02 2.976644909487986990e+00
1.078580602582901975e+03 2.014359524463900930e-01 2.188248213736093817e+01
3.583522001406241998e+03 1.129544081281604051e-01 2.286053806159827317e+01
1.639251137886542722e+02 4.591233822613736276e-02 1.727723817890163549e-01
1.831948557494471004e+02 2.573593843165169481e-01 6.066850545166467157e+00
2.444328442610346883e+03 -1.035088570374252948e-01 1.309436949968092456e+01
1.837804655948603170e+02 1.490044280278506744e-02 2.040176314105467820e-02
5.597635959923746668e+03 2.342629077745303143e-02 1.535966396774925968e+00
1.940713154252858317e+02 2.487366995083007681e-01 6.003590871925794659e+00
1.564629472868219864e+02 -2.401945362820732260e-02 4.513440895292295668e-02
8.520913896812677422e+02 -2.556463401422329751e-01 2.784423821182887693e+01
2.865843980645584452e+03 3.837794727907280212e-02 2.110503280063580345e+00
1.015528840352074667e+03 9.354475596181018038e-02 4.443254185079521079e+00
3.889458603732889515e+02 1.296077107343646465e-02 3.266787140590399902e-02
6.400019918850779277e+02 -6.231809549295925371e-02 1.242738276065961545e+00
3.464031127328901789e+02 3.229731854659857043e-02 1.806694506860026250e-01
3.015713456455598589e+03 -5.382988864758445624e-01 4.369251470570519018e+02
7.182324766443366570e+02 7.470682097039856862e-01 2.004266905479207423e+02
3.777001249406895568e+03 1.375490076472191472e-02 3.572992098891183410e-01
4.158303165542390616e+02 -1.810793151119936273e-01 6.817479482978616723e+00
2.185930673588448485e+02 1.109031408806180480e-01 1.344293443597433191e+00
7.366343413507365767e+03 8.576846649386933308e-01 2.709425763241285949e+03
2.250618195022144619e+02 2.966262045474450382e-01 9.901268997248180881e+00
3.115179419999267338e+02 9.705255026207461055e-01 1.467124512172558184e+02
1.321339721947846783e+03 8.476683496224711734e-01 4.747187994248252494e+02
2.459714746321054463e+03 -7.585706962561400424e-01 7.076962148076876247e+02
5.872986756299136687e+03 -6.408920700102187507e-01 1.206143058346559656e+03
2.461901096276135092e+02 2.305597611296221483e-02 6.543462729723775739e-02
7.250725174590990036e+02 -2.932952869550937702e-01 3.118613949237900584e+01
1.693093619936585981e+02 5.359253597974555916e-02 2.431417811849130584e-01
3.132223904666994372e+02 4.699905049503032978e-02 3.459401523194949313e-01
9.167404027377628154e+03 -3.617865412648293283e-02 5.999584713229399568e+00
5.111208466267661606e+03 -2.645372410153220416e-02 1.788410612692485691e+00
1.905767542229945946e+02 1.695659205783770218e-01 2.739788727197276064e+00
3.071655252461819600e+03 -3.156592090524568822e-02 1.530309954455164601e+00
3.008065228730915237e+02 -1.356579343489239080e-02 2.767882523295123534e-02
2.055235927497868943e+03 3.715977279042228382e-02 1.418984943557288325e+00
4.835090784770277423e+03 2.013774727173964496e-01 9.803844394961890885e+01
2.167858725070482535e+02 -2.130913769606690433e-02 4.921899396812970395e-02
1.952205102606092737e+02 2.861887609451013031e-02 7.994671008853274086e-02
1.130865409854147174e+03 1.127136958563507568e-01 7.183470383607216903e+00
6.475258427157932601e+02 -2.043259371335504060e-02 1.351680688447225998e-01
2.079573345665231045e+03 -8.041387387426790490e-02 6.723667299026323541e+00
7.659520835127684222e+03 -3.523822918755922795e-01 4.755539112364673997e+02
6.052088298294571359e+03 1.907628988865543371e-02 1.101192099570067917e+00
3.714913653460888327e+03 -3.238642232242130298e-02 1.948249968102751195e+00
7.111457872415220663e+03 8.427817232776307899e-02 2.525566822200439177e+01
3.812411120626246088e+02 6.845874360666363845e-02 8.933622171119112165e-01
1.760630074576365359e+03 -2.025737490942512015e-02 3.612471687261500364e-01
1.159648483643219151e+03 -1.676064695860265130e-01 1.628838122910665831e+01
1.937933117031638403e+03 5.616687405330375582e-02 3.056815992507748714e+00
4.431468050517172514e+02 1.080293448892030023e-01 2.585836800004112312e+00
2.050099544757218268e+02 -2.291563124469417623e-01 5.382804460041953121e+00
3.741870424448183712e+03 -3.491211300821871893e-02 2.280399925575419928e+00
4.366898435175000486e+03 -4.930992497034786259e-02 5.308988431872813329e+00
8.165905862216939568e+03 9.684469664256527555e-01 3.829358792418455323e+03
1.881773274980945132e+02 5.406003178769715894e-02 2.749729001245941884e-01
4.071243711077729017e+02 2.394040427633895365e-02 1.166702329443424641e-01
2.595349870948758166e+02 -2.456129558470567659e-02 7.828318010286609840e-02
1.696833541046223900e+03 3.645270802480115452e-02 1.127376138784254689e+00
9.054275603787129512e+03 -4.095977031564643767e-01 7.595191695194200747e+02
4.711768703000396954e+02 -1.397153328612598701e-02 4.598774419927488533e-02
4.321904826024974682e+02 -9.321707013491763172e-02 1.877742779414291130e+00
4.721470567544775804e+03 -2.284199074667009333e-01 1.231729076517404451e+02
8.204197671552553857e+02 -5.746706908916353607e-01 1.354703385142005061e+02
3.412639812564649674e+03 2.876982084888301539e-01 1.412325408659635286e+02
2.938779673913799115e+02 1.935829847490544778e-02 5.506446134015016008e-02
2.996160886248880615e+03 1.243712280098744315e-02 2.317261144083993807e-01
1.182934453756475250e+03 -1.198446777755639014e-01 8.495094014903221691e+00
3.569835786594430829e+03 -2.816720931229725333e-01 1.416139006815437824e+02
7.184493591527906347e+02 6.137121057103599453e-01 1.352992988699577381e+02
2.898219328745140615e+02 -1.782168954412434447e-01 4.602555145706578976e+00
3.548195273129175803e+03 2.449371976353843794e-02 1.064356230440222539e+00
9.391264511228186166e+03 -8.538466158140288753e-01 3.423369681979419966e+03
5.427220296088308942e+02 -1.447958549339297962e-01 5.689311511723693648e+00
5.779574923082270288e+03 4.785207386903950755e-01 6.617095938590761079e+02
7.623043006200613490e+03 1.108631043531795209e-02 4.684599255346428293e-01
7.490896657397645868e+03 6.615986766619125214e-01 1.639430708772272737e+03
4.657334621242589492e+02 5.309968763834157501e-01 6.565856387494234525e+01
4.449089846612500878e+03 1.277082107329647331e-01 3.628096425021573879e+01
3.377013976860949242e+03 -5.451063874622619210e-01 5.017246105607036952e+02
2.678748031355416970e+03 -3.898130320600178000e-02 2.035235070046411021e+00
4.244108741665701814e+02 2.277280186621350594e-02 1.100498468007213293e-01
5.870189590807441164e+03 -1.728281080696857097e-02 8.766997524232873484e-01
1.854995047385536111e+02 4.428994142020482028e-01 1.819378132435729967e+01
2.680296326659346846e+02 3.076032543315699863e-01 1.268045003600011711e+01
1.380146693267569731e+02 -3.952551150023836390e-02 1.078078167911808022e-01
9.968153737761600723e+02 -6.120347122513043470e-01 1.866967855222848414e+02
9.418789749788673362e+03 7.580904942670681212e-02 2.706494874093131742e+01
1.071492489007778346e+02 4.475824208682446792e-01 1.073260577355776846e+01
9.339239535014030480e+03 -1.314825065017370329e-02 8.072674991355012208e-01
3.354444559473741720e+03 -1.877950267254145933e-01 5.915055128258457984e+01
4.244573394727721279e+03 1.439458093307703912e-01 4.397462084561384188e+01
1.969341970787544824e+03 1.506091962571319831e-01 2.233541996617696768e+01
1.551704496111363824e+03 9.425402583294549830e-01 6.892532793434110090e+02
2.341165901939001742e+03 -2.559033582578119081e-01 7.665741409355679536e+01
1.007602690379626665e+03 -5.009767531796730650e-02 1.264429065133391816e+00
6.968522514485586726e+03 1.324662511965188638e-01 6.113940440914011276e+01
1.065886808713762775e+03 3.773706368114988496e-01 7.589572277600342431e+01
2.209612654319380454e+02 -1.383943297088165852e-02 2.116034508351595858e-02
3.573939205031494112e+03 5.581417346420969317e-02 5.566806946703334980e+00
2.847938789472837016e+02 -8.981561726620219954e-02 1.148694054146959243e+00
7.216032372295009054e+02 -4.933550612096239130e-01 8.781883125431349413e+01
1.005804810822532545e+03 1.497969991057155996e-02 1.128469795463043074e-01
6.024105308436189262e+03 -6.525123198959605908e-01 1.282448669488414225e+03
3.119215778413493808e+03 -1.764647642298641794e-02 4.856589804615147332e-01
2.186428853814376794e+02 -1.259257260753412697e-02 1.733541654627564904e-02
7.399904264739063819e+02 -3.897991977476769065e-01 5.621833607182899328e+01
8.074804907952374151e+02 -2.794595994811042636e-02 3.153117153919297588e-01
1.471989865117580223e+02 -4.693239251041834287e-02 1.621138845732772449e-01
6.897963596875985104e+02 -8.406549265419875905e-01 2.437397870279403662e+02
5.059838525591744087e+02 -9.277763322361508580e-01 2.177675878247422645e+02
2.595349112836929180e+03 4.848969428237833584e-02 3.051157886806816766e+00
9.774143442038329113e+02 -6.671506405712904764e-01 2.175186640954942732e+02
3.628207123234737537e+03 -3.058435535060786276e-02 1.696917536899084755e+00
2.577770877803138319e+03 -9.041266134286549683e-01 1.053592871389305628e+03
1.380572768715778125e+02 -2.555773712356699257e-01 4.508936352142377757e+00
4.945137193003043649e+03 -1.503644162733312750e-02 5.590343504651382744e-01
8.613627708887444896e+03 -2.218104661764857821e-01 2.118947373341145521e+02
6.817636926938517945e+02 -6.480419617827840595e-01 1.431561894056302435e+02
2.740838771294351091e+02 -2.834517758565946455e-01 1.101062211554296333e+01
9.771516872916191687e+02 -1.772683260549043072e-01 1.535303634303011755e+01
1.401650126815388830e+02 1.159516111567752555e-01 9.422436083705789667e-01
1.273640217388454175e+03 6.382154816760292337e-02 2.593889305225001607e+00
2.387768079255131397e+02 1.284869237558617927e-01 1.970969977705236298e+00
5.631757369873725111e+03 -7.005922015054186214e-02 1.382116137789917865e+01
3.033296288767647297e+02 8.319859049350918079e-02 1.049824673648542595e+00
5.665524872382991816e+03 -3.741481350805371531e-02 3.965494250426041312e+00
4.434889019357085999e+03 2.500374668657611155e-01 1.386318253155706373e+02
1.473193190057677953e+02 -1.298885938011560062e-02 1.242715562718826883e-02
1.053842266026001653e+03 -2.983472602507835081e-01 4.690182318115503790e+01
9.450232742234731631e+03 -7.938274403559557602e-01 2.977588806575018680e+03
2.622451568371179746e+02 -8.452638107250737276e-02 9.368326788773305713e-01
4.250222993834187946e+03 -1.020616727506468008e-01 2.213640463702188299e+01
8.758291526576222168e+02 6.390541039509101129e-01 1.788399985404068389e+02
1.580453744147389443e+02 -2.479766943409377963e-02 4.859297925723628925e-02
7.006102182796665829e+02 1.314211052123796623e-02 6.050297107947610192e-02
2.687751969440150788e+02 -3.304500830702766234e-01 1.467475718187056444e+01
7.174403697357475949e+02 -2.866482114227614786e-01 2.947503213804437294e+01
4.567991572660538395e+02 2.648451802533370938e-02 1.602062467865098261e-01
6.470477059631118664e+02 -3.186619645622073005e-01 3.285237447926189702e+01
1.012064771168124366e+02 3.075595513274376192e-01 4.786705951763338796e+00
4.276139928371308656e+02 -4.583570751032682855e-01 4.491897021997647244e+01
4.755517922805700550e+02 9.898710862129726784e-02 2.329834676279891603e+00
2.311262765570561157e+02 5.107593818498145088e-01 3.014755058768685103e+01
8.561025608968631104e+02 -7.806614409874592653e-01 2.608682701311820438e+02
1.278801487377792910e+03 6.552341302842711324e-01 2.745150501431797920e+02
5.032994376566973187e+03 -1.766738712695633540e-01 7.854907954650603585e+01
8.589913862315903543e+02 4.421206347595374453e-02 8.395380474515626856e-01
2.362380124790586251e+02 1.078466973025372401e-02 1.373831544925254410e-02
2.612486087968850825e+03 4.160375847999665117e-02 2.260940450080752395e+00
1.675680232847791331e+03 1.295437838448918431e-02 1.406029093879907765e-01
1.821272156549211104e+03 -1.083771231215195779e-01 1.069596786414959055e+01
4.052681121921946215e+02 -2.513366167422193542e-01 1.280041255668807310e+01
3.877677270820652211e+02 3.753524223065418663e-01 2.731618913991371400e+01
4.788180064977466827e+03 -7.630528449584030870e-01 1.393958069597207214e+03
1.473158428696741851e+02 8.026563633354229232e-02 4.745464899117563529e-01
1.749445157048560304e+02 1.553553984833328794e-01 2.111169170767777992e+00
1.490263540541300699e+03 -5.220145131617613954e-01 2.030477754908801558e+02
5.012590475814475326e+02 3.165958858158992584e-01 2.512133775862236362e+01
7.704441682909522569e+03 -4.465689094200991915e-01 7.682244834353375609e+02
5.121275129691646271e+02 -9.910293067810213574e-02 2.514902239816627194e+00
5.788079419650517593e+03 3.178740231921542425e-02 2.924250434667386322e+00
2.252202578526695561e+03 7.041976387299525575e-01 5.584272267761418789e+02
3.967682193266040940e+03 -6.558613322134916601e-02 8.533573558594673258e+00
1.773386420949115632e+02 -2.214236702692771314e-02 4.347318642476473427e-02
1.655449124966758916e+02 9.915988936740210979e-01 8.138753779977443514e+01
5.793041363581352243e+02 3.394218824183635741e-01 3.337000788083980751e+01
1.354890823960056139e+02 2.764119409483922207e-01 5.175924192535674706e+00
7.764100739686482484e+03 9.641448578283562387e-02 3.608658163858464007e+01
1.987824905375081812e+02 5.721549152871912430e-02 3.253684200073834742e-01
1.303027722860047561e+03 -4.360751266948046517e-02 1.238928636639602177e+00
4.856072140321023653e+03 -8.097608477480155997e-02 1.592093918624513549e+01
6.537015783522121637e+03 4.590435249882477975e-01 6.887431136386892376e+02
3.046988467766821600e+02 -5.448696912659895669e-02 4.522995088693804178e-01
8.244996534831883764e+03 6.141439920538083880e-02 1.554894391684032229e+01
2.878163461438320610e+03 -1.217601135352093002e-02 2.133514253286651341e-01
8.675508442289765298e+03 9.853203229241974670e-02 4.211335314062905155e+01
8.079593040202191787e+02 1.207850873981978074e-01 5.893674226883014455e+00
5.071048794046224430e+03 1.407822990116403272e-01 5.025322060598842455e+01
2.315101957056922402e+03 1.624364143209756361e-01 3.054266401578930257e+01
7.377420659434166055e+02 4.803392562097530405e-01 8.510806456880277437e+01
1.086275431247698151e+02 -1.108002816426131160e-02 6.667940103492225878e-03
1.224501763945542763e+02 2.007894391788650201e-01 2.468375077577453336e+00
1.119013773374615084e+03 2.301346907942171949e-01 2.963259025250576073e+01
5.739788362041235814e+02 -2.362774206707144720e-01 1.602176384607451354e+01
2.268215779340592633e+02 5.883039153034134161e-01 3.925164381037181727e+01
5.698541552021413281e+02 4.802704083928945877e-01 6.572118431957414941e+01
1.226732482485872197e+03 -2.285260870264528565e-02 3.203254435867421979e-01
1.587811171217091157e+02 -5.509530584523479879e-01 2.409894630388384584e+01
1.087338150748743004e+02 1.429529362204750575e-01 1.111017220980875519e+00
9.382644210698186953e+02 -4.792513000932335093e-02 1.077511346074339738e+00
9.721239426951482528e+03 -3.367008349124941957e-02 5.510360731794033740e+00
4.343568079718567105e+02 2.636524718929215139e-01 1.509664115748795865e+01
3.999933527820080599e+03 -1.636617612116474940e-01 5.356945393140771472e+01
5.655271883516720663e+02 2.179737835909985877e-01 1.343482515588434723e+01
1.015107060435427911e+03 1.197459152287231876e-01 7.277852812886806078e+00
5.354103012215933859e+02 -2.988756426854332626e-01 2.391320423575870180e+01
1.390067353297322597e+03 3.505815725709003905e-01 8.542480923391036640e+01
3.237317788545904932e+03 3.288401470316633657e-01 1.750350429282783011e+02
5.619793954799112043e+02 -4.587521579307830139e-02 5.913527726900704717e-01
5.913725624869906596e+02 -5.785586924999378544e-01 9.897511642773321228e+01
2.418625889087573796e+03 -2.860253854072431282e-02 9.893452216291240831e-01
6.897281357885472971e+03 1.717100193680094755e-01 1.016808624205499143e+02
4.280121732648557895e+02 1.741141359175467085e-01 6.487751238550633737e+00
1.206070050567324898e+02 -2.029869020965808374e-02 2.484726367159323032e-02
6.789610249056364637e+02 -8.251722900787043791e-02 2.311554409202402294e+00
1.647821439685259293e+02 1.362252016356300666e-01 1.528956298282966086e+00
2.784196064442554075e+02 1.283170258652918949e-01 2.292125483059038515e+00
7.289168103570492576e+02 2.806620615959434240e-01 2.870882330892671419e+01
1.988703329908986461e+02 -1.115938296061521479e-01 1.238284305729474566e+00
5.050310925811344532e+03 5.994667900672658867e-01 9.074409590107209169e+02
5.191699198821756909e+03 3.009193555654465432e-02 2.350605632628728792e+00
1.083034681064196718e+02 1.164499019353238025e-02 7.343289033961125818e-03
1.692090848662885207e+02 2.205483974594007746e-01 4.115299940809713064e+00
4.697016659890969095e+02 1.020988392340815010e-01 2.448125705975819244e+00
3.606732590544917002e+03 1.330716488191892588e-01 3.193412526620694791e+01
2.663470474097414353e+02 3.848643665544951298e-01 1.972573965749208469e+01
1.319725010596121592e+03 -3.173120918423025932e-02 6.643955207130961549e-01
1.869731031107531578e+02 2.984477797051157122e-01 8.326947851770970743e+00
1.087429806335923786e+03 4.088100755170727685e-01 9.086872174597982621e+01
1.108173109767792539e+02 6.542040596270268793e-01 2.371395992190834789e+01
3.733306006442522857e+02 1.301531535256005290e-01 3.162080950567085047e+00
4.429552111906199912e+02 -2.786947069488960108e-02 1.720232944943782538e-01
6.492300217277063439e+02 -6.173138979320016984e-02 1.237031354957558671e+00
1.191581153463917531e+02 1.596491102516419194e-02 1.518541394245408530e-02
1.156521421204525041e+03 -1.398882010756924768e-02 1.131581545636856645e-01
1.627291012252364339e+02 5.179468224512839836e-01 2.182757937768835177e+01
2.381168677946666037e+02 7.230711836571535045e-02 6.224755156731540673e-01
8.710899195737905529e+02 -9.738628207743609266e-01 4.130746699077658945e+02
1.352363796792091648e+02 8.131241780896360238e-02 4.470718139314036610e-01
4.975435388082007080e+02 8.061106059532416879e-01 1.616554554415712062e+02
7.724768160696037739e+03 -7.828847820208010289e-01 2.367288349515549726e+03
2.494476660249756890e+02 -5.239074955040231574e-01 3.423408092446494067e+01
1.893877247666848405e+02 -1.168080429674572124e-02 1.292014317637280030e-02
8.725126693007912763e+03 4.628008123005203367e-02 9.343938498606146226e+00
1.680999611219602684e+03 -9.736574796699255796e-02 7.968012858426635425e+00
1.398473402931488465e+02 -2.041632222175171138e-02 2.914601863062049950e-02
3.212911281629793848e+03 1.343782488750247354e-02 2.900859485606275268e-01
8.032446576014166340e+02 -2.682461040478809761e-02 2.889912518105170469e-01
2.792255863082204996e+02 1.526711621057821044e-01 3.254162518951253524e+00
7.948104540832824568e+03 1.379874881668628241e-02 7.566812860055951440e-01
2.310120482859146250e+03 -2.656830599935451967e-02 8.153280135571069343e-01
1.619033397102452454e+03 4.288888890306621349e-01 1.489070988852829487e+02
4.671131232733877710e+02 -1.076568330688145413e-02 2.706919079459247160e-02
1.031250198433393962e+03 -1.003081805141366710e-02 5.188081085414672500e-02
1.306270616147527903e+02 3.353294132119408882e-02 7.344233226006703641e-02
5.032864791941705334e+03 -1.781180120347817808e-01 7.983640015334113116e+01
4.842930315171770417e+02 -2.940158758111834775e-02 2.093243672928969679e-01
1.324614962973465026e+03 4.318404423496851052e-01 1.235111840275705646e+02
3.888894822051637675e+03 7.128117872436445790e-01 9.879749818314492131e+02
2.815070274384117056e+03 7.092452589510794825e-01 7.080307635833704580e+02
4.494436244418370165e+02 2.131811984672304650e-01 1.021275767653335542e+01
1.781320731866663891e+03 8.611464307829987952e-01 6.604898356347733852e+02
7.397932501922263100e+02 3.628903362850643410e-01 4.871146320389032525e+01
1.112581304946724003e+03 5.471227157225376780e-01 1.665218607898047196e+02
2.008535968864751737e+02 1.791742296305777471e-01 3.224042139461518630e+00
3.314840496134641853e+03 -2.132883916738723407e-01 7.539925920285740801e+01
2.262507146889275646e+03 1.621829478621890364e-01 2.975571182145314708e+01
1.425801068019476361e+02 6.552225543379814887e-01 3.060600303431753844e+01
3.087405103579915249e+03 -2.034738847346164933e-02 6.391178917304177753e-01
2.010614118915665074e+02 -1.624729686232022074e-01 2.653755845235701738e+00
5.259529444666504787e+02 4.685533759236391871e-02 5.773445064231069734e-01
2.779643214287572164e+02 4.462322238900907623e-01 2.767457225607105187e+01
2.538231257287212884e+03 4.850837549848750069e-02 2.986308385678815736e+00
4.751194551436959046e+03 9.260468074731530164e-02 2.037223589245735411e+01
8.405844318271616658e+02 -1.281356903830835892e-01 6.900674984514775012e+00
1.023549388898244246e+02 -2.175192589878084323e-02 2.421442930333688598e-02
3.276245397372440038e+03 1.876519196527163744e-02 5.768361256968194128e-01
5.027894246180692335e+02 2.329917225543767789e-01 1.364699785154529188e+01
3.683598110760389091e+02 -1.590347850280162886e-02 4.658289746373407009e-02
6.284731104123430669e+03 2.920667702589154618e-02 2.680532033124228608e+00
2.733904786464831886e+02 5.150794080314817780e-01 3.626617605232072350e+01
1.067673688116906987e+03 1.398112035153762645e-01 1.043500094622043051e+01
8.438749722221478805e+03 -4.044713693507916430e-01 6.902774430931400502e+02
6.765047666751845554e+02 -2.302687048408761511e-02 1.793538492546254415e-01
4.426784984189490388e+03 1.176503695134823585e-01 3.063691442774259599e+01
9.082924175262915014e+02 -4.348408250545146014e-01 8.587293669247644345e+01
1.506979257352813647e+03 -7.657808256774320532e-02 4.418615937324077869e+00
4.209401063385326779e+03 2.909476984604838709e-02 1.781640854581594269e+00
1.696388207969304858e+03 -4.575832746854880395e-01 1.775969623430631827e+02
2.296433315984107139e+03 1.850839630810062197e-01 3.933339410353369203e+01
2.283446462324164258e+03 5.834928668837507937e-01 3.887155733491474621e+02
9.376239106442369575e+02 2.835221398350840083e-01 3.768535703672309722e+01
4.026308742689104747e+02 5.475234341248103737e-02 6.035072644102174033e-01
7.907365602728646081e+02 2.631268816830835064e-02 2.737362171999973559e-01
1.036685934976886529e+03 -1.313711331597212928e-01 8.945757118533322227e+00
6.240375468199486932e+03 -1.488376596413761022e-02 6.912042346147234673e-01
2.114909645119006711e+02 2.594893746336892834e-02 7.120344083077211061e-02
9.192504466329937713e+03 -1.313052408995616371e-01 7.924428942694922284e+01
3.920135276281341248e+03 -7.825676081989629829e-01 1.200369062761559007e+03
4.030502933315654445e+03 8.103262457826092557e-01 1.323271798783000122e+03
7.798185876932014935e+02 6.592319957959537069e-01 1.694494417704868283e+02
6.839880122033410771e+03 -1.915168556216664264e-01 1.254389759919135230e+02
1.172177544642015164e+03 -7.039668503766894903e-01 2.904476181268831851e+02
6.959223138974643916e+02 5.978295473398502757e-01 1.243613758370184286e+02
2.227025100462377907e+02 -3.074562406269024661e-01 1.052596063441961860e+01
2.991205034013932504e+02 2.838116859504858369e-01 1.204693964441028164e+01
3.803529997371198874e+02 5.191449934715743758e-02 5.125475835545910686e-01
8.511819234381888236e+03 1.393851683190351076e-01 8.268477024945460130e+01
3.752743047415805904e+03 5.111279063763617819e-02 4.902053192193633002e+00
2.508589399425739884e+03 -6.942817891549331322e-02 6.046041655294740025e+00
2.812203629401259604e+03 -3.588386559659959563e-01 1.810569546961248761e+02
1.371583092802421334e+03 4.044374500620855351e-01 1.121746839123209156e+02
4.884568686799770148e+03 -1.835652342309648105e-02 8.229569001372438741e-01
6.477475883597927350e+03 1.446924199743470640e-01 6.780588200988117364e+01
1.889329428185179495e+03 2.002973353014944058e-01 3.789902494691791190e+01
1.102421447550873097e+02 3.328790807224064618e-01 6.107882377456756551e+00
1.029348171542671508e+02 -3.147689020010454586e-01 5.099363135215038589e+00
5.486705719228853923e+03 -3.707251898787645716e-01 3.770386434899497203e+02
3.353901248797624248e+02 -2.684798022412634641e-02 1.208769558000314104e-01
2.605876072728927738e+03 -5.874236954292672008e-02 4.496003955502535732e+00
6.190327149218746854e+02 -1.509489442551205027e-02 7.052510891648611224e-02
1.885960377815879156e+03 1.174551626680754024e-01 1.300908616066855572e+01
1.651013085777449021e+02 -4.100149946919389582e-02 1.387778001825715757e-01
1.860469200017088838e+02 1.670201663090218613e-01 2.594957877701392412e+00
5.960030517610129209e+03 2.448150906751163369e-02 1.786055118221139937e+00
7.981595397334772315e+02 -1.395652014850754796e-01 7.773453533761379930e+00
7.953895274897859053e+03 -6.824664148529072105e-02 1.852304751835352548e+01
3.814748278729843491e+02 1.263876878395490434e-02 3.046810388978427389e-02
1.388930101497912119e+03 -2.493971473236540268e-02 4.319498800494386836e-01
3.128478691742553110e+03 -8.826192845839978540e-01 1.218568732031703348e+03
5.600944365565284215e+02 2.239762355767395061e-02 1.404866787052485577e-01
1.247524454288302422e+03 1.257200934098357537e-01 9.858900008641459323e+00
4.954464575828826582e+02 1.316789868892350723e-01 4.295361151465717064e+00
6.238941267569112824e+03 2.097720192929403843e-02 1.372701218543061152e+00
2.522222366385321038e+03 8.236248125218444127e-02 8.554846478913782803e+00
5.760949414235863514e+03 -1.384746160216880455e-02 5.523373414626059352e-01
1.884419200219708728e+02 2.117721107847394049e-02 4.225567617126918529e-02
3.194471056742967903e+03 3.062434142797543571e-02 1.497967800122852688e+00
4.470505438691903692e+03 -2.909063449133104662e-01 1.891616176307990997e+02
6.325239979265486909e+03 1.242477082521711712e-01 4.882292397032764342e+01
3.020792005555925925e+02 -2.947859995839453850e-02 1.312515783420455384e-01
1.214857439351135554e+03 4.740786427699802408e-01 1.365199446220559594e+02
6.978551276171688187e+03 -3.875158053152536614e-02 5.239792864566132913e+00
4.795006017782553499e+03 -3.851139933168773455e-01 3.555803551237648321e+02
1.148674234653541362e+03 -2.410796756089369497e-01 3.338013439537158433e+01
4.851122400990801907e+03 1.260935682773247669e-02 3.856542366184311788e-01
2.048478579483687838e+02 4.073268237003617731e-01 1.699368064884964724e+01
3.099132524983094754e+03 1.961515168011919719e-01 5.962020896054090713e+01
4.116646090138954719e+02 3.654298606846160813e-01 2.748663662886615455e+01
7.119544563357550032e+03 3.308658646401814174e-01 3.896961757371310000e+02
1.408436412639823629e+02 -1.959558905124906825e-01 2.704107140410889620e+00
1.665364243814079600e+03 -3.040703913442682205e-01 7.698879218130882407e+01
1.910907410446787082e+02 -3.381890570441841576e-02 1.092769966811827365e-01
1.849939347521894319e+02 -2.622609306501095250e-01 6.362015020169792479e+00
2.446736951710591256e+03 2.355601484542052884e-02 6.788298387241428200e-01
2.149170959923714690e+03 1.425114258195042671e-01 2.182430077838665028e+01
1.172745696394139486e+03 5.134577085433430499e-01 1.545906448772136343e+02
1.630803508000456077e+03 5.531708156111296848e-01 2.495112661647380321e+02
1.368381264245075215e+02 5.819484771017362501e-01 2.317107567635707710e+01
1.068700419803799662e+02 -1.118718277000230361e-02 6.687556298819906202e-03
2.487820219427912889e+03 9.690659994853623171e-02 1.168142190759191479e+01
3.100207081599979574e+03 -2.163092869745611088e-02 7.252889147249614865e-01
1.006039948631088691e+03 -9.998402761201348188e-01 5.028592985445532690e+02
2.988150547160913902e+03 -6.840623812809383253e-01 6.991395877969365529e+02
1.253702989258492693e+02 9.604735284235126347e-01 5.782763954487568014e+01
1.402271780518087326e+03 5.155314555805238230e-01 1.863427657853364963e+02
1.071428672516217944e+02 -7.986326231047338187e-01 3.416861393913906397e+01
3.058006823949878708e+03 -5.757302058819127044e-01 5.068115287274188745e+02
4.708117273835849119e+03 -1.829454289086906438e-01 7.878805904327127507e+01
3.808597487272646958e+03 1.248219360159689012e-01 2.966995649323413531e+01
5.124932985685838503e+03 6.175269160854962580e-02 9.771696708785251317e+00
3.058120830204200615e+02 -9.809673064986496049e-01 1.471410030727811886e+02
5.267261972172346987e+02 9.753615017443394153e-02 2.505452321601375321e+00
2.989842418138790435e+03 -4.602172364978646124e-02 3.166241697191497284e+00
3.981455079931566843e+02 3.638676706680230022e-02 2.635716927571074564e-01
3.251335143169211506e+02 -1.435435348346126086e-02 3.349646803152527691e-02
1.396877153343167038e+03 2.243843946222158145e-02 3.516523448652022488e-01
6.294058366628358954e+02 3.778283555133081228e-01 4.492518418680680981e+01
8.345604056232958101e+03 1.187736454022771462e-02 5.886646448350817407e-01
2.818031436586474683e+03 -5.676088187021495479e-02 4.539563615515623596e+00
8.906290701375462959e+03 1.127921990173807315e-01 5.665327211191311818e+01
4.242318980690587296e+02 2.321908410675593282e-01 1.143571948761407064e+01
3.207113822166603768e+03 1.268876622723240366e-02 2.581803411071814658e-01
2.264369663548637277e+02 3.132313372834844012e-01 1.110830361438434544e+01
5.056281975178494577e+02 3.989670252357353786e-02 4.024160509613635139e-01
3.736779510177503312e+02 2.822098663511285119e-02 1.488030604219999498e-01
1.310656466969301164e+02 -1.863108356536110483e-02 2.274757505194483637e-02
4.429235650183157304e+03 -3.209917327004788157e-02 2.281846811471224257e+00
4.171806114438789336e+03 -2.039997975966715421e-02 8.680676937428936091e-01
7.165495442208152781e+03 -1.717719362629795965e-01 1.057111143079220881e+02
2.191322405046112181e+03 3.896943701516055736e-01 1.663889751706054767e+02
1.322001796598560759e+02 -1.780848466224868309e-01 2.096312301517698096e+00
7.707240615725535463e+03 -7.983455649925690067e-02 2.456126642040731767e+01
7.118529480879248695e+03 -4.403100372346761132e-02 6.900450799225184895e+00
1.217682906646680863e+02 1.584328774127104489e-01 1.528251510054198459e+00
7.792534545645619346e+02 -8.088721046253555258e-02 2.549226691754230334e+00
1.094868899040474588e+02 -2.340668654559944495e-01 2.999245405001973452e+00
8.843420076938393777e+02 -4.280039338730212001e-02 8.100014214009976232e-01
5.516962770188101786e+02 3.000464659169406467e-02 2.483402358344037886e-01
3.271487371276753038e+02 2.590286286099294233e-02 1.097515809741419490e-01
9.679936783480035274e+02 -1.226539676416927953e-02 7.281246405219747586e-02
4.244521382934681242e+03 -6.862864408332284283e-01 9.995616081994810429e+02
1.844737579102956886e+02 1.117919224560786490e-02 1.152724300321703900e-02
2.436589679178569895e+03 1.141423762786422103e-01 1.587253246446813115e+01
9.860861537202075624e+02 -3.710667069812618735e-01 6.788734828219989481e+01
1.354642706659905969e+02 4.841872617449616834e-01 1.587893923116746286e+01
3.244165625179057315e+02 -4.064233108038433490e-02 2.679354890459201277e-01
2.699109245510436494e+02 4.446145362430723447e-01 2.667827727794335857e+01
2.100274516537400871e+02 -9.658909279154815897e-01 9.797206033154620286e+01
1.131450700460243070e+03 -4.090949225439675929e-02 9.467903408234845664e-01
2.799964481105713730e+03 7.757465741061133624e-01 8.424851588034291581e+02
9.635208328158124687e+02 -3.331407162708102665e-02 5.346708951288863254e-01
5.117135908375631516e+03 -3.516233733900317460e-01 3.163387748808481206e+02
1.476957223948205069e+02 1.509240366579648468e-02 1.682111370733727421e-02
8.292906712372760012e+02 -4.215317689888343211e-01 7.367792842004149634e+01
5.917317468901892425e+02 1.295531539758531525e-01 4.965818649966462495e+00
5.417957016039652444e+03 5.208879677338221770e-01 7.350116294890841573e+02
1.499665732756890577e+02 1.750785864291979840e-02 2.298426050429023051e-02
1.017449377633173526e+02 1.532691932792889233e-01 1.195067835702780856e+00
1.163612068453740278e+02 -2.258824899185035012e-02 2.968543066843691222e-02
5.736541013689932242e+02 1.026979530595900289e-02 3.025127490603179981e-02
3.931876728935978349e+02 6.732940675789002294e-02 8.912088153035514493e-01
2.911524374118609444e+02 2.323265346374037699e-01 7.857566472167758498e+00
6.379866785216150674e+03 -2.208213842559686099e-02 1.555477992304405754e+00
8.281201868154201975e+02 2.201443211638099903e-02 2.006681050443440140e-01
2.038547423884718341e+02 -7.641661132095729503e-01 5.952047297480991261e+01
9.070907466201555508e+03 1.314331531643840416e-02 7.834848355085743954e-01
5.785590542041917388e+02 5.009134779202208121e-02 7.258437362326498610e-01
3.066556956610329053e+03 -4.493568802212156293e-02 3.096020524812464814e+00
1.836102810897897939e+02 -1.987671392990320030e-02 3.627071980636919352e-02
1.777636055200221676e+02 -6.512466131297803273e-02 3.769674138137814601e-01
9.714801927008178382e+02 5.847836828794335251e-02 1.661094907409881083e+00
1.067765486184791257e+02 -3.372359267738460342e-02 6.071745414211390801e-02
9.790567389677665915e+02 3.980773635416019057e-02 7.757340060171867835e-01
4.811161100267360780e+03 9.792837714717039788e-02 2.306943821353492297e+01
1.406916875520059023e+02 -3.037515113334567085e-02 6.490457913911598653e-02
2.166322570468341837e+02 -1.164778614426286996e-01 1.469534903101031409e+00
2.362617270725416802e+03 5.331854606484429798e-02 3.358303755024876658e+00
7.324305681099577896e+02 -7.346519350321728536e-02 1.976513201300359457e+00
3.019989832905072944e+03 -1.660819260677262599e-02 4.165050109067445216e-01
7.194303815842822587e+02 2.695736947746761869e-01 2.614049461064916713e+01
3.510518012347080230e+02 1.426885342935872436e-01 3.573710464239411966e+00
3.425475314645046296e+02 -1.565977191471510516e-02 4.200120119591507079e-02
2.011115230027446160e+03 -1.148848681066409229e-02 1.327188528459492534e-01
3.013190605336950739e+03 6.898790034885214917e-01 7.170384816266017651e+02
6.270573229281584418e+02 -1.033655272899786613e-02 3.349875736182346408e-02
1.510148659620473609e+03 -1.772694528514879436e-02 2.372780225433865076e-01
2.094552167531894156e+03 1.324300531871643732e-02 1.836683365905557586e-01
3.939526366229635187e+03 1.669293538577618363e-01 5.488825708395244618e+01
8.243355567099219115e+03 -4.888989304008479336e-02 9.851723437410218054e+00
9.278802304521508631e+03 -7.893669119612434226e-01 2.890811422585221408e+03
1.208041389199968535e+03 -6.847640354124287509e-02 2.832263813882214265e+00
1.720763026233747723e+02 -9.230890185108318047e-01 7.331253538264712688e+01
8.443415367064994825e+02 1.218880428137562172e-01 6.272062335305158776e+00
3.491198115835475619e+03 2.114605151491220636e-01 7.805542102409977190e+01
2.369648291642419736e+03 -2.090350035647353388e-01 5.177164070803319618e+01
7.390898784372665205e+02 7.569333490175625956e-01 2.117300688886017213e+02
2.498317477341456652e+02 -4.500525044527782514e-02 2.530136757808066905e-01
9.121576309601707635e+02 4.831003546299845741e-01 1.064423888313920799e+02
8.958897791099670940e+02 -1.536638790755249541e-02 1.057713800395889414e-01
4.991885051041816041e+03 5.407761996809048455e-01 7.299106819874024268e+02
5.094769618235660346e+03 -5.608258910765823169e-01 8.012179395688879140e+02
2.746245385821471700e+03 1.613689493386788465e-01 3.575602952981404314e+01
1.636280732498141788e+02 -3.874570497024287102e-02 1.228216578653897884e-01
5.351047470320138927e+03 1.201766256547120472e-02 3.864104112514822331e-01
2.714687596293309184e+02 2.134886201100613667e-01 6.186418889621436712e+00
5.156750371425545381e+03 -1.233874692277696881e-02 3.925438937866835842e-01
3.486151548194652150e+03 -4.592743004142722796e-02 3.676719983544438630e+00
5.561029598098339193e+02 -7.251215639982496741e-01 1.461998247559565982e+02
1.918432907707865297e+03 2.676039964108380825e-02 6.869131171185798301e-01
8.767812179106367694e+03 -5.243316229643756737e-02 1.205239467081669247e+01
3.519331309068717019e+03 4.394494203402968951e-02 3.398192283561185523e+00
3.223035996808316213e+03 9.126339395025416801e-01 1.342234481071261143e+03
3.512287578839236630e+03 -1.036245708965425651e-02 1.885756279199380381e-01
3.103265205811460987e+02 -2.405425651031021031e-02 8.977858830967448689e-02
1.695407782582276695e+03 9.525822556165582933e-01 7.692174918726403803e+02
5.284432301459349219e+03 1.821642319368576776e-02 8.767879184744010734e-01
4.916431222044822107e+02 -1.009354094955482728e-01 2.504419467150495127e+00
1.389558402398872659e+03 -4.247671313709073387e-02 1.253570074549050561e+00
1.949567388537101351e+02 4.550138309670272996e-01 2.018168632954506947e+01
1.273626447893841487e+03 -6.619243013626721628e-02 2.790157535618052798e+00
7.039680916593983966e+03 -5.284997182923738268e-02 9.831335099630869934e+00
5.238787900431843809e+03 -1.555325319712362077e-02 6.336410490601802614e-01
1.735485543703985059e+02 -2.906682255953158545e-01 7.331386638155604984e+00
2.514210230326082637e+03 7.374992368276197530e-01 6.837459139477232384e+02
7.671983466652568495e+02 2.201247324206188904e-01 1.858725874891531760e+01
7.852946541918895491e+02 -1.672126763190205090e-01 1.097845033255393510e+01
3.041639041498806819e+03 4.238409451620828716e-01 2.732017627769952242e+02
5.868413034190073176e+02 1.044078482969989508e-01 3.198578168075312256e+00
5.953520872451748573e+02 6.951026487265913323e-01 1.438274470402139400e+02
4.810373126005317204e+02 2.017023472401070494e-01 9.785221780038417805e+00
6.344220110742865018e+02 3.274053136913178674e-01 3.400319247842963932e+01
3.654660898445443422e+02 2.347655024099695731e-01 1.007130273859476510e+01
3.194521068701380500e+03 3.253583113617425360e-02 1.690828547964594586e+00
2.850470966920641331e+03 5.676705484861846451e-02 4.592819230666600916e+00
8.792245560356598162e+02 -6.220808204940392327e-01 1.701231583639564349e+02
1.993075803744933182e+03 4.374989107093028018e-01 1.907426329519265664e+02
1.994682104480371891e+03 -1.626913894713267333e-02 2.639810988068430064e-01
6.930460692395217848e+03 -2.595149560200199490e-02 2.333763763178949624e+00
7.425579578732916843e+02 -6.018981170827703009e-01 1.345074472459617709e+02
9.996587007010120942e+03 1.051723918032294869e-01 5.528728403442642758e+01
5.278277869111551809e+03 -1.617268238674372527e-01 6.902817142010120222e+01
4.466999105083550603e+02 3.511500944405862579e-02 2.754047642675926943e-01
3.616709979505267256e+02 -1.925830595192916384e-02 6.706869448667250599e-02
8.494274793367931125e+03 -6.329190014236195372e-02 1.701345744907535718e+01
3.038002227139281217e+02 6.975445137413807117e-01 7.390978634281533743e+01
4.284031954022128957e+03 -8.253751155032111597e-02 1.459235706371558194e+01
6.781791378590435215e+02 -1.358588143750993557e-02 6.258785542351139042e-02
2.910616311895707440e+03 1.103888936706775951e-02 1.773396001404312083e-01
1.324668543548125399e+02 -4.217487658483207169e-01 1.178107358255941683e+01
1.610995838717321931e+02 9.063222839106459261e-02 6.616521672225491590e-01
2.844334190514013017e+02 5.948210243577822104e-02 5.031798568632516178e-01
8.713018626090963608e+02 2.299892907158660252e-02 2.304378818155584374e-01
5.585083265488107145e+02 3.928235513997928585e-01 4.309180558901559266e+01
1.581800122918310478e+02 -1.982246233905116464e-02 3.107683715756618878e-02
4.093621055746272759e+03 1.899255666545612842e-01 7.383197803328535258e+01
2.170672568587371643e+03 5.051252004570416787e-02 2.769251463596369867e+00
2.938632004089236034e+03 2.040380643536590932e-01 6.116987572406048912e+01
2.239750915902925215e+02 5.376803651658093597e-02 3.237561909669811056e-01
8.964989929979076351e+02 -1.064617974964091190e-01 5.080511039965678322e+00
6.258508498704677550e+03 -2.006146499476806760e-02 1.259407105735777188e+00
4.718731995301979623e+03 -1.269317418908601225e-02 3.801331951990960523e-01
7.517179603870204119e+03 -6.570240059013554568e-02 1.622510091615028927e+01
5.557268774091382511e+03 -6.808925869910482931e-02 1.288215789493188446e+01
2.143960635931856814e+03 -2.500578085895997504e-01 6.702975829037991673e+01
3.162204369577922876e+02 7.309055717894220872e-02 8.446610811138336450e-01
4.546050509659892668e+03 7.829724154264756930e-02 1.393468593311075487e+01
3.484409387665643408e+03 8.828292787799923991e-01 1.357852622612722143e+03
2.497722081957765852e+02 1.142836364319102516e-01 1.631106128659683296e+00
5.386547579136698914e+03 -4.943435899636167141e-02 6.581703577242628000e+00
1.613472236579336823e+03 -7.342964381036620747e-02 4.349850633108384379e+00
3.777775949129682431e+03 -4.556331248137616974e-02 3.921360607702934153e+00
1.532113703943106430e+03 8.869380090442002817e-02 6.026255415425669781e+00
1.748100182095100536e+03 3.249481111888447710e-02 9.229206349715808333e-01
9.424207048348599756e+02 3.534450987407345979e-01 5.886521716217214362e+01
1.656233083580536913e+02 1.486108157380025274e-01 1.828909837675339212e+00
2.666195771890389096e+03 2.673461466054436603e-02 9.528178778200833143e-01
4.376111616945282776e+02 -7.728315595471922650e-02 1.306857071966941231e+00
1.504568072671814889e+02 -4.521550673062945530e-02 1.538001116607060348e-01
1.429058840408498781e+03 -5.578742957602869090e-01 2.223785112578407848e+02
1.232121230868131079e+03 4.656588698527765191e-02 1.335854645132890095e+00
4.036837236296153151e+02 5.107416250085028420e-02 5.265186406453453705e-01
1.628737613119472144e+03 -9.531801172742464523e-01 7.398966815384623033e+02
6.614682509565915097e+03 -1.823921791992918692e-02 1.100250140494904771e+00
5.297039349941861474e+03 -1.692825329261881395e-01 7.589750523121882964e+01
9.122965756168516691e+02 -1.840544318145789227e-01 1.545249484780872073e+01
5.029921668391328240e+03 8.056786143770238162e-01 1.632506421376429216e+03
3.677648155577007856e+03 1.587445741099387797e-01 4.633807219783840026e+01
3.656103677010056572e+02 6.153455312079896683e-02 6.921920530938249216e-01
4.754415138397120586e+02 -5.111847224739779483e-02 6.211876831766417473e-01
4.935087029368653020e+03 -3.388894231123357886e-02 2.833876038970880362e+00
1.614873288499888076e+03 2.911707095103341358e-01 6.845478720228024372e+01
4.489629398894474434e+03 -3.622335865500386776e-01 2.945492555267525745e+02
1.472303454287730915e+02 -4.094286219149164685e-01 1.234024364758520065e+01
5.593515717542469474e+02 -1.864891016999620788e-01 9.726616236038312380e+00
2.119917713015282061e+03 -7.785084793383937329e-01 6.424150434851400178e+02
6.045385684330622098e+02 -4.488860825854573133e-01 6.090687239559144928e+01
2.603020201979509238e+02 -2.251085373782277244e-02 6.595253231721132092e-02
3.438014606964979407e+02 1.372575242691000119e-01 3.238545807271453469e+00
3.116180475618120340e+02 1.588431952543623848e-01 3.931242514194261961e+00
1.542279313023969110e+02 1.544957922919681370e-01 1.840629377777542208e+00
1.935324169107467185e+02 -3.821717242481751514e-02 1.413321052396002142e-01
4.646445457192219237e+02 -1.771210471354969784e-02 7.288383059256915708e-02
2.547165442480549302e+02 -2.756274312904053239e-02 9.675469177276058153e-02
2.579185366634831098e+02 -4.499824642532400665e-01 2.611221661946832029e+01
1.565467265245601993e+02 1.235816443963669020e-01 1.195423900201583844e+00
1.056336510318498227e+02 5.895893174085179572e-02 1.835995054827279094e-01
5.329361133731938935e+03 2.290941362054672858e-01 1.398534232765637171e+02
3.507098238372697097e+02 -1.157734555344691434e-02 2.350368335537855735e-02
5.158029422608669847e+02 6.848282575954556251e-01 1.209531445103596639e+02
1.024739085562884611e+03 9.399940484932232942e-02 4.527239952027154679e+00
2.842210736600773089e+02 -3.000919976784163778e-02 1.279779382114647757e-01
2.307596338186505989e+02 -1.393979840551587412e-02 2.242037290687148507e-02
5.383307709354095323e+02 -2.084457973966269417e-02 1.169514191243457429e-01
7.734198635969529505e+02 3.584648828961719547e-01 4.969109405374522481e+01
3.301694150802226204e+02 -1.543028795429660927e-01 3.930564308712203303e+00
2.515288666945743444e+03 7.081891983586925399e-01 6.307488032417021486e+02
1.045773267681953342e+02 -1.271371839637377640e-02 8.451868199552710695e-03
3.328746710366268417e+03 1.197781249540818584e-02 2.387843034979528212e-01
1.694471094373876383e+02 -1.148236261540203917e-01 1.117034752298607048e+00
1.814752976370845090e+02 1.545009633759923395e-01 2.165957372867015618e+00
3.973021089195396598e+03 -2.274416330514753698e-02 1.027615874570728671e+00
4.637501588779801978e+02 2.205196566549538773e-01 1.127583444948355940e+01
1.694369166249616455e+03 -7.294552708929963325e-02 4.507911460240302759e+00
8.823600703940226140e+02 8.464277398144743891e-01 3.160789885607156862e+02
1.805232005333043162e+03 -5.186006541424024313e-02 2.427555397526425907e+00
2.665684172382054840e+03 1.719553575175286619e-02 3.941033445962701665e-01
2.430837888608178673e+03 1.545138744981462697e-02 2.901756505756281079e-01
7.499077236993849738e+02 2.182812074366109745e-02 1.786530874005612113e-01
2.065519688698039715e+02 -9.539751919097808619e-01 9.398823746499131460e+01
7.247959360737844463e+02 1.068779632940281971e-01 4.139635400418152145e+00
5.953281414715719620e+03 1.427338634702599862e-01 6.064296950736326863e+01
1.028132246449213625e+02 3.889112882016187295e-02 7.775352417590325471e-02
9.073889279327642043e+02 -1.328838574608956213e-01 8.011391094638486976e+00
2.449820647262669809e+03 5.374215172711847843e-02 3.537809113538889605e+00
6.708593872429654539e+02 2.317494594816944808e-01 1.801519491419660568e+01
2.204548782924373995e+02 -6.455308550205064722e-02 4.593288551208956072e-01
1.456257994816632788e+02 1.094664796016829728e-01 8.725104358203032984e-01
6.839864731786540688e+03 8.158511158933434704e-02 2.276351589957483412e+01
3.819650268178596889e+03 -1.032914006841450516e-01 2.037614103536813204e+01
1.342468007828520626e+02 -1.215491789363333103e-01 9.916947367273634129e-01
4.767620210399453526e+02 -4.232349683003133745e-01 4.270067512818318534e+01
3.605293754368385635e+03 -6.743899856436755269e-02 8.198471395729951539e+00
1.542666535650571404e+03 -6.163725052386736375e-02 2.930411287477244553e+00
3.086357267386634703e+03 -1.651960243819461036e-02 4.211292281030886708e-01
1.931169746837752825e+02 5.260986136470557212e-02 2.672543411059142837e-01
5.717208221197801322e+03 -1.020087763052073132e-01 2.974603533520761545e+01
1.369999139978734320e+03 2.396105137129488916e-01 3.932801613473581170e+01
2.238482426691942067e+02 7.108650977493000678e-01 5.655852526187592844e+01
4.869258048769550442e+03 1.043788414052411462e-02 2.652514331009062087e-01
1.352308961610455924e+02 -2.255576804060827889e-01 3.440021602727919792e+00
5.067299674434256303e+03 3.684445362677012115e-02 3.439464524784853872e+00
2.140430176691660051e+02 3.029711415830859192e-02 9.823666180102265388e-02
6.780404468080016159e+03 2.843949474649041798e-01 2.742012048141580181e+02
2.465594435854488438e+03 3.757505950763507796e-01 1.740568019617394100e+02
3.111011336754556851e+03 -9.042518378436271986e-02 1.271892476171791664e+01
9.048449303704729800e+02 1.510277113201629988e-02 1.031947121769366676e-01
1.507228764113954185e+03 -5.834436523678305786e-01 2.565352307456068388e+02
8.899922109389572142e+03 1.313334220481765235e-01 7.675500972679498091e+01
2.531014222455619347e+03 -1.626529842017134242e-01 3.348024761742932753e+01
2.440816461034254701e+02 -3.088221753023975141e-02 1.163917192775271447e-01
6.659633586270564592e+03 -3.678450193486101361e-01 4.505573712911814823e+02
9.680987540152300426e+02 -3.611119710269558025e-01 6.312093697300083051e+01
1.294434920477522382e+03 -4.069859166059835304e-02 1.072035055743963516e+00
1.110388735334325020e+03 8.966665610090281124e-02 4.463823352328359917e+00
5.374923949434334645e+03 9.120666529928895816e-01 2.235607112986750508e+03
9.600823910736377002e+03 9.868397653092061406e-01 4.674894251355354754e+03
2.450354602630014142e+03 4.251819754113075889e-02 2.214871999436629491e+00
1.132187621041636447e+02 -1.418836484255828756e-01 1.139601734160504032e+00
9.942306026872864095e+03 6.419204751629224714e-02 2.048422738177188407e+01
1.724908915931021511e+03 2.633305966230012340e-01 5.980518216768516737e+01
1.750358261359972403e+02 -5.899291410669152413e-02 3.045766829578069879e-01
8.091112936496400607e+02 -7.982283389137286023e-02 2.577701069855360849e+00
5.597865623190463111e+02 7.584261829378129427e-01 1.609974912167991761e+02
2.623160933370663201e+02 3.975063209227086558e-02 2.072445020336132482e-01
2.448178118610072431e+02 2.227960907327706380e-02 6.076145274258055312e-02
5.718945867469653876e+02 -2.929306372820734278e-02 2.453666779283496524e-01
5.309521211672175696e+02 2.250629864265134006e-01 1.344725124503715286e+01
8.600795991126620720e+03 1.122669561759268159e-01 5.420165491485337839e+01
5.622537825137920663e+03 6.706729056352302987e-01 1.264514790849552128e+03
2.647930244797707360e+02 1.602940676020551680e-01 3.401820890389317231e+00
8.260551022179519350e+03 6.240859313744324954e-02 1.608673128378684325e+01
6.977837961028867539e+03 1.053196209982252968e-01 3.869986585082887842e+01
2.439893771946643938e+03 -8.931515002912350509e-02 9.731755449161832772e+00
2.432056049805711609e+03 1.013733597248201723e-01 1.249658260280909161e+01
1.145250663013556505e+02 -1.057758684125323714e-02 6.406838184615795510e-03
4.143651756535731465e+02 1.935531538065196067e-01 7.761644688629680822e+00
2.332263042235690875e+02 -4.467580812065176377e-02 2.327514357877523699e-01
1.416207413207423770e+03 1.228698110572100655e-01 1.069023490982586111e+01
7.047788556183611490e+02 -1.491879546086753994e-01 7.843147634297557680e+00
2.708811673633179566e+02 1.233084850388752596e-01 2.059371702310377028e+00
2.983604618897074374e+02 9.560223182775806627e-01 1.363475495235001347e+02
1.427833418894588704e+03 -1.392674730570342412e-01 1.384672088690223646e+01
3.252446920721726656e+03 -5.900878428764955858e-02 5.662569646331276019e+00
1.317303436542930513e+02 2.191428147340947485e-01 3.163080903837260927e+00
6.247463250261784196e+03 -7.876549112740423297e-02 1.937963910071497509e+01
9.545652176654075447e+02 -5.398815085418820492e-02 1.391145372115366374e+00
1.781116774736622688e+02 5.232187642142171330e-02 2.437973718905106502e-01
3.194130602145854141e+02 9.627913295123884385e-01 1.480427061211302657e+02
8.817595611791221017e+02 -4.510558588715515849e-02 8.969760322376071349e-01
7.761817807977831762e+02 1.372765611341882769e-02 7.313516260208109687e-02
1.891205970173632522e+03 -5.390820270237524081e-01 2.748011462612354308e+02
2.127662020925855359e+03 1.671410875661359305e-02 2.971933539867034901e-01
6.101760623421491800e+02 1.731518133116130564e-02 9.147012199192426640e-02
5.995505758647271250e+03 -3.220849689148976014e-02 3.109830681638988015e+00
4.974463449957615921e+02 1.573505647724538284e-02 6.158186830763030806e-02
2.326312976889043512e+03 -3.546272955406041816e-01 1.462791633654214820e+02
2.064641752799660480e+03 -4.364046139037374566e-02 1.966044652069487864e+00
2.156143786190294577e+03 -3.588844659759289901e-01 1.388535682836728142e+02
5.859429881972680960e+03 -7.048943173041596899e-02 1.455705036821290577e+01
4.082937939772755840e+02 8.315747941086687467e-01 1.411709759039065091e+02
2.567244361604724872e+03 -2.206151341576332581e-01 6.247522319419145020e+01
1.936461870476136937e+02 5.677958865661830029e-02 3.121500711120840377e-01
5.536668215268886343e+03 -1.476801325653953958e-02 6.037576555719083027e-01
1.394783392209886188e+03 -8.858573472003869465e-02 5.472734188637955022e+00
1.350217683996711685e+03 2.287595120205260235e-02 3.532906298070424556e-01
4.955505253897871626e+03 1.080954381862895275e-01 2.895160720803852783e+01
7.485050569137157481e+02 1.108070247066574553e-02 4.595146168975627193e-02
9.101257781100073771e+03 -4.411371732725349187e-02 8.855615090374824305e+00
1.247285167762977522e+02 -3.537063315524693191e-02 7.802278176755954309e-02
7.290386204061535409e+02 -3.638081771544426912e-02 4.824645989790263823e-01
1.435982975484294570e+02 -5.177867472676072058e-01 1.924957548709542010e+01
2.041761896555227395e+03 8.710116716222064959e-01 7.745029001379601823e+02
5.437955103319864065e+03 -1.764485528013625196e-02 8.465289665662518725e-01
4.471697586820594097e+02 5.009709526136871816e-01 5.611352094265103574e+01
5.122366456579179612e+03 -6.678982092079849275e-02 1.142513149692259944e+01
2.049539597753567648e+02 -7.749531786686987556e-02 6.154279920132025294e-01
2.543459782549979082e+03 -2.267637005274971140e-01 6.539460944512794072e+01
5.355356619456966655e+03 -2.297544791753196661e-02 1.413469281344148509e+00
6.898017910029641826e+03 2.539724774213606220e-02 2.224680421392763119e+00
4.394518466280042048e+03 -1.993585874589212381e-01 8.732753344887224500e+01
7.093908882391891666e+02 2.399897480247799586e-01 2.042871218069439010e+01
1.462978065407848476e+02 -1.092230203111146380e-01 8.726421427139939846e-01
4.644812865558831163e+02 1.856879345028831785e-01 8.007659475021727147e+00
2.867800194843676422e+02 -6.587836277507357341e-01 6.223067176817862389e+01
3.518254592110894464e+03 -8.243342202054250445e-02 1.195374329807146552e+01
1.471950421509682656e+03 -2.316226096190563966e-01 3.948435858000328835e+01
1.307534075771855555e+02 5.476977515259270901e-02 1.961123465714194047e-01
5.432417782921992284e+02 6.869028017497231797e-01 1.281603669182589726e+02
1.364191374423418495e+02 2.198298929776085903e-02 3.296239812125118657e-02
7.734830660614624094e+02 1.251678469725420358e-02 6.059075697990951026e-02
3.472564580115932131e+03 -1.549642004630360503e-01 4.169491523224684926e+01
5.929907349249893969e+02 1.522718718010203365e-02 6.874755938876006556e-02
4.951772867678254784e+02 9.710145961198958231e-01 2.334437422341825936e+02
4.363334306801972161e+03 -4.056780606179265225e-02 3.590471929817144581e+00
4.382406105987322007e+03 3.514575446750309307e-02 2.706626725026854086e+00
2.947574090529265959e+03 -1.579457394770326581e-02 3.676635410507786417e-01
2.512941376691555433e+03 8.190492554422509341e-01 8.428929110096499926e+02
2.321088239928413714e+03 1.351581659809577840e-01 2.120050644085188551e+01
4.438010376049644492e+02 -9.759534894075919675e-01 2.113569630244261077e+02
5.498839563074283205e+02 -5.510841811527073669e-02 8.349816717359166418e-01
2.818020665965178182e+02 1.268679697638707415e-01 2.267870010290975458e+00
4.640165641533912435e+02 -1.266955486464255431e-01 3.724141736786329204e+00
1.798301742824377243e+03 1.164628010440706130e-02 1.219570839737716406e-01
1.211660435178653870e+03 4.362264929636493899e-02 1.152855847188074767e+00
8.610456773973505733e+02 1.346703417979600546e-02 7.808005668216094763e-02
1.656031175554093124e+02 3.420435509274298569e-02 9.687268239843124795e-02
4.601758636045018420e+02 -4.450049387745341756e-01 4.556417405440513591e+01
9.950700720885662349e+02 -1.078645598351460760e-01 5.788702362124925394e+00
2.515489628230489416e+03 -8.143399211734432264e-01 8.340728536849720740e+02
1.244795271756917600e+03 -1.563297107828720209e-02 1.521076242516381793e-01
1.948938073509699507e+02 1.823208821811722960e-02 3.239223177903619716e-02
2.265957572913900151e+02 -1.513255807695945351e-02 2.594456999275028541e-02
2.153714021277527991e+03 -7.795654198713210248e-02 6.544299588208452256e+00
1.151210767964204820e+02 1.767362499582832841e-02 1.797943827204753417e-02
1.941618306167903256e+03 1.389177971442484283e-01 1.873482489362596937e+01
2.782391383509262255e+02 1.752642958664689388e-02 4.273415578298445094e-02
1.469264509945910277e+03 3.530794775298377874e-02 9.158301635077706893e-01
6.202432278743202914e+03 2.042876178496120243e-01 1.294243891689902739e+02
1.008207171730732512e+03 -7.094615375958823744e-02 2.537333178185598559e+00
9.096960592983881725e+03 2.349029260855099027e-02 2.509823440056059951e+00
5.541870958111676373e+03 5.206080773282152629e-02 7.510143188768338085e+00
2.556192273877542902e+03 -6.811548185702402947e-01 5.930006762458208414e+02
1.080984491735490792e+03 4.019169474705971273e-02 8.730962167387059658e-01
1.487605187400743489e+03 6.586818965757434974e-01 3.227075625516467881e+02
1.513690056868854299e+03 1.452036227347602848e-01 1.595739025110654374e+01
1.749275305213041747e+03 -1.063691361453630302e-01 9.895994242914536443e+00
1.018732983944612585e+02 6.639330105675054217e-01 2.245323368857268065e+01
7.652145765470064362e+03 -3.778525552290533107e-01 5.462581953188815760e+02
2.731931788802913161e+03 8.691636831755373827e-01 1.031912799213406743e+03
2.085493798167372006e+02 -1.339464204472213746e-02 1.870859317687778578e-02
4.737319057912373523e+02 -4.145869752379359174e-01 4.071307899609780634e+01
7.642814892797040329e+02 6.316104666651669586e-01 1.524480880815051194e+02
4.507769348017359334e+03 3.175939603267056155e-01 2.273401594129126124e+02
5.793608373887968810e+03 -1.335450973420253817e-01 5.166245470337280921e+01
8.344178073566209832e+02 1.515664975361963596e-01 9.584291143660523815e+00
1.240114614419231884e+02 -1.145254426441481982e-01 8.132719393734322288e-01
7.767695240744846160e+03 -9.008663418595430628e-02 3.151976019101878990e+01
2.586677796377555296e+02 -8.436627435931134955e-02 9.205557211184878241e-01
6.257786989772501329e+03 5.230788041060785432e-02 8.561010400524464714e+00
2.126233629186074722e+03 -5.943696088170596914e-01 3.755728391965641322e+02
6.324641003524075131e+02 -1.962829931701880887e-02 1.218347643712989620e-01
1.034025704224504665e+02 1.303835488406601684e-02 8.789151175118300324e-03
1.738094603349874774e+02 3.610282505503113748e-02 1.132728399637432659e-01
2.742922556939162860e+03 -3.270822647653589543e-01 1.467227785297645823e+02
2.424272043151429727e+02 -4.861325168966909582e-02 2.864578319439244347e-01
1.604794780215353285e+02 1.784287022296450476e-01 2.554576665713016226e+00
1.658799172778002458e+03 3.674445250408827635e-01 1.119817824242149129e+02
6.398517862910551912e+02 1.342286930222472974e-01 5.764214241203593048e+00
4.259914508353554652e+02 3.796201641184609316e-02 3.069512688179685256e-01
5.404413526293266159e+02 2.304742541586657090e-01 1.435368506284129531e+01
2.426962107160020423e+03 -1.313909975040971068e-01 2.094904450887840142e+01
9.016523463304375809e+02 -3.029142739550448257e-02 4.136648303308536612e-01
4.630463904194100905e+03 1.203566859564250517e-02 3.353782923884824907e-01
1.549637604774443616e+03 1.157605407696563581e-02 1.038296153032727820e-01
1.291091220904020702e+03 -2.654043162923687693e-01 4.547187846452736437e+01
2.821851372374986568e+03 2.828410547930768071e-02 1.128727318367707344e+00
3.211054821723869850e+02 1.552988532107287822e-01 3.872168271752670865e+00
2.891439245876692326e+02 7.333491110759579601e-02 7.775093414218438026e-01
1.069315992417466305e+03 -3.100440554055031162e-02 5.139523830975925023e-01
5.785279962431669446e+03 -1.404218572692061962e-01 5.703793715324270153e+01
1.986166520152390376e+03 6.510408457247961467e-01 4.209224936539991972e+02
9.225282242538924038e+03 -4.106198286253545660e-02 7.777311631490411159e+00
9.956639867995021405e+02 -1.146139516943324582e-01 6.539699250815110609e+00
5.083326991382126835e+03 1.641002429696744036e-01 6.844417603852579646e+01
2.674558190609232497e+03 -4.208347026878498376e-01 2.368345977147107533e+02
1.249432013694526518e+02 4.258505166155405197e-01 1.132914122851682492e+01
1.507040657043123247e+03 2.477259336745044060e-01 4.624213966845178447e+01
5.474373745078461297e+02 -3.529497529564291081e-01 3.409810258140750960e+01
1.299633338084826732e+02 3.976151446395309597e-01 1.027345878887032704e+01
4.917010915626232418e+03 1.114883942988775974e-02 3.055839202149895351e-01
1.366417853847835431e+03 -4.327980705653339810e-01 1.279747130048270805e+02
4.350440562651951950e+02 -7.325823434317564331e-01 1.167390455446751076e+02
1.954256474257006857e+03 9.351148751258349101e-01 8.544398492517362911e+02
4.240355377230401928e+02 -1.143757954170597502e-01 2.773578835478248905e+00
1.125132497124955080e+03 -2.890101784505184901e-02 4.698940536294371473e-01
2.077942702867520381e+02 -1.151316761755319801e-01 1.377187992506608838e+00
4.557085991059957450e+03 -4.526932945564311472e-01 4.669445934728539100e+02
1.715479028704441475e+02 5.245139753522785192e-02 2.359769295859582283e-01
1.262084471340695586e+02 1.432889479990036470e-02 1.295638414344339219e-02
1.626518113410610908e+02 -4.991906733837729593e-02 2.026571046683134925e-01
1.252302232441398019e+03 -2.702755702788820283e-02 4.573964018613355664e-01
8.919227910927209450e+03 -1.624943036302227695e-01 1.177534249828691202e+02
3.821505033374173308e+03 -1.739864139232390888e-02 5.784090959654151209e-01
9.711648740109581013e+02 3.177197507604466176e-01 4.901752700406967733e+01
8.137135998127635503e+03 -1.690989741995853335e-01 1.163385174187892233e+02
1.314570035619383930e+02 -2.159387762512921805e-01 3.064890794706935040e+00
8.664472640616694434e+02 4.509772016266410666e-01 8.810921133559057239e+01
1.232766250328674687e+03 -2.013495934051420799e-02 2.498919432855690181e-01
2.031339902113705421e+03 1.337805606298316796e-01 1.817768725225100468e+01
6.858869101258385854e+03 4.525178912911119178e-01 7.022536874007894312e+02
8.412749497271422570e+02 -2.043143292459918478e-02 1.755923592752056672e-01
1.433504095963836107e+03 -5.179767786660278983e-02 1.923045337887207218e+00
2.542612507746806841e+03 8.290982451240336282e-01 8.739008770931013714e+02
4.956696080726372202e+03 2.014367459407312155e-01 1.005633401116400449e+02
6.696407501573966101e+02 5.096853531039783475e-02 8.697935551050206548e-01
9.760079354786446856e+03 -1.726552656958721052e-02 1.454732057466337380e+00
9.330663075503780419e+03 -1.486026381793078069e-02 1.030233223678373333e+00
7.392303333491731792e+03 3.099084088875476289e-02 3.549903147024133343e+00
7.366741776239065075e+03 1.923476332261581379e-01 1.362759269991209692e+02
7.212905580934015234e+03 2.437112812237052506e-01 2.142059436512762716e+02
5.275664844856019045e+03 -5.126593213528615745e-02 6.932740087661488637e+00
1.380324223509617525e+02 -2.457703077393951982e-02 4.168789251824433356e-02
1.827375055510663742e+03 3.960419009665352291e-02 1.433111461939281961e+00
1.893895883400520688e+03 -2.616134099996589302e-01 6.481060979609895867e+01
7.493174287528946707e+02 -5.408946301296211345e-01 1.096127764273132357e+02
1.083492402117380379e+03 -3.640149108769012987e-01 7.178508549506760517e+01
7.875284376441878749e+02 1.609479054852074320e-01 1.020015821289302949e+01
3.078873207664301844e+03 8.802699471758163030e-02 1.192871215340490743e+01
6.353169626179893385e+03 5.095684729283994630e-01 8.248321034254598771e+02
4.425369854741616109e+03 -2.058129894493869738e-01 9.372709124625868071e+01
2.516742419303396048e+02 5.347822909777083522e-01 3.598842232465177915e+01
1.680260931501430150e+03 3.767944040347005752e-02 1.192767019934479977e+00
1.388273852697798020e+03 -7.248029344267981067e-01 3.646574026564928772e+02
2.186820194438610542e+03 -9.474888029012462631e-02 9.815925482043393657e+00
1.050335074348739226e+03 4.273204085403933816e-02 9.589702681211947910e-01
4.510586687918577809e+03 -1.624949594275156839e-01 5.955014533111462072e+01
6.192957461700239037e+02 2.239470058937594737e-02 1.552954108801802569e-01
3.032347915890077843e+02 -2.340654650348737015e-02 8.306607972538372631e-02
1.296829874113053847e+03 -4.482152805600889134e-02 1.302645752314643079e+00
2.791756496606499240e+02 5.694863906883434329e-02 4.527039039832204126e-01
1.096355098574744943e+03 -5.342304132923787474e-01 1.564510426442197968e+02
1.946003373838058678e+03 4.976974574172972343e-02 2.410152024779100177e+00
3.900080236236296969e+03 1.416182882943415877e-01 3.910949677839753491e+01
2.016336561243248525e+03 7.870437387280249109e-01 6.244975888302508338e+02
8.111729932014750375e+03 2.099188601408301380e-01 1.787254529323245151e+02
6.781743768281759230e+02 1.551723733381919768e-01 8.164699149887082896e+00
5.919231441009389528e+03 5.455854071902240671e-02 8.809693862000468556e+00
2.026808422484382618e+03 2.590326800313486055e-01 6.799732414279853288e+01
1.195819134980434200e+02 2.667672375365180704e-02 4.255009028790677356e-02
2.453010584564470378e+02 -4.393857704785982671e-02 2.367889342515536455e-01
2.052252083149729174e+02 -4.378408781178940584e-02 1.967131178034234873e-01
2.023700265226610213e+02 4.942181555923768066e-01 2.471459989941487478e+01
1.753161780131614478e+02 -1.095029712459975046e-01 1.051099441855424699e+00
1.638586419391773745e+02 9.308205264284168112e-02 7.098576368862754560e-01
1.307716796773261478e+02 1.814429439759814022e-01 2.152602667136062742e+00
4.437268844946078389e+03 5.368738341957570714e-01 6.394847955247759046e+02
1.101172441723425891e+03 -3.753986823004638596e-01 7.759090655887659693e+01
1.340956012549569550e+03 5.545296289894534603e-01 2.061740717320332124e+02
4.393049893827939741e+03 -9.760098627134348170e-01 2.092399235579979177e+03
4.223433478506373831e+03 -1.713066308848354424e-01 6.197035873110799997e+01
2.083325431315254264e+03 -8.796793152959972439e-02 8.060757944011156084e+00
3.766983929094975792e+03 1.539591177502325388e-02 4.464518215140790836e-01
5.571700224514623187e+03 -8.093426798211096618e-02 1.824830925633247958e+01
6.094932192130559088e+02 7.126527404471545701e-02 1.547728578078176209e+00
1.879406407928993531e+03 -8.424066710699853466e-01 6.668594384857821069e+02
5.164547137261866737e+03 -2.726913801516163763e-02 1.920193830292967307e+00
2.610064865576532611e+03 -1.766913567611625158e-01 4.074289794441727253e+01
5.057319210009791277e+02 8.400639619247589618e-01 1.784493947367989790e+02
6.279293774532887937e+02 1.348829790739619790e-02 5.712090833016375546e-02
3.305602769175354183e+02 -9.645508828919567845e-01 1.537697661083337266e+02
5.005061188931029506e+02 1.671877013370855758e-01 6.995005318280467677e+00
1.594882970958712122e+03 -6.286276026490612567e-01 3.151270752538780471e+02
2.822561840307362786e+02 4.410535467450959479e-01 2.745339809776356432e+01
7.709370219467809875e+02 1.523335643943671547e-01 8.944995252166956234e+00
5.192126037923787408e+03 2.811903164683267065e-01 2.052654954030535350e+02
2.744838096709266210e+03 -4.744045363156447204e-01 3.088761699953801667e+02
1.954794911383532678e+02 -2.038549631411843699e-01 4.061755554432936677e+00
3.629482941870668583e+03 -1.117669204779707243e-01 2.266946828645126288e+01
2.556814718285052379e+02 7.537969457990880695e-01 7.264036352352931658e+01
1.711196335388292255e+03 -3.721048187322856943e-02 1.184678301787862820e+00
1.171733416734840461e+02 -1.591574194492227298e-02 1.484063889955772493e-02
5.163562980960170989e+02 -2.562645321456528957e-02 1.695494900950966222e-01
1.063499818954109742e+03 -1.923766003931079716e-01 1.967940285429035541e+01
5.664245979067080725e+02 -8.831416511418832549e-01 2.208883670735368412e+02
1.575425958622956387e+03 8.319274997303192920e-02 5.451788034840465258e+00
4.823190573305735143e+02 -2.720757174752662100e-01 1.785188138628489440e+01
2.855387548396832699e+03 -3.643544849665378837e-01 1.895323315828846376e+02
1.017701751763314974e+03 6.827896096217106470e-02 2.372271184525740040e+00
5.255158522578423117e+02 2.498798626855834315e-01 1.640659065964257479e+01
3.435920014294848670e+02 -6.216840990948508949e-01 6.639762856754059328e+01
4.491603890108854102e+03 -1.502942270962434046e-01 5.072897091737445407e+01
9.192726609175335398e+03 -2.201508675765616874e-01 2.227692031248007254e+02
1.415409117991038102e+03 8.873323081004452773e-01 5.572172884761389469e+02
1.105088732339476110e+03 2.244791217798133287e-01 2.784319470372050276e+01
6.233254188028932958e+02 1.093593057095389003e-02 3.727317003863708095e-02
9.414577081260409614e+03 -2.478833903502899727e-01 2.892448764389050098e+02
1.283799570683820832e+02 -2.435339065490540189e-01 3.807028264879604329e+00
2.261081308790426192e+02 3.862016266931868336e-02 1.686220565205687472e-01
1.728535227577747492e+03 1.182649639746242293e-02 1.208816687966161318e-01
1.819163246503092978e+03 -3.353821325737480485e-01 1.023108096050448950e+02
3.719808388436592850e+03 7.662333926756307312e-01 1.091975069536694036e+03
2.328131981121218359e+03 1.187048955958193985e-01 1.640268186875301737e+01
2.033631268741372651e+02 5.684599231689972942e-01 3.285806007397381734e+01
2.109522328862459801e+02 -2.627906332096156539e-01 7.284066360666273887e+00
5.721236565721480929e+02 -3.984989198052332759e-02 4.542701569629155611e-01
2.810548800540134380e+02 8.685429149886929601e-01 1.060092345676089991e+02
2.341750126965248000e+03 -6.205973250184290135e-01 4.509520394490410240e+02
1.309312424032358706e+02 -5.269138861155130416e-01 1.817576007228618806e+01
6.558277969343957921e+02 -4.647110068872542521e-02 7.081507876430673809e-01
6.233636777674479163e+03 4.473952700995968423e-01 6.238702471148520772e+02
4.885513990503923765e+02 9.232454689072326637e-02 2.082162571559712294e+00
1.291073644993103926e+02 1.070261177553299622e-02 7.394359555283966899e-03
2.283133308473003126e+03 8.594213546550234506e-01 8.431669126681946409e+02
1.936007882025423442e+03 -4.010030270887998127e-01 1.556583517752333421e+02
1.466505746933167984e+03 -1.371392588661910494e-01 1.379041608016915532e+01
1.111795339220700043e+03 -1.314115918713146605e-02 9.599800457691275157e-02
1.255500510178990083e+02 2.169616696322116123e-01 2.954968982041056957e+00
1.352129125091604465e+02 9.457627750736917471e-02 6.047175943406944976e-01
2.045407753451526787e+03 -9.763306908226051517e-01 9.748634439459661962e+02
3.648946576651615942e+03 6.863523359434325899e-02 8.594720174379608224e+00
2.837809802478593610e+03 -1.321264049168519306e-01 2.477037180154441742e+01
6.088672978803509977e+03 -4.298102223091254670e-01 5.624010639855890759e+02
2.034591022488932140e+03 3.079068238439987629e-02 9.644634099653005554e-01
2.207536530899915761e+03 9.068440851283528226e-02 9.077017083243299922e+00
2.964447485108161686e+02 1.245583615898718383e-01 2.299638334269553219e+00
1.050286815453066765e+03 -6.627794672917604046e-01 2.306832223500816781e+02
3.888728449522610845e+03 -1.153131500184208791e-01 2.585444941187319046e+01
2.684479008678491027e+03 -2.725980955591092991e-01 9.974144402548817823e+01
4.780004495950347518e+02 -4.439767910704849330e-01 4.711062276226009260e+01
1.336543960403915889e+03 -1.791813958872190971e-01 2.145552190715821084e+01
3.598018665669576876e+03 2.200662623041704444e-02 8.712451046969318380e-01
2.986260824938026417e+02 7.958162840009341821e-01 9.456346652052833690e+01
1.673078454061227148e+03 4.084906866973395806e-02 1.395888178999806328e+00
2.180726481953127802e+02 1.619323344805605538e-02 2.859159317014524707e-02
9.232798361880464654e+03 -9.759950902911084247e-01 4.397426823870843691e+03
1.083800691499361847e+03 5.552461007279203137e-02 1.670669187172475478e+00
3.310064258512165907e+03 -3.708319037438929655e-01 2.275938961772445168e+02
5.008830520389423327e+03 5.731165344006718815e-02 8.226066526840581261e+00
1.003650236027442730e+02 6.284510867605689333e-01 1.981962159873022600e+01
3.392640343416866017e+03 1.124630014145403673e-02 2.145493316973064168e-01
1.695537377059746973e+02 -1.708176857970760965e-01 2.473677278656705170e+00
9.505197609188659044e+03 -3.009571468660594828e-02 4.304676074432913779e+00
1.538903423014052123e+02 -1.819348356079308199e-02 2.546907048886240879e-02
2.243481605883730765e+02 1.507223990190040830e-01 2.548285679491838707e+00
8.476864068493719969e+03 4.498222790640021840e-01 8.576046885072646546e+02
5.277987326368208869e+02 1.450048826378221890e-02 5.548857855393879435e-02
6.295336824819472895e+03 1.879308848698490325e-02 1.111694080358003767e+00
7.903177814734153799e+02 1.587014022313863390e-02 9.952525196288393439e-02
1.488108454440250171e+03 5.479254472981316404e-01 2.233816682933826883e+02
4.707197994638698901e+02 3.519484095080806507e-01 2.915348544037889766e+01
2.154008634662139059e+02 1.696435022970537582e-02 3.099501879584076747e-02
1.157880470060684047e+03 -4.272943186070199406e-01 1.057031597851710814e+02
1.795657894493396952e+03 -1.438550721671592869e-01 1.857992523194283763e+01
2.850383615034259606e+02 1.548368190923174285e-02 3.416817625685934778e-02
4.028975285559023177e+03 5.518464575590927845e-01 6.134810126753666282e+02
4.981832291162342017e+02 -3.893121101027439274e-02 3.775330131056243710e-01
2.831155381670395400e+03 3.540067634514276751e-02 1.774013124966536958e+00
3.362148396623911140e+02 -1.115001866532470444e-02 2.089960467450692819e-02
1.801512366995539480e+02 -6.736839593202985366e-02 4.088082632796495863e-01
6.630212983178230388e+02 7.295272582320450061e-01 1.764332893860144225e+02
1.796608256405630186e+02 2.154406544022037170e-02 4.169449467305142570e-02
1.098292450519127499e+02 2.182609692391704673e-02 2.616014588766161705e-02
4.125057171135640601e+02 1.101539958469106850e-01 2.502652138164895401e+00
3.758204795561825335e+02 -1.302822336124337954e-01 3.189487012696799351e+00
1.487588523556964617e+02 4.780343232581643065e-01 1.699694951314479496e+01
2.678501431874924492e+02 -5.509866146298205702e-01 4.065781019932919094e+01
7.948123592943029507e+02 -3.626442992086608558e-02 5.226323948215295667e-01
1.328154004015222881e+03 1.231081778672060423e-01 1.006450098940118920e+01
1.284580773369943358e+02 1.973125260145958126e-02 2.500579893814811397e-02
3.927518728969781137e+02 -9.899441655214921698e-02 1.924463461203178127e+00
6.869550820976713112e+03 -3.185112510916292550e-01 3.484559631671284023e+02
1.024861503288787645e+02 -9.424737125589782716e-01 4.551700478524080751e+01
1.452063648434838399e+02 -1.359186353244454804e-01 1.341262147768987889e+00
9.506666246092463552e+03 -2.580727503276600832e-01 3.165793273357530211e+02
1.374568090471664391e+03 4.658497343899321019e-01 1.491516172002210681e+02
7.466212026484954549e+02 -1.322629875745873380e-02 6.530508213651903260e-02
7.799677638449575170e+03 -1.965426578876318942e-01 1.506469375863812274e+02
6.732608611105696355e+02 -2.409890435235823858e-01 1.955005432490590067e+01
4.694879024606889288e+02 -1.637718773292907992e-01 6.296120991550809620e+00
6.378285103366064277e+02 1.344573125954173602e-02 5.765577121414282302e-02
3.956068781818596563e+02 -3.247425408364962296e-02 2.085989926524587368e-01
3.709956818489867601e+03 -5.130949874725245635e-02 4.883536106225046858e+00
1.161663558019554785e+03 -5.570498889948700960e-02 1.802347605562422350e+00
3.986514176338582160e+02 3.128511640985304765e-01 1.950917335227866545e+01
2.348376582922668661e+02 2.711950017492662512e-01 8.635770803629787551e+00
1.166956193394702126e+02 1.650162105438630900e-02 1.588831264001505650e-02
8.395703280890564884e+02 -9.880173113289594800e-02 4.097851289660805918e+00
3.687941966087455512e+02 -1.215762788857989440e-01 2.725535079416801398e+00
3.854319703369307035e+02 1.552038857747386202e-01 4.642190089623597693e+00
5.506609463710744876e+02 2.214923919360637511e-02 1.350740455777726667e-01
4.130992143041769964e+02 -1.707579614945635149e-01 6.022631571246061633e+00
1.548094381090631373e+02 8.368315083896067375e-01 5.420551643617791626e+01
4.353231478329862512e+03 4.999736730320100686e-02 5.440966326069738734e+00
9.114656926365501931e+03 3.845838892968528322e-02 6.740506086216149662e+00
2.824372895470495678e+03 5.257799547454043709e-02 3.903912623289411687e+00
1.411006423481881313e+02 -2.599547230773983642e-01 4.767540819252610973e+00
3.496553688671058921e+02 9.331105419614306173e-01 1.522216402649396230e+02
1.058771167019604718e+03 2.452968358722884545e-02 3.185341520456674846e-01
5.288901004720450146e+03 -8.546215037443561924e-01 1.931448243341439365e+03
3.492563455034940944e+03 1.252095001784635751e-02 2.737719022072329644e-01
1.073038394376098381e+02 1.868463851955762603e-02 1.873072839994694913e-02
1.877912632646589657e+02 1.272534037161894560e-01 1.520492221465022942e+00
3.634263093244793481e+02 1.059906826082392117e-02 2.041370085918316202e-02
6.099143794109379996e+03 9.875999815229294931e-01 2.974411304885725258e+03
1.179070307423012167e+02 -2.900086032108437628e-01 4.958284817000401468e+00
4.194885543309036962e+02 7.947317930088181326e-01 1.324741966018683001e+02
1.069460878861133466e+02 2.379551114944146450e-01 3.027784654142414489e+00
6.578881157477805573e+03 -4.811315353121917160e-02 7.614645544949026679e+00
5.598628401520193165e+02 2.710593415823555133e-02 2.056744788035201610e-01
9.537820725557989135e+03 -7.532502147045299079e-01 2.705812431213038508e+03
4.027149176967326184e+03 8.126948301178255063e-01 1.329911421444770440e+03
7.690897360025146554e+02 -7.864046235482653469e-01 2.378149409983553539e+02
2.848349467372058371e+03 -1.437617141155355938e-01 2.943403225060475137e+01
2.066488156337617056e+03 -4.596991927564871017e-02 2.183485977148203805e+00
3.643059783508801956e+02 -8.957343304933046424e-01 1.461486276636393882e+02
1.477184578521774370e+02 2.811783826434264277e-01 5.839405390388164641e+00
1.192827542772498930e+02 3.754033245582188982e-02 8.405119486088159786e-02
4.758592236453949909e+02 1.344456617644953778e-01 4.300729049146435834e+00
1.636702987208725233e+02 5.278875136459924011e-01 2.280461047828895005e+01
8.391040414297505777e+03 -2.156804776232962850e-01 1.951674960864187369e+02
1.741579588440141833e+03 4.872097162139369386e-01 2.067022536550610141e+02
2.814244012393468438e+03 4.712104673416147027e-01 3.124363916480217540e+02
7.902422676955379757e+03 -1.410136809984673389e-01 7.856927729740904454e+01
1.212648121206476901e+02 -7.815448899963471641e-02 3.703502637778139928e-01
4.064981923615200685e+02 6.355089878591717312e-02 8.208655264233046811e-01
2.052096889978985473e+03 1.432774137488825907e-02 2.106315063908321683e-01
1.187133485693769046e+02 3.248391478646120434e-02 6.263344286004413064e-02
9.340116571836175353e+03 -3.068163832759911447e-01 4.396219753477003565e+02
4.789282570391355875e+02 -4.788741772989225237e-02 5.491402834022297563e-01
9.076298451638855113e+03 1.393218665710808102e-01 8.808811996708934089e+01
1.000758044674879699e+02 -5.899694741030294676e-01 1.741639142101223214e+01
2.742011994600420053e+02 -2.881139907440624648e-02 1.138067576831672673e-01
1.455276572072891440e+03 7.061913475317709299e-01 3.628777386680790755e+02
2.959019854238243283e+02 6.590285355341060081e-01 6.425786959866385928e+01
3.082797508987128822e+03 -4.177433550611079349e-01 2.689887424367329345e+02
3.374268617046092459e+03 3.077049584519671588e-01 1.597418266815880941e+02
5.779703259888923412e+02 -8.166158951857245274e-01 1.927130851299450001e+02
2.018801926495419593e+03 1.639362705579736346e-01 2.712775263939833081e+01
6.788935192054414074e+02 1.766429948101640515e-02 1.059167156878423194e-01
1.316421542054062286e+02 1.540184899103728099e-02 1.561387531021816641e-02
6.374316908982924588e+02 1.341087339093165534e-02 5.732153087998666935e-02
2.903096109776603839e+02 2.862549867247200786e-02 1.189426308517422676e-01
1.148133492915000602e+02 -4.715351045841694178e-01 1.276410744516650908e+01
5.793645017524223704e+02 -8.304772798477862983e-01 1.997916793880989133e+02
5.992561770466697908e+02 -1.957785755305229691e-01 1.148452010282442259e+01
1.328242605731933736e+03 -6.220837531397619413e-01 2.570071048684408197e+02
1.057501468270156835e+02 1.086813214514003798e-02 6.245407839475107178e-03
3.908411803462588523e+03 -2.661214606345107744e-02 1.383980966479207320e+00
9.422476442755620383e+02 -4.406139691760998373e-02 9.146429440416711243e-01
2.608658301211657999e+03 2.128832612501281932e-02 5.911126179774840450e-01
8.907837170454366060e+03 -9.593692445201555674e-02 4.099339219723432848e+01
2.370129605694080510e+02 1.505730131270721084e-01 2.686806447956667565e+00
5.584581785391530502e+03 2.867373358731799965e-02 2.295774096988128399e+00
6.689742249914407694e+03 1.309645064270698045e-02 5.737023257530767806e-01
1.239569237978970023e+03 9.025287155723099586e-02 5.048505707652966912e+00
8.404648438015250576e+03 5.575217092731969970e-01 1.306210354560517089e+03
1.952905344231286335e+02 2.056278303578651101e-01 4.128715755348017602e+00
6.825471327895701279e+02 -1.643925953839047924e-02 9.222892678631855468e-02
1.292643851417137284e+03 -3.913645987159090622e-01 9.899470509000904883e+01
4.095328726748886083e+02 -2.774511899608508858e-02 1.576274884098535778e-01
2.725312580924445456e+02 8.163243818519867745e-02 9.080543885504653856e-01
6.654252808884019032e+03 1.546452922978012456e-01 7.956878169545356627e+01
5.096937692181401871e+03 -1.615839101619516438e-02 6.653889061055656695e-01
4.205114017751650977e+02 -4.813964786171993915e-02 4.872519640200212443e-01
1.387111620627213142e+02 3.347939829278392260e-02 7.773859774298534642e-02
6.810860815884519980e+03 7.235004028874396365e-02 1.782582194547781285e+01
2.798650893470368374e+03 1.876454100315043116e-01 4.927136830821463320e+01
4.338893220931074097e+02 -4.803416216993534882e-02 5.005522370735776549e-01
4.548714559714909456e+02 1.038436752591733736e-01 2.452555194941001826e+00
3.731353711604306227e+02 1.090851567880350703e-01 2.220075501365843973e+00
1.236983306949000962e+03 2.701609020804380742e-02 4.514179651135797888e-01
1.169958380479611293e+02 6.435827826109602467e-02 2.422976774952002033e-01
8.242261754166391938e+02 -1.128422831160567387e-02 5.247592902704340673e-02
1.081010589400438846e+02 1.046335054242513753e-02 5.917544099487300618e-03
8.991359727844037479e+02 -6.752584671353910606e-01 2.049913118754217578e+02
5.424867058015765906e+02 1.561107164913312639e-02 6.610351268179964768e-02
2.335656829507259715e+02 8.599034051828455261e-02 8.635318798321077738e-01
2.906988343772063217e+03 -5.801973197342868982e-01 4.892881875915588807e+02
1.562874331268116919e+02 1.002479045064248175e-01 7.853164039816223907e-01
2.784042824967258980e+02 3.928958012250484688e-01 2.148823233666488264e+01
6.786105503954645428e+02 5.955108769100752042e-01 1.203289170533038117e+02
3.563664271948954934e+02 2.321740098834607080e-02 9.604925301024865025e-02
4.267411964648551930e+02 1.283618099868101547e-02 3.515654914044204910e-02
2.148046720383787488e+03 -3.982695539841268895e-02 1.703601221772012897e+00
7.974195385383141002e+02 2.670150827417466788e-02 2.842683211401232368e-01
3.599284131339496184e+02 3.652804771338256651e-01 2.401259294394536070e+01
1.021978204832164749e+02 -3.073487546591150421e-01 4.826969490087985371e+00
1.479958298708124403e+03 4.364705115316191986e-02 1.409708433194028609e+00
9.874797085614434764e+03 -1.670230528192398478e-02 1.377371267835893143e+00
1.050062822788946164e+02 -4.324136955560868856e-01 9.817121550777363481e+00
3.437780646561677258e+03 6.980995955376657902e-02 8.376892446669430115e+00
1.753620380510218411e+03 2.006415532997274723e-02 3.529777668538570112e-01
1.270322219196983951e+03 -1.571015824005493264e-02 1.567635239844867856e-01
1.525123566270800211e+03 4.785383880692728464e-02 1.746258772781876800e+00
3.058449385470979109e+02 -5.538954550860419185e-02 4.691664035978509451e-01
5.020655707455030097e+02 -9.045719328521993896e-01 2.054076724514631564e+02
5.117837101391355077e+02 -6.923134909017722438e-02 1.226484465936693136e+00
2.875900093911894146e+03 -2.177455392998861247e-02 6.817769796496118140e-01
5.557627805509328027e+03 3.158129994050645206e-01 2.771529258593163831e+02
3.504232680966692442e+03 2.257283146823721443e-02 8.927606055874902635e-01
1.726383892089587277e+02 9.469554935256886408e-01 7.740455446587721156e+01
1.375303679277705896e+03 2.539516047895401529e-01 4.434764193649190389e+01
1.389876624100849938e+02 -8.511081708703670534e-01 5.034029715403354999e+01
9.733230155866818677e+03 -5.549218196608677461e-02 1.498616813410881754e+01
1.263216789185045883e+02 -3.418305475397853677e-02 7.380225552530192412e-02
1.231696217232596382e+02 3.359892935523956653e-02 6.952235727835825996e-02
3.304551714159759399e+02 5.285895262805914152e-01 4.616572541769551918e+01
7.634447258533484728e+02 6.118230021931129192e-01 1.428891342968926210e+02
4.349409237759414282e+03 1.860726989865837261e-02 7.529490525013755597e-01
8.169665688042179681e+03 -1.548634864150062046e-02 9.796531829793593271e-01
1.386509612418159350e+02 -1.444540949059674173e-01 1.446613801330497218e+00
6.518934693807389522e+03 -3.802994493894298889e-01 4.714091717543663549e+02
8.916626766325331118e+03 1.841327320005540363e-02 1.511585044403926714e+00
1.269563275025694338e+03 -1.535689383477746583e-01 1.497032122005150789e+01
1.906510532876218349e+02 5.622775530117044562e-01 3.013774164575587022e+01
1.734347282801476467e+03 1.069122798210357245e-01 9.911999006969038462e+00
1.437604453642163094e+02 -1.661684597856306206e-02 1.984753619827566914e-02
5.246473887897638633e+03 7.699073450101925897e-02 1.554942900359457347e+01
1.003924271870894927e+03 -3.161367443756020190e-01 5.016732122744814859e+01
2.909395956900868896e+02 3.175552887641754918e-01 1.466937246049168841e+01
1.067165032535542082e+02 -7.848773694438977711e-02 3.287041634837629678e-01
3.445918446776001929e+03 -1.377278179768427063e-02 3.268273053876377121e-01
1.344176594921669619e+02 1.211675081736594654e-02 9.867308049787146609e-03
2.058045702422617524e+03 -7.081499124794198297e-01 5.160305705432680270e+02
2.967127454167488850e+03 -2.986837143842584891e-02 1.323516297152575794e+00
2.784228857781054103e+02 9.965644444416420222e-02 1.382565487147501937e+00
3.498273045188196875e+02 -5.437996541333964956e-02 5.172512658456639434e-01
5.871972126495681550e+03 3.310065343144477645e-01 3.216822694432275398e+02
9.436378883075707563e+03 -1.580846059692971317e-01 1.179110580813183873e+02
1.418508900420982286e+02 -1.042724033649447685e-01 7.711535048863987774e-01
8.128593857386085801e+03 2.478817485121524028e-02 2.497321929922843076e+00
8.186647222489261821e+02 -2.307694659417758309e-01 2.179880922304839430e+01
5.612674369691244465e+03 2.575703920952913603e-02 1.861794440047886079e+00
6.557271207305780081e+03 -9.044642328709720513e-02 2.682106047218467992e+01
3.483528752591526541e+02 -2.120581545678054125e-01 7.832481163792083478e+00
7.123760944596596346e+03 -2.705867920435717222e-01 2.607909577601928959e+02
1.180482158123006911e+03 1.557347747388043019e-02 1.431530580477732850e-01
3.241673046360451167e+02 4.724625376516101982e-02 3.618045055793058795e-01
1.106564299500354167e+02 -4.064196157583139374e-02 9.138943257466321246e-02
1.075684211705685129e+02 1.945328076542540141e-01 2.035356594026609400e+00
5.031360385587104815e+02 9.045906382262214329e-02 2.058541411289207979e+00
3.301101331454206047e+02 -1.754406577597522610e-01 5.080299942615233988e+00
8.834396529100372391e+02 -7.255979315696188259e-01 2.325621131373343076e+02
3.532104750416836396e+03 -8.583314651081025426e-02 1.301108894993897458e+01
5.630746724232036286e+03 3.245951320229061715e-02 2.966333674274728160e+00
1.703210871303798228e+02 -5.261517487033248730e-02 2.357547551065889424e-01
6.496078554173697739e+03 -3.669964209603551186e-01 4.374666295849322637e+02
5.349209097620869215e+02 1.039314722401247088e-01 2.889041215109800387e+00
1.266668138152472466e+03 -1.379500064604602221e-02 1.205247671355038491e-01
1.444206479361660968e+03 -3.982217745433329625e-01 1.145115518108012225e+02
3.758506340738226186e+02 -5.140211826783817051e-01 4.965320936708100419e+01
1.431315037052285959e+02 1.524831471053196726e-02 1.663983179374469573e-02
1.150862189267015310e+03 -6.126373283495005762e-01 2.159733856262350855e+02
1.365349607898443764e+03 -1.150642933373642873e-01 9.038472135696206777e+00
1.222093291312060472e+02 2.543143884846917405e-02 3.951993564980171847e-02
6.287995045622060388e+02 -3.074580824958695474e-02 2.972035713451203209e-01
8.923837634729368801e+03 4.087057956147179261e-01 7.453208261386457707e+02
5.961914055118934357e+02 -3.022718050495284414e-01 2.723648094288328991e+01
1.020518105776387188e+03 1.857059030962915011e-02 1.759714192154424039e-01
1.028134722055611547e+02 -2.119895807249282671e-01 2.310197249712378387e+00
1.007945911942774160e+02 7.176744300840626201e-02 2.595745909435357435e-01
6.909622907130737076e+03 1.224473997154033045e-01 5.179925153770994228e+01
2.558163902201297049e+02 3.480470503853738684e-01 1.549438296215581623e+01
3.333229253458189305e+02 -4.965872416011970492e-01 4.109853145443788236e+01
1.925819801977903580e+03 2.180543100705068515e-01 4.578413390199425237e+01
3.046981822213078885e+03 3.348334710074608173e-02 1.708038271258358165e+00
3.382327326581789748e+02 1.680739782725777232e-01 4.777344923522640840e+00
3.675227427863245566e+02 -1.896906199174907409e-02 6.612199295070517180e-02
2.999853559593933596e+02 5.269818503239183105e-01 4.165444718831234638e+01
9.108815279300330076e+03 5.350220443587335589e-02 1.303692755797635172e+01
1.141156797830437171e+02 2.206276500046110492e-02 2.777379363900723402e-02
5.853984774578896577e+03 -7.457285005445170034e-01 1.627732653314790696e+03
1.204340373612744486e+02 -1.419924176569455077e-01 1.214086297687848370e+00
8.867876152205293693e+03 -3.234436860496919114e-02 4.638600589941771268e+00
7.677111754995464253e+03 -3.543180890233654096e-02 4.818973264950618507e+00
4.038612889802612358e+02 3.508513459894262165e-02 2.485698929838179860e-01
4.708145036457666720e+03 -5.378369416375923251e-01 6.809592046546192705e+02
2.966414076068811028e+03 -1.712650881610785214e-01 4.350502900085747626e+01
2.087677774537887672e+02 1.790072884084538130e-01 3.344836547928688564e+00
1.127062780340035459e+02 -1.291735389855761529e-01 9.402973858780290239e-01
9.551762004358033664e+02 -7.656338664398211202e-01 2.799598602537934653e+02
1.318022449059230041e+02 9.276398429939441970e-01 5.670894908898929998e+01
8.651721778756129879e+02 -7.057985676953332232e-02 2.154934601982130715e+00
1.722258402062549294e+03 7.145863713321101152e-01 4.397215746809131360e+02
5.807597992634007824e+03 1.291945739580858399e-01 4.846799997807390525e+01
1.505209867179189303e+02 1.127512381383087708e-01 9.567747384659224252e-01
1.004313378168086075e+02 1.505736915404237153e-01 1.138511568854494227e+00
5.301778319366460437e+02 2.479505199508001134e-01 1.629752349687456459e+01
1.000295597245126373e+03 -3.349539845363309898e-02 5.611366802242759855e-01
1.417854454060957039e+02 -6.048082796479726797e-01 2.593206562408427018e+01
1.048814282417176287e+02 6.701784666873413787e-01 2.355317919262056137e+01
1.185759226882043293e+02 3.443031903299138136e-02 7.028272812777699996e-02
1.082986322493950979e+02 9.369158105930476266e-01 4.753287812351455699e+01
4.205030658523827697e+03 2.564812804651529429e-02 1.383090241984946900e+00
1.415606661035201341e+03 1.489917439925635828e-02 1.571220038745733960e-01
2.017995040867334353e+02 2.091919302963652499e-02 4.415500656547326208e-02
2.750238634467191332e+02 4.621240939215059407e-01 2.936686637320038074e+01
1.455189652025229066e+02 1.126243167837741588e-01 9.228985017403428248e-01
1.146034796288633686e+02 -2.934735522417018447e-02 4.935211236605908242e-02
6.815142385439385180e+02 -8.813169639515763820e-02 2.646727302938236548e+00
3.606845272787038994e+03 3.990208653877350686e-01 2.871367159534524376e+02
2.690375586701627526e+03 -3.156787791780779617e-02 1.340521224214163976e+00
1.876833247005353542e+03 6.477284392856670348e-01 3.937146942121578945e+02
1.824969315528965126e+03 -1.101460267409970321e-02 1.107039819197116609e-01
7.637462199100006046e+02 -4.726968390228175609e-01 8.532660661595878082e+01
1.378010754840824461e+02 1.908856686687075421e-01 2.510552216752345522e+00
1.979562329793410527e+02 2.281408826771562093e-01 5.151638973835743762e+00
1.398507172010311479e+03 4.318783076232467488e-01 1.304239905200559519e+02
3.160979538815770411e+02 1.182794501509899093e-02 2.211109664616291506e-02
2.774189016298106708e+03 9.489750546151118349e-02 1.249153028147782862e+01
4.588052689230904662e+02 1.659578897592274213e-02 6.318212215558910438e-02
1.107715300939938516e+03 -1.517710790210742219e-02 1.275781213206419462e-01
6.388043638917032467e+02 -1.281558817552938545e-01 5.245839087221502162e+00
1.204596101144189333e+03 -1.128239168464436476e-01 7.666794156104570490e+00
3.719847337294952013e+03 1.982935966976264938e-02 7.313285053824785109e-01
3.521612121573350123e+03 -5.572550174804518502e-02 5.467886605313748483e+00
4.191554159510110367e+02 -1.533963659660367296e-01 4.931456749938134543e+00
7.704037478270605789e+03 -3.908597052161305041e-01 5.884779456928717991e+02
7.885243303320182349e+03 -5.087698588619980061e-02 1.020534877051051126e+01
1.426296801268795491e+02 2.708077668484595163e-02 5.230005484998358212e-02
5.615456101269253850e+03 2.150234442444378530e-02 1.298155354607801515e+00
1.325514310563698643e+02 7.514969766604005785e-02 3.742905830339333662e-01
8.307632033141951524e+02 -2.499453993486320039e-02 2.595001128890878084e-01
4.464315959867975835e+03 -1.653666032504468308e-01 6.104084540355933797e+01
1.044738739722582295e+03 4.389794831150139326e-02 1.006621376785020727e+00
4.716715053035682104e+03 -4.968328328219429740e-02 5.821437256389069503e+00
9.125367486398893107e+02 8.184281189831378311e-01 3.056197749074128751e+02
1.047534426158178036e+02 1.023575228632720296e-01 5.487541819917082231e-01
2.341497997224451865e+03 1.442364674385445550e-02 2.435644777668023175e-01
1.958629728452608788e+03 1.288070823785598430e-02 1.624807191263971662e-01
1.622941895999684903e+02 1.994551950620570557e-01 3.228224142286284071e+00
3.883914359321699976e+03 7.611949169477721933e-01 1.125204365619706778e+03
3.214671306707317058e+02 1.229830038359736727e-01 2.431066120295708899e+00
2.105749871410611831e+03 -1.067455501399604545e-01 1.199710187666854111e+01
2.332547488419776073e+03 -4.727434842757111122e-02 2.606463227532283877e+00
1.035684914801183822e+02 -2.819178197735667801e-01 4.115690526415117567e+00
5.478896972554169906e+02 -4.558828425588860034e-01 5.693372945852739520e+01
4.096813218929676623e+03 -4.869288003372534979e-02 4.856765036769345123e+00
1.261301937296305198e+02 -7.779916978920649040e-01 3.817147941510643250e+01
9.617470742769110075e+02 4.160034964272854574e-01 8.321944972325552214e+01
2.450369700571940029e+03 -2.550057051854260903e-01 7.967120978216749450e+01
2.047803061563544134e+02 8.074191036539224431e-01 6.675076289549352282e+01
1.083996057669093318e+02 -3.211782195333507950e-01 5.591004986035959412e+00
3.292315370539583910e+03 -1.231295777029190429e-02 2.495722037161050566e-01
4.614713803597847459e+02 3.675803216985804728e-02 3.117592036114717469e-01
5.765888977740332848e+03 -1.525864299461669044e-02 6.712249699005049530e-01
1.117317981781844480e+02 3.867668864528944761e-01 8.356902998761052359e+00
1.339498738329426715e+03 -2.179882195295824443e-01 3.182572908942435674e+01
1.576870558713666242e+03 -7.159388745991401848e-01 4.041270665387750682e+02
1.156155805494609922e+03 -2.210968575677857081e-02 2.825865639034011445e-01
4.804335589587979030e+02 4.446513028513545546e-02 4.749440797789996616e-01
3.419030616502205930e+02 2.508354907241156992e-02 1.075600421752688357e-01
3.740219303903814762e+03 9.648126264421575948e-01 1.740816636735164138e+03
6.776469461017792355e+02 -3.142526584452886435e-02 3.346042173044997958e-01
4.225252015761372604e+03 6.134365030898170090e-01 7.949903425827659476e+02
1.880881009398606238e+03 -3.450219707653897627e-01 1.119501884422061693e+02
2.399539557049962696e+03 -5.117604269983011545e-01 3.142181868567855076e+02
1.418122002732473675e+03 -1.020783347893946917e-02 7.388406014672009581e-02
2.120810812591140348e+03 2.641720851938979611e-02 7.400239607622937088e-01
4.604843286623824497e+03 -1.158309518506542984e-01 3.089115236201253012e+01
1.272167487461984052e+02 9.911061577288160507e-01 6.248196012528411103e+01
3.372496172768027236e+02 1.248649841529366894e-01 2.629073953540146391e+00
1.118837198728547492e+03 4.185077475772350786e-01 9.798145989226659935e+01
5.558463147607732253e+02 1.275229365287910456e-02 4.519613994463677481e-02
1.521137551812126105e+02 -1.013376563057544200e-01 7.810524587133532703e-01
1.145181516664399908e+02 7.873235941524349135e-01 3.549366671265187279e+01
5.122420075410930167e+02 -2.319992710872674849e-02 1.378537028298660594e-01
5.146030956613466287e+02 6.358089652700652517e-01 1.040149329890232082e+02
8.921237666895889561e+03 -1.191900973921844811e-02 6.336879707177036636e-01
8.816404823227338056e+03 -1.974290170259522872e-02 1.718238691387323103e+00
8.824314470783058368e+02 4.135831837450528597e-02 7.547041273347734336e-01
2.637049028231909915e+02 2.799578698569171742e-02 1.033412164561993418e-01
5.555737337449048937e+03 1.241778065402414540e-02 4.283508943095998833e-01
5.023593191162424318e+02 -4.476213722494264968e-01 5.032758558462979437e+01
1.079743836356432070e+02 4.386031002906380372e-01 1.038566075323994653e+01
7.334296725249721931e+03 -5.439771686859636718e-02 1.085150126065638432e+01
6.735384261898708246e+03 -7.768439770654484988e-01 2.032356955083490220e+03
8.027223953260812550e+02 -4.285026902054809850e-01 7.369575790919876113e+01
9.216355049533935016e+03 3.151016126329732325e-02 4.575414593774660865e+00
8.016549217264797562e+02 1.050335533753322600e-02 4.421947521270340464e-02
2.350230224234473553e+03 5.751423944728056847e-01 3.887148871520211628e+02
7.257364237087366519e+02 1.782094486211850681e-01 1.152418914276511686e+01
2.538858010347075833e+03 -3.609599233865122825e-01 1.653965280940386435e+02
9.319887548981574582e+03 2.022038352293865915e-01 1.905282831155110159e+02
1.468772925369247844e+02 4.846092267299232370e-01 1.724677985870187413e+01
5.427412887431209128e+03 9.186676424799085361e-02 2.290233197243767549e+01
1.601884964438514203e+02 7.496779909359191363e-01 4.501433631893047504e+01
2.018971946146484129e+02 -3.105343358056498679e-02 9.734632102591990466e-02
1.754768450779121395e+03 3.473859511949751178e-01 1.058800953668436762e+02
1.092413132890602441e+02 1.460206758848093568e-02 1.164623704862967693e-02
8.042900632737560045e+02 -1.038148567507094361e-01 4.334127923849610653e+00
2.236243740630098273e+03 1.856903371868521557e-01 3.855384987917333461e+01
1.300367405657316908e+02 1.020994308663052269e-01 6.777705931349981006e-01
4.014452669392146049e+02 9.037507775262519916e-01 1.639433156397700486e+02
2.818863390663329369e+02 2.757262427978425245e-01 1.071519896238270775e+01
1.285341492200494145e+02 3.809368683083486085e-01 9.325981419286458518e+00
3.203695790897576444e+03 4.438017867550532458e-02 3.155000030186680959e+00
6.282414985732480091e+02 1.445099724331597446e-01 6.559825112954122517e+00
1.696833785882673283e+03 -6.000282250826535213e-01 3.054588180990904789e+02
4.118251852327925349e+02 5.775848041712558500e-02 6.869330696716038354e-01
5.350174270786033048e+02 9.938519158944404408e-01 2.642294929450050631e+02
3.435999822476198915e+02 1.332912153991611115e-02 3.052292806324942431e-02
5.930566149727306765e+03 -3.471290961244884177e-02 3.573124869278653915e+00
2.046011756242809838e+02 -6.591226982547909730e-02 4.444374678829521308e-01
1.868347636082804001e+03 1.149320202599636749e-02 1.233984693518486303e-01
2.049679290053239129e+03 -1.443673665063889278e-01 2.135964281661520303e+01
3.998911198472069941e+02 -1.345866547894487147e-02 3.621727425476309326e-02
3.590359010193519680e+02 1.221882600583822087e-01 2.680197776436056500e+00
1.075300800267886387e+02 1.604592040187438964e-02 1.384296880868603891e-02
1.412674082693963840e+02 -2.646510189054422924e-01 4.947196066670677794e+00
7.133554899845059936e+02 4.098966460422055758e-02 5.992730421683012398e-01
1.420783598133759540e+02 3.260770760183431261e-01 7.553330277757609679e+00
2.030620112841343996e+02 -1.634204312387177796e-02 2.711511134680340968e-02
1.208356144549818737e+03 -7.281692657138190139e-01 3.203536289839584583e+02
3.519801501253630818e+02 -6.447875562826119178e-02 7.316804841915183211e-01
4.126776230777457386e+03 -3.953052144897256648e-01 3.224378459213598944e+02
1.590925066485951675e+03 5.962684733628239447e-02 2.828156406612926776e+00
9.528584072381038368e+02 7.459537136157989856e-01 2.651075738417125649e+02
5.772291061672377509e+03 2.032613651279338296e-01 1.192416294829595103e+02
1.756693313397240445e+03 -1.176960901554679056e-01 1.216718255878891419e+01
4.034333693974910602e+03 -1.214470347238722769e-01 2.975196487457174754e+01
1.963751345396932493e+03 2.662386657238408755e-02 6.959831994264851218e-01
2.613474154369716302e+02 -5.537060588619487078e-02 4.006330426929407551e-01
2.926255868045108855e+03 -9.380303675827125764e-02 1.287407689122872512e+01
6.897054618987164076e+02 1.103148873391921782e-02 4.196641984977061285e-02
6.033047717571379280e+02 3.407305909569633418e-01 3.502103828207229697e+01
6.100639139381763698e+02 -9.967019434605188521e-02 3.030232495747904764e+00
1.191638891332368502e+02 -3.221420621666554185e-02 6.183146577957071566e-02
5.052914161072335446e+03 -2.492659913379281778e-02 1.569777080188146545e+00
2.503275012228923515e+03 8.253293971391513217e-01 8.525761849976412350e+02
1.305889993781634644e+02 -6.063173624609839996e-01 2.400361255622124546e+01
2.344039348067148012e+02 4.264235592784401674e-02 2.131166023040808599e-01
4.409450563231329170e+02 1.993008438313065289e-01 8.757351006463533594e+00
1.586301670048059577e+03 -1.509629336284873669e-01 1.807575471360344466e+01
3.377977083454166518e+02 -6.324700997264152968e-02 6.756265397636647130e-01
1.826545032584954811e+02 1.330240910854110781e-02 1.616073052991059272e-02
6.607298663181659322e+02 2.787838131196993668e-02 2.567609952736785717e-01
4.876348022620464349e+02 -7.702832261068147668e-01 1.446657020869667463e+02
2.282801098698753037e+02 -5.253703446988131076e-02 3.150425301882455176e-01
2.104164078225523099e+03 1.817582771276383610e-02 3.475665726221551233e-01
2.191193995123810964e+03 -1.071129852225046961e-02 1.256999427300220795e-01
4.358110027781338431e+03 -9.240184053244601681e-02 1.860498990562171073e+01
7.293260616508958947e+02 -1.636649278557764792e-02 9.767940016058625219e-02
8.014662018662846094e+03 3.606215234072910475e-02 5.211449148232462747e+00
1.690054110553034263e+02 4.567916439284414043e-01 1.763221673548885704e+01
6.199436442095314987e+02 -3.857929382241623989e-02 4.613502537632380163e-01
5.279856681639951148e+02 -9.387830811620076488e-02 2.326604943761540589e+00
1.656838510083339770e+03 -1.081451246143830258e-01 9.688668027657341142e+00
2.316642654822654094e+03 1.567207481643219102e-01 2.844998523300482063e+01
3.197654699831732160e+03 -4.095801961621929888e-01 2.682127803274762528e+02
1.043575045630238947e+03 -9.756421873263729228e-02 4.966778954653900513e+00
7.719706136079513271e+03 -9.550226854483233330e-02 3.520449740735217148e+01
1.015772553322126441e+03 -3.889300188834574068e-01 7.682620973282685384e+01
3.199983504018847498e+02 -7.629821772908988720e-02 9.314220830815929109e-01
6.049854035591912179e+03 3.541047183471108251e-01 3.792960572063263385e+02
2.037383962490075078e+02 -1.562092890988554805e-01 2.485745142780194872e+00
5.554740769117740456e+03 -2.732154434327321857e-01 2.073214742553097381e+02
1.068009954349160125e+03 2.674268282526475193e-01 3.819049187572504422e+01
2.517122217728107785e+02 2.933138836941247551e-01 1.082778311327902188e+01
7.888845016118240210e+02 2.355600038996405188e-01 2.188701492292723216e+01
2.875060402020827723e+02 3.446497659899879634e-02 1.707548128511691965e-01
1.519481940735720855e+03 -1.774091364700363521e-02 2.391208859523032693e-01
1.056289615071431626e+03 -3.750125747428977308e-01 7.427534460709813402e+01
5.484957327300273391e+03 -3.409532648907816210e-02 3.188107555107477342e+00
1.587280347879865758e+03 1.163489780819181377e-02 1.074357425650844383e-01
3.054266369116632177e+03 7.303281736174485617e-02 8.145411391595922979e+00
1.706282921333236345e+03 -3.944977667514230901e-02 1.327731155496500559e+00
1.442948629579587134e+02 2.628613071655331312e-01 4.985103745264322761e+00
1.505848434078589548e+02 1.666017746207072714e-01 2.089827849067320109e+00
1.273896788045699111e+02 -1.289357515013754285e-01 1.058890272584567249e+00
1.875733931603447218e+03 -1.796234136113775970e-01 3.025987504162685937e+01
4.343827544371197291e+03 2.890737871791816335e-02 1.814930519196120917e+00
4.959488234146556920e+02 -1.392962842725949980e-02 4.811560292133011674e-02
6.105471224976178064e+02 8.764941396481534808e-02 2.345239641700259003e+00
1.747167504943585925e+02 -3.762618145460193408e-02 1.236758316049119122e-01
1.663083111356969823e+02 -3.923079866910861996e-02 1.279788658143913016e-01
7.843636304848554346e+02 -4.211141546216902731e-01 6.954839803281912225e+01
2.169396900204279461e+02 1.315597563450185588e-02 1.877392767974156093e-02
1.602532078708300105e+02 -1.401776653241145754e-01 1.574469967664122727e+00
1.952988626100616614e+02 -3.005538012147329976e-02 8.820925790326633598e-02
1.608572314231805365e+02 -4.937445170582078352e-02 1.960718135181861721e-01
2.928582149788623497e+02 -2.240691958390730043e-01 7.351766862162592453e+00
1.229137933422430933e+03 -5.877698314949386660e-01 2.123172149866527434e+02
4.647168511554585166e+03 -1.378773805654570118e-02 4.417173652516805382e-01
6.191478838726438880e+02 -6.996074691225948050e-02 1.515211549846322781e+00
6.154052891927535711e+03 -2.406779306957844422e-02 1.782394225843248581e+00
4.694956289699165382e+02 -1.662905522964750263e-02 6.491375157015785713e-02
1.798904721989446500e+02 9.809212761760210952e-01 8.654589532113716643e+01
7.690557089914980224e+02 -1.205604468978994925e-01 5.589043671586747308e+00
8.941531971697195331e+03 1.165194273089563415e-02 6.069859254262592874e-01
7.272084120976642225e+02 -8.243318913364167111e-02 2.470774452954086708e+00
3.742393035148259628e+02 -3.318148350718581885e-02 2.060207664098021030e-01
1.603848679817021548e+03 -3.895464553264363361e-02 1.216891644180293497e+00
9.818373098640890930e+02 -7.308160876089342395e-02 2.621958018062883422e+00
3.148276066063565963e+02 5.817041829183310364e-01 5.326564441961245677e+01
2.295644286325895109e+02 -5.058123634570049765e-01 2.936658727993214768e+01
4.498350494637372208e+02 2.862568803109687490e-02 1.843041707218557035e-01
2.623715831200851881e+03 1.415664401358962265e-01 2.629101922670157876e+01
4.941549426708399551e+03 -1.047694399275416188e-01 2.712079353668409354e+01
2.889139055954033211e+03 -1.044947991858729067e-02 1.577349022300419401e-01
1.601558289456022806e+02 -3.371294173923709003e-01 9.101354992042930192e+00
6.941702796157109105e+02 1.555861053146601891e-01 8.401902532351639863e+00
2.704763402691129613e+03 6.163810023236413471e-01 5.138043482043137828e+02
4.072670335125956171e+02 1.705831961771059890e-01 5.925455711727853902e+00
9.041396152534468911e+02 1.136517841105882422e-02 5.839262756375843827e-02
1.542341272791874644e+03 -7.275095436263653292e-01 4.081575876564938312e+02
5.569613654497310336e+02 5.261718976467105735e-02 7.709928902541868245e-01
3.624812977180931739e+02 1.474867398207934527e-02 3.942407929980003972e-02
4.315800722473404107e+02 5.181724391211042779e-02 5.794020229678088496e-01
2.600139772633225448e+02 -8.152969546060423456e-01 8.641683155191616095e+01
1.355407376576700358e+02 -1.077655850559757628e-01 7.870458463875505961e-01
9.387116848445643882e+02 -2.449600132994115761e-02 2.816388887601276592e-01
9.308081689591605027e+03 1.466691769704542292e-01 1.001170167872456034e+02
4.160466733893288620e+03 -7.675402961728181039e-02 1.225503141691707398e+01
3.793008680783275395e+03 -1.703886822818156954e-02 5.505988874538502165e-01
2.164833052865555771e+02 1.143198309498555387e-01 1.414612728961445187e+00
2.949273171753156930e+02 1.590025196733687307e-01 3.728146909851369095e+00
2.785853242973689703e+02 1.703229481818616942e-01 4.040867129774531996e+00
1.067083898404607453e+03 -6.109935506621371193e-01 1.991782091477615495e+02
6.836117752661687518e+03 1.213837756211677381e-02 5.036175120857699916e-01
1.027806470045919269e+02 1.787587101197854814e-02 1.642161159852399341e-02
4.629444193033399642e+03 2.676475074661007758e-01 1.658155531369278037e+02
1.061194731139103624e+03 8.446922261131095677e-01 3.785838504285682120e+02
3.975787022825479653e+02 -2.755704078854508826e-02 1.509587441657610496e-01
7.994594715728813981e+02 -2.960641627561139133e-02 3.503790565113271138e-01
1.658998294895741310e+02 -5.830248505343924581e-01 2.819616715767752169e+01
1.201503188539293205e+02 -5.339472653923846290e-02 1.712740886194379919e-01
2.352627940084497027e+02 4.278431073195528289e-01 2.153239481192089144e+01
1.295045073011169507e+03 3.047192139275730835e-02 6.012492767064044896e-01
1.851884474946581577e+03 5.118680965754535822e-02 2.426051518193125478e+00
4.947513925367765296e+03 1.117383099686984280e-02 3.088596865863336705e-01
4.153535738632910579e+03 2.231684150589979820e-01 1.034316407844410719e+02
7.294672811103100685e+03 1.144318869295208596e-01 4.776061826880119554e+01
1.226228399152731299e+03 -6.869903845747505899e-01 2.893627955004841397e+02
3.371206562679105900e+02 5.214141083064166571e-02 4.582694686045015731e-01
2.173255310164313983e+02 2.311853514220624795e-01 5.807662612137301394e+00
7.974781311573188987e+02 3.874631730079831915e-02 5.986178297727814401e-01
1.598411112804312779e+02 3.458497006118220196e-01 9.559458733075928194e+00
3.746024339193274955e+03 -3.217510642427093837e-01 1.939012386125326088e+02
2.607867343039550860e+02 -2.301978619107132029e-01 6.909682172307065606e+00
2.897395567952628880e+03 4.790194197510947577e-02 3.324176205493127423e+00
1.036647411330047248e+02 7.406322347444002641e-02 2.843192677451589767e-01
2.861925447537610580e+03 -5.493016192121848995e-01 4.317676293099091822e+02
3.962769092139636996e+03 -1.094092226772297172e-01 2.371792199335817131e+01
7.348991898992531787e+03 1.153811815890740285e-02 4.891789238132628892e-01
9.308558885190951742e+02 -1.779899324538181116e-01 1.474495091772613264e+01
5.779307724518791929e+02 -8.595339982284896929e-02 2.134872499869047147e+00
4.535418913749719650e+03 -4.137349935239553189e-01 3.881788963593439235e+02
1.576021253785742374e+03 -4.171083956515257707e-02 1.370976268743073545e+00
3.029347547156630753e+02 3.413134936592308183e-02 1.764517712304300434e-01
2.310121308167835650e+03 -6.775597811950070937e-02 5.302736274594622046e+00
9.249047532429012790e+03 3.473332529787576811e-02 5.579043443607680786e+00
5.943090446510561378e+03 4.714845906429811911e-02 6.605677256702501943e+00
2.236380612123339688e+03 5.164189400133821772e-01 2.982085195961206523e+02
9.869626179475263825e+02 1.429299223870671987e-01 1.008131126087023155e+01
2.294010388354119641e+03 2.027218338476247800e-02 4.713748824120755354e-01
4.297425856735257526e+02 2.707874297133971986e-01 1.575561633967901720e+01
5.222679004112957045e+03 4.053892900304547492e-02 4.291487779965400762e+00
8.291163809010433852e+02 2.456753361621744070e-01 2.502122786034433588e+01
5.776358434052938264e+02 -3.709453054822438589e-01 3.974146723141545579e+01
3.564151250198760863e+02 5.463773906402694669e-01 5.319999230799148648e+01
9.730208659666081985e+02 -4.338474156332414872e-02 9.157273542859223348e-01
9.730292700191868789e+03 7.391353891562399414e-02 2.657932219991642242e+01
1.696766394893435745e+03 1.610410119486279934e-01 2.200214590707147622e+01
1.715164334321814863e+02 2.110982746974187918e-01 3.821598952763898716e+00
1.585978699592520343e+03 5.085704037179804293e-02 2.051018228317730507e+00
2.904658681835450352e+03 -2.105903782430500193e-01 6.440834806947736979e+01
2.141209960364046765e+02 -6.803381898107203896e-02 4.955402773497946112e-01
2.387667822851402434e+03 -1.412516188635697389e-01 2.381939787637732309e+01
2.382916563267296624e+03 1.220148803752700573e-02 1.773799128816378190e-01
9.035299098835257610e+03 -5.370927606701957069e-02 1.303200192443024186e+01
4.010171017745242807e+03 4.436001034932995357e-01 3.945628354235227562e+02
5.998878685236948058e+02 2.842023608924613975e-02 2.422676609633106215e-01
1.932209115830940789e+02 -1.003354093386990137e-01 9.725962363538370736e-01
7.585024450059663650e+02 3.101452781932183961e-02 3.648021058499575364e-01
1.014134419631627253e+02 1.111045010538420086e-01 6.259344200383395451e-01
2.270467595568555623e+02 -6.799604776529662997e-01 5.248710906070995463e+01
1.045831520739911440e+02 -2.508137714755930836e-01 3.289534827545987028e+00
4.802443852106750455e+03 1.108285042834369211e-01 2.949410653370187418e+01
2.850107408554924859e+02 4.319256641496142801e-02 2.658577046334502647e-01
7.758262520611382342e+02 -4.289393548035811965e-01 7.137173654636922038e+01
3.910940040637887023e+02 1.161834149436802854e-01 2.639608005974564353e+00
6.335047230598090209e+03 -8.267898530233183663e-02 2.165260420895524618e+01
1.045332230908710045e+02 7.983062819952807532e-01 3.330914148366517225e+01
7.248243445367351342e+03 2.246807684246119458e-02 1.829509112016336037e+00
1.338198288130440403e+02 1.880904568677111144e-01 2.367140287710591373e+00
1.704674761310885458e+02 -1.075556847674274952e-02 9.860030873016005504e-03
6.831424609205504566e+03 6.789888680014457556e-01 1.574731780859012360e+03
3.342466511154838827e+03 -2.244009085948816748e-02 8.415623372107581268e-01
1.020540154702881296e+03 -8.503119924793930418e-01 3.689408212809596534e+02
2.748827350350134111e+02 1.204066236212521096e-01 1.992591274765181275e+00
6.822513828573285082e+02 1.986137354538985711e-01 1.345652702769732123e+01
6.140837137059272209e+03 2.598493812020437332e-02 2.073198842560999733e+00
1.526644853485861177e+03 2.589602637762662002e-02 5.118872117032563507e-01
4.361704589898940299e+02 -2.893271148241476770e-02 1.825595367950732517e-01
3.015431124181084783e+02 2.007186048850462604e-02 6.074278176462643425e-02
5.284046207298150875e+03 6.944096361780600912e-02 1.273996071211531245e+01
1.855198367127350423e+02 -1.423172777208483487e-02 1.878778637586030545e-02
2.528840296645757917e+02 3.557600675956033021e-01 1.600316214465848930e+01
3.306691101788435390e+02 -3.378579427732308904e-02 1.887260705750116174e-01
2.191410846644881531e+03 -3.878959837890423867e-01 1.648634475093655283e+02
4.757348838219684694e+03 -7.059332641786327800e-01 1.185392828536196248e+03
9.107478218270468915e+02 -2.521147697035606289e-02 2.894441145377364411e-01
4.527016607534329182e+02 9.433000370317856653e-02 2.014103550468790971e+00
2.543744499897178684e+03 -1.551826983423131370e-02 3.062880763346403912e-01
5.423846280305768914e+02 -2.289856083107978391e-01 1.421980866014751399e+01
2.566058235375170625e+03 2.904183125642798013e-02 1.082142634850451479e+00
3.157668439907566835e+02 -1.093751381602830058e-01 1.888746880475939305e+00
1.331254523202296014e+03 -6.326386294315922143e-02 2.664050875101223959e+00
2.034749009329910621e+02 -2.530806628589778451e-01 6.516265584275901190e+00
7.622641241134587290e+03 -8.899772621023921415e-02 3.018792808197774136e+01
2.529180496732821268e+02 -8.679340975628282440e-01 9.526279712676732458e+01
2.891419815872226081e+03 -2.706640040423494153e-01 1.059112666044036075e+02
3.363547841548328506e+03 -3.898582762058667994e-02 2.556119361721229666e+00
7.875388614767168747e+02 3.645471116513702703e-01 5.232982965664521657e+01
5.502205373194869935e+02 6.936024341637847535e-02 1.323512411114591059e+00
3.352803244280315766e+02 4.287343135238150943e-02 3.081445984446941067e-01
1.038686933436410527e+03 2.032927631654474904e-02 2.146339955579180114e-01
7.207290795641426485e+03 -2.147859001539266510e-01 1.662469115331018088e+02
1.277602851888403279e+02 -2.994434559573935783e-01 5.727901352133332402e+00
5.161150152034114399e+03 -2.687572491120240881e-01 1.863961220963207666e+02
2.231008419920528468e+03 -9.668756637515794894e-02 1.042827492257711697e+01
1.344956017539435891e+02 -1.927048318323256251e-02 2.497257321456665402e-02
4.782284240506443894e+03 1.764515106017824353e-01 7.444853413777406104e+01
5.957975702842753890e+03 9.008858678895713401e-02 2.417732678873329988e+01
1.358240156386359274e+02 -1.445652385969833364e-01 1.419300400215224078e+00
6.352978325455293088e+03 3.489833045682583235e-02 3.868625404599163708e+00
3.641895079549594357e+03 -1.772362916083856585e-02 5.720088436041491642e-01
6.369820713902279749e+03 8.082895598057880937e-01 2.080803893110427907e+03
8.151097193744101332e+02 3.236679469361498640e-01 4.269583015099168932e+01
1.714729270377609680e+02 -9.551203774023124815e-01 7.821351198276512662e+01
5.089484696691598401e+03 2.043525668880967830e-02 1.062683681803435976e+00
6.780780147203817251e+03 3.953469429411992503e-02 5.299152741370908970e+00
5.812330426902399267e+02 4.363891747478468863e-01 5.534370599067741381e+01
1.124876883573244413e+03 6.309972898856329449e-02 2.239391287924371365e+00
1.138719455060312953e+02 -2.080195744888640313e-02 2.463741575908971748e-02
1.243627779982187604e+02 -1.420137204393861000e-02 1.254067835781668729e-02
7.410198400667225087e+02 2.070412319939074139e-02 1.588230481458990651e-01
1.610585943125279073e+03 -2.418823775639789286e-01 4.711534399567634068e+01
1.745054880816749119e+03 -8.165482601934562767e-01 5.817585968401821219e+02
4.749417243942999676e+02 -1.205799358627399238e-02 3.452712571812868031e-02
3.816064377455837757e+02 6.252587351727850740e-01 7.459422952504770876e+01
1.238963867637055728e+03 -3.811012201483733874e-01 8.997240383052577783e+01
1.573461207903316676e+02 -2.954259015925061460e-01 6.866306470774860671e+00
1.451794564595324459e+02 7.339867381791744805e-01 3.910673843247140979e+01
1.890805190943262630e+02 -8.041346463270102607e-01 6.113280716333306231e+01
6.995840442683862420e+03 6.302590009797544301e-02 1.389466286099556491e+01
1.018223316747941794e+03 3.296412807936814626e-02 5.532179054333046242e-01
9.363355960636590680e+03 -7.981650768847314836e-02 2.982544839714931939e+01
5.298263921711092735e+03 3.645601208567429974e-01 3.520804506101802644e+02
4.099673847572475438e+02 6.317460767837018709e-01 8.180962821164270338e+01
7.344844656620808564e+03 -1.307632960724186832e-01 6.279489481868664313e+01
1.908751072047295338e+03 1.107541905187697275e-02 1.170683865361256681e-01
6.957641007692915991e+03 6.410158818122868585e-02 1.429452078785358538e+01
5.376509872950128738e+03 3.980232257971477033e-02 4.258800361511553945e+00
2.237122214281705510e+03 -4.889853612187715082e-01 2.674554366051600027e+02
8.014279161942034079e+03 4.953906931937440694e-01 9.833998940209652346e+02
3.489763471193303417e+02 -1.388585793257871015e-02 3.364429497705240246e-02
3.069649795551434636e+03 1.625848190969025192e-02 4.057129029891204386e-01
2.263519789208732789e+02 -3.034535280929281931e-01 1.042170276062885570e+01
7.614793728561761554e+02 -3.945765220729366418e-02 5.927760232034796628e-01
1.473063099736576532e+03 -1.077164978256706929e-01 8.545860603366049801e+00
2.076759542739736389e+03 -7.164857639299626602e-02 5.330541765463120640e+00
1.054172172731761066e+03 4.956937830541785495e-02 1.295115485776081821e+00
7.630172778328791537e+03 -6.938640783229264863e-02 1.836763267133176569e+01
4.531493405606279907e+02 -1.541806879114357154e-01 5.386061583224067029e+00
1.735821490443811115e+02 5.559331479425003164e-02 2.682379399734065029e-01
1.808600764352608223e+02 -3.162272169421226353e-02 9.042972418572228777e-02
3.798278383170482357e+03 8.306767962320374399e-02 1.310451507203048038e+01
6.780658188656011589e+03 2.505229671909713421e-02 2.127830110739452607e+00
7.022839145103558621e+03 -5.737216844964535545e-01 1.155806826761483762e+03
7.561661244423667085e+03 1.716927537936413159e-02 1.114528438610478123e+00
8.949249702469913245e+03 -7.039399615607185856e-01 2.217317427913607844e+03
1.035546797313727438e+02 -2.196639507791678658e-01 2.498373213390320480e+00
1.820272537696478139e+02 1.009431083884223396e-02 9.273843642262226405e-03
1.490929145431824168e+02 7.423357434969704016e-01 4.107974638099317133e+01
1.664839501235375963e+02 9.306144744995271667e-01 7.209115479333435417e+01
2.293976113210497090e+02 -1.005422421615513422e-02 1.159460686762459405e-02
1.174270487958789772e+03 4.889100909483574675e-01 1.403447440018186967e+02
1.790356794155419038e+03 -2.519500215546357016e-02 5.682486239323648602e-01
3.605193695397970259e+02 4.206073867375059727e-01 3.188984426171190023e+01
1.061295121975163056e+03 2.705373442899347558e-02 3.883833625048709326e-01
1.375994934833155185e+03 1.955626662197938043e-02 2.631229555823210164e-01
2.218118831191443405e+02 -8.239502329310348372e-02 7.529337677495718806e-01
5.088519192096810002e+03 3.533974915568769554e-02 3.177520391216361428e+00
1.421862171679912024e+02 -4.426510673427861559e-02 1.392998137971384609e-01
5.227015834412131881e+02 1.863943265913545200e-01 9.080070043572234795e+00
6.335291980838856034e+02 2.336748273889463212e-01 1.729659039456732472e+01
6.845659149811883708e+02 -6.049832906772654312e-02 1.252771992382126998e+00
7.910257371537460131e+03 -2.763780763872149271e-02 3.021118762221486787e+00
6.224356270502801181e+02 2.056552842583777019e-01 1.316267606452561978e+01
4.280175085535254766e+03 2.846023956685952427e-01 1.733439313823812427e+02
7.100737718163724139e+02 2.849248556337819621e-02 2.882266602025851943e-01
1.246714669300625928e+03 -3.413250909786996745e-01 7.262288594043236856e+01
9.275412803560161592e+02 2.520333795744578165e-02 2.945909340576965962e-01
1.942887364991099957e+03 4.015188253411627189e-02 1.566135927811124873e+00
3.575936116164320083e+03 -2.664019467451821804e-02 1.268920881287451063e+00
5.139810349850542480e+03 2.418458194045785825e-01 1.503122126723628469e+02
1.785609324850515804e+02 8.858204558357275493e-01 7.005640697454468580e+01
2.255548222124094991e+03 5.622926691511543895e-01 3.565717756475934834e+02
9.070338278737022847e+03 -1.427018901020675190e-01 9.235341082976783866e+01
1.184926438111255607e+02 6.755392896360193911e-01 2.703725640098355498e+01
7.298143795860406499e+03 -9.168610384638968547e-02 3.067534503756384012e+01
1.105906525196154888e+02 -2.672375718169296421e-01 3.948966584965964977e+00
3.196705399309406403e+03 1.120634944237109965e-01 2.007247568060991938e+01
2.882272893120581557e+03 -3.007076018677812268e-01 1.303148522728143348e+02
1.557480334247806240e+03 5.000917295282178432e-02 1.947564818016686683e+00
7.196494006475353444e+02 6.934269284779577547e-02 1.730184345948248881e+00
2.601301404210577743e+02 -3.792355392262345554e-02 1.870590561886124326e-01
3.211247973220000858e+03 -3.750670556809505007e-01 2.258716299939917747e+02
2.793866507308081282e+02 -3.011224948716265462e-02 1.266665832053497087e-01
1.696615932787073689e+03 3.156528675071332973e-02 8.452263415037709615e-01
6.634063076242348416e+02 1.381760915267189402e-02 6.333086338401394677e-02
1.859506228398319536e+03 -1.548271607377279223e-02 2.228753001240179610e-01
1.463829918056047177e+02 -5.974443295410584998e-02 2.612495255900472713e-01
8.768160300838482044e+02 -8.259672431506168699e-01 2.990915431916566831e+02
2.637898392383135047e+02 -3.949417565584055489e-02 2.057283648990838876e-01
1.583965144856858160e+03 6.991461043588124979e-02 3.871252593012434851e+00
2.629843563208485193e+02 9.201275142778237992e-01 1.113258332524847845e+02
1.723605342665071930e+03 5.530168782921184717e-02 2.635631009705411643e+00
8.605796665486361235e+03 -1.494846714787459729e-01 9.615113330892192778e+01
5.801173456470231031e+03 -1.872476552786059983e-02 1.016994564614859264e+00
1.656835873891489200e+03 -2.740690261404618577e-02 6.222564498732195970e-01
6.632670562249946897e+02 -1.650556731352022799e-01 9.034816646582102706e+00
1.573488300647650249e+02 -2.833752151942426495e-02 6.317674528949210333e-02
3.629951747272359057e+02 1.441406127395545439e-02 3.770887571550588652e-02
5.601105073700256298e+02 -9.011185639002622372e-02 2.274089733401801983e+00
4.183615472892896832e+03 9.035239129216385279e-02 1.707658669472874635e+01
3.400419068456705190e+03 4.271917123012367729e-02 3.102759288795158277e+00
4.361570670911087291e+02 -7.558846187355662272e-01 1.246016904401928684e+02
1.471158275890600464e+02 -1.429429686754860040e-01 1.502986218334627644e+00
1.312722362322430854e+03 -4.764642550777452579e-01 1.490059249487836723e+02
1.064577922141508566e+02 -3.153973756129709871e-01 5.294971296547505979e+00
4.648038137386295716e+02 -1.089422928128372520e-01 2.758244174687041639e+00
2.887577670563870242e+02 8.485405984115247380e-01 1.039558493425798531e+02
5.972104148775803196e+02 -1.745597670388568737e-02 9.098832799873876609e-02
4.247960831102165571e+02 -5.817582472907549818e-01 7.188455779967303272e+01
2.382503067904936813e+02 9.927432398949886938e-01 1.174025012720710350e+02
1.043826307421019379e+02 1.828984115807149452e-02 1.745894954924503625e-02
3.230974316334440573e+03 -4.542136656919576465e-02 3.332912430014757454e+00
4.291238487708453249e+03 3.590029010739947957e-02 2.765340230481717843e+00
1.987373181307133621e+02 -8.894868424440187382e-02 7.861917564724104635e-01
7.276048258792382057e+02 -5.754662043149427059e-02 1.204772990422332324e+00
1.285227200698997763e+02 -6.065220740516805709e-01 2.363976394553882088e+01
2.552763179310109990e+03 -1.534942154186010911e-02 3.007215547026647062e-01
6.989508266551662246e+02 1.838715214453480462e-02 1.181532212699350493e-01
3.040656090083583081e+02 1.337425099864486822e-01 2.719419740677229136e+00
2.074947516223324158e+02 -5.038024236504959341e-02 2.633283545196903330e-01
1.213339434603544476e+02 -5.444748124300881342e-02 1.798489493343236600e-01
7.103391624076862172e+03 -1.377774899818214223e-02 6.742055143111720383e-01
9.939365035378230459e+03 3.121368161039433375e-01 4.841931459699995344e+02
5.374521199052476277e+02 -2.291591114294425635e-01 1.411185299665220327e+01
2.036742461511682222e+03 5.617695391198056915e-02 3.213827002180520864e+00
7.953631211926032847e+03 6.044559120275719288e-02 1.452996987013063901e+01
1.254260940160501718e+02 -8.485270922384032799e-01 4.515328260929859283e+01
3.221831153747732515e+03 -8.759418610152806817e-02 1.236013870107101376e+01
6.707212588565732858e+02 -2.693253316716731627e-01 2.432576364845455430e+01
7.298377879540266804e+02 3.437223923579375007e-01 4.311337302019810380e+01
1.808585922255201979e+02 -2.547438360799920143e-01 5.868356904980807087e+00
6.952965204732130587e+03 1.036321182872619179e-01 3.733608797395435630e+01
3.005537693539276461e+03 -3.298997969815431475e-01 1.635521583988190741e+02
1.645214702378864615e+02 7.096368210865979798e-01 4.142522440611912771e+01
5.052086521954662203e+03 2.438463166083010975e-02 1.502011243299020915e+00
4.600527548136362270e+02 -2.897080113089518516e-01 1.930628219287285674e+01
4.041540257959455630e+03 -2.816217723999248634e-01 1.602689413961030311e+02
3.381321147913416212e+02 -2.602963341245465370e-02 1.145493234819608269e-01
2.958577598049377684e+03 -2.198238846855575870e-02 7.148299257403358808e-01
2.812313651353044406e+03 -7.113088050978201571e-02 7.114594115440227462e+00
1.423797324393994359e+03 -1.443751558112696676e-01 1.483894785428055485e+01
1.148093717345246603e+02 -7.682844635189700622e-02 3.388374825395310541e-01
8.504251324499973634e+03 2.226326440060314438e-01 2.107578593274861873e+02
2.888201953428649631e+03 -3.209455847287901592e-02 1.487511639217090620e+00
1.112277732124971692e+02 -6.188747186495974911e-02 2.130044765889476943e-01
3.651459528439294218e+02 -3.733147630155386754e-02 2.544408427174555953e-01
2.252449070646189568e+02 7.706440580875690838e-01 6.688560393545921556e+01
2.042912637501285360e+02 8.406720053699040518e-02 7.218932323317781563e-01
6.808835025544040036e+03 1.530533863778447135e-01 7.974963461245020824e+01
5.452463267007702825e+02 -6.047856318344929649e-02 9.971619140321401620e-01
1.956128179084203396e+02 -3.719031598149868945e-01 1.352779615044050665e+01
4.278746599847502239e+02 -6.184685575233969113e-01 8.183174683376776670e+01
1.224676300237143323e+03 2.224871444973390566e-01 3.031106264345534029e+01
3.794955885427860721e+03 2.560313894022498982e-01 1.243836114008577880e+02
4.070381285240007401e+02 4.964519138103593715e-02 5.016022496858835167e-01
2.586589505738460275e+02 6.123071946703587815e-02 4.848821989094916352e-01
6.157499960637314871e+03 2.638260252416978896e-02 2.142938419276886108e+00
1.269877599457015322e+03 1.066603986480435702e-02 7.223343564991559218e-02
2.154958014390224434e+02 -5.366162324772721925e-02 3.102676019576374178e-01
2.372389345887845877e+02 7.487169529107441379e-01 6.649535408226741140e+01
2.512902573176915666e+03 1.442985479024653239e-01 2.616191780536382439e+01
1.784934053585743925e+02 -1.234549593656375510e-02 1.360220329149714087e-02
1.225496923637838478e+02 8.087558230916369606e-01 4.007901789907509738e+01
2.637254543154877524e+02 -6.385480958796099782e-02 5.376619240659876731e-01
4.490247460146417211e+02 1.428915856282165185e-02 4.584094809259515318e-02
5.798513087210351841e+03 -1.444289535457119779e-02 6.047768731051952340e-01
3.311346321824676124e+03 8.244252999975297813e-01 1.125323091621896083e+03
4.274073452987015116e+03 4.791276174508747321e-01 4.905851471735572318e+02
5.507742839740239106e+03 -3.551540900441255144e-02 3.473579954360521249e+00
1.362603778329383317e+02 3.602931712169792078e-02 8.844059482807024863e-02
6.381351406924443836e+03 2.094941857343932956e-01 1.400317813500597595e+02
3.353235714314246252e+03 -9.581297851439476432e-01 1.539156461069526813e+03
4.839045980805886984e+02 -6.913372811210025115e-02 1.156404326349441458e+00
7.328477828991763090e+02 -1.105258145972538159e-01 4.476218022580018996e+00
2.390687071379704776e+02 -4.339444361891676705e-01 2.250924800118863089e+01
2.456612875436522359e+02 6.675431237134414608e-02 5.473503263198421509e-01
8.485858277427478242e+02 3.029581497541073420e-01 3.894314827449958472e+01
4.279679287624508106e+02 2.079607940853028525e-01 9.254312558090388663e+00
1.775401292762007017e+02 -3.238625469751332253e-01 9.310821272003130034e+00
7.420246148154279808e+02 3.566909496463741003e-02 4.720331470282816966e-01
2.456233890435266289e+02 -6.631121316332133642e-01 5.400247574003295625e+01
1.945190066751815493e+03 -4.301565669398114133e-01 1.799638030687526111e+02
6.083862112001776950e+03 1.672156398673101396e-01 8.505564784978355419e+01
1.782020395066659830e+03 6.026106608499507550e-02 3.235610943641446191e+00
1.904943983297269597e+03 2.172548590011634528e-01 4.495636727098669638e+01
4.436144528981642452e+02 -1.843096318998929117e-01 7.534800445943566238e+00
8.324511262813733993e+03 7.668689754372964851e-02 2.447772695851408642e+01
1.290648298394174617e+03 2.552920093838211835e-01 4.205836258865309674e+01
5.010411519367841720e+03 1.238518250077322025e-01 3.842803897143810588e+01
2.898801958122666747e+03 -8.187778767435127669e-01 9.716743746278126537e+02
1.415352930937755502e+02 5.680397492844707630e-01 2.283453683768101072e+01
9.597192511517678213e+03 8.589806501487227131e-01 3.540633485643421864e+03
9.224958448947629222e+03 -2.312266710250764426e-02 2.466097689972006179e+00
2.040115762335914724e+03 4.354425180730082667e-01 1.934133651357312829e+02
4.964875745762025758e+02 1.718303992122268212e-02 7.329568138113490283e-02
1.064099735001213531e+02 -1.802113398354006010e-02 1.727891907008691219e-02
7.913556196920831098e+02 -1.442380902388750163e-01 8.231929117728398637e+00
1.341304336568710369e+03 -7.326917473538161474e-01 3.600310299425711946e+02
5.375712915178900175e+02 -5.080722760852966063e-02 6.938363789387510527e-01
1.594602095916741519e+03 -1.543843337128387450e-01 1.900328976361400279e+01
4.088474817005083537e+02 1.302594027470598825e-01 3.468562276783515141e+00
3.815227982643281166e+02 -1.044426372814824533e-01 2.080875794749396324e+00
2.291418356831979054e+03 -8.417712897855289533e-02 8.118253542966961334e+00
1.924073764130603479e+02 -3.651284643920425094e-02 1.282575983524599228e-01
2.724161505657582893e+03 -3.161481596666132488e-01 1.361395065858083910e+02
3.376943535049127604e+03 -7.295675434433073203e-01 8.987208422870716049e+02
9.926939678225637181e+03 2.713958741326121665e-02 3.655879471610357090e+00
9.755191058709642675e+03 5.223659283113332163e-01 1.330930777056395755e+03
7.389888764720049949e+03 -3.959573262005902650e-02 5.793015245590606099e+00
1.498093613077672899e+02 1.640765303640532441e-02 2.016516983829178336e-02
2.736932743732867266e+02 9.880939746072320284e-02 1.336074365937882424e+00
1.238802900109705263e+02 -4.136198486569854227e-01 1.059680543557393584e+01
7.375635778586414517e+02 -4.445149736789288930e-02 7.286890721065827359e-01
3.694418873422407160e+03 -4.065264176984745986e-02 3.052767184373694320e+00
2.994221957667779748e+02 6.590948313821870519e-01 6.503539870127607969e+01
1.606331818793792934e+02 -1.576486219257759031e-02 1.996115302090255630e-02
6.524149921747055032e+02 2.416153687065201727e-01 1.904333676859571867e+01
1.728057311644431024e+02 -1.104839388914157297e-02 1.054693924360585768e-02
6.902311144786958721e+02 -3.439987619917433959e-02 4.083930062993879617e-01
4.125782759440347945e+03 3.975166191724988640e-01 3.259769870570852959e+02
2.639792409205786953e+03 -4.503277136871154662e-02 2.676684164306409652e+00
2.202442532559023221e+03 1.106941547241581947e-01 1.349347989406228443e+01
8.058566070542540274e+02 5.940264444396587962e-01 1.421802695783613615e+02
1.332815886714748558e+03 -4.388176662330351557e-02 1.283241427940815305e+00
2.519902985805234039e+03 -4.064754632750131047e-01 2.081720863739371907e+02
2.738077237151947884e+03 -6.348988071693251189e-02 5.518546691399788706e+00
1.291294618810055965e+02 -1.194327915195668582e-01 9.209636985586987512e-01
6.097788969952064690e+03 2.422443036110046369e-02 1.789161488603401295e+00
3.093076360778023627e+03 -5.467429935099802490e-02 4.623034120062061270e+00
5.530058244054594979e+03 9.008693780550212082e-01 2.244002618853785407e+03
1.928049137560249392e+03 1.245182777144378423e-02 1.494700956556951343e-01
4.199797582425107407e+02 -2.221273933936496886e-02 1.036102219811382008e-01
3.498594901143490006e+02 -8.339986896626633284e-02 1.216730514193720358e+00
2.372015144087667068e+03 8.365755821448860319e-01 8.300377230650799447e+02
5.920662771367257847e+03 2.765760373228717817e-01 2.264484902041831447e+02
4.809188836177651183e+02 2.086401278087620381e-01 1.046736852859060818e+01
9.603253874117704981e+03 1.036194657794235058e-01 5.155503811731531272e+01
6.691064598487001831e+02 -2.276426030187026495e-01 1.733693468634910317e+01
2.606281012482546885e+03 1.033321217051058442e-02 1.391431843026839088e-01
3.112398503355308094e+03 1.072571501444885729e-02 1.790266598655374519e-01
2.618705944914456268e+03 9.639894114082872001e-01 1.216749749854038555e+03
3.724960344299558983e+02 -9.422618403924343244e-01 1.653616758235694988e+02
4.284326698117964952e+03 -1.665001642258507608e-01 5.938570505244143760e+01
1.548248050263007599e+03 6.768592910717924349e-01 3.546560196182004461e+02
4.710091985718418641e+02 3.428347508244767861e-01 2.768019001094905107e+01
6.870599338960264504e+03 -1.349674286374552210e-02 6.257812917519720575e-01
7.100077249892176496e+02 -5.002391990713955794e-01 8.883590252987326608e+01
6.256951801382170743e+03 -2.305989514933301787e-01 1.663594479088291394e+02
2.748434426271218172e+02 -1.282879106118278711e-02 2.261657557230847479e-02
9.066969501791105586e+02 -4.681888166680893415e-02 9.937433393531667214e-01
5.476650417007896976e+03 5.967947855786703143e-02 9.752929036319079259e+00
6.559750920854539800e+02 1.794038397280942401e-02 1.055652112881003135e-01
3.489055394085459284e+03 1.004589693092950049e-02 1.760578139454978264e-01
5.774459923668636065e+02 1.301340024888031528e-02 4.889483116019150560e-02
1.838385994400426853e+03 4.120291863413742817e-02 1.560496030733793393e+00
6.952820315777236829e+03 5.238362933201790028e-01 9.539424597600431071e+02
2.062065121255251086e+02 8.197066119570894926e-02 6.927702946085058100e-01
3.122317166638547405e+03 4.442224096897628982e-01 3.080689642206220924e+02
1.910310820648419394e+03 9.435027008340844679e-02 8.502768117477845777e+00
1.340514740457312541e+02 -1.303330688514710289e-02 1.138546679341963415e-02
5.737976750844443814e+03 1.979386605627675780e-02 1.124061421402773320e+00
2.582569826570067107e+03 -7.199919571197611889e-02 6.693871437946190106e+00
4.946001504737666437e+03 8.551851408023106726e-01 1.808608388984990142e+03
6.670242192662210527e+02 -1.751830246835997182e-02 1.023518386143406345e-01
2.382383650460863464e+03 -4.894792926726064530e-02 2.853976231474630865e+00
3.534850783486018599e+02 -7.943927397022712555e-02 1.115351158222453343e+00
4.085779693117477109e+03 8.658550535836928574e-01 1.531564678924148666e+03
2.740424035085103469e+02 4.791932434650345018e-02 3.146365302531999308e-01
3.845490441278515164e+02 -1.028697601261182315e-01 2.034685053260417487e+00
2.911439041768423408e+02 4.436065476140146902e-02 2.864663412102604334e-01
8.496852152581744804e+02 -1.286471657669705816e-02 7.031184777029624022e-02
1.502402587099650759e+02 5.780719199941037473e-02 2.510267913497265524e-01
2.887549125983096474e+03 2.059529771816275695e-02 6.124004972369782029e-01
2.918746228030760221e+02 -1.838055750497414112e-02 4.930417552935999898e-02
1.829113397325527899e+02 -5.197398195395026149e-02 2.470487254539660560e-01
3.032975621698728901e+02 -1.583850734290736806e-01 3.804235767222549747e+00
1.763720202943684399e+03 3.427268062230177104e-01 1.035847546729108615e+02
5.807081557619043451e+03 4.873138825346829406e-01 6.895178241328217155e+02
5.874950513549662219e+02 4.058048472929300793e-02 4.837362992246165838e-01
8.071287900075741163e+03 2.273979078302113266e-01 2.086823757723562096e+02
1.668331248552472971e+03 -5.507868044426789816e-02 2.530575754841814629e+00
6.705869797412130993e+02 -3.154579446650193630e-01 3.336630074280883917e+01
1.079366448530183334e+03 8.584528975632367553e-02 3.977148986143576259e+00
2.486961261800866851e+03 9.884531909715451592e-01 1.214929955928027766e+03
1.128312498641849288e+03 -4.216402060301535637e-02 1.002959594010795152e+00
3.334270772131164335e+02 2.352495382265943902e-01 9.226318209050333508e+00
2.030734602031332372e+02 -1.853208224697820705e-02 3.487157886477105367e-02
2.153336452686612574e+03 -1.082507863410242174e-02 1.261664886376844819e-01
3.585662074519942735e+02 2.015410591090256373e-02 7.282264265917808010e-02
3.008124634400737250e+03 -1.554329050645014421e-01 3.633722506251397277e+01
1.097717493380007454e+03 -2.050265986978550281e-01 2.307177477842688162e+01
5.342784617816588252e+03 -1.562638519189046005e-01 6.523110302603947730e+01
3.417784068553394718e+03 1.147311753117269927e-02 2.249456040458602257e-01
2.186452744586692916e+03 2.815106949241889117e-02 8.663630020580360691e-01
1.120469775933140539e+02 1.308996998874459479e-02 9.599474343372580570e-03
1.261607050416399943e+03 -4.777282575092626354e-02 1.439646854229367445e+00
4.657877980404526852e+02 -2.352038337486931918e-01 1.288388691886160231e+01
8.928599632369623578e+03 -6.532934396988851478e-02 1.905328868375070073e+01
2.101192484395182589e+02 3.439471752945920668e-01 1.242851776116761364e+01
3.189849503818747394e+02 -1.338731793296130124e-01 2.858428629099289076e+00
2.457506266783821047e+02 1.169196554619502879e-02 1.679730825183032433e-02
4.337686028564658614e+02 3.842625701096332586e-02 3.202464205719873225e-01
3.328949251225248645e+03 2.119531767634654298e-02 7.477510632097496002e-01
4.433901261397511462e+02 1.711966984500361000e-01 6.497507536418333451e+00
3.473916027287797306e+02 -5.992477068841020049e-01 6.237378260668670293e+01
5.438880134873679708e+02 -4.794196006969570628e-02 6.250446809421267291e-01
3.301897534036590400e+02 5.399660472281508916e-01 4.813561237359664347e+01
2.052356272357931459e+02 -2.609427252540212905e-01 6.987360410485352169e+00
4.339385345623864850e+03 -9.717601825006736416e-01 2.048879524927233888e+03
3.603899098110045543e+03 -1.628356302028057812e-01 4.777948959017916053e+01
4.814569111910863285e+03 2.827214617795106855e-01 1.924176848194350384e+02
1.327122194348776702e+03 1.444088918571108104e-01 1.383785537552764744e+01
1.503273605965521028e+03 -4.868494768932067340e-01 1.781547688562187375e+02
3.954186007294596038e+03 -8.968583592137102656e-01 1.590284477844668345e+03
1.541701405921691332e+02 4.007954615430009970e-01 1.238271459081869530e+01
2.975422161407864792e+02 -1.039601272743181232e-02 1.607874704217828951e-02
5.115097819681129749e+02 -1.930685122200339054e-01 9.533378756210433735e+00
2.628047112191039787e+02 -4.992046844665090632e-02 3.274616568334564048e-01
4.716014144781266282e+02 2.255594919649085428e-01 1.199685248742879651e+01
2.035732599051331420e+02 5.290076285509765636e-02 2.848489383907568673e-01
2.718782884771845147e+03 -9.091225782914151843e-01 1.123542277590050162e+03
1.451453377742745374e+02 -5.259908410885029417e-02 2.007841649274808016e-01
6.462159212934898278e+02 1.524269887495074693e-01 7.507086124707424979e+00
9.738810175511041962e+03 -2.234972290072186618e-01 2.432317089226275755e+02
2.038414394815016806e+02 4.406265270546067675e-02 1.978808470711777567e-01
2.807636315690430138e+02 -1.016491422867235039e-01 1.450501867837174386e+00
5.007700610362289240e+02 -2.511157152319221098e-01 1.578905528799288405e+01
3.236131511866298069e+02 -3.397298759550385072e-02 1.867513060937111835e-01
1.653081325246077142e+02 3.705178109383857610e-01 1.134703522610614002e+01
3.049111215035135956e+03 4.411825823499940236e-01 2.967426607546354944e+02
1.195408442813857590e+02 -1.077470009897173869e-01 6.938997084125736459e-01
6.676333541060007519e+03 8.466903049548147875e-01 2.393079924423376269e+03
4.129602969004988154e+03 4.521652062365067587e-02 4.221556295911111256e+00
5.873896489458069254e+02 4.402219334082621560e-02 5.691669149390566895e-01
2.021484516652603133e+03 -4.452234271608129096e-02 2.003532724340637561e+00
7.788602059889747579e+03 -1.203305394004867135e-01 5.638729309077005780e+01
2.665031612006398518e+02 1.055696205836519769e-02 1.485081508994284122e-02
2.199384234271755076e+02 -2.251371345218827064e-02 5.573979669939432141e-02
1.501428250573294463e+02 -4.790564229233490456e-02 1.722851804809818477e-01
3.108889469581217782e+02 -5.514150328522706701e-01 4.726421941702344043e+01
1.822365742762337391e+02 4.711500403334398790e-01 2.022665246420108787e+01
2.989263253385826374e+03 -5.075171676639206320e-01 3.849777615663913934e+02
4.166676568238466643e+03 -9.536970957351179057e-02 1.894875649623647718e+01
7.997489629353432065e+03 1.268012510995899234e-01 6.429404755256706494e+01
1.101614309136209897e+02 -1.934616391413614134e-02 2.061528290217362266e-02
2.177001750752277474e+02 -3.844719985827305120e-01 1.609008036071140779e+01
1.014138115082085676e+02 -4.226853187229552555e-02 9.059441750168677199e-02
1.238049078274267032e+02 1.373052727991505920e-02 1.167030741382164664e-02
1.236504353628225772e+03 5.645696204994936629e-01 1.970609917989409894e+02
6.320065269748471110e+03 3.002224791015812091e-02 2.848249182836050331e+00
5.005425112442669615e+02 1.111494313466216272e-01 3.091900167315332126e+00
9.169430447295511613e+02 6.458800753164110897e-02 1.912564716093715811e+00
4.691241300923514927e+02 -7.477814936266380386e-02 1.311617498947519111e+00
8.665556010256346781e+03 -4.609952031585621279e-01 9.207871520030921602e+02
7.049747752263222083e+02 1.451329162226141882e-02 7.424640426566878060e-02
3.735681687644935209e+03 -5.264320254275776101e-01 5.176359983160290312e+02
2.514862574897348111e+02 -1.855029795632037390e-02 4.326991495720821507e-02
4.161084568496864449e+03 -8.241737359581107203e-01 1.413234035121105762e+03
4.171437633983980959e+03 -9.905463002440205444e-02 2.046469703827414222e+01
6.814117112997201957e+02 3.021575995304392678e-02 3.110617715106215875e-01
4.283561085727723707e+02 6.709215083192555662e-01 9.640918203518913288e+01
2.376521296594338310e+03 2.769463096671094526e-02 9.113871055572386748e-01
7.928381296673127508e+03 7.443860481518522754e-01 2.196600013801938985e+03
1.459265053994250536e+02 9.056304536698808194e-01 5.984201695349968020e+01
1.691321514380001929e+02 5.301095234579235038e-01 2.376442937104791753e+01
1.251834008784869638e+03 3.428028258281259899e-01 7.355387152238631643e+01
9.734525180030076399e+02 -3.553713729005064659e-02 6.146808134811078128e-01
9.516076659253638354e+03 -2.344194398542334967e-01 2.614659765605352391e+02
3.868563197009531905e+03 -5.105809178732505921e-02 5.042534284520629129e+00
1.415824886670324361e+02 -1.673784992837588220e-02 1.983256496274389546e-02
1.457872778520889597e+03 1.808665889576114849e-01 2.384549418734383153e+01
4.726105269983633548e+02 3.218422775608071468e-02 2.447707852526154471e-01
3.061822151752765535e+02 -3.964714359397272098e-02 2.406432989117845145e-01
2.543306777723911637e+03 -4.790834366603525796e-01 2.918710802531084596e+02
2.166007559078678071e+02 -3.909874188379867943e-02 1.655600458923968121e-01
5.608345671663516441e+03 -5.330682677343112630e-01 7.968387390322529882e+02
4.140146902320921981e+03 2.322414385514206051e-02 1.116516592335881519e+00
2.092985038071115014e+02 7.145292590299984203e-02 5.342889134715996802e-01
2.473722169417495991e+02 1.564032865878575360e-02 3.025608108043775432e-02
7.486470025031504747e+02 -3.695361893478146115e-02 5.111649257777199917e-01
1.711687763825943591e+02 -1.808264736501208683e-02 2.798456603571139109e-02
1.767765830143778203e+02 -1.370961077039009601e-02 1.661288233748827933e-02
2.405945142701152690e+02 -1.179516675391958404e-02 1.673647123424337746e-02
1.553833823045385714e+02 -1.260017926075915895e-01 1.233468385203356332e+00
8.941619072140711069e+02 3.133543610736259227e-02 4.389930606695996995e-01
2.112534520120447326e+02 6.867999448924326511e-02 4.982351025160455249e-01
6.510754426839342841e+02 -2.656717880944111654e-01 2.297694034987112133e+01
1.390473988927212190e+02 3.163087077177617612e-01 6.955929459190606678e+00
4.480622617548965536e+02 -8.657402506955400590e-01 1.679127174801487854e+02
1.605724201939558498e+03 8.503680198350953567e-01 5.805702742917891328e+02
1.840529485743406440e+03 -6.322826759522395812e-02 3.679047109957848782e+00
2.135751664223345415e+03 -1.754438711310495405e-02 3.286980749170166360e-01
2.354871046970869429e+03 1.622033352069410239e-01 3.097823672671461992e+01
4.474380536117967495e+03 2.058502140699509098e-01 9.479939536306085301e+01
2.991939247527478074e+03 -1.570341281218457299e-02 3.689018815350071367e-01
1.210202927161361401e+02 -9.951761670175143237e-01 5.992777271117410720e+01
5.797478835979401310e+02 -1.038988274281521171e-02 3.129179444836912433e-02
6.919627193831545810e+03 5.885633087258844431e-02 1.198502847299105412e+01
2.910800872561662345e+03 -1.338905638271514764e-02 2.609050237854189658e-01
5.655314948244878906e+03 -6.132227316196704053e-02 1.063318307173690869e+01
4.191939861507556770e+02 -2.473036853584553441e-01 1.281876614033464179e+01
1.547012323865446888e+03 1.729231383986050696e-01 2.312969977901722629e+01
1.186414383382934147e+03 -5.782829978816887984e-01 1.983751440314324839e+02
1.327988921579514852e+02 -1.821291743176894906e-01 2.202538425405204059e+00
5.476798985210860337e+03 -3.155230144709364470e-02 2.726207389408569881e+00
2.343906123051287125e+02 1.221280259173736782e-01 1.747997842606340946e+00
4.958150422080799217e+03 1.113728855970583069e-02 3.075024971466969737e-01
2.544393756052627396e+03 -2.625734830749251042e-02 8.771140258877785367e-01
4.162374674577714018e+02 -5.731939232301838660e-02 6.837767503247407230e-01
7.047542559823701595e+03 -4.121562799561545032e-01 5.985928907325251203e+02
6.080432811717124423e+03 1.292221027681895729e-01 5.076660322641827605e+01
2.701511192673122537e+02 9.897111910562673975e-02 1.323103254248709115e+00
1.177614683495076378e+02 -8.528713555209131991e-01 4.282923068017166202e+01
6.916883990268697744e+03 1.233502272158814098e-02 5.262115831954542466e-01
6.262585441275116409e+02 -2.854768368916370258e-02 2.551910392625216795e-01
1.002896170641395912e+02 4.179941374338314031e-02 8.761255762693109794e-02
1.109455022219870983e+02 3.973527650293574021e-01 8.758549397316674145e+00
1.540822420490567879e+02 2.048216617134311981e-02 3.232022414890834555e-02
1.671327690480283366e+02 -1.734299919798562573e-01 2.513506548062634405e+00
1.465646232671051848e+03 2.611175017212291616e-02 4.996560198999647207e-01
1.487716720761178522e+03 2.467414947700761474e-01 4.528711252617841154e+01
5.030151477399484065e+03 -3.969643460116235173e-02 3.963273753478733230e+00
1.468512679447867129e+02 -3.646021440329539343e-01 9.760816345044144526e+00
4.025289471535317603e+02 -5.838862721553760710e-02 6.861572411361455126e-01
1.370528574833281255e+03 -6.338102932387580379e-01 2.752812775020485674e+02
6.758520777984675988e+03 2.577396320390875628e-01 2.244833144313053879e+02
1.186782558816858426e+02 -3.966802560319488552e-02 9.337321859622138565e-02
7.509608726345011291e+02 3.199545180127701810e-02 3.843826779390731585e-01
1.090951468144069878e+02 -9.387073143912066930e-02 4.806576283086880785e-01
3.208687209026567757e+02 1.619386521604744555e-01 4.207251053835198817e+00
4.350558529530297164e+03 5.501811281209911808e-01 6.584554536271499501e+02
4.723846613523297492e+03 5.586641009393314428e-02 7.371694380888066611e+00
1.007666141566711644e+03 -3.137671864846189318e-01 4.960228889060376645e+01
8.761895299622001403e+02 -2.711494036346700498e-01 3.220960291290383992e+01
1.310907559416283164e+02 3.843837370404325215e-02 9.684385787316907024e-02
2.832203617639671620e+02 2.941473097491414945e-01 1.225248667708932970e+01
3.788103043535546703e+02 5.520786674830943652e-02 5.772895829039431659e-01
3.164309478518337983e+03 -2.367927933467740137e-02 8.871272464211944486e-01
4.196804578580096177e+02 2.315980682807594615e-02 1.125533995136995952e-01
5.653316835579918234e+02 3.227198632046871518e-01 2.943911321304486961e+01
1.065514365826153380e+02 2.260739931315089088e-02 2.722892679958361511e-02
1.040051646988022412e+03 -1.405499637343622377e-01 1.027274212382893381e+01
1.947821961772920304e+03 1.710758172025858212e-02 2.850338959888237267e-01
1.602424033081525749e+02 -2.093041244199600470e-02 3.509966948238325141e-02
1.580175321743749009e+03 1.005645843919988208e-01 7.990342685862151129e+00
2.892952746776584718e+03 -4.486168903465654334e-01 2.911136608173645186e+02
2.952982875826214695e+03 -8.435395054008577864e-02 1.050610619245238730e+01
1.179040050554680874e+03 -2.204025573177957331e-01 2.863728362062625621e+01
3.239859928931426566e+03 -2.325220228280731882e-02 8.758392900650436852e-01
4.366656732610368636e+03 4.613310635983914471e-02 4.646698075779912784e+00
1.315709524001721036e+02 -3.486409590053985569e-02 7.996258728483052192e-02
1.946873262424843460e+03 -1.041227929356144527e-01 1.055356775822221849e+01
5.041000846966219342e+02 1.147313832361001283e-02 3.317807877373831621e-02
6.094296332540361618e+02 8.914046960462923552e-02 2.421271039274246917e+00
1.529003823974645684e+02 -8.054798026331640992e-01 4.960070916609964797e+01
1.894443836765555034e+02 -1.930335949645578530e-01 3.529535355519096029e+00
7.869377693192005609e+03 1.039467848853875727e-02 4.251405364429411970e-01
8.053170369319018391e+03 7.803752397900633186e-02 2.452132051877577013e+01
2.845785884078405616e+03 2.713887592164728191e-01 1.047987098113538735e+02
1.735753395220185098e+02 1.034669595623511143e-02 9.290977371044858643e-03
5.017590409821547837e+03 4.577380836635887018e-01 5.256531909515034613e+02
1.579938290060728150e+02 1.162477907074584843e-02 1.067528662690914003e-02
3.186141494067337590e+02 1.303829064702375362e-01 2.708172844181630179e+00
1.868985014986170938e+02 -5.062871283834982639e-02 2.395353398455376814e-01
1.524664157958051476e+02 1.296400606855660324e-02 1.281216864534827013e-02
7.399169204441774127e+03 -9.215566146122614599e-01 3.141933614104769731e+03
1.711162610005929423e+02 1.933024250404356825e-01 3.196950347764991207e+00
4.029031982827180514e+02 -3.907347942255563061e-02 3.075635686564956450e-01
8.371011960299994143e+02 -1.560859786837403562e-01 1.019707821336164777e+01
4.082539368014754018e+03 2.641729775978563510e-01 1.424548265671181184e+02
9.978730039840115751e+02 -2.364315185914290032e-02 2.789048209879457230e-01
5.851304327655726411e+03 -2.264698806808871645e-01 1.500526236268473781e+02
7.989408105487392504e+02 -3.243440890762250978e-02 4.202392236526571456e-01
2.606312382558302943e+03 -5.931768915398412112e-01 4.585270058078035618e+02
2.069461627608274739e+03 6.993711250953220659e-01 5.061075052444841162e+02
3.158753694145964346e+03 -4.082906980348643966e-02 2.632841642814817806e+00
7.537409406408486348e+02 -1.699191046719243994e-02 1.088119345800589444e-01
1.727372640421248207e+03 -3.647995355913608712e-02 1.149382537099164159e+00
5.153728895061968842e+02 4.113251257317769305e-01 4.359754673933424129e+01
3.096219409151438413e+03 -1.669259638864573903e-01 4.313695828399863785e+01
1.430408951892698042e+03 -8.627842679739727849e-01 5.323958467585928247e+02
9.376718590074469830e+02 -4.918496059631431716e-02 1.134189290776795200e+00
6.973808849875473470e+02 9.981678837705175722e-01 3.474139300879885468e+02
2.610469522126507513e+02 -6.048826697680904640e-01 4.775632677549130278e+01
2.142591011116372101e+03 5.708047949116028252e-02 3.490474810441698050e+00
2.389140941054585880e+02 3.306057519810154388e-02 1.305667474338200462e-01
6.185411387218007349e+02 -4.787579611139442665e-02 7.088765524975134680e-01
1.660357673136110748e+02 3.125844250008706637e-02 8.111596283139091423e-02
1.106972201123384821e+03 -1.586288736394443344e-01 1.392743691886991186e+01
6.104700939541206026e+03 4.569273060056083802e-02 6.372775541722041304e+00
7.062098667434395793e+03 9.978960331068891243e-01 3.516206542738800636e+03
3.088601269311637338e+02 -7.859197709362228945e-01 9.538679974956912133e+01
9.235414794177556814e+02 -1.142225170848205212e-02 6.024622825684158162e-02
4.532388633043139521e+02 1.341470652300056354e-01 4.078115276921447041e+00
1.687515840676110486e+02 -1.958350274579959832e-02 3.235926205090129681e-02
3.975561671398598719e+03 6.924038112227878794e-02 9.529879267233157591e+00
4.421129770134962200e+03 -5.717094166822099532e-02 7.225267958624694842e+00
2.825915036726209109e+03 -2.235958866845460247e-01 7.064098145163949027e+01
4.204903895439220832e+03 4.738952860371189318e-02 4.721618088999645302e+00
1.045052871388690619e+03 -2.920048272438253295e-02 4.455416708492471733e-01
5.226822259293865500e+03 1.350659397526590699e-01 4.767595767560122511e+01
1.647830124349111998e+02 -2.987515944482434238e-02 7.353649159818774483e-02
4.309146274872283357e+03 -9.643429181093643443e-01 2.003660939348194461e+03
2.822636277105563636e+02 -8.521825641759650516e-01 1.024920575137412158e+02
1.707790807083616073e+03 5.671454163945843785e-02 2.746588066689834129e+00
2.344322134784496029e+03 -3.509806921865404883e-02 1.443955285299661551e+00
2.008405658024511922e+03 5.146071996484766209e-02 2.659335655043912450e+00
3.592558509997555802e+02 4.034263859962780030e-01 2.923495662033858267e+01
6.601960454138441037e+02 8.858491476888146199e-01 2.590373963447246410e+02
5.946950933440001563e+02 -1.548350540499222050e-01 7.128578553966371523e+00
4.270381071059081250e+02 1.249454706322280784e-01 3.333325081904177978e+00
1.924193619233391246e+02 2.308388942309395897e-02 5.126686313119758337e-02
6.993503030257238606e+02 -2.136860327552114469e-01 1.596676906727615908e+01
2.420379564632206439e+03 -1.523303476890416029e-02 2.808189095111138234e-01
5.687238020048271210e+02 -3.765729470233869502e-02 4.032456054028014103e-01
8.161524296099444200e+02 2.317840130213971728e-02 2.192341665758585356e-01
2.460513344498302217e+02 4.617350286907840329e-01 2.622897834933035810e+01
1.253851451150219418e+03 1.348976697501269861e-01 1.140840647758611759e+01
2.930390537378354452e+02 1.232210455165274818e-02 2.224668402294629338e-02
1.246226923977081924e+03 3.212143218656648980e-02 6.429199992985282774e-01
3.547900807097021698e+03 1.319468298446306309e-01 3.088441604479950442e+01
1.767085108965481197e+02 -1.974826897266183656e-01 3.445764075709286001e+00
6.470099796672094499e+02 -1.392092165179067420e-01 6.269269828214923734e+00
1.999837581406891047e+02 -3.853078401944764475e-01 1.484500752100506205e+01
8.184483002399514362e+02 -2.520233292151376481e-01 2.599218227857189945e+01
2.924192626557726726e+03 -2.821423576988570450e-02 1.163891681836141556e+00
1.423140321349690964e+02 -5.634643417982693192e-01 2.259178793337104807e+01
1.237730095190832344e+03 1.229156507849524932e-01 9.349972316043638543e+00
5.306669315738267869e+02 2.892697677165619874e-01 2.220230802257662361e+01
8.946595558102535506e+03 1.888267825253282794e-01 1.594979096193175394e+02
2.467774495421561369e+03 -4.945274079130740352e-01 3.017562043548271618e+02
2.772553385999367038e+03 5.048828427010698672e-01 3.533711961027954089e+02
1.784613800553417605e+03 -3.760535444278186729e-02 1.261867119947043037e+00
9.683543071909149148e+03 1.436595132066500850e-02 9.992475081406154702e-01
1.003189106489973881e+02 -2.956088366769528686e-01 4.383163153324238337e+00
2.074610425457945894e+03 -3.715158246669882369e-01 1.431730229573168174e+02
4.945821928476421817e+03 3.893106130369359402e-02 3.748011947103510266e+00
1.254896907051048402e+03 1.380394370741651160e-02 1.195595887061010887e-01
1.417984933107401844e+02 2.549803748214233418e-02 4.609513921780070828e-02
8.386462837854145619e+03 1.258612991396592003e-02 6.642525826500895736e-01
4.795152961557105300e+03 -2.046893493373964229e-02 1.004530114038591826e+00
2.505735095123615793e+03 4.589887848067361609e-02 2.639424889882135083e+00
1.126700999666211658e+02 3.645785647738136043e-02 7.487915690154070547e-02
1.193204531867875033e+02 -7.567059012781087723e-01 3.416167371084007698e+01
2.915974769312608259e+03 -2.235060502097340751e-01 7.283369343343920832e+01
8.750582122670826720e+03 -2.574033339364634534e-02 2.898913686055064609e+00
7.435117923352042453e+03 -1.831365804918852133e-02 1.246832364633358781e+00
1.367781283584921994e+03 3.706857990905641081e-02 9.397201907844112689e-01
2.691013207757055170e+03 -4.086324646623649692e-01 2.246733535962405881e+02
3.145017932578496584e+03 -6.237498504599090499e-01 6.118064333886711665e+02
7.119131817626645216e+02 6.080021793502782962e-02 1.315852805302274664e+00
6.967871744495940220e+03 -1.473183636691341447e-02 7.561081600976143902e-01
2.120445474834847062e+02 -3.036393147226562617e-01 9.774917913653519363e+00
3.976824525330287088e+03 3.002770331043487506e-02 1.792877698583274393e+00
3.404453183731795889e+02 8.518666009518659210e-02 1.235266185739829714e+00
1.937021099822362089e+02 1.369126168521355436e-01 1.815479287548790621e+00
2.159638299180562626e+02 -5.255615674589284025e-02 2.982622044961749652e-01
5.250889516841599288e+03 -6.547424179671174072e-02 1.125495701384310365e+01
1.993277809344913521e+03 -2.726861006756976097e-02 7.410778615174365980e-01
5.495472289857273609e+03 3.820118392534893603e-02 4.009855033922934631e+00
6.636025593057695914e+03 9.367445713559954812e-02 2.911524349370744957e+01
4.864464546517333474e+03 3.633618048600891770e-01 3.211320080509530612e+02
2.107686568996370795e+02 -4.695292586959099596e-02 2.323278927662269511e-01
1.808502369654738914e+03 -3.424354212185358737e-01 1.060343184450992027e+02
1.354026689477917444e+03 3.075250432596855071e-02 6.402627059498889883e-01
2.941151515282531363e+02 -3.952760843170593369e-02 2.297674369709614695e-01
2.129970529600616089e+02 -5.254117165306571718e-02 2.939971397771171668e-01
9.302602371181496892e+02 1.353544196697409330e-01 8.521564678281022154e+00
7.647595208230729440e+03 1.219561690481407862e-01 5.687251631770669746e+01
2.996386194582887015e+02 5.208270302843637234e-01 4.064010513461756346e+01
8.515395648017150734e+02 -5.347904782731870144e-02 1.217705220772681063e+00
3.806369552132956073e+02 -1.551476614081684080e-01 4.581117409448340894e+00
7.430635420484755969e+02 -4.671447429840870358e-01 8.107722755517764313e+01
7.708980214376584854e+02 1.783650648916557391e-01 1.226271197419646164e+01
2.068737281106723458e+03 -1.111358807818758551e-02 1.277567740037026389e-01
2.142948648416761728e+02 -3.021434705367420301e-02 9.781561621793420647e-02
1.307008540195385876e+03 -4.815628099413888918e-01 1.515494307841900365e+02
1.449809741990539123e+03 -2.949447221124549823e-01 6.306120659955074359e+01
4.896342882736994397e+02 2.024248126656610081e-01 1.003157950561652711e+01
2.462002399062859695e+03 -5.686230037950359278e-02 3.980222281146996721e+00
2.788344721869801106e+03 2.077291686493535836e-02 6.016049968274601589e-01
2.160185526776947881e+03 1.731843154193223600e-01 3.239501391025719812e+01
4.979695845342778739e+03 1.455949260985061298e-02 5.277950372167370396e-01
6.651136996376778825e+02 1.009691117768175828e-01 3.390337780068585438e+00
1.356424297006066411e+02 -1.330535673951805352e-02 1.200656043645131552e-02
6.803707975410120525e+03 -4.634639085939822739e-02 7.307141358595109715e+00
1.421191019111548144e+02 2.137507396717432812e-02 3.246666734587364683e-02
3.913770292773278925e+03 -7.842581350812487528e-01 1.203603387559374596e+03
2.054603804824602321e+03 -4.008141617658039085e-02 1.650380972873765950e+00
3.640791609641695459e+02 3.569402876070055380e-02 2.319300194839127582e-01
3.490448390006335103e+03 3.648620152994406229e-01 2.323317322142692660e+02
9.212939360772114014e+03 4.139252852764664647e-02 7.892455293761475588e+00
8.804904482347212706e+02 -1.370002337739002936e-02 8.262990810971818090e-02
6.251194124402901252e+03 -2.243375006896170809e-01 1.573029054609685318e+02
4.492729820744130507e+02 2.229564439215535598e-01 1.116658469801131659e+01
2.308576252213643158e+02 7.722091939201177757e-01 6.883101348333384806e+01
1.507448767134427499e+02 1.121889498383477624e-01 9.486646783463453803e-01
9.465590999814348834e+03 -1.043524533457629161e-01 5.153746668938045872e+01
8.457898960744831811e+02 -6.600830934472666778e-01 1.842594268196740757e+02
1.280739107759563922e+03 2.042827003416080311e-01 2.672353187045274936e+01
2.215361583564460091e+02 -9.813403083990582254e-02 1.066728504677551870e+00
1.366089367414375147e+03 -1.421852857161454708e-01 1.380887904397977373e+01
7.566211188365423368e+03 1.719635103871139381e-02 1.118719137793038554e+00
2.857642441614191284e+03 -6.552931015810692372e-02 6.135487615888424173e+00
3.063430148749121713e+02 2.974663074709780752e-01 1.355356526641607395e+01
1.245320092262788734e+02 8.880469796387893133e-01 4.910467969539418931e+01
2.427447679617233916e+03 2.409997375893789262e-01 7.049414082588702968e+01
5.961986589163079771e+03 -1.787687393057385207e-02 9.526736518446200508e-01
1.118794662756276921e+03 -8.336258962484160984e-01 3.887431817497209749e+02
4.801547280466671737e+02 5.618302910130151123e-02 7.578120642334664758e-01
4.805720516091615764e+02 -1.111641962180263260e-02 2.969329402728467307e-02
1.688663225327520934e+02 -3.421348036931209230e-02 9.883427029623864657e-02
8.361272048425717003e+03 7.853718500032336181e-02 2.578653686232271269e+01
1.371168188547698719e+03 -3.416466199573354318e-02 8.002302974888759746e-01
1.593315370697798699e+03 2.255119294739706404e-01 4.051452874969861284e+01
8.843390199342908318e+02 -2.663409434306721751e-02 3.136639879419327870e-01
1.052151809776523805e+02 1.307134561573790321e-01 8.988536919938593384e-01
3.015243608338684567e+02 -1.527196578063880726e-02 3.516270639929159475e-02
7.678730271248378813e+03 -5.949445419124751999e-02 1.358977874568903133e+01
2.115672384946511102e+03 -2.057770214752689328e-02 4.479320886031446514e-01
6.636164103289455625e+02 1.369610957120356159e-02 6.224171704160411794e-02
2.301219437103876317e+03 5.113477631376381338e-02 3.008574421899502305e+00
2.301084982532533104e+03 3.588351356501673362e-02 1.481469053791644397e+00
3.867565404307464405e+02 1.457192430615585066e-01 4.106213101845147762e+00
5.848556995378779902e+03 1.611532632290384459e-01 7.594460699437236428e+01
1.918129065313725278e+03 2.647318830089218783e-02 6.721409075655734311e-01
1.280680384438847568e+03 1.192728403472143213e-02 9.109486262541587054e-02
1.006946455266722893e+02 -1.449483358832069080e-01 1.057798261995853251e+00
8.173304497897123611e+02 1.109858987552516524e-02 5.033885000375484808e-02
8.483122185896399969e+03 -1.895874443628663836e-02 1.524561230013891100e+00
4.997003857631295432e+03 1.657406326773180547e-02 6.863374134919727476e-01
8.541241192064373990e+02 8.778729349279401628e-01 3.291200268873731147e+02
4.640900754578907254e+03 -2.924683426955769772e-01 1.984860612831556921e+02
2.173947023375281333e+03 -9.469663218860039366e-01 9.747382952053595773e+02
3.062880972940112770e+03 -1.078475629619837783e-01 1.781233259798913693e+01
1.451591615618703486e+02 -5.873794394660757784e-02 2.504101546006455847e-01
3.004639142329959896e+02 3.285255544464334154e-02 1.621439089753771712e-01
2.100785426712570256e+02 3.873770456751689517e-01 1.576229552411653501e+01
3.379927506504249322e+03 -3.502027992809645385e-01 2.072605356812622119e+02
3.007410945540244143e+02 -6.321430190043221264e-01 6.008879194059997531e+01
2.275565614158803953e+02 -5.885836085250204519e-01 3.941628535995451443e+01
7.085861420112260021e+02 -2.935132857476797225e-02 3.052236539574905705e-01
1.080309559027723935e+03 -6.888843796377728257e-01 2.563367642222612517e+02
4.283578204581570503e+02 3.365574571963461659e-02 2.426024263341862997e-01
1.947999049170141461e+03 3.888158750205971126e-01 1.472470903944879410e+02
1.429546680058645279e+03 -4.355332144895757707e-01 1.355847694162043524e+02
2.411948134675772053e+02 -3.362010167206752054e-01 1.363126039167451431e+01
1.072894868013615906e+03 3.557754872539283242e-01 6.790147626443099682e+01
5.302241286361087987e+03 9.679959145330226111e-02 2.484142700656387959e+01
5.647818821168550585e+02 1.380636590365457751e-02 5.382815804823760930e-02
4.934290772005293206e+02 -2.916704438557400289e-02 2.098841233962988051e-01
7.284286325942876829e+03 1.854684044548824406e-01 1.252843673995192120e+02
1.248689365276688022e+03 -8.003833057183956656e-01 3.999635924386732313e+02
1.240229743256584925e+03 -5.500381962860017432e-02 1.876108042657686603e+00
2.261619820078436476e+02 -1.309989450411400136e-02 1.940551631246295247e-02
2.441841460948804070e+03 -8.161243688637513927e-01 8.132052230586291444e+02
4.862587265222331894e+02 1.388435474378053869e-01 4.686933755855844375e+00
1.570137807397697998e+02 9.654291493416148340e-01 7.317261742125083401e+01
2.438354947615691799e+03 1.423142315649256195e-01 2.469241651417190297e+01
1.641093113844051743e+02 1.099242241810196030e-01 9.914938981094408854e-01
1.626542881367763016e+02 2.243473205867092118e-02 4.093335064342300267e-02
5.474230233986351095e+02 -2.793913592256149769e-01 2.136579239949641718e+01
2.289616701790989737e+03 -2.552907334492179187e-02 7.461100516405996252e-01
1.751422256799465686e+03 -1.585440620461843753e-01 2.201206723846798141e+01
6.288642160519081017e+02 -3.884598839838480089e-01 4.744814514835588426e+01
3.831717767864598727e+02 -1.331803929876585468e-01 3.398162174017862469e+00
8.051807698932104813e+02 5.355002030353358394e-02 1.154470069785206165e+00
2.418189870546741986e+03 -1.607330832491791345e-02 3.123711764196647755e-01
6.881259257669009912e+02 3.773515970733833796e-02 4.899257991912844834e-01
5.615581402802451521e+03 -2.227820845043336495e-02 1.393558670723161974e+00
2.021976069138281446e+03 6.546431993564551244e-02 4.332667254890061770e+00
1.205655683172276667e+03 4.188666696565652714e-01 1.057657149594025299e+02
3.923461023557584667e+03 6.117280906905964155e-02 7.341016405902179187e+00
1.087100188239752327e+02 -2.701185241094663514e-01 3.965959834417359886e+00
5.952851554328664179e+02 -7.646494412901846394e-01 1.740282720888288850e+02
1.846570819188662256e+02 3.380934382648891762e-02 1.055381450408202360e-01
7.701119500138643161e+03 -1.006167031612963461e-02 3.898199243044280227e-01
1.573135833819072786e+02 8.924154901272308704e-01 6.264269420144465528e+01
9.126277674714143586e+02 -1.378765274816215816e-02 8.674498104645880781e-02
3.330048037725197787e+02 1.440814196903993788e-02 3.456499202601095305e-02
2.518718915302011112e+02 -1.703409116281201230e-01 3.654160698605260826e+00
1.152143144344247276e+03 -2.432013906819449900e-01 3.407285713675133820e+01
7.046844711144237863e+02 -7.175710491577226569e-02 1.814239100258028481e+00
2.815909484412741676e+03 -3.903752396729354146e-02 2.145622045084312202e+00
2.856558934279346886e+03 1.166964247586015427e-02 1.945038912648912599e-01
1.021522135628855921e+02 -6.138780513798351990e-01 1.924783991635805691e+01
1.347537491501070463e+03 1.287634645634300745e-01 1.117110588714960251e+01
6.516144276288488300e+02 -3.701551793563907095e-02 4.464042874661144356e-01
4.907711319673379876e+03 -3.431057888344372225e-02 2.888717710895764235e+00
6.585413224593305586e+02 5.614308876475175569e-02 1.037876407638324894e+00
7.836554354517186766e+03 9.458285166354575557e-02 3.505257782169595515e+01
1.662674062636390772e+03 -1.840742175086597099e-01 2.816845662441366827e+01
4.579307335997215773e+02 4.165314640015855274e-01 3.972513864835018893e+01
1.645423496696226948e+03 -9.791280086539774774e-02 7.887268895292935511e+00
7.803632833417754227e+03 1.328103681314948270e-01 6.882255518122097726e+01
3.689682998124668529e+02 1.089376153954115488e-02 2.189347947396195690e-02
1.334303381694360496e+03 -4.699901341903422319e-02 1.473676215009797286e+00
1.324307806607315285e+02 1.867116899458368118e-02 2.308351617986800774e-02
4.947800946901043972e+03 -3.292782659108507426e-01 2.682306213325524027e+02
7.694885856449993753e+02 6.215434748705039175e-02 1.486329882458953922e+00
3.411053994966034224e+03 1.376194880868706893e-01 3.230118644011917439e+01
5.956825952515756626e+02 -1.235106034625756480e-02 4.543530028016293243e-02
6.070131294807298445e+02 -6.790934034358450666e-02 1.399674701012928901e+00
3.451484477882249280e+02 6.275365301579108879e-01 6.796009120287921235e+01
1.110373921904896264e+02 -9.605467501360916982e-01 5.122432823881828767e+01
2.065113208756387451e+02 -4.764775162642749529e-02 2.344221762078923244e-01
1.309102780570176492e+03 -1.903889277091307120e-02 2.372614200549068297e-01
2.739304182014917387e+03 9.296109532008230980e-01 1.183621183522041065e+03
4.442805974670473915e+03 -5.716288979261814618e-02 7.258647447925277163e+00
1.408010586542333385e+03 1.502974271123667244e-02 1.590299845538263590e-01
1.925649373308516488e+02 1.971810167257753710e-01 3.743496403797047734e+00
2.650971839723947596e+02 3.163463760858325480e-01 1.326480427475973833e+01
5.909118234941565788e+03 -2.319964084539397065e-01 1.590212662709454321e+02
1.477373741806260341e+02 5.079915836812459728e-01 1.906221722085182790e+01
5.049337607153517638e+03 1.695474281804573019e-02 7.257496358477284470e-01
8.427797725261092637e+03 3.413904911504539452e-01 4.911192405213794814e+02
2.432156554970984814e+02 2.311010541126540807e-01 6.494794043001121508e+00
1.031157318730328427e+02 -4.298581563230902680e-01 9.526761133727877251e+00
5.166913879731891029e+03 -1.307679951109088322e-02 4.417780744699553730e-01
2.000920535114240408e+02 -3.971128541081198754e-02 1.577712024559782544e-01
1.303005665740334962e+03 1.119487863554652698e-02 8.164979297382267409e-02
1.861760649320877064e+03 8.241305697664842445e-01 6.322457210609882168e+02
3.715827775253601885e+03 -7.855303986784856196e-02 1.146440641137342276e+01
2.767124637129585949e+02 4.958265129799783316e-02 3.401403991433107343e-01
5.136411635798687712e+03 2.218838437966070554e-01 1.264390391916826530e+02
3.992002986578198033e+03 -3.122055188761417854e-01 1.945548284436771382e+02
3.489608554924719215e+02 6.747480083713469634e-02 7.943829970168729826e-01
8.819612173486642632e+02 -1.560273470076953828e-01 1.073546698652065601e+01
1.224864193090049866e+03 3.485708542476663452e-02 7.441150438278515411e-01
6.281600047390859345e+02 1.022555719054384638e-01 3.284083944447681702e+00
3.392303368428462363e+03 1.274817574908106502e-02 2.756517615498357276e-01
5.933942652217205250e+03 -6.086396077796401433e-02 1.099091302774630030e+01
3.305397367730803353e+02 -3.108852827702533461e-01 1.597327642966379280e+01
2.206708863739943808e+03 -3.657902102882913675e-02 1.476315570333200489e+00
2.172437294568140942e+02 4.679642803761571157e-01 2.378716382237267979e+01
3.134833066594372212e+03 -8.649840271534310621e-02 1.172736923566617939e+01
3.278461002891393491e+03 1.710955051318998610e-01 4.798629582900956336e+01
1.417936349792077181e+03 -3.212042770865622399e-01 7.314579755606214917e+01
2.404365641094104262e+02 -1.748176412124808829e-02 3.674015884697948847e-02
9.252238785099711095e+03 -2.938519709021404289e-02 3.994606946200083719e+00
2.570877155661265192e+02 -2.056250780670203573e-02 5.435049326243912571e-02
1.789500981688366210e+03 4.636154058816900903e-01 1.923169945814408095e+02
5.267705185531468715e+02 -2.512635470677483940e-01 1.662839904885913711e+01
2.210599799384719972e+03 6.344400646579632930e-02 4.448989000691806694e+00
4.836864862718765607e+02 5.436034968332792428e-02 7.146582994841702563e-01
1.077891565261280817e+02 1.449279276109226300e-01 1.132007337738512476e+00
7.502150764986359945e+02 6.182642059625752251e-02 1.433850922038262254e+00
3.149103666626040194e+02 -2.820661749208534103e-02 1.252734333429595392e-01
1.014638909710927521e+02 -6.027404409077521258e-02 1.843071485102384943e-01
1.440733958900073276e+03 -3.127157396195441308e-01 7.044550367667744695e+01
4.055990291715875742e+02 1.707481393865467600e-02 5.912605064468831606e-02
9.452433674693684225e+03 2.459679897060718795e-02 2.859373094772970081e+00
3.315971843082091937e+02 -6.558715994050591525e-02 7.132117499381323000e-01
7.363153405340484824e+03 -5.180050869113722589e-02 9.878747893197120433e+00
3.276704681282024012e+02 8.754680925713312911e-01 1.255705945763515103e+02
7.447322641607029254e+03 5.478086203618100225e-02 1.117449479945892143e+01
5.852392308491522272e+03 -4.666676831307099982e-01 6.372632718981742528e+02
2.918373489779676220e+02 3.032959875824616791e-01 1.342283358001003890e+01
1.899076881220993585e+02 -6.804794513009156942e-01 4.396859433313093035e+01
4.446932286946750992e+02 -1.150426150953292974e-02 2.942713702633604697e-02
1.673511205552307274e+03 3.020844084157937176e-02 7.635812400305791448e-01
4.387167645392959230e+02 -1.379792293199539992e-02 4.176203609093526864e-02
3.436557806369183936e+02 -7.692444376050805444e-02 1.016769211558036456e+00
4.045936772628658673e+03 3.292690687807785926e-02 2.193264285672488878e+00
9.031739770011326982e+03 6.995264751041044837e-01 2.209783528683390159e+03
5.108557731521880669e+03 5.980548679466490825e-01 9.135879642529042712e+02
5.545666350701781994e+03 -1.079767770497549843e-02 3.232841868545306419e-01
2.520652112776464037e+03 -8.927193838116236346e-01 1.004414201726893225e+03
3.018551352616711938e+02 -2.943129058502837875e-02 1.307335897096969513e-01
3.702793633488439582e+02 -2.710986006150825980e-02 1.360673931027145678e-01
3.670139165770228260e+02 5.873181002799995193e-02 6.329935830296827826e-01
2.692696625973087521e+02 1.317412662159448411e-01 2.336689984477261728e+00
1.430198834948493868e+03 1.575149547689008375e-02 1.774230374080580375e-01
2.270971749126536849e+02 7.629119209508873345e-01 6.608920658180431928e+01
1.869435003055176878e+02 -1.321173300298839060e-02 1.631548360840204270e-02
4.692063772191402791e+02 9.316574386249035777e-01 2.036321854260607154e+02
3.082819827201088174e+03 -1.007978906309236512e-02 1.566105574865964689e-01
4.239298808232563829e+02 9.887872452362166387e-01 2.072381680973311404e+02
1.688585197238461433e+03 1.354906980759756630e-01 1.549929494599241053e+01
1.937146428806267068e+03 -5.446634623513939566e-01 2.873352708325926415e+02
6.791977025425655484e+03 -5.754102032077437756e-02 1.124401275635944764e+01
5.913393589678795252e+03 2.768590348453874306e-01 2.266335447879328626e+02
7.482205480895829169e+03 -5.159575657969323048e-02 9.959272272609464238e+00
6.817551233509658459e+02 2.105251080882046891e-02 1.510797344014158383e-01
2.330239790483198306e+02 -2.032154082759033698e-01 4.811537627136830864e+00
2.978312708855634810e+03 3.175452966053562975e-02 1.501591039260537608e+00
3.846773844260339501e+03 2.806920244857132041e-02 1.515398330744859079e+00
2.089853733594175367e+02 5.440331370165148173e-02 3.092691512254772124e-01
1.135169833201021561e+02 1.218916425510780388e-01 8.432934061806938164e-01
6.455178107289609670e+02 -1.697902858037826646e-01 9.304732937684805805e+00
5.031448121814039951e+03 3.263771242915176063e-01 2.679800269965899133e+02
1.048142081146510691e+03 -7.085143516218964099e-02 2.630797771431105048e+00
1.963804726466843817e+02 3.768802917962797705e-02 1.394681885615459416e-01
3.611787308174976374e+02 -3.868436015821156981e-02 2.702483231354040338e-01
1.343149769046861479e+02 1.145121700093486641e-02 8.806386362920338995e-03
1.068599382987768251e+02 -3.994271118577186752e-01 8.524325083047509466e+00
5.777248552245241626e+02 2.857736469818384917e-01 2.359040577634900515e+01
2.026994847772110404e+02 4.882070668497079380e-01 2.415631990068268919e+01
2.322948621603980882e+03 -1.989314553009651973e-02 4.596386370209828987e-01
4.005666248230293718e+02 2.229059675357705078e-02 9.951491036337252460e-02
2.395446152881838771e+03 -2.607328960794256384e-02 8.142318271280272191e-01
1.190356482311660358e+02 2.309088604636480233e-02 3.173425021786084599e-02
1.455559804690247745e+02 8.438750415684270756e-01 5.182703253880202965e+01
3.161716839409370095e+03 1.017929555723514311e-02 1.638054794884285237e-01
1.263475054045777824e+03 -5.088251494906289585e-01 1.635587616508396422e+02
1.978350306451288247e+02 2.369056765264246356e-01 5.551676262727485600e+00
2.684684905725361546e+02 3.232921976250412166e-02 1.402987404859339093e-01
5.324159961482821927e+03 -2.328880588127766882e-01 1.443828271131566794e+02
5.035881509782264402e+03 -6.217777594955339188e-02 9.734549873795774744e+00
3.219378888121690579e+03 -1.923526526324620400e-02 5.955777376152199265e-01
2.798051684383899556e+02 -1.173364848280724487e-01 1.926157888129985674e+00
4.059818773743058387e+02 -7.768432220078914652e-01 1.225020661207274912e+02
5.273296361873298110e+02 -1.279094817023014932e-02 4.313776718433510321e-02
7.826468342727482195e+03 -1.277537180088327284e-01 6.386794368960600110e+01
1.306894059711939065e+02 1.424610554448264566e-01 1.326180700296820447e+00
1.798419332582333936e+03 5.021335164964074033e-02 2.267249883354151230e+00
1.947686730642693931e+02 -4.111430735049521057e-01 1.646171452809268487e+01
2.670189613979201795e+02 -1.927066669245016198e-02 4.957989314103959655e-02
2.012869255690114187e+03 2.717865573382513555e-02 7.434324540670712578e-01
1.004808512834179481e+02 -2.316841209206429719e-01 2.696782049387786540e+00
4.376352155617014432e+03 2.966934981529422560e-02 1.926186452864079968e+00
7.117191752186628037e+03 -3.783381286943697241e-01 5.093764871308857209e+02
2.346361641121918638e+03 5.074472070947601970e-02 3.020971913271177645e+00
1.719967365285326650e+02 -1.636308514247253668e-02 2.302611086451434794e-02
1.649954817037884141e+02 -7.036142944961086831e-01 4.084241027868812068e+01
9.836140322086300785e+02 8.669950110825111467e-02 3.696816696249395573e+00
4.678537661587337766e+02 -1.157199149868190780e-01 3.132537985643618850e+00
8.900070151878701381e+02 6.220065902653366674e-01 1.721683853191405262e+02
5.082371165023316735e+02 2.788696553057849054e-02 1.976236437301760462e-01
6.048990936222706296e+03 -2.701256447162431740e-01 2.206909737842314030e+02
9.231942083369156535e+03 -9.955561040999627576e-01 4.575036409279953659e+03
2.913058394552583650e+03 -6.301447003764798493e-02 5.783620269032900829e+00
1.329387731839438175e+03 1.594818839319758763e-02 1.690613705767770869e-01
1.298562513005418566e+02 8.732470246762755184e-02 4.951161526644487498e-01
1.794657272165318318e+02 2.468257045621804757e-01 5.466788827660148620e+00
1.021386115353596210e+03 1.238671030805166273e-02 7.835593830017101302e-02
1.202606547442669438e+02 8.344559576808322499e-01 4.186975385013074913e+01
3.473680285141627337e+03 -5.676971426089495454e-01 5.597489205671098489e+02
1.667486464254172915e+02 -3.880303170129124068e-01 1.255346565486144605e+01
1.038430382131754328e+02 3.864022521126721510e-01 7.752230699519947699e+00
8.693662842254273073e+02 3.098895787406359958e-01 4.174329633587473865e+01
5.950453867631621279e+02 -1.853647143726981916e-01 1.022290275335152110e+01
3.382943455888365634e+02 -3.403912330034372657e-01 1.959843871562893725e+01
1.529658787111362699e+02 4.007890292279054911e-01 1.228559573232450930e+01
3.528751362640961702e+02 -5.398322796851572347e-01 5.141724029287698983e+01
1.500109438464975028e+03 -7.413129460823750794e-01 4.121887336962692530e+02
4.695974432394324140e+03 -7.251850810139992554e-01 1.234790984333397546e+03
2.682094342269215872e+02 -3.382372206816224858e-01 1.534217203925642181e+01
1.001884210832752444e+02 -3.642745434570524021e-02 6.647298507206364504e-02
2.118454809751834489e+02 4.208615904485237813e-01 1.876151015054508520e+01
2.218595942845345519e+02 -1.176337968273325624e-02 1.535014380520141955e-02
3.135979484957490513e+03 -1.465009695238642939e-01 3.365303327160629721e+01
1.540886409112249851e+02 3.073308172987522860e-02 7.277007973060094226e-02
1.167310007130715519e+02 -3.902896074416117855e-02 8.890581904412368786e-02
5.954698937422761446e+03 1.066061141745209065e-02 3.383717054007707725e-01
2.195160973108993687e+02 -5.075781865816893224e-02 2.827758242071847228e-01
5.471213195054074276e+03 -8.388475051529059590e-02 1.924950990956837771e+01
1.327159560776323701e+02 -1.238023156494360774e-02 1.017069615954312341e-02
2.950257552128770726e+02 -1.086226593664761653e-02 1.740487055217670304e-02
2.411529229630262989e+02 1.188239288353372912e-02 1.702434259992282803e-02
1.526641113774446978e+02 -1.130213791767614856e-01 9.750528671098441791e-01
1.966883472723137857e+03 3.103481666768763692e-01 9.472115909476370632e+01
1.314186586157359216e+02 1.824855199598162669e-01 2.188184075126534012e+00
2.961430718676991205e+02 5.196592361300429730e-02 3.998608478378199438e-01
4.675431690989857998e+02 2.887041202377095550e-02 1.948487771231170729e-01
4.134089167906779039e+03 3.507029983437253556e-02 2.542311733247614391e+00
1.021056998883131968e+02 1.573603358625478843e-01 1.264184725308409307e+00
6.549962626531708338e+03 1.249227451267784922e-01 5.110835049936070362e+01
4.439348873391421080e+02 -7.457435083486149696e-02 1.234435047521005746e+00
4.232935061612252866e+03 -1.755475505720197407e-02 6.522305822501952566e-01
2.206614425364480667e+03 1.996677183615014617e-01 4.398576683327964787e+01
4.385158827986704637e+03 1.472960118373150239e-02 4.757045533885932431e-01
1.573400999240052897e+03 1.018632119983250428e-01 8.162894035357309619e+00
7.384875700487460790e+02 -1.650764463422083397e-02 1.006197922629213232e-01
9.897088497898989772e+02 -2.948242599212527737e-01 4.301341181404804104e+01
1.367106990458135556e+02 -3.585607314812478408e-01 8.788160069943405261e+00
6.563484333332909046e+03 9.560645981906090718e-02 2.999707656215635865e+01
1.505588844916697155e+02 -1.877976517061697992e-01 2.654952206362105382e+00
1.150646644593999071e+02 5.566257744688419828e-01 1.782537210374077574e+01
6.840022221613254487e+02 -8.811249724535161199e-02 2.655232388639308549e+00
7.126428264270088221e+03 1.918170129159064430e-01 1.311040685676693158e+02
2.183764354394588167e+02 -1.133957925311836028e-02 1.404008245707257831e-02
3.401251869837956747e+03 5.949144308526697067e-01 6.018909389395059861e+02
8.502522489142558697e+03 5.082302347938003617e-01 1.098092156038286703e+03
1.047925421650663651e+02 9.838676296133842536e-01 5.071935528492077339e+01
2.372726773572451293e+02 -3.167951512625089006e-02 1.190624422815131367e-01
1.570198013675008269e+03 -1.482837104579390053e-01 1.726280311609487583e+01
1.803918768365047981e+03 -3.789042581722983777e-02 1.294928988992851027e+00
8.090785825253822168e+02 -1.326438079414381244e-01 7.117617928513499947e+00
6.105837015377765056e+02 5.507934948590746671e-02 9.261744934525850681e-01
1.276520988007992372e+02 -3.631362707712500887e-02 8.416610364407085820e-02
3.225952024345725135e+02 -1.583177199847704553e-02 4.042843800097283696e-02
8.029789294691571513e+02 1.069640941850759086e-01 4.593568416784714614e+00
3.076963971404321455e+03 4.968029412824525037e-01 3.797176042895000592e+02
2.771607009162560189e+02 1.755210277704184405e-02 4.269332327037305558e-02
2.051953401894615467e+02 -3.402362087986040562e-01 1.187677582857348924e+01
2.913150832885426667e+02 1.526919858479275881e-02 3.395982648517754249e-02
5.477849366527566417e+02 -7.924501851801167562e-02 1.719982516521739280e+00
1.972370511553578353e+03 3.892734136907544107e-02 1.494403900480514968e+00
1.928799183047924998e+03 -3.558385491512543880e-02 1.221133111393858162e+00
1.656390351863637534e+03 2.587472865829062996e-02 5.544779814354013903e-01
2.015486225166191161e+03 1.118905525235315973e-01 1.261643560905072547e+01
5.116618407604696017e+02 -7.040890153343593028e-01 1.268259636701887985e+02
4.652119702450630143e+02 8.005560716929240872e-01 1.490748553701392893e+02
1.650744231951687766e+02 5.796724430134672090e-01 2.773416549438329426e+01
2.223936472218736355e+02 2.011665479958772013e-02 4.499910837573441180e-02
3.741127929765489739e+02 -5.185044754685631807e-02 5.028953065267436351e-01
1.029519967016377819e+02 1.129825793446900990e-02 6.570943740524782216e-03
1.619692991954744627e+02 5.768978472750405095e-02 2.695259243677210481e-01
2.261237775674843760e+03 8.648623586988437584e-01 8.456881164230118202e+02
2.900725297147783408e+02 -2.151749673071412516e-02 6.715217723129970895e-02
9.214383003010860875e+02 -4.674171929738821923e-02 1.006573819374184442e+00
7.223879733949140700e+02 -2.083257834467569514e-02 1.567568612087451019e-01
1.413373129681281171e+02 1.215016386506145574e-01 1.043256514072315122e+00
8.569421355476759345e+03 1.419890156679179671e-01 8.638354025236225198e+01
5.026195202037105787e+02 1.157381220198066933e-02 3.366372868541365332e-02
3.853987691882341551e+03 4.512106366181933836e-02 3.923186784659522086e+00
2.429831643504563999e+03 7.887616750184553438e-02 7.558537795989309416e+00
1.633729861189970734e+03 -1.466679896921351256e-01 1.757198930127349001e+01
3.488969983810364397e+02 -8.413381477500295191e-02 1.234833490192212668e+00
5.194585049454138243e+03 -7.587460459282907577e-02 1.495249780251296912e+01
9.409891126714228449e+03 -2.059353432057436095e-01 1.995337564363740341e+02
1.340204711667218476e+02 4.737172677247426522e-01 1.503763627991988017e+01
1.402834622294870712e+02 -1.216086627625504735e-01 1.037302694362183031e+00
2.561778183341306431e+03 1.456557351889924412e-01 2.717482189480700328e+01
8.160444520601347904e+03 2.689942672208434776e-02 2.952363787466497858e+00
5.216664976197236683e+03 -2.518498684970478518e-02 1.654422423048166557e+00
2.021051721455409620e+02 -3.753665072805281167e-01 1.423831087201726397e+01
5.094790090293366120e+03 -2.315060159236164913e-02 1.365277276449037958e+00
3.433241926586761110e+02 -4.787050786865697238e-02 3.933783748996803609e-01
3.007064584873040758e+02 -4.848427234486499260e-01 3.534390444170414014e+01
1.396806596724951987e+03 2.005311532647229833e-01 2.808471264749237406e+01
6.312142037152734702e+03 1.697149245203189577e-02 9.090480464828889495e-01
3.162444794496665850e+02 -5.467478928650891801e-01 4.726799633892608909e+01
2.617035569405464912e+02 4.207476739361701856e-01 2.316450782041672696e+01
4.451318226403990593e+03 -1.254493886941079189e-02 3.502641962668344711e-01
1.917078480854682311e+03 3.515577367425960498e-01 1.184685891455847866e+02
2.482933327465664206e+03 -6.190545019420316819e-02 4.757653780123114018e+00
5.325035704558573570e+02 2.331114376585746439e-01 1.446837291624763999e+01
1.570137213587498309e+03 -1.113263465865476920e-01 9.729791305884075925e+00
2.065577394395959345e+03 -5.316726772513151733e-01 2.919444081187009488e+02
1.298752153830324119e+02 9.478751733005172930e-01 5.834431991866715350e+01
5.849000576910231075e+02 -3.337474723241319607e-02 3.257524111446524762e-01
5.770838549625256064e+02 -1.463407502313849272e-02 6.179302881739222320e-02
5.537464483060073235e+02 6.390553798095302551e-02 1.130727484207692868e+00
3.742031662174630924e+02 1.447876715571231113e-02 3.922298393568170172e-02
1.578604017872579334e+03 1.450868212689769288e-01 1.661495386617729864e+01
7.032746460074117749e+02 -4.036233231181360348e-02 5.728586465409705175e-01
1.071595751776268116e+03 -5.647815627980160708e-02 1.709078493424972311e+00
1.135375019882439034e+02 -9.087857829059292625e-02 4.688483454379995252e-01
4.058528180976628619e+02 -7.779296502789782852e-02 1.228058964089049798e+00
5.909203409918170109e+03 -4.485521855544312153e-01 5.944630950654204753e+02
1.311150511995399199e+02 -1.380304628661084901e-02 1.249028769712929969e-02
5.487149183185814536e+02 9.147949703351013762e-01 2.295959951830641614e+02
2.509555257377305963e+02 4.413676935660041378e-01 2.444375092179807751e+01
2.298559827354776189e+03 -1.426309437408939396e-01 2.338047489116832978e+01
7.269493777247358594e+03 6.539658708903041129e-01 1.554477146165040267e+03
2.782465531206406695e+02 1.592479501395287211e-02 3.528153720114651087e-02
2.565679986633721455e+03 -9.097352836916653418e-01 1.061701836986019543e+03
2.767891738357844133e+03 1.254825371867530071e-01 2.179142778341678621e+01
3.092651318729167087e+03 4.242231342220696422e-01 2.782849110985139305e+02
7.823520868094538855e+03 6.348751076475359079e-02 1.576699204851876601e+01
2.344043958903049770e+03 3.327094773598621158e-02 1.297376719214785368e+00
1.727986435208237879e+02 -7.181703495982560970e-01 4.456206163531838627e+01
1.871789856209273637e+02 3.929244576065477057e-02 1.444924710937501855e-01
6.685881735077414305e+02 -1.269760190774774609e-02 5.389793280629653210e-02
9.095526430871734192e+03 4.268876357360166796e-01 8.287527775452589367e+02
1.468285993348609964e+02 -6.592111800257748344e-01 3.190287253714048887e+01
1.691371245081641973e+03 -1.024140883619930192e-01 8.870096695064372483e+00
2.550916265792434842e+03 -3.370366276414893392e-01 1.448839936796794632e+02
2.637475147997369277e+03 1.597213255090106365e-01 3.364218477973149390e+01
1.467526066512361467e+03 -6.393380047323333759e-01 2.999279029852074245e+02
1.957298027792732682e+03 -9.023421052128693942e-01 7.968368477156014933e+02
4.425787665189681661e+02 1.223450289705673918e-02 3.312327228363953074e-02
9.753173462661459325e+02 -2.125836120689261408e-02 2.203816938187734831e-01
8.245298658937370419e+03 -2.197463510724430996e-02 1.990763823326938686e+00
8.019377474341024481e+02 1.181170301331436884e-01 5.594170493326700466e+00
1.880375106503385041e+02 -6.621803152184958519e-01 4.122560425403934659e+01
6.270923350465637895e+02 -1.354503690809427674e-02 5.752569605216129034e-02
5.451546891033835891e+03 -8.815960306596168916e-01 2.118502635271573581e+03
6.171082021989266195e+02 -3.202740593723097384e-01 3.165008289932633190e+01
6.523465777749739573e+03 -6.106519167699515638e-01 1.216286375782676487e+03
8.574013572101865748e+02 4.679256080352343222e-02 9.386588899821396437e-01
3.552468042032003268e+03 -1.510983083936781601e-02 4.055266393111865431e-01
1.574465196808702785e+03 -5.288351653522039425e-02 2.201626894853839556e+00
3.297917358869733107e+03 -7.910854243043586864e-01 1.031944969876757568e+03
1.422651318293798113e+02 -3.146179887601390640e-02 7.041019966433774424e-02
1.639906305517409919e+03 4.017848950992676527e-02 1.323659409807575571e+00
3.134436167030217348e+03 -2.955586311284280621e-02 1.369041859134985550e+00
8.768760933838728988e+02 7.181505408485167052e-01 2.261201255908167127e+02
1.108930322392333778e+02 7.962786974430155484e-02 3.515640492551204144e-01
1.159365089498403449e+03 7.786209170810313163e-01 3.514328514444951566e+02
1.766515758612346644e+03 -3.474786720988871230e-02 1.066458172542305016e+00
9.426680094028606618e+03 5.949310147790746184e-01 1.668253303117555561e+03
1.580806409828248206e+03 -5.901039245735988092e-02 2.752362921001411333e+00
1.182816700375405389e+03 5.377919715370141907e-01 1.710472440728102868e+02
6.196173944487875360e+02 1.208761079330196858e-01 4.526625244143755999e+00
5.326300010386086797e+03 2.340151589497392604e-02 1.458423357170374635e+00
1.863838729143350974e+03 1.504198745062996362e-02 2.108573675014845938e-01
3.708273939784531194e+03 6.304736460270364551e-02 7.370139171161715907e+00
6.276186102157709001e+02 1.554699046678351994e-02 7.585050589331042425e-02
3.409818735262172140e+03 -2.895509573770664938e-02 1.429391869493700451e+00
7.983898374027369300e+02 6.902104756099623761e-02 1.901726671737798080e+00
7.591253404344943192e+02 5.699400906145445783e-02 1.232939900382864939e+00
1.021014682002165500e+03 -1.861528914108304122e-01 1.769055931657157643e+01
8.741026705469812441e+03 8.899299659576593857e-01 3.461338817341060803e+03
1.112454378700573216e+03 -3.332701448931760235e-01 6.177959184083420752e+01
6.386594952796535836e+03 7.694192400460915515e-02 1.890451160284066745e+01
1.587311831040550032e+03 -2.031213692401458853e-02 3.274488643227150275e-01
2.404326120935365907e+03 -1.248446144573705716e-02 1.873712715576419385e-01
1.853441112614873646e+03 9.770383466617604817e-02 8.846510858483043194e+00
3.648265985230250976e+02 1.199753841849367404e-02 2.625673959407466562e-02
4.040988184093777704e+02 -1.190139869633894398e-01 2.861894325005642781e+00
9.159261460659790828e+02 1.314057402247182336e-02 7.907862967072791516e-02
1.008916597464814117e+03 2.577572532735603605e-01 3.351560483258855072e+01
7.929735244722817697e+03 -2.879344305169645457e-01 3.287122519070323960e+02
3.531547634883057071e+03 1.594276922329609589e-02 4.488100693873651181e-01
2.380110891316763627e+03 -1.050705182977491881e-02 1.313799055002100313e-01
3.998970705135372100e+03 1.445466888365440003e-02 4.177673759487116056e-01
6.106584293205987706e+02 -6.665783573015304775e-02 1.356659243246730151e+00
1.356390954379347932e+03 -1.541316985085609478e-02 1.611160543851030136e-01
6.328098025755951994e+02 -9.514000608026247363e-01 2.863977172098097981e+02
2.405267096797801059e+03 7.688752827250687760e-01 7.109599131638200333e+02
3.595113325385529492e+02 -4.272223473994136989e-02 3.280881260904315866e-01
3.186582865497439343e+02 5.551214980404015620e-01 4.909884928756551403e+01
2.480545555656846318e+03 3.431559308895612004e-01 1.460495524258331841e+02
1.655750792629829107e+02 -9.784127623121794404e-01 7.925181076482596154e+01
2.504436403233186866e+03 3.864293031656587663e-01 1.869907466691674927e+02
6.048071180930268156e+02 -1.314245194036230135e-02 5.223236533753424643e-02
4.892462557870412070e+02 4.207600653698837651e-02 4.330784191631803504e-01
1.926496778960405720e+02 -1.036012359358037989e-02 1.033875311015618019e-02
5.825141268325081910e+03 2.193774133191413178e-01 1.401716834662195197e+02
2.746339847764299407e+02 -4.322185377355034636e-02 2.565258067364716288e-01
4.619785100806608966e+02 5.440613316480309714e-02 6.837345069193543345e-01
3.240904578237622786e+02 3.372147006221507537e-01 1.842677134851487253e+01
2.074816562775751549e+02 9.438671008037996524e-01 9.242115846337122775e+01
1.737745927352465003e+02 1.710725211918642449e-02 2.542826890293382186e-02
8.350806079975767716e+03 3.009401208853315079e-01 3.781451940955588498e+02
1.348521559904345850e+03 6.164218742758501013e-02 2.562028649598890873e+00
7.783908067537381612e+03 8.448001400631075519e-01 2.777638075209873932e+03
1.114932559756269512e+02 -8.174924654989797201e-02 3.725513316619871729e-01
4.052773661646728215e+03 -4.299959129714172462e-02 3.746718026183167183e+00
1.742508376532069406e+03 -1.028701194456351116e-02 9.219839631210288711e-02
2.504746224943083348e+02 1.657368525469408993e-01 3.440106668994086903e+00
2.158298595229759940e+02 4.694723436307088327e-01 2.378491255009325300e+01
1.749586416773376527e+02 -1.958798872175584668e-02 3.356487956633751046e-02
4.967751664151121076e+03 -1.359821255619618127e-02 4.592969195903064961e-01
9.281364192802077469e+02 -7.184826679732754517e-02 2.395600586978519075e+00
8.001878146442717480e+03 5.478768115749398371e-01 1.200957883316491689e+03
6.994717985891567878e+03 3.452300562583043853e-01 4.168285058696475858e+02
9.995609295713792335e+02 -7.769669258013182922e-02 3.017062734024534176e+00
1.418535764460322753e+03 2.785181800063370461e-01 5.501959526641697096e+01
1.370406141118181040e+03 -5.547343429567854756e-01 2.108576719521394409e+02
6.167226691347641463e+03 -4.556939584151373929e-02 6.403338463708768025e+00
1.181397829594819996e+03 5.118598325595998810e-01 1.547634040490087557e+02
3.328577662313765018e+02 8.281500083441734050e-01 1.141423263813246223e+02
1.241100224875647910e+02 -1.001161710274991838e-02 6.219927487976453610e-03
6.543578090183337963e+02 -1.471914218660754226e-01 7.088433919890088752e+00
6.453252003562364735e+03 -5.549644742440802692e-02 9.937542408270669370e+00
8.927487272073316490e+03 1.520725216527651635e-01 1.032287667356257543e+02
6.263336272907913553e+02 1.747936408212109882e-02 9.568128307549750300e-02
3.613377905787967393e+03 -1.687070967321723236e-01 5.142213362044086011e+01
8.479173823320703605e+02 -7.388431981529723913e-01 2.314345010484530860e+02
1.158181524836095377e+03 -1.433796141035360294e-01 1.190478212354590681e+01
6.875773705559528253e+02 -1.600204303947414322e-02 8.803238082949264853e-02
3.416415327082127078e+03 4.128832773627550412e-01 2.912026029836040379e+02
4.847687013647104322e+03 7.282715541756362709e-02 1.285556802084376216e+01
6.126924346597234035e+02 -2.704255289353088010e-01 2.240308867198584153e+01
1.685635264695676824e+03 -9.525018431476854897e-01 7.646545238588284974e+02
1.687118945363588409e+02 -1.653077611207886544e-01 2.305165942999862772e+00
2.433429062763347247e+03 2.410536323453555674e-01 7.069945322937336130e+01
2.248960537884431233e+03 2.914599370792185784e-01 9.552335620848427311e+01
3.958576560499609968e+03 -9.759916437323568061e-02 1.885390227954426123e+01
3.078096639898545277e+02 3.779435235422720085e-01 2.198396735385438916e+01
7.740574967767236558e+03 2.238779961876677660e-01 1.939840613574242809e+02
4.449157879598892578e+02 -3.520846814461758845e-01 2.757668648247242515e+01
1.475426901599912526e+03 3.934249332660970655e-01 1.141856324533202951e+02
5.997299680779147820e+03 -8.964709715504416421e-01 2.409895538951406706e+03
1.231277018705416367e+03 -3.082824156668206306e-01 5.850908208515219400e+01
2.433208818217723888e+02 1.839898610103082865e-01 4.118481966849635967e+00
1.120798786661577964e+02 1.653917296619761279e-02 1.532940274933416828e-02
9.982209749541731298e+02 -1.534112385307680876e-02 1.174656936933358153e-01
1.933668421726140650e+03 4.983981169746447976e-02 2.401622783298959618e+00
4.076259597107784884e+02 4.218620630646191527e-01 3.627210692530452008e+01
5.115123056551646187e+03 -2.980240350768399438e-01 2.271583322624324808e+02
9.943057711519485338e+02 -1.073048026928504206e-01 5.724377751982184570e+00
4.674970996011519446e+02 -2.887156872077712988e-01 1.948451897040825997e+01
9.089734491588054880e+03 6.515136906733648425e-02 1.929160204928155053e+01
5.135681851323372484e+02 -3.561249799418990114e-01 3.256664288344013158e+01
8.357459323876697454e+03 2.455248236918551596e-02 2.519040161476981954e+00
2.056050707329440286e+02 1.244782985224676397e-01 1.592909536468466447e+00
4.217031910266280647e+03 1.905372063009787981e-02 7.654846353980016005e-01
1.655705335264761061e+03 9.343519107843423210e-01 7.227265492133842599e+02
1.685665215741966449e+03 -1.771192147653986165e-02 2.644068399489480359e-01
1.033320452933634073e+02 -1.927791276045252855e-01 1.920105321173237733e+00
2.094703695066815271e+03 -1.073451651939283658e-01 1.206861909523630416e+01
7.197435932750953725e+03 6.648280992324270278e-01 1.590620391255728237e+03
7.455358846466288014e+02 -1.782102486297747201e-01 1.183869708846598279e+01
5.004235871998792504e+02 2.462594559142214021e-02 1.517377385848565630e-01
1.658903373052663426e+02 -2.809024260917967197e-01 6.544885825913071109e+00
2.064419835879369202e+03 6.755433730795187830e-02 4.710581299861472004e+00
2.001142178929729198e+03 2.820670635164262974e-01 7.960726524273903237e+01
1.809351527963420097e+02 6.120066258230910661e-02 3.388482163116801615e-01
4.278607491142158324e+03 -8.216467045435325856e-02 1.444251033499170234e+01
2.123792221016718713e+02 -8.113938995662600684e-02 6.991099872970730766e-01
1.045712646162611890e+02 1.158671381670344468e-02 7.019447418306058901e-03
2.224736809473438939e+02 -1.218627312481516609e-02 1.651925510104350694e-02
1.039649556505078039e+02 -2.800299487906102724e-01 4.076298123037076060e+00
2.692188510653219510e+03 1.794086987342572576e-02 4.332738351187673254e-01
3.025816772209329883e+03 -4.062722779193980172e-01 2.497163673084712912e+02
1.001263217867623183e+02 2.191079981104987195e-01 2.403447989854280653e+00
1.616155112732002635e+03 -3.191783184078322844e-02 8.232273858404749456e-01
1.534815831854689918e+02 5.582130244265651742e-01 2.391256730797723762e+01
9.161145270328963306e+03 7.064857275960949312e-02 2.286264956356450284e+01
7.564956721222924898e+02 6.472862573061959057e-02 1.584780888119487585e+00
5.169641936834524131e+03 -2.638049715410621943e-01 1.798856085240647076e+02
3.252738454063845097e+02 4.824214414798673745e-01 3.785056375186658073e+01
4.787712285299632640e+03 9.408726427559103989e-02 2.119140395276269118e+01
5.082794578148330402e+03 -1.908237195921820561e-02 9.254165802977346589e-01
1.795893269613716939e+03 1.824606308578438640e-02 2.989433324040904338e-01
1.076886856642619250e+03 5.388708659545279334e-01 1.563541773925501275e+02
6.009112024067745551e+03 3.372112982824066463e-01 3.416524498466524165e+02
1.448389156806892743e+03 1.269741290923995236e-01 1.167577600473566335e+01
8.100843087374348670e+02 -1.155392999458971018e-02 5.407041314526999515e-02
1.399631566003698936e+03 -2.284435318558616923e-01 3.652089944209011918e+01
2.226047390514365361e+03 1.677594661829864275e-01 3.132409130509670092e+01
4.653772394807783144e+02 -2.564998612611566614e-02 1.530909128096576699e-01
2.783312893855620018e+02 -4.473088711476041340e-02 2.784498949864593897e-01
2.477041975599124157e+02 4.035629284728337735e-02 2.017092897555115005e-01
1.080709563456405249e+02 -3.523051593715043617e-01 6.706825479950938806e+00
4.224189133635083522e+02 5.127032004984160007e-01 5.551948339103853414e+01
3.901253226475909287e+03 1.522848170957302461e-01 4.523632933787651211e+01
1.581336466464671048e+03 -3.740071139056194705e-02 1.105997171365322940e+00
3.208756306586691949e+02 -3.612297260229465484e-02 2.093503556566629620e-01
2.654311376478073043e+02 1.259203954769487210e-01 2.104330892242398221e+00
1.533949512822190172e+03 3.946793661589706459e-01 1.194730399496186379e+02
2.877384753895481481e+03 1.539945663989033750e-02 3.411762073178166155e-01
1.829052423679736194e+03 1.016080383690871371e-02 9.441745536385870441e-02
3.745441159393764110e+02 -3.460907318275900646e-02 2.243122137653700554e-01
2.200815200972358070e+03 7.213899465492012997e-02 5.726559171817455329e+00
3.785995488460774823e+02 -2.754491991687724739e-01 1.436260195335638024e+01
2.814615409468850089e+02 2.931166274778491121e-01 1.209121589043230749e+01
2.293060173489560896e+02 6.441911106015526522e-01 4.757895628334959071e+01
1.773690144887094391e+02 5.944811782527628652e-02 3.134180292223243680e-01
5.931610412208351590e+03 4.897822583197152246e-01 7.114571067779112354e+02
6.686246044150824673e+03 -1.113321555313295450e-02 4.143750456313853858e-01
1.845149674731344703e+03 2.648568843488171010e-01 6.471785835399913367e+01
3.452010245901718918e+03 3.041312140460052937e-01 1.596482166377639089e+02
8.984850427038609268e+03 -1.019131442190787523e-01 4.665962641955056256e+01
3.826514863862941525e+02 -2.599588945105303292e-02 1.292953100320494708e-01
2.586387972800514035e+03 -7.376434300383649667e-02 7.036499054923760710e+00
5.286667355884713288e+03 -1.493671166451056471e-02 5.897418995225842675e-01
5.300490108890364354e+03 1.584706988510039063e-02 6.655550438802919633e-01
2.325895269300947916e+02 1.287838459115670312e-02 1.928781094559130910e-02
1.951907455791211760e+03 3.155866023138544779e-02 9.720001740878820851e-01
5.431899157671352441e+03 1.055269821411788586e-02 3.024466230762353769e-01
1.360868367152691860e+02 1.295824545422210282e-02 1.142558715950581054e-02
5.688168116933484271e+03 -9.960930534207849962e-02 2.821904102257970237e+01
3.323631599581592013e+02 6.763900088966418034e-02 7.602864519225798201e-01
3.222437567695967573e+02 6.992980798777022333e-02 7.879146722797585323e-01
9.240574705568911895e+02 7.927054448279058363e-02 2.903305048135376598e+00
6.376959851671268552e+03 -1.122737581848621269e-01 4.019205458050750934e+01
7.010917482677105909e+03 1.636361365436498350e-01 9.386491568445367761e+01
1.282772085876991639e+02 -1.396955459938992866e-02 1.251654957904039904e-02
1.580058217616334275e+02 1.597642765562149181e-01 2.016519600157467451e+00
1.180183572421611871e+03 3.945785690813423396e-02 9.187271623660534514e-01
2.941684146597864355e+02 7.998641930569445613e-01 9.410193531337229444e+01
4.802390453409721545e+02 7.481680710049458394e-02 1.344082144607965379e+00
1.027616484059719113e+02 -3.090872911414238033e-01 4.908664653343437045e+00
2.412142166772913242e+03 -4.044220700742406915e-01 1.972616223807600875e+02
1.847515584846263891e+03 1.505689084055952982e-02 2.094250938184058497e-01
5.653672973625705254e+02 -2.207756261198494385e-01 1.377853165898345367e+01
5.260280162121430294e+02 6.263325383614774811e-02 1.031784092587484158e+00
2.306148804029272924e+03 -4.783937474997118633e-02 2.638932737148290020e+00
1.080569659660737045e+02 5.688366799892787679e-02 1.748227548510172535e-01
5.123284285602474029e+02 -4.349485235018934332e-02 4.846120192602650922e-01
1.574747192149323212e+02 -1.006098359623932154e-01 7.970062531854107402e-01
3.531255471046677599e+02 -2.662728920293303339e-02 1.251852188325318638e-01
2.441413063176072171e+02 2.545026347944249687e-02 7.906710433824316875e-02
4.085632523858765580e+03 -1.517435697000863760e-02 4.703811388810000271e-01
3.100714519018577903e+03 4.299187015948466306e-01 2.865526717777965473e+02
2.028954094611762571e+02 6.363892788356853014e-01 4.108543926313942052e+01
4.063311433437753522e+02 1.197733774370937296e-02 2.914544609597954569e-02
4.415154501388860808e+03 -1.755604280465730346e-02 6.804076252967962146e-01
6.026255715953696381e+03 -2.575424008192362391e-01 1.998550103812329723e+02
2.712908082333509583e+02 3.119151871396726450e-01 1.319708840183990617e+01
1.235397632572942257e+02 -2.236316021530751486e-01 3.089179324474628174e+00
1.236480781550179699e+02 3.569009819285024476e-01 7.875041670803232030e+00
1.148007816215004141e+03 -1.680944314184536562e-02 1.621890396607587048e-01
5.364560256492655753e+03 -1.823798856378838415e-02 8.921913538607676442e-01
3.375833668598571080e+02 1.590587895210130442e-01 4.270378704117059776e+00
1.742293536963332201e+02 -9.190049117704779391e-02 7.357444505251974354e-01
4.034630462567868108e+03 -2.184388800421993848e-01 9.625729431381802215e+01
2.367755605293147312e+02 -2.369661138346346521e-02 6.647821816082676027e-02
2.140347385853907269e+02 -1.143684888054499749e-02 1.399803374760971893e-02
2.610956688453617858e+02 -4.594886650774030606e-02 2.756254252385538228e-01
9.898006850459118141e+03 2.455870259947596709e-02 2.984891809163963572e+00
2.477811137846695601e+03 -7.920021049147818459e-01 7.771249935310062256e+02
1.201633741660236865e+02 -1.217144072820464107e-02 8.900739612738021306e-03
4.984156199395811200e+02 -4.444295548162026654e-01 4.922293580189383277e+01
4.635238795513606419e+03 -6.257974705113248381e-01 9.076318425678992980e+02
4.157974712282779365e+03 2.651726267085984662e-02 1.461871600734013121e+00
1.090577583407347902e+03 7.141135434252532388e-01 2.780744650161166192e+02
8.298896193937313228e+02 -1.869327899882487071e-02 1.449977664604203409e-01
4.140771399112431936e+02 -1.756945807657904826e-02 6.390987842047597678e-02
4.392355943863150969e+03 -2.548499981405282222e-01 1.426385123425246491e+02
4.305819496026855631e+03 -3.293311114465781175e-01 2.335023973826787653e+02
9.233817903201710351e+02 -1.874003808929401715e-01 1.621407765175916538e+01
2.903085092747030558e+02 1.055608155317399113e-02 1.617466310135584964e-02
1.278037569795414356e+03 2.237174581259750161e-02 3.198257135870987700e-01
6.233648458273522010e+03 -3.413392695510139019e-01 3.631489734523958077e+02
2.015648350527830814e+02 1.507055752592723410e-02 2.288987441617303456e-02
2.063834089881115403e+02 5.193636292166804447e-01 2.783478377125372916e+01
3.231926445374522245e+03 -8.002996908496540218e-02 1.034991470682893144e+01
6.814518726056759306e+02 6.687781265800519792e-01 1.523945073883568000e+02
9.903788444060338634e+02 1.645411800103443178e-01 1.340665933882701744e+01
3.616494418607388752e+02 -1.986404069811118223e-01 7.134983879189918277e+00
6.385261894718522854e+03 1.891643968250348445e-02 1.142424528275672424e+00
8.222468931658990186e+03 -5.423324785551035809e-01 1.209214852751635135e+03
5.453593516951531228e+02 4.416412884383882909e-01 5.318536027559505186e+01
3.233496796764779901e+02 -1.317505230588061210e-02 2.806384257629608928e-02
6.023784445193033434e+02 -8.197774550493182322e-02 2.024097218135576526e+00
3.722638388724429319e+02 4.304106276463445097e-02 3.448155387271225059e-01
1.356300141378133276e+03 2.773946246176733355e-01 5.218214093190837843e+01
5.280143638422198364e+02 5.837351553209071259e-02 8.995958434733072329e-01
5.861266474819129826e+02 1.312651293213685892e-02 5.049637615379083677e-02
1.478347694790032847e+02 -6.618084497476896255e-02 3.237510669466302504e-01
3.759541363159974026e+03 7.944470065209429110e-01 1.186409833385658430e+03
6.320719806102641996e+03 -5.603211094825792660e-02 9.922257915829327146e+00
6.681034834927802422e+02 1.927296266042339071e-02 1.240825472842779359e-01
3.285366292026219980e+03 -5.127245364136683303e-01 4.318391411254659147e+02
1.058697913029993742e+03 -7.099258899321157779e-02 2.667891051628698218e+00
4.328530392317084988e+03 -4.191754731481575069e-01 3.802788763604783639e+02
2.744577966448806819e+03 -1.850114596491797547e-01 4.697240923268784485e+01
5.097393778890613589e+02 -6.566824241954120067e-01 1.099079163212025776e+02
1.156824680194296064e+02 2.647001730116306864e-02 4.052714405652441121e-02
9.710711777508882733e+03 9.685009328045659505e-01 4.554294967510854804e+03
8.869489328141446094e+03 -7.853993423659037798e-02 2.735581678684230766e+01
2.594799266999179395e+02 2.376768518351724813e-01 7.329047622071360735e+00
1.325332476252923016e+03 -1.699833821849328075e-01 1.914731036275240328e+01
4.832707982843002355e+03 1.057011920421207368e-01 2.699729972470903050e+01
7.431226253010420351e+02 2.163653838089016623e-01 1.739426360310526931e+01
3.613532216662713950e+02 -1.048750336140318318e-01 1.987220970341445403e+00
2.970261788541150054e+03 -1.642783837152707663e-02 4.007980271819377993e-01
3.362878637258430103e+02 -9.548206036263207075e-01 1.532938608424491918e+02
2.205274398066465892e+03 7.046485231510212222e-01 5.474919425227755028e+02
1.666747520135484365e+03 3.900041533520762216e-01 1.267588487304961404e+02
5.100431126468820366e+03 -1.989305853164471255e-02 1.009206438898874181e+00
4.776176703471974179e+02 1.767960898843143336e-01 7.464413706495019341e+00
4.687220446416081359e+03 -1.709127783641046019e-02 6.845961494309898976e-01
4.122854971227367059e+03 2.565890317077801352e-02 1.357201209566488931e+00
4.080436114245266026e+02 4.874435679535383398e-02 4.847583237970932157e-01
1.088285854914557149e+03 1.188095491792745401e-01 7.680963205434905738e+00
3.275536953866220529e+02 1.183815938106989873e-02 2.295201786070834998e-02
4.359994503900595191e+03 -4.125900906501126647e-02 3.711022029257139643e+00
1.921131469569266699e+02 7.752699299125807852e-02 5.773417568523812049e-01
2.882729301374195074e+02 1.126890878593357626e-02 1.830364542029745342e-02
8.304861608373184936e+02 2.566701661813906854e-02 2.735603733062629828e-01
1.763377765347191826e+02 -1.382534468734640705e-02 1.685261503342956255e-02
1.047066640050732929e+02 -1.124742854363331851e-01 6.622939880801445023e-01
1.835656113064265185e+02 -2.757443961219807269e-02 6.978703057251277320e-02
5.019076323870727379e+02 4.396597882827854575e-01 4.850955572417138484e+01
2.106220032082252658e+02 -7.352737899717122216e-01 5.693402838713508629e+01
2.890532853052689006e+02 -3.882745302629982131e-02 2.178841908729912680e-01
1.048578719521481389e+03 -1.280750216258976122e-02 8.600029079442381152e-02
5.746878617744035864e+02 1.905424751242297196e-02 1.043243369953723021e-01
1.197456361773267588e+02 -9.962409567264104981e-02 5.942353508769717685e-01
3.359947773895416958e+03 -1.294938734097556554e-01 2.817091638013154054e+01
1.360411901768065661e+02 -3.849456671153129173e-01 1.007950717631466553e+01
5.430001445113986165e+02 -1.878467856367645530e-02 9.580264187953113630e-02
1.046965830030451485e+02 -1.343337740687720189e-02 9.446543846718970933e-03
7.033327234232770024e+03 -1.850090605521298795e-02 1.203696018626935427e+00
1.133546657020944622e+03 -2.236131666125130701e-01 2.834028075606281050e+01
1.746404964480483955e+02 6.621047413985887697e-01 3.827968518413830878e+01
8.593333230687211426e+02 1.905123807274833603e-01 1.559473739181467167e+01
3.464612493571448795e+03 -2.709888480774965205e-02 1.272118326342303929e+00
1.971625730405434751e+03 -9.938515010397677707e-02 9.737275941578126037e+00
1.467820022669329546e+03 -2.267759086535879251e-02 3.774301968007900965e-01
1.578679870091206112e+03 -8.670490172729966583e-02 5.934052390297742896e+00
2.414880205160077651e+02 9.082497904560302704e-01 9.960386904092591465e+01
4.605623781999664061e+03 3.605231142771964103e-01 2.993123875547796047e+02
7.414128604366179616e+02 1.071576913458724134e-01 4.256736977686919943e+00
1.064255693959775726e+03 1.739097547790996803e-02 1.609399537462456731e-01
1.347743429776520827e+02 -6.951101043125289536e-01 3.256000259460632407e+01
1.716665555662644067e+02 -1.668425974813802712e-02 2.389293945709798639e-02
4.486224444592982650e+02 5.253919523901952049e-01 6.191813037292008914e+01
1.324071712259657545e+02 -3.577587213257666932e-01 8.473483165000271100e+00
1.229524511018214525e+03 -3.284325643128365169e-01 6.631314380948964526e+01
1.167033877024966699e+02 -2.434091549930482157e-01 3.457222133781083784e+00
3.904286209200321082e+03 6.894165522744383212e-02 9.278442132646050666e+00
4.238736092665277283e+03 1.175351531170581304e-01 2.927803577103150090e+01
2.121670350337162745e+03 1.823327693993331486e-02 3.526771872255689000e-01
9.910181843881453460e+03 1.648579817142752368e-01 1.346702248289701629e+02
2.022218420219130053e+02 -2.606463156763325073e-02 6.869122274909178483e-02
4.752987889743456435e+03 -3.669136475961272681e-01 3.199369821434624441e+02
3.729860819764672897e+02 -2.687605343030305405e-01 1.347080726008332441e+01
4.442753182404942436e+02 5.860598501943481420e-01 7.629676610595014097e+01
3.763477525858135664e+02 -7.221365364557705280e-02 9.812913454338210162e-01
1.486719694338939632e+02 2.217842914811054000e-01 3.656458631762902645e+00
1.120483369834362151e+02 2.922028388576907582e-02 4.783483512264475462e-02
1.101400149782800213e+02 -1.472088953415668852e-02 1.193392332136480015e-02
5.075147747930015612e+03 4.415922285519646162e-01 4.948362851018704873e+02
2.905408460566550730e+03 2.062356161646212438e-01 6.178805696995923569e+01
3.220849537952096398e+03 -6.011145455845630092e-01 5.819087874987649229e+02
2.345771263397657094e+03 -2.644388073253172156e-01 8.201740901427071151e+01
9.734492775466926105e+03 -8.745284624566891374e-01 3.722470191371621240e+03
9.565955595804515497e+02 8.278532526960671323e-01 3.277970825253362932e+02
8.452469526889356075e+02 -1.820435624456694657e-01 1.400568225889167984e+01
5.777116458516252351e+03 -2.843218832490009701e-02 2.335079660115792155e+00
2.109286173843308461e+03 9.239947270209174224e-02 9.004186792759343305e+00
4.327804247699768325e+02 -3.418119962295605996e-01 2.528204584154307000e+01
5.171213024303474413e+03 4.583996232213765482e-02 5.433140511907409653e+00
3.022198982960454714e+02 -2.135231277491767277e-01 6.889423854071935693e+00
1.239694713118849450e+02 -4.914142235287485144e-02 1.496856606836653447e-01
3.398664126307642732e+02 9.325923054790012656e-02 1.477957370355655220e+00
7.036700122292883862e+03 -2.951406473843130596e-01 3.064764432427545557e+02
2.151447342703521826e+03 -2.086651426878813678e-02 4.683823688284948217e-01
1.350543267424513658e+02 -1.471770671857199064e-02 1.462711902818341313e-02
2.035791044365512903e+02 1.905403534500305640e-01 3.695533443354536374e+00
5.564391463480900484e+02 -4.721636541563361406e-02 6.202585885078369943e-01
5.491279075894763082e+03 -7.127068790221873229e-01 1.394650610889151721e+03
2.060211255625031299e+03 1.095291843578826141e-01 1.235780867196200461e+01
2.168099673639027003e+02 -2.870254814432401935e-02 8.930795740348218548e-02
3.356093931647948239e+02 1.394182685154075896e-01 3.261696002983403009e+00
4.697669646034666471e+02 -4.343481523487442986e-01 4.431272256755248407e+01
6.185038060937069531e+03 -2.396570932076138583e-01 1.776204458141060059e+02
4.192451798630044095e+02 -7.317675921594470057e-02 1.122495028953057528e+00
7.667751693460749038e+02 3.376404790403187417e-01 4.370660372854845122e+01
2.142974055999346547e+03 -8.262319822280712600e-01 7.314605721246567782e+02
1.658699593915739342e+03 4.308620576225061782e-01 1.539622484734966861e+02
1.897467492063069813e+03 -1.575659998249926974e-01 2.355425474243590855e+01
2.372746366589659829e+03 3.469318019790877672e-02 1.427938637827374624e+00
3.777294443696235703e+03 2.723833280408588520e-02 1.401237940428116335e+00
4.069075299057594179e+02 1.279547750792125668e-02 3.331031398927238041e-02
2.053958986158366145e+02 5.656486060954284828e-02 3.285906595478416681e-01
6.951087748222079426e+03 1.913488252013054863e-02 1.272548594575866554e+00
1.451562351582809640e+02 -2.669891355182792414e-01 5.173600361046883478e+00
1.384387184961880621e+03 -2.422714334793372656e-02 4.062861265354957840e-01
7.071075043876251584e+03 1.319831476468505231e-02 6.158747710484921978e-01
4.676681968243646224e+03 -2.315383726363544892e-01 1.253585022561372853e+02
9.228512265163386701e+02 2.929511364494211123e-01 3.959971609455985231e+01
1.165977802559135398e+03 7.204164846282147538e-02 3.025711880670154397e+00
1.033449702907382459e+02 -1.091913878423535489e-01 6.160785965655530827e-01
6.540412893696884566e+02 -4.025212270510512003e-01 5.298497652088073551e+01
2.002130079309177290e+03 -1.958305624397729816e-02 3.839045303999833458e-01
4.610293471564455672e+02 -6.931479895928995827e-01 1.107517282087137573e+02
6.051903540309552227e+03 3.168530536324609681e-01 3.037930230094742114e+02
5.295605203968078058e+03 5.492981237848143516e-02 7.989173188520307889e+00
4.283281784701023298e+02 -2.887653569008879484e-01 1.785816495970879103e+01
5.799797949270249774e+03 7.079257405132677317e-02 1.453310047079555645e+01
1.610823626532341223e+03 -3.730232857164318683e-02 1.120701315295797196e+00
5.154791048390135302e+02 -1.304979725949074326e-02 4.389232630064135443e-02
2.931946782011446885e+03 -8.684447787549723352e-02 1.105631756866841009e+01
1.166266709814730575e+03 -1.267417486475842792e-02 9.367145648361452359e-02
2.811480066349957724e+03 9.357101892565611312e-02 1.230800688060958947e+01
4.442896937349031759e+03 2.435754551995826869e-02 1.317963214754497514e+00
3.743057906975357128e+02 -1.586851473301655602e-01 4.712692562962982556e+00
1.248166037109949229e+03 -9.286277098819859521e-01 5.381776313048802649e+02
9.644292898659715547e+02 -2.080460029992938636e-02 2.087176367998761217e-01
1.595758009643166986e+02 2.177055255959423896e-01 3.781603065757583870e+00
3.775796605622770699e+02 -2.529755301368867906e-02 1.208191081088797747e-01
6.856665155167053172e+02 -1.036447000002430410e-02 3.682791593999101137e-02
2.965419121709455794e+03 -8.191094353194752764e-02 9.948095486869002357e+00
7.198204585079007302e+03 7.414983244671799478e-02 1.978857577370349929e+01
1.581006981590807356e+02 1.327034646310022888e-02 1.392093210320762865e-02
3.313444070133406285e+02 -3.943097506055662227e-01 2.575874392655854805e+01
1.689677730944498308e+03 -3.658435358494942224e-02 1.130744948650934667e+00
2.700692536931967425e+03 -1.357747142599493619e-02 2.489332697427938668e-01
3.831279172312093806e+02 -5.447955211269317477e-01 5.685659666460517769e+01
1.157265084430769377e+02 9.695340396190256504e-02 5.439124221133779802e-01
8.162224159477898866e+03 1.483029617339992612e-02 8.975903413731676217e-01
1.544622215195608135e+02 -3.976885096496806660e-01 1.221457519262250813e+01
1.102460141486516818e+02 -8.581465239725162564e-02 4.059343442414163339e-01
1.164209245279648570e+02 -2.211785738628228859e-02 2.847653574946346078e-02
2.425624890727893671e+03 4.597759662075786014e-01 2.563812002175502585e+02
2.705789237304644303e+03 -1.186187788299110542e-02 1.903578831779489389e-01
1.357667083449431857e+03 3.448569810330064933e-01 8.073118679932440500e+01
1.034029185163067268e+02 -3.332595015483276468e-02 5.742062058721147250e-02
5.788885748761978221e+02 1.768188084904394677e-02 9.049444107738663368e-02
4.359900391357534318e+03 -4.253873650019239228e-01 3.944716021495712539e+02
7.939544947900224088e+02 5.846277607407848048e-02 1.356827019914454535e+00
7.754402621500065607e+02 -1.501361176007882936e-01 8.739542793072420324e+00
8.285065967442279771e+02 2.768428427705063588e-02 3.174918455520829297e-01
6.531518566960495264e+03 4.600333310675190912e-01 6.911348111562730310e+02
2.027165530590212711e+03 8.935246266418535310e-02 8.092305515783591474e+00
3.833482423009555532e+03 -4.720207641552773836e-01 4.270568456297459079e+02
4.168504067379423077e+02 -1.909195652487228820e-02 7.597157104134158456e-02
2.609954421626843555e+02 4.189213607470140127e-02 2.290171145788940932e-01
1.202908236936758755e+02 3.480988371252514979e-02 7.287987985170986394e-02
1.224426426433137976e+03 -5.573418401321531684e-02 1.901717455841269944e+00
4.696273221040715725e+03 -7.252588771541079726e-02 1.235120887709351756e+01
1.340124121602186733e+02 1.345112895405396747e-01 1.212362518317195548e+00
5.348417088333111451e+02 -1.958009683206542867e-02 1.025238584985083690e-01
8.187404315823197066e+03 -2.296717390981989348e-01 2.159391361847507085e+02
1.114099992735118576e+03 -9.107880456525935253e-02 4.620923930357135667e+00
8.567846687588315035e+03 -2.059416054687291942e-01 1.816895206544779455e+02
1.336891736877220467e+02 -7.974510966832901726e-01 4.250836124063329891e+01
6.310346872865723071e+02 2.192895776993678825e-01 1.517257242873898093e+01
8.226234206137791034e+02 -3.682923688823244723e-01 5.579001970768724306e+01
4.493917284361771749e+02 -3.984856506158845207e-02 3.567963912472285615e-01
3.878743786659729267e+02 -6.657046164525654008e-01 8.594571611426825086e+01
1.012288144507241100e+03 -3.945791134543747553e-02 7.880292544268191479e-01
1.020389197403240587e+03 -3.098852333639402420e-02 4.899340459813913973e-01
2.408295667096708144e+02 3.567954195943168205e-01 1.532915972679399630e+01
1.913247620284529376e+03 -2.624429206594026120e-01 6.588869571979628859e+01
3.699315544900193231e+02 -6.043237925299892455e-01 6.755084215219044097e+01
6.719333153385954347e+02 -6.595056364741051780e-02 1.461279198362783305e+00
1.010041904180076955e+02 -2.652911613693149234e-02 3.554307174737529607e-02
1.684135432147884615e+02 -1.363076317535708293e-01 1.564542488844413937e+00
4.601871698152042995e+02 2.467330759399796042e-02 1.400745566358917449e-01
5.647357556638582537e+03 1.338994660398898535e-02 5.062592601925062219e-01
3.537709498477182478e+03 4.483728291350146111e-02 3.556073640699267902e+00
1.207580347473303391e+03 -2.749773537762847941e-01 4.565411173644562837e+01
9.038756285511429951e+02 9.718211688779773705e-02 4.268265152335368740e+00
9.519739617251642585e+02 -1.118330013770183068e-01 5.952988388361299066e+00
3.283799977897418785e+02 1.114564603257623722e-02 2.039657247284785285e-02
1.473972076202396011e+03 5.801039631375405348e-01 2.480109896646139305e+02
2.230808535890671749e+02 8.777853204727475989e-01 8.594268730633359610e+01
1.480400621750211712e+03 2.210439776697244521e-02 3.616651292490697944e-01
2.404855351573797009e+02 5.334658180512014819e-02 3.421938168398895308e-01
2.399524239215818113e+02 -4.358275958694394214e-01 2.278896476295992102e+01
4.304176015434951523e+02 5.682511978396206920e-02 6.949294986382884565e-01
1.498548506304786088e+02 2.298624838021394445e-02 3.958922498169948484e-02
6.961886950387714023e+03 2.223750214682845838e-02 1.721349180638680476e+00
1.596604556421660845e+02 8.664794748953145997e-02 5.993547174255294818e-01
7.620302378269108203e+02 1.086070646038123366e-01 4.494261732647624186e+00
7.971126579562533152e+02 -6.636475179005467684e-01 1.755353780249557190e+02
7.308891328217397358e+02 8.074680040620511867e-02 2.382715301530699659e+00
6.091260955944748275e+03 7.417431139074684987e-01 1.675653647369584860e+03
3.502727549984454072e+03 2.844545254600636813e-02 1.417105088496813714e+00
5.091915207534100887e+02 -5.375921068671395131e-02 7.357951732545606749e-01
6.534920506259621106e+03 2.672432947962426891e-02 2.333586739389074349e+00
2.993812712108104392e+02 -2.194173101447008112e-01 7.206699372871779197e+00
7.666872361619718959e+02 -6.682775779741269295e-02 1.711993129182044049e+00
2.503501785390906662e+03 -6.313216448035879891e-02 4.989066220794462048e+00
6.974858307387339664e+02 2.105823489004650731e-02 1.546497865944866656e-01
1.639917234204188503e+02 3.628439835063412139e-02 1.079522719240105788e-01
8.923827351021865979e+03 -2.530724904050921653e-01 2.857663195429967686e+02
5.790409727162844320e+03 6.635750247885887632e-01 1.274850808101927441e+03
6.139071718310628057e+03 7.070665535958637893e-01 1.534593307408839109e+03
8.627391071901894975e+03 -2.444199171926465797e-02 2.577048987849065664e+00
2.888188604222776235e+02 1.636401213810095845e-02 3.867008621651654016e-02
2.216578761454993582e+03 -1.274240109997103187e-01 1.799516010554930290e+01
5.828782210795391620e+03 -2.206393758612349987e-01 1.418776130907957054e+02
9.261826760970652686e+02 1.294876062021907415e-01 7.764671062795668988e+00
2.328263275175171998e+02 -2.416225673612781011e-01 6.796371052302926152e+00
2.763553538105542430e+03 2.927337340488664341e-01 1.184086506290878873e+02
2.650898334257173588e+02 -4.068620453487539063e-02 2.194105128825873940e-01
1.702164635705824764e+02 2.106299671021785030e-02 3.775825259843500897e-02
5.481742775606368241e+02 -3.027135983326030844e-01 2.511611820431403430e+01
1.642321410344852211e+03 -2.709877926549035254e-01 6.030143035881453528e+01
6.760365497344326968e+02 -2.479461975876331714e-01 2.078045660138311490e+01
1.284689671353138465e+02 -1.806607599732678107e-02 2.096504999840206190e-02
6.515795448052815573e+02 1.779562464997734572e-02 1.031724919082153830e-01
5.390616606720336677e+02 2.378589212408871792e-02 1.524920978234259317e-01
1.575019982723384601e+03 2.479706381069353149e-01 4.842354628669799155e+01
1.047036845533924918e+02 7.339243278243778867e-02 2.819905384119031355e-01
2.630071820284160822e+03 -5.012134220135834317e-01 3.303566073071857545e+02
2.312373640808473283e+03 -1.883828607162878477e-01 4.103087605827084161e+01
8.664440989991755941e+02 -1.095009675054296611e-01 5.194532472104002707e+00
1.329209341988548090e+02 -3.127720600956541974e-02 6.501585685010305427e-02
2.262576648218220271e+03 4.033479562113020250e-02 1.840488152714143011e+00
3.377110949005890461e+02 2.057046656667450152e-02 7.145022777286137716e-02
8.619981286403128706e+02 2.608675359940296548e-02 2.933029287087770554e-01
9.399607910828783588e+02 1.437679138868248885e-01 9.714124931052676715e+00
1.459854571472797261e+03 2.302728705114426566e-01 3.870482855522842414e+01
3.003157636790058973e+02 -2.893145935577717820e-01 1.256865528002369992e+01
5.321275294578369540e+03 -9.837352780009414599e-02 2.574792432169716250e+01
2.773073422102847303e+02 -3.350771640077684910e-02 1.556757744423732381e-01
2.843059948406536478e+03 -1.034256664827095350e-02 1.520591918493905126e-01
1.737513523121647836e+02 -4.567015998829093010e-02 1.812021155244963044e-01
8.607068838581892123e+03 -1.315280904651684180e-01 7.444959007640670734e+01
2.694463801478755613e+03 1.209759936896341870e-01 1.971699625489011609e+01
8.304673004431451773e+02 2.926731579919020221e-01 3.556790853665640384e+01
3.586398740565925436e+03 1.480214338363011195e-01 3.928961663245089397e+01
1.777752808242964193e+03 3.035402085309333794e-02 8.189810142414393201e-01
9.639774159816899555e+03 5.819749218076988861e-02 1.632470736886123319e+01
2.840153480637254120e+02 -2.344062245640644027e-01 7.802793151730746501e+00
5.299093635929054926e+02 -2.913430319867907348e-01 2.248955536246030817e+01
3.823492912432584490e+03 1.621464894421549008e-01 5.026265143910680422e+01
1.140827914115174480e+02 -2.043134630640442914e-02 2.381135519762151570e-02
6.352012869572730551e+02 5.764976734840155936e-01 1.055544365081630644e+02
1.756302071477052095e+03 -1.236444658841164834e-01 1.342513259004314463e+01
7.183441199868757394e+03 2.307226607935607132e-02 1.911978694748859064e+00
1.284271110486735552e+03 -1.365118295796211891e-02 1.196650404991720512e-01
7.153325489198289688e+03 1.168959977151552698e-01 4.887393142087334752e+01
2.169147931423299269e+02 4.937540010854193917e-01 2.644115555597797851e+01
9.218161916552347975e+03 4.858218386968372188e-02 1.087848464926359959e+01
1.507786226900507927e+03 6.479948643538914477e-02 3.165577161703075681e+00
7.681945524582451071e+03 2.837852170074588454e-01 3.093290901515749738e+02
3.346110417489537099e+02 1.844043609148395685e-02 5.689218937835570367e-02
9.532484454472371453e+02 2.326375782265222708e-02 2.579501865964165530e-01
2.605096320771955902e+02 -4.759600383752207731e-01 2.950766006200116820e+01
4.465480184613429060e+02 3.563647712381057958e-02 2.835487262525417940e-01
1.834599305804729511e+03 -3.644675955004750278e-01 1.218509929129678255e+02
1.876169922605072031e+02 1.348566122035906312e-01 1.706030002425155567e+00
3.223154613991202950e+02 1.504835166639108095e-02 3.649463352035740848e-02
1.728123132928811003e+02 -1.742985371618100895e-02 2.625017315699011700e-02
7.105412594061996970e+03 -6.657365125695413610e-01 1.574577564454839603e+03
4.371764889783374883e+02 7.952535375200625589e-01 1.382413675854596704e+02
1.085242229800945779e+03 1.663235032996689677e-01 1.501080341729504042e+01
6.291401290740401237e+03 2.299452948432908345e-02 1.663284139725658139e+00
4.255542631718585653e+02 8.629860402129068131e-01 1.584646847773023239e+02
6.116726132412053630e+03 7.945909534189364576e-02 1.930973318041583298e+01
1.787385393095749748e+02 3.497596673841456560e-01 1.093270584941240209e+01
1.686162688279893246e+03 2.031258022366745283e-02 3.478561343006865147e-01
6.747618506002108006e+03 3.189049612099957576e-02 3.431176637942067842e+00
8.360214263135338115e+03 1.416886207048320689e-01 8.391843142914272846e+01
1.038436508770068514e+02 -2.663630164575722659e-01 3.683814912873360381e+00
7.437639505475683109e+03 1.556765587473873391e-01 9.012630679179605409e+01
2.504994391912934475e+02 -4.441254765176235186e-01 2.470518641218323452e+01
1.199682637433809532e+03 4.117535825021487877e-02 1.016977046365792781e+00
2.850470539861883026e+03 -7.512919907070931824e-01 8.044593044821167496e+02
1.991243443409468910e+03 1.558391966121958627e-01 2.417952496802730167e+01
8.266085670447657776e+02 -3.823914582382516580e-01 6.043468620743437469e+01
5.083653004931459236e+02 -3.162817809129324087e-01 2.542694915900541730e+01
2.912081973837383430e+03 1.767848103891966199e-02 4.550545849121330200e-01
1.307930618196461978e+02 -7.334576367763342430e-01 3.518072463132170924e+01
2.587426396399702298e+03 -3.799809540306794964e-01 1.867934598727209448e+02
1.833776389176084422e+03 1.252473565375473996e-01 1.438313371276052699e+01
2.504383086965474661e+02 -3.765412999170262842e-01 1.775399125568485204e+01
1.841893594656679625e+02 2.014865046397227091e-02 3.738750358049484218e-02
3.967818758644071750e+03 3.698453693558338001e-02 2.713702293086059480e+00
3.782112561299987874e+02 -4.197175506362357811e-01 3.331338115502899200e+01
2.781187272696948867e+02 -1.015264912379195555e-02 1.433372249098437481e-02
5.846451009689483726e+03 -4.037632663709154746e-01 4.765581809923396577e+02
1.643745955412054855e+03 3.205444216780378025e-02 8.444640161412870771e-01
3.086014704606101873e+02 -1.751700828137462695e-01 4.734649846188876410e+00
9.220218437531026439e+02 7.824622991039283104e-02 2.822526689171395819e+00
3.137359832747924884e+02 -2.859747274384473181e-01 1.282890667534712037e+01
4.391209793025346698e+03 -4.896276936466361501e-02 5.263639510905249175e+00
3.241373877560940855e+02 -1.538550854993511394e-02 3.836390827504776446e-02
2.666361500620870629e+03 9.919279105229393823e-01 1.311744509928500975e+03
3.860421654007927827e+02 -1.194583303182867630e-02 2.754467344014744148e-02
7.597190922331916227e+03 2.294673996593855902e-01 2.000161361283523149e+02
3.392982209251345012e+03 1.222764556873023323e-01 2.536514038613841748e+01
1.463308320248501104e+03 -9.609302486751755135e-01 6.755998981178869371e+02
1.169165930590896778e+03 -9.242200454994912995e-02 4.993406512875017356e+00
1.288210982039327916e+02 -2.586679032261731126e-01 4.309650850618236717e+00
8.850744468792254338e+02 -3.184853707177993931e-02 4.488784780995020984e-01
2.091496594231457493e+03 2.136551512299832492e-02 4.773686586980923074e-01
3.406713495303926720e+03 -2.373406555002514559e-02 9.595108504540919014e-01
5.252906089730061467e+03 7.113104971549034650e-01 1.328887072719008984e+03
1.102153810142202701e+03 -2.193043249911510451e-01 2.650370591711196511e+01
7.520361954596122587e+02 -9.855163753365904500e-02 3.652047670820836700e+00
2.955219002590651485e+02 5.313572143143045767e-02 4.171889894479905991e-01
2.375548244539897382e+02 -9.229531946600937342e-01 1.011796595972784587e+02
1.665045038499712859e+02 -8.128408904320644224e-02 5.500562144049855329e-01
4.240214079141028378e+02 5.670229533129510502e-01 6.816462775482115433e+01
8.997247757608406573e+02 -9.562650979547350216e-01 4.113734834739973394e+02
5.573612048507605323e+03 -6.572967712539483365e-02 1.204009014714674031e+01
3.716871565629004635e+03 -3.211727403226725952e-02 1.917012361548005694e+00
2.008696218947410443e+02 4.045177295344350166e-02 1.643460946339510287e-01
3.047892812716749518e+02 -1.505568391301624967e-02 3.454384457024584076e-02
1.478649176872995383e+02 1.714324257004503638e-01 2.172806694817609241e+00
2.653086877649583926e+02 -6.445339206218297923e-02 5.510779481441003824e-01
4.272592210449995036e+03 -3.517637726547252763e-02 2.643404771377046103e+00
7.743903020538349438e+02 4.695925109173854778e-02 8.538316202550411127e-01
8.448758898415616159e+02 -9.209577680026317936e-02 3.582963235775395994e+00
2.201589956458764732e+02 2.888205829410760983e-01 9.182537700407722880e+00
2.360019023119178883e+02 4.628919651610113872e-01 2.528394242966248484e+01
3.010475303570734468e+03 1.287289531758539773e-01 2.494350895736676321e+01
3.779245643265308900e+03 -1.058196295256041281e-02 2.115960708099311749e-01
5.754359435080094727e+02 -2.237368583660338459e-02 1.440263853474440525e-01
2.058377715195379380e+02 7.383927729362947945e-01 5.611383495246879249e+01
5.355072833179170857e+02 -1.581805579707210585e-01 6.699487676583512297e+00
2.633468949156437702e+03 1.857913165211160303e-02 4.545158479280414499e-01
3.115129633218205072e+03 3.175930489340673957e-02 1.571043121685229416e+00
1.061920320313417960e+03 -9.944932444119854165e-02 5.251285255243026029e+00
7.383471171908406632e+02 2.897132257846259454e-02 3.098612235309571861e-01
2.614938083330480367e+02 1.949526610925933837e-02 4.969237451852131365e-02
7.526894523629688365e+02 -1.157358179537633716e-02 5.041054644801079565e-02
2.047790759255523767e+02 -3.093647016188233456e-01 9.799346220268613905e+00
1.390607531810328737e+03 2.368171068033088703e-02 3.899426364531347056e-01
1.169427932823890842e+03 4.420234542108887887e-01 1.142441828358896743e+02
2.917840497414648780e+03 2.895605588452105847e-02 1.223236310789026282e+00
7.418355276222877364e+03 5.300357768399028835e-01 1.042048668106986725e+03
9.450877829480933769e+02 3.727620563642530804e-02 6.566070647754811418e-01
7.571435228098409880e+02 -3.714629515015344108e-02 5.223712013969662449e-01
6.710416143568367261e+03 1.053993799308663298e-01 3.727310474286115038e+01
1.314813401412265250e+02 -1.152191014929185124e-02 8.727364097555688829e-03
2.114913545166078563e+02 -8.282307036698337288e-02 7.253794966226991825e-01
5.659892046848912059e+02 -2.113101612772028681e-01 1.263627052917613547e+01
4.918191150492672932e+03 1.100448231386065706e-01 2.977931076508295050e+01
1.992213754434703105e+03 -5.560341699656463632e-01 3.079703458333095227e+02
3.585527833339108383e+02 8.647112412942122850e-01 1.340495351227719993e+02
7.792467021611300879e+02 -4.185098340562908026e-02 6.824271742922820572e-01
8.293598929184994631e+03 -6.501006748094657617e-01 1.752565537539660681e+03
9.216277035675499292e+02 -7.416955951752607357e-01 2.534993936372245571e+02
5.769263661493941981e+03 9.719340773949316503e-01 2.724984336323475418e+03
2.049339618095013122e+02 7.559437369744512192e-02 5.855485188796447638e-01
2.276342062384585915e+03 -5.109606991230817435e-02 2.971546443896947665e+00
9.989640482797964296e+02 -8.619050083678382601e-02 3.710553276917282428e+00
2.239683952278188031e+02 1.525395131986275743e-01 2.605682251020867035e+00
1.266617874026312393e+03 -9.030945242316235078e-01 5.165139253308851721e+02
6.197938671856319388e+02 -2.780217587613849350e-02 2.395382385573411599e-01
6.686393676442866081e+02 -1.095101848228706709e-01 4.009322315728498509e+00
6.467075465840922561e+02 9.305703404776587140e-02 2.800118081501297151e+00
3.007477032367454285e+03 -2.612259742582350927e-02 1.026136270825988239e+00
2.159778005572647999e+03 -8.990907088664178148e-02 8.729435048284679866e+00
2.646063848748516193e+03 1.970568665429195399e-01 5.137519331464039141e+01
1.360433478182029603e+03 -6.308294808939165499e-01 2.706894175144506676e+02
3.129911549695377744e+02 -3.616498395374977831e-02 2.046815148401936457e-01
2.012844291275961837e+02 -2.088484962529729705e-02 4.389781357287514396e-02
1.812122961874290752e+02 1.802690798006733458e-02 2.944422660815163711e-02
5.625627022758312705e+02 4.242794369799186838e-02 5.063431129478793702e-01
1.949618391248879448e+02 -3.079046341086689176e-01 9.241704285381226569e+00
9.558425897810946481e+03 -7.328933057620952152e-01 2.567071065876792090e+03
2.681664473560020724e+03 1.186209534051324739e-02 1.886675733219835838e-01
8.243495452256553108e+03 -2.637008936416921356e-01 2.866187582480286551e+02
5.091570320192646477e+02 -4.551587871537172703e-01 5.274090935181276052e+01
7.909820644099129368e+02 -1.034503329418068329e-02 4.232533709986355946e-02
4.737240047775758285e+02 -1.419747431007548077e-01 4.774386565741251864e+00
4.503737265793748179e+02 -1.996577476158899536e-02 8.976672612899827541e-02
2.331240361733570808e+03 -3.754624598019691561e-02 1.643198765830051089e+00
6.722613230583190671e+03 1.456815938763640905e-01 7.133743649104746964e+01
3.199692535218623561e+02 2.382267136826149434e-01 9.079442276364936504e+00
1.677875176444985982e+03 -4.040284727335603093e-02 1.369473386513561541e+00
1.087009237164468942e+02 -3.951352424539898017e-02 8.485838692498973157e-02
1.138621568202001839e+02 9.435776611649367984e-01 5.068794818519287304e+01
1.737254386529349631e+03 6.407208067388487915e-01 3.565915734552999652e+02
2.622154281628281183e+02 1.308621276706203040e-01 2.245206028552442667e+00
3.131114109258308531e+02 2.667200514876729156e-01 1.113730805152660253e+01
7.808516132175933308e+03 -1.101786980565561680e-01 4.739513760663413677e+01
7.054515424005661544e+02 3.970462718131435170e-02 5.560571590953460319e-01
9.589884809932162170e+03 -5.821051932771729165e-01 1.624749240839892991e+03
2.513693268153170095e+02 2.280799739972535004e-02 6.538175832689081812e-02
5.264381304965463642e+02 -1.081686843589071967e-01 3.079785269682922877e+00
7.682395957553694643e+02 2.147657813995206694e-02 1.771727248844098546e-01
4.487442520994131314e+02 -3.892801510302965062e-02 3.400113568374005801e-01
3.368627021030528681e+02 -3.028790341196023195e-01 1.545116945862255875e+01
1.785419192888946327e+03 1.596417042152901977e-02 2.275112696402869228e-01
5.237045878776581048e+03 1.008458951373826518e-02 2.663010221238837905e-01
8.154379026687453006e+03 3.129265553572160852e-01 3.992507471482693973e+02
4.986963461428423443e+02 -8.756257431651189860e-01 1.911803414925183517e+02
5.396955492427336139e+03 -1.547699780960936494e-02 6.463865084290852936e-01
1.960843994116735018e+02 9.380839737414219393e-01 8.627728690166813408e+01
1.374708027071048264e+03 1.415623657870589969e-01 1.377450803782314104e+01
7.810514607886564136e+02 -8.484147576483968001e-01 2.811033891221911176e+02
1.245320848376855594e+02 -4.631578542127124526e-02 1.335701241310618681e-01
7.605476553388652974e+02 -7.754820115992266949e-02 2.286861655084613254e+00
1.168096313800105719e+02 1.247950399937489130e-01 9.095850358138868330e-01
1.063004746749295009e+03 4.794991263101391898e-01 1.222027132331610062e+02
8.460020478359442677e+02 -1.022779552302363199e-01 4.424920704311863240e+00
1.532733194814769149e+03 1.855733523296436149e-01 2.639172601355139136e+01
4.457943843741251840e+03 5.237960139914707436e-02 6.115457834861522279e+00
1.893865000539500443e+02 3.400832073204297923e-01 1.095189819540938991e+01
1.768612674120138536e+03 -5.186714150421505715e-02 2.378961233223023886e+00
7.157925489758334834e+02 1.575476108457245922e-02 8.883432789750186909e-02
7.028511105939112895e+03 -4.604214797917594026e-02 7.449797919818035297e+00
1.123768116188243766e+03 -1.669507500797231744e-02 1.566114316221542402e-01
1.479601821909222394e+02 5.950622609015640552e-02 2.619628325678009517e-01
1.248526541840480604e+03 5.602422041062995461e-01 1.959383414045812799e+02
1.883831950250090358e+03 -1.795499960949225801e-02 3.036567662320487915e-01
5.223200209388118083e+02 1.465227838560190232e-01 5.606824988264641263e+00
3.781943387853573313e+03 -1.506718629001168978e-02 4.292885881541117499e-01
1.921269473947790175e+03 2.536497895692953891e-02 6.180552496297595511e-01
5.409397534356400683e+03 -9.958887980775114057e-01 2.682505356403292353e+03
1.093230424025595511e+02 -2.567164803191480105e-01 3.602377432541188806e+00
4.864007810008523848e+03 7.105637352854803357e-01 1.227920770507602583e+03
2.975017820717440372e+03 2.766721448556792862e-02 1.138650522272929067e+00
7.100204925195673695e+02 -1.018551942635455010e-01 3.683046912078262736e+00
1.258051354115618778e+03 -2.427838323589260050e-01 3.707728274954359193e+01
1.019015052690105279e+02 -1.547166573133759715e-01 1.219620600354777373e+00
1.195517598710195443e+03 -9.508879836452005518e-01 5.404863078311718709e+02
5.778201169426375827e+02 6.690889018377961239e-01 1.293392430047317418e+02
5.341450588040199364e+03 -1.918452426422237733e-01 9.829496847649795654e+01
9.042146732544981660e+02 -8.113172592439558128e-01 2.975931870059521884e+02
8.103838164099859114e+02 -7.016876647247641263e-02 1.995025484193246434e+00
2.487490274847537535e+02 -1.729947299280988060e-01 3.722178035179918965e+00
3.572614660640551847e+03 -8.493632991392436882e-01 1.288674286498787296e+03
1.569002593563836854e+03 6.818252941821498769e-01 3.647034594419793621e+02
3.101169904885544838e+03 -3.164904455252580129e-01 1.553162057332100403e+02
2.152267868204319541e+02 9.721823994529875390e-02 1.017095739051629533e+00
2.586977231014499012e+03 -1.540527705451341101e-01 3.069740310199149036e+01
1.848520508751639682e+03 2.397949360700656410e-02 5.314645394709289761e-01
6.732251004793949505e+03 -5.683510705109404149e-02 1.087335754008403299e+01
2.849158743880703241e+03 -8.170931589134198259e-01 9.511079246036729273e+02
1.851782273112220309e+02 2.441649363292179228e-02 5.519840387957594685e-02
3.560652313348554799e+03 -3.838000060102412375e-02 2.622463950874090344e+00
2.956071717885640737e+02 -5.324676678190112811e-02 4.190554127215617153e-01
7.951938817263263672e+02 -3.379709805659014688e-01 4.541526553295970103e+01
9.450036302776263710e+02 4.510545538857105297e-01 9.613059378991393089e+01
3.670906101176983611e+02 4.827769220741291029e-02 4.277955702662519233e-01
1.430633152301259088e+03 -4.093828933566308614e-01 1.198830190369863971e+02
3.968974187909045213e+03 6.794201042825451231e-02 9.160624176146972886e+00
3.100739379340207620e+02 4.051347674131438037e-01 2.544686573494690762e+01
2.972640866510401452e+02 -1.079887148479928005e-01 1.733281867874201909e+00
2.293043852970510216e+03 -1.450075544628197030e-02 2.410813536339141694e-01
1.832166929161253620e+03 -1.254420582432680675e-01 1.441522371273167025e+01
2.400461262483584619e+02 -2.148373436621418137e-02 5.539674588255767695e-02
1.313452627035625255e+02 2.460553898355800628e-01 3.976034857726574057e+00
5.742349026298541503e+03 -4.691737053839808991e-02 6.320143204064476272e+00
1.710996361558373337e+03 6.689131753911836675e-01 3.827882433783356646e+02
7.625050481073711808e+02 -1.311855690124154664e-02 6.561223841488041109e-02
4.945685026772381434e+02 -1.439369621220282398e-02 5.123197795364804741e-02
2.784862018298893531e+02 -9.926328723825440792e-02 1.371990148856979008e+00
5.669150382090137100e+03 9.328380678853385177e-01 2.466610087469333394e+03
1.912458290595181097e+03 3.936461868507372119e-01 1.481747060648539502e+02
2.149336416129551708e+03 4.076972077865358146e-02 1.786281397652190295e+00
4.329768022734635451e+03 -1.045260041865415934e-01 2.365284196303043274e+01
2.879434275669226508e+02 -4.460203209578469941e-01 2.864088715207210356e+01
6.963293247013702057e+03 3.476137071569002646e-01 4.207057773516927455e+02
3.461232998662189857e+03 2.288205690686193755e-02 9.061309459172008918e-01
3.476295810999643891e+03 -5.518480572351355251e-01 5.293290942310002265e+02
4.592778176301902135e+02 -5.062383521375561912e-01 5.885123244744755056e+01
2.479858119448230809e+03 7.346649292690442257e-02 6.692300835127936942e+00
1.047725542670093091e+03 -8.852263883072398754e-01 4.105123615664019212e+02
9.396382877619558940e+02 8.252487436853243874e-02 3.199635103730284147e+00
6.068138398115457903e+02 1.672752935691676143e-02 8.489636258695169857e-02
1.121365796538537012e+02 7.649921570632879642e-02 3.281189211513765858e-01
2.688242841093835068e+03 5.429586096477272139e-02 3.962524408757589267e+00
9.998838465415135488e+02 -1.204869628206831772e-02 7.257710998713452766e-02
1.661006432721710325e+03 5.627253276882053790e-01 2.629869777594705624e+02
2.543487940301594961e+02 3.950916140073145594e-02 1.985159061701790850e-01
3.616866044533351669e+03 7.686556410272271656e-02 1.068479185218187766e+01
6.919419888773292769e+03 -1.774578106411986433e-02 1.089506757482265220e+00
3.581050455368443181e+03 2.961281427881466699e-02 1.570145179440270988e+00
2.751223992930388249e+03 -1.344417728913453736e-01 2.486362324535343404e+01
6.076479505347123222e+02 -1.229961855148693772e-01 4.596267828959708091e+00
8.058074933091565981e+02 1.475100675585593601e-01 8.766871274823927251e+00
4.379441384257976097e+03 -7.025209212934308001e-02 1.080705213842153078e+01
1.056977511665627389e+02 2.467871397740617131e-02 3.218702229758224620e-02
1.539784384327205771e+03 4.318945142475473231e-01 1.436102013012995542e+02
2.411288612863702099e+02 -5.232992554389601092e-02 3.301561816785422154e-01
2.868806875933448737e+02 9.133376095161012120e-01 1.196558676701623938e+02
3.375659902699873328e+03 -4.646583169935628727e-02 3.644148946649080845e+00
1.284901386263369147e+02 1.787700987819216755e-02 2.053191994459505065e-02
1.260959568637010307e+03 1.428522273148544706e-02 1.286604891764053515e-01
8.093325126857485884e+03 7.459835784919586210e-01 2.251933317406032984e+03
2.710048040933473885e+02 -2.225766834720738913e-02 6.712840491750517169e-02
5.200816263737765439e+03 -4.719506429276088544e-01 5.792081705705888908e+02
2.100087781770485435e+03 -3.801874049517401377e-01 1.517759301247864983e+02
4.041319827084379881e+02 4.681023508675538625e-02 4.427666181237824850e-01
3.808777841126740213e+02 3.622816731567486681e-02 2.499472574330668939e-01
1.033789374642272151e+03 2.770791406254815015e-01 3.968347838324812216e+01
3.494251883106926471e+03 -2.851790256923260047e-01 1.420886454442356808e+02
1.543515664986852016e+02 4.766582066708662802e-01 1.753457303065891892e+01
2.378819007604866727e+02 -8.847337909965981018e-01 9.310149051178220247e+01
7.830924976675760263e+03 5.777768402619332805e-02 1.307083482682652686e+01
2.098756281999203850e+02 1.568668105926361925e-02 2.582225387230903391e-02
7.567996320414104048e+02 4.662791055299536636e-02 8.227025168956314527e-01
3.110951908286197067e+02 1.083036361741465531e-01 1.824523146993765721e+00
1.263888739770471147e+03 1.569560826618990601e-01 1.556808345138315453e+01
8.047677066216865569e+03 4.184925187664953472e-02 7.047189381087999749e+00
3.693543648316245708e+03 1.024938060509240217e-01 1.940030159223276129e+01
1.271461573156495177e+02 1.390448830297323080e-01 1.229088812776453210e+00
5.137790275365009620e+03 -8.203922937145879946e-01 1.728978214638341115e+03
4.039169314723452544e+02 1.814500383220830626e-01 6.649304035294117732e+00
2.290578324156539566e+03 2.373889979833377836e-02 6.454109444193818490e-01
2.258801140404346825e+03 1.323638037418067570e-01 1.978729737544761846e+01
3.551778124613668979e+02 -5.580932171923114193e-01 5.531326838533406232e+01
2.549313940533243567e+03 4.013855438822110377e-01 2.053604367758990179e+02
6.733951899925518774e+02 -2.957557258190127714e-01 2.945142662857649896e+01
4.961942342115107749e+03 6.423485973371344249e-02 1.023677783403398500e+01
1.373387557285800085e+03 -3.942702699586612680e-01 1.067458926284837872e+02
9.337060384861695184e+02 -1.087751875204197582e-01 5.523824260784079954e+00
4.653735487947853358e+02 3.616827354190214200e-02 3.043878103672897906e-01
2.401044705320307457e+02 8.260098630142230502e-02 8.191071497507977917e-01
1.359624668554301479e+03 -9.464265445751396388e-02 6.089236823653750186e+00
1.833862907906151577e+03 -2.634341317304526031e-01 6.363278886729558081e+01
2.962961700908910188e+03 -3.742265705294942624e-01 2.074747650945496673e+02
9.917636629562957751e+02 3.497538757272101312e-02 6.066012040657141613e-01
9.171779216689673149e+02 -7.822136308237719327e-01 2.805913997199010055e+02
5.238529541400713242e+03 -6.283646938842087915e-01 1.034196234377176552e+03
1.751339402458629877e+02 -1.547750459799028186e-02 2.097694340462998713e-02
1.109718651283755435e+03 2.806147797644806263e-01 4.369220596161417802e+01
1.135454569453158058e+02 2.800186681417139722e-02 4.451575443192393178e-02
1.157631441104576311e+02 -3.516854813043420597e-02 7.158947824764524959e-02
3.867144459944543996e+03 -8.337084984177307589e-01 1.343967779832426231e+03
2.107987814594872816e+03 -8.122032888249534899e-02 6.952925690279045057e+00
9.185797629533199142e+02 3.146256385131090266e-02 4.546478037834700281e-01
5.160971603205852034e+02 4.471363532418259346e-01 5.159188962078577845e+01
9.640756252816241840e+02 2.124291225871512145e-01 2.175250202158202484e+01
2.714217433924953298e+02 -2.820850856623889902e-01 1.079878487912892382e+01
2.292256697932968109e+03 -2.502502666107793775e-02 7.177651242500062700e-01
5.482079580823950664e+02 7.684637294801619500e-01 1.618684053857061542e+02
1.978124168842271047e+02 -3.986926191806360875e-01 1.572171594177494747e+01
1.516039140793418767e+02 -2.071238249904547649e-02 3.251925096551341182e-02
9.972919412464099878e+03 1.170280939940431322e-02 6.829243181349833325e-01
4.938559515395819290e+03 -8.344619752240827193e-01 1.719425642585483274e+03
7.059283474035337349e+02 -1.175351666462521281e-02 4.876029012743862689e-02
1.353910982266231144e+02 1.443065155910449801e-02 1.409717192012134405e-02
8.324004939326787280e+03 -1.599289801373535713e-01 1.064526970657844203e+02
1.528576223267612704e+03 -6.432210710683167187e-02 3.162114779377851903e+00
7.928435070809519857e+03 9.859001103302589275e-01 3.853215589406979234e+03
4.193839578781751243e+02 -6.249249479078128333e-01 8.189125817706971588e+01
1.526535149164297422e+02 -4.419884702366458362e-02 1.491072270817846157e-01
1.931976214134329553e+02 -1.351909774255856400e-02 1.765497860207676517e-02
5.102502669064123779e+02 2.737404358002453741e-01 1.911750240742097517e+01
1.577368168814554792e+03 1.917641869746177646e-02 2.900267686423752544e-01
3.746061576671540365e+02 7.721457948927147596e-02 1.116718054099390400e+00
3.416833301017790063e+02 1.467221781976584677e-02 3.677776445936661864e-02
6.624981929406953896e+02 -4.034428192430417059e-01 5.391612634308842900e+01
1.804267775884613684e+03 -1.407787285674779176e-01 1.787907615452585475e+01
9.743134851057571723e+03 1.602435404945178610e-01 1.250920706965748650e+02
7.408734480568081381e+03 1.872776207053967329e-02 1.299229285164522629e+00
1.026151726305273542e+03 -1.762378855651587639e-02 1.593602974801397731e-01
1.241891217353596630e+02 2.525866111080405860e-02 3.961632741874991648e-02
6.315860286864437512e+03 -2.640760657815693357e-01 2.202219486525823982e+02
6.431427360523853167e+02 3.503045747004084887e-01 3.946108216617069786e+01
1.720981573783560066e+02 3.397971400029055067e-01 9.935407014796064473e+00
2.587354736883233386e+02 2.173690548109714557e-02 6.112535783307926351e-02
9.276225995144764056e+02 -3.706166076686423505e-02 6.370757558728166181e-01
8.633862228193413102e+03 -2.541335984131049552e-01 2.788041862622974350e+02
3.716565480070085869e+03 -1.882828447265453564e-01 6.587692148655185065e+01
7.391971924840699103e+03 -1.734035357300680799e-02 1.111338117158531924e+00
1.015196068344910714e+03 4.564741455839237821e-02 1.057675148829216427e+00
4.657581834016041853e+02 4.216591846445435499e-01 4.140507997430991338e+01
3.085486194239353608e+03 2.205137495035432438e-01 7.501790983007772695e+01
2.770223007517150222e+02 -2.364166075739809747e-01 7.741777734510664644e+00
4.400450214566714067e+02 2.693104946903940866e-01 1.595782402239829700e+01
1.200401503446884846e+02 1.084193056765120761e-01 7.055207291512863854e-01
9.150736549278213715e+03 1.937485468354897822e-02 1.717524592362721592e+00
2.627077617021448532e+03 -3.456682620023353997e-02 1.569502170466863467e+00
6.424735451961921171e+03 2.812338323949531982e-01 2.540740931247307515e+02
1.088574276234949849e+02 7.618556788311272587e-01 3.159173588761153795e+01
9.266823832023799241e+02 -4.352092720225472083e-02 8.776011625567781138e-01
3.410599878446472758e+03 3.490107656185780644e-02 2.077200524038485874e+00
3.998792959144407632e+03 1.304828077226423584e-02 3.404125082653169376e-01
2.299790967516319995e+02 -1.197585213626481682e-01 1.649191997206151505e+00
3.357447949418124608e+03 1.712203195243893472e-01 4.921413986924209638e+01
3.589005721029287201e+02 1.359650315993054040e-02 3.317405885891714507e-02
8.041682393619164031e+03 4.163249559815423301e-02 6.969182069443095706e+00
2.290851487505599948e+02 2.161910346284001694e-02 5.353555380588960466e-02
1.134405056504414233e+02 1.234334273841333415e-02 8.641790516787201462e-03
2.987518942243721540e+03 7.550689813097706260e-01 8.516358422762236842e+02
6.260307687234392233e+02 -5.713733069062013614e-01 1.021893361728929079e+02
2.119730176614438335e+02 3.458184225507947573e-01 1.267496701172595586e+01
8.783199499212478258e+03 2.654797636283237616e-02 3.095177760543069034e+00
3.560640494080333838e+02 -8.825673848553470258e-01 1.386736284568750932e+02
1.731815056699999786e+02 1.480200267749376686e-01 1.897197188348479724e+00
6.913326880499603249e+02 1.104086983904672623e-02 4.213700622120952061e-02
1.885478070540250712e+02 -1.597157926690235541e-01 2.404845678112921714e+00
2.274620267406945402e+02 5.925470824477704346e-01 3.993232867498679184e+01
5.821907077555293654e+03 -1.871020361776192659e-02 1.019042510466127149e+00
2.147966944607531332e+03 1.291361056284788256e-01 1.790989205830604902e+01
1.284415169323646069e+02 2.494452813321419715e-02 3.996004938893233521e-02
1.302908207525039643e+03 6.593501648752680966e-02 2.832148768571151276e+00
2.162765668644211019e+03 -2.246526318322941418e-01 5.457609938404508654e+01
2.808207853791345769e+03 2.120412901362643265e-01 6.313063095662892010e+01
5.173351507537415273e+03 -5.694456311926526793e-02 8.387770188670195637e+00
1.181816210381520165e+02 -1.528423978486721790e-01 1.380408522472867272e+00
5.263855615933978697e+03 -6.724461596597437751e-02 1.190115216600940329e+01
1.240250153066271650e+03 2.122959852748826093e-01 2.794878007306374457e+01
3.061296462639555216e+02 2.668424228696940070e-01 1.089896215561992854e+01
2.140526258964847557e+02 5.893089271880588842e-02 3.716863434053613302e-01
1.738334146670035352e+03 -8.602320621832109104e-01 6.431829396365237699e+02
8.495060748067990062e+02 -2.974781899034940058e-01 3.758778669541278106e+01
6.502230845686085559e+03 3.060422185866426559e-01 3.045054511170254159e+02
1.935002987634080228e+03 2.034235123892172703e-01 4.003630063333138622e+01
9.985259503946510449e+03 1.396537763427694312e-01 9.737214298036288085e+01
1.710029413457103828e+03 4.114240304971902296e-01 1.447281110083361284e+02
9.656695267833909384e+03 9.766546818655498507e-02 4.605540478950606342e+01
1.199409128836707623e+03 1.163992603801677350e-01 8.125269896220721932e+00
7.222603494816378770e+03 1.023490654836942820e-01 3.782958188668833799e+01
7.149059508021412057e+02 -8.814509829290846366e-01 2.777251750855860450e+02
1.965246009528001423e+03 -1.641204661114019706e-02 2.646746886537357790e-01
1.191935254399243007e+02 4.285925109288015733e-01 1.094742114832865454e+01
4.219702426098092474e+02 1.038388540926468012e-01 2.274948678023581472e+00
2.658210648377468033e+02 -1.637401466618136070e-01 3.563442438022992320e+00
1.830737275173402168e+02 -8.933823661960177409e-02 7.305850492640487692e-01
2.995409464038747046e+03 2.728173307656847624e-01 1.114731087693179745e+02
4.093881876298191287e+02 -2.841882859094937985e-02 1.653170538320241634e-01
5.713670892865686255e+03 4.165369918105315539e-01 4.956697077181930808e+02
2.230682568066124531e+02 9.877546492380434584e-02 1.088193037429619592e+00
7.646637359988994831e+02 2.096037858516373031e-01 1.679727157529511317e+01
1.134373401521313326e+03 -1.242290592986907902e-02 8.753312478339675407e-02
2.442211232408410979e+03 1.754662590436491601e-02 3.759589799943893751e-01
1.361103886008300833e+03 6.601790546011602201e-01 2.966092980543525641e+02
2.763336714673756660e+02 3.322962426943078945e-02 1.525649155540742818e-01
4.792677711174071646e+02 1.850979151259447494e-02 8.210153630077299258e-02
1.003784156382171631e+02 1.852018070244227169e-02 1.721475239453038042e-02
1.007365671533779391e+03 1.112147221846773726e-02 6.229909159202998148e-02
3.399177156533443849e+03 1.588997711955196512e-02 4.291314534235446954e-01
1.608341082131202313e+02 2.197011613622747161e-02 3.881618642289245275e-02
3.218341246160201194e+02 6.815425096732471433e-01 7.474600641727086270e+01
3.873216960233663940e+03 9.014962666910961153e-02 1.573873033573320335e+01
9.849557144940339640e+03 -1.041798839287284666e-02 5.345082920863295506e-01
1.017049295793247836e+02 2.935011410224778322e-02 4.380579795067258975e-02
3.487058934221449249e+02 2.769734284657455678e-02 1.337536078608123069e-01
1.593594693874695452e+02 -8.913795431680915371e-01 6.331013000041113514e+01
2.654878523039120068e+02 6.623693660166831698e-01 5.823916445305806633e+01
1.644084601871455334e+03 6.417731601160663324e-01 3.385768551996650331e+02
1.769260964660986417e+02 -1.231059968985640136e-02 1.340665145583003724e-02
1.185747425241262590e+03 -5.042761077594217767e-01 1.507644607917341659e+02
3.342534951925431415e+03 1.705777364412121300e-02 4.862847561208827329e-01
3.502763919227469614e+03 -2.848860178699316736e-01 1.421422354630479674e+02
2.129870756112761399e+02 2.970163566039202285e-01 9.394723177123710300e+00
2.884909724106332760e+02 -3.633465738608956386e-01 1.904339478275158015e+01
2.118349946832804108e+03 -1.078979780245081441e-02 1.233088714372736344e-01
5.415356516352773042e+02 5.848264623177131805e-01 9.260855089221468006e+01
8.005956368652790616e+02 4.703739625111628964e-02 8.856655866735372307e-01
2.037773788568141754e+03 1.312353107350878491e-02 1.754799022604501824e-01
7.919856523391791825e+02 1.274720689884832961e-02 6.434538266901779213e-02
1.371325240923412991e+02 -8.222036246415744820e-01 4.635208221456399258e+01
2.493700497197126424e+03 1.412014404474651319e-02 2.485950921969788396e-01
1.904947071257930929e+03 3.570131001607302901e-01 1.214007087811094010e+02
2.288027671289626142e+02 -2.720005496467758910e-02 8.463906168580435929e-02
4.828617403135700101e+02 -2.019562855849068583e-01 9.847081867492967433e+00
4.027363626204788943e+03 -1.097252631738568351e-02 2.424399077085125920e-01
3.065116919174622581e+02 -3.046312175597366140e-02 1.422216989361789197e-01
2.336243481289339172e+02 -4.524737700307212424e-02 2.391524989449353433e-01
1.316467443837531619e+03 7.547661750565883010e-02 3.749773070162867761e+00
5.380790489565398502e+02 2.172256873206331040e-01 1.269516783491263823e+01
1.816579385343993067e+02 -1.024514924598866616e-01 9.533688646590086080e-01
3.217469677609531118e+03 5.387303023072200631e-02 4.669036570225793881e+00
