1.907383629682031486e-10 7.400000000000000000e+01 1.064569413573097867e+00 2.947180108271068637e-12
6.854528359326433590e-11 5.600000000000000000e+01 5.163002766658568721e-01 2.479455316433085222e-12
4.426968717407448819e-10 3.500000000000000000e+01 4.879609251486804328e-02 2.593138559918277241e-10
4.224145797231469392e-11 7.200000000000000000e+01 4.908140063761371463e-01 1.244710805955721526e-12
1.263537201885405539e-11 2.000000000000000000e+00 1.258233106828704040e+00 6.639373551360191324e-12
8.017820854234847864e-11 9.800000000000000000e+01 6.313139304995367684e-01 1.386202557774420109e-12
1.270589684201837603e-10 4.600000000000000000e+01 2.691518877391455566e-01 1.038738823609162567e-11
2.857635898115483994e-11 1.400000000000000000e+01 3.876231894890024843e-01 5.400073669065564889e-12
8.624679230910207494e-11 2.800000000000000000e+01 1.689490056823535757e-01 1.831881245012122293e-11
4.223958776000410698e-11 1.700000000000000000e+01 8.563334678296875557e-01 3.289029214443631416e-12
2.624841151846041317e-11 9.700000000000000000e+01 9.536137949443320716e-01 3.318186492342195967e-13
1.158837593228310898e-10 9.900000000000000000e+01 1.170430987975830395e-01 1.002382775947863762e-11
1.426867036634256962e-11 3.200000000000000000e+01 1.126401439590313247e+00 4.938645287628983903e-13
6.616067852325418758e-10 1.800000000000000000e+01 9.125156219322423656e-02 4.033573935743635384e-10
5.583670737862050999e-10 2.300000000000000000e+01 3.733925851470513979e-02 6.503201291733490355e-10
3.301438725475830408e-10 1.300000000000000000e+01 1.341282885211185327e+00 2.607956152178998999e-11
1.657601489723733890e-11 7.900000000000000000e+01 1.078757605326604585e-01 1.948820416003432614e-12
4.901852471386174459e-11 6.000000000000000000e+01 6.156361985768025180e-01 1.414729845193863835e-12
4.473967541436989028e-11 5.000000000000000000e+00 1.969126454425098802e-02 4.544407670270964400e-10
2.342236604944020777e-11 3.500000000000000000e+01 5.643217580580903725e-01 1.251228186333680460e-12
1.281476389566503968e-11 7.800000000000000000e+01 1.038271100111984868e+00 1.906982656650611525e-13
1.736067004091626574e-10 2.600000000000000000e+01 1.549463100405440219e+00 6.678700487493543796e-12
1.167998284237180771e-10 5.100000000000000000e+01 4.203055284122339530e-01 5.612675309566109104e-12
9.388344810078892341e-10 2.500000000000000000e+01 2.413664251997318377e-01 1.571076095226337236e-10
1.306104323497262850e-11 5.000000000000000000e+00 1.443004230951161260e+00 2.633684510096649270e-12
5.795788384964324365e-10 7.900000000000000000e+01 4.953788199579147733e-01 1.543328075195378190e-11
2.043467498979233487e-10 8.600000000000000000e+01 1.349593939443988866e+00 2.435466735174850285e-12
6.291174653658724781e-11 1.500000000000000000e+01 1.537798026094791437e+00 4.196400933457567849e-12
4.075279661382040467e-11 6.300000000000000000e+01 1.369763504962066891e+00 6.601649382510605172e-13
9.774155035007519479e-10 3.200000000000000000e+01 7.264509363720045299e-01 4.598506384670010487e-11
4.021815950434082905e-10 9.000000000000000000e+00 3.162218950099920378e-01 1.436977600492806080e-10
4.095330895909211434e-11 7.200000000000000000e+01 1.644139223163025298e-01 3.475172078375346043e-12
1.873145811954728846e-10 1.600000000000000000e+01 1.252886373626912186e-01 9.368643569406674569e-11
1.241405429657898461e-11 6.400000000000000000e+01 7.354402907472936679e-01 2.891125862527016005e-13
1.638826844869405266e-10 2.000000000000000000e+01 1.418189739800639337e+00 8.290484612533043066e-12
1.361304151585235743e-11 5.400000000000000000e+01 5.519764676038922957e-01 4.807536422334385926e-13
9.767105008447914793e-10 1.200000000000000000e+01 1.127621579893997694e+00 9.009630860412569197e-11
5.570150017071637455e-10 9.700000000000000000e+01 4.595180071752511530e-01 1.294749359129822500e-11
2.673309933939592882e-10 7.300000000000000000e+01 3.167907831560824727e-02 1.156182941275634719e-10
2.430015688218640657e-11 8.700000000000000000e+01 8.546429242886856015e-01 3.702752421111194765e-13
1.468581925521144572e-10 4.200000000000000000e+01 1.209010440747592785e+00 3.738639967060896476e-12
2.245953863420636538e-10 9.900000000000000000e+01 1.259659434611625772e-01 1.805766627218140267e-11
4.220397119490644013e-10 2.200000000000000000e+01 8.546368355722674393e-01 2.543125474420287454e-11
2.782263394568946249e-10 5.100000000000000000e+01 8.344594874620404612e-01 7.362897630300079704e-12
1.165528172716263045e-10 4.000000000000000000e+01 5.180685766108613644e-01 5.884091830361621623e-12
5.381430442335817834e-10 9.600000000000000000e+01 1.239406842517889906e+00 5.928203268772473819e-12
8.793631698262471797e-11 7.100000000000000000e+01 7.798151388646985538e-01 1.761421064818720733e-12
1.241847419530577734e-10 4.100000000000000000e+01 1.544368473052814439e+00 3.029954191268116694e-12
5.204014042331984386e-10 6.400000000000000000e+01 1.308094971848560162e+00 8.420150575427011545e-12
3.887451584080236764e-10 2.500000000000000000e+01 1.203693769234322586e+00 1.665983104503017116e-11
4.676635259108345670e-11 4.300000000000000000e+01 1.505653987479399714e+00 1.089901288831461465e-12
1.038670409974364803e-11 3.000000000000000000e+01 2.022118121358332798e-01 1.723906540049140116e-12
6.029917792819922066e-10 5.100000000000000000e+01 1.001382941212694888e+00 1.403838060641958207e-11
1.799651845965934818e-10 6.100000000000000000e+01 9.537186187457450393e-01 3.617394357791434601e-12
3.917189254726118002e-11 3.000000000000000000e+00 1.438700851701906647e+00 1.317205148231253899e-11
2.229526840283474164e-10 1.400000000000000000e+01 2.045538208163171778e-01 7.839889705816185917e-11
1.846144169491723169e-10 4.400000000000000000e+01 3.439184170918939132e-01 1.244379639947491024e-11
6.112208316301732858e-11 9.000000000000000000e+01 1.426009257253768814e+00 6.863154155784678865e-13
9.458804644217066583e-11 3.000000000000000000e+00 1.211730544703632395e+00 3.367708770077202055e-11
1.262927794237456988e-10 7.600000000000000000e+01 1.478658367870488322e+00 1.668825755339146153e-12
5.385075843253054081e-10 1.300000000000000000e+01 5.325972893805985819e-01 8.157915745862436041e-11
1.607156836638394132e-10 9.200000000000000000e+01 1.367439993393184450e+00 1.783663310360508442e-12
1.926227633068704896e-10 7.000000000000000000e+00 3.807548963882219084e-01 7.404723444677856152e-11
2.296700840915294511e-11 2.200000000000000000e+01 1.221970621494154363e+00 1.110856566385568249e-12
2.696209082670652283e-11 5.600000000000000000e+01 6.195606910263395939e-01 8.291450203648459917e-13
8.999165878469145635e-10 1.600000000000000000e+01 1.020789380540798374e+00 6.597467265969737471e-11
9.458711642090100708e-10 4.500000000000000000e+01 1.542402596732269857e-02 1.362821399025401002e-09
1.266781991526896794e-10 7.200000000000000000e+01 1.208954591366194542e+00 1.881236170339260515e-12
2.025485901882801253e-10 4.200000000000000000e+01 4.594284468320777859e-01 1.087549645523911989e-11
8.956277870640946931e-10 4.500000000000000000e+01 1.406481452121835618e+00 2.017457801852693883e-11
7.961746074511023322e-11 2.100000000000000000e+01 1.126952888821330268e+00 4.198067141943900277e-12
3.083937606930204023e-11 4.900000000000000000e+01 2.184885613435783580e-01 2.903632510969100787e-12
3.354872937485699724e-10 3.700000000000000000e+01 1.292857432111044869e+00 9.429084168981245276e-12
1.869722542254602484e-10 3.700000000000000000e+01 7.986912645202204342e-01 7.053316772178814325e-12
3.600189796187218439e-11 5.900000000000000000e+01 6.058569450568714876e-01 1.071531756759358458e-12
7.841687723555009599e-11 7.900000000000000000e+01 5.602018612093967453e-01 1.868081718080815161e-12
8.625250729643863709e-10 9.700000000000000000e+01 1.037034641845806515e+00 1.032874683881794326e-11
3.908373803197221905e-11 2.300000000000000000e+01 1.374647403736980467e+00 1.732514973324297980e-12
1.655739652167102225e-11 9.400000000000000000e+01 2.335767112707610171e-01 7.610109553674747767e-13
2.479130259411671945e-10 1.100000000000000000e+01 4.211646991747347024e-01 5.512779850818895899e-11
8.757352135830142287e-11 1.300000000000000000e+01 9.636395062182222526e-01 8.202413671482709779e-12
1.408756458783229884e-10 3.400000000000000000e+01 1.023183075145091436e+00 4.853067237361310791e-12
5.822662049829665380e-10 8.300000000000000000e+01 1.256440428323946978e+00 7.376747575206746947e-12
5.455138293189519185e-10 5.300000000000000000e+01 3.654738625837893329e-01 2.879951599643316667e-11
1.222785406160519189e-11 8.200000000000000000e+01 5.040404996045455555e-01 3.087581987295754943e-13
1.807428122218920609e-10 1.000000000000000000e+01 6.261097804296007485e-01 3.084364629886308067e-11
1.241724436235479689e-10 5.900000000000000000e+01 5.461533149500900075e-01 4.051986090568589401e-12
1.241955998156179660e-10 4.100000000000000000e+01 1.622842183620928358e-01 1.874795990817189656e-11
2.289162418338360732e-10 6.400000000000000000e+01 7.184503876095458264e-01 5.434083439231572325e-12
2.564961136085106272e-10 1.100000000000000000e+01 3.229829910546143101e-01 7.346587791962773696e-11
2.043292316303345123e-10 8.700000000000000000e+01 1.052059127009352002e+00 2.704384611912113359e-12
7.594406110968776490e-11 9.500000000000000000e+01 9.588423751016915686e-01 9.766459424558042043e-13
3.895328092670179446e-10 3.000000000000000000e+01 5.367376414450883981e-01 2.539318499317163284e-11
3.462442328127042393e-11 5.500000000000000000e+01 6.682143344616936487e-01 1.016058504731153578e-12
4.028823072459557215e-10 1.700000000000000000e+01 5.274612023942559097e-02 4.495108215088552590e-10
2.728850506185692805e-11 7.500000000000000000e+01 1.420716179316417804e+00 3.679831973381556015e-13
2.531236976827805289e-10 7.000000000000000000e+01 1.066324229178264194e+00 4.130603056431058180e-12
2.947576827315612913e-11 7.400000000000000000e+01 1.729038419060482251e-02 2.303829897735395883e-11
3.425762973685172308e-10 4.200000000000000000e+01 3.260022447443893800e-01 2.546874156956123101e-11
1.369201817553436713e-10 7.300000000000000000e+01 2.371857434992301616e-01 7.982440901162736220e-12
1.007923028923662795e-11 1.600000000000000000e+01 6.182810132433835815e-01 1.086807412129211253e-12
3.660711385941057827e-11 6.700000000000000000e+01 8.505973202563198166e-02 6.431177581136578598e-12
3.384825562318350663e-11 6.200000000000000000e+01 4.224292800299847550e-01 1.331633430483087465e-12
4.022720077020983274e-11 8.300000000000000000e+01 1.156433247513341867e+00 5.294727985198353837e-13
3.084861270986928505e-11 3.800000000000000000e+01 1.483995920034269389e+00 8.148734254875875275e-13
1.245305061786996211e-11 4.900000000000000000e+01 8.853701376156747349e-01 3.282879382076844458e-13
1.825420073906575630e-11 1.300000000000000000e+01 1.355951302960609395e+00 1.437211577659960205e-12
5.797935694277444982e-11 5.600000000000000000e+01 1.437610172519963925e+00 1.044596789491073793e-12
4.634144063596441486e-10 5.800000000000000000e+01 1.125988589032278053e+00 8.851181889403870618e-12
1.453935652696863005e-10 4.400000000000000000e+01 1.055710087643603190e+00 3.797067839063434426e-12
8.063434421435606469e-10 8.200000000000000000e+01 9.709974488928174718e-01 1.191285555126031432e-11
6.273996523624736519e-10 4.400000000000000000e+01 7.310117407355802843e-01 2.135797954307726364e-11
1.944881011432809956e-10 4.900000000000000000e+01 1.374916257162708266e+00 4.046527633899649506e-12
1.855580445846951092e-10 8.300000000000000000e+01 6.969930614286116155e-01 3.482765293750052932e-12
4.146184675321911902e-10 3.100000000000000000e+01 1.063928178348975129e+00 1.529825189201642800e-11
3.356909722122626475e-11 4.000000000000000000e+00 1.442099811989640212e+00 8.462256937600890368e-12
1.204311763010447696e-11 6.600000000000000000e+01 1.091368749983278486e+00 2.056574872816165612e-13
3.723404484214994750e-10 3.000000000000000000e+01 1.308067216204667371e+00 1.285238056143186762e-11
1.717148683275469723e-11 5.700000000000000000e+01 3.273958034133810924e-01 9.367989065214491140e-13
3.913360238021992420e-11 4.500000000000000000e+01 1.218914505841039553e+00 9.264000511473019322e-13
1.449955556933794856e-10 9.900000000000000000e+01 1.589701917181148560e-01 9.251977230229662355e-12
3.610383887207038187e-11 3.800000000000000000e+01 9.508998298128920057e-01 1.167288335049445948e-12
6.581343039550190390e-10 6.500000000000000000e+01 1.098566874907280111e+00 1.136945768644330845e-11
6.297509175515773216e-10 9.800000000000000000e+01 3.462648108130637614e-01 1.893424221555060370e-11
2.840370169102618693e-11 6.300000000000000000e+01 1.475209430787551845e+00 4.529199647791238465e-13
1.574255460500853017e-11 4.000000000000000000e+00 2.499535244974706305e-01 1.591063916054934663e-11
4.363085677676953375e-10 1.900000000000000000e+01 1.380541300100421864e+00 2.338557727122364246e-11
9.338038894395731208e-10 1.500000000000000000e+01 5.023014695433940524e-01 1.293059900246167295e-10
2.768888740258536359e-11 8.300000000000000000e+01 2.372792882197574393e-01 1.419222517439379096e-12
7.571123136557250652e-10 2.900000000000000000e+01 1.343981021182114377e+00 2.679357165044098485e-11
4.296897446840975458e-10 2.100000000000000000e+01 1.149899943410699565e+00 2.241798988581927261e-11
9.206565749953946174e-10 7.900000000000000000e+01 5.152959642031058884e-02 2.262590924008243714e-10
2.898404592194789897e-11 4.800000000000000000e+01 2.234147962713764202e-01 2.725365651723807684e-12
6.050064467578834437e-10 6.700000000000000000e+01 8.594398818864117384e-01 1.192108399701242378e-11
5.377813218228640059e-11 1.800000000000000000e+01 4.341327754569546671e-01 7.102960247590815060e-12
2.105522484142188905e-11 5.400000000000000000e+01 8.752383046244334441e-02 4.460611799060655779e-12
1.139568553934230746e-10 1.800000000000000000e+01 1.124985849711492625e+00 7.016742332140684678e-12
3.159163427246883864e-10 2.100000000000000000e+01 1.099051465274740735e-01 1.371543033018016757e-10
2.669693715337282563e-11 1.900000000000000000e+01 1.127208370534018789e+00 1.555662743838111119e-12
1.765576513357471597e-10 9.800000000000000000e+01 4.726667678719833066e-01 3.957298407483959805e-12
5.518395653966229241e-10 3.600000000000000000e+01 9.648323022631052348e-01 1.864932554344892818e-11
3.501731865485195117e-11 8.400000000000000000e+01 3.824778158770175129e-01 1.116961597211540665e-12
1.457881378960297746e-10 2.700000000000000000e+01 4.401501757315405272e-01 1.267278402953510853e-11
2.315917194459461630e-10 4.500000000000000000e+01 1.411782878333631253e+00 5.212240390950916973e-12
1.013484581875440553e-10 2.700000000000000000e+01 1.217678007727698519e+00 4.000480730664840956e-12
3.911147958125762891e-10 9.000000000000000000e+01 1.544834086122414685e-01 2.824286071365863355e-11
4.281678294891639959e-10 5.000000000000000000e+00 3.969213938653766705e-01 2.215152431369925107e-10
2.867983485891814898e-11 4.100000000000000000e+01 1.038334307740409468e+00 8.119089908037970723e-13
2.113379711891012451e-11 2.400000000000000000e+01 4.218141255834635395e-01 2.150805941952379092e-12
1.530417067999876169e-11 7.700000000000000000e+01 8.011656027891820298e-01 2.767535591764601356e-13
1.257129297938031630e-11 5.400000000000000000e+01 1.404770834097044618e+00 2.360475175112466167e-13
4.598750958416912588e-10 1.300000000000000000e+01 1.543109375933204630e+00 3.538857036549056966e-11
3.403389734349351392e-11 5.400000000000000000e+01 9.966400897819670535e-01 7.506183578788739716e-13
7.646112387465971561e-11 4.000000000000000000e+00 1.223551889645858592e+00 2.032861419377951188e-11
3.598541852518039718e-11 8.000000000000000000e+01 1.174793800360933282e+00 4.875489919305525303e-13
5.129162172860199321e-11 1.400000000000000000e+01 1.170997023955666183e+00 3.977344078206637966e-12
2.308843143982616196e-10 1.400000000000000000e+01 8.342909550073258629e-01 2.226144969726253548e-11
4.127029455295479945e-11 2.700000000000000000e+01 6.167188743553648766e-01 2.642861191584870086e-12
2.184111583406316205e-11 1.200000000000000000e+01 1.381369527307358958e+00 1.853243192906762787e-12
1.379859908098292376e-10 6.400000000000000000e+01 1.287507987549206256e-01 1.679212353421887437e-11
1.153318748001551615e-11 8.700000000000000000e+01 6.015598035453839643e-01 2.342437634477570508e-13
4.017175440919652303e-11 9.600000000000000000e+01 5.377824474595683801e-01 8.169251257048767756e-13
1.625362846541018215e-11 7.400000000000000000e+01 1.204735963914720237e-01 1.827585872476378916e-12
1.105576642413895132e-10 7.100000000000000000e+01 1.079770104461603486e+00 1.765777866824707192e-12
2.948121253423075967e-11 6.300000000000000000e+01 1.218818822650901579e+00 4.985185325124582986e-13
1.547354139024027714e-10 6.900000000000000000e+01 1.271126270817455772e+00 2.347145240821710789e-12
1.692958963292024603e-10 2.300000000000000000e+01 7.873945979664463968e-01 1.038886926510238484e-11
5.514431705843637782e-10 7.000000000000000000e+00 1.151885067543009455e+00 8.623405210992011100e-11
3.056945014269961254e-11 9.700000000000000000e+01 4.439220569671599725e-01 7.337839843281772631e-13
3.957829561986156061e-10 4.900000000000000000e+01 1.135048824003090040e+00 8.909779458008525314e-12
1.519746780482446166e-11 9.300000000000000000e+01 3.334178291743594702e-01 4.993166655442974147e-13
2.135576753966319462e-11 2.100000000000000000e+01 8.596183110854822562e-01 1.342331129906808776e-12
6.594930907469119128e-10 1.000000000000000000e+00 9.387422719313379682e-01 8.174024329894622279e-10
2.186923534165539952e-10 6.400000000000000000e+01 1.364939686656867046e+00 3.490771324838504734e-12
3.089756294323196715e-10 5.200000000000000000e+01 1.346622102588278524e+00 6.094331321750384917e-12
1.287899275578788312e-11 1.000000000000000000e+01 1.200843951425629275e+00 1.381355479573984757e-12
5.981663726457065310e-11 8.600000000000000000e+01 1.280643598659506610e+00 7.258841106757038318e-13
6.947815316622680846e-10 2.800000000000000000e+01 2.083511500077638023e-02 1.191038374157728876e-09
9.583272650734926764e-11 8.000000000000000000e+01 1.295763472095416757e+00 1.244689134854729238e-12
1.970856853184191169e-10 4.900000000000000000e+01 1.748945526579346807e-02 2.299878320781401734e-10
3.889507929762774526e-11 9.500000000000000000e+01 1.270694775182504566e-01 3.230718920391964999e-12
1.618963398717591830e-11 2.700000000000000000e+01 1.145562864146961957e+00 6.582370552831184041e-13
7.150854299197961230e-10 7.400000000000000000e+01 1.150311488375843405e+00 1.058539868483128044e-11
1.787873065026179651e-10 9.000000000000000000e+00 1.168240904012022296e+00 2.159119464360119540e-11
6.669843442496033853e-10 5.600000000000000000e+01 4.802176130747439764e-01 2.578171386068442965e-11
2.746307202645812295e-10 9.500000000000000000e+01 8.471135010060497628e-01 3.857695205468549258e-12
8.551450965897583746e-10 2.500000000000000000e+01 9.730234655341885031e-01 4.138177110030209693e-11
8.115832448005765605e-10 9.900000000000000000e+01 2.338647390243553115e-01 3.537522127250589528e-11
1.053346363764208684e-10 4.800000000000000000e+01 1.389750026937876859e+00 2.230934348765300613e-12
7.457861988334507771e-11 3.700000000000000000e+01 1.541304877731082934e+00 2.016515239264688107e-12
3.879639352187106257e-11 6.500000000000000000e+01 2.578401056357854104e-01 2.340724661056638102e-12
4.015694849250221480e-11 5.800000000000000000e+01 3.262910184204930730e-01 2.160037938027944566e-12
1.519911835155719834e-10 2.900000000000000000e+01 6.797391453672538830e-01 8.337825741792667712e-12
7.964516809195790785e-11 5.100000000000000000e+01 4.790613923375017236e-01 3.387964097552977584e-12
1.628186015696105801e-11 2.800000000000000000e+01 5.009855231017021904e-01 1.210715991177840511e-12
6.857050844302376866e-11 7.300000000000000000e+01 5.983199649996406855e-01 1.667667206854757789e-12
1.644511161590672804e-10 9.800000000000000000e+01 6.171047581523031456e-01 2.899846526237936393e-12
2.415563437307609308e-10 4.100000000000000000e+01 1.225502666842401833e+00 6.261177257574195411e-12
6.488155185784988161e-11 3.200000000000000000e+01 1.106650133618716891e+00 2.267433666947782321e-12
9.270627283019789036e-10 5.800000000000000000e+01 1.194950531958352435e+00 1.718327579093021648e-11
3.452409500823569265e-10 4.400000000000000000e+01 2.830884466866929322e-02 2.772078275296910354e-10
5.232520404332328642e-11 7.800000000000000000e+01 1.097018937237925984e+00 7.538742955681354663e-13
3.751704987785253304e-11 9.700000000000000000e+01 7.333127162657141485e-01 5.778481416344374645e-13
7.600473364865728543e-11 7.900000000000000000e+01 1.759002414794231736e-02 5.469775611002691813e-11
1.527603111045346684e-11 9.300000000000000000e+01 1.200432904686794755e+00 1.762058867720695623e-13
8.263715802839526150e-11 4.700000000000000000e+01 6.855936768523763769e-01 2.777044260667171817e-12
6.908956753764613007e-10 5.400000000000000000e+01 1.279587054470754603e+00 1.335671713343676284e-11
3.639143831348931928e-10 1.800000000000000000e+01 6.482914941083309790e-01 3.348230369129037515e-11
1.972460373740592905e-10 7.000000000000000000e+00 3.501161142461095555e-01 8.214997134739592553e-11
1.334824324178412705e-11 8.000000000000000000e+00 1.486242894200888731e-01 1.126793624095883473e-11
4.583673571531233668e-10 2.400000000000000000e+01 1.411590123579976042e-01 1.357491347982063375e-10
1.218084875727193862e-10 5.000000000000000000e+01 1.025926772654104813e+00 2.848671952816519424e-12
4.636761368337927849e-11 2.000000000000000000e+01 1.073731685906712530e+00 2.637562500583575267e-12
5.581063097818907236e-10 7.300000000000000000e+01 1.352712132321143290e+00 7.830773626194140466e-12
1.058616339917564600e-11 8.200000000000000000e+01 6.375403245155212284e-01 2.168935734822800522e-13
4.337263441654300808e-11 7.800000000000000000e+01 1.220759713592659113e+00 5.919555040518831022e-13
3.312561144698616142e-10 5.000000000000000000e+00 1.160166252489319927e+00 7.225807359958837804e-11
1.737123019745818622e-10 3.200000000000000000e+01 3.048843117373806755e-01 1.808401080010502514e-11
1.025714229216985518e-11 6.600000000000000000e+01 1.123006735556883351e+00 1.724097531114355085e-13
2.108385891137691084e-11 2.300000000000000000e+01 1.418832198243318299e+00 9.273769293968772077e-13
4.652574436313865302e-11 3.800000000000000000e+01 9.383617889723175898e-01 1.517946477292425241e-12
1.789385673946935183e-11 4.300000000000000000e+01 1.557675776842161630e+00 4.161720244933553993e-13
5.727268220173443587e-10 5.200000000000000000e+01 1.012198720508129757e+00 1.298819293600195763e-11
9.010762992142133808e-10 2.000000000000000000e+00 1.865427261325257047e-01 2.429265356460632957e-09
9.740772402503411665e-10 9.600000000000000000e+01 7.354528608134751622e-01 1.512340077934587568e-11
1.193097893514138769e-11 6.000000000000000000e+01 8.718541341659856725e-01 2.597565225755190431e-13
3.460610103517676479e-10 6.700000000000000000e+01 3.861353171687740508e-03 1.337640540090004769e-09
1.060361225414794603e-11 9.300000000000000000e+01 2.573884208178083277e-01 4.479069141839565011e-13
6.436185031780978454e-10 8.400000000000000000e+01 2.681116043907372792e-01 2.892339530723876481e-11
5.315271760042516020e-10 3.300000000000000000e+01 1.313654538679948969e+00 1.665446941186981912e-11
4.633745099161882549e-10 2.900000000000000000e+01 5.393250676156173817e-01 3.111325913713390246e-11
3.802498679526519040e-11 7.000000000000000000e+00 1.075261258059921232e+00 6.174891434476746725e-12
3.132198266615560043e-11 3.900000000000000000e+01 1.137213598569284806e-01 7.077487100438744098e-12
2.651115833902263496e-10 4.000000000000000000e+00 1.292932490726254713e+00 6.892147652864728296e-11
2.635427406756812882e-11 3.900000000000000000e+01 1.551268257367011794e+00 6.758794848203393693e-13
1.473408565760471133e-10 8.200000000000000000e+01 3.156188501928373635e-01 5.788697992559387422e-12
6.473270997399652362e-11 3.900000000000000000e+01 1.258766371765610126e+00 1.744028089250356280e-12
5.457472373585224925e-10 7.800000000000000000e+01 3.531314100260136285e-02 1.981759097876397424e-10
6.373458818929785605e-10 6.500000000000000000e+01 7.831695098702247115e-01 1.389782623750740687e-11
9.728699042134075504e-10 1.700000000000000000e+01 6.330589986710128958e-01 9.673142512682113459e-11
9.998539212533807488e-11 5.000000000000000000e+00 1.273646041170119814e+00 2.091362303476086576e-11
1.642557529323197536e-10 5.900000000000000000e+01 1.180985231331666219e+00 3.009787472114865915e-12
9.921745484707916412e-11 8.300000000000000000e+01 1.087692618619778173e+00 1.349874088810753225e-12
2.288167234854604299e-10 6.600000000000000000e+01 1.699148953662288908e-01 2.050237379451742164e-11
4.899959385256191591e-11 3.700000000000000000e+01 7.421843707115907129e-01 1.959335021550394682e-12
1.869346196023470074e-10 5.900000000000000000e+01 1.138923326805910019e+00 3.488704521592815647e-12
2.006686138782437554e-11 8.200000000000000000e+01 1.691191396115061529e-01 1.453935180260265682e-12
1.792131224722644502e-10 9.100000000000000000e+01 5.505196887283065887e-01 3.764598088041297259e-12
2.978830661765269301e-11 1.400000000000000000e+01 1.398582797479137163e+00 2.159682507394705255e-12
6.913813483270313068e-11 4.800000000000000000e+01 4.064588919671515144e-01 3.643212972963253417e-12
4.413890679226232172e-10 3.500000000000000000e+01 1.142238072370309887e-01 1.106475205850324615e-10
2.603847242954915168e-11 4.200000000000000000e+01 8.685958855974529325e-01 8.120842745200007353e-13
7.288171525372022971e-10 1.900000000000000000e+01 8.817186353605619420e-01 4.969832710423963737e-11
2.169962423440625404e-11 8.100000000000000000e+01 3.844262500574133212e-01 7.143388709208729306e-13
1.415292984550302035e-11 6.000000000000000000e+00 1.493168415446980646e+00 2.365946768964199372e-12
1.153097249131921154e-10 7.000000000000000000e+00 4.239396323506398057e-01 4.004530709938366833e-11
8.485977450765793530e-11 2.500000000000000000e+01 7.674667587854336892e-01 4.888838754366325050e-12
5.833101473426906017e-11 7.300000000000000000e+01 8.125207009982988726e-01 1.100592014927023051e-12
3.295314749155643532e-11 4.800000000000000000e+01 1.825261757521746409e-01 3.782201584219536882e-12
1.991455188133059788e-11 2.500000000000000000e+01 9.360134376536431988e-01 9.892965939256346050e-13
5.648226633628054622e-10 2.600000000000000000e+01 1.227168018978286979e+00 2.307282103627270108e-11
9.246866190823163435e-11 2.300000000000000000e+01 1.123395860725601159e+00 4.459282529714040315e-12
2.633989449075758480e-10 3.400000000000000000e+01 3.439769383673594305e-01 2.297228088567550093e-11
2.812996887973093966e-11 2.300000000000000000e+01 3.718586745007767536e-01 3.366037894902656251e-12
7.646243695956033095e-10 8.500000000000000000e+01 6.053354984816421425e-01 1.580840108769954257e-11
3.834404145908245731e-10 8.800000000000000000e+01 1.715990893745682200e-01 2.551724133022579348e-11
2.482157248546784068e-10 3.400000000000000000e+01 3.282636248680684821e-01 2.264412453188873837e-11
1.798583526351440079e-10 5.100000000000000000e+01 1.360703423568844217e+00 3.605923045968590883e-12
3.409601232358769408e-11 2.000000000000000000e+00 2.658206341057709476e-01 6.489505285254273610e-11
1.798334593219873697e-11 1.800000000000000000e+01 1.360628133053418010e+00 1.021553194732848340e-12
4.076565911359168067e-10 8.300000000000000000e+01 1.090619031220133817e+00 5.537775392968925643e-12
7.446715070271081527e-11 6.300000000000000000e+01 4.462357157338193159e-01 2.738861050032950813e-12
1.387179962234075055e-11 4.500000000000000000e+01 4.876570849333037860e-01 6.578964183729549879e-13
1.117508253328453001e-11 4.100000000000000000e+01 7.408237437820728299e-01 4.038592493951837306e-13
4.706528693699868567e-11 7.900000000000000000e+01 1.281751065271615531e+00 6.215471073261682957e-13
2.195340038877698418e-10 5.200000000000000000e+01 5.122066789702686002e-02 8.245996257176928519e-11
3.062206515537194821e-11 2.200000000000000000e+01 4.833659746418504377e-01 2.994891114447709652e-12
3.934733391081340979e-10 1.800000000000000000e+01 6.814726650857040324e-01 3.470127088149619642e-11
3.755581135475517505e-11 2.300000000000000000e+01 3.554019877639646441e-01 4.692571839460082734e-12
1.671773948444926169e-11 9.300000000000000000e+01 1.205121672687227585e+00 1.924873794055245322e-13
1.092678636082184487e-10 8.700000000000000000e+01 1.558281053754912548e+00 1.256050822896374443e-12
5.614555116121624625e-11 4.900000000000000000e+01 1.511896816230596574e+00 1.147817976914463173e-12
2.760130449925823922e-10 7.600000000000000000e+01 1.174416273613861694e+00 3.937007961714055672e-12
3.295729243229456191e-11 3.500000000000000000e+01 6.039869922929237411e-01 1.658019958515814318e-12
4.788657038714592071e-10 2.300000000000000000e+01 1.235338032987799428e+00 2.204928535608793964e-11
7.406572964088134362e-10 7.400000000000000000e+01 6.846660186106546808e-01 1.582646349859029602e-11
2.488307941332011926e-10 6.700000000000000000e+01 1.106809792867613496e+00 4.152961999063510024e-12
8.882656359756254823e-10 3.000000000000000000e+01 2.971562146777863012e-01 1.011223622471707844e-10
7.926587362744653773e-10 8.000000000000000000e+01 1.547965687515767463e+00 9.910817038909862991e-12
1.045930302349360495e-11 2.000000000000000000e+00 7.055556009576265941e-01 8.064763687671922470e-12
1.908804667155124853e-10 4.100000000000000000e+01 8.606732242097930863e-01 6.139699247064104323e-12
1.136012576209623751e-10 1.400000000000000000e+01 8.304488912383532762e-02 9.782311561180685939e-11
1.330240975555814836e-11 5.400000000000000000e+01 1.217161885122537868e+00 2.625899145846323119e-13
2.386385203398095580e-10 9.000000000000000000e+00 7.709107906546940336e-01 3.805369795706539323e-11
2.208020802596591689e-11 3.200000000000000000e+01 2.359405520326452177e-01 2.951803713750432661e-12
3.658903019032244655e-10 2.200000000000000000e+01 2.317978568257389460e-01 7.239605739300654548e-11
1.586503616315072561e-11 6.900000000000000000e+01 2.406413954799151989e-01 9.647644679411211377e-13
2.013498513971441003e-10 8.300000000000000000e+01 1.410518282989222216e+00 2.457398428051310457e-12
4.371820185087562964e-10 2.000000000000000000e+00 1.203845420218028872e+00 2.341814999436144315e-10
2.230656070589727454e-11 3.300000000000000000e+01 6.419790233277179459e-01 1.128886297064203865e-12
1.054464361502661011e-10 4.400000000000000000e+01 1.053149743620641399e+00 2.757822936672700779e-12
1.150039325355548421e-10 8.800000000000000000e+01 1.395298520833662792e+00 1.327249764787927743e-12
1.245615245664549653e-11 3.800000000000000000e+01 9.358929513766561792e-01 4.071316302662529751e-13
2.932304642088907906e-11 2.000000000000000000e+00 1.238167852034750327e+00 1.551176431177229937e-11
1.848536552060658352e-11 5.200000000000000000e+01 7.729288010391053426e-03 4.599276642371709869e-11
7.176450623204339535e-10 3.200000000000000000e+01 9.884820780256254880e-01 2.685179484470990877e-11
3.600712078989847583e-10 8.800000000000000000e+01 9.982507244472127450e-01 4.868053195748330296e-12
8.917449268600340567e-11 4.700000000000000000e+01 3.900674901275065221e-01 4.989679047501067232e-12
1.780665085994644776e-11 7.100000000000000000e+01 1.506966897054483834e+00 2.513096680815649871e-13
2.653313374135021010e-11 2.400000000000000000e+01 9.670242038764588210e-01 1.342987663076054132e-12
4.034701160884414203e-10 3.200000000000000000e+01 8.105443240957700413e-01 1.739905577603587041e-11
3.827599280243451165e-11 5.000000000000000000e+01 1.120891832111797770e+00 8.501160617046906459e-13
8.058370930148189163e-10 3.100000000000000000e+01 2.062160847941218178e-01 1.269537301371532984e-10
1.993959614845099018e-11 7.800000000000000000e+01 1.340674492580433030e+00 2.625572207421223377e-13
1.845115656398450803e-11 9.800000000000000000e+01 1.513664933251583244e+00 1.885847941104289126e-13
3.843011293241405774e-10 9.500000000000000000e+01 8.789972348928098977e-01 5.252924632219834780e-12
1.147574325204969934e-10 6.900000000000000000e+01 2.135473023943596504e-01 7.847719835916642127e-12
2.970244078982095294e-11 8.700000000000000000e+01 5.406988297630682672e-01 6.632678834758470512e-13
9.252049835548690929e-10 7.000000000000000000e+00 8.800051545075062709e-01 1.714868432500187398e-10
1.278590064496754043e-11 9.500000000000000000e+01 1.689547489998871055e-01 8.003970759530020641e-13
1.205223752479380267e-10 9.800000000000000000e+01 3.018984204424405293e-01 4.136166859456510046e-12
3.871474021408192162e-10 8.400000000000000000e+01 5.952302327303568008e-01 8.219908191170340150e-12
6.425697409991825482e-10 2.900000000000000000e+01 2.333564807078478132e-01 9.581890154885673872e-11
1.798229009291576869e-10 2.100000000000000000e+01 7.752651729244540713e-01 1.223450213351804224e-11
4.827228410368734046e-11 2.700000000000000000e+01 1.206863113408527921e+00 1.913167133816317930e-12
1.150925196810981288e-11 3.600000000000000000e+01 1.494585568647088580e+00 3.206321214244845219e-13
1.527559840875525113e-11 5.600000000000000000e+01 4.547543171008288643e-01 6.210216309969755742e-13
2.038240951344558229e-10 7.800000000000000000e+01 8.976392424415952087e-01 3.342207799307107086e-12
3.417306205011447906e-11 5.900000000000000000e+01 3.750827576799115048e-01 1.581015906963742083e-12
3.862567922361272640e-10 5.600000000000000000e+01 1.374969357333833742e+00 7.031841639005170023e-12
2.938708355740062045e-10 4.900000000000000000e+01 3.909957413683805560e-01 1.573660264080104773e-11
7.338799805282407102e-10 6.600000000000000000e+01 6.243955153906922684e-01 1.902028981818611367e-11
5.340363209163618691e-11 2.100000000000000000e+01 1.532213414224700365e+00 2.544924103989237204e-12
8.029629236276265979e-10 4.800000000000000000e+01 6.702132563929424913e-01 2.693119215049501843e-11
9.049233696715358150e-10 4.100000000000000000e+01 5.586523453368028580e-01 4.164051570276184126e-11
2.308095308264763998e-10 9.800000000000000000e+01 6.994669483041190405e-01 3.658221644800753311e-12
1.436867631070285562e-11 6.600000000000000000e+01 1.127375150592723196e+00 2.410160855690592242e-13
7.174632799136752793e-11 8.900000000000000000e+01 2.433145669507656150e-01 3.346071616109818839e-12
4.289080468594062686e-10 3.700000000000000000e+01 6.144198100258532191e-01 2.010827444851161738e-11
2.019903630386974750e-10 5.500000000000000000e+01 1.217745095681214584e+00 3.913956762516815197e-12
6.050952577073366225e-11 1.000000000000000000e+01 3.156794204419289263e-01 1.949013074927227322e-11
1.545259214447107790e-10 6.900000000000000000e+01 9.379884300679488529e-01 2.777268400923765485e-12
2.794746153816254241e-11 7.600000000000000000e+01 1.513266637238342316e+00 3.683391285795336516e-13
5.603811960807098349e-11 4.000000000000000000e+00 1.089559060696127846e+00 1.580456675641508061e-11
1.325160654416701267e-11 3.400000000000000000e+01 7.645977779221764248e-01 5.630262807626360773e-13
4.125672980510873282e-11 4.600000000000000000e+01 1.057701192506471877e+00 1.029448129634497636e-12
1.506560955286156651e-10 4.500000000000000000e+01 1.471329010568163564e+00 3.364543486901342283e-12
7.802068259795640922e-10 3.200000000000000000e+01 4.402162406968031516e-01 5.721533700361392657e-11
1.935366375504532665e-11 7.600000000000000000e+01 1.169304941943684062e-01 2.182789878963928013e-12
8.682254721953358906e-10 9.600000000000000000e+01 6.765621877691525565e-01 1.444462840459937977e-11
1.390702031895725664e-10 7.100000000000000000e+01 6.109621292053124542e-01 3.414478244505498024e-12
1.028299503017414889e-11 9.700000000000000000e+01 8.911970241247777480e-01 1.362906963942533881e-13
1.163259922253432635e-11 6.300000000000000000e+01 5.958210759232372977e-01 3.290238832574628530e-13
4.343842637190900160e-11 7.800000000000000000e+01 5.332670497757433514e-01 1.095511912537220439e-12
1.188445893052795899e-11 3.200000000000000000e+01 5.204666508613183806e-01 7.468339131943220939e-13
1.396555838528819497e-11 2.200000000000000000e+01 1.741968058013755594e-01 3.662638640013288380e-12
1.576714778080123591e-10 1.100000000000000000e+01 1.060372160954880405e+00 1.642768705389293750e-11
9.016507842469046203e-11 9.000000000000000000e+01 7.463629173674833917e-01 1.475513958595276658e-12
3.555516083511092449e-11 2.100000000000000000e+01 5.846695299937383350e-01 3.067638664046226422e-12
9.856634610652774359e-11 3.100000000000000000e+01 4.812445959909265880e-02 6.609502113301778803e-11
1.755220022845930511e-10 3.400000000000000000e+01 9.434155193013691321e-01 6.376750303119124048e-12
1.375322972940696162e-11 1.200000000000000000e+01 5.399343655487914839e-01 2.229425686159109589e-12
1.062975269828008322e-10 9.600000000000000000e+01 1.410575120363162904e+00 1.121631746399461254e-12
4.299046890788526161e-11 3.300000000000000000e+01 7.976664858617737996e-01 1.820161875665801697e-12
3.386205918716102940e-10 8.400000000000000000e+01 9.394242137494789313e-01 4.993936769169327233e-12
6.848186674926044139e-11 8.400000000000000000e+01 5.621629413583179025e-01 1.529518810005179905e-12
3.667799357381812716e-10 3.300000000000000000e+01 2.982113050879839702e-02 3.727622276136020486e-10
3.235764550232478443e-11 5.400000000000000000e+01 7.696588732215776663e-01 8.610777558142462814e-13
1.170245433942053728e-10 7.100000000000000000e+01 7.523885428073751047e-01 2.411867760883468780e-12
1.016511389047411286e-11 7.200000000000000000e+01 1.348152448106266998e+00 1.447551183201181035e-13
1.183026658357478530e-10 4.300000000000000000e+01 1.352579491483351992e+00 2.818054853564552355e-12
7.199004775034372176e-10 6.400000000000000000e+01 6.372401490598221807e-01 1.890560072197172586e-11
1.281463616380956849e-11 3.400000000000000000e+01 4.955859242459030867e-01 7.925629498319583332e-13
1.155169292373796846e-11 2.900000000000000000e+01 1.289558030690411305e+00 4.146237738102695808e-13
7.273944442646904432e-11 8.100000000000000000e+01 6.526421696048040344e-01 1.478735470945725114e-12
2.251839689243884817e-10 5.700000000000000000e+01 1.004769248557804362e+00 4.680588809375411339e-12
3.317242178380334458e-10 7.900000000000000000e+01 8.251153059603735240e-01 5.715888933112867872e-12
2.316088732509724375e-11 9.300000000000000000e+01 1.410753791228410492e+00 2.522656263047379137e-13
1.420495683267754256e-11 8.200000000000000000e+01 1.285246616614780679e+00 1.805418714526539448e-13
9.328801575542122717e-11 4.500000000000000000e+01 7.825915818521580469e-01 2.940022471952496626e-12
1.895237207431457417e-10 4.400000000000000000e+01 1.449585183592903670e+00 4.339194309288482053e-12
2.946729681964711987e-10 1.800000000000000000e+01 3.176418599795012288e-01 5.241527927530256834e-11
1.169163784234859309e-10 1.900000000000000000e+01 5.942353528697429388e-01 1.099082788451953166e-11
6.663684214374667275e-11 8.800000000000000000e+01 6.807982084839533377e-01 1.203083276798458906e-12
1.629644969121859666e-10 2.000000000000000000e+00 2.614340099177780430e-01 3.152531356605590148e-10
6.128755580950689686e-11 7.600000000000000000e+01 1.527394603655573446e+00 8.071753306358180222e-13
2.211983089725394606e-10 1.000000000000000000e+01 1.001119101105619524e+00 2.626823975329689334e-11
5.848603838469060317e-11 8.900000000000000000e+01 1.511808406304551600e+00 6.582914538151635218e-13
1.855490888747597427e-10 5.100000000000000000e+01 7.139015906796766231e-01 5.556332035459998104e-12
9.258130554618516347e-11 9.400000000000000000e+01 7.445600264747893604e-01 1.453419817563802178e-12
1.887537411321188598e-11 6.200000000000000000e+01 1.234829128916232310e+00 3.224702207523283644e-13
1.151439391568628430e-10 8.600000000000000000e+01 1.438006936443570805e+00 1.350774643887981404e-12
5.446201430832524853e-10 2.400000000000000000e+01 2.079136265894325486e-01 1.099342398922444679e-10
7.703704589381611775e-11 2.900000000000000000e+01 1.316030930283141220e+00 2.745053468001246938e-12
7.505258124862596009e-10 3.300000000000000000e+01 1.181981505052635884e+00 2.457771136309765159e-11
3.687738427690020448e-11 9.900000000000000000e+01 1.199233441161556168e+00 3.997793571988419179e-13
3.624248853826923410e-11 3.300000000000000000e+01 6.069824887204764430e-01 1.925444393092783026e-12
2.482270215183827529e-10 8.500000000000000000e+01 8.888109586189548716e-01 3.761731453469557780e-12
2.411400495760423000e-10 7.000000000000000000e+00 2.635608935200139391e-01 1.322300083587269027e-10
4.183001850935130940e-11 7.400000000000000000e+01 1.455360173433464910e+00 5.690578034167726581e-13
7.384870250990651493e-11 4.100000000000000000e+01 7.438277165218580844e-01 2.660112676665069731e-12
5.561683049116934558e-10 8.000000000000000000e+00 7.840010942192146004e-01 9.845523978978828764e-11
3.279539737748678769e-10 1.300000000000000000e+01 6.989870355891567577e-01 3.920664996921829382e-11
5.652240186725981275e-11 5.800000000000000000e+01 1.167148979881201143e+00 1.059686366326022365e-12
1.371362557161013399e-10 7.500000000000000000e+01 1.364789102052316627e+00 1.867981027704284117e-12
3.796141383741701797e-10 2.100000000000000000e+01 6.532472499520116660e-01 2.974301871995214555e-11
4.485895342509848487e-10 7.500000000000000000e+01 1.102031694602888301e+00 6.704418983202815744e-12
1.818925768570710608e-10 7.100000000000000000e+01 8.469250229769165195e-01 3.419254040013207653e-12
3.218955403685423913e-11 9.400000000000000000e+01 6.637504331108032840e-01 5.558444537669148021e-13
5.256217040097188856e-11 1.900000000000000000e+01 6.444767501100956419e-01 4.604728809449527164e-12
2.736027738201133191e-10 4.700000000000000000e+01 6.122798965826140583e-01 1.012873555767166899e-11
2.066211226801967322e-11 4.000000000000000000e+01 5.200952827204587958e-01 1.039419413291076978e-12
9.571528218196703989e-11 8.300000000000000000e+01 9.398345892045930627e-01 1.428176517726668014e-12
4.257818894119685157e-10 5.200000000000000000e+01 5.656368344471001119e-01 1.527765408859427228e-11
6.248338907041753001e-10 2.000000000000000000e+01 6.032587250196552731e-01 5.506803609916994107e-11
5.821060954962307366e-11 1.200000000000000000e+01 1.877647545545201302e-01 2.598733341360297310e-11
4.782550191036187038e-10 7.000000000000000000e+00 1.207077999807914664e-01 5.673895245682930896e-10
2.325986174702024438e-10 2.900000000000000000e+01 5.578646759762918572e-01 1.515113009802481906e-11
6.530755884851357369e-10 1.000000000000000000e+01 4.495986161204253428e-01 1.502690902727187530e-10
1.146527716991234504e-11 9.100000000000000000e+01 5.208409771319473247e-01 2.531944956636569760e-13
4.928469345778055461e-11 6.700000000000000000e+01 2.302271045157972262e-01 3.223474225012182952e-12
5.300065595644955000e-10 7.100000000000000000e+01 5.068133811556652102e-01 1.537902448892620539e-11
1.729616470508263104e-10 2.000000000000000000e+00 4.084976186830449052e-01 2.177091430341867737e-10
2.502529509559891245e-11 3.500000000000000000e+01 2.717460327156799305e-01 2.663828829238158922e-12
3.510962353528397185e-11 3.900000000000000000e+01 5.608984028293542701e-02 1.605850482013518870e-11
1.207494921039239613e-10 5.400000000000000000e+01 1.195855859323759596e+00 2.403042445093144440e-12
7.607747188966129090e-10 4.700000000000000000e+01 1.793427757376452880e-01 9.074128477440011067e-11
2.532391744267635686e-11 3.500000000000000000e+01 5.892058311036680873e-01 1.302032164969789343e-12
8.102210757294471568e-11 4.500000000000000000e+01 2.228078816728254197e-01 8.148163655018212733e-12
6.081272594561329279e-10 8.700000000000000000e+01 6.548023459857400530e-01 1.147773400333475369e-11
1.401027386994050702e-11 6.000000000000000000e+01 8.925302817579459091e-01 2.998792930196768419e-13
4.452867559441649041e-11 7.500000000000000000e+01 1.338742218981823884e+00 6.100679036918613058e-13
1.459177535499971589e-11 8.000000000000000000e+01 3.645746086955102272e-01 5.115586117265616915e-13
1.226116205775881218e-11 6.200000000000000000e+01 1.258098687211257616e+00 2.078393995520136244e-13
1.459598720858862305e-11 3.000000000000000000e+00 5.304005202510163608e-01 9.617577122578234338e-12
2.734478103747685866e-11 4.700000000000000000e+01 7.331701408201072301e-01 8.693649111668875246e-13
2.184051576853010569e-10 3.300000000000000000e+01 2.300567987912566226e-02 2.877081654421356127e-10
3.190690222748440522e-11 6.000000000000000000e+00 1.133840214114144818e+00 5.869270306973867113e-12
8.734542583183454038e-11 5.500000000000000000e+01 1.390497762902719536e+00 1.614265578222019157e-12
5.189532713767487512e-11 9.400000000000000000e+01 1.408013198943031119e+00 5.594741645137582945e-13
3.797201436080896201e-10 5.200000000000000000e+01 1.084096894553965296e+00 8.261640757249887036e-12
9.026248897307459888e-10 9.100000000000000000e+01 1.402004321070714932e+00 1.006195106415021418e-11
6.812844723651482525e-11 7.300000000000000000e+01 1.300208635133421220e+00 9.685065032109259921e-13
3.630796339070592370e-11 3.500000000000000000e+01 7.164275026536279789e-01 1.579684544415130344e-12
2.877156167091392689e-11 9.500000000000000000e+01 1.133015759928857946e+00 3.343936071791706730e-13
1.685919870951598136e-10 4.400000000000000000e+01 2.440335623750772842e-01 1.585819768865540602e-11
1.811568416090168990e-10 4.100000000000000000e+01 8.268982580444308450e-01 6.004691742095485628e-12
3.045772365188636608e-11 5.100000000000000000e+01 2.433200497615110175e-02 2.454664963744288941e-11
2.316026611544714799e-11 3.700000000000000000e+01 1.406798589321822668e+00 6.344660973751360874e-13
1.601943147152561873e-10 5.100000000000000000e+01 5.827885360602554771e-02 5.392768680103752740e-11
1.326470668048027418e-10 3.000000000000000000e+01 4.932233678486889761e-01 9.338695245024913992e-12
2.394472562620417742e-10 8.800000000000000000e+01 4.700894629426184967e-01 6.007054111728820370e-12
9.199548876329776270e-11 3.000000000000000000e+00 5.264904501496691092e-01 6.102493635042709762e-11
6.981179187556696487e-11 4.500000000000000000e+01 4.006699875792120169e-01 3.977519308803434256e-12
2.922185339074452559e-10 1.100000000000000000e+01 7.381931308405680348e-01 3.947577494453708068e-11
1.392071132147927528e-11 6.900000000000000000e+01 4.061803130762524361e-02 4.968358111367064036e-12
7.083700239893228236e-10 5.200000000000000000e+01 1.049171528731649428e+00 1.571203260632597070e-11
2.077316202070259310e-10 1.000000000000000000e+00 8.736280691040038127e-01 2.709554499370263887e-10
3.488917745655472490e-11 1.200000000000000000e+01 4.638814070801988709e-01 6.498176028137104093e-12
1.868658879000303904e-10 9.200000000000000000e+01 1.347830408074285780e+00 2.082706465745443634e-12
2.394942811816277123e-11 3.700000000000000000e+01 1.218768408696042416e+00 6.895693996064501596e-13
1.262606018411119270e-10 1.300000000000000000e+01 1.360259282426317551e+00 9.931656671806498609e-12
2.173394536507769961e-11 3.500000000000000000e+01 1.349839649455243817e+00 6.364429231683860810e-13
7.941518898884189554e-10 1.000000000000000000e+01 1.514714521921247448e+00 7.954023995017944198e-11
4.349641661885836901e-10 8.900000000000000000e+01 2.216939816708063116e-01 2.222659227784335763e-11
1.740506828223717484e-10 6.200000000000000000e+01 2.018401497020775592e-01 1.400326529071262740e-11
5.183394950479003389e-11 7.700000000000000000e+01 1.412734138607443013e+00 6.816657122412411137e-13
2.363137381131026367e-10 6.500000000000000000e+01 4.035065895217198606e-01 9.259227200375816584e-12
2.048459731226981987e-10 1.200000000000000000e+01 5.312370221201778708e-01 3.369618794189931894e-11
1.661364628697856299e-10 4.200000000000000000e+01 1.115428073462471081e+00 4.404447036409297118e-12
3.352943034848653017e-10 3.100000000000000000e+01 8.200861369704917081e-01 1.479195480949775134e-11
4.299126662594302511e-10 4.100000000000000000e+01 8.588588043616706136e-01 1.384983392159314801e-11
2.581229946583053760e-11 1.200000000000000000e+01 4.999684017075480824e-01 4.486931142464240432e-12
2.423122805403434687e-10 8.000000000000000000e+00 1.404342745546866444e+00 3.071354044794438173e-11
4.742228670261225050e-11 7.000000000000000000e+00 8.547890726706701692e-01 8.979746393999778777e-12
5.793271585322874723e-11 5.000000000000000000e+00 1.450570357730553983e+00 1.167078806276842403e-11
1.132573159287075455e-10 7.100000000000000000e+01 9.798181647723924748e-01 1.920979061157130057e-12
2.197805823008434070e-11 7.300000000000000000e+01 1.028918277783073432e+00 3.514120149737695152e-13
3.297017577695774696e-10 6.200000000000000000e+01 8.055979474823664610e-01 7.373043271821659598e-12
5.667996065489909342e-11 4.800000000000000000e+01 1.333466834423016945e+00 1.214886640016849044e-12
6.678108110453325237e-10 9.200000000000000000e+01 3.666481747423251947e-01 2.024839018105531107e-11
1.888340200807017338e-10 7.000000000000000000e+00 6.287555782391081038e-01 4.586721659730136341e-11
1.359237764600951915e-10 4.900000000000000000e+01 1.213100854460838152e+00 2.961392515392394938e-12
1.328388258567595481e-10 6.200000000000000000e+01 1.556257859260246956e+00 2.142788160771891413e-12
1.617787565673765868e-10 7.500000000000000000e+01 1.347217551410792691e+00 2.212109023852972913e-12
1.835319232864559519e-11 4.000000000000000000e+01 1.167807527914556331e+00 4.987860694956822092e-13
9.449925150421961336e-10 2.600000000000000000e+01 3.044340714240357237e-01 1.212525893541821525e-10
1.230294590241688654e-10 9.300000000000000000e+01 2.171626887123516425e-01 6.139879756439571325e-12
6.017572722052776130e-10 4.200000000000000000e+01 1.360931708313216637e+00 1.464896517914995905e-11
3.567824650046182423e-11 9.000000000000000000e+01 9.258236154771402049e-01 4.960792619763773259e-13
4.235199933077583283e-10 7.800000000000000000e+01 1.244389347739691010e+00 5.732411822555887732e-12
1.788969694837624665e-10 3.100000000000000000e+01 3.568676562223580540e-01 1.651930536570836618e-11
2.557141852767168600e-11 9.600000000000000000e+01 2.849176703290715595e-01 9.476676381577010685e-13
2.515432353789335691e-11 5.700000000000000000e+01 3.188602643172800954e-01 1.407737706942245469e-12
1.973133659913919768e-10 4.200000000000000000e+01 1.031367252181609295e+00 5.475438140787318018e-12
2.308375280984203491e-11 9.200000000000000000e+01 8.890463718795482695e-01 3.231418841522353251e-13
4.603664252046712442e-11 2.700000000000000000e+01 5.597640575496498627e-01 3.211120323269313934e-12
1.274915306943938857e-10 4.100000000000000000e+01 1.304786438199707355e-01 2.389962198552121256e-11
2.544244539859863434e-11 1.700000000000000000e+01 4.382802876394628622e-01 3.526566109934810093e-12
1.166889802979397508e-11 3.000000000000000000e+01 1.057567256936122968e+00 4.464870510999032443e-13
2.818290848882114058e-10 9.700000000000000000e+01 1.050549913729972529e+00 3.348467766712645562e-12
3.912746816251227139e-10 7.800000000000000000e+01 5.428348621090025583e-01 9.710952361997356598e-12
6.275053886265867677e-11 5.300000000000000000e+01 8.876548814923973952e-04 1.333820848100119072e-09
7.101154693713465165e-11 9.000000000000000000e+00 1.154555757546437550e-01 6.849152540495259775e-11
3.825283436609620445e-11 8.100000000000000000e+01 1.432347498955989895e+00 4.768197787794101839e-13
2.297329468914410938e-10 3.700000000000000000e+01 9.212272990754498680e-01 7.796874629009628289e-12
4.437224263859229615e-10 3.600000000000000000e+01 9.026415847532743841e-01 1.570210640443773913e-11
7.373572999242224938e-11 3.000000000000000000e+01 1.524321628070414381e+00 2.460514417789210241e-12
3.122816350457836974e-10 7.000000000000000000e+01 6.226592992642995261e-01 7.649495408408581975e-12
5.443207583869315405e-10 2.000000000000000000e+00 6.269506966757292243e-01 4.639006950560265610e-10
7.372532750195753041e-11 1.000000000000000000e+00 3.467764511051887877e-02 2.126445022570848783e-09
1.029432947819408354e-10 2.000000000000000000e+00 1.149717746255413564e+00 5.639810000018104489e-11
1.672947519147707749e-11 5.700000000000000000e+01 7.611496760993645416e-02 3.859729083133030850e-12
5.158338220931675367e-11 5.100000000000000000e+01 8.294520915540641859e-01 1.371328194653271274e-12
6.039455852356018698e-11 1.200000000000000000e+01 9.008638750205029133e-01 6.420606606739156065e-12
3.027360554225052424e-11 7.300000000000000000e+01 1.386372115000954371e-02 2.991406172145501535e-11
3.581190338249338518e-11 2.500000000000000000e+01 3.649655354848539979e-01 4.013470172004021254e-12
1.240365939962826800e-10 7.800000000000000000e+01 9.931700724810673675e-01 1.898169569700851922e-12
1.286096719004394820e-11 2.400000000000000000e+01 8.548429096489575940e-01 7.102670489589698490e-13
1.886390106912318419e-10 8.000000000000000000e+01 6.319983635969119717e-01 3.991459080132911276e-12
9.946433151066487812e-10 6.100000000000000000e+01 4.828134687213161969e-01 3.512078547143300257e-11
1.435448250763227300e-10 3.000000000000000000e+00 4.542515330936670037e-01 1.090459877619028833e-10
8.790993917540218230e-11 8.200000000000000000e+01 6.468443469444715710e-01 1.778867766350377716e-12
1.405044904315575901e-11 7.900000000000000000e+01 9.146231115117982036e-01 2.244685643585814908e-13
1.100778456370295736e-10 9.800000000000000000e+01 1.191191092132851237e+00 1.209334660351276910e-12
5.226540807821794305e-10 2.800000000000000000e+01 1.124569824210480240e+00 2.069237228134230265e-11
6.034052334273047231e-10 5.700000000000000000e+01 1.646974119079370677e-02 6.427869874500223486e-10
4.185501104533108897e-10 9.100000000000000000e+01 1.120635672779303427e+00 5.108360921491305409e-12
3.271186247331831529e-10 2.300000000000000000e+01 4.682141811963013711e-01 3.151508394577289270e-11
6.416374425110736743e-10 1.200000000000000000e+01 5.731432499654297574e-01 9.860258992446734311e-11
1.322346473055605725e-11 8.800000000000000000e+01 7.636549290680026969e-01 2.172845848500552481e-13
4.226192850188838656e-10 7.900000000000000000e+01 8.887256417049821389e-01 6.891439774968399760e-12
4.211547227435564910e-11 3.000000000000000000e+00 2.211604825141286756e-01 6.399691623230466856e-11
3.376086473124988951e-10 7.400000000000000000e+01 4.233719896750985923e-01 1.110483817463361828e-11
5.971959082280428184e-11 8.000000000000000000e+01 3.147310708402720758e-01 2.411464804758921374e-12
6.266584416531527806e-10 1.000000000000000000e+01 1.403285688024139999e+00 6.355543797793961137e-11
5.344175719200470956e-11 9.600000000000000000e+01 1.016998412982896838e+00 6.545128787820356093e-13
4.115270800313359998e-11 5.000000000000000000e+00 1.066280808098665878e+00 9.401941021678404156e-12
3.551659254996453367e-10 7.900000000000000000e+01 5.191734030152065360e-01 9.061083853981293999e-12
9.091358462001639502e-11 5.800000000000000000e+01 4.293260636561742616e-01 3.765633656666654944e-12
1.343575500672360412e-10 9.000000000000000000e+00 2.632984537305407269e-01 5.735891055387872331e-11
1.695757565641047401e-10 1.600000000000000000e+01 2.580117328413905065e-01 4.153685056096820063e-11
1.003451709165249187e-10 2.800000000000000000e+01 5.877019879232419086e-01 6.463623087304670712e-12
4.287462003028326023e-10 8.500000000000000000e+01 9.522798611728421070e-02 5.304852922001924856e-11
1.778442951346650370e-11 8.000000000000000000e+01 9.012788144824599446e-01 2.835089409394289153e-13
1.018015933976922394e-11 1.300000000000000000e+01 3.744678237503416551e-01 2.140890689438307703e-12
9.162816478207239918e-10 6.300000000000000000e+01 1.397211733531089850e+00 1.476605765730133752e-11
2.675815656384217647e-11 3.500000000000000000e+01 4.470520586696278276e-01 1.768453665839980523e-12
5.910151180127758863e-10 8.300000000000000000e+01 1.198780407687280780e+00 7.643506975600271281e-12
7.617017532417496226e-11 4.900000000000000000e+01 8.552848344170781436e-01 2.059592329798188614e-12
7.110723212159610854e-10 4.100000000000000000e+01 1.449858173469195988e+00 1.747083624661763117e-11
1.042760061751959577e-11 6.100000000000000000e+01 1.126003200404547933e+00 1.893700342310553763e-13
7.106814887904719926e-10 3.800000000000000000e+01 1.166182210780543488e-01 1.607347681868747923e-10
7.056192970950231387e-11 8.000000000000000000e+01 1.474145441580638538e+00 8.861598845244351116e-13
7.568742151890220948e-10 1.600000000000000000e+01 5.740653378895766989e-01 8.710914597917262128e-11
6.878357048565491704e-10 9.300000000000000000e+01 1.496726654755708541e+00 7.416417955717858969e-12
4.868955842313693227e-10 9.000000000000000000e+01 1.096281193908240192e+00 6.081915195547981924e-12
7.671101663447802595e-10 5.400000000000000000e+01 1.298850209784684129e+00 1.474772291822554322e-11
4.743370338164705624e-10 5.000000000000000000e+00 1.535850358758147349e+00 9.492536327323226495e-11
1.801699075080771713e-10 5.400000000000000000e+01 4.830777492754044222e-01 7.182841714678834018e-12
1.961133216007115562e-11 2.700000000000000000e+01 1.162297877875542396e+00 7.914690368127389357e-13
1.207182870303266942e-11 3.700000000000000000e+01 1.357636890351906267e+00 3.338208685877233924e-13
2.268893827484859350e-11 5.600000000000000000e+01 3.775485251808990972e-01 1.099057561785835736e-12
3.394689185999649816e-10 8.700000000000000000e+01 5.672476053778917615e-01 7.261955894624681439e-12
3.085683713953362109e-10 5.900000000000000000e+01 6.942400719708299306e-01 8.174366061727628769e-12
8.620563782388756826e-11 7.000000000000000000e+00 9.731743344686016872e-01 1.489711937383429601e-11
5.797745661479468917e-11 1.600000000000000000e+01 4.314193815290815470e-01 8.665549697195013373e-12
1.470289143521363332e-10 6.700000000000000000e+01 2.612549441609510192e-01 8.496012027484297042e-12
6.185948241947141537e-10 8.300000000000000000e+01 7.624148952380871425e-01 1.079090077905991194e-11
9.402558098165046284e-10 1.400000000000000000e+01 1.359009222513360760e+00 6.869601719282690373e-11
2.867949508556040638e-10 7.000000000000000000e+00 1.357996580658175745e+00 4.191619205153510475e-11
8.123929815098586270e-11 2.600000000000000000e+01 6.933312802228916993e-01 4.889022531270971684e-12
2.985254365356147664e-11 6.000000000000000000e+00 1.170025957832320884e+00 5.403601400031172065e-12
4.815568745281170107e-10 8.600000000000000000e+01 8.849987029655924653e-01 7.235296611652631961e-12
1.103672191304127555e-11 6.000000000000000000e+01 1.674147932418145190e-01 1.103889572610825935e-12
4.979934874635191290e-11 9.800000000000000000e+01 8.689062154410429617e-01 6.654546824618234678e-13
9.383648759223171178e-11 4.700000000000000000e+01 1.477242662216749491e-01 1.356446773118308073e-11
1.662630928910377709e-10 8.300000000000000000e+01 4.633263997847298921e-01 4.482103446603637227e-12
4.446180671610968500e-11 5.200000000000000000e+01 2.604692682042176743e-01 3.320084646187529387e-12
6.268530649450313320e-11 3.400000000000000000e+01 7.409813451290923059e-01 2.731336216433278736e-12
3.604753351220112283e-11 5.800000000000000000e+01 1.211959580263997083e+00 6.637885641507519227e-13
1.403163816846766618e-10 7.100000000000000000e+01 8.832215235582635549e-01 2.557348733247120635e-12
1.781984666031221506e-11 5.100000000000000000e+01 1.325011071228716197e+00 3.602350618785518024e-13
2.581292343508432626e-11 4.900000000000000000e+01 3.401361888208242479e-01 1.579046491317393304e-12
6.586921832473585933e-10 3.500000000000000000e+01 1.221547218892693812e-02 1.540689088567580288e-09
7.877713111641693711e-11 8.700000000000000000e+01 1.285810120818394464e-01 7.061572665497921141e-12
2.323856792308970039e-10 3.800000000000000000e+01 3.840489795976656517e-02 1.592743765052442727e-10
5.177841779096748392e-10 6.700000000000000000e+01 9.981848579502107244e-01 9.194794006440062449e-12
1.363751608339796457e-10 8.000000000000000000e+00 8.602146775458633376e-01 2.248982351239332682e-11
7.384881829395989537e-10 5.200000000000000000e+01 3.390340580429881401e-01 4.270206937470970006e-11
3.740495197313722666e-10 8.400000000000000000e+01 9.904375635393886101e-01 5.324825535899220418e-12
2.689117461686559214e-11 1.200000000000000000e+01 5.365815296708718041e-01 4.383660192459692993e-12
7.483031515594917380e-10 4.200000000000000000e+01 5.005956098309972679e-01 3.712222183023881509e-11
3.767482263776119835e-11 1.700000000000000000e+01 7.964102857169469418e-01 3.100181155308871910e-12
3.908333665082248611e-10 7.000000000000000000e+00 5.746877767263961490e-01 1.027154841639225233e-10
1.186287317195597710e-11 4.600000000000000000e+01 7.257214341406370561e-01 3.885764040958899052e-13
1.972545329910564813e-11 4.600000000000000000e+01 1.122084039261522781e+00 4.759279963596028923e-13
3.105730209825746382e-11 4.200000000000000000e+01 1.350774997048163062e+00 7.577262359834592550e-13
5.151901640449842251e-11 6.300000000000000000e+01 5.646842538074159368e-01 1.528101503354666496e-12
7.681136151821947213e-11 1.600000000000000000e+01 1.188792858582757628e+00 5.173626963421695188e-12
1.408102508770814512e-10 4.100000000000000000e+01 6.104088961845547390e-01 5.991592821908892627e-12
6.107529592543674667e-11 6.000000000000000000e+00 1.258294920621410018e+00 1.069731345306233184e-11
2.063100772010926948e-10 4.700000000000000000e+01 5.739667746985903651e-01 8.084418883762368006e-12
1.523271428848778532e-10 8.800000000000000000e+01 2.250077889695434596e-01 7.758323596864705237e-12
3.799276161447430431e-11 5.400000000000000000e+01 7.851993233963067143e-01 9.951956589560878071e-13
8.596267553079602495e-10 8.900000000000000000e+01 8.976397626122482043e-01 1.235356388351370590e-11
2.670249652437438790e-11 8.200000000000000000e+01 4.116291056798763726e-01 8.138911605806344647e-13
3.456094642723391452e-10 5.000000000000000000e+00 9.745629342688301167e-01 8.353537541040232854e-11
3.427252503133610124e-11 1.000000000000000000e+01 1.367144720282696735e+00 3.499572630793754059e-12
2.672061221539974275e-10 8.200000000000000000e+01 8.071355540272943108e-01 4.511380112716246108e-12
7.012290279151994075e-10 3.400000000000000000e+01 8.844402593255680234e-01 2.666163300684093298e-11
4.404661278933936923e-11 4.400000000000000000e+01 1.460867278347681486e+00 1.007138586513593461e-12
1.888717515533879970e-11 3.600000000000000000e+01 2.849272448405886227e-01 1.866477560446962101e-12
1.878125586843537261e-11 1.000000000000000000e+00 2.973386771181447119e-01 6.410494621073521060e-11
3.690871999134317631e-11 7.000000000000000000e+00 9.868534781336602002e-01 6.319913093212191083e-12
1.505654253369859358e-11 7.000000000000000000e+00 1.064048060563744569e+00 2.460102315485145904e-12
1.630994418562394010e-11 3.300000000000000000e+01 1.123198357929287239e+00 5.482491367023038712e-13
6.801075423489344904e-10 1.100000000000000000e+01 1.183130823016730560e+00 6.678370412313915324e-11
2.404647493899667363e-10 6.200000000000000000e+01 5.325176329594486502e-01 7.639222740417627379e-12
3.693441165864166661e-11 9.300000000000000000e+01 1.261822279531458868e+00 4.168853833279174959e-13
6.713080209426266182e-11 9.100000000000000000e+01 1.303940756224534425e+00 7.647702818618950871e-13
8.203279183250281617e-10 9.700000000000000000e+01 8.703400512515332421e-01 1.106142060735825408e-11
5.344588245308139240e-10 4.100000000000000000e+01 1.516153219347966097e+00 1.305506659753413267e-11
7.932893405944795214e-10 7.800000000000000000e+01 1.231374701127412763e+00 1.078573024184630912e-11
3.080297892826036416e-10 5.300000000000000000e+01 1.406286428660648014e+00 5.891424486629060925e-12
1.389109895662586317e-11 3.900000000000000000e+01 9.803951376770660142e-02 3.638872122567903043e-12
1.897078396458319485e-10 2.200000000000000000e+01 5.817150659629999332e-01 1.569380741508937084e-11
7.075546288566193354e-11 1.000000000000000000e+01 3.741257592221453043e-01 1.936071678454817416e-11
3.646838848813254974e-10 3.000000000000000000e+00 7.358013756406895922e-01 1.811154039286888113e-10
1.562683409913140211e-11 7.600000000000000000e+01 4.047335531586057078e-01 5.221683355037096889e-13
1.850267934479910515e-10 1.000000000000000000e+00 2.679257361105702451e-01 6.989218106617728208e-10
3.136237899252591802e-11 2.300000000000000000e+01 3.554162547539186923e-01 3.918556260009566051e-12
8.724483502871560728e-11 8.800000000000000000e+01 9.096656897860925239e-01 1.256075568569233068e-12
3.952011039179488081e-10 6.600000000000000000e+01 1.496870102544489711e+00 6.004295039408368010e-12
7.361257880352483051e-11 7.300000000000000000e+01 1.442175412501661702e+00 1.016790456874270960e-12
2.513138029771459697e-10 6.700000000000000000e+01 1.072794750565597477e+00 4.269534638832424121e-12
2.539750047291759656e-10 3.400000000000000000e+01 9.365888066581375959e-01 9.273082578321521714e-12
3.259790547663117048e-11 6.000000000000000000e+01 2.642542095328921370e-01 2.080093389455973785e-12
2.098216592121517553e-10 5.800000000000000000e+01 1.140450600171463602e+00 3.980555617713062711e-12
7.556620759848650125e-10 8.500000000000000000e+01 8.925770610238722425e-01 1.141677482254863530e-11
6.578974968579962955e-11 8.900000000000000000e+01 7.605884533950824089e-01 1.072333310430419987e-12
2.188247210580612790e-11 5.500000000000000000e+01 7.237626531741030433e-01 6.008122212891717594e-13
2.910586797670955515e-10 7.000000000000000000e+01 7.430407266325464999e-01 6.146038561699301193e-12
1.051991301047170826e-10 9.900000000000000000e+01 1.811309538659592877e-01 5.898772340141942632e-12
3.880693075702522441e-10 1.900000000000000000e+01 1.446517650853704762e+00 2.058345357787950209e-11
2.393776383260579487e-10 6.500000000000000000e+01 7.919821780723849958e-02 4.654884568784399874e-11
1.499239655417424959e-10 8.700000000000000000e+01 8.919898208343348678e-01 2.214074106653706370e-12
4.225205081388682196e-11 5.300000000000000000e+01 1.059455911906045378e+00 9.141362560466636575e-13
3.381611948686580362e-10 6.500000000000000000e+01 5.955727792604482707e-01 9.273863627468133171e-12
1.264297007800986080e-10 7.100000000000000000e+01 9.954705306721673974e-01 2.122369497715653584e-12
2.579559400099038488e-10 5.000000000000000000e+01 5.946080031752474238e-01 9.209684790542884786e-12
4.399915337015978164e-11 8.400000000000000000e+01 1.344562607931835352e+00 5.374958525120463535e-13
8.218584969359559524e-10 7.000000000000000000e+01 1.389662231198931952e+00 1.193611015229236608e-11
9.254492131276049382e-11 7.900000000000000000e+01 1.277627110567003177e+00 1.223665036108614293e-12
3.984712360870705153e-10 2.500000000000000000e+01 8.999153379606522618e-01 2.034900142822459625e-11
9.434935369016901109e-11 3.600000000000000000e+01 1.509792630111940648e+00 2.625699571470508544e-12
3.233222758854214974e-10 1.000000000000000000e+01 1.232704011054704951e+00 3.427241876610608255e-11
3.108395804357574019e-11 9.900000000000000000e+01 1.511065963083897623e+00 3.145403026684326162e-13
2.767618758764259177e-11 5.700000000000000000e+01 3.775779903629800649e-01 1.317023230661788982e-12
6.586068848795743347e-10 1.800000000000000000e+01 7.592209560152722581e-02 4.823950898899726279e-10
6.665992523960535718e-11 7.800000000000000000e+01 1.279139347308230867e+00 8.922972608321254786e-13
4.170013614055103010e-11 7.400000000000000000e+01 9.867873634646699976e-01 6.754681736586346545e-13
6.860312231265661268e-10 7.800000000000000000e+01 1.264776173099680268e+00 9.223809244198668965e-12
6.922252433557181114e-11 9.600000000000000000e+01 1.941970649162060858e-01 3.736514736320335946e-12
2.056262185919865003e-11 7.900000000000000000e+01 7.091244866069680297e-01 3.997213114935791710e-13
6.113492203313434565e-11 2.200000000000000000e+01 9.108198855347789946e-01 3.517514697607808522e-12
1.107499392568902539e-11 8.300000000000000000e+01 5.261225150544504015e-01 2.657067018386455940e-13
1.038914007985792788e-11 4.100000000000000000e+01 9.866563735164612936e-01 3.037613307393305484e-13
2.877567580172578821e-10 2.000000000000000000e+00 1.203108528703761282e+00 1.541838782515503099e-10
3.622053604595811790e-10 3.000000000000000000e+00 1.162343570480494970e+00 1.315575048243913493e-10
1.271891816900293249e-10 1.500000000000000000e+01 2.700622696241111176e-01 3.178242325590725910e-11
1.317343420722122530e-10 1.200000000000000000e+01 1.046518180462151060e+00 1.268111987970888994e-11
8.049538062348626414e-11 7.000000000000000000e+01 1.399786683962683576e+00 1.166955868031261378e-12
1.087838706749084841e-10 4.900000000000000000e+01 5.640160032349023078e-01 4.152905775964795019e-12
2.248306355752813157e-10 8.400000000000000000e+01 6.906639255087396734e-01 4.201489680923698373e-12
1.714722633146790192e-10 8.100000000000000000e+01 5.480116508973295053e-01 4.063297054104111718e-12
2.828696484526215910e-11 1.000000000000000000e+00 5.711584071305777499e-01 5.232445645948313998e-11
3.681108652513084926e-10 9.000000000000000000e+00 1.476979444985592416e+00 4.108186791765884328e-11
1.744082548266505017e-10 2.000000000000000000e+00 1.458945976816210521e+00 8.775246905323407854e-11
1.441182746541924226e-10 6.000000000000000000e+00 8.375703544981355497e-01 3.232717487470533453e-11
1.343886849250095611e-10 2.600000000000000000e+01 1.082610253759377583e+00 5.852448877269742732e-12
1.208910778873336942e-11 4.800000000000000000e+01 4.409802920259892067e-01 5.900678623137605748e-13
3.636215475927140465e-11 2.900000000000000000e+01 1.010143362168430370e+00 1.480523599030416584e-12
2.387717770729005435e-10 1.500000000000000000e+01 2.468297870222708745e-01 6.514979435332594633e-11
1.258644027198444481e-11 7.900000000000000000e+01 4.572882147509028661e-01 3.608517495051654748e-13
5.753764637285348928e-10 9.000000000000000000e+01 8.583008076732391300e-01 8.448254620955781828e-12
6.119094138678189108e-11 1.000000000000000000e+01 1.018348139645119277e+00 7.188427908590707976e-12
1.074560352256674098e-11 1.500000000000000000e+01 7.162654083972611607e-01 1.091080855602787839e-12
7.818630952154288104e-10 6.800000000000000000e+01 2.330049451997640020e-01 4.979589417136076494e-11
2.032014839665969320e-10 8.900000000000000000e+01 7.120314156847150633e-01 3.494424830461633596e-12
4.881887478423414665e-11 7.200000000000000000e+01 2.753976154800705234e-01 2.493439297905228032e-12
1.016019606196442480e-11 3.000000000000000000e+00 7.226050531744081518e-01 5.121007767916745114e-12
2.209519832777512339e-10 8.500000000000000000e+01 1.486051535972680249e+00 2.608797265378712110e-12
6.433043124568733320e-11 7.300000000000000000e+01 4.389545820069239435e-01 2.073535276966703662e-12
5.104654064359350849e-10 8.900000000000000000e+01 2.209584513653081728e-02 2.595978141916337132e-10
1.003889816060857087e-11 7.000000000000000000e+00 1.053964851823337767e+00 1.649581467140902240e-12
7.752372960006285469e-11 6.000000000000000000e+00 6.518062342086692329e-01 2.129924935003885626e-11
5.592610948643955339e-10 5.000000000000000000e+00 1.283933897323750628e+00 1.166176411319472328e-10
3.438123323901068055e-11 1.500000000000000000e+01 1.746431024625046124e-01 1.319133293444630381e-11
6.988703982318788331e-11 9.000000000000000000e+01 1.427079483599280385e+00 7.846116200352094115e-13
3.943507773008948996e-11 9.800000000000000000e+01 1.506412781772942244e+00 4.032342151628317144e-13
2.371176888161824329e-10 3.000000000000000000e+00 1.069581333588281336e+00 9.012460921548253941e-11
5.378213971571384758e-10 5.400000000000000000e+01 1.376743336576851551e+00 1.015016673911069018e-11
1.625709970919717576e-11 4.500000000000000000e+01 4.953225145570904764e-01 7.600613406855354047e-13
1.541106964433091085e-10 1.000000000000000000e+01 8.715088585791451459e-02 1.770560947260416149e-10
2.050078265040452174e-11 4.500000000000000000e+01 1.182836332302225069e+00 4.921480517499258934e-13
5.632131783623147747e-11 7.300000000000000000e+01 4.339470135365519066e-01 1.834975087444198745e-12
2.639044925837090171e-10 6.100000000000000000e+01 3.426843869409224030e-01 1.287526592884724934e-11
7.231507189955490316e-11 9.000000000000000000e+01 1.300253062240064317e+00 8.338306825256169944e-13
1.380499155777161814e-11 2.000000000000000000e+01 1.501394629293661964e+00 6.919152471292762763e-13
8.366158261804000876e-11 1.100000000000000000e+01 5.114004694852688493e-01 1.554068993216734759e-11
3.592715189264636905e-10 1.000000000000000000e+01 1.400729810222802518e+00 3.645304128078935902e-11
8.764452104787642505e-11 3.100000000000000000e+01 3.940366062507960621e-01 7.364168165885958281e-12
8.800451850304167302e-11 8.700000000000000000e+01 1.210505163046154964e+00 1.080949394634513970e-12
8.101896848855917851e-11 8.700000000000000000e+01 6.941932728189429413e-01 1.455615119332327094e-12
3.515393072977104215e-10 7.800000000000000000e+01 6.735889730699134992e-01 7.224991381917029968e-12
4.369289463091135525e-11 5.300000000000000000e+01 1.489199581963590147e+00 8.271462927784265354e-13
8.315348125593299488e-10 3.900000000000000000e+01 1.163856037925094511e-01 1.836104824645740035e-10
9.405768739881569604e-11 3.900000000000000000e+01 1.123709984072498891e+00 2.674622571477831872e-12
6.640011015930222636e-11 9.100000000000000000e+01 7.035889067711796896e-01 1.127849101575841036e-12
3.281955177269009173e-10 7.700000000000000000e+01 1.136145548970863839e+00 4.699226952417314390e-12
6.849406934064607281e-11 7.700000000000000000e+01 6.331593114138838185e-01 1.503365641562491582e-12
7.560843890177729918e-11 8.000000000000000000e+01 7.471523046036899762e-01 1.390776524710886109e-12
7.082676178488143984e-11 5.700000000000000000e+01 1.292982469230365972e+00 1.292118071361898563e-12
1.258951618307955383e-10 5.700000000000000000e+01 1.452846135937827243e-01 1.525609761688509589e-11
2.823368164125876550e-11 8.400000000000000000e+01 6.137634585201321435e-01 5.835860096274044491e-13
4.158657184370678287e-11 8.400000000000000000e+01 9.018741375989738351e-01 6.310825003114514762e-13
9.868306910494243624e-11 2.500000000000000000e+01 4.416808505179864452e-02 8.939953975637623493e-11
1.137429160617930182e-10 8.800000000000000000e+01 9.150789993680628065e-01 1.630728733973659112e-12
5.610774101530880030e-10 1.600000000000000000e+01 1.510554899558150144e+00 3.513106469498710115e-11
5.401584049657650130e-10 3.700000000000000000e+01 4.884445151661768736e-01 3.111089335827446543e-11
1.124576824605393183e-10 5.600000000000000000e+01 1.083100269329638765e+00 2.273193607758182287e-12
3.222231482911578380e-10 7.600000000000000000e+01 1.348795298534288256e-01 3.152932814354892327e-11
1.972948983784256837e-11 1.600000000000000000e+01 1.384894349727270602e-01 8.932404131847665405e-12
2.963201536804152055e-11 6.600000000000000000e+01 1.686488258712491861e-01 2.674820355640519461e-12
3.566289418937639116e-10 7.700000000000000000e+01 2.583307971678926451e-01 1.812971148059572694e-11
8.900957644717478163e-11 1.500000000000000000e+01 6.611869641257366315e-01 9.663597465456725484e-12
1.022443052306441250e-11 7.700000000000000000e+01 6.140716568738551207e-01 2.304491593026117625e-13
5.429789510113142707e-11 3.200000000000000000e+01 4.348846838790920016e-02 3.902975318263295490e-11
2.986383449645933449e-10 3.300000000000000000e+01 9.144953077126133367e-01 1.142264789576489302e-11
5.952135521093864813e-11 2.600000000000000000e+01 9.693321673574879505e-01 2.776544171550578276e-12
6.539588288352576741e-11 8.700000000000000000e+01 7.043869503288808787e-01 1.160771077733999264e-12
2.251601279671869316e-11 4.700000000000000000e+01 1.534669835301920138e+00 4.793768910325862245e-13
4.817394307379803270e-10 2.000000000000000000e+01 8.125125697778878830e-01 3.317685620096362976e-11
4.227971597905727503e-10 3.300000000000000000e+01 5.382970401274602690e-01 2.499057893794677216e-11
2.480319918453393347e-10 3.500000000000000000e+01 3.052090789086334688e-01 2.358337072990764392e-11
1.243818040275506159e-10 7.000000000000000000e+01 1.947574673440199133e-01 9.181500705315294196e-12
2.320197180228118537e-10 7.600000000000000000e+01 8.588179082819736854e-01 4.032504035545744142e-12
2.524151338743291263e-10 1.600000000000000000e+01 7.341863386872652386e-01 2.354677355259178534e-11
7.863528860191748247e-11 4.700000000000000000e+01 8.666303525317922141e-01 2.195220593230962492e-12
8.498617103379805873e-10 8.100000000000000000e+01 1.339034257808347617e+00 1.078035231133525046e-11
2.061745947426326983e-11 2.500000000000000000e+01 1.372373408455491939e+00 8.412039129364859295e-13
3.326229909459186976e-11 1.800000000000000000e+01 9.431080918073395658e-01 2.283091762664535358e-12
2.800348618494244261e-10 1.500000000000000000e+01 6.514411469348887485e-01 3.078999366971724480e-11
1.353649989184983615e-11 2.000000000000000000e+01 1.368943904952419466e+00 6.908514361993455785e-13
2.362619256615968511e-10 3.700000000000000000e+01 6.359447308954639944e-01 1.075105368725131714e-11
1.125091838439701345e-11 7.200000000000000000e+01 9.127138335822606585e-01 1.975093338017748952e-13
4.077992645224709190e-10 3.000000000000000000e+01 4.476751285744525188e-01 3.140268302417401146e-11
2.062108764187859372e-11 2.600000000000000000e+01 5.152732141573336255e-01 1.609502525672160384e-12
6.876085495550437747e-11 7.700000000000000000e+01 1.093507772919873888e+00 1.005352546830345887e-12
1.036397728489872950e-11 7.900000000000000000e+01 1.288496299742745155e+00 1.365964459384989546e-13
1.044188194970549689e-11 8.500000000000000000e+01 1.509930377618299957e+00 1.230735727278314073e-13
5.485581524248155315e-11 9.200000000000000000e+01 5.327788981566494719e-01 1.173901894470090368e-12
7.079441044310027982e-11 1.000000000000000000e+01 4.702869917405928524e-01 1.562300308850634331e-11
9.372759366859629164e-10 2.200000000000000000e+01 2.394347811023117556e-01 1.796449941032315073e-10
1.267396378757412687e-10 1.900000000000000000e+01 1.264269548838620416e+00 6.996639074938258151e-12
1.477816229119459314e-11 6.100000000000000000e+01 1.082431794827397598e+00 2.743342534796158575e-13
2.393461052170804395e-11 6.500000000000000000e+01 1.210037253193641194e+00 3.935584696866796213e-13
2.544641030994800260e-11 3.600000000000000000e+01 1.128896034600714193e+00 7.819592511441856708e-13
2.501787528142196221e-11 3.000000000000000000e+01 8.443579363182762698e-02 9.888234217361491287e-12
1.967151557137106661e-11 7.700000000000000000e+01 3.856630923161475377e-01 6.791391618314647866e-13
2.042061447919346102e-10 4.100000000000000000e+01 1.365694576166945673e+00 5.087265405685850670e-12
4.694166448132357636e-11 9.500000000000000000e+01 3.507712283788625429e-01 1.437982813950932255e-12
2.586154466385406287e-10 6.500000000000000000e+01 9.658029351508663762e-02 4.125987982729823003e-11
1.273390469835891363e-11 2.300000000000000000e+01 1.226842877222617423e+00 5.880933162956963239e-13
8.831920983015902438e-10 4.100000000000000000e+01 1.564442176507915283e+00 2.154170556443339510e-11
3.014551824476675458e-11 1.700000000000000000e+01 1.235707600706799081e+00 1.877701398747934882e-12
9.332595828981909872e-10 4.400000000000000000e+01 5.404452687315819404e-01 4.122392450098069499e-11
9.290270782379702229e-10 6.600000000000000000e+01 2.170173262287715399e-01 6.537389423038248147e-11
7.602327002402683633e-10 5.500000000000000000e+01 1.423030794606932492e+00 1.397470170860638088e-11
1.087937725357783692e-11 2.200000000000000000e+01 1.112330747853329083e+00 5.514655346225048378e-13
6.781470951084540950e-10 3.700000000000000000e+01 1.198897218341456045e-01 1.532431674316085020e-10
5.531001903633744474e-10 7.100000000000000000e+01 6.507230869403164697e-02 1.197997146682453725e-10
3.786246586275744417e-11 5.400000000000000000e+01 2.473253107424663588e-01 2.864067526022340830e-12
4.450905546217100416e-10 5.400000000000000000e+01 1.522275464781812193e+00 8.252129659926453812e-12
5.676880666881779914e-11 4.900000000000000000e+01 7.847846136161540365e-02 1.477777638683646625e-11
1.080879468214393961e-11 8.600000000000000000e+01 9.536555078475622560e-01 1.541116462480671245e-13
3.249964124554138365e-10 7.800000000000000000e+01 1.921099142034852214e-01 2.182271804385684202e-11
4.944467152500737917e-10 5.000000000000000000e+00 1.462703912158705988e+00 9.946987901881672524e-11
3.633706674340622882e-11 2.600000000000000000e+01 4.339482753495124134e-01 3.323958251998787948e-12
1.936354525163664905e-11 8.700000000000000000e+01 1.551887225582974372e-01 1.439958879464780676e-12
1.904324574672858553e-11 8.000000000000000000e+01 4.948217879533590158e-01 5.012701462647750970e-13
6.892209692101588406e-10 7.400000000000000000e+01 1.568722615557300859e+00 9.313816907213539420e-12
1.192407722142400369e-10 5.200000000000000000e+01 1.195209130723538654e-01 1.923144988882926303e-11
9.026894708761759976e-10 9.900000000000000000e+01 1.450969126811293863e+00 9.183930607536705870e-12
2.105197448234905547e-10 2.400000000000000000e+01 2.519071648358536808e-01 3.519200534502282775e-11
1.416683005601754880e-10 1.800000000000000000e+01 1.182442976574476223e-01 6.671638025917479599e-11
4.079343680274633737e-10 8.200000000000000000e+01 1.379179245563452616e+00 5.067558089011676986e-12
2.996882250614960616e-11 4.100000000000000000e+01 6.638071994091033767e-01 1.186370869616704154e-12
6.228006389879366802e-10 1.200000000000000000e+01 1.956405211453254300e-01 2.669826183885933129e-10
1.131376146490699526e-10 5.500000000000000000e+01 1.117917106718994136e+00 2.287664707016717323e-12
1.402539703171755505e-11 3.000000000000000000e+00 8.900854746785560878e-02 5.259395111013724613e-11
1.227803548589647552e-11 7.700000000000000000e+01 1.457402076696609761e-01 1.097987213330271893e-12
1.162346655640175923e-10 1.400000000000000000e+01 1.515040315965399564e+00 8.315397938576896979e-12
5.602575926291618509e-11 1.300000000000000000e+01 1.324766054979250596e+00 4.443480718967483247e-12
5.081057573145785612e-10 1.700000000000000000e+01 9.009739682115104342e-01 3.812648959717151851e-11
1.313393829129907792e-10 3.400000000000000000e+01 1.158802710550070447e+00 4.215672239661188709e-12
1.407408142273318908e-10 8.400000000000000000e+01 3.677996105890583012e-01 4.659782942781052470e-12
4.433517282592449713e-11 3.600000000000000000e+01 2.304509604661995892e-01 5.391607515685646682e-12
3.139671700946984902e-10 5.700000000000000000e+01 1.455257318102602393e-01 3.798425128495818199e-11
2.779033395908290745e-11 6.600000000000000000e+01 8.363017595804297377e-01 5.673442683117242537e-13
2.853004117593252593e-11 1.500000000000000000e+01 8.720220507571904145e-01 2.484228218229109858e-12
3.816065965047525509e-10 3.000000000000000000e+01 2.637653088519093525e-01 4.878928715556811215e-11
4.055877362707749534e-11 9.500000000000000000e+01 1.262693354289168957e+00 4.480320366856729736e-13
1.532691623076436938e-10 7.200000000000000000e+01 1.516892206106668528e+00 2.131834802913624719e-12
9.722610990654534636e-10 5.800000000000000000e+01 1.310465819357752748e+00 1.734765226376074118e-11
1.788274747900427236e-11 7.000000000000000000e+01 1.390795758709493235e-01 1.842781537577312739e-12
1.795699344515146834e-10 2.300000000000000000e+01 1.485663807499296940e+00 7.835766346929753716e-12
9.384945650377036161e-10 5.500000000000000000e+01 6.889390015771296172e-01 2.684134039296943275e-11
1.198357812989007683e-10 1.400000000000000000e+01 2.867495822426879282e-01 3.026382017777523607e-11
2.105885862526496692e-10 9.700000000000000000e+01 8.102202025925653306e-01 2.996824293863245390e-12
4.371955955384174150e-11 6.000000000000000000e+00 3.268757507722442335e-01 2.269360314443424937e-11
1.515685878332891265e-10 3.100000000000000000e+01 1.234539554233166525e+00 5.179372940530307160e-12
7.814626875468923898e-10 7.900000000000000000e+01 6.857866631361270171e-02 1.443552525030598726e-10
2.290664155184592776e-10 9.900000000000000000e+01 7.738900472198977365e-01 3.310526719735060992e-12
1.524553407861427680e-10 2.000000000000000000e+00 6.874284829664806251e-01 1.201283638129238911e-10
7.183766075492668658e-10 2.100000000000000000e+01 1.362540567654844770e+00 3.496387320617051005e-11
4.307143824886758309e-10 9.500000000000000000e+01 1.065541138836210378e+00 5.181224508667313349e-12
4.523193489180424674e-11 4.600000000000000000e+01 6.451912777422161849e-01 1.635155638972116512e-12
3.198137102143069754e-11 7.800000000000000000e+01 8.840691760578814895e-01 5.302007391201532115e-13
1.000821263529398901e-11 1.700000000000000000e+01 1.419572238762473404e+00 5.955147549955569460e-13
3.718697582699604937e-11 6.100000000000000000e+01 2.764981733373693684e-01 2.233143626903520695e-12
2.925900919638975819e-11 3.900000000000000000e+01 1.271385038631197339e+00 7.851626562124398986e-13
8.463040394727483247e-11 2.200000000000000000e+01 7.873449866857563650e-01 5.429688064513972092e-12
1.096315463934617847e-10 2.400000000000000000e+01 7.140646227208021779e-01 6.974966468793253202e-12
3.289796097572340760e-10 1.900000000000000000e+01 9.761794619573151977e-01 2.090232465657673816e-11
1.426779934406243427e-10 3.000000000000000000e+00 9.446418162040003397e-01 5.869442130676356766e-11
3.899910791915296623e-11 9.000000000000000000e+00 8.909524016917789169e-01 5.572067184853802871e-12
2.117052607333244502e-10 4.500000000000000000e+01 2.150510962098042822e-01 2.204601602523461630e-11
1.518484182261468390e-10 2.300000000000000000e+01 7.654363312817730192e-01 9.528886476590414051e-12
8.024320579307330076e-10 8.800000000000000000e+01 8.482689214423716484e-01 1.215584430021248211e-11
3.622773048213916629e-11 8.600000000000000000e+01 1.545418146619097932e+00 4.213883707595815821e-13
2.514979882455834155e-11 3.100000000000000000e+01 1.398325431207880998e+00 8.235015267149170122e-13
6.470326853675611751e-10 6.500000000000000000e+01 1.676729640599050331e-01 5.964673933439592475e-11
1.118057917422111011e-10 6.400000000000000000e+01 5.000857612907038119e-01 3.643300486590326614e-12
1.816676093998056134e-10 2.400000000000000000e+01 4.865765649255993641e-01 1.618785889374653337e-11
1.082734875582112280e-11 5.600000000000000000e+01 1.312177136357256968e+00 1.999965929873755570e-13
1.027226654947519130e-11 6.300000000000000000e+01 7.456425490157488900e-01 2.403320684944151550e-13
1.641772188592848479e-11 4.500000000000000000e+01 1.393211720591744696e+00 3.706676620243706313e-13
7.030693514483509966e-10 8.100000000000000000e+01 7.503512423020048949e-01 1.272902631091071849e-11
8.607750178474264122e-11 5.700000000000000000e+01 5.357018054442851396e-01 2.958462970228287870e-12
4.787534175051727736e-10 9.400000000000000000e+01 7.036018680561832994e-01 7.872288281148079262e-12
9.362661831195473364e-10 6.800000000000000000e+01 7.087043249159183933e-01 2.115480823073950112e-11
9.463589336723830671e-11 9.300000000000000000e+01 1.696990393307319933e-01 6.025318519125018740e-12
1.728664581658324751e-11 3.200000000000000000e+01 1.072350568937251669e+00 6.150418922710235368e-13
1.557611226058753626e-11 1.000000000000000000e+01 1.427264888762134865e+00 1.573794500036714899e-12
7.701957339742628114e-11 6.000000000000000000e+00 9.293646283146359544e-01 1.602091339742860303e-11
2.493590922439080829e-10 8.300000000000000000e+01 1.952908277697188444e-01 1.548208134097219176e-11
3.463863397557113468e-10 4.800000000000000000e+01 3.958409056375495338e-01 1.871545040480977255e-11
2.421986263012770439e-11 1.000000000000000000e+00 8.404976444159037996e-01 3.251096554090225667e-11
1.247383007767332465e-10 3.000000000000000000e+01 1.283897390966651786e+00 4.335137677954765802e-12
1.723774548801832191e-11 1.100000000000000000e+01 1.225998185699091136e+00 1.665067480379618035e-12
2.131469081949491842e-10 5.600000000000000000e+01 1.102759568492189812e+00 4.264855736733131303e-12
6.033104455366612108e-10 5.000000000000000000e+00 9.246761106348747594e-01 1.511249888109039998e-10
3.487245221961302344e-10 7.700000000000000000e+01 4.500443390921459175e-01 1.041111050027352288e-11
8.126859110606732959e-11 8.700000000000000000e+01 5.176686952391091889e-01 1.887665137706239586e-12
7.252236293679933179e-10 6.300000000000000000e+01 1.557331133318881511e+00 1.151252984133022542e-11
7.573204298192540871e-11 5.600000000000000000e+01 1.175341833668863023e+00 1.465459786625916850e-12
1.470290922469632128e-11 1.400000000000000000e+01 1.300921185935374647e+00 1.089648509216107565e-12
4.195009577167244862e-11 8.300000000000000000e+01 1.232272784168365831e+00 5.358335273886065661e-13
1.014079217767699162e-11 8.000000000000000000e+01 5.266641671828882210e-01 2.521820524558824404e-13
1.661902284811557880e-10 3.400000000000000000e+01 1.285459074866713625e+00 5.093911140621487111e-12
5.888970729699753216e-10 8.900000000000000000e+01 6.212391672074117910e-01 1.136826360204446688e-11
1.737273219404135689e-11 4.500000000000000000e+01 1.446550809325181097e+00 3.890598024694877359e-13
2.825534724623022976e-11 7.800000000000000000e+01 9.360879711628569133e-01 4.498608435564284235e-13
1.881704951861001180e-10 7.500000000000000000e+01 9.689537489856603347e-02 2.593385077578640183e-11
9.946108145128896250e-10 1.100000000000000000e+01 8.945304055145115729e-01 1.159346023553770970e-10
2.075013030056179426e-10 3.000000000000000000e+01 5.350151784034827829e-01 1.356605770668581528e-11
6.303431335284127306e-10 1.400000000000000000e+01 1.456566070208615393e+00 4.531986747479970616e-11
2.050761048980016752e-11 2.800000000000000000e+01 6.128559469536550841e-01 1.273308468029329674e-12
2.705047973662434765e-11 4.800000000000000000e+01 3.651080756824185564e-02 1.543863103177608365e-11
8.815910075033989299e-10 8.600000000000000000e+01 3.664827660952299504e-01 2.860755203916649224e-11
5.542731525815450383e-10 8.200000000000000000e+01 1.036136138619045521e+00 7.855764860979740606e-12
3.699318551324012435e-11 9.800000000000000000e+01 9.002390107406726960e-01 4.818038403527458228e-13
1.330130879444736405e-11 2.700000000000000000e+01 9.688838238791119828e-01 5.976809715337247768e-13
4.279988595830472915e-11 5.600000000000000000e+01 1.390601595766386867e+00 7.768619968393927881e-13
3.117076711121244049e-11 6.800000000000000000e+01 8.455544527018041823e-01 6.125480979272982021e-13
1.905300183142747926e-11 3.900000000000000000e+01 2.612064085153092408e-01 1.891754689968661339e-12
6.108976358066507814e-11 2.100000000000000000e+01 8.661804616874372309e-01 3.818332406023251865e-12
7.638265909268063972e-10 9.100000000000000000e+01 1.068809852352202716e+00 9.574978616320981577e-12
7.377334254482162946e-11 9.500000000000000000e+01 6.148116309015927428e-01 1.346316280244019872e-12
1.969157176533422023e-10 6.800000000000000000e+01 3.809651009824218115e-01 7.788301419435222258e-12
6.445849822006923233e-10 2.400000000000000000e+01 9.699308924111342545e-02 2.773379570494831580e-10
5.020909366575160903e-10 6.900000000000000000e+01 7.367817361653885566e-01 1.082987850194136284e-11
2.955396072713368839e-11 3.500000000000000000e+01 1.014002817136797852e+00 9.946344347812175833e-13
1.298864851471353817e-10 6.400000000000000000e+01 9.674741020797847924e-01 2.464586226412278362e-12
2.241388949966723393e-11 4.600000000000000000e+01 3.154511564068175344e-01 1.570558245876470440e-12
1.300139697726820334e-11 7.200000000000000000e+01 8.917693548822948069e-01 2.320465537201717839e-13
8.054203745976692883e-10 7.700000000000000000e+01 2.950508728215904819e-01 3.597117481134804482e-11
1.308925673127298883e-11 9.300000000000000000e+01 5.219351581290430087e-01 2.823032306341888898e-13
4.817166473082803930e-10 9.800000000000000000e+01 2.272286243504065828e-01 2.181957582927733986e-11
1.110338251779332718e-11 8.500000000000000000e+01 2.038434342933063970e-01 6.452848515365994893e-13
7.163650306655215686e-10 1.900000000000000000e+01 1.211525808916463109e+00 4.027482731885214249e-11
2.341405795222332388e-11 8.000000000000000000e+01 1.019063349026196885e+00 3.436704225203642338e-13
2.774700833185032602e-10 4.800000000000000000e+01 2.696894829182773234e-01 2.169643038423525029e-11
1.676185495559331628e-11 7.900000000000000000e+01 9.479194343327517203e-01 2.612342537285203152e-13
1.747539696535005635e-11 6.000000000000000000e+01 8.893644204427501865e-02 3.279206164417818175e-12
1.106621649935156520e-11 4.000000000000000000e+01 1.118755201417937606e+00 3.075461443643085118e-13
9.578522544043844343e-10 6.900000000000000000e+01 7.985598658716961395e-01 1.937862503809967379e-11
7.253605762020551622e-11 7.000000000000000000e+01 8.006608334585492148e-01 1.443585684670659659e-12
3.736308931635181476e-10 5.400000000000000000e+01 6.828412464466976362e-01 1.096528250320770719e-11
8.991879389034164835e-11 7.400000000000000000e+01 7.918849706180325354e-01 1.707397976809497593e-12
7.740710016177634503e-10 9.700000000000000000e+01 1.130166132960163772e+00 8.822844538625530473e-12
3.757668667798701971e-10 5.000000000000000000e+01 1.423351470487194348e+00 7.597775588718051565e-12
8.838757826409839727e-10 6.500000000000000000e+01 5.691331374205285121e-01 2.523295165976691163e-11
1.442107892324086509e-11 5.300000000000000000e+01 8.887456740075154737e-01 3.505117366110275530e-13
6.067029211184752266e-10 8.100000000000000000e+01 1.294375534229528446e+00 7.785717708542505377e-12
9.907230382616064937e-10 3.000000000000000000e+01 1.020295835379734006e+00 3.874872950099479650e-11
1.552909052282150337e-10 6.400000000000000000e+01 1.039402541775373001e-01 2.338646301671637648e-11
2.754322458514042569e-10 9.900000000000000000e+01 1.067151373595566638e-01 2.612030079084268263e-11
3.198993395760438107e-11 5.500000000000000000e+01 1.226463159964561178e-01 4.754287905263916430e-12
2.373619127267582627e-10 4.000000000000000000e+01 1.318456093520365080e+00 6.128120579955807750e-12
3.483473012830898762e-11 2.200000000000000000e+01 1.185378658009714536e+00 1.708748029104548995e-12
1.457696824924163293e-11 4.900000000000000000e+01 2.033815320008231994e-02 1.462815502135692139e-11
8.624987969923135964e-11 6.300000000000000000e+01 6.725351692475162180e-01 2.197607060254477554e-12
6.048591164984873157e-10 5.300000000000000000e+01 1.516352072681085739e+00 1.142937131517584502e-11
1.755985277056183332e-10 9.500000000000000000e+01 1.054552674632256160e-01 1.756039325225148013e-11
6.908652807670323330e-11 8.800000000000000000e+01 4.833215954719063956e-02 1.624963437615846827e-11
2.951326166181572973e-10 2.100000000000000000e+01 8.462825512442158082e-01 1.876806305604759667e-11
1.590338626746175519e-10 5.600000000000000000e+01 3.997905518720814566e-01 7.296261406174134508e-12
7.496300952388821454e-11 7.200000000000000000e+01 4.065557501231154003e-01 2.632842864344876060e-12
6.990790901894573531e-10 9.600000000000000000e+01 4.457877742770598450e-01 1.688914841254597969e-11
1.708387469795086508e-11 3.800000000000000000e+01 1.487221382783705248e-01 3.034095986337559887e-12
1.409597533254330316e-11 4.900000000000000000e+01 8.249890494935134821e-01 3.916367090250680213e-13
5.072260897439662819e-11 9.000000000000000000e+00 6.918690728856505823e-01 8.833923915360975221e-12
3.080103544572833712e-11 6.900000000000000000e+01 2.269583688150783318e-01 1.983831914097086978e-12
6.193203622249275231e-11 7.700000000000000000e+01 4.841983123978945702e-01 1.727849466642946060e-12
1.370450076951304828e-10 7.000000000000000000e+01 9.873343750962801924e-01 2.345888690212850560e-12
1.987994209065114232e-10 4.000000000000000000e+00 8.035277791232485478e-02 6.191867734942307237e-10
1.568167172649901843e-11 4.500000000000000000e+01 1.453425477663458532e+00 3.508957759548404545e-13
1.321472025059258424e-11 2.600000000000000000e+01 9.920285367225891715e-01 6.071387262916753906e-13
1.717197799894588287e-10 6.400000000000000000e+01 5.643817080028529221e-01 5.016178931873115122e-12
2.259850221396728281e-10 6.600000000000000000e+01 1.388066974681247123e-01 2.474690033558469852e-11
6.332615056614056841e-10 8.000000000000000000e+00 1.007935166752611744e+00 9.359667544265763185e-11
5.974607634146249333e-10 1.900000000000000000e+01 1.529165644882641617e+00 3.147257217157037822e-11
2.904285625431302630e-11 9.800000000000000000e+01 4.756641757963542827e-01 6.471651295673160931e-13
1.293473680824371337e-10 7.600000000000000000e+01 9.528507434420844247e-01 2.088088339598907888e-12
2.563084255339088124e-11 3.000000000000000000e+01 6.697093033033870713e-01 1.376319390102087848e-12
1.274009983889485588e-10 4.400000000000000000e+01 1.000505406509760858e-01 2.898848461278175549e-11
7.061007448787570682e-11 8.500000000000000000e+01 3.737908082649979424e-01 2.274992078269390344e-12
7.766652017709387225e-11 2.900000000000000000e+01 1.416427915493643663e+00 2.710385500066414316e-12
6.287033975267828651e-10 7.600000000000000000e+01 6.049747023917738664e-01 1.454512549030178843e-11
1.398275092151861379e-11 9.600000000000000000e+01 1.142975343935152877e+00 1.600814860692836293e-13
6.749551039218286459e-11 6.800000000000000000e+01 2.789410419700513177e-01 3.604957692517800277e-12
1.100073410346874828e-10 2.200000000000000000e+01 1.347299377575906343e+00 5.127872350109631101e-12
9.261870752208683719e-10 5.000000000000000000e+00 6.428160128099135173e-01 3.090113674987060750e-10
2.568608204765302340e-10 3.700000000000000000e+01 2.428808558089691760e-01 2.886564084339639287e-11
4.649760178190618360e-10 3.600000000000000000e+01 5.866485439884159270e-01 2.333206190638026674e-11
7.319127855527255049e-10 5.000000000000000000e+00 1.565797349902809721e+00 1.463843861628046555e-10
1.402162476530646447e-10 4.800000000000000000e+01 1.557576769572474484e+00 2.921427091856967019e-12
7.482498581338886784e-10 1.500000000000000000e+01 9.092623031614505136e-01 6.321940993727115681e-11
1.677799394145209215e-10 5.500000000000000000e+01 3.773699337749830129e-01 8.278797609119916722e-12
6.065760759516449057e-10 8.100000000000000000e+01 4.526918991953399890e-02 1.654801396666338411e-10
2.600865816712036243e-11 7.200000000000000000e+01 3.170635686784389340e-01 1.158617812648074936e-12
3.087240492150618920e-10 1.000000000000000000e+00 4.247201287289466554e-01 7.492105755583713340e-10
1.380271669893347081e-10 1.400000000000000000e+01 2.247777636971305948e-01 4.423301024628325425e-11
5.534629772668940385e-10 3.600000000000000000e+01 1.429238046560264985e+00 1.552930585187241563e-11
1.094692577146283845e-10 8.600000000000000000e+01 1.304545761639795742e+00 1.319388022565221702e-12
1.554796293242675065e-11 4.000000000000000000e+01 7.650164282420114370e-01 5.612587091632564405e-13
1.912739235579627901e-10 3.000000000000000000e+01 1.422888917343191340e-01 4.496037956930467657e-11
8.600332850691546820e-11 4.500000000000000000e+01 1.113151818405992421e-01 1.720464088942100600e-11
1.232868069706240701e-10 8.700000000000000000e+01 1.078741442050834970e-01 1.316202216280694230e-11
7.024562926152158409e-11 4.300000000000000000e+01 1.315585821030697655e+00 1.688303127776713214e-12
5.294507916465768562e-11 7.800000000000000000e+01 9.749753426576301951e-01 8.200952827471068514e-13
3.743680675040813039e-10 8.400000000000000000e+01 5.604627732934217565e-01 8.384020400155057876e-12
8.352933749744062645e-10 4.800000000000000000e+01 1.266648852698871508e+00 1.823907100092284591e-11
1.808156995265692008e-10 2.200000000000000000e+01 1.197381745520744278e+00 8.827203183506050513e-12
9.697150182084014277e-10 9.700000000000000000e+01 1.286504073155751771e+00 1.041512082241898952e-11
1.148064916753038019e-10 7.700000000000000000e+01 1.374830423896374221e+00 1.520087799394255981e-12
9.748727280479761014e-10 8.100000000000000000e+01 2.631858269118633742e-01 4.626214104460785881e-11
1.568211546907255269e-10 7.300000000000000000e+01 9.400100391059645899e-01 2.660142030945737458e-12
6.291801747796497830e-11 7.700000000000000000e+01 4.297614792371702297e-01 1.961140761205490511e-12
1.941464878779604978e-10 3.100000000000000000e+01 5.893721114783605497e-01 1.126726976328614528e-11
1.383389913862436407e-10 2.500000000000000000e+01 1.082689964794618875e+00 6.265193465985003468e-12
3.858356689876358307e-11 8.000000000000000000e+00 5.412076050753821255e-01 9.361827844381502387e-12
1.159865787899596955e-11 3.000000000000000000e+00 1.224946572814735068e+00 4.109555401526900569e-12
8.184367028226100931e-11 6.500000000000000000e+01 1.774047953034860181e-01 7.134882626142095590e-12
1.424982632397703056e-10 6.900000000000000000e+01 3.600289623096283309e-01 5.862005031100610837e-12
4.243375692943879876e-11 7.000000000000000000e+01 9.398948757517223696e-01 7.507114045217542826e-13
5.702820117357344500e-11 4.700000000000000000e+01 1.076271662357408232e+00 1.378520436887315759e-12
6.204379117867723949e-11 6.100000000000000000e+01 1.142788736009622053e+00 1.117957193612304932e-12
1.599939730167889626e-11 1.000000000000000000e+01 2.578916543073182521e-01 6.273227965876073000e-12
4.467053974319636420e-10 7.400000000000000000e+01 2.646999213430280551e-01 2.307379955003813617e-11
9.202146714779796569e-11 3.700000000000000000e+01 8.511616987515950583e-02 2.925498478152473135e-11
5.536676001005793432e-10 4.200000000000000000e+01 4.716573788810505263e-01 2.901326111022194312e-11
1.923939161143097492e-10 5.900000000000000000e+01 1.108240244217260972e+00 3.643826003953214032e-12
8.688302297103133654e-10 2.800000000000000000e+01 2.868855401596246413e-01 1.096584176073412701e-10
1.067995212407597257e-11 7.900000000000000000e+01 1.790297806779990730e-01 7.591706249165089234e-13
8.891264709410173131e-10 6.600000000000000000e+01 5.407934310906553632e-01 2.616780308047874778e-11
1.221889163200666729e-11 3.400000000000000000e+01 1.341846549125936372e+00 3.690083328947843838e-13
7.308885241786958246e-11 2.500000000000000000e+01 1.159842986312748625e+00 3.189075239218426581e-12
5.841968101953410441e-10 6.300000000000000000e+01 1.256364333502893782e+00 9.751037105429884517e-12
1.759342211683719874e-11 2.500000000000000000e+01 7.802500934993912285e-01 1.000397597206377504e-12
9.893831171278496131e-10 5.500000000000000000e+01 1.189862788855028830e+00 1.937782599482015679e-11
2.741505705659402093e-10 2.800000000000000000e+01 1.004688159768445610e+00 1.160089181246878493e-11
2.664657376327558742e-11 6.700000000000000000e+01 1.330418474554708602e-02 2.989448782862285210e-11
2.242980328473997679e-10 5.600000000000000000e+01 8.842151541215780286e-01 5.178730641626435370e-12
2.638069492859796098e-10 1.900000000000000000e+01 6.248682495107460433e-01 2.373470698071899652e-11
3.672341281438234696e-11 6.000000000000000000e+01 7.654894510013723341e-01 8.833391778868175033e-13
5.736809364428835641e-10 6.000000000000000000e+00 1.263376740438890977e-01 7.588260247696083093e-10
2.352941166438421759e-10 5.900000000000000000e+01 4.211373665265204513e-01 9.755500244591087710e-12
6.885947674135217691e-10 2.600000000000000000e+01 3.947991652200125712e-01 6.885814714449928139e-11
1.286541299496515413e-10 7.000000000000000000e+01 1.370403081609664842e+00 1.875446879345713572e-12
1.566187485134307208e-11 1.000000000000000000e+00 5.121145767583079600e-01 3.196159841562962668e-11
6.439529773925182319e-10 5.900000000000000000e+01 1.396893371598656008e+00 1.108160158664592437e-11
1.080249693268868288e-11 3.500000000000000000e+01 4.453720244468949430e-01 7.164515400619473077e-13
7.198480162133522327e-11 9.100000000000000000e+01 5.869955333600682668e-01 1.428229056545722445e-12
5.346225502517395430e-10 7.000000000000000000e+01 1.087432177214214590e+00 8.625650468253767740e-12
4.207198440167178980e-10 6.000000000000000000e+01 7.133560716787022971e-01 1.071556084287446357e-11
1.041157688234120144e-11 3.000000000000000000e+00 3.115362601507122853e-01 1.132229811400482819e-11
1.772513359039112403e-10 8.300000000000000000e+01 3.941651259270777530e-01 5.560807048553049794e-12
4.066390728172030419e-10 7.800000000000000000e+01 1.330054707764936506e+00 5.368130697043938479e-12
1.936242052890138979e-10 3.000000000000000000e+00 4.438782133425785981e-01 1.502902368912945410e-10
3.303229873361099544e-10 6.000000000000000000e+01 1.009852937231278780e+00 6.501753286501402884e-12
8.158739476210116414e-11 7.800000000000000000e+01 1.465155486813159103e+00 1.051856134511733817e-12
6.189978998529446943e-11 7.000000000000000000e+00 3.540366612917819622e-01 2.550666408438590069e-11
8.860097614253557968e-11 7.600000000000000000e+01 1.137873794792173987e+00 1.284285981391499054e-12
3.475055361825133233e-11 1.700000000000000000e+01 1.344862221919582934e+00 2.097456488327019279e-12
1.692409082687901519e-11 2.300000000000000000e+01 1.399257848847640151e+00 7.467904423150344427e-13
1.900607390942062373e-11 6.300000000000000000e+01 2.036507083558973807e-01 1.491667612832747820e-12
1.079213573296112748e-10 2.800000000000000000e+01 4.754289488632688632e-01 8.420727337848685996e-12
3.024438701409468227e-11 3.700000000000000000e+01 2.487128031716661358e-01 3.320715157613436232e-12
6.295010485948297999e-11 5.300000000000000000e+01 1.568239176830295012e+00 1.187741710866289538e-12
2.585214868910750362e-10 8.500000000000000000e+01 2.638921322018331628e-01 1.166013753669502788e-11
7.002952622603710660e-11 8.900000000000000000e+01 1.152555567648512636e+00 8.610685170367479365e-13
2.305232646454606832e-10 4.300000000000000000e+01 1.000524656821866865e+00 6.368848825984512139e-12
7.008892848537705623e-10 9.900000000000000000e+01 5.690136759340717887e-02 1.244875454707270309e-10
2.329208502444470848e-11 8.200000000000000000e+01 7.877501006346365742e-01 4.007656377969803307e-13
6.214197088415733459e-11 7.400000000000000000e+01 8.612207356396607283e-01 1.106925652683148657e-12
2.686106712896112837e-11 4.900000000000000000e+01 4.020343949853986687e-01 1.400963915048119130e-12
5.998640655763294559e-10 1.200000000000000000e+01 4.921002027394684730e-01 1.058010740809971624e-10
3.056921336791099224e-10 5.600000000000000000e+01 7.275885535094792633e-01 8.207830677699360708e-12
3.031484026693264952e-11 9.800000000000000000e+01 1.289719026251899159e+00 3.219701260733148699e-13
8.304206991082176449e-10 2.500000000000000000e+01 1.373815981959306320e+00 3.387184089446598208e-11
5.113187478441412583e-10 9.800000000000000000e+01 1.322501080764652892e+00 5.382607882420341429e-12
7.327852807138727138e-11 4.800000000000000000e+01 1.131795479313348451e+00 1.686561142866118023e-12
9.799014961119880360e-10 7.300000000000000000e+01 1.504586981427536552e+00 1.345278372803599002e-11
3.357512057943002428e-11 5.400000000000000000e+01 1.450818869827974922e+00 6.262634911031959140e-13
3.871278267496592203e-10 7.900000000000000000e+01 9.257881573252565444e-01 6.132378658119795326e-12
5.579501435293156349e-11 9.800000000000000000e+01 5.874596026886182987e-01 1.027223485253302466e-12
1.393607883405432401e-10 5.300000000000000000e+01 8.441182951451302596e-01 3.518195713204041008e-12
3.387670987950358331e-11 5.300000000000000000e+01 1.548110960040192774e+00 6.393477106528272244e-13
9.754541959808088875e-10 5.100000000000000000e+01 6.619683012904264974e-02 2.891457006868603338e-10
7.162965323839627249e-11 5.200000000000000000e+01 1.432124826675801987e+00 1.390844738133924753e-12
3.919954535692212066e-10 4.600000000000000000e+01 4.602870595261292497e-01 1.918401270959614966e-11
4.336625243079420502e-11 1.700000000000000000e+01 1.152410844971776038e+00 2.791755896597415842e-12
1.235223974988569994e-10 6.100000000000000000e+01 5.579368839456108065e-01 3.824736500051580161e-12
3.131550189188967452e-11 8.800000000000000000e+01 2.810481586019400457e-01 1.283005258868350050e-12
6.480738906822740539e-10 5.100000000000000000e+01 6.533050036308440944e-01 2.090660619491078516e-11
1.229724877352523999e-11 7.900000000000000000e+01 5.415114588365804033e-02 2.875977523484151758e-12
3.211477364885603564e-11 4.700000000000000000e+01 1.183180223630066023e-02 5.775189489427645240e-11
4.049003221915083358e-11 9.200000000000000000e+01 9.763637531974371786e-01 5.312334199326158442e-13
6.148682331393396854e-10 5.100000000000000000e+01 1.119571806990017571e+00 1.339710516579617346e-11
2.281721729213790480e-10 3.100000000000000000e+01 1.135222501596382161e+00 8.118425692730897642e-12
3.802394551631002410e-10 9.900000000000000000e+01 6.006480789195082215e-01 6.795748878903451734e-12
5.075113531331611373e-11 3.900000000000000000e+01 3.071730394211766302e-01 4.303772762054333349e-12
7.472302614583867923e-11 6.400000000000000000e+01 2.067134192361916867e-01 5.688570655580024537e-12
1.590305763626757777e-11 3.100000000000000000e+01 1.486229667358849760e+00 5.148417127371259178e-13
5.653053097597713740e-11 3.200000000000000000e+01 7.480163236452479492e-01 2.597200073925008034e-12
4.108707454638193585e-10 7.000000000000000000e+00 9.364742655101773172e-01 7.287118681217913873e-11
2.183823387353373002e-11 6.900000000000000000e+01 5.435939714302490122e-01 6.119234614888329534e-13
1.588443943695275398e-10 8.100000000000000000e+01 1.184899580248673479e+00 2.116701421689707676e-12
1.547722714456222274e-11 6.000000000000000000e+00 5.359927392401846458e-01 5.051035969983681065e-12
9.324353018237681132e-10 4.900000000000000000e+01 1.457636664042311514e+00 1.915178140944087467e-11
1.827783732171027014e-10 6.400000000000000000e+01 1.358593611069291773e+00 2.921441879404422118e-12
6.882627299226490185e-10 1.500000000000000000e+01 7.189799802227740955e-01 6.966742292752456300e-11
2.291724392142713289e-10 2.100000000000000000e+01 1.208700338240710659e+00 1.166967710385716213e-11
1.024601793552149111e-10 1.500000000000000000e+01 2.385015052023136961e-01 2.891331516221798055e-11
5.875064101003996197e-11 9.100000000000000000e+01 1.556106517942607015e+00 6.456811043370526074e-13
1.143334477022948841e-11 2.400000000000000000e+01 1.484061367292253797e+00 4.781869270243112383e-13
1.717695708373648755e-10 5.000000000000000000e+01 1.503102633904324525e+00 3.443277704476970199e-12
3.018670855376942858e-10 5.900000000000000000e+01 1.266420918697216846e+00 5.362900615317182538e-12
3.931925900846406589e-10 3.100000000000000000e+01 2.788358676616256582e-01 4.608263909667645202e-11
3.360637183724250183e-11 9.000000000000000000e+01 7.464892573053687197e-02 5.006785431790099163e-12
2.844493088226053718e-11 7.000000000000000000e+00 3.149574783484405949e-02 1.290407036453262471e-10
7.846935049824014294e-10 9.500000000000000000e+01 1.186850625926737290e+00 8.908527014616863937e-12
1.044955474568853588e-11 3.500000000000000000e+01 6.240604970817782426e-01 5.109374750471796865e-13
5.272013176898188871e-11 5.800000000000000000e+01 2.233501340496045484e-01 4.103733187557353491e-12
6.430349871690155573e-11 6.500000000000000000e+01 5.004628449280434932e-01 2.061732590054378786e-12
2.161824360980915562e-10 8.800000000000000000e+01 1.278698907583571520e+00 2.565278648268230521e-12
5.787192576543142597e-10 3.500000000000000000e+01 3.328550919135359054e-01 5.060505962469185002e-11
6.639888089023848846e-11 4.600000000000000000e+01 9.615635850141628360e-01 1.760122255380672421e-12
5.437704673792371252e-11 2.200000000000000000e+01 2.249347145251190047e-02 1.098937701760138624e-10
1.719701513928109009e-11 3.900000000000000000e+01 6.265737747400228486e-01 7.519944483435159476e-13
1.027720202613594863e-11 4.200000000000000000e+01 4.185111060413652245e-02 5.848512229789469611e-12
2.764195956400262936e-11 6.700000000000000000e+01 1.327215982084518076e-01 3.117655967597629325e-12
4.792913854208497191e-11 3.700000000000000000e+01 5.408299546901224053e-01 2.516049287158691426e-12
6.988267635268577545e-11 2.200000000000000000e+01 8.371061949379633438e-01 4.276893693063126543e-12
5.499172735508196430e-10 5.300000000000000000e+01 1.008608578689486279e+00 1.226321734375365467e-11
1.006119152646319859e-10 3.800000000000000000e+01 3.590370634396816696e-01 7.535248950195681152e-12
3.121750526819712935e-11 5.800000000000000000e+01 1.351318705247223306e+00 5.514616904388191545e-13
3.483929286644067017e-11 6.300000000000000000e+01 9.051838280718121910e-02 6.117658481087434107e-12
1.954396481773091269e-11 7.100000000000000000e+01 2.421429736374111977e-02 1.136906875616700692e-11
4.272677941200463647e-10 6.700000000000000000e+01 6.703825489619951172e-01 1.026440865081874473e-11
1.081553750317951945e-11 4.600000000000000000e+01 8.603628909641957145e-01 3.101527607275155008e-13
6.391485292728658250e-10 3.000000000000000000e+01 8.537850050178968919e-01 2.826441031926516985e-11
1.465734869620015724e-11 2.000000000000000000e+00 1.349323642629428333e-01 5.447885142130352438e-11
2.724251477998516828e-11 2.500000000000000000e+01 1.063912275163499066e+00 1.246424223754159035e-12
1.063901816467901776e-10 4.000000000000000000e+01 1.404890760741037026e+00 2.696783510371270236e-12
9.671830134441326732e-10 5.500000000000000000e+01 4.110543815446986993e-01 4.400950315294682208e-11
2.823857148800387795e-11 6.400000000000000000e+01 1.071193427022055111e+00 5.026672539460751547e-13
9.502072218706416505e-10 3.300000000000000000e+01 1.322964946452433788e+00 2.970164237826514078e-11
1.450878984428124920e-11 3.200000000000000000e+01 1.021755117934167068e+00 5.315196329122903553e-13
7.313451765919553334e-11 6.200000000000000000e+01 1.290500686834546995e+00 1.227493532035247515e-12
1.201439259267196974e-10 6.300000000000000000e+01 4.353864166513305989e-01 4.521630377163154249e-12
1.239757876460940251e-10 8.800000000000000000e+01 6.632046293894580113e-01 2.288356129940117236e-12
6.318423902983352855e-11 3.000000000000000000e+00 1.537913453450952428e+00 2.107280482000118034e-11
9.799979747386716753e-11 7.000000000000000000e+00 2.643327581544591687e-01 5.358527604767509680e-11
6.377268182649247952e-10 7.500000000000000000e+01 1.135130259995671631e+00 9.379137406430496097e-12
3.345010085001744501e-11 1.000000000000000000e+00 1.453825434097064440e+00 3.368024803262943946e-11
1.860168687225853520e-10 5.200000000000000000e+01 1.439368855717019002e+00 3.608366626227784802e-12
1.931698378372116766e-11 1.400000000000000000e+01 1.314174681212288087e+00 1.426498131862694418e-12
1.222600278088650137e-11 4.400000000000000000e+01 1.319463031638518524e+00 2.868768841184523404e-13
1.558285518866820698e-11 3.200000000000000000e+01 3.514612713896933527e-01 1.414482980923384172e-12
3.075600238048264597e-11 9.700000000000000000e+01 6.319852504437563079e-01 5.367302688434602311e-13
2.307454129087842603e-11 6.500000000000000000e+01 2.445966562066619887e-01 1.465913463331441664e-12
7.752739249976337070e-10 3.200000000000000000e+01 8.069853881148316699e-01 3.354629163160118943e-11
3.589687073301261917e-10 8.100000000000000000e+01 1.116684141046690337e+00 4.931517630056771387e-12
4.373687081864477911e-11 1.400000000000000000e+01 1.137650080180897749e+00 3.441925104660222939e-12
2.754412804777272186e-11 5.500000000000000000e+01 7.920681490658836033e-02 6.329333671017894120e-12
7.574465204775676730e-11 4.200000000000000000e+01 3.989047996875072499e-01 4.643152997016826209e-12
6.316667096108987398e-11 1.300000000000000000e+01 4.857506106337391438e-01 1.040750319725012940e-11
4.277953157615458104e-11 1.700000000000000000e+01 7.000541523674855826e-01 3.905948735630579500e-12
3.360743408281787162e-10 2.600000000000000000e+01 1.154227100929229533e+00 1.413470046116772001e-11
1.671742110338113021e-10 4.500000000000000000e+01 1.549716240226881148e+00 3.715808033746281214e-12
5.521291599904540421e-10 7.600000000000000000e+01 2.827967849825487323e-01 2.603495596494967646e-11
5.475411117664811478e-10 9.200000000000000000e+01 1.859737979645863515e-01 3.218722047074156406e-11
7.828164983208413606e-10 8.100000000000000000e+01 4.756698053256042114e-01 2.110435404586691589e-11
1.312717159550023421e-11 9.100000000000000000e+01 3.808648182103694380e-01 3.880697607860979727e-13
4.470969042953276306e-10 9.000000000000000000e+00 7.779433055215103643e-01 7.078414841958702029e-11
8.133062997918472533e-10 1.000000000000000000e+01 7.319058711851773591e-01 1.216998560192997761e-10
3.373504934645790348e-10 8.000000000000000000e+00 5.137585397974371304e-01 8.580418227490393893e-11
5.792725013381546619e-11 1.700000000000000000e+01 5.491248920012600232e-01 6.528487791819364007e-12
1.946215792776293006e-10 4.700000000000000000e+01 6.653171917141755820e-01 6.707964152820851888e-12
3.429831019415563633e-10 8.900000000000000000e+01 1.536205893981966719e+00 3.856049366197680251e-12
1.341458566522770289e-10 1.700000000000000000e+01 8.350176857630375871e-01 1.064460208046748905e-11
4.783639544396124627e-10 7.700000000000000000e+01 3.528115520339293876e-01 1.797928762687997197e-11
3.208107760081987400e-11 7.800000000000000000e+01 1.407599686527584160e-01 2.931637521116305843e-12
5.753612774208472116e-10 1.000000000000000000e+01 6.855686624939318907e-01 9.087809155987667125e-11
9.914711704599218354e-11 8.000000000000000000e+01 1.414528575216244421e+00 1.254626561061819794e-12
2.456961281358094044e-11 8.300000000000000000e+01 1.085437970235559879e+00 3.346713546557609337e-13
3.579371194194653611e-10 1.000000000000000000e+00 1.542817238183155304e+00 3.580772669824224880e-10
6.273424650237071481e-10 2.600000000000000000e+01 1.514884845220791032e+00 2.416631959849794718e-11
1.283686790588315522e-10 7.300000000000000000e+01 1.228277917703165301e+00 1.866921105104470687e-12
4.524799011586271194e-11 4.700000000000000000e+01 8.201272735034742523e-01 1.316575771990956255e-12
1.098267697061307945e-10 3.000000000000000000e+00 1.438843090162156502e+00 3.692996292759563376e-11
4.163678240749306889e-11 8.200000000000000000e+01 5.155410077671246372e-01 1.029938862153133545e-12
8.959493789286666088e-10 3.100000000000000000e+01 6.983953904202684360e-01 4.494877293364895424e-11
6.795789828265931732e-11 2.200000000000000000e+01 6.777431936549717095e-01 4.926339881990857693e-12
5.803248753773343682e-11 4.000000000000000000e+01 9.537827271972695864e-02 1.523422641754167245e-11
4.438285941696820372e-11 2.100000000000000000e+01 7.855170310624165486e-01 2.988542005074600436e-12
8.556591947156682472e-11 3.900000000000000000e+01 1.397523127350458028e+00 2.227350909935326427e-12
2.370312772517574229e-10 2.700000000000000000e+01 9.821433109848148879e-03 8.938692790289525513e-10
8.721606539233853869e-10 4.500000000000000000e+01 1.259225244768936491e+00 2.036170014508422279e-11
1.216029297830912976e-11 9.500000000000000000e+01 1.112709512728021322e+00 1.427171966462262169e-13
1.328503710609816576e-11 7.800000000000000000e+01 8.230019210324466261e-01 2.323011373387905867e-13
2.853675286946645856e-11 6.300000000000000000e+01 6.038070614201607178e-01 7.977807433819257155e-13
8.598639452547075868e-10 6.600000000000000000e+01 1.081704170903437845e+00 1.475853605285669973e-11
9.874850932381080217e-10 9.600000000000000000e+01 1.046544105002366054e+00 1.188208493402569019e-11
2.457417405733807391e-11 5.000000000000000000e+00 1.552232620607247870e+00 4.915681786612838831e-12
1.332869821728073409e-11 2.100000000000000000e+01 1.552285473621248579e+00 6.348086711335771142e-13
9.197473376642742775e-10 8.900000000000000000e+01 6.442688824378258738e-01 1.720612410993825168e-11
9.338798149950011284e-10 9.900000000000000000e+01 7.185575437743885185e-01 1.432953978887816391e-11
1.142790428797126250e-10 9.400000000000000000e+01 1.050708400639857931e+00 1.400978151773305290e-12
9.824871238500170124e-10 2.000000000000000000e+01 1.227401296508554285e-01 4.012372944348361856e-10
1.478829381221609930e-10 8.000000000000000000e+01 2.467861026276148562e-01 7.567016865453418497e-12
2.672087705803786249e-11 9.200000000000000000e+01 3.140029218113834508e-01 9.403500350873992520e-13
1.990002092673720408e-11 5.400000000000000000e+01 7.997943727152813098e-01 5.138208617396384747e-13
1.303217943610186038e-11 6.000000000000000000e+00 3.788294488366719670e-01 5.872999247370821860e-12
2.287049339728936929e-11 8.500000000000000000e+01 3.352079128704283373e-01 8.179113421445667946e-13
2.285181182752534112e-10 2.000000000000000000e+00 2.034620466251423621e-01 5.654676718014114740e-10
2.056224354634668803e-11 3.400000000000000000e+01 3.993974456794646688e-01 1.555230067823055940e-12
1.824912105896825978e-11 3.400000000000000000e+01 7.936028953745543069e-01 7.529113432294293891e-13
1.053477312745529475e-11 1.900000000000000000e+01 9.331526696766040407e-01 6.900575505201410943e-13
5.795482838226156634e-10 5.400000000000000000e+01 3.826606885401436231e-01 2.874306877497862005e-11
6.367786868582347576e-10 6.800000000000000000e+01 7.205685026476770227e-01 1.419251679963812016e-11
5.623094976172541108e-11 2.800000000000000000e+01 5.395251572916941463e-01 3.909161341187530216e-12
5.266873214644195892e-10 3.200000000000000000e+01 1.128893201053547513e+00 1.820805535614411463e-11
5.743540429879555138e-11 5.300000000000000000e+01 3.060032913774182739e-01 3.597300701689640428e-12
1.251711114081938518e-10 6.700000000000000000e+01 1.002540589453863262e+00 2.216581354464308108e-12
8.491011225939805185e-10 6.000000000000000000e+01 3.195884740679891811e-01 4.504382870101187169e-11
3.191594956860945536e-10 2.500000000000000000e+01 9.987195434773439295e-01 1.518399960406908692e-11
2.997157139970304936e-10 5.000000000000000000e+01 1.365065257555632350e+00 6.123446116591831362e-12
1.575580899235861334e-10 8.100000000000000000e+01 5.191247352251665559e-01 3.920745242239629705e-12
5.735294693625086525e-10 9.500000000000000000e+01 1.267024145318341066e+00 6.326826443624535300e-12
1.815278178104543410e-11 6.000000000000000000e+00 1.125254715019007534e+00 3.352769758107853837e-12
3.163141728462835948e-10 4.100000000000000000e+01 1.437525496062077579e+00 7.784003864007418890e-12
4.568813492613313260e-10 7.600000000000000000e+01 1.399774216857794018e+00 6.100596292069928884e-12
6.981392458878515990e-10 9.800000000000000000e+01 2.729760930370044719e-02 2.610028808813040081e-10
2.523651985544065840e-11 1.300000000000000000e+01 1.307378160469769846e-01 1.489096284269221292e-11
6.220362472869562342e-11 9.800000000000000000e+01 1.139108757264087446e+00 6.988419567394182896e-13
2.530173660239335344e-11 7.000000000000000000e+00 4.771065413317243098e-01 7.871187027858563740e-12
1.367069870215240388e-11 5.100000000000000000e+01 4.590741797984844164e-01 6.049240024038865197e-13
2.040526074624546260e-10 6.100000000000000000e+01 7.752000995071210987e-01 4.779712246313343780e-12
1.961578614658908399e-10 2.800000000000000000e+01 8.293296011822939295e-01 9.499443509589002153e-12
2.623117606442393626e-10 9.900000000000000000e+01 1.053893098109844439e+00 3.047797025987485931e-12
2.752785044961415168e-11 1.100000000000000000e+01 7.073855211896176165e-01 3.850944658218647660e-12
6.307875949490443961e-11 5.900000000000000000e+01 4.592110313982157299e-01 2.412077152001519727e-12
3.565951740859362666e-10 7.400000000000000000e+01 8.056828497667464228e-01 6.680754950505967370e-12
7.436162270753372189e-10 1.000000000000000000e+01 3.850041485731139912e-01 1.980004056409869443e-10
1.954451125378184331e-11 7.400000000000000000e+01 7.119984459665942289e-01 4.042485956090339664e-13
2.046896014095160107e-11 4.000000000000000000e+00 2.003978614897814967e-02 2.553711162997840226e-10
5.269543114583326485e-10 3.000000000000000000e+01 8.081224706052989593e-01 2.429509542236152117e-11
9.212024321502064259e-10 2.700000000000000000e+01 6.957666863141704905e-01 5.322930863773145742e-11
1.757453734442435762e-10 1.300000000000000000e+01 5.451853430345759283e-02 2.480913020709440839e-10
5.701357618834048388e-11 5.400000000000000000e+01 1.386584511554860510e+00 1.073977670751030177e-12
2.041020340223646853e-11 1.900000000000000000e+01 2.054861981281716835e-02 5.228072944898157144e-11
1.754903754855046807e-11 6.300000000000000000e+01 3.939014199689783863e-02 7.073551511255049507e-12
7.663275665384463265e-10 4.400000000000000000e+01 1.394532353724648344e+00 1.769063996272463751e-11
4.638002049706866699e-11 3.000000000000000000e+01 4.890081248551373938e-01 3.291110295793128102e-12
9.832917900269762570e-11 1.900000000000000000e+01 2.334986740906449532e-01 2.236649837010115685e-11
1.681849561839268137e-11 6.000000000000000000e+01 6.251098369410317268e-01 4.790068387659122694e-13
2.488882686568092346e-10 9.000000000000000000e+01 9.922734027407917878e-01 3.302902540871314176e-12
1.689810093568477343e-10 1.000000000000000000e+01 7.392308672759400068e-01 2.508179608729204867e-11
1.872321924989439019e-10 3.000000000000000000e+00 9.142150116597096421e-01 7.879310437840769299e-11
2.282638575115305383e-11 4.000000000000000000e+00 6.858753090270236497e-01 9.010169426092863753e-12
2.326100139144097158e-10 8.400000000000000000e+01 7.707604773810941001e-01 3.974798887437588406e-12
4.423928587991023080e-11 3.000000000000000000e+01 1.470088990855420441e+00 1.482152483751843830e-12
2.690720321357766743e-11 8.700000000000000000e+01 1.148407973075818989e+00 3.390790183734956924e-13
1.134334364600934656e-10 8.700000000000000000e+01 1.094665281977678789e-01 1.193460890057071175e-11
4.946953929542214773e-10 8.900000000000000000e+01 2.424536114598263847e-01 2.315167835738733681e-11
3.620063883884226459e-10 4.800000000000000000e+01 4.889864207553223929e-02 1.542947979884442175e-10
7.916720308734903583e-11 5.000000000000000000e+01 1.158017918425516157e+00 1.728523087744945582e-12
6.046617886995426961e-10 2.200000000000000000e+01 1.492282348066338526e+00 2.756955862773028523e-11
4.432118317091818416e-11 4.800000000000000000e+01 1.432503700920408241e+00 9.322584357120802208e-13
1.307311350153520584e-11 5.700000000000000000e+01 2.454484331761815769e-02 9.345176744959581109e-12
8.471219681415308515e-11 9.000000000000000000e+01 1.761061068578868849e-01 5.372496802499144618e-12
4.700851947770993437e-11 2.600000000000000000e+01 1.019259824237779277e+00 2.122785796434104032e-12
3.463997008630878593e-11 4.300000000000000000e+01 1.529003959263792067e+00 8.062847264528245807e-13
5.671976476601347405e-11 8.000000000000000000e+00 8.736490719119559545e-01 9.247664762323081213e-12
1.575813664173317092e-11 7.700000000000000000e+01 1.553924671711223837e+00 2.046802559246677434e-13
2.897692776628817479e-10 5.400000000000000000e+01 1.525239983781618180e+00 5.371670900748886014e-12
1.329777384468776007e-11 8.100000000000000000e+01 5.315746741333534642e-01 3.238762038753305744e-13
1.245034754634348037e-11 5.400000000000000000e+01 5.326928795437546604e-01 4.539918252439367042e-13
2.217558672717481510e-11 4.400000000000000000e+01 4.140189092818263167e-02 1.217660855679340549e-11
1.679629326625997110e-10 5.800000000000000000e+01 5.965411046425611596e-01 5.154847447063431009e-12
2.071964284679956799e-10 9.200000000000000000e+01 2.752212347703418271e-01 8.287225186471165909e-12
2.428162043305613810e-10 5.500000000000000000e+01 5.086879337611398544e-01 9.064789460834650241e-12
2.017717578910661603e-11 7.500000000000000000e+01 8.431238670147735981e-01 3.602787816582141461e-13
4.414930517358665701e-10 6.100000000000000000e+01 3.847839602184798813e-01 1.928178860523044595e-11
4.209273338761510417e-11 8.900000000000000000e+01 1.360343447533741035e+00 4.836225106473704378e-13
1.162700542025858459e-10 5.200000000000000000e+01 4.708203536887894392e-01 4.929180227939095838e-12
4.250981705536005264e-10 1.400000000000000000e+01 1.616844235264398022e-01 1.886196261527477093e-10
1.457024486156490647e-10 6.000000000000000000e+00 2.980288109016749898e-01 8.270001408843555083e-11
1.573859095036703033e-11 5.900000000000000000e+01 1.297903786313605146e+00 2.770063045635501714e-13
8.817568624259828664e-11 8.100000000000000000e+01 1.396798477339472599e+00 1.105277831871315706e-12
1.517920809793351471e-10 5.700000000000000000e+01 7.445853269132076679e-01 3.929687052311068217e-12
7.346055411386407841e-10 9.600000000000000000e+01 8.607252538654041052e-01 1.009097214275155503e-11
3.273588051267561063e-11 8.900000000000000000e+01 1.219536926453199888e+00 3.917383796871425802e-13
3.856708202139816526e-10 6.200000000000000000e+01 6.487624620386093222e-01 1.029541424968948747e-11
1.153357575967120406e-10 8.700000000000000000e+01 6.418986762780657385e-01 2.214230987089016960e-12
5.189227561518595338e-11 8.100000000000000000e+01 1.558842828429857663e+00 6.406911503575445049e-13
5.482796964449788101e-11 4.700000000000000000e+01 5.460545883145542234e-01 2.246309449376538900e-12
2.105683964129070626e-10 7.100000000000000000e+01 5.512909403774326478e-01 5.662129973413394695e-12
2.076359995921752308e-10 1.200000000000000000e+01 7.710300719082928689e-01 2.482943948128005878e-11
1.421891457792465750e-10 6.800000000000000000e+01 1.252574984593817664e+00 2.201549094852264338e-12
2.360702413093871743e-11 4.800000000000000000e+01 1.272870873996200025e+00 5.144769988999556364e-13
1.081060766706750020e-10 2.500000000000000000e+01 2.159616333128050111e-02 2.002475695556773615e-10
4.568990483182208407e-10 4.200000000000000000e+01 4.817315536500395012e-01 2.347984363627174334e-11
1.455081978763814800e-10 6.400000000000000000e+01 1.137758819051898351e+00 2.504767366973623510e-12
2.619724701774629332e-10 9.000000000000000000e+01 2.442223312194547191e-01 1.203797966706177766e-11
2.122659947354572511e-10 3.400000000000000000e+01 1.365575617987568879e+00 6.376930806701282188e-12
4.923016954740833024e-11 5.600000000000000000e+01 1.147581284688148795e+00 9.641763061624340924e-13
1.589572729444334014e-11 3.800000000000000000e+01 5.992827704534237077e-01 7.416157012600870464e-13
6.830357453103433479e-11 6.700000000000000000e+01 2.857388394556018008e-01 3.616806752158454659e-12
5.042034319830389507e-11 3.700000000000000000e+01 1.188762699295501601e+00 1.468584588530972805e-12
2.457664659049675171e-11 6.000000000000000000e+00 1.459825592445288811e-01 2.815879286327583751e-11
1.413704714241237301e-11 8.400000000000000000e+01 1.542215485695349608e+00 1.683669420729872550e-13
8.971000320365262814e-10 9.400000000000000000e+01 1.325844022072649064e+00 9.837270788321006037e-12
6.623114240727076311e-11 2.000000000000000000e+00 1.448153582743195278e+00 3.336619132103600952e-11
1.597329085136866816e-10 8.700000000000000000e+01 9.569594057185182301e-01 2.246038348324286213e-12
4.907876993345803814e-11 7.900000000000000000e+01 9.784452850436401450e-01 7.488277736547342978e-13
6.920817600941685004e-11 9.800000000000000000e+01 4.583676665581509768e-01 1.596000093918720933e-12
4.241236160563707931e-11 3.200000000000000000e+01 3.995841869539468738e-01 3.406853398191253786e-12
2.458926599814248072e-11 6.800000000000000000e+01 6.973501931676989729e-01 5.630850063338381901e-13
5.308768318428057627e-10 8.800000000000000000e+01 1.014338205378927160e+00 7.104545615395717740e-12
4.853919204519741625e-10 4.500000000000000000e+01 3.913015478241905348e-02 2.757270020719019529e-10
1.290920700410494935e-10 3.900000000000000000e+01 3.957405354323431657e-02 8.366383833836582033e-11
9.004678902509748987e-11 1.500000000000000000e+01 9.956050338004529543e-01 7.154335948042236027e-12
1.028846801032889621e-11 4.600000000000000000e+01 1.325385610686557358e+00 2.305707975912598541e-13
1.937068128510549746e-11 8.300000000000000000e+01 1.219786919181829798e+00 2.485359028624569196e-13
9.060339493901374834e-11 3.800000000000000000e+01 1.042127523812016898e+00 2.761270535152034012e-12
8.886159458989335243e-11 7.200000000000000000e+01 1.170799308437321107e-01 1.056554245523999777e-11
3.050529130089937965e-10 6.800000000000000000e+01 8.141303670986489438e-01 6.169569709836080760e-12
2.208509238044673848e-10 1.700000000000000000e+01 4.508505109368678432e-01 2.981478101848660668e-11
3.735809259800302530e-10 4.500000000000000000e+01 1.448004183280425350e+00 8.364780867028184502e-12
9.913897841336668608e-10 4.400000000000000000e+01 8.643972354537693414e-01 2.961938101494379479e-11
5.266809392718805056e-10 7.200000000000000000e+01 6.534297777152243969e-02 1.120276635725586274e-10
1.890737198762060638e-10 7.300000000000000000e+01 4.786986684614206733e-01 5.622911718219803785e-12
1.418523846338848949e-11 5.100000000000000000e+01 7.748428821867653360e-01 3.975706297243189291e-13
1.130064631853629936e-10 5.800000000000000000e+01 1.029402841444839067e+00 2.273520222488450569e-12
3.613803629230369765e-10 9.500000000000000000e+01 9.816056219427139462e-01 4.575470919106615834e-12
1.680168933264811001e-11 9.800000000000000000e+01 4.893343674942685073e-01 3.647484595608151437e-13
3.533304398252892230e-10 6.000000000000000000e+00 8.617155657990580586e-01 7.759084630819414263e-11
9.285944823353556524e-10 4.600000000000000000e+01 1.534941652551513158e+00 2.019981919779387800e-11
2.602577695844120849e-10 5.400000000000000000e+01 3.767790142489966243e-01 1.309929398592508719e-11
3.280100841163186515e-11 6.800000000000000000e+01 2.941878870524416989e-01 1.663550976113233918e-12
9.997798078235482386e-10 3.700000000000000000e+01 2.508869304512341691e-01 1.088404311877091551e-10
7.881832429412807525e-11 8.000000000000000000e+00 6.504660301223760266e-01 1.626978966596065236e-11
4.097935258963481372e-10 9.200000000000000000e+01 3.791371461452126002e-01 1.203471613044929343e-11
5.100591469374029516e-11 4.600000000000000000e+01 1.130021391613095089e-01 9.833332476879293242e-12
4.108284807039862964e-10 7.600000000000000000e+01 2.070459042622193047e-01 2.629587599665341762e-11
4.844922407448417872e-11 4.900000000000000000e+01 5.432109850243338478e-01 1.912911061329197315e-12
1.515406519826385283e-10 1.200000000000000000e+01 1.455509742926690775e+00 1.271277687096041026e-11
4.703748515467338039e-11 4.400000000000000000e+01 1.178761464527307012e+00 1.156795784143034977e-12
4.649628971235683513e-10 4.000000000000000000e+01 5.825481721046802397e-01 2.112877621791477417e-11
2.083113101907195854e-11 1.300000000000000000e+01 4.692504590755326443e-01 3.543412864875995713e-12
9.191248610219358569e-11 2.000000000000000000e+00 8.446170989288116493e-01 6.146208838515279682e-11
4.012304724172745636e-11 1.000000000000000000e+01 1.557862947776028406e+00 4.012640321268150373e-12
1.026056063986062833e-10 9.200000000000000000e+01 1.310517464764119566e+00 1.154152195488936746e-12
1.292940941921749377e-11 2.600000000000000000e+01 6.181041102255337982e-01 8.581408469274780070e-13
3.862591227442558107e-11 8.000000000000000000e+00 1.019760501408757403e+00 5.667062612575797877e-12
2.410668053244101662e-10 9.300000000000000000e+01 3.087656898883606171e-01 8.529982883068747032e-12
4.051819844510091122e-10 1.200000000000000000e+01 1.461629726874332347e+00 3.396736487350522482e-11
4.802193214655099123e-11 6.000000000000000000e+00 1.283535571562963717e-01 6.252786495273442619e-11
1.541600382311739203e-10 5.900000000000000000e+01 9.155667771444874203e-01 3.295315165241719395e-12
2.097427016822041234e-10 1.300000000000000000e+01 1.560096481083963482e+00 1.613497758689737933e-11
1.213985856802307517e-11 7.400000000000000000e+01 1.504098164156640216e+00 1.644177252895691991e-13
1.511040060423869829e-11 6.100000000000000000e+01 1.363022698145383904e+00 2.531562174547233031e-13
5.265005431492199197e-10 9.500000000000000000e+01 8.342175328737674311e-01 7.481543087843509985e-12
1.004676194108903421e-10 8.400000000000000000e+01 1.365218508839331824e+00 1.221769651921972887e-12
1.537083498518523229e-11 7.700000000000000000e+01 2.614468267795295175e-01 7.722934327995567707e-13
4.654219237360845936e-10 6.200000000000000000e+01 3.548671100503021369e-01 2.160444602287317831e-11
2.162685505283041755e-11 6.400000000000000000e+01 1.274939508833883961e+00 3.532681652154541339e-13
2.978639272916099538e-10 8.000000000000000000e+01 5.330768695214811448e-01 7.326650814930528615e-12
3.201457273494288881e-11 8.600000000000000000e+01 1.338585761772011384e+00 3.825295447159932989e-13
4.215598043296102059e-11 3.200000000000000000e+01 2.031342412379666118e-01 6.530056693331726567e-12
6.732970895176036773e-10 9.400000000000000000e+01 8.079220617575391672e-02 8.875278431730579320e-11
2.517821492727107932e-11 7.700000000000000000e+01 5.598390449992962647e-02 5.843834546584723471e-12
5.117135949072388906e-11 2.800000000000000000e+01 1.209239471776872632e+00 1.953871734450026176e-12
5.075826961815283774e-10 8.100000000000000000e+01 1.226971688058345000e+00 6.656014203481543452e-12
8.708187328079345131e-11 7.000000000000000000e+01 5.382328109596499002e-03 2.311328373718964326e-10
6.221583686438188027e-10 8.500000000000000000e+01 8.462167864662116790e-01 9.775271821781468561e-12
2.214159474207902569e-10 4.600000000000000000e+01 1.144179755478002436e+00 5.287284170727226466e-12
3.781959164105913545e-10 9.700000000000000000e+01 6.018787447252147427e-01 6.886226730487985875e-12
2.781726116434062471e-11 8.000000000000000000e+01 1.042499424890064724e-01 3.341454084523334021e-12
3.138678349773112323e-11 9.600000000000000000e+01 1.313711143358378131e+00 3.380557925690830713e-13
3.476737709294684536e-11 4.500000000000000000e+01 6.063002470391425369e-01 1.355855175613752951e-12
4.657237175806070826e-10 6.000000000000000000e+00 1.554283134252035126e+00 7.763120380914944275e-11
5.942180855772930626e-10 7.000000000000000000e+01 2.529609849504850239e-01 3.391844228379481441e-11
7.380419267782129729e-10 3.200000000000000000e+01 8.608072208619844679e-01 3.041238619891706150e-11
2.393236075178209848e-11 3.300000000000000000e+01 1.521945543197948947e+00 7.260892501574064123e-13
2.989206869708677483e-11 6.700000000000000000e+01 6.189870150439741314e-01 7.689456562796802408e-13
9.524434965135986632e-11 9.600000000000000000e+01 6.030629945918742907e-01 1.749268221026125042e-12
1.703737643792247423e-11 7.900000000000000000e+01 1.313971514839921584e+00 2.229763070737288484e-13
3.485693684970782287e-10 7.700000000000000000e+01 7.741819371668706706e-01 6.474998713634264387e-12
1.535447760030073231e-11 3.000000000000000000e+00 4.069264670442792609e-01 1.293154621343363609e-11
7.288695890229209432e-10 1.900000000000000000e+01 5.384852116742927519e-01 7.480275508828298039e-11
1.829024174116052626e-11 1.800000000000000000e+01 1.415859479701856750e-02 7.176972759245003740e-11
4.390301665129959096e-11 5.500000000000000000e+01 3.930036221139820984e-01 2.084360552457039167e-12
3.346490941360826197e-10 3.200000000000000000e+01 4.278258989032060478e-01 2.520594027244377208e-11
2.894878717324126484e-11 3.700000000000000000e+01 1.376965058817124499e+00 7.973309018562535871e-13
4.388680528654921343e-11 4.300000000000000000e+01 7.319181357913708830e-01 1.527198578968340808e-12
1.699909369889105749e-11 3.000000000000000000e+00 1.018980422509067507e+00 6.653989889176276603e-12
1.659552844341468103e-11 8.000000000000000000e+00 1.514873532930298694e+00 2.077689048465643842e-12
1.104557065348463457e-11 9.000000000000000000e+01 2.190570823814035895e-01 5.647643376398228954e-13
1.371505235220971360e-11 4.100000000000000000e+01 2.815843838070340999e-01 1.203814242185376889e-12
1.960811405617428537e-11 9.700000000000000000e+01 2.505863326264615720e-01 8.151948126265588703e-13
4.701515724808569723e-10 9.200000000000000000e+01 2.929831157275250009e-01 1.769451199910973984e-11
5.315652562752495648e-11 1.400000000000000000e+01 1.337531390363284833e+00 3.902588994567320946e-12
7.615368225246233047e-11 6.800000000000000000e+01 3.248413475068226974e-01 3.508937788345054384e-12
5.603639208127502452e-11 3.600000000000000000e+01 1.145489508191056993e+00 1.708799681020438969e-12
1.131945339351363017e-10 4.400000000000000000e+01 1.254535638798507158e+00 2.706849113299378191e-12
2.943372741920739408e-11 7.000000000000000000e+01 1.377564132021456000e+00 4.284559519977828548e-13
4.035007988552838262e-10 2.400000000000000000e+01 3.045080649285636723e-02 5.522064518103442286e-10
1.271978283239004832e-11 3.000000000000000000e+01 2.523280876432272835e-01 1.698287509910292387e-12
1.587551343533828266e-10 5.600000000000000000e+01 1.048951560753495493e-01 2.707578363233550234e-11
7.209323678291581832e-10 6.300000000000000000e+01 1.230835140909753767e+00 1.213806118370094399e-11
7.510033569026930678e-11 8.900000000000000000e+01 1.217773897283624507e+00 8.992808101291312787e-13
1.178732297727956057e-10 5.600000000000000000e+01 6.548482633052163937e-01 3.456066758143665001e-12
5.694844645827509897e-10 3.400000000000000000e+01 1.171545189580171176e+00 1.817930236535089701e-11
4.477096222437050886e-10 4.400000000000000000e+01 1.121354835292289298e+00 1.129713873427243389e-11
5.555017441725952347e-10 9.200000000000000000e+01 1.087307358825365888e+00 6.819753534908549687e-12
4.589721679674024959e-11 8.200000000000000000e+01 3.160020598766747485e-02 1.771555922885507772e-11
3.441665102542247337e-11 3.800000000000000000e+01 6.952461815228747621e-01 1.413889159978237381e-12
2.485979552852491325e-11 5.500000000000000000e+01 7.885097319405519611e-01 6.372395461255165672e-13
4.930739861117840864e-11 2.200000000000000000e+01 3.574964368385335489e-01 6.404838223910356539e-12
5.740799033219392619e-10 7.000000000000000000e+00 1.062641357322083868e+00 9.387283688543479771e-11
3.497677842676062516e-10 9.300000000000000000e+01 1.330412441358665099e+00 3.872285074423206552e-12
9.600569142526262905e-10 3.600000000000000000e+01 6.251029322866552551e-01 4.557266773673655413e-11
6.546710475524030421e-11 5.800000000000000000e+01 1.195903135879340828e+00 1.212989245502729915e-12
9.780354936935705413e-10 3.300000000000000000e+01 9.530191533614890131e-01 3.635746218757549488e-11
1.257602769401599310e-10 4.400000000000000000e+01 3.793462961024186564e-01 7.718296829727697602e-12
8.101072628072783278e-10 9.500000000000000000e+01 4.309808026550218663e-01 2.041220232368990215e-11
1.271857940792202159e-10 8.000000000000000000e+00 1.326047673996457954e+00 1.638657263406756601e-11
1.666875797700294050e-11 6.300000000000000000e+01 1.733395215242630738e-01 1.534059219476398249e-12
4.204380048245913909e-10 8.500000000000000000e+01 1.298057043160058210e+00 5.136179998886134694e-12
3.748449475146403580e-10 5.000000000000000000e+00 4.107051388774294320e-01 1.877717637974369084e-10
5.356642025695814195e-11 2.200000000000000000e+01 6.534996181995144093e-01 4.004872867154424658e-12
7.529532920993094776e-10 6.200000000000000000e+01 1.046960870199437732e+00 1.402507127171860163e-11
2.257461813373668874e-10 1.000000000000000000e+01 1.739232410658151928e-01 1.304531353669565836e-10
1.986206109839857562e-11 8.700000000000000000e+01 1.057879494220661742e+00 2.620166805302797426e-13
1.207468918959490079e-11 4.300000000000000000e+01 7.634239920795138357e-01 4.061426615206164344e-13
1.782750405339624401e-10 5.000000000000000000e+00 1.094317813948427531e+00 4.012422170677405691e-11
4.498513508798793782e-10 7.700000000000000000e+01 1.009179831560598428e+00 6.902478108240920948e-12
1.075499093212634035e-10 1.000000000000000000e+00 2.948641605406885913e-01 3.700834631565238383e-10
5.148749792706389044e-11 1.900000000000000000e+01 7.215180592038429597e-02 3.759047907060084899e-11
9.887003499854286095e-10 8.500000000000000000e+01 1.373725728223291531e+00 1.186135297178775702e-11
5.095986344053404752e-10 5.900000000000000000e+01 5.868791461491584815e-01 1.559734516731603133e-11
1.474606591172131210e-10 2.000000000000000000e+00 2.427670194539131507e-02 3.037380138602108515e-09
2.135968439310515216e-11 4.000000000000000000e+00 4.500185966286083250e-01 1.227618078297068809e-11
8.868002341908213095e-10 5.000000000000000000e+01 1.164419417332526629e+00 1.930850900584471393e-11
1.560077132979207532e-11 2.400000000000000000e+01 1.122358548839069270e+00 7.213558235501563350e-13
8.957580872509296380e-10 9.600000000000000000e+01 7.707751763346705198e-01 1.339303395587554971e-11
3.120714038225661889e-10 3.500000000000000000e+01 3.304948017144098138e-01 2.747618198904684400e-11
1.431899899509988087e-10 1.000000000000000000e+00 2.806034302135207437e-01 5.170517157257671082e-10
1.453416934036143794e-11 5.000000000000000000e+01 1.295025736809341632e+00 3.020979586228668718e-13
9.693312246984186127e-10 9.000000000000000000e+00 5.729121816614170248e-02 1.880958623679513336e-09
2.892872833681096533e-11 8.300000000000000000e+01 7.206264171654473971e-01 5.282048913902659690e-13
1.075883155454715016e-10 9.400000000000000000e+01 1.424834798355663956e+00 1.156857980458688275e-12
7.546144485581056105e-10 6.700000000000000000e+01 8.535008905579357652e-01 1.494573592943032176e-11
1.738330176551501665e-10 5.900000000000000000e+01 3.197061033133541397e-02 9.217291375579725032e-11
2.335693510921697835e-11 6.400000000000000000e+01 3.673458970234069754e-01 1.016184351553832027e-12
4.039240031690400612e-11 4.500000000000000000e+01 1.404718529971599850e+00 9.101316228190924821e-13
2.958787502074268921e-10 8.500000000000000000e+01 1.383066006846343843e+00 3.543178869189012587e-12
4.090624396594437386e-11 4.700000000000000000e+01 4.799773766462980817e-02 1.814001929496674783e-11
6.245163490334379084e-10 4.300000000000000000e+01 4.206799472180148408e-02 3.453437890335160688e-10
2.039304678866625357e-11 1.400000000000000000e+01 5.571938076362710213e-01 2.754591830668339281e-12
4.457394315827360024e-11 2.000000000000000000e+01 1.377354515699370063e+00 2.271055978045188197e-12
1.352471971272403103e-10 1.700000000000000000e+01 1.216301352302127770e+00 8.483185754921256018e-12
1.248414369272085725e-10 4.700000000000000000e+01 1.795120168681670625e-01 1.487655515611164799e-11
5.245489108452206122e-10 6.000000000000000000e+01 4.969956386917286917e-01 1.833624961512316999e-11
4.230618667897982805e-11 4.800000000000000000e+01 8.399909831284888551e-01 1.183635474720948930e-12
4.275461822368723894e-11 2.700000000000000000e+01 6.386054470109565617e-01 2.656546467841149242e-12
3.358416036397889210e-10 7.200000000000000000e+01 5.064634252892066257e-01 9.615718899322077341e-12
7.603413447476086635e-10 1.900000000000000000e+01 6.819947457376659417e-01 6.348603250446000203e-11
8.441365051511656908e-10 3.800000000000000000e+01 1.011896613134378953e+00 2.620086728341013719e-11
4.313252333751585963e-10 8.500000000000000000e+01 1.062581147531603543e-01 4.784553290653014953e-11
1.945949191667012626e-11 6.700000000000000000e+01 3.831475728487346299e-01 7.769069198670300781e-13
7.659557347843940136e-11 9.800000000000000000e+01 1.364851048032533987e+00 7.984604554712927301e-13
1.411759503352635131e-10 3.000000000000000000e+01 7.519677123250338990e-01 6.889214076498273914e-12
1.073568264460167245e-10 2.800000000000000000e+01 9.189939919122436240e-02 4.178019275517568836e-11
1.933998169609452523e-10 7.300000000000000000e+01 2.929049930737593899e-01 9.175594419484315865e-12
2.042591509867994401e-11 3.600000000000000000e+01 1.267344962710958090e+00 5.945510611200553711e-13
2.169707890601386006e-10 1.000000000000000000e+01 3.436980042412999814e-01 6.438854240031560371e-11
1.170789024769681584e-10 7.100000000000000000e+01 7.543499497049359626e-01 2.407947196992973556e-12
6.687270502808533738e-10 2.400000000000000000e+01 1.322629100124316004e+00 2.874422868777288503e-11
5.227058922871056316e-10 2.000000000000000000e+00 9.946876981188303990e-01 3.116580169684020871e-10
2.077500985475266656e-10 5.700000000000000000e+01 9.718976531443497269e-01 4.412746309915420908e-12
2.475462391196457183e-11 2.700000000000000000e+01 8.218601637783012892e-01 1.251803507790338318e-12
1.498856092323183834e-10 6.100000000000000000e+01 8.286351666949896833e-02 2.968683233525219522e-11
1.093457296822414689e-10 4.700000000000000000e+01 2.249587719791902585e-01 1.042966243790192335e-11
6.810257980909404858e-11 5.900000000000000000e+01 7.378900252199207532e-01 1.715820605851661644e-12
1.267520207979620033e-11 3.900000000000000000e+01 1.373898123298880503e+00 3.314086278845174965e-13
1.812344395872576134e-10 5.900000000000000000e+01 9.711752398626188887e-01 3.720879414159276102e-12
1.231031055279185472e-11 8.600000000000000000e+01 1.086107176015396331e-01 1.320541501022359091e-12
1.652219918695802540e-11 3.200000000000000000e+01 9.154315059381649133e-01 6.512386805797136038e-13
2.795891318586361166e-11 4.900000000000000000e+01 1.171261341027364900e+00 6.193704561069371099e-13
1.206898397577919881e-10 2.400000000000000000e+01 3.653044664218910165e-01 1.407690120714364750e-11
4.504417912840246682e-11 7.300000000000000000e+01 3.486940841658919821e-01 1.805959412329368730e-12
5.395391802363847967e-10 9.200000000000000000e+01 8.030363768085718723e-01 8.151237179155047665e-12
1.331807356679767695e-10 8.900000000000000000e+01 1.285958706114600059e+00 1.559238706862503806e-12
8.369650740128524408e-11 6.300000000000000000e+01 1.178515463336797575e+00 1.437726412074854937e-12
2.138571761581401539e-10 8.200000000000000000e+01 1.267829559867313716e+00 2.732462871462015532e-12
1.274718064062229405e-10 2.600000000000000000e+01 1.404660461855928189e+00 4.971209621521568567e-12
1.183360098060048068e-10 9.800000000000000000e+01 1.581076709972387695e-01 7.669178257874562372e-12
3.027310060052904891e-11 2.600000000000000000e+01 3.789876925866474400e-01 3.147060488549164708e-12
6.392118896989149692e-11 4.100000000000000000e+01 3.512281121288882840e-02 4.439775536922504238e-11
1.080324208976323368e-10 2.700000000000000000e+01 8.343602281524534203e-02 4.801100114697349028e-11
3.116699842802417462e-11 7.000000000000000000e+01 1.093869331940535039e+00 5.011683162367079502e-13
1.774600756133644263e-10 1.000000000000000000e+00 1.152610445169183429e+00 1.941943540002040518e-10
5.984812430803462350e-11 5.700000000000000000e+01 8.837893005300807570e-01 1.358042062850039486e-12
1.867040367487356394e-11 5.700000000000000000e+01 8.541769828305756374e-01 4.344000756524886295e-13
1.338133114309765632e-10 1.400000000000000000e+01 3.392248922560365254e-01 2.872400897943236685e-11
1.171495546340245999e-10 6.000000000000000000e+01 1.302801853720446434e+00 2.024768942247579959e-12
8.634273152996881745e-10 8.900000000000000000e+01 1.049642236757709401e+00 1.118649141549437194e-11
2.931701137079582320e-10 5.300000000000000000e+01 1.326761062624941978e+00 5.700409724532722304e-12
1.993910491118311810e-11 9.000000000000000000e+01 9.870876928680873963e-01 2.655070828852614288e-13
5.271743669205444887e-11 8.700000000000000000e+01 3.798683867066693920e-01 1.634170500881293067e-12
4.020285868517441590e-10 7.000000000000000000e+00 1.051994576505451695e+00 6.613511416639436035e-11
1.858866987278257625e-10 8.000000000000000000e+00 5.913029298614963514e-01 4.168287821346060587e-11
5.397817918112889504e-10 1.000000000000000000e+01 3.990614320311794971e-01 1.389207726334345728e-10
1.672786144969920882e-10 5.700000000000000000e+01 5.835300653600895560e-01 5.326415310235602723e-12
2.551945109901832267e-10 8.200000000000000000e+01 4.623681111806318689e-01 6.976789451269039137e-12
8.191950037834580328e-11 8.100000000000000000e+01 1.173088640024224860e+00 1.096968918041350675e-12
3.364824309868376035e-11 1.900000000000000000e+01 1.008408522103763971e+00 2.093372305546976364e-12
6.464825176001880342e-10 2.600000000000000000e+01 5.481451445944012235e-01 4.771535720211964987e-11
1.642849986245727544e-10 9.500000000000000000e+01 1.023365975352478197e+00 2.025280486375337197e-12
2.531692902607821689e-11 3.800000000000000000e+01 7.440720367876088037e-01 9.836784541364057313e-13
4.143026408116515686e-10 2.000000000000000000e+01 6.582199960254705440e-01 3.386431882329305562e-11
5.674239347337653739e-11 1.000000000000000000e+01 1.016934907467716531e+00 6.671652326092574202e-12
4.175854775917941124e-10 9.000000000000000000e+01 6.566887727014614207e-01 7.600092525661577302e-12
2.712805213474381421e-10 6.700000000000000000e+01 6.515090896682212973e-01 6.677192097348205315e-12
4.193524485380914664e-11 1.500000000000000000e+01 8.671988539932444784e-01 3.666374831015195836e-12
3.711363854499729258e-11 4.500000000000000000e+01 7.636831823152963050e-01 1.192544330697748254e-12
7.499218952307874189e-10 4.200000000000000000e+01 1.413621035598120690e+00 1.807812555224687386e-11
4.072021824212851857e-10 3.100000000000000000e+01 1.045043135535804524e+00 1.518655665489596487e-11
4.590127246048373289e-11 8.000000000000000000e+00 2.759272627427237778e-01 2.106032535565782000e-11
1.487348063850258809e-10 6.900000000000000000e+01 8.091536587775889355e-01 2.978536526267074255e-12
9.395436101493428037e-11 3.100000000000000000e+01 1.008474865434559442e+00 3.582405747799409825e-12
1.433848475830451048e-11 1.400000000000000000e+01 1.101571413087057749e+00 1.148285247389940863e-12
6.946175558641200093e-10 7.000000000000000000e+01 5.912369437520590548e-02 1.679342203778851990e-10
4.091121869016060895e-11 4.900000000000000000e+01 3.532007863734114572e-01 2.413750005608610386e-12
9.708533400163796519e-11 4.700000000000000000e+01 1.294689657737401411e+00 2.146963591723040586e-12
1.828873168497188314e-10 7.100000000000000000e+01 1.181597262526983272e+00 2.784090746006672636e-12
4.722928504395226339e-11 7.600000000000000000e+01 1.401960965727210517e+00 6.304015558492196937e-13
2.285529873548817380e-11 2.400000000000000000e+01 4.077960639195418180e-01 2.401248421675246474e-12
1.731211311691440687e-11 1.900000000000000000e+01 1.415361248204582978e+00 9.222826389324957660e-13
9.061574351769446097e-11 3.500000000000000000e+01 5.297095513850965665e-01 5.123906176098781346e-12
5.519701039541700614e-11 7.100000000000000000e+01 4.712023151186809505e-02 1.650480947517154580e-11
4.169240857726169157e-11 4.600000000000000000e+01 8.741380280182693419e-01 1.181704958257213469e-12
1.158001497924863075e-11 2.300000000000000000e+01 1.361868789578822181e+00 5.146709898375911375e-13
6.237550770581854043e-11 9.900000000000000000e+01 1.175076183424291543e+00 6.828248810036448767e-13
4.395301591634323045e-10 8.000000000000000000e+01 1.102015563534767262e+00 6.158508065282271943e-12
1.625698883568531873e-10 6.100000000000000000e+01 1.610339802723591285e-01 1.662154488636598574e-11
1.285047388349410858e-11 1.100000000000000000e+01 1.326846770656352703e+00 1.203869572640269954e-12
1.281881291491295213e-11 1.100000000000000000e+01 6.911799561309441842e-01 1.828147342949121067e-12
7.449109857495819813e-10 2.900000000000000000e+01 7.114692429037255961e-01 3.933944793160641404e-11
2.263151739750786956e-10 7.000000000000000000e+01 5.326166032680776929e-01 6.366960367097356724e-12
2.358262481687818488e-11 8.000000000000000000e+00 1.333685701074972085e+00 3.032680278956611378e-12
4.145700074392969669e-11 1.100000000000000000e+01 1.134934558491670797e+00 4.157519060329879247e-12
2.922919882265231039e-11 9.500000000000000000e+01 3.075522589261165951e-01 1.016348471560233576e-12
1.328309572840979133e-11 6.500000000000000000e+01 1.056081173787091432e+00 2.347743279965238589e-13
1.510870848295590560e-11 6.700000000000000000e+01 4.543725443510001072e-01 5.137931799765938107e-13
3.082384088793982357e-11 1.800000000000000000e+01 1.484273400854947189e+00 1.718865491876196351e-12
7.093354587823396734e-10 8.400000000000000000e+01 2.405569186567271533e-01 3.544469471305783598e-11
1.712423439251361453e-11 5.200000000000000000e+01 1.457383852270338342e-01 2.267630740923338788e-12
4.044700518679478832e-11 2.600000000000000000e+01 1.301168035302679160e-01 1.198963028323832089e-11
2.323435385998788598e-10 9.600000000000000000e+01 6.340384361069340002e-02 3.819748772435465467e-11
4.943225862580542808e-10 3.000000000000000000e+01 2.903114771650037729e-01 5.756290049234876362e-11
1.355365467993058289e-10 8.800000000000000000e+01 6.194322923018417137e-01 2.652875648375090741e-12
2.567262247103023375e-11 9.700000000000000000e+01 7.038377719279204081e-01 4.089730922782424210e-13
5.724628834091377450e-10 6.600000000000000000e+01 1.303790557397858318e+00 8.992320870756669175e-12
3.765627179208361481e-10 4.400000000000000000e+01 6.301339375260748277e-01 1.452388687138667398e-11
3.307396163490339110e-11 4.500000000000000000e+01 3.561128221495217794e-01 2.108164444963520120e-12
1.970582493902039650e-11 5.700000000000000000e+01 7.857485707107940698e-01 4.887453470212745042e-13
3.569976104123692438e-10 3.400000000000000000e+01 6.801032085343620137e-01 1.669641591078172102e-11
8.291559837905048949e-11 5.000000000000000000e+01 1.343674450608575821e+00 1.702022441750590004e-12
2.206746863741548611e-11 1.200000000000000000e+01 8.083914948646394594e-01 2.542884068439078127e-12
5.896902363461406698e-11 7.000000000000000000e+00 3.614752448271560947e-01 2.382026979715517615e-11
2.196061521833904977e-10 6.200000000000000000e+01 1.187740939195613743e+00 3.818794196605826449e-12
1.365857084513893108e-11 3.300000000000000000e+01 4.047727585790232285e-01 1.051004798397797813e-12
1.511739679409479472e-11 5.000000000000000000e+01 7.376135786328009702e-01 4.495721676835537215e-13
5.746121824496609899e-10 9.900000000000000000e+01 8.210052977411208541e-01 7.931012917916953612e-12
2.405638767090109174e-10 7.000000000000000000e+00 1.491616825589813455e+00 3.447427805971012870e-11
2.702788403623974668e-10 5.400000000000000000e+01 1.465192317331427629e+00 5.033203299337369650e-12
7.245046663205329763e-10 6.000000000000000000e+01 6.257232149026293877e-01 2.061706585193923119e-11
1.486796137669098293e-11 2.900000000000000000e+01 3.332013443842938849e-01 1.567518788780683470e-12
8.276258496331806160e-11 3.000000000000000000e+00 1.862335442172188271e-01 1.489938102882532725e-10
1.025659161622630502e-11 9.100000000000000000e+01 1.476328312430327250e+00 1.132145975823291088e-13
8.415530809727858801e-11 5.100000000000000000e+01 6.641918121009829923e-01 2.676902389640855909e-12
5.251411359288236078e-11 8.000000000000000000e+00 8.551877832605722096e-01 8.697913420743069671e-12
4.033578422259021449e-11 5.600000000000000000e+01 1.234870380687290714e+00 7.629251970595112745e-13
1.398117069780454533e-10 2.700000000000000000e+01 5.594115882871921741e-01 9.757551619706785521e-12
1.591900487011558951e-10 3.100000000000000000e+01 1.088458652088644119e+00 5.796463986254567306e-12
1.935525913399728630e-11 2.000000000000000000e+00 9.257325434363818939e-01 1.211124619279200746e-11
2.199313099148799260e-11 2.000000000000000000e+01 5.394855182293419732e-02 2.039332120675928827e-11
1.232322161888598518e-11 6.200000000000000000e+01 4.331133108188823383e-03 4.589151509997295661e-11
5.405216966787659621e-10 9.300000000000000000e+01 7.125311821273127011e-01 8.890325497259825252e-12
1.351645913658896655e-10 3.900000000000000000e+01 1.524738724411895507e+00 3.469437966636413429e-12
1.407437617745276325e-11 5.900000000000000000e+01 1.838328052783851085e-01 1.304977480670899374e-12
1.803035886441610249e-10 2.800000000000000000e+01 1.285821885065447034e+00 6.710037487456311006e-12
4.335365620477060414e-11 1.100000000000000000e+01 4.890498841015398224e-01 8.389415787992029084e-12
8.356197102795040248e-10 2.200000000000000000e+01 7.931176186651996973e-01 5.330577023626312214e-11
5.273722739969321595e-10 3.800000000000000000e+01 3.645704600110912796e-01 3.892383924237982907e-11
4.001168173074551511e-10 2.900000000000000000e+01 4.212974164031919599e-01 3.373837440847782890e-11
1.487022249477058542e-11 5.800000000000000000e+01 7.097200916096984002e-01 3.934541092246442767e-13
2.607808743713768276e-10 4.000000000000000000e+01 4.477899017422371508e-01 1.505752281567010210e-11
2.481643851550121900e-10 5.500000000000000000e+01 1.508975110749786852e+00 4.520715756674095178e-12
5.498498549143304486e-10 1.900000000000000000e+01 4.549528831623860792e-01 6.585832847886203971e-11
1.684131686182712793e-11 9.900000000000000000e+01 2.059573646849338635e-01 8.318369888882595803e-13
8.376773371263367977e-10 6.100000000000000000e+01 1.336226363665264705e+00 1.411907494910442953e-11
4.188765004528665747e-10 3.200000000000000000e+01 6.664062405012125545e-01 2.117539519753923388e-11
2.570295260162910000e-10 8.200000000000000000e+01 1.160964369084462433e+00 3.417518678773103792e-12
2.386234567166690020e-10 4.900000000000000000e+01 5.461949149377101076e-01 9.375232791550059468e-12
3.691519960031434300e-11 5.300000000000000000e+01 5.111356012745218447e-01 1.423873125693871507e-12
3.555891109302122522e-11 4.900000000000000000e+01 6.568699341468312580e-01 1.188410071943622390e-12
2.266733557056237159e-10 2.600000000000000000e+01 1.410349685718526258e+00 8.831639327042018665e-12
6.558149925777445261e-10 5.800000000000000000e+01 9.957458968883956540e-01 1.347429494525735265e-11
6.573446610519098978e-11 1.100000000000000000e+01 3.136102769278025781e-01 1.937102342390245608e-11
2.916587709092815115e-11 5.600000000000000000e+01 9.420862716457638342e-03 5.528442070930490101e-11
1.781927334951294751e-11 7.100000000000000000e+01 3.661410032486751148e-02 6.856150049736672274e-12
2.083833217573960304e-11 4.000000000000000000e+01 1.229916504386871834e+00 5.527638432780316208e-13
6.910906519955540106e-11 6.100000000000000000e+01 1.251173150005635337e+00 1.193375316608044918e-12
1.734848757122371276e-10 6.000000000000000000e+00 5.832654943449313567e-01 5.249934827869883410e-11
1.906778849840102835e-10 6.000000000000000000e+01 7.136733420215499724e-01 4.854707446221053405e-12
8.671980129021300818e-10 8.300000000000000000e+01 1.904264241881830633e-01 5.520023117454801286e-11
2.217931782249244738e-10 3.800000000000000000e+01 1.331024197984858048e+00 6.008554623262700715e-12
3.256276548537277793e-10 5.300000000000000000e+01 1.052582093992688206e+00 7.072501314195635796e-12
2.011371291914262988e-11 2.000000000000000000e+00 4.609987571882277479e-01 2.260766255169337410e-11
2.190125820216329631e-11 7.800000000000000000e+01 1.726320241058724447e-01 1.634603310808896704e-12
1.571855372546113343e-11 2.100000000000000000e+01 1.476945398693672917e+00 7.518111036762171609e-13
5.655775365930296137e-11 8.100000000000000000e+01 8.415251740935951741e-01 9.364102107638056181e-13
4.971272605720342855e-10 6.300000000000000000e+01 1.092872007291123104e+00 8.886643858287476501e-12
1.063273213710824647e-11 3.100000000000000000e+01 2.947512480616470976e-01 1.180685690210766212e-12
5.342713171031905081e-11 4.700000000000000000e+01 1.545941740975537160e+00 1.137098686722934013e-12
3.399030109065379453e-10 2.900000000000000000e+01 7.812437324586477549e-01 1.664499904089041068e-11
4.521075742705548149e-10 6.600000000000000000e+01 6.458082534048450452e-01 1.138187541617708292e-11
5.252374109148379547e-10 4.000000000000000000e+00 7.229612866491766932e-01 1.984699926502698496e-10
1.686481954791272177e-11 2.300000000000000000e+01 7.582819317755483679e-01 1.066278264018383095e-12
1.912690403674152918e-10 7.500000000000000000e+01 1.430142932857083826e+00 2.575689817616576768e-12
1.097871179652346652e-11 1.400000000000000000e+01 2.404253169704488879e-01 3.293330075294466712e-12
4.043005522746098345e-11 2.600000000000000000e+01 1.247222272106726315e+00 1.640115803033508274e-12
7.226595953881840686e-11 8.700000000000000000e+01 1.400162351236207137e+00 8.428841572509674174e-13
1.908316736683019948e-11 2.200000000000000000e+01 6.654587545904022683e-01 1.404905252327515398e-12
7.165028318852365877e-11 9.500000000000000000e+01 1.264596070466772693e+00 7.910065132934556201e-13
8.251258223053957834e-11 8.600000000000000000e+01 4.245596207921447651e-01 2.329213691374657409e-12
2.775653796742066953e-10 7.700000000000000000e+01 1.305979591181670729e+00 3.734943516398705634e-12
6.984671569314559885e-10 4.000000000000000000e+01 3.502055701917581865e-01 5.089519586480159966e-11
5.903127669851547473e-11 9.500000000000000000e+01 6.080086575735226262e-01 1.087788408077620466e-12
6.732026861683412054e-11 2.500000000000000000e+01 7.716429188715350218e-01 3.861691637030072164e-12
8.504855251995977998e-10 4.900000000000000000e+01 1.200361747309690585e+00 1.861982842416987875e-11
2.921829783984478923e-11 8.100000000000000000e+01 9.434254886502637660e-01 4.455675122197173585e-13
1.575926730763457596e-11 3.400000000000000000e+01 6.799158595231187541e-02 6.822390886440672118e-12
1.742007087959540776e-11 1.100000000000000000e+01 8.732419325993961978e-01 2.066298257083971121e-12
1.643825360308310334e-10 2.500000000000000000e+01 6.520450548453832207e-01 1.083579217090360113e-11
1.528513906474947678e-11 4.000000000000000000e+00 3.587879607458334674e-01 1.088252201576280132e-11
1.672939098469571045e-10 3.600000000000000000e+01 1.402913085765870482e+00 4.713319127992702150e-12
4.029044441690536346e-11 3.300000000000000000e+01 6.460229796082282983e-01 2.028058052541327275e-12
1.146041578195324159e-11 4.000000000000000000e+00 2.037533907145281098e-01 1.415939494264352005e-11
1.969040730100431476e-11 4.800000000000000000e+01 6.342702399902393484e-01 6.922440885863449455e-13
8.780834007127656929e-10 7.700000000000000000e+01 2.217843814441503580e-01 5.184182812883659290e-11
1.034017791126691717e-10 2.700000000000000000e+01 1.025631994504535127e+00 4.478955578438510644e-12
3.297869978601382776e-11 6.700000000000000000e+01 3.197703296024268504e-01 1.565839619149577817e-12
8.256210023531294890e-10 8.600000000000000000e+01 7.887717374326276287e-01 1.353122406847175056e-11
1.846820531497272502e-11 9.400000000000000000e+01 9.828769589502941439e-01 2.361147753967337957e-13
6.611428164714555462e-10 9.600000000000000000e+01 1.289296032518419732e+00 7.169081224452608265e-12
2.416961572715415534e-10 2.600000000000000000e+01 9.164403809758749075e-02 1.015781417848228964e-10
2.412907275043049947e-10 6.100000000000000000e+01 1.858970605043909485e-01 2.140141723661353332e-11
2.078567262129805548e-10 9.500000000000000000e+01 8.165608629699411258e-01 3.002167637985542670e-12
3.128503116437978399e-11 8.400000000000000000e+01 4.454235867513339775e-01 8.644524542861224929e-13
8.636595992803008273e-10 3.800000000000000000e+01 1.010900284229238943e+00 2.682356565507356327e-11
4.736920680575639636e-11 6.900000000000000000e+01 1.565813951379364299e+00 6.865187646372030473e-13
3.702014068504996830e-10 2.000000000000000000e+00 4.881798086966988026e-01 3.946549414694746329e-10
4.590989818495147440e-10 1.000000000000000000e+01 3.036063374227416234e-01 1.535635338418189449e-10
3.602756965867418710e-10 9.100000000000000000e+01 5.595105136077329622e-01 7.459093464809081804e-12
1.035594262480001767e-11 1.900000000000000000e+01 4.725505886941647749e-01 1.197493207592147611e-12
7.384857777246482014e-11 6.800000000000000000e+01 3.166846806063808861e-01 3.487303648873219639e-12
6.451592669776015986e-10 1.900000000000000000e+01 7.255258929023058467e-01 5.117448045428955441e-11
4.097704430306718065e-10 1.900000000000000000e+01 1.051345562172261161e-01 2.055142309374396220e-10
1.069611509637575890e-11 9.700000000000000000e+01 7.905281408087222461e-01 1.551503646049636052e-13
5.329213622799004364e-11 8.200000000000000000e+01 1.187548766503756070e+00 7.007391112827650490e-13
6.274299381562090535e-10 9.400000000000000000e+01 9.658256383587691118e-01 8.115056860784985760e-12
2.856805476905461386e-11 4.700000000000000000e+01 4.106681613920304397e-03 1.480106612041114706e-10
8.554600735654189928e-10 3.900000000000000000e+01 6.061967765663142105e-01 3.849938904908061849e-11
4.221292100006870931e-11 9.500000000000000000e+01 5.402573410998557923e-01 8.638879172615224934e-13
3.277921470780661833e-11 1.500000000000000000e+01 2.672749706576360573e-01 8.274315328778074700e-12
1.985524542719684649e-10 2.200000000000000000e+01 8.603718739875564070e-02 1.050273263442850359e-10
4.904680672058453585e-10 8.400000000000000000e+01 6.845798766902082555e-01 9.233696029224227466e-12
3.673124768720695368e-10 3.300000000000000000e+01 3.568032750544130605e-01 3.186744423695459777e-11
2.099379749313220129e-10 6.600000000000000000e+01 1.062673615168215457e+00 3.640867756853283391e-12
2.904403473077614980e-11 7.100000000000000000e+01 6.480951554238796597e-02 6.316316623240275392e-12
5.992984771037027100e-10 3.700000000000000000e+01 1.381435478753469503e+00 1.649205585736784830e-11
1.359546278191418082e-10 4.200000000000000000e+01 1.420124009146606303e+00 3.274109347821716488e-12
4.605157560873274953e-11 7.900000000000000000e+01 7.375893576147389830e-01 8.668049589450788719e-13
3.903575912618014703e-10 9.400000000000000000e+01 9.236630413664083106e-01 5.205139208199851222e-12
3.972574106072656229e-10 6.800000000000000000e+01 6.322081187003621983e-01 9.886187967486671590e-12
6.514692504046539577e-10 6.900000000000000000e+01 8.686377857570005689e-01 1.236699897108442781e-11
1.773344214482181896e-10 4.000000000000000000e+01 7.520517708930058998e-01 6.489694261467105086e-12
7.206905411311420320e-10 7.700000000000000000e+01 4.657072666249205684e-01 2.084292647411477085e-11
1.153943362048453565e-11 5.900000000000000000e+01 1.015516783752323571e+00 2.301652324980678609e-13
2.280733097811172550e-11 4.100000000000000000e+01 1.134170962646163572e+00 6.138669708390756922e-13
1.820835870644347483e-10 2.400000000000000000e+01 6.430276346537857624e-01 1.265268258806884100e-11
2.410831862652865161e-11 3.100000000000000000e+01 8.410896283501954063e-01 1.043357976563957767e-12
5.657208419913209307e-11 7.700000000000000000e+01 7.421270085091429269e-01 1.087067631478628983e-12
8.213932470602834370e-10 7.400000000000000000e+01 1.391651007646331761e+00 1.128043694740145472e-11
5.086175289986477267e-10 1.000000000000000000e+01 8.893561273189235505e-01 6.548726427942474726e-11
6.744977533428343485e-10 6.600000000000000000e+01 1.522678116191295894e+00 1.023150546465094676e-11
4.203998511702533396e-11 4.100000000000000000e+01 1.477061797462484893e+00 1.029886554018552261e-12
3.788194643120173263e-10 4.400000000000000000e+01 1.404994361383564261e+00 8.729243387315170378e-12
6.765203805423880856e-11 5.100000000000000000e+01 1.126938406033223039e+00 1.468838514450367665e-12
5.284727890862108437e-10 4.300000000000000000e+01 1.391769575314223850e+00 1.248968161004667790e-11
1.208603349117131225e-11 2.400000000000000000e+01 1.039022508755744978e+00 5.842667090913880328e-13
2.029616545443942388e-10 2.000000000000000000e+00 1.654376772014620189e-01 6.162152829108455076e-10
1.301807218670895496e-10 4.900000000000000000e+01 3.017313847010066885e-01 8.940052137959994897e-12
7.324373993036457347e-11 8.500000000000000000e+01 7.183494015337162919e-01 1.309276648169145913e-12
4.210644833089279068e-11 8.700000000000000000e+01 9.237490003845294506e-01 6.065948547034476309e-13
5.733833647704546260e-10 9.900000000000000000e+01 1.098975536530290009e+00 6.502163207836197853e-12
6.872132546726850415e-11 9.200000000000000000e+01 1.232595086576267596e+00 7.918254634753905125e-13
1.036337839159735282e-10 9.500000000000000000e+01 1.535141754653413793e-01 7.134054380704078350e-12
3.455194460064558632e-11 3.100000000000000000e+01 6.289690759502235551e-01 1.894538846604424258e-12
1.629112085336361227e-11 5.500000000000000000e+01 1.498120263887464221e+00 2.969861644433398678e-13
1.042688166737758132e-10 2.700000000000000000e+01 7.951124196328083205e-01 5.409131638989179286e-12
3.210163326574234754e-10 9.900000000000000000e+01 1.552230403135375081e-01 2.097399438488153441e-11
7.153389714119478510e-11 7.700000000000000000e+01 9.694968036188325033e-01 1.126619394918401252e-12
5.880288841316608513e-11 9.800000000000000000e+01 1.182197439239895675e-01 5.087385536104579066e-12
7.800973278969434626e-10 1.300000000000000000e+01 5.499706728194840855e-01 1.148112178598435712e-10
5.054236680425511228e-10 8.300000000000000000e+01 4.692514219116403207e-01 1.346569947126726950e-11
9.246254784257936800e-11 8.700000000000000000e+01 1.067464968317820007e-01 9.975118648504013608e-12
8.767748232941746219e-11 7.600000000000000000e+01 1.396057560379377005e+00 1.171490555284850879e-12
1.447935453465084105e-10 1.500000000000000000e+01 1.258822361075278229e+00 1.014248546632967634e-11
3.849254914825791828e-10 9.800000000000000000e+01 9.727558231036443903e-01 4.752685040353153515e-12
8.121582491714840864e-10 1.000000000000000000e+01 1.471153832331738576e+00 8.162068041272704306e-11
9.166610616042449195e-10 8.100000000000000000e+01 7.395149963170420671e-02 1.531696423449091248e-10
8.032521677524852814e-10 4.500000000000000000e+01 1.401145572139244955e+00 1.811003965121037652e-11
1.692181273737951086e-10 3.300000000000000000e+01 8.452026467747322247e-01 6.854409381329932706e-12
6.291413464209371692e-11 5.600000000000000000e+01 1.331190986350193339e-01 8.464537966185796684e-12
1.030710875172580089e-10 1.600000000000000000e+01 1.492894617265691393e+00 6.461539552503180702e-12
3.384565861361599973e-11 9.100000000000000000e+01 3.898016447818801189e-01 9.787512432851894785e-13
1.196114743745638205e-10 1.900000000000000000e+01 9.204719353626575895e-01 7.909838056304337888e-12
5.333310482510019525e-11 7.400000000000000000e+01 1.874943875366050783e-01 3.866556900365350352e-12
1.965384522337669914e-10 6.100000000000000000e+01 8.359895874338083566e-01 4.342471795867424242e-12
6.918010798707117814e-11 5.400000000000000000e+01 1.580600098247784135e-01 8.139079806464942336e-12
6.764371063194783125e-10 2.000000000000000000e+00 9.682552671995671434e-02 3.498536181765340884e-09
9.887395138061871426e-10 3.900000000000000000e+01 4.135255500220386821e-02 6.132516409980599893e-10
1.347853631543801097e-11 2.000000000000000000e+00 8.574702381296066267e-02 7.869117104359612685e-11
3.243492174269309753e-11 2.100000000000000000e+01 5.570567821778554113e-02 2.774078384056087185e-11
2.850963886694216813e-11 2.900000000000000000e+01 4.155308399087027094e-01 2.435348741274692309e-12
8.458701296021034359e-10 5.000000000000000000e+01 1.476635131501951304e-01 1.149846585163041928e-10
1.389800231207568809e-10 1.800000000000000000e+01 7.276325699493230159e-01 1.160888644780188646e-11
1.173798136799284804e-10 3.400000000000000000e+01 1.958611355060890236e-01 1.773970911007107747e-11
7.290241979397291261e-11 7.000000000000000000e+01 1.511727965969538623e+00 1.043282654545020100e-12
7.378251299425697480e-11 6.800000000000000000e+01 5.158411698257304723e-01 2.199696169883096093e-12
8.129930662700302686e-10 9.500000000000000000e+01 1.455268870929542935e+00 8.615249952601852633e-12
2.247725266084500516e-11 5.700000000000000000e+01 1.358735829924091698e+00 4.033736141229420358e-13
1.512830422257628488e-10 2.200000000000000000e+01 1.168293092370654040e+00 7.473781874473941362e-12
1.405914776106484278e-10 5.800000000000000000e+01 1.235327717584612239e+00 2.567090523727260267e-12
8.582195127939509448e-10 7.000000000000000000e+00 9.046775198696587195e-01 1.559383683445479394e-10
1.524687936524220732e-11 5.200000000000000000e+01 3.720947734736017032e-01 8.064777412570994971e-13
2.998353248961283759e-10 7.600000000000000000e+01 1.088816173989144653e+00 4.452427575329149682e-12
3.874351841055561243e-10 3.000000000000000000e+01 3.775975271775135200e-02 3.420990507752321135e-10
6.118721687288763364e-10 7.000000000000000000e+00 6.390680243701138963e-01 1.465515205744694899e-10
1.883170589249474190e-11 5.200000000000000000e+01 3.505298010820052101e-01 1.054609782392421407e-12
2.830241498453976690e-10 5.900000000000000000e+01 7.036235124389088602e-01 7.414423014665370171e-12
6.014448339485794852e-10 7.000000000000000000e+00 4.059928853471834846e-03 2.116316066224610265e-08
4.373202981621624511e-10 1.700000000000000000e+01 1.034720702595166797e+00 2.992222045499571123e-11
4.242696385513992006e-10 2.200000000000000000e+01 5.526448116043176650e-01 3.673748906697688390e-11
1.613622374449466468e-10 8.900000000000000000e+01 3.390511483946976323e-01 5.451293549606347572e-12
5.163943919337544284e-10 3.300000000000000000e+01 1.613467655755156382e-01 9.740769503038502919e-11
3.868789751393169082e-10 2.400000000000000000e+01 7.011825428768548862e-01 2.498746735028939289e-11
2.797016130203538855e-11 6.500000000000000000e+01 1.022144493246680552e+00 5.043317423173843994e-13
1.002466245955110841e-10 9.500000000000000000e+01 1.222693097179026855e+00 1.122557001027019552e-12
6.645166491221325914e-11 6.300000000000000000e+01 2.594565638500900828e-01 4.111348143468650937e-12
1.575673860092607733e-11 5.400000000000000000e+01 9.015042518551887041e-02 3.241105811644342762e-12
3.286538528996285264e-10 9.500000000000000000e+01 1.150427419353571068e+00 3.789427679670035365e-12
1.295719148526460443e-10 3.800000000000000000e+01 4.151774246259948287e-01 8.453620650325224205e-12
1.619090859294703373e-11 1.300000000000000000e+01 1.345820420736254741e+00 1.277651998967245272e-12
1.136951821903696110e-10 8.000000000000000000e+00 2.544923226815452508e-02 5.585014049808224771e-10
8.843078148781061541e-11 5.600000000000000000e+01 5.220121909305885932e-02 3.026439859187191021e-11
1.965489551943906042e-10 6.500000000000000000e+01 4.252243795763637202e-01 7.330049544448965388e-12
3.306281863602145122e-10 2.800000000000000000e+01 3.846739452750915778e-01 3.146683931922204573e-11
1.277121481413133807e-10 8.300000000000000000e+01 1.075542187544396899e+00 1.748825541239714225e-12
4.513073482383446723e-11 1.800000000000000000e+01 3.372445999326231098e-02 7.435963029303228172e-11
3.440288115925801631e-10 7.200000000000000000e+01 5.663242780309656332e-01 8.905641719781414646e-12
5.835415234604216688e-10 2.700000000000000000e+01 2.671609970637857101e-01 8.186788808971959553e-11
1.189270894842535960e-10 8.700000000000000000e+01 1.158037608124223183e+00 1.492305295982876966e-12
7.152883509584389602e-11 1.700000000000000000e+01 2.686746205661715847e-01 1.585050916773988383e-11
3.158904930082486719e-10 3.900000000000000000e+01 7.510516850391032451e-01 1.186937659964139187e-11
6.671930572981984032e-10 5.800000000000000000e+01 8.337976289325613743e-01 1.553477366661329388e-11
2.323598733107550934e-10 7.000000000000000000e+00 1.034351663073161731e+00 3.861903823121451866e-11
1.020027065709438287e-11 3.700000000000000000e+01 6.588419991555420907e-01 4.503140427646560208e-13
3.040802836253044442e-11 8.200000000000000000e+01 9.694742238943257484e-02 3.831057443469664506e-12
8.453221717373664543e-11 6.900000000000000000e+01 5.030453645816883590e-01 2.541205333879667918e-12
8.266478797368353322e-11 6.400000000000000000e+01 9.949360670144318242e-01 1.540002523879323493e-12
1.807667771569928901e-10 1.700000000000000000e+01 4.040717572650536771e-01 2.704545907185013139e-11
1.636201333699009451e-10 4.300000000000000000e+01 1.657730635545931475e-01 2.305925481809819669e-11
2.595663805410961322e-10 1.700000000000000000e+01 9.141930263364607401e-02 1.672502284403780786e-10
6.310089962719538141e-10 5.000000000000000000e+01 7.141061019312087144e-01 1.926915129379799009e-11
3.117416188016165354e-10 6.000000000000000000e+01 1.089288020648279121e+00 5.862246227611268465e-12
3.951430085706416832e-11 5.200000000000000000e+01 3.912160833018057393e-01 1.992826365761391424e-12
5.085953397919715255e-11 3.000000000000000000e+00 1.340217961713186190e+00 1.741405170426538982e-11
5.774126110381846873e-10 8.100000000000000000e+01 1.314848804374584512e+00 7.368591057856379309e-12
1.057089744817376925e-11 6.000000000000000000e+01 1.828512154342311902e-01 9.689146785083951168e-13
4.213518046843507468e-11 6.900000000000000000e+01 7.478626851920100460e-01 8.979248856542039871e-13
2.350376330179307107e-10 4.300000000000000000e+01 8.967025121948895006e-01 6.996263971549389610e-12
1.124781102194484348e-10 5.700000000000000000e+01 5.980590592258085980e-01 3.504727888348411188e-12
1.712443294780526524e-10 7.300000000000000000e+01 1.393218209438461530e+00 2.383291430769591286e-12
3.140002640233654728e-10 4.300000000000000000e+01 1.439632723104760759e+00 7.365599423747346144e-12
5.332424923308086838e-10 9.500000000000000000e+01 3.799652748436683769e-01 1.513415241123937136e-11
4.126876330156561208e-10 7.800000000000000000e+01 1.016258549162042168e+00 6.223495810547823354e-12
5.549672715189873647e-11 1.500000000000000000e+01 9.319866239851553047e-01 4.608562559167956720e-12
2.305381814432676496e-10 8.700000000000000000e+01 1.457196416174650455e+00 2.667054745950523120e-12
1.222343012013895622e-11 9.100000000000000000e+01 8.048079435977192331e-01 1.863797299741477737e-13
2.462205002468923278e-10 2.000000000000000000e+01 1.707453355750632729e-01 7.245321384078520617e-11
3.110099489237262285e-10 3.500000000000000000e+01 1.742162414067940646e-01 5.126449987580105318e-11
1.595821736646051848e-11 7.600000000000000000e+01 5.608771979300646304e-01 3.947452833213700244e-13
2.265815348756242460e-11 4.600000000000000000e+01 8.014227307614185669e-01 6.856976291339712634e-13
1.383258020050096858e-10 5.100000000000000000e+01 1.212002399750466280e-01 2.243330823028324745e-11
6.757660002594417879e-10 9.300000000000000000e+01 1.360715153970060820e+00 7.429649422909579715e-12
6.247969317977387432e-11 8.200000000000000000e+01 1.339439840488975575e+00 7.828043196809278887e-13
9.589083074001780498e-11 9.300000000000000000e+01 9.152492914337235774e-01 1.300700441703201709e-12
1.578577133597883107e-10 2.400000000000000000e+01 1.273999199486455458e+00 6.878129611490318297e-12
1.947795718433732316e-10 9.700000000000000000e+01 4.419025497492435339e-01 4.695404505340444176e-12
8.544750046796546729e-11 9.400000000000000000e+01 5.314831883125355726e-03 1.710346182138733051e-10
2.429902283072292339e-11 5.300000000000000000e+01 1.026590424877737301e-02 4.466047713290055784e-11
3.383614147849774543e-11 1.000000000000000000e+00 1.482466424197795618e+00 3.396856964890124558e-11
2.731552278698662674e-10 7.100000000000000000e+01 1.320363534125729377e+00 3.971135277540457129e-12
2.034642948684949995e-10 8.900000000000000000e+01 1.455006560993468812e+00 2.301527039493931483e-12
1.941918347184208789e-10 3.600000000000000000e+01 7.280188376959806362e-02 7.415997079420538166e-11
1.321798104709512585e-10 1.000000000000000000e+00 4.573552259735688130e-01 2.993360162920339936e-10
2.279104531473462910e-10 6.000000000000000000e+00 1.160732140942667412e+00 4.141889962980127751e-11
7.622220532377119284e-11 7.100000000000000000e+01 1.554337268121211091e+00 1.073697617046636803e-12
1.244202593160301653e-10 7.000000000000000000e+01 8.862774264458879170e-01 2.294280025962501998e-12
3.532256611191386433e-10 4.000000000000000000e+01 7.596916189812230602e-01 1.282222829292385539e-11
4.588286256657109712e-11 8.200000000000000000e+01 8.539987635454691917e-02 6.560054299814059815e-12
1.431431615276830360e-10 5.500000000000000000e+01 8.079802740349874279e-02 3.224629301232527954e-11
6.230912765898654969e-10 9.000000000000000000e+00 4.267130466523268439e-01 1.672760838559975014e-10
3.108050555954790051e-11 1.200000000000000000e+01 1.288115395987179113e-01 2.016293365800553806e-11
1.779345766160589476e-10 1.500000000000000000e+01 8.510995804091340267e-01 1.577422326984718185e-11
9.158192075328992302e-10 1.200000000000000000e+01 1.125259253398213782e-01 6.796617166547951815e-10
1.169278417001164467e-11 3.100000000000000000e+01 1.298060368582774515e+00 3.916634364701867788e-13
5.577982423939434051e-10 8.000000000000000000e+00 7.460375319550417439e-01 1.027276778605411946e-10
9.966250189053681607e-10 4.600000000000000000e+01 1.250245911397475318e+00 2.282860157358576832e-11
3.839917942587201998e-10 3.000000000000000000e+00 4.197701590026234886e-01 3.140647369201275305e-10
1.415619141217820082e-10 3.800000000000000000e+01 5.438940627466880562e-01 7.199062215040057078e-12
1.238088895451215445e-10 8.700000000000000000e+01 1.430180401535838586e+00 1.437276807356143725e-12
1.625643579041504601e-11 6.700000000000000000e+01 8.878819019688829473e-01 3.127779353326933202e-13
5.674349046975874273e-10 3.100000000000000000e+01 3.242340817654519869e-01 5.745554305774864539e-11
1.303651348358896937e-10 2.500000000000000000e+01 2.969218892491009565e-01 1.782294700539547092e-11
1.627494028902350501e-11 7.400000000000000000e+01 2.552150236758695678e-01 8.711768653239980807e-13
3.742205355761323111e-10 1.200000000000000000e+01 1.600962980850779704e-01 1.956238891170327263e-10
1.972282130987455349e-11 6.000000000000000000e+01 1.687166712014143699e-01 1.957591804757457572e-12
8.954214421727521350e-11 8.100000000000000000e+01 6.219209921342602199e-01 1.897465216747580983e-12
6.233259821083605325e-11 8.300000000000000000e+01 4.319734318556312513e-01 1.793790650878795941e-12
4.641228992733512511e-11 5.600000000000000000e+01 5.211510394196705587e-01 1.664644194080705901e-12
1.944330699148643443e-10 2.600000000000000000e+01 1.232852101897947694e+00 7.926533631209897116e-12
2.148945994573165398e-10 9.600000000000000000e+01 8.235081536883337439e-01 3.051642308704277218e-12
3.626722480669711452e-11 5.900000000000000000e+01 6.340903894423395304e-01 1.037562574444409021e-12
9.615794044560270445e-10 8.800000000000000000e+01 1.299449479382394079e+00 1.134203494666040360e-11
7.383745917673358782e-10 5.000000000000000000e+01 9.251890824396782342e-01 1.848861041845080776e-11
3.705500916158107986e-11 4.000000000000000000e+00 8.239800739119897965e-01 1.262340410725570164e-11
1.069734852530048892e-11 8.500000000000000000e+01 1.196725430108257049e+00 1.352006163263433854e-13
9.998187229369471085e-11 2.800000000000000000e+01 2.466319212862902177e-01 1.462600564096180953e-11
2.019595644553353395e-11 8.700000000000000000e+01 9.172740103846021009e-01 2.923839626737783859e-13
1.007350268622053692e-10 8.500000000000000000e+01 4.717529267686809136e-01 2.607816094737076136e-12
4.277815320245954665e-10 2.100000000000000000e+01 1.016715524096158507e+00 2.395451755919604535e-11
3.391832729783619062e-11 4.900000000000000000e+01 2.725412749242651089e-01 2.571555568788149330e-12
1.970210529758632661e-11 5.300000000000000000e+01 5.288144189609750301e-01 7.368293844213236791e-13
5.542298305986519098e-11 3.900000000000000000e+01 3.636052874818782032e-01 3.995832023194278765e-12
5.807077896869716251e-10 7.900000000000000000e+01 1.110614232883736952e+00 8.204201078446527927e-12
1.452381274693047126e-10 3.600000000000000000e+01 1.197873570595248571e+00 4.332156951068561293e-12
6.126660982434555124e-10 4.900000000000000000e+01 5.921573345586738091e-01 2.240139255345440235e-11
1.822654971450168131e-11 2.800000000000000000e+01 1.490896627934865215e+00 6.530315596879811188e-13
1.465846679590790707e-10 7.500000000000000000e+01 2.757788338436767961e-01 7.177700727401489107e-12
8.322615741829626525e-10 8.100000000000000000e+01 7.826553073106601310e-01 1.457083039708215821e-11
6.459536585377825907e-10 2.500000000000000000e+01 1.692320733313998071e-01 1.534099953586223132e-10
5.738820248406862669e-10 6.000000000000000000e+01 5.278780282191946061e-01 1.898883211791660119e-11
6.763328464496257127e-11 3.900000000000000000e+01 3.605200176075395446e-01 4.916040697456222235e-12
2.511304779370076834e-10 8.700000000000000000e+01 1.501556034152628616e+00 2.893490459248995094e-12
2.943457119953382329e-11 9.700000000000000000e+01 9.649550554933030710e-01 3.691491214166252096e-13
4.077573281869844922e-11 8.200000000000000000e+01 3.183363169566809647e-01 1.588772679431935609e-12
1.626943110416761411e-11 2.700000000000000000e+01 7.023490115219942487e-01 9.327551605235583433e-13
5.343865185479616824e-11 2.500000000000000000e+01 7.868112307248091852e-01 3.018684059714822030e-12
8.209975348567979372e-11 1.600000000000000000e+01 4.999223091158809251e-01 1.070440354780594214e-11
1.645957431559547300e-10 6.600000000000000000e+01 8.989916208401396713e-02 2.777820392828584206e-11
2.753841589344893247e-10 6.800000000000000000e+01 7.163754879815257270e-01 6.167263580108715285e-12
8.515837402281208857e-10 5.000000000000000000e+00 5.417148123240093233e-02 3.145567984878353107e-09
8.295566693054768299e-11 7.500000000000000000e+01 8.013568102111010560e-01 1.539850252531258795e-12
2.103425138692223166e-11 8.900000000000000000e+01 1.290802874757075225e+00 2.459165713082824432e-13
2.018868577905083439e-11 1.000000000000000000e+01 6.543937555548571261e-01 3.316806941132975362e-12
7.272795186715005047e-10 5.000000000000000000e+00 2.012167377795893441e-01 7.277828989107840143e-10
3.393533548927456173e-10 4.800000000000000000e+01 1.006860895329390493e+00 8.365134864920614715e-12
2.512651773478802511e-11 1.800000000000000000e+01 1.777254305140957835e-01 7.895850756730523634e-12
3.557503037146450811e-10 2.100000000000000000e+01 2.417096181004006195e-01 7.077325262647991444e-11
8.969007331669608775e-11 8.300000000000000000e+01 4.534440773694584093e-01 2.466769476172488229e-12
8.246169698616848941e-11 5.200000000000000000e+01 1.369607680596192534e+00 1.618446352082864964e-12
4.304782424856404284e-10 2.000000000000000000e+00 7.985264659161686041e-01 3.004753597474706925e-10
8.295859648323617597e-10 9.200000000000000000e+01 1.481820481190062377e+00 9.053050259549402964e-12
1.913891763466837058e-11 9.600000000000000000e+01 5.019275963523599504e-01 4.143774323148606711e-13
7.088560107300356223e-11 6.000000000000000000e+01 1.222138433294094328e+00 1.257061468392939428e-12
4.035895726508658606e-10 1.800000000000000000e+01 1.570692531543472548e+00 2.242164304582737657e-11
3.535336454948084017e-10 7.500000000000000000e+01 7.213038237445681400e-01 7.138153442837692083e-12
5.908815633046401604e-10 1.000000000000000000e+00 4.064096342665396433e-01 1.494714614388877189e-09
8.576778110798826812e-10 8.300000000000000000e+01 2.333981353873706976e-02 4.427801376068933841e-10
9.902342363744802679e-10 8.500000000000000000e+01 1.562788230451392701e+00 1.165018810457834955e-11
5.924586343971847186e-11 2.000000000000000000e+01 7.031213813599045404e-01 4.581324505623077559e-12
2.658297864757577830e-11 6.100000000000000000e+01 8.201667834114267919e-01 5.959395727245103879e-13
4.057466224463321663e-11 7.100000000000000000e+01 3.668908787517173309e-01 1.593114767426924803e-12
4.631440038771834545e-11 3.600000000000000000e+01 8.126670046192605579e-01 1.771752513735152346e-12
7.554295460699099243e-11 7.100000000000000000e+01 1.358983134258275216e+00 1.088307502166031206e-12
1.047512661805857617e-10 8.400000000000000000e+01 1.486749178047592546e+00 1.251456377657789801e-12
3.991800346159280595e-11 7.200000000000000000e+01 9.439679983786664064e-01 6.845563416921467697e-13
8.189762116856672923e-10 3.800000000000000000e+01 1.203486988659198564e+00 2.309233461935501966e-11
5.617050386732644501e-11 2.600000000000000000e+01 1.462179944157178779e+00 2.173210643379542997e-12
4.047341991005592178e-11 3.400000000000000000e+01 1.214641352927126716e+00 1.270100622595019390e-12
1.957914775767162131e-10 7.700000000000000000e+01 1.861417214282843902e-01 1.373947680449888763e-11
2.404601785479061382e-10 5.300000000000000000e+01 4.738345170032694509e-01 9.942949340950462936e-12
1.044743451389201757e-11 3.900000000000000000e+01 1.135833423179324120e+00 2.953877691451616480e-13
7.973015857944143919e-10 1.800000000000000000e+01 5.419355692063478891e-01 8.587620452133963909e-11
2.933041280344500202e-10 1.300000000000000000e+01 1.440696399411901751e+00 2.275415283263811585e-11
2.255346850997129511e-11 9.200000000000000000e+01 2.323968590546746649e-01 1.064416439375363231e-12
4.184372338981335324e-10 3.600000000000000000e+01 3.155972045235956869e-01 3.744796015677323677e-11
1.139911697129871479e-10 7.100000000000000000e+01 1.011620486686021225e+00 1.893975979042456768e-12
3.379924021295768780e-10 9.100000000000000000e+01 1.558375930659039732e-01 2.393054400312800188e-11
2.033367784404319879e-11 4.300000000000000000e+01 2.964841973264470409e-01 1.618554408642049947e-12
5.266407222589114027e-10 5.400000000000000000e+01 1.027827281732560660e+00 1.139085715219642076e-11
2.287089221424249813e-11 4.800000000000000000e+01 2.107285794115004440e-01 2.277914681575689048e-12
8.832873480414947414e-10 6.400000000000000000e+01 5.401030639544515122e-01 2.683918760247484108e-11
1.832387335366214194e-10 7.400000000000000000e+01 7.633799189327589163e-02 3.246883603194882256e-11
2.818170282302950369e-11 8.800000000000000000e+01 1.330936027397525034e+00 3.296851214355902313e-13
1.007077835712709063e-11 8.000000000000000000e+00 1.475841359475589032e+00 1.264543858071725941e-12
1.287623231880002460e-10 9.000000000000000000e+01 4.569074311409961342e-01 3.242914613967413357e-12
2.178042412671342297e-10 8.000000000000000000e+00 1.048706192404955662e+00 3.141001151391669486e-11
5.705076382808138685e-11 3.700000000000000000e+01 7.242284527897971946e-01 2.327212311495834097e-12
4.949656835001694595e-10 4.900000000000000000e+01 1.470641073182043845e+00 1.015221675256331021e-11
3.154965817905754471e-10 7.700000000000000000e+01 1.171684641132231475e+00 4.446851584023696218e-12
1.648644076739242699e-11 4.800000000000000000e+01 1.541592809528482100e+00 3.436140304002153460e-13
3.975589610395191963e-11 3.000000000000000000e+01 2.268828028246667461e-01 5.891299080190451332e-12
1.228373176858064581e-10 9.100000000000000000e+01 1.197063769218796203e+00 1.449949013975526162e-12
1.563303302404616767e-11 6.000000000000000000e+01 7.064716157562829224e-01 4.013694434720625353e-13
6.306314876441838171e-11 8.100000000000000000e+01 1.490682357342554942e+00 7.810625785200749506e-13
2.234362922322257981e-10 5.300000000000000000e+01 9.834326584891994738e-01 5.064579643800772057e-12
1.416662398200900824e-11 8.700000000000000000e+01 1.296410061150741422e+00 1.691628577357347129e-13
1.171087204471638074e-11 2.900000000000000000e+01 1.421318664158592648e+00 4.083769856548549490e-13
1.841735385289557736e-10 2.600000000000000000e+01 3.912498469425253478e-01 1.857534284930685205e-11
3.524615603114518401e-11 4.300000000000000000e+01 5.653296479320381041e-01 1.530123046732146543e-12
7.509339759088474684e-11 1.500000000000000000e+01 1.055521913084001451e+00 5.753241598749620321e-12
2.859807656837964787e-10 8.200000000000000000e+01 1.443686928006212344e+00 3.515935221628729822e-12
2.744842299611231938e-11 4.800000000000000000e+01 9.279783580624092476e-01 7.144368036245979104e-13
4.610631298918555887e-10 9.400000000000000000e+01 6.334824945441257515e-01 8.285977527186777950e-12
5.815040200640616511e-10 2.200000000000000000e+01 1.423486467409373235e+00 2.672140686196523414e-11
5.860480096034507354e-11 8.000000000000000000e+01 5.300014980088967320e-01 1.449079772531392343e-12
1.362764779147157557e-10 9.000000000000000000e+00 1.197475705662394363e+00 1.626192949416939417e-11
8.213371353024951013e-11 9.400000000000000000e+01 1.415702087725701164e+00 8.843781201497217095e-13
1.341746843248726813e-10 2.000000000000000000e+01 1.296832729940195605e+00 6.968621188857136537e-12
1.612680218754986013e-10 1.700000000000000000e+01 1.505931456137964197e+00 9.506345961502785173e-12
3.175441224591328781e-11 6.400000000000000000e+01 5.582775819492512975e-02 8.892001685937821189e-12
6.199119016489391786e-11 3.800000000000000000e+01 1.307921335443684718e-01 1.250845516101297345e-11
4.737661660388751424e-10 8.000000000000000000e+00 2.814456113334850018e-01 2.132201865074574751e-10
6.567975197575375808e-11 5.600000000000000000e+01 4.603946138084961115e-01 2.639766628747980639e-12
6.174321725416846469e-10 3.900000000000000000e+01 2.272318126936761704e-02 6.967755299829873648e-10
1.326248301346828233e-11 7.000000000000000000e+00 2.833638704239628825e-01 6.776569740802244675e-12
1.894505991783461815e-10 4.100000000000000000e+01 5.360946610283208180e-01 9.046408006408256738e-12
8.330336670282625337e-10 6.900000000000000000e+01 5.217002954394415193e-01 2.422560719580713195e-11
2.981405610041841491e-11 2.000000000000000000e+00 1.517355461897894386e+00 1.492834009496214558e-11
8.564464403505296103e-10 9.700000000000000000e+01 4.138913267520298311e-01 2.195398062857677630e-11
2.281187826457848005e-11 1.400000000000000000e+01 6.493141013456181776e-01 2.694858518399312420e-12
5.809264792105911566e-10 2.000000000000000000e+00 3.880733009649935394e-01 7.675974434783710801e-10
2.859818728628790643e-10 5.100000000000000000e+01 1.501694652676018205e+00 5.620902384648002594e-12
6.512191445740154960e-11 2.700000000000000000e+01 4.453026651483584231e-01 5.599602724720043436e-12
1.094732517669236396e-10 5.400000000000000000e+01 1.401335470843330766e+00 2.056743569613121589e-12
6.493640547031731539e-11 9.800000000000000000e+01 5.573223606355034443e-01 1.252782705320939641e-12
2.042354313369313071e-10 1.200000000000000000e+01 7.457997320494635929e-01 2.508198633610686846e-11
1.999104665989224185e-11 9.800000000000000000e+01 1.111667307531384985e+00 2.275562656394671353e-13
1.881484486912727701e-10 3.300000000000000000e+01 2.614190573965385345e-01 2.206009527233127642e-11
6.263848433642354864e-10 2.500000000000000000e+01 9.296080101020761655e-01 3.126509358902480332e-11
2.960908686012083292e-10 1.700000000000000000e+01 3.449233176303291293e-01 5.151093541330767079e-11
2.434688240987252534e-11 3.000000000000000000e+00 1.004652224265219607e+00 9.615951753614784767e-12
3.696824964039088323e-10 9.800000000000000000e+01 4.040206995123769573e-01 9.595759109766274897e-12
3.599420085132773791e-11 9.500000000000000000e+01 7.503982509767740394e-01 5.556087402051997528e-13
2.316161020448361903e-11 1.700000000000000000e+01 1.483129772503005261e+00 1.367699971539957119e-12
2.846896426254381514e-10 1.400000000000000000e+01 8.721760711399623167e-01 2.655631373455004947e-11
3.371238739893998050e-10 1.000000000000000000e+01 1.178812292477577683e+00 3.647922999746540334e-11
1.059476005545897241e-11 5.600000000000000000e+01 6.025756446525509791e-01 3.338097566481461304e-13
3.340384581370724023e-10 4.200000000000000000e+01 1.292424562794347365e+00 8.271723772599770639e-12
1.654355887295828116e-11 1.000000000000000000e+01 1.267889899963919320e-01 1.308312837722967067e-11
1.229986880429699234e-11 7.900000000000000000e+01 7.560162310144851183e-01 2.269505756363595883e-13
3.026402989189984413e-10 9.600000000000000000e+01 1.532903116186506987e+00 3.154767801035164271e-12
3.143263229367471065e-11 4.800000000000000000e+01 1.224558975134798500e+00 6.961591934515185335e-13
5.829346997947075974e-11 3.600000000000000000e+01 9.364815974683734501e-01 2.010313212659902313e-12
3.798476807698168687e-10 4.500000000000000000e+01 6.763960092379075160e-03 1.247955904888095034e-09
1.521932244008582194e-11 7.200000000000000000e+01 2.350086735998053733e-01 9.077869385360438802e-13
2.470559508469628688e-10 3.000000000000000000e+01 1.310550940013791132e+00 8.522166423126562920e-12
2.964833623874642805e-10 8.000000000000000000e+01 1.362809777374472286e+00 3.787671441217797369e-12
3.659045666962731902e-10 2.400000000000000000e+01 4.446231509558421641e-02 3.430106606594801151e-10
2.884687101849916983e-11 9.000000000000000000e+00 1.823056577582053694e-01 1.767927218316706246e-11
2.336844908395569680e-11 6.200000000000000000e+01 1.200544494244627503e+00 4.043078879367083617e-13
9.426503317869614501e-10 5.100000000000000000e+01 1.023617373826553267e+00 2.164336524811509912e-11
2.981455092884874698e-10 7.400000000000000000e+01 1.564360247829629014e+00 4.029076816926309910e-12
1.307522541565183722e-11 2.900000000000000000e+01 6.855562938994786970e-01 7.121579434205720810e-13
9.616928207045956920e-11 6.500000000000000000e+01 2.911412846305201918e-01 5.154327632295352686e-12
1.235701337959287584e-10 6.200000000000000000e+01 1.491124365370923410e+00 1.999409064056948716e-12
5.341220999045118827e-10 1.000000000000000000e+01 6.548311923015138758e-01 8.770112596002132262e-11
2.478330436604302980e-10 9.700000000000000000e+01 8.936374659934753772e-01 3.278321605774664001e-12
2.788834639199845449e-11 7.400000000000000000e+01 7.722904799903634876e-01 5.400996727341375352e-13
2.338906158597323984e-10 1.500000000000000000e+01 1.105970880410961588e+00 1.744346209021429025e-11
1.234782292170921608e-11 9.500000000000000000e+01 8.668933299106937884e-01 1.705015536089154192e-13
1.948009303100026810e-10 8.700000000000000000e+01 4.002788694757299925e-01 5.746045041878782860e-12
2.731205778585886214e-11 7.200000000000000000e+01 1.189539276288086977e+00 4.086781964498227034e-13
1.264096399193314130e-10 1.900000000000000000e+01 1.440491732059581143e+00 6.710024099479628737e-12
6.422406995448305947e-10 4.900000000000000000e+01 1.018728324658375817e+00 1.539383353723035333e-11
2.881326156335834703e-10 3.400000000000000000e+01 8.031272624354606204e-01 1.177778914968117878e-11
4.177729236071053424e-10 5.000000000000000000e+01 3.616300682965948310e-01 2.361637662896188136e-11
2.392469483685341888e-10 2.100000000000000000e+01 8.546047115025019458e-01 1.510345846197589128e-11
6.362307842861578564e-11 6.000000000000000000e+01 1.209059903843193506e+00 1.133757192987803758e-12
9.952079180426053016e-11 5.100000000000000000e+01 1.579432247928204761e-02 1.235551073449632769e-10
2.639602577179696868e-10 2.300000000000000000e+01 1.082109815024711930e+00 1.299793825180103477e-11
1.867569841711424026e-10 3.900000000000000000e+01 1.329738778738408289e+00 4.931221719121259952e-12
5.314162138177132364e-10 4.500000000000000000e+01 1.010321610720740226e+00 1.394239600858855426e-11
3.785455813878181526e-11 8.800000000000000000e+01 9.741917615279244158e-01 5.199956990661132372e-13
1.484089752295958091e-10 6.000000000000000000e+01 1.025819224885545333e+00 2.892491692948632729e-12
5.514573780539639189e-10 2.900000000000000000e+01 1.056473161523769910e+00 2.184149578758635169e-11
4.542379388203889027e-10 2.700000000000000000e+01 2.508095090358201107e-01 6.778576059855063223e-11
8.339173838343966737e-11 4.200000000000000000e+01 6.112814795054180017e-01 3.459587996638999029e-12
2.729403600866328591e-11 1.800000000000000000e+01 5.005459844344320453e-02 3.030628060334778889e-11
2.641901262461203819e-10 3.500000000000000000e+01 1.557224858788215371e+00 7.548984514536887617e-12
4.089002958064275560e-10 3.900000000000000000e+01 1.307085175106733166e+00 1.086006339148629001e-11
2.565090420239473740e-10 5.500000000000000000e+01 1.337490202451953492e+00 4.793674083695204701e-12
1.178984171915820208e-10 3.800000000000000000e+01 1.447340832708033653e-01 2.151150951884670684e-11
3.255436817742614548e-11 4.000000000000000000e+00 1.369843807356818433e+00 8.305729087379553405e-12
1.739923606888592221e-11 5.300000000000000000e+01 1.101781593456982788e+00 3.680294788573841185e-13
4.516530983793595472e-11 2.400000000000000000e+01 1.315457904157126545e-01 1.434729563269101180e-11
5.256108119641939217e-10 4.600000000000000000e+01 1.062329622974050203e+00 1.308119819795484300e-11
1.308559001929911948e-11 5.100000000000000000e+01 1.559568200463220311e+00 2.565963709444818531e-13
1.377368098288864630e-11 2.000000000000000000e+00 7.260699398512046043e-01 1.037274888109450354e-11
1.008339784519117598e-10 3.300000000000000000e+01 4.991426770553242798e-01 6.383429111462482752e-12
1.746120359124650053e-11 2.300000000000000000e+01 1.530729508363403157e+00 7.597925497154998460e-13
2.782989235180475431e-10 6.000000000000000000e+00 1.222897621194391382e+00 4.933899552921535313e-11
7.156592027881300154e-11 6.000000000000000000e+01 1.274063042037223425e+00 1.247275296677564270e-12
7.822462288765501963e-10 7.700000000000000000e+01 2.301966230859965601e-01 4.452420581982851102e-11
3.664437250078957766e-10 9.000000000000000000e+00 1.017376596818212242e+00 4.785991954004290753e-11
3.239387407024588152e-11 8.600000000000000000e+01 1.494826203625941652e+00 3.777625507598503177e-13
2.009404485595077514e-11 8.200000000000000000e+01 5.982408586393174466e-02 4.098609343255024760e-12
5.040058847627979678e-10 3.100000000000000000e+01 1.230965179548767496e+00 1.724444771779409808e-11
4.777056691125691467e-10 9.900000000000000000e+01 2.338850497593212840e-01 2.082041884674341900e-11
5.136697431064908787e-10 9.000000000000000000e+00 2.651248631949747470e-01 2.178165319199490196e-10
4.810386025232277016e-10 9.200000000000000000e+01 4.338300004689958911e-01 1.243890082098528931e-11
8.092613443865886553e-10 8.600000000000000000e+01 1.399568979840756455e+00 9.549666331717350324e-12
1.053500574104838721e-10 8.900000000000000000e+01 1.458894770808159658e+00 1.191158550075766105e-12
3.524432798325882147e-10 3.300000000000000000e+01 4.828391132441403055e-01 2.300280169955691863e-11
1.106033495732732058e-11 4.500000000000000000e+01 1.505183200137939936e+00 2.463152347767970554e-13
1.342036227137089418e-11 4.000000000000000000e+00 3.512666911936550562e-01 9.750692128593054417e-12
2.638817789952204182e-11 5.600000000000000000e+01 1.157106651966623101e+00 5.146296403817221569e-13
5.844399106001905813e-10 4.100000000000000000e+01 1.185813342790333236e+00 1.538040330748816848e-11
9.093381267738456882e-11 8.800000000000000000e+01 2.231569510945777268e-01 4.669204391687961364e-12
1.086860420187888175e-11 9.200000000000000000e+01 1.234931882924508617e+00 1.251284605410613858e-13
9.157480657345082650e-11 3.600000000000000000e+01 1.550247630774467034e+00 2.544281768238614318e-12
2.951497960065832801e-11 5.100000000000000000e+01 8.385593895143729215e-01 7.781901793685032209e-13
1.016126653906205789e-10 2.200000000000000000e+01 3.262011110476589204e-01 1.441349289845325492e-11
3.747178549665061989e-10 8.100000000000000000e+01 1.477120982604137378e+00 4.646518215585468558e-12
5.358416927850048724e-11 5.900000000000000000e+01 2.885318573667008391e-01 3.191783400218515734e-12
3.402470508109717801e-10 5.100000000000000000e+01 3.870416511187239617e-01 1.767519154253771170e-11
4.794754346077956112e-11 8.100000000000000000e+01 1.129747457756228535e+00 6.545859711099908536e-13
1.703414645657381682e-11 6.800000000000000000e+01 1.324190552213948324e+00 2.583171294526628111e-13
2.136500515143245719e-11 8.900000000000000000e+01 1.521213197796862371e+00 2.403516277692251570e-13
1.950670673262125798e-10 6.700000000000000000e+01 1.433561075744780311e-01 2.037893579353912932e-11
2.802844756692101751e-10 6.500000000000000000e+01 1.514862389536193898e+00 4.318823041651631314e-12
4.421301958663383398e-11 2.900000000000000000e+01 6.335246697921181891e-01 2.575362999073855143e-12
2.854402916496080236e-11 6.100000000000000000e+01 1.321188884542728426e+00 4.829002399761766020e-13
2.675611384408603079e-11 9.000000000000000000e+00 1.220005480300817569e+00 3.165688014147565336e-12
5.518864240299607763e-11 1.700000000000000000e+01 6.771518313603663852e-01 5.181161855235396103e-12
1.484376228907965569e-10 2.600000000000000000e+01 6.263137648078759279e-01 9.739862980449907902e-12
2.673009153231737675e-11 6.700000000000000000e+01 6.617453115633652461e-01 6.492433376713708569e-13
9.363358587781684758e-10 3.500000000000000000e+01 5.539461307122586220e-01 5.085560157583764075e-11
2.918903535238190019e-10 5.800000000000000000e+01 4.090351767433227370e-01 1.265347004461324903e-11
2.734802813075927356e-11 1.500000000000000000e+01 9.034539418529081711e-01 2.321162673306221383e-12
4.078853121404695575e-11 8.100000000000000000e+01 1.560853306416325026e+00 5.035870067744414611e-13
7.307033143624532846e-10 7.600000000000000000e+01 4.720666879781890701e-01 2.114345100767604798e-11
5.927331158324685712e-10 5.200000000000000000e+01 7.463742151630808896e-01 1.678796325126092027e-11
1.523961844702352268e-10 6.000000000000000000e+00 9.009044327670003849e-01 3.240174408146770457e-11
2.256406031104213947e-11 5.700000000000000000e+01 6.259021026747609850e-01 6.757278539119397319e-13
4.818549146486608727e-11 2.300000000000000000e+01 7.875125370378551759e-01 2.956562966762063221e-12
1.387977309555943245e-10 9.300000000000000000e+01 1.120776040909871707e+00 1.657469207581791635e-12
5.172048447876950034e-10 1.500000000000000000e+01 7.907089964403509752e-01 4.850562040854525484e-11
4.211869562486384937e-11 9.900000000000000000e+01 7.630970023489759557e-02 5.580608392536194108e-12
4.254197579075782624e-11 9.600000000000000000e+01 2.624565932666722001e-01 1.707994177083769606e-12
5.491063260741773986e-11 1.700000000000000000e+01 1.278259006974980849e+00 3.373353320222724456e-12
4.492005537178545547e-11 8.500000000000000000e+01 5.324495679134359089e-02 9.929973823725237261e-12
6.948206788615093591e-10 2.000000000000000000e+00 8.989136619689029883e-01 4.438891209679052966e-10
1.996630372544847849e-11 6.900000000000000000e+01 5.064494749670703788e-01 5.965395809308440547e-13
1.958878997162790510e-10 9.800000000000000000e+01 1.192313723784378388e+00 2.151096998420852310e-12
7.228503944825747378e-11 3.700000000000000000e+01 4.507247395132985002e-01 4.484777196044617191e-12
3.398533668997562108e-10 8.600000000000000000e+01 2.564792093120244476e-01 1.557804211433551513e-11
5.909933842527578394e-10 9.700000000000000000e+01 8.615896659836060900e-01 8.028575316857596985e-12
5.120321292104077314e-10 7.400000000000000000e+01 8.710916859299654424e-01 9.044522598821243599e-12
1.903712342446804121e-11 5.700000000000000000e+01 5.165234079104785714e-02 6.468887420103407876e-12
1.041933465785583449e-10 7.800000000000000000e+01 4.261417638911481065e-01 3.231589561006721007e-12
1.879728701347218342e-10 8.500000000000000000e+01 1.041724432347150398e+00 2.561690374913658558e-12
7.910931648227242250e-11 8.600000000000000000e+01 1.519923145504104900e+00 9.210674143526219916e-13
2.344182140015708674e-11 4.900000000000000000e+01 1.534599750119161499e+00 4.787180904768915667e-13
2.973508383010362072e-11 6.200000000000000000e+01 1.188117072720822343e+00 5.169935557208318366e-13
9.023232359580676547e-10 5.800000000000000000e+01 5.269137687854778124e-02 2.953898580265967091e-10
6.532838918554376666e-10 7.100000000000000000e+01 7.789970866815575379e-01 1.309653543576656956e-11
4.326003499689929725e-10 9.000000000000000000e+00 1.559660814614016289e+00 4.806968583297953726e-11
6.258747227062233921e-10 7.000000000000000000e+01 1.140885632972359620e-01 7.853980414425397635e-11
1.162806235946069466e-10 3.100000000000000000e+01 1.194993255963554768e+00 4.032395951960718297e-12
6.831556375140862670e-11 1.100000000000000000e+01 1.373922474006169292e+00 6.332838132777531815e-12
2.673735156051259124e-10 2.400000000000000000e+01 8.942138278726169398e-01 1.428795586551475231e-11
4.192428956213381278e-10 2.900000000000000000e+01 1.570773977847265357e+00 1.445665157675996034e-11
7.951152730395595976e-10 3.200000000000000000e+01 1.582280899052460610e-01 1.576922036231216039e-10
3.510244645860732693e-11 9.900000000000000000e+01 1.218084688218566747e+00 3.778295637081107813e-13
7.121282901864135867e-11 9.100000000000000000e+01 9.574570469918641802e-01 9.569883638589543574e-13
1.039096237099438247e-11 4.300000000000000000e+01 7.705756798280859465e-01 3.469253310293669875e-13
8.297430521336433320e-10 2.700000000000000000e+01 3.718603757724092129e-01 8.457763775219610171e-11
1.327860939496035704e-11 7.700000000000000000e+01 8.443960507553418537e-01 2.306799977978890857e-13
2.001128358081299476e-11 9.100000000000000000e+01 1.963253299855446388e-01 1.127329034757155981e-12
5.070370829196548654e-11 8.500000000000000000e+01 3.891463223798387050e-01 1.572262138055992629e-12
1.061365666685121875e-11 5.500000000000000000e+01 4.792941933036517499e-01 4.184632216701512841e-13
1.845106482402173442e-11 7.700000000000000000e+01 3.906661964752321248e-02 6.135293607575179353e-12
7.076860797125014615e-10 4.700000000000000000e+01 1.277848094503417187e+00 1.572718109791237856e-11
3.238917192183701719e-10 1.000000000000000000e+01 1.284329431510597939e-03 2.521874842350828597e-08
1.028387731184832472e-11 6.800000000000000000e+01 6.177571638201084792e-01 2.611038009512697109e-13
1.444045310506033412e-10 5.400000000000000000e+01 7.913928224493966823e-01 3.759362075641385905e-12
1.277530424070419792e-11 2.100000000000000000e+01 1.064516980665314749e+00 6.956085772388808389e-13
6.475294647170508582e-11 3.800000000000000000e+01 1.147438368208443027e+00 1.869033353671458192e-12
3.331074135715413877e-11 6.700000000000000000e+01 9.182692792120869529e-02 5.421880657754030531e-12
2.083268490549253642e-10 2.100000000000000000e+01 4.143704873430360536e-01 2.463980818622903655e-11
2.719314471180937132e-11 8.700000000000000000e+01 2.951445396087100659e-01 1.074556096363288106e-12
2.384759999859982149e-10 8.800000000000000000e+01 9.067148762107671844e-01 3.441285306198342094e-12
1.165796677189822555e-10 2.600000000000000000e+01 3.450974494128297709e-01 1.325447044759164751e-11
5.240778467187658481e-10 3.400000000000000000e+01 5.557090885175606232e-01 2.921841793277331412e-11
4.393055557874570270e-10 4.100000000000000000e+01 2.363058911547611940e-01 4.576755462876766576e-11
2.412397651826490520e-10 8.900000000000000000e+01 2.933970224556348150e-01 9.372425019793021471e-12
1.551320836546627436e-10 6.500000000000000000e+01 2.510330945848983017e-02 9.508300613773458019e-11
2.477965888481585152e-10 9.900000000000000000e+01 1.315013176669945327e+00 2.587168192254457996e-12
5.885935251549911247e-10 4.100000000000000000e+01 5.426088547717122790e-01 2.780155210053414665e-11
2.982266197062234977e-11 6.700000000000000000e+01 1.510712656546207899e+00 4.459190100456009023e-13
1.667821645135528087e-11 1.500000000000000000e+01 1.136550743321169010e+00 1.225635106021941719e-12
2.758586811074687776e-10 2.500000000000000000e+01 6.757497613480910603e-01 1.764133690419895565e-11
2.872540446131312389e-10 5.500000000000000000e+01 2.202986925499110238e-01 2.390066978642517619e-11
1.639217461526728299e-10 4.100000000000000000e+01 7.806365432231776591e-01 5.681271398431541648e-12
4.956921510476574719e-10 9.100000000000000000e+01 1.001108935164293667e+00 6.468783954467854203e-12
1.957000543641158251e-11 5.200000000000000000e+01 3.792403080100386070e-01 1.016561720337346312e-12
6.013548510502603328e-11 8.600000000000000000e+01 1.199211284980471248e+00 7.504669450820236067e-13
8.205925461836034803e-11 9.700000000000000000e+01 1.230030006308168611e+00 8.975838160196224850e-13
3.637676855633596305e-11 3.600000000000000000e+01 1.130431657577493754e+00 1.117035101714109124e-12
1.915199894037046852e-10 5.300000000000000000e+01 1.795307334872158211e-01 2.023647775700555107e-11
6.886949111030410876e-11 3.000000000000000000e+00 1.540849122460413279e+00 2.296679498043683337e-11
3.509055726089820989e-11 6.100000000000000000e+01 9.802573790820938715e-01 6.925437567367067746e-13
6.826240608856828144e-11 2.200000000000000000e+01 7.816643180036136895e-01 4.404550233259865701e-12
1.341226843843371573e-11 2.000000000000000000e+01 4.380733459420870779e-01 1.580906377162505286e-12
2.318580751793678036e-10 2.700000000000000000e+01 1.005645971073568373e-01 8.553534501444185353e-11
2.070751802344581151e-11 3.500000000000000000e+01 2.116730467123784376e-01 2.816063405542433183e-12
1.060171701869761584e-10 2.300000000000000000e+01 2.536617448626061200e-01 1.836795559918102607e-11
1.288726632953094071e-10 7.500000000000000000e+01 9.363704834019139778e-01 2.133444594101911099e-12
2.125796804613488653e-11 2.000000000000000000e+00 1.453787718364859538e+00 1.070216220426330359e-11
1.574224377671848947e-11 1.000000000000000000e+01 7.801049231995206279e-01 2.238167925089385547e-12
4.431805772052398259e-10 5.300000000000000000e+01 1.420870239043916738e+00 8.456764649547036890e-12
4.206665249843297196e-10 6.100000000000000000e+01 1.078549112535191590e+00 7.825239479039387469e-12
8.802322727963170953e-10 8.200000000000000000e+01 1.073690539732149896e+00 1.221268455132858396e-11
3.331343833308166375e-10 4.700000000000000000e+01 8.439297731457169327e-01 9.485269342873724781e-12
3.803311409118883846e-10 2.500000000000000000e+01 8.379020374158828721e-01 2.046878758367694073e-11
3.554172242753322359e-11 2.400000000000000000e+01 3.645493094186282867e-01 4.153682268288332673e-12
4.253875826175065776e-11 3.300000000000000000e+01 1.453497257235564666e+00 1.297972495269831686e-12
5.038249317353870436e-10 9.900000000000000000e+01 1.477910684203104674e+00 5.111173822500409335e-12
3.167442009735976339e-11 6.900000000000000000e+01 9.895342488321675622e-01 5.492532426797326559e-13
1.666525978857753027e-10 3.700000000000000000e+01 1.345198261642099213e+00 4.621223763962394056e-12
6.911224726923841574e-11 9.900000000000000000e+01 5.761531966844546382e-01 1.281388970196164213e-12
1.293947733185560242e-11 1.200000000000000000e+01 1.178485905623382068e+00 1.166944668503834950e-12
1.188486890379241288e-11 9.400000000000000000e+01 6.595630851280275264e-01 2.063326181147780359e-13
7.111930817059450057e-10 6.700000000000000000e+01 2.344816592435350067e-01 4.568681319647552711e-11
1.186066291708063637e-11 7.000000000000000000e+01 2.602328803876314822e-01 6.585089592429420018e-13
1.917012401308723220e-11 1.800000000000000000e+01 8.505968666076164642e-01 1.416846419972114036e-12
5.973505187046132408e-11 5.600000000000000000e+01 1.284574178364343178e+00 1.111933801979734477e-12
9.982202686896829462e-11 7.600000000000000000e+01 9.231465044102206141e-01 1.646948348972096037e-12
2.332736965099941487e-10 3.200000000000000000e+01 1.318009662279124861e+00 7.529083083304906499e-12
1.996872239030091547e-11 8.600000000000000000e+01 4.349829573314545894e-01 5.510138379734699085e-13
1.064787780962262656e-10 1.100000000000000000e+01 1.170501126148683485e-01 8.288781336392698503e-11
4.733488326367020851e-10 7.200000000000000000e+01 2.102149244128920236e-01 3.150566091196055565e-11
1.901609617408716291e-11 9.700000000000000000e+01 1.532620409795104388e+00 1.961851714342398700e-13
1.029159649476862858e-11 5.000000000000000000e+01 1.478071082080916199e+00 2.067199795316402097e-13
3.507504947396120592e-10 2.400000000000000000e+01 6.711416719247111917e-01 2.350066473902918479e-11
6.798754311679460612e-11 4.000000000000000000e+00 1.166530679240316726e+00 1.848710349941501272e-11
5.006444629833133764e-10 4.300000000000000000e+01 9.839174118097233634e-01 1.398255183129018700e-11
6.905270638084543388e-10 1.200000000000000000e+01 1.403624198285808644e+00 5.835746878377192348e-11
7.175528207610526593e-11 2.100000000000000000e+01 6.947617119241185080e-01 5.337246746368042028e-12
2.037704983711397989e-11 3.200000000000000000e+01 1.012317161526396503e-01 6.301105459855199652e-12
6.076459797146636819e-10 1.800000000000000000e+01 5.866220267291761825e-01 6.098464731885663857e-11
1.138417772102972835e-10 5.900000000000000000e+01 7.668055811724526771e-01 2.780938175012298879e-12
8.773832948283480749e-11 4.800000000000000000e+01 1.546398174562176209e+00 1.828426040661967210e-12
1.789610761456276954e-11 9.800000000000000000e+01 8.818928836092294610e-01 2.365630788959037688e-13
2.133864189758132454e-10 3.700000000000000000e+01 8.954337801243796857e-01 7.389296280093812037e-12
2.836392801434436262e-10 5.600000000000000000e+01 1.224268997752397059e+00 5.385088562182268140e-12
8.489060372541620214e-10 2.800000000000000000e+01 3.121272780434121777e-02 9.714945879407904210e-10
1.437869378192935758e-11 9.000000000000000000e+01 1.256442976864553085e+00 1.679956344611324736e-13
6.340253482182869762e-10 7.500000000000000000e+01 6.530705596072620134e-01 1.391257760219829418e-11
1.447780028763446545e-11 4.200000000000000000e+01 3.830033229885871915e-01 9.224037176489061951e-13
3.348496267601299884e-11 5.900000000000000000e+01 1.402511398454367120e+00 5.756740123988825254e-13
3.153774576011967042e-10 6.900000000000000000e+01 5.674762266564385982e-01 8.503517149295997476e-12
5.562281302868098794e-11 8.100000000000000000e+01 5.643497292699910517e-01 1.283874398931531627e-12
1.145793413434844045e-10 6.400000000000000000e+01 2.761121267009453706e-01 6.567094136049097343e-12
1.168226540768608251e-11 6.000000000000000000e+00 2.035176762161690356e-01 9.633317464890300082e-12
1.462545307905189371e-10 9.000000000000000000e+00 1.826706823050657236e-01 8.945733559091846853e-11
4.116294605759045745e-10 4.500000000000000000e+01 1.477232282681247622e+00 9.187506792646796996e-12
7.908257011587573540e-11 7.000000000000000000e+01 5.376093256904226347e-01 2.206182877266955354e-12
8.312768237828687852e-11 8.700000000000000000e+01 4.876745093513635276e-01 2.039150975625533535e-12
2.935306420408470726e-10 5.900000000000000000e+01 3.072932255697937709e-01 1.644769707834174324e-11
3.464349131546251807e-10 5.200000000000000000e+01 3.894685041639459055e-01 1.754613230117379210e-11
7.407034563065567702e-11 8.200000000000000000e+01 6.618821807335563134e-01 1.469724973982372326e-12
6.645511298767256496e-11 6.000000000000000000e+00 1.144781986478126123e+00 1.216297883917541482e-11
1.547133270079162762e-11 6.900000000000000000e+01 1.269315842963916197e+00 2.348127544783553399e-13
3.787302405796196498e-10 2.600000000000000000e+01 1.479747716338073005e+00 1.462713421320805055e-11
1.150708325665007545e-11 5.800000000000000000e+01 1.353937015939116417e+00 2.031563088611046082e-13
8.754519837920849672e-11 2.700000000000000000e+01 1.318254721186215450e+00 3.348631713140934333e-12
6.984290196825192552e-11 1.000000000000000000e+00 7.561052842062915280e-01 1.017979806244954585e-10
8.515117278563466748e-11 6.900000000000000000e+01 2.369375984316962058e-01 5.257492954688215085e-12
9.140309568949977183e-11 9.600000000000000000e+01 1.368148959008322896e+00 9.720055416625568820e-13
6.421602592580030192e-11 8.300000000000000000e+01 1.017055643409100485e+00 9.096172026897275213e-13
4.046055408706663728e-10 5.600000000000000000e+01 9.090371957607921161e-01 9.158302523272191464e-12
3.670319402431645593e-11 5.500000000000000000e+01 1.261910215422148207e+00 7.004826989925046198e-13
1.378140643789287798e-11 4.900000000000000000e+01 5.537128363347942894e-01 5.348555278778900392e-13
6.019438248866318684e-11 3.300000000000000000e+01 1.097858942280518946e+00 2.048980273046639011e-12
5.141931024014948620e-10 8.500000000000000000e+01 3.164676941408910982e-01 1.943799755184604617e-11
4.164074390278877882e-11 1.500000000000000000e+01 3.581249830377901122e-01 7.919830981395205085e-12
1.062339213499686105e-11 2.100000000000000000e+01 6.627557946352004015e-01 8.221725024313700304e-13
2.667267302431304885e-10 2.500000000000000000e+01 4.020645517015797310e-01 2.726437198574588315e-11
9.072226561571449334e-11 3.300000000000000000e+01 8.349425405865401606e-01 3.708775848614160971e-12
1.035009999930271390e-11 1.000000000000000000e+01 2.013374975955019852e-01 5.175567830848444696e-12
2.864899629696884015e-10 7.600000000000000000e+01 1.391497842134797880e+00 3.831019689030666814e-12
8.704093327195254320e-10 2.900000000000000000e+01 1.254323785018335302e+00 3.158253086385407449e-11
6.972030658003444296e-10 9.000000000000000000e+00 8.779912969204722861e-01 1.006774377912548615e-10
4.618665507324781801e-11 1.500000000000000000e+01 7.809714570954541246e-01 4.373924471183062068e-12
1.606754623443005258e-10 3.600000000000000000e+01 1.524713934761104915e-02 2.927355827969917878e-10
4.248009175316663083e-10 7.900000000000000000e+01 8.225544620787312855e-01 7.337056103464839069e-12
3.876011582130713157e-11 8.000000000000000000e+01 5.501833266628209929e-01 9.266662737957197409e-13
6.109179275903996138e-11 3.200000000000000000e+01 6.366468418362668524e-01 3.211287439326805236e-12
1.164890873782975463e-11 5.000000000000000000e+00 8.176709258649944578e-01 3.193428943851425400e-12
1.927895544236524690e-10 1.500000000000000000e+01 2.961427636896379334e-01 4.404105900396808999e-11
5.700636411879942768e-11 2.500000000000000000e+01 1.282537467084164939e+00 2.378386045909862147e-12
1.092451638694906168e-11 3.100000000000000000e+01 5.604055137627238503e-01 6.629991437101047041e-13
1.824453957104675268e-11 5.000000000000000000e+00 1.487460423214213678e+00 3.661615283640133740e-12
8.438391105508390287e-10 4.000000000000000000e+00 9.696980425541755766e-01 2.557971940905155895e-10
4.349329249093474860e-10 8.400000000000000000e+01 3.771595430871313992e-01 1.405929407310097415e-11
3.391595106256658410e-11 1.000000000000000000e+01 6.520970887220635115e-01 5.588810706171577075e-12
4.101622611985831901e-11 2.400000000000000000e+01 5.681638465373366476e-01 3.176093982632489138e-12
3.381147203767198357e-11 2.900000000000000000e+01 2.703750401805870007e-01 4.365196366666079746e-12
2.864877290373910050e-11 6.900000000000000000e+01 1.290620757454799650e+00 4.320464354698203658e-13
1.554966337317691426e-11 9.200000000000000000e+01 5.744380033380150907e-01 3.110591902196636038e-13
7.758344542477655609e-10 7.800000000000000000e+01 4.469915486101363328e-02 2.225972417317356434e-10
2.073901844406148109e-10 4.400000000000000000e+01 1.277345612048867707e-01 3.700059806403242375e-11
1.926264248491428735e-11 8.800000000000000000e+01 2.763688011362920860e-01 8.022077804321245668e-13
1.601448133010988823e-11 6.600000000000000000e+01 2.883243550947922063e-01 8.533389964060537246e-13
9.542599932478751766e-10 2.000000000000000000e+01 1.565568879606240582e+00 4.771365157740014337e-11
1.044359322870185871e-10 6.100000000000000000e+01 1.029661740667248138e+00 1.997450625605419562e-12
7.821820191466948363e-10 5.700000000000000000e+01 8.752045860032187097e-01 1.787540074176910375e-11
1.502345517598818551e-11 9.900000000000000000e+01 7.732932545837762905e-01 2.172555503327005657e-13
6.120506964061353508e-10 7.300000000000000000e+01 5.686646382759132923e-01 1.556943743682226734e-11
1.378094043373448512e-11 5.000000000000000000e+00 1.219242711469097795e+00 2.935741413320584349e-12
1.663796244758234086e-10 9.300000000000000000e+01 9.297287384513808206e-01 2.232217778143142018e-12
2.301273367504462705e-10 9.100000000000000000e+01 6.724402138917098259e-01 4.059856649725396751e-12
1.046868629259466244e-10 9.900000000000000000e+01 1.325815067888824972e+00 1.089988064563527020e-12
3.827286798277479029e-10 9.400000000000000000e+01 1.415814453683328193e-02 2.875883714646721815e-10
8.885372513946679407e-11 6.600000000000000000e+01 1.469378571678955581e+00 1.353221923072354400e-12
1.957280450123205981e-11 2.800000000000000000e+01 9.094164016865912137e-01 8.858047080812969075e-13
5.250343800256800195e-11 1.900000000000000000e+01 1.422642106043190857e+00 2.793945895748861026e-12
2.541471534784070551e-11 4.400000000000000000e+01 8.341347697694074803e-01 7.797962353135297218e-13
1.928597200735030431e-11 9.400000000000000000e+01 3.995186789541103067e-01 5.274630250661850367e-13
5.378703201581009209e-11 5.600000000000000000e+01 3.288862306298332983e-01 2.973730544080285588e-12
1.404691855170151946e-11 8.100000000000000000e+01 1.202278193819073859e+00 1.858996428760796861e-13
1.569392364156875724e-10 6.400000000000000000e+01 1.007124437945624562e+00 2.900956611317143289e-12
4.820370074755066439e-10 9.600000000000000000e+01 1.115362897306619194e+00 5.591118968311537851e-12
6.939160125980959063e-11 2.200000000000000000e+01 1.563683282326631341e+00 3.154243488399302130e-12
1.421931343317126495e-10 6.000000000000000000e+00 4.952039632303201211e-01 4.987016210778828475e-11
3.393713181550108017e-11 3.400000000000000000e+01 5.248752224689261503e-01 1.991899662546957678e-12
1.011515313305561063e-11 5.300000000000000000e+01 1.303646407913624738e+00 1.978709863577067239e-13
1.462144656592379557e-11 9.600000000000000000e+01 1.248836853194523311e+00 1.605565798810573291e-13
1.878795930809359968e-10 3.300000000000000000e+01 1.058231657310108931e+00 6.532861477628634318e-12
1.088610209586495392e-10 5.800000000000000000e+01 1.419057578062189184e-01 1.327097876366818315e-11
3.575379050195302508e-11 5.800000000000000000e+01 5.477541160055039438e-01 1.183714873483240753e-12
1.072069749753216763e-10 6.800000000000000000e+01 1.143833714835297499e+00 1.732064481535349599e-12
2.741716049871268054e-11 8.300000000000000000e+01 9.287133145917499943e-01 4.124707660011087818e-13
5.531324323677519525e-11 6.300000000000000000e+01 1.094610893377303551e+00 9.878908969679994123e-13
1.486712776587858937e-10 1.600000000000000000e+01 1.428768159138317229e+00 9.386467732616019909e-12
5.893639723390514454e-11 4.800000000000000000e+01 1.478303124878963093e+00 1.233112483704361202e-12
7.915984587271117533e-11 8.800000000000000000e+01 1.085535798497581306e+00 1.016946680086779814e-12
3.001648149603049672e-10 5.100000000000000000e+01 2.259977254357456722e-01 2.626568812799736151e-11
1.669902981690379907e-10 2.100000000000000000e+01 1.202669727889032814e+00 8.522928219599232465e-12
1.923102271309274540e-10 1.900000000000000000e+01 1.090593559086938669e+00 1.141230849101912461e-11
1.982297169971582678e-11 3.800000000000000000e+01 6.270796661147023388e-01 8.890127352955892448e-13
4.243225721487915036e-11 5.000000000000000000e+01 3.640852988358946885e-01 2.383200708937999320e-12
6.011982161455286832e-11 3.100000000000000000e+01 6.517133916513014880e-01 3.197346663623873894e-12
4.487746789089277358e-11 6.800000000000000000e+01 2.690596459642726757e-01 2.482696063476657624e-12
2.884601290925209416e-11 4.900000000000000000e+01 5.763394759315803029e-01 1.080255230886081483e-12
5.240832788090767374e-11 7.400000000000000000e+01 1.429549560811729680e+00 7.153445856174480802e-13
2.789022259017798180e-10 4.700000000000000000e+01 1.160443944647357117e+00 6.471338471450746612e-12
4.855509290231917722e-10 7.700000000000000000e+01 9.540259510051694036e-01 7.730126321454290102e-12
8.518498161771769507e-11 4.900000000000000000e+01 4.992866627882279751e-01 3.630892178848045153e-12
1.786864474854563812e-10 7.900000000000000000e+01 9.687166409670942002e-01 2.744436754028519942e-12
1.571730391724250183e-11 4.900000000000000000e+01 8.391786824809212009e-01 4.310759334536137874e-13
5.781346150874511173e-10 3.600000000000000000e+01 6.966465293020757121e-01 2.502815404134919536e-11
6.527914283070159933e-11 4.700000000000000000e+01 1.359613838184299262e+00 1.420475602734415461e-12
6.355383307473353130e-10 3.400000000000000000e+01 1.159094062091415633e+00 2.039662645757055535e-11
7.691859215657655599e-10 6.000000000000000000e+00 7.472297377585969125e-01 1.886343768333607810e-10
1.740273783080550793e-10 8.700000000000000000e+01 6.074041501319795699e-01 3.504787173448737506e-12
3.925719676136971089e-10 9.200000000000000000e+01 3.814488079545699240e-01 1.146248091126494540e-11
4.261623517296956439e-10 1.800000000000000000e+01 5.722083921146449148e-01 4.372322135931049167e-11
9.002358950411356659e-11 7.900000000000000000e+01 1.131473651347269405e+00 1.259103646698350836e-12
1.059047048213055158e-10 8.700000000000000000e+01 1.286199830124861387e+00 1.268313333000919193e-12
8.429166898328861074e-10 4.200000000000000000e+01 1.695430830128850930e-01 1.189427309406123205e-10
5.862395371369021337e-10 4.800000000000000000e+01 1.357039334191098234e+00 1.249776236587544701e-11
3.652631500352579111e-10 7.700000000000000000e+01 8.586142031464139013e-01 6.266932321809546974e-12
6.703714262943051138e-11 3.800000000000000000e+01 1.397567011460704389e+00 1.790939817039612169e-12
3.134014887821066146e-10 6.200000000000000000e+01 1.770331331668792418e-01 2.870289500696184844e-11
1.683764488537928312e-11 5.100000000000000000e+01 1.047593049914807173e+00 3.811372673798515692e-13
4.790010580197061082e-10 6.100000000000000000e+01 1.259504464095573928e+00 8.248930854535166905e-12
1.037662401967875294e-11 1.300000000000000000e+01 1.168369881126580356e+00 8.675037925886246452e-13
3.290526280777496611e-10 2.800000000000000000e+01 1.193371602293561651e+00 1.264163885518599470e-11
1.680896939616053027e-10 1.000000000000000000e+00 1.946665018162322403e-01 8.689529660640005163e-10
2.940326761008733688e-10 9.800000000000000000e+01 9.424194191852008906e-01 3.708773381768682120e-12
2.081123950729229039e-11 7.800000000000000000e+01 7.812424109611727507e-01 3.789053035011545905e-13
8.884781745275693941e-10 8.400000000000000000e+01 1.820109839038753785e-01 5.843464612986639220e-11
3.837991638804703764e-11 3.500000000000000000e+01 6.457376301859836520e-02 1.699345729379950242e-11
3.925189855862300678e-10 9.200000000000000000e+01 4.247093132200784327e-01 1.035420273203428133e-11
3.421560858069874466e-10 9.100000000000000000e+01 1.362762750244479015e+00 3.842812073352399449e-12
6.021181425768004447e-10 9.000000000000000000e+00 1.422924607893365279e+00 6.764018093597956126e-11
5.397798935066854830e-10 1.400000000000000000e+01 1.044278824622085322e+00 4.459563444062983214e-11
1.576629859202870921e-10 4.200000000000000000e+01 1.107579765629431945e+00 4.196062157774619509e-12
2.952585207855609250e-11 1.600000000000000000e+01 6.254999720255522977e-01 3.151763237262797218e-12
3.638232911759840293e-10 7.200000000000000000e+01 7.487669210340165415e-01 7.422996841785301623e-12
1.129379563524930103e-11 2.400000000000000000e+01 1.494477056537027115e+00 4.719486143876686985e-13
7.858437788360879459e-11 1.100000000000000000e+01 1.108593880866075798e+00 7.981514265362898780e-12
8.841119209124583917e-11 1.100000000000000000e+01 1.080294361887605969e+00 9.111679969363852416e-12
2.641279493468096585e-10 3.100000000000000000e+01 3.072709263699932025e-01 2.817000018746543959e-11
2.207269832872901794e-11 9.500000000000000000e+01 5.834231179208573259e-01 4.217660705156129095e-13
2.596693604695965784e-11 8.700000000000000000e+01 8.505796073488389175e-02 3.513260008679029722e-12
1.211937213785468704e-10 7.800000000000000000e+01 2.314779994019809384e-01 6.772689229662982155e-12
3.633966555083396528e-10 7.700000000000000000e+01 1.529712300351623977e+00 4.723422850015840136e-12
2.916311078459809331e-10 9.200000000000000000e+01 1.121315684174517324e+00 3.519483493235273597e-12
3.243092080706542759e-11 8.700000000000000000e+01 3.649644043841810959e-01 1.044417059489432365e-12
2.030877539381778740e-11 5.000000000000000000e+01 4.152069680134671814e-01 1.006931902978630855e-12
2.475205395735614238e-10 9.800000000000000000e+01 1.286712358425634362e+00 2.631180672694267251e-12
1.807339024242620181e-10 8.900000000000000000e+01 1.080200507051332304e+00 2.302264864570876861e-12
5.131367689247648091e-10 9.900000000000000000e+01 3.009182239277743975e-01 1.748733803377212090e-11
1.921524779784715833e-11 4.100000000000000000e+01 1.431779319302084241e+00 4.732299778609144928e-13
2.561634002211943146e-11 4.100000000000000000e+01 1.319798538526931964e+00 6.449997963242496399e-13
2.992844526041945079e-11 2.500000000000000000e+01 7.832942678272907244e-01 1.696581710486248595e-12
7.399346254985638551e-10 9.700000000000000000e+01 9.676794319713378778e-01 9.262329222883820094e-12
1.584759753060570219e-10 8.000000000000000000e+01 1.323648490581097903e+00 2.043028930609093775e-12
6.628210009392585197e-10 5.100000000000000000e+01 1.563045796924801945e+00 1.299688057848443873e-11
1.171435359060060917e-10 6.500000000000000000e+01 9.518709866992311475e-02 1.896194609659413610e-11
1.699019398294920823e-10 5.200000000000000000e+01 1.710032925254794667e-01 1.920035258602524456e-11
3.026669462206063631e-10 9.000000000000000000e+00 1.396503215658236652e+00 3.414700946659132095e-11
9.001961333467707478e-11 6.400000000000000000e+01 7.786588330273630509e-01 2.002713545725379077e-12
6.950775727554645312e-10 1.700000000000000000e+01 6.176327330486087730e-01 7.060340395576885059e-11
1.458395375800250635e-10 8.900000000000000000e+01 1.069315977671770446e+00 1.868741056360625689e-12
3.614915756536711507e-10 3.100000000000000000e+01 6.194172645627826768e-01 2.008578403645524663e-11
1.466394809013833477e-10 5.700000000000000000e+01 4.562436394607524148e-01 5.839184270396667401e-12
1.230332151031779393e-11 7.000000000000000000e+01 4.582678029081351245e-01 3.972956652044526277e-13
6.442566895433421948e-11 4.500000000000000000e+01 6.494685447619628071e-01 2.367342199086103905e-12
4.541821608551591004e-10 2.100000000000000000e+01 7.630656569400355860e-01 3.129280966004886879e-11
1.359973061124815524e-11 8.700000000000000000e+01 7.574668728074499535e-01 2.275106674951869928e-13
4.253747148270240890e-10 6.100000000000000000e+01 3.989360616088805100e-01 1.795229336471373440e-11
5.046121958282620834e-10 3.500000000000000000e+01 2.664499071961447529e-01 5.475517492360033209e-11
2.750100301260288698e-10 9.800000000000000000e+01 1.184766467999025963e+00 3.029135326730014609e-12
3.145165189885956256e-11 5.200000000000000000e+01 7.267115068004554868e-01 9.103331121534410086e-13
3.178177777422477723e-10 6.400000000000000000e+01 3.341193712116214964e-01 1.514283905389299750e-11
4.543135445407452047e-11 2.200000000000000000e+01 8.191741113930885998e-01 2.826597377878944154e-12
1.797350940875917218e-10 6.500000000000000000e+01 8.046918208077363799e-01 3.837205158129791565e-12
2.137948032243962183e-11 9.200000000000000000e+01 7.416672925876707234e-01 3.440109383157115608e-13
1.915193772597292036e-10 9.500000000000000000e+01 2.098373409898761921e-01 9.678279358832916766e-12
7.037374623341234135e-10 8.000000000000000000e+01 1.036451271339251301e+00 1.022158277040438943e-11
1.045756489629620103e-10 6.100000000000000000e+01 1.053667209953969008e+00 1.972241022506808437e-12
1.254004318046082766e-11 2.700000000000000000e+01 1.490954842606510233e+00 4.659303293060195418e-13
2.826312270240497607e-10 1.800000000000000000e+01 4.014000559363465367e-04 3.911742169465109537e-08
2.986933694529552284e-11 4.100000000000000000e+01 1.344561358944511786e+00 7.475701187106112609e-13
7.610083779803211130e-11 2.200000000000000000e+01 1.170723971270809072e+00 3.755706565928236713e-12
6.076306764121194003e-11 6.800000000000000000e+01 8.131325051286070194e-01 1.230067521169912651e-12
5.617656602115992287e-10 7.400000000000000000e+01 1.517437568693940919e-01 5.022045080640272428e-11
2.194844122213154963e-10 9.000000000000000000e+00 1.516207717280420475e+00 2.442353792701718086e-11
3.110562974153962334e-10 6.300000000000000000e+01 1.319758708553212534e+00 5.097171419500296831e-12
6.208502300565685788e-10 6.800000000000000000e+01 9.686893689731793655e-01 1.107834221693242095e-11
4.392075000916393519e-11 3.700000000000000000e+01 1.758604009920627376e-01 6.784859192284786435e-12
1.734377445810407307e-10 1.500000000000000000e+01 4.005386701646108660e-01 2.965398380054594062e-11
9.111626844424819760e-10 6.800000000000000000e+01 1.032657600167679879e-01 1.299878661081870598e-10
1.160484165902047142e-11 7.900000000000000000e+01 7.821818806455695938e-01 2.084147452018582372e-13
1.867996840098500561e-11 3.700000000000000000e+01 1.091595764768553689e+00 5.689481687992844621e-13
7.145252794537462887e-11 9.800000000000000000e+01 9.954678156038605508e-01 8.690054927135563983e-13
8.123037563916257908e-11 8.700000000000000000e+01 5.205688184241477057e-01 1.877225312303599726e-12
3.830500166247330635e-10 8.300000000000000000e+01 1.493807840206719077e-02 3.089575486461416326e-10
1.275973708006213597e-11 8.000000000000000000e+00 2.052015512846870615e-01 7.827503017365493772e-12
9.764010025542991630e-10 5.900000000000000000e+01 1.369046999925942698e+00 1.689177629758230014e-11
5.226740977467524421e-10 9.400000000000000000e+01 2.665695406577055920e-02 2.086142816188229670e-10
3.396225137772869479e-10 5.700000000000000000e+01 6.227890409251867210e-01 1.021474494320330104e-11
1.882867730574195128e-10 3.100000000000000000e+01 1.019220857592084251e+00 7.131345505894561876e-12
4.863750315695140189e-10 1.800000000000000000e+01 7.402080329654217028e-01 4.006401470271134551e-11
5.837856773087292016e-10 5.300000000000000000e+01 4.067377587472819078e-01 2.784225712867989805e-11
1.362229333213737195e-11 2.900000000000000000e+01 2.331747537908448742e-01 2.032887407847376389e-12
1.879569381405188053e-11 3.000000000000000000e+01 3.160545720907109168e-01 2.015717067606938117e-12
2.684206248633648922e-10 3.700000000000000000e+01 2.069416181195947724e-01 3.530778880144402012e-11
7.932719162063888641e-11 2.900000000000000000e+01 1.079323717825447337e+00 3.102654094151603914e-12
1.359996139257648430e-11 6.400000000000000000e+01 1.099073866269167699e+00 2.385524526695658161e-13
2.594849789855296742e-11 1.800000000000000000e+01 8.361675388618300397e-01 1.942626038746770713e-12
2.489187981827070422e-11 6.000000000000000000e+01 1.106078937615682101e+00 4.640812926692555286e-13
1.186536712243347213e-11 6.900000000000000000e+01 1.411018213874320582e+00 1.741804466818756437e-13
1.590098508622449339e-10 7.000000000000000000e+00 4.411397184652808834e-01 5.320203840863073955e-11
8.691869920880662438e-11 4.500000000000000000e+01 1.119333846752010642e+00 2.146593864291163744e-12
7.548712122476636414e-11 7.200000000000000000e+01 5.912216026594646623e-01 1.881015379622684871e-12
1.588956172635694297e-10 1.900000000000000000e+01 1.136950667132276660e+00 9.216810433105851022e-12
2.126927305315552606e-11 3.000000000000000000e+00 5.420140084486603504e-02 1.308680243690327809e-10
4.688971588032385726e-10 8.000000000000000000e+00 3.882319993182346551e-01 1.548322416724799676e-10
1.942646450124312283e-10 6.300000000000000000e+01 2.912638828949019598e-01 1.073802917650775029e-11
3.939943438673219114e-10 6.500000000000000000e+01 1.259850218236715058e+00 6.366773070177823492e-12
5.570516950579194524e-11 4.500000000000000000e+01 2.576176530397551456e-01 4.858719553305954811e-12
2.912325383434945981e-11 4.400000000000000000e+01 8.943599886734021620e-02 7.410610440546686248e-12
1.793366772291646104e-11 3.300000000000000000e+01 1.731990907300403892e-01 3.153429083988930615e-12
5.276438957851366176e-11 2.300000000000000000e+01 1.018780950884721648e+00 2.694288189547211822e-12
5.749180735176867174e-11 5.800000000000000000e+01 5.117844197631890024e-01 2.024034352414056235e-12
1.955116367828727085e-11 2.000000000000000000e+01 8.169202802311283929e-01 1.340881734730030856e-12
2.970876346499013020e-10 5.900000000000000000e+01 2.076170120417560050e-02 2.425497484853093875e-10
1.847278413040853507e-10 2.000000000000000000e+00 6.450203974688786257e-01 1.536288364437878436e-10
2.046840402158167310e-11 8.400000000000000000e+01 1.307849239565331390e+00 2.523450440343740283e-13
5.831894573764865459e-11 7.500000000000000000e+01 2.475033338992383980e-01 3.174025647157425602e-12
1.376357704900413403e-10 7.500000000000000000e+01 1.212398809943711769e-01 1.517361401654054253e-11
6.869621685805266595e-10 4.100000000000000000e+01 3.577950886333043923e-01 4.784324827173613427e-11
8.386018909465694742e-11 1.900000000000000000e+01 6.946014639145439151e-01 6.895542819502051904e-12
3.001575780578762489e-11 8.400000000000000000e+01 6.116161836095080906e-01 6.223193902865740465e-13
2.747271722835268632e-11 6.400000000000000000e+01 2.044862855525592382e-01 2.113918942487196047e-12
1.800069810466927585e-10 4.200000000000000000e+01 1.536810025718342132e+00 4.288356936078666181e-12
1.050510305389987213e-11 6.200000000000000000e+01 1.017688402646811596e+00 1.991279298062318684e-13
1.499633347775501930e-11 1.400000000000000000e+01 1.055911958914690585e+00 1.230731411444224668e-12
1.741486941827532745e-10 3.000000000000000000e+01 1.218441736765395689e+00 6.184942479467530507e-12
8.575024758095626469e-10 5.000000000000000000e+00 1.131922840650163131e+00 1.894549690896488217e-10
2.765462708417390717e-11 8.100000000000000000e+01 3.256267567824454590e-01 1.067246952301269756e-12
2.480962633987803186e-11 6.400000000000000000e+01 6.040913014253797009e-01 6.824657748758140616e-13
3.538774153858392086e-10 9.700000000000000000e+01 8.662144339782905655e-01 4.788430104426675306e-12
1.265053823976795852e-10 8.200000000000000000e+01 9.319529008488579569e-01 1.921743423142486575e-12
1.343870513335487926e-10 6.700000000000000000e+01 1.313150838673036835e+00 2.074242232608158400e-12
3.766470276528740724e-11 6.400000000000000000e+01 2.520765572550635603e-01 2.359561270665093785e-12
7.193153362037955633e-11 4.200000000000000000e+01 6.322120661171969358e-01 2.898234072002206776e-12
1.280694172108916614e-11 8.200000000000000000e+01 5.176959367855564764e-01 3.155965763910731603e-13
3.658021393962853195e-10 7.300000000000000000e+01 8.227462986585505622e-02 6.097439772811806567e-11
7.215124669768158148e-10 9.600000000000000000e+01 1.894313367421034400e-01 3.991363522137329287e-11
1.175595276536182652e-10 3.900000000000000000e+01 1.376742178295560226e+00 3.072006880542978651e-12
2.909018788594691522e-10 7.200000000000000000e+01 1.550076729326486769e+00 4.041171282905578134e-12
5.255390758474360341e-10 3.000000000000000000e+01 1.100651586568462958e+00 1.964993335954435239e-11
9.668659404088875521e-11 4.300000000000000000e+01 1.276004357302507941e+00 2.349893738692735407e-12
6.003569186951773983e-10 8.700000000000000000e+01 1.325393263991463622e+00 7.113786990008754789e-12
3.930151398463235063e-10 3.000000000000000000e+01 7.918597556622655187e-01 1.840834923991558870e-11
2.103523277823040627e-11 4.900000000000000000e+01 7.770580179558782274e-02 5.530124938968093611e-12
6.915622859847746832e-11 6.800000000000000000e+01 3.775929046679138978e-01 2.758468842553127408e-12
7.103854157810272544e-11 6.700000000000000000e+01 1.378225045258637316e+00 1.080244651857964289e-12
5.218934314604997351e-11 5.400000000000000000e+01 2.029165482629897710e-01 4.795733720302959837e-12
1.449694889999871208e-11 1.000000000000000000e+01 2.628404771763726000e-01 5.579515325400303482e-12
3.631782304559228953e-11 1.800000000000000000e+01 2.397459986218719030e-01 8.496975044413992757e-12
5.658562768691550336e-11 6.200000000000000000e+01 1.328187249772176726e+00 9.402058261191310437e-13
1.508599600796167666e-10 8.100000000000000000e+01 3.571413519790030966e-01 5.327467120441627439e-12
2.201979113830982726e-11 9.000000000000000000e+00 2.088267975628131114e-04 1.171613751754603404e-08
1.598595139574074314e-10 2.400000000000000000e+01 8.565895609710256764e-01 8.815111091693964649e-12
4.100877069901291539e-11 5.500000000000000000e+01 1.128732985106504882e+00 8.249120862537096896e-13
5.850034847510411356e-10 6.800000000000000000e+01 4.072159913615513993e-01 2.172173807774855598e-11
1.662677863765427280e-11 5.000000000000000000e+01 9.237657776386671848e-01 4.167752971896705601e-13
7.645318597869729034e-11 8.500000000000000000e+01 1.396581846403591731e+00 9.132734668756973753e-13
7.088267753538280863e-11 1.000000000000000000e+00 1.441918185954634835e+00 7.147544477285547586e-11
5.638424809716114512e-11 5.200000000000000000e+01 1.423113685800393879e+00 1.096245396560310049e-12
8.125427213974311843e-11 6.500000000000000000e+01 9.932123940881696367e-01 1.492109329390117722e-12
3.768811077445303745e-10 4.600000000000000000e+01 1.372862048313753025e+00 8.356223815791878229e-12
2.914948464663109588e-11 8.400000000000000000e+01 1.297773073012399303e+00 3.603655807698428914e-13
4.969049058444664567e-10 5.300000000000000000e+01 9.843435814027656772e-01 1.125640885929999793e-11
2.156468878461937460e-11 1.700000000000000000e+01 1.415897213683767530e+00 1.283882905754500678e-12
4.950451147529556632e-11 5.000000000000000000e+00 1.454685262330021711e+00 9.968020162412019429e-12
3.866341654016243444e-10 1.900000000000000000e+01 1.445373504563828571e-01 1.412796911417961132e-10
1.271724206853069235e-11 8.700000000000000000e+01 1.175893235653367785e+00 1.583638519605897278e-13
1.965608730455351917e-11 1.100000000000000000e+01 7.398489755273157664e-02 2.417450483140786205e-11
1.357425794443306744e-10 7.700000000000000000e+01 5.518337655409336628e-01 3.362692838262537038e-12
1.292125597162287472e-11 3.300000000000000000e+01 1.261646724010958120e+00 4.110395064382846152e-13
5.211273754967214582e-11 8.300000000000000000e+01 1.339328604130930023e+00 6.450677893170853140e-13
6.173243220458872187e-10 7.900000000000000000e+01 1.201868592113270351e+00 8.377945711185739869e-12
5.357238291000945857e-10 6.800000000000000000e+01 3.096188299400796651e-01 2.585626855749966333e-11
4.484135213008292286e-11 3.600000000000000000e+01 3.077382325377768235e-01 4.112172576640814232e-12
3.215718874518330547e-10 2.300000000000000000e+01 3.712898289005052144e-01 3.853557152501493330e-11
1.124595579631359677e-11 7.400000000000000000e+01 1.483996037903911880e+00 1.525466803842614254e-13
3.706967530553699610e-11 6.100000000000000000e+01 1.719144379578980975e-01 3.552367909004728273e-12
2.611941236203960515e-11 3.300000000000000000e+01 4.873257546851619132e-02 1.624807855102891528e-11
6.418864248561750474e-10 9.100000000000000000e+01 1.835137868547082329e-01 3.865347011989094091e-11
4.151392409675042826e-11 4.300000000000000000e+01 6.197044768237836010e-01 1.662274528671243978e-12
1.062972850359000139e-10 4.500000000000000000e+01 1.373226544219757539e+00 2.409025891927555248e-12
7.235986174409578715e-10 3.800000000000000000e+01 6.082873073306299672e-01 3.332162367474683309e-11
1.371345382553577296e-10 6.000000000000000000e+00 9.135593563182410337e-01 2.886982349253754271e-11
1.251370631136924319e-11 9.200000000000000000e+01 7.307098606573819710e-01 2.038041136086662028e-13
1.871809804743544936e-11 3.000000000000000000e+01 1.053943156655073210e+00 7.176812144466744748e-13
8.337663118791022000e-11 7.100000000000000000e+01 2.562149278545114983e-01 4.633867685384753571e-12
1.017596135229344412e-10 6.800000000000000000e+01 8.936843881147924495e-01 1.920057493530083216e-12
1.592729934096808621e-11 4.200000000000000000e+01 5.721525383234064149e-02 6.631595051750267834e-12
2.600999277477975903e-11 2.000000000000000000e+00 6.915751293837694158e-01 2.039195896264683394e-11
9.620454196619873975e-10 8.200000000000000000e+01 2.442567043122516324e-01 4.851346374052281088e-11
5.933373946613867065e-11 2.800000000000000000e+01 8.133002365199580863e-01 2.916573740132991921e-12
1.540729428663770533e-10 6.700000000000000000e+01 1.363138265818479189e+00 2.350084357976916748e-12
1.539245789343353886e-10 2.100000000000000000e+01 9.294075011843646594e-01 9.147705826748553204e-12
2.590473606527345490e-11 7.300000000000000000e+01 1.427191290439281834e+00 3.585501322403725805e-13
7.179135025641050449e-10 5.000000000000000000e+01 7.891301787158376824e-01 2.023030150192944765e-11
2.853299353928019971e-11 2.000000000000000000e+00 2.091388423207310165e-01 6.871526248914155971e-11
6.642781135172986915e-11 3.100000000000000000e+01 3.480083307581006147e-01 6.283483698851808197e-12
1.119307184069842181e-10 6.700000000000000000e+01 8.267934279487144655e-01 2.270576943595100189e-12
1.391854414835380282e-10 6.000000000000000000e+00 2.077940204033099352e-03 1.116374293613358910e-08
1.249424312408638773e-10 5.000000000000000000e+01 1.261721061290866475e+00 2.623145699394962747e-12
1.965764989893660081e-10 8.300000000000000000e+01 1.480542140369525139e-01 1.605537736269010037e-11
1.811187436938476817e-11 2.700000000000000000e+01 9.009045590636265421e-01 8.557465041024145293e-13
3.376400018240558770e-11 4.400000000000000000e+01 3.905262844825630464e-01 2.015796632352789910e-12
2.827177108738115400e-11 5.400000000000000000e+01 2.939223465661962575e-01 1.807165378864810186e-12
4.824491111575220163e-11 5.800000000000000000e+01 5.047095542372709298e-02 1.648793959156152576e-11
3.293131638721865743e-11 5.500000000000000000e+01 1.393715197634601832e+00 6.082631871192620497e-13
1.205960810883955012e-10 5.100000000000000000e+01 1.630299367640620223e-01 1.456871344206700835e-11
1.774400824782818584e-11 8.900000000000000000e+01 1.219085876725360063e+00 2.123712196241989990e-13
1.013675627674100434e-11 8.300000000000000000e+01 1.183362516390133345e+00 1.319062688380014676e-13
4.856163942239716086e-10 6.100000000000000000e+01 6.746501623349683285e-01 1.274514345322976944e-11
1.648372499615837406e-10 9.100000000000000000e+01 6.581326871547630297e-01 2.961540303655265579e-12
1.610907898162277003e-10 2.600000000000000000e+01 3.837630491447784342e-01 1.654805998275670450e-11
2.954024021394319029e-10 8.400000000000000000e+01 7.674388001601891718e-01 5.065136705868346903e-12
4.013206019499952665e-10 6.600000000000000000e+01 1.242311745315717531e+00 6.424096743811538925e-12
2.396433071427643574e-11 7.800000000000000000e+01 9.967592663526030350e-01 3.658798426615401866e-13
5.260919789172188415e-10 3.800000000000000000e+01 3.606570289011108432e-01 3.923194850307835285e-11
2.709540227661958565e-11 9.300000000000000000e+01 3.108229162673347146e-01 9.526101658199211044e-13
9.793299886853063540e-10 1.000000000000000000e+00 1.198900860169367144e+00 1.051189016287194179e-09
1.163532362583190036e-11 6.100000000000000000e+01 7.649123049288876486e-02 2.496091896891359944e-12
1.486152424615304435e-10 8.100000000000000000e+01 1.540595663698671958e+00 1.835593120082136249e-12
3.692400937777772939e-11 3.000000000000000000e+01 7.353449865478793868e-01 1.834706845045670549e-12
1.659619505275113676e-10 6.700000000000000000e+01 3.130288476843821610e-01 8.043873203573654874e-12
4.100619954772844010e-11 5.000000000000000000e+01 1.537229841624065063e+00 8.205862284659090637e-13
3.128969566454377105e-10 6.000000000000000000e+00 1.194389292449205220e+00 5.607524539711983825e-11
7.981974727918044064e-11 6.700000000000000000e+01 1.473491071431868582e-01 8.114480587157957898e-12
3.282894285824573064e-11 4.500000000000000000e+01 9.379446519938100524e-01 9.047402899987257318e-13
1.126107324142822221e-11 1.500000000000000000e+01 1.156711543040845225e+00 8.200443073438164763e-13
1.114915839394809243e-10 6.000000000000000000e+00 1.440609294397809048e+00 1.874051985860560512e-11
7.558687338006161807e-11 2.300000000000000000e+01 1.367731388128456682e-01 2.410308469958788292e-11
1.586371944437319503e-11 7.400000000000000000e+01 1.218678793834137020e+00 2.283874084571072174e-13
3.846825628384933307e-11 3.400000000000000000e+01 3.186226664941523706e-02 3.551570183316768483e-11
4.263290632817648050e-10 9.100000000000000000e+01 5.104228042243008634e-01 9.589542871625824859e-12
7.221932701097072619e-10 3.000000000000000000e+00 1.516078782816286274e+00 2.410919157542065241e-10
4.878239569477035786e-10 8.000000000000000000e+01 1.557740455776481792e+00 6.098319201305151412e-12
1.277260101943631343e-11 3.900000000000000000e+01 2.301931390625570339e-01 1.435372510170262171e-12
1.734818098247458667e-10 9.800000000000000000e+01 5.051631256179200946e-01 3.657860993223919486e-12
5.011722514533364771e-11 3.300000000000000000e+01 1.400427525037533094e+00 1.541014124558854313e-12
1.404011424487463624e-10 3.700000000000000000e+01 1.523121322812781342e+00 3.798941972922203783e-12
1.943361844909323579e-10 5.000000000000000000e+00 1.353552152976832179e+00 3.980279581388546008e-11
5.545792609402977409e-10 9.800000000000000000e+01 1.743732928660617632e-01 3.261825157820460349e-11
1.917255395507643136e-10 3.100000000000000000e+01 5.845612218605680255e-01 1.120753752929962697e-11
7.592189229436356756e-10 8.700000000000000000e+01 9.615797283742845147e-01 1.064100839120546298e-11
1.094168369406963700e-10 4.600000000000000000e+01 1.024028144889213010e+00 2.784594944526831424e-12
2.368295294552615111e-11 8.600000000000000000e+01 3.982278896268893198e-01 7.101430216217037748e-13
4.512981967173048812e-11 4.600000000000000000e+01 4.249589409761243552e-01 2.379632785967108736e-12
1.760045974747241208e-10 1.500000000000000000e+01 1.467687332666583577e+00 1.179629021802908457e-11
1.557802006456065999e-10 2.700000000000000000e+01 1.296429258208963819e+00 5.993824838023236132e-12
5.245506261353092224e-10 3.200000000000000000e+01 1.071104327265178346e+00 1.867567889753926411e-11
1.136064219828801386e-10 2.000000000000000000e+01 1.537842994547219622e+00 5.683406688383842504e-12
5.865587711642167902e-10 5.300000000000000000e+01 7.093691311274192834e-01 1.699095421426418927e-11
9.786071049442810334e-11 7.000000000000000000e+01 8.764712200215889482e-01 1.819175185712139960e-12
1.302269120884490788e-10 4.100000000000000000e+01 6.377849719592282307e-01 5.334520978991214240e-12
1.170767722228508796e-10 9.900000000000000000e+01 1.289783132368551133e+00 1.230874792639086668e-12
1.714525055326299506e-11 1.900000000000000000e+01 1.286237897999030766e+00 9.401907098057391185e-13
1.812949089259309183e-11 8.400000000000000000e+01 6.799837101124670546e-01 3.432474790339298615e-13
7.258179958078766405e-10 9.700000000000000000e+01 3.963767233517269117e-01 1.938118563700657550e-11
5.915206513485077720e-11 7.700000000000000000e+01 7.158282427352504751e-01 1.170616852964383391e-12
1.083721477303873380e-10 8.700000000000000000e+01 9.647338572090137232e-01 1.515586933028982419e-12
1.169529860630819040e-10 4.000000000000000000e+00 9.600638184433061273e-01 3.568999170866683661e-11
2.422697071283641617e-10 8.000000000000000000e+00 1.376004431669291650e+00 3.086748003572476588e-11
7.794160350856569053e-11 4.700000000000000000e+01 6.074940270231872219e-01 2.905217502563531052e-12
3.750160639061667676e-10 1.100000000000000000e+01 1.313029249319285441e+00 3.525721095182502894e-11
3.269677092929084793e-11 3.000000000000000000e+01 1.410074771947250394e+00 1.104122214602550551e-12
1.707270964608958789e-10 2.500000000000000000e+01 1.399763941206056961e+00 6.930198361174033476e-12
6.989142133633109492e-10 4.700000000000000000e+01 1.102753656134128457e+00 1.666251861069910015e-11
4.873639714438698560e-11 8.000000000000000000e+01 7.539660780264865192e-01 8.899540179617645865e-13
1.278109853199399150e-11 7.900000000000000000e+01 1.037306728517865428e+00 1.878965985103472706e-13
1.959576649635894584e-11 9.700000000000000000e+01 5.467566080268327910e-01 3.885567765140358893e-13
2.471517425762006618e-11 4.500000000000000000e+01 1.197165488067166494e+00 5.899261397729062111e-13
1.148548936554799961e-11 5.300000000000000000e+01 8.190166808960049893e-01 2.966664906268627526e-13
5.553836266855004178e-11 2.500000000000000000e+01 7.878761846325533780e-01 3.133967820053756175e-12
5.741560090269165616e-11 6.400000000000000000e+01 1.172432027708236069e+00 9.733339953348567853e-13
2.008909502617009105e-11 7.300000000000000000e+01 5.154405422796857206e-01 5.582936102809939012e-13
3.296202279647462705e-11 7.300000000000000000e+01 1.386976555341048689e+00 4.592720692887948797e-13
7.529951379341142714e-11 1.200000000000000000e+01 5.661312610797500922e-01 1.169891805986731927e-11
2.477195541711275772e-11 6.400000000000000000e+01 3.795021870740232783e-01 1.044819320146025607e-12
5.697697682343173868e-11 5.900000000000000000e+01 1.437229763127579218e+00 9.743901308610307632e-13
4.974521819409646929e-10 8.700000000000000000e+01 1.177369294403573186e+00 6.190815025115459172e-12
2.340657727419748716e-10 7.000000000000000000e+00 5.103099138744381369e-01 6.845762115058846825e-11
5.710630726797102516e-11 3.100000000000000000e+01 6.777966424671550971e-01 2.937654124771539891e-12
2.246818423776767447e-10 4.800000000000000000e+01 9.539472944800991838e-01 5.738435292319095722e-12
3.661838993961536792e-10 7.000000000000000000e+01 2.159032795359850099e-01 2.441862886725994407e-11
2.215549658854187710e-11 7.100000000000000000e+01 1.265852449516207123e+00 3.271423512534477252e-13
2.240352965775228807e-10 7.200000000000000000e+01 1.121528250308101715e-01 2.780254542903548008e-11
7.611681979765815091e-10 3.400000000000000000e+01 2.458248343983949757e-01 9.199386503524170568e-11
1.764189883753484611e-11 1.500000000000000000e+01 7.970005383244910258e-01 1.644327175503292255e-12
5.892477290721096073e-11 3.300000000000000000e+01 1.235640248114652229e+00 1.890805518606657573e-12
1.036626718457325527e-11 9.100000000000000000e+01 2.770647565987763294e-01 4.164572577347209470e-13
1.570081760468300061e-11 6.700000000000000000e+01 4.619005035800637371e-01 5.258396209716062786e-13
1.034843709960901214e-10 4.400000000000000000e+01 1.433150216992205461e+00 2.374375022181854806e-12
7.077196015781767162e-11 1.600000000000000000e+01 3.227294418584329971e-01 1.394658705671760016e-11
2.908915746029072111e-11 8.900000000000000000e+01 2.955488550640159029e-01 1.122155149783640938e-12
9.351156261797498300e-10 2.500000000000000000e+01 2.544995246510876608e-01 1.485719088875713889e-10
1.522812416572097781e-11 4.000000000000000000e+00 6.268316141733569768e-01 6.490197847466118312e-12
1.362908488065734984e-11 5.700000000000000000e+01 1.071981230279882681e-03 2.230512916951765683e-10
2.240899102451959903e-10 5.200000000000000000e+01 3.792837788866391668e-01 1.163905551030201968e-11
8.563699082811528323e-10 2.300000000000000000e+01 4.132283130733696574e-01 9.272022268073251435e-11
1.133789950714563092e-11 2.300000000000000000e+01 2.829593546067142862e-01 1.765597183285636212e-12
4.368402658608323410e-10 4.600000000000000000e+01 1.146123719458775669e+00 1.042230233384509869e-11
2.629185163780184038e-11 3.800000000000000000e+01 1.523641258725470515e-01 4.558652621148252126e-12
2.817372594249610950e-10 7.900000000000000000e+01 1.145932186414168497e+00 3.914295909704767338e-12
1.242575473843345097e-10 4.000000000000000000e+01 4.236693808199290534e-01 7.556256236603161939e-12
9.490745053960530642e-10 5.900000000000000000e+01 1.256984881254070041e+00 1.691192009354289541e-11
1.132409482219070120e-11 9.200000000000000000e+01 1.291566892040468373e+00 1.280475101695712694e-13
2.075376309078346288e-10 4.900000000000000000e+01 9.301012438621869549e-02 4.560336629906253060e-11
1.475133344084692975e-10 2.700000000000000000e+01 8.387531168628146183e-01 7.345228857368787770e-12
8.305928744639625451e-11 7.300000000000000000e+01 1.212988026951222098e+00 1.214731465471353173e-12
1.034464789727822863e-10 9.600000000000000000e+01 6.260670241274424175e-01 1.838970815248541697e-12
7.994136456606795590e-11 2.200000000000000000e+01 8.281074190733564988e-01 4.932715144000237314e-12
9.271890464492415945e-10 4.100000000000000000e+01 8.566541714425668363e-01 2.992682583784377477e-11
2.942480424128209111e-10 3.300000000000000000e+01 1.534599734496432388e+00 8.922451775931688933e-12
2.476364506932363641e-11 8.100000000000000000e+01 6.179736642718982598e-01 5.276700819872966739e-13
4.707873568417545744e-11 7.100000000000000000e+01 1.324170010606937620e+00 6.837706101740962272e-13
1.186275568167898762e-11 3.500000000000000000e+01 5.029294941124885510e-01 7.031947078699186706e-13
1.417386846638809517e-10 9.300000000000000000e+01 1.091149504635751555e+00 1.717926176506551910e-12
5.673027342836037552e-11 1.700000000000000000e+01 8.147237054613091223e-01 4.586817134061512381e-12
2.105587432531404923e-11 8.700000000000000000e+01 4.012348165420738799e-01 6.196855871014686171e-13
3.004511924461180434e-10 1.000000000000000000e+01 6.497526620890839988e-01 4.966221721794250392e-11
3.952699965859267112e-11 6.500000000000000000e+01 1.533476008339044627e+00 6.085314210290553990e-13
2.872053873211991325e-10 3.800000000000000000e+01 1.398175694466023966e+00 7.672058501281424209e-12
3.170327545143014228e-10 8.900000000000000000e+01 9.137305760542498989e-01 4.498889077721567901e-12
5.996727288104683653e-11 6.600000000000000000e+01 3.042702906031612975e-01 3.032723454636181330e-12
1.068152749435672364e-10 9.500000000000000000e+01 1.468433579526462029e+00 1.130287798739039458e-12
1.182272022200539137e-11 6.100000000000000000e+01 1.511841635594012523e+00 1.941523913176094769e-13
1.176678926575980991e-11 2.300000000000000000e+01 1.243034032136278860e-01 4.126350378151312056e-12
2.568194306972282559e-10 8.500000000000000000e+01 3.784948098745066769e-01 8.176517670192069084e-12
7.904125786452368498e-10 1.600000000000000000e+01 8.207030523680487466e-01 6.752197756877790709e-11
4.364083239209778823e-11 3.600000000000000000e+01 7.132454445669238474e-01 1.852760186863156131e-12
1.171939258623583248e-10 6.500000000000000000e+01 4.629532329728959228e-01 4.037201256352415624e-12
1.984157604382269566e-10 5.000000000000000000e+01 1.392105457830353221e-01 2.859813243959319511e-11
2.170750376786364869e-10 8.100000000000000000e+01 4.556700425486918116e-01 6.089882834146234899e-12
8.425540154050295028e-11 8.400000000000000000e+01 8.552310869647190561e-01 1.329018867192298625e-12
3.626813909877830237e-11 4.000000000000000000e+01 4.659710133115982367e-01 2.018078442190741857e-12
3.855149912746368759e-10 6.400000000000000000e+01 5.215905977251160675e-01 1.208941803905125049e-11
3.796767637419207028e-11 6.000000000000000000e+01 1.509385019446908505e+00 6.339897287238988091e-13
2.004124871999932376e-11 5.100000000000000000e+01 1.455697592234098448e+00 3.955830562439684214e-13
9.370746639300155626e-10 6.700000000000000000e+01 7.293642449383642701e-01 2.098781238426036266e-11
2.465217591409701489e-11 1.800000000000000000e+01 5.795876146735258194e-01 2.500671863259915997e-12
4.684470725596038514e-10 6.000000000000000000e+00 1.528058633908346398e+00 7.814586835156382126e-11
1.188714125955226460e-10 9.100000000000000000e+01 1.020050648027166940e+00 1.532949570630761528e-12
1.750694930700610160e-10 8.000000000000000000e+00 9.358446905908315294e-01 2.718131437120886679e-11
4.323325650727730713e-10 2.600000000000000000e+01 3.364043460577259004e-01 5.037389032403365809e-11
7.603493654861627180e-11 2.800000000000000000e+01 1.208942828897350719e+00 2.903561478429291136e-12
1.793991349038092285e-10 7.200000000000000000e+01 6.141089372387410483e-01 4.324058974184557303e-12
1.722955656098553543e-10 8.000000000000000000e+01 1.395173560697666515e+00 2.187340416913509888e-12
6.029705083996504216e-11 5.800000000000000000e+01 1.084461908769012162e+00 1.175953758543516374e-12
7.526344041881401098e-10 9.400000000000000000e+01 6.865753444429966157e-01 1.263108923983572057e-11
5.779967656890683411e-11 4.500000000000000000e+01 9.015432850230873374e-01 1.637716862405918928e-12
5.122169953451538997e-10 3.200000000000000000e+01 6.738218097869784762e-01 2.565283578692575002e-11
8.009133850686387873e-10 4.400000000000000000e+01 9.856805895449551880e-01 2.183484302206626544e-11
4.500259654969227037e-11 4.100000000000000000e+01 8.424996743801377308e-02 1.304361195135651189e-11
2.000808621768275713e-11 6.600000000000000000e+01 4.115248676872950706e-01 7.578681242296376774e-13
5.994337436216504130e-11 3.500000000000000000e+01 1.076761438477340294e+00 1.945270088968304859e-12
1.324747432162039064e-10 9.700000000000000000e+01 1.376812263610543319e+00 1.391824028956762441e-12
4.868528460138138443e-10 2.200000000000000000e+01 1.694243441466054545e-01 1.312438372556586140e-10
1.879393315357797082e-11 4.500000000000000000e+01 2.214048216972940020e-01 1.901831770543300705e-12
3.306575470049760450e-11 8.000000000000000000e+00 2.894023600765268101e-01 1.448323896037280307e-11
7.079537089804397222e-10 8.000000000000000000e+01 5.090126301404579445e-01 1.815953980996260962e-11
9.095787917829723660e-10 1.100000000000000000e+01 2.965677004059460997e-01 2.829493931508710176e-10
2.093633651135508230e-11 1.400000000000000000e+01 1.957266264810907097e-01 7.689519184562890530e-12
3.118868166033655646e-10 3.400000000000000000e+01 1.365825720859045189e+00 9.369268872145408873e-12
7.543854581954239728e-10 2.400000000000000000e+01 1.196013218965751024e-01 2.634401551075020881e-10
8.378281949880928275e-11 8.900000000000000000e+01 9.629848525830696504e-01 1.146766032612629104e-12
7.974693440149062820e-10 3.900000000000000000e+01 4.887896209084670596e-01 4.354722932364354339e-11
5.608020485461477163e-11 4.000000000000000000e+00 2.902798162385534786e-01 4.898341925902067244e-11
3.313618982252743458e-10 2.700000000000000000e+01 5.800538744315114625e-01 2.239255075261527728e-11
2.793360031458623293e-10 3.700000000000000000e+01 5.554309340075918033e-01 1.431724949804256828e-11
8.743799356854909623e-11 1.900000000000000000e+01 1.459229174517377325e+00 4.630790032620104040e-12
8.569568482347392232e-10 3.400000000000000000e+01 3.448015421626061117e-01 7.456767590852167934e-11
2.673130103832820449e-11 9.600000000000000000e+01 9.765194077905730019e-01 3.360688562627184037e-13
5.669546232923395135e-10 8.000000000000000000e+00 7.705220115598409025e-01 1.017492038029364751e-10
4.261904663490661873e-10 7.300000000000000000e+01 2.978718977773265122e-02 1.960268509025570562e-10
1.940309896407541132e-11 6.300000000000000000e+01 4.509547274838721642e-01 7.066728287464189038e-13
1.714121457814705569e-10 8.100000000000000000e+01 3.837202240315734092e-01 5.652653443727123205e-12
1.141261142358258421e-11 2.700000000000000000e+01 8.562334901477000049e-01 5.595719168563302383e-13
3.637466004311907834e-11 7.500000000000000000e+01 4.087446913573285490e-01 1.220244098698766341e-12
1.630533742590862458e-11 6.600000000000000000e+01 1.683178094633787023e-02 1.467831796891479134e-11
6.377412351348706955e-10 8.300000000000000000e+01 6.568457274952824720e-01 1.258328376978624812e-11
7.948267470061551539e-10 6.600000000000000000e+01 1.337084494904549059e+00 1.237938187142986866e-11
1.096604982024434197e-11 3.900000000000000000e+01 7.633884265002105485e-01 4.066987651921945749e-13
3.644866844414021330e-11 4.800000000000000000e+01 4.562017413269349175e-01 1.723668042019489435e-12
7.545748031215579378e-10 5.300000000000000000e+01 1.106401958176816080e+00 1.592369109852309790e-11
8.776419677159789595e-11 9.100000000000000000e+01 1.189271368814114549e+00 1.039159450961778279e-12
8.436976703883555631e-10 4.500000000000000000e+01 1.326206389316519019e+00 1.932398247869135491e-11
6.630243644397879570e-10 6.200000000000000000e+01 1.046187676792724064e+00 1.235551004283988842e-11
2.980082692570321479e-10 1.100000000000000000e+01 1.099661885277223083e+00 3.040406374617653346e-11
1.440109214456818644e-11 2.800000000000000000e+01 8.490983078964139397e-01 6.851405325417716225e-13
3.063979330353645292e-11 2.500000000000000000e+01 6.891616204184808359e-02 1.779789208842102946e-11
9.796432764387737106e-10 6.500000000000000000e+01 3.751975523988585470e-01 4.112750451365399407e-11
4.888219129644759378e-11 9.200000000000000000e+01 3.326046043198754854e-01 1.627315205768086752e-12
2.610311776004696547e-11 6.500000000000000000e+01 6.758656829397219346e-01 6.419498185248282525e-13
2.794181947253629841e-10 8.000000000000000000e+00 1.146124339396416003e-01 3.054106608971993591e-10
6.439584143272660936e-10 1.000000000000000000e+00 5.590037577134654434e-01 1.214232666028846248e-09
2.408677206999281228e-10 7.700000000000000000e+01 4.291821371661040940e-01 7.517297145099848955e-12
2.809635995632415689e-11 3.000000000000000000e+00 4.210779891187693691e-01 2.291273143661464722e-11
2.525688239139674838e-11 3.000000000000000000e+01 8.080943413693147948e-01 1.164493483703320973e-12
2.148611496090294451e-11 3.200000000000000000e+01 1.538671186345790920e+00 6.717877134561158763e-13
1.693241973887834918e-11 4.900000000000000000e+01 1.204085098781172425e+00 3.701717223688410240e-13
5.750895876028766329e-11 5.300000000000000000e+01 1.388563107927347495e+00 1.103344503483167283e-12
1.670817287601446828e-11 2.500000000000000000e+01 2.532870643649973164e-01 2.667040175061227939e-12
7.440212668443662208e-11 6.800000000000000000e+01 7.810554559624218740e-01 1.554123983746209270e-12
4.018962472247197576e-11 7.400000000000000000e+01 7.679054784704014702e-01 7.818594225428311460e-13
2.172135631071918417e-10 5.700000000000000000e+01 2.122003780471443390e-01 1.809381496060306206e-11
3.258782615759295690e-11 9.600000000000000000e+01 1.199924728046107170e+00 3.642191220960339132e-13
2.247812777770706107e-10 9.500000000000000000e+01 1.234110431830843346e+00 2.506867550422727259e-12
8.444280623944918219e-10 2.900000000000000000e+01 6.476617459651267117e-01 4.826302699806228344e-11
1.753670662592117827e-11 4.600000000000000000e+01 5.815595369322448249e-01 6.939986972618670071e-13
1.497422732219430451e-11 8.300000000000000000e+01 1.109713382868217302e+00 2.014495074399833799e-13
3.409040647305340322e-11 9.100000000000000000e+01 1.445641323934140354e+00 3.775731034284820349e-13
1.720026735808448681e-10 5.200000000000000000e+01 3.068641889123332467e-01 1.095022652483812049e-11
1.650864005410642976e-11 5.100000000000000000e+01 1.209030114459260341e+00 3.461008333045661241e-13
4.138324446687669395e-10 5.400000000000000000e+01 6.522657401988528614e-01 1.262554876739292493e-11
1.185067201494656492e-10 6.300000000000000000e+01 1.468925516217565841e+00 1.890861931058273819e-12
3.904929673632975447e-11 8.600000000000000000e+01 2.175439018857282941e-02 2.087382833399640056e-11
9.926430873853416763e-11 7.000000000000000000e+00 1.189708062092049712e+00 1.527654862321698794e-11
4.557718703613788990e-10 7.100000000000000000e+01 3.965708291075600855e-01 1.661927789877638000e-11
7.321255728963192237e-11 5.700000000000000000e+01 6.521706824078329356e-01 2.116334267824458778e-12
1.346647349385008468e-11 2.300000000000000000e+01 3.348578611727804910e-01 1.781608695766748498e-12
8.416749125541231146e-10 3.800000000000000000e+01 6.490840692388398780e-01 3.664336753698540782e-11
2.903227406092207350e-10 7.900000000000000000e+01 5.375635102468462323e-01 7.177052356883466813e-12
1.193046458574590198e-10 5.400000000000000000e+01 1.355569257516386683e+00 2.261523330978986818e-12
1.835752692840002077e-11 6.200000000000000000e+01 6.912339713450450507e-01 4.644620158295520864e-13
3.229380896336145076e-11 7.900000000000000000e+01 1.150775778462375110e+00 4.476958652469371486e-13
2.043231045445471178e-11 5.200000000000000000e+01 6.329252869015803418e-01 6.642858787516320597e-13
3.209141513579142320e-10 5.300000000000000000e+01 1.098767816505160644e+00 6.798404702556560090e-12
1.225464456683295609e-10 2.100000000000000000e+01 9.633508758204422096e-01 7.106908751950815953e-12
2.158139619354365646e-10 8.500000000000000000e+01 2.242728360223540107e-01 1.141644196652887051e-11
7.811191219883319811e-11 4.600000000000000000e+01 1.264182859368733869e+00 1.781156031353396351e-12
7.638424701434377840e-11 2.400000000000000000e+01 1.086546703921688062e+00 3.596145466589107971e-12
2.622748905253078737e-11 7.500000000000000000e+01 3.233442667438872764e-01 1.100587377027735890e-12
8.578019502677178080e-10 2.800000000000000000e+01 1.296247264408320499e+00 3.182781351656609099e-11
1.653684433896779165e-10 3.200000000000000000e+01 4.449455787681202978e-01 1.200664195168195317e-11
7.828480226658899560e-11 8.200000000000000000e+01 1.738034388665095353e-01 5.520697471138739732e-12
1.861789173681354767e-11 4.800000000000000000e+01 8.193987954383119554e-01 5.307976985268558568e-13
1.458144991940654422e-10 4.300000000000000000e+01 1.118696918449111788e+00 3.769777016889983634e-12
2.093597304237068033e-10 4.900000000000000000e+01 8.387720318092686811e-02 5.099909708738015513e-11
2.902006788595034129e-11 2.900000000000000000e+01 1.366654382329399287e+00 1.021911689815386980e-12
8.949436168143906238e-11 1.900000000000000000e+01 7.571732571632023845e-01 6.857529279819624938e-12
1.348370757679510504e-11 5.300000000000000000e+01 6.867457415489859329e-01 4.012617567109456923e-13
1.571188721055388799e-10 2.000000000000000000e+01 6.436276211331553032e-01 1.309103121091112387e-11
1.981079697593040184e-10 4.400000000000000000e+01 1.374512498897700441e+00 4.590602149632136340e-12
8.403826660112321545e-10 6.000000000000000000e+00 1.456234067465596915e+00 1.409879652814400130e-10
5.383824368751268866e-10 8.600000000000000000e+01 1.438765055279882965e+00 6.315225292201858631e-12
1.018313205039694574e-11 4.200000000000000000e+01 1.179031386427823902e+00 2.623305790376770136e-13
8.104905824901165304e-11 2.100000000000000000e+01 1.435005330393186174e-01 2.698775234677782953e-11
7.989859730255506207e-11 3.000000000000000000e+00 1.316631231157216808e+00 2.751688535607802543e-11
1.651951490799416683e-11 4.700000000000000000e+01 6.198152557287769371e-01 6.050753021870828018e-13
2.526500914929826641e-11 1.100000000000000000e+01 6.307259776866810386e-01 3.894687892686135906e-12
4.041826533927142519e-11 6.800000000000000000e+01 2.048109284851253598e-01 2.922510975435103052e-12
6.383630081249608676e-10 2.000000000000000000e+01 1.535318232839766761e+00 3.193824855728519970e-11
8.152219613487771297e-11 7.100000000000000000e+01 3.691850686422043504e-01 3.181882644731673838e-12
5.401872786348120742e-10 9.000000000000000000e+00 1.142231083992566232e+00 6.598862735763164001e-11
4.048493072532580016e-11 1.400000000000000000e+01 3.023588998716780218e-01 9.711362311666885793e-12
2.766374928256257848e-10 2.900000000000000000e+01 1.190837142376508728e+00 1.027181183029059901e-11
6.373951460269726990e-11 8.200000000000000000e+01 8.750209990123987147e-01 1.012708100899208280e-12
2.243644169104066704e-10 5.100000000000000000e+01 1.117223083015665530e+00 4.894165460765557091e-12
9.467128984187264120e-10 6.800000000000000000e+01 1.046669222106947572e+00 1.608093527246712978e-11
6.634667939272446393e-10 6.500000000000000000e+01 9.702046771298471484e-01 1.237232015087142833e-11
1.322907113223635870e-11 3.300000000000000000e+01 1.337953722269665580e+00 4.119989780234555293e-13
9.759139452183469526e-11 3.100000000000000000e+01 1.964035240051397457e-01 1.613229879337911627e-11
2.925598457993377164e-10 4.200000000000000000e+01 4.527202162612712910e-01 1.592477890851900802e-11
2.304165605673641602e-10 7.600000000000000000e+01 1.484475269059936542e+00 3.043127477203571121e-12
7.257980634538419911e-11 6.800000000000000000e+01 1.519039535866043567e+00 1.068781280948679619e-12
2.322644089215355730e-10 4.300000000000000000e+01 7.217750498713596530e-01 8.175192531253999862e-12
9.856490953139919487e-11 9.600000000000000000e+01 1.485064868535532989e+00 1.030502525126144382e-12
2.283797355109930719e-11 8.100000000000000000e+01 1.264247295363839507e-01 2.236135076213277045e-12
1.145452770849863087e-10 4.400000000000000000e+01 2.887343130421421988e-01 9.142759834975565149e-12
4.142250370848288437e-10 9.800000000000000000e+01 1.035213193712210433e+00 4.915032272674520659e-12
7.342522663986206899e-11 1.800000000000000000e+01 4.499832564661104817e-01 9.378491707554899966e-12
1.317023027587024840e-10 7.500000000000000000e+01 9.096907966296671200e-01 2.224755749745541668e-12
9.070296182955045807e-10 8.400000000000000000e+01 3.074725863079484367e-01 3.567799710429173329e-11
2.968610310804654710e-11 2.900000000000000000e+01 5.151309316448320769e-02 1.988060772656450988e-11
2.402627873733793497e-11 2.800000000000000000e+01 2.296056455843260291e-01 3.770236175834486410e-12
2.734808304063193334e-10 9.000000000000000000e+01 1.113571808475230407e+00 3.386536845178690181e-12
4.612537547072935192e-10 2.400000000000000000e+01 1.316666666650686546e+00 1.985665313062743168e-11
1.066508915703945975e-11 3.500000000000000000e+01 4.524029476081018464e-01 6.970883371595205256e-13
9.004860232738944371e-10 3.800000000000000000e+01 1.251498697845235153e+00 2.495849987623356970e-11
2.234508091191927808e-11 6.900000000000000000e+01 9.721490809445614278e-01 3.920133991445221329e-13
1.181526654754866103e-10 9.700000000000000000e+01 2.336164082366172512e-01 5.261699558249991891e-12
1.659320808624776512e-11 2.100000000000000000e+01 1.133194980472563840e+00 8.723540411153926163e-13
3.206967625861324982e-10 7.400000000000000000e+01 1.786028441012369739e-01 2.439416014528271985e-11
1.473889558291123495e-11 2.100000000000000000e+01 1.078756955148824748e+00 7.963184366465503348e-13
1.184993689023095258e-10 7.700000000000000000e+01 2.956652991054474766e-01 5.281667051869921306e-12
1.658355559906078161e-11 1.200000000000000000e+01 4.099702871233069090e-01 3.467197961383057821e-12
6.643354519392130705e-10 9.200000000000000000e+01 8.163135328258928070e-01 9.910487271276959173e-12
3.618280974270178510e-11 8.600000000000000000e+01 5.201714826527579216e-01 8.464906296333297379e-13
1.663699359911974848e-10 4.500000000000000000e+01 1.744983911390796394e-01 2.129497683296733054e-11
1.339785228512938601e-11 6.400000000000000000e+01 8.483342344803175283e-01 2.790549545657677208e-13
1.071644355511146238e-11 4.000000000000000000e+00 1.197308370339673911e-01 2.242966583111661663e-11
5.329917186958471393e-10 2.600000000000000000e+01 4.255561772143303112e-01 4.965678307114963393e-11
3.641835229927906307e-10 6.500000000000000000e+01 3.833438942675379546e-01 1.497986020168021028e-11
1.010896565936191406e-11 2.600000000000000000e+01 5.799088539466630277e-01 7.095684051535731720e-13
4.513102805809084426e-10 3.400000000000000000e+01 1.247184627815688396e+00 1.400055716612931133e-11
9.130054678969293186e-11 5.900000000000000000e+01 4.185724323980523076e-01 3.807213651493670867e-12
8.820358517590106690e-11 3.900000000000000000e+01 6.877276023623672685e-02 3.291149240370087202e-11
3.444428385768719837e-10 2.700000000000000000e+01 1.220838319063497712e+00 1.358028231290248081e-11
6.573898898665901318e-11 8.000000000000000000e+00 8.663399690664569386e-01 1.078446809982544359e-11
3.870911798035503307e-10 1.800000000000000000e+01 1.194861913066388892e+00 2.311962537685491806e-11
1.773522298083713988e-11 1.900000000000000000e+01 6.453028901004991269e-01 1.551995360364142715e-12
6.112975370202701820e-10 3.000000000000000000e+01 8.619623641674724335e-02 2.366905980920035078e-10
6.948775643449806874e-10 3.000000000000000000e+00 5.537729669148188094e-01 4.404370293209921838e-10
1.182129905806660610e-10 5.000000000000000000e+00 5.254300994644622858e-01 4.713576326167624256e-11
6.932813425221670368e-10 9.300000000000000000e+01 1.557807544880534412e+00 7.455266966082797378e-12
2.824361340331615806e-10 6.000000000000000000e+00 8.651834403294450526e-01 6.183894977460644482e-11
5.204606578716225353e-10 2.800000000000000000e+01 9.565635991008520911e-01 2.274537346746330342e-11
1.542435711604812285e-11 6.200000000000000000e+01 1.623983200887676726e-01 1.538666462386047514e-12
1.565579817570237973e-10 1.800000000000000000e+01 1.371404520709595953e+00 8.873473783402294182e-12
3.580441937107953914e-10 2.700000000000000000e+01 4.915126015470292486e-01 2.809750186782179940e-11
4.954283038393770011e-11 6.600000000000000000e+01 3.557260792783445424e-01 2.155358253841196964e-12
1.637959720643047563e-10 3.300000000000000000e+01 1.132909304641982695e+00 5.480612001161449178e-12
1.020374059887369044e-11 1.000000000000000000e+00 1.419760728203480316e+00 1.032123976149901373e-11
1.534386737869310043e-10 7.100000000000000000e+01 1.399238801667654464e+00 2.193305664340906601e-12
5.697686683461345229e-10 5.200000000000000000e+01 7.095042165349652041e-01 1.681934168137190985e-11
1.242671636594935618e-11 3.900000000000000000e+01 1.274498826382550520e+00 3.331511118552273893e-13
5.190928733858626032e-10 2.600000000000000000e+01 7.288593869313281237e-01 2.997677716206497065e-11
1.449845072802192655e-11 9.700000000000000000e+01 1.331145061801384033e+00 1.538659276309681228e-13
2.177652750246044235e-11 2.400000000000000000e+01 8.092200153862592893e-02 1.122496151243231531e-11
1.863504692626566898e-10 8.500000000000000000e+01 1.535055682883923689e+00 2.193759459945426179e-12
3.369764518000267116e-11 7.500000000000000000e+01 7.345690749283744214e-01 6.703323515123616938e-13
2.899937809089029191e-11 8.400000000000000000e+01 1.512960127269243005e+00 3.458089002312665917e-13
4.734538271276096408e-11 5.600000000000000000e+01 7.102720476418691309e-01 1.296627796187797027e-12
2.096676680137018359e-11 5.100000000000000000e+01 1.162093502462781647e+00 4.480126912326645936e-13
1.647967671754676426e-10 1.000000000000000000e+01 2.620025632773679281e-01 6.362433884703473646e-11
1.328104379671052555e-11 6.000000000000000000e+00 5.523763202439444520e-01 4.218521573437326356e-12
4.345529232040117311e-11 4.000000000000000000e+01 3.120715484637243686e-01 3.538349764495244484e-12
3.093475332208067922e-11 2.700000000000000000e+01 8.960151673573705233e-01 1.467299571048157321e-12
1.210499931428098834e-11 1.000000000000000000e+01 9.611960272883988132e-01 1.476441024773428347e-12
1.633454417419368927e-10 2.700000000000000000e+01 1.188085652721183882e-02 5.092203151501785512e-10
9.971491401091722378e-10 7.000000000000000000e+01 1.443211574210475190e+00 1.436171832852853294e-11
1.297889810008901998e-10 7.800000000000000000e+01 1.047058092868205392e+00 1.921531736361301054e-12
6.976837392608796158e-10 8.800000000000000000e+01 1.053273704866228400e+00 9.122889755876256308e-12
2.003255970838808179e-11 2.800000000000000000e+01 5.624248431748340993e-01 1.341703126574670183e-12
4.515932034627366822e-10 5.200000000000000000e+01 3.699778356157910619e-01 2.401717465125024209e-11
9.894372820630781233e-10 9.600000000000000000e+01 8.084683643675308340e-02 1.276224909269234699e-10
9.353706698266214016e-11 1.900000000000000000e+01 1.176491596730668832e+00 5.332173819091793484e-12
3.847525862529181199e-11 1.900000000000000000e+01 9.827176648463183950e-01 2.433886889091309769e-12
2.182157385541058282e-11 1.300000000000000000e+01 1.378340671768396364e+00 1.710156361941200900e-12
1.454002053703917314e-11 6.800000000000000000e+01 6.244217814152698276e-01 3.657432348286410786e-13
1.075731383086150655e-11 3.100000000000000000e+01 1.145484638174751213e+00 3.809487849176953198e-13
1.329703423876583340e-10 3.300000000000000000e+01 6.513863991061826786e-01 6.646006939201009002e-12
5.832524293789945648e-10 6.800000000000000000e+01 1.960690334311493699e-01 4.402757972431009899e-11
8.645381386090527672e-11 7.200000000000000000e+01 1.323328709231880174e+00 1.238476568414987437e-12
4.684526118951736796e-10 6.600000000000000000e+01 1.522826275614634906e+00 7.105941111464078409e-12
1.591229406328297775e-10 6.000000000000000000e+01 1.232500797099419509e+00 2.811394002041466894e-12
3.595074986395492417e-10 1.200000000000000000e+01 1.650098439344454826e-01 1.823851572610779686e-10
5.849801783402426940e-11 8.400000000000000000e+01 1.529939232950211281e+00 6.969866339259227343e-13
5.080873005108112401e-10 4.900000000000000000e+01 3.626599820789177531e-01 2.922837097969412673e-11
1.590201180423462457e-11 2.900000000000000000e+01 6.936727334206602702e-01 8.576397470797669088e-13
3.889022074984621619e-11 3.900000000000000000e+01 3.188840504122014696e-01 3.180742175499363926e-12
9.075740269736593944e-10 7.400000000000000000e+01 2.177643269762682687e-01 5.676772788616343817e-11
5.352681386389310052e-10 4.700000000000000000e+01 1.438557219162100553e+00 1.148899254594645690e-11
2.937432001051281005e-11 3.500000000000000000e+01 1.112281061896975620e+00 9.359387906881185225e-13
9.511948529097542110e-10 3.400000000000000000e+01 1.310745826793240365e+00 2.894969496092969984e-11
3.737595058006589037e-11 6.200000000000000000e+01 3.933852164780249905e-01 1.572686633714153991e-12
7.326263972403058315e-10 7.000000000000000000e+00 2.996763767883027785e-01 3.545291538804965243e-10
2.506932395205980654e-10 9.000000000000000000e+01 2.022438094044506363e-01 1.386722458158751551e-11
1.299654968873883259e-10 2.300000000000000000e+01 7.261548196988359960e-01 8.510058788417954291e-12
1.180348449504573812e-11 8.400000000000000000e+01 4.192869381496587833e-01 3.451596074390641438e-13
1.011412278376001833e-10 2.300000000000000000e+01 4.647827201817398834e-01 9.810719062411201563e-12
3.949524453039119988e-10 3.700000000000000000e+01 8.147878138750127563e-01 1.467108726640324547e-11
1.662513344555446764e-10 9.100000000000000000e+01 9.412123023110858799e-01 2.260299246547879594e-12
3.472645409494188384e-10 3.200000000000000000e+01 1.301932285446321114e+00 1.125642338433498781e-11
8.568179917628208211e-11 4.300000000000000000e+01 9.107834516512129941e-01 2.522328464434597878e-12
3.561581827374285936e-11 1.500000000000000000e+01 7.683422067187554161e-01 3.416660080986208498e-12
4.071014837479477006e-10 1.700000000000000000e+01 1.116219123312507389e+00 2.665394034263412590e-11
3.359593103168558874e-11 7.400000000000000000e+01 5.010157782061196163e-02 9.065364386784536193e-12
3.473170105673994894e-10 7.800000000000000000e+01 4.550849834177154163e-01 1.013058167174923875e-11
4.587540912037773999e-10 8.700000000000000000e+01 1.019133176280684117e+00 6.191522976555541775e-12
2.379934589780874526e-10 9.900000000000000000e+01 1.001768006279474044e+00 2.853636277833685929e-12
6.156653838489951576e-10 7.000000000000000000e+01 4.534375962867591703e-01 2.007773653490806757e-11
7.217410823095074086e-11 7.000000000000000000e+00 1.193025213006836172e+00 1.109274681014425196e-11
5.422080814727693194e-11 2.700000000000000000e+01 2.779611026499586024e-01 7.318551064275495079e-12
1.594162817538508403e-11 1.400000000000000000e+01 7.231077648566980320e-01 1.720805336271556566e-12
2.294022531286569704e-11 1.100000000000000000e+01 9.245027387013134978e-01 2.612325111663748717e-12
2.163813762748282507e-10 2.700000000000000000e+01 4.482313247778573623e-02 1.788542830590089505e-10
4.051261508951360735e-10 9.200000000000000000e+01 4.847117412297090588e-01 9.450614223216123891e-12
1.245198581969073129e-11 3.000000000000000000e+01 1.441724415507001922e+00 4.185477669642959769e-13
2.388499801072236319e-11 1.300000000000000000e+01 1.561152815685250106e+00 1.837392974923070396e-12
4.796159831411082576e-11 7.200000000000000000e+01 1.375210301666738522e+00 6.790806970955051959e-13
4.212384123205454106e-11 6.700000000000000000e+01 3.085290796280106274e-01 2.070471001246266271e-12
1.587920450418048935e-10 7.000000000000000000e+01 1.468223737002819496e+00 2.280443701356520103e-12
3.484558236433907776e-10 6.900000000000000000e+01 1.543713826765434227e+00 5.051936988809610538e-12
1.242272304504246823e-11 3.400000000000000000e+01 1.462556862671619218e+00 3.675250275746411124e-13
8.948777129284399665e-10 7.500000000000000000e+01 4.346802906474968586e-01 2.833323098105825686e-11
5.518599755368786553e-11 9.000000000000000000e+00 4.612595457916348618e-01 1.377691081518965023e-11
1.934544192203627761e-11 3.500000000000000000e+01 3.168977194332755487e-01 1.773719453673327675e-12
1.199072174995129351e-10 5.000000000000000000e+01 2.638860031183222765e-01 9.194140290001294414e-12
1.135255794468658582e-11 9.900000000000000000e+01 1.328714703227174443e+00 1.181164526322670306e-13
1.270349676887371812e-11 1.800000000000000000e+01 1.266283115451593444e+00 7.397850996187839595e-13
8.718756613861973036e-11 9.700000000000000000e+01 1.835670175499069107e-02 4.896802171690502411e-11
1.352961688317291223e-10 8.000000000000000000e+01 1.481791232642796441e+00 1.697923065868038378e-12
2.041681302484476818e-11 6.400000000000000000e+01 3.950848930685222499e-02 8.076636603534088638e-12
3.359862687906490326e-11 9.400000000000000000e+01 8.994422904357451953e-01 4.565022741664018959e-13
1.624961280964775341e-10 1.300000000000000000e+01 6.225382838349481363e-01 2.143666707884576795e-11
6.785126231731507321e-11 1.700000000000000000e+01 9.169475361533516722e-01 5.028355780644603939e-12
4.207406984743806512e-10 6.200000000000000000e+01 1.493531397892650991e+00 6.806446991858050959e-12
3.061776809468162369e-10 9.000000000000000000e+01 6.528100281744241284e-01 5.600685615417012778e-12
2.029095468254458952e-11 9.500000000000000000e+01 1.557960526794585743e+00 2.136065930888416533e-13
4.149093720989529714e-10 9.700000000000000000e+01 2.032541678703273652e-02 2.104611572012020730e-10
4.760774170543914170e-11 6.700000000000000000e+01 1.132182279635688626e+00 7.848569876698666963e-13
6.153850244078388457e-11 7.700000000000000000e+01 1.518672799175325494e+00 8.002882206692888359e-13
1.531109811285686561e-11 7.300000000000000000e+01 8.176381356141008139e-01 2.875006615625930427e-13
4.359253875471326387e-11 9.400000000000000000e+01 1.101687549777173425e+00 5.199161439449287317e-13
2.050340185319059766e-10 9.800000000000000000e+01 4.452454390707006882e-01 4.857868397588947506e-12
2.035058658833184085e-11 4.300000000000000000e+01 1.372941119349278871e+00 4.826864619226223927e-13
4.732421637627319211e-10 7.100000000000000000e+01 1.503557460209478114e+00 6.680478338515655891e-12
1.829906475120074008e-10 6.100000000000000000e+01 8.735462639938240681e-01 3.913128382418128853e-12
1.223725313920311074e-11 7.600000000000000000e+01 3.228468945961754377e-01 5.075099397440098259e-13
3.200587021149931153e-11 2.400000000000000000e+01 4.226535551388238554e-01 3.251186301454246008e-12
5.077449607613454269e-10 1.300000000000000000e+01 8.025606544189370917e-01 5.431129711891747214e-11
1.550996020346851977e-11 4.000000000000000000e+01 4.430756244673272198e-02 8.754169302628334132e-12
6.277281753546230818e-10 2.900000000000000000e+01 1.435440335356499286e+00 2.184561320984969038e-11
1.140816346772252608e-11 1.800000000000000000e+01 1.270522514713653850e+00 6.634736311135321375e-13
3.110576617070909676e-11 8.500000000000000000e+01 8.544567219345847731e-01 4.852071783084762695e-13
7.369172941825417281e-11 8.400000000000000000e+01 5.204608445072762130e-02 1.686349108866253600e-11
1.284292162906765688e-10 5.800000000000000000e+01 9.329463923609798703e-01 2.756233148452355233e-12
2.436270730338540080e-11 9.300000000000000000e+01 2.029581339266406936e-01 1.299636258420126879e-12
9.383763247418517033e-10 9.800000000000000000e+01 2.310604955049714304e-01 4.181158083007235504e-11
4.151551839716734612e-11 7.000000000000000000e+01 7.544025846375006505e-01 8.659937692896602079e-13
1.225267359354944577e-10 7.400000000000000000e+01 6.931901801167814625e-01 2.591207097452316191e-12
7.505003125763156728e-11 8.200000000000000000e+01 6.747383329304106336e-01 1.465110492553662662e-12
1.146364580995134095e-11 7.900000000000000000e+01 3.598427161308853095e-01 4.120940152911688675e-13
1.075065394301242681e-11 7.300000000000000000e+01 1.071900647896318004e+00 1.677113188135860545e-13
7.718210734749517750e-10 6.500000000000000000e+01 1.282861024842737008e+00 1.238399158414636355e-11
1.075642830777774814e-11 5.500000000000000000e+01 8.337833398939139551e-01 2.641146157295692925e-13
7.320267115049463037e-11 4.900000000000000000e+01 9.910233503360803553e-01 1.785746118522344911e-12
1.007085709467396105e-11 6.600000000000000000e+01 1.394191630434323814e+00 1.549996265775688159e-13
3.551590741525790215e-11 6.500000000000000000e+01 9.247571789164965583e-01 6.843030129869550718e-13
2.936050487760999533e-10 6.800000000000000000e+01 2.655468097063662936e-01 1.645241377207672789e-11
1.455543670881483903e-11 8.300000000000000000e+01 1.409329638435939724e+00 1.776778427326928763e-13
3.730561514150798098e-10 9.000000000000000000e+01 3.564002162787520689e-01 1.188029096231514271e-11
3.772712166829028498e-10 8.600000000000000000e+01 1.305475398684698751e+00 4.545944497072874068e-12
1.017273977351094686e-11 1.400000000000000000e+01 1.460368050960960451e+00 7.310772674532472598e-13
2.112411814813487437e-10 2.000000000000000000e+00 1.300204206544459229e+00 1.096089547583068927e-10
1.562469127646304468e-11 4.000000000000000000e+00 9.094508746644148767e-01 4.949744239448612445e-12
1.002420757434980168e-11 3.200000000000000000e+01 1.088375959367243517e+00 3.536126544746999240e-13
6.694019991737319754e-10 9.300000000000000000e+01 3.510082981888010267e-01 2.093348784754107100e-11
6.233914498223885048e-10 8.000000000000000000e+01 1.959189921842912907e-01 4.002913676519385762e-11
1.611977153981687732e-11 1.700000000000000000e+01 9.390260750903601794e-01 1.175020406975956614e-12
9.514685076708331071e-10 7.500000000000000000e+01 1.378882233052581618e+00 1.292351023255309306e-11
1.852371192219440315e-10 8.000000000000000000e+01 1.033709727855044891e+00 2.694897709147471763e-12
1.465787191308472969e-10 4.400000000000000000e+01 7.413779172059490330e-01 4.933082703433201987e-12
2.643026049101102109e-10 5.000000000000000000e+00 1.134535316801004612e+00 5.832319258885063921e-11
1.491092418032480195e-11 4.200000000000000000e+01 9.230152770700625897e-01 4.452106852348808731e-13
4.077091099118288896e-11 3.400000000000000000e+01 1.563069284578048279e+00 1.199180240575108633e-12
5.588061880507855328e-10 9.100000000000000000e+01 1.443135361404366490e+00 6.191108104216284152e-12
3.622905839125551941e-10 4.300000000000000000e+01 8.574592550085434750e-01 1.114197045005564394e-11
5.284728619280988208e-11 2.600000000000000000e+01 8.350386330048392702e-01 2.741840552324903266e-12
1.325508904209878540e-11 4.000000000000000000e+01 1.461186150432538744e+00 3.333778878958470009e-13
5.774925885714924892e-11 1.000000000000000000e+00 8.269270443659020309e-01 7.847923194360789813e-11
4.159581254146759299e-10 7.600000000000000000e+01 2.208143925863968737e-01 2.498870158471261262e-11
1.654399866267759768e-11 5.100000000000000000e+01 1.353932133876404986e+00 3.321726178163849457e-13
7.443437255884485169e-10 3.100000000000000000e+01 6.606050460239487609e-01 3.913183586112555644e-11
3.794934622206357407e-10 3.700000000000000000e+01 5.320452226759908587e-01 2.021810058688140137e-11
6.061101166400876128e-11 8.900000000000000000e+01 6.532854021150494850e-01 1.120474140379783800e-12
5.600347769770124847e-10 9.700000000000000000e+01 5.208194200668611051e-01 1.160301026455783756e-11
5.875593770927716988e-11 5.200000000000000000e+01 1.096932642941205183e+00 1.269843626383552917e-12
1.449573608226077164e-11 2.600000000000000000e+01 6.254093149469316382e-01 9.523411983212551679e-13
6.373160745749265837e-11 7.400000000000000000e+01 1.362324904318231944e+00 8.802977771447784785e-13
1.923822672941799952e-10 7.500000000000000000e+01 4.132096514857609981e-01 6.387974342907577712e-12
3.091456065362995354e-11 9.000000000000000000e+01 4.230805392376189578e-01 8.366271619875184120e-13
1.780138410633945810e-10 4.800000000000000000e+01 3.541901657956751381e-01 1.069288102159800704e-11
1.752472207152160299e-11 1.900000000000000000e+01 3.090820559326905026e-01 3.032220056555476438e-12
7.660910927631396413e-10 7.400000000000000000e+01 3.606081199331551135e-01 2.934045274444105893e-11
5.305208362673796173e-11 3.300000000000000000e+01 9.300081357145973948e-01 2.005475489813430175e-12
3.779024299796697509e-11 1.600000000000000000e+01 1.559567913244014559e+00 2.362039085529332036e-12
1.151058618688535346e-11 9.800000000000000000e+01 1.205255001206839260e+00 1.257641482453777435e-13
3.355626427658601523e-10 5.000000000000000000e+01 1.252182898746199813e+00 7.066926498487388833e-12
8.556125022878307961e-10 5.800000000000000000e+01 7.005163471419965093e-01 2.288497215444890571e-11
1.061593426957156829e-11 1.400000000000000000e+01 8.630428734187689521e-01 9.979688505968568362e-13
5.972267651345146399e-10 7.100000000000000000e+01 1.366221689849987708e+00 8.590784024415484386e-12
2.902025480022518321e-10 1.400000000000000000e+01 2.808126631063554979e-01 7.479616751772812573e-11
4.891038088055010075e-11 3.100000000000000000e+01 8.016321570652095163e-01 2.195923726029597855e-12
9.519010425595677650e-11 2.000000000000000000e+00 1.008319297235208190e+00 5.626313335211000437e-11
5.399887254944373062e-10 9.900000000000000000e+01 6.208680981241577745e-01 9.376040512548844848e-12
9.463893870453063523e-10 5.200000000000000000e+01 9.785666038955017632e-01 2.193544406531904163e-11
2.115216056602851619e-10 4.800000000000000000e+01 1.040246063659318043e+00 5.109047146233075931e-12
5.128149999208206193e-11 9.000000000000000000e+01 1.428734455168522433e-01 4.001706457960625758e-12
5.787770503993108234e-10 1.700000000000000000e+01 3.352963355332108097e-01 1.034669821476770671e-10
3.672566695277489370e-11 3.700000000000000000e+01 5.200214085237705453e-01 1.997561193948717121e-12
2.498373715015989125e-10 5.200000000000000000e+01 1.381448757139914330e+00 4.891998332145310934e-12
7.081231808999306629e-10 4.900000000000000000e+01 1.723221981105886869e-01 8.427970925622203694e-11
1.782661072988548594e-11 4.600000000000000000e+01 1.530655629156713049e+00 3.878474384721863164e-13
1.149797887515671866e-10 5.700000000000000000e+01 4.827739637258985361e-01 4.345162966714253111e-12
2.999824799746523728e-11 8.000000000000000000e+01 3.245522648210907857e-01 1.175905853629028566e-12
1.333244553679647082e-10 4.200000000000000000e+01 5.870025490782648792e-01 5.731316499253747234e-12
3.937617643947015106e-11 7.300000000000000000e+01 1.264142470874458857e+00 5.657945552899604286e-13
3.723970704143837953e-11 5.000000000000000000e+01 1.243189094016399654e+00 7.866311216580852057e-13
6.284732365165671930e-11 3.800000000000000000e+01 8.554061578198258742e-01 2.191037403912746087e-12
7.122549213002835582e-10 5.100000000000000000e+01 1.000379663763870219e+00 1.659282410188073681e-11
1.337718869719571144e-11 5.900000000000000000e+01 7.315745570878311177e-02 3.101999398831167104e-12
4.201258259849392724e-11 4.500000000000000000e+01 9.197621028712647806e-02 1.016491742454774344e-11
1.714762757298373587e-11 6.200000000000000000e+01 1.477074515599871019e+00 2.777937849426590408e-13
6.066740544541972857e-11 6.200000000000000000e+01 7.737970986954431085e-01 1.400154354483807568e-12
1.370291149020186765e-10 6.600000000000000000e+01 6.427092445086468597e-01 3.463989616270462346e-12
8.411253879144421191e-11 6.000000000000000000e+01 8.146379009529638449e-01 1.927037231148873993e-12
1.119860428231824177e-10 6.700000000000000000e+01 2.160705026903984860e-01 7.796113745468908705e-12
3.402519267000538365e-10 7.000000000000000000e+00 1.064724375066218309e-01 4.573895323797630375e-10
4.407107935857436731e-11 9.100000000000000000e+01 1.197021189654679407e+00 5.202155693878921084e-13
8.499913268234606325e-11 2.900000000000000000e+01 9.250144990319070226e-01 3.670043011349607957e-12
1.111616677559234456e-11 6.100000000000000000e+01 3.150609973306953138e-01 5.880840850425666514e-13
5.361343942076601815e-11 8.800000000000000000e+01 8.011404604805304475e-01 8.483512748266697592e-13
8.960838254233323748e-11 3.600000000000000000e+01 1.228194497939893770e+00 2.642705755707554835e-12
1.180810696233131465e-11 3.600000000000000000e+01 4.773629473839482995e-01 7.139213554024223239e-13
5.747027115039214126e-11 1.000000000000000000e+00 1.517314605993631271e-01 3.802203067911431600e-10
5.846696639801384844e-10 9.100000000000000000e+01 9.412894150949422389e-01 7.948532723696202823e-12
1.231174653639237335e-10 4.700000000000000000e+01 1.388061900601251231e-01 1.893252218443800703e-11
8.082435795296897293e-11 7.800000000000000000e+01 7.378940012163384132e-01 1.540302741764584351e-12
3.782695344262579363e-10 7.300000000000000000e+01 3.364093380581768544e-01 1.569759773884665123e-11
5.462314272929459107e-11 6.600000000000000000e+01 3.902913057408373687e-01 2.175335369016826181e-12
1.090108392098595954e-11 8.000000000000000000e+01 8.271931981489381858e-02 1.649180268411592253e-12
7.533338646316845711e-10 4.300000000000000000e+01 1.091325945924364271e+00 1.974595907586318304e-11
6.733635191462482827e-10 9.100000000000000000e+01 5.859977460708269970e-01 1.338008160550312941e-11
2.017190110126587263e-11 8.500000000000000000e+01 8.403902621608657642e-01 3.185868612719957182e-13
2.004119362836492814e-11 7.200000000000000000e+01 1.043762453317953698e+00 3.220514014522039949e-13
5.078496029567893964e-10 3.100000000000000000e+01 4.140396712220009157e-01 4.072035818801461432e-11
7.660424403038780183e-10 8.400000000000000000e+01 4.344793153336051206e-01 2.166482852752764811e-11
3.606534056102730449e-11 6.800000000000000000e+01 1.159243001555158914e+00 5.786932230555732061e-13
3.334110703219046113e-11 4.900000000000000000e+01 1.393786261964522710e+00 6.912315380480816274e-13
1.461196514544748655e-10 4.100000000000000000e+01 1.369688797463469165e-01 2.610127039510409137e-11
1.604592698092823036e-10 4.000000000000000000e+01 1.235514029341387987e+00 4.248022417900283452e-12
3.771454038434691432e-10 3.700000000000000000e+01 9.921626994516128395e-01 1.217509444403416230e-11
7.308769087042127304e-11 5.500000000000000000e+01 3.102779139575825851e-01 4.352327987889280510e-12
3.937504441916574717e-10 8.500000000000000000e+01 5.555081381343076607e-01 8.783801464890370448e-12
2.725924913683254411e-10 1.800000000000000000e+01 8.418213244707829501e-01 2.030418179179861151e-11
6.200710745611734643e-11 6.000000000000000000e+00 1.663379479836528119e-01 6.241707779121078188e-11
1.622729028517133231e-10 3.500000000000000000e+01 1.332568719084072706e+00 4.771115688932031298e-12
4.338125195108135863e-10 5.000000000000000000e+00 1.502741345999890177e+00 8.696381178341205546e-11
2.259468001723281850e-10 7.600000000000000000e+01 4.099871333313451216e-01 7.458611773721678067e-12
1.218954510331900063e-10 4.600000000000000000e+01 1.351700369826110082e+00 2.714800201422206421e-12
1.082940338936861568e-10 6.900000000000000000e+01 1.265811547077502763e-01 1.243216528956347558e-11
5.864838059393553957e-11 7.000000000000000000e+01 3.274564714943735133e-01 2.604916108483737979e-12
4.857573519052162246e-10 2.200000000000000000e+01 3.758205546869756719e-01 6.015726892401169525e-11
4.767356762592550750e-11 3.000000000000000000e+00 9.801012129723573052e-01 1.913324612724248186e-11
9.024508761787455983e-10 8.900000000000000000e+01 8.022683449009598844e-01 1.410406074755465540e-11
1.830907399536708533e-10 6.000000000000000000e+00 1.343647652877133947e+00 3.131964757436885711e-11
5.818112001333326612e-11 4.000000000000000000e+01 4.393286126518076984e-03 3.310807986143732174e-10
5.242473545668984973e-10 6.100000000000000000e+01 1.379002992752253354e+00 8.754746224375206686e-12
7.401036040710822102e-11 8.500000000000000000e+01 7.212332605499190974e-01 1.318635719553336037e-12
5.100129809196874319e-11 2.100000000000000000e+01 9.544650717418021735e-01 2.976249288630053882e-12
2.216268633336534524e-10 9.000000000000000000e+01 5.688705905698178134e-01 4.571390807799372934e-12
1.196452393507543451e-11 4.700000000000000000e+01 3.040283622353057505e-02 8.374335815743715308e-12
1.484999555259390733e-11 2.700000000000000000e+01 6.032775858547242409e-01 9.694282620023747742e-13
1.591436829569525572e-10 9.600000000000000000e+01 9.451815794444908825e-01 2.045077709179148023e-12
1.725374691066024157e-11 2.200000000000000000e+01 1.386972385223911974e+00 7.977009667189875332e-13
1.739308966983605842e-11 6.200000000000000000e+01 8.773386100563238532e-01 3.647840717040158650e-13
8.637680223322382453e-11 6.400000000000000000e+01 1.565058201770717528e+00 1.349659754334863006e-12
1.242875620789248884e-10 6.700000000000000000e+01 5.677313920911019052e-01 3.449817304880631371e-12
1.888370405104173688e-10 4.500000000000000000e+01 5.861646741567418939e-01 7.586056001352599641e-12
1.420899887215220058e-10 8.600000000000000000e+01 1.462495199904247367e-01 1.133756699311611329e-11
4.859074487421805077e-11 7.900000000000000000e+01 8.897179792532332598e-01 7.917071751893832143e-13
6.747793278632227339e-10 8.300000000000000000e+01 1.386910565169216403e+00 8.269286625150768477e-12
1.648145737927064266e-11 7.400000000000000000e+01 1.533750153665337290e+00 2.228753186812916835e-13
2.578900888477657322e-11 1.400000000000000000e+01 1.163574107124121459e+00 2.006123773078123492e-12
2.497149240624696253e-11 7.100000000000000000e+01 3.889932803570254199e-03 9.041596999333452339e-11
2.200676057507600222e-11 1.200000000000000000e+01 1.180356245304730489e+00 1.983144916063438319e-12
5.686569643384642729e-10 7.300000000000000000e+01 5.931612192612282231e-01 1.393565317671461910e-11
1.391729816503882029e-11 1.700000000000000000e+01 8.461491958093552146e-01 1.093399366100469619e-12
3.864098289020604049e-10 9.300000000000000000e+01 9.859885235403317294e-01 4.983033939245104588e-12
8.679999430405868322e-10 6.400000000000000000e+01 1.045543949062284428e+00 1.567561207553656120e-11
3.718949245410247242e-11 4.900000000000000000e+01 8.763061498260690252e-01 9.877523485684638343e-13
2.481961812355067914e-11 7.200000000000000000e+01 6.742344914287088375e-01 5.521659406849473079e-13
2.485291512495229622e-10 8.700000000000000000e+01 2.246963171995186859e-01 1.282102581331076741e-11
1.702252251124730852e-10 9.100000000000000000e+01 1.283357069046777932e+00 1.950635630818815908e-12
1.008919312164961593e-11 1.700000000000000000e+01 1.307853912538932351e+00 6.146063634099102493e-13
2.378510492099097880e-10 3.600000000000000000e+01 3.021249043610074181e-01 2.220461730118515717e-11
7.333036952227344429e-11 9.400000000000000000e+01 1.544266481215557762e+00 7.803849281773471136e-13
2.507488100801927416e-11 8.200000000000000000e+01 1.051714372164019640e+00 3.521824784981236720e-13
1.225327344747505453e-10 3.200000000000000000e+01 1.487150137601987776e+00 3.842582786928318802e-12
6.717946482663745514e-10 4.300000000000000000e+01 6.337922070156826182e-01 2.638130155813192573e-11
1.490344918189441320e-10 7.800000000000000000e+01 4.587834925057500679e-01 4.314475075925049644e-12
6.256978992990337568e-11 2.300000000000000000e+01 1.464726960666926203e+00 2.735801078503386896e-12
1.506619750908470326e-11 6.200000000000000000e+01 1.567431579284828125e+00 2.430045612203061367e-13
1.996034541840311148e-11 9.000000000000000000e+01 7.868366903133077184e-01 3.131963517242402473e-13
9.774999776265565538e-11 9.700000000000000000e+01 3.631182483076376977e-02 2.775826970211841202e-11
5.386571054943444536e-11 2.000000000000000000e+01 1.267239882709615850e+00 2.822323724474814793e-12
5.031705771632203087e-10 1.800000000000000000e+01 9.761993221764894146e-01 3.374551875912860960e-11
3.726064654517187197e-11 5.100000000000000000e+01 5.828234678971498939e-01 1.327439769292414108e-12
2.100425267858431114e-11 6.600000000000000000e+01 2.536127886455143421e-01 1.268404483362328367e-12
7.105924019317994262e-10 2.700000000000000000e+01 1.004197836041441638e+00 3.119266256706590406e-11
1.104640354190069001e-10 7.500000000000000000e+01 7.042101522923601697e-01 2.274916355103165255e-12
3.004913048667157011e-10 4.000000000000000000e+01 1.148617510560781207e+00 8.235360999711777166e-12
2.332618668542529824e-11 9.800000000000000000e+01 9.872029567624999169e-01 2.852315585379073856e-13
4.761733864145408000e-11 2.200000000000000000e+01 1.528968193055223024e+00 2.166319295706802568e-12
2.899140488503876956e-11 6.400000000000000000e+01 4.277435791290705724e-01 1.092020838468321641e-12
2.264925369588171027e-10 3.000000000000000000e+01 1.064081951723027109e+00 8.634763082914631326e-12
4.210199874670906902e-11 9.800000000000000000e+01 8.142004878615477503e-01 5.907945776419053856e-13
1.805084631450556105e-11 8.000000000000000000e+00 6.092961555686122743e-01 3.942676193526384507e-12
9.897973249088195033e-11 6.000000000000000000e+01 6.692515116969033340e-01 2.659033714975866636e-12
1.437465480655207102e-10 7.300000000000000000e+01 1.068492403783070976e+00 2.246646259977796043e-12
1.288311000208722106e-11 1.000000000000000000e+00 1.461864459252766535e+00 1.295992622330947864e-11
8.292175505044034427e-11 3.200000000000000000e+01 1.271527749144822250e+00 2.711839653869492022e-12
1.686518561321952742e-11 4.200000000000000000e+01 4.825606958473173114e-01 8.653225259949983487e-13
1.696281610696430805e-10 5.000000000000000000e+01 1.874202263334778518e-01 1.820778030753657096e-11
5.574488301278872358e-11 4.500000000000000000e+01 1.156920775378035282e+00 1.353011112919991811e-12
1.231031150422712188e-10 1.800000000000000000e+01 2.350970848063894114e-01 2.936008525830750903e-11
6.236743415488373561e-10 7.500000000000000000e+01 6.486546063486822167e-01 1.376502896249855947e-11
2.210231232344140703e-10 8.300000000000000000e+01 1.223138446745580143e+00 2.832381387360318444e-12
5.020029257786499521e-11 1.500000000000000000e+01 1.326759594759532535e+00 3.448874525153976977e-12
1.704674634576493155e-11 4.000000000000000000e+00 1.497817200735052756e+00 4.273060596587431964e-12
4.552395425775021711e-10 2.000000000000000000e+00 1.443379426172004543e+00 2.294800644733714798e-10
3.897171185720759304e-11 9.500000000000000000e+01 2.164126080273751085e-01 1.910462928957650884e-12
2.951489619990838248e-11 5.600000000000000000e+01 4.139230055390629576e-02 1.273672259062296038e-11
2.103861423099733386e-10 4.900000000000000000e+01 1.114650862939142728e+00 4.782579805108303845e-12
2.445507781094288814e-10 2.000000000000000000e+01 1.491050059512443182e+00 1.226652251277443530e-11
2.122067080473467030e-10 8.800000000000000000e+01 8.422832565549522865e-01 3.231777590813452494e-12
1.925517932034368882e-11 5.200000000000000000e+01 4.975639708576133358e-01 7.758276506874190914e-13
4.653148074300040734e-11 6.000000000000000000e+00 4.151207675282683751e-01 1.922945265764867107e-11
1.115975064802097357e-11 6.100000000000000000e+01 6.886976599708870550e-01 2.878638198253049892e-13
5.272978267147347039e-11 5.200000000000000000e+01 1.340666862784027913e+00 1.041491249300426691e-12
1.012109516553172369e-10 4.400000000000000000e+01 2.067538252601736626e-01 1.120520588934002583e-11
2.606046324125944345e-11 7.000000000000000000e+01 1.431821075567836443e+00 3.759167434856695138e-13
6.767286829089080480e-11 9.900000000000000000e+01 1.068034091251675699e+00 7.800975529687865366e-13
5.030152604580529855e-10 2.800000000000000000e+01 1.514424942735419721e+00 1.799341229020423909e-11
4.481350205798022053e-11 3.500000000000000000e+01 1.027413095064243276e+00 1.495840096562398199e-12
1.331603662595106499e-10 8.400000000000000000e+01 1.545926495077118989e+00 1.585732824833749384e-12
2.573736302285106611e-10 5.500000000000000000e+01 1.119272751450380632e+00 5.200719178573052302e-12
1.391313024750531642e-11 6.400000000000000000e+01 3.889723773512962501e-01 5.732358028047038828e-13
8.727024084023977407e-11 9.000000000000000000e+00 2.239138070294580812e-02 4.330909237334791925e-10
1.472696361639803063e-11 8.600000000000000000e+01 1.142009492737378062e+00 1.882894539588380289e-13
1.650234677422545030e-10 6.300000000000000000e+01 4.101593924540798408e-01 6.568987988030198450e-12
7.673229384949223448e-11 9.100000000000000000e+01 2.571514706833759045e-01 3.315467648199940749e-12
5.882493924444091647e-11 5.900000000000000000e+01 2.768626300627125003e-01 3.647604177773889513e-12
2.891306813360047325e-10 8.900000000000000000e+01 1.044875181786413698e+00 3.756275306235417046e-12
6.399421475985871510e-11 4.000000000000000000e+00 6.979134442052418175e-01 2.489580736430875199e-11
1.321311945297809980e-10 5.200000000000000000e+01 1.317819544127926568e+00 2.624518574182879844e-12
6.682493804338265273e-11 3.800000000000000000e+01 9.497103576004682635e-02 1.854457322198470761e-11
2.348817074027098349e-10 9.900000000000000000e+01 4.198582633649423634e-01 5.820318669805699578e-12
9.070111335764144820e-11 5.500000000000000000e+01 4.287360510724145812e-01 3.966864405324368982e-12
8.051224861088907098e-11 4.600000000000000000e+01 1.051303674731719706e+00 2.016270504809363928e-12
9.709570080116964939e-10 6.700000000000000000e+01 4.445331726358989211e-01 3.369922471957348977e-11
3.441235141502379155e-10 2.000000000000000000e+00 6.681563468208024936e-01 2.777250900639749010e-10
5.831425735828296188e-10 1.100000000000000000e+01 1.441496233420963113e+00 5.345921833409217131e-11
6.597693819426102143e-10 3.300000000000000000e+01 8.097910076801536627e-01 2.760920143397980078e-11
5.584232959180169520e-10 9.000000000000000000e+01 5.930786664893291649e-01 1.110130492620817522e-11
2.886894217223723979e-11 4.100000000000000000e+01 8.446638132669083143e-01 9.416549486921539032e-13
4.228553457629368761e-10 5.100000000000000000e+01 4.462064813250277151e-01 1.921294770163092504e-11
5.662422698023354533e-10 9.000000000000000000e+00 1.092510263001684523e+00 7.086828693027534009e-11
3.060514514745434715e-10 6.500000000000000000e+01 5.052431976554415671e-01 9.727865124141922335e-12
4.942988544066024518e-10 3.000000000000000000e+01 1.492517090528444834e+00 1.652723910471363626e-11
8.840912012393045233e-11 4.600000000000000000e+01 1.171280989373106207e+00 2.086228691380581465e-12
6.012163129881625578e-11 9.300000000000000000e+01 1.285656631830389696e+00 6.736703686498676331e-13
1.302003504526878528e-11 7.200000000000000000e+01 7.515646573516933104e-01 2.648482484744326006e-13
1.150184034402420232e-10 6.900000000000000000e+01 2.194020707646165413e-01 7.658918031830984236e-12
3.409628680883671160e-11 6.600000000000000000e+01 6.311603702297453600e-01 8.754892210936139052e-13
1.643792667392989942e-11 8.600000000000000000e+01 1.237983473207811658e+00 2.022359520882324401e-13
7.958356998269103769e-10 3.700000000000000000e+01 1.151629213774086891e+00 2.354763295102066735e-11
6.735920781037880524e-11 3.100000000000000000e+01 7.058399127177915622e-01 3.349725834454774284e-12
3.505319227849591829e-10 6.000000000000000000e+00 6.081855710928026904e-01 1.022472893003362665e-10
1.995568977142092079e-11 8.300000000000000000e+01 1.459654088170093234e+00 2.419226462912617682e-13
1.863568414552397245e-10 7.100000000000000000e+01 1.615556218081581341e-01 1.631758036530523788e-11
2.757279774557845334e-10 2.800000000000000000e+01 1.116239266950263209e+00 1.096039449800359968e-11
4.894314288879534757e-10 9.600000000000000000e+01 1.194436782515685858e+00 5.481930987917530332e-12
6.769692327329713699e-11 8.900000000000000000e+01 3.366665916363105193e-01 2.302577541470506786e-12
7.545051969323765377e-10 1.900000000000000000e+01 3.379682986700641711e-01 1.197655968974427630e-10
3.003881945409931946e-10 7.100000000000000000e+01 4.994926901002675890e-01 8.832972673482329971e-12
5.933820324442480307e-11 8.100000000000000000e+01 5.275507531659435756e-01 1.455191387652589353e-12
6.105837757377422657e-10 4.500000000000000000e+01 9.534892118551584195e-02 1.425198054978754869e-10
4.005344097549578490e-11 5.600000000000000000e+01 3.966081192349629192e-01 1.851552856540639233e-12
1.413736039839024045e-10 3.200000000000000000e+01 1.539206432117052048e-01 2.881626507504877169e-11
2.076089440118482818e-10 7.400000000000000000e+01 8.724461281634480203e-01 3.663026115792127312e-12
2.849910256635766757e-10 4.300000000000000000e+01 1.323476140326612649e+00 6.835695227225920929e-12
9.343697384708639731e-11 1.300000000000000000e+01 4.987595562081449385e-01 1.502594585971024679e-11
7.542671271573180936e-10 7.500000000000000000e+01 1.186540650518096873e+00 1.084795253128776969e-11
3.097973220787199977e-11 5.000000000000000000e+00 4.673663443302017440e-01 1.375236990698111906e-11
2.800943498769016852e-11 6.200000000000000000e+01 9.709207393522867324e-01 5.473247815493714945e-13
3.481786407473636643e-11 1.900000000000000000e+01 7.929295114320344950e-01 2.572273896044897429e-12
4.239797256838563805e-11 1.700000000000000000e+01 8.861162969154746660e-01 3.219635095307475269e-12
4.306593612762419562e-10 2.000000000000000000e+01 1.120424132672154016e+00 2.391794211283460645e-11
2.967559945459115510e-11 8.700000000000000000e+01 8.141814866605766587e-01 4.690810627531560051e-13
2.890379260327151574e-11 6.000000000000000000e+01 6.938802111132515993e-01 7.532620173192104044e-13
1.968758238837069517e-10 3.700000000000000000e+01 3.357354691386110757e-01 1.615039462549260994e-11
5.637756722197538937e-10 9.900000000000000000e+01 1.333987777508795380e+00 5.858196395757350815e-12
2.546229709317293053e-10 3.600000000000000000e+01 4.506403499868470997e-01 1.623921356304132657e-11
1.008851313663734189e-11 9.800000000000000000e+01 7.526569898917926382e-01 1.505953145097730569e-13
1.825885797617624394e-10 6.700000000000000000e+01 3.933686371313303565e-01 7.109806743614009076e-12
1.949117943018310102e-10 4.000000000000000000e+01 1.392976294079383281e+00 4.950861862610412491e-12
1.531649596401823317e-11 5.400000000000000000e+01 3.631950258567933076e-01 7.983918894396052232e-13
4.487701459065837779e-11 1.800000000000000000e+01 9.404741109427707801e-01 3.086223481685580811e-12
5.699382354020583688e-10 5.200000000000000000e+01 6.448948959044544793e-01 1.823338424817895384e-11
9.433324524178609699e-10 9.700000000000000000e+01 1.129868005952458621e+00 1.075359513440685318e-11
5.162286460281214437e-10 6.000000000000000000e+00 1.345856007831102152e+00 8.826164620561859955e-11
8.475932325227613147e-11 8.100000000000000000e+01 1.521790782456157176e-01 6.902796565860240359e-12
1.040037140573020205e-10 9.200000000000000000e+01 2.909873201443485269e-01 3.940335754319480331e-12
1.131924326976946841e-10 9.800000000000000000e+01 5.872839688790172374e-01 2.084498139689757904e-12
8.309242679463155323e-10 1.100000000000000000e+01 2.926958063905845120e-01 2.618008938396202023e-10
1.839206350550013017e-11 8.000000000000000000e+01 1.566878356378369475e+00 2.299025583752072035e-13
1.727299867600540650e-10 8.600000000000000000e+01 1.455492643076079284e+00 2.021913945496455214e-12
7.480569389513427517e-11 8.300000000000000000e+01 1.118016681272665069e+00 1.002267311763906183e-12
1.199855482767191532e-11 1.700000000000000000e+01 9.769458619364007612e-01 8.515973944383309315e-13
1.679814406038008843e-11 7.600000000000000000e+01 6.857837698559140494e-01 3.490214232354399560e-13
1.722334928722242503e-10 3.500000000000000000e+01 4.149252196419198624e-01 1.220713105487566800e-11
5.221757123977978966e-11 2.800000000000000000e+01 5.060723597726505263e-01 3.847199464746469162e-12
2.918532610463659235e-10 9.900000000000000000e+01 1.194379692120144387e+00 3.169947706179645549e-12
3.910196124996024266e-10 1.700000000000000000e+01 1.533258119842052736e+00 2.301736885488114093e-11
6.325551908728063571e-11 6.000000000000000000e+01 1.538475162305931621e+00 1.054809560944036893e-12
5.891623033712882922e-11 9.400000000000000000e+01 1.890903616062887260e-01 3.334485568293498819e-12
1.296747653815714251e-11 7.200000000000000000e+01 1.337737117251109664e+00 1.851083545870156453e-13
1.191955101605204746e-11 7.000000000000000000e+01 1.243771142302716681e+00 1.798087837989030833e-13
6.305660097283372760e-10 5.100000000000000000e+01 8.189562175899053331e-01 1.692699211708624470e-11
4.379152802604657211e-10 8.800000000000000000e+01 3.361102990409631786e-01 1.508806938966460120e-11
4.641902096911914862e-10 7.000000000000000000e+01 5.858467522715326004e-01 1.199353800032947705e-11
2.933429360529379503e-11 6.700000000000000000e+01 4.284020191217632334e-01 1.053939717767386667e-12
2.145925478161499870e-11 8.600000000000000000e+01 1.312198688559083726e+00 2.581084407915547715e-13
3.904261100264820899e-10 2.900000000000000000e+01 1.338613691528921734e+00 1.383418924421703212e-11
3.399346592856871588e-10 6.900000000000000000e+01 1.199758703713180163e-01 4.116184519081880128e-11
8.799953305182033382e-11 4.800000000000000000e+01 7.035005274236060258e-01 2.834052973495419582e-12
7.948228123065194495e-11 7.700000000000000000e+01 6.101474456586329920e-01 1.801498224697150652e-12
2.492967288882856716e-11 9.600000000000000000e+01 5.765801762747212456e-01 4.763445693984538421e-13
3.738503534892780016e-10 3.200000000000000000e+01 1.474477386098423493e+00 1.173722657846412628e-11
1.188372237891615366e-10 3.900000000000000000e+01 1.533351843481061960e-01 1.995029117582579169e-11
9.508600538799535059e-10 3.200000000000000000e+01 5.421071740356557811e-01 5.759245364979028176e-11
2.941812951272990542e-10 3.200000000000000000e+01 4.775812172586804127e-01 2.000112676287185905e-11
4.842650694780005103e-11 6.200000000000000000e+01 3.781174593105908754e-01 2.115744462493846815e-12
1.073587848207044869e-10 5.400000000000000000e+01 4.002306122450768333e-01 5.102589301248343146e-12
7.984179303957610757e-11 9.400000000000000000e+01 9.432367012044804433e-01 1.049314113888593153e-12
3.291055293745580432e-10 8.200000000000000000e+01 8.386512784533559639e-01 5.396334845115581950e-12
3.691650934976322259e-11 8.600000000000000000e+01 2.352529076350898807e-01 1.841622116441966762e-12
1.326927572439809974e-10 7.000000000000000000e+00 9.626737032314766976e-03 1.969140832161644482e-09
4.892954858721502906e-10 5.600000000000000000e+01 8.213088601775516695e-01 1.193574346520743906e-11
1.808602297719736149e-11 1.800000000000000000e+01 1.479173156050281435e+00 1.009011319136257917e-12
1.857912632709245122e-11 4.600000000000000000e+01 1.429698723131831661e+00 4.079481426545245193e-13
5.296171686932541737e-10 4.800000000000000000e+01 9.502787769477518687e-01 1.356193996330227255e-11
2.193942782230358158e-10 9.000000000000000000e+00 6.130618686390242322e-01 4.236744100542532984e-11
1.504410366092449164e-10 3.900000000000000000e+01 1.025892289129357371e+00 4.510718035260814476e-12
4.236469328567292279e-11 9.300000000000000000e+01 2.390905004820473023e-01 1.923554065228390769e-12
5.412765759383883875e-11 3.000000000000000000e+01 3.586371642880952226e-01 5.140351306286820998e-12
2.771539294632438457e-10 1.300000000000000000e+01 1.371483566588238112e+00 2.175012283040353618e-11
4.542255452815779658e-10 9.000000000000000000e+00 1.214571882998638275e+00 5.385021155676246757e-11
5.753438933836889604e-10 7.300000000000000000e+01 1.513655914496847554e+00 7.894307252947780636e-12
1.473509591946214632e-10 1.400000000000000000e+01 1.536759598103761393e+00 1.053116809833271929e-11
4.027124377594001173e-11 8.700000000000000000e+01 1.346594558937906028e+00 4.747704683472177429e-13
1.236721384358791639e-11 7.200000000000000000e+01 1.215529127427752432e+00 1.832075123049903397e-13
1.365025662410095455e-11 2.700000000000000000e+01 1.012545300114625624e+00 5.960566910998268088e-13
2.248403290041630886e-11 3.700000000000000000e+01 1.075735992817446585e+00 6.905885991601058157e-13
1.161609359462651455e-10 3.800000000000000000e+01 1.526692884250315574e+00 3.059842123423951161e-12
5.612303772417949628e-10 4.600000000000000000e+01 1.290853498337711791e+00 1.269485539935940845e-11
1.139673840064168767e-10 6.800000000000000000e+01 7.245693467227529716e-01 2.528602858683067542e-12
3.435300858377262533e-10 5.100000000000000000e+01 8.471400142339409189e-01 8.988491838482477364e-12
6.896187599661733800e-10 2.300000000000000000e+01 5.996996522094897794e-03 4.999770127783479337e-09
2.646809436844580479e-11 1.000000000000000000e+00 1.205329243407552653e+00 2.833973751848148593e-11
5.739680411526723732e-11 1.600000000000000000e+01 1.497618095625960599e+00 3.596926827983895214e-12
7.565560996102392358e-10 1.800000000000000000e+01 9.707937834085768325e-02 4.336346932839584067e-10
3.198139605470114018e-10 8.000000000000000000e+00 4.360254565348746780e-01 9.465533041564341210e-11
7.289334294350483461e-11 9.700000000000000000e+01 1.250883159575187920e+00 7.916435979142842858e-13
5.165719269436368569e-11 9.000000000000000000e+01 3.962940146140946363e-01 1.486957204359491392e-12
2.729665949287996800e-11 6.300000000000000000e+01 1.177929204182784906e+00 4.690118795582515777e-13
2.816088731010045167e-11 3.000000000000000000e+00 9.499122292542437618e-02 9.896803062063985170e-11
2.296814472986593218e-11 3.200000000000000000e+01 1.091483501045472426e+00 8.089088095448149218e-13
7.564171211228542823e-11 3.600000000000000000e+01 2.023573228460638640e-01 1.045461227232430268e-11
5.239907924183404521e-11 8.000000000000000000e+00 4.319803336115660697e-01 1.564450352576465562e-11
9.352915994808483178e-11 1.000000000000000000e+01 9.987069199253229002e-01 1.112420506403063299e-11
6.133392819053595367e-10 4.000000000000000000e+00 1.170365010239466041e+00 1.665066728798778015e-10
1.025939331902636967e-11 3.700000000000000000e+01 1.075659004548965569e+00 3.151264999438873673e-13
4.920824205631566034e-10 7.600000000000000000e+01 3.354803944239388436e-01 1.966682827376039910e-11
1.874469032335900004e-10 6.000000000000000000e+01 3.452243036478903626e-01 9.231806907746487717e-12
8.276810305790600250e-11 4.000000000000000000e+00 1.400987940846662783e+00 2.099397866343569214e-11
4.604883827198666597e-11 2.800000000000000000e+01 1.437399050750328255e+00 1.659343355620294213e-12
4.687597668771294737e-11 4.200000000000000000e+01 1.427983468628526653e+00 1.127573876313356044e-12
3.367999986866442437e-11 4.200000000000000000e+01 7.694298253417064526e-01 1.152616115609825466e-12
2.074674285247953663e-11 4.200000000000000000e+01 6.300642950431295519e-01 8.383788647571487581e-13
1.743390891763568710e-10 5.000000000000000000e+00 2.128287577333371761e-01 1.650737671704632755e-10
5.502585441545068124e-11 1.000000000000000000e+01 7.914208893256198252e-01 7.735383440028746132e-12
5.738739345476960462e-10 5.600000000000000000e+01 2.465075883700576509e-01 4.199576649085905252e-11
8.708768117266030977e-10 6.900000000000000000e+01 2.948813574119752423e-01 4.342828484483666348e-11
2.565775459080421499e-10 5.500000000000000000e+01 8.976951630590666031e-01 5.966355416555548415e-12
3.986893215660327243e-11 6.400000000000000000e+01 7.392145888691448175e-01 9.246622278942582042e-13
8.867103927164113838e-11 3.900000000000000000e+01 1.553345814726080354e+00 2.273962616764732434e-12
2.106540021690573520e-10 1.900000000000000000e+01 1.914573573549296359e-01 5.826403353592884162e-11
3.146683822324244854e-10 3.600000000000000000e+01 5.271903135927213935e-02 1.658763136677227676e-10
5.331483286521563097e-10 4.200000000000000000e+01 9.831046193582447801e-01 1.525313801113752593e-11
7.021720624918363496e-10 4.300000000000000000e+01 3.593180647057171440e-01 4.643889159143018586e-11
1.882384422390008678e-10 7.600000000000000000e+01 5.234786221377351056e-01 4.954674379269319088e-12
3.204448175616716521e-11 3.900000000000000000e+01 1.502589990865089931e+00 8.235682986187621827e-13
4.520150309763095870e-10 6.000000000000000000e+00 6.851871199154803138e-01 1.190482085688943368e-10
3.399883091916358857e-10 2.900000000000000000e+01 1.960538691284109403e-01 6.018334373318852224e-11
4.110284158257077245e-11 6.500000000000000000e+01 3.633423806375031262e-01 1.779264848688615611e-12
2.520081888948734081e-11 7.600000000000000000e+01 1.150456953881713540e+00 3.632066803814838606e-13
1.773078072621678644e-11 8.600000000000000000e+01 1.199969253240253719e+00 2.212078191351834140e-13
3.536553463596816906e-11 8.300000000000000000e+01 1.041648945530671666e+00 4.935960712335761543e-13
2.197034950615458655e-11 2.400000000000000000e+01 1.327688912470624150e+00 9.431653402594513432e-13
4.219407349014627655e-11 3.600000000000000000e+01 6.765756496261615682e-01 1.871917728017950556e-12
4.981296407301206502e-10 5.800000000000000000e+01 1.270147708661962138e+00 8.991771513834268813e-12
3.502238185663284055e-11 8.800000000000000000e+01 1.482129559115785256e+00 3.995511781675024346e-13
7.453948858264315939e-10 9.000000000000000000e+00 3.424719920018675090e-01 2.466276700236590374e-10
7.275152472444949321e-10 6.600000000000000000e+01 1.834955515412492813e-02 6.007544491575792987e-10
2.151483365822867585e-10 4.100000000000000000e+01 1.000616538427212099e+00 6.233661001914171959e-12
2.263885180872480290e-10 7.700000000000000000e+01 1.798365675984228418e-01 1.643724879956416485e-11
6.350192476127529409e-11 7.800000000000000000e+01 2.596167763477555054e-02 3.136233004597748020e-11
2.463794195403589281e-10 4.500000000000000000e+01 2.244758033083747994e-01 2.459664260575583772e-11
1.841483822712302886e-10 6.200000000000000000e+01 6.271556291799340599e-01 5.061200174517216098e-12
3.445750238106042137e-10 7.700000000000000000e+01 1.261982452451917203e+00 4.697202715477308346e-12
3.052977164287749334e-10 6.000000000000000000e+01 4.200393896207763045e-01 1.247753790153604427e-11
8.437276624362939825e-11 4.000000000000000000e+01 2.434205228765447260e-01 8.751500541054115118e-12
1.536169334810914192e-11 4.000000000000000000e+01 2.965155640446908714e-01 1.314359990177753338e-12
1.603417356194784418e-10 2.000000000000000000e+00 1.781327392113474795e-01 4.524515274827641460e-10
1.382306296982976289e-11 8.500000000000000000e+01 1.051834781459125123e+00 1.872829340930953056e-13
2.521222193924663032e-11 4.900000000000000000e+01 9.916071824246273092e-01 6.148058261098902823e-13
9.495500961324105719e-11 5.600000000000000000e+01 7.584594515225963063e-01 2.465273847621267521e-12
5.302532555717801484e-10 3.000000000000000000e+00 1.507167898209884838e+00 1.771094849355842432e-10
2.002205461200013141e-11 7.500000000000000000e+01 1.495197174547134855e+00 2.677254202770834452e-13
5.075997915209200144e-10 1.900000000000000000e+01 7.156545021627830350e-01 4.071835207125077363e-11
2.179817066340010549e-10 4.000000000000000000e+00 9.950402871267103322e-01 6.496979906444075914e-11
4.898850972641395601e-10 5.500000000000000000e+01 7.797571094200835828e-01 1.266806511895140189e-11
1.983820278831810871e-11 1.800000000000000000e+01 3.992336986140997968e-01 2.835315587754026799e-12
6.545338872279259879e-11 5.000000000000000000e+00 5.635168616699083310e-01 2.450691622908500943e-11
5.047431122499434206e-10 9.700000000000000000e+01 1.070429722047987697e+00 5.930587244471806265e-12
1.571963977451314415e-11 1.500000000000000000e+01 9.185463501379579343e-01 1.318673009832581224e-12
4.346838769808918441e-10 6.300000000000000000e+01 1.139190985225737793e-02 6.056836305082131098e-10
8.975949307993298954e-11 4.400000000000000000e+01 6.192794320352120740e-01 3.514503501656629934e-12
5.285910727602958275e-11 7.100000000000000000e+01 4.039635900474927155e-01 1.894069959420974665e-12
4.195313611480898752e-11 4.000000000000000000e+00 2.064936784224267463e-01 5.115504106854343074e-11
8.186381156146859335e-10 9.900000000000000000e+01 1.320442505784930609e-01 6.280584195072542408e-11
2.505306335202653373e-10 5.400000000000000000e+01 1.343580629599225640e+00 4.761848156888297773e-12
1.827421433772180729e-10 4.000000000000000000e+01 6.710024205908913242e-01 7.347641961925189752e-12
7.539358566989367229e-11 6.800000000000000000e+01 1.514275500672906283e+00 1.110502536664093818e-12
4.059389843164626983e-11 6.400000000000000000e+01 1.199956964823578609e+00 6.805404253614362144e-13
1.128892809322831459e-10 4.300000000000000000e+01 4.739411588776550888e-01 5.752304640107223093e-12
2.813063219595239253e-11 8.200000000000000000e+01 3.253622822480334853e-01 1.073218382068920741e-12
8.286226308712873401e-10 8.800000000000000000e+01 1.393212484283241848e+00 9.566616765674125092e-12
6.555055757790958586e-10 7.700000000000000000e+01 1.501726769643549231e+00 8.533406084379170990e-12
2.205699209933167622e-10 4.700000000000000000e+01 6.869167717178782384e-01 7.400348366637226562e-12
9.268212481777365127e-10 5.900000000000000000e+01 4.918060942200520869e-03 3.194124315548744193e-09
2.489675721885301795e-11 7.700000000000000000e+01 3.577528150619019853e-01 9.233638326322969635e-13
2.849047316642727389e-11 8.500000000000000000e+01 1.083116232256180922e+00 3.794131535055931493e-13
1.989835416225429495e-11 5.000000000000000000e+00 3.204959964310050147e-01 1.263237824923170323e-11
5.825073484387268589e-10 1.900000000000000000e+01 1.375754603528088538e+00 3.125080984799156924e-11
2.463471057543242086e-10 4.700000000000000000e+01 2.459915589204647590e-01 2.152376610182278603e-11
3.060254079645803466e-11 1.400000000000000000e+01 6.885660793941257296e-01 3.440022707860977727e-12
8.160247916704232398e-11 2.000000000000000000e+00 1.464453685957965323e+00 4.103303734405020930e-11
4.493275899829300608e-11 5.500000000000000000e+01 4.186189543992458462e-01 2.009744574472575114e-12
2.772112818117918231e-10 9.000000000000000000e+01 9.011783536697385300e-01 3.928436474937684537e-12
1.516607951699228629e-11 5.400000000000000000e+01 1.247549422496485372e+00 2.961934657300269511e-13
4.376020298294296081e-11 3.800000000000000000e+01 5.393442332141461931e-02 2.136191914347473629e-11
7.300668156807991340e-11 9.200000000000000000e+01 6.796093797563799166e-01 1.262632413711019702e-12
5.295695677429402953e-11 8.600000000000000000e+01 2.799272586705862653e-01 2.228774342528596626e-12
4.271078076279134683e-11 3.200000000000000000e+01 8.998382102056226017e-01 1.704120314947571484e-12
2.068622942841153340e-10 2.300000000000000000e+01 8.546166038772059492e-01 1.192335018338559696e-11
5.352197433955028273e-11 8.900000000000000000e+01 8.612009107718753276e-01 7.927105932019507392e-13
3.339099305275513786e-10 7.800000000000000000e+01 9.729598629638954721e-01 5.179201573598061829e-12
2.236913535670039508e-11 7.000000000000000000e+01 5.368953599766604912e-01 6.247847885160418665e-13
3.544886558765994077e-11 5.800000000000000000e+01 3.586275916933213126e-01 1.741326709468349464e-12
3.047472696825844797e-10 6.100000000000000000e+01 1.422169097832146845e+00 5.051548737181866555e-12
4.391214720286022008e-10 2.500000000000000000e+01 7.851872725477959669e-01 2.484570193454150226e-11
4.296660637105289496e-10 4.700000000000000000e+01 4.909422318647068129e-01 1.939059202110261781e-11
1.841554501754266912e-10 3.200000000000000000e+01 4.994854274097485121e-03 1.152162091522950024e-09
1.474863835479266014e-11 8.900000000000000000e+01 1.520922304943802983e+00 1.659213528073769956e-13
1.523367809018216977e-11 9.300000000000000000e+01 2.342180493003573616e-01 7.057965213963188929e-13
1.503343596929622107e-10 2.700000000000000000e+01 6.734875994113450615e-01 8.927044504448013564e-12
1.587342997498030209e-10 2.500000000000000000e+01 1.514424855405798631e+00 6.359473700352778272e-12
1.552677248725339968e-10 8.500000000000000000e+01 8.159793378891658788e-01 2.507807213000656721e-12
2.508018156260873544e-11 1.800000000000000000e+01 5.165225713903901505e-01 2.821336460962670039e-12
2.092288077714865359e-11 7.700000000000000000e+01 1.378712647243663048e+00 2.768167773879467170e-13
1.107951542609447568e-11 1.000000000000000000e+00 4.075552071483810046e-01 2.795274141947915376e-11
3.007761760888451013e-11 3.900000000000000000e+01 5.232008070368027175e-01 1.543505992272002793e-12
1.100550864174108332e-10 5.800000000000000000e+01 4.009632892506094226e-01 4.861581323341181297e-12
1.382951330019528231e-10 4.500000000000000000e+01 9.243558823893313070e-01 3.850035501450536580e-12
6.724965536051457406e-11 7.800000000000000000e+01 1.335439358316877989e+00 8.866180996900541788e-13
5.186014692787912728e-11 3.300000000000000000e+01 6.745070381330504627e-01 2.516394628870363736e-12
2.401894944608867086e-11 3.000000000000000000e+01 1.534312294397274234e+00 8.011647981304817823e-13
9.968865461014380030e-10 1.500000000000000000e+01 2.378522346030237933e-01 2.820654739098579406e-10
5.690856632649484124e-10 7.000000000000000000e+01 2.734636820474902960e-02 2.973268147648843789e-10
1.422615180806039353e-10 7.000000000000000000e+01 9.505948414321063744e-02 2.141155517271908878e-11
4.198131118187501315e-11 1.800000000000000000e+01 7.655707063671696178e-01 3.365754865496683762e-12
1.526042119213918147e-11 6.100000000000000000e+01 1.034274015556687187e+00 2.910684286845389563e-13
6.358791576055359424e-11 5.000000000000000000e+00 6.031785420020376876e-01 2.241920165376225469e-11
9.238250183463663302e-10 2.700000000000000000e+01 1.355347441422470656e+00 3.502551280951093749e-11
1.121996396723670685e-10 9.000000000000000000e+00 3.984917789772395857e-01 3.212810150837165835e-11
2.486506498379189375e-10 6.500000000000000000e+01 4.432308540482452486e-01 8.919907252065238692e-12
1.716037389224253226e-10 7.700000000000000000e+01 1.425390860271770865e+00 2.252388910806464863e-12
1.093066100514989366e-10 8.500000000000000000e+01 1.459753315243858873e+00 1.293929355017866366e-12
6.680766206864356460e-11 8.500000000000000000e+01 1.565105451049074947e+00 7.859852223758088223e-13
1.365044702602400412e-11 1.500000000000000000e+01 3.594433740343324635e-01 2.587125612818887815e-12
1.019883440725970075e-11 6.200000000000000000e+01 3.139265266276793365e-01 5.327061290242196888e-13
5.711317434755525070e-11 4.900000000000000000e+01 9.467221030160251072e-01 1.436313749780871565e-12
1.017784277380596948e-10 3.300000000000000000e+01 3.678219273398034006e-01 8.577121465986968306e-12
1.307705993593723083e-10 4.700000000000000000e+01 4.672089056911551408e-01 6.177569792902648360e-12
4.586971482712366828e-11 8.000000000000000000e+00 1.131206301472416298e+00 6.336112580286050874e-12
1.220220419334680911e-10 3.200000000000000000e+01 1.039647011719107422e-01 3.674388212933723587e-11
2.431583346701223932e-11 6.400000000000000000e+01 1.559545354928646432e+00 3.799589460999043783e-13
2.990087129246384794e-10 9.600000000000000000e+01 1.088811313388625024e+00 3.515129855384730613e-12
1.952464956731477536e-11 4.600000000000000000e+01 1.516734856581180901e+00 4.250699160795993371e-13
3.212807314171955113e-11 4.200000000000000000e+01 1.248411575907893284e-01 6.143364612810094204e-12
2.655757906874974030e-10 4.000000000000000000e+01 1.375761618855715129e+00 6.767704049130712992e-12
3.192543361399417745e-11 8.500000000000000000e+01 7.862612147351178971e-01 5.307113571688245330e-13
6.931002002460511565e-10 6.100000000000000000e+01 4.944087004256012552e-01 2.394526690168671501e-11
3.193722923379056547e-11 9.000000000000000000e+00 6.750947273120524450e-01 5.677990663836671061e-12
1.554958872027262550e-11 9.300000000000000000e+01 8.801275075487305921e-01 2.169116706082849353e-13
3.267695256065873146e-10 9.000000000000000000e+01 1.513231622824833533e-01 2.408531662324599045e-11
1.159744775120818689e-11 6.000000000000000000e+01 6.844922803841417824e-01 3.057045528083650691e-13
2.656959821344969420e-11 2.200000000000000000e+01 9.649498952247822503e-01 1.469195937140145856e-12
2.362519234176784819e-10 2.400000000000000000e+01 1.659286613465039625e-02 5.932839922193251003e-10
2.001999256918327126e-10 8.200000000000000000e+01 1.224122401478397570e+00 2.595897600646346434e-12
2.555649447379255869e-11 6.000000000000000000e+00 3.277458280458303008e-01 1.323171128837948879e-11
3.114979734364565219e-10 1.300000000000000000e+01 1.363459782761861083e+00 2.448580312832826209e-11
3.734868474875146782e-10 2.400000000000000000e+01 4.980856200432268177e-01 3.257378701902893998e-11
7.323078502819773037e-11 1.500000000000000000e+01 1.498891178291592796e+00 4.894700542573698930e-12
7.789586526870268921e-11 1.300000000000000000e+01 4.292480305536870988e-01 1.439734346866342867e-11
4.533851355151999453e-10 5.000000000000000000e+01 8.137403131452168870e-01 1.247515300140963080e-11
1.118247292160739201e-11 1.400000000000000000e+01 5.098094395634429343e-01 1.636742172986867960e-12
2.131414052828515963e-10 8.000000000000000000e+00 1.092522610711125663e+00 3.001008433488474791e-11
3.115519057636644318e-11 6.800000000000000000e+01 1.084751735120084826e+00 5.181758204906379491e-13
5.548676816973602164e-10 3.800000000000000000e+01 1.471841362263866415e+00 1.467356488989202975e-11
1.278770040162976467e-11 3.100000000000000000e+01 2.630361313213117613e-01 1.586481259211074796e-12
4.644567373385212760e-10 8.600000000000000000e+01 2.061896689686090189e-01 2.637919669116368696e-11
5.166710964114349810e-10 1.800000000000000000e+01 6.695767662913928442e-01 4.624789485915907358e-11
8.505249487940792359e-10 1.100000000000000000e+01 1.456483404235609402e+00 7.782840556450874453e-11
1.056237248132618258e-11 6.100000000000000000e+01 1.795597223979389645e-01 9.695248909681068730e-13
6.789105613016604574e-11 6.400000000000000000e+01 5.125786019009165306e-01 2.163012512731920285e-12
1.159907428213000468e-11 9.000000000000000000e+00 1.541758938390096256e+00 1.289329555108307251e-12
6.170044431697765471e-11 5.200000000000000000e+01 1.363922241192754514e+00 1.212398044375680592e-12
8.137208635619935355e-11 8.200000000000000000e+01 5.710598144801857234e-01 1.835889819044017332e-12
2.030157010189667413e-10 7.900000000000000000e+01 7.544793644231730934e-01 3.752056777522141366e-12
4.173319203698380918e-11 5.500000000000000000e+01 5.215085096949440002e-01 1.523088202584083856e-12
1.098708569267206525e-11 7.500000000000000000e+01 3.045090908340651326e-01 4.886001207243045543e-13
5.169989524951984341e-11 8.900000000000000000e+01 8.120355614642192910e-01 8.004772676809548627e-13
6.070998690673992430e-11 2.100000000000000000e+01 7.513575389876652189e-01 4.235011222449006137e-12
1.670899712834103575e-11 6.400000000000000000e+01 1.170763970027016487e+00 2.834575056612919736e-13
8.505996994820958561e-11 2.100000000000000000e+01 6.082184211814551933e-01 7.088607303751584449e-12
1.874350733306193025e-10 7.600000000000000000e+01 1.342609562316274596e+00 2.531881976255933447e-12
3.721680689458677846e-11 8.900000000000000000e+01 1.715696815485326931e-01 2.449296217242913388e-12
4.231690769664427830e-10 4.200000000000000000e+01 2.713525521272612262e-01 3.759010534388798891e-11
1.001529352894050402e-10 5.700000000000000000e+01 4.467752247006087640e-01 4.066728971154558293e-12
4.284878386711464745e-10 8.000000000000000000e+01 8.279627447789753569e-01 7.271824062235960889e-12
3.384918936424265783e-10 6.200000000000000000e+01 8.933048123193225720e-01 7.007076386708711677e-12
3.241657817107563803e-11 5.000000000000000000e+01 1.507699967580747646e+00 6.496242604573040835e-13
1.102441268472358028e-10 3.200000000000000000e+01 5.084070521804824327e-01 7.077291031843173739e-12
1.781930447684121508e-10 2.400000000000000000e+01 1.524345647726039754e-01 4.889666687200742504e-11
1.033965199549678680e-10 5.000000000000000000e+00 1.523841287728715965e+00 2.070212156544641405e-11
1.950075418239159272e-11 4.200000000000000000e+01 1.204154868650366028e+00 4.973599086987578988e-13
3.896657529087505993e-11 4.600000000000000000e+01 9.249018214640524205e-01 1.060781518108713809e-12
1.022849165200017175e-10 3.400000000000000000e+01 1.115280473522741733e+00 3.349961351289652090e-12
5.458917215281585625e-10 2.200000000000000000e+01 1.074148254180824269e+00 2.822303673859849525e-11
1.464580064150472589e-10 3.000000000000000000e+00 1.491015426556366041e-01 3.286397365667372308e-10
3.319299519308153334e-11 6.200000000000000000e+01 2.896489656957735859e-01 1.874444033079227876e-12
4.960947120672349678e-10 3.000000000000000000e+00 3.815327988320539321e-01 4.441192308258238248e-10
1.640243536907912911e-10 9.700000000000000000e+01 1.533141491232196119e+00 1.692172230921121716e-12
8.794873683530747139e-10 8.200000000000000000e+01 1.327733985299374364e+00 1.105027301930128786e-11
1.955535822995472246e-10 5.100000000000000000e+01 9.584374421390610133e-01 4.685824463347538698e-12
4.298530975970418587e-11 6.400000000000000000e+01 5.665356235529588336e-01 1.251407219948123888e-12
7.900750884724923208e-11 8.700000000000000000e+01 1.315879246913537637e+00 9.384593419501848870e-13
8.402356698338997609e-11 5.000000000000000000e+00 2.134728464246076762e-01 7.932169906467108276e-11
7.312391733854885064e-10 5.900000000000000000e+01 3.868329033643105874e-01 3.285260846469046274e-11
8.503405813264388415e-11 3.700000000000000000e+01 1.448777923694639203e+00 2.315433064150492410e-12
1.145739622205187364e-10 9.300000000000000000e+01 1.190583777615238592e+00 1.326725134666732487e-12
1.902999448240692936e-11 7.500000000000000000e+01 1.194523284139702213e+00 2.728195555998141161e-13
4.823700809177799521e-10 8.700000000000000000e+01 5.059359992804774997e-01 1.144073825161822314e-11
2.816191029448758810e-11 8.400000000000000000e+01 4.098340631283106661e-01 8.413974919320469426e-13
2.197118296264671488e-11 3.200000000000000000e+01 5.407290460809777155e-01 1.333821421359178953e-12
5.881178402800860447e-11 7.000000000000000000e+00 7.173999184261254936e-01 1.277963123850211563e-11
1.985140365121847535e-10 3.100000000000000000e+01 9.281132046869812191e-01 7.999693191424219988e-12
2.902478450601186429e-11 2.300000000000000000e+01 1.444002872726734887e+00 1.272159446420299148e-12
2.515744802109064716e-11 4.400000000000000000e+01 1.296818182671151676e-01 4.421328479150405009e-12
1.738631496082655927e-10 9.700000000000000000e+01 1.487718463553803661e+00 1.798606965957853270e-12
6.533189966197095376e-10 9.100000000000000000e+01 5.964063149026835875e-01 1.278204882773528532e-11
4.179119736673895609e-11 1.600000000000000000e+01 1.837517887987481224e-01 1.429486257678824474e-11
2.917626480322338579e-11 1.900000000000000000e+01 8.752395688735288282e-01 2.000258953937843390e-12
4.770455530344072835e-10 2.700000000000000000e+01 1.292227229349196316e+00 1.837678069075921154e-11
6.451394997374668097e-11 4.900000000000000000e+01 1.081191701204255118e+00 1.491878847062302429e-12
8.136109274427278669e-10 1.300000000000000000e+01 7.538807494344026416e-01 9.143595856994447936e-11
7.018783438426409708e-10 3.000000000000000000e+00 1.405535836642135106e+00 2.371910489102217085e-10
1.893616140368279425e-11 6.700000000000000000e+01 1.744242606534271711e-01 1.628600787675197094e-12
4.524828705785672661e-11 1.900000000000000000e+01 1.360302076438671293e+00 2.435239984439290394e-12
1.924581237852752638e-10 9.800000000000000000e+01 1.274547898585447037e+00 2.053303533719080778e-12
5.076295233941359474e-11 8.900000000000000000e+01 4.138487619927631866e-02 1.378602883194500934e-11
1.435279398294372649e-10 3.100000000000000000e+01 4.464597845489255701e-02 1.037377200314611013e-10
5.255552407169372611e-11 9.500000000000000000e+01 2.161733229729578820e-01 2.579172845144375724e-12
5.535671035710300956e-10 3.600000000000000000e+01 6.918085302782972512e-01 2.410427600813082279e-11
9.415976958034101607e-11 8.000000000000000000e+01 3.045694119334993455e-01 3.924861856192979024e-12
3.194895819485624758e-10 6.900000000000000000e+01 5.207199949553074081e-01 9.307012667816555020e-12
2.849715226139055193e-10 5.000000000000000000e+01 1.158450420397742153e+00 6.220841478852401468e-12
4.378445907331758629e-10 6.100000000000000000e+01 6.171098839970287075e-01 1.240370075334506607e-11
1.802445984265119475e-10 2.600000000000000000e+01 1.167287966869094751e+00 7.537856532015701635e-12
3.863956127882908502e-11 3.100000000000000000e+01 1.367100742243470668e+00 1.272750706243608543e-12
2.398567517191665971e-11 4.800000000000000000e+01 1.126643740064320554e+00 5.533946137405418737e-13
5.942990634093408606e-10 4.900000000000000000e+01 9.496048375758056603e-02 1.279142567424650155e-10
3.570133682168659954e-10 8.700000000000000000e+01 1.552507155249504223e+00 4.104288343887178419e-12
1.800910843093450254e-10 3.300000000000000000e+01 1.532040529740841261e+00 5.461406620384835357e-12
1.190570747864501144e-10 9.100000000000000000e+01 1.462633328932323173e-01 8.976931888198162326e-12
2.252575304461344755e-10 9.200000000000000000e+01 1.535668914714380939e+00 2.449962809997197239e-12
7.861983710632954273e-11 1.200000000000000000e+01 1.245197409199176430e+00 6.914970359072866095e-12
5.470879641663377578e-10 3.800000000000000000e+01 1.179243107795971079e+00 1.557587387596387520e-11
7.115330247212832816e-11 4.800000000000000000e+01 7.232560640598578727e-01 2.239793427692712051e-12
1.287424871913325954e-11 4.200000000000000000e+01 1.498411309057384511e+00 3.073345335090997278e-13
7.215904588345798261e-10 1.900000000000000000e+01 1.902841750198156628e-02 1.996000832518749155e-09
6.110215938992768046e-11 1.700000000000000000e+01 8.984251503539131267e-01 4.594182231788243349e-12
3.391894035924258160e-10 9.000000000000000000e+00 4.963696532634563341e-01 7.913655271301973361e-11
6.112615904057946116e-10 7.500000000000000000e+01 1.373753840154595895e+00 8.310973048022671013e-12
5.686712818923897632e-10 8.700000000000000000e+01 1.961462037811679826e-01 3.353903090966009392e-11
1.762521661987877172e-11 5.200000000000000000e+01 1.121169414209272519e+00 3.763523938624587236e-13
1.262938867632926637e-10 3.100000000000000000e+01 6.252542922141562931e-01 6.960485486323072824e-12
3.735862053207614089e-10 4.700000000000000000e+01 2.906997063410101112e-01 2.773208196430740926e-11
5.050741415477212355e-10 3.000000000000000000e+01 6.359933866466689345e-01 2.834420456752951595e-11
3.657577008817152111e-10 9.400000000000000000e+01 1.158344195520302072e-01 3.366662893861529927e-11
8.648510539369122453e-11 8.800000000000000000e+01 6.593158942246818421e-01 1.604347631824791945e-12
4.379431551902853850e-11 4.800000000000000000e+01 1.291332073379117373e+00 9.492076434108618098e-13
9.984374324677339651e-10 9.000000000000000000e+00 1.944422990264630113e-01 5.741530490439218672e-10
4.999430694572553763e-11 7.800000000000000000e+01 1.200910367611033536e+00 6.874455745896010178e-13
8.342181606628769134e-10 5.000000000000000000e+01 1.879641506888553026e-01 8.928837846402548905e-11
1.520679869516028830e-10 7.500000000000000000e+01 2.249612928218298613e-01 9.089458949906123608e-12
1.748835375159425472e-10 6.300000000000000000e+01 1.288320457860988588e+00 2.890484041204196700e-12
2.508397349409684030e-10 3.300000000000000000e+01 1.459356814326780549e+00 7.648648341627280248e-12
1.947792768352030178e-10 9.600000000000000000e+01 1.172274021897638852e+00 2.201467885067212039e-12
4.019590314618926298e-10 1.300000000000000000e+01 8.188381995086647658e-01 4.233560601925570736e-11
2.543672680576232328e-10 1.200000000000000000e+01 8.045687578532342288e-01 2.941893189257034858e-11
7.764086531880937645e-10 8.000000000000000000e+00 1.093261544038298672e+00 1.092756856920934430e-10
1.212260218211766011e-10 1.600000000000000000e+01 8.172831527412298680e-01 1.038904972611183483e-11
3.284571818089902553e-10 4.300000000000000000e+01 4.587224354069693866e-02 1.665760838227715352e-10
4.613510361568205893e-10 2.800000000000000000e+01 9.363377279107693019e-01 2.045812210552870202e-11
2.232696006521071607e-10 5.500000000000000000e+01 1.034347511656064533e+00 4.722873801080801763e-12
1.087724175832151896e-10 1.700000000000000000e+01 4.509657867854728885e-01 1.468073452144843984e-11
2.546991160762640914e-11 2.800000000000000000e+01 1.534988325605472770e-01 5.949372171556438796e-12
1.979119879740958459e-11 6.100000000000000000e+01 1.104331216696222029e+00 3.632546998963294691e-13
2.410068798321913541e-10 1.700000000000000000e+01 9.298814301847103669e-01 1.768684683861699281e-11
2.056078024330758760e-10 4.100000000000000000e+01 9.658727494650624079e-01 6.096713281335464009e-12
8.608354250344854560e-10 9.000000000000000000e+00 1.522854896425194671e+00 9.575840412010610500e-11
3.638852444993417851e-10 9.000000000000000000e+00 4.453433339427603777e-01 9.385961150544256228e-11
2.843787257276438613e-10 4.800000000000000000e+01 2.098597109357937529e-01 2.843932537817274485e-11
1.349888256112365874e-10 8.000000000000000000e+00 1.239213732355475495e+00 1.784568760171913364e-11
5.666403492890231959e-10 6.000000000000000000e+01 1.253186108270715859e+00 9.941221459165635313e-12
1.154474398379738955e-11 1.100000000000000000e+01 9.673997891832896157e-01 1.274599920150775432e-12
4.982922885247830729e-11 4.300000000000000000e+01 6.536469168194873613e-02 1.774115109381633420e-11
3.563840861157748300e-11 6.100000000000000000e+01 1.152619002283250094e+00 6.393265692128792459e-13
1.506539488489384829e-10 8.000000000000000000e+01 1.328034046903857172e-02 1.418058310514731780e-10
8.678172376019368077e-11 6.000000000000000000e+01 6.233893148844399379e-01 2.477536954724968971e-12
1.333834131897199141e-11 5.200000000000000000e+01 1.070009614434686895e+00 2.924134365767726094e-13
7.582728394039281644e-11 5.500000000000000000e+01 1.480549484942600635e+00 1.384311321377023782e-12
7.572208699830524344e-11 5.800000000000000000e+01 5.458978998329385920e-03 2.391582215056631648e-10
5.632748628562806060e-10 8.200000000000000000e+01 7.711505335954111917e-01 9.855943200996078470e-12
3.204439320027072350e-11 4.400000000000000000e+01 4.335067491870435163e-01 1.733773833074960343e-12
8.137082422291797270e-11 3.400000000000000000e+01 1.241797549762392761e+00 2.528893425489216040e-12
2.106677106469130811e-10 6.300000000000000000e+01 9.712004455945071335e-01 4.050483073462053219e-12
1.632235140382032386e-10 7.900000000000000000e+01 1.511857611714638727e+00 2.069714248182436709e-12
4.912207177149231608e-10 9.800000000000000000e+01 1.178974222426140361e+00 5.423475583199874228e-12
3.884920363316824878e-11 2.200000000000000000e+01 1.369517879003544714e+00 1.802257242593375989e-12
3.783210551402028619e-10 6.800000000000000000e+01 3.552564622142583284e-01 1.599497380193716958e-11
1.658768560299724704e-10 4.300000000000000000e+01 1.541404548873123725e-02 2.502752484063120321e-10
4.809580248555113635e-11 1.100000000000000000e+01 1.394358589974177720e+00 4.441295913282896694e-12
1.226473110588582333e-10 1.000000000000000000e+00 1.549204569580302060e+00 1.226759059456888059e-10
2.983684614521887602e-10 7.300000000000000000e+01 4.834787460729303432e-01 8.792370965146140456e-12
5.428119498613303164e-10 8.500000000000000000e+01 1.281429485189807371e+00 6.663040608713473916e-12
2.186943098655970992e-10 4.600000000000000000e+01 1.171307080282384172e+00 5.160568472721905839e-12
1.243364351176563584e-10 7.700000000000000000e+01 1.532027246758853156e+00 1.615973182959470769e-12
1.836724006993756891e-10 2.800000000000000000e+01 2.720133896814691185e-02 2.411843627193738648e-10
2.694951748420826325e-11 5.800000000000000000e+01 6.427982615386602649e-01 7.751380181944505103e-13
9.073069600941860887e-11 7.500000000000000000e+01 4.549632725181423226e-03 2.658998780748810692e-10
2.396137037599425891e-11 6.000000000000000000e+01 9.977440255837399796e-02 4.009240114815498712e-12
1.994349114475447014e-10 6.200000000000000000e+01 7.465167875630313032e-01 4.736796383791343505e-12
4.299205258318259162e-11 8.000000000000000000e+01 1.218439965787071699e+00 5.725786806121183538e-13
5.258609479266415246e-11 7.600000000000000000e+01 8.909887562922834403e-02 7.776064816999868024e-12
8.308446514175772652e-11 9.400000000000000000e+01 1.220049150859842335e+00 9.411798516091055483e-13
9.108122011107959872e-10 6.100000000000000000e+01 7.374435166952779674e-01 2.220612105511993951e-11
3.403197971510543595e-11 8.600000000000000000e+01 1.279367787036504778e+00 4.131410323152168630e-13
2.939167819441426855e-10 7.000000000000000000e+00 4.792265589614985166e-01 9.106213231992835773e-11
1.304594569455746833e-11 4.700000000000000000e+01 7.728380636949075955e-01 3.975727244173708615e-13
1.284767121548885459e-11 4.200000000000000000e+01 1.668235143974467760e-01 1.842188803230997324e-12
6.709352973512824399e-11 5.500000000000000000e+01 6.334819109839842088e-01 2.060769919698115050e-12
1.132460208450574846e-10 9.400000000000000000e+01 6.910234046866755575e-01 1.890311437962068292e-12
1.042925330403823155e-10 1.400000000000000000e+01 1.097932611733666963e+00 8.367670389319783463e-12
3.752558534475744357e-11 7.700000000000000000e+01 5.771337463002786938e-01 8.931885476020361449e-13
2.109860215449791419e-10 6.600000000000000000e+01 1.940783944116227233e-01 1.657533729333675238e-11
3.122503382957636065e-11 2.500000000000000000e+01 6.551165691222866627e-01 2.050058105371973799e-12
1.766068293062748110e-10 3.600000000000000000e+01 9.458338424054535398e-01 6.049119083351794499e-12
8.927306113360333866e-10 6.800000000000000000e+01 9.316827895843617924e-01 1.635682174752594274e-11
3.625862906755729877e-10 6.800000000000000000e+01 6.277697524798140361e-01 9.078456267070476145e-12
1.466702917427061262e-10 9.100000000000000000e+01 2.818051508353181522e-01 5.795825714962020599e-12
9.256016974981302120e-10 7.700000000000000000e+01 3.999269288427362845e-01 3.087394172473685216e-11
3.866744713357196883e-11 4.800000000000000000e+01 8.793015791401824766e-01 1.045798277171136518e-12
1.281055090120807173e-11 8.100000000000000000e+01 5.784206428034058267e-02 2.735780193076965173e-12
3.251229218811362569e-11 3.500000000000000000e+01 1.287207960813275154e+00 9.675697018235294694e-13
3.285819164547254412e-10 4.500000000000000000e+01 1.081003622414000498e+00 8.274670024314410590e-12
9.242972545304449042e-10 1.400000000000000000e+01 1.184667307304559047e+00 7.126845603363639846e-11
1.190499778588368161e-11 9.100000000000000000e+01 1.225405903595469664e-01 1.070275074840862591e-12
8.278189378554160521e-11 6.000000000000000000e+01 1.618151483560408832e-01 8.563708179969763952e-12
2.234591868276292078e-10 1.400000000000000000e+01 1.364345357892108757e+00 1.630767065159123468e-11
5.999810440813278685e-10 1.300000000000000000e+01 1.648656635663041103e-01 2.812115482787691650e-10
1.035612553623524576e-11 2.500000000000000000e+01 9.239174660338089762e-01 5.191243406544981925e-13
2.866278861697117198e-10 2.200000000000000000e+01 1.354126663836584754e+00 1.334045595881033379e-11
1.464340885318094728e-10 9.000000000000000000e+01 8.709612106835289136e-02 1.870467118195908017e-11
7.746624256309312248e-10 3.800000000000000000e+01 1.559993912041609088e+00 2.038704279858601142e-11
2.923355636723617665e-10 4.000000000000000000e+01 6.997033437143602985e-02 1.045351008463178597e-10
1.618791543388208017e-11 5.000000000000000000e+00 1.216554897388587797e+00 3.451912724627797339e-12
2.123497121537151645e-10 3.000000000000000000e+00 1.319979028821265832e+00 7.306959258146169677e-11
5.758507221613328128e-10 6.500000000000000000e+01 1.237705928191412896e+00 9.374497986453220444e-12
1.858677587519294446e-11 1.200000000000000000e+01 1.332717727110296790e+00 1.593856040763808291e-12
1.243536159164871562e-11 4.100000000000000000e+01 1.032082152902078498e+00 3.533462653745847202e-13
1.418250931556151210e-11 2.800000000000000000e+01 1.411342828870799426e+00 5.130263374668916640e-13
1.285925218934612961e-10 3.600000000000000000e+01 4.029524780892858593e-01 9.109120330916246208e-12
6.341428380631124239e-10 7.300000000000000000e+01 7.894417303432988975e-01 1.223573923065721390e-11
6.915982541480623393e-10 2.500000000000000000e+01 1.594527353655038893e-01 1.742303477773545116e-10
3.372340342949700447e-10 6.100000000000000000e+01 5.691248194288366369e-01 1.025881946743186427e-11
5.327488681285288500e-11 3.000000000000000000e+00 5.510153858614979389e-02 3.224462596383184257e-10
5.129783581418502089e-11 5.000000000000000000e+01 1.142790228489683590e+00 1.127678824937875854e-12
6.812226274198411797e-11 5.000000000000000000e+00 7.670875039339666857e-02 1.777870612015529127e-10
5.957528214974593418e-11 3.200000000000000000e+01 1.287966342082131233e+00 1.938755266546897744e-12
3.983316779255883784e-11 2.100000000000000000e+01 1.161750689146558102e+00 2.067374182915565822e-12
8.026453907176078774e-10 7.600000000000000000e+01 9.835901085362711571e-01 1.268615948634413813e-11
9.150061462222759033e-10 9.500000000000000000e+01 1.024039787982328864e+00 1.127542795667785269e-11
1.017197112843081997e-10 7.100000000000000000e+01 1.459295325207211613e+00 1.441624186465904140e-12
1.629127663958576381e-10 6.800000000000000000e+01 3.181440908641345877e-01 7.659024455312842091e-12
2.402277466849659425e-11 5.300000000000000000e+01 7.631279273616486947e-01 6.557718975146827654e-13
3.416840336288528402e-11 8.200000000000000000e+01 7.893944222368586283e-01 5.869447129500072713e-13
1.582409293361798116e-11 2.000000000000000000e+00 3.240197645237515855e-01 2.485097565920965073e-11
4.852787555862024682e-10 8.800000000000000000e+01 1.059558674793368016e-01 5.214305972143006458e-11
1.689575825731699552e-10 7.900000000000000000e+01 9.138346965600208094e-01 2.700889864700661247e-12
3.413037977911173357e-10 4.700000000000000000e+01 4.439999098022228696e-01 1.690536342587017556e-11
2.567893068590978153e-11 9.000000000000000000e+00 1.046320573496141826e+00 3.296278593159664019e-12
1.609682585972609051e-10 6.400000000000000000e+01 4.128626719265756639e-01 6.268498276304816439e-12
1.146522698314604103e-11 3.300000000000000000e+01 8.287636978206784910e-01 4.713509573934811226e-13
1.122569814472460825e-11 7.300000000000000000e+01 1.200430734660614118e-01 1.284094395206534344e-12
1.333814481069922367e-10 5.000000000000000000e+00 1.479204639778555652e+00 2.678857627089353456e-11
4.825956644241787842e-10 4.400000000000000000e+01 1.340487546655543705e+00 1.126553909880221376e-11
7.001347987376974877e-10 1.000000000000000000e+01 7.369809435237454354e-01 1.041781431241722596e-10
1.007268867790302834e-10 8.800000000000000000e+01 1.060113125748651797e+00 1.312023806457936034e-12
7.682800702715203400e-10 5.300000000000000000e+01 2.371838846722884031e-01 6.169332001771850549e-11
1.235450714685841755e-10 7.800000000000000000e+01 1.242611345881283191e-01 1.277949604454722375e-11
8.653957336332288770e-11 2.500000000000000000e+01 1.699170934074771266e-01 2.047054934694330619e-11
1.181401776467494736e-10 3.200000000000000000e+01 1.287082954211019592e+00 3.845618362983915390e-12
4.491655196353562812e-11 4.400000000000000000e+01 5.189632461301847410e-01 2.058208809247888220e-12
1.022234170361346339e-11 1.200000000000000000e+01 1.362710559010251454e-01 6.270620052582012597e-12
1.943080813381217944e-11 6.000000000000000000e+00 8.601969962949669313e-01 4.272548287187233464e-12
6.734729785567963654e-10 4.000000000000000000e+00 1.151148048493659370e+00 1.843651875485343019e-10
8.317045749205819166e-10 5.300000000000000000e+01 6.159269634951166639e-01 2.716309678935711681e-11
3.202806313024528528e-11 3.400000000000000000e+01 1.070751838184279547e+00 1.073431485317432307e-12
2.943018413351905711e-10 7.000000000000000000e+00 1.020711509001851258e+00 4.931858932358383751e-11
2.263415804165366183e-10 1.600000000000000000e+01 1.257394027264247427e+00 1.487069811527756885e-11
1.988733174285819751e-10 6.000000000000000000e+01 1.304552891592501540e+00 3.435605099305496389e-12
2.263696173329227106e-11 9.500000000000000000e+01 1.435013528050978815e+00 2.404974252674059876e-13
4.128926794679623200e-11 3.500000000000000000e+01 1.426516182395506371e+00 1.192079477203389235e-12
2.350346287961553662e-10 6.900000000000000000e+01 1.383840160437864064e+00 3.466707948066705542e-12
6.060112860236222512e-10 6.100000000000000000e+01 5.868027094552165090e-01 1.794218110916278670e-11
4.802970224594662971e-10 7.800000000000000000e+01 8.225853446055518825e-01 8.401683678599550654e-12
1.088078179379323775e-10 6.300000000000000000e+01 1.296695411363111949e+00 1.794083227854358773e-12
1.287794091258142082e-11 8.000000000000000000e+00 9.647717741054749885e-01 1.958517485182823739e-12
8.482794200384049020e-11 1.700000000000000000e+01 2.857979834811254505e-01 1.769942921674190718e-11
4.430508795579193462e-10 3.400000000000000000e+01 1.215962779776215585e+00 1.389660659525896843e-11
8.241676887997129871e-11 1.000000000000000000e+01 9.233835353962836778e-02 8.938214908183563948e-11
2.253190666708857801e-11 1.800000000000000000e+01 9.181931676752703997e-02 1.365217334433552239e-11
1.978552331395179530e-10 5.000000000000000000e+00 7.628669568639269150e-01 5.726662299789875638e-11
1.919995030090471717e-10 6.800000000000000000e+01 6.777580429954536134e-01 4.502879173364874988e-12
1.859866343351887104e-10 4.500000000000000000e+01 1.134138307508108845e+00 4.560993974820856639e-12
5.003300395510305615e-11 9.200000000000000000e+01 8.190942201099951081e-01 7.444441643539571061e-13
4.037408342503009209e-10 1.600000000000000000e+01 1.469053608030467473e+00 2.536497271269280039e-11
4.625838294261753687e-10 5.300000000000000000e+01 1.072786581677418472e+00 9.934717182574295652e-12
4.735296994217448396e-10 2.500000000000000000e+01 2.559679321402567598e-01 7.481256075736186674e-11
2.430312817343635058e-11 5.400000000000000000e+01 6.470788074902982245e-01 7.465401397379816226e-13
6.412913561462062901e-10 8.100000000000000000e+01 8.312983300148383270e-01 1.071616492679541800e-11
4.255814053154929110e-11 6.100000000000000000e+01 5.003091980502238911e-01 1.454406917126891195e-12
2.648459899973364724e-10 3.400000000000000000e+01 4.058663758803907062e-01 1.972972127035787613e-11
1.143166576737638395e-10 1.500000000000000000e+01 4.052914548330719957e-01 1.932885904813693880e-11
1.702073839861281439e-11 9.600000000000000000e+01 1.442880448927547965e+00 1.787598416974010128e-13
4.984665623782072464e-10 4.000000000000000000e+01 7.593844148292712148e-01 1.810038411597045970e-11
4.221480735606068128e-11 9.700000000000000000e+01 8.920033267576451541e-01 5.591504651069054012e-13
7.675900054150796501e-11 2.000000000000000000e+00 8.667818062351565489e-01 5.035029195985572920e-11
1.276662386933639826e-10 5.500000000000000000e+01 7.347456206730651473e-01 3.462425096090538254e-12
1.426292409932898277e-11 2.200000000000000000e+01 8.120273605303970355e-01 8.933849122092626597e-13
7.067115188851556262e-10 7.900000000000000000e+01 8.376000201151377611e-02 1.069267420528273138e-10
1.406456974639968263e-11 1.300000000000000000e+01 9.263145900271672062e-01 1.353358482061883156e-12
4.086891173847238229e-11 1.600000000000000000e+01 9.360507134895289932e-03 2.728852452367628104e-10
7.336491256282863526e-10 5.100000000000000000e+01 1.058545610754761279e+00 1.650362350354300107e-11
5.891035642977656617e-10 8.700000000000000000e+01 1.076632814220801704e+00 7.691468302090643230e-12
2.755528588978733576e-10 4.000000000000000000e+00 6.458818657855525114e-01 1.144507101328052294e-10
1.494447757469381995e-11 2.500000000000000000e+01 6.879855462530751753e-01 9.414107257580598767e-13
1.228875780143407327e-11 9.300000000000000000e+01 9.319266033978980124e-01 1.646014934805672254e-13
3.098003911028983006e-10 2.600000000000000000e+01 4.835252961281637507e-01 2.562984974173387604e-11
1.566461514293185037e-10 4.100000000000000000e+01 7.442486407444571794e-01 5.639989614954039962e-12
2.206794475922873019e-11 2.100000000000000000e+01 7.210830016537024267e-01 1.591725102573284895e-12
1.140166331340883804e-10 7.200000000000000000e+01 4.767656410435939796e-01 3.450723622487439025e-12
1.826852940207167922e-10 4.200000000000000000e+01 8.232842648006047925e-01 5.930943253450155823e-12
9.184382207301579266e-10 5.000000000000000000e+00 9.692801898317118248e-01 2.227924970747467551e-10
3.820571827220889300e-11 2.900000000000000000e+01 1.352907048429097703e+00 1.349342555345591137e-12
4.374023678050238038e-11 7.500000000000000000e+01 1.000193553119959944e+00 6.929896664386104556e-13
7.291710515447400961e-11 3.700000000000000000e+01 6.777922217339779065e-01 3.142739302377778326e-12
1.019413662005720140e-10 1.200000000000000000e+01 5.685784471076958946e-01 1.577742648353732882e-11
7.555492390490642418e-11 4.200000000000000000e+01 6.909306188555032202e-01 2.822932371899625814e-12
5.904873153813726834e-10 5.900000000000000000e+01 1.066197822046052457e-01 9.404677536502936989e-11
9.953147976850361081e-11 6.500000000000000000e+01 1.255819953444413883e+00 1.610483359705936505e-12
2.040411413356371738e-10 5.300000000000000000e+01 6.661898414543461211e-01 6.229553383741289058e-12
2.897356852713096151e-11 7.100000000000000000e+01 8.998945890423808436e-01 5.209990432013028418e-13
2.163070045403747892e-10 1.700000000000000000e+01 6.057356774882460826e-01 2.234752106917267767e-11
2.842540828220630448e-10 4.300000000000000000e+01 6.381261756738102475e-01 1.109728961185181477e-11
6.073731257367268678e-10 7.100000000000000000e+01 1.022443502156344941e+00 1.002426555011437702e-11
3.669194794167824231e-10 3.400000000000000000e+01 1.431442850259304178e+00 1.089738860176997817e-11
9.248636108913546567e-11 5.100000000000000000e+01 2.159167690155943120e-01 8.464491529803524741e-12
3.308613542787355436e-11 3.100000000000000000e+01 5.219150831136212254e-01 2.140835606350118421e-12
6.738467366760359813e-11 5.000000000000000000e+00 1.063032806084635684e+00 1.542276089756492661e-11
3.243636488769705176e-10 3.900000000000000000e+01 3.055292328162466653e-01 2.764984571111417734e-11
5.264203566322424877e-11 1.500000000000000000e+01 7.899920057378051474e-01 4.940495073930055798e-12
5.418889443144885761e-10 8.900000000000000000e+01 8.885096592399711890e-02 6.861668037987984076e-11
2.489825247964147790e-11 3.700000000000000000e+01 8.151193699992826946e-01 9.245930751868636135e-13
5.864588533394559114e-11 4.500000000000000000e+01 5.685491424714554931e-01 2.420538046186702413e-12
7.896018078544376696e-10 7.000000000000000000e+01 1.383171977939626762e+00 1.148152514065425523e-11
1.262454337766708290e-11 5.100000000000000000e+01 3.297405707028649990e-01 7.644901525872054697e-13
2.464052415078066091e-10 5.100000000000000000e+01 1.187839746341163183e+00 5.208778833174036521e-12
6.084122203614953869e-11 9.000000000000000000e+01 6.868991609369576867e-01 1.066027674294590757e-12
1.026418452157470496e-10 9.800000000000000000e+01 1.485404029642111379e+00 1.051196018098639422e-12
6.990132160254949927e-11 8.400000000000000000e+01 4.497890043100570279e-01 1.913995902443015112e-12
6.053750898250596534e-10 8.300000000000000000e+01 7.983637536216426911e-01 1.018363798731875623e-11
1.817761692959484178e-11 1.500000000000000000e+01 7.866485554529629720e-01 1.711663248070026937e-12
1.121672538082256166e-11 1.900000000000000000e+01 5.482207120535227407e-01 1.132748462016858179e-12
1.241783822343478295e-11 3.000000000000000000e+00 1.222391768787681077e+00 4.403870132070084318e-12
3.349734200135279358e-11 8.000000000000000000e+00 1.474390259091958866e+00 4.206701428834276027e-12
1.421440624289260171e-11 5.900000000000000000e+01 2.013532014876265042e-01 1.204638549526381519e-12
2.463775072200768193e-11 1.000000000000000000e+00 1.513614774974688881e+00 2.467808506592949879e-11
5.278088772345156319e-10 9.500000000000000000e+01 7.855322923382224154e-01 7.856151307375629184e-12
3.166907472558502387e-11 2.600000000000000000e+01 3.201555777166274486e-01 3.870308977502849118e-12
5.167103309338031870e-11 4.300000000000000000e+01 6.448750403206680026e-01 1.999092952878417485e-12
6.333687088941353352e-11 1.400000000000000000e+01 1.522542776625244176e+00 4.529334245801721216e-12
1.247900564943683927e-10 7.700000000000000000e+01 4.743159257743421731e-01 3.548376702818445459e-12
8.585897895735885232e-10 8.500000000000000000e+01 6.390347008301952014e-01 1.693612067087434210e-11
6.785937526100964962e-11 3.100000000000000000e+01 9.873449456920951883e-01 2.622933951379146634e-12
3.688070934010289349e-10 8.300000000000000000e+01 3.130616533283626657e-01 1.442808346474706242e-11
3.459028564206603320e-10 8.600000000000000000e+01 1.034943600394103047e+00 4.677796281595361026e-12
6.576758536658045003e-10 9.500000000000000000e+01 1.130105042092736989e+00 7.654209885417113873e-12
4.459412803895435478e-11 5.500000000000000000e+01 1.040110350747698170e-01 7.809422251759953723e-12
4.162795151763238813e-10 9.400000000000000000e+01 1.556467113447913275e-01 2.856749662865764693e-11
9.809207931609276226e-11 9.600000000000000000e+01 1.282855040737644226e+00 1.065665362227037255e-12
4.027077893125693953e-11 3.500000000000000000e+01 6.894842013582651585e-01 1.808713440571822688e-12
1.918170107891341906e-10 3.500000000000000000e+01 4.630169409909175027e-01 1.227021860401307663e-11
1.321184175837666316e-11 3.000000000000000000e+00 9.765777945277231975e-01 5.315013579802413163e-12
3.770657735244360554e-10 2.300000000000000000e+01 9.251275112804614453e-01 2.052612424545136876e-11
3.523085530103850921e-11 6.100000000000000000e+01 6.948222264514672397e-02 8.318962215433468402e-12
6.657345934534746224e-11 2.300000000000000000e+01 9.035584712930825324e-01 3.684752668396383672e-12
8.718457754261651222e-11 9.800000000000000000e+01 1.026577178207982999e-01 8.681305998822206693e-12
2.799406929961283529e-10 6.600000000000000000e+01 8.709426347540747404e-01 5.544938725571236542e-12
2.529480308883143422e-11 1.300000000000000000e+01 6.558794954820927892e-01 3.190511401577545614e-12
5.957803344282122572e-11 2.800000000000000000e+01 1.175979320679937823e+00 2.305127348285381392e-12
1.897480243223460168e-11 9.800000000000000000e+01 3.815808832444728682e-01 5.199425675475043320e-13
1.908010806451717127e-11 4.200000000000000000e+01 1.257619423174387574e+00 4.775147860782167690e-13
1.205421588777194285e-11 3.000000000000000000e+00 7.663225600642132873e-01 5.793983004216636810e-12
5.447124835208562874e-10 8.000000000000000000e+00 1.215672787518438325e+00 7.262031070870759336e-11
1.352058465120163048e-11 6.800000000000000000e+01 7.723955443421345879e-02 2.576788150700631785e-12
1.430927981528119860e-11 5.000000000000000000e+00 7.781425016675169726e-01 4.076963640672253913e-12
2.018787926698846637e-11 5.900000000000000000e+01 4.590531499909285551e-01 7.722135999964103234e-13
3.587636352377204072e-11 1.000000000000000000e+01 1.332958069595671757e+00 3.691555269309832011e-12
7.589446337957275326e-10 1.100000000000000000e+01 1.398124466016828604e+00 7.003646370649213547e-11
4.825734038534681156e-11 8.000000000000000000e+01 2.910342750848874394e-01 2.102216882761976219e-12
2.690677311890774581e-10 8.600000000000000000e+01 1.341630387206257158e+00 3.212686367838180231e-12
1.255645195579318837e-10 4.600000000000000000e+01 8.040524154891712794e-01 3.790285708380963210e-12
3.436918853005484762e-10 2.900000000000000000e+01 9.207170378632858476e-01 1.488807934271768055e-11
7.477921385569380343e-11 7.000000000000000000e+01 8.319725897268036574e-01 1.445056904975759907e-12
1.684866127173293279e-11 4.000000000000000000e+01 3.730946839266380821e-01 1.155604225842932243e-12
6.127537223753147920e-10 2.600000000000000000e+01 1.220149716195358391e-01 1.936322208262497466e-10
9.297434791451376122e-10 7.900000000000000000e+01 2.983761672448265179e-01 4.003457634839885294e-11
7.663722937177517886e-11 3.200000000000000000e+01 9.330722877102619606e-01 2.980776469959634040e-12
1.560855029168615462e-11 4.300000000000000000e+01 3.530539956817023706e-01 1.049815612767458790e-12
1.047183344982220523e-11 6.000000000000000000e+00 3.120533500052975473e-01 5.684785091315460286e-12
2.084668286151163281e-10 2.400000000000000000e+01 5.672555311643884268e-01 1.616564947616421550e-11
1.945077076852564560e-11 9.600000000000000000e+01 5.129334577160566955e-01 4.128747100972622930e-13
5.632169520207271617e-11 3.300000000000000000e+01 1.040728459679501894e+00 1.978177935911954567e-12
8.003394556020253596e-10 3.500000000000000000e+01 4.037025926433223111e-01 5.821112354672012152e-11
2.340096242381991597e-10 8.400000000000000000e+01 6.512311547146453217e-01 4.595818033445181416e-12
1.179232568288379826e-10 5.100000000000000000e+01 5.827144358799777324e-01 4.201803545045616825e-12
8.188531793661473894e-11 1.200000000000000000e+01 1.438763886643929402e+00 6.883689566026000214e-12
5.860855766102756266e-11 7.700000000000000000e+01 1.140006860437651481e-01 6.691198975193715176e-12
5.149626299702153758e-10 9.900000000000000000e+01 1.500573589642279604e+00 5.214494387372328264e-12
7.551955450557077650e-11 7.900000000000000000e+01 1.424684688423267120e+00 9.662393256421847227e-13
1.581052446025999179e-11 4.000000000000000000e+01 9.896205802057398415e-01 4.729058682624082194e-13
2.109157730237712222e-10 4.400000000000000000e+01 2.509593968128278063e-01 1.930284034629151704e-11
2.509636604706999396e-10 9.900000000000000000e+01 1.148171438674102429e+00 2.779543277249186441e-12
5.868224471142018929e-11 6.000000000000000000e+01 7.764682124964000787e-01 1.395672541886564537e-12
2.765529958628282723e-11 7.000000000000000000e+00 4.874784754163272726e-01 8.434587334095945779e-12
1.691243842137791269e-11 1.600000000000000000e+01 4.821159019316980099e-01 2.279771705649284782e-12
1.933777673954319524e-11 6.200000000000000000e+01 1.377462992140379372e+00 3.178208656684627752e-13
1.525519235701412014e-10 5.800000000000000000e+01 1.067109226678099931e+00 3.003172891540356903e-12
8.191152954354030485e-11 5.900000000000000000e+01 2.901295981398125876e-03 4.785216557816997907e-10
8.017220000236007192e-11 8.700000000000000000e+01 1.509759218466901753e+00 9.232387826418185367e-13
5.019496472038064129e-11 8.600000000000000000e+01 1.469346215961567115e+00 5.866788781274903659e-13
5.753823392684007289e-11 7.000000000000000000e+00 4.795175894282250328e-01 1.781668117230773132e-11
8.921803982869114977e-11 9.200000000000000000e+01 9.077154735958427034e-01 1.230506079267300714e-12
1.166119331268939743e-10 3.900000000000000000e+01 1.163805903439288691e+00 3.256012689048907323e-12
1.304768783201766371e-10 4.600000000000000000e+01 1.408486214707448170e+00 2.874231025728654181e-12
2.105686759985116576e-10 4.300000000000000000e+01 4.352118681594122629e-01 1.161507728016853654e-11
2.799755169472841891e-11 8.900000000000000000e+01 8.900693139905422324e-01 4.048037699012877443e-13
1.933982517060105799e-11 7.300000000000000000e+01 2.742497340231008218e-01 9.782306712645058184e-13
2.064460961413943154e-10 2.600000000000000000e+01 4.332103783876433134e-01 1.891492294290963966e-11
1.237326351034074491e-10 6.700000000000000000e+01 3.063128546671626262e-01 6.124308659509224510e-12
9.465065867099510545e-11 1.800000000000000000e+01 1.450702888471807339e-01 3.637450113067306232e-11
2.151013872928549062e-11 3.800000000000000000e+01 7.875618107166028059e-01 7.987980254412295287e-13
2.349149847256063240e-11 6.500000000000000000e+01 1.545472407459826059e+00 3.615235853122435035e-13
2.483035947611458069e-10 6.500000000000000000e+01 7.375757236501638836e-01 5.680416123306113767e-12
1.675258416107248869e-11 3.300000000000000000e+01 5.116426731353369145e-02 9.926373380949436143e-12
3.866305399152517937e-10 9.500000000000000000e+01 7.767590775251730362e-01 5.805933499378422723e-12
2.106825141822215883e-10 6.000000000000000000e+01 8.887102844694440007e-01 4.523456350108789706e-12
3.175907788697886814e-11 6.000000000000000000e+00 9.559793005685566225e-01 6.479759717256604858e-12
6.806211714839449724e-10 7.600000000000000000e+01 6.377407790123111875e-01 1.504167850064138175e-11
1.845323134202799605e-11 4.000000000000000000e+01 1.369320115912229907e+00 4.708551318054940810e-13
2.221446264145147481e-10 6.600000000000000000e+01 9.055461928145078776e-01 4.278073808680635234e-12
2.170481543658865194e-11 4.800000000000000000e+01 1.454411892085108571e+00 4.552635249366890137e-13
3.530786633435687381e-11 3.200000000000000000e+01 3.712572256935408599e-01 3.041371205669832244e-12
8.206128852141398984e-11 5.800000000000000000e+01 6.657553195565945048e-01 2.290685944214527838e-12
1.967034720288702683e-11 7.600000000000000000e+01 1.279748817521592530e+00 2.701832347869161692e-13
2.390576217787129884e-10 4.300000000000000000e+01 1.203319588753877900e+00 5.957201232057285672e-12
5.403205678449471072e-11 3.000000000000000000e+01 7.845423411888119425e-02 2.298049969617763908e-11
2.425427684963661136e-11 2.700000000000000000e+01 9.291610927123981067e-01 1.121315963992391955e-12
6.468356895653792914e-11 6.000000000000000000e+00 1.515208626485986310e+00 1.079727227576813150e-11
6.472734995780893510e-10 1.200000000000000000e+01 8.826708905342037781e-01 6.983015603477718590e-11
1.744644352337710692e-11 8.300000000000000000e+01 1.293576778226505963e+00 2.185420238902054152e-13
2.617382331019617915e-11 5.400000000000000000e+01 5.153905305108016366e-01 9.834151441138220313e-13
2.068670336959954464e-10 1.500000000000000000e+01 1.393639050118097744e+00 1.401041755100582152e-11
3.380103482103494949e-11 9.800000000000000000e+01 9.969642840851726806e-01 4.106900079523672290e-13
1.032155735651042459e-10 9.000000000000000000e+00 5.720309413708182245e-01 2.118517088666667329e-11
4.386122442338104852e-10 5.500000000000000000e+01 1.246482845318823474e+00 8.413358877473460030e-12
4.215390750619630543e-10 5.200000000000000000e+01 9.184020817481178822e-01 1.020159649529049572e-11
4.279223515980107027e-11 6.700000000000000000e+01 2.813908936155506413e-01 2.299993631887978045e-12
8.211583121528008281e-10 9.000000000000000000e+01 7.194434966502473161e-01 1.384590198930466671e-11
3.681184225037288477e-10 3.800000000000000000e+01 1.212530264558694837e+00 1.034411359398038504e-11
1.374891772257631977e-10 1.400000000000000000e+01 1.487952956426472184e+00 9.854451850584553087e-12
5.638306197177080487e-10 3.000000000000000000e+01 2.563631583949856907e-01 7.412067681785429421e-11
3.890022950550787396e-10 8.500000000000000000e+01 3.879361688570394096e-01 1.209821482381862287e-11
1.021939289840071458e-10 8.600000000000000000e+01 1.108952050693608138e+00 1.327366782533064958e-12
3.911980887154186746e-10 4.200000000000000000e+01 1.179435729811374900e+00 1.007608361240081878e-11
4.327051170123322708e-11 4.600000000000000000e+01 1.509514755718963208e+00 9.424323639507221261e-13
4.001235127286080792e-11 8.400000000000000000e+01 3.312211189384471899e-01 1.464761439617697411e-12
2.194762621885270519e-10 9.300000000000000000e+01 1.577271441282387388e-01 1.502451222689620476e-11
3.758709870888935828e-10 2.900000000000000000e+01 3.817597363013559564e-01 3.478976221314257055e-11
1.058674285067176021e-10 8.100000000000000000e+01 8.827141990834179719e-01 1.691992032636650464e-12
2.366801557640338217e-10 6.200000000000000000e+01 4.045057293132020004e-01 9.699611058258880929e-12
1.814032979413207048e-10 4.300000000000000000e+01 1.295396280558475333e+00 4.383881388740132448e-12
1.424240960734079563e-11 5.700000000000000000e+01 8.650928219170405109e-01 3.282730606285862838e-13
5.684549482043445003e-11 3.400000000000000000e+01 5.600145350041414449e-01 3.147460465735919110e-12
6.675542009551198421e-10 4.300000000000000000e+01 9.539964570009676903e-01 1.903135397137414906e-11
3.772516275077138488e-10 7.300000000000000000e+01 1.342818401862220679e+00 5.305097841923408149e-12
1.167091095745168205e-10 5.600000000000000000e+01 8.538965226793679975e-01 2.764610168752964367e-12
9.185674080184127469e-10 4.500000000000000000e+01 1.377826132266078307e+00 2.079865378173343537e-11
1.109763047682311337e-10 6.600000000000000000e+01 5.248313924752224802e-01 3.355756488114072374e-12
1.139680247377113826e-11 8.100000000000000000e+01 4.105241973035549108e-02 3.428319072840808537e-12
4.118349550499514842e-11 4.900000000000000000e+01 6.292968499411754069e-01 1.427986973154406298e-12
2.343601728540304572e-10 7.900000000000000000e+01 1.138892563986511286e+00 3.266550204361261075e-12
1.187929718677757453e-11 7.700000000000000000e+01 7.816857875319235260e-01 2.189945387008734927e-13
4.865752202099165143e-10 7.100000000000000000e+01 9.195676927699795167e-01 8.616661015736760503e-12
4.514643645978277495e-10 9.300000000000000000e+01 1.523800183136869713e+00 4.859821337478000298e-12
3.828428099857818507e-10 8.800000000000000000e+01 8.175074461147913141e-01 5.964120510405672119e-12
2.174848464986590152e-11 7.400000000000000000e+01 9.323636012148419638e-01 3.659865382683389693e-13
4.341947170767414788e-11 3.500000000000000000e+01 2.828972174241534687e-01 4.444226375035858627e-12
4.534955641836210512e-10 5.400000000000000000e+01 1.245677142025286344e+00 8.862340418018380982e-12
2.608399987161873076e-10 1.000000000000000000e+01 1.065114712396219243e+00 2.981558418764616465e-11
1.706811980984071820e-11 8.100000000000000000e+01 3.453682598165752071e-01 6.224243152450259772e-13
7.025062153997581971e-11 8.100000000000000000e+01 1.410691899943424588e+00 8.785274266946837774e-13
1.163623568848316559e-11 4.700000000000000000e+01 1.490464950226753738e+00 2.483804675873998360e-13
1.420700734918828903e-10 9.900000000000000000e+01 1.350587806757546749e+00 1.470562504174710047e-12
1.160108731094151363e-10 8.900000000000000000e+01 5.589580377041202253e-01 2.458014957369933663e-12
7.222665822145794221e-10 4.200000000000000000e+01 1.522497435243242991e-01 1.133889628359998223e-10
2.388018340126753966e-11 7.300000000000000000e+01 1.524789938674991907e+00 3.274723008241221365e-13
6.438900223075194746e-11 4.000000000000000000e+01 2.762578133044994444e-01 5.901676013169262293e-12
2.071340566616031925e-11 4.400000000000000000e+01 1.331046052554460291e+00 4.846206770870811886e-13
3.392601446979453313e-10 7.000000000000000000e+00 6.898256716471321548e-01 7.615576307756715784e-11
4.861541058742058246e-11 3.500000000000000000e+01 1.169686255312794909e+00 1.508765226779461703e-12
7.783173993142296665e-11 7.400000000000000000e+01 1.041912595568634803e+00 1.218225374114933008e-12
6.111362041532087662e-10 7.900000000000000000e+01 1.249007225212435346e+00 8.154460756705543270e-12
2.186045839331680941e-11 7.300000000000000000e+01 1.021582216013311895e+00 3.510916102245044841e-13
4.438085223104865759e-11 7.200000000000000000e+01 5.948115054602250984e-01 1.100022874973759064e-12
9.129999854350985389e-10 1.000000000000000000e+01 4.403017202079670955e-01 2.142124270559888714e-10
9.505870334200115900e-11 9.500000000000000000e+01 7.844126688390574698e-01 1.416484072204139797e-12
5.167082178190856841e-10 7.300000000000000000e+01 5.782961702869676701e-01 1.294954497628923310e-11
1.773976995168873795e-10 2.200000000000000000e+01 9.525441997427450680e-01 9.895205736772243996e-12
4.857088995543501705e-10 1.500000000000000000e+01 4.502712624536012731e-01 7.440226557255123808e-11
7.825844494685269928e-11 6.700000000000000000e+01 1.099143993055045954e+00 1.311194324218260060e-12
1.409239825712907207e-11 2.600000000000000000e+01 5.227427095968288917e-01 1.085640766411743016e-12
5.491246610031212451e-11 8.800000000000000000e+01 8.941040244731763842e-01 8.003676552161384478e-13
6.814943956647939182e-10 6.800000000000000000e+01 8.815105778152350080e-01 1.298687360454459817e-11
1.096014402118460269e-10 3.000000000000000000e+00 9.995787234972591806e-01 4.342835620460236182e-11
7.081071697650539836e-10 1.700000000000000000e+01 4.083377436284271744e-01 1.048980384772478120e-10
1.791282035974757967e-10 7.400000000000000000e+01 1.077882005795956832e+00 2.747750304264185580e-12
1.485554591485442715e-11 5.700000000000000000e+01 1.417088598866753202e+00 2.637329697045942203e-13
1.029051959852207792e-10 6.500000000000000000e+01 5.428725393289836054e-01 3.064583826700612294e-12
4.405547816825199522e-11 3.700000000000000000e+01 2.513868986794543514e-01 4.786735862002062609e-12
9.645970051207269640e-10 6.000000000000000000e+01 9.974297537702969674e-01 1.913701835463044462e-11
7.078400384956455805e-10 7.900000000000000000e+01 1.432808950761015110e+00 9.045984027947846827e-12
5.203330372033369855e-10 2.600000000000000000e+01 1.131223193226651436e+00 2.211522872536627111e-11
1.666023034176920009e-11 7.300000000000000000e+01 1.314720667833069734e-01 1.740910705719416047e-12
3.258337069577508214e-10 2.700000000000000000e+01 1.009909962903053682e+00 1.425146876678798328e-11
2.797597042947685083e-10 6.200000000000000000e+01 1.010631612579555805e+00 5.326281677008737796e-12
2.726885798858852114e-10 2.300000000000000000e+01 4.559366766856170483e-01 2.692693831379266257e-11
2.007581659639801176e-11 8.600000000000000000e+01 6.065843175697919198e-01 4.094970685146117275e-13
1.290135232785793475e-11 3.000000000000000000e+01 1.356869412416378928e+00 4.400767270489368348e-13
5.226361834702533588e-10 8.700000000000000000e+01 1.117150727163384483e+00 6.683291187072414033e-12
1.509250466042091274e-10 8.600000000000000000e+01 1.732913440249221060e-01 1.017798515721379765e-11
5.387325530717462770e-11 4.100000000000000000e+01 4.029380813224171520e-01 3.350944663671639666e-12
8.111098387738342109e-10 7.000000000000000000e+00 5.672215865919098821e-02 2.043910089489477376e-09
2.313215876143106974e-11 8.800000000000000000e+01 6.006155856151217387e-01 4.651247278608255980e-13
7.441074668987700450e-10 3.600000000000000000e+01 1.492909895802096987e+00 2.073250483187257834e-11
1.412891508131924953e-10 8.000000000000000000e+00 1.183470236816165810e+00 1.907410919278623759e-11
2.707347034818485646e-10 7.100000000000000000e+01 1.192860236149046349e+00 4.102699728817638981e-12
1.313868700297178730e-10 3.500000000000000000e+01 1.474510811899885754e+00 3.771379110273803651e-12
1.842434593933186379e-11 3.600000000000000000e+01 7.064360750352556284e-01 7.884242561763930628e-13
3.049990448580706103e-10 3.700000000000000000e+01 1.020209370963980122e+00 9.672667653530399663e-12
2.354270373787915647e-11 4.100000000000000000e+01 8.909305438412605804e-01 7.383874994493148245e-13
1.808891509803009937e-10 8.200000000000000000e+01 1.331825242434022449e+00 2.270487897845734869e-12
1.697735982015653247e-10 4.500000000000000000e+01 6.710236108596044913e-01 6.067577193120533807e-12
1.166317907278997860e-10 6.700000000000000000e+01 7.046099160549464946e-01 2.687470122852831919e-12
1.670452050724797936e-11 3.300000000000000000e+01 7.703168946602803047e-01 7.269165723052830944e-13
1.096144744489745607e-11 7.100000000000000000e+01 5.166366519912614086e-01 3.125496707164181674e-13
1.641461363305445285e-11 7.200000000000000000e+01 6.369919897007239040e-01 3.833026212035064932e-13
2.717033869900660518e-10 9.000000000000000000e+00 1.303550629514226733e+00 3.130036888043823916e-11
8.136348448485278085e-10 3.500000000000000000e+01 1.318006400865169736e+00 2.400977872339210344e-11
7.307094462976371163e-11 9.700000000000000000e+01 3.333331724687382258e-01 2.302326611270254260e-12
2.893378167863536517e-10 1.800000000000000000e+01 3.653076784904936702e-01 4.499628320185455794e-11
3.020034338002611070e-10 7.500000000000000000e+01 7.265205712729633225e-01 6.061835311347503619e-12
4.494456268612017673e-11 4.100000000000000000e+01 2.715527569566976163e-01 4.086860481812922146e-12
3.362169855158467495e-10 3.000000000000000000e+01 3.842584654971933356e-01 2.989617632559240051e-11
2.008379120111369315e-11 3.300000000000000000e+01 2.113072298693977405e-02 2.880379563076263089e-11
2.821047848606437221e-11 7.000000000000000000e+00 1.371699822541436964e+00 4.111283996639710950e-12
2.860558167776675590e-11 5.500000000000000000e+01 7.817791183687834433e-01 7.382110214130890234e-13
2.760559370335107424e-10 8.500000000000000000e+01 5.601315730274062377e-01 6.112800966934092500e-12
4.778565842430805525e-10 7.000000000000000000e+01 4.312709056907664262e-01 1.633039078000398418e-11
8.516402252174085133e-11 7.000000000000000000e+01 1.109366022260468987e-02 1.096710935846717025e-10
7.751415188894150795e-11 1.300000000000000000e+01 1.029347380126454325e+00 6.957859652730039132e-12
1.728133474113727340e-10 5.900000000000000000e+01 3.878147141271485743e-01 7.745374575570656435e-12
3.913257901600144645e-10 9.200000000000000000e+01 1.275154788204222234e+00 4.446448476568736550e-12
4.933949631000561327e-11 6.900000000000000000e+01 5.809306897018067239e-01 1.302956113315755293e-12
5.379899177230591937e-10 5.000000000000000000e+01 7.258737712450521462e-01 1.620966150959943411e-11
4.168516258210796657e-11 5.400000000000000000e+01 2.092964329581084582e-01 3.715363132103983631e-12
8.092631625044687711e-10 4.400000000000000000e+01 6.009513104758091862e-01 3.252821783475802115e-11
3.475859566311503268e-11 4.400000000000000000e+01 1.319663602852680917e+00 8.155506345676086382e-13
1.158575541177337583e-11 6.100000000000000000e+01 3.179013986751285659e-01 6.076338290663975695e-13
2.620791187061269266e-10 6.800000000000000000e+01 5.962412807502317502e-01 6.863500675921695663e-12
1.026497305112408015e-10 9.200000000000000000e+01 4.350088537301081693e-01 2.647624924541406703e-12
3.223627960412753793e-10 2.000000000000000000e+00 3.847494281412969785e-01 4.294427071862220963e-10
2.261472623426300796e-11 2.700000000000000000e+01 1.217998263237760836e+00 8.925553028549333053e-13
8.202654527615907604e-10 2.100000000000000000e+01 4.259082952883805895e-01 9.454299633014624040e-11
2.269146851988999515e-10 2.400000000000000000e+01 6.162871961641500640e-01 1.635748257074232747e-11
1.171716519807540063e-10 5.800000000000000000e+01 7.915429782762181121e-01 2.839600406842219484e-12
2.048479090645652244e-11 1.400000000000000000e+01 7.856078588498406345e-01 2.068842584484964004e-12
7.322141254014448850e-11 8.500000000000000000e+01 7.830616822558991164e-01 1.221100109866544889e-12
6.280967316474092313e-10 9.000000000000000000e+01 6.807319972746861403e-01 1.108877270601603265e-11
5.980951981151967538e-10 9.500000000000000000e+01 4.611407680863767178e-01 1.414868158090448786e-11
2.595521493550041128e-11 1.400000000000000000e+01 1.867266138393685326e-01 9.986586249846853262e-12
1.002978928943789496e-11 4.000000000000000000e+00 1.261529402475922934e+00 2.632333253578478458e-12
6.451562006770388546e-11 4.400000000000000000e+01 4.029684744029352617e-01 3.739031541196839139e-12
4.834755750775061049e-10 6.700000000000000000e+01 8.331078081851199801e-01 9.751091545901118410e-12
1.433859423731253597e-10 9.000000000000000000e+01 1.532435185902986552e+00 1.594350098198021391e-12
7.214073780893491725e-10 7.000000000000000000e+00 1.181795305969809640e+00 1.113795407212104657e-10
5.724646393136457588e-11 4.000000000000000000e+00 9.709130019340739270e-01 1.733897524178489430e-11
8.966426899233289462e-10 7.800000000000000000e+01 1.122969132317758745e-01 1.025817633438388692e-10
2.161477831658454713e-11 4.100000000000000000e+01 1.515454932189427950e+00 5.279980505850438417e-13
4.379974915223227508e-10 7.700000000000000000e+01 5.191843538606764064e-01 1.146432590707369593e-11
9.517452595653301591e-10 9.000000000000000000e+01 1.127159125103637527e-01 9.401842704934324161e-11
4.934397923495050962e-10 2.700000000000000000e+01 1.421890950168268608e+00 1.848004688079729130e-11
1.507761265498599061e-11 4.000000000000000000e+01 5.313988630739396868e-01 7.438537884471095545e-13
4.356336417735288644e-11 2.100000000000000000e+01 9.907075473830180279e-01 2.480166436281324948e-12
4.616429255570026643e-11 5.200000000000000000e+01 8.404955351392768836e-01 1.191686044385846308e-12
3.657628573203900316e-10 5.600000000000000000e+01 8.537874060339040172e-01 8.665029694543909524e-12
6.957383977444001945e-10 7.000000000000000000e+01 1.247045622026953238e+00 1.048376301211704877e-11
3.425711687381696600e-10 5.700000000000000000e+01 9.341576273106710904e-01 7.474233485150738543e-12
1.002299219758200561e-11 5.900000000000000000e+01 9.235798263735098823e-01 2.129463824180584639e-13
6.248865449965421677e-11 8.400000000000000000e+01 8.889823828966632036e-01 9.581182387377204411e-13
1.514007340716566523e-10 1.500000000000000000e+01 3.187466573096002787e-01 3.220847498338771524e-11
1.128567489744574050e-11 2.600000000000000000e+01 1.330841154554695427e+00 4.468677938348360778e-13
3.950064052190347642e-10 5.800000000000000000e+01 1.394998404889488119e+00 6.917065919133966089e-12
3.228385789454451449e-10 1.200000000000000000e+01 7.750516813316956632e-01 3.844673054806903896e-11
6.138144054761076358e-10 5.300000000000000000e+01 9.559652371138691596e-01 1.417776545329145251e-11
3.293480132534761237e-10 7.600000000000000000e+01 1.431789864391643574e+00 4.375734170919555967e-12
1.166221420656317434e-11 8.300000000000000000e+01 3.302856775267040690e-01 4.332496210945953106e-13
7.005980332105929572e-11 9.900000000000000000e+01 1.422315653907354926e+00 7.155479681672572706e-13
5.114874050606129815e-10 8.100000000000000000e+01 5.284108409320086713e-02 1.195584647587484683e-10
2.540421135538440661e-11 6.500000000000000000e+01 9.805326892092967039e-01 4.704343480652059000e-13
6.493269590934756784e-10 6.500000000000000000e+01 1.474285136831943177e+00 1.003635059622543924e-11
3.776659357631980748e-10 1.700000000000000000e+01 6.195762436486637048e-01 3.825730558278420754e-11
6.882483574590281416e-10 1.200000000000000000e+01 1.683840935461886623e-01 3.422292224777269898e-10
7.221104016185217635e-11 3.000000000000000000e+00 1.538503809216065665e+00 2.408290253541148018e-11
5.302241792277516908e-11 1.600000000000000000e+01 5.511195165814720687e-01 6.328570751779863660e-12
1.548919339681012590e-11 6.500000000000000000e+01 1.448427540149800352e+00 2.400906138828753782e-13
3.869723534841325569e-11 5.900000000000000000e+01 5.221894734967300750e-02 1.256600435458978658e-11
3.279344467785669039e-11 3.500000000000000000e+01 1.253946637165060718e+00 9.860389145395790801e-13
2.520950682168227698e-11 4.900000000000000000e+01 1.206985244822044834e+00 5.505121352220103938e-13
3.317200306337340321e-10 7.900000000000000000e+01 5.311719735935495068e-01 8.289479749062545662e-12
1.722108380374381668e-10 6.500000000000000000e+01 1.549485088483296247e+00 2.649999259088649998e-12
7.655125163824719330e-10 1.200000000000000000e+01 1.306925075630802624e+00 6.607989916426319919e-11
1.223781447540823093e-10 3.000000000000000000e+01 8.461910039256967941e-01 5.448028158610588591e-12
2.642820566604517507e-10 5.900000000000000000e+01 1.045719280818326213e+00 5.176739712910690174e-12
1.161277423305736515e-10 6.000000000000000000e+00 7.504813277649452496e-01 2.837959387086508452e-11
1.385322152654313028e-10 3.100000000000000000e+01 1.484187040405556157e+00 4.485594222855314633e-12
1.081506747656128042e-11 2.000000000000000000e+00 1.850000594852053981e-01 2.939730320382010484e-11
5.367216036041698343e-10 3.300000000000000000e+01 2.418973608291684341e-01 6.789654997083181983e-11
4.775136496123783709e-10 4.700000000000000000e+01 6.741039598256214349e-01 1.627668252569805109e-11
8.939476089791234433e-11 1.900000000000000000e+01 1.081818409147209947e-01 4.357641951261636301e-11
5.901397375931834575e-10 4.900000000000000000e+01 1.471689271821605027e+00 1.210305886078007671e-11
2.003009829175116376e-10 5.200000000000000000e+01 1.474527033554346722e-01 2.621814131243528155e-11
2.081973857059372072e-10 8.700000000000000000e+01 1.084799911924937632e+00 2.706453751708247708e-12
1.310708113050630232e-10 6.400000000000000000e+01 8.396274095714777452e-01 2.751204854694711431e-12
5.323057712212503571e-10 2.900000000000000000e+01 1.995803617451034906e-01 9.258323865177304755e-11
3.892258546353686672e-11 5.400000000000000000e+01 9.854283835228441202e-01 8.647642055348806989e-13
1.633687081200020942e-10 6.900000000000000000e+01 1.246644570679533270e+00 2.497741735971181619e-12
1.213560246248345412e-10 3.300000000000000000e+01 2.181059888287500692e-01 1.699528824402955430e-11
6.102646443025576847e-11 5.300000000000000000e+01 4.827412047815241025e-01 2.480441012403402490e-12
7.868730849203573282e-11 9.400000000000000000e+01 1.286680834123908879e+00 8.720599417966995081e-13
4.517728177220408242e-11 9.800000000000000000e+01 7.797340214869673547e-01 6.556663728931288733e-13
2.940002599961331124e-11 9.000000000000000000e+00 8.144019592732538726e-01 4.491407777053353562e-12
6.249785637853757064e-10 6.300000000000000000e+01 3.841681874255168938e-01 2.646907700195911309e-11
1.039720215744270599e-10 9.900000000000000000e+01 1.714168610096598044e-01 6.156823571424441177e-12
1.162418037958586216e-10 7.600000000000000000e+01 2.815818138918183555e-01 5.504254051276426536e-12
4.040365939535112797e-10 2.300000000000000000e+01 2.211154740176918265e-01 8.009740376389697247e-11
1.083857345397233357e-10 6.400000000000000000e+01 1.145392066382688201e+00 1.859237248887271319e-12
5.637920912980281317e-10 7.900000000000000000e+01 1.477756125721529035e+00 7.167609508459463139e-12
7.038648595774919377e-11 4.200000000000000000e+01 1.151653208876834561e-01 1.458406890762512158e-11
1.302371896240794382e-11 7.600000000000000000e+01 3.508952751329221242e-01 4.985319944015153366e-13
9.732313158387645781e-11 8.500000000000000000e+01 5.114963804663859026e-01 2.339159520110440513e-12
4.821097896844457550e-11 9.700000000000000000e+01 4.080288321534484286e-01 1.252569191522228049e-12
3.600831062687512478e-11 5.700000000000000000e+01 1.058324440747196560e+00 7.248414096337797741e-13
1.308413345272447335e-10 7.100000000000000000e+01 1.139888684910745242e+00 2.028243509499513255e-12
3.075463265829516584e-10 5.400000000000000000e+01 1.308091736045202236e+00 5.897643737206626378e-12
7.657525292491915698e-11 5.700000000000000000e+01 1.135768614083293715e-01 1.185380652652386618e-11
6.287528366543173216e-10 2.000000000000000000e+01 1.041171822786733481e+00 3.642845551937921393e-11
1.625504350876063975e-11 3.800000000000000000e+01 2.086111655559599598e-01 2.065482666884741167e-12
3.408455023430854819e-10 3.600000000000000000e+01 1.435343237397430194e+00 9.555456229446766666e-12
8.234426940354866877e-11 8.800000000000000000e+01 6.256347661449151998e-01 1.597867616843378955e-12
1.555624078595884863e-11 3.500000000000000000e+01 1.372683019830849060e+00 4.533313369340546396e-13
5.967963858642586447e-10 6.900000000000000000e+01 2.111064707570456944e-01 4.127681172265746881e-11
8.682893492221527563e-10 9.900000000000000000e+01 9.613643555105432226e-01 1.069620143228036192e-11
2.674612215840195755e-10 4.800000000000000000e+01 1.143872038737345331e+00 6.121557617895054773e-12
7.824134333322920492e-11 3.300000000000000000e+01 1.393003001720179990e-01 1.707559185446383232e-11
3.091427922773465646e-11 1.200000000000000000e+01 7.931208298779104937e-02 3.251576181404739180e-11
3.771839811828023536e-11 1.500000000000000000e+01 3.507478222447607541e-01 7.318272541172780801e-12
6.445511278665669702e-10 5.500000000000000000e+01 2.989556777437643587e-01 3.979022562385491958e-11
5.466846020770527271e-10 4.500000000000000000e+01 1.381034461084777121e+00 1.237060928029071699e-11
6.629011748954997331e-11 9.500000000000000000e+01 4.710799695465481274e-02 1.481805442051969333e-11
8.578069326666412651e-11 5.200000000000000000e+01 1.342457324790309769e+00 1.693587956638902002e-12
2.629408984229868779e-11 6.500000000000000000e+01 1.412777023104944796e+00 4.096280528603624648e-13
5.278134734497411678e-11 6.700000000000000000e+01 1.346668489532871993e+00 8.079905024537830812e-13
1.657795886461537217e-11 8.400000000000000000e+01 1.288459599362194563e+00 2.054927165674363395e-13
1.054075234292367467e-11 1.400000000000000000e+01 1.074187598454169057e-01 7.022616729763057375e-12
3.781550797446404586e-11 9.300000000000000000e+01 1.551104879495468492e-01 2.632017013986739434e-12
4.195743310435598263e-11 9.000000000000000000e+00 1.849551981039656012e-01 2.535004752314061026e-11
3.626100886816346177e-10 2.700000000000000000e+01 7.553505601554074689e-01 1.959028839147955381e-11
1.491673117791893437e-10 8.100000000000000000e+01 8.230916955066922558e-01 2.511514288246299999e-12
4.271047699719094160e-10 2.100000000000000000e+01 1.029180660458986596e+00 2.373540775346234908e-11
4.739120337745346498e-10 3.800000000000000000e+01 8.735239376269339218e-01 1.626849204812645798e-11
8.814576691545839177e-10 2.800000000000000000e+01 2.336327520379607448e-01 1.359777526008756807e-10
1.681548491994127309e-10 7.300000000000000000e+01 1.506423549311028953e+00 2.308272005274352549e-12
4.317708697109135433e-11 8.200000000000000000e+01 1.450257212061056622e+00 5.303984371179180337e-13
1.799681150131757632e-11 4.500000000000000000e+01 9.190525822685804980e-02 4.357669113292964742e-12
1.318486128691512292e-10 4.000000000000000000e+00 3.889032015347750337e-01 8.693152784831569753e-11
1.507927413562189227e-11 2.200000000000000000e+01 7.100776833978665881e-01 1.051433113770168418e-12
1.220904753613636424e-11 4.000000000000000000e+00 3.638012614492803776e-01 8.577883152157408609e-12
1.221580592816584386e-11 7.200000000000000000e+01 8.794773995102551645e-01 2.202267579353058349e-13
6.813890571160549688e-10 6.700000000000000000e+01 1.550761895176102634e+00 1.017202727509648637e-11
6.526958387873876613e-10 1.300000000000000000e+01 8.951823500099179709e-01 6.434177097122295736e-11
3.171491471794906613e-11 3.800000000000000000e+01 6.211532499471604796e-01 1.434091401215592601e-12
9.099469908860969942e-11 6.800000000000000000e+01 7.839288564201694065e-01 1.895226973144808434e-12
7.673118235909536333e-11 4.000000000000000000e+00 1.087117152900393346e+00 2.166837591374959714e-11
2.178159519487568782e-10 1.400000000000000000e+01 1.245622816315513193e+00 1.641869914163195034e-11
1.283627571919250615e-11 2.200000000000000000e+01 2.934857445669192821e-01 2.016888650631604430e-12
3.714986458031013555e-10 9.700000000000000000e+01 9.578742209178291445e-01 4.682177110478445402e-12
1.219576991163607192e-10 7.300000000000000000e+01 8.598727632996517878e-01 2.204727645454402916e-12
1.698068674683354332e-10 1.600000000000000000e+01 4.992594393613695725e-01 2.216681748750318232e-11
5.495944133698054589e-10 7.200000000000000000e+01 9.502785168948906236e-01 9.382334088575305317e-12
8.052234748378099494e-10 7.500000000000000000e+01 8.037781583182309619e-01 1.491189309207901292e-11
6.042169286870572435e-10 6.300000000000000000e+01 1.305346571395294086e+00 9.938857270036630732e-12
2.198865690523627360e-10 2.600000000000000000e+01 2.250555543354356980e-01 3.789727632359616802e-11
5.245976723683238200e-11 6.400000000000000000e+01 6.886915425087738463e-01 1.289769316888302276e-12
1.029526266680495913e-11 9.000000000000000000e+01 4.496037995737780513e-01 2.632064112715203624e-13
5.131479906486393606e-11 5.900000000000000000e+01 1.265291781016258499e+00 9.119708771109979426e-13
2.761006643096645011e-10 3.500000000000000000e+01 1.280578997545486875e+00 8.232875195160955460e-12
2.445729532585605169e-11 3.400000000000000000e+01 1.215476245188346960e+00 7.672589019814501441e-13
1.560219140722723027e-11 5.800000000000000000e+01 1.343174389994141960e+00 2.761257466350136939e-13
6.089153889882063657e-10 3.100000000000000000e+01 1.133905520508015519e+00 2.167867478769380189e-11
4.835500657919333275e-11 5.000000000000000000e+01 1.318761531621021277e+00 9.986504968939079986e-13
4.056073320562715914e-10 5.100000000000000000e+01 8.932895138403041946e-01 1.020754340292184576e-11
3.702413099930404248e-11 8.600000000000000000e+01 1.033774030918620523e+00 5.010419030667474226e-13
1.091008566982184696e-10 1.500000000000000000e+01 1.455270042392113217e+00 7.322198336277048897e-12
1.641930297112298733e-11 3.400000000000000000e+01 1.524646688414304840e+00 4.834353919780990297e-13
1.311977296216758588e-10 4.800000000000000000e+01 1.220188923593756858e+00 2.910338631230521385e-12
1.391660549723384858e-10 1.600000000000000000e+01 3.604701807045952999e-01 2.465984520598474850e-11
7.560920498344359011e-11 7.700000000000000000e+01 1.020459329009239385e-01 9.639227999426814293e-12
8.543043570532710395e-10 8.500000000000000000e+01 8.007350645284203594e-01 1.400067866871303003e-11
1.053593949603161894e-11 5.300000000000000000e+01 4.855468726917042122e-01 4.259581717410605457e-13
6.883468850143560925e-11 5.600000000000000000e+01 1.148938023300081435e+00 1.347310047969360726e-12
2.141697804298449460e-10 2.800000000000000000e+01 1.284732584910878384e+00 7.972924176717873091e-12
2.058887583530504498e-10 7.400000000000000000e+01 8.913564417622289460e-01 3.576541772171633852e-12
8.201705270324220909e-10 1.000000000000000000e+01 1.270428012066900925e+00 8.586126953443709344e-11
5.197883020505748417e-10 4.000000000000000000e+00 7.016635057728302094e-01 2.013156729611121576e-10
6.749851298025768097e-11 3.600000000000000000e+01 1.375587006366492560e+00 1.911259067719304830e-12
2.253778894847321728e-11 1.400000000000000000e+01 2.077472075686192729e-02 7.749600539915828401e-11
1.322603530038660944e-10 4.000000000000000000e+00 8.674421406355572461e-01 4.335398278267074329e-11
7.920788071537162748e-10 2.500000000000000000e+01 1.111112886116927712e+00 3.535304637656640647e-11
3.095662996443021456e-11 6.400000000000000000e+01 1.191460906687256793e+00 5.207144453258874628e-13
1.957582562256401944e-10 3.600000000000000000e+01 3.742002105322518313e-01 1.487636059943837726e-11
7.122400606390531389e-10 9.000000000000000000e+00 7.655750017236960803e-01 1.142039001880835713e-10
2.326471063138249468e-10 3.000000000000000000e+00 6.763251866018720193e-01 1.238938350398131030e-10
8.862131671390054351e-10 7.300000000000000000e+01 1.261565276209519748e+00 1.274440055249604659e-11
1.421531853331015048e-11 4.000000000000000000e+00 4.022878785066080209e-01 9.076900049482692084e-12
3.327734527156995369e-11 8.100000000000000000e+01 1.283829436268053126e+00 4.283479452473917504e-13
9.221340064385364175e-11 7.900000000000000000e+01 9.281124146532331309e-01 1.458179567395891914e-12
2.108171367186328381e-11 4.100000000000000000e+01 4.509245939955180971e-01 1.179877514304533679e-12
6.980610715705234472e-10 8.200000000000000000e+01 4.574069369806881835e-01 1.927648251658297331e-11
1.002282655843152400e-10 7.200000000000000000e+01 1.412491410841422823e+00 1.409686067798337164e-12
8.879028078512179156e-11 5.500000000000000000e+01 6.490452623018284628e-01 2.670911792401359561e-12
1.521437656512934633e-11 9.600000000000000000e+01 1.309458148740642480e+00 1.640535108557479588e-13
2.948016557540066498e-10 7.200000000000000000e+01 1.342493313253864562e+00 4.203541492103888703e-12
7.574708367317989982e-11 9.800000000000000000e+01 1.096343421546142727e+00 8.689063963240166503e-13
8.288253426235236098e-10 1.900000000000000000e+01 1.042131522211579453e+00 5.051920303200872555e-11
1.971549067523933916e-10 6.000000000000000000e+01 1.693780978811712523e-01 1.949295375827528226e-11
4.380063463311302919e-10 8.300000000000000000e+01 5.206356558350003771e-01 1.060886388077335425e-11
4.306825777902698626e-11 5.100000000000000000e+01 8.963880936719513803e-01 1.081168779263892931e-12
8.953479071017376861e-11 3.000000000000000000e+00 8.632933615634290625e-01 3.927030842575667963e-11
1.059784247308256164e-11 6.500000000000000000e+01 4.837078003915332713e-01 3.505828273601683517e-13
5.372734358946092050e-11 6.500000000000000000e+01 1.292906854691655116e+00 8.595498096783953476e-13
4.201262866312658467e-10 4.900000000000000000e+01 1.306612925035876671e+00 8.882163140392860208e-12
4.766377983000094677e-11 6.100000000000000000e+01 8.982521687733957538e-01 9.988931716995342228e-13
3.599937032292302955e-11 9.000000000000000000e+00 1.233828392632738247e+00 4.238284882862770137e-12
6.131944325988586045e-10 1.700000000000000000e+01 1.736286179458179091e-01 2.087912409522084730e-10
4.067782857601076921e-11 2.500000000000000000e+01 3.496485826043315703e-01 4.749756806445807265e-12
1.323087137836989881e-11 2.500000000000000000e+01 2.982676546384768757e-01 1.800946798536332467e-12
1.134674269902620982e-10 7.400000000000000000e+01 5.248750557769388259e-01 3.059925493365641211e-12
1.755584110901289334e-10 9.300000000000000000e+01 3.388893903632693716e-01 5.678395132804718207e-12
7.220351708240886233e-10 1.100000000000000000e+01 3.608491987658308253e-01 1.859114943963461276e-10
3.704756116776202342e-10 6.500000000000000000e+01 6.408837371234810121e-01 9.532674676346656787e-12
1.926384096380425593e-10 7.600000000000000000e+01 6.274020066448644517e-01 4.317764904006788543e-12
3.594498417884200556e-10 2.500000000000000000e+01 1.130954640984670023e+00 1.589046243996526512e-11
9.885948354310021748e-10 7.000000000000000000e+00 1.226697371972251593e+00 1.500221626580713527e-10
9.596956749285467650e-11 5.600000000000000000e+01 9.546428571244466310e-01 2.099897976211708133e-12
2.083030251672336978e-11 6.100000000000000000e+01 4.279066141780930588e-01 8.229095516331408083e-13
9.449518087830433288e-10 4.600000000000000000e+01 1.226281440244570087e+00 2.182487314385788252e-11
3.894207553370650756e-10 1.200000000000000000e+01 4.776375470768035036e-02 6.796800669465901294e-10
3.372324403619066993e-11 8.200000000000000000e+01 6.493671578374968778e-01 6.801240005507509486e-13
3.936047556415254185e-11 4.100000000000000000e+01 1.052374437786260802e-01 9.139198610080487903e-12
4.566569903088197494e-11 2.200000000000000000e+01 1.343500886618372414e+00 2.130511603287299857e-12
7.928412020066749160e-10 5.000000000000000000e+00 2.988937384134779385e-01 5.384993928272126783e-10
9.531868623304070119e-10 4.000000000000000000e+01 1.518404481621753677e+00 2.386241410278194395e-11
4.652737848068261401e-11 7.800000000000000000e+01 2.144013381482033076e-01 2.803618211738138687e-12
1.077804349780644988e-11 1.600000000000000000e+01 4.254874052800364792e-01 1.631989343036283305e-12
9.365840322641052629e-10 6.000000000000000000e+00 2.456882364444221978e-01 6.417844047452832844e-10
1.197906874177834365e-10 5.100000000000000000e+01 1.053099314375322004e+00 2.703040188389462172e-12
1.271405424012940881e-11 2.200000000000000000e+01 6.561571220766422574e-02 8.813841036907153160e-12
3.585386984868252150e-11 6.400000000000000000e+01 4.371665904430564464e-01 1.323218753117624721e-12
4.297361969647226234e-11 8.000000000000000000e+01 5.402076238474643466e-01 1.044440132162429507e-12
7.451822587456359622e-10 7.400000000000000000e+01 1.160842935435329348e+00 1.097982544261741937e-11
4.519632626654566747e-11 3.700000000000000000e+01 1.341450852473516031e+00 1.254367436622619632e-12
2.518961489421356633e-10 4.100000000000000000e+01 1.432296710549423591e-01 4.304181730329471826e-11
2.653367648851273588e-10 4.100000000000000000e+01 1.003626209562953564e+00 7.673036408684326237e-12
4.158115162896879492e-11 2.500000000000000000e+01 1.169162272326521812e+00 1.807044458054714519e-12
1.287863782950781156e-10 2.600000000000000000e+01 7.320889935444302443e-03 6.766071518598637272e-10
5.661443654314719627e-10 2.400000000000000000e+01 2.890930037642785444e-01 8.274555088201620074e-11
4.637954481433346834e-10 1.000000000000000000e+00 1.368285717653842548e+00 4.734709653022027618e-10
1.500307560566388350e-10 9.000000000000000000e+00 7.046947897123381210e-01 2.573332714746416892e-11
4.631127516263909416e-11 4.500000000000000000e+01 8.125109026365755494e-01 1.417515910747835639e-12
1.085902924845650497e-10 9.200000000000000000e+01 1.503969137928398370e+00 1.182969779735057716e-12
4.435491089154732101e-11 5.400000000000000000e+01 2.313014418094005986e-01 3.583018296129651845e-12
8.872087634544385224e-11 6.000000000000000000e+00 1.400987527370159968e+00 1.500259357756872724e-11
5.242368622869642074e-11 8.200000000000000000e+01 9.276349819079149350e-01 7.989380167565985190e-13
6.820664479871995041e-10 1.200000000000000000e+01 1.637486970798355812e-01 3.486664505207271549e-10
2.056784540341079462e-10 6.000000000000000000e+01 7.653706526029371293e-01 4.947968812346821024e-12
1.070184161953690351e-11 6.700000000000000000e+01 1.555287189040281515e+00 1.597481913951018852e-13
1.457724750069153317e-11 2.500000000000000000e+01 5.362212466328097893e-01 1.141318998126965680e-12
5.850593490991345197e-11 8.000000000000000000e+01 4.141510689917707322e-01 1.817347704040633920e-12
1.643536056275477191e-11 6.900000000000000000e+01 1.342691590706723836e+00 2.445276999425754742e-13
3.089614049969872938e-10 1.500000000000000000e+01 1.355579404887099937e+00 2.108382900600421010e-11
2.707774979055168626e-11 6.900000000000000000e+01 9.409426154295033040e-01 4.856137988290679445e-13
2.075896349929019437e-10 6.400000000000000000e+01 1.163020228542547718e+00 3.533300982575279314e-12
2.122549724996508152e-11 6.400000000000000000e+01 9.402556604621961633e-02 3.532417684291754029e-12
7.161435883427132822e-10 6.300000000000000000e+01 6.142006079028026200e-01 1.972453881928840795e-11
2.806491010624470434e-10 5.000000000000000000e+00 6.508773235414166969e-01 9.264110789692165952e-11
1.318727419048712816e-10 1.100000000000000000e+01 1.041875800079600012e+00 1.388590891045616588e-11
2.320018576603905822e-11 8.300000000000000000e+01 1.905645674326380545e-01 1.475716600033886691e-12
1.832273290294847233e-10 3.400000000000000000e+01 1.838347721296967885e-02 2.931623097344278752e-10
5.229929247370737117e-11 8.600000000000000000e+01 1.229309336622993243e+00 6.453980557200475809e-13
1.448588436585026259e-11 8.000000000000000000e+00 7.327986525069910551e-01 2.706822281888941968e-12
1.246177936194011831e-10 7.600000000000000000e+01 1.115192530493114981e-02 1.470366554296252073e-10
3.557524228934275190e-11 2.300000000000000000e+01 8.754911468426009868e-01 2.014368795976449049e-12
2.964587665434167185e-10 6.700000000000000000e+01 6.028216620216940713e-01 7.804231610668786388e-12
1.393626478373048448e-10 5.200000000000000000e+01 7.771281549965590729e-01 3.821901853993661480e-12
5.298107956687967902e-11 2.600000000000000000e+01 8.941867665590363945e-01 2.613484017783737919e-12
8.092318344590955723e-11 7.600000000000000000e+01 1.462812632365474208e+00 1.071016949224606297e-12
6.816299231601051924e-11 5.800000000000000000e+01 1.174341423915738480e-01 1.003055451065732239e-11
1.294355467259159166e-10 7.400000000000000000e+01 5.583332407778839324e-01 3.301655710645117995e-12
2.311129805483347761e-11 1.000000000000000000e+00 1.140121153457887226e+00 2.543380972640084742e-11
5.072614473427718357e-10 7.000000000000000000e+01 4.493726209503436930e-01 1.668182162814356242e-11
1.412224027313939814e-11 8.200000000000000000e+01 1.378655986006897205e+00 1.754511356082142606e-13
8.778818550104880959e-10 9.200000000000000000e+01 1.833895435872821000e-01 5.232518300651730426e-11
2.705490738663908672e-11 8.000000000000000000e+00 1.007593673529537659e+00 3.999604007890449134e-12
2.670924648972635733e-10 1.000000000000000000e+00 1.503509414686518886e+00 2.676982420049564372e-10
4.523104056068148969e-10 7.500000000000000000e+01 8.374318441990856732e-01 8.117633795980604385e-12
1.791688320785717712e-11 2.000000000000000000e+00 1.155696797432339995e+00 9.789831419378446340e-12
1.194439269329819837e-10 3.300000000000000000e+01 1.252482963511825087e+00 3.810957824490387784e-12
1.740013420028304628e-10 5.900000000000000000e+01 8.456043047179647720e-01 3.940787477790199325e-12
2.340662399969073786e-10 5.000000000000000000e+01 1.414873886337207676e+00 4.738812739988356025e-12
2.013188770372401563e-11 4.900000000000000000e+01 9.109052921947324855e-01 5.200305707847546304e-13
1.238670498587409913e-11 5.900000000000000000e+01 1.165082754890486294e+00 2.284929836575573609e-13
1.304177758255511431e-11 2.900000000000000000e+01 3.088504748620050644e-01 1.479507134607655135e-12
3.358650959408689798e-11 9.000000000000000000e+01 6.044287961394340103e-01 6.566753186522528472e-13
1.722107398456669998e-10 6.200000000000000000e+01 4.930933942532357284e-01 5.867909086747581554e-12
1.274020598584300747e-10 7.900000000000000000e+01 9.982099514041647276e-03 1.615603092295291780e-10
3.554587122290824095e-10 1.800000000000000000e+01 1.157509229094978886e+00 2.156320749550430683e-11
1.044139400962950590e-10 3.900000000000000000e+01 1.408023743763157309e+00 2.713143479393379058e-12
9.855759285170628451e-11 5.300000000000000000e+01 4.426852938461338094e-01 4.341079653186190785e-12
2.623382922586976654e-11 9.600000000000000000e+01 1.260729881482225867e+00 2.869528914390137861e-13
1.287281009488732912e-11 5.500000000000000000e+01 1.227287425114963915e+00 2.485730560145126427e-13
5.705969996467144168e-11 4.200000000000000000e+01 5.791284901079957192e-01 2.482326573621961152e-12
8.884844930625298849e-10 4.100000000000000000e+01 1.569531530316863099e+00 2.167037082248355941e-11
1.653050760263021043e-11 1.200000000000000000e+01 1.004743843910961276e+00 1.632111520046666869e-12
1.545530141374672981e-11 4.000000000000000000e+01 1.336590764157602251e+00 3.972272305675937983e-13
2.328420140072430455e-11 3.200000000000000000e+01 1.077172926384404317e+00 8.262699041546573183e-13
4.215503934111957686e-11 2.900000000000000000e+01 4.892466385210760826e-01 3.093069266013106587e-12
1.078727168512110742e-11 8.200000000000000000e+01 3.539159773690289668e-01 3.795789521264214815e-13
2.036160479268601121e-11 8.900000000000000000e+01 1.094932722915164192e+00 2.573773625584014070e-13
5.550937371772446538e-11 8.100000000000000000e+01 1.123450675534685583e+00 7.600954592916191104e-13
3.046341782681531173e-10 2.900000000000000000e+01 4.147845654822334138e-01 2.606653898165991539e-11
5.845784644079765459e-11 7.800000000000000000e+01 4.666464638336181303e-01 1.665858713064552986e-12
1.896531427624817796e-10 7.300000000000000000e+01 3.673569826666014393e-01 7.233713357705420249e-12
3.547552822805669346e-11 5.300000000000000000e+01 9.335842280823262174e-01 8.327754811240256316e-13
2.635574593331324182e-11 9.300000000000000000e+01 1.075802227080419948e+00 3.220503317331768403e-13
2.524226630107091892e-11 5.800000000000000000e+01 1.152792974932420611e+00 4.762128037218893194e-13
1.549439663595270597e-10 7.100000000000000000e+01 7.491589768144965023e-01 3.204456970104801812e-12
4.039634978040291869e-10 3.200000000000000000e+01 5.087386040458593550e-01 2.591763864833073483e-11
6.307961838649118705e-11 4.100000000000000000e+01 1.370897952546815235e+00 1.569786815077772161e-12
4.495007617074611261e-10 3.300000000000000000e+01 6.439597235521937746e-01 2.268818754167578128e-11
8.095672136642627794e-10 6.600000000000000000e+01 1.024143864423615158e+00 1.435866610902928386e-11
9.636964008459210165e-11 2.200000000000000000e+01 8.894732954834518868e-01 5.639515767631119846e-12
2.634073101278262714e-10 4.100000000000000000e+01 9.677687248974246037e-01 7.800381760274456160e-12
5.683382607343631180e-10 9.000000000000000000e+01 1.398643076429440635e+00 6.409615276264782991e-12
2.344634402284245360e-10 4.800000000000000000e+01 2.118279887156831187e-01 2.323289357465622650e-11
7.173992192255645216e-11 3.600000000000000000e+01 7.481591799280797872e-01 2.929300097557461370e-12
1.022957641232701794e-11 1.100000000000000000e+01 5.433551607362659963e-01 1.798727250673909233e-12
1.535530481151827006e-11 9.200000000000000000e+01 8.063093655008506389e-01 2.312550934771398147e-13
3.069236308256180168e-10 7.800000000000000000e+01 1.310341314464706031e+00 4.072263985222342570e-12
2.481160532371692136e-11 7.000000000000000000e+01 5.969464306479366211e-01 6.305624081633742413e-13
2.474274501190015184e-10 6.100000000000000000e+01 9.764214989541969425e-01 4.895828388127906855e-12
3.691740874319136530e-11 1.000000000000000000e+01 8.040108071050644512e-01 5.126387834933247547e-12
1.258088613651103602e-11 6.700000000000000000e+01 8.768945549154412156e-01 2.442573339730861350e-13
6.711837110122380395e-11 9.200000000000000000e+01 2.179046624306257840e-01 3.374655213623943920e-12
6.292699770281799965e-10 8.600000000000000000e+01 7.917539130352801990e-01 1.028278513369357137e-11
2.030593582610444225e-10 2.800000000000000000e+01 1.267127609505624308e+00 7.599844099283713693e-12
4.899542275653850209e-10 8.200000000000000000e+01 4.715384994896303916e-01 1.315344826732949811e-11
1.137572775752908311e-10 2.600000000000000000e+01 4.048646108796898901e-01 1.110775068669732319e-11
7.468688773983012876e-10 5.500000000000000000e+01 8.374596209701505867e-01 1.827784306489784690e-11
6.148601325086394159e-11 9.500000000000000000e+01 1.495105940348890661e+00 6.490796043737206880e-13
1.207682470425119713e-11 1.400000000000000000e+01 6.535947106779953497e-01 1.418696804939732962e-12
2.305688522627313758e-11 2.400000000000000000e+01 3.772484380742908150e-01 2.608029281180152447e-12
9.286513612430652623e-11 9.800000000000000000e+01 1.133833212730165574e+00 1.045872549137088985e-12
8.352418884072764693e-11 2.600000000000000000e+01 3.088513223450485290e-01 1.056856535508733304e-11
8.837601947012768497e-10 1.900000000000000000e+01 1.423850715464034522e+00 4.702043808731743465e-11
7.725484250299365962e-10 6.000000000000000000e+00 4.287377489591956969e-01 3.097207306181486976e-10
2.977685853952593121e-10 3.500000000000000000e+01 3.114367491546344291e-01 2.776415059654608931e-11
6.211298422119670005e-10 4.000000000000000000e+00 3.612477467225859717e-01 4.393438899584930736e-10
1.743496484048104574e-10 9.500000000000000000e+01 6.014442177024950653e-02 3.053261355014004709e-11
8.365176741717926551e-10 8.600000000000000000e+01 1.315050310667522093e-01 7.417999073879415726e-11
1.853399993746825310e-10 3.000000000000000000e+01 1.239161621274434522e+00 6.534030376735572744e-12
1.732383294623599438e-11 4.700000000000000000e+01 4.332253809072039719e-01 8.780177421072527652e-13
3.210806038807407610e-11 5.900000000000000000e+01 7.686157141649136992e-01 7.828693557832576922e-13
1.396547082288009112e-11 9.000000000000000000e+01 4.634034778240547769e-01 3.471444200920049711e-13
4.396348644386154163e-11 5.600000000000000000e+01 9.803447144258511381e-01 9.450732361522531626e-13
1.076580885109475913e-10 5.000000000000000000e+00 1.503129139549106652e+00 2.158100693008173259e-11
9.254048743936264966e-10 8.200000000000000000e+01 9.384702378739981921e-01 1.399040036974509692e-11
3.828116434010850084e-11 5.000000000000000000e+00 6.059655103091593498e-01 1.344245974670817246e-11
2.364295790440625935e-10 8.700000000000000000e+01 1.169593749583805575e+00 2.951993176100447120e-12
2.265635357832684075e-10 3.700000000000000000e+01 5.013411595010325988e-02 1.221903396129949258e-10
2.634714642126704500e-11 6.900000000000000000e+01 7.075348941560184457e-01 5.874843391980726683e-13
4.180924549020065263e-11 3.700000000000000000e+01 1.119064462662786807e+00 1.255962086163904821e-12
5.513975125371791956e-10 8.400000000000000000e+01 3.707082950243132946e-01 1.811950409249474073e-11
2.513293247008408686e-10 2.500000000000000000e+01 1.235365686964439824e+00 1.064651789954793101e-11
7.240868328798245168e-10 2.200000000000000000e+01 1.127385302350854657e+00 3.643670345911778006e-11
1.386410524009921763e-11 8.800000000000000000e+01 1.388991090419927410e+00 1.601867036733437656e-13
5.172779844124820609e-10 2.400000000000000000e+01 9.373274695579575377e-01 2.674170117069516480e-11
1.888532508686454460e-11 5.000000000000000000e+00 1.097841199959887826e+00 4.242815598978462412e-12
4.681405745072579837e-11 3.300000000000000000e+01 1.244951122864289994e+00 1.497400243276825023e-12
4.681947168546287103e-10 2.000000000000000000e+00 7.865246744330058881e-01 3.306913416647831794e-10
5.634853201794977765e-11 7.700000000000000000e+01 7.153182326438313199e-01 1.115789508540729236e-12
1.116983166403757619e-10 1.000000000000000000e+01 1.764573804455672398e-03 6.330048328076591952e-09
1.491473346941666055e-10 5.100000000000000000e+01 1.519200709715133435e+00 2.928354475905220232e-12
6.910121742711428786e-10 7.600000000000000000e+01 1.035816526892617606e+00 1.056897380100740190e-11
7.599365286824958931e-11 1.100000000000000000e+01 3.487103478378225097e-01 2.021889311400829384e-11
1.065229949263875764e-11 1.700000000000000000e+01 1.440570162240769336e-01 4.364788281357278663e-12
1.268698297458463036e-11 8.500000000000000000e+01 1.452837123766717253e+00 1.503030980142572897e-13
5.682584422290893538e-10 7.400000000000000000e+01 7.659370802200224926e-01 1.107765088014758924e-11
2.948270214638950728e-11 5.100000000000000000e+01 9.303793184814208583e-01 7.209510659071128982e-13
1.249636742912288115e-11 3.500000000000000000e+01 5.246616735885378802e-01 7.127663435997425316e-13
1.190789672429237193e-11 2.000000000000000000e+00 3.813152707959886478e-01 1.599914780537615263e-11
1.647293896468879310e-11 7.400000000000000000e+01 8.474486411161011867e-01 2.969704283425903959e-13
2.928490438810584907e-11 2.200000000000000000e+01 2.418580511798742727e-01 5.557799805175797827e-12
7.280735417031973489e-11 3.100000000000000000e+01 7.334275263006456713e-01 3.508447563071462922e-12
4.806845269748267327e-11 1.000000000000000000e+01 4.839978528132399815e-01 1.033015827363120500e-11
8.420127480306864931e-11 9.300000000000000000e+01 1.533542991508990205e+00 9.060186702743759812e-13
1.787605938479273410e-11 4.900000000000000000e+01 7.192790949593337313e-01 5.537249453628483236e-13
6.347024290660200920e-10 3.400000000000000000e+01 1.343436745045061276e-01 1.393738129074001838e-10
2.739396584948544709e-11 1.700000000000000000e+01 9.651774906356667127e-01 1.959994910160780908e-12
1.669349496331340311e-11 7.000000000000000000e+00 2.789549187656625850e-01 8.660887314522855979e-12
1.648151935500091041e-10 7.000000000000000000e+00 7.415298313186745593e-01 3.485999423047357245e-11
4.179709111451252919e-10 5.000000000000000000e+00 1.344043638294451171e+00 8.579027831387429161e-11
7.461567746700659244e-10 9.700000000000000000e+01 1.555403476209009872e+00 7.693249283863181038e-12
3.742475292953038812e-10 2.900000000000000000e+01 1.164354406672449604e+00 1.404966726927538054e-11
1.837781474378422667e-10 4.000000000000000000e+00 1.051926702945507275e+00 5.290831398304510838e-11
4.608797318632155426e-10 6.300000000000000000e+01 1.295615236565541117e+00 7.601552037394433924e-12
2.289127093880115756e-10 3.300000000000000000e+01 9.044504758290183855e-02 7.680039365327511355e-11
3.801434440349967867e-11 1.000000000000000000e+00 2.966596669327341007e-01 1.300402957848156462e-10
1.269085130767241996e-10 8.800000000000000000e+01 9.472286219360875892e-01 1.776474041274363451e-12
2.507191068620208675e-10 9.200000000000000000e+01 9.577279074096421985e-01 3.332012614293204733e-12
5.977231051382410420e-11 7.000000000000000000e+01 8.951731541032442035e-03 9.538954006727676964e-11
4.373776871964815635e-10 3.000000000000000000e+00 7.473854544455867110e-02 1.952518332680288524e-09
1.280696484791625102e-11 7.800000000000000000e+01 1.398357951731603599e+00 1.666635935622418636e-13
1.384845869018061015e-10 6.800000000000000000e+01 3.216279439114226868e-01 6.442468547433604379e-12
7.554619233073277377e-11 5.700000000000000000e+01 9.333733839167933644e-01 1.649227048175641390e-12
5.582532721325991200e-11 6.300000000000000000e+01 1.151385363359850311e+00 9.702049713737598389e-13
3.132423754277307811e-10 8.900000000000000000e+01 1.221734918617678467e+00 3.745449824344176091e-12
9.155338808328734324e-10 1.800000000000000000e+01 1.543842760476811793e-01 3.307694732969715254e-10
9.831946851871364591e-10 5.000000000000000000e+01 9.325709281669246620e-01 2.448333307513470261e-11
3.762752946737038182e-10 3.700000000000000000e+01 5.034374930999019337e-01 2.107954469136771312e-11
6.863345581413554515e-11 7.700000000000000000e+01 6.408371594093400514e-01 1.490873402197274668e-12
2.226199107803232243e-10 4.700000000000000000e+01 1.033945164367489955e+00 5.512004074382943326e-12
1.232052395390388685e-10 6.500000000000000000e+01 1.348150956672721890e+00 1.943435554148149923e-12
8.101153437037082379e-11 7.300000000000000000e+01 1.457591832811720556e+00 1.116896061861834566e-12
1.030810653862587098e-11 1.200000000000000000e+01 6.740147948556256541e-01 1.376334782176545266e-12
1.100774055199104355e-11 3.800000000000000000e+01 1.110027892573579589e+00 3.234049313448027383e-13
5.379902314414463170e-11 4.300000000000000000e+01 9.451943003399521093e-01 1.543453632042298802e-12
2.804250351177179773e-10 6.300000000000000000e+01 5.190248456331887361e-01 8.973566786958943367e-12
7.338397476378334759e-11 9.200000000000000000e+01 5.906974115971994621e-01 1.432203349655209685e-12
1.127693345369389804e-10 5.200000000000000000e+01 7.205940910791087672e-01 3.286660375816825372e-12
1.498409376975012471e-10 8.600000000000000000e+01 1.486594027830533182e+00 1.748531390903597820e-12
1.280722330277427200e-11 5.000000000000000000e+00 1.355133365758858899e+00 2.622188339170441171e-12
4.906291889991115629e-10 2.400000000000000000e+01 7.598450516861487980e-01 2.967858894607267172e-11
2.221599391839269264e-10 1.000000000000000000e+01 1.995093002142039051e-01 1.120953356233221392e-10
2.967515429775731190e-11 3.800000000000000000e+01 4.351929907667515529e-01 1.852353266045512739e-12
9.111136969421824305e-10 7.500000000000000000e+01 4.071447258357016596e-01 3.067807518828295889e-11
2.112040369906202395e-10 2.700000000000000000e+01 6.757845600968910293e-01 1.250559750306498257e-11
9.318297075312149702e-10 7.800000000000000000e+01 1.515735035187899982e+00 1.196466704492297630e-11
1.565084656955319199e-10 5.700000000000000000e+01 1.456532742428054750e+00 2.763785154282998947e-12
1.378883234816977855e-11 3.000000000000000000e+01 1.502924041141012079e+00 4.606884522281913630e-13
2.309507807345472657e-10 5.000000000000000000e+01 7.673616998317542848e-01 6.653353167965614402e-12
1.022100766174995171e-11 2.000000000000000000e+01 9.573008724388790691e-01 6.250305990061499221e-13
3.199437791419604002e-10 7.100000000000000000e+01 7.383431694757509600e-01 6.695134433811638509e-12
1.265350817347053298e-11 3.500000000000000000e+01 1.417983212400950599e-01 2.558162740346988901e-12
4.748972881519230104e-10 1.000000000000000000e+00 7.740857357112009840e-01 6.793344102173986468e-10
6.337650191964716028e-11 3.000000000000000000e+00 7.167220091633240697e-01 3.215856736348412688e-11
2.433586044023852876e-10 5.700000000000000000e+01 1.093739876739235894e+00 4.806042130398748154e-12
6.971875660739094171e-11 5.000000000000000000e+00 5.827330017099472403e-01 2.533808851282808968e-11
8.632304469687665202e-10 4.100000000000000000e+01 7.553720655299450693e-01 3.071126358218753369e-11
5.854861612586671448e-10 7.000000000000000000e+01 9.606064458886812152e-02 8.720496714867839774e-11
3.995715014440406892e-10 5.000000000000000000e+01 1.274390796843054285e-01 6.287790369737389079e-11
3.514708084157249785e-10 4.700000000000000000e+01 7.537502580586472600e-01 1.092685986510704314e-11
2.774411466628953014e-11 9.000000000000000000e+00 1.721057394056484113e-01 1.800027431874417689e-11
1.800936092625259859e-10 5.800000000000000000e+01 3.793812924311765200e-01 8.384223624255473295e-12
1.401182172759542877e-11 7.700000000000000000e+01 7.622810018428539669e-01 2.635082891507744460e-13
2.180188929101230794e-11 5.300000000000000000e+01 6.146450920731542089e-01 7.133324010022993758e-13
2.874324386492490624e-11 9.400000000000000000e+01 2.712067681728665483e-02 1.127614477866851409e-11
2.053686069827418923e-11 3.100000000000000000e+01 1.272473752805116209e+00 6.930926865643587271e-13
7.685604600260232706e-10 7.000000000000000000e+01 8.136294311010202618e-01 1.510685673604715605e-11
3.789889462696948849e-11 9.200000000000000000e+01 8.705467987709684108e-01 5.387139006560662701e-13
4.818574923382594885e-10 2.800000000000000000e+01 5.132751739414398440e-01 3.504692287402466955e-11
1.816034028881434208e-10 8.900000000000000000e+01 8.874562134140911995e-01 2.631297862406026834e-12
5.873004637784564105e-10 9.200000000000000000e+01 6.466038216534966132e-01 1.059571826550261940e-11
8.080697122985657978e-11 6.600000000000000000e+01 1.189029365331449428e+00 1.319329503493569961e-12
1.464743856437361774e-10 8.600000000000000000e+01 1.531317668552001354e-01 1.116597339546942907e-11
1.984409068901969649e-11 9.000000000000000000e+00 1.246260957772379330e+00 2.326336069819070270e-12
4.440444064851908237e-10 2.100000000000000000e+01 1.885900730384193202e-01 1.127887303171279632e-10
3.722908211662164545e-10 5.700000000000000000e+01 9.525737154174062082e-01 8.014895816781929636e-12
8.244387868492956050e-10 3.200000000000000000e+01 3.753624098502272854e-01 7.027558182448913840e-11
2.656690892929143576e-11 9.200000000000000000e+01 6.993596768518595130e-01 4.485913847032167766e-13
3.508354684984290726e-11 1.800000000000000000e+01 1.152799451608719661e+00 2.132703372631019268e-12
1.108386287638424478e-11 9.600000000000000000e+01 7.490951654625005451e-01 1.695461119375464378e-13
8.534524622512189621e-10 5.400000000000000000e+01 1.441041414312430158e+00 1.593866142213330610e-11
2.838066936285865844e-11 1.600000000000000000e+01 2.150411772807599153e-01 8.312532492258839681e-12
1.904559453068432808e-10 5.100000000000000000e+01 1.430391843883331626e+00 3.771544285749994758e-12
1.989792405738313676e-10 1.600000000000000000e+01 1.386166994978683009e+00 1.265121800378924324e-11
5.923459736514840354e-10 1.800000000000000000e+01 1.124176875116398522e+00 3.648703633506905219e-11
6.844065524135871446e-10 7.100000000000000000e+01 1.164037363776555090e+00 1.049591231628101630e-11
2.395927545389260278e-10 2.100000000000000000e+01 1.764129315594911984e-01 6.500981965268407947e-11
5.014117298520910920e-10 5.500000000000000000e+01 1.292940290445445672e+00 9.480182425076372325e-12
1.236667544252000945e-11 3.200000000000000000e+01 9.605498752556372866e-01 4.715746146189556333e-13
3.003845206586357119e-10 6.400000000000000000e+01 5.890238432155346926e-01 8.448404760489692770e-12
1.706536224057180901e-10 8.800000000000000000e+01 1.156401333969999445e+00 2.118560487005977780e-12
1.505860534873029587e-11 8.800000000000000000e+01 1.488773928568839944e+00 1.716977548386241478e-13
1.107376290957735837e-11 2.700000000000000000e+01 5.857719875189097980e-01 7.418733544254483501e-13
1.840213313057978423e-11 2.800000000000000000e+01 3.265356079297784819e-01 2.048920081390029363e-12
1.549961251378354386e-11 6.400000000000000000e+01 8.983292788300381027e-01 3.095812136323039053e-13
2.273085140313698649e-10 4.100000000000000000e+01 1.332724089177333759e+00 5.705023692484545910e-12
8.844692101894273004e-10 7.100000000000000000e+01 1.402774963062753733e+00 1.263524758506182994e-11
5.958827286213520581e-11 1.200000000000000000e+01 1.013402302319118986e+00 5.851373891104353650e-12
6.824153433072117395e-10 9.900000000000000000e+01 1.427725916381612226e-01 4.844457978729273858e-11
8.949839420119680713e-10 8.700000000000000000e+01 8.720142890824282844e-01 1.343628397243954688e-11
9.194235119330730246e-11 6.000000000000000000e+01 7.231392118157830007e-01 2.315666356031481424e-12
1.366243529995941787e-10 7.100000000000000000e+01 1.633141558213314914e-01 1.183527100887463186e-11
5.457961473614225038e-10 2.400000000000000000e+01 5.735528517335646281e-01 4.191057298018127125e-11
2.032540042162407806e-11 8.000000000000000000e+00 1.243837341470495489e-01 2.047886870201493727e-11
4.757564936113443028e-10 1.500000000000000000e+01 1.422232939937375873e+00 3.207036288560644174e-11
1.264879506299138693e-10 9.900000000000000000e+01 1.563600764777831609e+00 1.277689143714687801e-12
2.719070880674723539e-11 9.400000000000000000e+01 1.219688301845545331e+00 3.080567235636624906e-13
3.045563003110402695e-10 2.100000000000000000e+01 1.341207521425052285e+00 1.489348518711896764e-11
2.880237748780906956e-11 8.800000000000000000e+01 9.304995065166291601e-01 4.081459142640393420e-13
3.516881167600068007e-10 8.500000000000000000e+01 1.384164385915854778e-01 2.998739684324203722e-11
2.707362287819245861e-10 7.700000000000000000e+01 9.225014315295705369e-01 4.410978237067659638e-12
5.393334479676141345e-11 4.500000000000000000e+01 1.087087765849100940e+00 1.353835842661539809e-12
4.424095795530297672e-11 6.800000000000000000e+01 3.238907962440493171e-01 2.044264223788525765e-12
1.539753003794282079e-10 8.600000000000000000e+01 1.460104734576908481e+00 1.801435364858075029e-12
5.943910299882460628e-10 9.600000000000000000e+01 1.533225047533765206e+00 6.195945816379135048e-12
1.500151240396930426e-11 7.900000000000000000e+01 5.945464850280425262e-01 3.390132730797520670e-13
3.191361148326010900e-10 9.000000000000000000e+01 9.756138365210385022e-01 4.282317630971018312e-12
1.647482335014193170e-10 8.700000000000000000e+01 9.332286791908983581e-01 2.356626650911960881e-12
1.110707805815421163e-11 3.400000000000000000e+01 6.195591471867197692e-02 5.276136365655032145e-12
4.494967077801623524e-11 1.100000000000000000e+01 8.615707410504876984e-01 5.384786443294574758e-12
2.636349587082753230e-11 3.400000000000000000e+01 1.732592378578113324e-01 4.497826413890163433e-12
5.405822632940953331e-11 4.900000000000000000e+01 6.648532162029648918e-01 1.788217065526358561e-12
4.182444062488716260e-10 1.100000000000000000e+01 4.452978920292947063e-01 8.827457194329928801e-11
7.015349890485404164e-10 7.300000000000000000e+01 1.341960620728411602e+00 9.867297259137645515e-12
1.373737845499694607e-11 1.900000000000000000e+01 3.456936591968522432e-01 2.133750150401561004e-12
7.579988639056650496e-10 9.700000000000000000e+01 7.802635232276911026e-01 1.110844460194938652e-11
1.987439668697327206e-11 5.700000000000000000e+01 9.059869545749567044e-01 4.430220919622319818e-13
3.639139489616747174e-10 3.200000000000000000e+01 9.168613491684355493e-03 1.240369686167771890e-09
9.971218224986593136e-10 4.400000000000000000e+01 8.291845845927074965e-01 3.073291158888065114e-11
4.946037867269708653e-10 3.200000000000000000e+01 3.610684062394150518e-01 4.375179187096309243e-11
1.383345401387653889e-11 2.200000000000000000e+01 1.068738080628631293e+00 7.173143051026883350e-13
3.780702497164970235e-10 8.700000000000000000e+01 8.794512233731740514e-01 5.640831369876658455e-12
5.505518103530764732e-11 9.400000000000000000e+01 1.103962225845926515e+00 6.558734409873869764e-13
4.091380318095442069e-11 7.700000000000000000e+01 1.117540142725792052e+00 5.910263899377331646e-13
6.593077684686161183e-11 3.500000000000000000e+01 6.077374867306852835e-01 3.298946482388734456e-12
4.535214486525964512e-10 7.900000000000000000e+01 1.146236329870258475e+00 6.300100313717055274e-12
7.415495478557394541e-11 1.700000000000000000e+01 5.767293249585988546e-01 7.999586381809398637e-12
1.376458865113004064e-11 7.300000000000000000e+01 1.374830696135954877e+00 1.922353737330409213e-13
1.904988607085473408e-11 3.000000000000000000e+00 2.828419569971480918e-01 2.275272286246787248e-11
1.809447710997998761e-10 6.600000000000000000e+01 7.166190539296760642e-01 4.173910273983955324e-12
1.253538389240349492e-10 1.400000000000000000e+01 3.383853964726076802e-01 2.697230002964423191e-11
3.080516494299458389e-10 9.500000000000000000e+01 4.619759611101715291e-01 7.275116479788008746e-12
1.158302111626355939e-11 8.200000000000000000e+01 3.352416958792817092e-01 4.293539898474776030e-13
1.254417567476790182e-11 7.400000000000000000e+01 1.016273478981834844e+00 1.993948520140742191e-13
9.513859299291059943e-11 4.500000000000000000e+01 7.239787305093823289e-01 3.191854693590226570e-12
2.270760139964117347e-10 3.600000000000000000e+01 8.095777877275308620e-01 8.712295507098490990e-12
2.632873958351289441e-10 2.800000000000000000e+01 3.769582462197609285e-01 2.554543559275160383e-11
4.476070756241537880e-11 2.400000000000000000e+01 1.395722270909924623e+00 1.893981561060204566e-12
4.072465032907151272e-10 8.300000000000000000e+01 1.306662393899763686e+00 5.082863312479739635e-12
2.208619577801768748e-11 1.600000000000000000e+01 7.306125750921007578e-01 2.068535119087389320e-12
5.004569082906975771e-10 8.200000000000000000e+01 1.156987909254059421e-01 5.286806005147197157e-11
5.910342278650519046e-10 5.800000000000000000e+01 2.743052334227846223e-01 3.761928759426770053e-11
1.937538037203465928e-11 7.000000000000000000e+00 1.371534111616500740e+00 2.823786057484353779e-12
2.402649583452701364e-10 2.300000000000000000e+01 2.064359664062960231e-01 5.096432345594990757e-11
1.017906894522128023e-11 2.700000000000000000e+01 1.079590048525378876e+00 4.275546915468363606e-13
8.129921742491942890e-10 5.400000000000000000e+01 2.423465436173542764e-01 6.273577708891207346e-11
1.262456728881243974e-10 5.900000000000000000e+01 5.994608941864683072e-01 3.792567964751682058e-12
6.083830984683956119e-11 5.700000000000000000e+01 1.417626973362707377e+00 1.079982676722103539e-12
4.404980343754167158e-10 4.300000000000000000e+01 2.780729553898039774e-02 3.684450595088148495e-10
1.599027633800431795e-10 4.200000000000000000e+01 2.487200819033178190e-01 1.546617051675571502e-11
1.250054921954995255e-11 4.300000000000000000e+01 9.309565705625140186e-01 3.623953471252184907e-13
6.156301709823751589e-11 4.400000000000000000e+01 1.481670824193916491e+00 1.404734941694350599e-12
2.740662752564191318e-10 6.000000000000000000e+01 1.124404520988728340e+00 5.063988007920571596e-12
2.538567003593302802e-10 4.000000000000000000e+01 7.407452744433289382e-01 9.404355859694119110e-12
1.475640564152888580e-11 3.800000000000000000e+01 1.590166190295597692e-01 2.452371727564504424e-12
3.565901469188621710e-11 5.400000000000000000e+01 1.422172734944477046e+00 6.677131073166687517e-13
7.905807329208019041e-11 4.000000000000000000e+00 3.983379212105515599e-01 5.095432930538122735e-11
1.111207716491455202e-10 2.100000000000000000e+01 1.352282160364116637e+00 5.420358043911739679e-12
5.059420507557386457e-11 1.500000000000000000e+01 4.497561323790698062e-01 7.758432597758662827e-12
7.443729551271298702e-11 3.000000000000000000e+01 1.223974133978757761e+00 2.638335956775235993e-12
2.977056657292146888e-11 6.400000000000000000e+01 1.334788398257254816e+00 4.784275161495729551e-13
2.552582993674428494e-11 6.700000000000000000e+01 1.083374158409127430e+00 4.311985773891718607e-13
3.747607448936485652e-11 1.900000000000000000e+01 2.473887021819124246e-02 7.973792502592001311e-11
2.632071259349448007e-11 6.500000000000000000e+01 8.308986924437963273e-01 5.482917207393036005e-13
2.808715307583189054e-11 1.900000000000000000e+01 3.315287263517784355e-01 4.541694860445756107e-12
1.418137327749566051e-11 9.500000000000000000e+01 1.506305892416931469e+00 1.495885763005160198e-13
2.953517745857237189e-11 1.200000000000000000e+01 1.361114434125155537e+00 2.516380625489363145e-12
1.997959651113350673e-11 7.800000000000000000e+01 5.484114500374457357e-01 4.913347533806056805e-13
3.072125350888152365e-11 1.400000000000000000e+01 3.758594035653429200e-01 5.978050084214958834e-12
1.053580814527264141e-10 3.100000000000000000e+01 4.475917529821447638e-01 7.852774861877289156e-12
3.921668901340945101e-10 7.500000000000000000e+01 3.888716695971864562e-02 1.344970687040320711e-10
1.097064839580972932e-10 4.200000000000000000e+01 6.201548979157704977e-01 4.494551674447937141e-12
2.938642746465111244e-11 2.000000000000000000e+01 5.437852434501925236e-01 2.839932723899928095e-12
1.369632343489211391e-11 9.900000000000000000e+01 7.298319862400954872e-01 2.074958499233173702e-13
5.174948694159515717e-10 9.400000000000000000e+01 7.985902901490122829e-01 7.684911136962207866e-12
8.855657020756621448e-11 7.900000000000000000e+01 4.149375065226590387e-02 2.702312897996302713e-11
5.231481026335354605e-10 9.300000000000000000e+01 1.199920286075164766e+00 6.035608223172420119e-12
2.070763502773271672e-11 2.600000000000000000e+01 1.526527779265796525e+00 7.972285396024674303e-13
5.659859783788456380e-10 5.400000000000000000e+01 1.060662116990576775e+00 1.201039791568753302e-11
7.662582665922487747e-11 4.300000000000000000e+01 2.793400392093844387e-01 6.463032700155739895e-12
2.546030761368205041e-11 7.700000000000000000e+01 2.064540031265841291e-01 1.613017883670923510e-12
4.310432943710204579e-11 9.500000000000000000e+01 1.018226482073858463e+00 5.330606827754044966e-13
1.644264056646559011e-11 6.500000000000000000e+01 7.594169609751501016e-01 3.674134657657022184e-13
1.316131761343998468e-11 6.700000000000000000e+01 1.870633816770231328e-01 1.056261872859260065e-12
1.681111635631528919e-11 4.700000000000000000e+01 3.269697828544094742e-01 1.113671719671706820e-12
1.427186299073547601e-10 5.100000000000000000e+01 1.089427172705220270e+00 3.157180698310732483e-12
8.266483806792139291e-11 6.000000000000000000e+01 1.126390018422114281e+00 1.525970854042660759e-12
2.250149893226414341e-11 5.300000000000000000e+01 1.039735834175532059e+00 4.923705471492090239e-13
5.289317535478925137e-10 1.000000000000000000e+01 1.433438156927679952e+00 5.339610313160942152e-11
3.221635243051904914e-11 7.800000000000000000e+01 1.362299652622968482e+00 4.221730804635304354e-13
2.159876408312621252e-11 2.200000000000000000e+01 6.618192053630244098e-01 1.597522121283464843e-12
8.049124616952527572e-10 5.000000000000000000e+01 1.321935170850543573e+00 1.660994263687893045e-11
2.580010576613659292e-11 5.000000000000000000e+00 1.262811285598102407e+00 5.414807804292488564e-12
1.331565107396601770e-11 8.800000000000000000e+01 9.693352175683042082e-01 1.835202317972732418e-13
2.633681661378506236e-11 2.500000000000000000e+01 2.620671178070436147e-01 4.066243044874188322e-12
5.050979768990884190e-10 1.000000000000000000e+01 1.321423850582596371e+00 5.212206434176738260e-11
1.721301271622378610e-10 1.000000000000000000e+00 1.166384728846797225e+00 1.872334888931546833e-10
2.122607797789006809e-11 8.400000000000000000e+01 1.471531457371343832e+00 2.539414855483022078e-13
4.468043563947815682e-10 9.900000000000000000e+01 6.174929039487719873e-01 7.794872076567040630e-12
1.345312649794834293e-11 5.000000000000000000e+01 3.166394707754137117e-01 8.641112918436075659e-13
3.619738946838980708e-10 4.000000000000000000e+01 4.968659994402423452e-01 1.898439878219888407e-11
4.245255345048729184e-11 5.100000000000000000e+01 1.522950658398912971e+00 8.333566902755510307e-13
1.813893321936388411e-11 2.000000000000000000e+00 1.141194966873310346e+00 9.975963905931567238e-12
2.009554677219606251e-10 3.600000000000000000e+01 1.494665813957982481e+00 5.598311993605498194e-12
5.370938691833903306e-11 5.300000000000000000e+01 8.024601245213446032e-02 1.264203724855739474e-11
1.261786493749298486e-11 8.400000000000000000e+01 8.178992472126639379e-01 2.058522753909196828e-13
1.677453800643404970e-11 6.300000000000000000e+01 4.593315386719884486e-01 6.005708577042598778e-13
8.470464101070035870e-10 1.000000000000000000e+00 3.917585404550852912e-01 2.218477342702332592e-09
4.481959927577130805e-10 4.600000000000000000e+01 4.174984342280870786e-01 2.402957145269053721e-11
8.123611362650198889e-11 2.200000000000000000e+01 8.404968574759211775e-01 4.956612362868899502e-12
6.802784381744293774e-11 9.200000000000000000e+01 7.498486870949785388e-01 1.084963557579427764e-12
5.529199418724491187e-11 2.900000000000000000e+01 2.496825606072070602e-01 7.716100581643899067e-12
2.554647531796993590e-11 6.000000000000000000e+01 2.756229163578165497e-01 1.564505711007319176e-12
2.156459621846116377e-11 3.500000000000000000e+01 5.176208357428960793e-01 1.245177499699434274e-12
1.043068305161330225e-10 2.000000000000000000e+01 5.891307638352308862e-01 9.386212892719992220e-12
6.338672860792504698e-10 1.800000000000000000e+01 2.537993498697684869e-01 1.402516014232340371e-10
2.386671215196837165e-10 2.300000000000000000e+01 8.660422948858769177e-01 1.362198403550745518e-11
2.466602906535302219e-11 1.400000000000000000e+01 1.076639851519837654e+00 2.001273356392242080e-12
1.209145821937265924e-11 2.300000000000000000e+01 1.301292690598953916e+00 5.454028882021659038e-13
4.213617966395256521e-11 5.100000000000000000e+01 7.368964586589399346e-02 1.122203531745576449e-11
5.304464369931777172e-10 3.700000000000000000e+01 6.600977592704273533e-01 2.337985753751079201e-11
5.964413074245566232e-11 4.600000000000000000e+01 1.069506468724382486e+00 1.478524049085717592e-12
1.428560498195951842e-10 5.900000000000000000e+01 4.509848662233203465e-01 5.555299013966958573e-12
1.692322362611622887e-11 4.000000000000000000e+01 5.561451492678042285e-01 8.014161655746173498e-13
9.001529534776602073e-11 9.300000000000000000e+01 5.385371244874114643e-02 1.798157217403393315e-11
4.921377618530367530e-11 9.100000000000000000e+01 5.415787867817007939e-01 1.049120764571847634e-12
4.613701361018323503e-10 8.000000000000000000e+01 8.297518525098794839e-01 7.817035856899458568e-12
1.239031652034429954e-10 4.700000000000000000e+01 3.121975816361414746e-01 8.582879053960656019e-12
1.605784530348050282e-10 7.700000000000000000e+01 3.017418741160902140e-01 7.017321336560571419e-12
1.169709595603974769e-11 5.200000000000000000e+01 8.572177966278866218e-03 2.624151164489712590e-11
2.333837161584084727e-10 6.800000000000000000e+01 1.140094077116031279e+00 3.777062057241742540e-12
2.452900345985852635e-10 4.100000000000000000e+01 1.555451447607738791e+00 5.983388197074789041e-12
6.190822571799485155e-11 8.800000000000000000e+01 1.278243987877169641e+00 7.347201572553189990e-13
1.605801253014662043e-11 2.000000000000000000e+00 2.779065860208987937e-01 2.926628947269447052e-11
3.803102976717807757e-11 3.400000000000000000e+01 1.456048736233049645e+00 1.125964360651116505e-12
1.032592614986279344e-11 6.200000000000000000e+01 1.084199435069170894e-02 1.536160724015148225e-11
5.066536852374143075e-11 8.800000000000000000e+01 9.001167441353422616e-01 7.349287860536202602e-13
5.202118897722704031e-10 3.100000000000000000e+01 1.058676869012225685e+00 1.925074803456917693e-11
2.902168118967596931e-10 5.900000000000000000e+01 1.127593461735637792e+00 5.445010713575912820e-12
4.096790636434624118e-10 9.000000000000000000e+00 1.845612114624384237e-01 2.480442618411012364e-10
1.437998223495047058e-11 6.000000000000000000e+00 7.735936313548859022e-01 3.430123363892780555e-12
2.524421370232814592e-10 2.000000000000000000e+00 8.748883646950883497e-01 1.644634311734522166e-10
4.397667164289077280e-11 5.000000000000000000e+00 9.957269260221816021e-01 1.048118519568671329e-11
6.871478417599711419e-10 9.600000000000000000e+01 2.466493073663857116e-01 2.931645582240890892e-11
2.852129309176966748e-10 4.400000000000000000e+01 8.313379173117104726e-01 8.773439283056044272e-12
1.481413916627865761e-11 8.000000000000000000e+00 2.598686150029389519e-01 7.206622269948338068e-12
3.182741998932545241e-11 5.000000000000000000e+01 7.931565797363558656e-02 8.033928286509742123e-12
3.299039498084203027e-10 5.300000000000000000e+01 1.508597065726599462e+00 6.236662976631794204e-12
8.767287881236992040e-10 9.000000000000000000e+01 1.567873461410282054e+00 9.741472590514679907e-12
2.829521350690040149e-10 2.900000000000000000e+01 5.324625491427834589e-01 1.921962973449636423e-11
1.182714084850631129e-10 8.100000000000000000e+01 1.217385752746808825e+00 1.556325208776456324e-12
1.513851672897676907e-10 5.300000000000000000e+01 7.467837336600156029e-01 4.204916656182785222e-12
7.881088163544858164e-11 8.000000000000000000e+01 1.005899905387790949e-01 9.810114335959791082e-12
5.841306707950287636e-11 5.500000000000000000e+01 1.166292668057044235e+00 1.155290163141028534e-12
1.815760940469188624e-10 1.900000000000000000e+01 1.504769125880342506e-01 6.374929881480639918e-11
1.589720095539481329e-11 7.500000000000000000e+01 1.560886695006717062e+00 2.119730872836975403e-13
1.024956270244204887e-10 2.300000000000000000e+01 1.023607947409001628e+00 5.218243425889168011e-12
8.735025040922319625e-10 7.100000000000000000e+01 4.092196176997301982e-01 3.091996253750959952e-11
9.366961658629327124e-11 3.000000000000000000e+01 6.377434179719997376e-01 5.244213705745906366e-12
4.227492368477576211e-11 4.000000000000000000e+01 3.460307265782778252e-01 3.116089374051638989e-12
6.951703500238924370e-11 4.200000000000000000e+01 2.577003854288859586e-01 6.494480946264563984e-12
9.456879710158267228e-10 7.900000000000000000e+01 1.544160568799485711e+00 1.197498146594252817e-11
4.649586002329657477e-11 7.700000000000000000e+01 5.106694795170073631e-01 1.235454172062598178e-12
3.118844420566875971e-10 5.100000000000000000e+01 1.482434342771177693e+00 6.139333092266598410e-12
1.411820259573133611e-10 8.400000000000000000e+01 1.046459916211299968e+00 1.941576935067152102e-12
8.514021653112079946e-10 2.000000000000000000e+00 1.267058151298905644e+00 4.461222808095138741e-10
3.838726461944442906e-10 4.500000000000000000e+01 3.289127041395783491e-01 2.640906501217280829e-11
1.475363669140337992e-10 9.000000000000000000e+00 1.076646199785379565e+00 1.862045548427765595e-11
1.723745828712478231e-10 9.400000000000000000e+01 4.228684263124923293e-01 4.468496370818419160e-12
1.647248535489920736e-11 6.400000000000000000e+01 7.065248451845259625e-01 3.964645683375337091e-13
8.822870875502241966e-10 8.800000000000000000e+01 1.257564966003021700e+00 1.053877651246193117e-11
4.461501156603930454e-11 8.900000000000000000e+01 1.043827846072004517e+00 5.799740783365152253e-13
1.297260938022327362e-11 2.400000000000000000e+01 1.017882789875630634e+00 6.351664365511828136e-13
4.742750614853227254e-11 5.900000000000000000e+01 3.816389796774760090e-01 2.158338654565679430e-12
8.217482600642170648e-11 4.600000000000000000e+01 1.038793074757067059e+00 2.072899210718653356e-12
3.031962363117749799e-11 3.700000000000000000e+01 8.812761198525401740e-01 1.062080062578252871e-12
1.734715661654391556e-10 2.700000000000000000e+01 3.911315163249958204e-01 1.685280081633485891e-11
5.855525310164814224e-10 3.900000000000000000e+01 9.232589144011020821e-01 1.882484962358412194e-11
6.787777126625588283e-11 2.200000000000000000e+01 1.336725028020026906e+00 3.171849044286983311e-12
5.698735978498248702e-11 9.600000000000000000e+01 1.116658661022345012e+00 6.605743760697142521e-13
1.048842127785862127e-11 5.100000000000000000e+01 7.072466706102057410e-01 3.165178072410553147e-13
6.947743647570830858e-11 8.300000000000000000e+01 9.196999070895875983e-01 1.052372051799801892e-12
1.608436570074352955e-11 7.300000000000000000e+01 1.128401426602461566e+00 2.438051449889612813e-13
8.902079274346451742e-11 1.500000000000000000e+01 1.449111505529407928e+00 5.978930519622368531e-12
1.757908796344489755e-11 5.400000000000000000e+01 1.345779520083249525e-01 2.426277054205822393e-12
5.034814048391550976e-10 3.300000000000000000e+01 1.253904427813744116e+00 1.605648832480996032e-11
8.510316758329989732e-11 4.600000000000000000e+01 6.922009021550230567e-01 2.898735476959328377e-12
1.975151765998065958e-11 5.600000000000000000e+01 5.267038636427375797e-01 7.016411877567037760e-13
4.955299168313775431e-10 3.700000000000000000e+01 1.370608793225270849e+00 1.366561225047973573e-11
2.237230848636227530e-10 8.000000000000000000e+00 8.709303072943612722e-01 3.655947694834611486e-11
2.876812055248605482e-10 2.700000000000000000e+01 6.887986666408471015e-01 1.676319774505596876e-11
3.433038274277446190e-10 8.100000000000000000e+01 1.237313114620056886e+00 4.485430669433405863e-12
2.170535744277660602e-10 8.900000000000000000e+01 1.051254741418911731e+00 2.809530572230137629e-12
4.011585086336016914e-11 8.300000000000000000e+01 5.542615367148121530e-01 9.183151000363746085e-13
8.501094847065849540e-11 1.800000000000000000e+01 4.151883023288780450e-01 1.170865783038572679e-11
8.421220547645498495e-11 5.500000000000000000e+01 1.000763664602698944e+00 1.818697341161638769e-12
2.586147212702538816e-11 9.400000000000000000e+01 7.450532314011497625e-01 4.057781784570753244e-13
2.029662924818363546e-10 2.300000000000000000e+01 4.017080145592333840e-01 2.256988609782712400e-11
1.089163781058079777e-11 1.700000000000000000e+01 8.751391668793278011e-01 8.346238726059854703e-13
4.562153965384371615e-11 9.000000000000000000e+01 6.653784154772436343e-01 8.210907187741644367e-13
6.451271359952341218e-10 6.500000000000000000e+01 3.231695638602301024e-01 3.125269758301946365e-11
6.386243339598644422e-11 4.200000000000000000e+01 1.218174553298103868e+00 1.620225838485527210e-12
5.853618165372790337e-10 1.700000000000000000e+01 5.289935028031512720e-01 6.822955898303639059e-11
6.471703384269791042e-11 4.900000000000000000e+01 1.495548636508076568e+00 1.324503836362647110e-12
1.225652726243405532e-10 5.300000000000000000e+01 4.970356565512852598e-02 4.654605217309326792e-11
4.008311467669718187e-10 8.100000000000000000e+01 1.207792020854884907e+00 5.293486639215724832e-12
6.906062063878678335e-10 7.000000000000000000e+00 1.128917891977015087e+00 1.091410287975771460e-10
1.177081911199131124e-10 6.100000000000000000e+01 1.502617922934421424e+00 1.934135953389425633e-12
6.214618499572690002e-10 5.200000000000000000e+01 1.640806446644449690e-01 7.316514547983454849e-11
4.321086710923546473e-10 1.400000000000000000e+01 1.489541152044331129e+00 3.096707741318281324e-11
1.929106812716038638e-11 5.100000000000000000e+01 1.070176973196475645e+00 4.311666557603096912e-13
1.423380923261016167e-10 7.100000000000000000e+01 3.228343850734535780e-01 6.319070962307465032e-12
1.921129069501906221e-10 1.700000000000000000e+01 1.102336884709080200e+00 1.266525096334785501e-11
4.290191028980217761e-11 5.700000000000000000e+01 1.093517015946254389e+00 8.473591791947653286e-13
8.011190992528665269e-10 8.000000000000000000e+00 3.744871081162252091e-01 2.737594120589966827e-10
2.759709418266477257e-10 6.200000000000000000e+01 8.011343099287240310e-01 6.198105646062536723e-12
1.469367552351210545e-10 1.500000000000000000e+01 1.523390336348594110e+00 9.806801167869498392e-12
2.748189353158298297e-11 2.000000000000000000e+01 2.569823120256330973e-01 5.406349527911312258e-12
8.018213384713539959e-11 5.400000000000000000e+01 1.045451194884715385e+00 1.716295181666016224e-12
2.123023241313124895e-11 4.100000000000000000e+01 7.375732276081041483e-02 7.026832310164239436e-12
1.470774978510103616e-11 2.900000000000000000e+01 1.155559578764300266e+00 5.542647372448315543e-13
1.668003188914769459e-10 7.500000000000000000e+01 6.451595571508119686e-01 3.698500480434430731e-12
4.120541451746606305e-10 6.100000000000000000e+01 6.369382459512249461e-01 1.135794134463865546e-11
2.190318134331813149e-11 8.000000000000000000e+00 3.395930644445600000e-01 8.219362124348767572e-12
2.910518382027909725e-11 7.300000000000000000e+01 1.362678834351728874e+00 4.074942178513640135e-13
5.257363996158809124e-11 3.000000000000000000e+00 2.687431501116058774e-01 6.600087574792046284e-11
2.272015418951695136e-11 2.000000000000000000e+01 1.165134653223068417e+00 1.236347867424227447e-12
8.333861833549214914e-11 9.100000000000000000e+01 3.837989513655060692e-01 2.445772255599452213e-12
8.760226074260231949e-10 4.300000000000000000e+01 1.264115195015347748e+00 2.136971308112523324e-11
5.632723156018124976e-11 1.900000000000000000e+01 1.336083808979260157e+00 3.048168127028317598e-12
2.813048891049675900e-10 5.900000000000000000e+01 1.513646549762564186e+00 4.775676264916158185e-12
6.457810223369686699e-10 4.000000000000000000e+01 9.501812756280206829e-01 1.984524901109257149e-11
4.174158663749867398e-10 5.100000000000000000e+01 1.288658054481232940e+00 8.521547047717507876e-12
1.208562832160633918e-11 5.700000000000000000e+01 4.272835082196671519e-01 5.116518618589150431e-13
2.341034178228635565e-10 3.400000000000000000e+01 6.555524522050039105e-01 1.129498927341699209e-11
3.980390222934251135e-11 3.300000000000000000e+01 2.044192224172290129e-01 5.941811404305894842e-12
1.973871072802094683e-11 2.600000000000000000e+01 5.119151960257314338e-01 1.549830660542699880e-12
1.294418674456841316e-10 1.700000000000000000e+01 5.549051887885209783e-02 1.372871739815386556e-10
1.868975017309879542e-10 3.500000000000000000e+01 1.556435914534852305e+00 5.340479272085899111e-12
2.132547655422246637e-11 1.400000000000000000e+01 1.021067986353931367e+00 1.786452680656790997e-12
5.292976798776452295e-10 5.400000000000000000e+01 4.370866868534161176e-01 2.315560209179590475e-11
4.914005510297270671e-11 4.300000000000000000e+01 1.692130460243282120e-01 6.785906190019903885e-12
6.736595582146518892e-11 7.400000000000000000e+01 2.669162349335704176e-01 3.451460449470502398e-12
1.624968195538985495e-11 4.200000000000000000e+01 5.191725715611490433e-01 7.797801120064161179e-13
5.624803535625702353e-10 2.000000000000000000e+01 7.910032650853070502e-01 3.955229506271171116e-11
1.491393615733938726e-10 4.200000000000000000e+01 1.830722444268722826e-01 1.950514253265700300e-11
3.095296097092078455e-10 9.800000000000000000e+01 2.149897071906982371e-02 1.469237188018543673e-10
2.451796776991208345e-11 7.300000000000000000e+01 1.520962575727973221e+00 3.362800451774258921e-13
1.108931908786453515e-11 1.100000000000000000e+01 3.962793065098778045e-01 2.611786297802447691e-12
1.583991186664542352e-10 5.800000000000000000e+01 8.758021385059432118e-02 3.122296213537618560e-11
2.789251378642462824e-10 3.300000000000000000e+01 8.260292751597775318e-01 1.149585177385658391e-11
4.594997516025586136e-10 7.500000000000000000e+01 3.748894892412765190e-01 1.673175968921301674e-11
7.255325479828474003e-11 1.800000000000000000e+01 7.413534527194229895e-01 5.968925382334496440e-12
2.394213319564591823e-10 2.500000000000000000e+01 6.184320677982071413e-01 1.651869858088509993e-11
2.167410366205484621e-10 6.500000000000000000e+01 1.549206838591856927e+00 3.335254747404870135e-12
1.334662921465838854e-10 1.600000000000000000e+01 1.519553918601043829e+00 8.352606932307010338e-12
8.810041905028476278e-11 4.600000000000000000e+01 2.606361761871102689e-01 7.432136111130354152e-12
2.274706288861102177e-11 6.000000000000000000e+01 1.864052269083741609e-01 2.045662464531666451e-12
2.156608573013740072e-10 8.000000000000000000e+01 1.559035260861967309e+00 2.695947169425794665e-12
1.089023357562381690e-10 4.600000000000000000e+01 1.218178832456621591e-01 1.948242315340360740e-11
3.855713284553844698e-10 8.800000000000000000e+01 7.752490204864671552e-01 6.260223154805962129e-12
8.802252421893092274e-10 4.600000000000000000e+01 3.059724766015314845e-01 6.352596616040558190e-11
5.917920052065276829e-10 4.200000000000000000e+01 1.855336602445830374e-01 7.638209342003652342e-11
2.729458859357144906e-11 2.800000000000000000e+01 2.472477093183641783e-01 3.983090157386150781e-12
4.198502358531035381e-10 6.800000000000000000e+01 1.261189634438381946e+00 6.482487928454453046e-12
2.495563752769512716e-11 7.100000000000000000e+01 1.112592052457447522e+00 3.919145162407284030e-13
2.484524266122860141e-10 6.000000000000000000e+01 1.534056800792844566e+00 4.143670010234552494e-12
6.013222057037622124e-10 3.400000000000000000e+01 1.136240553151365740e+00 1.949816187478733064e-11
7.294873007954252504e-10 5.300000000000000000e+01 1.413192051465128829e+00 1.393664020823311280e-11
2.549821566631992537e-10 7.100000000000000000e+01 1.075644541403131260e+00 4.081500024084531934e-12
1.247149469943082551e-11 6.600000000000000000e+01 2.663613180994157670e-01 7.178786352305806006e-13
3.721596601703316568e-10 2.300000000000000000e+01 2.489164397779550231e-01 6.568133165828507750e-11
1.062621345656766845e-11 3.600000000000000000e+01 8.867038000126319375e-01 3.808713737962952523e-13
1.000955397991357539e-11 5.400000000000000000e+01 1.064447632185665515e+00 2.119584031359421188e-13
3.328385931407896492e-11 1.000000000000000000e+01 9.823502215540005356e-01 4.001405526979595327e-12
1.416260183108952727e-11 5.100000000000000000e+01 9.199771946228170183e-01 3.490476774125814428e-13
4.412871788303197968e-11 5.600000000000000000e+01 1.159799945791818165e-01 6.809641948600177321e-12
1.522653796790713416e-11 1.700000000000000000e+01 2.432960251902946958e-01 3.718007395889441805e-12
4.195768297150248591e-10 3.200000000000000000e+01 5.597607622443158404e-02 2.343612941698224961e-10
2.434930072756260811e-10 2.000000000000000000e+01 9.201493196305009503e-01 1.530070587865781143e-11
2.406783950832431921e-10 1.400000000000000000e+01 2.291034827753863079e-01 7.569780505321762162e-11
1.919275427021749517e-10 3.000000000000000000e+00 5.289337482267627566e-01 1.267819831469039308e-10
1.691334704245408478e-11 9.000000000000000000e+01 2.738697432388969011e-01 6.948413431214559912e-13
3.352604127856056292e-11 9.300000000000000000e+01 5.662397618993404436e-01 6.719855948698712105e-13
3.160704242588557421e-10 1.300000000000000000e+01 1.075237445270367909e+00 2.763785866513373536e-11
8.836740299639768759e-11 8.800000000000000000e+01 1.342236476942951784e+00 1.030987188914137579e-12
6.636363967238469962e-11 1.900000000000000000e+01 5.271454786762332922e-01 6.943038468433967320e-12
4.846409475324482280e-11 1.700000000000000000e+01 1.394970698579543589e+00 2.895470145246540034e-12
3.180616409977596673e-11 8.000000000000000000e+01 5.083923309679492242e-01 8.167597966350036520e-13
1.398169037691920114e-10 7.800000000000000000e+01 1.502863726149374912e+00 1.796668480439439729e-12
2.387478204041310674e-10 3.100000000000000000e+01 9.717063531409630972e-01 9.325604975573404399e-12
1.346529035223955927e-11 9.600000000000000000e+01 1.405982022992259717e+00 1.421902845548958400e-13
7.367347768683181810e-11 2.700000000000000000e+01 1.001400787930736419e-01 2.729389861813511608e-11
6.968202725739832437e-10 4.800000000000000000e+01 1.378978765736045831e-01 1.056085903549736495e-10
4.261697906706803495e-11 9.100000000000000000e+01 8.647955600910513241e-02 5.422121935438870922e-12
1.492075571834448004e-10 4.000000000000000000e+01 1.106385647624865909e+00 4.172071013697137739e-12
2.333613146091299402e-10 7.800000000000000000e+01 7.830575023762044173e-01 4.240999068342872720e-12
2.835192145980942786e-10 2.900000000000000000e+01 8.599083647234244676e-01 1.290148705428719725e-11
1.970975373246442113e-10 9.000000000000000000e+00 9.534413980100689967e-01 2.685723693810365426e-11
2.360969409917105606e-11 2.400000000000000000e+01 1.065862401982442309e+00 1.124005959012788963e-12
6.398451320646104575e-11 2.400000000000000000e+01 1.465700828437003445e+00 2.680812635149864842e-12
9.583957612591066975e-11 5.300000000000000000e+01 1.723736003800883931e-01 1.054268109640922663e-11
6.957379295558290593e-11 6.400000000000000000e+01 1.299623801923508459e+00 1.128322247950196630e-12
2.792905291082828867e-11 4.400000000000000000e+01 2.611169708957498670e-01 2.458752878769504302e-12
1.483737752716068756e-11 8.700000000000000000e+01 2.935584472756316843e-01 5.893848889066057410e-13
7.217695484176752892e-10 5.000000000000000000e+01 2.421940440964354124e-01 6.018929118265144305e-11
4.142967244628058491e-10 8.900000000000000000e+01 1.064931526889248081e+00 5.321507601248517900e-12
1.906206748024049810e-11 6.900000000000000000e+01 1.134406049378915871e+00 3.048294622514670795e-13
2.447703941207905803e-10 5.300000000000000000e+01 1.124330330549866419e+00 5.120198070296654705e-12
4.411553673270831496e-11 1.000000000000000000e+01 1.888865115644321191e-01 2.349503886476409166e-11
1.024302969833860893e-10 9.600000000000000000e+01 1.338859989528778494e+00 1.096338782872156772e-12
4.932871992064742608e-10 1.700000000000000000e+01 2.421694710610105550e-01 1.209998420167741580e-10
1.281778085721674649e-10 1.500000000000000000e+01 2.906485486013609121e-01 2.981846989609102777e-11
1.331539960208238616e-11 7.000000000000000000e+00 3.582732832649874744e-01 5.424663569387000835e-12
1.263626947306533216e-10 4.100000000000000000e+01 1.369701351719300408e+00 3.145401655890684792e-12
1.358523565105335648e-10 1.500000000000000000e+01 1.384840252910558123e+00 9.215703088179123124e-12
2.125575617228071647e-10 8.000000000000000000e+01 1.056854946196789546e+00 3.051134473488279674e-12
5.262944961809385826e-10 1.600000000000000000e+01 4.783425099981292727e-01 7.145950216594792894e-11
9.770899847430665029e-11 4.600000000000000000e+01 5.423912551728673481e-01 4.115010165643454293e-12
7.196717904376415848e-10 5.100000000000000000e+01 1.475267757361083509e+00 1.417584470959702398e-11
1.890705502115060440e-10 1.000000000000000000e+00 1.175533622372337383e+00 2.048667071785609245e-10
2.532415763704281071e-11 8.300000000000000000e+01 1.350866660608881276e+00 3.126409800931746147e-13
2.067193678550931900e-11 9.000000000000000000e+00 1.552308128090925665e+00 2.297274473577322980e-12
3.726876940863122074e-11 8.400000000000000000e+01 1.231176041894956885e-01 3.612795127808295272e-12
1.674751931915740576e-11 3.400000000000000000e+01 6.093300174477217501e-01 8.606647724549959004e-13
3.891489860068994274e-10 3.800000000000000000e+01 4.754418925001088203e-01 2.237286619331145593e-11
1.341768853854096592e-11 4.000000000000000000e+01 9.040981288550066219e-01 4.268430765495456525e-13
2.224068117685636008e-11 7.100000000000000000e+01 1.502244563195195726e+00 3.139865071375598603e-13
1.894307931562069689e-11 7.500000000000000000e+01 6.068610600309213288e-01 4.428862272003570112e-13
1.361029093982942047e-11 7.600000000000000000e+01 4.013453155146730622e-01 4.584142262668684853e-13
4.184887389761434226e-11 4.900000000000000000e+01 4.529875665535199603e-01 1.951448333342082522e-12
3.954438731409769345e-11 6.700000000000000000e+01 1.420455769646126853e+00 5.969482354948860116e-13
3.926839723730449113e-11 4.300000000000000000e+01 9.244181034414371556e-01 1.143996463636020843e-12
4.624464072833745037e-11 5.800000000000000000e+01 5.719768333833492591e-01 1.472987858630691983e-12
1.040514889580499799e-10 8.400000000000000000e+01 3.828673245923769897e-01 3.315762315162794277e-12
2.074031993261654396e-11 4.800000000000000000e+01 1.493026302047637088e+00 4.333999779825260039e-13
8.342988780979275240e-10 6.100000000000000000e+01 2.450501807679041910e-01 5.637571529727982477e-11
6.563228970602842253e-10 8.600000000000000000e+01 4.282964830773192122e-01 1.837529918485768281e-11
3.151172044465206328e-10 5.400000000000000000e+01 3.649382992965448103e-01 1.635091115209338542e-11
5.200844096871137134e-11 6.200000000000000000e+01 1.376711741486119633e+00 8.548968217654817771e-13
2.311006731518023276e-11 8.500000000000000000e+01 6.575903680615078351e-01 4.448266308822355784e-13
8.921315212051754481e-11 7.000000000000000000e+01 6.656800679531951204e-01 2.063610233608484849e-12
8.095280835921001283e-11 7.900000000000000000e+01 1.217546837083293809e+00 1.092155882818446632e-12
3.116375376193471305e-10 1.400000000000000000e+01 1.171568071765696217e+00 2.415971377509960177e-11
8.074033900227108937e-10 9.900000000000000000e+01 1.181351655256804634e+00 8.815709731395930989e-12
2.549849134382645615e-11 4.300000000000000000e+01 1.104926422756422610e+00 6.637200590776176213e-13
2.785511855918999531e-11 8.200000000000000000e+01 5.054496390716344267e-01 7.015612010620560610e-13
4.821822315918505825e-11 7.800000000000000000e+01 4.689873272990560116e-01 1.367710938658195202e-12
7.443566637223428321e-11 6.900000000000000000e+01 1.411768459442105161e+00 1.092564079980870554e-12
4.599023628958976496e-10 5.400000000000000000e+01 4.953667536951765760e-01 1.791655089395103229e-11
9.648945769339776887e-11 4.200000000000000000e+01 4.421731921568772816e-01 5.368878330967813560e-12
3.935087199357238831e-10 2.800000000000000000e+01 1.112345829079431470e+00 1.567220544346024315e-11
4.613568646726130191e-10 3.900000000000000000e+01 1.013214457033830174e+00 1.394124435612905954e-11
2.048216784143722918e-11 6.400000000000000000e+01 1.869336713467747435e-01 1.722029984485785430e-12
1.599273955189719653e-10 2.200000000000000000e+01 1.337312947388427931e-01 5.452082243481321368e-11
5.017371672855881425e-11 2.900000000000000000e+01 1.553151284451276037e+00 1.730397533554401560e-12
5.722882524096112390e-11 9.300000000000000000e+01 3.122144313007534366e-01 2.003353827089016493e-12
1.306911390131655955e-10 4.900000000000000000e+01 1.411050654217487210e+00 2.701563022898889937e-12
3.700621436928870282e-10 6.800000000000000000e+01 4.183115620105393173e-01 1.339696408558009546e-11
3.821902630044291941e-10 7.100000000000000000e+01 1.120714659303782001e+00 5.978334341125724993e-12
4.156138702572285728e-11 3.900000000000000000e+01 7.996527256067494926e-01 1.486062805793845067e-12
2.439297682875928175e-11 8.000000000000000000e+00 6.573531855506397140e-03 4.638517208346412814e-10
2.168979252728541390e-10 4.100000000000000000e+01 1.257875438037406646e+00 5.560205400998738562e-12
6.473171433661836603e-10 6.200000000000000000e+01 1.538024269558866952e-01 6.815156017580085155e-11
2.219006418531850829e-11 1.900000000000000000e+01 3.039554656050239556e-01 3.902141824875033138e-12
1.037070429355320299e-11 9.000000000000000000e+01 5.308638115835698779e-01 2.276021160132484782e-13
2.285990008689177766e-10 9.000000000000000000e+01 1.081223094946620833e+00 2.878064724763832926e-12
1.454252259167585717e-10 4.000000000000000000e+01 9.475620737836183416e-01 4.477405278967521020e-12
7.473126655106427704e-11 6.800000000000000000e+01 4.119134539094236880e-01 2.744978771422268945e-12
1.317116388512840050e-11 5.600000000000000000e+01 3.424161308946583326e-01 7.004902267133239008e-13
2.006004624836754899e-10 6.300000000000000000e+01 3.688246236438295217e-02 8.635151072846937309e-11
1.530355835605592389e-11 3.700000000000000000e+01 1.386979441240772326e+00 4.206970881830912425e-13
2.784360462492763340e-10 7.300000000000000000e+01 4.372173179028971401e-01 9.008055278892047136e-12
1.212288955101920607e-11 1.900000000000000000e+01 5.260978910815858889e-01 1.270597707608232936e-12
2.542836400291891431e-10 7.300000000000000000e+01 1.104754964619113933e+00 3.899167747369680509e-12
1.362796296834864211e-10 1.100000000000000000e+01 5.735323107109479013e-01 2.283265653429557924e-11
2.754581758058946036e-10 3.900000000000000000e+01 2.971278857621731939e-01 2.412441767535325598e-11
5.647617301030945831e-11 1.000000000000000000e+00 2.864551171372768934e-01 1.998777518831647000e-10
1.044796756870211364e-10 6.300000000000000000e+01 1.510232343561424440e+00 1.661453722162356387e-12
2.378385730842155616e-11 9.100000000000000000e+01 4.409879353249178124e-01 6.123261609632506739e-13
1.338740216897320944e-11 1.900000000000000000e+01 1.263645597941905452e+00 7.391952674151421492e-13
5.508154644934686141e-11 8.000000000000000000e+01 4.088757656381191152e-01 1.731784203884738151e-12
3.981396091403565314e-10 1.200000000000000000e+01 7.921224702456215738e-03 4.188575501520189053e-09
7.539197795782158186e-10 7.200000000000000000e+01 4.380127603541408843e-01 2.468781908587082335e-11
1.469322553569937490e-10 1.800000000000000000e+01 1.132208061766965201e+00 9.016274773216873896e-12
1.847232994744997775e-11 3.500000000000000000e+01 7.127362980119755775e-02 7.411267960006706199e-12
3.779916817946162560e-10 6.700000000000000000e+01 4.281476271582365656e-01 1.358827659958659911e-11
1.125537324332512400e-11 8.500000000000000000e+01 5.398080229238048089e-01 2.576333546131266499e-13
7.382151706352538773e-10 3.300000000000000000e+01 8.761316797260437772e-01 2.911763165843561368e-11
2.024641032258341380e-11 1.500000000000000000e+01 2.269548037451475098e-01 5.998630706558913650e-12
1.132784271272478160e-10 4.700000000000000000e+01 1.279140884276747991e+00 2.516451080020974262e-12
1.098829253000120893e-10 4.900000000000000000e+01 6.758918775006376167e-01 3.584610726382085139e-12
2.237316207224108118e-10 3.100000000000000000e+01 1.150956114546846765e+00 7.903539154830853503e-12
2.589670234467709818e-10 8.300000000000000000e+01 1.763971154112442263e-01 1.777990685326117745e-11
4.064254530029190473e-11 5.000000000000000000e+01 1.431932885287022339e+00 8.207514964113767447e-13
1.117699180287310588e-11 6.400000000000000000e+01 7.983951480463735706e-01 2.438305800349708008e-13
3.838481036728836869e-10 4.700000000000000000e+01 6.083727522709107133e-02 1.343258878365305456e-10
1.004203663911638940e-10 4.600000000000000000e+01 1.192631468306969200e+00 2.349024688404349436e-12
4.253768910424696150e-11 2.000000000000000000e+01 3.990890256809461190e-01 5.473491387157330262e-12
2.778140224794703856e-10 3.900000000000000000e+01 6.609607149172294083e-01 1.160404050890783550e-11
9.158197204853427609e-11 8.500000000000000000e+01 2.111730410275736436e-01 5.140261674501355805e-12
7.354183043076741798e-11 1.700000000000000000e+01 1.406182915576420500e+00 4.385271085764512648e-12
2.903727964370751914e-10 1.800000000000000000e+01 1.115693381004977613e+00 1.795985144812194305e-11
4.853243823749066689e-11 4.400000000000000000e+01 5.950570954825089298e-02 1.854714756077900630e-11
3.116911384463461507e-10 2.600000000000000000e+01 1.288559630109545884e+00 1.248197100214425950e-11
4.680467015613705210e-11 3.700000000000000000e+01 3.677053518528313608e-03 3.440238031701846268e-10
2.909997016276559944e-10 6.900000000000000000e+01 1.422383778982925451e+00 4.264263785113774989e-12
1.568977307451205902e-10 5.600000000000000000e+01 4.920430952015365511e-01 5.930528240391413837e-12
8.418366835672623590e-10 8.200000000000000000e+01 2.913394656783163117e-01 3.574175515415952718e-11
8.234367649286901445e-11 7.100000000000000000e+01 1.988253865688154043e-01 5.871718642956254135e-12
2.600547136451405094e-11 5.300000000000000000e+01 8.751074797165696584e-01 6.392148904392135941e-13
2.176150512545414268e-10 7.600000000000000000e+01 1.149492543539651024e+00 3.137729919768503241e-12
1.090043131879597596e-11 2.100000000000000000e+01 1.637228543813263881e-01 3.184615761296483907e-12
3.874086950800971259e-10 5.100000000000000000e+01 1.014243111004850428e+00 8.946436549728032084e-12
3.565038834722296140e-11 4.000000000000000000e+01 5.802878006923061216e-01 1.625601269241998370e-12
3.155244860763813581e-11 8.500000000000000000e+01 2.128490920226452573e-02 1.744115065839596746e-11
5.562635219893171217e-10 1.000000000000000000e+00 2.119724768633381995e-01 2.643980832084999703e-09
1.278648239874478132e-11 3.100000000000000000e+01 6.775215919932346953e-01 6.579851538785027058e-13
3.127433233671966114e-11 9.600000000000000000e+01 1.217771039704223096e-01 2.681792118187002051e-12
1.072471675367097985e-10 7.000000000000000000e+00 7.608538422335715534e-01 2.221919242548377802e-11
7.945729386985445717e-10 3.300000000000000000e+01 5.687023042275900497e-01 4.470978890639753526e-11
1.496638788844243215e-11 3.200000000000000000e+01 2.865848854966241976e-01 1.654531079550917947e-12
1.174094875785278871e-11 3.100000000000000000e+01 2.071158068736051738e-01 1.841779738508716973e-12
1.846812248752799870e-10 1.800000000000000000e+01 1.179713718804882516e+00 1.109800129606610077e-11
5.016426603589497114e-11 4.100000000000000000e+01 9.793467391284357282e-01 1.473882165320495868e-12
1.362420104122578441e-10 3.000000000000000000e+00 3.369093509047120516e-02 1.348214168026488926e-09
2.461558004979885702e-11 3.900000000000000000e+01 5.890454685004665736e-01 1.136079042895389944e-12
9.795246208889944745e-11 4.000000000000000000e+00 1.067684565512883488e+00 2.795171105422137575e-11
1.351516267917266836e-10 5.200000000000000000e+01 1.098131249561644429e+00 2.919128393830873853e-12
3.815952945474367018e-10 8.800000000000000000e+01 1.115844414903745863e+00 4.827336396242136904e-12
1.184595483174350592e-11 4.200000000000000000e+01 1.374871081770582038e+00 2.875479195755635933e-13
8.483261168617751797e-10 4.000000000000000000e+01 9.955857885013974506e-01 2.527555046877151411e-11
7.711979494837674906e-11 9.700000000000000000e+01 1.536563371975993464e+00 7.955155173443522194e-13
9.967705425810140167e-10 1.500000000000000000e+01 1.195054294135981854e+00 7.143499019368042822e-11
2.049185679812085008e-11 5.700000000000000000e+01 7.084255043976389610e-01 5.525434233730363502e-13
1.543360438134424646e-10 6.900000000000000000e+01 1.091432962337237633e+00 2.520886592459705305e-12
1.358357490786661571e-11 9.600000000000000000e+01 1.536515018023607015e-01 9.245198649099221572e-13
1.399137754661668135e-11 4.200000000000000000e+01 6.744003099023605508e-01 5.334922385100622093e-13
8.413973164327861299e-11 5.600000000000000000e+01 1.441754481164227553e+00 1.515092217837209251e-12
1.387434777860723351e-10 5.000000000000000000e+00 1.001417060376740054e+00 3.294646961549446051e-11
1.985083527491732414e-10 3.400000000000000000e+01 1.191481807736024523e+00 6.285244459235222465e-12
1.078810234720882179e-10 5.900000000000000000e+01 1.407321057957235277e+00 1.853199427980221373e-12
3.161109113888458544e-11 9.000000000000000000e+01 5.989230346052591969e-01 6.230284653366634830e-13
1.837587497833418711e-11 4.600000000000000000e+01 1.246252625319770768e+00 4.214782556705974327e-13
3.098434458867899661e-10 7.100000000000000000e+01 9.566698489691152218e-01 5.339672532046083037e-12
4.583842057287115740e-10 5.800000000000000000e+01 4.763568757834545260e-03 1.659093476332976305e-09
6.390973789483416283e-11 5.000000000000000000e+01 1.431915004620127219e+00 1.290621532658570527e-12
2.905275413175722402e-10 9.500000000000000000e+01 4.542685569033026449e-01 6.969345071947781461e-12
3.354704207145273529e-11 1.500000000000000000e+01 1.261949590687872602e+00 2.347544108740961578e-12
2.133824800101433420e-11 8.900000000000000000e+01 4.684785365698079240e-01 5.309857184484757987e-13
7.673367226206197756e-10 3.100000000000000000e+01 9.005250617726627826e-01 3.158641854491691677e-11
6.665213616308915771e-10 3.600000000000000000e+01 4.635527925609784217e-01 4.140749332671684769e-11
2.578228767759237720e-10 7.700000000000000000e+01 2.879760555588292692e-01 1.178945464384743451e-11
4.061793043981258275e-11 9.200000000000000000e+01 8.174225634614600278e-01 6.053034145935452655e-13
3.056086275452098580e-11 3.900000000000000000e+01 2.992844173495947668e-01 2.657784372027236584e-12
1.765385323512307086e-10 2.400000000000000000e+01 1.252487807045113942e-02 5.873082726442393287e-10
2.031847516591946015e-11 9.900000000000000000e+01 8.977582151626060936e-02 2.289180654795009418e-12
1.285417433274412364e-10 1.200000000000000000e+01 1.137265207933222388e+00 1.180380475603800141e-11
4.290162397359821945e-11 4.100000000000000000e+01 9.747628309053513185e-01 1.264403764919698672e-12
3.991547105155273187e-11 3.000000000000000000e+00 5.759913128953044748e-01 2.442808367587490460e-11
2.069887081919257331e-10 5.500000000000000000e+01 1.564215294433685122e+00 3.763512556580706694e-12
7.603468432941499591e-10 1.900000000000000000e+01 9.842690228140379416e-01 4.804875144939626765e-11
8.553661048245151927e-11 3.300000000000000000e+01 1.413386557025121393e+00 2.624465708707989172e-12
3.843232310658176964e-11 9.000000000000000000e+01 7.141143284377596823e-01 6.519991735711200885e-13
5.438478953697842373e-11 4.800000000000000000e+01 1.407578504783395967e+00 1.148277614442901720e-12
1.667585590353618707e-10 8.000000000000000000e+00 1.208676688136711030e+00 2.229039602441062709e-11
5.616405977594838031e-11 8.200000000000000000e+01 8.991952288880791233e-01 8.749418213983948761e-13
3.402113407618879302e-11 7.000000000000000000e+00 9.263641527977491963e-01 6.079450421635567413e-12
1.448919860490125962e-10 1.200000000000000000e+01 9.500379280462634135e-01 1.484358808944859142e-11
1.877462202154534724e-10 3.200000000000000000e+01 2.739051094032191047e-01 2.169027981833627241e-11
1.491022522792247567e-10 7.400000000000000000e+01 4.960368014484486249e-03 4.062004186070004097e-10
6.436250888229455895e-10 6.800000000000000000e+01 2.639181656849670099e-01 3.628341558418760611e-11
3.897019636289149433e-11 5.400000000000000000e+01 1.126509095404135685e+00 7.992651604069009669e-13
1.383339162230309129e-10 1.600000000000000000e+01 1.199958797527414411e+00 9.276443873533188062e-12
8.206565453583790527e-10 5.800000000000000000e+01 3.427614237849849893e-02 4.128825687575340820e-10
2.698109343204850016e-11 1.600000000000000000e+01 8.687574546427087041e-01 2.208589967786033446e-12
1.160758094834572788e-11 6.000000000000000000e+01 1.211519142096042723e+00 2.066543104803804979e-13
3.976203651675235030e-10 9.000000000000000000e+01 5.689375221600890820e-01 8.200665748054041052e-12
1.181562345438664120e-10 6.900000000000000000e+01 9.511670617938476902e-01 2.103454385206790787e-12
8.352210391787907187e-10 3.000000000000000000e+01 1.465708389888682461e+00 2.799514091044178513e-11
6.318553583368652188e-11 1.200000000000000000e+01 3.846471593796579325e-01 1.403254492896223908e-11
3.656827804097161023e-11 1.300000000000000000e+01 5.287488932683967469e-02 5.322480377578332360e-11
5.301441477158977951e-11 1.200000000000000000e+01 1.017842001027133847e+00 5.191526790552105777e-12
6.759134871162912530e-10 9.000000000000000000e+01 7.966630967775547578e-01 1.050330566779283867e-11
1.195197896314010937e-10 4.700000000000000000e+01 1.058058350380835622e+00 2.918247377115336005e-12
2.311894160758401489e-11 5.000000000000000000e+01 2.782540920367339576e-01 1.683352824515462504e-12
1.028540769071881964e-10 3.500000000000000000e+01 1.005900919345875222e+00 3.479200511639761497e-12
4.483876521094934620e-11 2.000000000000000000e+01 8.241004689369599845e-01 3.054673560171190504e-12
7.044702582253097349e-11 2.600000000000000000e+01 1.298673874947346762e+00 2.813012536865024776e-12
1.530997241275407965e-10 3.600000000000000000e+01 3.424957638203414700e-01 1.266312376749781680e-11
4.585663482691926806e-10 8.900000000000000000e+01 1.026677297479273721e+00 6.022123913698181647e-12
8.547523948657635159e-11 5.200000000000000000e+01 1.345203197232634373e+00 1.686487492379193687e-12
1.567925780306564097e-10 5.500000000000000000e+01 1.232274001032997113e+00 3.022300515984461625e-12
6.389577356160726180e-11 6.000000000000000000e+00 8.801755555059573854e-01 1.381499074200384284e-11
1.365374251673847121e-11 5.500000000000000000e+01 4.967654085674972908e-01 5.208937942255458350e-13
2.444960123870724281e-10 2.200000000000000000e+01 1.445162386612578453e-01 7.716941470495506222e-11
2.994900718839366669e-11 8.200000000000000000e+01 1.290235759486817180e-01 2.838606080277008325e-12
6.857583354386654019e-10 1.300000000000000000e+01 1.174296779504885091e+00 5.718731988838669344e-11
1.815498963160107956e-11 4.600000000000000000e+01 1.238944531113250758e+00 4.174494542100074586e-13
2.710436464323427749e-10 9.500000000000000000e+01 4.175361704737188262e-01 7.035817555170392588e-12
5.688428659895875123e-10 9.600000000000000000e+01 3.594631732603094654e-01 1.684457667750588531e-11
2.353696930229038890e-10 6.800000000000000000e+01 1.259271717018228598e+00 3.636345915288713837e-12
2.357953222880320992e-11 7.700000000000000000e+01 2.266343627011050965e-01 1.362833733321373439e-12
7.084342710978175648e-10 9.000000000000000000e+00 5.640940391258771891e-01 1.472268874679337828e-10
8.153869467964110409e-10 3.600000000000000000e+01 2.988997222396500564e-01 7.691691036923865662e-11
1.072154724410685282e-11 7.200000000000000000e+01 3.499403030036539741e-01 4.343414635515058769e-13
3.917130377671331411e-10 8.600000000000000000e+01 6.781433407932644375e-01 7.260405586829316099e-12
3.388560331438098838e-10 8.200000000000000000e+01 1.358724987227123648e+00 4.227090037572377028e-12
1.553389481931855411e-11 5.700000000000000000e+01 6.152870521234697909e-01 4.721548801372397775e-13
2.219081636875415831e-10 7.600000000000000000e+01 1.558581073048058041e+00 2.920062111110786903e-12
4.759821591143772680e-10 6.500000000000000000e+01 5.948634938505220626e-01 1.306719952151987630e-11
2.075742779134224251e-11 7.000000000000000000e+01 1.089697497690098160e+00 3.345054044067958030e-13
3.016946742535229131e-10 6.100000000000000000e+01 8.713920170365971885e-01 6.463209022561783085e-12
2.737172527363301278e-10 6.500000000000000000e+01 1.103556875596126696e+00 4.716580888839733900e-12
1.443413446477590886e-11 1.000000000000000000e+01 1.087669675179042450e+00 1.629968625481724851e-12
2.576954609335940790e-10 1.700000000000000000e+01 1.070121449058560881e+00 1.727945776052889068e-11
1.449174701562699553e-10 3.200000000000000000e+01 1.197836904058417140e+00 4.862986210464039009e-12
1.614420362964828568e-10 4.200000000000000000e+01 3.157945619236708357e-01 1.237671131960471368e-11
2.086899597533239701e-10 1.800000000000000000e+01 4.157887266141233051e-01 2.870402133549625864e-11
4.567066472652372749e-10 9.900000000000000000e+01 1.404957854375373127e+00 4.677370637300079832e-12
7.546884664165149456e-10 6.300000000000000000e+01 2.064303181935809271e-04 5.803014884885716342e-08
3.122839859545883468e-10 5.700000000000000000e+01 6.860223508619895938e-01 8.648735974442457911e-12
1.303912559835227718e-10 7.700000000000000000e+01 8.392605527121804743e-01 2.275608929289492105e-12
3.180426884626500477e-10 2.400000000000000000e+01 1.983388164764126049e-01 6.725391954911667087e-11
4.882738207085724310e-11 6.000000000000000000e+00 1.234795682454469024e+00 8.619915297781381641e-12
2.137116605882617773e-10 6.000000000000000000e+00 1.264765254876158540e+00 3.735420519265167305e-11
4.201496624351973269e-11 8.000000000000000000e+00 7.775135923494912449e-01 7.486527032465192652e-12
1.067353173327041616e-11 3.300000000000000000e+01 9.407294944481139343e-01 4.003033491599955999e-13
4.339962520888566157e-11 6.000000000000000000e+00 1.464563407195988987e+00 7.274278974937125583e-12
4.176466798453532560e-10 6.300000000000000000e+01 5.872693412558558368e-01 1.196432554929886833e-11
6.416773782697256578e-11 5.400000000000000000e+01 1.238842497937303389e+00 1.256909374914295713e-12
1.252780807434656784e-10 1.000000000000000000e+01 1.038326520226883209e+00 1.454091197177785971e-11
4.163904482715881035e-11 7.700000000000000000e+01 6.027558309911128509e-01 9.538766753301162207e-13
2.310583698913500890e-10 5.500000000000000000e+01 1.071932877697851394e+00 4.784116436206677645e-12
2.820312795242856475e-11 4.700000000000000000e+01 4.267812465190710669e-01 1.449636014376306739e-12
1.295666931558841530e-11 2.600000000000000000e+01 2.205643406485951474e-01 2.277779918677033388e-12
1.588453682145656500e-10 9.600000000000000000e+01 4.352327889589976406e-01 3.924466031884885020e-12
7.953575466614518740e-10 7.000000000000000000e+01 6.556993052618713680e-01 1.863538755418715072e-11
2.407833766313308215e-10 6.400000000000000000e+01 8.547092158748270663e-01 4.987194688567173009e-12
1.553837812918822749e-10 5.700000000000000000e+01 9.448298811612542147e-01 3.363820845555692849e-12
1.224554317199652149e-11 6.800000000000000000e+01 1.279958391485864100e+00 1.879757604940212048e-13
6.018000899387805364e-11 9.100000000000000000e+01 3.643639232546607709e-01 1.855786199857121855e-12
2.174039853291685567e-11 2.000000000000000000e+00 6.725648342936981772e-01 1.744831213548942162e-11
7.980597066966667176e-10 4.700000000000000000e+01 1.298010162596999528e+00 1.763195286608253604e-11
4.757168840531762337e-11 4.100000000000000000e+01 1.383302835176113632e+00 1.180982358360461092e-12
4.863544481040390955e-11 7.200000000000000000e+01 7.125662075242106264e-01 1.033213967501097090e-12
1.379465472409254035e-10 7.600000000000000000e+01 6.181838734157957260e-01 3.131855842488907994e-12
8.392488491096567988e-11 4.000000000000000000e+00 1.165055470507051272e+00 2.283520629023775727e-11
9.543374403385479956e-11 1.300000000000000000e+01 1.296149827959027334e+00 7.626905017697671987e-12
3.640065640098076081e-11 1.200000000000000000e+01 6.119116976189991064e-01 5.280661596401038081e-12
9.435013165557411742e-11 3.700000000000000000e+01 1.407693443800710043e+00 2.584301932924388355e-12
1.108549386932208751e-10 6.000000000000000000e+00 8.591593099431164005e-01 2.439716682940285594e-11
8.882497826263107343e-11 2.200000000000000000e+01 5.581756323203621584e-01 7.623106233022613988e-12
1.205946112654759143e-10 5.000000000000000000e+00 2.088378316481429020e-01 1.163349361772997343e-10
1.553188160788175441e-10 7.100000000000000000e+01 6.315795618666237843e-01 3.705138130588201826e-12
4.136094214985510373e-10 1.300000000000000000e+01 1.056659155790361737e+00 3.654011092731824720e-11
1.708846089092824821e-10 9.500000000000000000e+01 1.541396572554182498e+00 1.799563023067979918e-12
1.693879881189183521e-10 9.500000000000000000e+01 8.470111130090824947e-01 2.379582136676959195e-12
5.434390152676703661e-10 1.000000000000000000e+00 1.368676049227208757e-01 3.982968904429321407e-09
6.067299905702437245e-11 5.600000000000000000e+01 8.144957556490416417e-01 1.489519806601809030e-12
6.224626784867810013e-10 7.900000000000000000e+01 1.101969900867900698e+00 8.832285331913640434e-12
1.343829972237624857e-10 1.100000000000000000e+01 4.714424453578734964e-01 2.689870816247751016e-11
3.204438679508920229e-11 4.900000000000000000e+01 5.084425968954697783e-01 1.343351784867292872e-12
5.702596395686505680e-11 6.400000000000000000e+01 2.703638802752967307e-01 3.336167540400658767e-12
3.259268464004921542e-11 2.200000000000000000e+01 1.374124251569079247e+00 1.510606678680897848e-12
4.716017572916244943e-11 2.000000000000000000e+00 9.325701082997088776e-01 2.935936823780582431e-11
3.000063021632853278e-10 2.100000000000000000e+01 9.523389743736665469e-01 1.753371798592779076e-11
1.554254919058727742e-10 2.000000000000000000e+00 9.523769436125807397e-01 9.537695549364544483e-11
1.226560392175224327e-10 1.800000000000000000e+01 1.212938527950969680e+00 7.275107417929825796e-12
1.316064263670481070e-11 5.800000000000000000e+01 8.460128071810609773e-01 3.030919192690625198e-13
1.596133106938998275e-11 5.400000000000000000e+01 4.128234547340144112e-02 7.162000475109678826e-12
4.790399833406634308e-11 8.000000000000000000e+00 1.404561812210495697e+00 6.071699186079127066e-12
1.329862385187144260e-10 1.600000000000000000e+01 8.536561303862700845e-01 1.102795308567183820e-11
1.992750778207191467e-10 3.000000000000000000e+00 1.645825484629690472e-01 4.054248602662616537e-10
9.533670444126784809e-11 4.500000000000000000e+01 2.525071670437193435e-03 8.390239802647038043e-10
4.979040870908014590e-11 3.500000000000000000e+01 1.906036035093921499e-01 7.508952644983608152e-12
1.920045152481441911e-10 3.300000000000000000e+01 2.811447298811367568e-01 2.097026805579819778e-11
3.635789767361288907e-11 9.400000000000000000e+01 5.535401136899806840e-01 7.357517364805463063e-13
3.103839919407521894e-11 5.700000000000000000e+01 5.835311270608070089e-01 9.883100677010452129e-13
4.343171383823874976e-11 4.600000000000000000e+01 8.509911891763201064e-01 1.255652006445194382e-12
4.309866290313260167e-10 7.400000000000000000e+01 4.103959690260011728e-01 1.459785923151183490e-11
1.849361516710540115e-10 3.100000000000000000e+01 1.503663931429058076e+00 5.979150546452709390e-12
9.491066911926920618e-10 1.100000000000000000e+01 1.252250938616155329e+00 9.085306367907713478e-11
2.001063766757046067e-10 9.900000000000000000e+01 1.688943164092144011e-01 1.202478706916548400e-11
8.119801532482352489e-10 8.400000000000000000e+01 1.570129202964739124e+00 9.666432546855469163e-12
2.215500997736567204e-11 8.500000000000000000e+01 3.009935961422234851e-01 8.791709442405048943e-13
2.954166631586264021e-11 4.000000000000000000e+01 1.452506690128279265e+00 7.437389540718232419e-13
2.013721229870006395e-10 7.600000000000000000e+01 1.174469734040194613e+00 2.872276975485050781e-12
4.270755201392166028e-10 4.100000000000000000e+01 3.420632814239220609e-01 3.105395461126209676e-11
9.592596707893255527e-10 2.600000000000000000e+01 1.217407997744872183e+00 3.932465096335816334e-11
1.978424525300378773e-10 8.300000000000000000e+01 1.151381987256334893e+00 2.609845607390523252e-12
3.602649219221402706e-10 6.900000000000000000e+01 1.355287686752436160e+00 5.344869608281986137e-12
5.650410000861247562e-10 8.800000000000000000e+01 1.398070098302010233e+00 6.517907736395506227e-12
1.001242870709095495e-11 9.100000000000000000e+01 1.545342871255874106e+00 1.100623406705502556e-13
3.423260432116352638e-10 6.000000000000000000e+00 1.487555935085040026e+00 5.725257651825295553e-11
3.315950760168721565e-10 6.400000000000000000e+01 1.230438626392464485e+00 5.496476708108133956e-12
4.066789498063194978e-10 7.500000000000000000e+01 4.415695974001365709e-01 1.268812765131972490e-11
6.589689563417349797e-11 1.100000000000000000e+01 1.506973184301936497e+00 6.002848708803271356e-12
2.740035093276455235e-11 7.000000000000000000e+01 1.355593634474408615e+00 4.006759241060073727e-13
2.337650614647139679e-10 9.900000000000000000e+01 1.917247225452229920e-01 1.239168076614785762e-11
4.576960657233385073e-10 9.500000000000000000e+01 8.401106009699991217e-01 6.469375249992322861e-12
7.021054738187898831e-11 3.100000000000000000e+01 4.314264922624149734e-01 5.416152662739298365e-12
3.001626218696346314e-11 6.500000000000000000e+01 2.553064791496061914e-01 1.828562030416863320e-12
4.505277170187465891e-11 2.100000000000000000e+01 1.468127129635086181e+00 2.156727090989717661e-12
3.617091894186619584e-10 6.500000000000000000e+01 5.287080382669979706e-01 1.103202996112066156e-11
4.464512435591429654e-11 2.400000000000000000e+01 1.802147732535108737e-01 1.037828865584328283e-11
4.252687864560044631e-11 5.700000000000000000e+01 5.495864247147830284e-01 1.428367158918543298e-12
7.698340551780546470e-10 2.400000000000000000e+01 1.626060090904474231e-02 1.972733524906722107e-09
1.298169292046457583e-11 7.500000000000000000e+01 1.239171441768041504e+00 1.830635358345664261e-13
8.835576732160592055e-11 3.900000000000000000e+01 1.163888759239196213e+00 2.466962156000459697e-12
6.272780563685774056e-10 1.400000000000000000e+01 8.698108350203752615e-01 5.863016001448555847e-11
9.984867629968996044e-11 1.100000000000000000e+01 2.405580186002646281e-01 3.810013681596271601e-11
1.323312804358892562e-11 1.400000000000000000e+01 1.120805354332869097e+00 1.049722196166055375e-12
5.370518883625360731e-10 4.500000000000000000e+01 1.118518133497005268e-01 1.069218948842306249e-10
1.859084951305231792e-10 8.000000000000000000e+01 2.801428928771899640e-01 8.404756757013592486e-12
4.530000870474021453e-10 3.500000000000000000e+01 5.700816565172220907e-01 2.398154640967229891e-11
1.941382141856232692e-11 7.800000000000000000e+01 8.334398560577714887e-01 3.362318929395284003e-13
1.091898429864946800e-10 2.100000000000000000e+01 1.384438530751711527e+00 5.291129150493033781e-12
1.998301290958744334e-10 5.900000000000000000e+01 4.464997061499709902e-02 7.588083346976495271e-11
2.099352321727962866e-10 4.700000000000000000e+01 7.872681659410160626e-02 5.679544330792858763e-11
9.721400854063998129e-11 5.100000000000000000e+01 3.008227346645811137e-02 6.337435089991848169e-11
1.681726124116365136e-10 7.700000000000000000e+01 1.223470599878934140e+00 2.322760390699999001e-12
7.904644704094392670e-11 1.700000000000000000e+01 1.078476811991971429e+00 5.276425270317322943e-12
2.013790311772894816e-11 3.600000000000000000e+01 6.124712115289979719e-01 9.730296204517172414e-13
2.788235150170943785e-10 5.600000000000000000e+01 9.848779846653549219e-01 5.975712545948917733e-12
7.382198965644963059e-11 6.300000000000000000e+01 1.185431546082212906e-01 9.908007934213337107e-12
2.288498883832078041e-11 2.700000000000000000e+01 1.367690152291892280e+00 8.653802880293329462e-13
3.858211702533327694e-11 1.000000000000000000e+00 1.009815174450778175e+00 4.556583118228680103e-11
2.345014217019505254e-11 9.900000000000000000e+01 8.669381807621448499e-02 2.735686358001926275e-12
1.397503776972344545e-10 8.600000000000000000e+01 1.521509359499692904e+00 1.626980126071069719e-12
8.083711033018736639e-11 4.600000000000000000e+01 1.423102093871703167e+00 1.776671070108319375e-12
2.857451767090107560e-10 4.000000000000000000e+00 6.030758679272947287e-01 1.259503031900015408e-10
1.087166565201862759e-10 3.200000000000000000e+01 1.283698862732064461e+00 3.542385996815108192e-12
2.376729038828219445e-10 8.600000000000000000e+01 1.098076089195550775e+00 3.104050187498874333e-12
8.682716212422353083e-11 4.200000000000000000e+01 1.428670018143712861e-01 1.451953767599909606e-11
6.801645890089772746e-10 7.800000000000000000e+01 1.375173506165341120e-01 6.361090987468580379e-11
1.530875488175288862e-11 4.800000000000000000e+01 1.281791847734393031e+00 3.327314062763196217e-13
6.237458983834744068e-10 2.600000000000000000e+01 7.023802237938100435e-01 3.713448419864655391e-11
4.971828477352294623e-11 3.900000000000000000e+01 1.036335363273786836e+00 1.481421997487848750e-12
1.622833117166259455e-10 3.800000000000000000e+01 4.180038029282148182e-01 1.052038650220383833e-11
6.903529454351247513e-11 4.000000000000000000e+00 3.232163401921304136e-01 5.433830593280049432e-11
3.181344734876858446e-10 1.000000000000000000e+01 6.846299760625933484e-01 5.030697468033226909e-11
3.372688011980154984e-10 7.900000000000000000e+01 2.690624355510827861e-02 1.586895800267075553e-10
4.243886277159710227e-10 2.800000000000000000e+01 1.023048607728027637e+00 1.775418045597435846e-11
1.709646925644804102e-11 1.500000000000000000e+01 1.274780237179671927e+00 1.191591419379008237e-12
6.984331467168924460e-11 5.500000000000000000e+01 1.332656655957431990e+00 1.306757095367140840e-12
3.701015886538882574e-11 4.700000000000000000e+01 2.283886038361248039e-01 3.478009892283196101e-12
3.263628956971824797e-10 1.500000000000000000e+01 2.449791061558082295e-01 8.970842044242986660e-11
1.437273652324109480e-10 2.800000000000000000e+01 3.372823270761151626e-01 1.551148853808880410e-11
5.583366282450532384e-10 2.800000000000000000e+01 6.104501543401617825e-02 3.268568917671594483e-10
1.356465292572925369e-10 2.900000000000000000e+01 1.712562614863262223e-01 2.744664030953082554e-11
3.391195603072512421e-10 9.000000000000000000e+00 9.534518271238461296e-01 4.620933915792202120e-11
1.449924652257996241e-11 7.000000000000000000e+00 7.158030153063825729e-01 3.156425749595659012e-12
3.511225639115491168e-11 5.000000000000000000e+00 3.282648496075198929e-01 2.178172814888189301e-11
6.996008092553993956e-11 9.900000000000000000e+01 1.215588771522322586e+00 7.537188953428311962e-13
1.166395250686251859e-11 2.000000000000000000e+00 1.239661855889044595e-02 4.704610052342065503e-10
1.937205109310892136e-11 7.500000000000000000e+01 1.187676272544758937e+00 2.784832644434107216e-13
5.194638644498882224e-11 9.000000000000000000e+00 6.130548769519071906e-01 1.003151656703675536e-11
1.303050129219393958e-11 7.500000000000000000e+01 5.234677196930397347e-01 3.475589317518691420e-13
1.418884257962078194e-10 1.000000000000000000e+01 6.229536996168639762e-01 2.431942594740807114e-11
3.657842163409771932e-10 8.600000000000000000e+01 1.157438807141305981e+00 4.644474983761070880e-12
2.754924859057524018e-11 1.900000000000000000e+01 9.187646253870731528e-01 1.824187849760526867e-12
7.800995191379215232e-10 9.500000000000000000e+01 1.497329402536862752e-01 5.504692668870022785e-11
4.102630903806010515e-10 8.000000000000000000e+01 1.003815640830211908e+00 6.079582455964189948e-12
2.788795589483156177e-10 5.000000000000000000e+00 7.413048926859163723e-01 8.260027032097107908e-11
2.854635505939505859e-10 1.400000000000000000e+01 7.451935562870074525e-01 3.006906102693793806e-11
1.802797507378962053e-10 1.500000000000000000e+01 1.269301150531619016e-01 9.494187723624632596e-11
4.097978528561913329e-10 3.500000000000000000e+01 1.345454817354263310e+00 1.201220434606006133e-11
1.440874038423052872e-11 2.500000000000000000e+01 1.167900754781013573e-01 4.946155983524473955e-12
3.103424171870608764e-10 7.700000000000000000e+01 6.777054673840569032e-01 6.428029812736340524e-12
5.232980690925126893e-10 8.000000000000000000e+01 6.999813685434091992e-01 1.015397541823027319e-11
5.981612955187949980e-11 3.100000000000000000e+01 3.729072712358835195e-01 5.296248112413678267e-12
2.358401791093257182e-11 4.400000000000000000e+01 1.302197090639426236e+00 5.559342187572642319e-13
2.751771526370893223e-10 9.300000000000000000e+01 8.125196862450881907e-01 4.075487144379999618e-12
3.613295483631275894e-10 1.800000000000000000e+01 5.543932525376502607e-01 3.813224559628659145e-11
2.412170310655091053e-10 3.800000000000000000e+01 1.514134920849697696e+00 6.358020135932735968e-12
1.503492786143041178e-10 8.200000000000000000e+01 3.476198019520656546e-01 5.382265898300839657e-12
7.228187710859172206e-10 6.200000000000000000e+01 4.660461641700398561e-01 2.594451777000725508e-11
2.311936748116184047e-11 3.700000000000000000e+01 1.145068120902121622e+00 6.860893112573217440e-13
1.033271510143864514e-10 7.900000000000000000e+01 8.507951664688141458e-01 1.739731290690375478e-12
1.183971591751702492e-10 7.300000000000000000e+01 1.309972042040434825e+00 1.678654787671586923e-12
2.980026602409113539e-10 2.500000000000000000e+01 1.546786122252710172e+00 1.192354314575802001e-11
6.777389593873784556e-10 3.000000000000000000e+01 1.776449723368556666e-01 1.278423981563844881e-10
2.124698574339087951e-11 7.000000000000000000e+00 1.188363386799083515e-01 2.560192937235247010e-11
4.241905072739032043e-11 3.000000000000000000e+00 1.388251447670522776e+00 1.437858522485007805e-11
6.492348627139045273e-11 5.600000000000000000e+01 8.284697855813764056e-01 1.573281891336676955e-12
4.053886647373572117e-11 5.200000000000000000e+01 2.992160403577346917e-01 2.644741628742379991e-12
7.561190078837768246e-11 3.100000000000000000e+01 6.601078292716363594e-01 3.977634521359583852e-12
4.285503204214506158e-11 4.200000000000000000e+01 2.584826530769976372e-01 3.991793385344562643e-12
1.235301781626062842e-10 1.200000000000000000e+01 6.859513339747752743e-03 1.500727782377590756e-09
1.024192263312524081e-11 8.100000000000000000e+01 3.173443558538825704e-02 3.985094187403680644e-12
1.009323107910202922e-10 8.300000000000000000e+01 1.110745495863270788e-01 1.097061445420873978e-11
5.682596137296464932e-11 5.200000000000000000e+01 9.779190975190391599e-01 1.317688293465136483e-12
5.837650470365649837e-10 3.900000000000000000e+01 1.616851007686996300e-01 9.298167324593560911e-11
1.133946194210415940e-10 5.900000000000000000e+01 7.367929351931695736e-01 2.860390771712380486e-12
1.263428929668128252e-10 5.600000000000000000e+01 9.555232316878455867e-01 2.762771606081643975e-12
1.581420051233478515e-10 4.300000000000000000e+01 1.374696571258733124e+00 3.749585681660605217e-12
1.709541087921459801e-10 3.000000000000000000e+00 4.113459792526958925e-01 1.425175557506338938e-10
1.273155522491670800e-11 6.900000000000000000e+01 2.208598347196541190e-01 8.422715470338100837e-13
2.493787147840134718e-11 1.500000000000000000e+01 3.437986458768664266e-01 4.932343853638815341e-12
6.737180077895861011e-10 7.600000000000000000e+01 1.260161357706736540e+00 9.310304843434035374e-12
1.219968112740787088e-11 3.800000000000000000e+01 6.114728951038793658e-01 5.592383346509531835e-13
1.004315929209583861e-10 5.200000000000000000e+01 1.295858085283482453e+00 2.006746229827449429e-12
4.920145287214500044e-11 4.400000000000000000e+01 1.371804741807318484e+00 1.140725433895008070e-12
1.016007625677814969e-11 5.600000000000000000e+01 1.374895446011417333e+00 1.849678670191811895e-13
3.804904958210702075e-10 2.400000000000000000e+01 1.245278295318054562e+00 1.673247336452347685e-11
5.063887952033046105e-10 2.800000000000000000e+01 1.399822903205337754e+00 1.835290657839327101e-11
6.274802151572026920e-10 6.000000000000000000e+01 1.098997990355497389e+00 1.174064030209954526e-11
9.115683271828729180e-11 4.400000000000000000e+01 6.743574294619112397e-01 3.318002938342374278e-12
3.505217933671906853e-10 3.800000000000000000e+01 4.536721238938670742e-01 2.104701591657877447e-11
2.149569387384769205e-11 1.700000000000000000e+01 5.559564349363176339e-01 2.395904054245527753e-12
2.039245626586121529e-11 2.600000000000000000e+01 9.445576556980781469e-01 9.680186299155510449e-13
2.855128318547180536e-11 7.200000000000000000e+01 1.160387276032460724e+00 4.324579008545357909e-13
1.864701878393813342e-10 5.400000000000000000e+01 7.800953962707366518e-01 4.909597219227293929e-12
2.452267805292364035e-11 7.200000000000000000e+01 4.955752760223304521e-02 6.875488351049720143e-12
8.471328160796677520e-11 5.000000000000000000e+01 7.189581342354145477e-01 2.572521975759500393e-12
1.631271208513139443e-11 1.500000000000000000e+01 1.534210672746196269e-01 7.116312157169047572e-12
1.258529080053002975e-10 4.500000000000000000e+01 3.763768640987616432e-01 7.609048270652796709e-12
1.399069970972149667e-11 4.200000000000000000e+01 2.936191913960221056e-01 1.150969956229983751e-12
1.558572364563116251e-10 5.300000000000000000e+01 4.498127471187299276e-02 6.539820156128583806e-11
1.656977726278370774e-11 7.000000000000000000e+01 2.577117518580769873e-01 9.287576375682434326e-13
7.380025231934128443e-10 9.700000000000000000e+01 1.485243481864793491e+00 7.636202180229366119e-12
1.128786849834243336e-10 4.500000000000000000e+01 5.526528428981313662e-02 4.541173718362617558e-11
1.367259902471100503e-10 7.300000000000000000e+01 2.064779285282582477e-01 9.135763940717000410e-12
3.032974022752896386e-11 6.300000000000000000e+01 1.031539147267354295e+00 5.610416723680762403e-13
6.273592803335238405e-11 9.400000000000000000e+01 1.997191994289679029e-01 3.364028584551386012e-12
3.712556238005218668e-11 1.100000000000000000e+01 1.099785925060760228e+00 3.787467575628347103e-12
1.087685297314874934e-11 3.200000000000000000e+01 5.552866239360310097e-01 6.447460437103402565e-13
4.374652446053776343e-11 6.000000000000000000e+00 9.243384570947802414e-01 9.134154794306158147e-12
8.882735129918746094e-11 1.800000000000000000e+01 7.684786645119805470e-01 7.100076069536104842e-12
5.379928791121367101e-11 8.800000000000000000e+01 7.415999776821117218e-01 9.050836136504327206e-13
2.295391483207637771e-10 1.000000000000000000e+01 5.337763053507850186e-01 4.511489462106814930e-11
2.835792012157896200e-10 2.900000000000000000e+01 7.556697173065232143e-01 1.425915979329670672e-11
6.746702257164648421e-10 2.200000000000000000e+01 1.077337904116568490e+00 3.482097168864953525e-11
1.317100032355178481e-10 8.000000000000000000e+00 9.511405704341424627e-01 2.022378910525179443e-11
5.946730807638358910e-11 5.400000000000000000e+01 1.366060411828557086e+00 1.124736902903428931e-12
4.001879178370667612e-10 6.800000000000000000e+01 1.493029673678288427e+00 5.902956960683945145e-12
1.381870263975297599e-10 6.900000000000000000e+01 9.306630876771380123e-01 2.497094915311362965e-12
2.149611474644813299e-11 4.300000000000000000e+01 4.509133240032315304e-01 1.147140190057908828e-12
1.383321053463907954e-10 7.700000000000000000e+01 9.009302558297742625e-01 2.291758880663915759e-12
3.546817205550225984e-10 4.300000000000000000e+01 1.204397402647332083e+00 8.834837689457787698e-12
4.646058165457339605e-11 1.400000000000000000e+01 6.988469649689601493e-01 5.158449439272366310e-12
3.232104082029153052e-10 7.500000000000000000e+01 7.840246960782731867e-01 6.102901793567138358e-12
6.515309323602219763e-10 1.200000000000000000e+01 1.235430612078822321e+00 5.749742530889283642e-11
6.877964357260316064e-10 3.300000000000000000e+01 7.235646713898058469e-01 3.148098827406526667e-11
8.002056854800744105e-10 8.600000000000000000e+01 1.936702582368813319e-01 4.834578141610105852e-11
1.730527393594438556e-11 8.500000000000000000e+01 6.683198810108487153e-01 3.285491475613171774e-13
6.620475573675878546e-10 6.300000000000000000e+01 7.081341393380053972e-01 1.615683638804231098e-11
3.582690408386222999e-11 9.200000000000000000e+01 3.784238209783168938e-01 1.054043210723705220e-12
4.531539894637035210e-10 6.200000000000000000e+01 1.462262909931399957e+00 7.352195426172249727e-12
1.211158694438665618e-11 3.500000000000000000e+01 3.429938133353038765e-01 1.028953565304804273e-12
6.901895356419259339e-10 9.100000000000000000e+01 3.395651054482465847e-01 2.277100786177229664e-11
7.392065049947503155e-10 9.100000000000000000e+01 3.594585376945847455e-01 2.309238360715537792e-11
2.480735400135395612e-11 4.000000000000000000e+01 6.074458343030370022e-01 1.086570060330729062e-12
2.185702456632223842e-10 2.400000000000000000e+01 4.827775259143723408e-01 1.961716594409443105e-11
1.811222085663945912e-11 7.000000000000000000e+00 4.886013329116172810e-01 5.512372963049662285e-12
8.456524510741585724e-10 5.000000000000000000e+01 1.311250950056830622e-01 1.293544381328004489e-10
6.526309371697968029e-11 9.000000000000000000e+00 7.302800448355483143e-01 1.087047045939237785e-11
5.449838137418122635e-11 5.900000000000000000e+01 2.921678392101474953e-01 3.206974976392601839e-12
2.971536960663079389e-11 9.800000000000000000e+01 1.147498298115616766e+00 3.325710540582420577e-13
1.539551519117170524e-10 9.500000000000000000e+01 4.704706624074752042e-01 3.575026663343159230e-12
5.913833294578230722e-11 3.200000000000000000e+01 1.633814712572273786e-01 1.136187899113035785e-11
1.366451696857176423e-10 2.400000000000000000e+01 1.374001130942454241e+00 5.805607173027394285e-12
2.774067239027438492e-10 6.000000000000000000e+00 1.357179966838968632e-01 3.417136685852506781e-10
4.885088376240796180e-10 4.100000000000000000e+01 1.601603636262545483e-01 7.471225045990739251e-11
6.276640830794725070e-10 3.400000000000000000e+01 6.252935861581742083e-01 3.153868767791130847e-11
4.476623785893315850e-11 4.400000000000000000e+01 1.480030671231904238e+00 1.021619867193395900e-12
4.573204814808819050e-10 5.400000000000000000e+01 1.544903273826210843e-01 5.503697366687524784e-11
6.131344673474702252e-11 5.700000000000000000e+01 7.552545614077942338e-01 1.569241790622123053e-12
9.676554808738644868e-10 1.500000000000000000e+01 6.487937965726771061e-01 1.067653404012784547e-10
4.497861710765576578e-11 6.300000000000000000e+01 1.386093130914450855e-01 5.167311939548799179e-12
3.016341603862362128e-10 4.100000000000000000e+01 1.246865731223486540e+00 7.760543781845514637e-12
9.630490500037189583e-11 9.900000000000000000e+01 9.314251944529259308e-01 1.212226521446450455e-12
1.929037685899311037e-10 3.400000000000000000e+01 4.888140939747803171e-01 1.208239276711058493e-11
1.634675499414018272e-11 8.500000000000000000e+01 1.104269589039217347e+00 2.153253100765360182e-13
1.201849704840451324e-11 2.000000000000000000e+01 4.559481425430461643e-01 1.364764988898807232e-12
1.365215923040169205e-10 7.000000000000000000e+00 1.183676655891225282e+00 2.106163986908136786e-11
3.338301637401425838e-11 5.700000000000000000e+01 1.106330125026633970e+00 6.550638953121804314e-13
8.310009492076876275e-11 1.400000000000000000e+01 1.097702277907074198e+00 6.668129989243351576e-12
2.376585768250503529e-11 2.900000000000000000e+01 3.985690046953584975e-01 2.111601452571064790e-12
9.072926378890624262e-10 7.500000000000000000e+01 6.351053030370459318e-01 2.039104022872726175e-11
1.454973657525672952e-11 2.900000000000000000e+01 4.072208127607273020e-01 1.266768659683724562e-12
3.865339334768252890e-10 8.400000000000000000e+01 9.217813936042238421e-01 5.775966486352628664e-12
1.396162532411309360e-10 7.200000000000000000e+01 7.780208800854492290e-01 2.762779005812782236e-12
4.586199176963806741e-11 9.100000000000000000e+01 5.287631093259664850e-01 9.990329864621504028e-13
4.278987789497913161e-10 7.000000000000000000e+00 1.314844306435256183e+00 6.318685315139326104e-11
1.274727380320263565e-10 3.100000000000000000e+01 1.056001142770376822e+00 4.724326887936829462e-12
2.131251546846164984e-10 7.600000000000000000e+01 8.867280051335153512e-01 3.618385587109031721e-12
4.969409394531867291e-11 4.000000000000000000e+01 7.073240362439467965e-01 1.911893430868162046e-12
8.819229075241414647e-11 2.300000000000000000e+01 6.677699361218256691e-01 6.192218316635932021e-12
3.295038958764505198e-10 1.900000000000000000e+01 1.339160591624000141e+00 1.781819543480094393e-11
2.690535374438865044e-10 3.200000000000000000e+01 6.824136703890953948e-01 1.333177379228662523e-11
6.828296888860145412e-10 1.400000000000000000e+01 7.566842919341279505e-02 6.451848507043753465e-10
6.148809132670031007e-11 5.900000000000000000e+01 1.137337281418893786e+00 1.148374632118895406e-12
5.956768078753341856e-10 4.700000000000000000e+01 4.114574852771425012e-02 3.081132780682835803e-10
2.584516430736938003e-10 2.600000000000000000e+01 1.106684888177235537e+00 1.111633775458447101e-11
5.919904506913536565e-11 4.000000000000000000e+00 1.434308768389096489e-01 1.035385694296035727e-10
3.306477170721211899e-10 6.800000000000000000e+01 7.409970807039262253e-02 6.568067789406913438e-11
9.557172977896347489e-11 4.000000000000000000e+00 8.513153982296809419e-01 3.176626908719919786e-11
4.955780395608085723e-10 4.800000000000000000e+01 1.043332242048162772e+00 1.194850870265779916e-11
2.179690744978889221e-10 5.600000000000000000e+01 6.075958799177912928e-01 6.817896517225093822e-12
1.532717054769260586e-11 3.200000000000000000e+01 1.211316274844807195e+00 5.116807863670333200e-13
1.464146288576284695e-11 3.600000000000000000e+01 8.401689870353616918e-01 5.460947692304323712e-13
2.947075988720084563e-11 4.800000000000000000e+01 8.236138561619295029e-01 8.369257427402486668e-13
1.944331227611352297e-10 6.700000000000000000e+01 1.301174874078760535e+00 3.010760262509236046e-12
1.827341237733548462e-11 7.500000000000000000e+01 9.765542304326267908e-01 2.940543283748994909e-13
4.716263485256168655e-10 2.600000000000000000e+01 2.321425909323245884e-01 7.884562811638069408e-11
1.108250369925023327e-11 8.600000000000000000e+01 1.533174687715607609e+00 1.289575738041301113e-13
5.421745738807749727e-11 5.500000000000000000e+01 8.466016844030035404e-01 1.316059020368919472e-12
9.377236541988989354e-10 8.200000000000000000e+01 9.232799344436364297e-01 1.433786129834046122e-11
3.456635623218557822e-11 4.000000000000000000e+00 2.802679962054182572e-01 3.124069684777248032e-11
7.346332452370664025e-10 5.300000000000000000e+01 1.121813699661803776e+00 1.538591567872678780e-11
2.028507572239506143e-10 1.800000000000000000e+01 6.890337783622666468e-01 1.772512393400047323e-11
4.308965277905435406e-10 9.000000000000000000e+01 9.426956912553181578e-01 5.917034520928560953e-12
1.315211119285717884e-10 9.600000000000000000e+01 3.886915140140264485e-02 3.525563500640200651e-11
1.000461206401505805e-10 3.300000000000000000e+01 1.242200106188481090e+00 3.203077114747594389e-12
6.669236934032122286e-10 4.600000000000000000e+01 9.237353842006980065e-01 1.817155728022291715e-11
1.953280756839660439e-10 1.500000000000000000e+01 5.963420705938126121e-01 2.318628086475440738e-11
2.793461671585423161e-11 5.100000000000000000e+01 1.564328624035383752e-01 3.515744315656378023e-12
2.699804619094341302e-11 8.500000000000000000e+01 1.787048943835428394e-01 1.786861917536946315e-12
1.903132971768590699e-10 1.100000000000000000e+01 7.356477944953611070e-01 2.578161967458411149e-11
3.331973340860798616e-11 2.100000000000000000e+01 1.124421511699011278e+00 1.759004753481595315e-12
1.853351766838775011e-10 2.700000000000000000e+01 5.475479482237983753e-01 1.318541828278761384e-11
2.257946222114610679e-10 7.400000000000000000e+01 5.088189542647590935e-01 6.263579511523756408e-12
9.607160239295008415e-10 3.400000000000000000e+01 1.257119445178831452e+00 2.970583593550208483e-11
6.044114275202630139e-10 5.700000000000000000e+01 1.169011693482516323e+00 1.152120554273221725e-11
1.655449887637361583e-10 9.000000000000000000e+00 6.272826972625274999e-01 3.133824659898353814e-11
6.061473757816447968e-11 6.000000000000000000e+01 5.313079035716052889e-01 1.993926658453515907e-12
1.364602691414020860e-10 1.700000000000000000e+01 1.555399308041357065e+00 8.028026231387250305e-12
8.797985368518701282e-10 9.500000000000000000e+01 1.377278321565143626e+00 9.437194227567038824e-12
4.275323940806133986e-10 4.100000000000000000e+01 3.565666590712183726e-01 2.987352293772656772e-11
1.904112940219201074e-10 1.700000000000000000e+01 3.239424825910577344e-01 3.518830467227796317e-11
8.453732178728725315e-11 7.300000000000000000e+01 1.436657892529267677e+00 1.168542613590500596e-12
1.306487782429232631e-10 9.900000000000000000e+01 5.137818155274772591e-01 2.685154870877576297e-12
3.059221915746998154e-11 4.200000000000000000e+01 6.985099145938492571e-01 1.132657270218174078e-12
6.031949692639178737e-11 5.000000000000000000e+00 1.558614485380222625e+00 1.206479456543759274e-11
4.605254892381688070e-10 8.100000000000000000e+01 1.274724372975422071e+00 5.944129332879452764e-12
7.345768380836925657e-11 7.100000000000000000e+01 2.203998470816732058e-01 4.732486225658009257e-12
9.218492029205638942e-11 4.200000000000000000e+01 1.395015292702133758e+00 2.229230936683657877e-12
3.244767531044540219e-10 6.600000000000000000e+01 1.362423858432961987e+00 5.025010984608660019e-12
1.949165897899030456e-10 5.100000000000000000e+01 1.523960262946827404e+00 3.826089637782127255e-12
1.135353295329404371e-10 8.500000000000000000e+01 5.563901952398803835e-02 2.401909989044044052e-11
9.422040756141290474e-11 7.400000000000000000e+01 9.178423291269810491e-01 1.602997103458536933e-12
5.022614566192280719e-11 4.000000000000000000e+00 1.543705616765504107e+00 1.256114548718392559e-11
3.947425061663315044e-10 7.500000000000000000e+01 2.330548798268248789e-01 2.278940531130761920e-11
2.458183987201304681e-10 1.000000000000000000e+00 3.027119492917951793e-01 8.245897402779165795e-10
5.391910871235198196e-10 4.100000000000000000e+01 1.378912759228832219e-01 9.567516295489015013e-11
1.089528092245630787e-11 1.700000000000000000e+01 1.244633259520888879e+00 6.765684401190445805e-13
5.121515773697386793e-10 7.700000000000000000e+01 1.498490313728087608e+00 6.668744222210841619e-12
4.537381751139476593e-11 8.300000000000000000e+01 5.596298872831594745e-02 9.773565829799463411e-12
8.782382218733080648e-10 5.800000000000000000e+01 6.594406500446634567e-01 2.471463895721100070e-11
1.370129916962364078e-11 1.000000000000000000e+00 1.420081567339178119e-01 9.680752747934637018e-11
1.021139522176387965e-10 2.700000000000000000e+01 1.321438714196571329e+00 3.902704385016563916e-12
1.610489054156501251e-10 5.100000000000000000e+01 6.075946288974064524e-01 5.531360126478916582e-12
2.449717944879744228e-11 3.000000000000000000e+00 1.301781186851820593e-01 6.290485255612829232e-11
1.944299087180571039e-10 5.400000000000000000e+01 2.051886399399192040e-01 1.767126988423656612e-11
5.245077360837561391e-10 7.000000000000000000e+00 1.293064534631759521e+00 7.791541089757758665e-11
4.714908843980864196e-10 1.900000000000000000e+01 3.528377064449249589e-01 7.181143597342587662e-11
1.214802656728908729e-10 5.900000000000000000e+01 9.231984720044018600e-01 2.581688476113190837e-12
1.572843551527394030e-11 4.700000000000000000e+01 4.857399091111115341e-01 7.168006454861692092e-13
8.210045985098665687e-10 8.800000000000000000e+01 2.542282298481512437e-01 3.709603425363172016e-11
1.737285818526550150e-10 8.000000000000000000e+01 1.312061013038797741e+00 2.246379517209318242e-12
2.043500926307978010e-10 5.100000000000000000e+01 7.810208844513383264e-01 5.691530066876893853e-12
1.695512715095365516e-10 1.200000000000000000e+01 1.183038336635138688e+00 1.526236394472348946e-11
3.487024651217093033e-10 4.700000000000000000e+01 2.677310783828029117e-01 2.804524202245909030e-11
1.229121055496663886e-10 6.900000000000000000e+01 7.877521520104588948e-01 2.513278661914741853e-12
4.780914222294725750e-10 9.400000000000000000e+01 4.393100703070715873e-01 1.195837715958314766e-11
7.473954389597158220e-11 5.100000000000000000e+01 9.951667913285410227e-01 1.747012755169948720e-12
2.965592416942546941e-11 3.500000000000000000e+01 5.117446411005162066e-01 1.730270831165093760e-12
4.020909516079767590e-10 2.400000000000000000e+01 4.948712810216602392e-02 3.386866548622288655e-10
5.070783615675137799e-10 7.000000000000000000e+01 9.180400373421142290e-02 7.901792574496919929e-11
8.308204354438791326e-11 9.000000000000000000e+00 9.610636717715678179e-01 1.126046025191341982e-11
1.926735057952601386e-11 9.900000000000000000e+01 2.520940737522669450e-01 7.802503247411087435e-13
6.010490116330720181e-11 8.000000000000000000e+01 6.217158719088918817e-01 1.289957956045959746e-12
6.896504708880539884e-11 7.700000000000000000e+01 2.198711890976811634e-01 4.106528587664705740e-12
9.609536543408432902e-11 2.500000000000000000e+01 3.742048326910167311e-01 1.051565749684718193e-11
3.374447417234093087e-11 1.600000000000000000e+01 6.813638998853330797e-01 3.348447551425906839e-12
1.078103850497323665e-11 9.000000000000000000e+01 5.514216034430003549e-02 2.173473870144923012e-12
6.681115462540836546e-11 2.000000000000000000e+01 1.832403718589544761e-01 1.833288988531333774e-11
1.396924840531022525e-10 3.900000000000000000e+01 1.108878755830367657e+00 4.001184507950298120e-12
6.679048276608353053e-11 2.800000000000000000e+01 2.054448535405560272e-01 1.169285816303888118e-11
7.522237238688487746e-10 3.100000000000000000e+01 1.239444468249215170e+00 2.566116083226580481e-11
1.508423635619976299e-11 1.600000000000000000e+01 1.368043122772213849e+00 9.624803282429324506e-13
2.544315210054357912e-11 5.800000000000000000e+01 1.363110507608552124e+00 4.483088759727796394e-13
8.053905415761838412e-11 6.400000000000000000e+01 1.521601932772585597e+00 1.259947005335201843e-12
8.902337180939960993e-11 3.000000000000000000e+01 1.048266292032352442e+00 3.424400150277316254e-12
2.071372398812196602e-10 8.600000000000000000e+01 2.555086166083732069e-01 9.529935692563426598e-12
9.388036404782908868e-11 3.800000000000000000e+01 5.740225565874282898e-01 4.549670315152678275e-12
8.765462162269026988e-11 4.100000000000000000e+01 6.268939674405255014e-01 3.644392082487136831e-12
8.468084590844858659e-10 6.500000000000000000e+01 4.962296660303985862e-02 2.626439243495281670e-10
7.878225410536881186e-10 5.500000000000000000e+01 6.617009456293454495e-01 2.331161220579081512e-11
1.104796057812711717e-11 7.100000000000000000e+01 5.244758671419144092e-01 3.107382134390183948e-13
5.325603592061378171e-11 6.000000000000000000e+01 8.129524825423621870e-01 1.222052137206835003e-12
3.758170003203378166e-10 3.500000000000000000e+01 1.188035923996972443e+00 1.157524566519466878e-11
3.926578362208942486e-11 7.000000000000000000e+00 1.400779247438188158e+00 5.691457797505585979e-12
1.950518856365828291e-10 2.200000000000000000e+01 1.267516242034839591e+00 9.289970276260362340e-12
1.040004249562045308e-11 4.400000000000000000e+01 1.226922766617795313e+00 2.510628738367232789e-13
7.624250678947976127e-10 1.100000000000000000e+01 4.776558258466663265e-01 1.507756692405583095e-10
2.066762743558732476e-11 2.400000000000000000e+01 1.108181662125953038e+00 9.622997599134020981e-13
1.691673519463376001e-11 7.400000000000000000e+01 1.077699896460695195e+00 2.595208985458865121e-13
3.680113189777557656e-10 8.000000000000000000e+01 6.698588690179536620e-01 7.409122327189803927e-12
8.834059143557233448e-11 1.500000000000000000e+01 1.379410571173910638e+00 5.998903257310622731e-12
4.258992937795382370e-10 1.000000000000000000e+00 1.365765494716363992e+00 4.350107204932659788e-10
1.347965694807611097e-11 5.100000000000000000e+01 6.905374366346489490e-01 4.149561830672034697e-13
2.918482999006463090e-10 5.900000000000000000e+01 1.533122327562642884e+00 4.950093847660090795e-12
4.315393509916896107e-10 4.800000000000000000e+01 1.527176810902515225e+00 8.998962781368254563e-12
1.415900214858521276e-11 7.400000000000000000e+01 5.158316132130369436e-01 3.879059271075067392e-13
1.981327371843573637e-11 7.000000000000000000e+01 1.222690459445441080e+00 3.011070088349023616e-13
2.479085241096393533e-10 5.300000000000000000e+01 1.006960405955552168e-01 4.653046360294997414e-11
1.526471078850172633e-10 2.100000000000000000e+01 5.288180644817153109e-01 1.440776933618633271e-11
1.438202082554080323e-10 6.000000000000000000e+01 8.581304207637843184e-01 3.168035287861845075e-12
4.661390607352590740e-11 3.400000000000000000e+01 1.432973882156674650e+00 1.384122160404349025e-12
3.247492948748278405e-11 7.000000000000000000e+01 1.174327275852327324e+00 5.029405271299746038e-13
4.688856957403866951e-10 8.000000000000000000e+00 5.263641402667645908e-01 1.166630834725108630e-10
1.958256342090607400e-11 9.600000000000000000e+01 5.632074913926142790e-01 3.820652636792585477e-13
5.269984270758558153e-11 8.000000000000000000e+00 1.472976893905743323e-01 4.488435493672082324e-11
3.615214737728961866e-10 2.100000000000000000e+01 1.614250260567424988e-01 1.071104203378951529e-10
1.909749154141400851e-10 5.500000000000000000e+01 1.028669890654254904e-01 3.381456477737038297e-11
6.225996229485155512e-10 1.700000000000000000e+01 9.104541589943740965e-01 4.637164287111181466e-11
2.805812438816900594e-10 3.800000000000000000e+01 4.995136168973279833e-01 1.541490166916652021e-11
1.753140922588756628e-11 9.700000000000000000e+01 1.172485814516326830e+00 1.960862830856420917e-13
2.026834629434898322e-11 9.900000000000000000e+01 1.236045325471972767e+00 2.167628095916340620e-13
6.891258742358880894e-10 1.800000000000000000e+01 1.319168938779773592e+00 3.952961706983020283e-11
5.997611981951997470e-11 4.000000000000000000e+01 5.917705046996191154e-01 2.687914612750997861e-12
1.180577231054577875e-10 8.700000000000000000e+01 1.144330046146573299e+00 1.490483166777394098e-12
4.423500817265235025e-10 1.300000000000000000e+01 4.187056472577910804e-01 8.369097250576027880e-11
2.272666037444033734e-10 6.800000000000000000e+01 9.235502120987127972e-01 4.189491526057448051e-12
5.642709761968387176e-11 7.500000000000000000e+01 4.718250595564382754e-01 1.655314162003846649e-12
2.584198239531357977e-10 5.600000000000000000e+01 6.576202914365802954e-01 7.549696036685180412e-12
1.233177589263637381e-11 4.600000000000000000e+01 4.517569823235824122e-01 6.140968249541272849e-13
6.720548087551290503e-10 4.000000000000000000e+00 1.137039967464578361e+00 1.851608108999832850e-10
8.859076189473312610e-11 3.800000000000000000e+01 1.259386662061154682e+00 2.449132774167789330e-12
8.073540695668443063e-11 4.600000000000000000e+01 1.171748519144718559e+00 1.904772927503993090e-12
3.463824757039707784e-10 2.600000000000000000e+01 1.701833042158509002e-01 7.866182269540976646e-11
6.858686395750957200e-11 8.100000000000000000e+01 1.041385850355231124e+00 9.810526661825697847e-13
5.874426524680354848e-11 1.800000000000000000e+01 3.299004844780457635e-01 1.007433729202609372e-11
3.079126981273456117e-10 7.500000000000000000e+01 1.038384406167657925e+00 4.765056753445580892e-12
1.817039977686090361e-11 9.700000000000000000e+01 1.133525200410070433e+00 2.067794584216703751e-13
2.963925748617970709e-11 2.600000000000000000e+01 7.950795264623677916e-01 1.596779148007418942e-12
2.751236228508470376e-10 9.300000000000000000e+01 1.281321129182191099e+00 3.086746271071259858e-12
2.499839261379412630e-10 6.300000000000000000e+01 5.507249021526665622e-01 7.582572605345890542e-12
7.214279849398566576e-11 9.300000000000000000e+01 1.434696609615507823e+00 7.829693522934144640e-13
1.301414095522906572e-11 4.100000000000000000e+01 7.239800667352842556e-01 4.792144386917660935e-13
1.671430926780840007e-10 1.900000000000000000e+01 1.272829368500575598e+00 9.202510567679424580e-12
1.296856321646279498e-11 1.300000000000000000e+01 3.748924320721925829e-01 2.724349767308723274e-12
3.232833414695301176e-11 2.700000000000000000e+01 9.635168503430805442e-01 1.458037788685013423e-12
1.073650815999637633e-11 1.100000000000000000e+01 5.023744006918972049e-01 2.027061570947122110e-12
7.019433338478992507e-10 2.700000000000000000e+01 4.883228548393755974e-01 5.541544215211982645e-11
1.124188972172383094e-10 1.100000000000000000e+01 5.705976954088630704e-01 1.892100467196653818e-11
2.827090281344684901e-11 9.700000000000000000e+01 1.095039210591746137e+00 3.278630400376142879e-13
1.391034329026369136e-11 7.000000000000000000e+00 1.094157830288619015e-01 1.819812861554020796e-11
1.695385978852432838e-11 2.400000000000000000e+01 4.602876756455884233e-01 1.590278036440021403e-12
2.046904813305730183e-10 6.600000000000000000e+01 5.193754867737834235e-01 6.248504953667614542e-12
3.080423502158188692e-11 5.100000000000000000e+01 4.354539715599738403e-01 1.431894341795631468e-12
5.314960520918680703e-11 6.000000000000000000e+01 4.269995802063700774e-01 2.138946302088996345e-12
1.475534871964896203e-10 3.800000000000000000e+01 6.711763286588424970e-02 5.789690731478231530e-11
1.550598924089380110e-11 2.600000000000000000e+01 1.018811910462307457e+00 7.004043180613656710e-13
2.958380542547011219e-10 3.000000000000000000e+00 1.081914987461173538e+00 1.116970089782698602e-10
1.708717352653829603e-11 2.500000000000000000e+01 1.003543643642201832e+00 8.104136552066898438e-13
3.037880305973850873e-11 8.000000000000000000e+01 5.119558849775919240e-01 7.751540791801949026e-13
1.293495427070064190e-11 2.000000000000000000e+00 3.519908265001087666e-01 1.875896578188286322e-11
3.399590080754271143e-10 1.500000000000000000e+01 1.122302137085037232e+00 2.515137863866765897e-11
1.720713506629233233e-10 2.500000000000000000e+01 1.029517057440069161e+00 8.030863926394993873e-12
2.363192880877549325e-11 8.900000000000000000e+01 1.470076736953918051e+00 2.668798186095399621e-13
6.210022518919298697e-11 9.600000000000000000e+01 4.497582600708593947e-01 1.487936857217856269e-12
5.874014473444651979e-11 7.500000000000000000e+01 5.643423325508977184e-01 1.464311363119453091e-12
4.244876055688777818e-10 4.100000000000000000e+01 1.290195068325713512e-01 8.046950486306934821e-11
1.403373104224496287e-11 2.400000000000000000e+01 1.142438024773816396e+00 6.428181171461646528e-13
2.558310405169971527e-10 4.700000000000000000e+01 4.774377640972253811e-01 1.184582095912562237e-11
3.034869948731654829e-11 2.100000000000000000e+01 4.472552217608910530e-01 3.341506723658260635e-12
2.739989231067006728e-11 8.700000000000000000e+01 8.610103757721302431e-01 4.152151835170829116e-13
3.780035399717685728e-11 1.000000000000000000e+00 1.467390713681030023e+00 3.800335263649590768e-11
2.663340939696082187e-11 5.100000000000000000e+01 8.418712268277310506e-02 6.210464044311340885e-12
5.178532707601397577e-11 7.000000000000000000e+01 5.676635984233197041e-01 1.375935516853162703e-12
1.986200450877037970e-11 8.700000000000000000e+01 1.230268829955351917e+00 2.422067478684581784e-13
3.465224837802128075e-10 6.000000000000000000e+01 7.969802341133622736e-01 8.074635934350448921e-12
1.332285411927649222e-10 7.300000000000000000e+01 9.374128475798052529e-01 2.264245224515050664e-12
4.261629379396068016e-10 7.200000000000000000e+01 6.486281745302306945e-01 9.798031691871737757e-12
5.647706574507665072e-10 7.500000000000000000e+01 1.090807716244896586e+00 8.489598519103006443e-12
1.010722712027685983e-10 1.300000000000000000e+01 5.243617504544936248e-01 1.552906287624152026e-11
5.485329529349475279e-10 6.500000000000000000e+01 1.570579918417347898e+00 8.438968704300863793e-12
1.104980271858203454e-10 5.900000000000000000e+01 2.877545428563459406e-01 6.599186642730838518e-12
3.237401123925522323e-10 4.200000000000000000e+01 1.249406866213252920e+00 8.124071291091505201e-12
5.533114367916779708e-10 5.200000000000000000e+01 9.200880598422173096e-01 1.337339049800106364e-11
2.427089372763006793e-11 8.400000000000000000e+01 9.274860863290308455e-01 3.611223252716420028e-13
2.365639088973013875e-11 3.700000000000000000e+01 1.079660480182364601e+00 7.250664110987128338e-13
2.031782959675880409e-11 6.000000000000000000e+01 4.183166601470262452e-02 8.097436861548300921e-12
1.326975533615310683e-10 1.700000000000000000e+01 1.371116000773477062e+00 7.963982468594533030e-12
2.851341288748461459e-11 7.600000000000000000e+01 1.449016992326922493e+00 3.779757525128491307e-13
7.053432736863511357e-10 6.200000000000000000e+01 9.214474935615172280e-01 1.428351894100294420e-11
2.831578103977248241e-10 6.100000000000000000e+01 7.125193294878060524e-01 7.100552579776334670e-12
9.821586671195806258e-10 5.400000000000000000e+01 4.295590172898431924e-01 4.367211755011592051e-11
1.793188653588478730e-10 7.800000000000000000e+01 9.908982269450337110e-01 2.748247458623217602e-12
1.765208244551906529e-10 8.500000000000000000e+01 1.326435795620862779e-01 1.570236452419946884e-11
7.180582558098114295e-11 5.800000000000000000e+01 1.339686549800306992e+00 1.271846319105051095e-12
1.808543404595095567e-10 3.600000000000000000e+01 1.189211690274637467e+00 5.413062428584987189e-12
8.860408058379766027e-10 5.400000000000000000e+01 3.087021844569575180e-01 5.400576664530280329e-11
9.072195286042144740e-10 4.700000000000000000e+01 1.355986688907252713e+00 1.975660952047080638e-11
6.074276637801264350e-10 4.400000000000000000e+01 1.546213268213094461e+00 1.380934664560862698e-11
2.685168088214162037e-11 3.400000000000000000e+01 9.681465680653577044e-01 9.586310746664767181e-13
1.195338187661152512e-11 5.400000000000000000e+01 9.591374345072851693e-01 2.703796902130019338e-13
4.556254792343930928e-11 7.000000000000000000e+01 9.105865056962505477e-01 8.240581881445117171e-13
1.301023646319397408e-10 6.400000000000000000e+01 4.495666028548609555e-02 4.523321709703598663e-11
9.056074354240360596e-11 8.300000000000000000e+01 1.499738677709624435e+00 1.093853671158693728e-12
1.235162233065202815e-10 2.300000000000000000e+01 2.513539384533943766e-01 2.159201518954837260e-11
3.337240683100572867e-10 6.800000000000000000e+01 1.404612785457142188e+00 4.976263550664565378e-12
4.384221409410014833e-10 6.000000000000000000e+00 6.798618866046206577e-01 1.162271792761362197e-10
3.555003322449039565e-10 7.000000000000000000e+00 1.234278454729101915e+00 5.380359504600333171e-11
8.343953281799109818e-10 6.200000000000000000e+01 9.360658275306898979e-01 1.671319201908346117e-11
7.610311563077745993e-10 6.500000000000000000e+01 4.322780225087196615e-01 2.794710812728594087e-11
1.428028823055943909e-10 7.800000000000000000e+01 3.970676754293422372e-01 4.734241730951761221e-12
6.901322362526988665e-10 6.700000000000000000e+01 5.558631091169125016e-01 1.952044103164083472e-11
3.238853605701196217e-10 8.700000000000000000e+01 1.836046617075238752e-01 2.039065467889897805e-11
4.679959469178036239e-11 3.800000000000000000e+01 3.633295062929350894e-01 3.465415463964514991e-12
3.200349468575702631e-11 8.000000000000000000e+01 9.998534313199721746e-01 4.754547061207642871e-13
7.958428314637755100e-10 8.600000000000000000e+01 2.956753098440890182e-01 3.175852271397779393e-11
1.745217245877978734e-10 4.400000000000000000e+01 5.774274898504559994e-01 7.266199877368257479e-12
1.912005677354438985e-10 1.500000000000000000e+01 7.216840030481506130e-01 1.929419324772920914e-11
6.581586850595006157e-10 7.100000000000000000e+01 1.433180409019004564e+00 9.358315420993977054e-12
2.741193615364903964e-11 7.800000000000000000e+01 8.330458927529448276e-01 4.749228299954846539e-13
7.092911511671595916e-10 1.700000000000000000e+01 5.489973698033952243e-02 7.603674860239741142e-10
4.569410643177566320e-11 7.700000000000000000e+01 8.996601438056686106e-01 7.577807782313800242e-13
4.338365618767499762e-10 4.300000000000000000e+01 1.110640999532542139e+00 1.126049981651773319e-11
2.636881568190687153e-11 6.000000000000000000e+01 6.834422431925560870e-01 6.959683330953841665e-13
8.210097850301443896e-11 6.000000000000000000e+01 1.943983132500536615e-01 7.083427071026707971e-12
2.553994948347357153e-10 1.600000000000000000e+01 1.564712336291337991e+00 1.596276385663646999e-11
4.879973611665315584e-10 7.900000000000000000e+01 9.482818665690224691e-01 7.603481695059904516e-12
1.281794764775655711e-11 4.900000000000000000e+01 1.344786251106163955e-01 1.951097367457066955e-12
1.821137932082651344e-11 9.600000000000000000e+01 1.013755871192530550e-01 1.874486662121852964e-12
5.298352362469753793e-11 6.700000000000000000e+01 1.150170777147646373e+00 8.663120906889923627e-13
1.967949281202953395e-11 1.300000000000000000e+01 7.511583672988595417e-01 2.218078370024522799e-12
1.603458298388396556e-10 7.300000000000000000e+01 1.479510290359508984e+00 2.205702049280222160e-12
5.776751099745739126e-11 4.300000000000000000e+01 9.987554999073342543e-01 1.597804234568828287e-12
7.311982988746041750e-11 2.900000000000000000e+01 8.547105673906573164e-01 3.342307931702794487e-12
1.799168426915255481e-11 1.600000000000000000e+01 4.059664215913479784e-02 2.770645895861496336e-11
5.809091310051434183e-10 1.100000000000000000e+01 1.014164197026832470e+00 6.219962131424505850e-11
1.296488250233361607e-10 1.400000000000000000e+01 3.208332518925805510e-01 2.936550800820767641e-11
1.378378094785043365e-11 8.500000000000000000e+01 1.468787398011619283e+00 1.630095175766140129e-13
6.612649827404474616e-11 7.000000000000000000e+00 1.289127063374276627e+00 9.834180223818547115e-12
4.053449528415281719e-11 9.000000000000000000e+01 8.770067178773865990e-01 5.858047977957492905e-13
1.867760848088865454e-10 7.100000000000000000e+01 7.028215265524753730e-02 3.746066317592716431e-11
2.158967900210099229e-11 3.700000000000000000e+01 6.349683835394744902e-01 9.837356669748376197e-13
8.397261109902229728e-10 5.400000000000000000e+01 4.407782449162273020e-01 3.644842872165562244e-11
3.456797582863344285e-11 9.700000000000000000e+01 5.272733853844088769e-02 6.761882488847358557e-12
3.945007651548647836e-10 6.500000000000000000e+01 7.752635435214331183e-01 8.671531611765690636e-12
7.693934995752270871e-10 6.300000000000000000e+01 4.648144088454059936e-02 2.628359557951851291e-10
4.381690588985697210e-10 5.800000000000000000e+01 1.305710488354867804e+00 7.828073430569197587e-12
3.612894700703042692e-10 1.600000000000000000e+01 5.378371044292424852e-01 4.407864260507111109e-11
8.493716868091570585e-11 6.100000000000000000e+01 1.451696327107034667e+00 1.402346861869470656e-12
2.021338816472322157e-10 2.200000000000000000e+01 1.216813008345033920e+00 9.795212855180049203e-12
1.326369831578639014e-11 7.700000000000000000e+01 1.212405006229762883e+00 1.839431450364731718e-13
6.245158179965568948e-10 2.400000000000000000e+01 1.110200636707225463e+00 2.904872114058267080e-11
2.968749912317611414e-10 4.000000000000000000e+01 3.285941908324823690e-01 2.299839314466735674e-11
5.321062255150341567e-10 6.700000000000000000e+01 2.849378944021974114e-01 2.825309390243367376e-11
8.919301170976963627e-10 7.900000000000000000e+01 1.228678866817782822e+00 1.198481790588390636e-11
5.086488824200525613e-11 5.000000000000000000e+00 1.112618628432134216e+00 1.134288234465752595e-11
2.280743773383522653e-10 6.000000000000000000e+00 1.503947455634747410e+00 3.809748901562597259e-11
5.283955283608191906e-10 2.000000000000000000e+00 4.725414909640573979e-01 5.804621304429606527e-10
5.807899193514405855e-11 3.100000000000000000e+01 3.569033399863220102e-01 5.362487628757919838e-12
2.301266787743347440e-11 8.900000000000000000e+01 5.243280383499637765e-01 5.164863570664626766e-13
1.072689148228370757e-11 7.300000000000000000e+01 2.032825927314569625e-01 7.278570351983564118e-13
1.476909036481292720e-10 8.000000000000000000e+00 5.635340384888861687e-01 3.456037842591616968e-11
6.771536802801344731e-10 3.500000000000000000e+01 9.510492930004413870e-01 2.376737593431362286e-11
1.293105910568139205e-10 5.300000000000000000e+01 1.546131785207766063e+00 2.440564781253307093e-12
8.810646918046665199e-10 8.700000000000000000e+01 7.208172982322831324e-01 1.534423822164064691e-11
1.793928381522663833e-10 5.500000000000000000e+01 8.217769129803768058e-01 4.453686264190269711e-12
4.005535754283552263e-11 7.200000000000000000e+01 1.024698969561457229e-01 5.438662435970043795e-12
1.853109625018789352e-11 2.500000000000000000e+01 9.281618651290591826e-01 9.259533042374901661e-13
8.513576264510819385e-11 3.500000000000000000e+01 3.910377145854341263e-01 6.381905058820113161e-12
2.287620986286937419e-10 5.000000000000000000e+01 1.965667479207789392e-01 2.342633626733289763e-11
8.273416427405788226e-11 4.000000000000000000e+00 2.798710261532313948e-01 7.487750835348497205e-11
3.348338728725788126e-11 4.400000000000000000e+01 5.297673957698938452e-01 1.505911200007966337e-12
6.252935095290610972e-10 1.300000000000000000e+01 1.316846958355740060e+00 4.969327443470460986e-11
7.180487316206886104e-10 9.000000000000000000e+01 1.443534883723480267e+00 8.043364435998422736e-12
1.448835800132908409e-11 6.000000000000000000e+01 4.381331670590765670e-01 5.691757266814245917e-13
2.210725870213193131e-11 5.400000000000000000e+01 8.967911423459397069e-01 5.239714475862782553e-13
9.332033191641239582e-11 7.500000000000000000e+01 8.863035547935334268e-02 1.405727877746212708e-11
1.120153443093751314e-10 5.000000000000000000e+01 2.084893892972265461e-01 1.082366729343300031e-11
2.841977655440743068e-11 1.500000000000000000e+01 1.355938327982797231e+00 1.939241367725896590e-12
4.252854366269160127e-10 8.200000000000000000e+01 7.725084448081250832e-01 7.431087483519120760e-12
6.099486601019065058e-11 9.900000000000000000e+01 4.802226425105056706e-01 1.333638316679990210e-12
1.377278608310087668e-11 1.600000000000000000e+01 5.713585293796418635e-02 1.507403165646578518e-11
6.478727502872760063e-10 6.000000000000000000e+01 9.164609790838218473e-01 1.360872563293861936e-11
3.409124376460950536e-10 2.800000000000000000e+01 2.620326494640667914e-01 4.700138848788180672e-11
9.446840574802812755e-10 4.900000000000000000e+01 1.239433983050946209e+00 2.038839500961009811e-11
2.414004170358144161e-11 3.700000000000000000e+01 6.730518327633282505e-01 1.046614584864994897e-12
8.087327833477421728e-11 9.000000000000000000e+00 1.339771712565023920e+00 9.231170839213736691e-12
9.662435755536498378e-10 7.100000000000000000e+01 9.245222682589226970e-01 1.704684858959636708e-11
9.134289863637116149e-11 8.200000000000000000e+01 9.891383457986149264e-01 1.333174482512989710e-12
2.068180244403091444e-11 7.300000000000000000e+01 1.355334410655219868e+00 2.900182389781418183e-13
1.795850629895630974e-10 4.600000000000000000e+01 5.489862115164043654e-01 7.481512879943617203e-12
2.000117416641299815e-10 7.500000000000000000e+01 8.792530477288853508e-01 3.462225387860923018e-12
2.483577746222462637e-11 3.000000000000000000e+00 5.538733386250508373e-01 1.573920537742217516e-11
2.379523235148262205e-10 8.200000000000000000e+01 1.248891960338249341e+00 3.058983363565515944e-12
1.428335317360343456e-10 3.100000000000000000e+01 9.249150737236345732e-01 5.769732532449238556e-12
7.700241028134404415e-11 6.500000000000000000e+01 1.664428637810488609e-01 7.150441610226838303e-12
1.627519614246760206e-10 2.600000000000000000e+01 1.484205764724365606e+00 6.283231710970000872e-12
4.136723499415860731e-11 5.900000000000000000e+01 2.133774258233735455e-01 3.310980265723980305e-12
1.418445521656785210e-11 5.300000000000000000e+01 5.022671349721858497e-02 5.330704948653467017e-12
6.377304809863922497e-11 7.400000000000000000e+01 1.563698480693344273e+00 8.618196561746697770e-13
3.352299226792415658e-10 3.100000000000000000e+01 6.795622004179491249e-01 1.720713616029599860e-11
1.955728634937949870e-10 3.600000000000000000e+01 1.223978054110336888e+00 5.776519499797064304e-12
2.660446263584512363e-10 2.700000000000000000e+01 1.468323592963158841e+00 9.905466158879798010e-12
3.236898759179366023e-10 3.500000000000000000e+01 1.123135031844270326e+00 1.025920476546892214e-11
7.583770220770069438e-11 4.100000000000000000e+01 1.484915755444832008e+00 1.856542285222011833e-12
1.852188089107575633e-11 2.000000000000000000e+01 1.566532057334651951e+00 9.261024646618725481e-13
6.367679631966781742e-11 4.100000000000000000e+01 8.934106509164121412e-01 1.993153018094408645e-12
5.312207296893640922e-11 1.900000000000000000e+01 9.746394224703289755e-01 3.378731481848435618e-12
1.810410860258501657e-10 7.800000000000000000e+01 2.950112138752536417e-01 7.982923259876984370e-12
7.283735141644201770e-11 1.900000000000000000e+01 8.281936223319875667e-01 5.203593209451597792e-12
2.630665643681626421e-11 5.800000000000000000e+01 1.349518705834382271e+00 4.648982667847809064e-13
3.274010609843078153e-11 9.600000000000000000e+01 1.056251804493043345e+00 3.917703885799827166e-13
7.013321031689125321e-10 8.600000000000000000e+01 6.892586686394308604e-01 1.282306595586848121e-11
7.635887064402631710e-10 5.400000000000000000e+01 7.835475207192383884e-01 2.003484319207833857e-11
3.864951528672345616e-10 8.700000000000000000e+01 8.235980532439496349e-02 5.400084785124295281e-11
8.253555682399231753e-10 3.200000000000000000e+01 1.508874239294489827e+00 2.584188903697520248e-11
8.897492699083906864e-10 2.500000000000000000e+01 6.146889697051426404e-01 6.171266860394639653e-11
4.790809500068889094e-11 1.900000000000000000e+01 4.515129053374019041e-01 5.778869504762117668e-12
6.616558074370706123e-11 4.400000000000000000e+01 1.151614547426115687e+00 1.646295742683417980e-12
2.077767333698770419e-10 7.500000000000000000e+01 9.450528425876072447e-01 3.417965620674202163e-12
1.400887934450929748e-11 7.400000000000000000e+01 1.374534040363805332e+00 1.930146172097127753e-13
2.123070651333749060e-10 1.000000000000000000e+00 1.011936117121997825e+00 2.504034448795795901e-10
2.681546601253491159e-10 9.800000000000000000e+01 1.065833179209453530e+00 3.126480925123167871e-12
2.213509525824222608e-10 8.000000000000000000e+00 6.001133955260894437e-01 4.899433748818224184e-11
1.697335386437805620e-11 6.900000000000000000e+01 8.796146751415372389e-01 3.192638171415827690e-13
7.877130512263494152e-11 6.600000000000000000e+01 5.240169015926625651e-01 2.385281996586248284e-12
6.051592056980977408e-11 4.400000000000000000e+01 4.710837864286701593e-01 3.030417307579817423e-12
2.436498800757352241e-10 9.000000000000000000e+01 3.496455161491384134e-01 7.902799532821607765e-12
2.292470988764551688e-10 4.600000000000000000e+01 4.930158261317663798e-02 1.011255988241909452e-10
1.248508671233832071e-11 7.000000000000000000e+00 8.175300295620844260e-01 2.445079097133061673e-12
1.611527890567290624e-10 4.000000000000000000e+01 4.076514951785762397e-01 1.016212722394701488e-11
1.652233050468157996e-11 2.200000000000000000e+01 3.835004464568497751e-01 2.007154951767753647e-12
1.771188205191918365e-11 4.000000000000000000e+01 1.208780162688998683e+00 4.734862119622551239e-13
1.822445108956785227e-10 5.500000000000000000e+01 1.245220944235410077e+00 3.497258589833962372e-12
1.611290847683135140e-11 5.700000000000000000e+01 5.143016338585779668e-01 5.746434651555114334e-13
1.392153172268598661e-11 5.200000000000000000e+01 8.899305427280356229e-01 3.445458260309984347e-13
3.071296448039764045e-11 2.900000000000000000e+01 5.151038328645071024e-02 2.056937182338298940e-11
5.960297622507866737e-11 3.300000000000000000e+01 7.030012665137052030e-01 2.793692315880758760e-12
5.011744973246904442e-11 8.800000000000000000e+01 2.729921646959957982e-01 2.112340142058135491e-12
3.188757475491375455e-10 5.100000000000000000e+01 1.431541414722894867e+00 6.313583059041462129e-12
4.065423134093458971e-11 9.000000000000000000e+01 1.086615710247245348e+00 5.103782664745001515e-13
1.556193893684220871e-10 8.200000000000000000e+01 4.117196342264838327e-01 4.742290189451797772e-12
6.763323050250543814e-10 2.200000000000000000e+01 1.395370381039712449e+00 3.122155693533668435e-11
7.550705898788926945e-11 4.000000000000000000e+01 1.028928845716697182e+00 2.203306659962700132e-12
2.913730648434141960e-10 4.500000000000000000e+01 3.523773213871431859e-02 1.837887056723398609e-10
2.768807129952063421e-11 6.500000000000000000e+01 4.653876352905696456e-01 9.491967929575953059e-13
1.529814913525992416e-10 8.000000000000000000e+01 1.505241110214648348e+00 1.916384986658045257e-12
2.583052596638049397e-10 9.000000000000000000e+00 9.564335970820529720e-02 3.005372082244441056e-10
1.228409271408298625e-10 1.400000000000000000e+01 1.291038273845123818e+00 9.129277491021282235e-12
1.338598413898305632e-11 8.800000000000000000e+01 8.390811892264201655e-01 2.044454544267068294e-13
4.319108966673477192e-10 6.600000000000000000e+01 6.813841238342321915e-01 1.038963314186984919e-11
3.950379728528178922e-10 7.500000000000000000e+01 5.926790057288961605e-02 8.892263496802624217e-11
5.088019885796449537e-11 5.500000000000000000e+01 7.925071587156597153e-02 1.168523961416987265e-11
9.817535193474688662e-10 7.900000000000000000e+01 4.105403056466532807e-01 3.113783618685356032e-11
3.487352376257718392e-10 8.000000000000000000e+00 1.324187217118444782e+00 4.495188953253695465e-11
2.211513269944699587e-11 6.000000000000000000e+00 4.013761308387230331e-01 9.434329399975832337e-12
3.184403913799591335e-11 2.800000000000000000e+01 7.032432066808200766e-01 1.758614803389041021e-12
9.516573971580621849e-11 8.000000000000000000e+01 9.566579845199849608e-01 1.455542638899128330e-12
5.352715282295977892e-10 4.500000000000000000e+01 2.344457471728482456e-01 5.120413933921476195e-11
1.658894227317953248e-11 4.600000000000000000e+01 1.405231688255797362e+00 3.656289899605141121e-13
1.710905875237801312e-10 4.900000000000000000e+01 1.389753279946165376e+00 3.549658770443063765e-12
1.523028441054574312e-11 3.300000000000000000e+01 9.430326393923833816e-02 4.901299534931913444e-12
2.573147645569164774e-11 8.900000000000000000e+01 1.569219185110995340e+00 2.891180725578865496e-13
6.276520814787015225e-10 2.000000000000000000e+01 1.245819533044836419e-01 2.525560908323786766e-10
9.449899517577361013e-11 9.500000000000000000e+01 7.982836596567777221e-01 1.388973564643901620e-12
1.041501174388121999e-10 6.600000000000000000e+01 1.550523564137674004e+00 1.578356411628690736e-12
1.051224810388003756e-11 3.000000000000000000e+01 2.062723935411835963e-01 1.710871406013227388e-12
4.288271776640551669e-11 1.300000000000000000e+01 2.423933978502139375e-01 1.374292953917754573e-11
2.382827547730881996e-11 5.400000000000000000e+01 1.054185884154102748e+00 5.074930135020303712e-13
5.029912334050122306e-11 7.700000000000000000e+01 1.479539356804743688e+00 6.559648564468390370e-13
1.761629124423037258e-10 1.300000000000000000e+01 1.511567619052737399e+00 1.357479676874727756e-11
5.491254374079873765e-11 4.100000000000000000e+01 4.537913459106202585e-01 3.055206944723525258e-12
1.871008638625509778e-10 7.700000000000000000e+01 1.254745067396963565e+00 2.556504623777627090e-12
9.487646431121944230e-11 5.100000000000000000e+01 4.760977728693497335e-01 4.059053735892415165e-12
6.516852566739774076e-11 9.000000000000000000e+01 1.368322067821298171e-01 5.308393660442819846e-12
4.340549899415300806e-10 4.200000000000000000e+01 1.561423345678407681e+00 1.033509659778990256e-11
2.124657499591722519e-11 6.800000000000000000e+01 1.069099647107296880e+00 3.563652864766492754e-13
9.521420171133049792e-10 7.100000000000000000e+01 1.386137437327310096e+00 1.364238597397162638e-11
5.818906082821320575e-10 6.100000000000000000e+01 7.638427010881833068e-01 1.379090231535152447e-11
8.147307655185920278e-10 1.800000000000000000e+01 1.397997674860561812e+00 4.594709079079574273e-11
1.812912480873073868e-10 8.200000000000000000e+01 7.602882608223437977e-01 3.208201253152034647e-12
3.921899108092793301e-11 9.000000000000000000e+01 3.721336353051590135e-02 1.171265158239547034e-11
3.120907260405583043e-11 5.000000000000000000e+00 1.069792461138511647e-01 5.845747157817752649e-11
1.034577209163421389e-10 7.000000000000000000e+01 1.014539692952469263e+00 1.740346224712752033e-12
9.656148047889042723e-10 6.000000000000000000e+01 9.696484288505498039e-01 1.951477548879894013e-11
3.987212439319733012e-11 5.400000000000000000e+01 3.511138375274939216e-01 2.146782272526895533e-12
2.909434212318844035e-11 1.100000000000000000e+01 1.153058656831185580e+00 2.893778866484564114e-12
6.403320207864220150e-10 2.200000000000000000e+01 1.323060486308085704e+00 3.002258754836012030e-11
1.616621664696645025e-10 5.200000000000000000e+01 4.828635087901779199e-01 6.695612050193170457e-12
4.666283407916988230e-10 6.300000000000000000e+01 2.574546413302788994e-01 2.908963004191704101e-11
3.366455490052536225e-11 6.000000000000000000e+01 1.140470326689601466e+00 6.173608238999985995e-13
2.103918195245197693e-11 4.300000000000000000e+01 8.713274813957044840e-01 6.394320005178719887e-13
2.995409896783141094e-10 9.900000000000000000e+01 2.218782703576774873e-01 1.374914030305488210e-11
6.314680842409327909e-10 3.500000000000000000e+01 2.483362842933318770e-01 7.340341814642153629e-11
4.981953724109103831e-10 3.900000000000000000e+01 1.431821888346816452e-01 8.952225686622029496e-11
2.029754949563050343e-11 1.900000000000000000e+01 8.353231099715365329e-03 1.278911704553777137e-10
1.808635986357945730e-10 2.500000000000000000e+01 8.468815004935240087e-02 8.552789232002507561e-11
1.175417970255196453e-10 4.500000000000000000e+01 2.448217751858884905e-01 1.077647947710484169e-11
9.284988976332422005e-10 1.100000000000000000e+01 1.546416876588231792e+00 8.443408146984167350e-11
5.621611198937220521e-10 5.500000000000000000e+01 1.288069599102931728e-01 7.957201656485443722e-11
3.812458390939618600e-10 5.400000000000000000e+01 1.293336726099112433e-01 5.474080420014683946e-11
2.223532294794992201e-11 4.100000000000000000e+01 1.142888427257370720e+00 5.960689753840255844e-13
3.647966598282477662e-10 7.500000000000000000e+01 3.222482677403422091e-01 1.535824759397037895e-11
3.636624921949316303e-11 1.700000000000000000e+01 1.489185219114017800e+00 2.146334859509072206e-12
1.235211054296311786e-11 7.700000000000000000e+01 5.391335958768225245e-01 3.124645664043172015e-13
1.364146837974475725e-10 1.400000000000000000e+01 1.023466466995405222e+00 1.141083326365485887e-11
3.673198167238925614e-11 2.100000000000000000e+01 6.476410943731959469e-01 2.899257685551148931e-12
2.653060871015132163e-10 1.100000000000000000e+01 1.103426582052520644e+00 2.701603140500779742e-11
8.092328426244502048e-11 6.400000000000000000e+01 1.540829903818091928e+00 1.264994247981678775e-12
2.439305200382251479e-11 7.600000000000000000e+01 4.650111808277735959e-01 7.157398256688575543e-13
1.993144214177946914e-11 8.900000000000000000e+01 9.654514756467024172e-01 2.723424278693451671e-13
1.776578726807293026e-11 6.600000000000000000e+01 3.335360971931265461e-01 8.222048404982385472e-13
2.576822472029380039e-10 2.800000000000000000e+01 4.311206091230177645e-02 2.135316350743693583e-10
1.272526986290849018e-11 2.800000000000000000e+01 1.300842796886221953e+00 4.715519849963204598e-13
1.150355699449422182e-11 1.500000000000000000e+01 1.177159817361904448e+00 8.304135015657698924e-13
2.238650809960395195e-11 2.700000000000000000e+01 1.022782713285755596e-01 8.120759684075969506e-12
1.460345316674113206e-11 3.500000000000000000e+01 1.075541388632431428e+00 4.742202282512391546e-13
4.085434989838028366e-11 4.200000000000000000e+01 1.052735187884000501e-01 9.257044464637727180e-12
5.239171883138378989e-10 9.800000000000000000e+01 8.026017289934233023e-01 7.433737837706352636e-12
4.243763586266688948e-10 4.000000000000000000e+01 1.175955332509017515e+00 1.149376524659432727e-11
1.931553851552826486e-11 2.900000000000000000e+01 1.430155135274195244e+00 6.726950285126976032e-13
4.319804525374159416e-11 1.000000000000000000e+01 6.934429970350989292e-01 6.758260646268650754e-12
4.009268348006849835e-10 7.100000000000000000e+01 3.538031979809684591e-02 1.596377625757239793e-10
6.523176060515524066e-11 4.100000000000000000e+01 6.222367781490705241e-01 2.729702608904517967e-12
7.110338846463067849e-10 9.100000000000000000e+01 1.427780558881228234e+00 7.894153232591222765e-12
1.241523260790684669e-11 7.100000000000000000e+01 2.657349577106251082e-01 6.658420157541489960e-13
1.552259102865865598e-11 5.000000000000000000e+01 6.487826444289279681e-01 5.138086192977490851e-13
3.489536874690087156e-11 6.900000000000000000e+01 8.704311636948137698e-01 6.614248279524779962e-13
5.068588032878042289e-11 1.500000000000000000e+01 1.455703470586095394e+00 3.401563003920803805e-12
2.079053330020097031e-11 1.100000000000000000e+01 8.792932926456767939e-01 2.453689377237162333e-12
2.616064980245984480e-11 9.000000000000000000e+00 1.339850804166547116e+00 2.986016402357386971e-12
2.430952824965877701e-10 4.700000000000000000e+01 1.793283636218863386e-01 2.899745675492277201e-11
2.805098174872874333e-10 6.500000000000000000e+01 1.370156728018809611e+00 4.403880541616555114e-12
2.387099336378187324e-10 7.900000000000000000e+01 7.494734304280192827e-01 4.435419795811479266e-12
2.456141513183632362e-11 5.700000000000000000e+01 8.285983337518717518e-01 5.846824530070902011e-13
3.541017222669319553e-11 8.600000000000000000e+01 1.056606968787565437e+00 4.728954990280754644e-13
3.038599176919455088e-11 4.000000000000000000e+01 7.403357655277859051e-01 1.126181538566271587e-12
5.097261799736056866e-11 8.400000000000000000e+01 1.886244135910625230e-01 3.236220603687269925e-12
1.042871672808936262e-10 8.000000000000000000e+01 1.153276431658281087e+00 1.426094815264844317e-12
7.539085170440016927e-10 8.600000000000000000e+01 1.089650710263752709e+00 9.889138263521415195e-12
1.084691982740280124e-11 4.900000000000000000e+01 6.954707394367328765e-01 3.454807245349513478e-13
1.445669458093082239e-10 4.300000000000000000e+01 1.435280723015317506e+00 3.393130883814006662e-12
1.050436592598972329e-11 2.900000000000000000e+01 8.708649130540362382e-01 4.735599023748377565e-13
1.754972124561962870e-11 8.700000000000000000e+01 1.241722028383302812e+00 2.131586192372492735e-13
5.679910614150339754e-11 1.200000000000000000e+01 5.091960172103394688e-01 9.709738530505818908e-12
1.785346629648616130e-10 2.800000000000000000e+01 1.546306997237018477e+00 6.378150442798845989e-12
1.753821723248907272e-10 1.300000000000000000e+01 6.961721111746048685e-01 2.103734097116474464e-11
2.437147822126716498e-11 6.700000000000000000e+01 4.169110326110064824e-01 8.982940526899581493e-13
3.485780817407872040e-10 3.400000000000000000e+01 5.382230448459861538e-01 2.000014651287437088e-11
4.094736670329121590e-11 5.000000000000000000e+00 8.062090986281139626e-01 1.134797659494711223e-11
2.685992475497624913e-11 5.000000000000000000e+00 6.005636522797694887e-01 9.506127831764936255e-12
4.321653622850694226e-11 7.800000000000000000e+01 1.385713257259042486e+00 5.636853576653494868e-13
1.200774855325996400e-11 5.700000000000000000e+01 2.948753950134219148e-01 7.248702838023204888e-13
7.770305798860070181e-10 7.400000000000000000e+01 1.393674607449739478e+00 1.066730413103727540e-11
8.083397815334070239e-11 8.700000000000000000e+01 1.170032959681105877e+00 1.009082386035566131e-12
1.880119831210050397e-10 7.200000000000000000e+01 6.739762016768557906e-02 3.877370615269202152e-11
6.844664472850643141e-10 9.800000000000000000e+01 8.902665224898401730e-01 8.986099845737981140e-12
4.043934525334522162e-11 5.800000000000000000e+01 1.292982365462684413e+00 7.250297122377848839e-13
1.415649465638804665e-10 3.800000000000000000e+01 4.480990913074777704e-01 8.598653972092186095e-12
4.397207905646640127e-11 5.000000000000000000e+01 6.393095928727895449e-01 1.473986543250771143e-12
2.535858768556162943e-11 6.300000000000000000e+01 8.640532323543717030e-01 5.292931247646522180e-13
6.255466914622637432e-10 3.100000000000000000e+01 8.092941589944225855e-01 2.787913328724097054e-11
1.761912498257224013e-11 9.600000000000000000e+01 5.288614071590244659e-02 3.471951864575955381e-12
8.137161702354171094e-11 1.500000000000000000e+01 2.702537876328702793e-01 2.031933221278612783e-11
6.068375249957177452e-11 8.200000000000000000e+01 2.592206798917689459e-01 2.887112013402908184e-12
6.403883210377746550e-10 9.000000000000000000e+00 1.397202359122535986e+00 7.223999854995110741e-11
1.618073093874253675e-10 5.000000000000000000e+01 3.887134778698425053e-01 8.538685189403731430e-12
1.354291159513195951e-11 5.400000000000000000e+01 2.216939755556844860e-01 1.140585129817100335e-12
3.119201574007186141e-11 7.100000000000000000e+01 6.837566791650750986e-01 6.954526505272424640e-13
1.099105107221222467e-10 5.800000000000000000e+01 9.340770689308090791e-02 2.031703094783399289e-11
1.862953049614849356e-11 3.500000000000000000e+01 1.438324359047629120e+00 5.369770711666038421e-13
1.314088005528630360e-10 4.300000000000000000e+01 4.441971386976234504e-02 6.882133088873044333e-11
1.916228531824888956e-11 1.100000000000000000e+01 6.482365381896569856e-01 2.885192148966895214e-12
4.554500576904745686e-11 2.700000000000000000e+01 4.313982198672021706e-01 4.034167279308492609e-12
4.847829372545577647e-11 8.600000000000000000e+01 6.990253462741040646e-01 8.760305894619903110e-13
3.479006870576663255e-10 2.400000000000000000e+01 9.681684632566426307e-01 1.759529064534979397e-11
8.163655847730666420e-11 4.000000000000000000e+01 1.314618765309103487e+00 2.109764893689006625e-12
3.201649672602099152e-10 8.000000000000000000e+00 8.509111190078730846e-01 5.322730424492916921e-11
6.175262480413826486e-11 4.400000000000000000e+01 1.280383815948494597e+00 1.464806284742118014e-12
1.917661816577266020e-10 3.000000000000000000e+01 1.198432028487830536e-01 5.346596895192002678e-11
9.895556591260133157e-10 9.800000000000000000e+01 8.723639630944128864e-01 1.318468579315959805e-11
2.646255723198804796e-11 4.000000000000000000e+01 7.513652755410701878e-02 8.813114458060275222e-12
1.347928386980829518e-10 5.900000000000000000e+01 1.822426217004581295e-01 1.260583192151296289e-11
2.779160035026068452e-11 3.800000000000000000e+01 1.044617893459466734e-01 7.013949621882714732e-12
2.123565050445708398e-10 3.500000000000000000e+01 8.715120231258038919e-01 7.928007958669580530e-12
2.140672495730347449e-10 5.000000000000000000e+00 7.361861552253008423e-01 6.376110035850293041e-11
7.866110312325727819e-11 5.700000000000000000e+01 9.663541780862755504e-01 1.677184078809000374e-12
1.302058272495439088e-10 3.800000000000000000e+01 8.461974791655227923e-01 4.576158606239534998e-12
1.697258171639766404e-10 2.600000000000000000e+01 5.943942943436122395e-01 1.165684644633377914e-11
5.853649715380862510e-10 2.600000000000000000e+01 1.981707666018899527e-01 1.143563013838306972e-10
1.208022534044450110e-10 1.500000000000000000e+01 4.333798290411727261e-01 1.917767475397319297e-11
1.722853743949170001e-10 2.900000000000000000e+01 1.015430165079421965e+00 6.991671158314987632e-12
7.675813348255398561e-10 3.600000000000000000e+01 6.197222510963950048e-01 3.671034824052016200e-11
4.671683629016689751e-11 5.200000000000000000e+01 2.401340665696475446e-02 3.741605926148833346e-11
1.219234486901780973e-11 4.700000000000000000e+01 1.150021160685094967e+00 2.842017798571875988e-13
2.300081029947130940e-11 5.700000000000000000e+01 1.465092929348626172e-01 2.764126456416953998e-12
4.119071910475992712e-11 3.200000000000000000e+01 1.157891919310988005e+00 1.405313606350412030e-12
3.777097652244639576e-10 5.700000000000000000e+01 9.353477385946045164e-01 8.233650142113854562e-12
6.542909272522777780e-11 3.500000000000000000e+01 6.732598467211932391e-02 2.778742373124689392e-11
4.227320808484736978e-11 8.500000000000000000e+01 3.450182017741320051e-01 1.470465872060450252e-12
4.926069385838723070e-10 4.500000000000000000e+01 3.439175404853045959e-01 3.246601867752031782e-11
1.703357657216806866e-11 1.400000000000000000e+01 1.559653001977128861e+00 1.216759584849954970e-12
1.257681952264272711e-10 6.400000000000000000e+01 4.478686227124724084e-01 4.537926633604301936e-12
1.589481813958737014e-11 4.600000000000000000e+01 1.684449836922509566e-03 2.051350420793648741e-10
5.306736026329362576e-10 5.000000000000000000e+00 1.459248694263608925e+00 1.067984718318110000e-10
7.734121960477906918e-11 4.400000000000000000e+01 1.337263793182508875e+00 1.806800624076124774e-12
6.062635698922500202e-11 3.900000000000000000e+01 3.964376341071236820e-01 4.025853893416470803e-12
6.322480505353997469e-10 5.900000000000000000e+01 7.166058918370430408e-01 1.631484891518928885e-11
8.051491035928260880e-11 8.500000000000000000e+01 1.675284027112387275e-01 5.680705982923335728e-12
3.232768586255731254e-11 6.900000000000000000e+01 1.337415986434960846e+00 4.815725251289035376e-13
1.038527308133592076e-11 1.000000000000000000e+01 1.369619993444007311e-01 7.606352985144590589e-12
2.471701237106835819e-10 3.400000000000000000e+01 1.291348380645410243e+00 7.563098327449327229e-12
6.539205960714722149e-11 1.000000000000000000e+01 1.271528510862014238e+00 6.843376183031702898e-12
1.724485648613807128e-10 4.800000000000000000e+01 1.436341813372666643e+00 3.625399108152013739e-12
2.250577525634279906e-11 9.900000000000000000e+01 1.472722876120605262e+00 2.284287426516896350e-13
1.464740544653340856e-10 5.500000000000000000e+01 1.461908726033772199e+00 2.679030918676617681e-12
4.048401380478071847e-11 2.000000000000000000e+00 1.331721400497230423e+00 2.083459590367867025e-11
9.861104462918492046e-11 2.000000000000000000e+00 2.450361933088728364e-02 2.012374419406282836e-09
9.487586849971149739e-11 9.300000000000000000e+01 1.741696693745685698e-01 5.887056974420614941e-12
4.154653360238263916e-11 6.700000000000000000e+01 1.174168786923469376e+00 6.722878607386463493e-13
2.873882588155151347e-11 4.200000000000000000e+01 3.690834786227890629e-01 1.896707715277785785e-12
8.372369060155148125e-11 1.800000000000000000e+01 5.973194850751022134e-02 7.791614574982521985e-11
2.311741664032250118e-10 7.300000000000000000e+01 7.723326560016929854e-02 4.104345265053234473e-11
3.290007172930585573e-11 7.000000000000000000e+01 1.174968054949672380e+00 5.093881811294693982e-13
1.071486033125433970e-11 6.700000000000000000e+01 1.219256246129639232e+00 1.703407298831278628e-13
1.423962813913509668e-11 7.700000000000000000e+01 1.158501448447638804e+00 2.018440287082711357e-13
1.216165306887443529e-10 6.200000000000000000e+01 5.481551515370257643e-01 3.764164071717184214e-12
2.491300920340095033e-10 7.700000000000000000e+01 7.941073467629584659e-01 4.536290539732109884e-12
1.220373773069738636e-10 5.600000000000000000e+01 4.156342341338104540e-01 5.397225019085554789e-12
7.535816320194123867e-10 6.700000000000000000e+01 5.819534795751580836e-01 2.046274137141795867e-11
2.541083756896731586e-11 9.300000000000000000e+01 1.380314497677878949e+00 2.782678080715767962e-13
1.013119970248042316e-10 4.800000000000000000e+01 5.875927273557336461e-01 3.807399497661257311e-12
5.300298556591744054e-11 7.000000000000000000e+01 2.656021074849911345e-01 2.884622704429537059e-12
1.467929612468301337e-11 3.700000000000000000e+01 8.296358977726909778e-01 5.378141229023977653e-13
6.362957796654545394e-10 5.400000000000000000e+01 2.019599190653975640e-01 5.874304290691527287e-11
1.436375717064321645e-11 3.100000000000000000e+01 7.429702096340179418e-01 6.849398979459660959e-13
3.462754787848811219e-11 2.700000000000000000e+01 7.451473293211201554e-01 1.891372077452336297e-12
1.141715780763815974e-10 5.800000000000000000e+01 1.545072219849640938e+00 1.969126963024830725e-12
4.379262939502473866e-11 4.200000000000000000e+01 1.085613334778473993e+00 1.178717934804379812e-12
2.272744865771808844e-10 5.900000000000000000e+01 7.875290587467383974e-01 5.436134640416456715e-12
3.563739213108711353e-10 1.900000000000000000e+01 3.829561297287795707e-01 5.019621173431598757e-11
1.926316035039266874e-10 5.400000000000000000e+01 6.464682994335120281e-01 5.922016960567586240e-12
8.409129293601035915e-10 3.300000000000000000e+01 6.912287307023670113e-01 3.997307506561905205e-11
6.230045415921221695e-10 5.800000000000000000e+01 2.647999712154705532e-02 4.056916233008640292e-10
1.294422814910143205e-11 8.600000000000000000e+01 2.344632384247527235e-01 6.478721996775915158e-13
5.551503861831557984e-11 3.600000000000000000e+01 1.292942009318784446e+00 1.603588108444951779e-12
1.748330651662709585e-11 7.500000000000000000e+01 9.014097104801174209e-01 2.972583956507538325e-13
4.122636134706389028e-10 7.400000000000000000e+01 1.244866656186438103e+00 5.880729968196428668e-12
8.480605855919322931e-10 4.200000000000000000e+01 7.025241617964731455e-01 3.124976689728657604e-11
3.435415372393220910e-11 1.200000000000000000e+01 6.309567315305489865e-01 4.852959750485856942e-12
2.417632871893128377e-10 7.200000000000000000e+01 9.052844838261915328e-01 4.268776795596109889e-12
3.188701886936979457e-10 1.800000000000000000e+01 3.832933463179560296e-01 4.736926816666807659e-11
2.767578934725209549e-10 1.300000000000000000e+01 1.561178568410614975e+00 2.129005339962153588e-11
1.308214077745555903e-11 7.900000000000000000e+01 1.135026478426434560e+00 1.826678813482189704e-13
6.568409040468433239e-11 7.800000000000000000e+01 1.103121576930005121e+00 9.434078475520683188e-13
1.118739685822123377e-11 9.500000000000000000e+01 1.213406396446463642e+00 1.257049808711619396e-13
8.308655428592978589e-11 1.800000000000000000e+01 1.519542581688272831e+00 4.621989212615411212e-12
1.310204503913910711e-10 8.900000000000000000e+01 8.694725952372762690e-01 1.926913059205151067e-12
7.556746085764889591e-10 2.800000000000000000e+01 7.633862865731099179e-01 3.903597361818500090e-11
4.232055854893954469e-11 5.000000000000000000e+01 9.109609923353879646e-01 1.071280188716428830e-12
8.942967314969605833e-11 6.400000000000000000e+01 5.580150837350270066e-02 2.505423457823988812e-11
6.047000456318100999e-11 4.900000000000000000e+01 6.884899921522356081e-01 1.942298337619721634e-12
4.819078933026521367e-10 4.500000000000000000e+01 1.325949719837464125e+00 1.103828648837811988e-11
1.079052450833892606e-10 6.900000000000000000e+01 3.047075510007923524e-02 5.133073167955604163e-11
2.723464655924835361e-10 8.400000000000000000e+01 1.385252020145899099e+00 3.298841199170904910e-12
7.215023957483289576e-10 6.400000000000000000e+01 7.403626956005391335e-01 1.671244468586262920e-11
4.968069632416070487e-10 3.000000000000000000e+01 1.398086644126637967e+00 1.681032402693104032e-11
6.234106773606204699e-10 1.700000000000000000e+01 8.367630088877089367e-01 4.939026361476828927e-11
1.917489537103254214e-10 2.600000000000000000e+01 1.177513182193428598e+00 7.984531953466161438e-12
2.263982484484663846e-11 2.700000000000000000e+01 7.511553343170438435e-01 1.228618489368365941e-12
1.966777223378064901e-11 4.000000000000000000e+01 6.067613175383455015e-01 8.623040787608835875e-13
2.067187740730548480e-10 4.000000000000000000e+00 7.213395960827100328e-01 7.825618183290926041e-11
5.022723526653849653e-11 7.000000000000000000e+01 3.296397920154149341e-01 2.216641882469263223e-12
5.994214210207384997e-10 4.000000000000000000e+01 1.441843908362029580e+00 1.511099986132904673e-11
8.937177169558538467e-11 3.800000000000000000e+01 8.993981730988179768e-01 3.003870898447713506e-12
3.590084237848447435e-10 6.100000000000000000e+01 3.426142953481309261e-01 1.751860003142233378e-11
3.287281436423603971e-11 4.200000000000000000e+01 8.020685032450984853e-01 1.088885286078915344e-12
3.956334068562384301e-11 1.600000000000000000e+01 1.228053597362076754e+00 2.625412063313881298e-12
1.871028782630356212e-11 4.700000000000000000e+01 1.464329313043836400e+00 4.003581627145588289e-13
9.720194873858398335e-11 3.500000000000000000e+01 2.686101221087096591e-01 1.046452846760525207e-11
4.349079719147641233e-11 5.000000000000000000e+01 1.879387942798394218e-01 4.655545367588500127e-12
5.246930712136837405e-11 4.600000000000000000e+01 1.035616396710794973e+00 1.326049488627366695e-12
1.042867029454029510e-10 5.700000000000000000e+01 1.187755443748523154e+00 1.972536209480707389e-12
1.790833972850203053e-11 5.100000000000000000e+01 7.734132358299159460e-01 5.026527003913763138e-13
7.235055395138170745e-11 7.500000000000000000e+01 1.493895684649644728e+00 9.675334987721539994e-13
9.606513859283955217e-10 2.500000000000000000e+01 2.600805475714132453e-01 1.494256330675043234e-10
7.166986355860451965e-10 4.600000000000000000e+01 8.100772631444724814e-01 2.150978207615072096e-11
4.819086922403116723e-10 1.900000000000000000e+01 7.017888095744251320e-01 3.928781296685606688e-11
2.425215456536746322e-10 5.100000000000000000e+01 7.473872628773836624e-01 6.995956230440208007e-12
4.762746446884210447e-11 7.300000000000000000e+01 5.468079686676884099e-02 1.193757768655707306e-11
8.620599275600240061e-10 1.000000000000000000e+01 6.205440484436171023e-01 1.482532665778896404e-10
5.877609150392555229e-11 1.200000000000000000e+01 4.390570902236519690e-01 1.152238744587047798e-11
8.199804243969856452e-11 5.500000000000000000e+01 1.251789855654470207e+00 1.570088415305559469e-12
1.587487399073784712e-11 7.800000000000000000e+01 1.359303278723085873e+00 2.081621734888333234e-13
2.413648335526052708e-10 7.100000000000000000e+01 1.546042019818131275e+00 3.400546530885616340e-12
1.330753756503698453e-10 4.700000000000000000e+01 7.301413257131182943e-01 4.245123465262196353e-12
5.727913717960533829e-10 6.500000000000000000e+01 9.091175731352667266e-02 9.706473200389010448e-11
6.625059050743281781e-11 1.800000000000000000e+01 9.340168748538888455e-01 4.577761432333690908e-12
1.927674887730233605e-11 1.100000000000000000e+01 5.750508943309597942e-01 3.222107396911486119e-12
3.122480496374768970e-11 5.200000000000000000e+01 9.130052359089573244e-01 7.588059632408581427e-13
1.900207812957741818e-10 8.000000000000000000e+00 9.287024037461619752e-01 2.965947416129353508e-11
7.337873065454526564e-11 5.000000000000000000e+00 4.442368659523819319e-01 3.414799138210450662e-11
5.468989688644300339e-11 2.700000000000000000e+01 8.613198053489830031e-01 2.669755826774965349e-12
2.993584074001677681e-11 5.000000000000000000e+01 1.095659015051593688e+00 6.732981026601379095e-13
1.203761954328989340e-11 8.300000000000000000e+01 4.390086965443565359e-01 3.412167119150092826e-13
1.999860299155288020e-10 2.600000000000000000e+01 8.373145856117190089e-01 1.035443340298186199e-11
8.797509084451099395e-10 4.000000000000000000e+00 4.731955092081075454e-01 4.826021713326426820e-10
9.828440080981738040e-10 3.100000000000000000e+01 9.992298175663527626e-01 3.769629852128860658e-11
1.758012971762970771e-10 2.000000000000000000e+00 1.103631974749677003e+00 9.844963221392489503e-11
2.345398638420068334e-11 2.700000000000000000e+01 8.591916293276180561e-01 1.147034288852512056e-12
1.490584342203155310e-11 9.900000000000000000e+01 1.166024699608137372e+00 1.638003992598099168e-13
5.226361319474377200e-10 2.200000000000000000e+01 1.004363535132508201e+00 2.815312635434886121e-11
7.640066691791628906e-11 4.300000000000000000e+01 4.402405154296319956e-01 4.169260267417164749e-12
1.746358786429919074e-10 2.300000000000000000e+01 3.420027914390396662e-01 2.263995283534083676e-11
3.332044193469886656e-10 4.700000000000000000e+01 1.370183387615953263e+00 7.234547315256530691e-12
3.336404730549349314e-10 1.700000000000000000e+01 1.092474339701460018e+00 2.210701233875630283e-11
4.109241883730308380e-11 1.800000000000000000e+01 9.503751338710071384e-01 2.805823160298144630e-12
7.882740426562133168e-11 7.000000000000000000e+01 1.400046301808019145e+00 1.142723722144887092e-12
1.909687754511805061e-10 7.500000000000000000e+01 1.267006100852549277e+00 2.668439403461704359e-12
3.648386509822109449e-11 3.000000000000000000e+00 5.573084406971153815e-01 2.299338266135361515e-11
2.956528187509070311e-10 2.200000000000000000e+01 3.785106228697050490e-01 3.636649958151897723e-11
4.732188988396941159e-10 9.000000000000000000e+00 4.401402292169180330e-01 1.234077267207497996e-10
5.257295991300004656e-10 3.800000000000000000e+01 1.223466694845614322e+00 1.471361243727316363e-11
1.034893923930784702e-10 2.900000000000000000e+01 1.505167441824877050e+00 3.576298802341088076e-12
1.598511676958084121e-10 7.000000000000000000e+00 1.324131298348055985e+00 2.354864884234418410e-11
2.711643006496756127e-10 6.900000000000000000e+01 5.296583804499800374e-01 7.778340198579137431e-12
9.737780234150480046e-11 7.000000000000000000e+01 3.467286990198295005e-01 4.093635310352459833e-12
4.753557339143909619e-11 1.100000000000000000e+01 6.659075158244048484e-03 6.489561384961357783e-10
3.871453996398828323e-11 1.400000000000000000e+01 5.569364943839397730e-01 5.231529202594459228e-12
2.738162628020045159e-11 5.900000000000000000e+01 9.652401696224335303e-01 5.644654112560548506e-13
2.209656933861906616e-11 7.200000000000000000e+01 4.768335667598517236e-01 6.686667171104150776e-13
4.627152964611514900e-10 4.100000000000000000e+01 8.691420185779930030e-01 1.477625338675303380e-11
2.078249270215353049e-10 4.600000000000000000e+01 1.314678807303387709e+00 4.670273779600599852e-12
1.943446252831737979e-11 9.800000000000000000e+01 7.460140190256073778e-01 2.921849379414325229e-13
3.580792514910619550e-10 3.000000000000000000e+01 6.572624139888822992e-01 1.953668583795285034e-11
5.662018203643348132e-10 1.600000000000000000e+01 9.541994077897467674e-01 4.337509129977245733e-11
3.334742418922274709e-11 5.000000000000000000e+01 7.826744921466873839e-01 9.457871092503011083e-13
1.763642699302172810e-10 3.900000000000000000e+01 1.009698767462090307e+00 5.341103690967224916e-12
8.569474833871549829e-11 3.000000000000000000e+00 1.365370604126165732e+00 2.917841467157331358e-11
6.308026120166206089e-10 5.600000000000000000e+01 1.497242707863058353e+00 1.129487197538856107e-11
1.440639478358335989e-11 1.400000000000000000e+01 1.143616953499146494e+00 1.130628798766056465e-12
4.172718597049696055e-10 1.800000000000000000e+01 1.562954814006178195e+00 2.318248271753902994e-11
2.690803440303921226e-10 2.000000000000000000e+01 6.329356704705940695e-01 2.274504062524737683e-11
1.538232696967129868e-11 5.800000000000000000e+01 1.014779996276895746e+00 3.122482146105960498e-13
9.171574034918436563e-10 3.700000000000000000e+01 1.058583255969207437e+00 2.843767184779691045e-11
3.495209375652725509e-10 1.900000000000000000e+01 1.103230443235627245e+00 2.060770446376305277e-11
3.896246512311613583e-11 2.600000000000000000e+01 4.843167902543367154e-01 3.218522373402664214e-12
2.431837034478225095e-10 8.800000000000000000e+01 1.240968956686899327e+00 2.920892328263377581e-12
1.849627550076645983e-11 4.800000000000000000e+01 1.406654347959092943e+00 3.905890094130119768e-13
2.469768359260649155e-11 1.200000000000000000e+01 6.876153263232812618e-01 3.242717202951506986e-12
3.675755308387851845e-11 6.200000000000000000e+01 1.471678817005141804e+00 5.957879583124372906e-13
1.484133435322851717e-10 4.200000000000000000e+01 1.506863112011883832e+00 3.540885177975311625e-12
2.691978598072569820e-11 8.800000000000000000e+01 1.243242460358234380e+00 3.230843545543323650e-13
1.562919499154383845e-11 1.300000000000000000e+01 8.241347660036432154e-01 1.638025394560065088e-12
6.726467344165492736e-10 1.000000000000000000e+00 7.516880564148642474e-01 9.850247599107989973e-10
3.092019174421849618e-11 5.000000000000000000e+00 2.408200715820655036e-01 2.592897838919973168e-11
9.440305209048494977e-10 3.500000000000000000e+01 8.183515433056400834e-01 3.694733335372209239e-11
7.866123974489153055e-10 6.300000000000000000e+01 1.324440504393628038e+00 1.287462735457081319e-11
9.206460390344791783e-10 4.600000000000000000e+01 1.401718825074679042e+00 2.030356467329205040e-11
4.284182381297326125e-10 5.100000000000000000e+01 1.395071781077200646e+00 8.531745370267931176e-12
2.880644704076552792e-10 2.400000000000000000e+01 4.150315572797910746e-01 2.976717852944318445e-11
5.654824252376576165e-10 6.800000000000000000e+01 2.222647824808487299e-02 3.741754615701667857e-10
2.266566791964450021e-10 7.500000000000000000e+01 1.501142618807042028e+00 3.029434947689384027e-12
2.132996649207852651e-11 9.200000000000000000e+01 1.142509775712206910e+00 2.548674179176624614e-13
1.763583514874353985e-11 8.100000000000000000e+01 3.833982414057739985e-01 5.820406485635221907e-13
2.416316311275757829e-11 7.600000000000000000e+01 4.295801470928632404e-01 7.633725131239962401e-13
6.610770351258185729e-11 7.100000000000000000e+01 3.982993182086294603e-01 2.400647618968529479e-12
1.440294101705958695e-11 5.700000000000000000e+01 1.171643584062809440e+00 2.742411041446588681e-13
1.773910509569037803e-11 5.700000000000000000e+01 2.147597853250194089e-01 1.460318012441253864e-12
4.750491145280155795e-11 4.100000000000000000e+01 5.855665234142485298e-01 2.096464434953807891e-12
9.141530419888211997e-11 6.900000000000000000e+01 5.743527393246570245e-01 2.438579435930430820e-12
7.849501756736496533e-11 7.400000000000000000e+01 8.801831598706667537e-01 1.376059960840999085e-12
8.780645308301337322e-10 5.000000000000000000e+00 7.069283866456271825e-01 2.703811443402036071e-10
5.462442771372720436e-10 9.800000000000000000e+01 3.229801492810400187e-01 1.756151910518937893e-11
2.066139174230706787e-10 6.300000000000000000e+01 4.505663650283589505e-01 7.531046860237956789e-12
5.585496041836392178e-10 5.500000000000000000e+01 3.221162748206612414e-01 3.207915042471985449e-11
8.927974516655564913e-11 4.500000000000000000e+01 1.222522529181855111e+00 2.110714851773558408e-12
2.530433374297492730e-10 9.600000000000000000e+01 1.100236970929917568e+00 2.957280667684405860e-12
8.438261043917010866e-11 7.700000000000000000e+01 1.107915092593558581e+00 1.224759963109359584e-12
2.440127081173475368e-11 3.000000000000000000e+01 1.099186009111260187e+00 9.130457369575765104e-13
1.131080422725267034e-11 5.300000000000000000e+01 1.117946540164137387e-01 1.912941088011092956e-12
4.336013365597849957e-10 9.400000000000000000e+01 1.213206737420891024e+00 4.924273835599082177e-12
1.391374500634106207e-11 8.000000000000000000e+00 8.419308216971106429e-01 2.331608864116485549e-12
3.896607280078989370e-10 5.000000000000000000e+01 9.274042236989099575e-01 9.740721912431671582e-12
1.629323077675755936e-11 3.700000000000000000e+01 1.048808575346396932e+00 5.080092917807884786e-13
2.022233380527147230e-11 8.400000000000000000e+01 3.397113836591120900e-02 7.088027990433470925e-12
2.657732342637267275e-11 9.600000000000000000e+01 1.980543921358207393e-01 1.407014235861735175e-12
2.677313550479165593e-11 9.500000000000000000e+01 1.115959902770544465e+00 3.137171960239669575e-13
7.276190418156177901e-11 7.900000000000000000e+01 1.087628299494044715e+00 1.040099505555575917e-12
1.886629434717209897e-11 2.000000000000000000e+01 1.023410300767706671e+00 1.104728991668178960e-12
2.037735563159265087e-10 7.700000000000000000e+01 3.399460828733718021e-01 7.936778723713762930e-12
7.377629573930896054e-11 3.800000000000000000e+01 1.389332931836863905e+00 1.973891485050569404e-12
3.720311916523206309e-11 7.800000000000000000e+01 4.566408051325573370e-01 1.081706884002770301e-12
4.802251401828147393e-10 8.900000000000000000e+01 7.377966652601738451e-01 8.021577984820948076e-12
3.460397253247517718e-10 8.700000000000000000e+01 3.909770609652807316e-01 1.043703063577895256e-11
6.498319869878058681e-11 4.700000000000000000e+01 7.637339458741522202e-01 1.999096299139311422e-12
1.017990958912956414e-10 7.800000000000000000e+01 3.328134747213200018e-01 3.994805623814421494e-12
9.221581351450321237e-11 9.000000000000000000e+00 8.594394935333213859e-01 1.352675382126571259e-11
1.960490402751302489e-11 8.200000000000000000e+01 8.032542221561494999e-01 3.322369481541701035e-13
2.881424141496887142e-11 5.900000000000000000e+01 1.017093824221103171e+00 5.741670418420770958e-13
8.025651077085283522e-11 1.800000000000000000e+01 3.869988634443087827e-01 1.181390018968035488e-11
1.854016201479399914e-10 7.400000000000000000e+01 1.464611090830131079e+00 2.519618691198548046e-12
4.889714291810500194e-10 8.700000000000000000e+01 6.762582900129024965e-01 8.979946061049333686e-12
3.939494854231586152e-11 5.000000000000000000e+00 1.271471545920081825e+00 8.245624714055032961e-12
1.815297470320559451e-11 3.300000000000000000e+01 3.867715278003569512e-01 1.458349855128728668e-12
1.390638952036424014e-11 8.000000000000000000e+00 1.286289825347910698e+00 1.811104574914892327e-12
1.129675437186847039e-10 4.800000000000000000e+01 6.980000437877138530e-01 3.661955840570080338e-12
6.621364561817207466e-10 1.300000000000000000e+01 1.267791189395495399e+00 5.336464824400096652e-11
1.256651637754031163e-11 9.500000000000000000e+01 1.031164431936804959e+00 1.541898201958447837e-13
2.483148747060389286e-10 6.100000000000000000e+01 2.965110305158208948e-01 1.393203559742867793e-11
5.296891171908707075e-11 6.500000000000000000e+01 8.836538542134303453e-01 1.054128335798005129e-12
4.408777604077137887e-11 2.500000000000000000e+01 8.869081708309963785e-01 2.275139961313594715e-12
3.294341071468063922e-11 8.800000000000000000e+01 1.318280633839580940e+00 3.866177629798241214e-13
2.129895044392543641e-10 3.100000000000000000e+01 1.311334512813042918e+00 7.108565697973585429e-12
6.462290912305528913e-10 4.600000000000000000e+01 9.944231126156215517e-01 1.675537854948676191e-11
5.589156527025966832e-10 3.900000000000000000e+01 1.518306728736295907e+00 1.435093559032938594e-11
4.651573496392186695e-10 3.600000000000000000e+01 1.035207336785664456e+00 1.502501796963890934e-11
1.342511406073571457e-10 7.600000000000000000e+01 3.507048200336414512e-01 5.141644395471681734e-12
4.633453820971096513e-10 9.200000000000000000e+01 3.364093332839557804e-01 1.525709001797809971e-11
1.291649784718143388e-11 2.800000000000000000e+01 1.217935993470681266e+00 4.915913890799869865e-13
1.647024252595706024e-10 3.500000000000000000e+01 4.985586851043433132e-01 9.841437851456055668e-12
9.178320176250648134e-10 3.200000000000000000e+01 6.779039004275048130e-01 4.573341638259587552e-11
6.248401482879382551e-11 9.000000000000000000e+01 7.795342152742512631e-01 9.876500449147989054e-13
2.510866347329867947e-11 6.500000000000000000e+01 1.444367562404007321e+00 3.893950779245783613e-13
1.710116269510107467e-11 7.500000000000000000e+01 5.190304401079315344e-01 4.596729927056606576e-13
1.135821483534975116e-11 5.700000000000000000e+01 6.192252099874757665e-01 3.433242864605119988e-13
2.195838248131392895e-10 8.000000000000000000e+00 1.442930929082766767e+00 2.767389806970405564e-11
6.224777569137855720e-10 5.000000000000000000e+01 1.102516732232633245e+00 1.395148688310029597e-11
1.220966716912432447e-10 2.800000000000000000e+01 6.609772872890955497e-01 7.103235599575403726e-12
8.547635572812674209e-10 9.500000000000000000e+01 6.052780665132942994e-01 1.581310574745287767e-11
1.157062163866186964e-11 6.000000000000000000e+01 1.480385261315910084e+00 1.936345550295186682e-13
1.260073942712067617e-11 9.100000000000000000e+01 1.289628980194613694e+00 1.441293076361739034e-13
8.594974025185879257e-10 6.000000000000000000e+01 5.591327370781289385e-01 2.700522982202900062e-11
1.873440968453679122e-11 5.200000000000000000e+01 1.300504816397598962e+00 3.738504604393477234e-13
5.158328270553758267e-11 2.500000000000000000e+01 1.588821853185152511e-01 1.304134825358923580e-11
1.708747910666497226e-10 4.000000000000000000e+00 2.628064214317019087e-01 1.644344630806648106e-10
3.848585870174968811e-10 8.700000000000000000e+01 1.570446813236934691e+00 4.423662189938024186e-12
4.363679709314527442e-10 3.000000000000000000e+00 9.859966170909770788e-01 1.744447538532068339e-10
1.171842982920767140e-10 6.100000000000000000e+01 3.333750909098883719e-01 5.870579330892605095e-12
1.652686749367807952e-11 7.600000000000000000e+01 1.038178580976385934e+00 2.524244224736617465e-13
6.159104743154678912e-11 4.800000000000000000e+01 7.420874285242157198e-01 1.898629432366284108e-12
7.064692011648635473e-11 7.400000000000000000e+01 4.552256315602375425e-01 2.171399033424920629e-12
1.025317300485965998e-10 1.000000000000000000e+01 1.349250373594251817e+00 1.051005007952920813e-11
1.517419290047504204e-11 1.500000000000000000e+01 2.304321106133514208e-01 4.429162358685880123e-12
5.698580719468411432e-10 9.600000000000000000e+01 1.086652844428307674e+00 6.706808677730838057e-12
3.100668688332117641e-10 1.300000000000000000e+01 2.664797762262685055e-01 9.057325169345156348e-11
1.004655226970161691e-11 9.800000000000000000e+01 1.181032696004228555e+00 1.108280665131128851e-13
1.594522010890913328e-11 6.700000000000000000e+01 1.303967805062667518e+00 2.467192659114664322e-13
1.184584655744881635e-10 8.400000000000000000e+01 3.740579952854948265e-01 3.859430609507901725e-12
6.599889966610355986e-11 2.000000000000000000e+00 1.294104902025609682e+00 3.430422759843892738e-11
7.553673775021992403e-11 9.400000000000000000e+01 1.251432914778307204e+00 8.463790722274157397e-13
1.084536644688911620e-10 6.000000000000000000e+01 1.394546280742143374e+00 1.836004219788565713e-12
1.990062076514829857e-10 6.000000000000000000e+01 8.447023051820163886e-01 4.435527834750169065e-12
2.400262150748048281e-10 3.300000000000000000e+01 8.864891610726484128e-01 9.386918881029421579e-12
5.580268922122465191e-11 3.200000000000000000e+01 2.605384962753872213e-01 6.769518107079231534e-12
5.868062686482581421e-10 7.900000000000000000e+01 1.010270450883572924e+00 8.769942087421647339e-12
3.026918696630217896e-11 1.200000000000000000e+01 4.349359789683387989e-01 5.986515315735812963e-12
1.609724831285161046e-11 8.100000000000000000e+01 7.871727060165579770e-01 2.805513186426215208e-13
1.804044280296407658e-10 6.600000000000000000e+01 1.354332138637875937e+00 2.798714110206818505e-12
6.597544397316654532e-10 9.500000000000000000e+01 8.990636313553549419e-01 8.872350409887679706e-12
1.125109077577557779e-10 5.100000000000000000e+01 4.570132184811473985e-01 4.999426976472817804e-12
4.412332850112089184e-11 9.100000000000000000e+01 7.805607583415993256e-01 6.890534730557749416e-13
4.983980409794317979e-10 8.200000000000000000e+01 2.417075752912762054e-01 2.539272116040296056e-11
1.422392658265367077e-11 1.000000000000000000e+01 9.796884974555811199e-02 1.454207681023655631e-11
3.444945531124415710e-11 2.600000000000000000e+01 1.422081490045067786e+00 1.339766978010490847e-12
6.826630392324149540e-10 2.200000000000000000e+01 1.756855337322832042e-02 1.766322690788974946e-09
3.504368487803608037e-11 4.700000000000000000e+01 5.885662154455065798e-01 1.343032903312601921e-12
1.376237880390478796e-11 5.800000000000000000e+01 8.276164966958240443e-01 3.222541354926600780e-13
3.060391434264625163e-10 1.800000000000000000e+01 1.353386255529346993e+00 1.741206554295261788e-11
5.674152566003424000e-11 6.100000000000000000e+01 3.115952933593555962e-01 3.034107030573284658e-12
2.302386933281738393e-10 4.200000000000000000e+01 6.835981494316271112e-01 8.679525771146434783e-12
8.792297159179381918e-10 2.400000000000000000e+01 8.888065393940737247e-01 4.719003857850996111e-11
1.223728661873703221e-11 7.900000000000000000e+01 3.501581616061812396e-01 4.515493331558076192e-13
5.892327387419159282e-10 3.400000000000000000e+01 4.006982792237994695e-01 4.442986269205696284e-11
2.762545669067920629e-11 2.600000000000000000e+01 8.304972107855768115e-01 1.439205330777177639e-12
5.412202860061962969e-10 8.800000000000000000e+01 3.567885423403597267e-01 1.760897404222569309e-11
1.044251866255053921e-10 4.800000000000000000e+01 3.836651797961901367e-01 5.811911947657088399e-12
3.038815498570908407e-11 6.000000000000000000e+01 4.009693586592615044e-02 1.263450630682930283e-11
6.718414809057933811e-10 8.600000000000000000e+01 4.723780489224395640e-01 1.716927699893433289e-11
1.577707483367014713e-10 3.000000000000000000e+01 4.499124582358706714e-01 1.209286206136982512e-11
1.840973046668301360e-11 9.800000000000000000e+01 5.190233339339981322e-01 3.787140083527587496e-13
2.682937291563446183e-10 3.300000000000000000e+01 4.155618999454659956e-01 2.013879373145888329e-11
1.220943054480082953e-10 3.800000000000000000e+01 8.853121624680093671e-01 4.150569152026363560e-12
5.121961185162734517e-10 1.300000000000000000e+01 1.319808742540752755e+00 4.067411848304202469e-11
6.763072963070206003e-11 2.400000000000000000e+01 7.247107337868287091e-01 4.250817212780877358e-12
4.804483190265246301e-10 7.300000000000000000e+01 4.949241184259779991e-01 1.385678004420534483e-11
1.223401982187811768e-11 2.800000000000000000e+01 4.768979629329807013e-01 9.518628283306614775e-13
1.672118909503372874e-10 8.100000000000000000e+01 2.135938102022464646e-01 9.738695033603402607e-12
8.739102278278262191e-10 6.300000000000000000e+01 1.405688728963516487e+00 1.406283597446548702e-11
3.975201646892170891e-11 7.200000000000000000e+01 6.235676138197016050e-01 9.455012671182187108e-13
1.962498882624789947e-10 2.300000000000000000e+01 1.205073464978597464e+00 9.136865972147675787e-12
5.104298521951656210e-10 7.900000000000000000e+01 1.076545306820389625e+00 7.339497183443616106e-12
2.184508571784350488e-11 4.900000000000000000e+01 4.758179460637264047e-01 9.732623244906869276e-13
7.334359342171719736e-10 1.100000000000000000e+01 9.316585439345440589e-01 8.307392523298441628e-11
1.375515596956724477e-10 4.700000000000000000e+01 1.256701582361922975e+00 3.077175260072014989e-12
5.461118167990723334e-11 2.100000000000000000e+01 1.382689179552577974e+00 2.647229704712676200e-12
6.207112555854434653e-11 1.700000000000000000e+01 8.855886451763242961e-01 4.715615374599351971e-12
8.472972797990982416e-11 9.600000000000000000e+01 4.182418912009889245e-01 2.173067890896933650e-12
4.535676134714698809e-11 6.500000000000000000e+01 1.367462571146637051e+00 7.124741378914387465e-13
2.165381658623251935e-11 3.000000000000000000e+00 9.155151088017344785e-01 9.103483380947155398e-12
3.707131748377524869e-11 8.200000000000000000e+01 5.222598856716483828e-01 9.062809754798837119e-13
7.498782767918608142e-11 5.900000000000000000e+01 1.740571467684802198e-01 7.339086551349501559e-12
3.476816390815010373e-11 8.000000000000000000e+00 1.394384741097473235e+00 4.414535001623625317e-12
5.980034995394182681e-10 5.200000000000000000e+01 1.330564576218675521e+00 1.184008053682071637e-11
5.394323355825680308e-10 9.900000000000000000e+01 1.518034965763280564e+00 5.456404372324119343e-12
2.501655337018229937e-11 5.300000000000000000e+01 7.268959363237357252e-01 7.102671829508852376e-13
8.653931140272441218e-11 7.200000000000000000e+01 1.436938005696052345e+00 1.212784028949988676e-12
4.708890584241718860e-10 3.400000000000000000e+01 9.511850625540425597e-01 1.701216760085205624e-11
2.601353608336781191e-10 2.500000000000000000e+01 8.094193675380437769e-01 1.437436871111365573e-11
2.348795428263563996e-11 7.600000000000000000e+01 1.204628911002216807e+00 3.309948658177660689e-13
7.556346179152248658e-10 3.600000000000000000e+01 1.324349525920233583e+00 2.164381001353425289e-11
5.625251699149596795e-11 8.800000000000000000e+01 1.045549411521420613e-01 6.125002628199586059e-12
4.562469475259157755e-10 6.400000000000000000e+01 1.803249475746980801e-01 3.974846894761819317e-11
4.903738440154076393e-10 9.100000000000000000e+01 5.238029305237331679e-01 1.077363771524585312e-11
4.821036335837361284e-11 8.600000000000000000e+01 6.621252139147540960e-01 9.118262122541966953e-13
2.332290204262866386e-11 9.200000000000000000e+01 4.600704546205532375e-01 5.709535789675211690e-13
2.851350297502983719e-11 6.700000000000000000e+01 4.002199278368619995e-01 1.092278857326294064e-12
1.861800044709393062e-11 5.400000000000000000e+01 9.723584934080726772e-01 4.172970569074198825e-13
2.661124833749141757e-10 9.200000000000000000e+01 7.583032294870093448e-01 4.206146054883843920e-12
1.968501247322831613e-10 7.400000000000000000e+01 1.233744603194140588e+00 2.818736470275510017e-12
1.780351034451492147e-11 3.100000000000000000e+01 1.568820242452629410e+00 5.743079066167188989e-13
8.373675746241300879e-10 8.300000000000000000e+01 1.085080496028652863e+00 1.140823053866235118e-11
1.447318075596301195e-10 7.000000000000000000e+01 1.297713161308749363e+00 2.147162638960564903e-12
9.528384135217081605e-10 8.700000000000000000e+01 9.606960734476053254e-01 1.336297160466844024e-11
3.159738568384576677e-10 7.100000000000000000e+01 1.399250237468826041e+00 4.516631040823770134e-12
1.120295151829979757e-11 5.500000000000000000e+01 1.262128317698094859e+00 2.137941395472155273e-13
2.947445904967212291e-11 6.800000000000000000e+01 6.759309774177519881e-01 6.928251150706225790e-13
1.542044794149754803e-11 1.600000000000000000e+01 8.843793501658874234e-01 1.245961021978085726e-12
1.923778484279491123e-10 8.100000000000000000e+01 5.095537408804987622e-01 4.868993271055294110e-12
4.809761593099729860e-11 9.700000000000000000e+01 1.400187051613086098e+00 5.031567897757649206e-13
3.524838982900855412e-11 2.700000000000000000e+01 1.407977439876523462e+00 1.322993485268392717e-12
3.125939079150459117e-11 1.900000000000000000e+01 4.235725068462295462e-01 4.002801938004535519e-12
3.762455814927299532e-10 9.800000000000000000e+01 9.510442967997803088e-01 4.716381397228322284e-12
8.159755741266776446e-10 9.400000000000000000e+01 8.380475069195288951e-01 1.167784446888969518e-11
1.718811340735058289e-10 7.700000000000000000e+01 9.876841823234959739e-01 2.674111176873365445e-12
8.737528817990139847e-11 8.000000000000000000e+00 2.890733801324597146e-02 3.778774886214245942e-10
3.944662529960030094e-11 3.000000000000000000e+01 6.260259713879531285e-01 2.244107277253694634e-12
5.515476474784885868e-10 3.200000000000000000e+01 2.342841731125237803e-01 7.424554598166405835e-11
6.621078559327846525e-10 4.900000000000000000e+01 5.752529903964739288e-01 2.483683066820062554e-11
2.240458190206044887e-10 4.900000000000000000e+01 1.076410005575298756e+00 5.194332738982917649e-12
4.016776823151982021e-10 9.600000000000000000e+01 3.831147415121324840e-01 1.119319685353692192e-11
2.037659558482092068e-10 5.900000000000000000e+01 1.340454936410897746e+00 3.547351100514903023e-12
1.955331953239638313e-11 2.300000000000000000e+01 2.574322200177868725e-01 3.339160396612176293e-12
6.743115660418334526e-11 1.200000000000000000e+01 4.511121577675750727e-01 1.288920231058662277e-11
9.469327164378241110e-11 4.800000000000000000e+01 1.123817090518038020e+00 2.187703191910799536e-12
3.510862155787933759e-11 1.600000000000000000e+01 5.568503660825387946e-01 4.151800321724405493e-12
4.886226305476170832e-10 2.500000000000000000e+01 4.306973504020435994e-01 4.681363196871049813e-11
7.973303783047144155e-11 7.400000000000000000e+01 5.879092478786899223e-01 1.942715001262795378e-12
1.491054746698240291e-10 9.000000000000000000e+01 3.161466641443595460e-01 5.328699899961771216e-12
4.050223948848152876e-11 3.500000000000000000e+01 4.412162497325975985e-01 2.709835265689725758e-12
1.476200845068589140e-11 6.600000000000000000e+01 6.418581758756159925e-03 3.484700186104748893e-11
2.262824238822889383e-10 6.200000000000000000e+01 8.125659506642241015e-01 5.026783791613205961e-12
4.293453995242106777e-10 2.400000000000000000e+01 6.631494121070902192e-01 2.906000456122314007e-11
3.295330267770021567e-11 9.100000000000000000e+01 1.074884884600341428e-01 3.375454139102761479e-12
3.102943827601954021e-10 2.300000000000000000e+01 5.316936490682540040e-01 2.660990578216123582e-11
2.149973007355544877e-10 3.200000000000000000e+01 1.419085090787980841e+00 6.796733565728008824e-12
4.774411816477411345e-11 9.500000000000000000e+01 1.497062755538585366e+00 5.039389114855108907e-13
1.396554854998156653e-11 1.800000000000000000e+01 1.379818740109757913e+00 7.902308854546642284e-13
1.454449626003111808e-10 1.500000000000000000e+01 1.449261810643436732e+00 9.768384724639953003e-12
4.547498841159147879e-11 2.800000000000000000e+01 7.039768356044269204e-01 2.509225335318199595e-12
1.995396829836484434e-11 2.200000000000000000e+01 1.517847207308832491e+00 9.082714807413965832e-13
2.361354237381824661e-11 7.300000000000000000e+01 9.927560295192549011e-01 3.862204928557673479e-13
1.152819792768003015e-10 4.000000000000000000e+00 1.226170388259944177e+00 3.062094862982312285e-11
1.122169874402439336e-11 9.300000000000000000e+01 1.044955746668924546e+00 1.395110449927209072e-13
7.569037313689017252e-11 8.300000000000000000e+01 1.350989427897477446e+00 9.344146226712495872e-13
1.261776503504162979e-10 6.000000000000000000e+00 8.445254686184121562e-01 2.812738280310550628e-11
3.869590525098205659e-11 4.100000000000000000e+01 9.816099896259298241e-01 1.135206166128935428e-12
1.658422974606300714e-10 6.900000000000000000e+01 2.132959008600743001e-01 1.135433653061508120e-11
2.481939046516359386e-11 2.200000000000000000e+01 1.219547639024377350e+00 1.201513979923120784e-12
3.572679022706931380e-10 6.600000000000000000e+01 1.160862531743717563e+00 5.902160494140948305e-12
3.972974959562723533e-10 8.500000000000000000e+01 3.193092009192731173e-01 1.488986318042469806e-11
6.012489904238002902e-11 1.100000000000000000e+01 4.050776638200103696e-01 1.386966928523005464e-11
1.806802801341353270e-11 3.800000000000000000e+01 1.047491237067382119e+00 5.489375164224846682e-13
5.208247680447712577e-11 6.900000000000000000e+01 1.162521336966835794e-01 6.507591198477327733e-12
1.148801531663276934e-10 9.100000000000000000e+01 1.071056693781358593e+00 1.438314550987739236e-12
3.101385062630420566e-11 6.000000000000000000e+01 8.364924569610640015e-01 6.963482799516702290e-13
2.085045780334879646e-10 3.100000000000000000e+01 1.059751472154939478e+00 7.711181243880256285e-12
4.318734379246647822e-11 8.000000000000000000e+01 9.623663066724877924e-01 6.579052676500142378e-13
1.539597110803204511e-10 6.000000000000000000e+01 7.392628211179846920e-01 3.808564794855756929e-12
3.296801415858290618e-11 4.600000000000000000e+01 3.738438669300204326e-02 1.917546312977130636e-11
2.708748014722187903e-10 8.200000000000000000e+01 1.287438967876417317e+00 3.440552923959925381e-12
2.712910338331178334e-11 8.400000000000000000e+01 9.320076827768855043e-01 4.022895362744595553e-13
3.309254189585274776e-10 7.800000000000000000e+01 6.112504278578285710e-01 7.392739658207812377e-12
8.524347370292602842e-10 7.800000000000000000e+01 1.071301578999546145e+00 1.244969606723720511e-11
3.699063056956493810e-11 4.100000000000000000e+01 1.067048562364286690e+00 1.030179821323367625e-12
1.320935485097853748e-10 7.200000000000000000e+01 1.409351913061474892e+00 1.858804263078351268e-12
1.446799872791890282e-10 7.900000000000000000e+01 2.676677955683610666e-01 6.924423219016379353e-12
2.781922789041423572e-10 3.200000000000000000e+01 9.374288645101291895e-01 1.078546897953314353e-11
1.845827189944839105e-11 1.800000000000000000e+01 1.142567504929215272e-01 8.994603031582779038e-12
3.330638368007428110e-11 2.700000000000000000e+01 1.285059698220022195e+00 1.285699367744337301e-12
8.941158874471147679e-10 5.900000000000000000e+01 7.871629815030655175e-01 2.139398556117471738e-11
5.534111039087874878e-10 8.700000000000000000e+01 1.560878504491924224e+00 6.361360030662919148e-12
1.139024485200627136e-11 7.000000000000000000e+01 6.466446503677674151e-01 2.700656919309280182e-13
4.506964583632199336e-11 5.000000000000000000e+01 6.465044782762686959e-02 1.395227992611819264e-11
3.112426987766296111e-11 1.000000000000000000e+00 2.263801284834207894e-01 1.386681364025971351e-10
1.190052923222853583e-11 4.100000000000000000e+01 1.129426244581246630e+00 3.210211529578526058e-13
2.071608316369954853e-11 5.700000000000000000e+01 1.334229434582296037e+00 3.738524797013826746e-13
3.906822947845947645e-11 7.800000000000000000e+01 8.595333853685096503e-01 6.611875683045833773e-13
2.897872543357909387e-10 7.000000000000000000e+01 1.538537251401141726e+00 4.141972899985478727e-12
1.772691055969310303e-10 7.300000000000000000e+01 1.374992563158473846e+00 2.475649589715736983e-12
1.589208606864800704e-10 4.300000000000000000e+01 1.521709283096495335e+00 3.700291070093910192e-12
6.796926632259978926e-10 6.700000000000000000e+01 1.377627009315133544e-01 7.387214586099259264e-11
2.175824365659055579e-10 1.600000000000000000e+01 3.193237742968406678e-01 4.331900927768116661e-11
2.011747677724494906e-10 8.300000000000000000e+01 2.493794338165677971e-01 9.820771806224722522e-12
6.152430165363403637e-10 4.300000000000000000e+01 8.301628158019433990e-01 1.938641951024701469e-11
2.233384791322303482e-11 2.500000000000000000e+01 1.450220439609060996e+00 8.998875224381283434e-13
1.103100588152597374e-10 3.000000000000000000e+00 1.423465630959812156e+00 3.717273223213272243e-11
3.227267726088324904e-11 1.500000000000000000e+01 3.498957540975702885e-01 6.276291048934186977e-12
2.052345058176761858e-10 1.800000000000000000e+01 1.461595862034961613e+00 1.147023887274388584e-11
5.115916321815762770e-10 8.900000000000000000e+01 2.265340054183432317e-01 2.559298206246056457e-11
1.098823646032374599e-11 9.800000000000000000e+01 9.393285562016432388e-01 1.389124791517603289e-13
1.260368243841438240e-11 1.100000000000000000e+01 7.195576914386863088e-01 1.738541386823616246e-12
4.361187444339613228e-10 7.700000000000000000e+01 1.240104606974907986e+00 5.988340226245537745e-12
6.977952121575582471e-11 4.400000000000000000e+01 9.677840813325097047e-01 1.925495943034177472e-12
2.601530613845129601e-11 5.800000000000000000e+01 3.587585450372009904e-02 1.250523504440533778e-11
2.523194838798422969e-10 6.000000000000000000e+00 4.492716121147622976e-01 9.682782221117300616e-11
7.400613457572154233e-10 4.100000000000000000e+01 5.818684331757635331e-01 3.284341581753818124e-11
2.229005993944573770e-10 2.500000000000000000e+01 8.070975162020561644e-01 1.234422740318064386e-11
5.961052162382636123e-11 3.200000000000000000e+01 8.496645478442378385e-01 2.480269692383028217e-12
8.600081161452076625e-10 1.400000000000000000e+01 1.427180351351001519e+00 6.206814649711848870e-11
1.498380197041590516e-11 1.100000000000000000e+01 5.507999029796458723e-01 2.602683420840403878e-12
5.963473511705192928e-11 2.400000000000000000e+01 2.082105048904934752e-01 1.202064736571091094e-11
1.326845738709805959e-11 6.300000000000000000e+01 3.189629356912854208e-01 6.716280033290111887e-13
2.731165162435807681e-10 5.700000000000000000e+01 1.549141080460810560e+00 4.792641538811135133e-12
4.896072340558453114e-10 5.300000000000000000e+01 2.324875540236052973e-01 4.009512982250747674e-11
3.202449530168459276e-10 4.100000000000000000e+01 1.311327670588462002e+00 8.081364555009637233e-12
3.293477159284774198e-11 5.300000000000000000e+01 1.323586498781658349e+00 6.408946559605039214e-13
3.544654336835290268e-10 6.100000000000000000e+01 7.838315315749017076e-02 7.421063167643205499e-11
7.431666067350276482e-11 3.100000000000000000e+01 2.761989474597074112e-01 8.791001171019144708e-12
1.005917133464514505e-11 4.500000000000000000e+01 1.203701091152652003e+00 2.394936909073265096e-13
3.348376276277205586e-11 8.100000000000000000e+01 2.394571814823571315e-02 1.726485263163848569e-11
2.719304955767809691e-11 3.000000000000000000e+01 9.198832186770675157e-02 9.867715629356688576e-12
9.820458982906282358e-11 5.400000000000000000e+01 5.265342050730755785e-01 3.618823417441562514e-12
2.693839822867096757e-11 9.100000000000000000e+01 1.023485082979519900e+00 3.466647822469039909e-13
2.538663461843557290e-10 9.300000000000000000e+01 8.793102914365014122e-01 3.543747015822713044e-12
2.406363614914201648e-10 9.000000000000000000e+01 1.089151927524980135e+00 3.016964165129569686e-12
1.936543572132703225e-10 4.800000000000000000e+01 1.059811741164056409e+00 4.625283630412307301e-12
3.298114719171721624e-11 3.500000000000000000e+01 2.178881655797999528e-01 4.359191005359908124e-12
2.773486704975345903e-11 1.800000000000000000e+01 9.288706360590974487e-02 1.661204293769085743e-11
5.309132987851348242e-11 2.900000000000000000e+01 1.853044735682809474e-01 9.936375657965453675e-12
3.660751773244875403e-10 7.400000000000000000e+01 1.054671119144394265e+00 5.687876165691225644e-12
2.113616868719720145e-10 7.500000000000000000e+01 6.833464338235532010e-01 4.463404092990358892e-12
5.103639325504548905e-10 7.000000000000000000e+00 4.540881147255150796e-01 1.662151906305851112e-10
4.893756244010287689e-10 7.700000000000000000e+01 4.133711387891157996e-01 1.582162458596311418e-11
1.067693420145322627e-10 3.700000000000000000e+01 9.152334414293166187e-01 3.640267437821620113e-12
2.486082497319917167e-10 6.200000000000000000e+01 2.466611073421665079e-02 1.625800337061311394e-10
1.403116110486017052e-10 5.600000000000000000e+01 1.246990469163190784e+00 2.642913107112774491e-12
1.507193493451364413e-11 2.000000000000000000e+00 7.984370659740845921e-01 1.052118098707502785e-11
8.761023411743748221e-11 9.900000000000000000e+01 3.527219622612028926e-01 2.561710718869335957e-12
1.417559268605198661e-10 9.700000000000000000e+01 7.762808026107199666e-01 2.085837310785144720e-12
5.461976494787085149e-10 4.800000000000000000e+01 8.187571641633947239e-01 1.558148511377909435e-11
6.903219402236035238e-11 8.400000000000000000e+01 1.181816821749710034e+00 8.881604778602020349e-13
2.859672907540916333e-11 9.000000000000000000e+01 1.259902326123837790e+00 3.337408129798990148e-13
1.493101364505462225e-11 4.200000000000000000e+01 8.583269778229489777e-01 4.697725054007322509e-13
4.324187649649405790e-11 9.600000000000000000e+01 1.244099397566570175e+00 4.755914244322052448e-13
2.041790293773251908e-11 1.800000000000000000e+01 1.376006602998529393e+00 1.156193417257988014e-12
4.283654884232129592e-11 9.000000000000000000e+00 7.506371173548952447e-01 6.977837693888425690e-12
4.627386254514485769e-11 9.600000000000000000e+01 1.548952520754032003e+00 4.821344226070975688e-13
2.127238700087378331e-10 9.400000000000000000e+01 6.801576498519519287e-01 3.598288692742750349e-12
1.413943768262266004e-11 9.000000000000000000e+01 9.792426490618578727e-01 1.892658035551549827e-13
3.720050341451003841e-11 1.200000000000000000e+01 4.710777371474527547e-02 6.583178477715518753e-11
3.876620986576752961e-11 1.000000000000000000e+01 2.559458220331380929e-01 1.531289629392275069e-11
3.360021452146838393e-11 7.800000000000000000e+01 1.259428844175547235e+00 4.525317354980075747e-13
2.789493732218221526e-10 2.200000000000000000e+01 1.084362053744738486e+00 1.434325786350488913e-11
6.228530646674792148e-11 9.000000000000000000e+01 2.369226862544634993e-01 2.948540335376477591e-12
5.566315302598773614e-10 5.900000000000000000e+01 7.259155164266927196e-01 1.421232658088960021e-11
7.345904176010026481e-11 7.800000000000000000e+01 2.703163706244582354e-01 3.526795695314930011e-12
2.414020893913508563e-11 2.000000000000000000e+00 3.708960038318842578e-01 3.330137298429518929e-11
8.171704098884396482e-10 8.900000000000000000e+01 4.906790595317879200e-01 1.948472861743019105e-11
3.340217123924069410e-10 2.400000000000000000e+01 2.680716215535421942e-01 5.254443247928083487e-11
1.054387180200706423e-10 9.000000000000000000e+00 7.971863790374893455e-01 1.637619231951835571e-11
3.726656194999710346e-11 1.300000000000000000e+01 7.542146344032167882e-01 4.186635812172840401e-12
1.971181833125420824e-10 5.000000000000000000e+00 7.724154871498121189e-01 5.649159387650786001e-11
1.991963799826622930e-10 7.800000000000000000e+01 1.027231519900157819e+00 2.983862538403555092e-12
7.718836954455794953e-10 8.000000000000000000e+00 4.106470971829445094e-01 2.416954076795265931e-10
4.696562070293140769e-11 8.500000000000000000e+01 1.312534637694990902e+00 5.714899475208234756e-13
3.379128825238406823e-10 9.800000000000000000e+01 1.144896050783773322e+00 3.786334661592389753e-12
1.683673586658888225e-11 2.800000000000000000e+01 1.543727764201023422e+00 6.015323552879312001e-13
2.435595486878165066e-10 2.100000000000000000e+01 8.496345451241211766e-01 1.544270172659154256e-11
4.975596585800959685e-11 6.700000000000000000e+01 1.555151112895464705e+00 7.427172526958974515e-13
2.111753050781436349e-10 1.900000000000000000e+01 1.130589752691678163e+00 1.228577015230072830e-11
2.659625486408545307e-11 4.000000000000000000e+01 1.164517115271030967e+00 7.238276726859726643e-13
3.003500718963476178e-11 4.600000000000000000e+01 9.802832360536547704e-03 6.660783050875320062e-11
7.556853171066598295e-11 8.800000000000000000e+01 2.556143532946129615e-01 3.396352755512878614e-12
1.037577384323791534e-11 6.900000000000000000e+01 4.429728144792189903e-01 3.508258941512969837e-13
1.233346877776365523e-10 5.000000000000000000e+00 2.300833022850598195e-02 1.072181849888862581e-09
3.621372719459159118e-10 6.000000000000000000e+01 1.265520782189142102e+00 6.328211286460201748e-12
5.920812960477171649e-10 1.000000000000000000e+00 1.249243178529387377e+00 6.240674324125775405e-10
1.291951404585819809e-11 2.500000000000000000e+01 1.233829957693738100e-01 4.199072010160583129e-12
3.427293766593185926e-10 7.100000000000000000e+01 2.413456692078074228e-01 2.019657841534097347e-11
6.953736186125739856e-11 9.600000000000000000e+01 1.830444491604011487e-02 3.957442978419079823e-11
6.769648064210530809e-10 7.700000000000000000e+01 5.328796517554857531e-02 1.650637800819943631e-10
9.167414571165115300e-10 9.500000000000000000e+01 5.866241420473581325e-01 1.743268476754273527e-11
7.372484818325927606e-10 8.100000000000000000e+01 3.733303360105134638e-01 2.495578370444579795e-11
2.219243630911544887e-10 9.700000000000000000e+01 6.646022119095318370e-01 3.709598144920515703e-12
8.340968204049387663e-10 5.400000000000000000e+01 4.683088956683020276e-01 3.422018954552039729e-11
1.782624077622108037e-11 2.300000000000000000e+01 4.160327342753020741e-01 1.917810521001583992e-12
1.732036494218553270e-10 4.100000000000000000e+01 7.470572077259923782e-01 6.217200019265631612e-12
4.228740315910171257e-11 8.200000000000000000e+01 1.090150408655507608e+00 5.815970381867304256e-13
5.746755240197657917e-10 1.700000000000000000e+01 5.863133310846557755e-01 6.109672617334876224e-11
6.910124255626917032e-10 6.300000000000000000e+01 8.935129276842566082e-01 1.407514496442049506e-11
1.888127250701836978e-10 2.500000000000000000e+01 6.702261657891465108e-01 1.215865405116739419e-11
2.752666009123824306e-11 8.600000000000000000e+01 1.150907961471083762e+00 3.505260821435103916e-13
3.924821248762692159e-11 6.400000000000000000e+01 1.116292525074986219e+00 6.825460974749332605e-13
5.825944232375952510e-10 5.400000000000000000e+01 5.404844421373251606e-01 2.096736058760187243e-11
3.363070533703392791e-10 2.700000000000000000e+01 9.925812890144650735e-01 1.487369118657621665e-11
4.102550194353377513e-10 1.300000000000000000e+01 1.332518367886082800e+00 3.247564970766775737e-11
6.313870306779345681e-11 6.700000000000000000e+01 2.214661235386049254e-01 4.290120891236099781e-12
5.051095727322233410e-10 5.500000000000000000e+01 6.868532318935812730e-01 1.448305874456732610e-11
2.016155080969752452e-11 7.700000000000000000e+01 6.902907505605313521e-01 4.112031980017263024e-13
2.525677122254854129e-10 3.200000000000000000e+01 9.042615249768564123e-01 1.004205390265289085e-11
2.827967395001111817e-10 2.000000000000000000e+00 3.769322581573815167e-01 3.841618086809130094e-10
1.538035442983357987e-10 9.200000000000000000e+01 3.681848191861835651e-01 4.644826820276000496e-12
4.195517045278521274e-11 3.000000000000000000e+00 1.180245126592810667e+00 1.512389586402510602e-11
5.292748953509465355e-10 3.300000000000000000e+01 3.641880692239368028e-02 4.404916172582118133e-10
2.907109139601986809e-11 7.900000000000000000e+01 3.246435672215719492e-01 1.153673870491091882e-12
3.925110097674823458e-10 7.100000000000000000e+01 9.496114429921590494e-01 6.798322631959680737e-12
4.044710273214203932e-11 2.100000000000000000e+01 1.230938019627544344e+00 2.042902642736241914e-12
1.040559728133867378e-11 8.900000000000000000e+01 2.666321998222765388e-01 4.437338138353002833e-13
6.679553083126187911e-11 3.300000000000000000e+01 7.981002828115196790e-02 2.538850620801146664e-11
7.697318016324311866e-11 4.000000000000000000e+01 1.555227289835053206e+00 1.924562751478776391e-12
7.145420955490315637e-11 9.800000000000000000e+01 1.254552460227334354e+00 7.671682513464614691e-13
1.436507464484326858e-11 2.800000000000000000e+01 1.385129765951894854e+00 5.220099454849952618e-13
5.630595279062292589e-10 3.500000000000000000e+01 7.419264153379545590e-01 2.380819105639008085e-11
1.030904783403986976e-10 9.300000000000000000e+01 2.415118276836479005e-01 4.634761166564890938e-12
1.039135503636836828e-11 6.100000000000000000e+01 6.384371213825301705e-01 2.858505190930601185e-13
3.869639122522023123e-10 5.300000000000000000e+01 1.277410338265910550e+00 7.627111183011345280e-12
6.450971444160431357e-10 8.800000000000000000e+01 3.516343645934416062e-01 2.128326066821265260e-11
1.175060726519004889e-11 6.000000000000000000e+00 1.190865913601057979e+00 2.108813066613575981e-12
5.459325962125739610e-10 6.000000000000000000e+00 3.138329378698920258e-01 2.947418666745072530e-10
6.234803077608666847e-10 6.000000000000000000e+01 1.435232550364604398e+00 1.048755872129877819e-11
4.697340526137846899e-10 1.800000000000000000e+01 9.358268510811931229e-01 3.241419302284279755e-11
1.924257051653812930e-11 1.400000000000000000e+01 9.837547586861108417e-01 1.650849618931569134e-12
3.172377965809997995e-10 1.200000000000000000e+01 5.829749600983500368e-01 4.802180777935372304e-11
1.486539956951910058e-10 9.100000000000000000e+01 1.186680929040486276e+00 1.761953426668779066e-12
3.671331692493943766e-11 8.000000000000000000e+00 9.500256012729113575e-01 5.641742226757132178e-12
1.832133464830705947e-10 7.000000000000000000e+01 2.930625645248481348e-01 9.060104950140544536e-12
3.112109983332695807e-11 7.700000000000000000e+01 2.704208170193567740e-01 1.512969568148630120e-12
9.433868364745962670e-11 9.500000000000000000e+01 9.784478028978077502e-01 1.196963304938856197e-12
9.297013164436806965e-11 4.100000000000000000e+01 1.273009204811310413e+00 2.371958591488016574e-12
5.282474011509099557e-10 7.700000000000000000e+01 5.282673938898088117e-01 1.361079965562314465e-11
6.301627765993302213e-10 1.500000000000000000e+01 5.014917598388429765e-01 8.738894881317690522e-11
2.968875038067009339e-11 6.300000000000000000e+01 8.467582506468902537e-01 6.290572089481373950e-13
6.063822232589783861e-10 7.000000000000000000e+00 7.189351477411162761e-02 1.205959965372822492e-09
5.408876149012992638e-10 8.000000000000000000e+01 1.184922693483463130e+00 7.297694848594124709e-12
3.510087272569033313e-11 1.700000000000000000e+01 5.580237718751926979e-01 3.899367584068430318e-12
7.889059624102741406e-10 2.100000000000000000e+01 1.506214866728887936e+00 3.764542842657512695e-11
9.383307084393332273e-11 7.700000000000000000e+01 4.769049985388321145e-01 2.654743153510110088e-12
1.326116655468764804e-11 9.000000000000000000e+01 1.607365519775970364e-01 9.206536406240259032e-13
6.897480186683877868e-10 9.800000000000000000e+01 1.330525357000344577e+00 7.246408842195713045e-12
7.797594150073740912e-10 4.300000000000000000e+01 5.288145724241946066e-01 3.594365427909169845e-11
9.110664771475264630e-11 2.500000000000000000e+01 3.876825244050174368e-01 9.639794490496398589e-12
2.093497545703353517e-10 3.600000000000000000e+01 2.048431977889424993e-01 2.858840244864400080e-11
3.032916957405126053e-10 1.700000000000000000e+01 1.310507152938128916e+00 1.846258928722716690e-11
1.040783691466935309e-11 1.000000000000000000e+00 1.041309676911008619e+00 1.205913709698157856e-11
1.485594887805142655e-11 7.900000000000000000e+01 7.184623038889678161e-03 2.617417818712483039e-11
3.427222388952089215e-10 7.200000000000000000e+01 1.448544348330628839e+00 4.795824592083815991e-12
1.281777681649422224e-11 5.000000000000000000e+00 3.470290888653884132e-01 7.537529743663004416e-12
1.285442210819978130e-11 8.100000000000000000e+01 6.233476099031595163e-01 2.718540753723871066e-13
3.819215908495493710e-11 8.100000000000000000e+01 3.459378790896203704e-01 1.390554819065486122e-12
3.418786373181741644e-11 3.300000000000000000e+01 9.737446775393274190e-02 1.065612875219974612e-11
3.089005081189599944e-10 8.800000000000000000e+01 1.585294839098224939e-01 2.223548039338065266e-11
8.897113510313205550e-10 6.700000000000000000e+01 1.072218813420035000e+00 1.511991745646669224e-11
1.739952322618610713e-11 9.600000000000000000e+01 5.548540467397877762e-01 3.440364679183263865e-13
1.927988114566028203e-11 9.400000000000000000e+01 1.111345531146906707e+00 2.288363188509410337e-13
3.021334063607424959e-10 9.800000000000000000e+01 4.711784772104530283e-01 6.791683047333966734e-12
2.316143307530095960e-11 5.700000000000000000e+01 6.705829612005155260e-01 6.538669667580673835e-13
2.295905059050249188e-11 7.400000000000000000e+01 1.349826787666724703e+00 3.179892183480344434e-13
4.219282171545428214e-11 1.600000000000000000e+01 9.690347625722073310e-01 3.198986313946885683e-12
8.438204393825113617e-11 8.400000000000000000e+01 1.456517207361401445e+00 1.011143584146291043e-12
7.074388782895257001e-11 1.400000000000000000e+01 4.115084696511067119e-01 1.263307957668657995e-11
2.974350810573011726e-11 2.600000000000000000e+01 1.147994953197687629e+00 1.254443527342172072e-12
3.045679701143955559e-11 7.600000000000000000e+01 1.161260650213637113e+00 4.368742962065135557e-13
5.414996255259829818e-11 4.000000000000000000e+00 8.542817836840951307e-01 1.795186466656708559e-11
3.007647539243600407e-11 4.400000000000000000e+01 1.407303449544515805e+00 6.927948280148774205e-13
2.087100781793073425e-11 9.000000000000000000e+00 5.374734460790004942e-01 4.529587812848279629e-12
6.131324837803849878e-10 1.600000000000000000e+01 4.209511665983498574e-01 9.377895836198160732e-11
5.659907652920163767e-11 5.100000000000000000e+01 4.858804242340803436e-01 2.376480828976786773e-12
1.383069454465292772e-11 4.700000000000000000e+01 1.347508522220701721e+00 3.017614206108432368e-13
1.280144818046421390e-10 8.500000000000000000e+01 1.272076399750230680e+00 1.575840405151537781e-12
5.952958136024764904e-11 2.700000000000000000e+01 9.468844069158444121e-01 2.716610753128156457e-12
2.667685343825226888e-10 8.800000000000000000e+01 1.472525230298088017e+00 3.046157473500835482e-12
1.478542786996582225e-10 4.300000000000000000e+01 9.420156448317623665e-01 4.251612662162097343e-12
2.472928317862255231e-11 6.600000000000000000e+01 1.260334462097730146e+00 3.934982477158384703e-13
1.631491214025138247e-11 1.700000000000000000e+01 1.013196977991433601e+00 1.131018506368368725e-12
9.067453488807955125e-11 5.800000000000000000e+01 8.118721260197846179e-02 1.927733149575846124e-11
9.050677763870902484e-10 1.500000000000000000e+01 6.815776144536803693e-01 9.577148697738675105e-11
1.017679181937943793e-11 9.700000000000000000e+01 2.706006255562690699e-01 3.924854285307294783e-13
1.613063759261414293e-11 6.400000000000000000e+01 3.272848563237938657e-02 7.702348854624371323e-12
5.516988681975400469e-10 8.000000000000000000e+01 2.447032321185987624e-01 2.846527079116348154e-11
3.502851873473026693e-10 7.100000000000000000e+01 9.022612668225092891e-01 6.286991506686113927e-12
5.403912948249655957e-10 5.500000000000000000e+01 1.190699405829165780e+00 1.058043593524983506e-11
1.057038511136244668e-11 5.000000000000000000e+01 1.442754659408720608e+00 2.131525994675025483e-13
7.543359040958830707e-10 2.800000000000000000e+01 1.548003169841382975e+00 2.694756770840214800e-11
6.296456975183397374e-11 2.000000000000000000e+00 1.151771281127233593e+00 3.446389217914140749e-11
4.458521672552896837e-10 9.400000000000000000e+01 1.338584804569912468e+00 4.873925106408221532e-12
1.294000442343377342e-11 9.300000000000000000e+01 9.299050718426269402e-01 1.735856073998135486e-13
6.118174847880221750e-10 7.000000000000000000e+01 9.512167568301193032e-01 1.073578971776704072e-11
4.190061643158536095e-10 4.000000000000000000e+01 1.427316741094532437e+00 1.058390959544199941e-11
2.931835483295097448e-10 7.700000000000000000e+01 8.882238399160885534e-01 4.906973208274937811e-12
6.893437974458175818e-11 9.100000000000000000e+01 8.220948369334211137e-01 1.034054322837806317e-12
6.520255037518354364e-10 1.500000000000000000e+01 9.301010642137091944e-01 5.422156919421299506e-11
2.083955462893724901e-10 5.300000000000000000e+01 1.069068169351437003e+00 4.484721072706183039e-12
1.484314134483987899e-11 3.700000000000000000e+01 1.493683801380801812e+00 4.023616796066778548e-13
1.025371805744388361e-10 7.500000000000000000e+01 2.752354952889060069e-01 5.030519992632290829e-12
7.405823035273735569e-11 6.300000000000000000e+01 1.154255298180091094e+00 1.285440457299650681e-12
1.598412989780652843e-10 6.700000000000000000e+01 5.623056030802502381e-01 4.474807746735777188e-12
2.639232943987382330e-10 9.400000000000000000e+01 1.324395257291947292e+00 2.895137816040471629e-12
9.427600820357298522e-10 9.400000000000000000e+01 1.478695483224426122e+00 1.007205080132155526e-11
9.920822749338367718e-10 7.900000000000000000e+01 9.139533063281907177e-01 1.585758891247254740e-11
2.923436664379382951e-10 3.900000000000000000e+01 8.302596080761711628e-01 1.015570374335007390e-11
3.027700546805400213e-10 6.700000000000000000e+01 8.992583711119785939e-01 5.772326078110767849e-12
8.683350166062316644e-11 1.500000000000000000e+01 1.315464565936654173e+00 5.982867317865729586e-12
2.862770701655314430e-11 1.000000000000000000e+00 6.099277721229043880e-01 4.997781833312387472e-11
2.417813655528946725e-11 8.200000000000000000e+01 1.191301561711902712e+00 3.174406143853453109e-13
9.154779774848778594e-10 8.400000000000000000e+01 1.448051896621524559e+00 1.098116573701824657e-11
1.480485238577424311e-10 7.000000000000000000e+01 6.561814534418269895e-01 3.466634299155127699e-12
1.667340101971283622e-11 8.200000000000000000e+01 2.190393365021282290e-01 9.357645296355512832e-13
3.092669913362045454e-10 9.400000000000000000e+01 9.372626764379353714e-01 4.082278802977960028e-12
1.047558490363531242e-10 3.200000000000000000e+01 9.291195099303753979e-01 4.086441009989696554e-12
1.564580973071073996e-10 7.400000000000000000e+01 2.290211329742548041e-01 9.313092843976839014e-12
2.259029358364107311e-11 7.100000000000000000e+01 1.471786721214306759e+00 3.197390545448269128e-13
8.294047131680187613e-10 5.100000000000000000e+01 3.590176644053698629e-01 4.628609656764520324e-11
8.096586045523923189e-11 2.400000000000000000e+01 1.108192228537921986e+00 3.769809464407151095e-12
3.864797410218214820e-11 3.200000000000000000e+01 1.385078021982050878e+00 1.228881194688221524e-12
3.299796595067065167e-10 3.900000000000000000e+01 1.407485033621678872e+00 8.575114617935838032e-12
1.323888117206457853e-10 5.900000000000000000e+01 4.323407798275559766e-01 5.355351722977713829e-12
3.093517764361177957e-11 3.000000000000000000e+00 1.039154877493839058e+00 1.196289069621120718e-11
3.522706009521016220e-11 8.200000000000000000e+01 5.972666273782861746e-01 7.638872642409522773e-13
1.880194895175050481e-10 5.800000000000000000e+01 1.156615423648154506e+00 3.541131205815634422e-12
1.129900269176058979e-11 4.000000000000000000e+00 8.793641037851266384e-01 3.666918872029585178e-12
4.093903655419969569e-10 2.500000000000000000e+01 7.250028328159022761e-01 2.469414422410372845e-11
4.814165466816793746e-10 8.200000000000000000e+01 6.402641049837157761e-01 9.827355488753644383e-12
1.565844690574191867e-10 7.600000000000000000e+01 1.017567809483547414e+00 2.421536288799916026e-12
4.032578490164265575e-11 5.700000000000000000e+01 8.822611894749887718e-02 8.029238501559017520e-12
8.356289306976718685e-10 1.300000000000000000e+01 3.441350658680131236e-01 1.905230199688210199e-10
1.868474414941410791e-11 5.300000000000000000e+01 3.516250023765432053e-01 1.023571264906899462e-12
2.122933849234135769e-11 9.900000000000000000e+01 1.381191927677108078e+00 2.183508564097490418e-13
6.608074154318016998e-11 1.900000000000000000e+01 6.893993522023651455e-01 5.467814670171888306e-12
2.766016794255155816e-11 4.000000000000000000e+00 1.508941309280992016e+00 6.928291732026639944e-12
1.073524497008381748e-11 2.500000000000000000e+01 6.400726482887051372e-01 7.189738483520020839e-13
1.232972324792173508e-10 5.700000000000000000e+01 1.643196750341668066e-01 1.322345866147129581e-11
3.173254316425554866e-10 1.100000000000000000e+01 6.171776258534010795e-01 4.984617767961173127e-11
4.159916518762237175e-10 5.000000000000000000e+00 1.153910253714991896e+00 9.099135328828584612e-11
1.228465673996526522e-11 5.400000000000000000e+01 3.786820364261537231e-01 6.153529369165696600e-13
8.510566122851031156e-11 6.300000000000000000e+01 7.804650852674045736e-02 1.732628329189393680e-11
5.209872638761130041e-10 4.900000000000000000e+01 1.271923721478379843e+00 1.112560163177089932e-11
1.949741727777600842e-11 7.000000000000000000e+01 3.136014817841886182e-01 9.029068250415639291e-13
1.537374908032068204e-11 9.400000000000000000e+01 1.056924508779924166e+00 1.878060840610308060e-13
1.109637023256078755e-10 1.700000000000000000e+01 1.035715653124269275e+00 7.587849307083692669e-12
6.325957022802787047e-10 5.000000000000000000e+01 1.312513530992631461e+00 1.308597569071814201e-11
5.316084879552074392e-10 7.100000000000000000e+01 1.333429829899179353e+00 7.703443451953678340e-12
1.075337337247075611e-11 3.000000000000000000e+00 1.280606714166750495e-02 2.799107427322436408e-10
2.827001902696760113e-10 2.700000000000000000e+01 1.081671317378015029e+00 1.186116664943149561e-11
1.988914652111429599e-11 6.200000000000000000e+01 1.014445264749794573e+00 3.777641549073346307e-13
1.159630202260538868e-10 2.300000000000000000e+01 8.071754017885233168e-01 6.979944704411560326e-12
9.375116530658031933e-10 4.000000000000000000e+01 5.241398844006813773e-01 4.683169753624091101e-11
3.806846613588621692e-10 8.100000000000000000e+01 5.533722409139789633e-01 8.942495738451976920e-12
5.233325681674222606e-10 8.600000000000000000e+01 5.083971199968136956e-01 1.250111133886896230e-11
2.062709986455031573e-11 1.800000000000000000e+01 6.265467758730488557e-01 1.954375602369419165e-12
2.807638799177439052e-11 3.800000000000000000e+01 7.455156109561881239e-01 1.089189223713556921e-12
2.200320838871646831e-10 1.000000000000000000e+00 9.701455717239420018e-01 2.667159027912967523e-10
1.068222858573422349e-10 3.600000000000000000e+01 1.342709748128941172e+00 3.046179233878107511e-12
3.777228199261837736e-11 1.300000000000000000e+01 1.274822042713063923e-02 2.279250560441712095e-10
4.900488542384084463e-10 5.100000000000000000e+01 6.621916928854442164e-01 1.562795982475372907e-11
2.434565491836611507e-11 8.600000000000000000e+01 1.372560650995031217e+00 2.887438954685158525e-13
4.910194229685118554e-11 4.300000000000000000e+01 2.773754941150477146e-02 4.117350296457237571e-11
5.051926973658481186e-10 9.900000000000000000e+01 3.360521263483948751e-01 1.547463577129630928e-11
7.381745029956269711e-10 4.300000000000000000e+01 6.577865927463794060e-02 2.611672999567179361e-10
1.025163118762687235e-11 7.300000000000000000e+01 8.507442066147512527e-01 1.868032107225056739e-13
9.610366416109008936e-10 4.000000000000000000e+01 9.359123786972425307e-01 2.984064909440587482e-11
3.585438546358282351e-11 7.400000000000000000e+01 8.157833774658342918e-01 6.653076465997910670e-13
2.497259418278808430e-11 8.000000000000000000e+01 1.920296227196955918e-01 1.635602860169009330e-12
6.471759466998376118e-10 8.000000000000000000e+00 1.078823692855944927e+00 9.178209565398405561e-11
3.808377943448060052e-11 5.700000000000000000e+01 9.611994559609010613e-02 6.961785204035076714e-12
7.809598694041939020e-10 6.900000000000000000e+01 1.385753958973891198e+00 1.151483498512512788e-11
8.676235725063015547e-10 6.900000000000000000e+01 9.059819090295130328e-01 1.597681678615072215e-11
2.201302319011549589e-11 4.000000000000000000e+01 5.919789012120192373e-01 9.862389904825435538e-13
1.258236326781534668e-10 5.200000000000000000e+01 2.952565397288877125e-01 8.315489675300554093e-12
2.079317879751011375e-10 8.600000000000000000e+01 7.132312884313947166e-01 3.695372543799227232e-12
9.902749599511177130e-11 3.300000000000000000e+01 7.802196633280971128e-01 4.265967440546500523e-12
4.407803928425465996e-10 1.000000000000000000e+01 8.177511742390055627e-01 6.041316900264981026e-11
3.096754633898651461e-11 3.000000000000000000e+01 4.720966138307010063e-01 2.269909152275978047e-12
1.806768089480719563e-10 7.000000000000000000e+01 4.049926319051859736e-01 6.550808978299514661e-12
9.845219303275336592e-11 1.300000000000000000e+01 1.313639474166693466e+00 7.830744059806113200e-12
1.361613897108864294e-10 7.200000000000000000e+01 9.878877933266153599e-01 2.265192614092798326e-12
5.523020279410287459e-11 1.700000000000000000e+01 1.987187662772412489e-01 1.645700973281257449e-11
1.158995406112995148e-10 4.100000000000000000e+01 3.058334559499965577e-01 9.388675397734934425e-12
4.558533608179368779e-10 3.300000000000000000e+01 3.327580685656668646e-01 4.228897636911335437e-11
2.712677081413125429e-11 6.000000000000000000e+00 1.551264318127724362e+00 4.521991009943715830e-12
2.888948812216826435e-11 9.000000000000000000e+00 8.546529219124457954e-01 4.255282609755013570e-12
2.351844821959581742e-11 4.200000000000000000e+01 1.937067807881915071e-01 2.908934282088020448e-12
1.054039668755508658e-11 2.000000000000000000e+01 1.457566790612313312e+00 5.304164184229349146e-13
3.567844894607894206e-11 5.000000000000000000e+00 5.564893703844460138e-01 1.350922856988988514e-11
3.627411865218288335e-10 2.900000000000000000e+01 6.940785596721525952e-01 1.955409985960102677e-11
6.034806827720576189e-11 9.100000000000000000e+01 1.347756614085750426e+00 6.800097071467595878e-13
1.048104530150549756e-11 3.900000000000000000e+01 7.732791644057156466e-01 3.847534385802068685e-13
1.798589985967266106e-10 3.800000000000000000e+01 8.426454385107240430e-02 5.623643404769206838e-11
1.615821392375684431e-10 3.400000000000000000e+01 1.006455422997245996e+00 5.624551454464210895e-12
4.833955850711712242e-10 5.200000000000000000e+01 7.619436301673916390e-01 1.346614372993954370e-11
4.184231936635204623e-10 1.000000000000000000e+01 9.865407774265998464e-01 5.016325215341636859e-11
1.025420680239378900e-10 5.500000000000000000e+01 9.634226464723198990e-01 2.270476608469701303e-12
1.749046000944764120e-10 8.300000000000000000e+01 9.712083820465678974e-01 2.552526025344375279e-12
1.207160305744318736e-10 9.200000000000000000e+01 2.048389518311800883e-01 6.450686363351709438e-12
2.470951050797967857e-10 2.100000000000000000e+01 5.175759993493828093e-01 2.378137847129846624e-11
1.863204176618664387e-11 3.100000000000000000e+01 1.191962869391246294e+00 6.469010239397081234e-13
1.717349791194274802e-10 3.800000000000000000e+01 1.462800304698340881e+00 4.545825099717826627e-12
5.358249707309542175e-11 7.000000000000000000e+01 5.773252039264619162e-01 1.402502428689694171e-12
1.630591446565532214e-11 2.400000000000000000e+01 5.703026509640157782e-01 1.258436157020927121e-12
3.333245354582444299e-11 1.600000000000000000e+01 6.209894875027435202e-01 3.580499167798577168e-12
8.531902066710278916e-10 2.600000000000000000e+01 2.622132505969070326e-01 1.265919370568262476e-10
7.322335501762467093e-10 5.700000000000000000e+01 6.364793515488025299e-01 2.161321925195779014e-11
1.182113756072269257e-10 1.400000000000000000e+01 1.183904911955632855e+00 9.117582708470556012e-12
2.617129710296434740e-10 2.800000000000000000e+01 1.515290640508736075e+00 9.361308660513622147e-12
3.659063902824828285e-11 9.100000000000000000e+01 1.291680346663844459e+00 4.182827413939264055e-13
2.769425555849312160e-11 2.200000000000000000e+01 1.066468128026872186e+00 1.437842153676318697e-12
5.367287075276307255e-11 7.400000000000000000e+01 1.353215266943910811e+00 7.428229895347616841e-13
5.012833886177889176e-11 4.100000000000000000e+01 2.919570545958414254e-01 4.247837627444997706e-12
1.033602103815526519e-11 7.400000000000000000e+01 3.847287546437551664e-01 3.721638208666866106e-13
7.228544804298496186e-10 6.200000000000000000e+01 1.126104302195326756e+00 1.291501649949283128e-11
4.082372190163930470e-11 4.800000000000000000e+01 1.171725637678951548e+00 9.230230630858209721e-13
1.148953831936840391e-11 2.000000000000000000e+00 1.118426921723969514e+00 6.387235884331422669e-12
6.207881495957289311e-11 1.500000000000000000e+01 3.139604923668520287e-01 1.340094944587151314e-11
2.366057709965480647e-11 1.000000000000000000e+00 8.102951153365853254e-02 2.923192821458699575e-10
4.648585479629756541e-10 4.200000000000000000e+01 5.237193428792635309e-03 2.113366903970364326e-09
3.869270803284854635e-10 2.500000000000000000e+01 1.445664210248069903e+00 1.559904926269486549e-11
9.283915367939411547e-11 1.500000000000000000e+01 1.429442247073663408e+00 6.251629817712133281e-12
4.346216516594580827e-11 3.000000000000000000e+00 1.416616823077097687e+00 1.466130271899208310e-11
3.613647290366334409e-11 7.400000000000000000e+01 1.877030583366447458e-01 2.616952880805839068e-12
7.020683366342443869e-11 2.400000000000000000e+01 9.054158277097833496e-01 3.718510106387509423e-12
3.273693586623365257e-10 9.000000000000000000e+01 5.570031195557140213e-01 6.880684435500221658e-12
5.163837707420645254e-10 6.000000000000000000e+01 1.163851498598075684e+00 9.371745790692158564e-12
2.406564970170944949e-11 5.200000000000000000e+01 1.547679247130437474e+00 4.629246436131980040e-13
6.228886749549906195e-10 8.200000000000000000e+01 1.531324719104781407e+00 7.602124669079058337e-12
1.917719976354640926e-10 2.600000000000000000e+01 1.100578605872111065e-01 6.715338066607157034e-11
1.620585970275277356e-10 5.800000000000000000e+01 1.372530119544784322e+00 2.849945438204381632e-12
2.310105288364751823e-11 8.000000000000000000e+01 2.288400017560749400e-01 1.272937226819870493e-12
4.617964785527090897e-11 3.700000000000000000e+01 9.062932807808097291e-01 1.585444092583035663e-12
7.627259560649153032e-11 9.800000000000000000e+01 1.010292817661008868e+00 9.188940204580552967e-13
1.072421308224422098e-11 3.600000000000000000e+01 1.130783734318714151e+00 3.292578350412592629e-13
5.750391647708536141e-10 4.700000000000000000e+01 2.464513479006567864e-02 4.964920898227360355e-10
3.326100495736832151e-11 6.700000000000000000e+01 1.444765735687415509e+00 5.004017705612141164e-13
1.930381225769126993e-10 9.500000000000000000e+01 1.401360309895617329e+00 2.061500876303618622e-12
2.732628132096496987e-11 2.100000000000000000e+01 2.365458154201243446e-01 5.552692602170415023e-12
3.322382610460800919e-10 6.000000000000000000e+01 6.097809506701108440e-01 9.668973836663587863e-12
4.497361175192099390e-10 4.000000000000000000e+01 8.337561555728475460e-01 1.518432632079300311e-11
3.510392884957692651e-10 3.500000000000000000e+01 1.118465326273225813e+00 1.115115747818772474e-11
5.879306195678636081e-11 8.000000000000000000e+00 8.565245755416461826e-01 9.726601035656642109e-12
4.687019366025639829e-10 7.500000000000000000e+01 1.081458646851950700e+00 7.080268528207245441e-12
8.965416145556638770e-11 8.000000000000000000e+00 1.026580497496921041e+00 1.309915911780343052e-11
1.641356606417172230e-10 9.500000000000000000e+01 3.159206259366617586e-01 5.560959550265368576e-12
6.717246784666375094e-10 5.100000000000000000e+01 1.000850764122837466e+00 1.564389753397767614e-11
3.643000487070608045e-11 3.100000000000000000e+01 1.498692626790200544e+00 1.178222877865191523e-12
1.062541748419718852e-11 9.900000000000000000e+01 6.338889621304668598e-01 1.812098384165825339e-13
3.947552824896394752e-11 1.300000000000000000e+01 1.290563122668624940e+00 3.159841462596835092e-12
6.162847714519988464e-10 1.700000000000000000e+01 3.593009132397835814e-01 1.031001033867046481e-10
4.792380600653169040e-11 3.900000000000000000e+01 1.203254135346194964e+00 1.316757407118217185e-12
3.033149751775553977e-10 7.600000000000000000e+01 7.220806950275169278e-01 6.038280473027580021e-12
2.266473105599671780e-10 4.700000000000000000e+01 6.234985438069846619e-01 8.259045624422897666e-12
9.901777572500077441e-11 8.000000000000000000e+01 3.457153760967549005e-01 3.652500597933878908e-12
6.624855586222882716e-11 5.400000000000000000e+01 3.795777448601108661e-01 3.311015916517497313e-12
1.311046031885603890e-11 1.300000000000000000e+01 5.429503503436904355e-01 1.951938549558181178e-12
1.132169625139283924e-11 5.100000000000000000e+01 1.395775666413255900e+00 2.254380747894246720e-13
1.195844880420789572e-10 5.300000000000000000e+01 1.207247719160972954e+00 2.414094241370221261e-12
9.052739954427764480e-11 9.300000000000000000e+01 3.753072412104646038e-01 2.655546545370201001e-12
3.020047949901998223e-10 1.600000000000000000e+01 1.489286894754854318e+00 1.893817547105057992e-11
2.370037854801138996e-11 8.000000000000000000e+01 5.631260459354970882e-01 5.549585730177738196e-13
7.798698888111530875e-11 9.700000000000000000e+01 5.056485639247536579e-01 1.659849635471779829e-12
2.997923980282303504e-11 9.300000000000000000e+01 8.952179124816029843e-01 4.130958280954124318e-13
5.504763841063778326e-10 2.300000000000000000e+01 7.496849822584807921e-01 3.512396054783444522e-11
2.516761798693108872e-10 9.200000000000000000e+01 3.316161224234090432e-01 8.402487448648113257e-12
1.670893874536671066e-10 1.900000000000000000e+01 3.770548233283081974e-01 2.388529502664749010e-11
3.671459136669257227e-10 1.600000000000000000e+01 1.410249399293315387e+00 2.324555746818458016e-11
8.782443140706353357e-10 3.300000000000000000e+01 7.213499496550102030e-01 4.029906956606450666e-11
7.954321681547764247e-10 2.400000000000000000e+01 5.669448136255615944e-01 6.171222827864241277e-11
4.212168994210357788e-10 6.200000000000000000e+01 6.555274071519546775e-01 1.114513228461830459e-11
6.266904907280049090e-10 4.600000000000000000e+01 1.274691333831647233e+00 1.424358287694620111e-11
3.811379178015787986e-10 1.700000000000000000e+01 8.112578286222195123e-01 3.091740716280876819e-11
9.697899863458851573e-10 2.900000000000000000e+01 3.672482725981197627e-01 9.313791549053133104e-11
1.666776516939368870e-11 9.600000000000000000e+01 1.178254962942766548e+00 1.879154241144840504e-13
6.411247039938087145e-11 1.500000000000000000e+01 6.986037424960287456e-01 6.645682016296895491e-12
9.842166691314420733e-11 4.000000000000000000e+01 1.231228115040571502e+00 2.609550742913382489e-12
8.396741381483559590e-11 6.200000000000000000e+01 8.385964557879863612e-01 1.821033988141866958e-12
1.013922655877931543e-10 1.800000000000000000e+01 7.385931911678903505e-01 8.366754340781373940e-12
3.903516024284051066e-11 3.700000000000000000e+01 4.863647252172310642e-01 2.257102867824011275e-12
5.004676068310408116e-10 2.700000000000000000e+01 1.386565320922413837e-02 1.336859573967429554e-09
2.681915897495745142e-10 9.400000000000000000e+01 4.601905743431273788e-01 6.424185624557568850e-12
9.397251710096920553e-11 3.600000000000000000e+01 1.218461772343118588e+00 2.781197671098001011e-12
1.031286132620807041e-10 8.400000000000000000e+01 6.121291593157029975e-01 2.136612246429873337e-12
3.733618653972900930e-11 9.400000000000000000e+01 1.121583115036124845e+00 4.409395008743380373e-13
1.319980482273806484e-10 8.500000000000000000e+01 2.400892961503307554e-01 6.530646282635388909e-12
9.379020343584485190e-11 9.000000000000000000e+01 1.478111295329468611e+00 1.046605594812500372e-12
3.346270264273334867e-11 1.500000000000000000e+01 1.429078650391089944e+00 2.253437905687706148e-12
1.100793491318117752e-11 7.800000000000000000e+01 4.633829698760345006e-01 3.157375183855931210e-13
4.388890554218988960e-11 2.100000000000000000e+01 6.672123811585202180e-01 3.377428370071866270e-12
5.868237946016578338e-10 2.000000000000000000e+01 2.015978910318363146e-04 1.455431392593058189e-07
3.341295057372691617e-11 8.800000000000000000e+01 9.769124895511368534e-01 4.581379273073034092e-13
4.819042259511665084e-11 9.900000000000000000e+01 5.870237299283058707e-01 8.788314224900144554e-13
2.432531371160564982e-10 4.200000000000000000e+01 9.173167297459553504e-01 7.294630997253669247e-12
2.282268638988991638e-10 7.200000000000000000e+01 3.514900113231911316e-01 9.206634424711386314e-12
3.063769517646148137e-11 2.200000000000000000e+01 1.554954437446085969e+00 1.392797276369142367e-12
1.098101235339774132e-11 9.200000000000000000e+01 8.774169448688418083e-01 1.551947760621554908e-13
4.431259223420556337e-11 9.500000000000000000e+01 8.339140094000627723e-01 6.298528352220603188e-13
4.677952896516136382e-10 3.400000000000000000e+01 7.054508977716358320e-01 2.122018721692554379e-11
2.174250459366528177e-10 4.000000000000000000e+00 8.376609255095145423e-01 7.314996131952590955e-11
3.666763776156875677e-11 2.000000000000000000e+00 1.161677746280613821e+00 1.998297790737998440e-11
9.636190846530831246e-10 2.600000000000000000e+01 8.628420501828537592e-01 4.878580613474718805e-11
3.000066285521666578e-10 2.200000000000000000e+01 8.590499195988253733e-01 1.800879871270957742e-11
1.434885361710080581e-10 6.800000000000000000e+01 5.109678631549821048e-01 4.314993518048549816e-12
7.297059000793010215e-11 6.200000000000000000e+01 7.026283398539162617e-01 1.821259901451730045e-12
7.742026972629754497e-11 5.900000000000000000e+01 1.441120238654829633e+00 1.323318768513308564e-12
2.466636504636349836e-11 9.200000000000000000e+01 1.580359224823777442e-01 1.703612409906722972e-12
2.389612717800396523e-11 1.800000000000000000e+01 1.337990536740489622e+00 1.364369340674359715e-12
1.079053369903954203e-10 4.400000000000000000e+01 1.147693483436478257e+00 2.689561343552852195e-12
6.928920485532279231e-10 8.300000000000000000e+01 6.073084127446654046e-01 1.462886514490154756e-11
1.374406173481922244e-10 9.000000000000000000e+01 1.269474018093166956e+00 1.599168700068363163e-12
6.048230457461210534e-10 5.000000000000000000e+01 8.793350684244959359e-01 1.570326448616690559e-11
9.297523413395379655e-11 4.800000000000000000e+01 1.265820388377864258e+00 2.030691996215546155e-12
6.801893262165634753e-10 3.700000000000000000e+01 1.242705731261077418e+00 1.941933531397179791e-11
1.762589628351621841e-10 5.800000000000000000e+01 1.262999334146484909e+00 3.188811224213579359e-12
6.005674469617249119e-10 2.900000000000000000e+01 6.925322805520189862e-01 3.243477939487197549e-11
6.376022079045126309e-10 9.500000000000000000e+01 7.128748278044649833e-01 1.026221238574697802e-11
3.348625001252560082e-11 6.400000000000000000e+01 4.981958544075948403e-02 1.050669437531489089e-11
5.281478465217316251e-11 4.500000000000000000e+01 1.383640814387135043e+00 1.194521246134669773e-12
2.454972533836625397e-11 1.400000000000000000e+01 9.044148789154631274e-01 2.230801440255127956e-12
4.026935433012986552e-11 7.600000000000000000e+01 8.555773957831843690e-01 7.018479956026156135e-13
2.135588698781054153e-10 4.300000000000000000e+01 3.307349863070830898e-01 1.529380987853778945e-11
1.020237016178947969e-11 8.500000000000000000e+01 1.989464650738314022e-01 6.073158099653393610e-13
4.615214299725311780e-10 1.500000000000000000e+01 9.277355733202696797e-01 3.844742499644756323e-11
2.573298818748623152e-11 9.900000000000000000e+01 1.569317246395059540e+00 2.599294579320063173e-13
4.535677032738505909e-10 3.400000000000000000e+01 5.457623000517002332e-01 2.570025549489960557e-11
6.505836939716898635e-10 1.200000000000000000e+01 8.769195692504004880e-01 7.052191129514922618e-11
4.353961229585383939e-11 6.200000000000000000e+01 6.091046397390642575e-02 1.153637961387890679e-11
7.625243629879427687e-11 4.700000000000000000e+01 1.565460095889932512e+00 1.622415361052618121e-12
1.465482692651294839e-11 5.800000000000000000e+01 6.558713741586013057e-01 4.143140241424071509e-13
2.041851219815120575e-11 8.900000000000000000e+01 4.904717995588247503e-01 4.870508933638878427e-13
1.383553825344913970e-10 3.900000000000000000e+01 7.099874687887571811e-01 5.442531195159208314e-12
6.755527724312495075e-10 3.600000000000000000e+01 8.483157451510044966e-01 2.501487771620965183e-11
1.479446598676481651e-10 6.200000000000000000e+01 1.168970872796563532e+00 2.592717808932847659e-12
3.108739796008476451e-11 1.700000000000000000e+01 1.423370376057442099e+00 1.848724576555938080e-12
2.780018011119821689e-11 6.400000000000000000e+01 1.172167936880953665e+00 4.713330304249170304e-13
1.024118184773728828e-11 2.400000000000000000e+01 1.696283081349939381e-01 2.527698211973716434e-12
2.327898515857941389e-10 2.000000000000000000e+01 5.345697274075023736e-02 2.178394590324982705e-10
8.552596816679826388e-10 8.200000000000000000e+01 1.435235748815208157e-01 7.292105364524999071e-11
1.487177715505267388e-11 6.000000000000000000e+01 7.814253483513763365e-01 3.519320838685298292e-13
6.181041093360750079e-11 1.100000000000000000e+01 1.097845439504961496e+00 6.312010313413932451e-12
4.815999396775025845e-11 6.300000000000000000e+01 9.634685534585895050e-01 9.309142278839998742e-13
1.275538654842876787e-11 1.000000000000000000e+00 1.129088019094527606e+00 1.410958645103648541e-11
9.845995186260513727e-10 6.000000000000000000e+01 1.439225688591864838e+00 1.655305903311931206e-11
9.135708074066151437e-10 9.200000000000000000e+01 2.097201433082756250e-01 4.769825412831763423e-11
1.842618303007839851e-11 6.300000000000000000e+01 8.063120268172495608e-01 4.052419676186316168e-13
5.947017686497275057e-11 9.000000000000000000e+00 9.702343907769745979e-01 8.009274820996420611e-12
1.167219836026513528e-10 4.400000000000000000e+01 4.148724620092749116e-01 6.581366004535414304e-12
1.217555630695929595e-10 1.300000000000000000e+01 9.905669291335269522e-01 1.119861195153936454e-11
7.749536590675069293e-11 5.900000000000000000e+01 1.511055146931676418e+00 1.315828180825500056e-12
3.232750283084031177e-10 2.600000000000000000e+01 1.003709548154056774e+00 1.474108477732733966e-11
7.379277516463047815e-11 7.900000000000000000e+01 4.586024306598374678e-01 2.109996641779395648e-12
2.696613294926117303e-11 4.200000000000000000e+01 9.547080199571367221e-01 7.866870971537508732e-13
1.164927751462308748e-11 7.400000000000000000e+01 1.182501282523370278e+00 1.700844495423696592e-13
7.404248927926129874e-11 6.900000000000000000e+01 1.334070596326921487e+00 1.103865174281383069e-12
2.082943132340974777e-10 3.000000000000000000e+00 1.475772816528676534e+00 6.974608588700595929e-11
4.042753644151225529e-11 7.200000000000000000e+01 6.122323424891019661e-01 9.770274893876797667e-13
1.053704134531113735e-10 2.300000000000000000e+01 2.738877744639016676e-01 1.693797839405210406e-11
2.808183165947193405e-10 2.800000000000000000e+01 6.615971071471284937e-01 1.632419995365021014e-11
4.508657858366597981e-11 1.700000000000000000e+01 4.999983171900406753e-01 5.531953635036522598e-12
4.700414266197206087e-11 6.500000000000000000e+01 1.130898403427984755e+00 7.992313693876320548e-13
8.899302596566241104e-11 5.000000000000000000e+01 4.916255831414177435e-01 3.770415066500039031e-12
1.217913572996433351e-10 4.300000000000000000e+01 1.553985287087799927e+00 2.832757421359527098e-12
3.273662073935418949e-11 4.000000000000000000e+00 5.393516147423257356e-01 1.593550964200711169e-11
8.404430849430615770e-10 8.800000000000000000e+01 6.438533468390851278e-01 1.591001150803827627e-11
3.333336797178165290e-11 6.000000000000000000e+00 8.721720806350317101e-01 7.255269698690854880e-12
3.082156738308333900e-11 5.100000000000000000e+01 8.344160798189375061e-01 8.156847232012475076e-13
1.090843180220751607e-10 7.400000000000000000e+01 3.229858239264279396e-01 4.644345222474977630e-12
3.131461637520937456e-10 8.300000000000000000e+01 1.095883944038269053e+00 4.242332446655844856e-12
1.465355603601313048e-11 9.600000000000000000e+01 8.990427667449611970e-01 1.950109377386735449e-13
1.045960431485594210e-11 1.700000000000000000e+01 1.561674183330105103e+00 6.152964423585058889e-13
4.548079315143816747e-10 5.600000000000000000e+01 9.397069401166781022e-01 1.005910187490073963e-11
1.433517032639378841e-10 3.900000000000000000e+01 1.259572964026902220e+00 3.861176952836637558e-12
1.170141128138460835e-11 3.400000000000000000e+01 1.175980691197015648e+00 3.728428936324537767e-13
1.626426209801244858e-11 9.000000000000000000e+01 8.545468423231753485e-01 2.395868752209478533e-13
1.410462485612505525e-11 5.900000000000000000e+01 1.458729669501150905e+00 2.405705126803539965e-13
2.514447720667461357e-11 5.000000000000000000e+00 1.081253840841660541e+00 5.698154617627789700e-12
2.433998230529051945e-10 8.600000000000000000e+01 1.356717280484740717e+00 2.896346968296166973e-12
1.693260207687170393e-10 4.000000000000000000e+01 7.997434261942930334e-03 5.293192173327492159e-10
1.178613662904044958e-10 9.100000000000000000e+01 8.766435643766454788e-01 1.685124402367603270e-12
2.956694418469133216e-10 3.300000000000000000e+01 1.313264356711509651e+00 9.265233400363557629e-12
9.723967451187471008e-10 9.000000000000000000e+01 8.942158326289518788e-01 1.385680939498854025e-11
3.211548346383644976e-10 4.400000000000000000e+01 1.209925878889891226e+00 7.801467329669154605e-12
5.541373800673713003e-10 7.000000000000000000e+01 1.109100831322360481e+00 8.842021186130194762e-12
1.903817801343168506e-10 3.800000000000000000e+01 5.905885310477280159e-01 8.997121661574267045e-12
2.184199707318660599e-11 6.500000000000000000e+01 3.827558982792514941e-01 8.997327759821988543e-13
2.693794445155492285e-10 4.700000000000000000e+01 2.725789108799882565e-01 2.128951096937435554e-11
7.781651781781180498e-11 2.300000000000000000e+01 1.162262170129890082e+00 3.686729446292706215e-12
8.428182346341145304e-10 9.300000000000000000e+01 7.695305315330440710e-01 1.302469973768435614e-11
1.430727224661730059e-11 6.600000000000000000e+01 1.177988074250869266e+00 2.346481862482206003e-13
1.549311373526607692e-11 7.000000000000000000e+00 6.834883031720353497e-01 3.504823985107882812e-12
1.785237193360570608e-11 3.100000000000000000e+01 5.123267165893963249e-01 1.174776147606042541e-12
1.383449558508198913e-10 5.900000000000000000e+01 8.249646351055537341e-01 3.192312909468723763e-12
2.024158704775710896e-10 7.400000000000000000e+01 2.474798426990261202e-01 1.116645315458476138e-11
2.295733865404030573e-10 8.100000000000000000e+01 1.401450626821878487e+00 2.875370794778612369e-12
3.855713747358440638e-11 1.500000000000000000e+01 1.105383250927821415e+00 2.876422943060340445e-12
7.854582670567780996e-10 6.500000000000000000e+01 1.471175878901809675e+00 1.214418438048275077e-11
3.050480250421927122e-10 8.500000000000000000e+01 1.315121810808926872e+00 3.709381408248309120e-12
9.107077660693651604e-10 2.100000000000000000e+01 1.349038305977290575e+00 4.445565366836035694e-11
1.521030313888231828e-11 2.600000000000000000e+01 1.469093289756056020e+00 5.880502900215558595e-13
6.582424092282760072e-11 1.700000000000000000e+01 8.668501436935867055e-01 5.079423398628285868e-12
1.170003442072033681e-10 5.200000000000000000e+01 8.760518176998007001e-02 2.571636930331854906e-11
2.640287365496850584e-11 9.000000000000000000e+01 8.365485448163133553e-01 3.951925669753923652e-13
1.833483964501508657e-11 7.800000000000000000e+01 1.262349344113227856e+00 2.467049973285119244e-13
7.258940409106476271e-11 2.400000000000000000e+01 1.309326604284959839e+00 3.130976975071147150e-12
6.503315958699139146e-11 2.000000000000000000e+00 1.255811099844035272e+00 3.419914504402536946e-11
5.738410543759837355e-10 3.000000000000000000e+00 1.393647554638687280e+00 1.943214536182301235e-10
1.938192566398958902e-11 3.900000000000000000e+01 8.545443599904942178e-02 5.822726654722789580e-12
1.391705653196362654e-11 7.100000000000000000e+01 2.110666467455274142e-01 9.356185153762424521e-13
1.462483794740567053e-10 8.600000000000000000e+01 7.406859894445044779e-01 2.520119783022205830e-12
1.392666633569261276e-10 3.000000000000000000e+00 9.109967852185884007e-01 5.875374352453894297e-11
7.834073885952286774e-10 9.700000000000000000e+01 1.646069488119405733e-01 4.928681706980168415e-11
3.444432416308187710e-11 4.400000000000000000e+01 3.328102146641948034e-01 2.396157834673706534e-12
3.785617709117448989e-10 5.800000000000000000e+01 1.070291729853275475e+00 7.439445500743758558e-12
1.809706113836451728e-10 3.900000000000000000e+01 4.528493788587553692e-01 1.060562156501705880e-11
6.380022858276558420e-10 5.300000000000000000e+01 2.027596149232629430e-01 5.977846276798508967e-11
5.610058321783800850e-10 2.900000000000000000e+01 7.269928119866423399e-01 2.910664969538391052e-11
1.760194619440194305e-10 2.000000000000000000e+00 8.692045732895926635e-01 1.152237658976241272e-10
1.593720884270091191e-10 3.300000000000000000e+01 1.492228937680345924e+00 4.844401379675968621e-12
3.216702007343438301e-11 7.100000000000000000e+01 1.104722425520377804e+00 5.071494393759275837e-13
1.376141130837323071e-10 5.600000000000000000e+01 1.512310337638332225e+00 2.461603770919951511e-12
1.632525927647753949e-10 8.100000000000000000e+01 1.787609705951582750e-01 1.133490405660786933e-11
3.445462276826797997e-10 5.400000000000000000e+01 6.481714378959262390e-01 1.056844749091509718e-11
1.643922164585157780e-10 1.900000000000000000e+01 4.258294929991829347e-01 2.094581819348201294e-11
7.735430980124021161e-11 1.900000000000000000e+01 1.486496208979300349e+00 4.085788716564180450e-12
1.130168972229206384e-11 1.200000000000000000e+01 7.143102600493630439e-01 1.437662327726597411e-12
2.052745940939807279e-10 9.400000000000000000e+01 1.503711864896691175e+00 2.188695351127963653e-12
9.644868370469429120e-10 5.000000000000000000e+00 1.461597900906556280e+00 1.940531920632889577e-10
8.670147073887628127e-11 5.200000000000000000e+01 1.264329975251807126e+00 1.748821267601192481e-12
5.237477964135958849e-11 6.200000000000000000e+01 3.352031128074343114e-01 2.567947413427172026e-12
2.042023754638551682e-11 9.500000000000000000e+01 1.245657064415807598e-02 1.725638893516620394e-11
8.318110171626875890e-11 5.500000000000000000e+01 1.524304164299110864e+00 1.514019665631839138e-12
1.734437790785333947e-10 8.600000000000000000e+01 1.233398241485312408e+00 2.137290312849809605e-12
1.139702508158407650e-11 1.200000000000000000e+01 1.288030574656333915e-01 7.394104621612855346e-12
1.111755102831578600e-10 9.100000000000000000e+01 2.253653570482781754e-01 5.467176509847796970e-12
6.196669463180640500e-11 4.300000000000000000e+01 1.044651949009888225e+00 1.666477314972077170e-12
6.417475116690142686e-11 6.000000000000000000e+01 1.271948432888223290e-01 8.431699331934660308e-12
1.840463818373617956e-11 7.200000000000000000e+01 7.403109217291993227e-01 3.789671587117576343e-13
1.820696115338201160e-11 9.000000000000000000e+00 1.176288175735067831e+00 2.191320380524312606e-12
5.145041643068207604e-11 3.100000000000000000e+01 5.288740569399645874e-01 3.289372435925985903e-12
5.189215030714120515e-10 4.100000000000000000e+01 1.271369339602940851e+00 1.324599365016601316e-11
4.145261650091034248e-11 2.900000000000000000e+01 1.539838975476091720e+00 1.430085781060052398e-12
4.172554490617891431e-11 6.700000000000000000e+01 9.572533233376028239e-01 7.616918638392127056e-13
7.995506645356411318e-10 5.100000000000000000e+01 5.672484399489555740e-01 2.917750056704354230e-11
3.331948764357388675e-11 6.800000000000000000e+01 1.308476926132094098e+00 5.073482889496899380e-13
1.858534042868838047e-11 5.600000000000000000e+01 1.262130431315636070e+00 3.483439162419272412e-13
2.083618495175500484e-10 1.800000000000000000e+01 2.115410132433309109e-01 5.513089563365711435e-11
2.161332237841131182e-11 6.600000000000000000e+01 3.236541418646678991e-01 1.029687123967930611e-12
2.185691135736641008e-11 7.700000000000000000e+01 4.921132409194134971e-01 6.007668763445143191e-13
1.501434977453688509e-11 5.600000000000000000e+01 9.626969816060699792e-01 3.266745919549848873e-13
1.736790319998946493e-11 8.100000000000000000e+01 4.432913730690401510e-01 4.999091757509553595e-13
1.126149307662729666e-10 6.800000000000000000e+01 6.457779964956872343e-01 2.751822889699569308e-12
3.028592353044769951e-11 6.500000000000000000e+01 3.856694663565851111e-01 1.238603563171362918e-12
3.844674261537411508e-10 6.000000000000000000e+01 1.260517050399456940e+00 6.729116960813817536e-12
6.750253498726259068e-11 3.000000000000000000e+00 1.519827061465460094e+00 2.253010375609126962e-11
1.125097404559529004e-10 5.100000000000000000e+01 1.245025460889808810e+00 2.328544783711131545e-12
3.929940338016570240e-10 9.800000000000000000e+01 5.458723637038832566e-01 7.724233895972441366e-12
1.455349008331315876e-11 4.900000000000000000e+01 1.407386368255474585e+00 3.010201084109526275e-13
1.008977229611479010e-10 6.600000000000000000e+01 1.553328175103782183e+00 1.528986646949624489e-12
1.854165558029178539e-10 5.000000000000000000e+00 5.454431526805537667e-01 7.147942599011918522e-11
5.858287993728197818e-11 9.300000000000000000e+01 4.542444338696648432e-01 1.435613350301083942e-12
6.134827070968039934e-10 8.800000000000000000e+01 5.607722852438833810e-02 1.243829214755137584e-10
3.808631369213359237e-11 3.100000000000000000e+01 9.057510571221063511e-01 1.561326944537330768e-12
8.913802722898379126e-10 3.700000000000000000e+01 5.551098829090852504e-01 4.571097102940629786e-11
1.932633564143667626e-11 6.000000000000000000e+00 2.970274576598090910e-01 1.100541734036526706e-11
1.076129207411894972e-11 5.800000000000000000e+01 3.662509608527366733e-01 5.180966686566883110e-13
6.191032920724312176e-11 7.000000000000000000e+01 7.306777676616672546e-01 1.325242761714181139e-12
1.084164744023644725e-11 7.500000000000000000e+01 1.020143931244248126e-01 1.419469637159523899e-12
5.940985300307199501e-10 1.700000000000000000e+01 1.068351479653809610e+00 3.987524030710657139e-11
6.308994190487456964e-11 1.600000000000000000e+01 1.418226545553730844e+00 3.989463817590569683e-12
1.353363337754517041e-11 5.000000000000000000e+01 1.214083981651163047e+00 2.888561877388373588e-13
7.835892208368568106e-11 4.900000000000000000e+01 7.021309490302126699e-01 2.476072498824952579e-12
1.032236303893385292e-10 6.900000000000000000e+01 1.083508211976744517e+00 1.693056429565296652e-12
9.932492612077430131e-11 9.500000000000000000e+01 5.666837333931468157e-01 1.947565662325188091e-12
2.639447938377150577e-10 8.300000000000000000e+01 1.349658182637959891e+00 3.259429959550708483e-12
1.233380095901020816e-11 1.400000000000000000e+01 5.408197102854810367e-01 1.711187319721506029e-12
4.505147649391896052e-11 4.400000000000000000e+01 1.083856993684884751e+00 1.158557288268509265e-12
2.097172143377915929e-11 4.600000000000000000e+01 7.736108217910550033e-01 6.524860714367445591e-13
7.742790107038346169e-10 5.500000000000000000e+01 2.126780589530112842e-01 6.669465920538751055e-11
2.620855228315019169e-10 6.000000000000000000e+00 1.323691369901538240e+00 4.504931106851149777e-11
3.023137643092652687e-11 3.900000000000000000e+01 1.456544235273929122e-01 5.340800195220276717e-12
7.495609106151584691e-10 1.900000000000000000e+01 5.554216034318438799e-01 7.481596142595097723e-11
7.470092123257173312e-10 9.000000000000000000e+01 3.079058815722442444e-01 2.738732216410915721e-11
7.402616027441626648e-10 9.800000000000000000e+01 6.405133560164211204e-02 1.180124841139174794e-10
9.012243093573763946e-11 5.400000000000000000e+01 1.228293213018951446e+00 1.771848244307994679e-12
1.443135975191496701e-11 7.500000000000000000e+01 4.428309027552427279e-01 4.490515066479096207e-13
6.001537083431429894e-10 7.900000000000000000e+01 6.994870368914645198e-01 1.179960274525775971e-11
5.791684320772255058e-11 5.700000000000000000e+01 6.874469820370051609e-01 1.601227926560095601e-12
2.312878302023600801e-11 7.600000000000000000e+01 7.661211306300208523e-01 4.389242712315208373e-13
2.243927133603570163e-11 7.200000000000000000e+01 9.113532464141034239e-01 3.943354550929827502e-13
7.377510149009780372e-11 6.200000000000000000e+01 7.906703132255560318e-01 1.674000130939265858e-12
2.211396174750161346e-11 4.100000000000000000e+01 8.287391868637365988e-01 7.317591025020656402e-13
3.230523231277036215e-10 1.100000000000000000e+01 1.536471868404366559e+00 2.938570196548140592e-11
2.239935714477971909e-10 2.000000000000000000e+01 1.273901594392793379e+00 1.171208766687718968e-11
7.706387945075817044e-10 8.900000000000000000e+01 9.377576143823781463e-01 1.073989413820169206e-11
2.398174295910633940e-10 4.000000000000000000e+01 2.920801989787104036e-01 2.082146565665826437e-11
8.585246106037169791e-11 7.200000000000000000e+01 1.081549764236534816e+00 1.350869593267663882e-12
5.003955045860512743e-11 9.200000000000000000e+01 9.994861909593689697e-01 6.465911961362849592e-13
4.116081265797969523e-10 2.900000000000000000e+01 9.592046021963718250e-01 1.733574523514254656e-11
5.764246845179524798e-10 5.000000000000000000e+00 1.567868159531512484e+00 1.152854311413065427e-10
1.543944689931377977e-10 1.000000000000000000e+01 4.887881790630569934e-01 3.288092707376302900e-11
5.447333486425743171e-11 8.000000000000000000e+00 1.038092329160174021e+00 7.904428528311596208e-12
2.131333069532743324e-11 5.300000000000000000e+01 1.543628644934368133e+00 4.022867663742124747e-13
1.482603683490301709e-10 7.400000000000000000e+01 1.021732161679545836e+00 2.348754112981572612e-12
2.548882674852762204e-11 9.800000000000000000e+01 1.528498001939442963e+00 2.603229122895791266e-13
1.638125078557083664e-11 6.500000000000000000e+01 8.262864440788463272e-01 3.426874556869542247e-13
5.273762927714628096e-11 6.800000000000000000e+01 5.172251536845737241e-02 1.500118990641102957e-11
1.709616862618945852e-10 7.800000000000000000e+01 3.519830346701378065e-01 6.357514989123222490e-12
3.946505556851897541e-11 7.600000000000000000e+01 4.924605203900143113e-01 1.098312254669165642e-12
3.218630954293726510e-11 8.400000000000000000e+01 9.769916352516139213e-01 4.623094618081759723e-13
2.789712258921672335e-11 7.400000000000000000e+01 1.400475624909202299e+00 3.825230763855488596e-13
1.783517566000221814e-11 9.600000000000000000e+01 1.205946711363589330e+00 1.988734407108583908e-13
1.424557594076022096e-11 9.800000000000000000e+01 1.249119244152375185e-01 1.166755904245478871e-12
3.943209949051136216e-10 5.300000000000000000e+01 8.669886097379357892e-01 9.758890779561712735e-12
9.005103016622418193e-11 9.700000000000000000e+01 1.103484601927213066e-01 8.430093989639484841e-12
1.850375316394214101e-10 1.500000000000000000e+01 1.119533770361403224e+00 1.370804934093122511e-11
2.537424911267735950e-11 6.900000000000000000e+01 3.434451807731188078e-01 1.092089779639293675e-12
2.116622073438137023e-10 4.700000000000000000e+01 2.571244658381092313e-02 1.751660415275560038e-10
5.820383588490062346e-11 7.500000000000000000e+01 3.485164261447077361e-01 2.272452432489038268e-12
4.460527999552109239e-11 6.500000000000000000e+01 2.556392842148531019e-01 2.713850770397560848e-12
3.820438538098989623e-11 5.700000000000000000e+01 1.168584820022344983e+00 7.283787938984658768e-13
1.387635985191074397e-11 3.400000000000000000e+01 1.481131309269663632e+00 4.097743827886814347e-13
2.038784015193309744e-11 8.800000000000000000e+01 1.198762314530660067e+00 2.486931265475038789e-13
9.707871875418264370e-10 6.500000000000000000e+01 3.014119651250890541e-01 5.030904838981527920e-11
2.548709659747656887e-10 7.000000000000000000e+01 7.787598477370941685e-01 5.183696069458231967e-12
3.438676094503826991e-11 9.000000000000000000e+01 4.351992552973130146e-01 9.062694377798987675e-13
6.773188196027110559e-11 2.000000000000000000e+00 8.214894525512004275e-01 4.625476341374316507e-11
1.196405177526521995e-11 7.800000000000000000e+01 7.245547369998955878e-01 2.314194231882668139e-13
3.348658917799807586e-11 7.500000000000000000e+01 9.416980979303370969e-01 5.522023223042076188e-13
3.758387979366101596e-11 7.000000000000000000e+01 7.722871671214833755e-01 7.694633114781612606e-13
1.247324239437947661e-11 7.000000000000000000e+01 1.471594149189035639e+00 1.790695729879798381e-13
2.705190991056302309e-10 4.000000000000000000e+00 6.252699471652668484e-01 1.155440057522644680e-10
3.488575117748388356e-11 6.900000000000000000e+01 8.664562573675289592e-01 6.634707253799900457e-13
1.788249678154575963e-11 8.400000000000000000e+01 7.802685841201882910e-01 3.026238011502645153e-13
3.217048186645074418e-11 3.800000000000000000e+01 7.177239109306379206e-01 1.287255501415343325e-12
7.148808270956099135e-11 7.700000000000000000e+01 3.706106667564155743e-01 2.563378971135567823e-12
4.490183259367316632e-11 1.400000000000000000e+01 1.162989066922333059e+00 3.493790182152020367e-12
4.207765096998007316e-10 1.500000000000000000e+01 3.887457291248283542e-01 7.400974361313523281e-11
5.263402257654604236e-11 5.000000000000000000e+00 8.305071093864267728e-02 1.268973551326288736e-10
8.345426908635725106e-11 3.100000000000000000e+01 7.884903968802943197e-01 3.795448177771329000e-12
2.659823822488713887e-11 3.700000000000000000e+01 8.254475375234480161e-01 9.782539908660328557e-13
1.329910626239024796e-10 5.900000000000000000e+01 5.245783731617463808e-01 4.500537655348712997e-12
5.495681343106762336e-10 6.200000000000000000e+01 1.847628083231880880e-02 4.797776451117833533e-10
2.949907316676750480e-11 4.500000000000000000e+01 2.393918333369604579e-01 2.764665566893033081e-12
2.882236482879988471e-11 4.700000000000000000e+01 1.488881757355776214e+00 6.153049980616916338e-13
2.984631759135485566e-10 6.200000000000000000e+01 2.524532267373574834e-01 1.927263525449750968e-11
1.927371856294084442e-11 6.300000000000000000e+01 6.704084098244655898e-01 4.924015110935136305e-13
3.559124795249628393e-11 8.200000000000000000e+01 6.193529617982035385e-01 7.476887291771064809e-13
6.808053374216575813e-11 6.500000000000000000e+01 9.551681347512117060e-02 1.098222529486030424e-11
3.784932091127458427e-11 1.000000000000000000e+01 1.106054739754481986e+00 4.234001208300102951e-12
1.597555080613365711e-11 9.200000000000000000e+01 7.434192855617345330e-01 2.565676452360649471e-13
1.131398297493523855e-10 3.100000000000000000e+01 5.866672192709949663e-01 6.592751295397137424e-12
4.123316053203172412e-11 6.600000000000000000e+01 3.146523315886703975e-01 2.018653759132814538e-12
1.781982021738914578e-10 2.400000000000000000e+01 9.668862099238891838e-01 9.020448563100329538e-12
2.335696576969276384e-10 4.600000000000000000e+01 3.588541803389949658e-01 1.445779510446385720e-11
4.709196560886982500e-11 5.000000000000000000e+00 9.408318289722964467e-01 1.165572859898742557e-11
6.726565978602082287e-10 1.000000000000000000e+00 1.252725283890755881e+00 7.081785230212565622e-10
5.136059967901820643e-11 9.300000000000000000e+01 1.401209507818508060e+00 5.603022810237695858e-13
6.126616439306505988e-10 8.600000000000000000e+01 1.282025826684332070e-01 5.572060062842867277e-11
4.155078628110340616e-10 2.900000000000000000e+01 7.090454496513720617e-01 2.200529340650858399e-11
1.223006570734536722e-11 1.600000000000000000e+01 6.234939767055052151e-01 1.309147916016874633e-12
8.308812564137830190e-10 3.800000000000000000e+01 6.910161830360360413e-02 3.166743082395573303e-10
8.299002814809017657e-10 1.300000000000000000e+01 4.710306760327812592e-01 1.406738322258237251e-10
2.830825943536157355e-10 4.200000000000000000e+01 9.326026578484791774e-01 8.391791367377185441e-12
3.063612718121932043e-11 1.500000000000000000e+01 6.618589263051291027e-01 3.323235530043736739e-12
3.893467837173992333e-10 3.400000000000000000e+01 1.230694993152904537e+00 1.214715446511632678e-11
5.836440027557983219e-10 3.700000000000000000e+01 1.343942741482938574e+00 1.618894093725499704e-11
1.530657441404831530e-10 9.100000000000000000e+01 8.820508642549730327e-01 2.178685690155100944e-12
3.360427949813046856e-10 1.800000000000000000e+01 1.316050767001628596e+00 1.929163448638025678e-11
2.559892448860551629e-11 3.600000000000000000e+01 1.580599891622014308e-02 4.498993379774211207e-11
7.503764543058953772e-11 7.400000000000000000e+01 1.029161120973786536e+00 1.183407054161499634e-12
3.725582078572299221e-10 5.800000000000000000e+01 1.437305950483162675e+00 6.481077038725861466e-12
6.134607741837158460e-10 9.400000000000000000e+01 9.237616656544195282e-01 8.179450968698339382e-12
1.023160011628116598e-10 8.900000000000000000e+01 8.707712630638770879e-01 1.503110419427604995e-12
6.127770571648478969e-11 2.500000000000000000e+01 9.925901440516400331e-01 2.926890848393478277e-12
1.509169145226408833e-10 2.900000000000000000e+01 8.282792339982724128e-01 7.063315239231093450e-12
1.183399234599876320e-10 5.600000000000000000e+01 7.701756971051373357e-01 3.035085719402836847e-12
1.731057942607772692e-10 3.600000000000000000e+01 2.950148740105021372e-01 1.653801129445149305e-11
6.671005040501978002e-10 4.000000000000000000e+00 1.158077504834966298e+00 1.820622193668728876e-10
2.000220339821358932e-10 2.700000000000000000e+01 8.081507052260367141e-01 1.024635172911213782e-11
4.687843411207206909e-11 2.200000000000000000e+01 1.378800479101803145e+00 2.170724220853878227e-12
1.279290752277609056e-10 8.300000000000000000e+01 7.812064368368365486e-01 2.188942038124037621e-12
2.913925277643153445e-11 1.900000000000000000e+01 9.796460009429182048e-01 1.847096997833470148e-12
3.059571206998162799e-11 8.300000000000000000e+01 5.902015659955264226e-01 6.623614717465117073e-13
4.601752660282895140e-11 8.100000000000000000e+01 3.322533872135557398e-01 1.741762390931332394e-12
9.241047099306842145e-11 9.400000000000000000e+01 4.316846347063422740e-01 2.349633429172695549e-12
3.043404433370241776e-11 4.600000000000000000e+01 1.534345830637618535e+00 6.620494229669479401e-13
1.046664515682722168e-11 4.300000000000000000e+01 5.975135716297105271e-01 4.326613725379613609e-13
4.025606885907091014e-11 2.800000000000000000e+01 1.361512073888299978e+00 1.469787705599121777e-12
4.100479222506275292e-10 4.100000000000000000e+01 2.218488915927399607e-01 4.545292106074178032e-11
1.273250233513803731e-11 5.600000000000000000e+01 1.217852868387484522e+00 2.423017532281232193e-13
2.459452826406180563e-10 7.400000000000000000e+01 1.298591988758650284e-01 2.566583271146660247e-11
1.751527151617281635e-10 1.600000000000000000e+01 5.494015119437025696e-01 2.096424505987912229e-11
4.011819963858862114e-10 3.600000000000000000e+01 8.731697371377229455e-01 1.454122490191155796e-11
9.940425009645393639e-11 2.400000000000000000e+01 1.042721196972795417e+00 4.795029603080241057e-12
1.912270882914798759e-11 3.000000000000000000e+00 8.827010600953174579e-01 8.251897353229956613e-12
1.149661050494938886e-11 2.600000000000000000e+01 1.045813140694746846e+00 5.109913173630371062e-13
6.231730937855675344e-11 8.000000000000000000e+01 1.908262338565953065e-01 4.106951885101282310e-12
3.340207190749585985e-10 4.800000000000000000e+01 7.236307551144316452e-01 1.050998412149751935e-11
4.370467570251676433e-11 1.400000000000000000e+01 1.329016356039235625e+00 3.215284459829594975e-12
1.036463297211214298e-11 8.400000000000000000e+01 1.488604209624095009e+00 1.238064423332690205e-13
4.316156082894348416e-10 7.500000000000000000e+01 4.007152645581290029e-01 1.475317466661276876e-11
1.431978459762975962e-11 7.100000000000000000e+01 3.314488193702332386e-01 6.197874733290267870e-13
5.346610692536165308e-10 5.500000000000000000e+01 1.481045029968015125e+00 9.760395401899511287e-12
4.450093064523229318e-11 4.600000000000000000e+01 8.216333054412986447e-01 1.321132774792657801e-12
8.451655647448229298e-10 4.800000000000000000e+01 5.788541232451693830e-01 3.218559568472428886e-11
4.941083256946119393e-10 4.000000000000000000e+00 2.841801356308975013e-01 4.405850580160412592e-10
2.758272053134585433e-11 1.400000000000000000e+01 4.770762001903143257e-01 4.290644141473706543e-12
6.065866903858151433e-10 5.200000000000000000e+01 7.360678203493697946e-01 1.737488085803466910e-11
1.729870439818849141e-10 7.300000000000000000e+01 1.777942536593404566e-01 1.339872515090424192e-11
1.960846898638552051e-11 7.700000000000000000e+01 1.441779359012720363e+00 2.567896589782401884e-13
2.989502084983007899e-10 3.000000000000000000e+00 6.788421472790593381e-01 1.587056751561683439e-10
5.952891131864205753e-10 5.900000000000000000e+01 9.963753224155478261e-01 1.201853648517083690e-11
3.169885819280745562e-10 9.600000000000000000e+01 1.282033913397011116e+00 3.444580239723466723e-12
3.736506773900673771e-11 2.000000000000000000e+01 6.599131360066139429e-01 3.047481914619270807e-12
3.953620452404470867e-11 2.000000000000000000e+00 6.942997316800646468e-01 3.089502443968559404e-11
1.634953347280865971e-11 4.800000000000000000e+01 7.145535118045884260e-02 4.770885649192997256e-12
2.943255005993425726e-11 1.000000000000000000e+00 1.301971514197748148e+00 3.052904053769676806e-11
9.683775665982934023e-10 9.200000000000000000e+01 2.679131466585152332e-01 3.976223431904035430e-11
4.467437027493775725e-11 3.600000000000000000e+01 4.344850421239869753e-01 2.948032657384536805e-12
1.495593210397498742e-11 6.000000000000000000e+00 2.421355613687247998e-01 1.039574783108226991e-11
4.422864369309340475e-10 4.000000000000000000e+00 1.818867030374294799e-02 6.079482684210538459e-09
2.810441329559120691e-10 1.100000000000000000e+01 1.043864971292554511e+00 2.955902041617021374e-11
9.164692651884111401e-10 7.200000000000000000e+01 1.083835583694614746e+00 1.440295132495552460e-11
1.764536147743595026e-11 5.000000000000000000e+00 1.002981854108343507e+00 4.185936360584030945e-12
1.556263989703572383e-10 8.200000000000000000e+01 6.019117919037616504e-01 3.351851268653168398e-12
1.059168370019319425e-10 7.500000000000000000e+01 6.329063806821306759e-01 2.387568373933148212e-12
2.312848433817097694e-10 5.600000000000000000e+01 6.669943306232327673e-01 6.676211418171566992e-12
5.603625524874626959e-10 3.000000000000000000e+01 3.062615463973270349e-02 6.099907833712615854e-10
7.458452730019524758e-10 4.000000000000000000e+01 1.302343969122523815e+00 1.933879832809655203e-11
3.137275829671645156e-10 2.400000000000000000e+01 1.513880578809803756e+00 1.309318394494641720e-11
3.022979592381617873e-10 4.500000000000000000e+01 7.111690022456376159e-01 1.029190763111419048e-11
1.691771399742344171e-10 8.100000000000000000e+01 7.927282645461826427e-02 2.637468468214182806e-11
3.743201872027717508e-11 2.300000000000000000e+01 1.343113875315443462e+00 1.670593537796514438e-12
4.875320756916298126e-11 9.000000000000000000e+00 4.346228785043788068e-01 1.286494886216818887e-11
4.415939774893458707e-11 4.200000000000000000e+01 1.185827187185095166e+00 1.134444176269599807e-12
6.942970869378436854e-10 7.000000000000000000e+01 9.649152357458657958e-01 1.206632847122655338e-11
3.743397361860504709e-10 2.100000000000000000e+01 1.471292055249921571e+00 1.791431428252133952e-11
6.838608781607053543e-11 4.700000000000000000e+01 6.380030598090938865e-01 2.442984271569310214e-12
9.585967425325354374e-11 9.500000000000000000e+01 1.034138270080108502e+00 1.174101993134494174e-12
8.349196216049220207e-11 2.000000000000000000e+00 5.031630126770955114e-01 8.657418665543364885e-11
3.281103595656529980e-11 8.700000000000000000e+01 1.592249236854864636e-01 2.378626618902251114e-12
1.807154961568860816e-10 5.600000000000000000e+01 8.769590603739739754e-01 4.197543898969298761e-12
1.243599888369162347e-10 7.600000000000000000e+01 4.380838262241895653e-01 3.857369797226841087e-12
1.121057206325573695e-10 6.000000000000000000e+00 1.139136694455934684e+00 2.057123139867508908e-11
5.783662181989897377e-10 7.000000000000000000e+00 5.650932044502284812e-01 1.542942837874228373e-10
1.432658443264721111e-11 3.000000000000000000e+01 1.854590602134048027e-01 2.589797530540039645e-12
5.084918121054645514e-10 3.800000000000000000e+01 1.538427413850144365e+00 1.338837667666018789e-11
8.214074461729874505e-10 5.600000000000000000e+01 8.597263523772916693e-01 1.935949203976543394e-11
2.332351567763685967e-10 2.800000000000000000e+01 1.318266427157314125e+00 8.602674488823900452e-12
2.980405487379287215e-10 2.000000000000000000e+00 2.076545456065836126e-01 7.228190238040850089e-10
5.319890786401438967e-10 4.100000000000000000e+01 1.171912784611344627e+00 1.408074999850549926e-11
8.563531544585282304e-10 3.900000000000000000e+01 7.174125796584654990e-01 3.339904131670937934e-11
3.115298584106041370e-11 2.400000000000000000e+01 4.276029947127840125e-01 3.130141883077990701e-12
2.606074242282955981e-10 1.000000000000000000e+01 9.673619020427823845e-01 3.165048643503231862e-11
1.833982492380085795e-10 3.900000000000000000e+01 1.464157346127500370e+00 4.729384716777181394e-12
2.487106055359456219e-11 1.800000000000000000e+01 7.125382129619067806e-01 2.113516995902585423e-12
1.996361587078185926e-11 4.100000000000000000e+01 1.345749897910056614e+00 4.995133141503189785e-13
5.300135826475412175e-11 7.300000000000000000e+01 1.137794472441713722e+00 7.998653612794549723e-13
8.481157301186051547e-10 3.000000000000000000e+01 1.252832410604357571e+00 2.976239617436049921e-11
1.573025604223639979e-10 5.000000000000000000e+01 1.325820628828996428e-01 2.379874743048849308e-11
2.880483711812670409e-11 5.100000000000000000e+01 1.478579999737261730e+00 5.672107570775894528e-13
1.610345453705411310e-10 5.100000000000000000e+01 1.169918140886820224e+00 3.429429913991871337e-12
8.181017569329033195e-11 2.000000000000000000e+01 2.523859076477336094e-01 1.638070990551490556e-11
7.771932409268975097e-11 9.900000000000000000e+01 2.977318290274085788e-01 2.676109658650701894e-12
1.275755656361730344e-10 9.700000000000000000e+01 7.669530180941912523e-01 1.895269611146870287e-12
6.277149403991511238e-10 5.000000000000000000e+01 1.339305703169670236e+00 1.289835620765997016e-11
3.213041000516328009e-10 1.600000000000000000e+01 8.643564193087206471e-01 2.639949544108508533e-11
2.637340317342943211e-11 4.900000000000000000e+01 4.206089932354177829e-01 1.318175468668478637e-12
4.988419474559910409e-10 2.700000000000000000e+01 6.098298859460633548e-01 3.225899047640581922e-11
6.869308410336511426e-10 8.600000000000000000e+01 3.792739078537817887e-01 2.157367341735469560e-11
1.432060331620173268e-10 5.000000000000000000e+01 9.047777020010918658e-01 3.642585540878883341e-12
1.989369081476585236e-11 1.200000000000000000e+01 1.304397102358875848e+00 1.718424856210908485e-12
1.484703897698037048e-11 1.000000000000000000e+00 4.269785563092548530e-01 3.585180336996661476e-11
1.969531210516757704e-10 2.400000000000000000e+01 9.958695645030699595e-01 9.778438832943969783e-12
2.817453573475956249e-10 8.200000000000000000e+01 7.917124576942451419e-01 4.828729681244789915e-12
6.737566152324081538e-10 4.400000000000000000e+01 4.453233504864985703e-01 3.554883434158870104e-11
2.220928557932935876e-10 4.500000000000000000e+01 1.171271213234349684e+00 5.357307127208452961e-12
4.579151256033093018e-10 2.300000000000000000e+01 5.513857531337158502e-01 3.800451432086282271e-11
1.050408042151151284e-11 5.300000000000000000e+01 1.239252794171663785e+00 2.096050695192064378e-13
1.582150059919555426e-11 9.100000000000000000e+01 1.122114581502481778e+00 1.929620862043326281e-13
6.194096332433624021e-11 6.300000000000000000e+01 7.374446060548565107e-01 1.462212806910068006e-12
3.030919140126845467e-10 7.000000000000000000e+00 9.999624632026825333e-02 4.337271652409384251e-10
7.978446317555800646e-10 1.400000000000000000e+01 1.066599309159794062e+00 6.508831806080243108e-11
8.992724430468633829e-10 8.500000000000000000e+01 1.419895387921815966e-01 7.476120572719975701e-11
4.712881088968874347e-10 9.300000000000000000e+01 3.489919864061795107e-01 1.481971987757721460e-11
1.165266043863314882e-10 2.500000000000000000e+01 1.502405741563702657e+00 4.671985992411350832e-12
1.719376939135144700e-10 3.100000000000000000e+01 4.431055853464308525e-01 1.293624157053374846e-11
7.851766757085210849e-10 9.000000000000000000e+01 4.199281761740254471e-01 2.139881052627124339e-11
6.191851725616874447e-11 9.400000000000000000e+01 1.256989466394553778e+00 6.925269365429752834e-13
2.203916726528985334e-11 8.400000000000000000e+01 1.056200513845569677e+00 3.014055511504232787e-13
9.901858193479954958e-11 5.600000000000000000e+01 7.181927984252315378e-01 2.687115455087707404e-12
7.163803530252563856e-11 9.800000000000000000e+01 1.040304736735807589e+00 8.474792163849520851e-13
3.310265061301178939e-11 6.300000000000000000e+01 1.561049959199956039e+00 5.254638557692335496e-13
1.194317736436967313e-10 5.700000000000000000e+01 1.263891610797573284e+00 2.197999656094097587e-12
3.829167791630362028e-11 7.200000000000000000e+01 6.306570598243733672e-01 9.019008115821006242e-13
1.097198870314064448e-11 7.700000000000000000e+01 1.074339927565343578e+00 1.620576125429080285e-13
4.718372237036043419e-11 1.900000000000000000e+01 8.375604066860008468e-01 3.342276990327899132e-12
5.924608602838160539e-10 9.900000000000000000e+01 5.475052948548218001e-01 1.149620955365376025e-11
4.603436467755696942e-10 6.400000000000000000e+01 1.485851130514846963e+00 7.218898477475844667e-12
3.221538732799440532e-10 5.600000000000000000e+01 7.894789175727211505e-01 8.102616640399528297e-12
5.742586870910076268e-11 4.000000000000000000e+00 3.338011822642649729e-01 4.381824329452327673e-11
7.943678082003629390e-11 3.300000000000000000e+01 3.848025540727507132e-01 6.412701661193933188e-12
2.288892073652028110e-10 3.400000000000000000e+01 1.096867484209679278e+00 7.565937284037278592e-12
4.838183642994537817e-11 7.400000000000000000e+01 3.051290909812402474e-01 2.176341922524515296e-12
1.657385301174909754e-11 8.100000000000000000e+01 1.248387710681877205e-01 1.643302914238456514e-12
2.819574669471428418e-10 6.100000000000000000e+01 2.098923915379095895e-01 2.218454669727836468e-11
6.671355728732428234e-10 4.500000000000000000e+01 4.089049887556656104e-01 3.728635513116414011e-11
2.041985842429955623e-10 3.900000000000000000e+01 2.831631280315565768e-01 1.874004932814584210e-11
5.749693057150172210e-11 9.300000000000000000e+01 4.352112711430583536e-01 1.466422321803069167e-12
3.425915991092375252e-10 6.400000000000000000e+01 1.455053249300221507e+00 5.389050556368397961e-12
1.936866078108013942e-11 9.500000000000000000e+01 8.002253757747083140e-01 2.841490164424594159e-13
9.560726003122941712e-10 8.400000000000000000e+01 1.512080660640636953e+00 1.140146446698743778e-11
4.261286099675089838e-11 3.100000000000000000e+01 7.347362115643720770e-01 2.050456382737324723e-12
1.802565091924114653e-10 9.200000000000000000e+01 2.241263105438562331e-02 8.742721560792701138e-11
3.560284787542797094e-11 6.000000000000000000e+01 1.473389440763611447e+00 5.962069984991916744e-13
6.688532981079452604e-11 5.000000000000000000e+01 8.122180095451212445e-01 1.843041462006366062e-12
2.046812800636280252e-11 3.300000000000000000e+01 7.206297698488511871e-01 9.399693537210733091e-13
1.557630857898342908e-11 3.200000000000000000e+01 8.652988013550511059e-01 6.393887404568173237e-13
1.509023609571779613e-11 8.800000000000000000e+01 1.190258920777849783e+00 1.846918568442506666e-13
1.148439199333546159e-10 9.600000000000000000e+01 1.362231648413306795e+00 1.222789770131802538e-12
4.966802231255119307e-11 6.400000000000000000e+01 3.097611974971786752e-01 2.545877285505106633e-12
2.192469458013461719e-11 6.000000000000000000e+00 1.258191327836202911e+00 3.840229966128882206e-12
3.099692071967200719e-10 5.300000000000000000e+01 7.656683140026881995e-01 8.439127927770728928e-12
5.490544848517429754e-10 2.800000000000000000e+01 3.017747294577288186e-01 6.597606202015252637e-11
7.809042949220051826e-11 5.700000000000000000e+01 1.208250598501331652e+00 1.465253405721243968e-12
2.886588351522817352e-11 8.800000000000000000e+01 9.569296111129098614e-01 4.012853646183189732e-13
1.691156525581343060e-10 4.000000000000000000e+00 3.110229583910721907e-01 1.381516311598858703e-10
8.296674723269298802e-10 2.100000000000000000e+01 1.312726446622692889e+00 4.086111631777401409e-11
2.903768211906869772e-10 6.800000000000000000e+01 5.915173166005672778e-01 7.657971948920367588e-12
3.304739766784344792e-10 7.200000000000000000e+01 1.532882973691426232e+00 4.593217143816161381e-12
1.118206750530726675e-11 5.000000000000000000e+00 1.168221529015138094e+00 2.430738214996805883e-12
2.032278706933237163e-10 7.000000000000000000e+01 1.403875900560104251e+00 2.944176098668157881e-12
2.026733396193185562e-10 6.800000000000000000e+01 8.071721427651162850e-01 4.126191369627478680e-12
1.380916853415798347e-10 3.800000000000000000e+01 1.342300106589755959e+00 3.730966546945272316e-12
1.361143070261362131e-10 5.000000000000000000e+01 7.677720388421075404e-01 3.919586374253966886e-12
2.322435398021518058e-10 2.000000000000000000e+00 1.184276515877753289e+00 1.253708022976311779e-10
6.068049249149839605e-10 4.300000000000000000e+01 1.103470554636249545e+00 1.580658414305341704e-11
1.285105912858875939e-10 8.000000000000000000e+00 7.168734114028026960e-01 2.444911609236716879e-11
4.963397713326299317e-11 4.300000000000000000e+01 1.334969713617327081e+00 1.187136654746189096e-12
7.084390213819934112e-11 4.000000000000000000e+00 1.416810313152376377e+00 1.792304889686723783e-11
2.641822240060342731e-11 3.400000000000000000e+01 2.781098087253802142e-01 2.830227171256243689e-12
4.008483362469566715e-10 4.200000000000000000e+01 1.139695367400044956e+00 1.050516504407558395e-11
8.589536768975572359e-11 6.100000000000000000e+01 6.808669451285772611e-01 2.237005282794943849e-12
1.133023493801801756e-10 8.200000000000000000e+01 7.648853554618768591e-01 1.995418304256810193e-12
5.250544023132815323e-11 7.200000000000000000e+01 1.065272820821709265e+00 8.334948641825437246e-13
1.052682483151631663e-10 5.900000000000000000e+01 5.241259321465072674e-01 3.565160480352065761e-12
6.624398174135578717e-10 3.900000000000000000e+01 8.011208112115705826e-02 2.122503689095553903e-10
1.010800223838858446e-11 9.100000000000000000e+01 1.454058549911996456e+00 1.118381313825083617e-13
1.612150027415559003e-11 1.700000000000000000e+01 6.731062573563109108e-01 1.521168690184129113e-12
1.878705600202937518e-11 1.600000000000000000e+01 1.066562124100361109e+00 1.341097694266101221e-12
5.111744988510329885e-10 1.600000000000000000e+01 9.330735037286537192e-01 3.976384735543500287e-11
6.959315264751272801e-10 3.200000000000000000e+01 6.854811359878362209e-01 3.435433765426934840e-11
6.292506777281274353e-11 8.500000000000000000e+01 7.934672465583765266e-01 1.038588553565937343e-12
3.135239611193363896e-10 6.200000000000000000e+01 9.022118391870648235e-01 6.444295613218767655e-12
2.303821519516314135e-11 7.700000000000000000e+01 1.274025740986139299e+00 3.128746450462193470e-13
9.743392703681555736e-10 3.100000000000000000e+01 1.431383093981713150e+00 3.173823273887618592e-11
4.187666706008161712e-10 7.300000000000000000e+01 1.317550885841349162e+00 5.925528094295135860e-12
5.083314787969754186e-11 8.600000000000000000e+01 1.449712991463890432e+00 5.954427293101458448e-13
8.660179733102738046e-11 6.000000000000000000e+01 6.934616830240200036e-01 2.258066529604714848e-12
2.363980281319852082e-11 5.400000000000000000e+01 1.095600896696482973e+00 4.923217366662913651e-13
6.633291858609208055e-10 5.000000000000000000e+01 1.414331401947777289e+00 1.343064827959208281e-11
5.012316645529001504e-11 3.600000000000000000e+01 6.934114337264444261e-01 2.178328300019734293e-12
1.204821112760885036e-10 6.500000000000000000e+01 3.599897751139883306e-01 5.261870216040045241e-12
3.174237468104891984e-11 1.900000000000000000e+01 6.037290218541178088e-01 2.942757659744173611e-12
1.252757973433369292e-10 1.700000000000000000e+01 1.549705874248697990e+00 7.370803782098869484e-12
1.211956780023611144e-10 8.000000000000000000e+01 4.161318263298058318e-01 3.747775084405107375e-12
3.802285629846347769e-10 4.100000000000000000e+01 1.027428002978198363e+00 1.083431108627017865e-11
1.125675179901297520e-10 1.000000000000000000e+01 5.418301652623838116e-01 2.182789473468197388e-11
3.415620717619864318e-11 7.100000000000000000e+01 6.494293970335603960e-01 7.955148614693565745e-13
1.040801873733930239e-11 6.000000000000000000e+01 6.936189432015059664e-01 2.713287017344628660e-13
7.773418508600521458e-10 7.000000000000000000e+01 2.680426134785815484e-01 4.192983233808078561e-11
2.678283767955806333e-11 1.100000000000000000e+01 4.839705816082441325e-01 5.232789529905802720e-12
2.906194273855942613e-10 9.300000000000000000e+01 7.518861024447442976e-01 4.575197094693193775e-12
3.229914430945330699e-10 6.300000000000000000e+01 6.750688297586608932e-01 8.203599776194461096e-12
4.913710487193308682e-11 6.200000000000000000e+01 1.087023976390626867e+00 8.952691025582659359e-13
1.256978197774886976e-10 5.600000000000000000e+01 8.161825477688215980e-01 3.080978052359618475e-12
4.325289432141741166e-11 3.800000000000000000e+01 6.402656567595154113e-01 1.905286008532440282e-12
1.517049739221274003e-10 6.000000000000000000e+01 5.227850666339466379e-01 5.063971226215319545e-12
7.520352360970987365e-11 2.900000000000000000e+01 8.875408626234448928e-01 3.343846244126394832e-12
1.419821914966889629e-11 8.900000000000000000e+01 8.574549590660686116e-01 2.109691214344338635e-13
1.187274013388990560e-10 1.800000000000000000e+01 1.362579862946625031e+00 6.741577019937230495e-12
5.926292428435303172e-10 1.600000000000000000e+01 3.583320744518428969e-01 1.056115837523719234e-10
4.079424771154147828e-11 2.900000000000000000e+01 9.374736228373686808e-01 1.745141307643707567e-12
1.453809803102647009e-11 8.100000000000000000e+01 5.075797099771579557e-01 3.692576849912808684e-13
2.464344517786673611e-10 3.600000000000000000e+01 1.454583550954652305e-01 4.722726633870371952e-11
8.711047610549517510e-10 3.500000000000000000e+01 1.201487439618560638e+00 2.668809802452537950e-11
6.536496403626559218e-11 2.100000000000000000e+01 1.328810210144625525e+00 3.206028323052144819e-12
2.032342204986844555e-10 3.900000000000000000e+01 1.109548268387492015e-01 4.706277086020544935e-11
1.916508135503071148e-11 7.600000000000000000e+01 1.509122010802595337e+00 2.526524806064409701e-13
6.722356665957287457e-11 9.500000000000000000e+01 1.447427777557022344e+00 7.130357429153325807e-13
3.058543995749680953e-11 1.100000000000000000e+01 1.019849653998391004e+00 3.263378918576967949e-12
2.767166436589513171e-10 3.800000000000000000e+01 1.121367099278857582e+00 8.084884609509118081e-12
1.483557744472245512e-10 3.200000000000000000e+01 1.170289040030512595e+00 5.034534232003226480e-12
4.440484513436248998e-11 7.000000000000000000e+00 1.366177979349060267e+00 6.478704109520157979e-12
6.539841463442208226e-10 1.700000000000000000e+01 2.665358780616910450e-01 1.460551920490975905e-10
1.094696074535033383e-11 5.000000000000000000e+00 4.545815123759622822e-01 4.986244911071187234e-12
1.731874065011156961e-10 7.500000000000000000e+01 1.971894523893739926e-01 1.178662634515286514e-11
3.100053418360620537e-11 6.600000000000000000e+01 3.600200040684652381e-01 1.333279751382804259e-12
6.028643671167957766e-11 9.300000000000000000e+01 1.087694741762705863e+00 7.320141129829730883e-13
5.590535021461663458e-10 7.700000000000000000e+01 5.425237171775221245e-01 1.406246296881713869e-11
8.021344792253434189e-11 8.300000000000000000e+01 2.955017068777808231e-01 3.318548137923759585e-12
1.375877812988376517e-10 7.500000000000000000e+01 3.859315179177431610e-01 4.873525654286877710e-12
5.844864560943832583e-10 6.600000000000000000e+01 8.751074666731498697e-01 1.153688448041439650e-11
2.539739540566473294e-11 2.600000000000000000e+01 6.921020126770095482e-01 1.530693836214508829e-12
9.442904374960371206e-11 7.800000000000000000e+01 7.633762124337720723e-01 1.751071092940865854e-12
1.167557253306305080e-11 1.000000000000000000e+00 2.553154125856020307e-01 4.623062508970148554e-11
4.468803004170189224e-10 3.500000000000000000e+01 8.710362598807699919e-02 1.467696433564705979e-10
3.601972146954727424e-11 5.800000000000000000e+01 7.505744074411377920e-01 9.105220217322605519e-13
1.927752245716856997e-11 2.500000000000000000e+01 1.057719296293828881e+00 8.850631905375402826e-13
9.099164182356068721e-11 7.000000000000000000e+01 4.598644631575745101e-01 2.928802458194974457e-12
1.744571374957413540e-11 8.000000000000000000e+00 8.844778764205482036e-01 2.818974514514041240e-12
5.195002666970191947e-10 2.400000000000000000e+01 3.777805122578458685e-01 5.868334455423748274e-11
4.088801844676627836e-11 1.900000000000000000e+01 4.976775203962791605e-01 4.507883789933735139e-12
1.520678323696747579e-10 5.700000000000000000e+01 5.000469173783792520e-01 5.564216746959766357e-12
5.482308429527770136e-10 9.200000000000000000e+01 1.410135603514753422e+00 6.036773664293203196e-12
1.832185942769837200e-10 1.600000000000000000e+01 1.310655135280606842e+00 1.184986665547780848e-11
5.538312177512427052e-10 9.000000000000000000e+01 2.020431199358151408e-01 3.066547105855477015e-11
1.150075066175616137e-10 8.800000000000000000e+01 1.188540519713614296e+00 1.408565959944319492e-12
4.937751159217839966e-10 5.900000000000000000e+01 1.181827531342749538e+00 9.044703505099456620e-12
6.945227882402497006e-11 1.000000000000000000e+00 1.249671791026383955e-01 5.572133384687259092e-10
2.851754600646339098e-10 8.100000000000000000e+01 9.731704003897726496e-01 4.258856071650988488e-12
1.876307074551370069e-11 8.900000000000000000e+01 1.332869637771277205e+00 2.169322799909575679e-13
2.699180048152979513e-10 8.800000000000000000e+01 8.656142877872557984e-01 4.027939523952345087e-12
4.181248117852989245e-10 7.200000000000000000e+01 4.571823223348120968e-01 1.315587992806826839e-11
5.949713988784340746e-10 5.500000000000000000e+01 4.586332390615432963e-01 2.443437933219862687e-11
5.452686188710089307e-11 5.900000000000000000e+01 1.381550942880844235e-01 6.710795732340945206e-12
1.267573285763719762e-11 5.900000000000000000e+01 1.159545274418809280e+00 2.343856734564296834e-13
6.568503450028915625e-10 5.600000000000000000e+01 1.272766350034324034e+00 1.227038822083231225e-11
4.941692598173961290e-10 7.800000000000000000e+01 1.292806738039167014e+00 6.588439558917688668e-12
1.692297116199393712e-11 6.000000000000000000e+01 1.022205796964672064e+00 3.305550376469825531e-13
1.951222924996637148e-11 3.100000000000000000e+01 2.284904819213022797e-01 2.778834066973404170e-12
1.519784484444962141e-10 7.400000000000000000e+01 3.840532365847513230e-01 5.481356201435837928e-12
5.134325406474667554e-11 8.600000000000000000e+01 7.373476741944070545e-01 8.879826127431626378e-13
2.695572788187929397e-10 1.500000000000000000e+01 1.567985282007112069e+00 1.797055625596279927e-11
3.065199018239051384e-10 5.400000000000000000e+01 3.879936681238705942e-01 1.500347533040185001e-11
7.865877713444774086e-11 9.300000000000000000e+01 1.431506948386716216e+00 8.540650001659619521e-13
1.838946298572680417e-10 1.300000000000000000e+01 1.098254637937160272e+00 1.588669515164238304e-11
1.202727594245329348e-10 7.600000000000000000e+01 2.669068795800577654e-01 6.000157998525478067e-12
1.449680956154641711e-11 2.700000000000000000e+01 1.180186838123770954e-01 4.560017854540312555e-12
2.101931223599494781e-11 4.200000000000000000e+01 9.905383527081819128e-01 5.984061955514957703e-13
1.752673965520139237e-11 5.100000000000000000e+01 1.332400432882559382e+00 3.536638746513678529e-13
1.883837146309464216e-10 6.700000000000000000e+01 1.383045625570215320e-01 2.039470706738760300e-11
6.021167939031141264e-10 2.700000000000000000e+01 1.483523283958104511e+00 2.238581963746829634e-11
3.827144197132928614e-11 9.400000000000000000e+01 2.644559330169585221e-01 1.557642239474413372e-12
3.825138697510545959e-11 1.800000000000000000e+01 8.959654684239236611e-01 2.721622263629619294e-12
1.120606891230922290e-11 8.900000000000000000e+01 2.024858067642512360e-01 6.260953485029120117e-13
1.618294146915528315e-10 3.700000000000000000e+01 1.351735917032945711e+00 4.480851052054984462e-12
4.230687112882844683e-11 6.300000000000000000e+01 5.190137703537586189e-01 1.353840943096183554e-12
6.365835579549108107e-11 9.800000000000000000e+01 7.861002220474294644e-01 9.179935993509282434e-13
1.446864870173099156e-11 1.600000000000000000e+01 2.353970059325489750e-01 3.877263577414069289e-12
3.411079141613100129e-11 5.900000000000000000e+01 1.172480475053781612e+00 6.272531935722732013e-13
1.073471092094461390e-10 4.700000000000000000e+01 1.117252548280793123e+00 2.540862132370011393e-12
2.424538166115167579e-11 1.100000000000000000e+01 1.425013340451295907e+00 2.227756607359644264e-12
3.995529264759250880e-11 4.900000000000000000e+01 4.408514144901789500e-01 1.910934461610510199e-12
3.997507631521454985e-10 4.000000000000000000e+01 2.297302303994065431e-01 4.388720847252493493e-11
2.130253790397544115e-11 3.000000000000000000e+00 1.032318981614599451e+00 8.271315349703635970e-12
7.985902223539981122e-10 3.100000000000000000e+01 9.830153998343092725e-02 2.624832796906970463e-10
3.916791299679736607e-11 2.800000000000000000e+01 7.090310716851535577e-01 2.148451696787230067e-12
1.134588992973021984e-10 2.200000000000000000e+01 1.017285620707097271e+00 6.062440404511903093e-12
2.079613230212414032e-11 3.000000000000000000e+00 1.623552382435561325e-01 4.288492304454294888e-11
1.419949808163056671e-10 2.500000000000000000e+01 1.261463743313304964e-01 4.514510197016041937e-11
3.473627466766963855e-11 2.300000000000000000e+01 4.589617988632623269e-01 3.409058381087391650e-12
1.251614138195213357e-11 4.900000000000000000e+01 1.497663922554034688e+00 2.561160505261594852e-13
3.459493901837782855e-10 3.600000000000000000e+01 2.310241607206393599e-01 4.196843451804923212e-11
1.150803402301177051e-11 9.900000000000000000e+01 8.492956048665373237e-01 1.548220491552107121e-13
1.471264259294505201e-10 7.300000000000000000e+01 9.691479571145029670e-01 2.444712898397394158e-12
2.755621026736263527e-11 6.700000000000000000e+01 8.993231944495650998e-01 5.253334490785917991e-13
3.294058761127659920e-11 8.200000000000000000e+01 7.889817438123434279e-01 5.660850978656187193e-13
2.918512581290597385e-10 7.600000000000000000e+01 1.323288874945224070e+00 3.960850793278820762e-12
1.032114282513559756e-10 9.800000000000000000e+01 1.128082515535794084e+00 1.165545242915555402e-12
3.166955505741985430e-11 6.800000000000000000e+01 5.330586435921844668e-01 9.164821977883272571e-13
2.026077281687152142e-10 1.600000000000000000e+01 9.895067616411120648e-01 1.515154482285853263e-11
1.806726896069760760e-11 1.900000000000000000e+01 9.854314488558830742e-01 1.140848065269484523e-12
4.589766410986067218e-10 8.200000000000000000e+01 6.123427730239799915e-01 9.738015176980773422e-12
3.530798782674289181e-10 2.600000000000000000e+01 5.755652965858280012e-01 2.494905084279281560e-11
1.168875594210066714e-11 6.200000000000000000e+01 6.926392598890879215e-01 2.952349460047069634e-13
1.322620812113976862e-10 9.000000000000000000e+01 5.420853730864014786e-01 2.848442913201900305e-12
7.672027533315423425e-10 9.200000000000000000e+01 6.324247155316122804e-01 1.410781333852322095e-11
3.153714637933664419e-10 2.300000000000000000e+01 1.185611794536266771e-02 1.156544164045171216e-09
2.179345204397760227e-11 1.800000000000000000e+01 9.219322549911120879e-01 1.519568033166177451e-12
2.134444149097492808e-10 1.700000000000000000e+01 9.641270687938789941e-01 1.528273417292132767e-11
1.929519999683305188e-10 2.400000000000000000e+01 1.396396794542319242e+00 8.163499543473485032e-12
2.931878304382279830e-10 7.600000000000000000e+01 1.073346038009352243e+00 4.389764874977049428e-12
8.143658040022297001e-10 8.500000000000000000e+01 8.890006276780435535e-01 1.233932468487434885e-11
1.044842117109233810e-11 6.800000000000000000e+01 9.011922282196873635e-01 1.959694306836461073e-13
6.017040104696653729e-10 7.400000000000000000e+01 8.683744840272720200e-01 1.065289005374977722e-11
1.200232631001403132e-10 7.300000000000000000e+01 1.478861174796928690e+00 1.651127098444126780e-12
4.514849956078763132e-10 3.900000000000000000e+01 1.754576044918696454e-01 6.631887182876639321e-11
1.023610513391735082e-11 1.800000000000000000e+01 8.487174196054322328e-01 7.577922020466635485e-13
1.098468752935582695e-10 4.900000000000000000e+01 5.962520277984673100e-01 3.992150668575035842e-12
1.549965726015003765e-10 9.200000000000000000e+01 4.185162789276430928e-01 4.145481424697969860e-12
7.861909780107053558e-10 6.200000000000000000e+01 9.881028945069048053e-01 1.518652626300484087e-11
1.754768805156151183e-11 4.900000000000000000e+01 1.395339063523309164e+00 3.637000337865733026e-13
1.310554362400187717e-10 6.400000000000000000e+01 2.003138599802389286e-01 1.029135008759491435e-11
2.460044242729803085e-11 4.700000000000000000e+01 1.148100630203406913e+00 5.739270388115309750e-13
2.497189994564416244e-11 3.700000000000000000e+01 1.111888528319058045e+00 7.528036571309768101e-13
4.128687544772570373e-10 8.300000000000000000e+01 1.091299593303864945e+00 5.606593548762142261e-12
7.706351459407225217e-11 5.300000000000000000e+01 3.911443977499630686e-01 3.813879162877316157e-12
2.889333389659352995e-11 1.600000000000000000e+01 9.326543742453292651e-01 2.248287347499424113e-12
7.917786779682858478e-10 9.600000000000000000e+01 1.042488813017288463e+00 9.549684813650875317e-12
1.420423794047021422e-11 1.600000000000000000e+01 4.952142646184464203e-01 1.868112711647950407e-12
5.113295607317803455e-11 2.800000000000000000e+01 1.419148081707991782e+00 1.847378582807837103e-12
3.420049793689454235e-10 2.600000000000000000e+01 3.945759087069597437e-01 3.421817263374912821e-11
3.327357075979656235e-10 5.900000000000000000e+01 6.070835453098587520e-01 9.885783961754309374e-12
1.550344140328636679e-11 8.800000000000000000e+01 3.648888794907342303e-01 4.937023850900159209e-13
4.925817756699806407e-10 6.000000000000000000e+00 1.087562089061555604e+00 9.271288639464151865e-11
6.246605679973169972e-10 2.100000000000000000e+01 1.286101984124484954e+00 3.099329763084573129e-11
9.786128830296523937e-10 4.800000000000000000e+01 1.181369064633527088e+00 2.203781315192514815e-11
4.056025476520946694e-11 3.800000000000000000e+01 8.485791625682684858e-01 1.422518320352347720e-12
1.170914272207902570e-10 3.500000000000000000e+01 9.412822678143710764e-01 4.138825481753533336e-12
4.542366305238080966e-11 5.400000000000000000e+01 1.893228961108885944e-01 4.469745292457824655e-12
1.679361143820913813e-11 1.100000000000000000e+01 1.915616555405516008e-01 8.018667872376676847e-12
2.636795571392303012e-10 8.700000000000000000e+01 8.219650377673021202e-01 4.137694936459591709e-12
4.782150897031542949e-11 8.400000000000000000e+01 1.046408760479847072e-01 5.450489144340784917e-12
2.161794842275707017e-11 2.700000000000000000e+01 5.400029421593394163e-01 1.557293866885518272e-12
1.234486357181842298e-10 3.200000000000000000e+01 5.780676783852810585e-01 7.060254886188810410e-12
3.177634352447163909e-11 7.300000000000000000e+01 3.704525333113776187e-01 1.202341228686743187e-12
9.543040453588123691e-10 3.300000000000000000e+01 5.400598570343609905e-01 5.624079529415420611e-11
1.860864534266169420e-10 7.800000000000000000e+01 6.523119147195992618e-01 3.930188578620906616e-12
2.447522512329741160e-11 7.600000000000000000e+01 1.412562661910063078e+00 3.261165602786095574e-13
2.216591613812480360e-11 6.300000000000000000e+01 6.946839008834454487e-01 5.496274176492820841e-13
1.631167073404211860e-10 4.000000000000000000e+00 3.929426308420679304e-01 1.064985085856806303e-10
2.132575315501297127e-11 2.000000000000000000e+00 1.085913286024378532e+00 1.205213224371128624e-11
9.811855149036104551e-11 7.000000000000000000e+00 1.416566135851850428e+00 1.418531445781374477e-11
2.546525797550355319e-11 8.000000000000000000e+00 4.500752822446175694e-01 7.317042388518139231e-12
7.783762330666553202e-11 2.900000000000000000e+01 3.727035241430026735e-01 7.371052928263262102e-12
3.970081533575645048e-11 4.000000000000000000e+01 8.416142777304105316e-01 1.330956511324477619e-12
1.629591160573794565e-10 8.900000000000000000e+01 8.676927002315792947e-01 2.400245758687295521e-12
6.170756484271395489e-11 7.500000000000000000e+01 9.189501677869729157e-01 1.034973052916160349e-12
5.182474410799524441e-10 7.200000000000000000e+01 7.073199728581347490e-01 1.107708861123707738e-11
7.504665352719671537e-11 3.000000000000000000e+00 1.191519444789738813e+00 2.692934972035703805e-11
4.631233988146487838e-10 6.900000000000000000e+01 3.951083694423118131e-01 1.743775040737033468e-11
1.193447611072569689e-10 2.200000000000000000e+01 1.411979533313008073e+00 5.493902084412478328e-12
5.292163560395414037e-10 8.200000000000000000e+01 1.420610365765658356e+00 6.527334434186097526e-12
3.770477202679930590e-10 4.400000000000000000e+01 7.068316435584587332e-01 1.319510363915094736e-11
9.279810727410160343e-10 5.100000000000000000e+01 1.225266012376157176e+00 1.933870257119026404e-11
1.789411593993038646e-11 2.000000000000000000e+00 6.298769146935273566e-02 1.421385141622961140e-10
7.195003536172291324e-10 5.600000000000000000e+01 1.491552734974088912e+00 1.288866692213089546e-11
2.156395134418043460e-11 5.000000000000000000e+01 7.178002514645751564e-01 6.557090136477945613e-13
1.535647007955412156e-11 2.300000000000000000e+01 5.487205670981240013e-01 1.280056870974229204e-12
3.075597692239309084e-11 3.700000000000000000e+01 1.095916108595872629e+00 9.346657220050393647e-13
3.783090020671423432e-10 2.200000000000000000e+01 1.519657897003910074e+00 1.721837304371227625e-11
1.678539738364379269e-11 6.800000000000000000e+01 6.804736385629750473e-01 3.923383430704185955e-13
2.364160027698141397e-10 3.200000000000000000e+01 2.334332882794567521e-01 3.193857169363653293e-11
1.700632179879500546e-11 8.100000000000000000e+01 1.345112343589184301e+00 2.154172974567955296e-13
3.306358566793827147e-11 4.300000000000000000e+01 7.237857350131066125e-01 1.161114947305005495e-12
6.421784635111102449e-11 7.500000000000000000e+01 6.189722683597196351e-01 1.475767502443986962e-12
9.468399313690428589e-11 7.900000000000000000e+01 8.909985031715639270e-01 1.541123596190748318e-12
2.166490752149801428e-10 1.000000000000000000e+01 1.406598461936173772e+00 2.196027785809558573e-11
1.128285476244685596e-10 2.300000000000000000e+01 1.318461906012886320e-01 3.731492379547039498e-11
6.020618279203852959e-10 3.800000000000000000e+01 1.416495212232787626e+00 1.603423208317518393e-11
2.747794127641755609e-10 6.200000000000000000e+01 9.854482678594989054e-01 5.317121216720688429e-12
2.774645577106944905e-11 2.000000000000000000e+01 7.165941728855774739e-01 2.112180029140085017e-12
1.139820032506779923e-10 4.000000000000000000e+01 8.209996524000768847e-01 3.893745838101282014e-12
6.254778992292696538e-11 5.900000000000000000e+01 1.313714134508377374e+00 1.096156135268521403e-12
8.723886927859699245e-10 8.900000000000000000e+01 1.560238896325969016e+00 9.802666437944846501e-12
3.185625270619580133e-11 7.300000000000000000e+01 1.462673481118896834e+00 4.389503099460792441e-13
1.510267667638469360e-10 7.100000000000000000e+01 1.265928747256969966e-01 1.684794427083506347e-11
3.162053672321243609e-10 8.400000000000000000e+01 1.202887328350042973e+00 4.034320507528029396e-12
4.941307185722905596e-11 2.000000000000000000e+00 9.313838573902475382e-01 3.078901364256489552e-11
1.084418852189197550e-11 4.500000000000000000e+01 5.863382098316565205e-01 4.355243482429711236e-13
2.372465302676594662e-11 6.800000000000000000e+01 1.511957078202507576e+00 3.494967706551590424e-13
1.910781243613777584e-11 2.900000000000000000e+01 4.641252826670168585e-01 1.471916993540536234e-12
4.439700807715050117e-10 9.700000000000000000e+01 3.437812285916838073e-01 1.357964198909694045e-11
1.311278690295877801e-10 8.400000000000000000e+01 1.430847566300727847e+00 1.576458869605666123e-12
2.804972004596441038e-10 7.700000000000000000e+01 4.355596998914902374e-01 8.633956263561423744e-12
4.767168864319235319e-10 6.000000000000000000e+01 4.133869939817391703e-02 1.922543510137860178e-10
3.245688289599842714e-11 3.100000000000000000e+01 8.564106837191661770e-01 1.385839748028035283e-12
7.181834788512876280e-11 9.400000000000000000e+01 1.430212987633474819e+00 7.716376249930051882e-13
7.897388641872525668e-10 5.500000000000000000e+01 8.773346571312721220e-01 1.867123599884209379e-11
2.081994551548671432e-11 8.400000000000000000e+01 1.243732194992509310e+00 2.617309534521604653e-13
2.117246659458143050e-10 7.000000000000000000e+01 1.134157079454030936e-01 2.672585893100739351e-11
1.455648012821366100e-10 9.000000000000000000e+00 2.138603984716485329e-01 7.620773501053907477e-11
8.088898044523106060e-11 6.100000000000000000e+01 1.265729187223826102e+00 1.390240738927761158e-12
3.556956674070221140e-10 5.300000000000000000e+01 4.925295689878804728e-01 1.419297782505716506e-11
1.391337785046267657e-10 4.100000000000000000e+01 1.869718232286562420e-01 1.825601117483030090e-11
3.568270474043376241e-10 2.700000000000000000e+01 1.072636552971181656e+00 1.504424392700098905e-11
6.937631952391016805e-11 6.700000000000000000e+01 1.295876037730156138e+00 1.075869765194086061e-12
1.434046812105054958e-10 4.900000000000000000e+01 3.288534887765934833e-01 9.061935698594893173e-12
1.273354303612452654e-10 5.200000000000000000e+01 1.367273042039510278e+00 2.500364479784361589e-12
2.510076405699914279e-11 8.400000000000000000e+01 1.675323843357774678e-01 1.792017945395143792e-12
3.881619408043903156e-11 9.300000000000000000e+01 4.117555452312947062e-01 1.042875728695764673e-12
4.170850020876694880e-11 9.800000000000000000e+01 1.035422032008340709e+00 4.948354340718642858e-13
4.096196804046342531e-11 7.000000000000000000e+00 3.029498567991529279e-01 1.961442689202980490e-11
5.439496934968150965e-11 5.300000000000000000e+01 1.368838656016504451e+00 1.047612084413788538e-12
2.179466551757070712e-11 4.900000000000000000e+01 3.756498292797333383e-01 1.212365297657318811e-12
2.962788469656128064e-10 9.400000000000000000e+01 8.901896952500530924e-01 4.055505146110035323e-12
1.360235637260488979e-10 6.100000000000000000e+01 6.345367064600929141e-02 3.516568173127276973e-11
9.024111642098870137e-11 2.500000000000000000e+01 1.414049717120066663e-01 2.561226875763327314e-11
7.589857762523710719e-10 4.900000000000000000e+01 5.429154163773173281e-01 2.998156182717672778e-11
1.529950754968802033e-11 9.000000000000000000e+00 7.716470354064062231e-01 2.437838128639457541e-12
1.649080141755289729e-10 4.200000000000000000e+01 4.461776486392780572e-01 9.098944147235624566e-12
2.183225231215514295e-11 1.400000000000000000e+01 5.881890849608355509e-01 2.810546204443221463e-12
2.655197908803535137e-10 2.600000000000000000e+01 8.018922242595325489e-01 1.420993662613342162e-11
2.062854336497482381e-11 6.900000000000000000e+01 1.125828530592863030e+00 3.312167878773523231e-13
3.767473482030907397e-10 8.400000000000000000e+01 5.685027009042359358e-01 8.330851009477457776e-12
1.905144152374178955e-11 6.200000000000000000e+01 1.265320635874013888e+00 3.221977841869372906e-13
2.441249649246709585e-10 4.800000000000000000e+01 5.901863593960066101e-01 9.138889063517159030e-12
1.465144265531705487e-10 3.200000000000000000e+01 1.124357463251395073e+00 5.076080662500719637e-12
1.852125558621082438e-10 9.100000000000000000e+01 2.984348205923378905e-02 6.820936501793667945e-11
3.263806702462832569e-11 3.600000000000000000e+01 1.513258639660747251e+00 9.081157556463960942e-13
3.071910406292808632e-11 4.000000000000000000e+01 2.612929945100334050e-01 2.972856336450265215e-12
4.406645485760474623e-11 8.000000000000000000e+01 1.291134237465235035e+00 5.730961789198560124e-13
1.354252070625670079e-11 9.400000000000000000e+01 1.194387103931605854e+00 1.549148762808054510e-13
2.504015379207422212e-10 6.500000000000000000e+01 5.564339964753562962e-01 7.293850959231257895e-12
5.665945513666107791e-11 1.600000000000000000e+01 1.667282629239661973e-01 2.133816959179997190e-11
8.912710084707033299e-10 1.900000000000000000e+01 1.476428131288188839e+00 4.711864897290850046e-11
6.546716985520213962e-11 8.600000000000000000e+01 1.546515967154897142e+00 7.614706071963479677e-13
2.992358585085870548e-10 4.300000000000000000e+01 8.536201293649979815e-01 9.233513843407024079e-12
2.061840132646765112e-10 2.000000000000000000e+01 8.811191200018003711e-02 1.171527450385835605e-10
4.771599194884029460e-10 3.200000000000000000e+01 1.145707945676225803e+00 1.636795832462294206e-11
1.383149522897491814e-11 2.900000000000000000e+01 3.726365704672724988e-01 1.310036733041239089e-12
6.170678120378709895e-10 6.900000000000000000e+01 6.139911202556019854e-01 1.552244551372765497e-11
4.528503022041219367e-11 3.700000000000000000e+01 1.058751461131030025e+00 1.403989171710237360e-12
2.150853189216324140e-10 9.800000000000000000e+01 8.310562562395733266e-02 2.643956443833564853e-11
4.126239352195769249e-10 9.000000000000000000e+00 4.446322211004690717e-01 1.065899658100733571e-10
3.296310795003799953e-10 2.200000000000000000e+01 2.057125031547545335e-01 7.335203516550220898e-11
4.569988503708067095e-11 7.900000000000000000e+01 1.045873933072244411e+00 6.684820900210690838e-13
2.248602551622275128e-11 9.500000000000000000e+01 4.717141266410828093e-01 5.208797876219743814e-13
2.351786225133030018e-10 1.200000000000000000e+01 2.432725876534030940e-01 8.136087443419213561e-11
1.917303568404807384e-10 4.000000000000000000e+00 6.178427875643305311e-01 8.274538448530306194e-11
2.401401761565523664e-10 2.800000000000000000e+01 1.039430032718203112e+00 9.948126769345810656e-12
4.855344531489512218e-10 4.300000000000000000e+01 5.666038282033197815e-01 2.103602135495335929e-11
3.275982082013344536e-10 3.300000000000000000e+01 9.660521808121285137e-01 1.206740108608285975e-11
1.965044296771956399e-10 2.700000000000000000e+01 2.503640764472226388e-01 2.937535820136125042e-11
8.194119680054778383e-11 8.000000000000000000e+01 1.566068951162477019e+00 1.024276405291245667e-12
9.221359613881333277e-11 9.900000000000000000e+01 4.613074106274245856e-01 2.092586415522344304e-12
3.370894214634053114e-11 9.700000000000000000e+01 8.817439320089061061e-01 4.502369413683515413e-13
2.959523732384297349e-10 9.000000000000000000e+00 1.169359261590871696e-01 2.818522896542715702e-10
8.857742505312870884e-10 5.500000000000000000e+01 1.550479610380300244e+00 1.610831076433137473e-11
2.277658085672340799e-10 1.500000000000000000e+01 1.399844826532718745e-01 1.088270063517053099e-10
8.678615519990851445e-11 7.900000000000000000e+01 2.265765758291086729e-01 4.890245022903962743e-12
1.757030464263130731e-11 3.900000000000000000e+01 2.774753026955187885e-01 1.644665678815982707e-12
6.791021465156776004e-11 8.400000000000000000e+01 1.024729211737195556e+00 9.460331370599554162e-13
5.245521038250132892e-10 3.900000000000000000e+01 1.381150008208853475e+00 1.369560282392016169e-11
3.704510765809443230e-10 2.700000000000000000e+01 3.945278759674696878e-01 3.569561982591913743e-11
3.477893881289435286e-11 1.800000000000000000e+01 6.997231242953677599e-01 3.000226051345200222e-12
2.907825961914623094e-11 4.000000000000000000e+01 1.024540231296704462e+00 8.507634763841292238e-13
1.279316937943241192e-11 5.900000000000000000e+01 1.114974686472465670e+00 2.414895478643367447e-13
1.535668115791140520e-10 3.400000000000000000e+01 5.854042405488203427e-01 8.174432085822977670e-12
1.180306020697694990e-11 6.100000000000000000e+01 1.082507117151388920e+00 2.190972113984112330e-13
6.533174910171864397e-10 6.700000000000000000e+01 9.331461066848961705e-01 1.213571365208565219e-11
1.285797751128222038e-10 7.400000000000000000e+01 1.061461682476428914e-01 1.640032523619323591e-11
2.866083533022563376e-11 1.100000000000000000e+01 7.218399059392082151e-01 3.943192147756677204e-12
2.761813714896818943e-10 5.700000000000000000e+01 1.090853484846949994e+00 5.462424784164138109e-12
3.335545140519469514e-10 8.000000000000000000e+01 6.698488960327142472e-01 6.715492673932922897e-12
3.829405173193993202e-11 3.600000000000000000e+01 8.580530698347448026e-02 1.241217012432988887e-11
4.843397709997458956e-11 6.100000000000000000e+01 1.401821390312376903e-01 5.682650370090924634e-12
9.707780055254679956e-11 9.100000000000000000e+01 7.270224998082346346e-01 1.605043778021566734e-12
5.506321842002234713e-10 7.200000000000000000e+01 4.564981867804398519e-01 1.734922338380575625e-11
4.382171076345025152e-10 7.000000000000000000e+00 4.370321031266323764e-01 1.479080718629963319e-10
5.638350505895687556e-11 5.400000000000000000e+01 8.920511523222066086e-02 1.172046092904335542e-11
5.924510341278233113e-11 3.500000000000000000e+01 6.299921879075481845e-01 2.873207907552919158e-12
1.043862245410154559e-11 4.000000000000000000e+01 6.301083868423087431e-01 4.428907686836330775e-13
1.905687055433748439e-11 7.300000000000000000e+01 9.513173605228146812e-01 3.206326283830873390e-13
1.089674269763185079e-11 7.800000000000000000e+01 2.611449312595581773e-01 5.410881248296869225e-13
1.534463772879174729e-10 6.800000000000000000e+01 1.122995912698562027e+00 2.503394938735469291e-12
1.701191225993660894e-11 2.500000000000000000e+01 5.032594507543487472e-01 1.410947290689322493e-12
4.622196494838975358e-10 3.200000000000000000e+01 4.102893829914300294e-03 3.520540664878124748e-09
5.660307096581717400e-11 7.700000000000000000e+01 8.285714872216201066e-01 9.974737901957773300e-13
8.486671787228466558e-10 8.100000000000000000e+01 1.318500855193153853e+00 1.081990970281220155e-11
1.143271635892065323e-10 5.500000000000000000e+01 7.581752059513439113e-01 3.023099024658464633e-12
1.722900517071685874e-11 7.100000000000000000e+01 1.329356009818584816e+00 2.499108075153692460e-13
1.224625070551402499e-11 7.600000000000000000e+01 8.338747105565539330e-01 2.175908248347383169e-13
3.396056473555675720e-10 9.800000000000000000e+01 3.025429497391864397e-01 1.163074269112526819e-11
1.984747164674659455e-10 6.700000000000000000e+01 5.112801280336906062e-01 6.054251164694813735e-12
6.552629379764272627e-10 7.900000000000000000e+01 7.638232931367562317e-01 1.199163727248754676e-11
4.760745794348653309e-11 3.000000000000000000e+00 7.526526164160199719e-03 2.108449785496255290e-09
8.753080100006137692e-11 9.000000000000000000e+00 1.508419629227561343e+00 9.744595801636368732e-12
2.997350882655046575e-11 2.800000000000000000e+01 1.293261698766281220e-01 8.300503354991992525e-12
2.005667879341195805e-10 1.000000000000000000e+01 1.447276166402174269e+00 2.021066222516296822e-11
8.282484300064225610e-11 3.800000000000000000e+01 7.049662728137248702e-02 3.094343115925106217e-11
2.776328281972988735e-11 5.300000000000000000e+01 6.898332447879084173e-01 8.231119982776827947e-13
1.608830720936316243e-11 6.700000000000000000e+01 5.309949792594216289e-01 4.741863892228529882e-13
8.353320460451280315e-11 3.900000000000000000e+01 9.890102147917979591e-01 2.563640868592817979e-12
3.861900810304866862e-11 7.800000000000000000e+01 6.319535054111508066e-01 8.381529532317526526e-13
2.659414297313439441e-11 8.700000000000000000e+01 1.306964729126968150e-01 2.345524582690420234e-12
7.700494695306709138e-10 8.200000000000000000e+01 1.106129950417914509e+00 1.050464268492654690e-11
3.210428047146726241e-10 6.100000000000000000e+01 1.180908084689197279e+00 5.690024345217184051e-12
3.380709920074104069e-11 1.700000000000000000e+01 6.806037038324564969e-01 3.160292281546617719e-12
2.282648422035155489e-10 2.300000000000000000e+01 7.235162463702057289e-01 1.499123368946208033e-11
1.973180648113198804e-10 5.500000000000000000e+01 1.510952195720377533e+00 3.594034952598187041e-12
1.329363360502283357e-11 8.800000000000000000e+01 5.636055884594510790e-01 2.827656094680530788e-13
1.864278180124660933e-11 5.000000000000000000e+01 9.941053346004585789e-01 4.447910298023536087e-13
2.782160018285010337e-11 5.800000000000000000e+01 5.078462077929674079e-01 9.863999735908793514e-13
9.894155351308710830e-10 3.700000000000000000e+01 7.228767629051876531e-01 4.042200037447523452e-11
7.321585837942218057e-10 6.200000000000000000e+01 1.333276167166338178e-01 8.883432450016006313e-11
3.246637727127711161e-10 2.400000000000000000e+01 1.149283465619926448e+00 1.482530079106046556e-11
1.994975339067964365e-10 9.300000000000000000e+01 7.720235094002338150e-02 2.781349448775818559e-11
2.929365289449672391e-11 9.200000000000000000e+01 8.076178396441859864e-01 4.406178926611013303e-13
8.168358342443981692e-11 2.700000000000000000e+01 1.041867407032775139e+00 3.504169531271673842e-12
7.065111677870207159e-11 7.100000000000000000e+01 6.718054523722813975e-01 1.598788478472806755e-12
3.669088615805566203e-10 2.900000000000000000e+01 9.842252033471957651e-01 1.519136543030265132e-11
9.717493525960578375e-10 8.300000000000000000e+01 3.209638350212291602e-01 3.711098805861044779e-11
3.707073348568344471e-10 4.000000000000000000e+00 7.118935596494895268e-01 1.418663517622039637e-10
7.880421300991621294e-11 8.800000000000000000e+01 2.225366677839009655e-01 4.057473408861783429e-12
5.018817857711206367e-10 9.600000000000000000e+01 1.223923908863679300e+00 5.559027867565555894e-12
1.976196315707364363e-11 7.200000000000000000e+01 1.008623738493717781e+00 3.243966603686140080e-13
4.861585850172119438e-11 2.800000000000000000e+01 1.497078636265378737e+00 1.741009099926760342e-12
2.594463789207454829e-11 7.000000000000000000e+00 1.510431169755275693e+00 3.713140039999672452e-12
8.868273346659010739e-10 3.000000000000000000e+01 1.317527308397117292e+00 3.053502492718253068e-11
1.394820869763067448e-10 2.700000000000000000e+01 4.114939301336295041e-01 1.291568622069919973e-11
5.008535810517121398e-11 3.300000000000000000e+01 1.006136846584801681e-01 1.511028905217352741e-11
2.772506901506401586e-10 2.900000000000000000e+01 1.082515961562234841e+00 1.082541764032300383e-11
9.160884046907415354e-11 6.500000000000000000e+01 4.814654665591106553e-01 3.043472441131253772e-12
6.996001656454014995e-11 9.800000000000000000e+01 1.816139316439265572e-01 3.952434960244840279e-12
4.878253668121427121e-10 7.800000000000000000e+01 8.108026059317751111e-01 8.628343448819965807e-12
6.656483693418470758e-10 3.900000000000000000e+01 4.804318883060521017e-01 3.693055456497289380e-11
2.314647883825716659e-11 9.500000000000000000e+01 3.306336162467610751e-01 7.505093368583815061e-13
3.939655090203678070e-11 1.600000000000000000e+01 2.806857527529541541e-01 8.888644010815053966e-12
7.968867444605482720e-11 2.700000000000000000e+01 2.531349227206452501e-01 1.178497836276400269e-11
5.360655588443324850e-10 8.900000000000000000e+01 2.170160403436308949e-01 2.797372819595725973e-11
1.050327530703916460e-11 3.900000000000000000e+01 8.068269990357200827e-01 3.729626582253262119e-13
5.547351048287004338e-11 1.800000000000000000e+01 4.403062016619791463e-01 7.230742655086168251e-12
1.188168847205147428e-11 2.300000000000000000e+01 2.237084976838052131e-01 2.328607648721583444e-12
1.048162069508893734e-11 7.200000000000000000e+01 1.430922597063071899e+00 1.470138601286556743e-13
2.505073028552590026e-10 7.200000000000000000e+01 2.319541429273176136e-01 1.513516430828166682e-11
1.785954755698468317e-10 3.300000000000000000e+01 3.063683229789924689e-01 1.794435955420403826e-11
5.527164168575303646e-11 3.700000000000000000e+01 5.439679582937234636e-01 2.886427630374829075e-12
1.611945613804728161e-10 2.800000000000000000e+01 3.713101380900416526e-01 1.586650475512442207e-11
6.421112826692890718e-10 5.600000000000000000e+01 1.916265339797334766e-01 6.020434358255053085e-11
1.538634582867899985e-10 8.300000000000000000e+01 1.456635635564729636e+00 1.865922375433020112e-12
3.955189336640630443e-11 3.800000000000000000e+01 1.191071196971011270e+00 1.120668367081208126e-12
2.368975174846566873e-11 1.700000000000000000e+01 1.282416763518017255e+00 1.453537195924701330e-12
1.979775864542856602e-11 8.000000000000000000e+00 8.347835144096980020e-01 3.339021579549495534e-12
7.922199057784749989e-11 7.000000000000000000e+01 1.144350347003024876e-01 9.911445425493983057e-12
4.490547698283305193e-11 8.000000000000000000e+01 1.036028549715596769e+00 6.524023031777274565e-13
1.377052032742715960e-10 1.300000000000000000e+01 1.277000055687763647e+00 1.106690928067492644e-11
8.696605728212277224e-10 8.900000000000000000e+01 2.459833571273565556e-01 4.012754766734533692e-11
1.419853993225184210e-11 4.000000000000000000e+00 1.798303956131015735e-01 1.984558463660686687e-11
4.737046704581624659e-10 9.700000000000000000e+01 6.407650385764384060e-01 8.169087642705511945e-12
3.084864649395787027e-10 7.000000000000000000e+01 5.218012103495583975e-01 8.841440867132424315e-12
1.147223257683393429e-11 4.800000000000000000e+01 7.148637353577260711e-01 3.646064865860679526e-13
2.909108645969575086e-11 8.000000000000000000e+00 6.829099488500863790e-01 5.762409002285337775e-12
8.846352531459105252e-11 7.100000000000000000e+01 1.426458095189388819e+00 1.259057696307219746e-12
1.709993602950956460e-11 7.200000000000000000e+01 1.035455601294924755e+00 2.761312985346246537e-13
1.753033971033177224e-10 5.900000000000000000e+01 1.049621574816899772e+00 3.426112257741557418e-12
1.842075050262090922e-10 3.200000000000000000e+01 2.428414977669578756e-01 2.393929722026459214e-11
1.794248884242758675e-10 1.000000000000000000e+00 1.149331580685450271e+00 1.966320197157073035e-10
1.078775740326471242e-11 3.700000000000000000e+01 3.165609397992097396e-01 9.365910579214855950e-13
2.249348127153700191e-10 3.100000000000000000e+01 1.267853143042227071e+00 7.602143692529302013e-12
6.423229176092602246e-11 2.800000000000000000e+01 6.045655614894463598e-02 3.796789951670596414e-11
3.991858978788724829e-11 1.700000000000000000e+01 1.302775037362021160e-01 1.807532135801196735e-11
2.128074263694397546e-11 4.000000000000000000e+00 4.421668034816788051e-01 1.243327775442491668e-11
4.923556835562957017e-11 6.300000000000000000e+01 2.464753651182850225e-01 3.203104191287454792e-12
1.047358319592222184e-11 1.300000000000000000e+01 1.086826316999456754e+00 9.101914878017347600e-13
7.144335080685115873e-11 5.800000000000000000e+01 1.028114841985632966e+00 1.438448139737931220e-12
3.362186905445581324e-10 4.600000000000000000e+01 2.443605148081104406e-01 3.021090449037995432e-11
5.261424987016137937e-11 1.000000000000000000e+01 9.120149810338695762e-01 6.653808867925353690e-12
6.278921823011395178e-10 9.800000000000000000e+01 1.125409734030240028e+00 7.099677945466184212e-12
1.280097115048724531e-10 1.800000000000000000e+01 8.384122136554517102e-01 9.564038500906606563e-12
7.808270307797695259e-11 6.400000000000000000e+01 8.035075834906991732e-01 1.694984692569025391e-12
5.003631328417651023e-11 6.000000000000000000e+00 5.350672218441726580e-01 1.635497955596068045e-11
2.040537574742225803e-11 5.400000000000000000e+01 7.019289970728125327e-01 5.852285718666482273e-13
1.362673414872153987e-10 8.100000000000000000e+01 6.236292328010096392e-02 2.699366420059354158e-11
1.069371434648494866e-11 8.900000000000000000e+01 7.693797973104253840e-01 1.727121546746997637e-13
9.400560493278560047e-11 7.600000000000000000e+01 1.910074307679497652e-01 6.515292240153424030e-12
4.331983730149968994e-11 5.800000000000000000e+01 4.551440818832379609e-01 1.699062315221993058e-12
1.647505341179602054e-11 1.400000000000000000e+01 3.960701040749914359e-02 2.971941704865789270e-11
1.011470956266257271e-10 4.800000000000000000e+01 1.247719595235487366e+00 2.222200970768775802e-12
4.630446578674414361e-11 4.000000000000000000e+00 1.210342402117707383e+00 1.237112421273661314e-11
2.113930371648532138e-10 3.200000000000000000e+01 9.324622803439384100e-01 8.225773151875644759e-12
4.061293903428166240e-10 8.800000000000000000e+01 5.514407873628599521e-01 8.808884597841110858e-12
2.897240185490147152e-11 5.600000000000000000e+01 1.403245043507595824e+00 5.247123426010476768e-13
2.792300941688259903e-11 5.400000000000000000e+01 1.096465477140155631e+00 5.812652983545479494e-13
9.288442957413237876e-10 1.400000000000000000e+01 1.051226080681560843e-01 6.322938115852470898e-10
9.665966714647031916e-10 7.000000000000000000e+00 1.413050780463753320e+00 1.398212666511610846e-10
2.826293376854462350e-11 5.500000000000000000e+01 6.029461803363707073e-01 9.061845396860757664e-13
7.998621334058591415e-10 6.700000000000000000e+01 4.648815612055388624e-01 2.662902036715292545e-11
5.415569492277006229e-11 3.900000000000000000e+01 2.079856949024381230e-01 6.724836189450173685e-12
2.930156683460401978e-11 4.400000000000000000e+01 2.324696109970042224e-01 2.890618304205557369e-12
4.490785316347782861e-11 1.000000000000000000e+01 7.549932635182936558e-01 6.553176306054294884e-12
1.420156873549597858e-10 1.300000000000000000e+01 3.780912952988146891e-01 2.959329561246760932e-11
1.159233199522759689e-11 9.900000000000000000e+01 1.365835500935031144e+00 1.195975641766661188e-13
5.334291783016117297e-10 2.200000000000000000e+01 1.799198952260947781e-01 1.354941466783931715e-10
2.059120521101375848e-10 3.600000000000000000e+01 1.833221757600123625e-01 3.137614266841422340e-11
3.369664346342373972e-10 8.000000000000000000e+01 5.580141036298579271e-01 7.954787203355482261e-12
1.768540463160124217e-10 1.500000000000000000e+01 1.548108136213602881e+00 1.179330494959921350e-11
1.854392831865883856e-10 1.900000000000000000e+01 5.334875172773222429e-01 1.919214892296598161e-11
8.709629800244940824e-11 9.700000000000000000e+01 4.928580250221621384e-01 1.897724093345342534e-12
2.893035090735842700e-11 7.400000000000000000e+01 1.419097401204231224e+00 3.954926173752942433e-13
7.935943660589030109e-10 5.200000000000000000e+01 1.387669363044256032e+00 1.552095500002574002e-11
5.960227476083574161e-10 4.200000000000000000e+01 1.319517250506770933e+00 1.465113401696234122e-11
6.041352939489557488e-11 8.200000000000000000e+01 1.426204779612373574e+00 7.445195377308524348e-13
1.755898637060273098e-10 1.100000000000000000e+01 1.501131617812772323e-01 1.067382980186806052e-10
6.750495007238654504e-10 6.900000000000000000e+01 1.066024411471721667e+00 1.117730604867075095e-11
4.699078573173713452e-10 1.800000000000000000e+01 1.038763645589724227e+00 3.029318588082667733e-11
1.395080375151240277e-10 8.600000000000000000e+01 1.107331842800248989e+00 1.813493606181828122e-12
2.528592454287791551e-11 9.500000000000000000e+01 4.365075450972284998e-01 6.295696857512960933e-13
5.428808077750325077e-10 4.600000000000000000e+01 9.690079209051700726e-01 1.431688236396184789e-11
7.272166565109474019e-11 7.000000000000000000e+00 4.222618461211483099e-01 2.534939942389122243e-11
3.961594394481734331e-10 7.600000000000000000e+01 1.946525900542762574e-02 2.678080672019066508e-10
3.420956953798088087e-10 5.200000000000000000e+01 1.467697658395922256e-01 4.498502866209805510e-11
2.169437387452268811e-11 1.400000000000000000e+01 6.089933329035237541e-01 2.708888470984821797e-12
3.132337709939596035e-11 5.700000000000000000e+01 5.292337580898975880e-01 1.088459750398445435e-12
1.865104883244179370e-11 1.600000000000000000e+01 2.347623587030976677e-01 5.011311568846437099e-12
1.708261960100000394e-11 6.200000000000000000e+01 2.786513557186209855e-01 1.001697259192657562e-12
6.458772679733157704e-10 7.700000000000000000e+01 1.426260268660723973e+00 8.476401298180055284e-12
3.589553036560087841e-11 8.900000000000000000e+01 1.451544103621940973e+00 4.062054875315580340e-13
6.302388064080192273e-10 4.900000000000000000e+01 1.468629999149294818e+00 1.292943624243762903e-11
1.329912611316545658e-11 4.900000000000000000e+01 3.943326892961907665e-02 6.884569729282598637e-12
2.346217452266504015e-11 5.500000000000000000e+01 1.017035216349640336e+00 5.015386292302058081e-13
6.826070119581018441e-11 3.400000000000000000e+01 1.448848316596144326e+00 2.022689078148016372e-12
6.500623080574125285e-10 1.000000000000000000e+01 8.416004491751363226e-01 8.717355996142712813e-11
2.642803145747001751e-10 5.000000000000000000e+00 3.447216289721565796e-01 1.564091037100838767e-10
9.526858405960480715e-11 9.300000000000000000e+01 1.240880199183288957e+00 1.082788692577910646e-12
1.257793793136408202e-10 6.100000000000000000e+01 1.209541411282736956e+00 2.204231325599395092e-12
2.956265526695462939e-11 2.300000000000000000e+01 1.397088342746785505e+00 1.304971792190107675e-12
2.275772098333450489e-11 2.800000000000000000e+01 7.684074414944840337e-01 1.169476584262962595e-12
1.125626850023768316e-11 3.900000000000000000e+01 7.570839845887267217e-01 4.202391029322167552e-13
1.335493862423680437e-10 6.900000000000000000e+01 1.018659311406898416e-01 1.903334828109655304e-11
2.309202419040344731e-10 9.500000000000000000e+01 5.653561967512831243e-01 4.537360406144794578e-12
3.505774097682673001e-11 1.200000000000000000e+01 1.098668337631617392e-01 2.664465693370638324e-11
1.733370541046551479e-11 8.800000000000000000e+01 1.082873990512464024e+00 2.229955537195840701e-13
2.039383600102505892e-11 9.200000000000000000e+01 2.897986312622392591e-01 7.757303516999529603e-13
2.508414739682252988e-10 6.600000000000000000e+01 1.107845404462938887e+00 4.247753077013777772e-12
2.012270746432891506e-11 4.200000000000000000e+01 8.111121239309967423e-01 6.607954585531426215e-13
2.833124484966053187e-10 6.800000000000000000e+01 1.476079511362914598e+00 4.185118430592245148e-12
7.612385073277572869e-10 8.500000000000000000e+01 2.917637277584459454e-01 3.113506191491788357e-11
2.672917252166462757e-11 9.800000000000000000e+01 9.639629823361324235e-01 3.320275233923450808e-13
2.225993067151281862e-11 7.400000000000000000e+01 1.393113892041039747e+00 3.056215915947225766e-13
3.610258077613422404e-11 5.000000000000000000e+01 4.881552150097484000e-01 1.539564304136318080e-12
1.722159349584124479e-10 7.400000000000000000e+01 4.994002789378762519e-01 4.859566728422518945e-12
1.677979665586732106e-11 4.400000000000000000e+01 1.536002743320261432e+00 3.815899667629644685e-13
7.091476696040219595e-10 4.500000000000000000e+01 1.020658362611024605e+00 1.848647158304115379e-11
4.925854612864285922e-10 4.300000000000000000e+01 8.466766306347005555e-01 1.529266781798035232e-11
1.209944070355991474e-11 1.400000000000000000e+01 1.460363564195841679e+00 8.695425858629094295e-13
3.247787936664248555e-11 2.700000000000000000e+01 4.177675668006063381e-01 2.964806692766678218e-12
4.097071516759785006e-10 7.700000000000000000e+01 3.214284307933975432e-02 1.655668236253498465e-10
3.635516228821788370e-10 6.600000000000000000e+01 1.197380981883699569e+00 5.916051558618916744e-12
9.661874236463043809e-11 9.200000000000000000e+01 6.278885271041513283e-01 1.787771545417551330e-12
7.504896718398297376e-10 8.900000000000000000e+01 4.133048441187903155e-01 2.099519068383338291e-11
1.225027604754465402e-11 9.000000000000000000e+00 1.461836046509147558e+00 1.369261917891257944e-12
9.915750514192824159e-11 6.400000000000000000e+01 1.522412160645358448e+00 1.551151307624489689e-12
6.953477224516972230e-10 6.100000000000000000e+01 1.169378141073331490e+00 1.238353763639589706e-11
2.917669135850806018e-10 7.400000000000000000e+01 9.121219368342461387e-01 4.985805178791725427e-12
1.311527670988175763e-11 6.400000000000000000e+01 7.298955057735321272e-01 3.073316279037310995e-13
7.651083061388140636e-11 9.800000000000000000e+01 4.409144379916156153e-01 1.829390382259145566e-12
1.035039630303552647e-10 5.100000000000000000e+01 1.373674093300472965e+00 2.069568227038247569e-12
8.984360875043033505e-10 3.700000000000000000e+01 1.088826937402798123e+00 2.740379291452126790e-11
2.317622109354023378e-11 2.000000000000000000e+00 9.205813562468325717e-01 1.455877495850805485e-11
6.103265179718814883e-11 4.000000000000000000e+01 9.559137924996359281e-01 1.867947244313988702e-12
6.348085429238411147e-10 8.200000000000000000e+01 7.658139361112167309e-01 1.116909585878417198e-11
3.643679004374655245e-11 2.000000000000000000e+01 9.818049974445675065e-01 2.191023865534698977e-12
4.720550314284687559e-10 1.200000000000000000e+01 3.994160862600552031e-01 1.011568431912148277e-10
7.934549860913823452e-11 8.000000000000000000e+00 3.760619551297242347e-02 2.638002950371754922e-10
3.025870681674994982e-10 8.400000000000000000e+01 1.666429721908510020e-01 2.171680787633263019e-11
1.924371680888557059e-11 3.700000000000000000e+01 8.169298898646404350e-01 7.133968279154185206e-13
1.666120255262959714e-10 8.000000000000000000e+01 5.549383161638499207e-01 3.952716627916281204e-12
1.465966380644263588e-10 6.300000000000000000e+01 4.803064357581717791e-01 5.036091167972992526e-12
9.081246037311052534e-10 8.700000000000000000e+01 9.136255538767610318e-01 1.318416216209122725e-11
1.724495298768385548e-11 1.400000000000000000e+01 1.298276781486052966e+00 1.278982175272808561e-12
1.470630196434871908e-10 8.300000000000000000e+01 9.204796647526244935e-02 1.927634299109877319e-11
2.110278385091665538e-10 7.900000000000000000e+01 1.220313567578137137e+00 2.844142210967939631e-12
5.447554410782458959e-10 5.400000000000000000e+01 1.546700207496533030e+00 1.009099311309965120e-11
6.863381292538502828e-10 5.500000000000000000e+01 7.790841008401614420e-01 1.776028722392460589e-11
1.880432250731582297e-10 8.700000000000000000e+01 1.457900468095027158e+00 2.175264049531319059e-12
3.003598019767699243e-11 6.900000000000000000e+01 5.198028260177999238e-01 8.763764016616563984e-13
1.313843681285518069e-10 9.200000000000000000e+01 5.636156967333515455e-01 2.673095526638085630e-12
2.926883687101872766e-10 5.400000000000000000e+01 1.016980037787134084e+00 6.372727363456501235e-12
4.302917571903545968e-10 6.400000000000000000e+01 9.634318956827001568e-01 8.187624379939154310e-12
3.667953468203211699e-10 4.300000000000000000e+01 1.083022523749412436e+00 9.656252138605407939e-12
5.935291169730015409e-10 9.400000000000000000e+01 5.836429311193281899e-01 1.145801538290474376e-11
5.240855167327642718e-10 1.400000000000000000e+01 1.027849574586154002e+00 4.372240145480909278e-11
3.685288951554981110e-11 8.300000000000000000e+01 7.200932751073015892e-01 6.732997033107378924e-13
4.383364572051907575e-10 7.700000000000000000e+01 1.340345997568780645e-01 4.259916590633350887e-11
2.764613401843798242e-11 8.000000000000000000e+01 8.440899595075421757e-01 4.623923412043001192e-13
5.826659061659022562e-10 3.000000000000000000e+01 3.300346285539023650e-01 5.993103334052284679e-11
5.374137522455974749e-11 2.400000000000000000e+01 6.670496480413170559e-01 3.619411474517829501e-12
1.090419787391177919e-11 5.400000000000000000e+01 9.180637325178455654e-01 2.541826561386741335e-13
7.163193700309228800e-11 1.600000000000000000e+01 7.699824926445952844e-01 6.431332086853992353e-12
3.079796976211887862e-10 4.200000000000000000e+01 4.380984572044520631e-01 1.728555893723369783e-11
2.414991246800403597e-10 9.100000000000000000e+01 4.206741359802768643e-01 6.498513974328812622e-12
1.081418644023381208e-10 4.100000000000000000e+01 5.396999314785754231e-01 5.132742370563034654e-12
2.792237610510985066e-11 8.800000000000000000e+01 8.548976081691741502e-01 4.205409724760824233e-13
4.716124534186566595e-11 8.700000000000000000e+01 1.149222728291569684e+00 5.940989224855579909e-13
5.573528022059562968e-11 3.200000000000000000e+01 1.058514375810611252e+00 1.998245843212747118e-12
3.916022028239698996e-10 3.500000000000000000e+01 1.193698223283147231e+00 1.203419160720179848e-11
4.280942566686052097e-11 2.200000000000000000e+01 8.253700704618918138e-01 2.648184596227962663e-12
2.272565638678684819e-11 9.000000000000000000e+00 3.037823962926300969e-01 8.441346195211046326e-12
2.312001531238975596e-11 3.700000000000000000e+01 2.714354833183627580e-01 2.330589938474113044e-12
2.667878393700814560e-11 8.400000000000000000e+01 1.160585786165718503e+00 3.463378386854103823e-13
1.132254195994756565e-10 6.700000000000000000e+01 1.222344726873329401e+00 1.797986049309246065e-12
6.616324251994393378e-11 5.100000000000000000e+01 1.404184308474262677e+00 1.315535628719000364e-12
1.379030562273013676e-11 9.600000000000000000e+01 5.273842365202319193e-01 2.854286388768367250e-13
1.722033005425769372e-11 5.200000000000000000e+01 1.999215974412759944e-01 1.667536333266481433e-12
1.729539578211192246e-10 1.600000000000000000e+01 9.977223375927635196e-01 1.286495027280807334e-11
1.085506626566803871e-11 2.500000000000000000e+01 1.115007671211762030e+00 4.835681046292549484e-13
2.696056740226538247e-10 8.600000000000000000e+01 6.024437250936467425e-01 5.532351921359514156e-12
2.916256701835479659e-11 1.500000000000000000e+01 7.122605977386986531e-01 2.974801743894848497e-12
6.310405381646598780e-11 5.200000000000000000e+01 9.175011277179263569e-01 1.528223153987206973e-12
1.488846389598170035e-11 3.600000000000000000e+01 1.666785641482333991e-01 2.492759706122161422e-12
4.785831413527733903e-10 6.800000000000000000e+01 6.107342264745319049e-01 1.227265290217410517e-11
1.331028535656106613e-11 3.000000000000000000e+00 1.257591029548703832e+00 4.663643980507962227e-12
6.113883383763272463e-11 4.800000000000000000e+01 3.202374251190535648e-01 4.046246448898909131e-12
9.554944401635922384e-10 4.900000000000000000e+01 6.414060618761798782e-01 3.259092169437699382e-11
2.702897091276403901e-10 8.200000000000000000e+01 9.244631523529921457e-01 4.129056823219768747e-12
2.359657860459256340e-10 3.800000000000000000e+01 9.842109670473816463e-01 7.456004425999089450e-12
3.926635662268045307e-11 3.300000000000000000e+01 1.016511664005723903e+00 1.399413795515943124e-12
8.996220965628120206e-11 6.700000000000000000e+01 7.171160879409745892e-01 2.043048342577832481e-12
5.256877936399970927e-11 8.800000000000000000e+01 9.075155801990703042e-01 7.581095258345329641e-13
5.051211949927802073e-11 7.600000000000000000e+01 5.154365487682645020e-01 1.348373490353240205e-12
1.937871525115164654e-10 1.000000000000000000e+01 9.274760407841668997e-01 2.422010979918270372e-11
4.425825557732141020e-10 5.100000000000000000e+01 4.842311423267524062e-01 1.864138939283923684e-11
5.581347126206805516e-10 4.000000000000000000e+00 1.150949380702589897e+00 1.528045486040862468e-10
1.299506304958364509e-10 8.900000000000000000e+01 1.473557834073854433e+00 1.467049695984380350e-12
2.475954483808886634e-10 7.200000000000000000e+01 2.251428922749068029e-01 1.540377456751622086e-11
5.773264073785844479e-10 3.800000000000000000e+01 1.032460944443971407e+00 1.769560802263859124e-11
6.366952440621606102e-10 6.000000000000000000e+00 1.269346695269085723e+00 1.111269097409282550e-10
5.265305269973938548e-10 5.700000000000000000e+01 6.009069750419961942e-01 1.633804028813755944e-11
8.216105222204867738e-11 4.000000000000000000e+01 1.470160674378869325e+00 2.064471488908436589e-12
1.034349629771582837e-11 3.600000000000000000e+01 1.426987233360609286e+00 2.903161940586229776e-13
6.534673996070509954e-11 4.000000000000000000e+00 1.193070702085534451e+00 1.757566676164518449e-11
2.836285950574910467e-11 4.900000000000000000e+01 1.228600790846293922e+00 6.144601365282709564e-13
6.940218470987145561e-11 5.000000000000000000e+00 1.042802390931655721e+00 1.606867810643540888e-11
1.383819924821834355e-10 4.900000000000000000e+01 2.314206368279765058e-01 1.231302712205150910e-11
3.301569032785773336e-11 8.400000000000000000e+01 6.008796940772488659e-02 6.545079728960917264e-12
1.938012856599524331e-11 9.200000000000000000e+01 9.363033506067126588e-01 2.615604718307941211e-13
1.118915809353205756e-11 9.200000000000000000e+01 3.782854511837424050e-01 3.293045413203150439e-13
3.108497887920356067e-11 2.700000000000000000e+01 4.654050997073150842e-01 2.565361799104590028e-12
4.037295801649296048e-11 6.500000000000000000e+01 9.206483483599094964e-01 7.803102126637680850e-13
1.857229187159583182e-10 5.600000000000000000e+01 5.616205751415976888e-01 6.227448139367578156e-12
3.286531735523820366e-11 7.500000000000000000e+01 7.498907172207767147e-01 6.429441372388905747e-13
5.951179336593971822e-11 8.800000000000000000e+01 1.386726332901039971e+00 6.878909925982395295e-13
4.256350824717422224e-10 7.600000000000000000e+01 9.790202311252347300e-01 6.747940705308767242e-12
2.998657362536474271e-10 4.000000000000000000e+01 6.996141137710050195e-01 1.164215171668715171e-11
1.006227790642105208e-10 8.800000000000000000e+01 1.169214098028429127e+00 1.242271179184989031e-12
7.588171212206925196e-10 2.300000000000000000e+01 1.034697288050751451e+00 3.837588738478109012e-11
1.049349963893407618e-11 4.600000000000000000e+01 1.479891663646174971e+00 2.290653646716382992e-13
7.486104688309726143e-10 5.900000000000000000e+01 6.594467222875391998e-01 2.070953809793108592e-11
1.028550082422229414e-11 4.400000000000000000e+01 3.858299348777090021e-01 6.211636247037858584e-13
7.462437884481946726e-11 3.000000000000000000e+01 4.994683943202189447e-01 5.193512577938114459e-12
4.460329585941681879e-11 4.800000000000000000e+01 4.778980919901242852e-01 2.020455530359299450e-12
3.155982305167290790e-10 6.600000000000000000e+01 6.205406029647657640e-01 8.223553673236994310e-12
1.628105333070337482e-10 5.000000000000000000e+01 1.122758766765943467e-01 2.906289460229187009e-11
1.885151289597555546e-11 1.000000000000000000e+01 6.780391904318944230e-01 3.005340399337448549e-12
4.654694226792314359e-11 6.300000000000000000e+01 1.351175816401124719e+00 7.570239204606007016e-13
8.891375305637412178e-10 4.700000000000000000e+01 7.296686979836275455e-01 2.837860038944695222e-11
6.430214565888313432e-11 4.000000000000000000e+01 7.788498242235151192e-01 2.288458724057229980e-12
3.715370949009166362e-11 6.100000000000000000e+01 1.120115010490859708e+00 6.766392673193283394e-13
1.091871443253544066e-11 9.400000000000000000e+01 1.237794688985334041e-01 9.408158011086764987e-13
2.538543819407601911e-11 1.500000000000000000e+01 1.382011653426600928e+00 1.722974575094835665e-12
1.197097017411271213e-10 4.600000000000000000e+01 1.374292912028628022e+00 2.653449799874595353e-12
1.783742900089068176e-11 7.100000000000000000e+01 5.091208206204411724e-01 5.154418629622759616e-13
3.158802073284974181e-11 3.400000000000000000e+01 4.739178922317119902e-01 2.035733035728224755e-12
1.395427995587598161e-10 4.000000000000000000e+01 1.267457528034088288e+00 3.655461993907089592e-12
4.558969678934152626e-11 3.300000000000000000e+01 1.239090723399829619e+00 1.461156097032163584e-12
1.929128604097426554e-10 5.000000000000000000e+01 1.037618875455590839e+00 4.480112971874599920e-12
1.994478509184418725e-11 8.900000000000000000e+01 3.738980454615331017e-01 6.135539839077198192e-13
1.045768756710711854e-10 5.700000000000000000e+01 8.176250066773126379e-01 2.514904637566027803e-12
3.560320063006102093e-11 7.900000000000000000e+01 1.269948669759283444e+00 4.718670283758565448e-13
4.217094079036248292e-10 5.300000000000000000e+01 3.778416599816910582e-01 2.156804753536948704e-11
1.330071317781650555e-11 4.100000000000000000e+01 5.539639709399769574e-01 6.166712908547682716e-13
1.357240408141145162e-11 6.200000000000000000e+01 1.505191935625837252e-01 1.459870547806985094e-12
7.767624977936180194e-11 7.500000000000000000e+01 3.070788784040053843e-01 3.426289853755388519e-12
1.267557767118549121e-10 8.800000000000000000e+01 8.435196253857163429e-02 1.709641450111641839e-11
3.711570885777379530e-10 2.200000000000000000e+01 1.030014515569898759e+00 1.967881673774801452e-11
2.821786100694891820e-11 6.300000000000000000e+01 1.559001661516861814e+00 4.479337122587798286e-13
2.392505192158503220e-10 1.100000000000000000e+01 5.490552674436003366e-01 4.167621103396479402e-11
3.481402543505637097e-11 2.200000000000000000e+01 1.506807509237167331e+00 1.585700974880928356e-12
1.012300675229217814e-10 1.300000000000000000e+01 2.552368622403452525e-01 3.084242190569359326e-11
4.814417075310777578e-11 8.600000000000000000e+01 1.107079084672348834e+00 6.259150409609040794e-13
1.705366422946059394e-11 9.300000000000000000e+01 6.863226555084587233e-01 2.893698514207539112e-13
9.526486173691302117e-10 7.800000000000000000e+01 7.683243453979147208e-01 1.757503793643287342e-11
5.719410801689894912e-11 6.000000000000000000e+00 1.192739996154690951e+00 1.025663568923698774e-11
1.323247683836325139e-10 8.500000000000000000e+01 1.143341398059669611e+00 1.710682766022009554e-12
1.335361571656667571e-11 5.800000000000000000e+01 4.006796041307260636e-01 5.902786102459022274e-13
2.811945003460231180e-10 5.900000000000000000e+01 1.421459025453895464e+00 4.819651718519069943e-12
1.824542648942002139e-10 7.900000000000000000e+01 9.993939037981189877e-01 2.745724189463418733e-12
8.477936792692212702e-10 5.800000000000000000e+01 1.340985084713189668e+00 1.501180151669417000e-11
1.513067210587716731e-11 7.100000000000000000e+01 1.070683371753353930e+00 2.428503250252576409e-13
1.282114425106250912e-11 4.600000000000000000e+01 9.902436941546142180e-01 3.333340968655725912e-13
8.316654596979756000e-10 2.300000000000000000e+01 3.276641547674934846e-02 1.103747188773000948e-09
3.882821968408103035e-10 3.000000000000000000e+01 1.493618926092163735e+00 1.298138154234035544e-11
8.349153069906441569e-11 8.800000000000000000e+01 4.405364728464934987e-01 2.224934952788866821e-12
5.268310355219904268e-11 5.900000000000000000e+01 1.512555641209942792e+00 8.944505077435839307e-13
3.372099021537250282e-10 3.400000000000000000e+01 9.693780406934754401e-01 1.202853826967108901e-11
6.587683037079969916e-11 7.000000000000000000e+01 1.229678384207895325e+00 9.986378333366754128e-13
2.887894810392022053e-10 7.400000000000000000e+01 7.128608690217896893e-02 5.479144616627763668e-11
4.088722644754110912e-11 4.900000000000000000e+01 1.085271278655509430e+00 9.434699750392244395e-13
1.297468233100028005e-11 2.000000000000000000e+00 1.310792823926973383e-01 4.963374605263130996e-11
5.287378444818324586e-11 7.700000000000000000e+01 7.454042805793036353e-01 1.012389758750891676e-12
5.008895415780688397e-10 5.500000000000000000e+01 1.340611283369603113e+00 9.353796509392598280e-12
4.456593762950165672e-11 9.500000000000000000e+01 5.146949432007119629e-01 9.529643577029581960e-13
2.223116505052757891e-11 1.200000000000000000e+01 1.182859374264520369e+00 2.001311681150991613e-12
6.633810502493805950e-11 4.100000000000000000e+01 5.820471556366644261e-01 2.943240108447285490e-12
2.830794932005731050e-10 3.000000000000000000e+00 7.394212441310661355e-01 1.400287511585969573e-10
2.054098234967995830e-10 8.600000000000000000e+01 1.485375249471783565e+00 2.397226998481351487e-12
4.574494864918277837e-11 6.700000000000000000e+01 1.051521003101281958e-02 6.493194219082042025e-11
1.579773707671683754e-10 2.400000000000000000e+01 1.307577921071963134e+00 6.817190968781614121e-12
1.630185379296418450e-10 2.300000000000000000e+01 1.895728876660099926e-01 3.761294387621708044e-11
2.005561795175122390e-11 3.300000000000000000e+01 5.713198097834255584e-01 1.123909703375335766e-12
3.924324280516456305e-11 3.300000000000000000e+01 3.366955850849664422e-01 3.599567417137801261e-12
9.608533767428293150e-10 3.600000000000000000e+01 4.124836863982946356e-01 6.657846816851063531e-11
3.097797032713122215e-10 8.300000000000000000e+01 3.688491082373753227e-01 1.035186931906247253e-11
3.825657190919813152e-10 3.600000000000000000e+01 4.721783009823833921e-01 2.336452806610139585e-11
7.617233164798270610e-10 3.400000000000000000e+01 1.017723215381298063e+00 2.632888997857487518e-11
3.101696576872274198e-10 8.100000000000000000e+01 8.326227205821096211e-01 5.176775760114891405e-12
1.619091177781849024e-11 8.900000000000000000e+01 1.205410394990131362e+00 1.947784763407769814e-13
3.568685587502147772e-11 9.100000000000000000e+01 4.414248530632411960e-01 9.179246091695321785e-13
5.012799132170424941e-11 3.600000000000000000e+01 7.629111796789872502e-01 2.015031072825153108e-12
8.744371871326800467e-11 5.200000000000000000e+01 1.526786463236866842e+00 1.683239818910528071e-12
2.576325068501291413e-10 9.100000000000000000e+01 1.330933941946618848e+00 2.914568573601453422e-12
4.484843981861401602e-11 2.700000000000000000e+01 3.023270788839799161e-01 5.578824184000741106e-12
2.820531259094427282e-10 7.100000000000000000e+01 8.976058243366020761e-01 5.081087454610167808e-12
3.641907634391855677e-10 4.900000000000000000e+01 1.315250078445574955e+00 7.681932532841573260e-12
1.365360628827215410e-10 2.000000000000000000e+00 8.767064727318620854e-01 8.881708794354422123e-11
2.960915172526873908e-11 5.800000000000000000e+01 1.568509217242274045e-02 3.254832954952860424e-11
3.127308371568859707e-10 1.100000000000000000e+01 9.029994931977179673e-02 3.152687234419195945e-10
1.466273734324591660e-10 6.300000000000000000e+01 1.439394134943666526e+00 2.347657435415433619e-12
2.649513104479272911e-10 7.500000000000000000e+01 1.360075173277206062e+00 3.612593520045142968e-12
1.169542880357169231e-10 7.200000000000000000e+01 1.093653743315014859e+00 1.828599990127515079e-12
2.337769378498810096e-10 5.800000000000000000e+01 5.909830853429685060e-01 7.234024794766958834e-12
2.718762859701161914e-11 4.500000000000000000e+01 3.376756981413414072e-01 1.823660547998135111e-12
1.166515347759309310e-10 6.100000000000000000e+01 1.380660791867745818e+00 1.947415336258134047e-12
1.064425779514023198e-11 6.000000000000000000e+00 3.289691352765831689e-01 5.491243582063151442e-12
1.544000098581459023e-11 3.000000000000000000e+00 8.609466122997272430e-01 6.785681721359251783e-12
3.914024828463149917e-11 5.400000000000000000e+01 1.504268337791825783e+00 7.264263917580160049e-13
3.988160663993430794e-11 2.700000000000000000e+01 5.025096050035957607e-01 3.066892730506956169e-12
6.029334697023129540e-10 7.000000000000000000e+01 5.092215964413872031e-01 1.766846155239618806e-11
6.958784753902250749e-11 3.000000000000000000e+01 9.695485952090252546e-01 2.812890206606730586e-12
3.634179738515822952e-10 5.300000000000000000e+01 4.888700384343591665e-02 1.403169432503805010e-10
1.869233162471101661e-11 3.700000000000000000e+01 9.431217244321555837e-01 6.241673761281984778e-13
4.535262860295869175e-11 3.000000000000000000e+00 1.211432932657100725e+00 1.614913518841063946e-11
1.724503303525155868e-10 9.700000000000000000e+01 1.446874860545213970e+00 1.791577065585060412e-12
9.332766921813975394e-10 4.900000000000000000e+01 1.387011073829457430e+00 1.937271958251803500e-11
1.009681653542777262e-11 7.000000000000000000e+01 1.083428971142865072e+00 1.632473190916189572e-13
1.264301032972086157e-11 8.500000000000000000e+01 8.306215441087716478e-01 2.014507459482274444e-13
1.320032068055196238e-11 1.000000000000000000e+01 7.078681496549096286e-01 2.030145254518986108e-12
3.121222651914345765e-11 2.800000000000000000e+01 9.134374582756044081e-01 1.408173305549289504e-12
9.802173132354550443e-11 1.700000000000000000e+01 7.287106904263704887e-01 8.658825874317817336e-12
3.647750538280699352e-11 9.100000000000000000e+01 1.174928568126372141e+00 4.344511628266315774e-13
1.112306350758668068e-10 5.000000000000000000e+00 4.761276312305035008e-01 4.853619776598540613e-11
2.923256968845390195e-11 9.100000000000000000e+01 5.862547402422613185e-01 5.806414999173187896e-13
1.985225300323686920e-10 1.300000000000000000e+01 1.505891828269031008e+00 1.530318558818622773e-11
2.803864957188637024e-11 9.000000000000000000e+01 1.029373249835449533e+00 3.635346769898154667e-13
4.042867967195644464e-11 5.800000000000000000e+01 3.514989465252288947e-01 2.024499228474416727e-12
5.074503749270923586e-10 7.500000000000000000e+01 4.646261334057068537e-01 1.509970349095836819e-11
5.857624040272092727e-11 3.700000000000000000e+01 7.756163177103020390e-01 2.261126178993486929e-12
8.863908326205742026e-11 6.300000000000000000e+01 9.767503083593538360e-01 1.697838440567216478e-12
8.084802632981308719e-11 2.500000000000000000e+01 5.607572404687138912e-01 6.080769262309645998e-12
2.384976639288948300e-10 3.300000000000000000e+01 1.524189140142243049e-01 4.760079264802432382e-11
2.488720687838448471e-10 5.700000000000000000e+01 7.978826300051314879e-01 6.099040239141932479e-12
3.041988459132492908e-10 6.400000000000000000e+01 1.313501901414778850e+00 4.914895543866682996e-12
5.423177081031020303e-11 4.300000000000000000e+01 8.214297715942878164e-02 1.537104516645857910e-11
5.114668862357004800e-10 4.800000000000000000e+01 1.029961477952744620e+00 1.242951032568918867e-11
3.430351187190924289e-10 2.700000000000000000e+01 3.879179460644737731e-01 3.358785276639434500e-11
1.263615637336899144e-10 2.000000000000000000e+01 1.276180681235946857e+00 6.602557160920061672e-12
2.059449409600380299e-11 7.100000000000000000e+01 1.782790218745932687e-01 1.635669436676635722e-12
5.471864328866097733e-10 3.300000000000000000e+01 7.695730401084746042e-01 2.382972720544517253e-11
3.684305191386158608e-10 9.500000000000000000e+01 6.053119730623257588e-01 6.815621967521079532e-12
9.107400589314094490e-11 3.200000000000000000e+01 9.110174349357400558e-01 3.602028388168603494e-12
1.307865289015165236e-10 6.000000000000000000e+00 9.149684067149448374e-01 2.750354994366685748e-11
4.683010179370560344e-10 8.800000000000000000e+01 2.147763471712203220e-01 2.496893659822026486e-11
5.919792073206023019e-10 7.500000000000000000e+01 1.207436042629982387e+00 8.444410213606949902e-12
3.389283026859949974e-10 8.100000000000000000e+01 9.321246837696495202e-01 5.211559106508390290e-12
2.461728247992947028e-11 4.300000000000000000e+01 1.147501602884933893e-02 4.989165192629650026e-11
1.360543472823843070e-11 6.900000000000000000e+01 9.727665792951628587e-02 2.030204769560374971e-12
1.002059620086284446e-11 8.400000000000000000e+01 3.385066526682124488e-01 3.592303698057696180e-13
3.589326181714483497e-10 3.200000000000000000e+01 3.988241734964065865e-01 2.888393378897486572e-11
3.837888040847538898e-10 7.000000000000000000e+01 5.768728312248766477e-01 1.005251539541602337e-11
2.606089784559286252e-10 3.900000000000000000e+01 1.310225939307667398e+00 6.915734671952368073e-12
2.521752806168933268e-10 7.000000000000000000e+00 3.199249260323421690e-02 1.126238791640456751e-09
7.104349974963344288e-11 2.400000000000000000e+01 7.950637273997285259e-01 4.146395426106547099e-12
1.288513206677184586e-11 9.000000000000000000e+00 1.333871840600986403e+00 1.472825550871601940e-12
6.415849616719696932e-11 1.700000000000000000e+01 1.279314249328179054e+00 3.940232035372721714e-12
6.292039219009093314e-11 2.400000000000000000e+01 1.205918271939979247e+00 2.806438479666589744e-12
2.442436255435353982e-11 6.700000000000000000e+01 3.222973493155917857e-01 1.150897571780931010e-12
2.108128593215224120e-10 9.400000000000000000e+01 1.474257128746227608e+00 2.253181459937826565e-12
1.752234478693805333e-11 8.200000000000000000e+01 1.507797260547404816e+00 2.141118834750237684e-13
2.427587267018555620e-10 6.000000000000000000e+01 1.097850349353392208e+00 4.544867888001474805e-12
1.901955468387128551e-10 6.800000000000000000e+01 4.285466087868271962e-02 6.528693927909546782e-11
2.649755728751874889e-10 9.300000000000000000e+01 1.051610412709050424e+00 3.281643554102131808e-12
7.269108463686761672e-11 9.200000000000000000e+01 7.072844086629833660e-01 1.215996569080493700e-12
1.581253421913699540e-11 9.300000000000000000e+01 4.888592773459314311e-01 3.620535345764065418e-13
3.296437139947347856e-11 8.000000000000000000e+01 2.038022070938002583e-01 2.035900411819120975e-12
1.546337716795738244e-10 3.500000000000000000e+01 1.204840639028553317e+00 4.731411404261279017e-12
1.319109849207083598e-10 7.000000000000000000e+01 3.791478153464583611e-01 5.091313951996197955e-12
9.279781551068550736e-10 7.000000000000000000e+01 1.678946439095325704e-01 7.933140602055207420e-11
6.942111073804019060e-11 7.800000000000000000e+01 1.434490653141355043e+00 8.983466247358644026e-13
8.963797076889501533e-11 9.800000000000000000e+01 1.591351727931664406e-01 5.772106331936258432e-12
1.072700946212916980e-10 7.800000000000000000e+01 6.012998918658318814e-02 2.288519797684702878e-11
3.745455663388158684e-10 2.000000000000000000e+00 1.200628373579782027e+00 2.008790013229473058e-10
2.568750115499126615e-10 6.200000000000000000e+01 1.341234031676117988e+00 4.254764461459952139e-12
7.016599539494287586e-10 5.200000000000000000e+01 9.450997822847675978e-02 1.429856342126545536e-10
7.820609577788179359e-11 6.700000000000000000e+01 1.695914637383318102e-01 6.915850928376868309e-12
7.275983675642797574e-10 1.300000000000000000e+01 7.509704524469694442e-02 7.459913577205550173e-10
6.510971970620352986e-10 6.100000000000000000e+01 1.256423696634280551e+00 1.122379650901580369e-11
4.463592964834381136e-11 6.300000000000000000e+01 1.716071264745792080e-01 4.148990135235361795e-12
4.242602972925988702e-11 4.300000000000000000e+01 1.218784592062937211e+00 1.051104540836853688e-12
8.813450777440270735e-10 4.500000000000000000e+01 1.438858670318255761e+00 1.975715868037433162e-11
1.639123082456573976e-11 9.600000000000000000e+01 1.317609984541424639e+00 1.763646350380193824e-13
4.175941840665058778e-10 8.000000000000000000e+00 2.627412298729204232e-01 2.009761611896205450e-10
3.433210444840825008e-10 3.400000000000000000e+01 1.289507371103655542e+00 1.051076744269727615e-11
5.928342946590769038e-10 8.600000000000000000e+01 2.021836293201520751e-01 3.432825962913838336e-11
2.574455052516814467e-10 7.500000000000000000e+01 2.619067649767488071e-01 1.325726139403337539e-11
2.843600442702874048e-10 6.000000000000000000e+01 7.052181567563254871e-01 7.311530898482658498e-12
3.698397315182417521e-10 4.800000000000000000e+01 1.073603932183849752e+00 8.766383011053742326e-12
5.540739823689544422e-11 5.900000000000000000e+01 1.528880860212655790e+00 9.399340118238974928e-13
5.949652308677799692e-11 9.600000000000000000e+01 1.396034618777762581e+00 6.293415800703296033e-13
1.815732042547631639e-10 3.200000000000000000e+01 5.001541498733926838e-01 1.183199813083511642e-11
6.996679413107204384e-11 1.400000000000000000e+01 3.468478024925854969e-02 1.441159583455841904e-10
5.375776517433854985e-11 4.800000000000000000e+01 4.131973628768880746e-01 2.789147799587480856e-12
6.506286949132921713e-10 9.200000000000000000e+01 3.044703518366101078e-02 2.323097721976314083e-10
8.565912749737151255e-10 6.000000000000000000e+00 3.418847722846705683e-01 4.258300263365881859e-10
6.837991655018476433e-10 6.600000000000000000e+01 6.460013078119569707e-01 1.721033718757259231e-11
5.498148696240846616e-11 9.400000000000000000e+01 1.111732996374819926e+00 6.524599615667366114e-13
3.517895640162870453e-10 3.700000000000000000e+01 1.094569812698000577e+00 1.069820312558820941e-11
2.274196352933834673e-10 4.600000000000000000e+01 1.040113793604997783e+00 5.732317610339156034e-12
2.880942804307227477e-11 7.800000000000000000e+01 1.028720757060585855e+00 4.311633437840424042e-13
4.750235897161749410e-10 2.100000000000000000e+01 4.797190739922869152e-01 4.901127130949778572e-11
1.850176695846359378e-11 8.700000000000000000e+01 7.919603373776387123e-01 2.987979792608042469e-13
1.872677171882804571e-10 7.800000000000000000e+01 8.061986569611446773e-01 3.326864566667100486e-12
3.573525818237797719e-11 6.400000000000000000e+01 2.114503277776693391e-01 2.660417108911379135e-12
2.490255429885225952e-10 6.700000000000000000e+01 1.601070658975575767e-01 2.331393883886096177e-11
5.149981761895586600e-11 9.800000000000000000e+01 4.962219943011920154e-01 1.103761906717859114e-12
2.353075595125862990e-11 7.000000000000000000e+00 6.905210751649843992e-01 5.277643082492374872e-12
2.158286253232724203e-11 7.000000000000000000e+01 5.432072132566017064e-01 5.965100291208850334e-13
1.933893296805349875e-11 9.000000000000000000e+01 1.268514152132353745e+00 2.250823634155104276e-13
6.848601826447767821e-11 4.500000000000000000e+01 1.551064830165796993e+00 1.522207829452839849e-12
3.974679251490281512e-10 8.300000000000000000e+01 8.214289159529601925e-01 6.540964196484858052e-12
8.072268574211458278e-10 6.100000000000000000e+01 5.259553009035849991e-01 2.635894041017821731e-11
5.366220654969108140e-10 2.700000000000000000e+01 3.570816681661761471e-01 5.685989353756119682e-11
2.162461345097602572e-11 1.800000000000000000e+01 1.530549565225878483e+00 1.202341059622772107e-12
2.250617333646129242e-10 5.200000000000000000e+01 1.396481266412670452e+00 4.394709613717068378e-12
1.219138276479734883e-11 1.500000000000000000e+01 1.345148710066563780e+00 8.338986698914937457e-13
2.085383139253302838e-10 8.900000000000000000e+01 1.415470021853083793e+00 2.371679527866972840e-12
7.942506699678539095e-10 5.500000000000000000e+01 1.957054010527973786e-01 7.426221985306742897e-11
1.190348232558263619e-10 9.200000000000000000e+01 2.648314164953718408e-01 4.943166191313716668e-12
5.015050793926492772e-11 2.600000000000000000e+01 1.382379832745455506e+00 1.963617671833432596e-12
1.024712291031053375e-10 1.000000000000000000e+00 4.566940330543881599e-01 2.323698282424272235e-10
9.485506343834935605e-11 2.400000000000000000e+01 2.020050340923575383e-01 1.969902592915590039e-11
8.168400105973394187e-11 8.900000000000000000e+01 9.585253668490978374e-01 1.121529214325857332e-12
3.564972761106526884e-10 8.400000000000000000e+01 9.172685826086086625e-01 5.345484935222113807e-12
3.425156258909056487e-10 2.800000000000000000e+01 1.434183454065270646e-01 8.558693879071497734e-11
2.053464900832776976e-10 6.400000000000000000e+01 7.217467723909946065e-01 4.856294789967603801e-12
4.554271304648693735e-11 3.000000000000000000e+01 5.519717514460014129e-01 2.895090497377208007e-12
8.831528082596924364e-10 4.000000000000000000e+00 4.156905552864901404e-02 5.312889566011494929e-09
3.162646995528517784e-11 6.500000000000000000e+01 8.705314331962928920e-01 6.363007762652528880e-13
2.271163212470074811e-10 9.200000000000000000e+01 4.746822767343850669e-01 5.401211974621919182e-12
1.965902833316314207e-11 9.200000000000000000e+01 8.765389247788841764e-01 2.780442634675787509e-13
1.222432615054893983e-10 4.000000000000000000e+01 1.538870953760607563e+00 3.057639623458979958e-12
1.441746498409825476e-11 7.400000000000000000e+01 6.927421016436131618e-01 3.050665049396337115e-13
1.042927429851536197e-11 6.700000000000000000e+01 9.028876582257962247e-02 1.726377618154587882e-12
2.246766221907187896e-11 1.300000000000000000e+01 4.383246086015852305e-01 4.072073110772962612e-12
7.494741969507460835e-11 3.900000000000000000e+01 1.177748504424705356e+00 2.080364808602506893e-12
8.670170739405199488e-11 5.900000000000000000e+01 2.663604149080803229e-01 5.582818816301049159e-12
1.130888007974229897e-11 6.300000000000000000e+01 7.864698392466049626e-01 2.535882476860584975e-13
2.247416363817163280e-10 5.000000000000000000e+01 5.140118959466403181e-01 9.141883874316693514e-12
3.681546386746821168e-11 3.000000000000000000e+01 8.184743400508300848e-01 1.680831622409722632e-12
3.486326404798487023e-10 8.700000000000000000e+01 6.205169267024092106e-01 6.891790813185447703e-12
3.625678560239468639e-11 1.400000000000000000e+01 7.747617713144548945e-01 3.702073800434423271e-12
1.660311336960377848e-11 1.600000000000000000e+01 7.054079434390307934e-01 1.600529708436530254e-12
1.584251901478494595e-11 3.300000000000000000e+01 5.933854913677786280e-01 8.585501717980464650e-13
4.656957274026498995e-11 1.200000000000000000e+01 7.278435647823275900e-01 5.833495069752256857e-12
2.941651512145095198e-10 7.000000000000000000e+00 1.397363813872647187e+00 4.266362239893056703e-11
1.715766676069850290e-11 6.800000000000000000e+01 1.421070106560843316e+00 2.551735219311642465e-13
1.154039282579851795e-11 6.600000000000000000e+01 2.936428940813694544e-01 6.041105986238463940e-13
8.923325885445901799e-11 3.200000000000000000e+01 1.344301903112060437e+00 2.861626413123251253e-12
7.503336334609172952e-11 3.900000000000000000e+01 9.100435294221926874e-01 2.436805802046232378e-12
3.956845280154368968e-10 2.500000000000000000e+01 1.352455617506127306e+00 1.621228986789600418e-11
1.599984229569094066e-11 1.400000000000000000e+01 1.483137990563887287e+00 1.147250784863279437e-12
9.352606813697293215e-11 5.100000000000000000e+01 5.387085579041157174e-02 3.405796580216015483e-11
2.185112353685114821e-11 5.800000000000000000e+01 3.890530197385382305e-01 9.932275742142644615e-13
1.324121791817364879e-11 5.100000000000000000e+01 7.301073701623991274e-01 3.892823506589138065e-13
4.832083960426924031e-10 2.300000000000000000e+01 2.096473196905890291e-01 1.009493082009963575e-10
2.944758475629933815e-10 7.600000000000000000e+01 1.278378727958248584e+00 4.046455207341643710e-12
7.995181849187289116e-11 7.400000000000000000e+01 4.778377960595232149e-02 2.261941717125456390e-11
4.203349772498388742e-11 5.900000000000000000e+01 1.310824876324742316e+00 7.372042037980057705e-13
1.280368561906763747e-10 7.500000000000000000e+01 6.719005602794833054e-01 2.742534681319793065e-12
4.674146031915821183e-11 5.300000000000000000e+01 7.489346011349911070e-01 1.295296914905786734e-12
7.595485802420245795e-11 2.400000000000000000e+01 1.506261167986960192e+00 3.171387535629082317e-12
3.676307714711549558e-10 8.600000000000000000e+01 2.781338951461723163e-01 1.556945421609764160e-11
1.964947921978228399e-10 9.100000000000000000e+01 1.178526453922631223e+00 2.336776317198591015e-12
5.917559547846919223e-10 7.200000000000000000e+01 6.212311205300419248e-01 1.412081518389630169e-11
6.097147427953545972e-11 1.600000000000000000e+01 1.018053017202654065e+00 4.477468517756551700e-12
6.288907126095047610e-11 7.300000000000000000e+01 1.138737986570621308e+00 9.486715778596537860e-13
7.935680715933083327e-10 1.100000000000000000e+01 5.542607692390265628e-01 1.370710846161123254e-10
1.010874271640565188e-10 9.300000000000000000e+01 9.010636452337059676e-01 1.386452449639432673e-12
8.338960371604626900e-10 6.300000000000000000e+01 9.363027509653139013e-01 1.643519411528379832e-11
6.119987268231564123e-11 8.600000000000000000e+01 3.508707531992903417e-01 2.070392922163420064e-12
2.590984337602470015e-10 8.700000000000000000e+01 1.091684463859606380e+00 3.356014375253251014e-12
2.991377013538705008e-11 1.400000000000000000e+01 5.695653580991941745e-01 3.962233072753321647e-12
7.177091631525847446e-11 2.500000000000000000e+01 9.929767700620669713e-01 3.427227929329938048e-12
8.642399204132456160e-11 3.000000000000000000e+01 1.163768195452724807e+00 3.137096142691222980e-12
1.485927604031476335e-11 5.800000000000000000e+01 2.545747242218844297e-01 1.017315194934407732e-12
3.366598518745065640e-10 6.200000000000000000e+01 6.738046739212107950e-01 8.702425897535098067e-12
5.989247652997480646e-11 1.100000000000000000e+01 8.910558911511727576e-02 6.118563827346706065e-11
2.186732755117357348e-11 9.700000000000000000e+01 1.171252967621618478e-02 1.924789325400321665e-11
1.165284648853838087e-10 4.700000000000000000e+01 4.098328433123576420e-01 6.222340530814676840e-12
1.410021706061601016e-10 4.300000000000000000e+01 7.004019572913324776e-01 5.087653535857086076e-12
1.246321109853985795e-10 9.200000000000000000e+01 1.114128322526816151e+00 1.509366548269336096e-12
1.997379481409821413e-11 5.200000000000000000e+01 8.094331604402458247e-01 5.306167189513419800e-13
4.848915445115298656e-11 7.800000000000000000e+01 9.398995001012985795e-02 6.623815275148787538e-12
6.235861698989201975e-10 4.400000000000000000e+01 5.361297753247759035e-01 2.774483691910732262e-11
7.799235537647604609e-11 1.700000000000000000e+01 1.520716958180672096e+00 4.593544580990281699e-12
4.637665924596609985e-10 3.900000000000000000e+01 8.285571887698034432e-02 1.436843237411457730e-10
1.717820945695787925e-10 5.700000000000000000e+01 1.289628550312163169e+00 3.136900576400068236e-12
1.869113661117448540e-11 7.000000000000000000e+00 1.045804766214135872e+00 3.085722227529720640e-12
4.978636975458079364e-11 1.000000000000000000e+01 1.164212752577383769e+00 5.420533578366420086e-12
4.414879658496139189e-11 3.400000000000000000e+01 5.255574712352871769e-01 2.588212338264344442e-12
3.232300960169238264e-11 9.500000000000000000e+01 1.468353499537510931e+00 3.420353881025549691e-13
2.112414966136901915e-11 6.400000000000000000e+01 5.405747993607911139e-01 6.413647338799448355e-13
2.027039814088695342e-10 6.100000000000000000e+01 1.442345868174616408e+00 3.350619913858243960e-12
4.972609922592814702e-10 7.300000000000000000e+01 9.696465945536222319e-01 8.259865439723225020e-12
1.812395196577161715e-10 8.100000000000000000e+01 1.272455478727173794e+00 2.340934579272931527e-12
1.083920509832825326e-11 5.200000000000000000e+01 1.440057143838652909e+00 2.102404863580281914e-13
7.167645432659559447e-10 5.500000000000000000e+01 1.038557797244871850e+00 1.512415811709111672e-11
3.005515355186847787e-11 2.800000000000000000e+01 1.290028693303294505e+00 1.117142263636442277e-12
3.037088538212809222e-11 3.000000000000000000e+01 5.626759263676691658e-01 1.897759914811220315e-12
1.050393804221751719e-10 9.400000000000000000e+01 2.504474256284268119e-01 4.508762553789395694e-12
7.131529423828348194e-10 7.700000000000000000e+01 9.377666449819229699e-01 1.148757116218733578e-11
2.710846446412736066e-10 3.900000000000000000e+01 6.950898851718370075e-01 1.085305608882382216e-11
1.503332414887759343e-11 9.000000000000000000e+01 1.045237847361243810e+00 1.930964856328995203e-13
1.505489082988016927e-11 7.000000000000000000e+00 3.949861206780209133e-01 5.589200941074942725e-12
6.419437281740828890e-10 6.700000000000000000e+01 3.188817634611427754e-01 3.056172278124111563e-11
2.837443954075204336e-11 2.400000000000000000e+01 1.470492641324482541e+00 1.188240647632045010e-12
5.253480036609474930e-11 8.800000000000000000e+01 1.282514052952605121e+00 6.226821894643160383e-13
2.089983045176921420e-11 5.200000000000000000e+01 1.285800335778406467e+00 4.188135924806113423e-13
2.155495738258416920e-10 2.000000000000000000e+01 3.515921125993187735e-01 3.129413188711704319e-11
7.619925753932784376e-11 1.600000000000000000e+01 8.337869395799418770e-01 6.431560744702831626e-12
9.909051950578824206e-10 1.100000000000000000e+01 8.896727313262049464e-01 1.159560632522269124e-10
6.288751558040540178e-10 8.400000000000000000e+01 5.848516594737541707e-01 1.356083768485308230e-11
9.844077838429636155e-10 7.800000000000000000e+01 2.311959036781509325e-01 5.507774742770650243e-11
4.584113139203390232e-11 4.300000000000000000e+01 6.374857451149068543e-01 1.791186543028220886e-12
1.194571130353380874e-10 5.400000000000000000e+01 1.340958534640598110e+00 2.271912418489155119e-12
4.136758147599460286e-11 7.700000000000000000e+01 9.231142593697051757e-02 5.828152686584080333e-12
8.804741264572684168e-10 8.700000000000000000e+01 9.856516725242473465e-01 1.214011679042305225e-11
9.861175636380375436e-11 9.700000000000000000e+01 1.269175817461940525e-01 8.031593860153119691e-12
4.335153234567055326e-10 9.800000000000000000e+01 1.507487779768951208e+00 4.432505462332215085e-12
1.619191009324833337e-10 7.800000000000000000e+01 1.398907748906345949e+00 2.106934763219175091e-12
2.031641250461562671e-11 1.700000000000000000e+01 1.518153253236212086e+00 1.196740965628114509e-12
2.800688801797698911e-11 6.700000000000000000e+01 1.948217141954284026e-01 2.159252777471419881e-12
9.775165212237764502e-11 5.200000000000000000e+01 5.880609097531467322e-01 3.388632426663287402e-12
1.683863954235465036e-10 4.600000000000000000e+01 5.973915323760365936e-01 6.507829157486309340e-12
1.289005156941172135e-11 9.300000000000000000e+01 1.064054238756246829e+00 1.585244194285522924e-13
5.649123776400550773e-11 3.400000000000000000e+01 1.352396162994610185e+00 1.701935915798494955e-12
1.891928825220930132e-11 9.000000000000000000e+01 1.033397335665059424e+00 2.447075425511160757e-13
7.113606979351430837e-10 6.200000000000000000e+01 1.061850439873085916e+00 1.313878778265303618e-11
1.764685529145097955e-10 8.000000000000000000e+00 3.503359560117582649e-01 6.427071511847174825e-11
4.747560429893250217e-10 4.400000000000000000e+01 6.598295770771235302e-01 1.760232170998535139e-11
3.843353787565514811e-10 9.300000000000000000e+01 6.029456261723151744e-01 7.287689521821601863e-12
6.383531849733944283e-11 4.400000000000000000e+01 6.974522318835145451e-02 2.081833719612846387e-11
1.407607146150948629e-10 2.100000000000000000e+01 1.515582952595222244e+00 6.713121103773231826e-12
2.149546539203602750e-11 4.700000000000000000e+01 1.027656480828293084e+00 5.342315040157613333e-13
1.328273072750445052e-10 6.100000000000000000e+01 6.950460134353685093e-02 3.135405419032762975e-11
9.958310488492228027e-11 9.800000000000000000e+01 3.790890633696803458e-01 2.745810676352606683e-12
9.782810346758568857e-10 4.600000000000000000e+01 3.084567903009000633e-01 7.005196300877488263e-11
1.294282708760054609e-11 5.700000000000000000e+01 5.325617629526094854e-01 4.472097002585947120e-13
2.223202078351971924e-11 4.900000000000000000e+01 5.117028599190542870e-01 9.265862191543984547e-13
7.625915931943464295e-10 5.700000000000000000e+01 6.592718190399675660e-01 2.184146112890229397e-11
1.299931753672806635e-10 2.600000000000000000e+01 8.361138173416934327e-01 6.737794614770813080e-12
2.049965176231312747e-11 1.100000000000000000e+01 4.896179254623209132e-01 3.962681985354365556e-12
7.207513856645809801e-10 7.000000000000000000e+00 2.146834710319550296e-02 4.796475146049349484e-09
1.999770748223234546e-10 8.100000000000000000e+01 4.534664606690035071e-02 5.446266300490754404e-11
1.390413578226553080e-10 8.600000000000000000e+01 2.497506711693390780e-01 6.541286806918105323e-12
5.334037670301183677e-11 3.200000000000000000e+01 1.516536361531120924e+00 1.669343562894002999e-12
7.575358554395252041e-10 6.400000000000000000e+01 1.129008611360503123e+00 1.309363376406823142e-11
2.248021848795979711e-10 6.500000000000000000e+01 1.089332005886693544e+00 3.902093846392264872e-12
4.931545477362920803e-11 7.700000000000000000e+01 7.298332754994690807e-02 8.783230396267271306e-12
2.292631072964851405e-10 9.100000000000000000e+01 1.029438992114047047e-01 2.451655858971288170e-11
3.087866010592005118e-10 9.600000000000000000e+01 6.187318791044991162e-01 5.545711534883265309e-12
1.533975714925730412e-11 9.200000000000000000e+01 3.641364662482197700e-01 4.681735096324119218e-13
5.737491586927965801e-11 2.100000000000000000e+01 1.005355385861460837e-01 2.722168488823046791e-11
6.102874053802079735e-10 1.100000000000000000e+01 4.053281960369410353e-01 1.406994802694511633e-10
9.490147310510266379e-10 7.600000000000000000e+01 7.374151098560336459e-01 1.857148538849188995e-11
5.860545932863525218e-11 1.100000000000000000e+01 8.861915518247056589e-01 6.877477723333282152e-12
2.048899922936170882e-10 6.600000000000000000e+01 4.089661760443146776e-01 7.806634365069095676e-12
8.821243131606363053e-11 3.200000000000000000e+01 1.235768042598400118e+00 2.918927922155335140e-12
1.895279654367172408e-10 4.900000000000000000e+01 1.270602562958322412e+00 4.048991772487227562e-12
2.166310291864766750e-10 3.000000000000000000e+01 1.560093157183053636e+00 7.221447939004970015e-12
5.598552834594924232e-11 3.700000000000000000e+01 1.250632823975260655e+00 1.594129727185785022e-12
4.597639893436710228e-10 1.600000000000000000e+01 4.827303764683418125e-02 5.954962437786352383e-10
2.543466401485694623e-11 4.000000000000000000e+00 6.216373849331151558e-01 1.091865757785510523e-11
6.242550480067575573e-11 1.200000000000000000e+01 8.658492495357987817e-01 6.830110640653912275e-12
1.496369263144696888e-11 8.900000000000000000e+01 1.255405863495770546e+00 1.768546756019014476e-13
2.378383132622597634e-10 3.700000000000000000e+01 9.761720943836436071e-01 7.759995417706254814e-12
6.964911480813683163e-10 5.300000000000000000e+01 7.258680932901880878e-01 1.979758989384208968e-11
2.753078109477251517e-11 9.100000000000000000e+01 8.510376942289238356e-01 4.023273846774816008e-13
3.071409611090124439e-10 2.200000000000000000e+01 8.410071378943936304e-01 1.873161462283796014e-11
1.369289739233479561e-11 2.500000000000000000e+01 4.866055250764488721e-02 1.126029357743773753e-11
1.118462748532440668e-11 5.900000000000000000e+01 5.654045761472343418e-02 3.354606713038361799e-12
8.041007555593164439e-11 5.900000000000000000e+01 2.459886354163894340e-01 5.596701868863349432e-12
5.432855480926441583e-10 3.700000000000000000e+01 9.343767075102993314e-01 1.825773113925154146e-11
3.889596266704009198e-11 6.500000000000000000e+01 1.038881009249666532e+00 6.943299774839346400e-13
1.403133979077267279e-11 2.800000000000000000e+01 9.319416507276430117e-01 6.242305101757043181e-13
4.840988273688332845e-11 6.100000000000000000e+01 1.031185324435983874e+00 9.250456539762399324e-13
4.885439978739880241e-10 8.500000000000000000e+01 4.238063908309371713e-02 1.356585810257955772e-10
1.675760702189679407e-10 1.600000000000000000e+01 8.975365628515171723e-01 1.339677025762209960e-11
3.633232835784520105e-10 7.800000000000000000e+01 1.569095217424841593e+00 4.657997554700720345e-12
4.159367013969973628e-10 2.600000000000000000e+01 8.863660924622397408e-01 2.064789733157766730e-11
6.510094113581162772e-10 6.400000000000000000e+01 4.683071456295154755e-01 2.253556757038171663e-11
1.742422116751226379e-10 9.800000000000000000e+01 1.119318733549854936e-02 1.588483088418652706e-10
1.645565179788015239e-10 3.100000000000000000e+01 8.614225410582617704e-01 6.995895158000018058e-12
7.453360562893446824e-11 1.600000000000000000e+01 1.517354536638871210e+00 4.665010459559994919e-12
2.827953227894286801e-10 3.000000000000000000e+01 7.501868071142738792e-01 1.382641601021661244e-11
8.580565289788918378e-11 1.800000000000000000e+01 1.000740586779736097e+00 5.662365507875112500e-12
7.616535580407462968e-10 3.300000000000000000e+01 7.396763587849190802e-02 3.123186285103250691e-10
1.183909232928509276e-11 5.300000000000000000e+01 1.265458455713248664e+00 2.342124970794578995e-13
8.660215944378034608e-11 1.300000000000000000e+01 1.093808641547422966e-01 6.102536143456817425e-11
4.018679052045501105e-11 3.500000000000000000e+01 7.657498883508758736e-01 1.656659730122193334e-12
1.468938834402527497e-11 8.300000000000000000e+01 1.039304111387087781e+00 2.053015765849283076e-13
5.103254741592378982e-11 8.600000000000000000e+01 1.569014479076323632e+00 5.934026561595654851e-13
3.071677036756023595e-10 2.600000000000000000e+01 1.380133993672251647e+00 1.203217836870858786e-11
3.300952253465223527e-10 1.100000000000000000e+01 1.179120303052083374e+00 3.246739458011207763e-11
2.981128063804000166e-11 5.800000000000000000e+01 2.234475592710711556e-01 2.319514148250883430e-12
2.885865968306786123e-10 6.000000000000000000e+00 2.362641815507845744e-01 2.054825784110526449e-10
4.680082792572106383e-10 7.100000000000000000e+01 1.447668727571944869e+00 6.641949655686958988e-12
1.724832374483522188e-11 4.500000000000000000e+01 2.423701449287205267e-01 1.597039275569736615e-12
2.819202464918606309e-11 2.200000000000000000e+01 4.212898328807283543e-01 3.133619642698012989e-12
1.858656498000416721e-11 8.400000000000000000e+01 1.339545761385294798e+00 2.273197616280103452e-13
3.888848455794479848e-11 7.500000000000000000e+01 1.750228628820240107e-01 2.977724620923684842e-12
2.949195460903636374e-11 2.300000000000000000e+01 2.187176893304917241e-02 5.863088344408580064e-11
1.961238616661540894e-11 5.500000000000000000e+01 1.187027077198502811e-01 3.011116040556657669e-12
7.556598040028822797e-10 2.500000000000000000e+01 3.085133344243398690e-01 9.954598690228568243e-11
1.578286319481547471e-10 2.800000000000000000e+01 1.267356359624840945e+00 5.906583499850620452e-12
1.987301604061524439e-11 8.500000000000000000e+01 1.175240069082638117e+00 2.533643863969367819e-13
1.427730266294427322e-11 5.100000000000000000e+01 6.905713978203949222e-02 4.057071316247791928e-12
7.644919507136782131e-10 6.700000000000000000e+01 1.571422683824363342e-01 7.291115181161212563e-11
6.060278133345460878e-10 6.100000000000000000e+01 4.705933182755988042e-01 2.191122489545274060e-11
1.802616358834037945e-10 2.200000000000000000e+01 1.322702943119413943e+00 8.452506482272727731e-12
1.695425670472390429e-11 5.100000000000000000e+01 1.002588700128276056e+00 3.944115350920791671e-13
2.117971085101430336e-10 9.400000000000000000e+01 1.647287455015440105e-01 1.374006221019644657e-11
9.979848238355205317e-11 7.800000000000000000e+01 1.078362036430281723e+00 1.451986014037923918e-12
1.257625999459552909e-10 8.400000000000000000e+01 5.154725560713414589e-01 3.037196038474844628e-12
2.611138773739015722e-11 9.000000000000000000e+00 1.073290234191558890e+00 3.301486430257778741e-12
2.100927498132493583e-11 9.300000000000000000e+01 1.198551546300564707e+00 2.425152649133501789e-13
3.181057820111010437e-11 5.100000000000000000e+01 2.527283118872200030e-01 2.494483032172053970e-12
8.132155780821591754e-10 7.600000000000000000e+01 1.285047774391168574e+00 1.115242553975675694e-11
1.414684986838887767e-11 5.000000000000000000e+01 5.280869859872417971e-01 5.615145583583350526e-13
1.267203113419120897e-10 5.500000000000000000e+01 1.004749185912136467e+00 2.729775642084001111e-12
3.464004978643922468e-10 8.300000000000000000e+01 1.446481650617062575e+00 4.205957869383460976e-12
8.120582321860397945e-10 6.100000000000000000e+01 1.241480320194625397e+00 1.406841360851536385e-11
6.205973900886626595e-11 8.600000000000000000e+01 2.502028464738361158e-01 2.914472659960774555e-12
9.427988101252520651e-10 2.000000000000000000e+01 2.692712001701163538e-01 1.771985229018106884e-10
3.787846766655147866e-11 7.600000000000000000e+01 2.008586831521092797e-01 2.498114538799927600e-12
1.778517437272748656e-10 5.200000000000000000e+01 6.832133901739038118e-01 5.417849819953592703e-12
4.172742306272098768e-10 7.000000000000000000e+00 6.679302610207655810e-01 9.624512080491770972e-11
2.809556659578526120e-10 3.000000000000000000e+01 1.382304652976759529e+00 9.534056272345349353e-12
6.823460388334142215e-10 7.600000000000000000e+01 9.667224794010926825e-01 1.090878055310236654e-11
2.244070316192314155e-10 4.600000000000000000e+01 1.128331452743198904e+00 5.398272628342305740e-12
1.511616495725804107e-11 5.700000000000000000e+01 5.185563946477020902e-01 5.350716693641612232e-13
2.632497078294386745e-10 4.200000000000000000e+01 1.822323735587646487e-01 3.458593041831486773e-11
2.385346634650384712e-10 6.300000000000000000e+01 1.245450186771003720e+00 3.995888219657332952e-12
6.646481115366940928e-10 5.900000000000000000e+01 7.203956680695272619e-01 1.707674419347716247e-11
5.653761094191678426e-10 1.700000000000000000e+01 1.222927054882668063e+00 3.537642344636384974e-11
6.012531877597253804e-11 9.900000000000000000e+01 1.513824819735784644e+00 6.083134026987383465e-13
1.674430984262513885e-11 3.400000000000000000e+01 1.552396959940275378e+00 4.925630742405807786e-13
4.065727163936092049e-10 5.800000000000000000e+01 5.748530689161625018e-01 1.289263637177219525e-11
1.439305827093299716e-11 7.300000000000000000e+01 1.003771863087256300e+00 2.337456958613377974e-13
2.275284766987787692e-11 6.600000000000000000e+01 7.304656058301659538e-01 5.166840234708688676e-13
7.274241085878297761e-10 1.000000000000000000e+01 3.376139005173668661e-02 2.155012918599477102e-09
7.487003144599449105e-10 3.800000000000000000e+01 1.042838738215323691e+00 2.280826374136233542e-11
6.181969320434449811e-11 6.600000000000000000e+01 1.219961682845067674e+00 9.974185864029933114e-13
2.204314233897654067e-11 4.400000000000000000e+01 1.399394503508055942e+00 5.084307288320334381e-13
1.914501143945099216e-11 6.400000000000000000e+01 3.422669486643364900e-01 8.912989826531255778e-13
2.195719413218280591e-11 8.000000000000000000e+00 2.223317104243013320e-01 1.244713279384641328e-11
2.579418057829965515e-11 6.100000000000000000e+01 9.283859034776602570e-01 5.281375643878364021e-13
2.369689349815948721e-11 3.000000000000000000e+00 8.274124396124036274e-01 1.072962642062978162e-11
1.960050211259914772e-11 7.200000000000000000e+01 1.160627087910558020e+00 2.968520819003685172e-13
4.242205000221849461e-10 4.800000000000000000e+01 3.208304036467715670e-01 2.802535388375744490e-11
5.990074835194537687e-10 4.000000000000000000e+00 1.427008885931370319e+00 1.513133667185149909e-10
6.462333647075930474e-10 1.600000000000000000e+01 7.003834660768387677e-02 5.771499062470384748e-10
5.968867342877651570e-10 3.100000000000000000e+01 1.292535345193130958e+00 2.002466820822319544e-11
1.855420902217262457e-11 7.000000000000000000e+00 1.521013253764359696e+00 2.653889248732604291e-12
1.257083806738929039e-11 1.300000000000000000e+01 2.418742958662994380e-01 4.037142242550921513e-12
6.860076845102360975e-10 1.800000000000000000e+01 3.253018810700735730e-01 1.192495377615844527e-10
2.991507179392562598e-10 3.700000000000000000e+01 5.167178109550013554e-01 1.636574487634049554e-11
2.911904595576912612e-10 1.100000000000000000e+01 1.505009137289301746e+00 2.652924794399385601e-11
3.826287385128298879e-10 4.000000000000000000e+01 1.804067004862581480e-01 5.331179334118758377e-11
1.428573854822726839e-10 4.600000000000000000e+01 1.310404816530599037e+00 3.213939638091009772e-12
9.727335878226682846e-11 3.900000000000000000e+01 1.523843203477639685e+00 2.496940553421281189e-12
9.830373468692303697e-11 9.500000000000000000e+01 9.271321034018688012e-01 1.293628467724963214e-12
3.877032242023687185e-10 4.000000000000000000e+00 9.468262869671006943e-02 1.025222673651551596e-09
5.032549765753741781e-11 1.600000000000000000e+01 6.997020148272068418e-01 4.884151678205089101e-12
2.401480224725338990e-11 5.900000000000000000e+01 3.398543853894681055e-01 1.221031285021832957e-12
5.824980493215758300e-10 6.400000000000000000e+01 5.298280909380022052e-01 1.800910563569948842e-11
1.380245344106884812e-11 1.800000000000000000e+01 8.110303165629375588e-01 1.057663364733868979e-12
9.591615622900554666e-10 8.900000000000000000e+01 7.863378338146668201e-01 1.522681415461205516e-11
4.366212151181122251e-11 1.900000000000000000e+01 1.037926691474114316e+00 2.667903711763728974e-12
1.268970618714245348e-11 2.000000000000000000e+00 6.063302981627170796e-02 1.047076559780948327e-10
5.901477792929046190e-10 8.500000000000000000e+01 1.041628271409009487e+00 8.042973927619673581e-12
1.334241151709209959e-11 5.500000000000000000e+01 1.041328844672451473e-02 2.329654900718702777e-11
7.110003991068216953e-10 6.900000000000000000e+01 1.399713120373932140e+00 1.045701633067871860e-11
2.137074381931294433e-10 3.600000000000000000e+01 1.500579396906748686e+00 5.950982113384997388e-12
1.133933983084965077e-11 1.200000000000000000e+01 1.345815605476319288e+00 9.693747733556476080e-13
1.919212099566381602e-11 6.300000000000000000e+01 1.193697351052577904e+00 3.276592356142493403e-13
5.155641554689068099e-11 9.800000000000000000e+01 1.356528723006326098e+00 5.383977441737652923e-13
1.986564196968663684e-10 9.700000000000000000e+01 4.658306316792501511e-02 4.398047409682966092e-11
2.906626129845620024e-10 3.000000000000000000e+00 5.379629263535475880e-01 1.890902839819503494e-10
6.769480166321059020e-11 9.400000000000000000e+01 8.565402009370675085e-01 9.531178294670635270e-13
8.367384351430762984e-10 6.700000000000000000e+01 1.198666973947772219e+00 1.340621899377626604e-11
6.333690132935683881e-10 7.400000000000000000e+01 1.290741919824627271e+00 8.906015511277456020e-12
1.070583333410148530e-10 5.500000000000000000e+01 9.943381242322958391e-01 2.321706693041005765e-12
2.939459502491270047e-11 8.300000000000000000e+01 2.831238064676577793e-01 1.267741452567217269e-12
1.018219006037359052e-10 6.100000000000000000e+01 7.573316050216680750e-01 2.429764637633187579e-12
3.103946345615599673e-10 3.000000000000000000e+01 6.765240625910182715e-01 1.652565398464944902e-11
9.461152570861023487e-11 1.800000000000000000e+01 1.045422948126686347e+00 6.075566595843788792e-12
3.192159465042169215e-10 6.600000000000000000e+01 1.122674739043279635e+00 5.366477512903295126e-12
2.691473445542906596e-11 6.500000000000000000e+01 6.069986087640231176e-01 7.259280398974522395e-13
2.734972618105945245e-11 4.700000000000000000e+01 9.950500525613921177e-01 6.937513451961326581e-13
5.967194338031567650e-11 7.100000000000000000e+01 4.573918054995119303e-02 1.838124372233332992e-11
4.375493264719470092e-11 2.900000000000000000e+01 2.926341681221883984e-01 5.230223276635845562e-12
5.731284255110521168e-10 8.300000000000000000e+01 5.765095431105977768e-03 1.197759878596824876e-09
3.128671885052688854e-11 1.700000000000000000e+01 7.794163577175456936e-01 2.618421530861714170e-12
2.967681241721271374e-11 8.400000000000000000e+01 1.330048783101665189e+00 3.637869992048752542e-13
4.726145265060405858e-10 8.600000000000000000e+01 1.128781021936412277e+00 6.079842751060587357e-12
9.801789816568779490e-11 3.400000000000000000e+01 1.451404355276136648e+00 2.903549024256744216e-12
1.884769588622686059e-11 5.200000000000000000e+01 9.142151405598352154e-01 4.575976888277327912e-13
2.324808750749242387e-10 3.600000000000000000e+01 1.335569024577580866e+00 6.640677098970959727e-12
1.203064944530950901e-11 1.000000000000000000e+01 7.355708862918705071e-01 1.792915102881128837e-12
3.025478836945970578e-10 9.100000000000000000e+01 9.383398933704346911e-02 3.548379385407063416e-11
4.689656207152497652e-11 1.200000000000000000e+01 8.284778235855225770e-01 5.303337867137374318e-12
5.115660274309384273e-11 8.200000000000000000e+01 2.440987843585429862e-01 2.581330867006730354e-12
6.224777581505729958e-10 4.900000000000000000e+01 8.880956771574562980e-01 1.637336061531718973e-11
1.890626123862551470e-11 4.400000000000000000e+01 1.258595969822520866e+00 4.515139263721256810e-13
7.441337655302948558e-10 4.100000000000000000e+01 1.140603179643985943e+00 1.996908270873247819e-11
6.836547519284825482e-10 1.000000000000000000e+00 1.009465094415310293e+00 8.075801669948655001e-10
3.237864854470564901e-11 3.600000000000000000e+01 1.549973682776151440e+00 8.996019228001690242e-13
2.115040661178553766e-10 6.600000000000000000e+01 1.414791048011793562e+00 3.244002762243159501e-12
1.901401773459335698e-10 4.900000000000000000e+01 1.027657455334559655e+00 4.532711312532789482e-12
6.430238762131260135e-11 7.100000000000000000e+01 1.530359380240823519e+00 9.064083856298677732e-13
2.700988807854550402e-10 9.600000000000000000e+01 1.308031814678575655e+00 2.913535409881559670e-12
5.521740512488084421e-10 5.000000000000000000e+00 8.614066522159832262e-01 1.455465147056380229e-10
1.006675905120090355e-11 4.000000000000000000e+01 1.441518034764500023e+00 2.537867778417739743e-13
8.818846915798828802e-10 9.500000000000000000e+01 1.186726012908106143e-01 7.840749705064271125e-11
1.788500195236594753e-11 2.900000000000000000e+01 3.055834934197272368e-01 2.049941319278931314e-12
1.712178928282925912e-11 5.500000000000000000e+01 1.424436516269370623e+00 3.146695463845153718e-13
7.900123892753203430e-11 3.400000000000000000e+01 4.480810104196218391e-01 5.363269989094872095e-12
8.342071680304613922e-11 5.900000000000000000e+01 5.308821728615302771e-01 2.792665222484676765e-12
4.643818084501935653e-11 5.900000000000000000e+01 1.928513986795594992e-01 4.106726317726695901e-12
1.841199019615732227e-11 2.400000000000000000e+01 2.424806757956476377e-01 3.195042149335269616e-12
4.039387834315436201e-10 7.900000000000000000e+01 2.466553825143137368e-01 2.094163060649562180e-11
7.453239330748482973e-11 5.500000000000000000e+01 1.417656671317672368e+00 1.371181329964739023e-12
3.511627008065587027e-11 5.200000000000000000e+01 5.919466415127571102e-01 1.210286924479997762e-12
5.889112967563299665e-11 2.700000000000000000e+01 1.548107006642620798e+00 2.181714505897495020e-12
1.093132575784107040e-10 4.000000000000000000e+01 1.218466476855000424e+00 2.911693065294339537e-12
1.027737393350251611e-10 3.300000000000000000e+01 7.604514168081610848e-02 4.099353810027573139e-11
4.430094413085985822e-10 7.100000000000000000e+01 1.435338161533483481e+00 6.297255208027307838e-12
4.927881707889108322e-11 8.500000000000000000e+01 1.526050398056806312e+00 5.803316617216697568e-13
9.284879338341336403e-11 8.500000000000000000e+01 1.086026160814968389e+00 1.234585074638944223e-12
6.045518168980360092e-11 7.300000000000000000e+01 1.724953715504344565e-01 4.824908457350120734e-12
2.804220409269492582e-11 1.100000000000000000e+01 1.188682919002820526e+00 2.747440373406305353e-12
7.631773718310688357e-10 4.400000000000000000e+01 5.899787504900227963e-02 2.941632486501271612e-10
2.028140985243824599e-10 9.600000000000000000e+01 5.154745390321406884e-01 4.285741693569480595e-12
1.538038615614541664e-11 2.300000000000000000e+01 1.030221922575896398e+00 7.799185124887292829e-13
9.172145237414034938e-11 8.600000000000000000e+01 8.061090409246027821e-01 1.478007426731883970e-12
2.873103648088444396e-10 2.600000000000000000e+01 8.971273289522878613e-01 1.413929797432676241e-11
1.329513111475473121e-10 5.700000000000000000e+01 4.495210197420793641e-01 5.367768999939912766e-12
1.123083497537414995e-11 1.000000000000000000e+00 9.164814990067671197e-01 1.415416340241684432e-11
