8.991851196289062500e+02 2.228184832000000000e+09 3.579379608709132299e-06
6.703325195312500000e+02 1.983038668800000000e+10 1.989253178180661052e-06
1.219344940185546875e+02 2.564605440000000000e+09 6.582072842320485506e-08
1.468007049560546875e+02 4.736251904000000000e+09 9.540383416606346145e-08
2.498956298828125000e+01 5.099245056000000000e+09 2.764565021351472751e-09
6.932817077636718750e+01 3.291620352000000000e+10 2.127791098871512077e-08
1.475091705322265625e+02 7.563397529600000000e+10 9.632689312866205000e-08
1.941381072998046875e+01 1.256069760000000000e+09 1.668518878616964685e-09
2.031879234313964844e+01 2.309644902400000000e+10 1.827701545664695004e-09
1.447043514251708984e+01 4.634378240000000000e+09 9.269849887694192603e-10
9.108595581054687500e+02 1.268450176000000000e+09 3.672927505249390379e-06
2.756779289245605469e+01 2.285612544000000000e+09 3.364445610998245684e-09
7.928288269042968750e+01 2.872351744000000000e+09 2.782713082183363440e-08
1.174672985076904297e+01 3.529960243200000000e+10 6.108624717171551310e-10
1.412813873291015625e+02 6.374265241600000000e+10 8.836481413254659856e-08
8.406957397460937500e+02 6.647045632000000000e+09 3.128867774648824707e-06
2.139156532287597656e+01 2.353674649600000000e+10 2.025791090431994235e-09
6.027778930664062500e+02 5.888761856000000000e+09 1.608511411177460104e-06
8.480241699218750000e+02 2.882996838400000000e+10 3.183655053362599574e-06
2.083607635498046875e+02 1.212351872000000000e+09 1.921946903848947841e-07
5.150225067138671875e+01 1.939725312000000000e+10 1.174253672076019939e-08
4.028653869628906250e+02 2.774559334400000000e+10 7.185044523794203997e-07
2.104603576660156250e+02 1.193691776000000000e+09 1.960875977147225058e-07
2.943847351074218750e+02 2.770151168000000000e+09 3.836542816770815989e-07
6.498610229492187500e+02 3.212008960000000000e+09 1.869607558546704240e-06
2.277789688110351562e+01 4.122513817600000000e+10 2.296871803864064532e-09
7.576261138916015625e+01 6.756609024000000000e+09 2.541086274732151651e-08
1.609361076354980469e+01 7.298171392000000000e+09 1.146612138569480521e-09
4.290083694458007812e+01 3.679583027200000000e+10 8.147813090886302234e-09
2.972778625488281250e+02 4.032348979200000000e+10 3.912322767973819282e-07
1.281317901611328125e+02 1.412762828800000000e+10 7.268139512461857521e-08
2.411626892089843750e+02 2.315367833600000000e+10 2.574718394043884473e-07
2.678860168457031250e+02 1.665285248000000000e+09 3.176944574079243466e-07
5.604286575317382812e+01 5.677762560000000000e+09 1.390433368442245410e-08
4.009483032226562500e+02 1.344583475200000000e+10 7.116825031516782474e-07
1.698513984680175781e+01 2.582622617600000000e+10 1.277167149815738867e-09
6.458867645263671875e+01 9.566608588800000000e+10 1.846810349093175319e-08
4.251558685302734375e+01 2.595623731200000000e+10 8.002135842843927094e-09
2.248247528076171875e+02 1.013090611200000000e+10 2.237678984329249943e-07
8.660527038574218750e+01 6.790809088000000000e+09 3.320459285305332742e-08
5.661777877807617188e+01 6.865404723200000000e+10 1.419107142908160313e-08
8.585122680664062500e+01 6.001553408000000000e+09 3.262890757582681545e-08
3.946176452636718750e+02 1.086699622400000000e+10 6.893861268508771900e-07
6.572230834960937500e+02 4.061198080000000000e+09 1.912208063004072756e-06
5.287273559570312500e+02 9.797322342400000000e+10 1.237579454027581960e-06
2.457631683349609375e+02 7.817360179200000000e+10 2.673887422588450136e-07
3.281280899047851562e+01 2.930900736000000000e+09 4.766464556382743467e-09
6.531029510498046875e+01 5.230578483200000000e+10 1.888307821218404570e-08
4.839362716674804688e+01 1.125502336000000000e+09 1.036778218832523635e-08
6.803904418945312500e+02 1.124833408000000000e+09 2.049396471193176694e-06
5.860485458374023438e+01 1.826903654400000000e+10 1.520466064164338604e-08
1.141095066070556641e+01 2.589898496000000000e+09 5.764387300821738336e-10
5.839069824218750000e+02 3.516155494400000000e+10 1.509373873886943329e-06
1.403300170898437500e+02 9.441340620800000000e+10 8.717876198716112413e-08
1.529815063476562500e+02 4.280901888000000000e+09 1.036065810922082164e-07
5.969094238281250000e+02 3.241350553600000000e+10 1.577344050929241348e-06
8.986116027832031250e+01 3.711127808000000000e+09 3.574814755324950966e-08
9.057753753662109375e+01 1.146645632000000000e+09 3.632039735634862154e-08
5.443530273437500000e+02 5.710748876800000000e+10 1.311809683102183044e-06
9.776873168945312500e+02 2.998287769600000000e+10 4.231647835695184767e-06
1.257912292480468750e+02 5.436119040000000000e+10 7.005034063922721543e-08
3.497166824340820312e+01 1.278515404800000000e+10 5.414298342998336011e-09
6.647809448242187500e+02 3.444425932800000000e+10 1.956440428330097347e-06
1.707584838867187500e+02 1.144011776000000000e+10 1.290844977575034136e-07
1.933884048461914062e+01 1.736747008000000000e+10 1.655656944876682246e-09
1.901597137451171875e+02 3.128308224000000000e+09 1.600835020099111716e-07
5.972805175781250000e+02 1.510723584000000000e+10 1.579305944687803276e-06
4.802904968261718750e+02 1.331430195200000000e+10 1.021215780383499805e-06
1.093737983703613281e+01 9.374949376000000000e+10 5.295855420861528273e-10
4.274391555786132812e+01 3.927645440000000000e+09 8.088316683085849945e-09
1.437861480712890625e+02 2.764711936000000000e+10 9.152581270654991386e-08
1.436210632324218750e+02 1.818366156800000000e+10 9.131578337928658584e-08
4.960680541992187500e+02 9.751887052800000000e+10 1.089411625798675232e-06
7.211187744140625000e+01 7.479210803200000000e+10 2.302094159745138313e-08
1.672813873291015625e+02 8.068717056000000000e+09 1.238810227732756175e-07
3.177479553222656250e+02 1.953814118400000000e+10 4.469665384476684267e-07
4.082227478027343750e+02 1.199229440000000000e+09 7.377410042863630224e-07
2.834457702636718750e+02 4.433193779200000000e+10 3.556718013442150550e-07
4.212619018554687500e+02 2.130849177600000000e+10 7.856224897295760456e-07
2.977166938781738281e+01 2.195212288000000000e+10 3.923881664036343864e-09
4.533984375000000000e+02 2.063230566400000000e+10 9.100591000787972007e-07
7.528380584716796875e+01 3.293132288000000000e+09 2.509069219058801536e-08
3.614540863037109375e+01 1.526045184000000000e+09 5.783833856298770115e-09
1.023511028289794922e+01 5.937199104000000000e+09 4.637614181568494587e-10
1.930032501220703125e+02 1.017602816000000000e+09 1.649068650522167445e-07
6.658660888671875000e+02 1.094702720000000000e+09 1.962833039215183817e-06
5.527559280395507812e+01 1.950900352000000000e+09 1.352621570305245768e-08
1.935369682312011719e+01 9.449740288000000000e+09 1.658201798093728030e-09
9.606287231445312500e+02 8.247336448000000000e+09 4.085269210918340832e-06
2.415218200683593750e+02 8.717102080000000000e+09 2.582392539807187859e-07
3.790607910156250000e+02 9.102255104000000000e+09 6.361027544699027203e-07
7.199498901367187500e+02 4.279219814400000000e+10 2.294637170052737929e-06
1.032314987182617188e+02 9.026503475200000000e+10 4.717739798820730357e-08
4.723969726562500000e+02 2.403220480000000000e+09 9.879245226329658180e-07
9.939635620117187500e+02 1.651749478400000000e+10 4.373715000838274136e-06
6.420356750488281250e+01 9.904228352000000000e+09 1.824852624565664883e-08
3.418204956054687500e+02 4.063802163200000000e+10 5.172562396182911471e-07
2.739350318908691406e+01 4.041408512000000000e+10 3.322038644171243504e-09
1.181983261108398438e+02 3.919438233600000000e+10 6.184892953342568944e-08
6.395765686035156250e+01 1.544657305600000000e+10 1.810900585041963495e-08
1.421472167968750000e+01 1.898769024000000000e+09 8.945121865444605191e-10
6.957434844970703125e+01 1.597791616000000000e+09 2.142929211856881011e-08
4.996170806884765625e+01 2.603315200000000000e+10 1.105055513761499242e-08
2.887268829345703125e+01 9.851501568000000000e+09 3.690489469576618831e-09
1.706344146728515625e+02 7.212215500800000000e+10 1.288969855295363232e-07
1.426193695068359375e+02 5.618006425600000000e+10 9.004643430898795486e-08
1.073536987304687500e+02 5.703847424000000000e+09 5.102036482185212662e-08
4.799748992919921875e+01 1.909850112000000000e+10 1.019874140695264941e-08
2.159145736694335938e+01 5.173040128000000000e+09 2.063827775344861948e-09
3.755972290039062500e+01 1.252080947200000000e+10 6.245314487784980884e-09
1.578272628784179688e+01 9.439227904000000000e+09 1.102741120639905148e-09
1.581479339599609375e+02 5.965205913600000000e+10 1.107226736962729774e-07
1.061094665527343750e+01 2.635462400000000000e+09 4.984456181134078179e-10
3.100681152343750000e+02 1.540700774400000000e+10 4.256216641351784347e-07
3.404065856933593750e+02 2.528957440000000000e+09 5.129858777763729449e-07
6.420397949218750000e+02 1.784627328000000000e+09 1.824876108003081754e-06
9.448583984375000000e+02 2.835975168000000000e+09 3.952236966142663732e-06
3.415895996093750000e+02 1.387096985600000000e+10 5.165576340004918166e-07
4.804161834716796875e+01 1.275265024000000000e+09 1.021750328789039486e-08
6.191035766601562500e+02 1.309273344000000000e+09 1.696821641417045612e-06
1.890337524414062500e+02 6.324028211200000000e+10 1.581933588568062987e-07
4.888023376464843750e+02 2.495439616000000000e+09 1.057733015841222368e-06
1.759406890869140625e+02 3.619269632000000000e+09 1.370383557741661207e-07
2.890791893005371094e+01 6.878609408000000000e+10 3.699501149867501226e-09
3.302315673828125000e+02 4.042096640000000000e+10 4.827771249438228551e-07
1.772111663818359375e+02 3.285071462400000000e+10 1.390246211485646199e-07
4.877396545410156250e+02 2.067852928000000000e+09 1.053138930728891864e-06
4.714723205566406250e+01 2.434520678400000000e+10 9.840607440025905817e-09
7.848234863281250000e+02 1.297617203200000000e+10 2.726801540120504797e-06
4.490503845214843750e+02 2.402250496000000000e+09 8.926879218051908538e-07
1.665613937377929688e+01 3.150294272000000000e+09 1.228169344003049446e-09
1.600797271728515625e+02 4.820989542400000000e+10 1.134441802719265979e-07
1.372904968261718750e+02 6.109369139200000000e+10 8.344310487018447020e-08
4.098428726196289062e+01 1.015497625600000000e+10 7.436084192846692531e-09
7.370263061523437500e+02 4.238838784000000000e+09 2.404780616416246630e-06
4.139699935913085938e+01 1.204579942400000000e+10 7.586601569187223504e-09
1.482338409423828125e+02 1.320625152000000000e+10 9.727566663286779658e-08
2.945974426269531250e+02 2.973088972800000000e+10 3.842089597583253635e-07
4.949821166992187500e+02 1.344973952000000000e+09 1.084647351490275469e-06
8.110179901123046875e+01 2.970313728000000000e+09 2.911860264021015610e-08
2.913408508300781250e+02 1.253279744000000000e+09 3.757615161248395452e-07
1.843481636047363281e+01 2.365861478400000000e+10 1.504482427527875643e-09
6.800936889648437500e+02 1.541561753600000000e+10 2.047609086730517447e-06
2.808090972900390625e+01 2.283273420800000000e+10 3.490855382537461082e-09
3.756496429443359375e+01 8.079155200000000000e+09 6.247057093844432529e-09
2.764583015441894531e+01 5.351882240000000000e+09 3.383520352784330498e-09
6.982868194580078125e+01 4.030436147200000000e+10 2.158624923254137684e-08
1.059833450317382812e+02 1.052766924800000000e+10 4.972614320308821334e-08
9.003275299072265625e+01 5.254632960000000000e+09 3.588480268490457092e-08
1.160263366699218750e+02 1.362265472000000000e+09 5.959676485645104549e-08
1.415418243408203125e+02 4.319922995200000000e+10 8.869091061569633894e-08
7.125363922119140625e+01 7.626927308800000000e+10 2.247623953621769033e-08
1.204683685302734375e+01 6.460844032000000000e+09 6.424740184307609070e-10
6.464117431640625000e+02 2.859935129600000000e+10 1.849813770604669116e-06
1.087425136566162109e+01 1.872882688000000000e+09 5.234898070582971741e-10
1.264622974395751953e+01 2.377595136000000000e+09 7.079974384538445520e-10
1.775880279541015625e+02 1.859055616000000000e+09 1.396165458800169290e-07
2.763664550781250000e+02 1.297419776000000000e+09 3.381272506430832436e-07
2.601675720214843750e+02 4.002938060800000000e+10 2.996511057062889449e-07
9.698265380859375000e+02 3.702296985600000000e+10 4.163875019003171474e-06
8.303984832763671875e+01 5.061949952000000000e+09 3.052689478977299586e-08
1.145214462280273438e+02 8.649181184000000000e+09 5.806082015169522492e-08
1.010761356353759766e+01 2.697781504000000000e+09 4.522793528582980116e-10
2.206510314941406250e+02 5.770433536000000000e+09 2.155368008516234113e-07
2.856766662597656250e+02 1.235926656000000000e+09 3.612926207097189035e-07
3.435545349121093750e+02 1.111129344000000000e+09 5.225175527812098153e-07
2.607664489746093750e+02 8.701042688000000000e+09 3.010322018326405669e-07
2.167604522705078125e+02 9.151507660800000000e+10 2.080030157003420754e-07
3.036209106445312500e+02 9.712266240000000000e+09 4.081059046256996226e-07
4.581188354492187500e+02 5.145479987200000000e+10 9.291071592087973841e-07
7.036357421875000000e+02 5.774299545600000000e+10 2.191821977248764597e-06
9.927301025390625000e+02 5.037255168000000000e+09 4.362866548035526648e-06
1.673237991333007812e+01 2.893135360000000000e+09 1.239438440769902172e-09
3.144755554199218750e+02 3.011393126400000000e+10 4.378076425837207353e-07
3.929780883789062500e+02 2.383753984000000000e+09 6.836695547463023104e-07
4.544155883789062500e+02 1.727186688000000000e+09 9.141468808593344875e-07
2.535237731933593750e+02 5.247452774400000000e+10 2.845423523467616178e-07
7.390878906250000000e+02 1.018391424000000000e+09 2.418252961433609016e-06
8.788088378906250000e+02 3.717120000000000000e+10 3.418994083403958939e-06
2.342756843566894531e+01 2.072239513600000000e+10 2.429763057421041594e-09
1.800486373901367188e+01 6.263831552000000000e+09 1.435123242465863314e-09
3.652667846679687500e+02 5.074229760000000000e+09 5.906495630370045546e-07
3.268910980224609375e+01 6.430255104000000000e+09 4.730594582724734209e-09
6.455482788085937500e+02 5.736722022400000000e+10 1.844875100687204394e-06
4.963012390136718750e+02 2.350808268800000000e+10 1.090436171580222435e-06
2.317115402221679688e+01 4.622260736000000000e+09 2.376866925501985861e-09
8.810717010498046875e+01 3.126090752000000000e+09 3.436624140817912121e-08
5.615724487304687500e+02 6.179199488000000000e+09 1.396114839735673741e-06
3.466980743408203125e+01 2.108233088000000000e+09 5.321234564092947039e-09
3.921404724121093750e+02 6.223775334400000000e+10 6.807581485190894455e-07
7.450078735351562500e+02 9.562819584000000000e+09 2.457147729728603736e-06
7.959218597412109375e+01 2.272148480000000000e+10 2.804467236217078607e-08
6.980841827392578125e+01 1.053365657600000000e+10 2.157372414046676568e-08
1.429882240295410156e+01 2.071613952000000000e+09 9.051281946170774972e-10
1.768680381774902344e+01 6.324559360000000000e+09 1.384867553966273590e-09
3.574490356445312500e+02 3.611433472000000000e+09 5.656369239659397863e-07
1.014748764038085938e+01 4.216970752000000000e+09 4.558548538646789439e-10
1.280518035888671875e+02 6.500279091200000000e+10 7.259069434439879842e-08
1.170140743255615234e+01 3.951399731200000000e+10 6.061577906280035677e-10
1.333247833251953125e+02 1.615730944000000000e+09 7.869212481637077872e-08
5.280789947509765625e+01 4.871756800000000000e+09 1.234546065376207480e-08
1.445524902343750000e+02 1.197652684800000000e+10 9.250404531258027419e-08
3.984362792968750000e+02 9.836259328000000000e+09 7.027927608760364819e-07
3.597546768188476562e+01 1.878098534400000000e+10 5.729574592550079615e-09
4.184415893554687500e+02 2.771147980800000000e+10 7.751382895548886154e-07
1.013239002227783203e+01 3.142405324800000000e+10 4.544994103294897059e-10
7.442635345458984375e+01 2.709266432000000000e+10 2.452240188688392664e-08
1.961182975769042969e+01 1.293468800000000000e+09 1.702730068053881496e-09
1.134285049438476562e+02 8.612663296000000000e+10 5.695789440096632461e-08
1.495328044891357422e+01 3.590875136000000000e+10 9.898798447594003846e-10
2.870979309082031250e+01 7.345387008000000000e+09 3.648964463920378876e-09
2.299864387512207031e+01 2.117863628800000000e+10 2.341606908373705664e-09
2.496025657653808594e+01 5.435128217600000000e+10 2.758084649556735712e-09
1.478604278564453125e+02 9.801590374400000000e+10 9.678620216391209397e-08
1.104603958129882812e+01 1.566705152000000000e+10 5.401603608845562121e-10
9.650762176513671875e+01 1.294447616000000000e+09 4.123184638160637405e-08
3.079656982421875000e+01 6.233558016000000000e+09 4.198694281143389162e-09
1.574940643310546875e+02 2.817007616000000000e+09 1.098090010032137798e-07
5.580788574218750000e+02 1.313916288000000000e+09 1.378798174300754908e-06
9.989260864257812500e+01 6.708291174400000000e+10 4.417497123654356983e-08
1.983446044921875000e+02 4.312787968000000000e+09 1.741607462690808461e-07
2.157716522216796875e+02 1.331091251200000000e+10 2.061096466832168517e-07
3.149625778198242188e+01 2.391424614400000000e+10 4.391647046020352718e-09
1.911314201354980469e+01 1.364448563200000000e+10 1.617237233020318854e-09
6.088049316406250000e+01 1.283523584000000000e+10 1.640838576122405357e-08
4.072533874511718750e+02 3.917666816000000000e+09 7.342414960476162378e-07
3.192791748046875000e+01 2.423937024000000000e+09 4.512848317261841657e-09
3.364753341674804688e+01 4.592342220800000000e+10 5.012056103481654645e-09
7.838707733154296875e+01 8.275398656000000000e+10 2.720185321436474624e-08
1.041520404815673828e+01 3.810866176000000000e+09 4.802253039670745238e-10
3.314113616943359375e+01 4.225058048000000000e+09 4.862328317756237084e-09
5.639033203125000000e+02 4.680910848000000000e+09 1.407728291269449983e-06
4.260245132446289062e+01 1.366666342400000000e+10 8.034866993966716109e-09
6.309556274414062500e+02 6.793703424000000000e+10 1.762410875016939826e-06
1.774781990051269531e+01 6.649765888000000000e+10 1.394439119728474452e-09
1.834117889404296875e+02 2.443665408000000000e+09 1.489237604346271837e-07
1.805582618713378906e+01 1.260673024000000000e+10 1.443259067812618923e-09
2.007267456054687500e+02 7.487719936000000000e+09 1.783692482604237739e-07
3.321631622314453125e+01 3.492833024000000000e+09 4.884414206429710248e-09
5.665385437011718750e+01 1.001696153600000000e+10 1.420916184713405528e-08
4.777128601074218750e+02 7.965394944000000000e+09 1.010283767755026929e-06
3.685817718505859375e+01 7.371309568000000000e+09 6.014191367142984745e-09
3.118153686523437500e+02 1.286382336000000000e+09 4.304320100345648825e-07
4.111105728149414062e+01 9.006675968000000000e+09 7.482157116101006977e-09
1.187243270874023438e+02 5.362432409600000000e+10 6.240063044060661923e-08
5.182789993286132812e+01 9.224903884800000000e+10 1.189150289349072409e-08
1.020146751403808594e+01 3.158733004800000000e+10 4.607176307125371295e-10
6.548467254638671875e+01 4.402541772800000000e+10 1.898404811129239533e-08
1.516317653656005859e+01 1.548035072000000000e+09 1.017864348362707005e-09
5.785056152343750000e+02 2.939587584000000000e+10 1.481578465245547704e-06
1.037844085693359375e+02 7.218285056000000000e+09 4.768411443478726142e-08
7.444276733398437500e+02 1.421886771200000000e+10 2.453321940265595913e-06
8.840789031982421875e+01 5.355538432000000000e+10 3.460123210174970154e-08
2.146055984497070312e+01 2.473529958400000000e+10 2.038879731713905130e-09
7.054625244140625000e+02 1.954981248000000000e+09 2.203217718488303944e-06
2.232312927246093750e+02 2.003951616000000000e+10 2.206071769705886254e-07
4.310971069335937500e+02 2.199029555200000000e+10 8.227345347222581040e-07
5.372805023193359375e+01 3.804971827200000000e+10 1.277943617594701209e-08
1.849256439208984375e+02 9.776236544000000000e+09 1.513923137963502086e-07
9.479729614257812500e+02 4.799023923200000000e+10 3.978335826104739681e-06
2.575133666992187500e+02 6.275732275200000000e+10 2.935682630322844489e-07
3.405713653564453125e+01 5.870787788800000000e+10 5.134826341901543856e-09
1.890895385742187500e+02 7.898242560000000000e+09 1.582867241722851759e-07
3.308745422363281250e+02 1.012093184000000000e+09 4.846589263252099045e-07
1.658111267089843750e+02 1.135788800000000000e+09 1.217129721453602542e-07
3.156593704223632812e+01 2.256383488000000000e+09 4.411099929768624861e-09
3.667584609985351562e+01 1.145609600000000000e+09 5.954836179711264776e-09
3.713423461914062500e+02 1.871512780800000000e+10 6.104617682467505801e-07
1.661206626892089844e+01 9.327239987200000000e+10 1.221678092022671080e-09
2.431810150146484375e+02 8.310262169600000000e+10 2.617995278342277743e-07
2.603787231445312500e+01 1.318725376000000000e+09 3.001376480682438341e-09
5.712034988403320312e+01 1.055113088000000000e+09 1.444412500717362491e-08
3.000240478515625000e+02 5.430886400000000000e+09 3.984938530265935697e-07
3.431718444824218750e+01 3.407592960000000000e+09 5.213540710258257604e-09
7.665274658203125000e+02 2.258296832000000000e+10 2.601147343739285134e-06
4.158625793457031250e+02 2.742051840000000000e+10 7.656128104827075731e-07
2.904793739318847656e+01 1.396988928000000000e+10 3.735425746498322042e-09
2.086430358886718750e+02 3.966518886400000000e+10 1.927158024273012416e-07
2.503538970947265625e+02 5.208287232000000000e+09 2.774714289444091264e-07
8.986484985351562500e+02 1.056109158400000000e+10 3.575108394215931185e-06
5.848039627075195312e+01 2.535937843200000000e+10 1.514014869030688715e-08
1.325363159179687500e+02 1.294038016000000000e+09 7.776412047633129987e-08
6.745465698242187500e+02 1.472433356800000000e+10 2.014342726397444494e-06
3.123992729187011719e+01 3.319077068800000000e+10 4.320455992967708880e-09
9.855292358398437500e+02 2.422405734400000000e+10 4.299802640161942691e-06
1.504322242736816406e+01 1.812558028800000000e+10 1.001823624058317819e-09
5.347398681640625000e+02 9.789061120000000000e+09 1.265886112378211692e-06
3.362659072875976562e+01 1.462271616000000000e+09 5.005819758707730216e-09
7.913075256347656250e+01 7.119548416000000000e+09 2.772044283005925536e-08
3.705342102050781250e+02 3.807555072000000000e+09 6.078075784898828715e-07
3.738535308837890625e+01 5.221109760000000000e+09 6.187461654150183676e-09
1.170153274536132812e+02 1.833296256000000000e+09 6.061708290872047655e-08
2.050512542724609375e+02 2.270454016000000000e+09 1.861377114664719556e-07
4.081492309570312500e+02 4.319451136000000000e+10 7.374753181466076057e-07
1.434623050689697266e+01 1.142015232000000000e+09 9.111401078065739512e-10
8.313303833007812500e+02 4.652182323200000000e+10 3.059544724237639457e-06
4.495639343261718750e+02 1.795690496000000000e+10 8.947309311224671546e-07
5.916638183593750000e+02 3.519372083200000000e+10 1.549742364659323357e-06
2.908330078125000000e+02 1.034077388800000000e+10 3.744526679838600103e-07
8.872719116210937500e+02 4.532464844800000000e+10 3.485162096694693901e-06
2.211876487731933594e+01 1.523602841600000000e+10 2.165864598779876360e-09
4.256598663330078125e+01 8.575299072000000000e+09 8.021118880208177870e-09
4.001315307617187500e+01 2.445354598400000000e+10 7.087858744370123532e-09
3.672340698242187500e+02 5.406496768000000000e+09 5.970290430923341773e-07
1.142154979705810547e+01 3.237802496000000000e+09 5.775100953009371096e-10
4.011540985107421875e+01 1.758868608000000000e+09 7.124132839209096346e-09
1.291684436798095703e+01 1.400647372800000000e+10 7.386222189431634888e-10
2.369741439819335938e+01 2.615307520000000000e+09 2.486059136330709407e-09
4.017879867553710938e+01 4.173686374400000000e+10 7.146665481627678673e-09
6.129247665405273438e+01 2.568547840000000000e+09 1.663121018680158159e-08
4.724305725097656250e+01 6.628890112000000000e+09 9.880649187721246562e-09
9.770744018554687500e+02 8.513630720000000000e+09 4.226343662594445050e-06
8.240631866455078125e+01 4.234518528000000000e+10 3.006287485618486244e-08
2.186570739746093750e+02 2.607260416000000000e+09 2.116589286060843733e-07
1.149767780303955078e+01 5.196853760000000000e+09 5.852343054613129425e-10
6.031280517578125000e+02 2.327058022400000000e+10 1.610380650163278915e-06
5.921133422851562500e+02 8.267915264000000000e+10 1.552098069623752963e-06
2.142439880371093750e+02 8.264503296000000000e+10 2.032014521091696224e-07
2.436167907714843750e+02 4.278778675200000000e+10 2.627386663789366139e-07
7.446765136718750000e+01 3.568773939200000000e+10 2.454962277909089607e-08
1.582530364990234375e+02 6.967437721600000000e+10 1.108698981511224702e-07
1.550524444580078125e+02 7.048947200000000000e+09 1.064306687226235226e-07
4.522523498535156250e+01 2.581010688000000000e+09 9.054640592864870996e-09
4.651978683471679688e+01 2.494977536000000000e+09 9.580428894651049632e-09
1.809334754943847656e+01 6.169071616000000000e+10 1.449263598019001620e-09
3.672835540771484375e+01 3.546014720000000000e+09 5.971899419421333732e-09
6.898673248291015625e+01 1.476479795200000000e+10 2.106884444685874769e-08
1.276912231445312500e+02 9.585106944000000000e+09 7.218245201556783286e-08
1.259655952453613281e+01 3.624768307200000000e+10 7.024467674199286193e-10
1.632356109619140625e+02 2.498227712000000000e+09 1.179612425517007068e-07
4.419203186035156250e+01 1.404666572800000000e+10 8.645645976912419428e-09
1.242315483093261719e+01 4.338427392000000000e+09 6.832400756273671050e-10
1.520333709716796875e+02 2.661401088000000000e+09 1.023263180854883103e-07
4.705830001831054688e+01 4.470312140800000000e+10 9.803518885576067987e-09
1.891777229309082031e+01 7.594972672000000000e+09 1.584344211380539491e-09
2.440325164794921875e+01 5.609455206400000000e+10 2.636361129404463099e-09
9.801107788085937500e+01 4.071900160000000000e+09 4.252651919500749500e-08
7.216643524169921875e+01 2.864968704000000000e+10 2.305579371864041605e-08
1.664510917663574219e+01 3.045665536000000000e+09 1.226542978294276054e-09
7.878603515625000000e+02 3.251168512000000000e+09 2.747944790826295502e-06
1.343885612487792969e+01 7.183306752000000000e+09 7.995288875406458828e-10
6.330580902099609375e+01 1.512839168000000000e+09 1.774175828472834837e-08
9.760812377929687500e+02 2.493308928000000000e+10 4.217755758872954175e-06
8.723487548828125000e+02 1.596175872000000000e+09 3.368913439771858975e-06
9.844016723632812500e+02 5.141174272000000000e+10 4.289969638193724677e-06
1.992957611083984375e+02 3.095019929600000000e+10 1.758351260150448070e-07
1.539312076568603516e+01 1.393649408000000000e+09 1.048969577865932479e-09
3.196101760864257812e+01 1.458373504000000000e+09 4.522210161894690827e-09
2.108172416687011719e+01 7.194050560000000000e+10 1.967531915170184220e-09
2.005485687255859375e+02 7.382126080000000000e+09 1.780527441042067949e-07
1.031295490264892578e+01 2.000541696000000000e+10 4.708425871413624009e-10
4.321867370605468750e+02 2.825940582400000000e+10 8.268988835880008992e-07
4.649772644042968750e+02 2.361810124800000000e+10 9.571343753123073839e-07
5.999813842773437500e+01 1.058013824000000000e+09 1.593621057338623359e-08
4.970228195190429688e+01 4.070197248000000000e+10 1.093609203195455848e-08
1.437737846374511719e+01 9.390957568000000000e+09 9.151008284469241971e-10
2.024810218811035156e+01 6.738001920000000000e+10 1.815006589467316189e-09
2.055379295349121094e+01 6.948257792000000000e+10 1.870223309552443425e-09
4.038831710815429688e+01 1.208145152000000000e+09 7.221394149325988110e-09
6.538139343261718750e+01 3.612320972800000000e+10 1.892421508387087670e-08
4.109906768798828125e+01 1.193032089600000000e+10 7.477793495525020262e-09
5.803032836914062500e+02 7.439173632000000000e+09 1.490800855208362918e-06
1.480689334869384766e+01 5.220453376000000000e+09 9.705936054871244778e-10
2.151193809509277344e+01 1.759522611200000000e+10 2.048653913178100083e-09
8.733475494384765625e+01 3.077462272000000000e+09 3.376632307094951102e-08
5.125543823242187500e+02 1.427841024000000000e+10 1.163026126960176043e-06
3.898449707031250000e+01 2.459566592000000000e+09 6.728114954057673458e-09
4.204951858520507812e+01 8.110436352000000000e+10 7.827653192293837492e-09
3.630369186401367188e+01 4.669153792000000000e+09 5.834599914322780023e-09
3.912361526489257812e+01 1.807269683200000000e+10 6.776219585447051941e-09
4.433932495117187500e+01 1.361854336000000000e+09 8.703374021479248768e-09
1.837969512939453125e+02 1.370149478400000000e+10 1.495499049042336992e-07
4.759459686279296875e+01 1.128925696000000000e+10 1.002824312479333457e-08
1.233500595092773438e+02 4.580580556800000000e+10 6.735785262890203740e-08
9.275494384765625000e+01 2.007234304000000000e+09 3.808760595802596072e-08
8.798346557617187500e+02 2.989897472000000000e+09 3.426980811127577908e-06
1.773842468261718750e+02 1.446753536000000000e+09 1.392963042690098519e-07
4.896305084228515625e+01 6.329577472000000000e+09 1.061320364925677495e-08
4.485443115234375000e+02 1.213428838400000000e+10 8.906770290195709094e-07
8.240410766601562500e+02 5.513164800000000000e+10 3.006126689797383733e-06
1.437341766357421875e+02 1.315654246400000000e+10 9.145966117785064853e-08
1.407054233551025391e+01 6.957112320000000000e+09 8.764581838072160735e-10
2.134855346679687500e+02 4.227831808000000000e+09 2.017652604990871623e-07
4.935853958129882812e+01 8.326158745600000000e+10 1.078534683784937442e-08
1.756525878906250000e+02 2.007221120000000000e+09 1.365899180427732063e-07
1.742012176513671875e+02 4.310171648000000000e+09 1.343420166222131229e-07
7.110483551025390625e+01 3.403985664000000000e+09 2.238245677688155411e-08
8.628222656250000000e+01 2.685485670400000000e+10 3.295734529729088536e-08
7.792433929443359375e+01 1.281877913600000000e+10 2.688164002506709949e-08
2.893461990356445312e+01 2.441377024000000000e+09 3.706338569386957715e-09
4.981336059570312500e+02 8.734674944000000000e+09 1.098502934837597422e-06
8.397467041015625000e+02 6.388767232000000000e+09 3.121807594652636908e-06
2.443829193115234375e+02 1.402091622400000000e+10 2.643937762059067609e-07
5.877244186401367188e+01 1.157285760000000000e+09 1.529174298298130452e-08
1.128662681579589844e+01 1.400942080000000000e+09 5.639464450979403409e-10
1.317117767333984375e+02 2.931777024000000000e+09 7.679956581796432147e-08
2.886948242187500000e+02 5.314349875200000000e+10 3.689669654249883024e-07
1.559164428710937500e+01 4.131304243200000000e+10 1.076200906169333393e-09
2.073232879638671875e+02 1.887909760000000000e+09 1.902855046864715405e-07
1.512751579284667969e+01 4.268607488000000000e+09 1.013082395751041531e-09
4.576842880249023438e+01 2.418654720000000000e+09 9.273454004699033248e-09
3.204626846313476562e+01 9.485238272000000000e+09 4.546366394464484983e-09
1.083064193725585938e+02 2.669539737600000000e+10 5.192995544689438248e-08
6.352166748046875000e+02 6.021012684800000000e+10 1.786295456440711860e-06
2.787704772949218750e+02 1.484392243200000000e+10 3.440353282258001855e-07
3.224024963378906250e+01 3.523960320000000000e+09 4.601572456408575817e-09
1.741687774658203125e+02 1.064273088000000000e+09 1.342919944136156118e-07
2.461966705322265625e+02 2.030460518400000000e+10 2.683328830244136043e-07
7.192376708984375000e+01 6.266835353600000000e+10 2.290099843094139942e-08
2.120309600830078125e+02 1.465102745600000000e+10 1.990251945471754880e-07
1.824627380371093750e+02 1.757203456000000000e+09 1.473865722800837830e-07
2.125133895874023438e+01 5.532245504000000000e+09 1.999319154677436927e-09
5.704482650756835938e+01 4.714499072000000000e+09 1.440595553958701203e-08
4.411483001708984375e+01 1.649700608000000000e+09 8.615464786032589473e-09
3.428200988769531250e+02 3.368332288000000000e+09 5.202859370001533534e-07
2.248987121582031250e+02 4.748331827200000000e+10 2.239151370986292022e-07
8.006133270263671875e+01 5.629691084800000000e+10 2.837625956431111263e-08
2.307466125488281250e+01 1.262675200000000000e+09 2.357112061091015676e-09
3.135493850708007812e+01 8.581270732800000000e+10 4.352326499201808474e-09
1.383233261108398438e+01 5.010524160000000000e+09 8.470331103183070809e-10
1.962377738952636719e+01 3.360368640000000000e+09 1.704805074886905913e-09
1.765663146972656250e+01 7.915657728000000000e+09 1.380146663620962499e-09
1.644593238830566406e+01 4.661242368000000000e+09 1.197364762894892465e-09
1.347758636474609375e+02 7.918436352000000000e+10 8.041439514272497036e-08
1.726053619384765625e+02 7.470314496000000000e+09 1.318918947390557150e-07
4.641180114746093750e+02 4.812681625600000000e+10 9.536002494314743672e-07
7.364552307128906250e+01 5.753999360000000000e+10 2.401055887446545967e-08
4.130839538574218750e+02 1.501910630400000000e+10 7.554159537903615274e-07
1.080613784790039062e+02 1.077703936000000000e+09 5.169523831227706978e-08
3.844498443603515625e+01 4.253907353600000000e+10 6.543180219864552782e-09
5.096607971191406250e+01 5.392234496000000000e+09 1.149931527777425799e-08
3.748690032958984375e+01 1.136554752000000000e+09 6.221120063543139622e-09
2.845152473449707031e+01 6.511822028800000000e+10 3.583608965129769786e-09
2.740018920898437500e+02 7.521357004800000000e+10 3.323659996112837689e-07
1.515816879272460938e+01 2.767268096000000000e+09 1.017192108321296473e-09
9.282193756103515625e+01 4.471477248000000000e+09 3.814264104562425928e-08
1.388709735870361328e+01 6.174529024000000000e+09 8.537535123309680785e-10
1.032154750823974609e+01 2.544123904000000000e+09 4.716275703309236178e-10
6.015118026733398438e+01 7.673214464000000000e+09 1.601761567826542887e-08
4.643144226074218750e+01 1.603276800000000000e+10 9.544074863754303806e-09
7.059934234619140625e+01 9.042575360000000000e+10 2.206535043569601839e-08
1.491951847076416016e+01 2.766534246400000000e+10 9.854149718435678551e-10
8.397593688964843750e+01 6.622116659200000000e+10 3.121901670510851545e-08
2.936665649414062500e+02 4.010648371200000000e+10 3.817847016307496233e-07
4.966902160644531250e+01 1.007133056000000000e+09 1.092146106884683832e-08
3.277569885253906250e+02 4.253395763200000000e+10 4.755688962632120820e-07
2.092857360839843750e+02 2.096614272000000000e+09 1.939048956955957692e-07
8.973006439208984375e+01 1.017293004800000000e+10 3.564392159205453936e-08
1.307148933410644531e+01 8.625435648000000000e+09 7.564141535354451662e-10
1.070709991455078125e+01 1.128358784000000000e+09 5.075201370274839974e-10
6.371123046875000000e+02 5.581829324800000000e+10 1.796972810552688316e-06
1.094058380126953125e+02 1.485035622400000000e+10 5.298958782873341988e-08
8.106322479248046875e+01 4.499288576000000000e+09 2.909090746072706679e-08
1.139364547729492188e+02 2.467574272000000000e+09 5.746917253190986230e-08
1.511784362792968750e+01 2.666112256000000000e+09 1.011787209570513824e-09
3.001969528198242188e+01 3.655857356800000000e+10 3.989533148285318020e-09
3.093372154235839844e+01 4.410872320000000000e+09 4.236174966365524597e-09
5.638124465942382812e+01 3.584782745600000000e+10 1.407274563547389334e-08
2.034920120239257812e+01 1.250036480000000000e+09 1.833176499488331501e-09
2.098809356689453125e+02 7.008590233600000000e+10 1.950093917457706993e-07
5.272950744628906250e+01 3.592715468800000000e+10 1.230883484026890073e-08
2.187904510498046875e+02 2.200884224000000000e+10 2.119172108905331697e-07
1.621663970947265625e+02 1.634358016000000000e+09 1.164209848525388225e-07
4.350046920776367188e+01 5.309858816000000000e+09 8.377171845097564074e-09
1.730516815185546875e+02 3.748788224000000000e+10 1.325748399949588929e-07
1.889355316162109375e+02 6.436571648000000000e+09 1.580290103220249875e-07
7.456035766601562500e+02 2.245087436800000000e+10 2.461078565829666331e-06
8.873218994140625000e+02 5.746277580800000000e+10 3.485554998405859806e-06
1.204755020141601562e+01 8.341777408000000000e+09 6.425501242190989615e-10
2.171387939453125000e+02 4.617699328000000000e+09 2.087297445996227907e-07
1.191537551879882812e+02 1.200100224000000000e+09 6.285285536478113499e-08
1.381490936279296875e+02 2.124717260800000000e+10 8.449005406419018982e-08
4.190823745727539062e+01 3.442736332800000000e+10 7.775141419585906988e-09
3.606742095947265625e+01 2.751431680000000000e+09 5.758902243968577750e-09
2.804372978210449219e+01 1.608651571200000000e+10 3.481617438794160080e-09
5.704255676269531250e+01 9.036219392000000000e+09 1.440480890124717916e-08
2.356109313964843750e+02 9.940743168000000000e+09 2.457538812450366095e-07
2.031519927978515625e+02 5.655419904000000000e+09 1.827055200465110829e-07
1.167292499542236328e+01 1.097371136000000000e+09 6.032105370756823959e-10
8.647745971679687500e+02 2.033512038400000000e+10 3.310666215838864446e-06
2.991362953186035156e+01 3.035537203200000000e+10 3.961391659146329403e-09
1.281784248352050781e+01 5.799090585600000000e+10 7.273431856802403672e-10
3.261862564086914062e+01 1.076193484800000000e+10 4.710215772973924686e-09
2.184860992431640625e+02 9.481947545600000000e+10 2.113280572757503251e-07
2.349461364746093750e+01 9.911220224000000000e+09 2.443690139131149408e-09
1.699489402770996094e+01 1.857458688000000000e+09 1.278634531587385936e-09
2.880143928527832031e+01 3.397240422400000000e+10 3.672298021228925791e-09
2.101035003662109375e+02 5.592423628800000000e+10 1.954231976242226665e-07
4.993863525390625000e+02 2.329127168000000000e+09 1.104035050047968980e-06
4.569623184204101562e+01 8.810706534400000000e+10 9.244221388371443027e-09
2.618391990661621094e+01 2.063851929600000000e+10 3.035140805351943527e-09
8.014544677734375000e+01 3.501545472000000000e+10 2.843591495604869124e-08
1.602915496826171875e+02 2.558544896000000000e+10 1.137446048460333259e-07
2.806514358520507812e+01 3.609760972800000000e+10 3.486936739349744130e-09
1.792745399475097656e+01 9.962677043200000000e+10 1.422809425832838315e-09
8.953566741943359375e+01 3.063756288000000000e+09 3.548964855326630641e-08
1.947850990295410156e+01 1.507970252800000000e+10 1.679658412356843655e-09
4.606382369995117188e+01 1.125593216000000000e+09 9.393544608826687181e-09
1.255145835876464844e+01 4.298814259200000000e+10 6.974256172576076551e-10
1.540838813781738281e+01 9.462408806400000000e+10 1.051051357059407110e-09
6.279300537109375000e+02 5.738917888000000000e+09 1.745549184306582902e-06
7.469100341796875000e+02 5.570252390400000000e+10 2.469710807417868637e-06
1.848042297363281250e+02 3.943717888000000000e+09 1.511935749931581086e-07
6.643850708007812500e+01 1.422207692800000000e+10 1.954111006341463508e-08
3.103628158569335938e+01 3.928422144000000000e+09 4.264311126433995014e-09
2.908247070312500000e+02 1.667765632000000000e+09 3.744312380149494857e-07
1.821815681457519531e+01 2.467432960000000000e+09 1.469326771363910211e-09
2.511204833984375000e+02 4.832141312000000000e+09 2.791732640616828576e-07
2.228284454345703125e+02 8.327816704000000000e+09 2.198116959561957628e-07
9.169121551513671875e+01 2.943698329600000000e+10 3.721902075426442025e-08
3.634068908691406250e+02 1.340224512000000000e+09 5.846497970196651295e-07
7.357735443115234375e+01 1.333594368000000000e+09 2.396612508448470180e-08
9.433627319335937500e+02 4.063414272000000000e+10 3.939734597224742174e-06
1.764252014160156250e+02 7.348866252800000000e+10 1.377941458713394240e-07
2.838312149047851562e+01 4.458006118400000000e+10 3.566398065757425684e-09
1.183954524993896484e+01 3.137144217600000000e+10 6.205539970771667413e-10
1.610753021240234375e+02 1.361650483200000000e+10 1.148596453504069359e-07
5.378193283081054688e+01 7.103361536000000000e+09 1.280508143963743350e-08
8.903534545898437500e+02 4.658942464000000000e+09 3.509412636049091816e-06
6.809001159667968750e+01 3.322857267200000000e+10 2.052467884539055376e-08
8.667903900146484375e+01 3.441908121600000000e+10 3.326118402924294060e-08
1.579716033935546875e+02 6.591008768000000000e+10 1.104759022041434946e-07
2.505549240112304688e+01 4.712533504000000000e+09 2.779171781597256086e-09
1.484268188476562500e+02 9.702123929600000000e+10 9.752912433214078192e-08
6.433082580566406250e+01 9.649004544000000000e+09 1.832094120857163944e-08
3.555560302734375000e+01 4.256210944000000000e+10 5.596617391745439818e-09
1.069642486572265625e+02 3.742263296000000000e+10 5.065085417754744412e-08
4.725649642944335938e+01 1.585938432000000000e+10 9.886271357117948355e-09
7.610322570800781250e+01 1.054561484800000000e+10 2.563986178927279980e-08
8.924522705078125000e+02 7.777637990400000000e+10 3.525977490426157601e-06
5.641079330444335938e+01 8.121218662400000000e+10 1.408750094356037152e-08
2.256145858764648438e+01 1.696266854400000000e+10 2.253428776910482156e-09
7.672883300781250000e+02 1.516582528000000000e+09 2.606313728392706253e-06
4.729150085449218750e+02 5.743878963200000000e+10 9.900923032546415925e-07
3.233239746093750000e+01 1.437711872000000000e+10 4.627914496069251982e-09
3.670372009277343750e+01 2.848229171200000000e+10 5.963890714610897703e-09
4.779354858398437500e+01 2.187492761600000000e+10 1.011225680969118912e-08
2.742849349975585938e+01 1.344671872000000000e+09 3.330530740086601327e-09
7.333994293212890625e+01 3.687934720000000000e+09 2.381171348986299563e-08
2.000543594360351562e+01 2.082266726400000000e+10 1.771762625502049104e-09
1.980966949462890625e+01 3.150179584000000000e+09 1.737256560829791852e-09
1.969265747070312500e+01 1.247322316800000000e+10 1.716794151285228054e-09
2.300178909301757812e+01 2.036338304000000000e+09 2.342247285014309455e-09
8.431198120117187500e+01 3.451922841600000000e+10 3.146937643805358675e-08
1.174821624755859375e+02 9.605971968000000000e+09 6.110171568707301049e-08
3.702424240112304688e+01 4.161090560000000000e+09 6.068507030221326204e-09
4.574705200195312500e+02 8.088471552000000000e+09 9.264793447982810903e-07
3.559956359863281250e+01 3.237339955200000000e+10 5.610465425576194320e-09
9.826775512695312500e+02 7.888555212800000000e+10 4.274955244909506291e-06
2.391847229003906250e+01 2.090925312000000000e+09 2.532657195075671552e-09
3.845719604492187500e+02 3.421911808000000000e+09 6.547337534357211553e-07
5.329309692382812500e+02 1.596085888000000000e+09 1.257336293747357558e-06
4.530957031250000000e+01 1.272846720000000000e+09 9.088441110804978962e-09
6.521998291015625000e+02 5.531511296000000000e+09 1.883089339571597520e-06
1.461655426025390625e+02 2.789274214400000000e+10 9.458004512907791650e-08
4.175502929687500000e+02 4.962409676800000000e+10 7.718396659583959263e-07
6.999871826171875000e+02 3.104270080000000000e+09 2.169150775443995371e-06
3.267494964599609375e+01 1.513897216000000000e+09 4.726497415674657532e-09
4.596454162597656250e+02 1.448253337600000000e+10 9.353095151709567290e-07
1.250975189208984375e+02 1.555639705600000000e+10 6.927984230742367799e-08
8.313064575195312500e+02 4.865065369600000000e+10 3.059368509639170952e-06
1.810667572021484375e+02 7.233905664000000000e+09 1.451399498364480678e-07
1.542998027801513672e+01 5.943494246400000000e+10 1.053999221234391825e-09
3.361050033569335938e+01 8.916077772800000000e+10 5.001030700668707141e-09
3.638648986816406250e+01 4.599101440000000000e+09 5.861243934646154230e-09
3.714451904296875000e+02 1.702730112000000000e+09 6.107999865889723878e-07
5.128411865234375000e+02 3.137795891200000000e+10 1.164328068625763990e-06
9.906719360351562500e+02 2.319611136000000000e+09 4.344794888311298564e-06
3.824636459350585938e+01 1.263181414400000000e+10 6.475747049705660174e-09
8.805593109130859375e+01 5.963569152000000000e+10 3.432628048471997317e-08
1.018943862915039062e+02 7.769959628800000000e+10 4.596317637606261997e-08
1.407082748413085938e+01 1.280318592000000000e+09 8.764937109440040786e-10
1.300015258789062500e+01 8.243590758400000000e+10 7.481805175402200803e-10
8.335980834960937500e+02 2.265494937600000000e+10 3.076259190493146889e-06
1.288777923583984375e+02 1.142588544000000000e+09 7.353019526590287569e-08
1.109932098388671875e+02 3.670746368000000000e+09 5.453839690972017706e-08
1.041738128662109375e+01 1.033141862400000000e+10 4.804261433122292146e-10
5.955725097656250000e+02 2.066634624000000000e+09 1.570286144669807982e-06
1.195997467041015625e+02 6.847374336000000000e+09 6.332425073196645826e-08
1.128598937988281250e+02 7.394345779200000000e+10 5.638827715870320390e-08
3.979409484863281250e+02 2.356020019200000000e+10 7.010464173617947381e-07
8.915060424804687500e+02 3.047567360000000000e+10 3.518504172461689450e-06
5.636237182617187500e+02 4.536912281600000000e+10 1.406332557962741703e-06
4.944265747070312500e+01 2.188157440000000000e+09 1.082214051706387181e-08
4.964852142333984375e+01 3.590445824000000000e+09 1.091244694606530174e-08
2.519789733886718750e+02 5.189131878400000000e+10 2.810853061419038568e-07
1.053891944885253906e+01 7.846681600000000000e+09 4.917017348837759982e-10
1.023049354553222656e+01 1.676926080000000000e+09 4.633430861211706997e-10
4.139144897460937500e+01 9.380183040000000000e+09 7.584566752427690517e-09
4.429024658203125000e+02 1.057152832000000000e+09 8.684118029123055749e-07
3.996648559570312500e+02 1.291407744000000000e+09 7.071336085573420860e-07
5.508967285156250000e+02 2.943625420800000000e+10 1.343537974207720254e-06
3.240275878906250000e+02 1.979979571200000000e+10 4.648079254820913775e-07
1.307626342773437500e+02 1.476006784000000000e+09 7.569667559437220916e-08
2.621130371093750000e+01 7.896414720000000000e+09 3.041492391275824048e-09
1.777827644348144531e+01 5.971308032000000000e+09 1.399229065945917228e-09
6.286385498046875000e+02 9.112581734400000000e+10 1.749490365909878165e-06
7.957683715820312500e+02 1.183354163200000000e+10 2.803385996230645105e-06
1.529639739990234375e+02 1.045779008000000000e+09 1.035828418594064715e-07
5.300376129150390625e+01 6.673078784000000000e+09 1.243720859633867803e-08
7.313156890869140625e+01 1.231660953600000000e+10 2.367660023594453378e-08
5.735033416748046875e+01 3.261963059200000000e+10 1.456067177940667534e-08
2.798933982849121094e+01 2.407944192000000000e+10 3.468125786554310253e-09
1.069813156127929688e+02 4.740199628800000000e+10 5.066702257749966520e-08
7.024923095703125000e+02 8.431442432000000000e+09 2.184704271712689660e-06
5.082100524902343750e+02 1.866144358400000000e+10 1.143394229075056501e-06
5.302183227539062500e+02 1.272540160000000000e+09 1.244569148184382357e-06
1.704352188110351562e+01 2.048257024000000000e+10 1.285962225594516894e-09
3.171237792968750000e+02 1.930229888000000000e+09 4.452122368547861697e-07
1.170527839660644531e+01 9.399232102400000000e+10 6.065589142068006367e-10
2.132409858703613281e+01 2.211766681600000000e+10 2.013032851522211786e-09
3.336119079589843750e+02 5.816273920000000000e+09 4.927113650410319678e-07
1.720246124267578125e+01 3.253267456000000000e+10 1.310058617143283755e-09
4.257675552368164062e+01 2.026824192000000000e+09 8.025177855586207443e-09
2.970394592285156250e+02 4.423797145600000000e+10 3.906050096702529117e-07
7.070522460937500000e+02 1.662173056000000000e+09 2.213158495578682050e-06
5.059507751464843750e+02 6.482366054400000000e+10 1.133250862039858475e-06
9.906240844726562500e+01 8.536413798400000000e+10 4.344375170717285073e-08
1.065231037139892578e+01 6.156858982400000000e+10 5.023392812830707044e-10
3.616872863769531250e+02 2.013352192000000000e+09 5.791299599877675064e-07
2.658706092834472656e+01 8.470563840000000000e+09 3.129321690664710331e-09
2.174100189208984375e+02 5.090459648000000000e+10 2.092515103413461475e-07
3.581314468383789062e+01 9.696237158400000000e+10 5.677987413577056941e-09
5.436309051513671875e+01 6.783421644800000000e+10 1.308331487592795384e-08
6.077060699462890625e+01 1.871175936000000000e+09 1.634920465676259482e-08
2.758918151855468750e+02 2.175827148800000000e+10 3.369668206687492784e-07
1.129826889038085938e+02 1.650122368000000000e+09 5.651104117987415520e-08
3.693346252441406250e+02 2.121434316800000000e+10 6.038784476913860999e-07
2.538658142089843750e+02 9.207646208000000000e+09 2.853106479960842989e-07
6.700153198242187500e+02 8.487999078400000000e+10 1.987371206269017421e-06
9.224962615966796875e+01 5.263784755200000000e+10 3.767374323615513276e-08
2.247527122497558594e+01 1.141905100800000000e+10 2.236245189024543834e-09
5.797275924682617188e+01 1.240584499200000000e+10 1.487844158987172705e-08
1.422795581817626953e+01 2.730699776000000000e+10 8.961785202821204166e-10
3.862246704101562500e+02 4.504970854400000000e+10 6.603734163945773616e-07
6.335253524780273438e+01 1.854182604800000000e+10 1.776795777175266267e-08
4.136194610595703125e+01 1.780742963200000000e+10 7.573758509238359693e-09
1.063478775024414062e+02 5.007420416000000000e+09 5.006879533198116405e-08
5.795866088867187500e+02 1.508001280000000000e+09 1.487120584897638764e-06
1.969932250976562500e+02 3.571311411200000000e+10 1.717956195079750614e-07
2.893021240234375000e+02 1.013395558400000000e+10 3.705209508098050719e-07
1.426900196075439453e+01 3.436293632000000000e+09 9.013567114912746092e-10
2.090019989013671875e+01 2.379468390400000000e+10 1.933794901987084813e-09
8.693453979492187500e+02 1.435854848000000000e+09 3.345755885675316676e-06
7.705088500976562500e+02 2.485696102400000000e+10 2.628238689794670790e-06
1.142179965972900391e+01 1.640674816000000000e+09 5.775354083858985632e-10
3.652184143066406250e+02 7.805354496000000000e+09 5.904931299482996110e-07
1.326152191162109375e+02 5.967861350400000000e+10 7.785673972193762893e-08
9.126648712158203125e+01 1.621020057600000000e+10 3.687501504145984654e-08
6.990367431640625000e+02 2.079252889600000000e+10 2.163263843613094650e-06
3.865788879394531250e+02 3.823919513600000000e+10 6.615851475544332061e-07
2.347523498535156250e+02 2.984492544000000000e+09 2.439660704567359062e-07
1.563966522216796875e+02 1.400609996800000000e+10 1.082840341837254527e-07
5.171900024414062500e+02 1.373856256000000000e+09 1.184158350042707752e-06
1.406998634338378906e+01 1.741562752000000000e+09 8.763889614016306950e-10
1.543692474365234375e+02 3.540525056000000000e+09 1.054948057799265371e-07
1.443681793212890625e+02 5.901192704000000000e+09 9.226828723285507294e-08
1.024289016723632812e+02 9.399727718400000000e+10 4.644666518061058014e-08
1.660954742431640625e+02 1.480451788800000000e+10 1.221307712739871931e-07
4.404319152832031250e+02 2.256824729600000000e+10 8.587506385993037838e-07
1.705220985412597656e+01 9.742201651200000000e+10 1.287273510008901667e-09
9.658159790039062500e+02 1.750275686400000000e+10 4.129507942707277834e-06
9.479469604492187500e+02 4.856557568000000000e+10 3.978117547376314178e-06
2.668802490234375000e+02 3.139905024000000000e+09 3.153133718569733901e-07
1.805719375610351562e+01 1.705545216000000000e+09 1.443477559703865154e-09
1.295322990417480469e+01 2.280401920000000000e+10 7.427893300437915514e-10
4.159801940917968750e+02 6.849250304000000000e+09 7.660460141778457910e-07
7.617313232421875000e+02 7.608403558400000000e+10 2.568698619143106043e-06
1.912751159667968750e+02 3.156379852800000000e+10 1.619669660612998996e-07
4.943156433105468750e+02 4.040639232000000000e+09 1.081728441931772977e-06
5.690826034545898438e+01 8.152902860800000000e+10 1.433706131592771271e-08
2.171519470214843750e+01 1.500613222400000000e+10 2.087550576845842443e-09
2.186580810546875000e+02 3.847118848000000000e+10 2.116608754931803560e-07
1.890866546630859375e+02 1.952175104000000000e+09 1.582819066925367224e-07
1.450168418884277344e+01 1.380794572800000000e+10 9.309929493994673066e-10
7.214420318603515625e+01 2.235982643200000000e+10 2.304158819299573224e-08
4.055429840087890625e+01 6.792429158400000000e+10 7.280870129022787296e-09
2.860567932128906250e+02 2.655839232000000000e+09 3.622546955739380792e-07
7.161240386962890625e+01 2.144194944000000000e+09 2.270314602981216012e-08
1.229428291320800781e+01 2.164842291200000000e+10 6.691383558354857541e-10
4.322284545898437500e+02 8.725979136000000000e+10 8.270584999081620481e-07
3.268522644042968750e+01 1.247539916800000000e+10 4.729470148845393851e-09
1.914128265380859375e+02 1.138097024000000000e+09 1.622002798740140861e-07
1.518156147003173828e+01 3.283460352000000000e+09 1.020334039480985666e-09
5.010360717773437500e+02 3.575037952000000000e+09 1.111341475734661799e-06
1.584869537353515625e+02 1.121048780800000000e+10 1.111978917833766900e-07
3.408625488281250000e+02 1.594664345600000000e+10 5.143610337654536124e-07
1.791507148742675781e+01 5.464217088000000000e+09 1.420844775168461638e-09
9.883895263671875000e+02 2.121422233600000000e+10 4.324797828303417191e-06
1.301612091064453125e+02 2.043172608000000000e+09 7.500197796161955921e-08
4.847010421752929688e+01 1.468136038400000000e+10 1.040057640011582407e-08
4.584757995605468750e+02 4.302411264000000000e+09 9.305557000516273547e-07
3.252917175292968750e+02 5.346670592000000000e+09 4.684416410327685298e-07
1.866693115234375000e+02 1.966268825600000000e+10 1.542607179771948722e-07
7.572979736328125000e+02 5.965676134400000000e+10 2.538885382818989456e-06
2.358919219970703125e+02 4.155411660800000000e+10 2.463404200625518570e-07
4.476002120971679688e+01 3.212154265600000000e+10 8.869315948345501965e-09
3.793355941772460938e+01 1.232458649600000000e+10 6.370254101994987650e-09
4.913801193237304688e+01 1.799104102400000000e+10 1.068918820124054037e-08
1.066672286987304688e+02 1.406193792000000000e+09 5.036995531781940372e-08
7.683112182617187500e+02 6.152307916800000000e+10 2.613267724882462062e-06
2.201296806335449219e+01 5.482640896000000000e+09 2.145194688552010120e-09
1.465429782867431641e+01 1.422961356800000000e+10 9.506914144807865341e-10
3.550922012329101562e+01 5.508140646400000000e+10 5.582025064398976610e-09
1.461299324035644531e+01 4.318917427200000000e+10 9.453396954128834295e-10
2.786260375976562500e+02 1.772958336000000000e+09 3.436789768329617800e-07
1.460033416748046875e+02 2.395009280000000000e+09 9.437024317549003172e-08
3.977434921264648438e+01 1.431337728000000000e+09 7.003509328029622338e-09
1.291342163085937500e+01 2.676763648000000000e+10 7.382308098158318899e-10
7.944832611083984375e+01 2.946263296000000000e+09 2.794338449518818379e-08
3.814780883789062500e+02 1.503512320000000000e+09 6.442415383389743511e-07
3.094685058593750000e+02 1.046044569600000000e+10 4.239771271841163980e-07
2.092417602539062500e+02 5.292766208000000000e+09 1.938234106546588009e-07
3.142323608398437500e+02 3.244643942400000000e+10 4.371306943085073726e-07
1.051750755310058594e+01 1.972455552000000000e+09 4.897057204189536606e-10
1.940155792236328125e+01 9.834049536000000000e+10 1.666413451673065538e-09
6.163040161132812500e+01 8.635985920000000000e+09 1.681510219952997431e-08
6.888191223144531250e+01 4.328077312000000000e+10 2.100486540257406887e-08
4.003211975097656250e+02 5.867208704000000000e+09 7.094579927979793865e-07
5.715973510742187500e+02 1.310223257600000000e+10 1.446405008209694643e-06
8.884699249267578125e+01 1.353512960000000000e+10 3.494580269602920453e-08
2.525428009033203125e+02 6.614436659200000000e+10 2.823446152433461975e-07
2.362243652343750000e+01 3.206200320000000000e+10 2.470352145067522542e-09
2.535148468017578125e+02 7.259867545600000000e+10 2.845223150416131830e-07
5.573253250122070312e+01 7.735407104000000000e+09 1.375077207654840095e-08
3.560944747924804688e+01 4.066193817600000000e+10 5.613581155472502360e-09
4.700157165527343750e+02 5.730353971200000000e+10 9.779896572581492364e-07
6.180873870849609375e+01 3.709804544000000000e+10 1.691255668845315085e-08
4.903282546997070312e+01 8.528517529600000000e+10 1.064347276980015522e-08
8.710645294189453125e+01 1.196903628800000000e+10 3.359001610192535736e-08
3.719559097290039062e+01 6.790562201600000000e+10 6.124807772067697442e-09
2.563898010253906250e+02 3.334545152000000000e+09 2.910120713295327732e-07
3.620925292968750000e+02 8.725335244800000000e+10 5.804284342048049439e-07
9.545143432617187500e+02 3.672503808000000000e+09 4.033428922411985695e-06
4.709083557128906250e+01 1.063456576000000000e+09 9.817080481866469199e-09
6.573238525390625000e+02 6.976958464000000000e+09 1.912794459713040851e-06
6.074956665039062500e+02 4.371069952000000000e+09 1.633788770050159656e-06
8.179561767578125000e+02 1.716296294400000000e+10 2.961894324471359141e-06
3.704710006713867188e+01 2.500471552000000000e+09 6.076002811994385411e-09
6.700547485351562500e+02 7.982032486400000000e+10 1.987605173781048506e-06
2.540703773498535156e+01 6.796541952000000000e+10 2.857706071779375634e-09
2.750225830078125000e+02 2.738904268800000000e+10 3.348468169406260131e-07
1.606790924072265625e+01 1.950010752000000000e+09 1.142952621435711080e-09
2.052548599243164062e+01 2.923666944000000000e+09 1.865075427431861499e-09
4.190567321777343750e+02 6.573483622400000000e+10 7.774190180498408154e-07
3.989110107421875000e+02 3.013130035200000000e+10 7.044685048640531022e-07
2.254850006103515625e+02 6.205889024000000000e+09 2.250841220075017191e-07
5.612180175781250000e+02 1.307526246400000000e+10 1.394352921124664135e-06
7.318492126464843750e+01 1.297697177600000000e+10 2.371115925825506565e-08
2.460909843444824219e+01 7.094750720000000000e+09 2.681025401685133147e-09
2.669382629394531250e+02 5.890926592000000000e+09 3.154504497615562286e-07
2.436929016113281250e+02 5.732121088000000000e+09 2.629028301726066275e-07
2.099602966308593750e+02 8.445610393600000000e+10 1.951569004177144961e-07
6.478573608398437500e+01 2.525073664000000000e+09 1.858096787543672690e-08
2.381062011718750000e+02 1.135815424000000000e+09 2.509868295419437345e-07
5.575797729492187500e+02 9.511043072000000000e+09 1.376332988911599386e-06
7.316011962890625000e+02 2.348873472000000000e+09 2.369508820265764371e-06
5.168558349609375000e+02 1.661426304000000000e+09 1.182628466267487966e-06
1.364877166748046875e+02 3.988717568000000000e+09 8.247013028039873461e-08
2.085950317382812500e+02 7.810254438400000000e+10 1.926271266938783810e-07
1.082117843627929688e+01 2.574570086400000000e+10 5.183924400853356929e-10
5.699473876953125000e+02 8.103046144000000000e+09 1.438066988157515880e-06
6.369580078125000000e+02 6.758381056000000000e+09 1.796102651496767066e-06
1.089348316192626953e+01 4.549826150400000000e+10 5.253431023533039479e-10
1.805588073730468750e+02 4.120001740800000000e+10 1.443267620970800635e-07
7.132541656494140625e+01 7.482424832000000000e+09 2.252154374104975432e-08
5.645009155273437500e+02 2.281611673600000000e+10 1.410713480254344177e-06
1.513525390625000000e+02 6.565079552000000000e+09 1.014118993225565646e-07
3.527788162231445312e+01 1.842616064000000000e+09 5.509529721337003139e-09
7.117438507080078125e+01 2.817357056000000000e+09 2.242626351289800368e-08
3.486412048339843750e+01 1.133347225600000000e+10 5.381048939767651973e-09
8.443933868408203125e+01 2.782434304000000000e+10 3.156451811037186417e-08
6.229415893554687500e+01 1.611344512000000000e+09 1.717924824617966806e-08
5.348548583984375000e+02 5.798661120000000000e+09 1.266430786017735954e-06
5.375713500976562500e+02 5.984099942400000000e+10 1.279327420888876077e-06
3.208929824829101562e+01 3.337877760000000000e+09 4.558583732716670056e-09
1.254663238525390625e+02 1.702850432000000000e+09 6.968893728753755568e-08
8.903913116455078125e+01 3.247516160000000000e+09 3.509710566618196026e-08
1.245124530792236328e+01 4.005885952000000000e+09 6.863333790185777161e-10
6.000452880859375000e+02 5.275276288000000000e+09 1.593960746504308190e-06
1.275727558135986328e+01 2.205511168000000000e+09 7.204857821463406253e-10
2.661219406127929688e+01 4.435907072000000000e+09 3.135240511653591966e-09
2.682020263671875000e+02 7.349105459200000000e+10 3.184444210546644172e-07
9.636353302001953125e+01 2.856609280000000000e+09 4.110881235419583390e-08
6.275903320312500000e+02 3.417804288000000000e+09 1.743660732245189138e-06
7.227120361328125000e+02 1.386707046400000000e+10 2.312278411409351975e-06
1.260931587219238281e+01 9.603470131200000000e+10 7.038702398709517638e-10
4.246139907836914062e+01 7.859958784000000000e+09 7.981749483576550119e-09
5.068927917480468750e+02 6.018521600000000000e+09 1.137474669121729676e-06
2.423903656005859375e+02 1.349415040000000000e+09 2.600999380319990451e-07
7.947696685791015625e+01 6.261295513600000000e+10 2.796353903988801903e-08
6.221107864379882812e+01 3.131208704000000000e+10 1.713345554321676900e-08
1.672720794677734375e+02 4.392546304000000000e+10 1.238672382442018716e-07
9.855764007568359375e+01 2.653191782400000000e+10 4.300214584418426966e-08
8.129916992187500000e+02 3.351044096000000000e+10 2.926049774032435380e-06
1.811260833740234375e+02 1.419222528000000000e+09 1.452350772979116300e-07
7.677789306640625000e+01 3.648070144000000000e+09 2.609647786755431298e-08
2.403880157470703125e+02 2.358263808000000000e+09 2.558203959779348224e-07
2.992080688476562500e+01 6.145685504000000000e+09 3.963292360964487671e-09
5.750168609619140625e+01 1.253853593600000000e+10 1.463762711040317299e-08
9.273432159423828125e+01 2.000155520000000000e+09 3.807067372463279753e-08
2.930670547485351562e+01 3.894600192000000000e+09 3.802274939346261817e-09
2.367947769165039062e+01 1.014176576000000000e+09 2.482297256634069527e-09
8.668895263671875000e+02 1.454417792000000000e+09 3.326879323140019551e-06
1.775933532714843750e+02 2.062184832000000000e+09 1.396249302842988982e-07
2.210739517211914062e+01 2.408630476800000000e+10 2.163638379570897996e-09
2.372335052490234375e+01 1.238923059200000000e+10 2.491504114132681025e-09
6.918218994140625000e+01 2.296074854400000000e+10 2.118840036757774214e-08
2.998356628417968750e+02 9.904707584000000000e+09 3.979936025189090287e-07
2.701531372070312500e+02 4.863652659200000000e+10 3.230944969345728168e-07
3.375954818725585938e+01 3.193789849600000000e+10 5.045482698307068858e-09
4.566403961181640625e+01 3.594382131200000000e+10 9.231199804560219491e-09
4.760990905761718750e+02 2.889918668800000000e+10 1.003469606075668707e-06
1.059836006164550781e+01 2.540923904000000000e+10 4.972638412148455700e-10
1.739126396179199219e+01 9.501975347200000000e+10 1.338973043552016406e-09
1.059973754882812500e+02 9.751574528000000000e+09 4.973930600726816920e-08
1.662348022460937500e+02 1.599696384000000000e+10 1.223357628532539820e-07
2.912418518066406250e+02 1.258241152000000000e+09 3.755061470656073652e-07
1.025881576538085938e+01 1.083718784000000000e+09 4.659121422001533119e-10
2.149541778564453125e+02 1.136396544000000000e+09 2.045508722403610591e-07
7.837307128906250000e+02 4.161665024000000000e+09 2.719213398449937813e-06
2.518968772888183594e+01 1.704667648000000000e+10 2.809021903971142820e-09
1.645564079284667969e+01 4.811113472000000000e+09 1.198778964983659989e-09
1.494754486083984375e+02 1.596197376000000000e+09 9.891206076417802251e-08
2.761940574645996094e+01 5.313466777600000000e+10 3.377055302067333287e-09
6.846719360351562500e+01 2.722005811200000000e+10 2.075270089108016691e-08
7.002333984375000000e+02 7.553411481600000000e+10 2.170676680179894902e-06
1.364726715087890625e+02 3.358178816000000000e+09 8.245194749179063365e-08
9.185028076171875000e+01 3.125284352000000000e+09 3.734826847789918247e-08
1.813806762695312500e+02 6.579132416000000000e+10 1.456436535818284028e-07
6.569277191162109375e+01 1.223381376000000000e+09 1.910489721979047317e-08
2.844998168945312500e+02 2.497072640000000000e+09 3.583219836400530767e-07
6.241857910156250000e+01 3.439182592000000000e+09 1.724794174151611514e-08
7.128102416992187500e+02 1.664802944000000000e+09 2.249351837235735729e-06
8.767470703125000000e+02 1.262318976000000000e+09 3.402970378374448046e-06
1.644207572937011719e+01 2.889581977600000000e+10 1.196803323111339523e-09
3.342036437988281250e+01 4.699650867200000000e+10 4.944608278378836985e-09
3.897230224609375000e+02 1.416511897600000000e+10 6.723906267325219233e-07
8.690332641601562500e+02 4.759237632000000000e+09 3.343353455420583487e-06
1.368011169433593750e+02 6.312454144000000000e+09 8.284928298962768167e-08
2.907445526123046875e+01 5.156590796800000000e+10 3.742249177207668254e-09
4.914984436035156250e+02 8.098975744000000000e+10 1.069433665179531090e-06
9.455201721191406250e+01 2.402817024000000000e+10 3.957774907803468523e-08
1.282679290771484375e+02 7.212158156800000000e+10 7.283593106421903940e-08
9.677678222656250000e+02 5.865540608000000000e+09 4.146215815126197413e-06
3.989260253906250000e+02 1.784663859200000000e+10 7.045215397738502361e-07
3.301295471191406250e+02 3.571875840000000000e+09 4.824789243684790563e-07
1.782610015869140625e+02 2.286991769600000000e+10 1.406767182743351441e-07
9.987449340820312500e+02 4.861861888000000000e+09 4.415894636622397229e-06
1.329367828369140625e+02 1.167764992000000000e+09 7.823478398449879023e-08
7.552571868896484375e+01 2.379773337600000000e+10 2.525220210713996494e-08
4.585862731933593750e+01 1.211985408000000000e+10 9.310042514698579907e-09
8.092791137695312500e+02 3.836773580800000000e+10 2.899387254728935659e-06
1.312444610595703125e+02 1.959571072000000000e+09 7.625556008861167356e-08
1.106812820434570312e+02 3.298154496000000000e+10 5.423228088830001070e-08
1.274165573120117188e+02 4.409145856000000000e+09 7.187225037341704592e-08
9.020058441162109375e+01 1.252843776000000000e+09 3.601871512159959821e-08
8.068712158203125000e+02 5.478239027200000000e+10 2.882159151340601966e-06
2.868060684204101562e+01 1.003442892800000000e+10 3.641549062294302530e-09
2.297770690917968750e+02 3.391555379200000000e+10 2.337345392788847676e-07
2.210032272338867188e+01 8.816488448000000000e+10 2.162254375548400276e-09
5.545836257934570312e+01 8.156542976000000000e+09 1.361581425385338662e-08
6.841196441650390625e+01 1.850159744000000000e+09 2.071923255186902679e-08
1.744241905212402344e+01 1.046912512000000000e+09 1.346861622231187994e-09
5.138407897949218750e+01 2.122821248000000000e+09 1.168871310852637180e-08
1.582743225097656250e+02 3.643097907200000000e+10 1.108997267351696792e-07
1.585933494567871094e+01 1.275759001600000000e+10 1.113472425373629449e-09
1.143257331848144531e+01 4.242246912000000000e+09 5.786254253514755419e-10
4.257950134277343750e+02 1.007635584000000000e+09 8.026212299228063785e-07
3.594962768554687500e+02 1.124845363200000000e+10 5.721347520193376113e-07
2.357500648498535156e+01 4.634082816000000000e+09 2.460442294349718395e-09
6.654093627929687500e+02 5.128675737600000000e+10 1.960141162271611392e-06
6.288626480102539062e+01 1.891657932800000000e+10 1.750737865791052172e-08
1.335319232940673828e+01 1.527282560000000000e+09 7.893684594861838377e-10
1.003890609741210938e+02 1.352652416000000000e+09 4.461514535591959429e-08
4.076415634155273438e+01 1.182585446400000000e+10 7.356418585402479948e-09
3.685751342773437500e+01 1.096322867200000000e+10 6.013974207519368065e-09
8.358866577148437500e+02 1.343416627200000000e+10 3.093173745583044365e-06
1.382285118103027344e+01 1.774059110400000000e+10 8.458723166349102485e-10
5.922125854492187500e+02 6.685616640000000000e+09 1.552618527966842521e-06
1.932760314941406250e+02 9.661705216000000000e+09 1.653733505690979655e-07
3.368387451171875000e+02 3.441052876800000000e+10 5.022889126848895103e-07
1.039560012817382812e+02 3.152881459200000000e+10 4.784192952911325847e-08
1.922449188232421875e+02 7.914243072000000000e+09 1.636135493754409254e-07
4.479960632324218750e+01 4.989445120000000000e+09 8.885010061021603178e-09
7.529721679687500000e+02 1.275744972800000000e+10 2.509963451302610338e-06
1.087359390258789062e+02 1.324257408000000000e+09 5.234265287867856387e-08
8.839001464843750000e+01 1.412940032000000000e+09 3.458724151528258517e-08
4.430554199218750000e+01 1.810548326400000000e+10 8.690116182208384998e-09
1.833918609619140625e+02 1.100496384000000000e+09 1.488914023184406688e-07
1.336019802093505859e+01 1.181571891200000000e+10 7.901969079071591295e-10
6.403984069824218750e+01 3.993606912000000000e+09 1.815557659767819132e-08
1.555975952148437500e+02 1.784512000000000000e+09 1.071803694685513619e-07
1.371948146820068359e+01 2.850842112000000000e+09 8.332683987255506963e-10
1.960081672668457031e+01 2.035361664000000000e+09 1.700818041960872051e-09
2.107092132568359375e+02 2.490912000000000000e+09 1.965515821211738512e-07
4.055112609863281250e+02 1.052074624000000000e+09 7.279731448761594947e-07
1.637413406372070312e+01 1.264699648000000000e+09 1.186933107355514494e-09
1.472225952148437500e+01 1.073502720000000000e+10 9.595297889575249428e-10
4.510785293579101562e+01 7.203966464000000000e+09 9.007698587026879977e-09
2.335583801269531250e+02 1.326533529600000000e+10 2.414907100956042996e-07
2.899626464843750000e+02 5.767264256000000000e+09 3.722147994267288595e-07
1.233378410339355469e+01 1.177219276800000000e+10 6.734451329926116614e-10
4.292714233398437500e+02 2.651906867200000000e+10 8.157807656061777379e-07
2.154115867614746094e+01 1.761673984000000000e+09 2.054223235958829719e-09
3.306793823242187500e+02 5.732881408000000000e+09 4.840873657485644799e-07
3.624990081787109375e+01 7.399343104000000000e+09 5.817323067702773187e-09
1.703075790405273438e+01 7.653819392000000000e+09 1.284036765802909486e-09
1.720711059570312500e+02 2.521890816000000000e+09 1.310766748474634369e-07
7.434201660156250000e+02 3.886613760000000000e+09 2.446685812174109742e-06
5.816207885742187500e+01 5.932568576000000000e+09 1.497577706288666377e-08
7.594282531738281250e+01 5.065809408000000000e+09 2.553189126786037377e-08
2.572334480285644531e+01 1.169074176000000000e+09 2.929303910548242129e-09
1.075194931030273438e+02 9.926946816000000000e+10 5.117807333476775966e-08
1.185469245910644531e+01 2.733421772800000000e+10 6.221427817365565716e-10
7.337046813964843750e+01 8.813974323200000000e+10 2.383153940854754183e-08
2.706340026855468750e+02 2.021346432000000000e+09 3.242456898533419007e-07
1.400135421752929688e+01 3.449458944000000000e+09 8.678598395484016237e-10
9.570395507812500000e+02 1.199846656000000000e+09 4.054798409924842417e-06
5.464682006835937500e+02 1.484072064000000000e+09 1.322023990724119358e-06
7.933754882812500000e+02 4.339030016000000000e+09 2.786551704048179090e-06
2.019739379882812500e+02 4.617289728000000000e+10 1.805927070108737098e-07
4.652431106567382812e+01 9.289686016000000000e+09 9.582292292975580494e-09
2.343652954101562500e+02 3.945802547200000000e+10 2.431622476706252201e-07
8.343868408203125000e+02 1.227996979200000000e+10 3.082083367189625278e-06
9.875613403320312500e+01 2.034827392000000000e+09 4.317552892985077051e-08
1.341663646697998047e+01 6.025117184000000000e+09 7.968871673647015541e-10
1.906447753906250000e+02 4.466436096000000000e+09 1.609012230119333253e-07
1.262380752563476562e+02 7.608912281600000000e+10 7.054890005520064733e-08
7.488953399658203125e+01 2.087909760000000000e+09 2.482857652807979321e-08
4.495387268066406250e+01 6.106285260800000000e+10 8.946305918300367921e-09
1.261747741699218750e+02 2.807759104000000000e+09 7.047816552585572936e-08
1.705566101074218750e+02 2.681023897600000000e+10 1.287794759718963178e-07
4.563814163208007812e+01 2.513066188800000000e+10 9.220731733705633815e-09
5.202218627929687500e+02 1.008846016000000000e+09 1.198082486553175841e-06
3.592359008789062500e+02 4.609988608000000000e+09 5.713062591894413345e-07
2.354774780273437500e+02 1.808548480000000000e+09 2.454755758662940934e-07
5.262109375000000000e+01 7.068636774400000000e+10 1.225827173101379231e-08
8.849203491210937500e+01 5.902612992000000000e+09 3.466713138777777203e-08
2.660270690917968750e+01 5.806795776000000000e+09 3.133005632705021526e-09
6.090103149414062500e+01 1.910938009600000000e+10 1.641945956976087473e-08
1.833744354248046875e+02 8.533383577600000000e+10 1.488631085067027016e-07
2.061550445556640625e+02 2.221109043200000000e+10 1.881470694797826582e-07
2.101792755126953125e+02 7.655498547200000000e+10 1.955641835138521856e-07
2.790630187988281250e+02 6.973148672000000000e+09 3.447577796578116249e-07
4.795202636718750000e+01 6.507100672000000000e+09 1.017942974357310959e-08
1.005237503051757812e+02 7.460426547200000000e+10 4.473494286116874719e-08
2.856960144042968750e+02 2.095171174400000000e+10 3.613415060499391984e-07
1.154519500732421875e+02 2.820138752000000000e+09 5.900815835957473610e-08
5.230753707885742188e+01 2.437489868800000000e+10 1.211262024014558847e-08
1.720940246582031250e+02 1.841935155200000000e+10 1.311115909174986882e-07
2.218772888183593750e+01 5.987969433600000000e+10 2.179391556111909267e-09
1.255828552246093750e+02 7.367759462400000000e+10 6.981844791198454914e-08
1.153155746459960938e+02 5.665031372800000000e+10 5.886883869266057445e-08
1.114440536499023438e+01 5.668246528000000000e+09 5.498235755574398809e-10
3.576461410522460938e+01 6.494939136000000000e+09 5.662609492418368973e-09
9.050945281982421875e+01 2.743898624000000000e+09 3.626581346338753065e-08
2.762787628173828125e+01 2.196874496000000000e+09 3.379127200275888754e-09
7.938666992187500000e+02 5.931925504000000000e+10 2.790003009067731909e-06
4.341446685791015625e+01 6.717564928000000000e+09 8.344080093536376808e-09
1.127632675170898438e+02 3.513063168000000000e+09 5.629175703347755189e-08
1.050893173217773438e+02 7.203644416000000000e+09 4.889074745051402715e-08
4.103344421386718750e+02 9.241451520000000000e+09 7.453933221768238582e-07
5.322882690429687500e+02 3.860313702400000000e+10 1.254305516340536997e-06
2.421214294433593750e+01 3.805373440000000000e+09 2.595230697011174925e-09
6.410187377929687500e+02 4.636150988800000000e+10 1.819076601350388955e-06
2.043685150146484375e+01 3.997822156800000000e+10 1.849002617682060645e-09
6.169417114257812500e+02 3.496261888000000000e+09 1.684991843831085134e-06
1.230788993835449219e+01 9.489505484800000000e+10 6.706202815287554131e-10
8.753206634521484375e+01 3.635045120000000000e+09 3.391906489014218096e-08
5.515373611450195312e+01 2.466896486400000000e+10 1.346664468826475058e-08
1.868585777282714844e+01 1.134908672000000000e+09 1.545737093877619373e-09
4.595396041870117188e+01 4.467232768000000000e+09 9.348790186436417571e-09
6.548950805664062500e+02 7.312982835200000000e+10 1.898685354717599694e-06
1.064758377075195312e+02 5.664176128000000000e+09 5.018935667067125905e-08
3.909434204101562500e+02 1.872586368000000000e+09 6.766083515685750172e-07
1.700389251708984375e+02 4.536870502400000000e+10 1.279988879332449869e-07
3.755169677734375000e+01 2.541755596800000000e+10 6.242645511633782007e-09
1.718284606933593750e+01 2.420862566400000000e+10 1.307072672318554396e-09
3.819733810424804688e+01 2.071542988800000000e+10 6.459154988647242135e-09
1.692016448974609375e+02 4.966303744000000000e+09 1.267414404537703376e-07
4.060569763183593750e+02 3.592579481600000000e+10 7.299337880795064848e-07
4.048745727539062500e+01 3.047703347200000000e+10 7.256889755780093765e-09
8.093260192871093750e+01 2.083988275200000000e+10 2.899723305915813398e-08
1.857932662963867188e+01 5.722836992000000000e+09 1.528162374420105607e-09
3.172536315917968750e+02 2.457545216000000000e+09 4.455769442301971139e-07
1.901703033447265625e+02 2.554891059200000000e+10 1.601013082108693197e-07
1.685630340576171875e+02 4.584035840000000000e+09 1.257865562820370542e-07
7.734662628173828125e+01 8.787234816000000000e+09 2.648453012454865529e-08
5.547531127929687500e+01 2.179232972800000000e+10 1.362413826200281619e-08
1.569919433593750000e+02 5.665857945600000000e+10 1.091099264272088476e-07
3.489007568359375000e+01 5.400348672000000000e+09 5.389063861827025903e-09
4.065499877929687500e+02 7.097216204800000000e+10 7.317073027479636949e-07
3.728204650878906250e+02 5.359917056000000000e+10 6.153313165668805595e-07
2.574973297119140625e+01 1.627280896000000000e+09 2.935316878449611977e-09
1.627070045471191406e+01 4.050918195200000000e+10 1.171984842507356461e-09
4.424611206054687500e+02 1.642009472000000000e+09 8.666819439895334654e-07
3.475144958496093750e+01 4.535938252800000000e+10 5.346325604449475577e-09
3.869895019531250000e+02 5.079323136000000000e+09 6.629913968936307356e-07
1.189255599975585938e+02 5.051758182400000000e+10 6.261234375415369868e-08
4.502876663208007812e+01 2.226318080000000000e+09 8.976140719596514828e-09
2.379001922607421875e+02 7.236438528000000000e+09 2.505527163521037437e-07
1.934548950195312500e+02 1.296928640000000000e+09 1.656795660665011383e-07
2.962272033691406250e+02 1.401491072000000000e+09 3.884717045821162174e-07
7.765933837890625000e+02 1.234867584000000000e+09 2.669911737029906362e-06
8.467941284179687500e+02 1.178557696000000000e+09 3.174426183250034228e-06
2.899831542968750000e+02 1.504926080000000000e+09 3.722674648543033982e-07
6.026229095458984375e+01 9.123519488000000000e+09 1.607684474436155142e-08
1.111770629882812500e+02 6.121709568000000000e+10 5.471922293054376496e-08
1.023552551269531250e+02 8.614431129600000000e+10 4.637990258515856112e-08
1.313294219970703125e+02 1.261651584000000000e+09 7.635431842345496989e-08
7.098235321044921875e+01 1.485387776000000000e+10 2.230541618075676524e-08
1.401011753082275391e+01 1.012688896000000000e+09 8.689465813560559582e-10
7.170045776367187500e+02 3.126181478400000000e+10 2.275901351822540164e-06
2.904920349121093750e+02 3.540030464000000000e+09 3.735751477051962866e-07
3.561067504882812500e+02 1.602493440000000000e+10 5.613968596662743948e-07
6.381444091796875000e+02 1.496717440000000000e+09 1.802799715733272023e-06
5.915311889648437500e+02 1.429135974400000000e+10 1.549047851767682005e-06
5.933750000000000000e+02 4.651480576000000000e+09 1.558719645800010767e-06
1.526002025604248047e+01 4.000375193600000000e+10 1.030907581522910732e-09
1.170274581909179688e+02 1.448093081600000000e+10 6.062964530428871512e-08
8.417786407470703125e+01 7.180017664000000000e+10 3.136933557357224345e-08
2.102986145019531250e+02 1.238854246400000000e+10 1.957863133839055081e-07
2.566513061523437500e+02 6.770466816000000000e+10 2.916059997914999258e-07
1.929913482666015625e+02 8.803256729600000000e+10 1.648865435299740057e-07
3.584231262207031250e+02 1.111197593600000000e+10 5.687240332008514088e-07
7.280983734130859375e+01 5.221597184000000000e+09 2.346873451131159527e-08
1.506921958923339844e+01 1.613152512000000000e+09 1.005289296251987707e-09
1.618901672363281250e+02 7.428973056000000000e+09 1.160246938525233418e-07
3.270254821777343750e+02 9.878947430400000000e+10 4.734484662094473606e-07
3.539050674438476562e+01 1.220572057600000000e+10 5.544764203335716957e-09
9.836895751953125000e+01 5.430574694400000000e+10 4.283765520085580647e-08
9.560580444335937500e+01 1.043600486400000000e+10 4.046486168363117031e-08
1.393611297607421875e+02 3.511034112000000000e+09 8.597908163210377097e-08
5.975468750000000000e+02 4.074296576000000000e+09 1.580714638294011820e-06
4.112234878540039062e+01 9.363793510400000000e+10 7.486267605827379157e-09
6.558570098876953125e+01 6.113225113600000000e+10 1.904267143970628240e-08
3.531552505493164062e+01 1.795472256000000000e+09 5.521293200416721447e-09
8.466473999023437500e+02 2.557936896000000000e+09 3.173325922034564428e-06
6.771897125244140625e+01 1.820962688000000000e+09 2.030159862442815211e-08
5.104836425781250000e+02 3.640208640000000000e+09 1.153647644969169050e-06
4.493161392211914062e+01 1.886817024000000000e+09 8.937449003099118272e-09
5.105810165405273438e+01 1.011821696000000000e+09 1.154087847510254505e-08
1.283199310302734375e+01 4.156430848000000000e+09 7.289500669749315875e-10
4.034720458984375000e+02 1.569997696000000000e+09 7.206699592643417418e-07
6.563196411132812500e+02 2.646493388800000000e+10 1.906954366859281436e-06
2.699941101074218750e+02 1.122295040000000000e+09 3.227142428841034416e-07
1.441278743743896484e+01 2.373745049600000000e+10 9.196138295308742272e-10
3.045290756225585938e+01 1.966147840000000000e+09 4.105509265883711123e-09
1.970078887939453125e+02 1.002747187200000000e+10 1.718211990464624250e-07
3.202098083496093750e+02 1.431077376000000000e+10 4.539194264907564502e-07
1.159031066894531250e+02 1.251489152000000000e+09 5.947023851149424445e-08
1.546461486816406250e+01 2.654320128000000000e+09 1.058736209813559981e-09
7.393236694335937500e+02 1.371156070400000000e+10 2.419795919195166789e-06
2.831932678222656250e+02 2.412197376000000000e+09 3.550384519712679321e-07
2.220146942138671875e+01 2.587200000000000000e+09 2.182091618507797648e-09
1.878431510925292969e+01 9.288504934400000000e+10 1.562069251725972663e-09
1.979264373779296875e+02 5.082824704000000000e+09 1.734271819486821187e-07
5.599460220336914062e+01 1.597719449600000000e+10 1.388039638783311602e-08
5.298588562011718750e+01 2.043026227200000000e+10 1.242882063934303005e-08
7.634667968750000000e+02 3.719235328000000000e+09 2.580416548880748451e-06
4.948910903930664062e+01 1.477218406400000000e+10 1.084248424376710318e-08
7.909183502197265625e+01 9.055313100800000000e+10 2.769318285800181911e-08
1.002804946899414062e+01 1.817621120000000000e+09 4.451869706212363553e-10
2.075955810546875000e+02 6.869290188800000000e+10 1.907856557181730750e-07
7.222606201171875000e+02 2.756405043200000000e+10 2.309390538357547484e-06
6.300381469726562500e+01 7.536752230400000000e+10 1.757289069814760296e-08
1.951787109375000000e+02 1.426075033600000000e+10 1.686453572347090812e-07
3.762695922851562500e+02 7.670922444800000000e+10 6.267694061534712091e-07
2.562407531738281250e+02 1.770050560000000000e+09 2.906738245656015351e-07
4.041890716552734375e+01 5.509332992000000000e+09 7.232337839724323203e-09
9.545089111328125000e+02 3.894714777600000000e+10 4.033383447676897049e-06
5.719837570190429688e+01 4.480174080000000000e+10 1.448361341971349248e-08
1.838013000488281250e+02 2.799094784000000000e+09 1.495569676990271546e-07
1.950457763671875000e+01 1.180433612800000000e+10 1.684157258097229715e-09
6.656057128906250000e+02 6.225723801600000000e+10 1.961298266905942000e-06
9.899395751953125000e+01 4.107389337600000000e+10 4.338373216228319507e-08
3.516218948364257812e+01 1.810974515200000000e+10 5.473451913928784052e-09
4.970531005859375000e+02 2.889762816000000000e+10 1.093742525881680194e-06
7.313565063476562500e+02 3.557454848000000000e+09 2.367924253121600486e-06
2.257263946533203125e+01 9.838365900800000000e+10 2.255663211769842746e-09
4.233336791992187500e+02 3.955179520000000000e+09 7.933688834782515187e-07
6.857733917236328125e+01 4.121452544000000000e+10 2.081952210630788613e-08
1.275675659179687500e+02 4.972299059200000000e+10 7.204270957572589396e-08
2.421899223327636719e+01 1.963325030400000000e+10 2.596699077983544157e-09
1.299766063690185547e+01 2.331100672000000000e+09 7.478938024441106336e-10
1.584932899475097656e+01 9.998575206400000000e+10 1.112067771202873701e-09
1.147334766387939453e+01 6.282734387200000000e+10 5.827601179397845499e-10
1.055267524719238281e+01 2.747414118400000000e+10 4.929860963898136106e-10
8.376789550781250000e+02 1.900085452800000000e+10 3.106452368228929117e-06
5.243015747070312500e+02 5.815920640000000000e+09 1.216947453031025361e-06
3.659454345703125000e+01 1.858652979200000000e+10 5.928464386073528658e-09
1.072987136840820312e+02 2.059819136000000000e+09 5.096811150906432886e-08
9.873046875000000000e+02 2.879538176000000000e+09 4.315309070079820231e-06
5.489366149902343750e+01 1.209264000000000000e+09 1.333994159580242922e-08
2.994319152832031250e+02 5.980489318400000000e+10 3.969224735556053929e-07
2.210701293945312500e+02 1.604703436800000000e+10 2.163563408430491108e-07
1.191448440551757812e+02 1.028692800000000000e+09 6.284345488438702887e-08
3.058589172363281250e+01 7.869677056000000000e+09 4.141444076566358490e-09
1.679212760925292969e+01 8.057031884800000000e+10 1.248305792067583297e-09
1.889847717285156250e+02 1.055140928000000000e+09 1.581113906468090136e-07
2.401110992431640625e+02 5.752915558400000000e+10 2.552313276282802690e-07
1.693336791992187500e+02 1.175859097600000000e+10 1.269393266056795255e-07
1.021232910156250000e+02 4.596661248000000000e+09 4.616991944317305752e-08
1.571321964263916016e+01 3.050770688000000000e+09 1.093049650791044769e-09
4.299421310424804688e+01 3.401447014400000000e+10 8.183320687749073841e-09
1.767043151855468750e+02 1.015783104000000000e+09 1.382304901653697016e-07
1.357258605957031250e+02 2.361000140800000000e+10 8.155203090609575156e-08
2.355113372802734375e+02 7.162927104000000000e+09 2.455461753925192170e-07
5.599161376953125000e+02 3.756576768000000000e+10 1.387891529702756088e-06
1.054098892211914062e+02 1.529270476800000000e+10 4.918947738019596727e-08
2.972197875976562500e+02 6.826073088000000000e+09 3.910793964223557850e-07
4.825344467163085938e+01 6.195756544000000000e+09 1.030780438782130659e-08
1.083143081665039062e+02 5.064091136000000000e+09 5.193751917431654874e-08
4.267592773437500000e+02 1.143987712000000000e+09 8.062606298153696116e-07
9.896526489257812500e+02 1.706512256000000000e+09 4.335858648119028658e-06
2.285512924194335938e+01 2.782002585600000000e+10 2.312474212118331707e-09
1.538135719299316406e+01 4.036334796800000000e+10 1.047366859907583603e-09
1.782890510559082031e+01 7.368264089600000000e+10 1.407209904158435165e-09
7.128456878662109375e+01 1.830524723200000000e+10 2.249575636881218088e-08
1.363107757568359375e+02 2.215859968000000000e+09 8.225644165804624208e-08
6.852179718017578125e+01 1.046276710400000000e+10 2.078581395892342698e-08
2.645718688964843750e+02 1.519484518400000000e+10 3.098823526670457795e-07
3.831297683715820312e+01 2.437176115200000000e+10 6.498323212866807808e-09
7.358972930908203125e+01 3.067304704000000000e+09 2.397418974453557894e-08
4.940609741210937500e+01 3.803030732800000000e+10 1.080614087101139376e-08
8.975312805175781250e+01 6.109195468800000000e+10 3.566225004192347114e-08
7.458742523193359375e+01 2.954224640000000000e+10 2.462865644758949202e-08
3.280542297363281250e+02 1.169491763200000000e+10 4.764318930483568693e-07
2.321393966674804688e+01 2.177935769600000000e+10 2.385652786429659500e-09
1.566615905761718750e+02 7.817838592000000000e+09 1.086512071424294845e-07
4.214264526367187500e+02 1.173505433600000000e+10 7.862362849664350506e-07
2.014475097656250000e+02 3.888149504000000000e+09 1.796525310737706604e-07
7.014392089843750000e+01 4.079722752000000000e+09 2.178159341781338298e-08
7.825986938476562500e+02 8.153975808000000000e+09 2.711363777052611113e-06
4.205002593994140625e+01 1.058090368000000000e+09 7.827842374297233619e-09
1.826523590087890625e+01 1.892895948800000000e+10 1.476930799881870371e-09
2.750347137451171875e+01 8.199177830400000000e+10 3.348763932820020273e-09
6.998754272460937500e+02 3.986874368000000000e+10 2.168457740481244400e-06
2.280903244018554688e+01 2.100876083200000000e+10 2.303155444138837993e-09
6.048872375488281250e+01 1.351355904000000000e+10 1.619788569939828449e-08
1.412665271759033203e+01 1.703529062400000000e+10 8.834624143361224924e-10
2.466049652099609375e+02 2.009954099200000000e+10 2.692236193979624659e-07
2.855285034179687500e+02 6.641750528000000000e+09 3.609179657360073179e-07
6.078628158569335938e+01 1.609012224000000000e+09 1.635764057539290661e-08
2.027387428283691406e+01 5.215082496000000000e+10 1.819629891208762729e-09
2.609233093261718750e+02 1.624920704000000000e+09 3.013944365193310659e-07
1.155811786651611328e+01 2.929172070400000000e+10 5.914033152087938561e-10
3.387752685546875000e+02 1.827385856000000000e+09 5.080809728497115429e-07
9.714847564697265625e+01 2.247681536000000000e+09 4.178125578846447752e-08
2.066371536254882812e+01 2.694377062400000000e+10 1.890281042804531353e-09
4.106059875488281250e+02 8.464680448000000000e+09 7.463801807716663461e-07
1.167744255065917969e+01 6.551261184000000000e+09 6.036774968798397367e-10
1.248871154785156250e+02 1.734485760000000000e+09 6.904699745291509316e-08
4.383756637573242188e+01 3.472860928000000000e+09 8.507508475474878651e-09
3.890499267578125000e+02 5.962509926400000000e+10 6.700700510009482969e-07
1.746700859069824219e+01 9.495446528000000000e+09 1.350661582577572517e-09
6.379190673828125000e+02 4.141971865600000000e+10 1.801526536837627646e-06
1.045920791625976562e+02 3.369954816000000000e+09 4.842918244207794487e-08
2.097033691406250000e+01 3.714685696000000000e+09 1.946795613605445396e-09
1.567910480499267578e+01 9.847552409600000000e+10 1.088308554386685501e-09
6.993041381835937500e+02 1.071762304000000000e+09 2.164919578717672266e-06
7.327561645507812500e+02 1.109266432000000000e+09 2.376996235398110002e-06
3.979199523925781250e+02 1.602549043200000000e+10 7.009724640738568269e-07
9.341072998046875000e+02 6.754487910400000000e+10 3.862807261612033471e-06
5.381728515625000000e+02 6.819993600000000000e+10 1.282192215512623079e-06
1.491594085693359375e+02 1.894920192000000000e+10 9.849424031926901080e-08
1.680693664550781250e+02 1.864975232000000000e+09 1.250508603334310465e-07
2.269434738159179688e+01 1.337658624000000000e+09 2.280053035264018035e-09
1.695597991943359375e+02 2.611895296000000000e+10 1.272785681294408278e-07
1.536119689941406250e+02 1.096773632000000000e+09 1.044623090251661779e-07
4.648072814941406250e+01 6.784382976000000000e+10 9.564347536183959164e-09
4.693126678466796875e+01 4.843977728000000000e+09 9.750661611462874134e-09
2.376729011535644531e+01 4.255968460800000000e+10 2.500741613786772177e-09
2.583981933593750000e+02 3.792839065600000000e+10 2.955891034162050346e-07
1.813190841674804688e+01 1.789132390400000000e+10 1.455447651288466204e-09
3.680180969238281250e+02 7.747051520000000000e+10 5.995810283820901532e-07
5.904800796508789062e+01 4.249934336000000000e+09 1.543547689664137579e-08
1.604028511047363281e+01 2.991805030400000000e+10 1.139025984642216827e-09
2.448579216003417969e+01 2.016996352000000000e+09 2.654225506049101568e-09
1.639486694335937500e+02 9.616354304000000000e+09 1.189940803669742309e-07
6.144335556030273438e+01 6.965663744000000000e+09 1.671319260765358194e-08
6.148801879882812500e+02 1.596553600000000000e+09 1.673749920882983133e-06
7.843124389648437500e+01 4.878338048000000000e+09 2.723251490976963396e-08
4.881385421752929688e+01 4.450841600000000000e+09 1.054862242000353945e-08
1.860853424072265625e+02 1.900228608000000000e+10 1.532970799189570243e-07
8.238092041015625000e+02 2.955217920000000000e+09 3.004434802278410643e-06
1.218744945526123047e+01 9.722251673600000000e+10 6.575596733782163028e-10
4.700525817871093750e+02 4.080525721600000000e+10 9.781431344890734181e-07
5.289475631713867188e+01 1.061431808000000000e+09 1.238610636278281163e-08
8.329494628906250000e+02 2.048786432000000000e+10 3.071473656746093184e-06
1.320961380004882812e+01 2.233625856000000000e+09 7.724844652834406133e-10
1.258134555816650391e+01 2.801353318400000000e+10 7.007510127721161552e-10
2.208734703063964844e+01 4.402551808000000000e+09 2.159715961624897318e-09
1.067966842651367188e+01 3.085612288000000000e+09 5.049229367948271374e-10
1.774403686523437500e+02 2.272449536000000000e+10 1.393844684116629651e-07
6.793870544433593750e+01 9.791193088000000000e+09 2.043355884495667851e-08
1.472147941589355469e+01 6.277094604800000000e+10 9.594280925284692785e-10
2.477002525329589844e+01 5.009395200000000000e+09 2.716204372532615707e-09
1.849256286621093750e+02 9.762481766400000000e+10 1.513922711637860630e-07
2.736653442382812500e+02 6.462363648000000000e+09 3.315500691769557307e-07
7.859257507324218750e+01 4.269891174400000000e+10 2.734465986975465057e-08
3.289971618652343750e+02 9.261506560000000000e+10 4.791746732735191472e-07
1.047221469879150391e+01 2.850153728000000000e+09 4.854970869772046171e-10
4.139125823974609375e+01 5.556228505600000000e+10 7.584496586332534207e-09
1.301724910736083984e+01 8.644516249600000000e+10 7.501497201189977204e-10
3.623630905151367188e+01 1.406542233600000000e+10 5.812960779394416022e-09
3.333380508422851562e+01 6.836166656000000000e+10 4.919027851713053678e-09
1.343537998199462891e+01 1.880829184000000000e+09 7.991152739528217808e-10
8.269226684570312500e+02 1.701901516800000000e+10 3.027187631232663989e-06
3.857843322753906250e+02 3.673064960000000000e+09 6.588684300368186086e-07
4.433843231201171875e+01 7.326716723200000000e+10 8.703024079181886918e-09
1.827400054931640625e+02 4.234231808000000000e+10 1.478348536920748302e-07
8.878994750976562500e+02 1.869743308800000000e+10 3.490093831715057604e-06
7.679926300048828125e+01 6.999917568000000000e+09 2.611100846650060703e-08
5.465689697265625000e+02 4.654612889600000000e+10 1.322511593571107369e-06
2.175026512145996094e+01 9.563160576000000000e+09 2.094298512389514144e-09
3.149319458007812500e+02 6.107987968000000000e+09 4.390792867070558714e-07
9.760234985351562500e+02 7.559279411200000000e+10 4.217256901029031724e-06
1.601145553588867188e+01 4.013455769600000000e+10 1.134935367907985437e-09
9.817097167968750000e+02 1.512863744000000000e+10 4.266538780939299613e-06
7.127950439453125000e+02 1.796156211200000000e+10 2.249255658171023242e-06
4.926768798828125000e+02 1.199296256000000000e+09 1.074567990144714713e-06
8.707343139648437500e+02 4.554227200000000000e+09 3.356455181346973404e-06
6.394261169433593750e+01 8.848427008000000000e+09 1.810048644301787135e-08
1.550581817626953125e+02 3.632937369600000000e+10 1.064385415361357445e-07
8.236484375000000000e+02 2.776053248000000000e+09 3.003262463607825339e-06
1.568149471282958984e+01 8.145123328000000000e+09 1.088640400048745960e-09
1.382965087890625000e+02 2.388083712000000000e+09 8.467046797022703686e-08
7.199396514892578125e+01 3.430440345600000000e+10 2.294572176708697953e-08
5.421772460937500000e+02 1.060131904000000000e+09 1.301343900195206515e-06
8.680494689941406250e+01 3.669615001600000000e+10 3.335787823743885383e-08
1.778493309020996094e+01 3.708673228800000000e+10 1.400277227503465838e-09
4.221408462524414062e+01 1.964157824000000000e+09 7.889042308306670748e-09
6.732154846191406250e+01 2.343794688000000000e+10 2.006400912080152921e-08
5.793403625488281250e+01 4.135511296000000000e+09 1.485857303862303525e-08
1.242901325225830078e+01 2.966437478400000000e+10 6.838846156043132396e-10
3.234572143554687500e+02 4.725432320000000000e+09 4.631729382253979566e-07
3.364116287231445312e+01 8.476791603200000000e+10 5.010158954377175178e-09
2.106888389587402344e+01 3.452230860800000000e+10 1.965135831838438207e-09
3.139251708984375000e+01 1.357474201600000000e+10 4.362764816079334196e-09
6.589400024414062500e+02 2.490384179200000000e+10 1.922212049976224080e-06
1.263789443969726562e+02 9.292869632000000000e+09 7.070643448514601914e-08
9.547120361328125000e+02 1.429244544000000000e+09 4.035100118926493451e-06
2.537841606140136719e+01 1.263501004800000000e+10 2.851271219128648227e-09
2.217598915100097656e+01 3.604774912000000000e+10 2.177085844934367742e-09
1.974733161926269531e+01 5.281113702400000000e+10 1.726340292940165000e-09
2.445541572570800781e+01 1.262188160000000000e+09 2.647644326003728565e-09
1.110924816131591797e+01 1.597003008000000000e+09 5.463599572763655488e-10
1.318557281494140625e+02 1.406172057600000000e+10 7.696752390984329395e-08
8.025126953125000000e+02 7.731016704000000000e+09 2.851105818990617990e-06
2.985411834716796875e+01 4.094605568000000000e+09 3.945644699854256032e-09
5.448011016845703125e+01 2.901117952000000000e+09 1.313970177108103599e-08
3.181214294433593750e+02 1.670933248000000000e+09 4.480179427446273621e-07
8.307227783203125000e+02 1.654258380800000000e+10 3.055074330404750071e-06
8.971939086914062500e+02 9.323408588800000000e+10 3.563544169082888402e-06
3.420949935913085938e+01 7.320023859200000000e+10 5.180873507981686998e-09
2.837276000976562500e+02 3.499220992000000000e+10 3.563794450656132540e-07
7.878515625000000000e+01 5.794356224000000000e+09 2.747883343090506969e-08
5.245248413085937500e+02 6.623277056000000000e+10 1.217984163304208778e-06
9.245830078125000000e+02 1.385377280000000000e+09 3.784437467402312905e-06
6.994822692871093750e+01 5.021894144000000000e+09 2.166022561311820027e-08
8.072573089599609375e+01 1.560777472000000000e+09 2.884918259837832011e-08
6.437922973632812500e+02 3.862860595200000000e+10 1.834852128013153560e-06
1.870145416259765625e+02 6.667633868800000000e+10 1.548318380173441255e-07
8.990032958984375000e+02 4.048026368000000000e+09 3.577932147891260684e-06
2.930278396606445312e+01 9.224610611200000000e+10 3.801257530966495324e-09
6.305955123901367188e+01 6.482946048000000000e+09 1.760399648276234075e-08
5.650046920776367188e+01 6.865926144000000000e+09 1.413232553204579744e-08
1.008125209808349609e+01 6.070174924800000000e+10 4.499233208221653513e-10
4.935725097656250000e+02 2.047784704000000000e+09 1.078478476301825140e-06
2.241116180419921875e+02 2.896271360000000000e+10 2.223505788379043224e-07
1.978815612792968750e+02 4.415655424000000000e+09 1.733485390786881908e-07
9.520516967773437500e+02 5.532354150400000000e+10 4.012643330497667193e-06
1.460226287841796875e+02 2.627131801600000000e+10 9.439519033094256883e-08
2.024552345275878906e+01 2.267513241600000000e+10 1.814544292599862274e-09
4.223314666748046875e+01 4.698930790400000000e+10 7.896169051946344553e-09
2.633156204223632812e+01 2.566828236800000000e+10 3.069465792648884417e-09
3.177482604980468750e+01 2.460895488000000000e+09 4.469674408369428420e-09
6.710252685546875000e+02 2.184407040000000000e+09 1.993367050090455450e-06
1.469800090789794922e+01 8.879121408000000000e+09 9.563702052517442098e-10
2.662210083007812500e+01 8.106846617600000000e+10 3.137575532718983595e-09
6.101802978515625000e+02 6.199143628800000000e+10 1.648260649744770490e-06
1.839754638671875000e+02 1.049425984000000000e+09 1.498405453048690106e-07
2.509014320373535156e+01 8.253683712000000000e+09 2.786864294890278870e-09
2.365271949768066406e+01 1.195181184000000000e+09 2.476690186270502636e-09
6.178587036132812500e+02 2.372041216000000000e+09 1.690004523879906628e-06
7.036745605468750000e+02 3.012906598400000000e+10 2.192063902839436196e-06
4.497463989257812500e+01 2.915352320000000000e+09 8.954573971209356387e-09
4.717672119140625000e+02 1.372953856000000000e+09 9.852921039055217989e-07
7.712765502929687500e+02 1.609633177600000000e+10 2.633478288771584630e-06
4.292319335937500000e+02 7.785589760000000000e+09 8.156307558238040656e-07
3.211709289550781250e+02 4.805648384000000000e+10 4.566484221868449822e-07
8.674674682617187500e+02 1.253402112000000000e+10 3.331316520416294225e-06
4.115647583007812500e+02 1.075840102400000000e+10 7.498698550989502110e-07
1.129202041625976562e+02 2.074530611200000000e+10 5.644855605169141199e-08
2.340525970458984375e+02 4.856896512000000000e+09 2.425138063699705526e-07
2.125951766967773438e+01 7.710864179200000000e+10 2.000858145834172319e-09
9.304567718505859375e+01 1.255804416000000000e+10 3.832674266845970124e-08
2.488903808593750000e+01 3.698463744000000000e+09 2.742368110375537071e-09
3.028566894531250000e+02 2.223709696000000000e+09 4.060540561567904660e-07
1.295716381072998047e+01 2.111076147200000000e+10 7.432405801921504462e-10
1.679599952697753906e+01 2.634609254400000000e+10 1.248881553728153904e-09
2.848886299133300781e+01 8.734178508800000000e+10 3.593020991843332013e-09
1.883211517333984375e+02 9.993395200000000000e+09 1.570029297681685421e-07
3.223089904785156250e+02 7.660713574400000000e+10 4.598904013164428761e-07
1.567213916778564453e+01 2.297457868800000000e+10 1.087341772176841914e-09
2.883995666503906250e+02 1.661238400000000000e+09 3.682126816784148104e-07
6.871778106689453125e+01 2.258415872000000000e+09 2.090488315786842577e-08
1.525734100341796875e+02 1.595147264000000000e+10 1.030545746516509098e-07
8.971428680419921875e+01 2.680749875200000000e+10 3.563138761819573119e-08
7.220895385742187500e+02 1.208677068800000000e+10 2.308296643604990095e-06
4.356009674072265625e+01 2.400164096000000000e+09 8.400153461707304814e-09
4.003267517089843750e+02 1.799001856000000000e+09 7.094777174643240869e-07
2.692216491699218750e+02 3.146048256000000000e+09 3.208702707979682600e-07
2.153739738464355469e+01 1.257930752000000000e+10 2.053506031884921867e-09
3.794470977783203125e+01 1.682318336000000000e+10 6.373999106301653228e-09
5.719683837890625000e+02 1.573618380800000000e+10 1.448283342142531183e-06
1.205775909423828125e+02 7.386456064000000000e+10 6.436395949549478246e-08
4.384765319824218750e+02 1.508135680000000000e+09 8.511424312018789351e-07
5.236743774414062500e+02 5.575506329600000000e+10 1.214037638419540599e-06
4.867515182495117188e+01 2.095646592000000000e+09 1.048876008269417071e-08
2.749369049072265625e+01 1.049108416000000000e+09 3.346382726476804237e-09
1.974354934692382812e+01 1.034678579200000000e+10 1.725678711039790869e-09
1.774413299560546875e+01 6.068434944000000000e+09 1.393859916376527508e-09
2.182414627075195312e+01 1.309506048000000000e+10 2.108550889445837129e-09
2.443672752380371094e+01 2.366522368000000000e+10 2.643599339435809270e-09
7.244802093505859375e+01 3.381861376000000000e+09 2.323606373977327166e-08
1.393200073242187500e+02 4.841204940800000000e+10 8.592834888077049982e-08
2.315213012695312500e+01 9.056246784000000000e+09 2.372965379748848136e-09
2.132879257202148438e+01 3.288832512000000000e+09 2.013919253585072511e-09
2.632337951660156250e+01 9.134095360000000000e+09 3.067557985403368548e-09
8.448238525390625000e+02 8.016169984000000000e+09 3.159670768582145683e-06
1.372959041595458984e+01 3.615575552000000000e+09 8.344968049911472008e-10
2.856636657714843750e+02 4.341331148800000000e+10 3.612597083701984957e-07
2.178163146972656250e+02 9.616850944000000000e+10 2.100343436950424802e-07
1.754191207885742188e+01 3.406214963200000000e+10 1.362270518612263004e-09
2.103635253906250000e+02 1.598431616000000000e+09 1.959072193358224467e-07
8.852906036376953125e+01 2.230373120000000000e+09 3.469614640039253572e-08
7.757991790771484375e+01 5.891346022400000000e+10 2.664453369050079345e-08
1.124427509307861328e+01 1.682160742400000000e+10 5.597220464892416203e-10
1.201630554199218750e+02 5.371665408000000000e+09 6.392216533868122497e-08
3.742691421508789062e+01 1.631864115200000000e+10 6.201226643298696217e-09
1.105696411132812500e+02 6.201779200000000000e+09 5.412293191398021008e-08
9.207747802734375000e+02 6.511494144000000000e+09 3.753326382138766348e-06
2.627386474609375000e+02 1.244210176000000000e+09 3.056028958781098481e-07
3.161954345703125000e+02 2.875991552000000000e+09 4.426094903919874923e-07
4.222950744628906250e+01 3.480737792000000000e+10 7.894808362607363961e-09
8.487081909179687500e+01 4.255561728000000000e+10 3.188792874198043137e-08
3.231774597167968750e+02 1.772059904000000000e+09 4.623720997187774628e-07
1.080576038360595703e+01 8.375674470400000000e+10 5.169162320406428535e-10
3.517640686035156250e+02 5.674851942400000000e+10 5.477879199133894872e-07
5.470248413085937500e+02 1.110823296000000000e+09 1.324718709838634823e-06
4.332668304443359375e+01 2.987705600000000000e+09 8.310371057973497955e-09
2.658780670166015625e+01 1.624046976000000000e+09 3.129496883857996181e-09
6.157224731445312500e+02 7.369116160000000000e+09 1.678338321653427556e-06
7.576074981689453125e+01 6.843928576000000000e+09 2.540961041574973933e-08
1.139323806762695312e+02 5.191103283200000000e+10 5.746505848946981132e-08
6.487182617187500000e+01 4.786364006400000000e+10 1.863038434635200247e-08
6.963524780273437500e+02 1.407970432000000000e+09 2.146682163584046066e-06
3.140308532714843750e+02 1.554210560000000000e+09 4.365702466202492360e-07
1.416650238037109375e+02 1.246950144000000000e+09 8.884536839559586952e-08
5.341127319335937500e+02 1.123193472000000000e+09 1.262918658540002070e-06
6.296209716796875000e+02 1.889772339200000000e+10 1.754962795530445874e-06
5.889218750000000000e+02 4.876569088000000000e+09 1.535411684017162770e-06
6.443969726562500000e+02 1.377585868800000000e+10 1.838300477174925618e-06
6.658372497558593750e+01 2.973435136000000000e+09 1.962662921073388134e-08
5.888002777099609375e+01 1.302894464000000000e+09 1.534777993583702482e-08
7.142494506835937500e+02 2.784965222400000000e+10 2.258444283143035136e-06
1.073789138793945312e+02 4.264245657600000000e+10 5.104433498104299360e-08
4.481157531738281250e+02 7.153578803200000000e+10 8.889758191799046472e-07
8.491472625732421875e+01 1.717627801600000000e+10 3.192092989934280922e-08
4.254849243164062500e+02 2.995755008000000000e+09 8.014525860744470265e-07
2.691834068298339844e+01 1.863439360000000000e+10 3.207791143822191771e-09
9.237667236328125000e+02 3.092993792000000000e+09 3.777757910938817076e-06
4.711178283691406250e+02 8.087563776000000000e+09 9.825815823205630295e-07
5.962824707031250000e+02 1.668365184000000000e+09 1.574032239659572951e-06
3.510894775390625000e+02 1.130767232000000000e+09 5.456889766719541512e-07
3.768970108032226562e+01 1.349892812800000000e+10 6.288614073923781689e-09
1.086555175781250000e+02 6.672412672000000000e+09 5.226525345847221615e-08
6.897595214843750000e+01 7.567042150400000000e+10 2.106225593934141216e-08
1.605684509277343750e+02 2.664907161600000000e+10 1.141379186719859717e-07
4.422541198730468750e+02 4.281950208000000000e+10 8.658711863063217606e-07
5.686922454833984375e+01 2.622932224000000000e+09 1.431739882207239134e-08
7.365321350097656250e+01 1.427088486400000000e+10 2.401556997710940777e-08
6.227282333374023438e+01 9.243190067200000000e+10 1.716748521118915960e-08
3.490903854370117188e+01 4.934564864000000000e+09 5.394923174861787629e-09
7.557692871093750000e+02 5.028261888000000000e+10 2.528645609345403500e-06
5.048596572875976562e+01 1.080553369600000000e+10 1.128368154468262219e-08
5.151415634155273438e+01 9.668530176000000000e+09 1.174796704361824595e-08
4.262049102783203125e+01 2.447162880000000000e+09 8.041673105196878168e-09
9.834694213867187500e+02 1.629136691200000000e+10 4.281847850506892428e-06
4.326517028808593750e+02 6.042260480000000000e+09 8.286790489364648238e-07
7.271907043457031250e+01 3.613977395200000000e+10 2.341025506780169962e-08
9.148453521728515625e+01 1.622957696000000000e+09 3.705142503918068542e-08
2.786778259277343750e+02 4.120677376000000000e+09 3.438066755734325852e-07
2.673197555541992188e+01 3.499586048000000000e+09 3.163527662053411404e-09
6.777890777587890625e+01 1.068597504000000000e+09 2.033755031050077378e-08
2.172048797607421875e+02 2.082375808000000000e+09 2.088568322733408422e-07
3.045911560058593750e+02 1.841778073600000000e+10 4.107183144697046373e-07
3.963371658325195312e+01 3.363057664000000000e+09 6.954071540832273968e-09
1.768737411499023438e+01 2.234553548800000000e+10 1.384956926919755915e-09
5.482311248779296875e+01 5.075846656000000000e+09 1.330567389601355899e-08
2.707017898559570312e+01 3.142034176000000000e+09 3.244081447917324112e-09
7.328858947753906250e+01 1.303327360000000000e+09 2.377837837741481053e-08
9.702897644042968750e+01 4.130451456000000000e+10 4.167853262515563983e-08
3.944655227661132812e+01 2.441596928000000000e+09 6.888547066097316929e-09
2.513075828552246094e+01 1.806965120000000000e+09 2.795894182838765119e-09
8.183506469726562500e+02 1.247839846400000000e+10 2.964752184198005125e-06
1.270305557250976562e+02 3.041078476800000000e+10 7.143744795712336781e-08
2.480054779052734375e+02 6.358162432000000000e+09 2.722902365803747671e-07
2.820460128784179688e+01 2.277412608000000000e+09 3.521676283924080053e-09
1.224604034423828125e+01 3.170567168000000000e+10 6.638972704919865464e-10
8.607053222656250000e+02 2.226676992000000000e+09 3.279581960669020191e-06
1.967236785888671875e+02 5.206217728000000000e+09 1.713258086510904832e-07
1.364470577239990234e+01 3.960282316800000000e+10 8.242099780453315816e-10
3.024800109863281250e+02 1.014368665600000000e+10 4.050446307246602373e-07
1.099771423339843750e+02 3.558899712000000000e+10 5.354443999294744572e-08
1.372181606292724609e+01 7.968020889600000000e+10 8.335520051971911926e-10
2.089950103759765625e+02 2.809583104000000000e+09 1.933665458864197717e-07
2.084106636047363281e+01 8.184421580800000000e+10 1.922867642889514173e-09
1.004145584106445312e+02 7.656642969600000000e+10 4.463781166919034149e-08
4.442870178222656250e+02 8.461293568000000000e+09 8.738497854210436344e-07
1.738328933715820312e+01 5.945309696000000000e+09 1.337745469953688371e-09
4.119512557983398438e+01 4.387167744000000000e+09 7.512789501618044596e-09
4.058959655761718750e+02 3.117579468800000000e+10 7.293550652320845984e-07
4.925968170166015625e+01 2.985218867200000000e+10 1.074218847207930594e-08
1.037893753051757812e+02 4.863958016000000000e+09 4.768867967186452006e-08
3.765135955810546875e+01 5.472118272000000000e+09 6.275825636947729436e-09
1.177556152343750000e+02 4.186096384000000000e+09 6.138647989928358584e-08
2.843072319030761719e+01 1.767111065600000000e+10 3.578370488810378447e-09
1.387255287170410156e+01 2.466662400000000000e+09 8.519661087724728077e-10
5.955144119262695312e+01 9.813229568000000000e+09 1.569979701798729366e-08
1.178825664520263672e+01 1.425781888000000000e+09 6.151891773775730599e-10
3.105871391296386719e+01 1.215004416000000000e+09 4.270477749201972983e-09
1.352665138244628906e+01 4.841277440000000000e+10 8.100094484042585918e-10
2.567074890136718750e+02 7.002471628800000000e+10 2.917336701102613006e-07
1.434969329833984375e+01 6.615091712000000000e+09 9.115799226577792069e-10
5.448094177246093750e+01 9.058698240000000000e+09 1.314010233954832074e-08
6.831009521484375000e+02 9.592116838400000000e+10 2.065757371383369900e-06
2.189521636962890625e+02 1.172655923200000000e+10 2.122305886587128043e-07
2.735376281738281250e+02 2.143892096000000000e+09 3.312407272915152134e-07
3.294506530761718750e+02 3.465724928000000000e+09 4.804965101357083768e-07
3.157210693359375000e+02 1.208136960000000000e+09 4.412824807786819292e-07
1.119536685943603516e+01 1.310464384000000000e+09 5.548635440000282415e-10
5.838501586914062500e+02 7.385715507200000000e+10 1.509080107098270673e-06
2.257928276062011719e+01 5.236714496000000000e+09 2.256991038507294434e-09
4.686049499511718750e+02 1.742291072000000000e+09 9.721275091578718275e-07
1.713760757446289062e+01 3.357290086400000000e+10 1.300199281573100052e-09
4.723697662353515625e+01 1.125496448000000000e+09 9.878106332905645104e-09
3.071434020996093750e+02 2.326543104000000000e+09 4.176302184077940183e-07
8.344858398437500000e+02 1.381659340800000000e+10 3.082815055677201599e-06
4.597068786621093750e+01 1.695295795200000000e+10 9.355598074023419031e-09
2.642026367187500000e+02 2.198855270400000000e+10 3.090180484832671937e-07
3.235240783691406250e+02 4.681512550400000000e+10 4.633644437035400188e-07
4.387295150756835938e+01 1.578490675200000000e+10 8.521248595627639588e-09
3.365074157714843750e+02 2.648650752000000000e+10 5.013012582821829710e-07
9.897593994140625000e+02 4.549173248000000000e+09 4.336794063419802114e-06
1.021747779846191406e+01 5.195420672000000000e+09 4.621648896918628679e-10
2.296831054687500000e+02 2.103513088000000000e+09 2.335434317046747310e-07
1.645968933105468750e+02 8.628424704000000000e+09 1.199368853121995926e-07
8.623915100097656250e+01 1.591486668800000000e+10 3.292444361591151392e-08
8.395083007812500000e+02 3.621531648000000000e+09 3.120035444226232357e-06
7.714508819580078125e+01 1.669089408000000000e+09 2.634669193923855346e-08
7.181231689453125000e+01 4.084998656000000000e+09 2.283007916048518382e-08
8.930548858642578125e+01 9.839877324800000000e+10 3.530740855239855591e-08
1.325297832489013672e+01 6.149448192000000000e+09 7.775646237995204046e-10
2.254004478454589844e+01 2.131232256000000000e+09 2.249153308042650679e-09
2.853467407226562500e+02 1.706721280000000000e+10 3.604585572247742675e-07
1.154527854919433594e+01 6.386353152000000000e+09 5.900901434152672209e-10
4.314741897583007812e+01 2.378554624000000000e+09 8.241745952375367779e-09
3.520960998535156250e+01 5.393036492800000000e+10 5.488225429672866085e-09
6.782951049804687500e+02 4.815765094400000000e+10 2.036793148363358341e-06
2.266631927490234375e+02 3.911977216000000000e+09 2.274424417691989220e-07
9.943167114257812500e+02 1.549987840000000000e+09 4.376823198981583118e-06
2.371674156188964844e+01 4.904010240000000000e+09 2.490116113307294654e-09
2.994885444641113281e+01 1.263428608000000000e+10 3.970725970248167869e-09
5.952859115600585938e+01 2.523381555200000000e+10 1.568775331861615996e-08
1.833329315185546875e+02 1.172852352000000000e+09 1.487957490553526441e-07
1.393830566406250000e+02 2.861167001600000000e+10 8.600614620490887319e-08
9.792512512207031250e+01 1.366198528000000000e+09 4.245196549845786649e-08
2.337835693359375000e+01 1.677144576000000000e+09 2.419566325073674307e-09
6.616242980957031250e+01 6.899571916800000000e+10 1.937904947624247143e-08
2.720761871337890625e+01 9.465639936000000000e+09 3.277106808141638794e-09
4.723300781250000000e+02 1.927416217600000000e+10 9.876446256384951994e-07
1.447272033691406250e+02 3.591791820800000000e+10 9.272778100921641453e-08
7.771012573242187500e+02 7.738934784000000000e+09 2.673405106179416180e-06
1.808966445922851562e+01 8.192872960000000000e+09 1.448673736526018274e-09
1.098730087280273438e+01 5.410494054400000000e+10 5.344309439436756293e-10
7.875446166992187500e+02 3.929814630400000000e+10 2.745742904153303243e-06
3.448146057128906250e+01 1.333612800000000000e+09 5.263575797442854309e-09
1.832173919677734375e+02 3.377914112000000000e+09 1.486082652490949840e-07
4.184236526489257812e+01 6.322538496000000000e+10 7.750718289400992944e-09
1.180689468383789062e+02 4.769354752000000000e+09 6.171360666940017836e-08
1.571245002746582031e+01 5.926877696000000000e+09 1.092942514269168441e-09
1.031216621398925781e+01 2.547030835200000000e+10 4.707706446893666907e-10
1.989145088195800781e+01 3.521849753600000000e+10 1.751630285262706366e-09
2.245617103576660156e+01 2.055736320000000000e+09 2.232445783789671623e-09
2.030678558349609375e+01 1.109317324800000000e+10 1.825542161881799075e-09
1.720771789550781250e+02 1.220307456000000000e+10 1.310859403247377486e-07
3.596175842285156250e+02 7.410489753600000000e+10 5.725208893636590801e-07
1.315581703186035156e+01 1.504279040000000000e+09 7.662052659007656530e-10
9.410355834960937500e+02 1.951152256000000000e+09 3.920320978068048134e-06
2.234543991088867188e+01 8.039070105600000000e+10 2.210483796005746626e-09
2.898515510559082031e+01 2.666945792000000000e+09 3.719296426396567767e-09
1.800267944335937500e+02 4.905728512000000000e+09 1.434774929975901614e-07
3.823772888183593750e+02 3.215003648000000000e+09 6.472822633440955542e-07
1.503735256195068359e+01 1.120907520000000000e+09 1.001041916026679246e-09
3.189580345153808594e+01 3.927216537600000000e+10 4.503773798347765478e-09
7.869940948486328125e+01 6.977830092800000000e+10 2.741905191783189366e-08
1.261672897338867188e+02 1.129745024000000000e+09 7.046980243785583298e-08
7.194355010986328125e+01 4.820594688000000000e+09 2.291359813000326540e-08
1.505569305419921875e+02 2.564882636800000000e+10 1.003485223805000714e-07
1.040396022796630859e+01 5.301626470400000000e+10 4.791890217958894027e-10
1.444617614746093750e+02 1.280933888000000000e+09 9.238794973498443142e-08
9.719188842773437500e+02 1.949750400000000000e+09 4.181860731478082016e-06
6.231436920166015625e+01 2.160524288000000000e+09 1.719039666170374403e-08
1.326266326904296875e+02 3.472194816000000000e+09 7.787014766336142202e-08
6.508364868164062500e+02 1.643585945600000000e+10 1.875224597824853845e-06
3.329187011718750000e+02 2.969312256000000000e+10 4.906659114567446522e-07
2.358594665527343750e+02 1.475332864000000000e+09 2.462726342855603434e-07
7.269976196289062500e+02 9.527214080000000000e+10 2.339782668059342541e-06
8.298775634765625000e+02 1.697709260800000000e+10 3.048860435228561983e-06
2.960637817382812500e+02 7.384183296000000000e+09 3.880432188907434465e-07
8.300334472656250000e+02 1.054420992000000000e+10 3.050005943805444986e-06
3.603157424926757812e+01 4.098240921600000000e+10 5.747460729566000737e-09
1.867009925842285156e+01 1.626172108800000000e+10 1.543130845327311818e-09
2.385282516479492188e+01 1.431620403200000000e+10 2.518773856152733970e-09
5.075830078125000000e+01 1.476669030400000000e+10 1.140574479308043010e-08
5.625565185546875000e+02 1.119526912000000000e+09 1.401012013957370073e-06
3.809742355346679688e+01 1.403590041600000000e+10 6.425408649590735877e-09
3.639102172851562500e+01 8.739336192000000000e+10 5.862705432235770786e-09
6.678221435546875000e+02 2.584511488000000000e+09 1.974381802938296460e-06
1.061941242218017578e+01 1.366416256000000000e+09 4.992412594440054363e-10
3.076058578491210938e+01 8.848564224000000000e+09 4.188887903211480079e-09
3.705878829956054688e+01 1.426033766400000000e+10 6.079837522321440701e-09
2.386057434082031250e+02 2.969952051200000000e+10 2.520410475881362800e-07
3.325751876831054688e+01 4.383465062400000000e+10 4.896539618215456358e-09
1.726205749511718750e+02 2.671560499200000000e+10 1.319151294865150703e-07
7.268285369873046875e+01 3.592712601600000000e+10 2.338694216064141074e-08
6.590655517578125000e+01 1.762164352000000000e+09 1.922944647958502173e-08
4.006776046752929688e+01 1.174936192000000000e+09 7.107218813473537011e-09
7.564872436523437500e+02 1.227363840000000000e+09 2.533452516217948869e-06
1.408666229248046875e+01 4.748029440000000000e+09 8.784675209483339131e-10
1.433359832763671875e+02 6.018262630400000000e+10 9.095361264144230518e-08
2.853702697753906250e+02 1.236964992000000000e+09 3.605180154409026727e-07
1.833506469726562500e+02 6.174527078400000000e+10 1.488244976144414977e-07
2.497687530517578125e+01 3.570343424000000000e+09 2.761758821634430205e-09
1.523535308837890625e+02 2.200984320000000000e+09 1.027577383183597703e-07
3.852195358276367188e+01 4.251877376000000000e+09 6.569406352241458080e-09
3.959403991699218750e+01 9.768997888000000000e+09 6.940155117263202555e-09
5.261696777343750000e+02 2.145666252800000000e+10 1.225635060109198093e-06
7.313504028320312500e+02 2.821931264000000000e+09 2.367884690102073364e-06
3.385514831542968750e+02 4.848602316800000000e+10 5.074099362900597043e-07
1.149960136413574219e+01 3.614206771200000000e+10 5.854302043140080514e-10
8.526656341552734375e+01 9.128005632000000000e+09 3.218600497234547220e-08
2.148100471496582031e+01 4.671990272000000000e+09 2.042766400478512878e-09
2.337904510498046875e+02 4.212870656000000000e+09 2.419708664547215449e-07
2.023409271240234375e+02 1.823359744000000000e+09 1.812495753483744920e-07
2.326215171813964844e+01 8.891486208000000000e+09 2.395572407110080349e-09
1.945364189147949219e+01 3.532257792000000000e+09 1.675372396370278238e-09
2.771661071777343750e+02 2.554474496000000000e+09 3.400867853997624479e-07
8.908113861083984375e+01 4.510248960000000000e+09 3.513023116852309613e-08
2.832544860839843750e+02 6.557641728000000000e+09 3.551919576239015441e-07
1.224987792968750000e+01 9.181369344000000000e+09 6.643134375927672863e-10
1.615252876281738281e+01 8.328491827200000000e+10 1.155022966159435782e-09
1.670586585998535156e+01 1.260404224000000000e+09 1.235513358288642394e-09
3.433786621093750000e+02 3.554986752000000000e+09 5.219827130531484727e-07
5.675687789916992188e+01 4.302132019200000000e+10 1.426088580558371177e-08
1.218622303009033203e+01 1.108209536000000000e+09 6.574273903048322154e-10
2.811740722656250000e+02 4.158899404800000000e+10 3.499935417039523600e-07
4.243704223632812500e+01 1.190585958400000000e+10 7.972595028604700929e-09
3.498041076660156250e+02 1.180855424000000000e+09 5.417005581875855569e-07
3.331573486328125000e+02 1.121375360000000000e+09 4.913696329822414555e-07
4.395988845825195312e+01 4.701609472000000000e+09 8.555051778103006654e-09
1.869835281372070312e+01 2.651005747200000000e+10 1.547804773238681264e-09
2.097670593261718750e+02 4.082155929600000000e+10 1.947978347516254871e-07
2.571543502807617188e+01 1.962138752000000000e+09 2.927502684713090275e-09
7.572897949218750000e+02 2.745607168000000000e+10 2.538830585763207637e-06
2.852026977539062500e+02 1.306198272000000000e+09 3.600947025006462354e-07
1.774700012207031250e+02 2.972499456000000000e+09 1.394310231717099668e-07
1.330455780029296875e+02 9.025643315200000000e+10 7.836288062890162109e-08
2.895348510742187500e+02 2.690390272000000000e+09 3.711173235387832392e-07
3.136651229858398438e+01 2.517211904000000000e+09 4.355539928724283527e-09
2.075193939208984375e+02 1.309675212800000000e+10 1.906456503775189049e-07
6.331525268554687500e+02 7.997907763200000000e+10 1.774705197021830827e-06
1.354598808288574219e+01 9.447047168000000000e+09 8.123270389681636061e-10
2.227586822509765625e+02 9.867372544000000000e+09 2.196740780391337466e-07
1.218065643310546875e+01 9.420580454400000000e+10 6.568268151596612370e-10
1.030104827880859375e+01 2.899799244800000000e+10 4.697560118671617602e-10
9.027335205078125000e+02 1.395825049600000000e+10 3.607685357565060258e-06
4.610034942626953125e+01 5.439320883200000000e+10 9.408448242709255283e-09
4.073489074707031250e+02 1.212478873600000000e+10 7.345859671659127343e-07
3.128303718566894531e+01 7.783974400000000000e+09 4.332387781857960363e-09
1.569188022613525391e+01 9.151226675200000000e+10 1.090082801802338963e-09
1.701425933837890625e+02 8.309949440000000000e+09 1.281550225940009113e-07
5.583575439453125000e+01 8.774023168000000000e+09 1.380175440601760783e-08
5.100560913085937500e+02 5.953711718400000000e+10 1.151715991909441072e-06
2.482047843933105469e+01 5.403376025600000000e+10 2.727280623560091044e-09
3.114269447326660156e+01 2.728452096000000000e+09 4.293602806626495294e-09
2.333802337646484375e+02 5.925326438400000000e+10 2.411224500065145548e-07
3.401366271972656250e+02 2.056754944000000000e+09 5.121725621393125039e-07
2.226634826660156250e+02 1.288744448000000000e+10 2.194863384374912130e-07
7.850022125244140625e+01 1.995246592000000000e+10 2.728043568822613452e-08
1.230188083648681641e+01 2.611826073600000000e+10 6.699656385222851895e-10
8.149362792968750000e+02 2.203360000000000000e+09 2.940064405265729874e-06
7.570910644531250000e+01 2.009001779200000000e+10 2.537498389187931025e-08
1.896076011657714844e+01 9.018028032000000000e+09 1.591552667434825707e-09
5.089397583007812500e+02 7.296152064000000000e+09 1.146680119745724369e-06
2.030386734008789062e+01 1.386326144000000000e+09 1.825017692524966151e-09
3.367058181762695312e+01 7.561023488000000000e+10 5.018925719468825264e-09
1.606668243408203125e+02 6.513489510400000000e+10 1.142778174312297779e-07
4.028002929687500000e+02 6.521071616000000000e+09 7.182721901699551381e-07
6.459867553710937500e+02 6.120516608000000000e+09 1.847382009145803750e-06
1.564037628173828125e+02 1.394792960000000000e+09 1.082938894114704453e-07
1.693974914550781250e+02 1.176997504000000000e+09 1.270350082904769806e-07
7.837053680419921875e+01 6.313930342400000000e+10 2.719037439646854182e-08
3.903630371093750000e+02 2.943419801600000000e+10 6.746008693880867213e-07
4.185375976562500000e+01 1.587045580800000000e+10 7.754939801429827639e-09
3.748411560058593750e+01 1.622897152000000000e+09 6.220195469808231792e-09
1.615258331298828125e+02 2.817125376000000000e+10 1.155030631139197794e-07
4.447114257812500000e+02 1.978806067200000000e+10 8.755200155974307563e-07
1.006985378265380859e+01 1.499455385600000000e+10 4.489064120427599391e-10
6.686420288085937500e+02 1.342034432000000000e+10 1.979232820303877816e-06
8.493591308593750000e+01 3.171459840000000000e+09 3.193686382019222947e-08
5.223185729980468750e+01 4.640073728000000000e+10 1.207759492416471403e-08
1.963572692871093750e+01 2.951568896000000000e+09 1.706881969099072194e-09
1.595199775695800781e+01 1.559587072000000000e+09 1.126521986805073539e-09
3.873758697509765625e+01 4.121155328000000000e+09 6.643159800034936779e-09
4.971967697143554688e+01 2.597753856000000000e+10 1.094374990628921296e-08
1.904490814208984375e+02 3.265709465600000000e+10 1.605710622243350372e-07
2.818392562866210938e+01 1.655404672000000000e+09 3.516515079127202625e-09
2.498363952636718750e+02 4.906018816000000000e+09 2.763254940418846672e-07
9.757225952148437500e+02 9.102630912000000000e+09 4.214657110424013808e-06
4.425482482910156250e+02 1.336925312000000000e+09 8.670232887197926175e-07
1.384677028656005859e+01 1.015518208000000000e+10 8.488021951968960366e-10
2.999539566040039062e+01 2.701028096000000000e+09 3.983076979352517810e-09
4.608121032714843750e+02 1.035783065600000000e+10 9.400637281942181289e-07
8.784939575195312500e+02 2.662742425600000000e+10 3.416544359424733557e-06
9.559191284179687500e+02 4.140160204800000000e+10 4.045310106448596343e-06
9.757482299804687500e+02 8.196523520000000000e+09 4.214878572383895516e-06
2.539480781555175781e+01 7.811251200000000000e+09 2.854955605258169271e-09
4.237622680664062500e+02 1.515805824000000000e+09 7.949761311465408653e-07
7.017506408691406250e+01 9.027665920000000000e+09 2.180093616743761231e-08
1.316826534271240234e+01 1.811895040000000000e+09 7.676559943270433450e-10
5.469103240966796875e+01 6.347508940800000000e+10 1.324163889648843906e-08
1.623022155761718750e+02 2.697392640000000000e+09 1.166160856769238308e-07
1.100516052246093750e+02 2.017830528000000000e+09 5.361697574812751554e-08
3.072933006286621094e+01 7.689279078400000000e+10 4.180379598039962730e-09
1.404179382324218750e+02 1.289943654400000000e+10 8.728802924906631233e-08
7.988959503173828125e+01 3.010726707200000000e+10 2.825465017508577148e-08
1.499203186035156250e+02 7.536400896000000000e+09 9.950169754802118405e-08
1.704405517578125000e+02 1.888017280000000000e+09 1.286042703441125923e-07
2.217056083679199219e+01 6.980806656000000000e+09 2.176020030830727592e-09
1.675927124023437500e+02 7.180676096000000000e+09 1.243425487018612330e-07
5.946803588867187500e+02 1.469076352000000000e+09 1.565585080243181437e-06
4.723863220214843750e+01 2.514595072000000000e+09 9.878800000251430902e-09
9.544139404296875000e+02 3.771803648000000000e+10 4.032580818602582440e-06
4.984686660766601562e+01 3.842083840000000000e+09 1.099981083996226516e-08
3.926897277832031250e+02 2.072318361600000000e+10 6.826665526205033530e-07
5.144634628295898438e+01 1.134933811200000000e+10 1.171705932279110129e-08
7.222196197509765625e+01 1.576622284800000000e+10 2.309128355193479365e-08
1.723209075927734375e+02 4.171897088000000000e+09 1.314575399646855658e-07
5.024584350585937500e+02 2.373906176000000000e+09 1.117660303862066939e-06
5.907006225585937500e+02 2.638513664000000000e+09 1.544700694466882851e-06
7.215106964111328125e+01 9.040608256000000000e+09 2.304597224167537206e-08
1.016817398071289062e+02 1.482111744000000000e+09 4.577153234208708454e-08
9.666077423095703125e+01 4.160204288000000000e+09 4.136281361866167572e-08
1.522752532958984375e+02 3.477585152000000000e+09 1.026521729841078923e-07
5.502119445800781250e+01 5.603966566400000000e+10 1.340199862198687697e-08
8.843999023437500000e+02 7.799131136000000000e+09 3.462636186668532901e-06
1.207905387878417969e+01 2.186246912000000000e+09 6.459149881621328859e-10
1.021128082275390625e+02 5.404975923200000000e+10 4.616044080307801778e-08
9.525743865966796875e+01 7.487353856000000000e+09 4.017050869720151240e-08
7.235276031494140625e+01 1.820468428800000000e+10 2.317499969706204865e-08
1.087338066101074219e+01 1.803246592000000000e+09 5.234059852199379748e-10
4.398689880371093750e+02 4.043284480000000000e+09 8.565568805352086201e-07
9.701612854003906250e+01 2.047179161600000000e+10 4.166749434375560668e-08
3.213427429199218750e+02 8.208450355200000000e+10 4.571371334805007791e-07
2.851574401855468750e+02 3.268825702400000000e+10 3.599804756504454417e-07
2.852303314208984375e+01 8.820319027200000000e+10 3.601644982254015304e-09
5.127550659179687500e+02 6.182104268800000000e+10 1.163936872217163909e-06
1.884145812988281250e+02 5.786217676800000000e+10 1.571587517901207320e-07
8.590514373779296875e+01 7.499157504000000000e+09 3.266990589168017323e-08
6.747215270996093750e+01 2.943984025600000000e+10 2.015387856602046668e-08
7.118284912109375000e+02 4.457158656000000000e+09 2.243160224679741077e-06
1.025415039062500000e+01 3.226658560000000000e+09 4.654884533383807366e-10
6.627636718750000000e+02 4.577731584000000000e+09 1.944584710145136341e-06
3.359787292480468750e+02 8.389497651200000000e+10 4.997273208573460579e-07
3.624448394775390625e+01 2.403484416000000000e+09 5.815584014357000342e-09
1.021494388580322266e+01 8.359113728000000000e+09 4.619356563928533888e-10
6.565299224853515625e+01 1.012502732800000000e+10 1.908176727738464251e-08
5.598340454101562500e+02 1.226487680000000000e+09 1.387484417136874981e-06
6.643279266357421875e+01 9.265406771200000000e+10 1.953774741991765040e-08
6.880543212890625000e+02 3.475584000000000000e+09 2.095824811476632021e-06
1.959195709228515625e+02 5.275082752000000000e+09 1.699280858247220749e-07
1.326716308593750000e+02 7.535589376000000000e+09 7.792299072661990067e-08
4.153384094238281250e+02 2.494422272000000000e+09 7.636840564373414963e-07
9.658897705078125000e+02 4.536077312000000000e+09 4.130138677282957360e-06
3.782806396484375000e+01 3.819207475200000000e+10 6.334870850110974061e-09
4.721505737304687500e+01 5.670975078400000000e+10 9.868940331614339811e-09
2.984757690429687500e+02 4.125342924800000000e+10 3.943916055959562073e-07
6.377908325195312500e+01 7.718262374400000000e+10 1.800802351681340951e-08
7.191715087890625000e+02 6.416541696000000000e+09 2.289678377564996481e-06
2.775296936035156250e+02 6.286848409600000000e+10 3.409796534015185898e-07
4.012840576171875000e+02 1.981319936000000000e+09 7.128748507057025563e-07
1.557591247558593750e+02 1.920339148800000000e+10 1.074030251402291469e-07
5.612876892089843750e+01 3.510440960000000000e+09 1.394699289392065111e-08
8.283200836181640625e+01 1.619450368000000000e+10 3.037427376284540514e-08
9.181677856445312500e+02 4.357938790400000000e+10 3.732103095899219625e-06
5.624431610107421875e+01 3.521014169600000000e+10 1.400447491306522352e-08
5.629038238525390625e+01 7.987874304000000000e+09 1.402742455525185505e-08
7.626747436523437500e+02 7.326327603200000000e+10 2.575065309429191984e-06
1.368978576660156250e+02 1.163342080000000000e+09 8.296650833017338300e-08
2.042305603027343750e+02 1.258212992000000000e+09 1.846507160507826484e-07
4.298357009887695312e+01 1.407339904000000000e+09 8.179269705976821569e-09
3.985419082641601562e+01 1.138853248000000000e+09 7.031653925793079907e-09
6.560582885742187500e+02 1.665590169600000000e+10 1.905435965454671532e-06
1.069655799865722656e+01 5.854550835200000000e+10 5.065212138610775128e-10
1.648083305358886719e+01 5.676884992000000000e+09 1.202452248882934782e-09
3.913037872314453125e+01 4.488021196800000000e+10 6.778562156029011021e-09
8.985066986083984375e+01 3.304941158400000000e+10 3.573980222881800728e-08
6.811564331054687500e+02 3.555531571200000000e+10 2.054013066299376078e-06
1.729319458007812500e+02 8.898689024000000000e+09 1.323914631257139263e-07
5.380945587158203125e+01 7.533291520000000000e+09 1.281819006493378765e-08
1.665700721740722656e+01 2.550010368000000000e+09 1.228297352717788726e-09
1.930556030273437500e+02 1.150707584000000000e+09 1.649963365935036563e-07
2.909522094726562500e+02 3.448358912000000000e+10 3.747596224457083736e-07
2.066741180419921875e+02 4.291882496000000000e+09 1.890957292971506831e-07
3.089994506835937500e+02 2.780572672000000000e+09 4.226928354000847321e-07
3.084159545898437500e+02 2.075090534400000000e+10 4.210979795971070416e-07
7.622267456054687500e+02 4.528948019200000000e+10 2.572041239545796998e-06
2.894136810302734375e+01 6.233083392000000000e+09 3.708067630725508934e-09
2.813672637939453125e+01 9.595877785600000000e+10 3.504746937110780891e-09
1.055358734130859375e+02 8.712408268800000000e+10 4.930713615181048226e-08
5.866217041015625000e+02 1.035287040000000000e+09 1.523441483186616097e-06
5.820347213745117188e+01 1.902447206400000000e+10 1.499710222674366378e-08
1.102986907958984375e+02 1.175164723200000000e+10 5.385800250223837793e-08
3.155796813964843750e+01 3.791539712000000000e+09 4.408873266470436647e-09
6.757920074462890625e+01 6.410850304000000000e+09 2.021787892658721830e-08
2.429279899597167969e+01 1.476643020800000000e+10 2.612550176195327367e-09
1.782964630126953125e+02 1.762051840000000000e+09 1.407326948310583248e-07
4.596691894531250000e+02 1.063496512000000000e+09 9.354063763566955458e-07
2.206917419433593750e+02 8.217323520000000000e+09 2.156163532163191121e-07
1.010519886016845703e+01 3.648846848000000000e+09 4.520633034577059561e-10
1.830268669128417969e+01 1.172019200000000000e+09 1.482993394752440963e-09
4.714105834960937500e+02 5.274036224000000000e+09 9.838030337050440721e-07
3.418142700195312500e+02 1.711387750400000000e+10 5.172373107598104980e-07
9.822268066406250000e+02 6.320818995200000000e+10 4.271034413250163198e-06
5.234392547607421875e+01 1.768762982400000000e+10 1.212947697837307715e-08
3.514260253906250000e+02 8.547801600000000000e+09 5.467355777000193484e-07
3.116859130859375000e+02 1.344689280000000000e+09 4.300746923036058433e-07
1.671079254150390625e+02 1.567454080000000000e+09 1.236242326285719173e-07
7.561374511718750000e+02 4.352823296000000000e+10 2.531109885239857249e-06
6.777785491943359375e+01 1.393960345600000000e+10 2.033691970382278669e-08
2.230807304382324219e+01 6.945622425600000000e+10 2.203097038133705610e-09
4.674394226074218750e+01 9.640475033600000000e+10 9.672977974162222381e-09
3.661088867187500000e+02 1.523561164800000000e+10 5.933761713095009327e-07
1.482644557952880859e+01 6.447464960000000000e+09 9.731585537409159770e-10
5.468785476684570312e+01 1.076961280000000000e+09 1.324010145964393814e-08
3.353205566406250000e+02 2.171575091200000000e+10 4.977712819709267933e-07
1.057520866394042969e+01 8.794557440000000000e+09 4.950936882686107765e-10
1.189985885620117188e+02 2.946871910400000000e+10 6.268926000529972953e-08
1.259532318115234375e+02 4.126311424000000000e+09 7.023088954838385689e-08
5.458107299804687500e+02 2.175280537600000000e+10 1.318844624620396644e-06
5.296665039062500000e+02 8.596865024000000000e+09 1.241979703081597108e-06
5.448744506835937500e+02 2.836603392000000000e+09 1.314324094892072026e-06
2.951357116699218750e+02 6.237972480000000000e+10 3.856142427594022593e-07
3.132839965820312500e+02 9.238056960000000000e+09 4.344961439528560732e-07
3.948716735839843750e+01 2.375397990400000000e+10 6.902739713154915080e-09
1.323766708374023438e+01 1.963727488000000000e+09 7.757689490794916765e-10
4.575202941894531250e+01 1.813026176000000000e+09 9.266808653762836911e-09
6.058344268798828125e+01 2.539770470400000000e+10 1.624865575422518305e-08
1.196550178527832031e+01 1.265845350400000000e+10 6.338279345818875754e-10
3.281021728515625000e+02 1.349842816000000000e+09 4.765711594245658489e-07
8.083194732666015625e+01 6.010894848000000000e+09 2.892515027497211122e-08
2.568414916992187500e+02 1.538706329600000000e+10 2.920383508353552315e-07
7.552039337158203125e+01 4.196112128000000000e+09 2.524864051167696744e-08
6.937070465087890625e+01 3.420865280000000000e+09 2.130402698696798325e-08
2.635857391357421875e+01 1.023452262400000000e+10 3.075766308313632180e-09
9.205803833007812500e+02 3.436880128000000000e+09 3.751741814994602464e-06
6.606812133789062500e+02 9.813015756800000000e+10 1.932384066094527952e-06
1.914313507080078125e+01 1.719545600000000000e+09 1.622316836424886333e-09
1.541444015502929688e+01 8.304052633600000000e+10 1.051877251967425764e-09
7.321358032226562500e+02 1.710086656000000000e+10 2.372973312958492897e-06
5.260231933593750000e+02 5.012829798400000000e+10 1.224952711709192954e-06
5.553418579101562500e+02 7.446867968000000000e+10 1.365307070955168456e-06
5.008866119384765625e+01 4.086922035200000000e+10 1.110678482518778765e-08
1.160164070129394531e+01 2.801008844800000000e+10 5.958656346116697478e-10
7.968991699218750000e+02 7.933800448000000000e+10 2.811358854160062037e-06
4.695185089111328125e+01 3.391392000000000000e+09 9.759215657823006040e-09
8.318747558593750000e+02 2.356815360000000000e+09 3.063553094762028195e-06
6.068065261840820312e+01 2.226519040000000000e+09 1.630084156545308360e-08
1.582776355743408203e+01 4.257747712000000000e+09 1.109043634706097237e-09
5.513356323242187500e+02 6.702097612800000000e+10 1.345679493169882335e-06
1.699747467041015625e+01 5.671088128000000000e+10 1.279022887601399816e-09
3.274748992919921875e+01 6.498049638400000000e+10 4.747506388014244294e-09
5.757770538330078125e+01 3.111066880000000000e+09 1.467635524221577725e-08
3.161640625000000000e+02 6.627224780800000000e+10 4.425216957315569744e-07
8.592636108398437500e+01 1.601133056000000000e+09 3.268604586992296390e-08
5.029026412963867188e+01 4.349449420800000000e+10 1.119637271784768018e-08
1.423635406494140625e+02 1.264287846400000000e+10 8.972367737669628696e-08
1.554354553222656250e+02 2.138168704000000000e+09 1.069571098355481809e-07
2.329555816650390625e+02 4.331436032000000000e+10 2.402457823791337432e-07
5.174980926513671875e+01 2.322661376000000000e+09 1.185569509232209384e-08
3.600476837158203125e+01 3.838259609600000000e+10 5.738912012276387031e-09
1.047121582031250000e+02 2.200887552000000000e+09 4.854044277635694016e-08
1.413316345214843750e+02 1.388156313600000000e+10 8.842768295380665222e-08
4.791901397705078125e+01 4.298207744000000000e+09 1.016541784082392041e-08
4.767027282714843750e+01 8.698837401600000000e+10 1.006015715176999947e-08
5.116943054199218750e+02 1.370750592000000000e+09 1.159126099992136005e-06
1.087217636108398438e+02 2.155276288000000000e+09 5.232901045815196994e-08
4.059585571289062500e+02 1.887879987200000000e+10 7.295799946405168157e-07
6.213370971679687500e+02 4.090018560000000000e+09 1.709086518530966714e-06
5.439778442382812500e+02 2.714202931200000000e+10 1.310002062382409349e-06
4.806416320800781250e+01 6.471359488000000000e+09 1.022709472664473651e-08
5.190577316284179688e+01 6.981975244800000000e+10 1.192726450938152993e-08
3.988605651855468750e+02 4.831535616000000000e+09 7.042903007459244691e-07
8.632678833007812500e+02 5.169734451200000000e+10 3.299139507362269796e-06
4.528430786132812500e+02 3.670394368000000000e+09 9.078309517462912481e-07
1.181262207031250000e+02 4.424656486400000000e+10 6.177348410574268200e-08
2.012512779235839844e+01 4.679889408000000000e+09 1.793026949137299653e-09
1.380102443695068359e+01 2.975356723200000000e+10 8.432030629279552159e-10
3.787316284179687500e+02 9.608961024000000000e+09 6.349984573716938030e-07
7.821437835693359375e+01 7.330398208000000000e+09 2.708212321067549055e-08
8.567938995361328125e+01 2.085136793600000000e+10 3.249842350783183065e-08
4.466069641113281250e+02 3.828815360000000000e+09 8.829996431813924573e-07
3.604153137207031250e+02 3.974918553600000000e+10 5.750637228629784659e-07
1.519573020935058594e+01 5.318689177600000000e+10 1.022239515258149822e-09
2.806374816894531250e+02 4.147088896000000000e+09 3.486590287593571702e-07
1.569939270019531250e+02 8.221044736000000000e+10 1.091126833330235968e-07
3.849824905395507812e+01 1.262971392000000000e+09 6.561323484532977091e-09
3.076203155517578125e+01 2.097050112000000000e+09 4.189281366251407235e-09
2.982215881347656250e+01 7.897759744000000000e+10 3.937201675796586642e-09
5.540519714355468750e+01 6.638357504000000000e+09 1.358972046006101664e-08
2.380351638793945312e+01 2.414665318400000000e+10 2.508371066411996253e-09
3.159166564941406250e+02 1.263670400000000000e+09 4.418293713115417631e-07
5.677710342407226562e+01 8.155274444800000000e+10 1.427105278395401911e-08
7.379184722900390625e+01 3.686664192000000000e+09 2.410606469993581413e-08
6.768007812500000000e+02 2.021184640000000000e+09 2.027828486461658031e-06
2.383979034423828125e+01 1.037222502400000000e+10 2.516021835319293132e-09
3.072716064453125000e+02 5.886346752000000000e+09 4.179789527825050754e-07
6.189274902343750000e+02 2.917385472000000000e+09 1.695856326477951370e-06
2.901754150390625000e+02 1.325976780800000000e+10 3.727612067905283766e-07
2.368294372558593750e+02 2.245823488000000000e+09 2.483023706645326456e-07
6.757497558593750000e+02 3.189549465600000000e+10 2.021535465246415697e-06
1.808679809570312500e+02 2.308262656000000000e+09 1.448214419497162453e-07
1.065321350097656250e+02 1.448392320000000000e+09 5.024245197660093254e-08
4.726663970947265625e+01 6.768846848000000000e+09 9.890515961785695254e-09
8.366110992431640625e+01 1.149467264000000000e+09 3.098537959544955811e-08
9.322074584960937500e+02 5.717926912000000000e+09 3.847110747301485389e-06
1.094588279724121094e+01 6.151172505600000000e+10 5.304092720592734622e-10
3.461321640014648438e+01 5.771796070400000000e+10 5.303876893236747492e-09
1.421458148956298828e+01 3.380216217600000000e+10 8.944945339983689792e-10
1.079202651977539062e+02 3.383983104000000000e+09 5.156030979946990556e-08
4.804665222167968750e+02 2.900189798400000000e+10 1.021964521896734368e-06
4.233494949340820312e+01 6.958421606400000000e+10 7.934281676114096626e-09
3.268813323974609375e+01 1.259096985600000000e+10 4.730312141987269570e-09
9.979752807617187500e+02 4.800073318400000000e+10 4.409091161505784839e-06
2.255041122436523438e+01 2.339388006400000000e+10 2.251222763760551970e-09
7.713362884521484375e+01 1.952414464000000000e+09 2.633886353464731656e-08
8.136453247070312500e+02 4.191573504000000000e+09 2.930757091235136613e-06
1.172820587158203125e+02 6.873375539200000000e+10 6.089374693374338676e-08
4.108462524414062500e+02 2.043978137600000000e+10 7.472538641195569653e-07
1.266781330108642578e+01 6.682393088000000000e+09 7.104161703352929180e-10
3.797774047851562500e+02 6.100643020800000000e+10 6.385100732586579397e-07
6.794134521484375000e+01 1.414110208000000000e+10 2.043514868432794174e-08
2.040072441101074219e+01 1.958238592000000000e+09 1.842471064605888387e-09
3.098981094360351562e+01 2.741777817600000000e+10 4.251550667078163315e-09
3.670214233398437500e+02 2.334945280000000000e+10 5.963378271189867519e-07
4.776952743530273438e+01 1.114649344000000000e+09 1.010209338403456059e-08
6.038129425048828125e+01 1.921720320000000000e+09 1.614040279207529238e-08
1.613825416564941406e+01 6.627852288000000000e+09 1.152982265217872282e-09
4.474953842163085938e+01 1.640245657600000000e+10 8.865161049698144780e-09
7.056445312500000000e+02 2.014359961600000000e+10 2.204354814239195548e-06
7.597648925781250000e+02 3.935729152000000000e+09 2.555453420427511446e-06
1.252265701293945312e+02 2.452007936000000000e+10 6.942286034927747096e-08
6.555459594726562500e+01 7.634823577600000000e+10 1.902461121972010005e-08
4.260742950439453125e+01 5.379962880000000000e+09 8.036744603145962174e-09
5.827817382812500000e+02 2.415366553600000000e+10 1.503562202742614318e-06
7.608215332031250000e+01 1.802153984000000000e+10 2.562566159269863419e-08
1.670690002441406250e+02 6.025650585600000000e+10 1.235666644561206340e-07
1.324850616455078125e+02 1.322328320000000000e+09 7.770398724460392259e-08
4.803648681640625000e+02 5.373302374400000000e+10 1.021532057166041341e-06
2.370412902832031250e+02 5.390262784000000000e+09 2.487468009348958731e-07
6.322592773437500000e+02 9.512964915200000000e+10 1.769701270859513897e-06
3.611762619018554688e+01 1.693276160000000000e+09 5.774946298942040812e-09
4.278685379028320312e+01 2.992732672000000000e+09 8.104575677236880438e-09
1.351874351501464844e+01 2.212514406400000000e+10 8.090627057200094896e-10
4.063530731201171875e+01 1.620920524800000000e+10 7.309987282155816501e-09
3.093939971923828125e+01 3.219560960000000000e+09 4.237730166778419516e-09
7.265019226074218750e+01 1.059069120000000000e+09 2.336592785923130577e-08
1.019217109680175781e+01 3.021449830400000000e+10 4.598783298614961268e-10
5.718834838867187500e+02 1.994860953600000000e+10 1.447853605895943474e-06
3.420936584472656250e+02 6.189869056000000000e+09 5.180833113627159037e-07
1.979221496582031250e+02 1.707144704000000000e+09 1.734196644065377768e-07
2.953047561645507812e+01 4.269884928000000000e+09 3.860560759960662836e-09
6.372271347045898438e+01 1.626894131200000000e+10 1.797620541310607223e-08
1.517097854614257812e+01 8.234419712000000000e+09 1.018912065831045766e-09
1.483098220825195312e+01 1.239098470400000000e+10 9.737541883936273734e-10
8.717443237304687500e+02 4.257133824000000000e+09 3.364246140336035751e-06
3.065838623046875000e+02 7.612524953600000000e+10 4.161099695920711383e-07
2.184377288818359375e+02 1.209124480000000000e+09 2.112344930083054351e-07
2.758955688476562500e+02 9.156869324800000000e+10 3.369760293026047293e-07
6.716746215820312500e+02 8.511704576000000000e+09 1.997226945604779758e-06
5.655132675170898438e+01 1.217110528000000000e+10 1.415777894919756363e-08
7.377216796875000000e+02 1.756090496000000000e+09 2.409320813967497088e-06
1.646687126159667969e+01 1.778111872000000000e+09 1.200415877811167320e-09
4.348979949951171875e+01 1.330082304000000000e+09 8.373062243549611594e-09
1.190466995239257812e+02 1.898489651200000000e+10 6.273995722949621268e-08
2.744839668273925781e+01 1.478744576000000000e+10 3.335365983403448809e-09
3.210546112060546875e+01 4.315039334400000000e+10 4.563176947414149254e-09
1.355612030029296875e+02 3.972644608000000000e+09 8.135426554645164288e-08
8.389582519531250000e+02 4.654990848000000000e+09 3.115948402410140261e-06
7.859943237304687500e+02 2.980541849600000000e+10 2.734943336690776050e-06
8.367924804687500000e+02 6.402002124800000000e+10 3.099881496382295154e-06
2.204503631591796875e+01 1.455281152000000000e+09 2.151449463028143327e-09
1.111981010437011719e+01 2.624864256000000000e+09 5.473993480720196203e-10
3.475516510009765625e+01 3.724985600000000000e+09 5.347468245986419788e-09
4.392082214355468750e+02 3.310744832000000000e+09 8.539853411093645263e-07
7.993494873046875000e+02 5.640761344000000000e+10 2.828674269039765932e-06
7.433267211914062500e+01 6.355786137600000000e+10 2.446070723749471654e-08
3.472192077636718750e+02 2.920366336000000000e+09 5.337243464964558370e-07
1.008664798736572266e+01 6.040147558400000000e+10 4.504050188369745911e-10
2.158533172607421875e+02 1.416285952000000000e+09 2.062656960788444849e-07
3.515888366699218750e+02 3.553295872000000000e+09 5.472423936225823127e-07
3.686355590820312500e+02 1.072079667200000000e+10 6.015946496518154163e-07
1.468800048828125000e+02 1.849312460800000000e+10 9.550692681159489439e-08
2.134642486572265625e+02 9.966968832000000000e+09 2.017250295693884254e-07
5.356624603271484375e+01 3.133848985600000000e+10 1.270258120911194055e-08
1.011666011810302734e+01 2.047284224000000000e+09 4.530893438214889102e-10
1.146822433471679688e+02 1.348947584000000000e+09 5.822397852739413793e-08
9.842447662353515625e+01 5.790613094400000000e+10 4.288601829216531769e-08
7.552079010009765625e+01 1.315733708800000000e+10 2.524890696520287747e-08
4.103394470214843750e+02 7.791695360000000000e+09 7.454113983840215951e-07
4.678392410278320312e+01 2.674158592000000000e+09 9.689532731727013015e-09
4.569342422485351562e+01 4.963806720000000000e+09 9.243084519994226866e-09
1.697892951965332031e+01 6.294842368000000000e+09 1.276233341229726648e-09
1.905128479003906250e+02 1.153445376000000000e+10 1.606786099728196859e-07
7.090996551513671875e+01 1.831508172800000000e+10 2.225994499838179763e-08
2.302781372070312500e+02 1.397594752000000000e+09 2.347550491776928538e-07
4.419889831542968750e+01 9.254586368000000000e+09 8.648333604810432007e-09
4.377821044921875000e+02 4.874818355200000000e+10 8.484486215820652433e-07
3.235046386718750000e+01 2.452443750400000000e+10 4.633088579453215061e-09
2.505027580261230469e+01 4.718540288000000000e+09 2.778014707160991748e-09
5.362240219116210938e+01 9.590276915200000000e+10 1.272922744988136401e-08
6.002792968750000000e+02 8.607467520000000000e+09 1.595204253135307226e-06
3.385823669433593750e+02 2.987709030400000000e+10 5.075025342193839606e-07
4.796216583251953125e+01 4.044274483200000000e+10 1.018373474437339610e-08
3.563116455078125000e+02 1.187199180800000000e+10 5.620429419650463387e-07
1.485213623046875000e+02 1.008551628800000000e+10 9.765339825662522344e-08
8.311409301757812500e+02 1.041327308800000000e+10 3.058150468859821558e-06
3.545082092285156250e+01 4.623248588800000000e+10 5.563679739140070524e-09
9.010290527343750000e+01 5.731076096000000000e+09 3.594074726720464241e-08
1.078717136383056641e+01 1.976661888000000000e+09 5.151392645785790592e-10
2.952159118652343750e+02 7.846990643200000000e+10 3.858238528664514888e-07
1.819295349121093750e+02 4.944664576000000000e+09 1.465264176658820361e-07
1.001528835296630859e+01 2.265856614400000000e+10 4.440547096695723894e-10
8.032718505859375000e+02 2.643306700800000000e+10 2.856502533177263103e-06
7.502326202392578125e+01 8.946264473600000000e+10 2.491732331577622972e-08
2.170735473632812500e+02 2.032065331200000000e+10 2.086043338067611330e-07
5.161349487304687500e+02 4.727054848000000000e+09 1.179331889034074266e-06
8.709630584716796875e+01 6.135388160000000000e+09 3.358218947369095986e-08
1.025322914123535156e+01 3.879883264000000000e+09 4.654047702778996154e-10
6.716868286132812500e+02 1.141921894400000000e+10 1.997299477807246149e-06
3.382710876464843750e+02 7.726743552000000000e+10 5.065697905592969619e-07
3.638630981445312500e+02 7.206825472000000000e+09 5.861186878064472694e-07
5.988931274414062500e+02 2.983432960000000000e+09 1.587845304129587021e-06
1.597117996215820312e+01 1.279911808000000000e+09 1.129232929386603246e-09
3.871636962890625000e+02 4.410738688000000000e+10 6.635883664785069413e-07
1.045974807739257812e+02 1.633734656000000000e+10 4.843418111022401717e-08
7.940452880859375000e+02 5.430192537600000000e+10 2.791258793877204880e-06
1.133088874816894531e+01 2.245318451200000000e+10 5.683782888787902721e-10
2.569972839355468750e+02 1.070379008000000000e+10 2.923927695519523695e-07
2.753815612792968750e+02 1.310713651200000000e+10 3.357216087351844180e-07
1.047286071777343750e+02 5.048133632000000000e+09 4.855569457618003071e-08
5.699059448242187500e+02 6.347111628800000000e+10 1.437857577002432663e-06
3.614410095214843750e+02 5.205374976000000000e+09 5.783415417681680992e-07
1.266790771484375000e+02 1.229398220800000000e+10 7.104267041313505615e-08
4.412820434570312500e+02 1.266319616000000000e+09 8.620690437055600341e-07
3.954688720703125000e+02 9.680621568000000000e+10 6.923634714439685922e-07
1.587408752441406250e+02 1.148610944000000000e+09 1.115544989715999691e-07
1.659375457763671875e+02 2.104052940800000000e+10 1.218986369622143684e-07
1.073197021484375000e+02 9.095017472000000000e+09 5.098805289094343607e-08
3.924295043945312500e+01 9.486193459200000000e+10 6.817620246124533878e-09
2.832085418701171875e+01 1.283678822400000000e+10 3.550767457838333030e-09
2.253434448242187500e+02 1.955424000000000000e+09 2.248015817940540728e-07
1.712826232910156250e+02 5.968095744000000000e+09 1.298781597824927303e-07
3.501976623535156250e+02 8.287614566400000000e+10 5.429201905826630536e-07
1.603176422119140625e+02 2.003070361600000000e+10 1.137816312279937847e-07
1.328404903411865234e+01 8.258003968000000000e+09 7.812147595487317631e-10
3.995431518554687500e+02 5.163226112000000000e+09 7.067030196594714653e-07
2.879725646972656250e+02 2.387342080000000000e+09 3.671231354474002728e-07
7.637189483642578125e+01 4.681910681600000000e+10 2.582121361172085017e-08
4.605106506347656250e+02 1.020522432000000000e+09 9.388341482008399907e-07
4.840608215332031250e+01 7.026660147200000000e+10 1.037312014062763410e-08
7.923741455078125000e+02 6.062047641600000000e+10 2.779522219498176128e-06
2.821151123046875000e+02 2.037673779200000000e+10 3.523401801430736668e-07
5.755307006835937500e+02 1.035335552000000000e+09 1.466379899284220301e-06
2.091526794433593750e+01 5.281935360000000000e+09 1.936584226314153057e-09
1.242340011596679688e+02 4.828276736000000000e+09 6.832670607082036440e-08
2.754587936401367188e+01 4.732382003200000000e+10 3.359098998956255855e-09
2.256508255004882812e+01 4.524750848000000000e+09 2.254152864367142683e-09
2.278278350830078125e+01 1.635011072000000000e+09 2.297857681909931671e-09
5.926446151733398438e+01 3.150359808000000000e+09 1.554884754284557857e-08
2.051676750183105469e+01 4.993783808000000000e+09 1.863491361220326326e-09
8.386260223388671875e+01 8.485816320000000000e+09 3.113480673277990718e-08
2.728273963928222656e+01 4.863019520000000000e+09 3.295228090394175524e-09
6.871151123046875000e+02 3.668614656000000000e+09 2.090106818286585622e-06
3.686822814941406250e+02 4.466219417600000000e+10 6.017472173880378250e-07
5.752831649780273438e+01 1.885484441600000000e+10 1.465118870669357420e-08
6.400056457519531250e+01 5.314718208000000000e+09 1.813330996469630918e-08
4.844669494628906250e+02 3.404645120000000000e+09 1.039053358908859082e-06
5.041607971191406250e+02 8.482677555200000000e+10 1.125246512856392656e-06
2.366817092895507812e+01 6.514852352000000000e+09 2.479927152521099742e-09
2.019872856140136719e+01 1.320304384000000000e+09 1.806165550455318680e-09
1.720534667968750000e+02 5.690771865600000000e+10 1.310498021211969899e-07
7.263918457031250000e+02 1.661669478400000000e+10 2.335885028514894657e-06
1.593005943298339844e+01 9.802261504000000000e+09 1.123425685811696439e-09
2.195156555175781250e+02 7.361214873600000000e+10 2.133243981461419025e-07
1.457163047790527344e+01 2.955487641600000000e+10 9.399955258615477760e-10
1.577776947021484375e+02 2.503537152000000000e+09 1.102048443613057316e-07
2.528516082763671875e+02 8.081575424000000000e+09 2.830355185778898885e-07
5.356343841552734375e+01 9.847335321600000000e+10 1.270124894148239036e-08
3.136084289550781250e+02 5.475444326400000000e+10 4.353965152859018417e-07
1.205125617980957031e+01 1.742894694400000000e+10 6.429455301493192110e-10
1.129494934082031250e+02 8.078925824000000000e+10 5.647784107054576452e-08
2.369138908386230469e+01 7.332752384000000000e+09 2.484795258439476129e-09
6.262432861328125000e+02 6.052522496000000000e+09 1.736183662615076173e-06
3.670692443847656250e+02 1.698144640000000000e+09 5.964932370261522010e-07
1.925180053710937500e+01 1.043762176000000000e+10 1.640786950751760287e-09
9.445007934570312500e+02 1.496302848000000000e+09 3.949246092815883458e-06
8.699152221679687500e+02 2.433135616000000000e+09 3.350143060742993839e-06
6.615926361083984375e+01 1.107940044800000000e+10 1.937719140698845877e-08
7.263111572265625000e+02 9.304126259200000000e+10 2.335365934413857758e-06
5.761688232421875000e+01 4.625093427200000000e+10 1.469633481576693157e-08
1.729996490478515625e+01 8.298826956800000000e+10 1.324951481862512992e-09
3.815598297119140625e+01 8.285389312000000000e+09 6.445176392588791714e-09
1.032364177703857422e+01 1.702597529600000000e+10 4.718189172692177635e-10
4.877936935424804688e+01 9.913765068800000000e+10 1.053372322701306985e-08
5.196186065673828125e+01 3.365563136000000000e+09 1.195305454615436247e-08
9.807467651367187500e+01 1.300988928000000000e+10 4.258173191828973358e-08
6.811298828125000000e+02 8.421196288000000000e+09 2.053852995231864043e-06
3.835448455810546875e+01 1.862051430400000000e+10 6.512411054870881344e-09
1.663595123291015625e+02 1.520047232000000000e+09 1.225193813070291071e-07
2.047719879150390625e+02 9.329406771200000000e+10 1.856310518633108586e-07
1.001226196289062500e+02 1.602014336000000000e+09 4.437863410089448735e-08
6.306414794921875000e+01 4.187407974400000000e+10 1.760656331839527411e-08
9.193192291259765625e+01 8.682486169600000000e+10 3.741469356555171544e-08
6.790499267578125000e+02 2.580090265600000000e+10 2.041328571067424491e-06
9.653477783203125000e+02 1.403621760000000000e+09 4.125504801777424291e-06
1.494801635742187500e+02 2.511130368000000000e+09 9.891830643482535379e-08
2.175022697448730469e+01 4.773896192000000000e+09 2.094291184917551618e-09
1.368329925537109375e+02 3.917347225600000000e+10 8.288791519817095832e-08
2.697010803222656250e+01 2.506015948800000000e+10 3.220140820658912162e-09
6.445552062988281250e+01 1.185237504000000000e+09 1.839203456199811626e-08
1.423833465576171875e+02 9.404822323200000000e+10 8.974865295385825448e-08
1.033222045898437500e+02 5.501594828800000000e+10 4.726034319446625886e-08
1.952283859252929688e+01 4.383609856000000000e+09 1.687312178866307022e-09
3.252966003417968750e+02 3.494213888000000000e+09 4.684557950440648710e-07
1.718545684814453125e+02 2.428808192000000000e+09 1.307469972289254656e-07
2.138948364257812500e+02 7.143686144000000000e+09 2.025396952376468107e-07
7.550481567382812500e+02 2.525162496000000000e+10 2.523822331568226218e-06
3.495934677124023438e+01 4.153085542400000000e+10 5.410484060774933823e-09
1.035855407714843750e+02 4.449701888000000000e+09 4.750155468968841888e-08
3.807521667480468750e+02 7.399601766400000000e+10 6.417919848900055513e-07
1.585003356933593750e+02 8.634929152000000000e+10 1.112166714278828294e-07
5.219959259033203125e+01 3.991611801600000000e+10 1.206267885578427013e-08
8.281494140625000000e+01 4.410240614400000000e+10 3.036175755255499098e-08
1.212867584228515625e+02 1.161150771200000000e+10 6.512328809549217112e-08
2.220422821044921875e+02 3.246721024000000000e+10 2.182633664915556437e-07
1.348138713836669922e+01 2.962354944000000000e+09 8.045974997372695725e-10
1.649685821533203125e+02 6.512574976000000000e+09 1.204791857389864163e-07
5.755641555786132812e+01 3.068941568000000000e+09 1.466550525464072052e-08
3.371582794189453125e+01 2.698901913600000000e+10 5.032423811002217917e-09
3.694280624389648438e+01 4.661264384000000000e+10 6.041841249526669344e-09
2.511036071777343750e+02 2.887212441600000000e+10 2.791357189835252939e-07
1.139987277984619141e+01 2.591454976000000000e+09 5.753201248737127571e-10
1.386403961181640625e+02 4.089649971200000000e+10 8.509206850249029230e-08
8.357204437255859375e+01 1.819315200000000000e+09 3.091943767685734201e-08
6.860138702392578125e+01 1.575905587200000000e+10 2.083412731224143499e-08
2.603668212890625000e+02 1.162274432000000000e+09 3.001102584221371217e-07
8.824162292480468750e+01 4.856553881600000000e+10 3.447120988653296081e-08
1.690321159362792969e+01 4.179554304000000000e+09 1.264875981732416221e-09
5.791683578491210938e+01 1.957304320000000000e+10 1.484975165055857360e-08
9.320994567871093750e+01 3.223616768000000000e+09 3.846219343017764913e-08
1.263553543090820312e+02 1.172097792000000000e+09 7.068004492793988902e-08
1.164657592773437500e+02 4.025204326400000000e+10 6.004903241318970686e-08
2.020641899108886719e+01 1.808523059200000000e+10 1.807541227805131712e-09
2.206458892822265625e+02 3.570668032000000000e+09 2.155267537773397635e-07
2.141350555419921875e+02 5.728791552000000000e+09 2.029948547033200157e-07
1.745815582275390625e+02 3.674714880000000000e+09 1.349292944041735609e-07
1.140902175903320312e+02 3.344402227200000000e+10 5.762439059253665619e-08
1.583381748199462891e+01 2.368581632000000000e+09 1.109892178163818244e-09
6.253392028808593750e+01 4.406651904000000000e+09 1.731174315011685394e-08
2.684265136718750000e+02 3.903136256000000000e+09 3.189777260104165180e-07
6.104345092773437500e+02 5.603580416000000000e+09 1.649634327804960776e-06
2.693536567687988281e+01 1.462524160000000000e+09 3.211850119200221343e-09
1.981152343750000000e+01 1.695550976000000000e+09 1.737581856176007022e-09
4.866558837890625000e+02 5.168152064000000000e+09 1.048463900588103570e-06
2.058387756347656250e+02 3.075924992000000000e+10 1.875702366760378936e-07
3.969698486328125000e+02 5.619005849600000000e+10 6.976291047067206819e-07
4.938304901123046875e+01 3.407265587200000000e+10 1.079606004594779733e-08
1.495773506164550781e+01 7.402699980800000000e+10 9.904697062523837303e-10
5.858865356445312500e+01 1.557666432000000000e+09 1.519625492107934406e-08
1.679466705322265625e+02 2.559869747200000000e+10 1.248683361154689919e-07
9.624193725585937500e+02 2.821792768000000000e+10 4.100513706362107769e-06
5.020630645751953125e+01 1.240768307200000000e+10 1.115902037440719141e-08
1.269886856079101562e+02 3.796698726400000000e+10 7.139036029002454598e-08
1.229038772583007812e+02 4.092338944000000000e+09 6.687143638828274561e-08
2.779151725769042969e+01 7.801396736000000000e+09 3.419275085292383665e-09
1.020903682708740234e+01 1.003866726400000000e+10 4.614015836068574572e-10
1.236026096343994141e+01 4.899377152000000000e+09 6.763395399289606758e-10
7.087309570312500000e+02 2.397910016000000000e+09 2.223680212409817614e-06
7.593252563476562500e+02 3.004099072000000000e+09 2.552496880525723100e-06
1.921092987060546875e+01 9.683740672000000000e+09 1.633827739766502418e-09
3.022375793457031250e+02 5.649581670400000000e+10 4.043956209898169618e-07
5.657219848632812500e+02 2.805893324800000000e+10 1.416823124600341544e-06
1.522782135009765625e+02 4.658148864000000000e+09 1.026561662342828640e-07
5.063167572021484375e+01 2.372444416000000000e+09 1.134890936782539939e-08
9.024789428710937500e+02 1.994007680000000000e+09 3.605651045290869661e-06
1.710169982910156250e+02 5.918538547200000000e+10 1.294756373226846335e-07
1.088803176879882812e+02 2.798046976000000000e+09 5.248174872463096108e-08
2.577735328674316406e+01 4.313853132800000000e+10 2.941617172069754815e-09
1.190176773071289062e+02 2.053661491200000000e+10 6.270937547014909796e-08
4.814205932617187500e+01 5.624502681600000000e+10 1.026027174333421499e-08
2.558884277343750000e+02 8.951825408000000000e+09 2.898750608437694609e-07
4.190337219238281250e+02 1.115698176000000000e+09 7.773336392347118817e-07
9.508950805664062500e+01 2.730450534400000000e+10 4.002900055866120965e-08
1.880619506835937500e+02 2.187004672000000000e+09 1.565710334716641228e-07
2.609439392089843750e+02 4.267575296000000000e+10 3.014421281477552839e-07
1.897652740478515625e+02 3.782879232000000000e+10 1.594200824683866813e-07
4.112862396240234375e+01 9.724619980800000000e+10 7.488552888901267579e-09
6.003579101562500000e+02 1.643901568000000000e+09 1.595621938577096444e-06
1.029068279266357422e+01 3.161481625600000000e+10 4.688111565620545207e-10
2.111204071044921875e+02 1.359494272000000000e+09 1.973194798665645067e-07
1.617823410034179688e+01 2.668295936000000000e+09 1.158702023218438626e-09
7.895786132812500000e+02 2.558912512000000000e+09 2.759943981800461188e-06
1.377375411987304688e+01 2.182169395200000000e+10 8.398740591886166840e-10
3.569505310058593750e+02 3.524485939200000000e+10 5.640603717438352760e-07
8.306972656250000000e+02 1.944743424000000000e+09 3.054886519748833962e-06
7.883106689453125000e+02 1.079674060800000000e+10 2.751087322394596413e-06
5.586982345581054688e+01 1.314180992000000000e+09 1.381860315063931921e-08
3.024572143554687500e+02 2.494935859200000000e+10 4.049835524710942991e-07
6.658465576171875000e+02 1.189156224000000000e+09 1.962717760761734098e-06
2.964708251953125000e+02 8.849564467200000000e+10 3.891109656706248643e-07
1.587109565734863281e+01 8.701037568000000000e+09 1.115124437234271682e-09
7.014761352539062500e+01 7.759887564800000000e+10 2.178388314177936991e-08
2.712868881225585938e+01 1.469848371200000000e+10 3.258120218063709217e-09
2.147131729125976562e+01 2.089513164800000000e+10 2.040924318436054818e-09
5.058147888183593750e+02 9.852602368000000000e+09 1.132641727963346057e-06
4.983892822265625000e+02 7.959452672000000000e+09 1.099630821954633575e-06
3.426272583007812500e+01 2.268096512000000000e+10 5.197007268975539773e-09
7.526118164062500000e+02 1.275044044800000000e+10 2.507561703168903477e-06
3.248469238281250000e+02 1.221858432000000000e+09 4.671614703966042725e-07
1.721249961853027344e+01 1.724698112000000000e+09 1.311587949359704908e-09
1.409080886840820312e+01 3.741757849600000000e+10 8.789848848778092361e-10
1.135702037811279297e+01 1.194366848000000000e+09 5.710029671313066046e-10
9.824337158203125000e+02 6.575940096000000000e+09 4.272834303264971823e-06
3.065437316894531250e+01 4.060698214400000000e+10 4.160010114162560058e-09
7.957054443359375000e+02 2.639641600000000000e+10 2.802942390189855359e-06
1.950773315429687500e+02 1.031841484800000000e+10 1.684702226611989317e-07
2.167411994934082031e+01 2.514271027200000000e+10 2.079660665899041305e-09
2.585130500793457031e+01 3.178392371200000000e+10 2.958519429441253124e-09
3.394475097656250000e+02 5.804385484800000000e+10 5.100993689666211139e-07
5.147578048706054688e+01 5.542648832000000000e+09 1.173046904057173379e-08
1.425302314758300781e+01 8.362908876800000000e+10 8.993391586997745435e-10
1.526348400115966797e+01 2.127312768000000000e+09 1.031375651550092698e-09
1.907298583984375000e+02 1.248126464000000000e+10 1.610448663313945872e-07
6.456281280517578125e+01 2.754410752000000000e+09 1.845331709660058550e-08
6.371953201293945312e+01 1.975532748800000000e+10 1.797441129269827798e-08
1.177579402923583984e+01 2.166059264000000000e+09 6.138891062157370015e-10
7.182593536376953125e+01 1.418790400000000000e+09 2.283873890007726004e-08
1.455958251953125000e+02 1.093635993600000000e+10 9.384419286107004154e-08
1.773370666503906250e+02 3.804733440000000000e+10 1.392222088725247886e-07
2.469121742248535156e+01 1.828923392000000000e+10 2.698948176060866899e-09
2.121687622070312500e+02 7.583390208000000000e+09 1.992839884223940317e-07
2.304358482360839844e+01 1.445199564800000000e+10 2.350767136505282906e-09
1.762169265747070312e+01 8.294882304000000000e+09 1.374690139499534780e-09
1.903712768554687500e+02 3.653759744000000000e+09 1.604398960353137227e-07
7.237692260742187500e+02 1.094214041600000000e+10 2.319048007848323323e-06
1.609839477539062500e+02 2.998335488000000000e+10 1.147293957615147519e-07
2.259888267517089844e+01 1.327982489600000000e+10 2.260911013962640936e-09
2.747663574218750000e+02 2.510653235200000000e+10 3.342232730574323796e-07
5.692226791381835938e+01 9.266905907200000000e+10 1.434411878165064991e-08
1.467145690917968750e+02 6.883230515200000000e+10 9.529190236889917287e-08
2.598587036132812500e+01 2.537595904000000000e+09 2.989400282871201853e-09
3.816289901733398438e+01 2.983956736000000000e+09 6.447513190011022743e-09
1.207696914672851562e+01 1.617815808000000000e+09 6.456919998676369232e-10
4.667504119873046875e+01 2.931969024000000000e+09 9.644482545922983263e-09
3.948354797363281250e+02 3.096181760000000000e+10 6.901474307596799918e-07
1.023867874145507812e+02 2.128343654400000000e+10 4.640848061399083235e-08
2.025664367675781250e+02 2.291114188800000000e+10 1.816538031107484130e-07
4.757254943847656250e+02 1.610988646400000000e+10 1.001895384433737490e-06
4.092902221679687500e+02 2.242918144000000000e+09 7.416043104058189783e-07
1.338978424072265625e+02 1.676456576000000000e+09 7.937006074598684791e-08
1.057671203613281250e+02 1.115563929600000000e+10 4.952345022957160836e-08
4.015748977661132812e+01 1.024039321600000000e+10 7.139085766993957805e-09
4.716138839721679688e+01 2.728626944000000000e+09 9.846518267409010150e-09
3.028379821777343750e+02 5.818726912000000000e+09 4.060039202613552334e-07
1.646665954589843750e+01 5.271508992000000000e+09 1.200385013611082741e-09
7.325468139648437500e+02 1.053239091200000000e+10 2.375637905061012134e-06
1.125162410736083984e+01 2.401028505600000000e+10 5.604539610182257547e-10
3.712227249145507812e+01 5.276351488000000000e+09 6.100685290277851891e-09
8.609841918945312500e+01 5.319832576000000000e+09 3.281707705582448398e-08
7.761700439453125000e+01 2.992009625600000000e+10 2.667001552936199005e-08
2.788638000488281250e+02 2.297343744000000000e+09 3.442657146024430403e-07
1.790880737304687500e+02 5.385078784000000000e+09 1.419851400896732230e-07
1.312911376953125000e+02 2.936012185600000000e+10 7.630981002648695721e-08
5.307920837402343750e+01 1.812744448000000000e+09 1.247264069803577513e-08
1.041103591918945312e+02 2.505695641600000000e+10 4.798410913053885452e-08
3.156307678222656250e+02 3.846887936000000000e+09 4.410300675772305112e-07
1.542087097167968750e+02 1.312566374400000000e+10 1.052755038699615397e-07
1.446240901947021484e+01 2.076122521600000000e+10 9.259569777597675966e-10
1.357722568511962891e+01 1.167104640000000000e+09 8.160779274568596975e-10
1.505832290649414062e+01 1.032380800000000000e+09 1.003836014312753377e-09
1.093018245697021484e+01 4.304681984000000000e+09 5.288887661158980791e-10
6.923433685302734375e+01 5.804002304000000000e+09 2.122035169804803445e-08
4.222037048339843750e+02 1.014683008000000000e+09 7.891391646808187943e-07
5.007702255249023438e+01 9.993188966400000000e+10 1.110162450856932992e-08
6.610035705566406250e+01 1.221018521600000000e+10 1.934269988623782410e-08
3.311709594726562500e+02 2.902786252800000000e+10 4.855277211390784942e-07
9.568420410156250000e+02 7.407855206400000000e+10 4.053125394420931116e-06
1.142836303710937500e+02 1.158651801600000000e+10 5.781993550613151456e-08
5.225193481445312500e+02 2.236134400000000000e+09 1.208688217957387678e-06
8.251910400390625000e+01 1.242935193600000000e+10 3.014522320654577925e-08
2.967694282531738281e+01 3.375962726400000000e+10 3.898951383973781049e-09
1.436574249267578125e+02 1.846903680000000000e+09 9.136201839510249556e-08
2.739131736755371094e+01 1.701903360000000000e+10 3.321508623699287455e-09
9.167434082031250000e+02 2.574532352000000000e+09 3.720532504303264432e-06
1.658075904846191406e+01 7.185546240000000000e+09 1.217077882920136744e-09
2.986291122436523438e+01 3.522860544000000000e+09 3.947969950957030960e-09
3.888589859008789062e+01 7.370017996800000000e+10 6.694125254114169365e-09
3.037330818176269531e+01 6.196944486400000000e+10 4.084075300170297851e-09
6.029818344116210938e+01 6.659110502400000000e+10 1.609600097651764372e-08
9.246016235351562500e+02 2.503203328000000000e+09 3.784590035138535313e-06
1.955481719970703125e+02 2.929073152000000000e+09 1.692844335821064305e-07
5.663321533203125000e+02 1.119516928000000000e+09 1.419881073161377572e-06
6.148013305664062500e+02 3.454259200000000000e+09 1.673320412010070868e-06
1.722258949279785156e+01 5.093433753600000000e+10 1.313125941315718137e-09
3.458971023559570312e+01 6.407689420800000000e+10 5.296675542609818876e-09
1.222121810913085938e+01 4.052486963200000000e+10 6.612085878821005736e-10
2.732255935668945312e+01 1.808330547200000000e+10 3.304854168106885481e-09
2.401970672607421875e+01 1.918891622400000000e+10 2.554141342869797882e-09
9.239527130126953125e+01 2.627504128000000000e+09 3.779279467153173755e-08
4.136254882812500000e+02 1.944056704000000000e+09 7.573979132757813204e-07
1.252628326416015625e+01 3.250124800000000000e+09 6.946306863042650548e-10
3.305202484130859375e+01 5.509412864000000000e+10 4.836215428127843552e-09
8.250113525390625000e+02 4.240308633600000000e+10 3.013209834534791298e-06
6.942513275146484375e+01 1.151085670400000000e+10 2.133747223354021116e-08
1.461657905578613281e+01 3.225064704000000000e+09 9.458036576148742824e-10
1.935040283203125000e+02 9.462580019200000000e+10 1.657637369589792797e-07
6.183407592773437500e+01 1.352695296000000000e+09 1.692642648265518801e-08
6.230311584472656250e+01 1.037392691200000000e+10 1.718418829455004015e-08
1.118117599487304688e+02 1.154827648000000000e+09 5.534577596222334250e-08
9.860393066406250000e+02 4.914984448000000000e+09 4.304254616727121174e-06
3.871066284179687500e+01 9.839203123200000000e+10 6.633927629451363828e-09
4.901097412109375000e+02 2.508553420800000000e+10 1.063398826772754546e-06
4.344303283691406250e+02 1.018989670400000000e+10 8.355064551324176136e-07
1.065212554931640625e+02 1.055321497600000000e+10 5.023218463406919909e-08
7.030244445800781250e+01 3.420833382400000000e+10 2.188015635340434528e-08
1.805937385559082031e+01 1.909354905600000000e+10 1.443826169733597453e-09
6.551280212402343750e+01 1.201997056000000000e+09 1.900036217250544723e-08
4.292942199707031250e+02 5.004844236800000000e+10 8.158674518199404702e-07
1.594526958465576172e+01 4.438707814400000000e+10 1.125571857940599330e-09
5.424369430541992188e+01 1.672242892800000000e+10 1.302590835194905594e-08
6.978654479980468750e+01 4.889022873600000000e+10 2.156020784127576917e-08
9.535292358398437500e+02 8.549276876800000000e+10 4.025108410132816061e-06
4.661530303955078125e+01 1.819156889600000000e+10 9.619811613958972885e-09
1.471864318847656250e+02 3.153456640000000000e+09 9.590583971430532984e-08
4.763661499023437500e+02 4.406322790400000000e+10 1.004595674203301314e-06
5.649419403076171875e+01 3.631335424000000000e+10 1.412918759768899690e-08
5.513211669921875000e+02 3.626769152000000000e+09 1.345608893643657211e-06
1.150320625305175781e+01 1.429618688000000000e+09 5.857972995571003594e-10
1.394010162353515625e+02 1.154138624000000000e+10 8.602832224369194591e-08
2.171697387695312500e+02 1.460406169600000000e+10 2.087892596591700567e-07
6.567286376953125000e+02 1.311449907200000000e+10 1.909331786009715870e-06
9.986542968750000000e+02 8.285775872000000000e+09 4.415092917042784393e-06
3.250358276367187500e+02 4.889844224000000000e+09 4.677050071677513188e-07
3.698423385620117188e+01 7.873981952000000000e+09 6.055398849014181906e-09
6.841571655273437500e+02 1.013376320000000000e+09 2.072150437015807256e-06
2.118589210510253906e+01 6.997209088000000000e+10 1.987023656724318244e-09
1.592911529541015625e+01 8.637939712000000000e+09 1.123292459048741421e-09
1.857777099609375000e+02 6.116184576000000000e+09 1.527906334786166553e-07
1.691474914550781250e+01 4.506805760000000000e+09 1.266603488758732965e-09
6.097460937500000000e+01 1.101657344000000000e+09 1.645915581605095213e-08
6.737489318847656250e+01 3.275494604800000000e+10 2.009582011908150889e-08
3.890722045898437500e+02 1.326062592000000000e+10 6.701467896164103877e-07
2.161401557922363281e+01 7.153039872000000000e+09 2.068142324063160231e-09
8.469421997070312500e+02 6.588334080000000000e+10 3.175536221533548087e-06
2.421942710876464844e+01 3.397233408000000000e+09 2.596792336717612670e-09
4.428530883789062500e+01 3.451281408000000000e+10 8.682182084385203780e-09
2.117811203002929688e+01 2.429194854400000000e+10 1.985564601625355863e-09
5.093809814453125000e+02 1.519640320000000000e+09 1.148669184658501763e-06
2.920648765563964844e+01 8.313993216000000000e+09 3.776314372316846857e-09
1.598910903930664062e+01 3.849039616000000000e+09 1.131769566953266803e-09
7.046188354492187500e+02 1.721371648000000000e+10 2.197951062044012360e-06
3.602742767333984375e+01 2.359024025600000000e+10 5.746137343720647550e-09
2.848126220703125000e+02 4.051653017600000000e+10 3.591103734379430534e-07
2.027728424072265625e+02 6.081628160000000000e+09 1.820241806171907228e-07
1.376085090637207031e+01 7.870643404800000000e+10 8.383012062296302247e-10
2.738024291992187500e+02 1.844966528000000000e+09 3.318823473819065839e-07
2.240953521728515625e+02 8.942914560000000000e+09 2.223183059868460987e-07
4.864203491210937500e+02 1.809806336000000000e+10 1.047449245561438147e-06
1.847920227050781250e+01 1.404270489600000000e+10 1.511736069659264103e-09
5.415952758789062500e+02 2.079739520000000000e+09 1.298551865147601347e-06
3.195815277099609375e+01 7.482714624000000000e+09 4.521399254997504613e-09
1.934160995483398438e+01 5.690028032000000000e+09 1.656131343175104575e-09
9.842822875976562500e+02 1.364847718400000000e+10 4.288928721507545561e-06
5.696597671508789062e+01 5.721475584000000000e+09 1.436615804095708882e-08
2.041123199462890625e+01 2.586537728000000000e+09 1.844369657000299867e-09
2.819392395019531250e+02 1.078182656000000000e+09 3.519010363106644945e-07
2.710153388977050781e+01 9.880263065600000000e+10 3.251601210507715223e-09
2.206888885498046875e+02 9.019525529600000000e+10 2.156107683504160377e-07
2.494569549560546875e+02 3.594505216000000000e+09 2.754867693965934450e-07
4.351705169677734375e+01 4.401569792000000000e+10 8.383559624292047374e-09
1.508579711914062500e+02 1.145969536000000000e+09 1.007502206107346865e-07
4.410755004882812500e+02 1.499466752000000000e+10 8.612622650616685860e-07
6.106614303588867188e+01 5.111706009600000000e+10 1.650860959045985510e-08
1.854499053955078125e+02 1.717464678400000000e+10 1.522518999763633474e-07
6.967151641845703125e+01 1.942042214400000000e+10 2.148919087119338656e-08
3.855603790283203125e+01 1.936020480000000000e+09 6.581036160469011520e-09
4.177753067016601562e+01 1.894407782400000000e+10 7.726717932143856160e-09
4.345283203125000000e+02 3.773503744000000000e+09 8.358833269994647708e-07
1.754380607604980469e+01 3.724029132800000000e+10 1.362564727713788670e-09
3.183386840820312500e+02 4.152863232000000000e+09 4.486300611006299732e-07
1.782613372802734375e+01 3.303020800000000000e+09 1.406772254242127929e-09
5.228442001342773438e+01 4.823453184000000000e+09 1.210191591383136256e-08
2.718129577636718750e+02 2.019515392000000000e+09 3.270768615948327351e-07
2.015362243652343750e+02 5.761137459200000000e+10 1.798108115735885804e-07
1.679999542236328125e+02 1.876307763200000000e+10 1.249475900522156735e-07
5.026411437988281250e+01 2.341175500800000000e+10 1.118473225147909034e-08
3.079398727416992188e+01 3.041777049600000000e+10 4.197989955656566963e-09
7.207361450195312500e+02 1.970491596800000000e+10 2.299651896464638412e-06
1.615251312255859375e+02 8.926372659200000000e+10 1.155020612486623577e-07
1.581453247070312500e+02 2.561561600000000000e+09 1.107190286120385281e-07
5.161206054687500000e+02 3.378564096000000000e+10 1.179266405415546615e-06
1.477977142333984375e+02 3.157334835200000000e+10 9.670411316164972959e-08
1.158946704864501953e+01 2.565115494400000000e+10 5.946158565528492090e-10
3.457036209106445312e+01 1.087552000000000000e+10 5.290751392550419041e-09
1.281342773437500000e+02 2.467560704000000000e+09 7.268423019013425801e-08
3.012669372558593750e+02 8.752850534400000000e+10 4.018023389562586090e-07
2.716392517089843750e+02 5.093929369600000000e+10 3.266589203576586442e-07
2.895092773437500000e+02 7.584177664000000000e+09 3.710517262334178668e-07
4.366138916015625000e+02 6.520034099200000000e+10 8.439265002380125225e-07
2.294268798828125000e+02 6.581613056000000000e+09 2.330226465119267232e-07
6.067334594726562500e+02 4.044682854400000000e+10 1.629691610105510335e-06
1.130682849884033203e+01 2.143022080000000000e+10 5.659669954916068946e-10
1.807268714904785156e+01 1.999483008000000000e+09 1.445955577494828503e-09
1.413930511474609375e+01 2.774719488000000000e+09 8.850455368580867344e-10
2.304669494628906250e+02 4.278942464000000000e+09 2.351401775513295433e-07
3.644496154785156250e+02 5.736531456000000000e+09 5.880096978216897696e-07
8.207418212890625000e+02 2.204046080000000000e+09 2.982103069371078163e-06
5.674367675781250000e+02 5.441624064000000000e+09 1.425425466550223064e-06
2.003493499755859375e+01 1.576165990400000000e+10 1.776991664925731129e-09
1.992222404479980469e+01 2.127434752000000000e+10 1.757054057804907643e-09
1.305852985382080078e+01 2.875025408000000000e+09 7.549150193852938173e-10
7.015631103515625000e+01 3.668760064000000000e+09 2.178928504292798607e-08
1.562762145996093750e+02 4.216180992000000000e+09 1.081173266470614180e-07
2.668684768676757812e+01 8.198861619200000000e+10 3.152855754251504550e-09
1.167519454956054688e+02 3.018538752000000000e+09 6.034451160985554452e-08
1.627536773681640625e+01 2.830484275200000000e+10 1.172657526637976844e-09
5.045133666992187500e+02 3.792612556800000000e+10 1.126820848185161594e-06
2.051915740966796875e+01 6.227701350400000000e+10 1.863925680467559687e-09
1.048439502716064453e+01 4.561626112000000000e+09 4.866270719716681015e-10
9.973811340332031250e+01 6.401794457600000000e+10 4.403842979172623018e-08
2.157259521484375000e+02 2.315444838400000000e+10 2.060223209809919354e-07
6.011813964843750000e+02 7.835466137600000000e+10 1.600002065060834866e-06
2.081923370361328125e+02 1.493377408000000000e+09 1.918840979442393291e-07
2.457586479187011719e+01 1.229164544000000000e+09 2.673788968010626377e-09
7.860140380859375000e+02 9.920809369600000000e+10 2.735080670390743762e-06
6.369334411621093750e+01 2.437210112000000000e+10 1.795964088557866489e-08
5.144089508056640625e+01 1.367255040000000000e+10 1.171457508775120004e-08
9.005876464843750000e+02 6.044940697600000000e+10 3.590554342736140825e-06
9.110545043945312500e+02 1.849531904000000000e+09 3.674499794215080328e-06
1.655217742919921875e+02 5.136078438400000000e+10 1.212885507584360312e-07
6.391259384155273438e+01 1.135431552000000000e+09 1.808349558984900796e-08
3.648422622680664062e+01 8.600499814400000000e+10 5.892774712634718526e-09
8.394860839843750000e+01 1.635840819200000000e+10 3.119870584100681299e-08
7.080694580078125000e+02 1.503783296000000000e+09 2.219531324954004958e-06
1.015090866088867188e+02 1.325450624000000000e+09 4.561622901633199945e-08
2.376475982666015625e+02 6.882148352000000000e+09 2.500209461686608847e-07
4.676649093627929688e+01 7.944642560000000000e+10 9.682312729353270697e-09
1.157653999328613281e+01 1.406264934400000000e+10 5.932900282168418471e-10
1.988418579101562500e+01 2.764144230400000000e+10 1.750350975271430798e-09
3.441796875000000000e+01 4.812397568000000000e+09 5.244209511090502929e-09
1.233790588378906250e+01 7.615789465600000000e+10 6.738952729179459311e-10
1.034903717041015625e+01 4.648642048000000000e+09 4.741431136601192975e-10
3.376865768432617188e+01 2.916176486400000000e+10 5.048205853341869442e-09
4.508493041992187500e+01 1.139111808000000000e+09 8.998545908411870187e-09
9.062376708984375000e+02 1.704553472000000000e+10 3.635748043961939402e-06
2.894186019897460938e+01 1.705437184000000000e+10 3.708193752061106352e-09
4.404276657104492188e+01 5.108256256000000000e+09 8.587340616372785007e-09
2.201959075927734375e+02 2.899021056000000000e+09 2.146485940102138557e-07
1.832234497070312500e+02 9.438153113600000000e+10 1.486180707388484734e-07
3.528694152832031250e+01 2.268492288000000000e+09 5.512359901871377588e-09
1.520887088775634766e+01 1.265032192000000000e+09 1.024008322580982622e-09
4.671939086914062500e+01 2.802240512000000000e+09 9.662818989397692349e-09
4.252925872802734375e+01 1.133743513600000000e+10 8.007282836786089320e-09
2.853649902343750000e+01 5.632629555200000000e+10 3.605046705601466783e-09
2.091199493408203125e+01 1.847206912000000000e+09 1.935978266587312646e-09
4.007943115234375000e+02 3.503665971200000000e+10 7.111358968359127175e-07
3.923905563354492188e+01 1.513837696000000000e+09 6.816266662212910887e-09
7.626975708007812500e+02 8.021593088000000000e+09 2.575219241407467052e-06
1.100100479125976562e+02 3.664619520000000000e+10 5.357648547033022624e-08
1.338734130859375000e+02 5.563718860800000000e+10 7.934109191864990862e-08
5.230202026367187500e+02 3.807205120000000000e+09 1.211006406265369151e-06
7.183449707031250000e+02 9.954664448000000000e+09 2.284418314957292750e-06
7.396368408203125000e+02 9.128703590400000000e+10 2.421846602373989299e-06
2.430860137939453125e+01 1.598234112000000000e+10 2.615950123185939447e-09
3.148812103271484375e+01 1.306351744000000000e+09 4.389378194247228748e-09
6.973828125000000000e+01 7.342888550400000000e+10 2.153039346808327537e-08
1.198193130493164062e+02 3.550673305600000000e+10 6.355696768878260627e-08
4.331307601928710938e+01 9.973903360000000000e+09 8.305152121579340019e-09
2.571227073669433594e+01 2.410901248000000000e+09 2.926782149970108549e-09
7.108657073974609375e+01 7.186703155200000000e+10 2.237096197177379509e-08
1.800127563476562500e+02 2.208680192000000000e+09 1.434551251122684334e-07
9.407890014648437500e+02 1.558039654400000000e+10 3.918266884284093976e-06
2.008516120910644531e+01 3.203499008000000000e+10 1.785912528973199187e-09
1.158216094970703125e+02 7.235912192000000000e+09 5.938663250049103226e-08
1.567720947265625000e+02 1.228795008000000000e+09 1.088045422648065141e-07
2.978852081298828125e+01 3.893976268800000000e+10 3.928324776580893740e-09
1.856953125000000000e+02 5.675821568000000000e+09 1.526551329789072042e-07
1.238784599304199219e+01 1.163430656000000000e+09 6.793617890465952769e-10
1.740013732910156250e+02 7.510356992000000000e+09 1.340339679245516891e-07
4.683357238769531250e+02 1.330562944000000000e+09 9.710108770377701148e-07
5.797230224609375000e+02 2.416687308800000000e+10 1.487820668444328476e-06
1.745981407165527344e+01 6.155466752000000000e+10 1.349549472173805498e-09
4.692203521728515625e+01 2.448086835200000000e+10 9.746825568868189293e-09
3.362980270385742188e+01 8.954176512000000000e+09 5.006776326865747251e-09
4.813243103027343750e+01 1.453971968000000000e+09 1.025616835903520041e-08
6.743946838378906250e+01 1.017903744000000000e+09 2.013435995706913673e-08
1.060212936401367188e+02 1.420934656000000000e+10 4.976175915771818836e-08
8.522425537109375000e+02 1.657676672000000000e+09 3.215407105017220601e-06
1.386561107635498047e+01 2.557938944000000000e+09 8.511135685118631500e-10
1.774382400512695312e+01 2.983514521600000000e+10 1.393811399630351389e-09
5.816584014892578125e+01 1.083209216000000000e+09 1.497771329184161004e-08
1.455599975585937500e+02 3.955343872000000000e+09 9.379800758324563503e-08
2.406992950439453125e+02 1.263078656000000000e+09 2.564833607721084263e-07
4.346214599609375000e+02 1.474985164800000000e+10 8.362417815988010261e-07
3.768331604003906250e+02 9.755031552000000000e+09 6.286483085204963572e-07
1.030112380981445312e+02 1.153317248000000000e+09 4.697629307770512241e-08
6.869192504882812500e+01 2.066299904000000000e+10 2.088915529441237595e-08
6.569749755859375000e+02 1.994898841600000000e+10 1.910764694912359118e-06
8.374713134765625000e+02 1.109074432000000000e+09 3.104913048446178436e-06
7.159244537353515625e+01 6.597838848000000000e+10 2.269049304004511214e-08
5.070906066894531250e+01 2.023857536000000000e+09 1.138362648589463788e-08
1.867663192749023438e+01 1.197321830400000000e+10 1.544210981307969632e-09
6.851133422851562500e+02 2.964469760000000000e+10 2.077946646750206128e-06
8.497589874267578125e+01 5.847535616000000000e+10 3.196694109419695451e-08
9.301616668701171875e+01 1.290305536000000000e+10 3.830243855418302701e-08
1.429303646087646484e+01 6.655206912000000000e+09 9.043957249765810502e-10
1.510428047180175781e+01 3.959011737600000000e+10 1.009972661059066468e-09
3.468688354492187500e+02 7.843373875200000000e+10 5.326477321432321332e-07
1.440491867065429688e+01 7.575954227200000000e+10 9.186099103608569294e-10
8.563349609375000000e+02 4.421359206400000000e+10 3.246361529818386771e-06
5.938000869750976562e+01 6.396469760000000000e+09 1.560953855062052753e-08
9.832965087890625000e+01 1.447453568000000000e+09 4.280342480456056364e-08
2.164532775878906250e+02 1.879704985600000000e+10 2.074138905072686612e-07
4.747402038574218750e+02 5.356167168000000000e+09 9.977494528357055970e-07
1.676657409667968750e+02 4.696374476800000000e+10 1.244509348907740787e-07
1.154838943481445312e+01 1.767200000000000000e+09 5.904081668006710970e-10
8.974691772460937500e+02 7.857577984000000000e+10 3.565731049093301408e-06
3.248008728027343750e+01 4.257590067200000000e+10 4.670290376651564657e-09
2.523298797607421875e+02 4.400303104000000000e+09 2.818687221406435128e-07
5.480398178100585938e+01 3.838563942400000000e+10 1.329639065517085328e-08
1.078720703125000000e+02 7.897098752000000000e+09 5.151427018290632986e-08
3.147889518737792969e+01 1.175800192000000000e+09 4.386806473632987036e-09
6.652206420898437500e+02 4.736305971200000000e+10 1.959029532372369431e-06
9.865092468261718750e+01 2.506729881600000000e+10 4.308358469984341355e-08
1.264577178955078125e+02 5.998932992000000000e+09 7.079460573322648997e-08
1.056232738494873047e+01 2.296093900800000000e+10 4.938883746419264753e-10
1.698752288818359375e+02 3.552654950400000000e+10 1.277525711884663906e-07
5.349018096923828125e+01 2.033505894400000000e+10 1.266652915887789277e-08
1.330613098144531250e+02 8.147262976000000000e+09 7.838141158345024451e-08
7.497301635742187500e+02 1.071452569600000000e+10 2.488395921318442561e-06
4.887803649902343750e+01 1.381456691200000000e+10 1.057637888379758806e-08
1.514582824707031250e+01 2.571090329600000000e+10 1.015536543746975440e-09
4.871596908569335938e+01 2.119040640000000000e+09 1.050635844990210899e-08
1.226080799102783203e+01 3.018103808000000000e+09 6.654994888499743411e-10
2.158942565917968750e+02 6.670754201600000000e+10 2.063439268340516719e-07
5.832587432861328125e+01 2.078008729600000000e+10 1.506024460695698508e-08
2.985871276855468750e+02 1.542540416000000000e+09 3.946859692405269016e-07
1.756419677734375000e+02 2.222957312000000000e+09 1.365733908187394263e-07
1.054946708679199219e+01 2.837776640000000000e+09 4.926863361731648183e-10
7.312091064453125000e+02 1.354300032000000000e+09 2.366969738432089798e-06
2.691440200805664062e+01 2.510216396800000000e+10 3.206852339232568738e-09
3.011937522888183594e+01 1.715262336000000000e+09 4.016071475376747912e-09
4.488652648925781250e+02 3.507098009600000000e+10 8.919520837480376940e-07
3.156310729980468750e+02 9.723053056000000000e+09 4.410308918068039929e-07
1.602604293823242188e+01 2.927766016000000000e+09 1.137004268514374417e-09
9.768796539306640625e+01 4.850593792000000000e+09 4.224659022611376713e-08
1.778537559509277344e+01 2.706352384000000000e+09 1.400346727464807373e-09
3.806211242675781250e+02 1.142292352000000000e+09 6.413502546820382122e-07
5.247742843627929688e+01 1.442102528000000000e+09 1.219142919950400028e-08
6.414488220214843750e+01 1.685076275200000000e+10 1.821518225142426672e-08
1.640504150390625000e+02 1.800326758400000000e+10 1.191418093071661133e-07
1.914954833984375000e+02 1.542094720000000000e+09 1.623403989015059778e-07
8.800783691406250000e+02 1.601160601600000000e+10 3.428879381317528896e-06
9.760131835937500000e+01 5.617364992000000000e+09 4.217168125819625857e-08
2.627235794067382812e+01 2.715270656000000000e+09 3.055678376995274448e-09
8.679631805419921875e+01 1.589344358400000000e+10 3.335124887371421210e-08
5.235857391357421875e+01 1.963130470400000000e+10 1.213626710239168460e-08
3.398239135742187500e+02 1.100709171200000000e+10 5.112312351229775231e-07
7.930336914062500000e+02 3.863543808000000000e+10 2.784151092782849446e-06
4.156094360351562500e+01 1.440707993600000000e+10 7.646810296080275293e-09
7.710332641601562500e+02 1.511547776000000000e+09 2.631817324072471820e-06
1.032491683959960938e+01 3.136781312000000000e+09 4.719354906868034050e-10
2.073957824707031250e+02 5.169326592000000000e+09 1.904186035517341224e-07
1.100580825805664062e+02 1.626325504000000000e+10 5.362328181490738643e-08
4.197026062011718750e+02 2.802502246400000000e+10 7.798172987349971663e-07
8.429235839843750000e+01 8.551916339200000000e+10 3.145472859955589229e-08
3.387621459960937500e+02 1.591710515200000000e+10 5.080415803604410030e-07
2.008619842529296875e+02 3.142876160000000000e+09 1.786096959222049918e-07
4.414472961425781250e+01 3.832662528000000000e+09 8.627148773143744620e-09
1.738471984863281250e+02 5.098035200000000000e+10 1.337965613856795244e-07
2.083335113525390625e+01 3.000995020800000000e+10 1.921444114927339797e-09
9.710953979492187500e+02 6.237738188800000000e+10 4.174777131993323565e-06
8.114539337158203125e+01 7.094562816000000000e+09 2.914991270586142491e-08
3.085678291320800781e+01 2.228060979200000000e+10 4.215128246443100579e-09
1.472964763641357422e+01 2.209430784000000000e+09 9.604930184536897286e-10
6.481795654296875000e+02 3.510721024000000000e+09 1.859945427895581815e-06
1.243271179199218750e+02 2.068334592000000000e+10 6.842916633331697085e-08
2.185054588317871094e+01 3.861017395200000000e+10 2.113655028779248823e-09
2.667423095703125000e+02 4.241073152000000000e+09 3.149875169583538081e-07
1.571309947967529297e+01 1.939264640000000000e+09 1.093032886423372929e-09
2.055495643615722656e+01 3.706392320000000000e+09 1.870435140105541905e-09
3.931461181640625000e+02 1.594736256000000000e+09 6.842542461527045816e-07
4.909132385253906250e+01 1.265410816000000000e+09 1.066888355438777580e-08
1.508748321533203125e+02 1.409444992000000000e+09 1.007727519208856393e-07
2.053037452697753906e+01 8.877004800000000000e+09 1.865964049940771474e-09
7.020930786132812500e+02 3.970819584000000000e+09 2.182221805924200453e-06
1.560919857025146484e+01 3.311605760000000000e+09 1.078625633255114735e-09
9.130674438476562500e+02 8.782120550400000000e+10 3.690755193019867875e-06
3.368417739868164062e+01 2.812277145600000000e+10 5.022979365776336635e-09
2.093459701538085938e+01 6.115605708800000000e+10 1.940165361702383962e-09
1.933453559875488281e+01 1.926230272000000000e+09 1.654920089855238530e-09
1.017090377807617188e+02 1.005533952000000000e+09 4.579611001531702641e-08
6.660088348388671875e+01 4.024130764800000000e+10 1.963674378657742636e-08
1.071967792510986328e+01 2.214211072000000000e+09 5.087131826897461906e-10
2.015508270263671875e+02 1.683325568000000000e+09 1.798368316485721152e-07
1.200198841094970703e+01 1.126410137600000000e+10 6.376992267576042650e-10
3.059825706481933594e+01 1.563410304000000000e+09 4.144793841476257512e-09
3.627304992675781250e+02 1.190996275200000000e+10 5.824755362482392229e-07
1.804276580810546875e+02 3.804100608000000000e+09 1.441171804117402644e-07
1.780803680419921875e+01 1.615181312000000000e+09 1.403917537778909264e-09
2.452039794921875000e+02 1.492166016000000000e+09 2.661733446984726470e-07
1.510210418701171875e+02 3.690246144000000000e+10 1.009681582786470244e-07
1.154895248413085938e+02 7.576566169600000000e+10 5.904657740529728471e-08
2.686530303955078125e+01 8.772035379200000000e+10 3.195163245095500315e-09
1.305597534179687500e+02 6.215727923200000000e+10 7.546196911789593287e-08
2.110149841308593750e+02 1.410611507200000000e+10 1.971224463659382309e-07
5.388708496093750000e+01 1.383231744000000000e+09 1.285520223603953127e-08
1.679310455322265625e+02 5.225156608000000000e+10 1.248451013680096366e-07
9.112598266601562500e+02 7.664711168000000000e+09 3.676156438814359717e-06
9.882913208007812500e+02 1.349928857600000000e+10 4.323938355810241774e-06
2.438674316406250000e+02 5.097986560000000000e+09 2.632795315093972022e-07
2.816918640136718750e+02 2.624033996800000000e+10 3.512838304686738411e-07
2.456194686889648438e+01 2.673627136000000000e+09 2.670761389822473575e-09
4.182028961181640625e+01 1.500600524800000000e+10 7.742542607047653291e-09
7.127553710937500000e+02 9.220173004800000000e+10 2.249005319754360244e-06
9.593524780273437500e+02 8.977212211200000000e+10 4.074421212862944230e-06
3.567287292480468750e+02 3.545026150400000000e+10 5.633595492327003740e-07
1.059256134033203125e+02 4.444926976000000000e+09 4.967198208305489970e-08
1.521881866455078125e+02 1.334504064000000000e+09 1.025348339567244693e-07
3.317846679687500000e+02 3.440891136000000000e+09 4.873288617091020569e-07
1.328322792053222656e+01 4.697204224000000000e+09 7.811182256567406057e-10
1.456878471374511719e+01 2.184185344000000000e+09 9.396284861296066993e-10
3.660055541992187500e+02 1.173488844800000000e+10 5.930412498855730519e-07
1.580102386474609375e+02 2.369006182400000000e+10 1.105299460846254078e-07
7.905652465820312500e+02 8.388577280000000000e+09 2.766845909718540497e-06
3.424452209472656250e+01 4.392474112000000000e+09 5.191486796007893645e-09
3.882342147827148438e+01 1.083078656000000000e+09 6.672631336357426335e-09
1.260871963500976562e+02 2.770928640000000000e+10 7.038036642370570917e-08
3.974028015136718750e+02 9.571108864000000000e+09 6.991516556809074245e-07
3.235247802734375000e+02 4.763614822400000000e+10 4.633664900666190078e-07
8.898486938476562500e+02 4.439410176000000000e+09 3.505434506223537028e-06
2.168413696289062500e+02 5.272912896000000000e+09 2.081583403423792333e-07
4.853446197509765625e+01 8.450433843200000000e+10 1.042821473618005257e-08
2.892490196228027344e+01 2.859709849600000000e+10 3.703849449365748114e-09
3.887857666015625000e+02 3.974754304000000000e+10 6.691603857689187862e-07
1.168770885467529297e+01 4.942453248000000000e+09 6.047394252028936990e-10
6.378557205200195312e+01 3.419357696000000000e+09 1.801168814097309223e-08
2.314026031494140625e+02 2.078899814400000000e+10 2.370532854456541827e-07
6.448868408203125000e+02 4.791160422400000000e+10 1.841096491261851043e-06
6.556047821044921875e+01 2.802141952000000000e+09 1.902802715392226673e-08
1.173293972015380859e+01 7.401466368000000000e+09 6.094290627700615914e-10
5.179265136718750000e+02 8.577805824000000000e+09 1.187533371194149368e-06
6.311974334716796875e+01 1.166404608000000000e+09 1.763761936501850869e-08
8.042527770996093750e+01 1.165958041600000000e+10 2.863483317128157069e-08
3.896583557128906250e+01 6.095272345600000000e+10 6.721674772336427850e-09
2.026869773864746094e+01 2.060183552000000000e+09 1.818700523514849010e-09
8.082689208984375000e+02 1.847455232000000000e+09 2.892153133871033788e-06
1.977732849121093750e+01 9.480988672000000000e+09 1.731588872289080427e-09
1.135374832153320312e+01 2.138535040000000000e+09 5.706739525379589395e-10
5.798957519531250000e+02 1.175948492800000000e+10 1.488707425778557081e-06
4.130302734375000000e+02 6.104385536000000000e+09 7.552196166216162965e-07
7.657337951660156250e+01 1.312868147200000000e+10 2.595763426427311060e-08
1.507309112548828125e+02 3.070181580800000000e+10 1.005805785325719626e-07
3.281785202026367188e+01 5.775273164800000000e+10 4.767930050775248674e-09
9.803057861328125000e+01 2.290599526400000000e+10 4.254344787568697939e-08
9.464512939453125000e+02 5.544842752000000000e+09 3.965574251196812838e-06
4.771939697265625000e+02 1.440937164800000000e+10 1.008090293908026069e-06
1.038072109222412109e+01 6.135770316800000000e+10 4.770507322504613512e-10
2.314447021484375000e+02 3.045467136000000000e+10 2.371395453337754589e-07
2.799439697265625000e+02 4.843320832000000000e+09 3.469379237230896251e-07
1.608186721801757812e+01 6.120291123200000000e+10 1.144939476560580260e-09
1.093803100585937500e+02 5.820855296000000000e+09 5.296486094152896840e-08
3.325540771484375000e+02 4.475288780800000000e+10 4.895917982139508240e-07
2.699448852539062500e+02 6.006606336000000000e+09 3.225965485853521386e-07
4.777496337890625000e+01 1.612632192000000000e+09 1.010439376614158391e-08
1.255923366546630859e+01 1.857163520000000000e+09 6.982899813934295707e-10
6.221930694580078125e+01 1.433161984000000000e+09 1.713798880587091844e-08
5.514298706054687500e+02 1.288407552000000000e+09 1.346139583802141715e-06
3.614112243652343750e+02 1.220602624000000000e+09 5.782461585113196634e-07
1.675344390869140625e+02 1.330993766400000000e+10 1.242561040726286592e-07
5.857854003906250000e+02 3.820247449600000000e+10 1.519100692348729353e-06
9.148588256835937500e+02 1.247358771200000000e+10 3.705251629071426578e-06
5.299635620117187500e+02 2.422262528000000000e+09 1.243373390025226399e-06
9.023978424072265625e+01 8.229207244800000000e+10 3.605002873996454582e-08
1.058189487457275391e+01 1.229022464000000000e+09 4.957200205879530586e-10
3.663702392578125000e+01 1.550875648000000000e+10 5.942236480649398800e-09
4.945910644531250000e+01 1.908834099200000000e+10 1.082934186769080043e-08
3.548233032226562500e+02 5.195955404800000000e+10 5.573574526351876557e-07
1.486017417907714844e+01 3.457409280000000000e+09 9.775912301890343770e-10
4.239971313476562500e+02 1.640154240000000000e+09 7.958576020428154152e-07
7.002758026123046875e+01 5.075686195200000000e+10 2.170939694678963860e-08
1.687884521484375000e+01 7.814176256000000000e+09 1.261231896698689070e-09
7.952430419921875000e+02 1.474047104000000000e+09 2.799685717036481947e-06
1.962646789550781250e+02 1.766493696000000000e+09 1.705272580920791370e-07
2.255780410766601562e+01 3.649079296000000000e+10 2.252699138338698504e-09
8.805575561523437500e+02 3.833737625600000000e+10 3.432614448684034869e-06
2.434299659729003906e+01 1.076901504000000000e+09 2.623358419384658191e-09
2.384936332702636719e+01 1.384930816000000000e+09 2.518042663268715842e-09
6.495287322998046875e+01 1.591773312000000000e+09 1.867696219903791643e-08
1.082995796203613281e+01 1.517892352000000000e+09 5.192338781156990990e-10
5.244124221801757812e+01 3.786974822400000000e+10 1.217462131108959511e-08
4.248442077636718750e+02 2.187795456000000000e+09 7.990407766556018032e-07
7.418031616210937500e+02 6.805408563200000000e+10 2.436053819110384211e-06
2.458052368164062500e+02 4.969207808000000000e+09 2.674802885849203449e-07
1.595744171142578125e+02 2.070083584000000000e+10 1.127290971680849907e-07
1.883666229248046875e+02 3.306875904000000000e+10 1.570787588889288600e-07
3.644535827636718750e+01 7.198815744000000000e+09 5.880226083831985306e-09
1.769604644775390625e+02 2.433155072000000000e+10 1.386315346962874173e-07
1.161724014282226562e+02 1.333198028800000000e+10 5.974690964194451226e-08
1.345017395019531250e+02 4.902197657600000000e+10 8.008760232769418508e-08
6.840494384765625000e+02 9.387686297600000000e+10 2.071498101940960623e-06
3.696228408813476562e+01 8.546339225600000000e+10 6.048213485598807893e-09
4.926707077026367188e+01 2.460315443200000000e+10 1.074540989520755829e-08
4.101637268066406250e+02 2.149779456000000000e+10 7.447731604770524427e-07
9.410621337890625000e+02 1.311470080000000000e+09 3.920541985280578956e-06
8.396823120117187500e+01 1.725864704000000000e+09 3.121328617794461024e-08
8.759747314453125000e+01 1.307561676800000000e+10 3.396977277247970051e-08
1.430509490966796875e+02 8.190148608000000000e+10 9.059223771146207582e-08
1.377888488769531250e+02 2.185092864000000000e+09 8.405000073707924457e-08
4.234778137207031250e+02 1.846353152000000000e+09 7.939091801745234989e-07
8.500870513916015625e+01 5.610411008000000000e+09 3.199162534883726039e-08
3.153672485351562500e+02 7.738201702400000000e+10 4.402939737246924778e-07
4.095502624511718750e+02 1.793639168000000000e+09 7.425470016642066184e-07
2.118358001708984375e+02 1.148644096000000000e+09 1.986589950320194475e-07
9.161448669433593750e+01 4.088907366400000000e+10 3.715676299975712027e-08
2.954356384277343750e+02 1.158042214400000000e+10 3.863983977225871058e-07
1.528824424743652344e+01 6.784929792000000000e+10 1.034724528281572020e-09
5.870401000976562500e+02 4.190426726400000000e+10 1.525615289210691117e-06
8.335046997070312500e+02 2.287260057600000000e+10 3.075570020882878453e-06
3.391776657104492188e+01 4.674465792000000000e+09 5.092887001012513792e-09
2.132093811035156250e+01 1.923911552000000000e+09 2.012436439713383152e-09
2.236486968994140625e+02 4.742030540800000000e+10 2.214329697380890138e-07
2.106275177001953125e+01 9.611975884800000000e+10 1.963992302123074296e-09
2.721549987792968750e+02 2.379342848000000000e+10 3.279005795775447041e-07
3.346796417236328125e+01 2.935580057600000000e+10 4.958703225810268123e-09
2.634065551757812500e+02 1.380902656000000000e+09 3.071585865654924419e-07
7.601492919921875000e+02 6.252020121600000000e+10 2.558039795985678211e-06
6.022122802734375000e+02 6.124469248000000000e+09 1.605494389878003858e-06
1.305023860931396484e+01 2.088952832000000000e+10 7.539567303815886135e-10
1.078359069824218750e+02 1.064625152000000000e+09 5.147973425323471020e-08
2.524707946777343750e+02 1.783032832000000000e+10 2.821836346811323892e-07
7.204271240234375000e+02 2.697766912000000000e+09 2.297680566698545590e-06
4.197136306762695312e+01 3.973046784000000000e+09 7.798582224438632693e-09
1.326412582397460938e+01 1.821263104000000000e+09 7.788732991897973079e-10
2.302968750000000000e+02 4.528309760000000000e+09 2.347932479551673168e-07
6.628314971923828125e+01 1.022123072000000000e+09 1.944983019086521381e-08
2.131789550781250000e+02 1.606999552000000000e+09 2.011861965911521111e-07
2.554642639160156250e+02 3.562097868800000000e+10 2.889148049689538311e-07
1.575386505126953125e+02 1.441830604800000000e+10 1.098711663871654309e-07
4.186229248046875000e+02 4.616713830400000000e+10 7.758102924526610877e-07
4.143046264648437500e+02 7.289896448000000000e+09 7.598871434311149642e-07
1.433493041992187500e+02 5.165467238400000000e+10 9.097053066398075316e-08
2.485189056396484375e+01 1.373907456000000000e+09 2.734188209174703843e-09
7.643591918945312500e+02 1.201200844800000000e+10 2.586452637842739932e-06
6.827915039062500000e+02 8.249189171200000000e+10 2.063886313408147544e-06
1.621239471435546875e+02 1.751567488000000000e+09 1.163600344966653211e-07
9.751911163330078125e+01 2.289889792000000000e+09 4.210066606447071536e-08
5.818337631225585938e+01 3.043236864000000000e+09 1.498674606636996032e-08
9.179053955078125000e+02 5.573045452800000000e+10 3.729970103449886665e-06
1.226621475219726562e+02 3.486882611200000000e+10 6.660864926288923016e-08
4.813731765747070312e+01 7.049891328000000000e+09 1.025825024925097750e-08
7.059057617187500000e+01 4.465464115200000000e+10 2.205987037484646862e-08
2.079453277587890625e+02 2.560610304000000000e+10 1.914290521654038457e-07
1.626157989501953125e+02 3.775718656000000000e+09 1.170671239947296272e-07
2.175078430175781250e+02 1.334794112000000000e+09 2.094398752205961500e-07
5.155767822265625000e+02 3.704022220800000000e+10 1.176782575385004748e-06
1.568502349853515625e+02 2.316227328000000000e+09 1.089130279297023662e-07
2.541297340393066406e+01 1.720134246400000000e+10 2.859041670077999697e-09
6.685511474609375000e+02 2.570053427200000000e+10 1.978694854187779129e-06
2.493680191040039062e+01 2.201607577600000000e+10 2.752903682790019957e-09
1.116974735260009766e+01 1.725010560000000000e+09 5.523269619445159151e-10
2.848419380187988281e+01 3.297371340800000000e+10 3.591843267258809647e-09
5.025618591308593750e+02 1.586809600000000000e+09 1.118120394494326320e-06
3.210493469238281250e+01 1.843671654400000000e+10 4.563027289350429783e-09
1.863916778564453125e+01 1.108810547200000000e+10 1.538021932034894235e-09
2.443658905029296875e+02 5.906271846400000000e+10 2.643569416704849573e-07
3.891243743896484375e+01 7.174548684800000000e+10 6.703265054142093504e-09
3.952063598632812500e+02 2.658142208000000000e+09 6.914445975780836307e-07
1.151637268066406250e+01 1.595862400000000000e+09 5.871390040823598611e-10
5.943774414062500000e+02 7.727425945600000000e+10 1.563990508657298051e-06
2.168909835815429688e+01 4.568247091200000000e+10 2.082536143532820461e-09
1.203397521972656250e+02 7.311990784000000000e+09 6.411028863340106909e-08
3.335648498535156250e+02 9.528129126400000000e+10 4.925723828819172923e-07
4.013650512695312500e+02 3.375072460800000000e+10 7.131627057788136881e-07
7.759033203125000000e+02 2.844019712000000000e+09 2.665168722160160542e-06
1.314973754882812500e+02 6.121444864000000000e+09 7.654972478121635504e-08
2.828913497924804688e+01 2.859115264000000000e+09 3.542818038937411984e-09
4.522127990722656250e+02 8.903589888000000000e+09 9.053056828633998521e-07
4.516702651977539062e+01 9.152936960000000000e+09 9.031347225629815512e-09
1.121455612182617188e+02 5.658967040000000000e+09 5.567672545225832437e-08
3.106407775878906250e+02 2.740527616000000000e+09 4.271953173429210437e-07
2.608547973632812500e+01 3.965611008000000000e+09 3.012362137511104265e-09
6.036464233398437500e+02 2.365578240000000000e+09 1.613150288903852925e-06
8.729251861572265625e+01 1.134765875200000000e+10 3.373366652681397682e-08
1.268849086761474609e+01 1.316449792000000000e+09 7.127372581017255015e-10
2.689122619628906250e+02 1.290464768000000000e+10 3.201332106073095929e-07
1.032923221588134766e+01 2.220482355200000000e+10 4.723300639497551856e-10
1.060060348510742188e+02 2.343317504000000000e+09 4.974743461616526474e-08
8.931207275390625000e+02 2.294200064000000000e+09 3.531261199896107428e-06
4.388752746582031250e+01 5.886424064000000000e+09 8.526910733053227887e-09
4.650215530395507812e+01 1.339854208000000000e+09 9.573168924248420808e-09
1.454555416107177734e+01 2.987613952000000000e+09 9.366343256544951146e-10
2.992211914062500000e+02 1.244738432000000000e+09 3.963640153870073846e-07
3.054811096191406250e+01 2.563488000000000000e+09 4.131219366598770648e-09
2.428280258178710938e+01 7.493255680000000000e+09 2.610400340330443214e-09
3.454930877685546875e+01 5.687040000000000000e+10 5.284308990383124183e-09
9.495940551757812500e+02 9.991412736000000000e+09 3.991953690274385735e-06
1.512557220458984375e+02 8.161869824000000000e+10 1.012822039569982735e-07
1.063359603881835938e+02 2.542117120000000000e+09 5.005757586218351207e-08
9.200776977539062500e+02 3.664643686400000000e+10 3.747645450857817195e-06
1.690759468078613281e+01 2.641421721600000000e+10 1.265532234562272151e-09
2.775237426757812500e+02 8.481089536000000000e+09 3.409649877994525013e-07
6.610398864746093750e+01 6.888393216000000000e+09 1.934482796173142560e-08
1.804801025390625000e+02 1.131742976000000000e+09 1.442009534002863802e-07
1.414878234863281250e+02 8.911812608000000000e+09 8.862324563096990460e-08
1.409925842285156250e+01 1.072610880000000000e+09 8.800392636842957472e-10
2.639164161682128906e+01 4.000144640000000000e+09 3.083488575583714919e-09
4.616359558105468750e+02 4.196592384000000000e+09 9.434280059394950513e-07
9.823690795898437500e+01 2.409384960000000000e+10 4.272272136063293146e-08
6.710729217529296875e+01 4.097424128000000000e+09 1.993650400322621863e-08
9.622700500488281250e+01 6.598714982400000000e+10 4.099240769050993549e-08
1.064446716308593750e+02 3.393856000000000000e+09 5.015997928126125771e-08
1.110923538208007812e+02 1.535438336000000000e+09 5.463586560949806881e-08
4.068411254882812500e+01 4.156642099200000000e+10 7.327556783565114529e-09
5.988093872070312500e+02 1.177615488000000000e+09 1.587401243341446389e-06
1.468946933746337891e+01 2.187267584000000000e+09 9.552602042717239783e-10
1.676347160339355469e+01 1.519556096000000000e+09 1.244048863924263060e-09
3.882441711425781250e+01 7.406895104000000000e+10 6.672974173227430583e-09
6.610301513671875000e+02 1.691381145600000000e+10 1.934425881700008176e-06
3.157247619628906250e+02 8.038909952000000000e+09 4.412927978592051659e-07
9.555665588378906250e+01 4.780132352000000000e+10 4.042326295916609524e-08
9.112911987304687500e+02 1.505981312000000000e+09 3.676409278341452591e-06
1.437232971191406250e+01 6.923737497600000000e+10 9.144581758491199253e-10
3.248180236816406250e+02 7.384274534400000000e+10 4.670783368965203408e-07
1.160063018798828125e+02 5.902072217600000000e+10 5.957618753882343299e-08
2.334799194335937500e+01 7.686106316800000000e+10 2.413284683200345171e-09
7.809363555908203125e+01 6.060040192000000000e+09 2.699857404309113917e-08
5.771969604492187500e+02 7.265411072000000000e+09 1.474883106311608572e-06
1.848143196105957031e+01 1.494983680000000000e+09 1.512100999967458392e-09
1.388337612152099609e+01 8.249350656000000000e+09 8.532959894225200514e-10
9.891011047363281250e+01 2.127012224000000000e+09 4.331027270154663711e-08
5.058172302246093750e+02 3.226700595200000000e+10 1.132652755586605053e-06
4.671970367431640625e+01 3.231209676800000000e+10 9.662948663446968567e-09
5.863648986816406250e+01 6.849400832000000000e+09 1.522107950790996256e-08
4.354936828613281250e+02 2.506543616000000000e+09 8.396015118705690838e-07
5.404149246215820312e+01 8.097449472000000000e+09 1.292897788829350247e-08
1.008430404663085938e+02 6.625848524800000000e+10 4.501957562297320692e-08
1.904727935791015625e+01 3.732873625600000000e+10 1.606110355822920610e-09
2.289548492431640625e+01 8.927549849600000000e+10 2.320647896070227034e-09
2.811566734313964844e+01 4.611882598400000000e+10 3.499502687631661502e-09
7.129696655273437500e+02 1.190631424000000000e+10 2.250358193123247474e-06
4.041804122924804688e+01 2.241830912000000000e+09 7.232026533188218309e-09
2.301077117919921875e+02 8.799598592000000000e+09 2.344076790450344561e-07
1.504346008300781250e+02 8.493847552000000000e+09 1.001855238769167045e-07
3.762536926269531250e+02 4.069131264000000000e+09 6.267163712436740752e-07
6.097796249389648438e+01 4.355479552000000000e+09 1.646096592367030098e-08
1.247194213867187500e+02 4.647785984000000000e+09 6.886169501285621664e-08
1.621094512939453125e+01 2.057467289600000000e+10 1.163392382430572525e-09
5.869303131103515625e+01 1.002376320000000000e+09 1.525044801553576690e-08
5.471204376220703125e+01 1.042996096000000000e+09 1.325181653299978279e-08
1.043384361267089844e+01 1.124724019200000000e+10 4.819458165883361289e-10
5.808940429687500000e+02 3.204145920000000000e+09 1.493837544330745004e-06
1.540812530517578125e+02 2.304347904000000000e+09 1.051015487973927520e-07
9.466089477539062500e+02 9.782938624000000000e+09 3.966895292251138017e-06
8.377388000488281250e+01 4.357314560000000000e+09 3.106896784288437630e-08
3.732004547119140625e+01 5.816231424000000000e+09 6.165862487250706181e-09
5.548639526367187500e+02 1.026177344000000000e+09 1.362958187201002147e-06
5.100992736816406250e+02 1.643781504000000000e+09 1.151911078522971366e-06
1.738997192382812500e+02 1.489482547200000000e+10 1.338773927272995934e-07
6.126801300048828125e+01 9.771950080000000000e+09 1.661793902485442231e-08
4.220108795166015625e+01 1.748782336000000000e+09 7.884185748707750463e-09
8.804663848876953125e+01 1.015123353600000000e+10 3.431903294881522015e-08
3.710464172363281250e+02 2.258765056000000000e+09 6.094891773500421550e-07
6.343773803710937500e+02 4.776484864000000000e+09 1.781578362169966567e-06
4.622365112304687500e+02 1.433141350400000000e+10 9.458842669118894264e-07
6.442909545898437500e+02 3.874352640000000000e+09 1.837695776885084342e-06
2.826983642578125000e+02 1.679464576000000000e+09 3.537985548973665573e-07
6.838858032226562500e+02 4.316345958400000000e+10 2.070507207463379018e-06
1.071956329345703125e+02 6.239659520000000000e+09 5.087022714178601746e-08
1.192257499694824219e+01 1.379367680000000000e+09 6.292883436564977728e-10
1.081943416595458984e+01 8.315285504000000000e+10 5.182252960089783755e-10
1.099652004241943359e+01 5.300241203200000000e+10 5.353281151698752183e-10
5.912231445312500000e+01 2.059080960000000000e+09 1.547434891335797147e-08
4.093633651733398438e+01 3.292647424000000000e+10 7.418694103478173929e-09
1.680776596069335938e+01 1.273104691200000000e+10 1.250631931348777925e-09
8.232226562500000000e+02 2.620117504000000000e+09 3.000158358190674335e-06
5.542627334594726562e+01 8.807550976000000000e+10 1.360006240958000490e-08
4.352443237304687500e+02 3.147417600000000000e+09 8.386403465010516811e-07
2.998704833984375000e+02 1.736374912000000000e+09 3.980860583396861330e-07
1.969624633789062500e+02 1.200222924800000000e+10 1.717419735314251739e-07
4.304551315307617188e+01 9.207896064000000000e+09 8.202859724804056896e-09
5.229318618774414062e+01 3.169816320000000000e+09 1.210597488920939213e-08
7.803886413574218750e+01 2.193624064000000000e+10 2.696071632612984104e-08
1.345887908935546875e+02 5.145239552000000000e+10 8.019130603997837170e-08
1.495805206298828125e+02 2.770477568000000000e+09 9.905117082098513492e-08
2.977639961242675781e+01 4.666796544000000000e+09 3.925128666537602840e-09
2.491669311523437500e+02 1.068205977600000000e+10 2.748465988133830251e-07
1.278981876373291016e+01 6.518308352000000000e+09 7.241662269841242505e-10
3.730718688964843750e+02 4.402679808000000000e+10 6.161615146993426606e-07
4.307180404663085938e+01 7.249768960000000000e+09 8.212883706448792509e-09
6.050965499877929688e+01 8.840269824000000000e+10 1.620909806376857887e-08
2.912845764160156250e+02 2.076509798400000000e+10 3.756163948764879024e-07
2.213971710205078125e+01 2.093461376000000000e+09 2.169969537391125414e-09
1.793525314331054688e+01 5.480773120000000000e+09 1.424047768594505214e-09
4.647580337524414062e+01 1.359769395200000000e+10 9.562321601208623179e-09
5.726750564575195312e+01 6.364386099200000000e+10 1.451864406476488512e-08
6.096635131835937500e+02 7.412614758400000000e+10 1.645469865252380259e-06
5.259432601928710938e+01 6.462033408000000000e+09 1.224580525871488135e-08
3.336642837524414062e+01 6.005641625600000000e+10 4.928661034853121237e-09
3.010261917114257812e+01 3.998377574400000000e+10 4.011604382014866133e-09
1.101091480255126953e+01 8.834766848000000000e+09 5.367305488945817160e-10
1.824055023193359375e+02 1.214432256000000000e+09 1.472941164593066787e-07
1.832032470703125000e+02 7.030286336000000000e+09 1.485852862970205024e-07
1.582705993652343750e+02 2.247056384000000000e+09 1.108945113514892000e-07
1.433070526123046875e+02 7.942750208000000000e+09 9.091691310914029600e-08
8.921881866455078125e+01 3.307109376000000000e+09 3.523890867995760345e-08
7.452231445312500000e+02 3.285932441600000000e+10 2.458567905705422163e-06
1.991423225402832031e+01 2.308234444800000000e+10 1.755644629675146007e-09
2.479210853576660156e+01 8.418395750400000000e+10 2.721049607856684815e-09
7.021920013427734375e+01 1.470159257600000000e+10 2.182836844610847038e-08
2.701947021484375000e+01 7.276863488000000000e+10 3.231939382786208625e-09
1.013519477844238281e+01 6.437184000000000000e+09 4.547510701335966132e-10
2.726937675476074219e+01 1.143812480000000000e+09 3.292000894106195119e-09
9.996356201171875000e+01 1.164497920000000000e+09 4.423774768724797468e-08
1.609128570556640625e+01 6.132384972800000000e+10 1.146280736996629912e-09
7.067600250244140625e+01 2.762844928000000000e+09 2.211329430679143115e-08
4.522428512573242188e+01 1.406203264000000000e+09 9.054259564322819642e-09
1.889829864501953125e+02 2.655480012800000000e+10 1.581083921564641059e-07
9.974893798828125000e+02 1.031829056000000000e+09 4.404798801260767505e-06
5.288037719726562500e+02 4.378425753600000000e+10 1.237937340192729607e-06
1.738550567626953125e+02 1.061487820800000000e+10 1.338086548230421613e-07
1.261281509399414062e+02 5.018938572800000000e+10 7.042608984875187161e-08
4.406660156250000000e+02 6.296797593600000000e+10 8.596638281233026646e-07
6.060572814941406250e+01 3.817065472000000000e+09 1.626061241211118613e-08
2.786733398437500000e+02 7.729458688000000000e+09 3.437956479501735885e-07
4.747208023071289062e+01 1.089230080000000000e+09 9.976679926637643803e-09
3.595208740234375000e+01 6.342143590400000000e+10 5.722130325125363015e-09
1.181597423553466797e+01 9.320341504000000000e+09 6.180855272042151682e-10
1.665557479858398438e+01 2.658829056000000000e+09 1.228085855231597634e-09
4.766497192382812500e+02 1.938508595200000000e+10 1.005792114483483601e-06
6.433531951904296875e+01 2.243874816000000000e+09 1.832350271513405460e-08
3.666687622070312500e+02 2.004967833600000000e+10 5.951923185421037488e-07
4.200658035278320312e+01 2.065577600000000000e+09 7.811675750701851939e-09
1.013327636718750000e+02 1.162470809600000000e+10 4.545789522580889752e-08
1.077564620971679688e+01 2.396090624000000000e+09 5.140390890723267603e-10
8.309054565429687500e+02 2.131727360000000000e+10 3.056417881452944130e-06
1.192266941070556641e+01 8.633972736000000000e+09 6.292982246414169367e-10
6.925540161132812500e+02 1.764989747200000000e+10 2.123326567016192712e-06
1.126275482177734375e+02 2.103492198400000000e+10 5.615633824618271319e-08
5.480556640625000000e+02 8.403993395200000000e+10 1.329715928477526177e-06
9.050276947021484375e+01 3.112987033600000000e+10 3.626045597115989949e-08
2.938397979736328125e+01 1.356420608000000000e+09 3.822352656612792998e-09
5.241707763671875000e+02 3.441488281600000000e+10 1.216340251630754210e-06
4.045202636718750000e+01 2.953756672000000000e+09 7.244194577538110025e-09
1.052130699157714844e+01 4.902531891200000000e+10 4.900596040080529292e-10
9.994976196289062500e+02 3.058595430400000000e+10 4.422553047334076837e-06
5.137672424316406250e+01 3.416358656000000000e+09 1.168536645224094173e-08
1.223136062622070312e+02 4.077003008000000000e+09 6.623065473831957206e-08
1.587259292602539062e+01 4.989383680000000000e+09 1.115334935519740611e-09
7.273625488281250000e+02 2.683031808000000000e+09 2.342132120247697458e-06
5.266841888427734375e+01 1.613081907200000000e+10 1.228033141842388432e-08
2.214203262329101562e+01 5.471882752000000000e+09 2.170423396563592178e-09
1.968394660949707031e+01 6.917892096000000000e+09 1.715275366187540840e-09
5.061085510253906250e+01 4.150002892800000000e+10 1.133957727716961017e-08
4.024867248535156250e+02 5.888697548800000000e+10 7.171543643380573485e-07
2.516987304687500000e+02 6.791037440000000000e+09 2.804604264383669943e-07
9.631223297119140625e+01 3.604239872000000000e+09 4.106505713252772694e-08
6.503173828125000000e+02 3.212579072000000000e+09 1.872234520305937622e-06
6.071628952026367188e+01 1.488310988800000000e+10 1.631999424489549710e-08
1.549584388732910156e+01 3.838015232000000000e+09 1.063016452640397347e-09
5.095346450805664062e+01 4.752593408000000000e+09 1.149362294228239989e-08
6.849468383789062500e+02 5.400798822400000000e+10 2.076936652883887291e-06
6.881677246093750000e+01 4.640298188800000000e+10 2.096515672178611567e-08
1.953038635253906250e+02 1.702566912000000000e+09 1.688617174977480317e-07
8.988701171875000000e+02 4.768911360000000000e+09 3.576872131816344336e-06
1.687702178955078125e+02 4.670073651200000000e+10 1.260959550108964322e-07
1.078347396850585938e+01 6.160487424000000000e+09 5.147862136567482594e-10
4.997875061035156250e+02 4.123955968000000000e+09 1.105809474211127963e-06
1.026035118103027344e+01 2.357780224000000000e+09 4.660515307008950003e-10
9.116888427734375000e+01 3.321276620800000000e+10 3.679618387764094223e-08
3.155004882812500000e+02 1.614084812800000000e+10 4.406660139011364663e-07
2.728827819824218750e+02 9.455876096000000000e+09 3.296566148947022157e-07
1.654292602539062500e+02 2.413615923200000000e+10 1.211530076261624345e-07
6.617338867187500000e+02 4.361152512000000000e+09 1.938546802193741314e-06
1.753404426574707031e+01 2.604700416000000000e+09 1.361048940218267944e-09
5.864162597656250000e+02 1.068059443200000000e+10 1.522374645901436452e-06
1.621802330017089844e+01 1.051954048000000000e+09 1.164408347520407006e-09
8.523366546630859375e+01 1.670942208000000000e+09 3.216117150373065670e-08
1.493010101318359375e+02 7.060286668800000000e+10 9.868133332702200278e-08
1.627030372619628906e+01 2.765186304000000000e+09 1.171927777043890728e-09
2.545775299072265625e+02 1.253244108800000000e+10 2.869126376481290208e-07
3.829470520019531250e+02 1.766301081600000000e+10 6.492126658486085944e-07
4.252414245605468750e+02 2.876916326400000000e+10 8.005356448848033324e-07
5.893659057617187500e+02 1.529147084800000000e+10 1.537728167022578418e-06
7.279781341552734375e+01 4.207240448000000000e+09 2.346098426642129198e-08
5.659655761718750000e+02 1.121115033600000000e+10 1.418043552803283092e-06
2.335628662109375000e+02 4.086656512000000000e+09 2.414999755728786113e-07
1.558258628845214844e+01 7.198860800000000000e+09 1.074950795043605467e-09
6.656753540039062500e+02 1.996920320000000000e+09 1.961708676390117034e-06
2.013172149658203125e+02 2.318299136000000000e+10 1.794201978100318229e-07
3.784421157836914062e+01 1.518780416000000000e+10 6.340279412597737974e-09
5.718952941894531250e+01 1.118163968000000000e+10 1.447913344776452504e-08
1.099955844879150391e+01 1.012910080000000000e+10 5.356240451170890537e-10
1.685364913940429688e+01 7.611541913600000000e+10 1.257469239845931952e-09
3.064884185791015625e+01 2.153770752000000000e+09 4.158508648544056996e-09
2.008546752929687500e+02 1.609874124800000000e+10 1.785966929901405820e-07
2.410003204345703125e+02 1.005416448000000000e+10 2.571252650795941008e-07
1.079666976928710938e+02 2.551062272000000000e+09 5.160468674603180261e-08
1.625362968444824219e+01 6.922359296000000000e+09 1.169526919753138827e-09
1.108452148437500000e+02 7.093381529600000000e+10 5.439305184040676977e-08
1.010725116729736328e+01 3.299803648000000000e+09 4.522469621015545727e-10
1.005535793304443359e+01 7.781073408000000000e+09 4.476149173537891102e-10
5.780429077148437500e+01 1.502015078400000000e+10 1.479209554844373997e-08
3.525875091552734375e+01 3.387456512000000000e+09 5.503556277375309946e-09
1.920029754638671875e+02 4.821671424000000000e+09 1.632019888120339601e-07
1.321421813964843750e+02 5.721203507200000000e+10 7.730231743607873796e-08
1.891156921386718750e+02 2.994361753600000000e+10 1.583305362373721437e-07
3.045239639282226562e+01 1.815970201600000000e+10 4.105371598228657604e-09
2.968672370910644531e+01 1.304816640000000000e+09 3.901522216409603061e-09
3.860619354248046875e+01 1.313910656000000000e+09 6.598170010363446636e-09
2.570894165039062500e+02 8.327456358400000000e+10 2.926024365024204599e-07
3.905713500976562500e+02 1.386878464000000000e+09 6.753210755050531588e-07
6.708317565917968750e+01 3.646138880000000000e+09 1.992217590895961621e-08
3.308744506835937500e+02 4.491195904000000000e+09 4.846586989515344612e-07
7.889133453369140625e+01 9.289383116800000000e+10 2.755295014367220574e-08
6.992597198486328125e+01 2.556566272000000000e+09 2.164644286040129373e-08
1.416537857055664062e+01 6.817551564800000000e+10 8.883128121972561075e-10
1.443286323547363281e+01 2.712834048000000000e+10 9.221774455170361762e-10
6.007973861694335938e+01 1.677665792000000000e+09 1.597958920740438771e-08
2.205875968933105469e+01 7.630666956800000000e+10 2.154128875275773680e-09
1.615875625610351562e+01 1.549688064000000000e+09 1.155913698092092545e-09
1.128151855468750000e+02 8.701054976000000000e+09 5.634360888961964520e-08
5.176175689697265625e+01 9.457263616000000000e+09 1.186116982410112541e-08
9.698382568359375000e+02 2.561448448000000000e+09 4.163975518167717382e-06
7.503497924804687500e+02 2.147015680000000000e+10 2.492510930096614175e-06
1.767671661376953125e+02 5.216595558400000000e+10 1.383288292799988994e-07
5.846096420288085938e+01 2.878105856000000000e+09 1.513008918152536353e-08
4.126145935058593750e+01 1.155278976000000000e+09 7.537003021695909410e-09
7.516624450683593750e+01 7.104653312000000000e+09 2.501239215746409172e-08
7.235879516601562500e+01 7.757021696000000000e+09 2.317886504954458360e-08
8.609187316894531250e+01 1.389184512000000000e+09 3.281208549310576927e-08
1.481771850585937500e+02 2.824094976000000000e+09 9.720132254642521730e-08
1.516328430175781250e+01 2.194008678400000000e+10 1.017878892284329595e-09
5.029558181762695312e+01 1.854034560000000000e+09 1.119873971333618101e-08
1.125999164581298828e+01 3.119853568000000000e+09 5.612878495320217098e-10
2.652760314941406250e+02 1.180568473600000000e+10 3.115340518888842780e-07
3.960360717773437500e+02 3.776405504000000000e+09 6.943508878975990228e-07
2.062358398437500000e+02 6.409460531200000000e+10 1.882945639408717398e-07
2.841482238769531250e+02 7.575921459200000000e+10 3.574369031866808655e-07
7.968065795898437500e+02 1.571410432000000000e+09 2.810705382216838188e-06
1.489148330688476562e+01 6.344104755200000000e+10 9.817150425917020584e-10
5.695413589477539062e+01 4.256664780800000000e+10 1.436018592926302517e-08
4.135997772216796875e+01 2.109030144000000000e+09 7.573037308361563191e-09
4.517185974121093750e+01 5.514105344000000000e+09 9.033279901871082984e-09
2.554171180725097656e+01 1.363320422400000000e+10 2.888082217822329767e-09
1.709286041259765625e+02 1.490199244800000000e+10 1.293418279146862915e-07
1.044121742248535156e+01 1.136743116800000000e+10 4.826272159696998187e-10
6.288590621948242188e+01 3.392372326400000000e+10 1.750717970594450890e-08
2.135320663452148438e+01 6.347000627200000000e+10 2.018532230252390036e-09
2.421666107177734375e+02 3.940615372800000000e+10 2.596199522031383822e-07
2.981448974609375000e+02 4.545667072000000000e+09 3.935176664526807144e-07
4.128475952148437500e+02 7.167381504000000000e+09 7.545517064500018023e-07
5.131679153442382812e+01 1.794085273600000000e+10 1.165811980285980098e-08
8.946337890625000000e+02 4.975168307200000000e+10 3.543236061887000687e-06
4.097671203613281250e+02 2.615351910400000000e+10 7.433335440509836189e-07
6.193093109130859375e+01 3.417849088000000000e+09 1.697949336687543109e-08
3.836894989013671875e+01 1.617389696000000000e+09 6.517324901977872287e-09
6.808963623046875000e+02 3.853384704000000000e+09 2.052445097433519550e-06
6.149168014526367188e+01 3.782123929600000000e+10 1.673949157066090265e-08
1.163253860473632812e+02 4.461757644800000000e+10 5.990436591218895046e-08
1.338838195800781250e+02 1.046189888000000000e+09 7.935343404597006156e-08
5.968736572265625000e+02 2.568305664000000000e+10 1.577154876031272579e-06
2.896971435546875000e+02 6.865293824000000000e+09 3.715335026299726451e-07
2.763531684875488281e+01 1.910238822400000000e+10 3.380947521947064160e-09
2.976018714904785156e+01 1.089933004800000000e+10 3.920855196071215687e-09
4.327606964111328125e+01 3.045116672000000000e+09 8.290967024038309319e-09
3.338575439453125000e+02 1.388067123200000000e+10 4.934372554998844862e-07
2.500200653076171875e+02 1.710090752000000000e+10 2.767318960650300141e-07
2.707924499511718750e+02 1.277774540800000000e+10 3.246254607347509591e-07
1.048662853240966797e+01 5.707381964800000000e+10 4.868344616326680807e-10
8.431547546386718750e+01 1.608800768000000000e+09 3.147198412989382632e-08
6.353671264648437500e+02 7.899993600000000000e+09 1.787141741260711569e-06
5.610458984375000000e+02 4.970696704000000000e+10 1.393497882418159861e-06
4.770968246459960938e+01 1.364776576000000000e+09 1.007679895081992072e-08
2.005101013183593750e+01 1.997751296000000000e+10 1.779844494009807931e-09
8.322200317382812500e+02 2.214870016000000000e+09 3.066096724069211632e-06
3.357258224487304688e+01 1.800358912000000000e+09 4.989752167006145100e-09
5.422314834594726562e+01 7.187636224000000000e+09 1.301604335424144665e-08
8.508162841796875000e+02 1.155532083200000000e+10 3.204653694410808384e-06
2.257434234619140625e+02 1.208284928000000000e+09 2.256003170941767166e-07
2.278893280029296875e+01 4.688713216000000000e+09 2.299098023073042896e-09
2.018576965332031250e+02 1.448838144000000000e+10 1.803848732606638805e-07
1.447366905212402344e+01 3.367610368000000000e+09 9.273993795133606000e-10
6.301909179687500000e+02 3.791853568000000000e+10 1.758141479513142258e-06
2.971920776367187500e+02 4.354641100800000000e+10 3.910064663159573684e-07
8.549937438964843750e+01 4.182138880000000000e+10 3.236200285527957021e-08
1.789889678955078125e+02 2.491694336000000000e+09 1.418280248799419496e-07
5.998602905273437500e+02 2.276037836800000000e+10 1.592977923792204820e-06
4.092899475097656250e+02 4.495933952000000000e+09 7.416033440676983446e-07
4.146306762695312500e+02 4.693378662400000000e+10 7.610835837112972513e-07
1.461769485473632812e+01 1.608148352000000000e+09 9.459480976303780153e-10
8.449378967285156250e+01 2.797225164800000000e+10 3.160523931455827551e-08
3.781309890747070312e+01 1.665058918400000000e+10 6.329859747467025954e-09
1.102585449218750000e+02 1.141099929600000000e+10 5.381880185950649320e-08
9.879030609130859375e+01 3.191827968000000000e+09 4.320541791003051912e-08
1.013745594024658203e+01 4.534699520000000000e+09 4.549539911469224762e-10
1.176666259765625000e+01 1.709163417600000000e+10 6.129374230390283174e-10
1.542459583282470703e+01 7.012065280000000000e+09 1.053263698480577659e-09
1.166269760131835938e+02 3.976463872000000000e+09 6.021539888934057672e-08
1.245109081268310547e+01 6.379181670400000000e+10 6.863163370951497200e-10
8.043707885742187500e+02 2.047856435200000000e+10 2.864323732865159400e-06
5.058012008666992188e+01 6.609687552000000000e+09 1.132580962348583853e-08
1.074646682739257812e+02 1.104526080000000000e+09 5.112589818168089550e-08
8.402812194824218750e+01 6.937580032000000000e+09 3.125783010204941093e-08
8.436854248046875000e+02 2.525053184000000000e+09 3.151161081405007280e-06
1.926929473876953125e+01 6.727977779200000000e+10 1.643770231041230545e-09
8.931425476074218750e+01 3.368943206400000000e+10 3.531433634407221689e-08
3.008063888549804688e+01 2.194250956800000000e+10 4.005748177604573357e-09
1.712257232666015625e+02 1.137190400000000000e+09 1.297918856835167389e-07
3.490394592285156250e+01 1.115672320000000000e+09 5.393349322702079007e-09
3.046405220031738281e+01 1.040536473600000000e+10 4.108514861655976347e-09
2.477404212951660156e+01 3.243214643200000000e+10 2.717085223480353307e-09
8.555509643554687500e+02 5.942828236800000000e+10 3.240419800931704231e-06
1.989357948303222656e+01 5.950794240000000000e+09 1.752005096555819819e-09
7.531754150390625000e+02 2.974302720000000000e+09 2.511318598408252001e-06
1.186771202087402344e+01 3.947126784000000000e+10 6.235101324136849144e-10
1.075133743286132812e+02 1.530049280000000000e+09 5.117225043704820564e-08
8.215711975097656250e+01 2.370529536000000000e+09 2.988132763448447804e-08
1.166231441497802734e+01 5.769190912000000000e+09 6.021144693946212101e-10
7.521188354492187500e+01 2.289814118400000000e+10 2.504277674120203301e-08
8.934352111816406250e+01 9.230864384000000000e+10 3.533748937911695975e-08
4.588700256347656250e+02 2.068190464000000000e+09 9.321566949438420124e-07
5.668981323242187500e+02 1.701584640000000000e+09 1.422720401933474932e-06
7.090032348632812500e+02 1.674942771200000000e+10 2.225389152954448946e-06
4.193628692626953125e+01 1.382365286400000000e+10 7.785553535200051556e-09
1.654078216552734375e+02 6.573107200000000000e+10 1.211216016372418380e-07
9.216893310546875000e+02 1.333310208000000000e+09 3.760786057682707906e-06
4.501295089721679688e+01 2.600431872000000000e+09 8.969835540995063639e-09
1.824080200195312500e+02 1.900190310400000000e+10 1.472981807637552265e-07
4.343243713378906250e+02 3.261589913600000000e+10 8.350988878191856202e-07
2.551727752685546875e+02 1.245150592000000000e+09 2.882559044792287750e-07
2.961448097229003906e+01 2.612452761600000000e+10 3.882556498524536437e-09
1.725364227294921875e+02 5.528932352000000000e+10 1.317865496730519226e-07
2.987498168945312500e+02 1.616114176000000000e+09 3.951161602344654966e-07
2.663098754882812500e+02 3.558334464000000000e+10 3.139670354812551523e-07
3.993356628417968750e+02 1.647914240000000000e+09 7.059691142785595730e-07
3.947733154296875000e+02 1.699166720000000000e+09 6.899300615259562619e-07
2.057448272705078125e+02 2.398525952000000000e+09 1.873990385092838551e-07
2.158556213378906250e+02 1.762303616000000000e+09 2.062701014438061975e-07
4.508507919311523438e+01 7.604707328000000000e+09 8.998606304544409795e-09
2.121646118164062500e+01 1.109144192000000000e+09 1.992761733404790903e-09
3.373953247070312500e+02 1.194696064000000000e+09 5.039501616010966245e-07
3.398384475708007812e+01 2.151410688000000000e+10 5.112749779101477543e-09
2.642840003967285156e+01 9.622079897600000000e+10 3.092083700195757956e-09
6.305470275878906250e+01 3.709125427200000000e+10 1.760128931493909477e-08
6.708201599121093750e+01 6.404771840000000000e+09 1.992148668250592891e-08
1.076756572723388672e+01 6.682904576000000000e+09 5.132685387820856704e-10
2.514495086669921875e+01 2.520345395200000000e+10 2.799052767343823689e-09
6.872471923828125000e+02 2.453319680000000000e+09 2.090910584229277447e-06
7.059500122070312500e+02 7.903175475200000000e+10 2.206263616244541481e-06
5.979598999023437500e+01 1.001644992000000000e+09 1.582900566177158908e-08
2.728900718688964844e+01 7.456902348800000000e+10 3.296742434599764238e-09
1.516859912872314453e+01 5.361580851200000000e+10 1.018592432622256183e-09
4.743256225585937500e+02 1.503871692800000000e+10 9.960076567949727178e-07
2.253592109680175781e+01 4.207685632000000000e+09 2.248330410736798513e-09
2.382531280517578125e+02 2.099307110400000000e+10 2.512966545964445686e-07
1.847717895507812500e+02 1.659842560000000000e+09 1.511404974507968291e-07
4.463965606689453125e+01 6.606752972800000000e+10 8.821678498804885749e-09
7.252688598632812500e+02 1.689178624000000000e+09 2.328668188056326471e-06
3.020659179687500000e+02 1.087597363200000000e+10 4.039363830088404939e-07
2.153988075256347656e+01 2.439855923200000000e+10 2.053979430982622034e-09
1.199112606048583984e+01 2.071732096000000000e+09 6.365454829904138023e-10
2.349445152282714844e+01 3.613435904000000000e+10 2.443656610395805728e-09
9.323115234375000000e+02 1.042120576000000000e+09 3.847969765047309920e-06
9.350004882812500000e+02 2.544598835200000000e+10 3.870198270305991173e-06
4.244027709960937500e+01 3.421653811200000000e+10 7.973810944861270400e-09
1.821115684509277344e+01 2.608670720000000000e+09 1.468197785570168890e-09
2.286795196533203125e+02 6.327538688000000000e+09 2.315069593805674231e-07
1.715292549133300781e+01 3.676641689600000000e+10 1.302524643698177442e-09
8.946102294921875000e+02 4.000012288000000000e+10 3.543049842846812680e-06
1.653483009338378906e+01 9.817546752000000000e+09 1.210344491298087632e-09
4.551855163574218750e+02 2.732952371200000000e+10 9.172471777674218174e-07
1.494691371917724609e+01 2.441279488000000000e+10 9.890371854837098908e-10
1.156325378417968750e+02 5.921662156800000000e+10 5.919290657629971975e-08
2.452017822265625000e+02 4.375355904000000000e+09 2.661685698512883391e-07
8.134757080078125000e+02 9.368351744000000000e+09 2.929535185103304684e-06
6.127996826171875000e+02 3.344753152000000000e+09 1.662442400629515760e-06
5.248639526367187500e+02 1.085926016000000000e+09 1.219559635501354933e-06
6.719116821289062500e+02 1.112302336000000000e+09 1.998636889766203240e-06
1.783357620239257812e+01 1.635689472000000000e+09 1.407947425313693657e-09
8.014371490478515625e+01 7.178729472000000000e+09 2.843468926982950506e-08
3.227289428710937500e+02 9.447712768000000000e+09 4.610896269241493428e-07
2.298136291503906250e+02 1.237174169600000000e+10 2.338089331033188500e-07
2.056703033447265625e+02 1.546469888000000000e+10 1.872633106358989608e-07
4.986831283569335938e+01 2.401572659200000000e+10 1.100927971009468820e-08
6.797749328613281250e+01 6.752732364800000000e+10 2.045689839746955840e-08
7.209929199218750000e+02 1.589459353600000000e+10 2.301291033290908672e-06
5.269920349121093750e+01 4.757381120000000000e+09 1.229469148711359594e-08
3.129273414611816406e+01 1.167757312000000000e+10 4.335074521577553242e-09
1.116606369018554688e+02 4.695200153600000000e+10 5.519627066519205982e-08
1.020761013031005859e+01 6.900690432000000000e+09 4.612726034469716296e-10
2.470269927978515625e+02 2.028571443200000000e+10 2.701458754472696455e-07
1.503338527679443359e+01 6.697561292800000000e+10 1.000513893956167522e-09
9.556363677978515625e+01 1.417487155200000000e+10 4.042917467472761928e-08
1.295208435058593750e+02 7.602919833600000000e+10 7.426579884395323461e-08
2.193063201904296875e+02 1.011694464000000000e+09 2.129177403276116820e-07
7.665506591796875000e+02 2.928816128000000000e+09 2.601304913696367294e-06
2.962537841796875000e+02 2.701606400000000000e+09 3.885414514570584288e-07
1.720053100585937500e+02 6.586279936000000000e+09 1.309764599000118324e-07
5.019808654785156250e+02 4.897406976000000000e+10 1.115536633733427152e-06
1.332728271484375000e+02 3.389633536000000000e+10 7.863080497827468207e-08
9.678269958496093750e+01 7.417935462400000000e+10 4.146722787368162244e-08
3.275776977539062500e+02 7.980870144000000000e+09 4.750487789806356886e-07
5.757057952880859375e+01 2.417779968000000000e+09 1.467272259247920374e-08
1.419946441650390625e+02 3.771606272000000000e+09 8.925928796088555828e-08
1.581054077148437500e+02 6.108108800000000000e+10 1.106631231095889234e-07
2.645466918945312500e+02 2.682815283200000000e+10 3.098234060416871216e-07
3.564807128906250000e+02 3.446004531200000000e+10 5.625765311378927436e-07
2.333037567138671875e+01 1.911219968000000000e+09 2.409644483947204208e-09
1.029089202880859375e+02 1.803167948800000000e+10 4.688301658006821526e-08
1.672038421630859375e+02 8.266350592000000000e+09 1.237661848563220701e-07
5.373448486328125000e+02 7.803383808000000000e+09 1.278249783354112878e-06
1.127660465240478516e+01 1.032958054400000000e+10 5.629453569966358373e-10
7.344797363281250000e+02 3.163279616000000000e+09 2.388191660429583862e-06
6.290839233398437500e+02 1.643053824000000000e+09 1.751970103214262053e-06
1.672625579833984375e+02 1.531999360000000000e+09 1.238531268654696760e-07
2.093712806701660156e+01 3.530056192000000000e+09 1.940634319907985628e-09
1.341554450988769531e+01 8.704353280000000000e+09 7.967573822931228733e-10
2.004346466064453125e+01 4.927923200000000000e+09 1.778505120952900143e-09
9.435713500976562500e+02 2.052324352000000000e+09 3.941476734325988218e-06
1.335539627075195312e+01 1.505130240000000000e+09 7.896290288300633620e-10
5.608656005859375000e+02 6.572908134400000000e+10 1.392602257510588970e-06
2.455759429931640625e+02 1.061215232000000000e+10 2.669815160061261849e-07
1.611275291442871094e+01 4.381402726400000000e+10 1.149341288808614081e-09
5.729240798950195312e+01 6.168354816000000000e+10 1.453127218553618150e-08
2.711633300781250000e+02 3.192914944000000000e+10 3.255153160353074782e-07
2.221012496948242188e+01 1.007454105600000000e+10 2.183793146315338163e-09
4.872959594726562500e+02 2.674361344000000000e+10 1.051223762260633521e-06
6.557576751708984375e+01 1.157221580800000000e+10 1.903690360904874979e-08
2.668153381347656250e+02 1.586257792000000000e+09 3.151599798911774997e-07
4.008942413330078125e+01 7.825154867200000000e+10 7.114905553606831745e-09
1.994359970092773438e+01 1.090122649600000000e+10 1.760826706664886387e-09
4.947419738769531250e+01 1.681789849600000000e+10 1.083595080331178906e-08
1.472160339355468750e+02 1.276544409600000000e+10 9.594442929028446088e-08
1.599211692810058594e+01 6.873196953600000000e+10 1.132195448505513014e-09
1.106280326843261719e+01 1.509832704000000000e+10 5.418011594926497310e-10
5.183680419921875000e+02 9.164381388800000000e+10 1.189558815894997679e-06
1.450056266784667969e+01 3.463152025600000000e+10 9.308489534731734238e-10
3.944735412597656250e+02 4.330341171200000000e+10 6.888827215334458742e-07
1.381561088562011719e+01 2.182008627200000000e+10 8.449863586612593735e-10
6.455800628662109375e+01 1.246359680000000000e+09 1.845056907257003331e-08
6.192175674438476562e+01 2.562688614400000000e+10 1.697446272430624958e-08
1.297600097656250000e+02 2.613286912000000000e+09 7.454032413534150692e-08
8.575488281250000000e+02 1.904501555200000000e+10 3.255571527915890329e-06
2.946454162597656250e+02 7.795260620800000000e+10 3.843341289666568628e-07
3.406685180664062500e+02 1.200336000000000000e+09 5.137757170814438723e-07
6.791735839843750000e+01 3.095620864000000000e+09 2.042072111407833290e-08
3.069582519531250000e+02 7.580409036800000000e+10 4.171268415120721329e-07
9.911763763427734375e+01 4.136960512000000000e+09 4.349220361632433196e-08
3.535351562500000000e+02 5.440215449600000000e+10 5.533179319172631949e-07
1.059692611694335938e+02 2.272871168000000000e+09 4.971292355548939668e-08
9.951110839843750000e+02 8.035983360000000000e+10 4.383819486974971369e-06
1.013133392333984375e+02 1.414803456000000000e+09 4.544046916521438106e-08
5.855543518066406250e+01 6.981098496000000000e+09 1.517902781245084043e-08
2.152481079101562500e+01 1.422798643200000000e+10 2.051106617884101979e-09
8.736070251464843750e+01 1.833186713600000000e+10 3.378638524509369745e-08
2.673549194335937500e+02 1.485241216000000000e+09 3.164360009577649180e-07
8.770810546875000000e+02 7.230637568000000000e+09 3.405563347769202664e-06
7.893298339843750000e+01 8.169897984000000000e+10 2.758205042141526064e-08
3.380076904296875000e+02 1.348096819200000000e+10 5.057812018094409723e-07
2.619629516601562500e+02 2.012981657600000000e+10 3.038010731870599557e-07
1.506013393402099609e+01 3.062959360000000000e+09 1.004077487820609349e-09
5.135266113281250000e+01 5.165472768000000000e+09 1.167442320593181648e-08
1.100715103149414062e+02 2.213640396800000000e+10 5.363637001210008748e-08
1.152388763427734375e+01 7.941545164800000000e+10 5.879055020585610691e-10
5.241498947143554688e+01 6.616334336000000000e+10 1.216243550317130939e-08
1.733945465087890625e+02 1.619591168000000000e+09 1.331007126736949431e-07
2.368999099731445312e+01 1.631823488000000000e+09 2.484501715471765237e-09
5.594422607421875000e+02 3.321126912000000000e+09 1.385543214382778388e-06
1.013637237548828125e+02 4.222198579200000000e+10 4.548567389406343864e-08
4.887606811523437500e+01 3.194156441600000000e+10 1.057552800887151534e-08
9.132399749755859375e+01 2.287222579200000000e+10 3.692150229994695110e-08
8.671504211425781250e+01 6.531154739200000000e+10 3.328882058895032969e-08
1.517219848632812500e+02 2.392996352000000000e+09 1.019075881458775257e-07
1.007569351196289062e+02 1.274521728000000000e+09 4.494273042610075208e-08
9.269441528320312500e+02 5.506239283200000000e+10 3.803791059908689931e-06
9.242533569335937500e+02 1.298200064000000000e+10 3.781739223995828070e-06
8.111295318603515625e+01 1.887497420800000000e+10 2.912661223319901183e-08
1.263558349609375000e+02 6.144004505600000000e+10 7.068058494041906670e-08
6.737249755859375000e+02 2.536644864000000000e+09 2.009438958339160308e-06
3.283273696899414062e+01 8.502874931200000000e+10 4.772255923768398134e-09
9.240545654296875000e+01 1.873212416000000000e+10 3.780112578510852472e-08
5.941315460205078125e+01 8.181768192000000000e+09 1.562696816392872279e-08
1.288401794433593750e+02 3.358674739200000000e+10 7.348727137923560804e-08
9.783214721679687500e+02 6.794345676800000000e+10 4.237138909957138821e-06
5.515876770019531250e+01 2.447678259200000000e+10 1.346910227795206083e-08
9.318552246093750000e+02 9.647239168000000000e+09 3.844204002234619111e-06
9.148000488281250000e+02 2.578740019200000000e+10 3.704775508595048450e-06
3.150702857971191406e+01 1.098964172800000000e+10 4.394651309524988392e-09
7.491200256347656250e+01 2.001095424000000000e+09 2.484347305653500371e-08
1.618508605957031250e+02 2.380838912000000000e+10 1.159683691298596386e-07
2.877657775878906250e+02 1.621518540800000000e+10 3.665960548460134305e-07
1.575980949401855469e+01 8.659045376000000000e+09 1.099541013793725597e-09
4.328379211425781250e+02 2.990070579200000000e+10 8.293925475300056860e-07
3.542203521728515625e+01 1.844998784000000000e+09 5.554648296879349800e-09
5.654884643554687500e+02 4.353995161600000000e+10 1.415653628100699279e-06
1.111123352050781250e+02 1.121555968000000000e+09 5.465552987971022958e-08
1.000371265411376953e+01 7.733965619200000000e+10 4.430287525725162823e-10
1.340921306610107422e+01 2.378359040000000000e+09 7.960055947719979486e-10
4.545733642578125000e+01 8.708795392000000000e+09 9.147817614518771734e-09
2.016323547363281250e+02 9.176689664000000000e+09 1.799823792225652141e-07
1.657103881835937500e+02 6.389735014400000000e+10 1.215651224129032926e-07
1.209600524902343750e+02 7.710567936000000000e+09 6.477291236706150812e-08
1.457371978759765625e+02 2.108918784000000000e+10 9.402652523249344085e-08
4.216952133178710938e+01 1.321259110400000000e+10 7.872395180186231300e-09
1.531421051025390625e+02 9.328880844800000000e+10 1.038242345430262503e-07
4.475877685546875000e+02 9.669679513600000000e+10 8.868821623764233664e-07
3.956143188476562500e+02 6.349664665600000000e+10 6.928729021637991536e-07
1.227712478637695312e+02 1.428224204800000000e+10 6.672718910749608767e-08
2.964831924438476562e+01 3.705287065600000000e+10 3.891434285918649039e-09
8.570957641601562500e+02 2.285179494400000000e+10 3.252132273701136000e-06
1.166765213012695312e+02 2.103899340800000000e+10 6.026657217717001913e-08
3.430574035644531250e+01 2.003185254400000000e+10 5.210064379923551314e-09
1.826510772705078125e+02 8.490629632000000000e+09 1.476909829989381251e-07
1.071741199493408203e+01 3.745450393600000000e+10 5.084981324898762978e-10
1.685249137878417969e+01 6.569736192000000000e+09 1.257296711187905203e-09
2.301658058166503906e+01 1.512156160000000000e+10 2.345260652347747055e-09
2.524792098999023438e+01 1.492914176000000000e+10 2.822024391946342803e-09
6.778050231933593750e+01 1.007981952000000000e+09 2.033850954319404991e-08
1.020621337890625000e+02 3.217969766400000000e+10 4.611464277104460052e-08
1.643500213623046875e+02 3.726122598400000000e+10 1.195773933204691275e-07
2.993019714355468750e+02 7.491406336000000000e+09 3.965780308590183267e-07
4.754233169555664062e+01 1.014600396800000000e+10 1.000622962266106697e-08
1.598841094970703125e+02 2.062406656000000000e+10 1.131670899212622317e-07
5.387399291992187500e+02 8.205694566400000000e+10 1.284895688513643108e-06
2.484222030639648438e+01 3.576933888000000000e+09 2.732060355725707268e-09
2.064379501342773438e+01 3.095384064000000000e+10 1.886638179016131289e-09
1.610879058837890625e+02 1.123272806400000000e+10 1.148776220816216664e-07
1.518271942138671875e+02 4.239418572800000000e+10 1.020489719394390704e-07
1.828987121582031250e+01 4.028094873600000000e+10 1.480917388718694383e-09
2.419516181945800781e+01 9.410349056000000000e+09 2.591591607981058587e-09
1.853626441955566406e+01 8.489304064000000000e+10 1.521086590017262097e-09
4.198172302246093750e+02 5.585984716800000000e+10 7.802432833159400616e-07
1.264660072326660156e+01 1.085199104000000000e+09 7.080389052838143016e-10
5.839058685302734375e+01 1.119686528000000000e+09 1.509368274810185540e-08
4.133328628540039062e+01 1.083560960000000000e+09 7.563266457566442114e-09
7.567749786376953125e+01 7.138376704000000000e+09 2.535379906021262286e-08
3.516941452026367188e+01 8.722540134400000000e+10 5.475701669865884469e-09
5.921081542968750000e+02 2.185219840000000000e+09 1.552071125843212940e-06
9.066342163085937500e+01 2.045689088000000000e+09 3.638930223814895726e-08
5.373253784179687500e+02 4.573118464000000000e+09 1.278157014894532040e-06
4.002638854980468750e+02 1.402965376000000000e+09 7.092548912623897195e-07
2.247750091552734375e+01 5.847847424000000000e+09 2.236688612100579121e-09
8.253935546875000000e+02 1.273386291200000000e+10 3.016002210642909631e-06
2.005428314208984375e+01 1.087513497600000000e+10 1.780425584740896738e-09
1.573636779785156250e+02 2.776091648000000000e+10 1.096272583822610613e-07
1.413533496856689453e+01 2.280794316800000000e+10 8.845486565434157455e-10
4.952936401367187500e+02 2.067083264000000000e+09 1.086013071471825242e-06
5.412076950073242188e+01 2.069209292800000000e+10 1.296693774577306613e-08
9.346579589843750000e+02 2.307119308800000000e+10 3.867362920573214069e-06
4.816724853515625000e+02 6.045026304000000000e+09 1.027101120598672424e-06
9.051699829101562500e+01 3.199670784000000000e+09 3.627185662935517030e-08
8.512744140625000000e+02 8.760455987200000000e+10 3.208105681551387534e-06
1.709467773437500000e+02 2.739893862400000000e+10 1.293693401294149226e-07
1.669789314270019531e+01 4.357151232000000000e+09 1.234334523481095403e-09
3.315893249511718750e+02 7.378099404800000000e+10 4.867551979259587824e-07
1.857216644287109375e+02 8.418597888000000000e+09 1.526984760857885703e-07
2.090496368408203125e+02 2.239808716800000000e+10 1.934676703285731492e-07
5.478739929199218750e+01 1.029744960000000000e+09 1.328834464686678984e-08
1.366778717041015625e+02 3.183144448000000000e+09 8.270007612054541823e-08
2.646251678466796875e+01 1.079256192000000000e+09 3.100072198947145807e-09
5.236029815673828125e+01 1.282961664000000000e+09 1.213706735114783442e-08
1.990098266601562500e+02 1.993269888000000000e+09 1.753309391006041551e-07
3.230054626464843750e+02 7.856459776000000000e+10 4.618800915068277391e-07
1.694470596313476562e+01 1.274216064000000000e+09 1.271093785781829411e-09
4.067243957519531250e+02 2.421731123200000000e+10 7.323353088395379018e-07
5.507435607910156250e+01 1.277191884800000000e+10 1.342790856284636902e-08
1.473899459838867188e+01 5.921137868800000000e+10 9.617124874239380006e-10
7.511428833007812500e+01 2.143822720000000000e+09 2.497782425336936285e-08
6.585819244384765625e+01 3.654512896000000000e+09 1.920123438026166696e-08
1.045492553710937500e+01 2.490821632000000000e+09 4.838952571972754413e-10
1.072614574432373047e+01 1.709800320000000000e+09 5.093271915335151334e-10
2.028464126586914062e+01 3.364203776000000000e+09 1.821562900516937589e-09
1.564644908905029297e+01 2.054579814400000000e+10 1.083779954669239487e-09
1.525008087158203125e+02 3.235784448000000000e+09 1.029565055432613008e-07
3.877052307128906250e+01 1.648896716800000000e+10 6.654460538157991323e-09
3.746664047241210938e+01 1.147374694400000000e+10 6.214397441084429374e-09
1.477819061279296875e+01 3.255042867200000000e+10 9.668342793034412352e-10
2.305681037902832031e+01 9.436181504000000000e+09 2.353466310722751587e-09
1.840873718261718750e+01 1.572049664000000000e+09 1.500228719031326818e-09
5.529342269897460938e+01 9.600310272000000000e+09 1.353494472056127051e-08
2.338833236694335938e+01 1.201633075200000000e+10 2.421631339899477098e-09
5.108342895507812500e+02 2.523738316800000000e+10 1.155233007921196986e-06
2.708340454101562500e+02 3.481208064000000000e+09 3.247252209348516772e-07
2.068911285400390625e+02 1.339869388800000000e+10 1.894930505841330159e-07
7.720016479492187500e+02 3.173201664000000000e+09 2.638432306412141770e-06
6.667286987304687500e+02 6.249961881600000000e+10 1.967921889445278794e-06
5.751725463867187500e+02 1.236260864000000000e+10 1.464555452912463807e-06
7.855446166992187500e+02 2.478003404800000000e+10 2.731814447543001734e-06
4.774126281738281250e+02 3.624162508800000000e+10 1.009014226838189643e-06
1.092702484130859375e+02 1.281378176000000000e+09 5.285832571644277778e-08
8.347565460205078125e+01 7.492444979200000000e+10 3.084815602960588876e-08
1.246179199218750000e+02 2.522788249600000000e+10 6.874965663428156404e-08
4.385286865234375000e+02 2.946053376000000000e+09 8.513449074598611332e-07
2.493985176086425781e+01 9.548822528000000000e+09 2.753577366121362502e-09
1.356055545806884766e+01 3.579000012800000000e+10 8.140751406315871463e-10
1.375656414031982422e+01 7.763773030400000000e+10 8.377790128299977823e-10
8.253001403808593750e+01 6.632502272000000000e+09 3.015319549604100757e-08
4.234592056274414062e+01 2.473174835200000000e+10 7.938394830375727906e-09
1.343915252685546875e+02 6.423341056000000000e+09 7.995640771696344018e-08
6.640919189453125000e+02 7.742848512000000000e+09 1.952387037817970850e-06
3.504933929443359375e+01 5.760303923200000000e+10 5.438375527688776856e-09
3.637590026855468750e+02 2.073138432000000000e+09 5.857833684785873629e-07
3.536078262329101562e+01 2.515440640000000000e+10 5.535454317140420244e-09
4.365388793945312500e+02 5.722080768000000000e+09 8.436364851149846800e-07
1.204826278686523438e+02 1.057010176000000000e+10 6.426261478509331937e-08
6.766129760742187500e+02 2.266744320000000000e+09 2.026703441515564919e-06
2.594434547424316406e+01 2.224523008000000000e+09 2.979853697127055057e-09
1.040273571014404297e+01 1.242672768000000000e+09 4.790762786477387181e-10
4.446523666381835938e+01 1.263515852800000000e+10 8.752875757522815547e-09
1.668819999694824219e+01 2.304351232000000000e+10 1.232901891690119101e-09
5.986077270507812500e+02 2.980113920000000000e+09 1.586332132319512311e-06
1.191721801757812500e+02 3.525527961600000000e+10 6.287228870860417373e-08
1.368310260772705078e+01 4.685672448000000000e+10 8.288552066915144678e-10
1.168743705749511719e+01 9.138749440000000000e+10 6.047112810492194512e-10
2.728241577148437500e+02 6.155608576000000000e+09 3.295150179383199429e-07
1.954296722412109375e+02 2.961282662400000000e+10 1.690793425268566352e-07
1.438092498779296875e+02 2.459264819200000000e+10 9.155522207038302440e-08
2.477570343017578125e+01 9.240552448000000000e+09 2.717449820721640208e-09
3.616194152832031250e+02 5.785120768000000000e+09 5.789125907540437765e-07
4.040336227416992188e+01 8.664547328000000000e+10 7.226774734192531469e-09
5.669505004882812500e+02 2.783934720000000000e+09 1.422983473275962751e-06
9.254260253906250000e+01 5.665837056000000000e+09 3.791341640635437216e-08
3.261613464355468750e+01 4.299343462400000000e+10 4.709496792543177435e-09
4.527087020874023438e+01 6.957440204800000000e+10 9.072921969277558674e-09
1.973222732543945312e+01 5.217064960000000000e+10 1.723700293609908840e-09
3.952164459228515625e+01 4.454405324800000000e+10 6.914798955648393530e-09
6.946414184570312500e+01 6.351602688000000000e+09 2.136145837994263275e-08
3.916246414184570312e+01 4.033416960000000000e+09 6.789684370289705839e-09
3.708105468750000000e+02 7.785901260800000000e+10 6.087145720812259242e-07
3.484190063476562500e+02 9.810194432000000000e+09 5.374192255658272188e-07
7.277101898193359375e+01 1.496244736000000000e+10 2.344371274887180334e-08
4.902890930175781250e+02 4.634354483200000000e+10 1.064177354237472173e-06
1.092596530914306641e+01 1.733766144000000000e+09 5.284807036431971028e-10
1.537101268768310547e+01 1.121636352000000000e+09 1.045958542000846592e-09
2.191349029541015625e+01 3.296133120000000000e+09 2.125849940526336468e-09
3.204752731323242188e+01 2.285364736000000000e+09 4.546723442189204434e-09
2.077919616699218750e+02 8.649052160000000000e+10 1.911468103799052187e-07
2.219183349609375000e+01 2.214287104000000000e+09 2.180197578027787131e-09
1.051304931640625000e+02 1.479670272000000000e+10 4.892906702025356935e-08
3.430636978149414062e+01 8.860187648000000000e+09 5.210255782372996691e-09
1.436296844482421875e+02 1.436679168000000000e+10 9.132673284284464899e-08
1.597329101562500000e+02 2.521239756800000000e+10 1.129531383980975079e-07
1.008944168090820312e+02 1.286862336000000000e+10 4.506546247284859419e-08
8.996578979492187500e+01 5.449770496000000000e+09 3.583144447816266620e-08
3.235853881835937500e+02 1.105203712000000000e+10 4.635401182895293459e-07
1.134015941619873047e+01 2.251170406400000000e+10 5.693087112845773845e-10
2.016491546630859375e+02 8.949217689600000000e+10 1.800123783368690056e-07
7.369473876953125000e+02 2.117415552000000000e+09 2.404266069788718596e-06
9.015945434570312500e+02 1.374680678400000000e+10 3.598587454689550214e-06
1.643682556152343750e+02 6.315592192000000000e+09 1.196039107753676944e-07
3.671458129882812500e+02 1.921219200000000000e+09 5.967420975139248185e-07
3.762695312500000000e+01 1.029441536000000000e+10 6.267691698980115689e-09
1.131189117431640625e+02 6.704019968000000000e+09 5.664739433086651843e-08
8.459990844726562500e+02 8.334924800000000000e+09 3.168467628711368889e-06
1.693395233154296875e+02 5.324946227200000000e+10 1.269480947030388052e-07
6.797545166015625000e+02 3.317767372800000000e+10 2.045567043751361780e-06
5.803451538085937500e+02 1.734764928000000000e+09 1.491015837018494494e-06
8.706793823242187500e+02 3.168557312000000000e+09 3.356031584189622663e-06
2.735571670532226562e+01 7.228341248000000000e+09 3.312879970351900738e-09
6.581160278320312500e+02 1.776311296000000000e+10 1.917407644214108586e-06
5.175125885009765625e+01 1.645995929600000000e+10 1.185636033795844924e-08
9.215109252929687500e+02 4.978524979200000000e+10 3.759330184038844891e-06
9.987964477539062500e+02 4.300899942400000000e+10 4.416350293467985466e-06
5.764455795288085938e+01 2.422903808000000000e+09 1.471045685264016356e-08
2.219535636901855469e+01 5.653615104000000000e+09 2.180889913105943378e-09
3.195919799804687500e+02 2.670581555200000000e+10 4.521695018411264755e-07
2.660424804687500000e+02 4.669857382400000000e+10 3.133368409180548042e-07
1.463916873931884766e+01 1.163399372800000000e+10 9.487294283516689575e-10
2.318551635742187500e+01 2.819095808000000000e+09 2.379814345587760727e-09
2.575689086914062500e+02 6.176325222400000000e+10 2.936948817477968987e-07
4.132579956054687500e+02 1.323688140800000000e+10 7.560526569250214379e-07
1.436480712890625000e+01 1.189665792000000000e+09 9.135012191130442716e-10
1.196000766754150391e+01 1.210471040000000000e+09 6.332460111835302996e-10
2.495547103881835938e+01 1.250553344000000000e+10 2.757027273148082713e-09
1.278894042968750000e+01 8.209868390400000000e+10 7.240668065122690678e-10
1.502951240539550781e+01 1.583887769600000000e+10 9.999984174058340614e-10
2.443373680114746094e+01 1.739376230400000000e+10 2.642952301457057729e-09
9.425048217773437500e+02 1.436565299200000000e+10 3.932572326448280364e-06
9.870075988769531250e+01 1.311262208000000000e+09 4.312712675869079249e-08
8.308603515625000000e+02 2.279775232000000000e+10 3.056086143260472454e-06
5.287524032592773438e+01 1.441642086400000000e+10 1.237696611866567764e-08
2.299768676757812500e+02 5.496479744000000000e+09 2.341411970974149881e-07
1.569661560058593750e+02 2.213175296000000000e+10 1.090740866516171081e-07
6.901773681640625000e+02 3.401146368000000000e+09 2.108778517140308395e-06
8.684577026367187500e+02 7.488506265600000000e+10 3.338926717333379202e-06
1.453824901580810547e+01 3.425390182400000000e+10 9.356937447080326820e-10
1.231411075592041016e+01 3.332530688000000000e+09 6.712984612633476900e-10
1.980331611633300781e+01 1.506137292800000000e+10 1.736142452024580507e-09
6.332255249023437500e+02 1.413002240000000000e+09 1.775114355950790923e-06
1.091765899658203125e+02 1.078811520000000000e+09 5.276774928120175900e-08
5.398102188110351562e+01 3.525311744000000000e+09 1.290005968712648610e-08
2.589940795898437500e+02 5.789015040000000000e+09 2.969539991681813262e-07
9.704494476318359375e+01 9.833595904000000000e+09 4.169225320538316737e-08
6.479786987304687500e+02 1.639571046400000000e+10 1.858792757047922350e-06
1.992349243164062500e+02 5.857376256000000000e+10 1.757277914293808863e-07
7.494308471679687500e+02 8.982456729600000000e+10 2.486409584889770485e-06
4.796828002929687500e+02 5.218173747200000000e+10 1.018633156490977854e-06
6.066202163696289062e+01 1.707889664000000000e+10 1.629083357101990259e-08
5.519178390502929688e+01 2.346200268800000000e+10 1.348522982169697570e-08
4.944641876220703125e+01 5.890525184000000000e+10 1.082378542349715644e-08
1.966470642089843750e+02 5.255962214400000000e+10 1.711923971470241668e-07
1.150242004394531250e+02 3.133929472000000000e+10 5.857172169498880976e-08
6.145531463623046875e+01 2.004602880000000000e+10 1.671969762639946566e-08
1.365953826904296875e+02 7.754883072000000000e+10 8.260029460416262737e-08
2.715459060668945312e+01 4.834189721600000000e+10 3.264344794473572620e-09
1.194559020996093750e+02 8.979365888000000000e+10 6.317201695082985680e-08
1.170888519287109375e+01 1.194235264000000000e+09 6.069328373214943895e-10
2.797257232666015625e+01 5.350087065600000000e+10 3.463971554040767842e-09
4.407877731323242188e+01 5.162871296000000000e+09 8.601389822615601588e-09
3.667376708984375000e+02 4.187033600000000000e+09 5.954160542387398891e-07
1.083869743347167969e+01 1.008248512000000000e+09 5.200723185438960172e-10
5.439318847656250000e+02 1.313233280000000000e+09 1.309780714109365363e-06
7.253749389648437500e+02 8.118643097600000000e+10 2.329349172214278951e-06
5.385983276367187500e+02 6.080672153600000000e+10 1.284220161323901266e-06
3.126705932617187500e+02 2.504442265600000000e+10 4.327963836203707615e-07
5.672739791870117188e+01 5.480531968000000000e+09 1.424607543043521218e-08
4.409275054931640625e+01 4.631928012800000000e+10 8.606844126290980057e-09
6.518099365234375000e+02 4.884990771200000000e+10 1.880838226497871801e-06
2.398209953308105469e+01 4.365922816000000000e+09 2.546149513449336155e-09
6.601917114257812500e+02 7.831640576000000000e+09 1.929521658894373104e-06
2.673376464843750000e+01 2.588494643200000000e+10 3.163951101115003439e-09
6.247201538085937500e+02 3.941031936000000000e+10 1.727748667690320872e-06
3.434799194335937500e+01 1.267305984000000000e+09 5.222906107604785575e-09
1.580063343048095703e+01 2.705869414400000000e+10 1.105244895605039801e-09
1.195445156097412109e+01 3.915416320000000000e+09 6.326577595139326604e-10
3.095939331054687500e+02 4.634022707200000000e+10 4.243208877596771345e-07
2.689149856567382812e+01 6.459756544000000000e+10 3.201397147378770569e-09
1.225501098632812500e+02 1.360543104000000000e+09 6.648703276823653141e-08
1.059648036956787109e+01 2.190441062400000000e+10 4.970874822873838639e-10
1.105251312255859375e+01 2.253964800000000000e+09 5.407936876089536327e-10
9.824461059570312500e+02 2.718677760000000000e+09 4.272941623639781028e-06
1.465609283447265625e+02 2.865035776000000000e+09 9.509243170668923995e-08
2.273967552185058594e+01 8.606114816000000000e+09 2.289169964697634896e-09
2.571685981750488281e+01 5.133681868800000000e+10 2.927826647791675896e-09
1.332892608642578125e+02 6.488469913600000000e+10 7.865020279496093281e-08
6.852600860595703125e+01 1.116182323200000000e+10 2.078836836005848454e-08
1.466054992675781250e+02 2.903715020800000000e+10 9.515026277995275450e-08
9.527516937255859375e+01 9.038304256000000000e+09 4.018546562178926251e-08
1.032489013671875000e+01 8.016697856000000000e+09 4.719330481961492296e-10
1.094650268554687500e+02 8.575396352000000000e+09 5.304693573293661757e-08
1.906856536865234375e+01 7.699492352000000000e+09 1.609702482419095304e-09
4.105999450683593750e+02 4.519465369600000000e+10 7.463582392119860742e-07
7.796478881835937500e+02 6.299729920000000000e+09 2.690955398065852933e-06
3.900276489257812500e+02 4.786015436800000000e+10 6.734421162946091499e-07
1.225433502197265625e+02 3.383839744000000000e+10 6.647969286177612958e-08
2.233731651306152344e+01 8.535314432000000000e+10 2.208876859199904175e-09
4.270630493164062500e+02 8.197152256000000000e+09 8.074088100329390727e-07
1.856443405151367188e+01 2.974690560000000000e+09 1.525713444472387437e-09
4.786319274902343750e+02 3.616435814400000000e+10 1.014174813462886959e-06
3.493074035644531250e+01 1.117886464000000000e+10 5.401633362822622075e-09
1.254174137115478516e+01 1.518533632000000000e+10 6.963461474107646154e-10
3.351644897460937500e+02 2.697722060800000000e+10 4.973080649506300688e-07
3.272654113769531250e+02 2.560970547200000000e+10 4.741434054267301690e-07
5.879055404663085938e+01 4.585115648000000000e+09 1.530117010872800165e-08
6.462491607666015625e+01 3.772640870400000000e+10 1.848883357524755411e-08
2.423855781555175781e+01 1.162319488000000000e+09 2.600896387150442024e-09
2.873642578125000000e+02 1.475097088000000000e+09 3.655737543795112288e-07
1.422911376953125000e+02 1.276067712000000000e+09 8.963245079485204769e-08
6.887288665771484375e+01 1.320302464000000000e+09 2.099936047272876749e-08
3.385319824218750000e+02 2.830938112000000000e+09 5.073514444120519329e-07
1.384324169158935547e+01 8.199855104000000000e+09 8.483695967953508443e-10
4.123371887207031250e+01 9.658050150400000000e+10 7.526871570462390082e-09
8.406957244873046875e+01 1.434147532800000000e+10 3.128867476220875687e-08
1.241319465637207031e+01 4.872995635200000000e+10 6.821449516358768506e-10
1.858655738830566406e+01 1.866075392000000000e+09 1.529351978390991462e-09
1.206474113464355469e+01 2.345125632000000000e+09 6.443851563453506515e-10
2.504379463195800781e+01 1.070428672000000000e+10 2.776577412433312020e-09
4.558582153320312500e+02 8.190444032000000000e+09 9.199603709930670448e-07
6.138243408203125000e+02 1.430839705600000000e+10 1.668006575528124813e-06
5.646179809570312500e+02 3.695869132800000000e+10 1.411298512721259613e-06
5.517434692382812500e+02 7.414753689600000000e+10 1.347671059193089604e-06
6.736477661132812500e+02 1.175218483200000000e+10 2.008978526646387763e-06
2.392307281494140625e+01 6.759056384000000000e+09 2.533631304757477665e-09
1.081078815460205078e+01 3.675144448000000000e+09 5.173973471883641650e-10
7.093229370117187500e+02 6.438554624000000000e+09 2.227396635134937242e-06
8.527529907226562500e+02 5.795392000000000000e+09 3.219259951947606169e-06
5.532467041015625000e+02 7.122428928000000000e+09 1.355024778604274616e-06
7.948548126220703125e+01 4.539613184000000000e+09 2.796952891515047668e-08
3.156552505493164062e+01 7.513959424000000000e+09 4.410984466574063845e-09
1.541933727264404297e+01 3.441666867200000000e+10 1.052545606228250108e-09
2.296875000000000000e+01 1.901158656000000000e+09 2.335523552332574582e-09
1.288864040374755859e+01 1.177110937600000000e+10 7.354001851922475907e-10
2.667074012756347656e+01 1.951814041600000000e+10 3.149050575856904288e-09
1.400340576171875000e+02 6.284493209600000000e+10 8.681141139277315233e-08
1.447085723876953125e+02 6.836200960000000000e+09 9.270391387872223277e-08
1.916872863769531250e+02 4.143051571200000000e+10 1.626657706310652429e-07
2.568400268554687500e+02 2.006774988800000000e+10 2.920350539170613047e-07
5.959534912109375000e+02 3.325570662400000000e+10 1.572295900587050710e-06
4.503518066406250000e+02 1.147465011200000000e+10 8.978697110251232516e-07
9.927049255371093750e+01 1.286499328000000000e+10 4.362644645539148769e-08
1.473118114471435547e+01 2.569096192000000000e+10 9.606930806427271818e-10
3.872544479370117188e+01 2.779971174400000000e+10 6.638994687335753042e-09
3.889443969726562500e+01 6.423257907200000000e+10 6.697066012861796480e-09
6.831715393066406250e+01 2.762643456000000000e+10 2.066184379145852290e-08
6.861401977539062500e+02 2.698513408000000000e+10 2.084180096062482335e-06
3.643789291381835938e+01 4.947764838400000000e+10 5.877816455779338867e-09
6.261886978149414062e+01 4.754099712000000000e+09 1.735881127729044238e-08
1.123510589599609375e+02 8.734094950400000000e+10 5.588096385622520756e-08
2.298042755126953125e+02 1.113659596800000000e+10 2.337898905580004794e-07
8.992539215087890625e+01 3.305083392000000000e+09 3.579927465580112766e-08
2.670556449890136719e+01 3.632518758400000000e+10 3.157279770960030874e-09
1.294934539794921875e+02 1.527482496000000000e+09 7.423439285503263818e-08
3.462953186035156250e+01 2.542642995200000000e+10 5.308878225918078897e-09
5.719575195312500000e+02 3.670306816000000000e+09 1.448228431399911642e-06
1.624277305603027344e+01 3.399293952000000000e+09 1.167965058002096157e-09
1.356962871551513672e+01 3.143044300800000000e+10 8.151649355525592000e-10
1.476382160186767578e+01 3.360262348800000000e+10 9.649551158119606953e-10
1.690220031738281250e+02 7.459020800000000000e+10 1.264724716065757093e-07
8.628081054687500000e+02 2.547542016000000000e+09 3.295626356702996418e-06
1.122090377807617188e+02 3.886950656000000000e+09 5.573977546191599686e-08
2.155412139892578125e+02 6.276007936000000000e+09 2.056696501995247672e-07
4.356414413452148438e+01 1.509319680000000000e+10 8.401713991190717934e-09
9.512794494628906250e+01 9.806349312000000000e+09 4.006136578027508222e-08
5.190912246704101562e+01 4.854526464000000000e+09 1.192880461076128995e-08
2.092695236206054688e+01 4.490113024000000000e+09 1.938748495078357337e-09
1.182379913330078125e+01 1.941516288000000000e+10 6.189044277071786837e-10
1.578503723144531250e+02 2.049110400000000000e+09 1.103064022345279227e-07
1.223954010009765625e+02 2.190877696000000000e+10 6.631926652289621416e-08
6.951331329345703125e+01 1.615420928000000000e+09 2.139170973691761901e-08
4.239749526977539062e+01 2.414192230400000000e+10 7.957743797248895135e-09
1.795992126464843750e+02 1.246481280000000000e+09 1.427967646350225550e-07
1.737695884704589844e+01 2.609851136000000000e+09 1.336771138227277333e-09
1.568355274200439453e+01 1.865494400000000000e+09 1.088926060432982013e-09
2.183199691772460938e+01 3.016308326400000000e+10 2.110067898186684943e-09
1.257580490112304688e+02 7.786878566400000000e+10 7.001339241696769022e-08
2.426726074218750000e+02 3.603206144000000000e+09 2.607060025638929801e-07
1.036129760742187500e+02 3.468448563200000000e+10 4.752671856067536282e-08
8.381967773437500000e+02 6.864433561600000000e+10 3.110294528596568853e-06
4.201921463012695312e+01 5.123163136000000000e+09 7.816374214542065602e-09
7.556486206054687500e+02 8.799508889600000000e+10 2.527838432797580026e-06
3.676550674438476562e+01 1.269624832000000000e+10 5.983986195445822887e-09
2.505630493164062500e+01 5.026595225600000000e+10 2.779352081816455211e-09
1.462351989746093750e+02 4.126222336000000000e+10 9.467021300224587321e-08
1.113648071289062500e+02 4.502736896000000000e+09 5.490418786280315544e-08
1.664921951293945312e+01 8.262867353600000000e+10 1.227149049043418927e-09
8.184279632568359375e+01 3.004647424000000000e+09 2.965312262404040666e-08
4.858709716796875000e+02 4.249997312000000000e+10 1.045084559336828534e-06
1.080099487304687500e+01 2.133768064000000000e+09 5.164603744667317642e-10
4.536955871582031250e+02 1.689439436800000000e+10 9.112523002841044217e-07
6.256173095703125000e+02 9.233102438400000000e+10 1.732714736135676503e-06
1.257404041290283203e+01 4.197487820800000000e+10 6.999373858285196093e-10
5.129544067382812500e+02 9.679180800000000000e+09 1.164842160505941138e-06
2.060318298339843750e+02 1.169287552000000000e+09 1.879222395473334473e-07
1.107874202728271484e+01 4.358931968000000000e+09 5.433634653329022512e-10
2.261993865966796875e+02 1.125555200000000000e+10 2.265125971234738245e-07
1.223677158355712891e+01 1.191566720000000000e+09 6.628927406993057048e-10
3.663929367065429688e+01 1.574518067200000000e+10 5.942972780559330204e-09
6.921334228515625000e+02 9.741501440000000000e+09 2.120748604284017347e-06
3.410079574584960938e+01 7.853853081600000000e+10 5.147999804222536113e-09
2.736994018554687500e+02 6.748328345600000000e+10 3.316326342428510543e-07
1.086968994140625000e+02 3.917579008000000000e+09 5.230507227338421217e-08
1.372596740722656250e+02 5.294098022400000000e+10 8.340565216258255532e-08
3.171267318725585938e+01 8.563596288000000000e+09 4.452205715210766357e-09
6.309168701171875000e+02 6.461789184000000000e+09 1.762194187904242426e-06
2.502273750305175781e+01 1.851852800000000000e+10 2.771910256882392787e-09
5.606135559082031250e+01 8.893895475200000000e+10 1.391351034385479579e-08
4.066319656372070312e+01 3.259660032000000000e+09 7.320025474655267317e-09
2.665372009277343750e+02 9.747561676800000000e+10 3.145032962947880151e-07
5.144185638427734375e+01 1.166343782400000000e+10 1.171501384789053191e-08
1.656672058105468750e+02 3.702859520000000000e+09 1.215017704225829220e-07
2.707680969238281250e+02 8.803173171200000000e+10 3.245670825435809093e-07
6.146743392944335938e+01 1.248057344000000000e+09 1.672629146298731939e-08
5.660434341430664062e+01 1.015261632000000000e+09 1.418433726030343678e-08
8.380756378173828125e+01 1.661076608000000000e+09 3.109395407818738022e-08
2.867791442871093750e+02 1.641355776000000000e+09 3.640865600118559087e-07
3.590317535400390625e+01 1.992079488000000000e+09 5.706571215569056221e-09
1.607282867431640625e+02 1.096351948800000000e+10 1.143652568202924158e-07
8.432336425781250000e+02 2.448381440000000000e+09 3.147787310808780603e-06
8.757565917968750000e+02 1.109115392000000000e+09 3.395285602891817689e-06
1.643146972656250000e+02 3.513223168000000000e+09 1.195259784481095267e-07
3.231560668945312500e+02 4.085567744000000000e+09 4.623108793566643726e-07
3.328291625976562500e+02 1.364845952000000000e+09 4.904019874629739206e-07
5.816883087158203125e+01 3.250788864000000000e+09 1.497925339322137006e-08
5.071185913085937500e+02 1.884749209600000000e+10 1.138488300966855604e-06
2.203849983215332031e+01 1.780392832000000000e+09 2.150174038817453948e-09
2.034489898681640625e+02 6.054155264000000000e+09 1.832401324008969823e-07
6.756079101562500000e+01 7.035659059200000000e+10 2.020686551418293675e-08
6.831901550292968750e+01 3.751238041600000000e+10 2.066296644898102386e-08
1.876742248535156250e+02 4.634236416000000000e+09 1.559260880412693950e-07
9.214389038085937500e+02 5.369480704000000000e+09 3.758742877835175022e-06
1.836957550048828125e+02 1.305821952000000000e+09 1.493852579415033688e-07
4.339278259277343750e+02 1.411744153600000000e+10 8.335747452292707749e-07
6.346769332885742188e+01 9.471434752000000000e+10 1.783261183163631358e-08
6.768125152587890625e+01 2.497029324800000000e+10 2.027898915457626572e-08
5.819187545776367188e+01 1.302603468800000000e+10 1.499112478597908193e-08
1.037091541290283203e+01 1.867094016000000000e+09 4.761498972882804992e-10
5.655986938476562500e+02 3.645613260800000000e+10 1.416205577697837725e-06
8.519158172607421875e+01 4.349408051200000000e+10 3.212941734886953782e-08
3.178309249877929688e+01 5.101180108800000000e+10 4.472000103561413198e-09
1.734203529357910156e+01 6.527678464000000000e+10 1.331403320925517164e-09
1.535367889404296875e+02 1.002019584000000000e+09 1.043600903471997299e-07
1.353100128173828125e+02 3.443716864000000000e+09 8.105305226990822121e-08
1.107702255249023438e+01 1.505558144000000000e+09 5.431948224554616900e-10
3.290146255493164062e+01 2.341703424000000000e+09 4.792255037244785854e-09
1.855913848876953125e+02 4.132850892800000000e+10 1.524843042943757609e-07
3.975073242187500000e+01 8.475137024000000000e+09 6.995195089842809466e-09
5.337825393676757812e+01 3.069977395200000000e+10 1.261357596149537130e-08
8.139712524414062500e+02 1.966133248000000000e+09 2.933105179181438871e-06
9.234472656250000000e+02 3.807898368000000000e+09 3.775145614781649783e-06
2.036252746582031250e+02 8.477641113600000000e+10 1.835578160580553231e-07
2.818219299316406250e+02 8.446576128000000000e+09 3.516082358601124724e-07
1.075265655517578125e+02 2.734028544000000000e+09 5.118480927990276541e-08
9.067827148437500000e+02 3.213694771200000000e+10 3.640122486103791744e-06
9.162881469726562500e+01 2.381160448000000000e+09 3.716838392620047671e-08
1.114118099212646484e+01 5.239633920000000000e+09 5.495053856385823110e-10
4.545454025268554688e+01 4.668197683200000000e+10 9.146692292461011675e-09
1.124834365844726562e+02 1.168768640000000000e+09 5.601271624300352414e-08
1.057802200317382812e+01 8.663177625600000000e+10 4.953571441923543262e-10
3.574412155151367188e+01 4.015727820800000000e+10 5.656122237240879258e-09
3.785919952392578125e+01 2.211668224000000000e+09 6.345303393828771732e-09
3.284761962890625000e+02 1.058369433600000000e+10 4.776583182319882326e-07
2.858488464355468750e+01 5.550512128000000000e+09 3.617282473555860633e-09
3.740588760375976562e+01 1.717197107200000000e+10 6.194260659952988135e-09
5.333039855957031250e+01 3.542627072000000000e+09 1.259097093253558342e-08
1.976011047363281250e+02 9.304485888000000000e+09 1.728575114157138159e-07
1.272149047851562500e+02 3.313970380800000000e+10 7.164494064682003227e-08
7.681147003173828125e+01 2.021044224000000000e+09 2.611930760565428500e-08
2.969283103942871094e+01 1.195800832000000000e+09 3.903127598903211037e-09
3.187030639648437500e+02 5.087626444800000000e+10 4.496576764267956605e-07
9.646340332031250000e+02 4.063357337600000000e+10 4.119406639802036807e-06
1.424312896728515625e+02 2.722045440000000000e+09 8.980909171896200860e-08
5.987194442749023438e+01 6.782949785600000000e+10 1.586924369689768355e-08
2.390129089355468750e+02 4.186474496000000000e+10 2.529019695884926477e-07
5.104656219482421875e+01 7.287882752000000000e+09 1.153566131506522652e-08
8.682080688476562500e+02 1.502090496000000000e+09 3.337007228765287437e-06
1.612448883056640625e+02 2.798561689600000000e+10 1.151016135736426804e-07
5.971140747070312500e+02 1.105005568000000000e+09 1.578425553816487081e-06
6.897986450195312500e+02 2.439940352000000000e+09 2.106464989992673509e-06
4.938595962524414062e+01 1.014273331200000000e+10 1.079733280562322761e-08
5.612661743164062500e+02 9.782643916800000000e+10 1.394592459291743580e-06
1.143194866180419922e+01 6.858427596800000000e+10 5.785622536613743705e-10
5.939845657348632812e+01 3.867055718400000000e+10 1.561923923532049230e-08
2.180592155456542969e+01 1.118398361600000000e+10 2.105030594279355682e-09
4.605200958251953125e+01 1.156247244800000000e+10 9.388726240899814002e-09
2.715328025817871094e+01 3.204730112000000000e+09 3.264029935223788925e-09
3.035942077636718750e+01 1.182647808000000000e+09 4.080341398093878524e-09
1.272813129425048828e+01 9.854613504000000000e+09 7.171975791031570679e-10
2.910845336914062500e+02 4.870407782400000000e+10 3.751006261154543608e-07
4.832991638183593750e+02 6.660417536000000000e+10 1.034050114867568482e-06
2.012963294982910156e+01 1.971752448000000000e+09 1.793829640384103641e-09
1.912149047851562500e+01 1.672800768000000000e+10 1.618649991819154366e-09
3.245294189453125000e+02 3.305639936000000000e+09 4.662487640416657086e-07
1.070689201354980469e+01 1.806438604800000000e+10 5.075003750576456696e-10
5.890625610351562500e+02 1.668783104000000000e+09 1.536145418867818080e-06
2.129245185852050781e+01 4.569390592000000000e+09 2.007062294140382619e-09
3.282052612304687500e+02 1.321420672000000000e+09 4.768706958202528767e-07
6.207515335083007812e+01 1.001119040000000000e+09 1.705866736756433966e-08
9.256214904785156250e+01 4.709973504000000000e+09 3.792943203961840481e-08
3.886606216430664062e+01 4.352013926400000000e+10 6.687296494334304953e-09
9.569564819335937500e+01 7.181057228800000000e+10 4.054094659977636184e-08
2.797780761718750000e+02 7.620385280000000000e+09 3.465268036961788312e-07
4.417310714721679688e+01 1.485493862400000000e+10 8.638243009784218884e-09
3.551154174804687500e+02 8.200649216000000000e+09 5.582754738497897051e-07
2.502916526794433594e+01 5.896810905600000000e+10 2.773334673022986863e-09
1.704978942871093750e+01 1.438884761600000000e+10 1.286908246633799990e-09
1.596018066406250000e+02 1.361926144000000000e+09 1.127678075363292010e-07
1.389143981933593750e+02 2.815348992000000000e+09 8.542874496697550057e-08
7.702708740234375000e+02 5.050245120000000000e+09 2.626615469125681557e-06
1.733013916015625000e+02 1.100576665600000000e+10 1.329577372644052957e-07
2.836690979003906250e+02 4.926817280000000000e+09 3.562325332495674957e-07
3.386943817138671875e+01 3.736386816000000000e+09 5.078383935597230447e-09
2.613937377929687500e+01 3.438401126400000000e+10 3.024822392561077322e-09
1.293372650146484375e+02 6.300203008000000000e+10 7.405542845617674175e-08
4.656715393066406250e+02 4.071622656000000000e+09 9.599948498362209648e-07
3.472788085937500000e+02 6.284577792000000000e+09 5.339076096788630821e-07
3.113690948486328125e+01 4.786542592000000000e+10 4.292008082273923719e-09
1.587193908691406250e+02 8.651629363200000000e+10 1.115242866944754496e-07
4.377541198730468750e+02 7.151937945600000000e+10 8.483401643388788216e-07
9.084897613525390625e+01 5.229358080000000000e+09 3.653840607853453548e-08
1.708825683593750000e+02 9.424556851200000000e+10 1.292721805157270865e-07
3.476790618896484375e+01 1.341132185600000000e+10 5.351390441887815541e-09
5.300267028808593750e+01 1.492125696000000000e+09 1.243669611739051106e-08
1.288494777679443359e+01 1.407095936000000000e+09 7.349788555544023438e-10
3.554681091308593750e+02 1.109194624000000000e+09 5.593850005425338168e-07
7.008101654052734375e+01 1.194194636800000000e+10 2.174254021269916848e-08
4.218439941406250000e+02 1.054776128000000000e+09 7.877950451984361280e-07
2.121357421875000000e+02 2.700738150400000000e+10 1.992219722524168901e-07
1.428468418121337891e+01 3.140851712000000000e+10 9.033390702128940575e-10
9.602678680419921875e+01 2.469789286400000000e+10 4.082200533161994827e-08
1.507219085693359375e+02 4.641799680000000000e+09 1.005685774657649745e-07
5.742085571289062500e+02 4.492831129600000000e+10 1.459650434298964683e-06
3.716455383300781250e+02 4.488801280000000000e+09 6.114590291872445960e-07
3.006295776367187500e+01 1.515511808000000000e+09 4.001039943801742993e-09
2.965123291015625000e+02 8.004457267200000000e+10 3.892198492394527420e-07
1.413935661315917969e+01 1.512433280000000000e+09 8.850520871739320228e-10
6.973028564453125000e+02 9.640357888000000000e+10 2.152545675926376134e-06
2.263086395263671875e+02 2.193470668800000000e+10 2.267314584969426505e-07
2.007116394042968750e+02 1.771336704000000000e+10 1.783424181667214725e-07
2.070788192749023438e+01 2.314144358400000000e+10 1.898369905717345318e-09
3.123488044738769531e+01 6.000169472000000000e+09 4.319059776491940283e-09
5.633924865722656250e+01 1.909350195200000000e+10 1.405178906566106889e-08
1.327222251892089844e+01 4.364736512000000000e+10 7.798244272549936795e-10
1.173296451568603516e+01 1.037164339200000000e+10 6.094317273053206918e-10
1.262941551208496094e+01 1.308217856000000000e+09 7.061159990051635305e-10
1.504753723144531250e+02 1.838938752000000000e+09 1.002398448690655641e-07
1.850133056640625000e+02 7.600154112000000000e+09 1.515358576398284640e-07
4.063636398315429688e+01 3.290660044800000000e+10 7.310366978430238305e-09
1.818387908935546875e+02 9.002009395200000000e+10 1.463802874468456139e-07
8.954269409179687500e+01 5.480143257600000000e+10 3.549521920831466559e-08
7.824243927001953125e+01 8.648070144000000000e+09 2.710156188356904750e-08
5.663970336914062500e+02 9.667067904000000000e+10 1.420206444890936837e-06
4.966704711914062500e+02 1.758087372800000000e+10 1.092059164875536226e-06
7.861199951171875000e+01 6.874465894400000000e+10 2.735818327437300468e-08
9.325695800781250000e+02 1.051885248000000000e+09 3.850100256386213005e-06
1.080140399932861328e+01 2.659439360000000000e+09 5.164995653395010322e-10
1.377609729766845703e+01 5.680693248000000000e+09 8.401598305951551993e-10
5.383328247070312500e+01 3.557677568000000000e+09 1.282954542602965375e-08
3.872055358886718750e+02 6.030153728000000000e+09 6.637318961111304816e-07
1.900350646972656250e+02 2.023326720000000000e+10 1.598736929508959292e-07
7.198001861572265625e+01 6.944073728000000000e+09 2.293683287746262067e-08
4.422657394409179688e+01 3.062265241600000000e+10 8.659167605173934135e-09
1.412001228332519531e+01 1.288465024000000000e+09 8.826319675137028753e-10
1.753219604492187500e+02 3.722414848000000000e+09 1.360761956448186538e-07
8.104396057128906250e+01 1.436829593600000000e+10 2.907708385180285404e-08
1.780858154296875000e+02 1.203076992000000000e+09 1.404003597826886107e-07
1.727362213134765625e+02 5.457453875200000000e+10 1.320919551517363288e-07
6.789656372070312500e+02 3.817204224000000000e+09 2.040821982518536970e-06
2.903401489257812500e+02 7.668651622400000000e+10 3.731845765742036747e-07
1.249053096771240234e+01 2.518432358400000000e+10 6.906711313980906652e-10
9.517092895507812500e+01 2.439821568000000000e+09 4.009757503808941692e-08
4.607022705078125000e+02 4.994621849600000000e+10 9.396156315233383793e-07
1.412666034698486328e+01 9.996217344000000000e+09 8.834633025145421925e-10
6.503148193359375000e+02 1.554668800000000000e+09 1.872219627330196090e-06
1.012042522430419922e+01 7.218738790400000000e+10 4.534266573319456484e-10
3.390359115600585938e+01 5.802089984000000000e+09 5.088630850025310792e-09
4.067367248535156250e+02 6.531757568000000000e+09 7.323796467062493321e-07
3.868596649169921875e+01 1.809072947200000000e+10 6.625466397736090585e-09
5.985859298706054688e+01 1.339942707200000000e+10 1.586216846760635235e-08
5.177637100219726562e+01 1.915215462400000000e+10 1.186786935392092346e-08
1.105070972442626953e+01 5.481298944000000000e+09 5.406172176591894640e-10
5.207521972656250000e+02 1.243427200000000000e+09 1.200526412503677420e-06
4.890491104125976562e+01 1.228236185600000000e+10 1.058801313291724000e-08
1.024241409301757812e+02 1.527194931200000000e+10 4.644234863349083753e-08
9.792577362060546875e+01 4.347098112000000000e+09 4.245252682721911697e-08
1.689247131347656250e+02 4.804515020800000000e+10 1.263269240325826104e-07
1.024957199096679688e+02 7.468892160000000000e+10 4.650728158139827428e-08
8.122317504882812500e+01 2.103509196800000000e+10 2.920582353738154779e-08
1.231821594238281250e+02 5.526020096000000000e+09 6.717461076277686516e-08
7.597994995117187500e+02 5.266589696000000000e+09 2.555686023697489873e-06
8.208444824218750000e+02 5.300130304000000000e+09 2.982849082400207408e-06
7.498901367187500000e+02 7.526563020800000000e+10 2.489458211130113341e-06
1.368436889648437500e+02 1.860692377600000000e+10 8.290086128681650735e-08
4.954195022583007812e+01 3.911519846400000000e+10 1.086565060148814155e-08
4.318623657226562500e+02 2.575276288000000000e+09 8.256580485976883210e-07
8.131040191650390625e+01 2.394371072000000000e+10 2.926858577723123744e-08
3.583398132324218750e+02 1.416573696000000000e+09 5.684597113031486515e-07
6.305635986328125000e+02 2.405690163200000000e+10 1.760221493896096945e-06
1.518748474121093750e+01 2.498706432000000000e+10 1.021130402456549291e-09
2.931496429443359375e+01 4.151977574400000000e+10 3.804418557962208070e-09
6.064899902343750000e+02 1.914975232000000000e+09 1.628383756724360865e-06
1.718264770507812500e+01 9.637269504000000000e+10 1.307042585274587054e-09
5.357799148559570312e+01 2.910007296000000000e+09 1.270815186416029974e-08
1.142033843994140625e+02 2.115403904000000000e+09 5.773876310399828071e-08
1.346338500976562500e+02 5.336346624000000000e+10 8.024500885994712007e-08
3.997740936279296875e+01 7.989286912000000000e+09 7.075201757800186897e-09
1.123409748077392578e+01 1.519665024000000000e+09 5.587093010461785525e-10
5.375936508178710938e+01 8.814569062400000000e+10 1.279433714529432109e-08
4.357395324707031250e+02 2.201929728000000000e+10 8.405498306274239440e-07
1.968418121337890625e+01 7.246766080000000000e+09 1.715316333417149508e-09
3.911872863769531250e+01 1.830489856000000000e+09 6.774526717379103502e-09
8.129155273437500000e+02 3.390718976000000000e+10 2.925502030848292634e-06
2.359492492675781250e+01 2.152825600000000000e+09 2.464601633889174082e-09
1.929831848144531250e+02 1.909210496000000000e+09 1.648725742597889621e-07
1.139349651336669922e+01 7.856973312000000000e+09 5.746766396086400164e-10
7.694235992431640625e+01 8.265762406400000000e+10 2.620839900657756516e-08
8.649085235595703125e+01 7.537955635200000000e+10 3.311691543217420985e-08
2.082051277160644531e+01 6.013290496000000000e+10 1.919076897394234038e-09
1.104308853149414062e+02 1.212662784000000000e+10 5.398717561888588534e-08
4.586679840087890625e+01 1.299538944000000000e+10 9.313358972917740175e-09
7.745358886718750000e+02 1.975222886400000000e+10 2.655783191585214809e-06
1.769340362548828125e+02 1.700133248000000000e+09 1.385901242656473187e-07
2.837986145019531250e+02 3.747071488000000000e+09 3.565579334008361911e-07
3.429684066772460938e+01 5.868177408000000000e+10 5.207362541170823533e-09
3.672706222534179688e+01 7.468173721600000000e+10 5.971478866939605723e-09
6.415455932617187500e+02 2.263578009600000000e+10 1.822068043111357838e-06
3.036651611328125000e+01 6.910498816000000000e+09 4.082248761250184543e-09
3.911967849731445312e+01 2.357605888000000000e+09 6.774856675662022099e-09
1.187533378601074219e+01 6.019013632000000000e+09 6.243112693482544273e-10
4.156065979003906250e+02 8.106089676800000000e+10 7.646705739716708194e-07
2.164807128906250000e+01 3.419616768000000000e+09 2.074664662288228101e-09
8.237450561523437500e+02 2.874259865600000000e+10 3.003966867254348472e-06
6.734298095703125000e+02 8.134223360000000000e+09 2.007678631343878806e-06
1.061750030517578125e+02 1.081407488000000000e+10 4.990615209976567712e-08
2.061888504028320312e+01 1.608128614400000000e+10 1.882087596882797698e-09
2.770579338073730469e+01 3.063720140800000000e+10 3.398214154515244445e-09
1.906348876953125000e+02 2.132191744000000000e+09 1.608845252576429630e-07
3.520893859863281250e+02 1.610105651200000000e+10 5.488016086019342765e-07
8.555259704589843750e+01 2.088739968000000000e+09 3.240230483925188310e-08
5.382118988037109375e+01 1.175232000000000000e+09 1.282378203626421964e-08
6.442741088867187500e+02 1.017113600000000000e+09 1.837599370446696412e-06
6.654933471679687500e+02 3.393447321600000000e+10 1.960635927389375865e-06
4.465727233886718750e+01 7.268950016000000000e+09 8.828642705793754430e-09
2.520186309814453125e+02 4.472047104000000000e+09 2.811737829233607044e-07
4.464154968261718750e+02 5.458304614400000000e+10 8.822427162158419378e-07
3.367426300048828125e+01 3.403076403200000000e+10 5.020023507995574619e-09
3.530146408081054688e+01 9.414329958400000000e+10 5.516898049506835378e-09
2.714881515502929688e+01 2.173360640000000000e+09 3.262956571603581324e-09
1.803264427185058594e+01 2.486148710400000000e+10 1.439555252780166938e-09
1.563275756835937500e+02 6.820151296000000000e+09 1.081884022369195009e-07
4.779257583618164062e+01 5.881592832000000000e+09 1.011184558308286796e-08
1.151879787445068359e+01 7.462464512000000000e+09 5.873863062610951147e-10
1.194074554443359375e+02 8.714612736000000000e+09 6.312078681958155357e-08
2.924843597412109375e+01 6.710944768000000000e+09 3.787170133051631637e-09
2.262087440490722656e+01 4.854291660800000000e+10 2.265313270299884607e-09
3.729801940917968750e+01 4.366888960000000000e+09 6.158587417814942455e-09
8.109806518554687500e+02 4.567422464000000000e+09 2.911592218879377469e-06
5.394080200195312500e+02 4.195082240000000000e+10 1.288084376938058995e-06
1.312429809570312500e+01 1.409188224000000000e+09 7.625383102727312234e-10
4.815869140625000000e+01 3.845887488000000000e+09 1.026736207165868109e-08
6.534654235839843750e+01 1.054627737600000000e+10 1.890404632831632625e-08
5.351457519531250000e+02 1.697716633600000000e+10 1.267808670490921941e-06
3.787088012695312500e+02 8.089546752000000000e+10 6.349218892864882946e-07
2.060753631591796875e+01 2.754470656000000000e+09 1.880016364808057006e-09
9.666867065429687500e+02 2.137857433600000000e+10 4.136956704314798117e-06
6.053559112548828125e+01 1.594943385600000000e+10 1.622299627968004643e-08
1.072879333496093750e+02 7.174013440000000000e+09 5.095787614095570461e-08
4.297746276855468750e+02 1.737454464000000000e+09 8.176944561455457006e-07
1.955956726074218750e+02 5.093896192000000000e+10 1.693666860091980197e-07
1.279437026977539062e+02 9.766539264000000000e+10 7.246817546047168435e-08
1.075426635742187500e+02 1.134415360000000000e+09 5.120013213399943197e-08
3.149151916503906250e+02 3.867360512000000000e+09 4.390326182601711480e-07
9.506779479980468750e+01 8.587864064000000000e+09 4.001071829407010227e-08
1.487634887695312500e+02 1.078648012800000000e+10 9.797206246275891317e-08
4.503552627563476562e+01 1.002203008000000000e+09 8.978834564743465307e-09
9.794539184570312500e+02 1.326628044800000000e+10 4.246954176778672263e-06
5.347647705078125000e+02 1.293202048000000000e+09 1.266004119315766729e-06
4.265761718750000000e+02 1.024300096000000000e+09 8.055689590946712997e-07
1.159008979797363281e+01 3.237135872000000000e+09 5.946797498879163868e-10
3.415368652343750000e+01 1.871702835200000000e+10 5.163981686706620167e-09
1.095944690704345703e+01 2.386369331200000000e+10 5.317246087876981164e-10
9.780655670166015625e+01 2.999294976000000000e+10 4.234922101886695600e-08
8.498595428466796875e+01 1.210313420800000000e+10 3.197450837433279958e-08
9.454187011718750000e+01 4.445899776000000000e+09 3.956925809234235203e-08
6.311437988281250000e+01 1.928327372800000000e+10 1.763462265103044047e-08
5.902713012695312500e+01 4.545958400000000000e+09 1.542456118386326125e-08
4.299569320678710938e+01 6.591428198400000000e+10 8.183883792867163720e-09
2.884642944335937500e+02 3.903874048000000000e+09 3.683779254970431793e-07
4.270349426269531250e+02 1.656261120000000000e+09 8.073025696830882225e-07
1.115083885192871094e+01 9.168284672000000000e+09 5.504585121052230079e-10
4.379880676269531250e+02 5.466973388800000000e+10 8.492471010868030135e-07
3.733076858520507812e+01 4.369981440000000000e+10 6.169406319145309681e-09
5.502027587890625000e+02 4.660281856000000000e+09 1.340155108664475847e-06
2.182826232910156250e+01 5.345487667200000000e+10 2.109346253220678591e-09
5.411300659179687500e+02 3.057360281600000000e+10 1.296321897825691849e-06
1.116854629516601562e+02 2.189702144000000000e+09 5.522081281128521368e-08
9.951345825195312500e+01 1.828128000000000000e+09 4.384026297543641704e-08
4.741416320800781250e+02 6.072006656000000000e+09 9.952351547326543368e-07
3.135707702636718750e+02 3.077401600000000000e+10 4.352919518169073854e-07
3.105181579589843750e+02 8.620945408000000000e+10 4.268580937605293002e-07
4.467937850952148438e+01 6.746097254400000000e+10 8.837384157800443063e-09
5.509298324584960938e+01 1.224978176000000000e+09 1.343699285172306190e-08
1.995605316162109375e+02 1.484895641600000000e+10 1.763026347134655225e-07
2.372258949279785156e+01 1.163485824000000000e+09 2.491344242017135002e-09
4.276679229736328125e+01 3.426563481600000000e+10 8.096975534499506466e-09
8.696493530273437500e+01 2.505916672000000000e+09 3.348095489741353958e-08
7.433713531494140625e+01 5.408570368000000000e+09 2.446364533170708455e-08
5.690616607666015625e+01 2.582419712000000000e+09 1.433600615996510896e-08
2.106437873840332031e+01 9.230013235200000000e+10 1.964295615053401889e-09
4.882633972167968750e+02 2.251157708800000000e+10 1.055401867233740631e-06
2.210429191589355469e+01 4.534586368000000000e+09 2.163030865531823110e-09
1.121067523956298828e+01 5.616623104000000000e+09 5.563819405196568368e-10
9.628057250976562500e+02 1.773955276800000000e+10 4.103806077182525769e-06
2.022532463073730469e+01 2.818991616000000000e+09 1.810925409628794114e-09
5.562866210937500000e+02 5.932986368000000000e+09 1.369956294183793943e-06
1.643346023559570312e+01 1.523363020800000000e+10 1.195549437227327871e-09
6.897187042236328125e+01 7.253975552000000000e+09 2.105976548705257301e-08
1.655909156799316406e+01 4.023719526400000000e+10 1.213898870311425071e-09
7.781723632812500000e+02 6.968616960000000000e+09 2.680779971342417412e-06
5.630256958007812500e+02 7.007991398400000000e+10 1.403349983775115106e-06
1.023887939453125000e+02 7.441990656000000000e+09 4.641030315610805701e-08
1.984181785583496094e+01 3.789066240000000000e+09 1.742899935486263985e-09
2.240682411193847656e+01 1.510330675200000000e+10 2.222645179017490591e-09
1.794164886474609375e+02 3.594142464000000000e+09 1.425063516080626869e-07
1.135425262451171875e+02 5.081384550400000000e+10 5.707246586439396197e-08
1.797787170410156250e+02 1.027058688000000000e+10 1.430823459713792545e-07
6.972047729492187500e+02 1.045625856000000000e+10 2.151940407202346250e-06
1.151545810699462891e+01 1.857548544000000000e+09 5.870457453482913479e-10
6.694179077148437500e+02 1.022221721600000000e+10 1.983828724405611865e-06
1.156996726989746094e+01 1.916520320000000000e+09 5.926165114189529959e-10
3.894054031372070312e+01 5.636966912000000000e+09 6.712951083898133220e-09
6.194674682617187500e+01 4.502723379200000000e+10 1.698816731732222252e-08
1.200039482116699219e+01 7.874296217600000000e+10 6.375299732575001599e-10
8.387124633789062500e+01 1.288563968000000000e+09 3.114122648639749968e-08
5.382999801635742188e+01 1.122931712000000000e+09 1.282797956747572243e-08
3.765475158691406250e+02 1.157301248000000000e+10 6.276956128203892149e-07
2.779851684570312500e+02 1.132011776000000000e+09 3.420997529701708117e-07
2.994952697753906250e+02 5.814414540800000000e+10 3.970905027017579414e-07
1.696460571289062500e+02 2.946878720000000000e+09 1.274081000701698940e-07
1.925045166015625000e+02 1.599393996800000000e+10 1.640557059090497205e-07
1.926212921142578125e+02 1.186137600000000000e+09 1.642547999836097006e-07
4.550410156250000000e+02 5.993070080000000000e+09 9.166649306280305609e-07
1.472255249023437500e+02 1.831775488000000000e+09 9.595680694474140182e-08
1.608696365356445312e+01 2.699293696000000000e+10 1.145665007307172800e-09
3.285300827026367188e+01 3.623349760000000000e+09 4.778150763939947865e-09
2.094195861816406250e+02 1.766273792000000000e+09 1.941530030080684810e-07
8.051085662841796875e+01 5.256587264000000000e+09 2.869580484343714488e-08
2.299955291748046875e+02 3.667238912000000000e+10 2.341792111337781535e-07
4.430970153808593750e+02 1.837817344000000000e+09 8.691748689670930617e-07
6.545688476562500000e+02 5.657004544000000000e+09 1.896794174172100611e-06
6.665087890625000000e+01 3.218061056000000000e+09 1.966623841553882812e-08
6.511724243164062500e+02 1.299392640000000000e+09 1.877161139418603852e-06
4.927642059326171875e+01 1.268644864000000000e+10 1.074948929868924097e-08
1.058349227905273438e+02 4.594406604800000000e+10 4.958696209200752492e-08
9.407946166992187500e+02 3.428082688000000000e+09 3.918313723261235282e-06
4.621967163085937500e+02 7.419074150400000000e+10 9.457213536734343506e-07
1.263890304565429688e+02 1.062663987200000000e+10 7.071772500921724713e-08
3.358296203613281250e+01 3.651355443200000000e+10 4.992838587014603036e-09
1.952503013610839844e+01 4.636599910400000000e+10 1.687691209006914050e-09
8.680158691406250000e+02 3.817686220800000000e+10 3.335530209369608201e-06
2.886357727050781250e+02 1.118494924800000000e+10 3.688161029913317179e-07
9.994220581054687500e+02 1.538306048000000000e+10 4.421884568728273734e-06
3.185629653930664062e+01 6.763774464000000000e+09 4.492624494645269806e-09
2.420423736572265625e+02 9.855485542400000000e+10 2.593536407857754966e-07
2.448700408935546875e+02 1.577928064000000000e+09 2.654488469033822184e-07
2.675646018981933594e+01 3.194072320000000000e+09 3.169325468732608897e-09
6.323251953125000000e+02 4.158194892800000000e+10 1.770070070961082820e-06
4.832776260375976562e+01 5.080270336000000000e+09 1.033957985896449827e-08
1.751399383544921875e+02 1.914332569600000000e+10 1.357937975399181596e-07
4.656993484497070312e+01 3.633499648000000000e+09 9.601095030120632146e-09
1.594554595947265625e+02 8.296089190400000000e+10 1.125610964436418726e-07
7.847085571289062500e+02 7.846807040000000000e+09 2.726002549024997279e-06
1.485412979125976562e+01 3.308328755200000000e+10 9.767961994811003024e-10
1.452507171630859375e+02 5.518528921600000000e+10 9.339983364498039009e-08
5.977651367187500000e+02 3.867352678400000000e+10 1.581869696565263439e-06
2.211979217529296875e+02 1.499186048000000000e+09 2.166065655728743877e-07
3.828026199340820312e+01 2.542130432000000000e+09 6.487230308493963093e-09
1.325316772460937500e+02 1.354548224000000000e+10 7.775867771897537750e-08
3.176575012207031250e+02 2.750565376000000000e+10 4.467121357265568804e-07
4.079656372070312500e+02 6.674477056000000000e+10 7.368120122919208370e-07
2.656413574218750000e+02 5.621982003200000000e+10 3.123927285741956439e-07
5.324526596069335938e+01 5.217542656000000000e+09 1.255080217532622555e-08
2.389940185546875000e+02 8.724527104000000000e+09 2.528620086650334997e-07
8.850021362304687500e+02 8.847645081600000000e+10 3.467353735686629079e-06
2.977054595947265625e+01 1.850907852800000000e+10 3.923585456533373872e-09
1.644325561523437500e+02 1.646057472000000000e+10 1.196975176753767300e-07
8.739469604492187500e+02 5.185679769600000000e+10 3.381268470548093319e-06
1.776766204833984375e+02 6.733827276800000000e+10 1.397558975213541999e-07
5.660061035156250000e+02 7.680299827200000000e+10 1.418246597495453898e-06
4.916124725341796875e+01 2.789923430400000000e+10 1.069929833619198689e-08
1.218656539916992188e+01 1.555570585600000000e+10 6.574642497092497706e-10
3.146035003662109375e+01 3.327177113600000000e+10 4.381639051587171707e-09
3.357376403808593750e+02 5.066740736000000000e+09 4.990104116586735472e-07
5.418133544921875000e+02 4.824398848000000000e+09 1.299597556680964772e-06
6.890639495849609375e+01 1.173477376000000000e+09 2.101979923452290677e-08
1.115147876739501953e+01 1.773543424000000000e+10 5.505216837953241793e-10
2.709371032714843750e+02 5.223224524800000000e+10 3.249723761200584704e-07
1.003221035003662109e+01 5.424606412800000000e+10 4.455565361105584543e-10
1.884306640625000000e+02 2.177440256000000000e+09 1.571855676729683182e-07
2.682429199218750000e+02 1.641950080000000000e+09 3.185415096140786773e-07
1.541655921936035156e+01 8.473558220800000000e+10 1.052166465065340617e-09
1.039812469482421875e+01 3.794653440000000000e+09 4.786516183408195957e-10
9.395258178710937500e+02 3.077767168000000000e+10 3.907751761289546266e-06
4.849744033813476562e+01 1.935816832000000000e+09 1.041231190157532183e-08
1.151081943511962891e+01 8.880515072000000000e+09 5.865729013621034937e-10
2.002583312988281250e+01 9.069523968000000000e+09 1.775377511670228614e-09
3.705004882812500000e+02 4.096215808000000000e+09 6.076970180401985999e-07
2.477162170410156250e+02 6.440049049600000000e+10 2.716554377002466936e-07
1.390349006652832031e+01 1.832392499200000000e+10 8.557702879663509066e-10
1.429910125732421875e+02 2.894870784000000000e+09 9.051633753642818192e-08
7.606742553710937500e+02 4.993542553600000000e+10 2.561574319770443253e-06
1.550837135314941406e+01 5.979833139200000000e+10 1.064735855038634327e-09
7.558651123046875000e+02 1.023827776000000000e+09 2.529287030483828858e-06
3.238015747070312500e+02 8.749961216000000000e+10 4.641597399768215837e-07
7.224317932128906250e+01 1.605660032000000000e+09 2.310485669454465096e-08
2.654195861816406250e+02 1.352839065600000000e+10 3.118713607364043128e-07
1.491886806488037109e+01 1.605718016000000000e+09 9.853289295591594055e-10
2.440491943359375000e+02 7.604079001600000000e+10 2.636721774251782335e-07
1.095275974273681641e+01 4.813041664000000000e+09 5.310759609855608687e-10
4.130403137207031250e+01 1.393549516800000000e+10 7.552563907609055605e-09
6.810279083251953125e+01 2.557509888000000000e+09 2.053238468135987205e-08
5.640533828735351562e+01 3.818760192000000000e+10 1.408477601216873154e-08
1.074717102050781250e+02 9.731908608000000000e+09 5.113259504696543445e-08
4.569121932983398438e+01 1.408145152000000000e+09 9.242192788860847941e-09
1.135686950683593750e+02 4.992495616000000000e+10 5.709877370918547967e-08
1.074238681793212891e+01 6.284450304000000000e+09 5.108708456269539511e-10
3.205046081542968750e+02 9.091497984000000000e+09 4.547556216039083665e-07
1.398285675048828125e+01 3.169722624000000000e+09 8.655682837144240693e-10
8.411700439453125000e+01 1.520887424000000000e+09 3.132399584160339145e-08
2.708042526245117188e+01 2.738187878400000000e+10 3.246538149426214659e-09
3.490710067749023438e+01 6.402578944000000000e+09 5.394324542606909745e-09
4.241672363281250000e+02 1.096653184000000000e+09 7.964962946971354540e-07
7.850373077392578125e+01 4.427331072000000000e+09 2.728287284980979166e-08
3.295788879394531250e+02 1.443707520000000000e+09 4.808706535186502151e-07
6.506681823730468750e+01 7.537357619200000000e+10 1.874254884626225248e-08
3.346290588378906250e+01 2.417555200000000000e+09 4.957204424727024161e-09
1.666062774658203125e+02 2.240395008000000000e+09 1.228831223443194176e-07
1.605299949645996094e+01 8.854579609600000000e+10 1.140832539547886881e-09
2.619605102539062500e+02 4.124812492800000000e+10 3.037953888451738749e-07
4.250109100341796875e+01 1.559314560000000000e+09 7.996679762811709224e-09
1.659100799560546875e+02 5.737407283200000000e+10 1.218582923456779099e-07
3.582144546508789062e+01 1.057781862400000000e+10 5.680620418502257962e-09
8.178591918945312500e+02 5.486056243200000000e+10 2.961192194561590441e-06
9.942317199707031250e+01 1.087984256000000000e+09 4.376075324330486183e-08
1.508799591064453125e+02 9.128800256000000000e+10 1.007796086582857242e-07
1.291294193267822266e+01 1.023713792000000000e+10 7.381759647984154071e-10
1.840949249267578125e+01 1.234648473600000000e+10 1.500351842764757748e-09
3.951458129882812500e+02 1.872471449600000000e+10 6.912327421559893992e-07
3.525723571777343750e+02 3.145953280000000000e+09 5.503083002622588538e-07
3.478733444213867188e+01 2.386495078400000000e+10 5.357372323544495885e-09
4.913890075683593750e+02 2.140593152000000000e+09 1.068957431016315240e-06
5.212023315429687500e+02 8.517065932800000000e+10 1.202602788907825015e-06
3.850239562988281250e+02 9.185266688000000000e+09 6.562737553394981660e-07
9.589445190429687500e+02 2.163757312000000000e+09 4.070956492796540260e-06
2.388614959716796875e+02 3.017179545600000000e+10 2.525816569232119946e-07
2.137679862976074219e+01 9.091118080000000000e+09 2.022995326811383165e-09
4.616421203613281250e+02 4.258810368000000000e+09 9.434532444174692500e-07
3.007124328613281250e+01 9.252545331200000000e+10 4.003246178996278104e-09
2.214564132690429688e+01 4.506479001600000000e+10 2.171131052719488252e-09
6.318587646484375000e+02 2.061758208000000000e+09 1.767459707480156794e-06
6.347870635986328125e+01 2.133947008000000000e+09 1.783880065886478405e-08
1.034262180328369141e+01 1.033508544000000000e+09 4.735554726131852021e-10
9.772255706787109375e+01 2.190085632000000000e+09 4.227651118071662495e-08
2.069090728759765625e+02 1.297520384000000000e+09 1.895259060802345630e-07
7.032166137695312500e+02 3.146040064000000000e+09 2.189211727454676293e-06
4.898059997558593750e+02 5.176840192000000000e+09 1.062081196323561016e-06
3.385545959472656250e+02 6.037795840000000000e+09 5.074192586107528768e-07
4.062263870239257812e+01 1.047292620800000000e+10 7.305430038684335159e-09
3.426281356811523438e+01 5.464865587200000000e+10 5.197033914328130777e-09
4.661375732421875000e+02 4.766197248000000000e+09 9.619172942620934919e-07
1.978471374511718750e+01 5.713664819200000000e+10 1.732882171090466272e-09
3.166625061035156250e+02 8.340294144000000000e+09 4.439180543158727232e-07
1.031885433197021484e+01 2.988726016000000000e+09 4.713814893975154519e-10
1.124000453948974609e+01 1.020633497600000000e+10 5.592969976042638791e-10
1.578643035888671875e+01 2.919534080000000000e+09 1.103258817636287858e-09
1.956537055969238281e+01 1.561502515200000000e+10 1.694672180363454572e-09
8.666675415039062500e+02 3.535014656000000000e+09 3.325175384816247970e-06
2.605749206542968750e+02 2.333578035200000000e+10 3.005901305641600629e-07
2.454681091308593750e+02 7.314448384000000000e+10 2.667470653250347823e-07
1.860106468200683594e+01 5.736850432000000000e+09 1.531740179139262636e-09
9.675726928710937500e+02 3.643817472000000000e+09 4.144543709116987884e-06
3.271674346923828125e+01 3.223778713600000000e+10 4.738596182107812638e-09
2.423117828369140625e+01 4.529302732800000000e+10 2.599312987072721626e-09
3.412752685546875000e+02 2.645335449600000000e+10 5.156073825673956890e-07
2.694221496582031250e+02 1.639058841600000000e+10 3.213484092157159466e-07
6.579474487304687500e+02 1.764146380800000000e+10 1.916425617309869267e-06
3.291456985473632812e+01 1.634602112000000000e+09 4.796074204449496392e-09
2.698257446289062500e+01 2.793306624000000000e+09 3.223118438810956832e-09
8.275283813476562500e+01 1.645740416000000000e+09 3.031624018490219896e-08
4.635318756103515625e+01 8.803942400000000000e+10 9.511932574923775974e-09
4.765408325195312500e+01 1.671963955200000000e+10 1.005332617154408581e-08
6.147286376953125000e+02 4.563617280000000000e+09 1.672924668127961922e-06
7.763827514648437500e+02 1.097467392000000000e+10 2.668463594091008417e-06
5.307171630859375000e+01 1.737395404800000000e+10 1.246911995878008383e-08
2.002226104736328125e+02 1.327752960000000000e+09 1.774744333715716493e-07
2.564146804809570312e+01 2.384884480000000000e+09 2.910685470425278254e-09
5.447037353515625000e+02 6.703735193600000000e+10 1.313500433752778918e-06
8.157442626953125000e+02 1.029408128000000000e+09 2.945897222161875106e-06
1.696378631591796875e+02 1.355271936000000000e+09 1.273957934699865291e-07
9.938715209960937500e+02 1.279310336000000000e+10 4.372904641058994457e-06
1.231527404785156250e+02 7.605446246400000000e+10 6.714252975825729663e-08
8.264669189453125000e+02 5.853155328000000000e+09 3.023851604666560888e-06
5.069821166992187500e+01 4.610252800000000000e+09 1.137875660361942209e-08
3.301736145019531250e+02 2.762959872000000000e+10 4.826076747121987864e-07
8.111430053710937500e+02 1.323400601600000000e+10 2.912757963713374920e-06
8.642758941650390625e+01 2.892961996800000000e+10 3.306848483930480143e-08
1.759528732299804688e+01 4.565088256000000000e+10 1.370573210479619775e-09
1.680741882324218750e+02 8.273618944000000000e+09 1.250580226042075083e-07
5.945817260742187500e+02 3.692244992000000000e+10 1.565066099828982260e-06
1.148150634765625000e+01 1.000713625600000000e+10 5.835892324945746168e-10
1.461699295043945312e+01 9.242359808000000000e+09 9.458571703646612150e-10
4.116094665527343750e+02 7.967224627200000000e+10 7.500327683374052867e-07
1.637330017089843750e+02 4.724191232000000000e+09 1.186811999787096283e-07
4.530282592773437500e+01 4.331466240000000000e+09 9.085734831160152680e-09
5.262908172607421875e+01 5.356176384000000000e+09 1.226199408677075553e-08
2.284862365722656250e+02 5.273413120000000000e+09 2.311157771828220575e-07
2.586983947753906250e+02 4.535135846400000000e+10 2.962763687719416339e-07
7.924922943115234375e+01 4.821255680000000000e+09 2.780350882858328987e-08
2.354195556640625000e+02 4.650912768000000000e+09 2.453548120229243068e-07
2.548981285095214844e+01 1.348089753600000000e+10 2.876357374503868414e-09
1.693757019042968750e+02 2.684140339200000000e+10 1.270023375354867312e-07
3.677971801757812500e+02 1.918396928000000000e+09 5.988613906993123237e-07
5.804651641845703125e+01 2.199984742400000000e+10 1.491632417582877679e-08
1.289112701416015625e+02 1.021287104000000000e+09 7.356839404337733868e-08
2.538059616088867188e+01 4.128991232000000000e+10 2.851761271571717771e-09
5.180029678344726562e+01 2.534497689600000000e+10 1.187883924558263971e-08
2.954747390747070312e+01 4.124069120000000000e+09 3.865006537040471812e-09
1.628657989501953125e+02 3.668127334400000000e+10 1.174273691617599980e-07
2.329523468017578125e+02 1.658889216000000000e+09 2.402391032774175983e-07
2.570648956298828125e+01 8.383053004800000000e+10 2.925465869552112963e-09
1.085729293823242188e+02 5.236482048000000000e+09 5.218583609689630975e-08
3.083127021789550781e+01 7.109888409600000000e+10 4.208161374918972797e-09
1.984435081481933594e+01 1.662699264000000000e+09 1.743345023896836210e-09
1.804873504638671875e+02 1.438713984000000000e+09 1.442125636685887002e-07
4.615351257324218750e+02 3.850632448000000000e+09 9.430159479961730540e-07
2.232983093261718750e+02 5.726025728000000000e+10 2.207396789799531689e-07
2.632497215270996094e+01 1.873847296000000000e+10 3.067929466027408125e-09
1.832993507385253906e+01 1.577511321600000000e+10 1.487412415457356474e-09
1.631279144287109375e+02 1.486287104000000000e+09 1.178056407979966025e-07
2.059129791259765625e+02 4.569181696000000000e+09 1.877054813803624711e-07
6.010554504394531250e+01 2.792267520000000000e+09 1.599331866941611224e-08
2.724727249145507812e+01 7.086083584000000000e+09 3.286666272472871242e-09
4.446849822998046875e+01 2.851332915200000000e+10 8.754159175339282228e-09
5.087650756835937500e+02 1.679014912000000000e+10 1.145893179455015343e-06
1.270026874542236328e+01 5.568058163200000000e+10 7.140610880362885382e-10
1.175801181793212891e+01 1.112775168000000000e+10 6.120364215433937716e-10
4.076845397949218750e+02 1.547169382400000000e+10 7.357970162047422491e-07
1.602189636230468750e+01 1.014360448000000000e+09 1.136416072355928009e-09
5.010356140136718750e+02 1.405020544000000000e+09 1.111339429371582810e-06
5.881832885742187500e+02 1.295832704000000000e+09 1.531563043499772903e-06
1.416247177124023438e+01 1.505700044800000000e+10 8.879481594448179749e-10
3.625467300415039062e+01 1.745602969600000000e+10 5.818854731387546053e-09
2.577883605957031250e+02 9.262059520000000000e+09 2.941955585811228957e-07
1.379526042938232422e+01 2.639561318400000000e+10 8.424989039745867103e-10
3.200611877441406250e+01 3.623403110400000000e+10 4.534981279391558928e-09
6.807664184570312500e+02 1.612459315200000000e+10 2.051661795121617615e-06
1.671418190002441406e+01 1.074198835200000000e+10 1.236743818466834455e-09
4.463000869750976562e+01 8.327688192000000000e+09 8.817866437027532811e-09
8.831745910644531250e+01 5.537190297600000000e+10 3.453048336155006837e-08
1.718722076416015625e+02 9.542415360000000000e+09 1.307738415334824822e-07
2.631561470031738281e+01 3.495260672000000000e+09 3.065748543917834468e-09
2.809123229980468750e+02 1.105289728000000000e+10 3.493422298106452217e-07
6.338729858398437500e+02 1.057834368000000000e+09 1.778746309355483390e-06
9.698782348632812500e+02 5.534261248000000000e+09 4.164318852417636663e-06
3.391849136352539062e+01 2.201026560000000000e+10 5.093104604725340323e-09
3.150128479003906250e+02 2.295301120000000000e+10 4.393049266582238488e-07
9.301461029052734375e+01 7.302313574400000000e+10 3.830115247183130123e-08
1.410646533966064453e+01 1.074195840000000000e+09 8.809391549569056679e-10
2.368890190124511719e+01 5.028876800000000000e+09 2.484273231573297380e-09
4.564595947265625000e+02 5.743264256000000000e+09 9.223892334375705104e-07
1.288879871368408203e+01 7.406687232000000000e+09 7.354182818275489808e-10
2.133662414550781250e+02 1.847676288000000000e+09 2.015398621324493433e-07
3.960133361816406250e+01 3.630911488000000000e+10 6.942711738844309366e-09
1.124326419830322266e+01 5.316739072000000000e+09 5.596214047720593499e-10
2.632001342773437500e+02 6.114437632000000000e+09 3.066773501814168412e-07
1.469311523437500000e+02 4.341316608000000000e+09 9.557345492794411257e-08
4.877325439453125000e+02 6.452432384000000000e+09 1.053108121595869306e-06
7.782738494873046875e+01 3.977904947200000000e+10 2.681479038812994986e-08
4.567675781250000000e+01 1.562104832000000000e+09 9.236344133967122616e-09
3.204029846191406250e+02 3.890295552000000000e+09 4.544672549400274875e-07
1.065416946411132812e+02 2.927923814400000000e+10 5.025146165849037061e-08
7.315657043457031250e+01 4.385684480000000000e+09 2.369278817582198826e-08
6.946137237548828125e+01 1.427371008000000000e+09 2.135975307737680851e-08
8.707275390625000000e+02 2.968590848000000000e+09 3.356402885401621461e-06
3.606581115722656250e+02 5.809501696000000000e+09 5.758387828791455831e-07
3.037561035156250000e+01 1.503080243200000000e+10 4.084693916439618988e-09
5.077316589355468750e+02 6.702938521600000000e+10 1.141242705671174917e-06
3.481964111328125000e+01 6.829903052800000000e+10 5.367327915450914588e-09
8.553771362304687500e+02 6.568303820800000000e+10 3.239103079977212474e-06
2.470324249267578125e+02 5.100183552000000000e+10 2.701577557218115544e-07
2.256624603271484375e+01 1.205684838400000000e+10 2.254385345068499191e-09
2.747850608825683594e+01 2.731865856000000000e+09 3.342687682206246791e-09
4.730154800415039062e+01 8.212618444800000000e+10 9.905130937681860814e-09
5.221211624145507812e+01 3.607625472000000000e+09 1.206846622636703614e-08
4.259402465820312500e+02 7.494235750400000000e+10 8.031689162635302637e-07
7.529329681396484375e+01 1.046478643200000000e+10 2.509702135000679846e-08
1.777671623229980469e+01 1.162087040000000000e+09 1.398983373590567680e-09
4.310903930664062500e+02 1.598428288000000000e+09 8.227088983403518796e-07
1.452984008789062500e+02 1.001842892800000000e+10 9.346116058850384434e-08
7.638505249023437500e+02 1.796052864000000000e+09 2.583011337264906615e-06
1.112601566314697266e+01 7.972665344000000000e+09 5.480104148247733065e-10
1.074076843261718750e+01 3.292172800000000000e+09 5.107169132045896731e-10
3.168930625915527344e+01 1.367306547200000000e+10 4.445647405759700632e-09
3.143205871582031250e+02 7.781672550400000000e+10 4.373762578779860632e-07
5.602598266601562500e+02 1.482024448000000000e+09 1.389595581713365391e-06
2.407446746826171875e+02 7.938885120000000000e+09 2.565800514275906608e-07
1.896535644531250000e+02 1.073423564800000000e+10 1.592324281318724388e-07
4.395886993408203125e+01 1.005079424000000000e+09 8.554656538706240099e-09
1.137453536987304688e+02 1.128051302400000000e+10 5.727655150167265674e-08
9.475712890625000000e+02 4.629319168000000000e+09 3.974964783992618322e-06
2.578767967224121094e+01 3.582247168000000000e+09 2.943974397595638948e-09
8.251950073242187500e+01 8.397672960000000000e+09 3.014551808178111969e-08
2.263578033447265625e+01 1.757358080000000000e+10 2.268299770236126278e-09
2.057737159729003906e+01 3.079317913600000000e+10 1.874516764033273830e-09
5.757092285156250000e+02 8.481428992000000000e+09 1.467289848733344115e-06
2.865992355346679688e+01 2.465440768000000000e+09 3.636299039655455090e-09
5.639079589843750000e+02 2.718992128000000000e+09 1.407751483384345192e-06
7.887650146484375000e+02 1.017326016000000000e+09 2.754258957793354057e-06
9.484554443359375000e+02 2.463619584000000000e+09 3.982386260759085417e-06
2.682813415527343750e+02 1.075115929600000000e+10 3.186327717230597045e-07
1.004081439971923828e+01 4.726949888000000000e+10 4.463211189520421840e-10
9.345067596435546875e+01 2.733383680000000000e+09 3.866112052719472558e-08
5.387330932617187500e+02 7.450714624000000000e+09 1.284862946704379283e-06
8.687828826904296875e+01 7.570190848000000000e+09 3.341427401437613298e-08
9.910135498046875000e+02 2.961387008000000000e+09 4.347791218606289476e-06
1.322430267333984375e+02 3.744493158400000000e+10 7.742033858448849060e-08
1.793817443847656250e+02 9.327941632000000000e+09 1.424511566483488423e-07
8.950691986083984375e+01 8.632170496000000000e+09 3.546686144773047999e-08
3.100610351562500000e+01 1.343599232000000000e+09 4.256022201332143595e-09
1.127847671508789062e+01 1.225538816000000000e+09 5.631323185539827136e-10
2.013670196533203125e+02 1.826082560000000000e+09 1.795089872302924050e-07
1.841106796264648438e+01 5.622998016000000000e+09 1.500608637350353547e-09
1.143184757232666016e+01 3.330415411200000000e+10 5.785519840983965878e-10
2.936835937500000000e+02 7.139924377600000000e+10 3.818290110757516231e-07
3.150780296325683594e+01 1.225132032000000000e+10 4.394867580970185372e-09
8.990046997070312500e+02 5.780313702400000000e+10 3.577943289201357402e-06
1.040164260864257812e+02 8.209658368000000000e+09 4.789756147260959551e-08
3.071995849609375000e+02 7.303588249600000000e+10 4.177830135176918702e-07
7.065435028076171875e+01 4.999058227200000000e+10 2.209974780953416484e-08
2.164651184082031250e+02 2.054625075200000000e+10 2.074365852422488388e-07
3.115095825195312500e+02 8.847576064000000000e+09 4.295881694815761875e-07
9.489279785156250000e+02 5.463417856000000000e+09 3.986355295637622476e-06
4.582057189941406250e+02 4.472312832000000000e+09 9.294596452491532546e-07
1.049930763244628906e+01 2.210225152000000000e+09 4.880124082617953718e-10
9.352368927001953125e+01 9.299533824000000000e+10 3.872155218687112210e-08
1.069928741455078125e+02 9.560982528000000000e+09 5.067797204105772835e-08
5.758427734375000000e+02 2.489972736000000000e+09 1.467970605517621152e-06
2.675000000000000000e+02 1.042411929600000000e+10 3.167795341596502112e-07
2.024379920959472656e+01 9.085044736000000000e+09 1.814234984465201705e-09
1.247107219696044922e+01 1.659543168000000000e+09 6.885208514439966621e-10
1.864717674255371094e+01 1.363031936000000000e+09 1.539343874590315409e-09
2.337772827148437500e+02 3.779081011200000000e+10 2.419436100353777874e-07
4.815514526367187500e+02 3.844854169600000000e+10 1.026584982355416287e-06
4.605112304687500000e+02 4.788123238400000000e+10 9.388364787810132839e-07
1.202898635864257812e+02 1.437091328000000000e+09 6.405714714219357120e-08
1.147343368530273438e+02 3.097673523200000000e+10 5.827688909221251379e-08
3.267372131347656250e+01 2.209955430400000000e+10 4.726141256128357782e-09
7.791596984863281250e+01 1.877826355200000000e+10 2.687586686533904867e-08
7.506018676757812500e+02 1.625263308800000000e+10 2.494185991963604465e-06
2.186536102294921875e+02 5.883502592000000000e+09 2.116522068718040828e-07
2.658323669433593750e+01 2.436716800000000000e+09 3.128421521836344255e-09
5.381070556640625000e+02 3.947661312000000000e+09 1.281878667214186862e-06
2.008184623718261719e+01 1.325653376000000000e+09 1.785323000547123229e-09
8.021405029296875000e+01 4.917236531200000000e+10 2.848461910787136731e-08
2.047983741760253906e+01 6.894101299200000000e+10 1.856788833798361793e-09
1.898957061767578125e+01 1.369028352000000000e+09 1.596392906755284002e-09
6.283223724365234375e+01 6.754507264000000000e+09 1.747730848933315428e-08
2.858974304199218750e+02 4.534430515200000000e+10 3.618512494085734943e-07
6.762089233398437500e+02 1.105345280000000000e+09 2.024283276114147156e-06
3.343889465332031250e+02 4.924643737600000000e+10 4.950093170918989927e-07
1.113614940643310547e+01 1.794902425600000000e+10 5.490091714577260973e-10
5.216630172729492188e+01 2.291827712000000000e+09 1.204729738191190336e-08
8.702218627929687500e+02 8.711461273600000000e+10 3.352505473230849020e-06
7.860515136718750000e+02 8.123476480000000000e+09 2.735341467996477149e-06
1.129953079223632812e+02 3.414906880000000000e+10 5.652367107700229099e-08
1.783868408203125000e+01 2.424622080000000000e+09 1.408754002341083833e-09
6.705261230468750000e+02 6.333385523200000000e+10 1.990402324736351147e-06
3.056550598144531250e+02 6.895597568000000000e+09 4.135925166792731034e-07
1.481060981750488281e+01 6.871626752000000000e+09 9.710808823726324590e-10
7.394261169433593750e+01 1.535743283200000000e+10 2.420466671537724324e-08
4.824462890625000000e+01 1.565059891200000000e+10 1.030403939950019776e-08
1.951484069824218750e+02 5.128094720000000000e+09 1.685930186567929923e-07
2.214830780029296875e+01 2.221486489600000000e+10 2.171654189808691626e-09
2.562481689453125000e+01 2.581407232000000000e+09 2.906906493294059146e-09
5.755925369262695312e+01 1.035830988800000000e+10 1.466695120910799233e-08
4.263038940429687500e+02 1.299436032000000000e+09 8.045409458645735867e-07
8.541539764404296875e+01 9.409195008000000000e+09 3.229846257113422325e-08
8.946405639648437500e+02 1.458529152000000000e+09 3.543290176821756177e-06
4.525434875488281250e+01 3.199627264000000000e+09 9.066301487337113940e-09
1.296722602844238281e+01 1.041827328000000000e+10 7.443953786712143028e-10
2.584370727539062500e+02 1.619579494400000000e+10 2.956780917884316295e-07
8.731903686523437500e+02 4.607763660800000000e+10 3.375416781636886299e-06
1.407622833251953125e+02 1.572347494400000000e+10 8.771667125984095037e-08
1.822794532775878906e+01 1.314108313600000000e+10 1.470906063616439496e-09
1.093165664672851562e+02 5.506700800000000000e+09 5.290314319950084609e-08
5.754969024658203125e+01 1.902861568000000000e+09 1.466207777411909774e-08
1.424151515960693359e+01 1.250845824000000000e+09 8.978874865839259201e-10
4.700061950683593750e+02 2.272470220800000000e+10 9.779500942386221141e-07
5.160531997680664062e+01 3.824741376000000000e+09 1.178958441983013472e-08
2.357840919494628906e+01 1.829710464000000000e+09 2.461152392996268645e-09
2.265703887939453125e+02 3.708840345600000000e+10 2.272562511507203453e-07
1.475936985015869141e+01 4.102604390400000000e+10 9.643732479247546507e-10
6.442359924316406250e+01 2.269573376000000000e+09 1.837382335168058489e-08
2.865594673156738281e+01 3.938816512000000000e+09 3.635290068970675748e-09
3.024152755737304688e+01 8.718545920000000000e+09 4.048712920479147215e-09
1.187478713989257812e+02 3.809927168000000000e+09 6.242537864409314352e-08
7.543234252929687500e+02 1.354028032000000000e+09 2.518979954402311705e-06
8.905495605468750000e+02 1.109177728000000000e+09 3.510958777042105794e-06
2.385814476013183594e+01 2.228670976000000000e+09 2.519897179809049703e-09
5.529790115356445312e+01 2.971498240000000000e+09 1.353713674490109042e-08
3.961540985107421875e+01 1.303642368000000000e+09 6.947648234501002662e-09
5.104884338378906250e+02 1.212235392000000000e+09 1.153669359155173879e-06
1.279569530487060547e+01 3.214294835200000000e+10 7.248319167096894944e-10
3.700575637817382812e+01 2.178445312000000000e+09 6.062449209309761500e-09
4.079063796997070312e+01 8.359812096000000000e+09 7.365979382001341946e-09
1.838352394104003906e+01 7.087765913600000000e+10 1.496122004063238364e-09
2.486316490173339844e+01 3.824499097600000000e+10 2.736669557634741068e-09
5.548477172851562500e+01 3.160673894400000000e+10 1.362878432331626755e-08
1.873794097900390625e+02 2.933525760000000000e+09 1.554365951506042620e-07
1.987300567626953125e+02 4.616123596800000000e+10 1.748383340327563928e-07
1.271778488159179688e+01 5.910111436800000000e+10 7.160321224830568099e-10
2.665536880493164062e+01 3.010691891200000000e+10 3.145421922923219427e-09
1.097913360595703125e+02 4.521053184000000000e+09 5.336366726282903983e-08
3.934982681274414062e+01 7.130752000000000000e+09 6.854806056111328871e-09
7.768497314453125000e+02 6.298957414400000000e+10 2.671674565135617740e-06
7.871489257812500000e+02 9.222384844800000000e+10 2.742984406722825952e-06
2.502859497070312500e+02 1.566025856000000000e+09 2.773208223061374156e-07
2.445618438720703125e+02 2.970189824000000000e+09 2.647810504186054459e-07
3.048785400390625000e+02 4.619676876800000000e+10 4.114937439680943498e-07
4.343628311157226562e+01 7.559844352000000000e+09 8.352468938710444490e-09
5.483247070312500000e+02 5.455039692800000000e+10 1.331021735495596658e-06
3.461961746215820312e+01 2.005218816000000000e+09 5.305838879365865068e-09
6.636062011718750000e+02 4.664249139200000000e+10 1.949531906575430185e-06
4.785603027343750000e+02 1.646057856000000000e+09 1.013871383293007966e-06
7.119260864257812500e+02 3.963246592000000000e+10 2.243775270471815020e-06
9.751988220214843750e+01 1.478991052800000000e+10 4.210133397464232985e-08
3.137686538696289062e+01 7.841596416000000000e+09 4.358415406358062683e-09
1.594469757080078125e+02 8.472956928000000000e+10 1.125491237985443149e-07
4.870320510864257812e+01 6.621082419200000000e+10 1.050085352005680761e-08
1.210562515258789062e+01 3.115831552000000000e+09 6.487598236404323870e-10
5.528002929687500000e+01 4.168571648000000000e+09 1.352838729928862449e-08
8.848095703125000000e+01 1.312473907200000000e+10 3.465845210826046241e-08
1.725744171142578125e+02 1.838139596800000000e+10 1.318446152254182380e-07
2.939372444152832031e+01 2.217913600000000000e+09 3.824888406001036856e-09
2.706929626464843750e+02 5.344630272000000000e+09 3.243870310143392999e-07
3.973035812377929688e+01 9.737963929600000000e+10 6.988026157728199905e-09
8.450528564453125000e+02 7.208934604800000000e+10 3.161384029226610437e-06
1.997323913574218750e+02 1.703159296000000000e+09 1.766064343655671109e-07
1.218496894836425781e+01 2.807616256000000000e+09 6.572920541181304088e-10
1.907145118713378906e+01 1.831231078400000000e+10 1.610189648282300823e-09
1.980142784118652344e+01 2.539856486400000000e+10 1.735811383518637285e-09
1.753880157470703125e+02 4.663394304000000000e+09 1.361787553832982667e-07
7.258406982421875000e+02 4.218758348800000000e+10 2.332341409783111885e-06
1.746370124816894531e+01 8.884423680000000000e+09 1.350150213852430170e-09
9.874586791992187500e+02 9.754711654400000000e+10 4.316655576985795051e-06
7.945906982421875000e+02 7.484587008000000000e+09 2.795094360408256762e-06
1.503430633544921875e+02 2.263941734400000000e+10 1.000636444814517745e-07
1.188147640228271484e+01 3.673697484800000000e+10 6.249572526151325746e-10
8.336569213867187500e+02 2.130219392000000000e+09 3.076693474213243462e-06
1.177144241333007812e+01 5.619816448000000000e+09 6.134354690878751626e-10
7.728314819335937500e+02 7.136275968000000000e+09 2.644107780724880286e-06
2.440902709960937500e+02 9.791163392000000000e+09 2.637609384237293852e-07
4.475695037841796875e+01 8.704240025600000000e+10 8.868098255732093094e-09
2.168054580688476562e+01 1.681684480000000000e+09 2.080894123679399854e-09
6.539206542968750000e+02 2.126080204800000000e+10 1.893039211608993355e-06
6.422672271728515625e+01 6.867302400000000000e+10 1.826169437890712288e-08
1.597637481689453125e+02 2.303136358400000000e+10 1.129967728275005356e-07
7.702022094726562500e+02 4.314118553600000000e+10 2.626147079354268499e-06
1.644740753173828125e+02 1.249809152000000000e+09 1.197579564404804842e-07
3.683758239746093750e+02 1.875205888000000000e+09 6.007472279634384904e-07
2.366641845703125000e+02 5.270429184000000000e+09 2.479559668699948816e-07
8.174548950195312500e+02 1.605081344000000000e+09 2.958265213237609714e-06
1.209473495483398438e+02 1.449054208000000000e+09 6.475931257909905980e-08
3.889494323730468750e+02 1.334727936000000000e+09 6.697239314235048369e-07
2.996334838867187500e+02 2.788960665600000000e+10 3.974570290665724315e-07
6.035147857666015625e+01 1.147367936000000000e+09 1.612446709486903274e-08
2.308041763305664062e+01 4.923030323200000000e+10 2.358288009318698641e-09
3.766329574584960938e+01 6.850666086400000000e+10 6.279805564446405697e-09
1.611603355407714844e+01 6.558903500800000000e+10 1.149809358835796047e-09
1.188685703277587891e+01 1.130460800000000000e+09 6.255234108465401732e-10
2.448606872558593750e+02 2.751093760000000000e+10 2.654285822245583404e-07
2.286922607421875000e+02 4.852706099200000000e+10 2.315327662927302299e-07
9.062813720703125000e+02 2.104579891200000000e+10 3.636098654169472866e-06
4.534049377441406250e+02 1.370982707200000000e+10 9.100850775212165900e-07
7.557431030273437500e+01 4.240044032000000000e+10 2.528470588458731072e-08
3.369205017089843750e+02 1.400979328000000000e+09 5.025328277952212375e-07
2.510949249267578125e+02 4.005630976000000000e+09 2.791164206428220496e-07
1.387337188720703125e+02 4.142674432000000000e+09 8.520666483491368126e-08
4.392288208007812500e+02 2.827140864000000000e+09 8.540655471733771265e-07
3.069462394714355469e+01 1.606297395200000000e+10 4.170942258241439049e-09
6.466873931884765625e+01 9.070605926400000000e+10 1.851391751017672505e-08
1.872146301269531250e+02 9.722468761600000000e+10 1.551633346252856427e-07
3.634985656738281250e+02 2.698102169600000000e+10 5.849448712069715839e-07
7.472471313476562500e+02 2.123062681600000000e+10 2.471940661052940413e-06
7.362059020996093750e+01 5.476583424000000000e+09 2.399430165667126857e-08
3.993372497558593750e+02 4.830907187200000000e+10 7.059747417770267930e-07
5.006247863769531250e+02 6.668363264000000000e+09 1.109517711483931635e-06
1.022743759155273438e+02 1.182628992000000000e+09 4.630662786553330079e-08
4.958227157592773438e+01 1.739136640000000000e+09 1.088334311560856804e-08
7.715684509277343750e+01 1.633586790400000000e+10 2.635472107215264259e-08
1.277204208374023438e+02 1.329367552000000000e+10 7.221546383107124711e-08
1.121387767791748047e+01 1.089810739200000000e+10 5.566999639050607129e-10
1.487130889892578125e+02 2.353088512000000000e+10 9.790569066581156221e-08
1.684284667968750000e+02 1.383384576000000000e+09 1.255857995374753955e-07
1.923267517089843750e+02 6.259086950400000000e+10 1.637528725950687658e-07
6.629064941406250000e+01 1.872079488000000000e+09 1.945423022675640823e-08
1.492125854492187500e+02 9.655453286400000000e+10 9.856447036327153910e-08
4.984552383422851562e+01 5.584115712000000000e+09 1.099921931313474488e-08
1.303288879394531250e+02 3.432561459200000000e+10 7.519533085087459767e-08
1.204992675781250000e+02 2.930296012800000000e+10 6.428036414263260667e-08
3.676375961303710938e+01 3.202703360000000000e+09 5.983417761257214806e-09
1.964466094970703125e+01 6.440358400000000000e+09 1.708435615199732638e-09
7.407905273437500000e+02 3.155100928000000000e+09 2.429407459203503095e-06
3.651661300659179688e+01 1.022233600000000000e+09 5.903241007132464802e-09
7.114143371582031250e+01 6.913780940800000000e+10 2.240550678322961176e-08
7.684381103515625000e+01 1.402443468800000000e+10 2.614130778511025710e-08
5.313411712646484375e+01 2.343750451200000000e+10 1.249845826833961837e-08
6.680899658203125000e+02 4.009513728000000000e+09 1.975965687961434014e-06
1.679037284851074219e+01 2.631169024000000000e+09 1.248044889656796386e-09
9.158651733398437500e+01 3.385008332800000000e+10 3.713407181749062147e-08
1.648813056945800781e+01 4.788200652800000000e+10 1.203517396852760157e-09
9.487362060546875000e+02 1.146821017600000000e+10 3.984744125773431733e-06
5.322806549072265625e+01 2.180426496000000000e+09 1.254269488271120281e-08
5.064826660156250000e+02 9.394951168000000000e+09 1.135634875026880763e-06
1.607209320068359375e+02 7.304626176000000000e+10 1.143548047366493847e-07
8.339851379394531250e+01 1.041602764800000000e+10 3.079116694948424993e-08
3.198606872558593750e+01 2.462938521600000000e+10 4.529301378397576627e-09
4.104635620117187500e+02 1.986909696000000000e+09 7.458624509126821067e-07
8.144184112548828125e+01 1.000396595200000000e+10 2.936329046576702240e-08
1.888403778076171875e+02 4.412966400000000000e+09 1.578698629600694403e-07
1.428439941406250000e+02 5.304413388800000000e+10 9.033030323735147249e-08
8.330131835937500000e+02 1.703106969600000000e+10 3.071943865506909788e-06
2.040361480712890625e+02 5.672395161600000000e+10 1.842993242462398484e-07
2.069001197814941406e+01 4.445202944000000000e+09 1.895095191883910957e-09
1.338480663299560547e+01 1.487048704000000000e+10 7.931105772129853904e-10
1.120625076293945312e+02 2.755061964800000000e+10 5.559429183676911634e-08
7.052097167968750000e+02 4.642792243200000000e+10 2.201638835686026141e-06
1.179789962768554688e+02 2.213137152000000000e+09 6.161960897088647471e-08
2.762454605102539062e+01 2.193220812800000000e+10 3.378312518620418814e-09
8.851944732666015625e+01 1.600964915200000000e+10 3.468861109467979986e-08
1.880745697021484375e+01 6.047386624000000000e+09 1.565920504376094868e-09
2.254882049560546875e+02 4.779316736000000000e+09 2.250905168921235600e-07
2.054271850585937500e+02 2.080167040000000000e+09 1.868208698851958616e-07
2.687171363830566406e+01 6.453575680000000000e+09 3.196688025397520505e-09
4.019160079956054688e+01 7.058688000000000000e+09 7.151220060563900915e-09
1.308282184600830078e+01 6.541979648000000000e+09 7.577263261282496387e-10
4.419316864013671875e+01 3.496098201600000000e+10 8.646090954300689191e-09
6.208007049560546875e+01 1.056375398400000000e+10 1.706137098267390684e-08
3.030037498474121094e+01 4.133918976000000000e+09 4.064485192856182039e-09
4.329148254394531250e+02 1.115211059200000000e+10 8.296872806567989755e-07
6.886209716796875000e+02 2.007771776000000000e+09 2.099278162859263830e-06
3.903852844238281250e+01 4.588155699200000000e+10 6.746777359012412489e-09
2.110756492614746094e+01 7.217255424000000000e+09 1.972358276702834701e-09
1.077230930328369141e+01 4.937897984000000000e+09 5.137207881311667279e-10
3.803254318237304688e+01 3.049949184000000000e+10 6.403541252808508943e-09
1.198657131195068359e+01 9.247853568000000000e+09 6.360619808631895467e-10
1.154180908203125000e+01 3.910953728000000000e+09 5.897355381812019459e-10
4.320126953125000000e+02 3.744550144000000000e+09 8.262329629360465333e-07
2.598059387207031250e+02 1.801761408000000000e+09 2.988186622587818420e-07
1.367770481109619141e+01 1.949206732800000000e+10 8.282014518634639444e-10
1.643792114257812500e+02 8.600146944000000000e+09 1.196198553543581511e-07
1.887252998352050781e+01 3.049709158400000000e+10 1.576775154887855024e-09
2.321269989013671875e+01 2.405677670400000000e+10 2.385398101267810489e-09
2.427620391845703125e+02 5.678234624000000000e+09 2.608981901630613720e-07
1.109497756958007812e+02 7.321753600000000000e+09 5.449572171301042545e-08
7.992885131835937500e+02 5.403990835200000000e+10 2.828242486430099234e-06
3.731678771972656250e+02 5.292268544000000000e+09 6.164785872897482477e-07
1.252432403564453125e+02 3.398844416000000000e+09 6.944134156583459117e-08
4.229915237426757812e+01 4.480229376000000000e+10 7.920870181976624735e-09
9.678297119140625000e+02 1.356754432000000000e+10 4.146746050537331030e-06
1.137863636016845703e+01 3.314914918400000000e+10 5.731785601703620614e-10
2.812942314147949219e+01 2.834014464000000000e+09 3.502927503618025185e-09
3.773160705566406250e+02 2.961142169600000000e+10 6.302606152530643158e-07
4.867573547363281250e+01 9.051484160000000000e+10 1.048901232536536554e-08
1.859223365783691406e+01 2.055379968000000000e+09 1.530286009021608606e-09
2.469009094238281250e+02 6.439369728000000000e+09 2.698701848657947266e-07
5.593436889648437500e+02 1.065799987200000000e+10 1.385054929414764047e-06
1.717252731323242188e+01 5.810907136000000000e+10 1.305503261050944275e-09
2.577707214355468750e+02 2.668626124800000000e+10 2.941553134405694436e-07
9.502031250000000000e+02 3.691650816000000000e+09 3.997076419182121754e-06
2.954519271850585938e+01 8.671534284800000000e+10 3.864409681142433328e-09
3.811445007324218750e+02 1.273703424000000000e+09 6.431153565245040227e-07
2.481065177917480469e+01 1.428053632000000000e+09 2.725121461821800040e-09
1.053435134887695312e+01 4.306040832000000000e+10 4.912755202646224006e-10
8.212514038085937500e+02 2.221573324800000000e+10 2.985807441291399300e-06
4.342662048339843750e+01 3.142466816000000000e+09 8.348752800202419166e-09
2.267281188964843750e+02 1.732332672000000000e+09 2.275727695177920396e-07
3.398839569091796875e+01 1.818149683200000000e+10 5.114119794313864986e-09
1.032210159301757812e+02 3.781872025600000000e+10 4.716781276670189982e-08
3.586648941040039062e+01 4.898038272000000000e+09 5.694914761988911778e-09
2.340824317932128906e+01 7.142398361600000000e+10 2.425756484569774329e-09
1.262993545532226562e+02 1.169549516800000000e+10 7.061741058578263619e-08
2.444004440307617188e+01 1.032352960000000000e+09 2.644316987598926971e-09
4.090892028808593750e+02 3.070581350400000000e+10 7.408760893667931668e-07
7.327364349365234375e+01 1.584100147200000000e+10 2.376867946907168516e-08
2.147050323486328125e+02 1.916581888000000000e+10 2.040769544464637875e-07
9.627982788085937500e+02 5.570487500800000000e+10 4.103742867300752550e-06
4.557950210571289062e+01 4.317124096000000000e+09 9.197052897036428476e-09
1.498540687561035156e+01 4.658221568000000000e+09 9.941378831257452475e-10
1.057242965698242188e+01 1.101618816000000000e+09 4.948335630139411023e-10
7.678286743164062500e+02 3.754659328000000000e+09 2.609986040624789894e-06
3.308495788574218750e+02 7.233647411200000000e+10 4.845858256885549054e-07
1.376490974426269531e+01 8.605230694400000000e+10 8.387958105871007319e-10
2.858824768066406250e+02 1.023504000000000000e+09 3.618133632699027658e-07
3.652623748779296875e+01 3.780679270400000000e+10 5.906352740225884190e-09
4.295351562500000000e+02 4.088620646400000000e+10 8.167834835148823913e-07
4.311255645751953125e+01 4.726020505600000000e+10 8.228432157864062901e-09
1.548678970336914062e+01 6.384979968000000000e+09 1.061774668187354109e-09
7.029786987304687500e+02 5.778404556800000000e+10 2.187730615332839079e-06
4.879639053344726562e+01 4.770598912000000000e+09 1.054107556797134748e-08
3.928273315429687500e+02 3.004235776000000000e+09 6.831450605204736348e-07
3.630419158935546875e+01 1.202976256000000000e+09 5.834760674616745746e-09
3.710500488281250000e+02 3.477864857600000000e+10 6.095011713114217855e-07
3.821132659912109375e+01 3.376365772800000000e+10 6.463887647356614252e-09
3.038192138671875000e+02 5.528305664000000000e+10 4.086391527380328625e-07
1.342823505401611328e+01 3.376415232000000000e+09 7.982656202720761485e-10
6.290454864501953125e+01 4.566374809600000000e+10 1.751756073531396396e-08
1.144887638092041016e+01 1.736794726400000000e+10 5.802768821006054623e-10
1.107390670776367188e+02 8.684688998400000000e+10 5.428892535519480589e-08
6.406408081054687500e+02 4.473416192000000000e+09 1.816932240217283834e-06
2.745816955566406250e+02 5.764310528000000000e+09 3.337740963615942746e-07
7.808701782226562500e+02 6.792632832000000000e+09 2.699399828998139128e-06
3.821712875366210938e+01 7.439983411200000000e+10 6.465850521664151529e-09
1.104093246459960938e+02 4.408036864000000000e+09 5.396609736862956197e-08
1.056368789672851562e+02 3.072031232000000000e+09 4.940156017596564197e-08
5.670603561401367188e+01 5.939276800000000000e+09 1.423534801148207407e-08
9.035135650634765625e+01 5.437589504000000000e+09 3.613923027501186880e-08
3.139057617187500000e+02 2.201443328000000000e+10 4.362225354270776734e-07
2.582375335693359375e+01 3.197505536000000000e+10 2.952216693330456110e-09
1.010961723327636719e+01 8.699698176000000000e+09 4.524587093879262056e-10
1.480130004882812500e+02 1.821480140800000000e+10 9.698604941377197974e-08
8.435610961914062500e+01 1.286038912000000000e+09 3.150232430471078260e-08
2.221851654052734375e+02 2.473664512000000000e+10 2.185443861435487634e-07
2.684142112731933594e+01 5.106024960000000000e+09 3.189484898413752489e-09
1.108634796142578125e+02 3.325245440000000000e+10 5.441097883362999710e-08
7.133784484863281250e+01 3.099640064000000000e+09 2.252939346192306402e-08
1.985234260559082031e+01 8.306680832000000000e+09 1.744749345000684571e-09
1.585927200317382812e+01 3.373085952000000000e+09 1.113463654611734910e-09
1.869393157958984375e+02 1.007226624000000000e+09 1.547073082974748104e-07
1.387084388732910156e+01 1.258222976000000000e+09 8.517561655985161906e-10
7.567586669921875000e+02 6.643227648000000000e+09 2.535270596126792952e-06
1.492761688232421875e+02 3.558990643200000000e+10 9.864849914720252855e-08
4.616424865722656250e+02 7.073252864000000000e+09 9.434547223463596310e-07
7.146711425781250000e+02 1.360263936000000000e+09 2.261111603729659691e-06
7.973351440429687500e+02 1.569770624000000000e+09 2.814435674736159854e-06
1.181569519042968750e+02 6.088906240000000000e+09 6.180563616453582654e-08
1.176280403137207031e+01 5.546057318400000000e+10 6.125355223041140107e-10
4.761882934570312500e+02 8.059358720000000000e+09 1.003845568448014092e-06
9.588134765625000000e+02 6.306002124800000000e+10 4.069844180776271969e-06
7.440930175781250000e+01 2.924767846400000000e+10 2.451116642987472005e-08
2.600097045898437500e+02 1.431987712000000000e+10 2.992875351992552169e-07
3.992420349121093750e+02 2.619675136000000000e+09 7.056381718939519487e-07
7.783862304687500000e+02 2.037899904000000000e+09 2.682253352759289555e-06
6.524238586425781250e+01 3.199587328000000000e+09 1.884383138417433656e-08
4.733120727539062500e+01 2.110083840000000000e+09 9.917557441951885266e-09
2.480865173339843750e+02 1.694671052800000000e+10 2.724682133248279570e-07
9.352928161621093750e+01 2.977377689600000000e+10 3.872618492550827796e-08
3.006627082824707031e+01 1.846722176000000000e+09 4.001922349061715067e-09
5.627811889648437500e+02 1.169710592000000000e+10 1.402131260874739382e-06
5.328806762695312500e+02 1.247150080000000000e+10 1.257098915630194824e-06
3.071759643554687500e+02 8.619018649600000000e+10 4.177187520326697268e-07
2.395081710815429688e+01 4.819540377600000000e+10 2.539511489985102344e-09
2.621346855163574219e+01 2.981994086400000000e+10 3.041995100261374319e-09
1.918874511718750000e+02 1.027124032000000000e+09 1.630056516432887292e-07
1.752059326171875000e+02 4.291580313600000000e+10 1.358961299047223292e-07
1.227100467681884766e+01 1.728741760000000000e+09 6.666068252947354722e-10
1.037330474853515625e+02 2.538425753600000000e+10 4.763693439713279076e-08
1.948146972656250000e+02 1.517060352000000000e+09 1.680169106066387030e-07
4.235268859863281250e+02 1.654348595200000000e+10 7.940932960082136560e-07
1.425573272705078125e+02 1.335234048000000000e+09 8.996811828865247662e-08
1.221203994750976562e+01 2.025272115200000000e+10 6.602158264534807586e-10
1.145948410034179688e+02 4.785396736000000000e+09 5.813526726683448942e-08
2.507724761962890625e+01 4.742882304000000000e+09 2.784000363575955816e-09
8.239973449707031250e+01 1.578517120000000000e+09 3.005807158729112416e-08
1.358260192871093750e+02 1.463070822400000000e+10 8.167241816181558534e-08
4.375540924072265625e+01 1.993251430400000000e+10 8.475650403738654859e-09
3.222708129882812500e+02 1.549635584000000000e+10 4.597815177476149984e-07
8.114952087402343750e+01 6.735276544000000000e+09 2.915287566906954453e-08
2.876721191406250000e+02 3.391646208000000000e+09 3.663574830170546193e-07
3.782326507568359375e+01 1.683439488000000000e+09 6.333262803082106984e-09
1.733834686279296875e+02 4.916469350400000000e+10 1.330837022806008463e-07
6.211510009765625000e+02 8.936559616000000000e+09 1.708063109617796727e-06
7.534397888183593750e+01 5.996510720000000000e+09 2.513081831523322762e-08
2.517454528808593750e+01 1.742934425600000000e+10 2.805645715753257718e-09
8.845073242187500000e+02 7.474591232000000000e+09 3.463477469267672859e-06
1.709738159179687500e+01 2.602172928000000000e+09 1.294102602855673467e-09
1.825973129272460938e+01 6.050393292800000000e+10 1.476040623060725920e-09
8.840704956054687500e+02 2.276746496000000000e+09 3.460057541815331206e-06
8.434686889648437500e+02 1.748798873600000000e+10 3.149542408209526911e-06
1.012532901763916016e+01 1.470861952000000000e+09 4.538661946273947478e-10
3.304946136474609375e+01 1.232866560000000000e+09 4.835465805541616646e-09
4.894378662109375000e+02 4.976984064000000000e+10 1.060485260495624971e-06
8.601437988281250000e+02 5.372215705600000000e+10 3.275304379712906666e-06
2.977361755371093750e+02 2.132750848000000000e+09 3.924395173271477688e-07
1.574584960937500000e+02 3.031258368000000000e+09 1.097593980148303672e-07
5.041722106933593750e+02 1.971631513600000000e+10 1.125297444559691940e-06
6.671152343750000000e+02 1.690361548800000000e+10 1.970204039025702514e-06
9.769334411621093750e+01 9.519689728000000000e+10 4.225124072831931699e-08
1.197432403564453125e+02 8.761665536000000000e+09 6.347628556113704690e-08
2.549730491638183594e+01 1.134251315200000000e+10 2.878048022125767602e-09
8.783304443359375000e+02 5.691179520000000000e+09 3.415272658457979560e-06
3.488713836669921875e+01 1.257109888000000000e+09 5.388157031660512075e-09
5.231192016601562500e+02 6.673702092800000000e+10 1.211464791595062707e-06
7.042724609375000000e+01 1.620013363200000000e+10 2.195790393955121544e-08
2.281838417053222656e+01 1.417953075200000000e+10 2.305044377592935234e-09
8.694740295410156250e+01 1.430510387200000000e+10 3.346745813814777648e-08
1.154299545288085938e+01 8.139744256000000000e+09 5.898567745354910130e-10
3.038879394531250000e+02 1.447376896000000000e+09 4.088240359578776406e-07
1.996238327026367188e+01 1.239713152000000000e+09 1.764145163285490980e-09
2.147048187255859375e+01 6.116459315200000000e+10 2.040765556543533421e-09
1.167602729797363281e+01 4.622875033600000000e+10 6.035311694851941411e-10
8.459426879882812500e+01 1.310467328000000000e+09 3.168045381585216091e-08
4.197619323730468750e+02 2.526965760000000000e+10 7.800377375133393798e-07
2.206030883789062500e+02 2.258405888000000000e+09 2.154431513190502301e-07
4.465444183349609375e+01 2.055005184000000000e+09 8.827522712806512573e-09
7.638249969482421875e+01 1.568697728000000000e+09 2.582838654063834838e-08
3.483998718261718750e+02 3.700456243200000000e+10 5.373602220970497001e-07
1.850224151611328125e+02 8.115430400000000000e+09 1.515508074589888565e-07
9.099719238281250000e+02 3.995978547200000000e+10 3.665772737804218195e-06
3.383839797973632812e+01 4.204555264000000000e+09 5.069079378472451936e-09
6.012532043457031250e+01 1.483240243200000000e+10 1.600384358368955873e-08
9.916204223632812500e+02 2.085709568000000000e+09 4.353117674327222630e-06
5.199323730468750000e+02 1.094652928000000000e+09 1.196749394694052171e-06
3.194677925109863281e+01 1.031534592000000000e+09 4.518181828672140909e-09
2.205001068115234375e+01 7.424141824000000000e+09 2.152420686130085414e-09
1.911973419189453125e+02 2.118931456000000000e+09 1.618352882815088378e-07
7.435501861572265625e+01 2.960207667200000000e+10 2.447541902483862941e-08
4.120933532714843750e+02 5.462854451200000000e+10 7.517972449022636283e-07
5.431696319580078125e+01 2.664062361600000000e+10 1.306112196175490681e-08
1.679356575012207031e+01 9.159395737600000000e+10 1.248519509999823640e-09
3.441392211914062500e+02 7.030304768000000000e+10 5.242976044428360183e-07
4.116744232177734375e+01 3.006723276800000000e+10 7.502695353878152673e-09
6.414712524414062500e+01 2.460107571200000000e+10 1.821645589927811670e-08
5.473648071289062500e+02 2.366971084800000000e+10 1.326365463683032431e-06
1.544862079620361328e+01 8.601171968000000000e+09 1.056547294098209022e-09
2.858483314514160156e+01 6.743180083200000000e+10 3.617269372924170057e-09
1.107151565551757812e+02 3.523770624000000000e+09 5.426548810305575898e-08
1.965910530090332031e+01 1.785770803200000000e+10 1.710948938082879067e-09
3.433305358886718750e+02 8.101122048000000000e+09 5.218364549364196137e-07
2.888756408691406250e+02 8.623110553600000000e+10 3.694293013722926844e-07
3.879399108886718750e+02 1.163941504000000000e+09 6.662519353994866833e-07
5.560004043579101562e+01 1.358173491200000000e+10 1.368547142277520834e-08
2.897296142578125000e+01 5.725869056000000000e+09 3.716167595868569151e-09
9.561836547851562500e+02 2.886766387200000000e+10 4.047549282404361293e-06
4.962277221679687500e+01 2.414658969600000000e+10 1.090113066481990245e-08
7.911644897460937500e+02 6.092981043200000000e+10 2.771041636151494458e-06
4.293660888671875000e+02 2.578591334400000000e+10 8.161406412909855135e-07
3.277613830566406250e+02 6.336018841600000000e+10 4.755816576107463334e-07
2.355230102539062500e+02 2.829957939200000000e+10 2.455705327975010732e-07
8.168356323242187500e+02 7.962937753600000000e+10 2.953785042336676270e-06
1.149206733703613281e+01 5.198232371200000000e+10 5.846633732708994557e-10
6.098324966430664062e+01 3.650256128000000000e+09 1.646382230546805658e-08
5.416418075561523438e+01 1.081165184000000000e+09 1.298774865432505976e-08
1.125092411041259766e+01 1.371126272000000000e+10 5.603842390122792949e-10
1.130090618133544922e+01 5.507959296000000000e+09 5.653743584410619860e-10
1.577098541259765625e+02 1.104405888000000000e+09 1.101101076983468374e-07
2.500975036621093750e+01 1.398452736000000000e+10 2.769033669025589006e-09
7.601483154296875000e+02 2.533570560000000000e+10 2.558033429522765800e-06
4.088737792968750000e+02 2.092609740800000000e+10 7.400959702863474376e-07
3.105075378417968750e+02 9.386065920000000000e+09 4.268288762432348449e-07
1.008420562744140625e+02 4.428099174400000000e+10 4.501869454998086439e-08
2.102826538085937500e+02 1.065229056000000000e+09 1.957566126975507359e-07
9.652250671386718750e+01 6.378537472000000000e+09 4.124456154386280105e-08
5.924934692382812500e+02 5.104857088000000000e+10 1.554091795696876943e-06
6.562026367187500000e+02 8.389505536000000000e+09 1.906274405882868450e-06
2.864540710449218750e+02 1.375379148800000000e+10 3.632616198956384324e-07
7.170018005371093750e+01 1.338595968000000000e+09 2.275883481672735797e-08
1.931536483764648438e+01 3.239497216000000000e+09 1.651639713884378580e-09
1.676834678649902344e+01 8.500899840000000000e+10 1.244772507291713737e-09
1.320449676513671875e+02 3.893762457600000000e+10 7.718860928207504912e-08
1.213412094116210938e+01 1.015025024000000000e+09 6.518177664283086870e-10
8.113809204101562500e+02 5.216252416000000000e+09 2.914466904258006252e-06
1.034316711425781250e+02 9.154419712000000000e+09 4.736053682563579059e-08
2.396586799621582031e+01 7.575059456000000000e+09 2.542704047314714444e-09
6.290105590820312500e+02 4.592076288000000000e+09 1.751561399032652844e-06
7.888898315429687500e+02 1.215538892800000000e+10 2.755130708465003408e-06
5.348792114257812500e+02 6.558804480000000000e+09 1.266546064471185673e-06
1.169806823730468750e+02 1.589014323200000000e+10 6.058119339513723389e-08
1.064750976562500000e+02 7.057023795200000000e+10 5.018865678607653535e-08
5.118276596069335938e+01 2.379021824000000000e+09 1.159730356192767431e-08
1.381757545471191406e+01 1.520267520000000000e+09 8.452267219460907199e-10
4.593192443847656250e+02 7.049661952000000000e+09 9.339826192444888875e-07
5.130254745483398438e+01 3.938528051200000000e+10 1.165164853489386587e-08
3.070329284667968750e+02 2.624120576000000000e+09 4.173298577825335087e-07
5.988480758666992188e+01 3.586309888000000000e+09 1.587606490716098051e-08
1.718081207275390625e+02 5.338239488000000000e+09 1.306763266484267660e-07
1.637184906005859375e+02 1.008731852800000000e+10 1.186601750191584870e-07
6.971200561523437500e+02 4.021420800000000000e+09 2.151417447748826817e-06
1.259364509582519531e+01 1.650620544000000000e+09 7.021217496294696048e-10
1.571391601562500000e+02 1.545084620800000000e+10 1.093146551056634053e-07
9.687316894531250000e+01 5.856878080000000000e+09 4.154479071871719498e-08
1.664863128662109375e+02 1.144265728000000000e+10 1.227062114139698679e-07
1.057963752746582031e+01 5.390214348800000000e+10 4.955084675906107350e-10
1.264220714569091797e+01 5.011790233600000000e+10 7.075470764839053572e-10
5.082798461914062500e+02 3.241441894400000000e+10 1.143708459494519047e-06
1.673126029968261719e+01 1.665800601600000000e+10 1.239272462427720711e-09
8.703688812255859375e+01 7.254428057600000000e+10 3.353638788894386380e-08
8.413759155273437500e+02 3.330859776000000000e+09 3.133932523269322701e-06
1.115667057037353516e+01 3.196030976000000000e+09 5.510344402992473078e-10
8.620559692382812500e+01 2.146583552000000000e+10 3.289882855028736230e-08
3.353835449218750000e+02 8.879556608000000000e+09 4.979583536623977125e-07
1.220271530151367188e+02 6.518455296000000000e+09 6.592080126210930757e-08
2.359921836853027344e+01 6.778183168000000000e+09 2.465498694093071208e-09
3.585073852539062500e+02 6.700462080000000000e+09 5.689914814865915105e-07
1.128751144409179688e+02 1.743549696000000000e+09 5.640348277324847004e-08
4.079638671875000000e+02 6.343168000000000000e+10 7.368056458290084265e-07
1.095872402191162109e+01 3.726992128000000000e+09 5.316544982036930378e-10
1.461782550811767578e+01 7.540075520000000000e+09 9.459650840426547802e-10
6.726404571533203125e+01 2.967370240000000000e+09 2.002974852644001658e-08
1.349604949951171875e+02 2.449549516800000000e+10 8.063486944820397184e-08
4.033898544311523438e+01 3.537347584000000000e+09 7.203763807694940624e-09
2.273621978759765625e+02 6.087136768000000000e+09 2.288474263423267985e-07
2.165877685546875000e+02 1.371032064000000000e+09 2.076717322552212863e-07
7.221676635742187500e+02 3.100223488000000000e+10 2.308796410943614319e-06
2.001778984069824219e+01 1.494719232000000000e+09 1.773951763262004988e-09
9.586513519287109375e+01 2.816749312000000000e+09 4.068468228979327250e-08
2.620459899902343750e+02 2.612979200000000000e+09 3.039936871118698036e-07
1.780270080566406250e+02 7.701256601600000000e+10 1.403076481665266328e-07
4.589499816894531250e+02 8.682455040000000000e+10 9.324814982392126694e-07
3.212667465209960938e+01 1.514398617600000000e+10 4.569209455240752504e-09
4.506435775756835938e+01 1.157012070400000000e+10 8.990334698921742529e-09
6.351264953613281250e+01 1.030274867200000000e+10 1.785788406039046095e-08
6.584819793701171875e+01 2.612767539200000000e+10 1.919540615347159473e-08
7.171426391601562500e+01 2.110765440000000000e+09 2.276777522070005944e-08
1.253700256347656250e+02 2.278518579200000000e+10 6.958200771123301820e-08
6.042700195312500000e+02 2.061034291200000000e+10 1.616484951227903366e-06
4.033728027343750000e+02 4.350237081600000000e+10 7.203154837043257430e-07
6.831937255859375000e+02 2.826505420800000000e+10 2.066318529614363797e-06
9.482654418945312500e+02 1.004215424000000000e+09 3.980791007052175701e-06
9.304827880859375000e+02 2.013919360000000000e+09 3.832888523902511224e-06
1.458294963836669922e+01 1.608399744000000000e+09 9.414565793619544820e-10
4.344306182861328125e+01 9.827838976000000000e+09 8.355075742372264358e-09
1.452902221679687500e+01 1.870711040000000000e+09 9.345064722054985396e-10
2.670664596557617188e+01 3.084547840000000000e+09 3.157535344300299585e-09
1.437741374969482422e+01 2.853711616000000000e+09 9.151053248501739290e-10
4.844005203247070312e+01 7.307779072000000000e+09 1.038768360217545705e-08
3.939412841796875000e+02 3.351642368000000000e+09 6.870250217616558075e-07
1.817522430419921875e+01 6.749551104000000000e+09 1.462409859875890561e-09
1.088153152465820312e+02 3.474551296000000000e+09 5.241909661890531424e-08
3.539819335937500000e+01 2.062127513600000000e+10 5.547172499120733846e-09
6.625004272460937500e+02 1.566128947200000000e+10 1.943040388141525909e-06
5.289691925048828125e+01 1.767598080000000000e+09 1.238711888618126977e-08
1.320029449462890625e+01 3.104209920000000000e+09 7.713949479182247160e-10
2.221988868713378906e+01 4.301505536000000000e+09 2.185713610103334759e-09
5.250897216796875000e+02 1.987912832000000000e+09 1.220609078700363170e-06
8.657938842773437500e+02 1.092121497600000000e+10 3.318475137348286808e-06
3.728435516357421875e+01 1.804349696000000000e+09 6.154075471442865819e-09
1.004876804351806641e+01 6.021754470400000000e+10 4.470284697966064869e-10
4.229796600341796875e+01 1.807150080000000000e+10 7.920424316409935273e-09
3.153548240661621094e+01 1.678523187200000000e+10 4.402592512775527211e-09
2.230881500244140625e+02 1.100997760000000000e+09 2.203243667509013903e-07
2.051583099365234375e+02 3.187477504000000000e+10 1.863321301698306343e-07
1.239850234985351562e+02 1.225562419200000000e+10 6.805311159041593783e-08
3.994139480590820312e+01 3.121841664000000000e+09 7.062459950191168900e-09
8.218274536132812500e+02 1.045699072000000000e+10 2.989997483382467180e-06
9.324577636718750000e+02 8.520725299200000000e+10 3.849176664516562596e-06
7.442835998535156250e+01 9.369458278400000000e+10 2.452372704908611922e-08
7.331602783203125000e+02 1.091183232000000000e+09 2.379618763370672241e-06
1.267450714111328125e+02 4.331881472000000000e+09 7.111670896620125859e-08
1.617787170410156250e+01 1.820029952000000000e+10 1.158650175803188631e-09
1.419255523681640625e+02 5.309562880000000000e+09 8.917244542772095883e-08
2.253773956298828125e+02 5.218770124800000000e+10 2.248693249384814408e-07
2.336436920166015625e+02 9.351016448000000000e+10 2.416671520677482476e-07
7.088378906250000000e+01 1.457670656000000000e+09 2.224351192126050591e-08
4.217251586914062500e+02 1.722810982400000000e+10 7.873512686273897998e-07
3.164851074218750000e+02 7.202704896000000000e+09 4.434207880876783747e-07
2.717517662048339844e+01 3.701717504000000000e+09 3.269296389163400818e-09
1.658072090148925781e+01 9.647409152000000000e+09 1.217072331805013619e-09
1.444295978546142578e+01 1.623047680000000000e+09 9.234681352943141519e-10
1.323364715576171875e+02 9.693544448000000000e+10 7.752979769293233403e-08
1.170024719238281250e+02 8.200121548800000000e+10 6.060376733785233228e-08
1.658357849121093750e+02 1.164532352000000000e+09 1.217491814031745889e-07
2.648620910644531250e+02 5.938647040000000000e+10 3.105625978605530690e-07
9.127400970458984375e+01 5.519376896000000000e+09 3.688109018185059540e-08
1.126698455810546875e+02 1.421528448000000000e+09 5.619852316840479034e-08
3.041037292480468750e+02 1.226023168000000000e+09 4.094048620117973769e-07
2.644554443359375000e+02 3.198513408000000000e+09 3.096096747867704835e-07
3.963018417358398438e+01 5.655576576000000000e+09 6.952831199669162743e-09
4.210374755859375000e+02 3.049316864000000000e+09 7.847855272302695084e-07
7.042254638671875000e+01 7.487749120000000000e+09 2.195497650347988383e-08
3.481184997558593750e+02 4.330831872000000000e+10 5.364926209949771874e-07
1.163171157836914062e+02 3.058724864000000000e+09 5.989585361021454446e-08
8.340944671630859375e+01 7.287155200000000000e+09 3.079923871496248466e-08
7.099869384765625000e+02 4.126572134400000000e+10 2.231568487331969664e-06
2.397828521728515625e+02 4.312814080000000000e+09 2.545339725656958763e-07
2.299728240966796875e+02 3.171511808000000000e+09 2.341329690125348861e-07
1.152238006591796875e+02 3.814175488000000000e+09 5.877517494923267805e-08
5.738173828125000000e+02 1.609640550400000000e+10 1.457662278880889062e-06
4.804180908203125000e+01 9.519345664000000000e+09 1.021758411212658757e-08
1.152637863159179688e+02 7.628019302400000000e+10 5.881597431312002300e-08
1.010749244689941406e+01 4.486646272000000000e+09 4.522685281838079163e-10
1.978381729125976562e+01 1.103211264000000000e+09 1.732725296577086738e-09
1.751068115234375000e+02 1.818818969600000000e+10 1.357424253001227044e-07
7.021041107177734375e+01 6.216049049600000000e+10 2.182290437247047521e-08
1.741264495849609375e+02 1.547345536000000000e+09 1.342267239579086890e-07
6.371088409423828125e+01 7.587608985600000000e+10 1.796953164046044549e-08
4.271348876953125000e+02 9.760491929600000000e+10 8.076805784185125958e-07
7.388678588867187500e+02 9.902300364800000000e+10 2.416813003947027028e-06
1.906345558166503906e+01 2.510391040000000000e+09 1.608839839128961557e-09
4.189098510742187500e+02 7.578232422400000000e+10 7.768741738800599705e-07
3.274028015136718750e+01 1.098058752000000000e+09 4.745415616014270199e-09
1.943304443359375000e+02 1.051594137600000000e+10 1.671826481697280542e-07
2.856348266601562500e+02 3.900724838400000000e+10 3.611867782638000790e-07
8.689948272705078125e+01 1.789405440000000000e+09 3.343058097016182728e-08
1.342483139038085938e+01 3.934232064000000000e+09 7.978609439796002789e-10
4.252242660522460938e+01 4.049094656000000000e+10 8.004709783904218057e-09
5.527707519531250000e+02 1.033893171200000000e+10 1.352694198430981487e-06
1.925118637084960938e+01 1.111723520000000000e+09 1.640682589787445522e-09
1.253044281005859375e+02 6.635795251200000000e+10 6.950921260795439593e-08
7.280683898925781250e+01 4.257669632000000000e+09 2.346680005871348840e-08
1.748226356506347656e+01 4.218621952000000000e+10 1.353022027750228062e-09
1.312078571319580078e+01 1.165976166400000000e+10 7.621302478000302472e-10
1.336004638671875000e+02 1.571139584000000000e+10 7.901788734443471185e-08
5.796682739257812500e+02 3.135599104000000000e+09 1.487539748268318363e-06
2.427827453613281250e+02 9.655142400000000000e+09 2.609426985600293847e-07
3.452157592773437500e+02 9.222788096000000000e+09 5.275829266793152783e-07
1.429047679901123047e+01 1.256306688000000000e+09 9.040718174091466608e-10
4.381080627441406250e+02 8.815979520000000000e+09 8.497124781570164487e-07
1.042215957641601562e+02 1.482557056000000000e+09 4.808670084344157658e-08
2.249643554687500000e+02 1.129520640000000000e+09 2.240458627511543455e-07
6.720992279052734375e+01 6.879288524800000000e+10 1.999752896608697483e-08
4.817193603515625000e+02 1.888551321600000000e+10 1.027300982059387024e-06
1.329515361785888672e+01 5.898751488000000000e+09 7.825214365375643411e-10
8.059669189453125000e+02 9.402915225600000000e+10 2.875702193705365062e-06
8.591126098632812500e+02 1.006209856000000000e+09 3.267455667810281739e-06
3.168079223632812500e+02 4.447046451200000000e+10 4.443258490027801599e-07
3.233140945434570312e+01 3.066086912000000000e+09 4.627631611242577492e-09
4.750539855957031250e+02 2.209225472000000000e+09 9.990689022743026726e-07
2.648279190063476562e+01 3.167137792000000000e+09 3.104824619626356252e-09
4.164648437500000000e+02 1.314092160000000000e+09 7.678320343984523788e-07
1.532077407836914062e+01 7.918785536000000000e+09 1.039132557778543742e-09
1.588190555572509766e+01 2.715028480000000000e+09 1.116643999488076133e-09
9.481076812744140625e+01 1.058451200000000000e+09 3.979466356440752861e-08
6.899008941650390625e+01 6.671082496000000000e+09 2.107089258629457618e-08
1.355797576904296875e+01 1.850464128000000000e+09 8.137654439188679589e-10
6.220980834960937500e+01 1.153119744000000000e+10 1.713275743497888470e-08
2.241934967041015625e+02 9.458735104000000000e+09 2.225130799615726573e-07
2.439310646057128906e+01 2.954980864000000000e+09 2.634169549153853040e-09
5.169525756835937500e+02 4.908469760000000000e+09 1.183071503874089103e-06
7.802021026611328125e+01 5.258901913600000000e+10 2.694782885725999222e-08
2.797180175781250000e+02 7.853714636800000000e+10 3.463780444690200966e-07
4.865350036621093750e+02 1.245634688000000000e+09 1.047942987497663125e-06
3.889782333374023438e+01 1.928167168000000000e+09 6.698231302948443044e-09
5.914207077026367188e+01 6.340050944000000000e+10 1.548469086287695973e-08
2.234289360046386719e+01 4.770560000000000000e+10 2.209979976797171730e-09
4.833701324462890625e+01 6.116696576000000000e+09 1.034353935835952143e-08
1.883448791503906250e+01 9.019459993600000000e+10 1.570424790209301591e-09
4.573915100097656250e+01 7.234987520000000000e+09 9.261594158260777476e-09
9.441007690429687500e+02 5.446515200000000000e+09 3.945901426050113514e-06
2.684317932128906250e+02 2.314913177600000000e+10 3.189902884059847565e-07
1.777254104614257812e+01 1.188532352000000000e+09 1.398326565649199438e-09
1.163718891143798828e+01 4.205266534400000000e+10 5.995227647659362447e-10
6.033247680664062500e+02 9.261151232000000000e+09 1.611431457604339812e-06
8.642421875000000000e+02 1.290484736000000000e+10 3.306590770080219954e-06
4.123580169677734375e+01 1.179341926400000000e+10 7.527632739368073089e-09
7.167355957031250000e+02 3.736539955200000000e+10 2.274193548146286048e-06
2.729389572143554688e+01 3.551201792000000000e+09 3.297923711897965404e-09
4.228442993164062500e+02 2.023851008000000000e+10 7.915356832199904602e-07
5.077346801757812500e+01 6.001653760000000000e+09 1.141256333880846796e-08
1.145885391235351562e+02 1.121119846400000000e+10 5.812886882949896972e-08
3.650027465820312500e+01 3.657242368000000000e+09 5.897959454159718007e-09
5.702687454223632812e+01 2.924477235200000000e+10 1.439688990245713285e-08
8.398552703857421875e+01 1.022126208000000000e+09 3.122615055417554686e-08
1.258869647979736328e+01 6.704090316800000000e+10 7.015700798085333645e-10
1.204674606323242188e+02 2.916735232000000000e+09 6.424643572700006189e-08
4.497117614746093750e+02 6.172302336000000000e+09 8.953194310379331000e-07
2.685866165161132812e+01 3.305799680000000000e+09 3.193583175686853792e-09
2.897937927246093750e+02 2.923682560000000000e+09 3.717814252013340592e-07
1.959909057617187500e+01 9.045613568000000000e+09 1.700518614811130647e-09
1.016060638427734375e+01 8.465197568000000000e+09 4.570342992948894789e-10
2.458937225341796875e+02 1.331814502400000000e+10 2.676728740880207624e-07
1.556934967041015625e+02 1.471917363200000000e+10 1.073125446282574558e-07
2.079074668884277344e+01 1.601262720000000000e+09 1.913593505875610390e-09
4.007369079589843750e+02 4.698137804800000000e+10 7.109322268661344424e-07
1.786814575195312500e+02 3.323452416000000000e+09 1.413411183648349834e-07
3.562855911254882812e+01 3.126531891200000000e+10 5.619608334228587410e-09
6.635479736328125000e+02 4.663556096000000000e+09 1.949190163941239007e-06
2.081965026855468750e+02 2.582527180800000000e+10 1.918917718057855382e-07
3.207688598632812500e+02 1.792295424000000000e+09 4.555057842026144499e-07
1.155576133728027344e+01 2.515920076800000000e+10 5.911621747678452721e-10
1.261273498535156250e+02 7.338617344000000000e+09 7.042519456490481389e-08
2.904983825683593750e+02 5.068763648000000000e+09 3.735914901881187689e-07
9.202994537353515625e+01 3.405217177600000000e+10 3.749452304191436269e-08
8.153288269042968750e+01 1.568642355200000000e+10 2.942897481261752546e-08
4.373334503173828125e+01 2.733245184000000000e+09 8.467103462805880554e-09
2.538218383789062500e+02 1.685103232000000000e+09 2.852117972906853538e-07
4.694497375488281250e+02 1.355975168000000000e+10 9.756357712831231765e-07
1.710532379150390625e+02 7.761999872000000000e+09 1.295305196435947437e-07
3.382317504882812500e+02 1.060351424000000000e+09 5.064519541519985069e-07
3.887911376953125000e+02 2.100419072000000000e+09 6.691788598800485488e-07
5.341725921630859375e+01 6.534773760000000000e+09 1.263201721002360500e-08
1.863603668212890625e+02 1.919059200000000000e+09 1.537505340820644051e-07
7.929083862304687500e+02 2.518184448000000000e+09 2.783271156658884138e-06
1.028992366790771484e+01 1.815324876800000000e+10 4.687419341564691422e-10
5.879418945312500000e+02 5.473657241600000000e+10 1.530306349195598159e-06
1.129056549072265625e+01 3.532414208000000000e+09 5.643401301824724214e-10
5.840284423828125000e+02 1.529572966400000000e+10 1.510001993665355258e-06
3.898964691162109375e+01 3.017364684800000000e+10 6.729893087253913109e-09
3.925540542602539062e+01 6.889362432000000000e+09 6.821948339563732588e-09
3.388115692138671875e+01 8.310645555200000000e+10 5.081898013514773993e-09
7.759062957763671875e+01 6.278276608000000000e+09 2.665189313688642869e-08
1.372558784484863281e+01 7.230432768000000000e+09 8.340103052617564572e-10
1.954862976074218750e+02 1.361806233600000000e+10 1.691773263701179530e-07
9.343750000000000000e+01 4.490150297600000000e+10 3.865022080162816565e-08
1.948408889770507812e+01 1.853753344000000000e+09 1.680620642652286278e-09
4.451163482666015625e+01 2.725579366400000000e+10 8.771151804864985024e-09
4.085726318359375000e+02 9.328637542400000000e+10 7.390062251033668872e-07
9.242178344726562500e+01 1.207137664000000000e+09 3.781448754125449341e-08
1.668793106079101562e+01 1.542016819200000000e+10 1.232862256728139982e-09
8.229880371093750000e+02 3.893260288000000000e+10 2.998448053403990343e-06
6.357630615234375000e+02 9.382662144000000000e+10 1.789370003280055244e-06
6.012075805664062500e+02 1.206332518400000000e+10 1.600141558810719289e-06
1.596092071533203125e+02 2.240916224000000000e+09 1.127782596199722320e-07
4.775751037597656250e+02 5.128450457600000000e+10 1.009701236398541369e-06
2.052076911926269531e+01 3.103279104000000000e+10 1.864218335256850878e-09
7.145196533203125000e+02 9.923943628800000000e+10 2.260153451061341912e-06
2.314313812255859375e+02 3.591210752000000000e+09 2.371122747035769862e-07
2.422402191162109375e+02 9.387875328000000000e+09 2.597777779556054156e-07
1.036261444091796875e+02 1.500185907200000000e+10 4.753880133989696333e-08
2.810217895507812500e+02 5.635763200000000000e+09 3.496145382086979225e-07
5.984526367187500000e+02 1.724385664000000000e+09 1.585510517543298192e-06
9.740606079101562500e+02 5.906018816000000000e+09 4.200311650492949411e-06
2.380339241027832031e+01 3.065517260800000000e+10 2.508344865148615099e-09
6.714960937500000000e+02 7.593298944000000000e+09 1.996165337914135307e-06
4.304941711425781250e+02 1.139800780800000000e+10 8.204347636819875333e-07
1.156529235839843750e+02 1.282408345600000000e+10 5.921377876916267269e-08
1.380647468566894531e+01 1.142987008000000000e+09 8.438691967427303098e-10
4.821921539306640625e+01 3.530708992000000000e+10 1.029318585921146223e-08
2.189935607910156250e+02 1.710143078400000000e+10 2.123108515661442652e-07
3.253218841552734375e+01 1.069761408000000000e+09 4.685285492911361871e-09
2.312997131347656250e+02 1.055736627200000000e+10 2.368425242593730218e-07
6.306970825195312500e+02 7.396536320000000000e+10 1.760966711117362138e-06
1.944827423095703125e+02 4.326013440000000000e+09 1.674447958066593856e-07
1.905874061584472656e+01 5.152293273600000000e+10 1.608044142287212708e-09
3.575749969482421875e+01 2.780848128000000000e+10 5.660357071946009455e-09
5.312825317382812500e+02 2.850328576000000000e+09 1.249570118488918524e-06
8.137508392333984375e+01 1.061706342400000000e+10 2.931516718263083021e-08
9.208534240722656250e+01 8.827340800000000000e+09 3.753967803277191706e-08
3.178642845153808594e+01 1.935739904000000000e+09 4.472939352240246080e-09
2.528463363647460938e+01 1.061367091200000000e+10 2.830237599837914786e-09
2.551366233825683594e+01 6.353892147200000000e+10 2.881742178217905348e-09
1.068128299713134766e+01 1.144745472000000000e+10 5.050755369495618652e-10
3.647218933105468750e+02 1.516520960000000000e+09 5.888886107641155832e-07
8.810096435546875000e+02 1.296020608000000000e+09 3.436139877521782182e-06
4.024809646606445312e+01 4.354485862400000000e+10 7.171338634037738302e-09
1.785003051757812500e+02 8.290599424000000000e+09 1.410546701663406566e-07
1.049471282958984375e+01 3.741812224000000000e+09 4.875853609753733053e-10
1.099321060180664062e+02 1.692867968000000000e+09 5.350059240072368993e-08
8.311215820312500000e+02 7.372025856000000000e+10 3.058007905565318651e-06
6.522358703613281250e+01 1.510662912000000000e+09 1.883297073845824343e-08
1.714695167541503906e+01 1.191508787200000000e+10 1.301617369442453764e-09
2.820107078552246094e+01 9.850714521600000000e+10 3.520794766842527679e-09
3.196392211914062500e+02 3.030952140800000000e+10 4.523031691405776655e-07
1.509058666229248047e+01 1.112935936000000000e+09 1.008142236358366972e-09
2.390011901855468750e+02 2.399220736000000000e+09 2.528771858578693355e-07
3.212903747558593750e+02 1.818413875200000000e+10 4.569881468796666013e-07
4.392749328613281250e+02 4.649861120000000000e+10 8.542448881598829757e-07
1.533985443115234375e+02 2.043927142400000000e+10 1.041722299532921170e-07
1.697191047668457031e+01 3.678322688000000000e+10 1.275178407311727824e-09
2.087372131347656250e+02 5.081384960000000000e+10 1.928898143432888901e-07
5.429704666137695312e+01 7.529085337600000000e+10 1.305154562203370006e-08
3.508794860839843750e+02 3.159862784000000000e+09 5.450363005365943536e-07
1.630543823242187500e+02 1.984000384000000000e+09 1.176994715024193283e-07
3.139202880859375000e+02 1.160899788800000000e+10 4.362628942544688471e-07
1.102178497314453125e+02 1.564498816000000000e+09 5.377907896786382480e-08
2.380417442321777344e+01 1.982428774400000000e+10 2.508509622245469473e-09
2.700727844238281250e+02 7.074653184000000000e+09 3.229022809136949945e-07
4.600667953491210938e+01 4.943967232000000000e+09 9.370253017948471097e-09
1.333004455566406250e+02 2.181305600000000000e+09 7.866339757356399787e-08
2.297379302978515625e+01 5.319600537600000000e+10 2.336549176362723301e-09
2.862852478027343750e+02 6.415215820800000000e+10 3.628335605299071176e-07
1.545970439910888672e+01 9.407731712000000000e+09 1.058063858749846986e-09
2.637993164062500000e+02 8.861935616000000000e+09 3.080752719597512623e-07
1.063103485107421875e+01 4.480873676800000000e+10 5.003346625898075217e-10
5.105034637451171875e+01 1.308703436800000000e+10 1.153737194670156896e-08
2.639040565490722656e+01 5.058110464000000000e+09 3.083199917597312378e-09
1.653720092773437500e+02 4.505882624000000000e+10 1.210691493724880274e-07
2.542160339355468750e+02 5.874193920000000000e+09 2.860983840946573764e-07
3.939314880371093750e+02 3.273417932800000000e+10 6.869907451800827403e-07
6.398761596679687500e+02 9.135098880000000000e+09 1.812597474781796336e-06
2.961940612792968750e+02 4.644481433600000000e+10 3.883847909946780419e-07
1.180461978912353516e+01 9.236613120000000000e+09 6.168982547016810258e-10
3.775914382934570312e+01 5.355479552000000000e+09 6.311808409265040609e-09
1.562347259521484375e+02 1.199175577600000000e+10 1.080599290048667172e-07
1.705725669860839844e+01 1.249150976000000000e+09 1.288035789137609299e-09
6.111030197143554688e+01 5.231411609600000000e+10 1.653249270816559147e-08
4.824725646972656250e+02 2.577152768000000000e+09 1.030516045830154326e-06
5.858986663818359375e+01 9.117011968000000000e+09 1.519688375140049175e-08
1.218709278106689453e+01 1.454365286400000000e+10 6.575211486392618099e-10
6.150159912109375000e+02 4.422113280000000000e+09 1.674489112701849081e-06
3.600730285644531250e+02 3.238370304000000000e+10 5.739719881603377871e-07
1.556352081298828125e+02 2.812514304000000000e+09 1.072321964556977036e-07
8.831472778320312500e+02 3.508003635200000000e+10 3.452834562267526053e-06
1.117244949340820312e+02 4.623935488000000000e+10 5.525942015083273873e-08
2.669641685485839844e+01 6.996107776000000000e+09 3.155117056508061069e-09
7.505491638183593750e+01 5.142265446400000000e+10 2.493835715711156809e-08
4.555346298217773438e+01 1.708531456000000000e+09 9.186547522688215395e-09
1.922726898193359375e+02 3.300743168000000000e+10 1.636608146782236872e-07
7.059461669921875000e+02 8.514454528000000000e+09 2.206239742008619942e-06
8.406779479980468750e+01 8.490847232000000000e+09 3.128735315272024309e-08
5.486699218750000000e+02 6.235851571200000000e+10 1.332698388978315052e-06
1.392102146148681641e+01 1.558683776000000000e+09 8.579297827715492986e-10
5.067784500122070312e+01 4.597657600000000000e+09 1.136961635950228811e-08
1.113194561004638672e+01 8.038937600000000000e+09 5.485948362249359889e-10
3.171305236816406250e+02 1.550971392000000000e+09 4.452312225566856796e-07
2.353714561462402344e+01 3.350989568000000000e+09 2.452545944109374432e-09
5.063043975830078125e+01 4.538324992000000000e+09 1.134835514449150651e-08
1.423819885253906250e+02 2.977840128000000000e+10 8.974693344043771503e-08
7.073385620117187500e+02 6.528109056000000000e+09 2.214951337009551935e-06
2.972050666809082031e+01 4.004711424000000000e+09 3.910406665141863414e-09
1.175258445739746094e+01 2.463158886400000000e+10 6.114715955796157232e-10
1.079429244995117188e+01 3.422464000000000000e+09 5.158196092480693551e-10
3.486407165527343750e+02 2.907424563200000000e+10 5.381033929552359041e-07
1.162659645080566406e+01 8.287239680000000000e+09 5.984318596219395658e-10
5.978205566406250000e+02 1.445263616000000000e+09 1.582163122293422930e-06
3.777409362792968750e+01 5.111258624000000000e+09 6.316807521500322764e-09
2.043354415893554688e+01 3.347362816000000000e+10 1.848403985427182761e-09
1.684459686279296875e+02 1.400378496000000000e+09 1.256119048775872216e-07
4.354661560058593750e+01 7.736979456000000000e+10 8.394954065238380281e-09
9.831090545654296875e+01 6.859218534400000000e+10 4.278710363792015414e-08
1.005033302307128906e+01 6.792857190400000000e+10 4.471677195194700971e-10
1.623554420471191406e+01 4.539611648000000000e+09 1.166925667206442085e-09
1.177924919128417969e+01 9.158361907200000000e+10 6.142494290983790961e-10
5.086482543945312500e+02 1.454507929600000000e+10 1.145366923083201982e-06
1.590399322509765625e+02 1.764784512000000000e+09 1.119752184308708820e-07
4.052034606933593750e+02 1.740169625600000000e+10 7.268684498740185518e-07
3.823652038574218750e+02 7.159258112000000000e+09 6.472413360825157724e-07
4.634437179565429688e+01 2.102858137600000000e+10 9.508313247863497963e-09
1.267051410675048828e+01 4.567706624000000000e+09 7.107190946875618920e-10
8.909993286132812500e+02 2.571675443200000000e+10 3.514506033752695657e-06
3.993849487304687500e+02 5.816069734400000000e+10 7.061433962007868104e-07
2.024360847473144531e+01 3.016819968000000000e+09 1.814200789596043251e-09
3.120782470703125000e+02 1.806404608000000000e+10 4.311580426019645529e-07
2.406766662597656250e+02 4.172796723200000000e+10 2.564351007094956003e-07
4.686006164550781250e+01 6.243548672000000000e+09 9.721095928227896366e-09
2.994770202636718750e+02 1.851421440000000000e+09 3.970420721088885330e-07
1.418539428710937500e+01 1.450725888000000000e+09 8.908249138350754492e-10
1.832328796386718750e+02 4.768468992000000000e+09 1.486333758293767460e-07
1.200470066070556641e+01 3.079774208000000000e+10 6.379875516770994182e-10
4.161473693847656250e+02 4.142313881600000000e+10 7.666617989343649242e-07
9.585359497070312500e+02 5.971665305600000000e+10 4.067488134751329198e-06
1.079537353515625000e+02 7.347055616000000000e+09 5.159229488072014647e-08
4.510775375366210938e+01 3.261307699200000000e+10 9.007658618997993472e-09
8.660770416259765625e+01 2.852837632000000000e+09 3.320645802773469768e-08
1.783182907104492188e+01 1.924264704000000000e+09 1.407671423869771843e-09
1.303194332122802734e+01 5.788037120000000000e+09 7.518442535214830968e-10
1.395853729248046875e+02 1.821705728000000000e+09 8.625600855793891242e-08
2.167969360351562500e+02 3.661705216000000000e+09 2.080730467923785909e-07
3.686095809936523438e+01 4.896726528000000000e+09 6.015098641398708423e-09
8.533899688720703125e+01 3.999650816000000000e+09 3.224070610485796351e-08
1.606170654296875000e+01 1.428575232000000000e+09 1.142070327198041468e-09
1.397848033905029297e+01 3.819724390400000000e+10 8.650264948784069929e-10
5.111923217773437500e+01 2.024121472000000000e+09 1.156853013384306905e-08
1.679155921936035156e+01 2.003126067200000000e+10 1.248221193073106861e-09
1.191407680511474609e+01 6.846940160000000000e+09 6.283915054972055714e-10
2.381993560791015625e+02 1.447020032000000000e+10 2.511832519758172566e-07
2.520254898071289062e+01 2.034414464000000000e+09 2.811890942311379149e-09
2.192928123474121094e+01 2.085259264000000000e+10 2.128915044252721600e-09
2.132062530517578125e+01 5.245190656000000000e+09 2.012377375848473093e-09
5.433593368530273438e+01 2.595791052800000000e+10 1.307024710683890589e-08
2.141583709716796875e+02 3.866058496000000000e+09 2.030390646723390091e-07
7.909340667724609375e+01 1.632417996800000000e+10 2.769428064652856847e-08
8.029437255859375000e+02 1.839466496000000000e+10 2.854169224519864656e-06
2.661934280395507812e+01 1.111655680000000000e+09 3.136925164071158179e-09
2.037425422668457031e+01 1.965264281600000000e+10 1.837692997774809101e-09
1.992672729492187500e+01 2.179050700800000000e+10 1.757848755445934330e-09
3.278875732421875000e+01 4.941964492800000000e+10 4.759479033111801982e-09
2.177892494201660156e+01 1.483556736000000000e+09 2.099821427847814448e-09
1.632779693603515625e+01 2.712251136000000000e+09 1.180224806773821911e-09
3.086351013183593750e+02 2.621937664000000000e+10 4.216966829062585020e-07
1.484389400482177734e+01 1.288584192000000000e+10 9.754503871306496876e-10
4.339592285156250000e+02 3.336202854400000000e+10 8.336953669640934095e-07
7.436621704101562500e+02 8.116644864000000000e+09 2.448278792144265026e-06
1.447493267059326172e+01 9.029370880000000000e+09 9.275612500303509478e-10
5.314307861328125000e+02 5.773150720000000000e+09 1.250267359864665195e-06
5.846785736083984375e+01 3.299621478400000000e+10 1.513365610605887923e-08
4.691826629638671875e+01 1.910313779200000000e+10 9.745260598492677673e-09
1.832602691650390625e+01 6.262114304000000000e+09 1.486778256065690584e-09
9.023254394531250000e+01 3.157849344000000000e+09 3.604424847480913741e-08
3.447443237304687500e+02 2.785942784000000000e+09 5.261429691927332897e-07
2.493499183654785156e+01 1.052708659200000000e+10 2.752504002501154901e-09
1.985521888732910156e+01 9.471557632000000000e+09 1.745254829543796404e-09
4.402307434082031250e+02 4.828313600000000000e+09 8.579663131058623549e-07
1.451742076873779297e+01 2.582919168000000000e+09 9.330145545050072542e-10
8.107135772705078125e+01 1.891444352000000000e+09 2.909674634565817541e-08
3.304268264770507812e+01 9.342234624000000000e+09 4.833482503130426267e-09
3.243088684082031250e+02 2.224246374400000000e+10 4.656152157167525729e-07
8.863686370849609375e+01 1.830889472000000000e+10 3.478069743323430885e-08
3.832299423217773438e+01 7.806543462400000000e+10 6.501722715768210037e-09
2.608094215393066406e+01 8.409289523200000000e+10 3.011314309020463043e-09
2.402607917785644531e+01 2.936185344000000000e+09 2.555496481093655348e-09
1.657372474670410156e+01 8.275163545600000000e+10 1.216045153462630424e-09
4.147224121093750000e+02 3.532376883200000000e+10 7.614204378114663996e-07
1.385780239105224609e+01 7.469629952000000000e+09 8.501552795081579461e-10
5.703555297851562500e+02 7.671032217600000000e+10 1.440127107343869284e-06
1.649700164794921875e+01 6.591464448000000000e+09 1.204812805077892790e-09
4.027991485595703125e+01 2.608432896000000000e+09 7.182682004724938452e-09
7.352515258789062500e+02 1.757332889600000000e+10 2.393213208051747642e-06
7.417999877929687500e+02 2.793630976000000000e+09 2.436032900732243434e-06
5.378864288330078125e+01 1.652260480000000000e+09 1.280827621741309486e-08
1.504421138763427734e+01 7.027342848000000000e+09 1.001955407531340825e-09
1.551266632080078125e+02 3.019651891200000000e+10 1.065325747617862362e-07
1.789228439331054688e+01 3.425004134400000000e+10 1.417232553535541228e-09
4.558356094360351562e+01 2.286478336000000000e+09 9.198689809863935807e-09
2.178650970458984375e+02 3.760366848000000000e+09 2.101284479749665479e-07
3.752152404785156250e+02 2.502932684800000000e+10 6.232617124624084681e-07
4.289011535644531250e+02 1.226701619200000000e+10 8.143740615196293220e-07
2.104927062988281250e+01 1.653003392000000000e+09 1.961478979239927867e-09
1.031893825531005859e+01 1.966081024000000000e+10 4.713890944252341342e-10
3.198550224304199219e+01 4.116266598400000000e+10 4.529141062192820755e-09
3.665001525878906250e+02 1.247974016000000000e+09 5.946451437921496108e-07
1.746264266967773438e+01 5.218603520000000000e+09 1.349986678000902884e-09
2.136020202636718750e+02 7.853609472000000000e+09 2.019855287471727934e-07
7.346730346679687500e+02 8.635635712000000000e+09 2.389448582107434049e-06
5.137496185302734375e+01 2.673768243200000000e+10 1.168456442712795251e-08
1.463338623046875000e+02 1.234573721600000000e+10 9.479801121869968483e-08
2.066721534729003906e+01 3.534442496000000000e+10 1.890921419445135143e-09
1.938146781921386719e+01 2.792514560000000000e+09 1.662963877713252714e-09
1.606267166137695312e+01 5.397799936000000000e+09 1.142207772808490063e-09
2.907790946960449219e+01 4.568933376000000000e+09 3.743138687894997929e-09
9.631584167480468750e+01 1.560254668800000000e+10 4.106813378257356817e-08
1.892280578613281250e+02 5.252236902400000000e+10 1.585187163755108486e-07
1.071120834350585938e+01 1.197043916800000000e+10 5.079096032645225023e-10
5.089073181152343750e+01 2.076934758400000000e+10 1.146533890050704940e-08
3.768847274780273438e+01 4.606265856000000000e+09 6.288204179583090081e-09
5.212844848632812500e+02 6.251258675200000000e+10 1.202981820824788883e-06
1.180388717651367188e+02 1.042786611200000000e+10 6.168216515334279393e-08
2.040248565673828125e+02 1.350718336000000000e+09 1.842789174588688184e-07
3.143874511718750000e+02 3.860147968000000000e+09 4.375623348096269183e-07
3.316618041992187500e+02 2.246617600000000000e+09 4.869680196861736476e-07
5.859063339233398438e+01 7.743694438400000000e+10 1.519728165533251740e-08
6.835391998291015625e+01 5.086227968000000000e+09 2.068408555544465344e-08
2.637430725097656250e+02 2.885629184000000000e+09 3.079439068187639350e-07
4.809237289428710938e+01 1.242598502400000000e+10 1.023910378705750190e-08
2.601939697265625000e+02 2.494014259200000000e+10 2.997118997427605791e-07
4.046146850585937500e+02 1.124603392000000000e+10 7.247576263580413070e-07
1.140214233398437500e+02 2.897486848000000000e+09 5.755491727654771239e-08
3.598663635253906250e+02 1.235062988800000000e+10 5.733132866225787438e-07
4.865749359130859375e+01 7.931457536000000000e+09 1.048115016999418003e-08
1.409852600097656250e+02 1.111751424000000000e+09 8.799478479204481118e-08
3.525901184082031250e+02 4.490569728000000000e+10 5.503637225956481416e-07
1.838977508544921875e+02 2.820683571200000000e+10 1.497139692219207063e-07
3.779781723022460938e+01 4.304785817600000000e+10 6.324744283858763083e-09
5.253007507324218750e+01 1.121700147200000000e+10 1.221590206768041753e-08
1.508421039581298828e+01 2.819918592000000000e+09 1.007290362231572090e-09
3.045176315307617188e+01 4.745967616000000000e+10 4.105200623882865330e-09
9.343731689453125000e+02 7.487780352000000000e+09 3.865006874548271298e-06
1.418910312652587891e+01 2.775546624000000000e+09 8.912907634162081649e-10
7.724018554687500000e+02 3.484806758400000000e+10 2.641168748596101068e-06
1.553008747100830078e+01 3.060748032000000000e+09 1.067719801461919360e-09
7.153758239746093750e+01 6.923976192000000000e+09 2.265572796034120984e-08
8.447849731445312500e+02 3.817287168000000000e+09 3.159380185024929233e-06
1.136881446838378906e+01 6.967456768000000000e+09 5.721894624777235094e-10
2.331867408752441406e+01 8.727715020800000000e+10 2.407227972511805092e-09
1.764734268188476562e+01 4.104216985600000000e+10 1.378695047016265107e-09
1.230150222778320312e+01 6.135232102400000000e+10 6.699244492480715962e-10
1.119101791381835938e+02 2.681471488000000000e+09 5.544324821471491305e-08
1.270787811279296875e+01 1.073111872000000000e+09 7.149169589659720714e-10
3.779927673339843750e+02 8.683502592000000000e+09 6.325232106973999180e-07
1.563021850585937500e+01 4.528221696000000000e+09 1.081532530200490783e-09
9.419095611572265625e+01 4.928654950400000000e+10 3.927605973785830429e-08
5.767619018554687500e+02 3.598220544000000000e+09 1.472660642320988700e-06
1.125284576416015625e+01 4.533475737600000000e+10 5.605756969728759032e-10
1.561747436523437500e+02 1.106588032000000000e+09 1.079769731404667255e-07
7.966586914062500000e+02 2.881374003200000000e+10 2.809662419167580083e-06
3.587066955566406250e+02 8.012264243200000000e+10 5.696242055819311645e-07
1.274282073974609375e+01 1.476833689600000000e+10 7.188539208335953390e-10
3.573517227172851562e+01 7.051256832000000000e+09 5.653289836260455559e-09
9.772133636474609375e+01 3.080655872000000000e+09 4.227545957746770000e-08
4.660436630249023438e+01 9.160146124800000000e+10 9.615297003051637148e-09
1.459403686523437500e+02 1.306631987200000000e+10 9.428885761053606984e-08
3.445832824707031250e+01 1.071112601600000000e+10 5.256515223095448164e-09
1.924284057617187500e+02 8.304476672000000000e+09 1.639260176489187870e-07
3.848789596557617188e+01 4.503524147200000000e+10 6.557795639849928193e-09
2.673499145507812500e+02 3.699689472000000000e+10 3.164241206832230091e-07
1.094653511047363281e+01 6.745052160000000000e+09 5.304724437493746336e-10
3.661934204101562500e+02 4.850767462400000000e+10 5.936501565884100273e-07
1.860551834106445312e+01 3.711797657600000000e+10 1.532473925536237402e-09
3.562923812866210938e+01 2.440332544000000000e+09 5.619822385227735140e-09
7.463063964843750000e+02 1.256605798400000000e+10 2.465720399413839914e-06
3.478839111328125000e+01 1.567222784000000000e+10 5.357697840935315980e-09
3.232579345703125000e+02 9.881960448000000000e+09 4.626024292520014569e-07
1.714984321594238281e+01 1.952766156800000000e+10 1.302056462648693014e-09
5.273286819458007812e+01 4.674673868800000000e+10 1.231040336335809116e-08
5.404912719726562500e+02 6.675214848000000000e+09 1.293263153456791770e-06
2.626674270629882812e+01 1.034622566400000000e+10 3.054372310629105414e-09
8.212613677978515625e+01 6.309372723200000000e+10 2.985879632433352526e-08
5.140507812500000000e+02 7.421799936000000000e+09 1.169826646219007671e-06
1.291168060302734375e+02 8.285639475200000000e+10 7.380317157412719098e-08
2.551235008239746094e+01 3.363517184000000000e+09 2.881445526625725506e-09
7.485456085205078125e+01 8.559983104000000000e+09 2.480538796589826234e-08
3.860586853027343750e+02 7.332940800000000000e+09 6.598058917006710544e-07
9.020787963867187500e+02 1.122361472000000000e+09 3.602454398787813261e-06
2.628841400146484375e+01 1.764619264000000000e+09 3.059414499517743025e-09
6.460765838623046875e+01 4.533861580800000000e+10 1.847896058393416752e-08
1.900470733642578125e+01 5.036235571200000000e+10 1.598939092239959336e-09
1.971249771118164062e+01 4.539634483200000000e+10 1.720255049519892054e-09
2.246198081970214844e+01 3.953153228800000000e+10 2.233601081869096561e-09
5.730248413085937500e+02 7.716236492800000000e+10 1.453638446946570184e-06
3.665167999267578125e+01 3.521673728000000000e+09 5.946991787908473270e-09
8.631441497802734375e+01 3.179595366400000000e+10 3.298194073408922122e-08
4.757279205322265625e+01 4.157703424000000000e+09 1.001905669539837618e-08
5.501032638549804688e+01 2.265851289600000000e+10 1.339670419042704452e-08
3.477056579589843750e+02 1.060311040000000000e+09 5.352209200282231905e-07
2.301640472412109375e+02 1.435251302400000000e+10 2.345224743294238579e-07
2.167600440979003906e+01 1.328312832000000000e+10 2.080022376560464181e-09
1.561218929290771484e+01 3.324572672000000000e+09 1.079038969287182681e-09
3.608392333984375000e+01 4.102474956800000000e+10 5.764173138800288143e-09
5.609568786621093750e+01 6.985464320000000000e+09 1.393055715226410030e-08
1.868059921264648438e+01 3.733071872000000000e+10 1.544867123115523100e-09
1.016067600250244141e+01 1.338567680000000000e+10 4.570405720549786110e-10
2.379268188476562500e+02 1.912551424000000000e+09 2.506087923848099308e-07
9.369595336914062500e+02 9.619796992000000000e+09 3.886433205479988828e-06
9.332521362304687500e+02 1.095195443200000000e+10 3.855738214042503387e-06
1.220529270172119141e+01 6.436331008000000000e+09 6.594865764597557245e-10
1.611309242248535156e+01 1.879471513600000000e+10 1.149389583510185275e-09
5.376051025390625000e+02 1.019732096000000000e+09 1.279488287764252163e-06
1.141046829223632812e+02 9.772905267200000000e+10 5.763900645661124145e-08
2.975276756286621094e+01 5.155138355200000000e+10 3.918900759458665561e-09
8.292243652343750000e+02 4.877603840000000000e+09 3.044063078050385229e-06
2.668622131347656250e+02 1.288818176000000000e+09 3.152707677145372145e-07
2.144220161437988281e+01 2.057538150400000000e+10 2.035392965282767364e-09
5.037741088867187500e+02 6.120424960000000000e+09 1.123521087720291689e-06
6.478092041015625000e+02 1.486823552000000000e+09 1.857820393524889369e-06
2.753692321777343750e+02 7.974828441600000000e+10 3.356915385666070506e-07
3.006061706542968750e+02 2.097356544000000000e+09 4.000416993221733719e-07
1.117033309936523438e+02 6.308360704000000000e+09 5.523848756183724618e-08
5.424360351562500000e+02 1.374793420800000000e+10 1.302586497331503779e-06
1.232806396484375000e+01 5.341428121600000000e+10 6.728205770301087796e-10
3.407209777832031250e+01 4.133398937600000000e+10 5.139338732362830342e-09
1.437432403564453125e+02 4.892128768000000000e+09 9.147119328645203495e-08
5.907393798828125000e+02 2.675143168000000000e+09 1.544903511785378214e-06
1.018065738677978516e+01 8.135828480000000000e+09 4.588398827554129866e-10
4.320574188232421875e+01 2.906376448000000000e+09 8.264041007066680322e-09
3.381958007812500000e+01 1.498699264000000000e+09 5.063442554131825091e-09
9.162459716796875000e+02 3.554866944000000000e+09 3.716495939443120733e-06
2.118242645263671875e+01 2.927395225600000000e+10 1.986373510121097752e-09
1.982599258422851562e+01 1.318001356800000000e+10 1.740120714188719830e-09
1.039832305908203125e+01 6.280803942400000000e+10 4.786698815095746795e-10
9.728047943115234375e+01 5.976665292800000000e+10 4.189487867733987514e-08
2.602387084960937500e+02 2.428976128000000000e+10 2.998149852828646544e-07
7.287620239257812500e+02 2.434871296000000000e+09 2.351153625568258576e-06
7.108593139648437500e+02 1.726487296000000000e+09 2.237055696241441183e-06
7.427027893066406250e+01 3.816848128000000000e+09 2.441966096000669495e-08
1.021888809204101562e+02 3.976899584000000000e+09 4.622924265618166828e-08
4.109643249511718750e+02 4.406613504000000000e+09 7.476834298358880915e-07
2.091938018798828125e+02 4.044723968000000000e+09 1.937345928126887884e-07
1.481313514709472656e+01 5.302817177600000000e+10 9.714120619008781432e-10
1.739444122314453125e+02 9.282848768000000000e+09 1.339462301075400319e-07
7.804846954345703125e+01 5.960995840000000000e+09 2.696735101892500097e-08
4.835713195800781250e+02 5.282022912000000000e+09 1.035215063893701881e-06
7.191560058593750000e+02 4.707848704000000000e+09 2.289579470016178675e-06
3.574986877441406250e+02 8.430669824000000000e+10 5.657940960190899204e-07
2.931754455566406250e+02 1.621259520000000000e+09 3.805087658292904962e-07
2.021231842041015625e+02 1.547425792000000000e+09 1.808597005492629251e-07
9.860966186523437500e+02 2.715988992000000000e+10 4.304755293560447171e-06
4.978147506713867188e+01 7.930376192000000000e+10 1.097096991031776270e-08
1.067736244201660156e+01 1.937507456000000000e+09 5.047048334816395254e-10
6.518708496093750000e+02 7.378005504000000000e+09 1.881189746200107038e-06
2.223287582397460938e+01 4.825959424000000000e+09 2.188269565550626794e-09
6.884682006835937500e+02 1.009522380800000000e+10 2.098347067658323795e-06
3.116015434265136719e+01 2.389551872000000000e+09 4.298418954107319223e-09
9.041801757812500000e+02 4.266654464000000000e+09 3.619257313403068110e-06
2.678303833007812500e+02 1.483531392000000000e+09 3.175625238327484112e-07
1.018351173400878906e+01 2.930267340800000000e+10 4.590971769413698667e-10
8.359580078125000000e+02 2.855080550400000000e+10 3.093701934631098993e-06
9.535177001953125000e+02 4.443873280000000000e+09 4.025010639452375472e-06
3.277397460937500000e+02 9.944177868800000000e+10 4.755189024763240013e-07
4.767428207397460938e+01 6.829434880000000000e+09 1.006185001983794791e-08
1.095725555419921875e+02 2.921739264000000000e+09 5.315120432669573347e-08
1.984484863281250000e+02 3.540450099200000000e+10 1.743432278544787550e-07
1.400012969970703125e+02 2.445820416000000000e+09 8.677080387542446260e-08
6.933212280273437500e+01 2.080086528000000000e+09 2.128033926851458091e-08
7.692240142822265625e+01 1.576193664000000000e+09 2.619480632404247444e-08
9.929833984375000000e+01 3.176079974400000000e+10 4.365093175806578074e-08
2.197963714599609375e+01 2.841419520000000000e+09 2.138703436571631755e-09
2.966711997985839844e+01 1.015161984000000000e+09 3.896370781575342335e-09
3.977319335937500000e+01 3.217234944000000000e+09 7.003101654134979981e-09
1.944120788574218750e+01 4.864961536000000000e+09 1.673231331267288624e-09
4.610744857788085938e+01 1.474636032000000000e+09 9.411345480714317091e-09
6.835736694335937500e+02 5.817108480000000000e+09 2.068617504846770316e-06
1.165142059326171875e+02 9.041927168000000000e+09 6.009900488379571470e-08
5.407305297851562500e+02 2.218073907200000000e+10 1.294408434659999330e-06
2.322277069091796875e+01 6.724080025600000000e+10 2.387468223119526556e-09
6.278956298828125000e+02 8.976640409600000000e+10 1.745357621985021979e-06
5.956837158203125000e+02 5.882607206400000000e+10 1.570872655065613799e-06
2.428602790832519531e+01 4.157595392000000000e+09 2.611093785631624087e-09
4.929177093505859375e+01 5.374410240000000000e+09 1.075618705215219961e-08
1.082890853881835938e+02 4.504296448000000000e+09 5.191333585230495373e-08
3.267107238769531250e+02 4.481641472000000000e+09 4.725375220004934818e-07
2.226735382080078125e+02 4.848376832000000000e+09 2.195061625798189198e-07
1.349651641845703125e+02 1.131019264000000000e+09 8.064044720867968863e-08
3.299017944335937500e+02 5.331283558400000000e+10 4.818134016204567160e-07
6.519017944335937500e+02 1.311815987200000000e+10 1.881368689282680862e-06
7.747047119140625000e+02 1.460506828800000000e+10 2.656941205714247189e-06
2.616577453613281250e+02 2.648607232000000000e+09 3.030935715742089087e-07
6.774959564208984375e+01 6.085492736000000000e+10 2.031996615414755070e-08
6.654505157470703125e+01 1.791804825600000000e+10 1.960383677612753672e-08
1.782444190979003906e+01 7.448530124800000000e+10 1.406505467649310503e-09
2.222438964843750000e+02 4.707026944000000000e+09 2.186599203923833556e-07
9.794385986328125000e+02 9.703749632000000000e+09 4.246820935804862529e-06
1.086802062988281250e+02 2.342391808000000000e+09 5.228900690212867630e-08
5.701223754882812500e+02 3.993395968000000000e+09 1.438949993826099671e-06
1.068119049072265625e+02 2.640232448000000000e+09 5.050668150374804100e-08
1.116708278656005859e+01 5.327868723200000000e+10 5.520635060207723654e-10
1.579530029296875000e+02 5.719307776000000000e+09 1.104498963400146749e-07
1.086560134887695312e+02 9.376861388800000000e+10 5.226573307481885422e-08
3.442575988769531250e+02 1.372539520000000000e+09 5.246583327789267059e-07
1.762018280029296875e+02 4.049487052800000000e+10 1.374454399183377973e-07
8.914105224609375000e+02 3.325372160000000000e+09 3.517750428727595136e-06
9.703348541259765625e+01 4.259364096000000000e+09 4.168240153035185358e-08
1.063874435424804688e+01 2.469916262400000000e+10 5.010605819144586803e-10
1.905163726806640625e+02 1.346655232000000000e+10 1.606845501100906404e-07
2.822395133972167969e+01 2.518884352000000000e+10 3.526510194973297985e-09
6.315062866210937500e+02 2.077877452800000000e+10 1.765488377714063972e-06
2.300081939697265625e+02 9.269736243200000000e+10 2.342049754133768147e-07
3.506892395019531250e+02 1.457866496000000000e+09 5.444454700409551151e-07
4.406214599609375000e+02 3.610698240000000000e+09 8.594900009484263137e-07
3.672850036621093750e+01 7.170848768000000000e+09 5.971946936966787689e-09
1.158171310424804688e+02 2.463239936000000000e+09 5.938204239441802201e-08
4.319076538085937500e+02 1.121068160000000000e+09 8.258313073383760639e-07
9.217861938476562500e+02 2.175224064000000000e+09 3.761576863325899467e-06
5.281958770751953125e+01 1.233241600000000000e+10 1.235092561557848967e-08
8.205753173828125000e+02 9.801365913600000000e+10 2.980892986670369282e-06
1.491932487487792969e+01 9.086359961600000000e+10 9.853893256916990140e-10
1.482546539306640625e+02 2.605127680000000000e+09 9.730300121191248763e-08
2.160041046142578125e+01 2.637003980800000000e+10 2.065539517204229014e-09
8.234279632568359375e+01 1.167909171200000000e+10 3.001655102252698271e-08
9.589273071289062500e+01 1.943164416000000000e+09 4.070810533107760421e-08
1.336141586303710938e+01 3.682571264000000000e+09 7.903409593446042436e-10
9.506096649169921875e+01 1.017869568000000000e+09 4.000497000333780306e-08
4.121982727050781250e+02 5.883136000000000000e+09 7.521800853282911703e-07
1.716516113281250000e+02 4.641431552000000000e+10 1.304383374645112781e-07
3.962350463867187500e+01 1.951132467200000000e+10 6.950488184997993812e-09
7.547032165527343750e+01 4.834464972800000000e+10 2.521517039610898792e-08
2.520157623291015625e+02 2.268374835200000000e+10 2.811673880387388635e-07
9.519129180908203125e+01 1.022808576000000000e+10 4.011473819787170214e-08
6.476698608398437500e+02 7.324433612800000000e+10 1.857021288742544129e-06
3.927300109863281250e+02 6.981875712000000000e+09 6.828065579611575231e-07
6.539649658203125000e+02 4.699028480000000000e+09 1.893295802801731043e-06
3.653923034667968750e+01 4.829001318400000000e+10 5.910555600507905183e-09
2.755555725097656250e+01 2.279396608000000000e+09 3.361459555151213863e-09
8.044866180419921875e+01 5.940899020800000000e+10 2.865148829300778743e-08
2.714306640625000000e+02 2.629840691200000000e+10 3.261574477164685959e-07
5.812692260742187500e+01 9.906847744000000000e+10 1.495767776305001462e-08
9.082306671142578125e+01 2.064550400000000000e+09 3.651756941280837054e-08
1.477203826904296875e+02 7.917974528000000000e+09 9.660295319235956413e-08
3.503059387207031250e+01 3.066616012800000000e+10 5.432559735396580436e-09
5.251804199218750000e+02 8.959544524800000000e+10 1.221030629494634923e-06
3.830232238769531250e+01 1.423854208000000000e+09 6.494710103055467698e-09
4.970297241210937500e+02 6.579889766400000000e+10 1.093639639293542132e-06
8.935817871093750000e+02 6.820803788800000000e+10 3.534908046276541427e-06
2.799034309387207031e+01 5.745913856000000000e+10 3.468374476511826288e-09
3.273345947265625000e+01 6.110316134400000000e+10 4.743439863119647271e-09
3.912846755981445312e+01 3.682349056000000000e+10 6.777900907195544278e-09
1.235376453399658203e+01 7.030711910400000000e+10 6.756288306597468818e-10
3.482233047485351562e+01 1.622507315200000000e+10 5.368157030005704655e-09
3.354430541992187500e+02 5.973806694400000000e+10 4.981350230082171038e-07
1.524183349609375000e+02 2.420722688000000000e+09 1.028451848128497659e-07
4.849792480468750000e+02 1.871102080000000000e+09 1.041252062350395136e-06
1.514656524658203125e+02 1.413743616000000000e+09 1.015635504586498428e-07
1.398323440551757812e+01 1.803842355200000000e+10 8.656150796149120197e-10
5.911738281250000000e+02 2.064292864000000000e+10 1.547176793792459648e-06
9.625206909179687500e+02 1.770437248000000000e+09 4.101376816834090278e-06
2.186730651855468750e+02 2.637095321600000000e+10 2.116898798476540833e-07
7.109285888671875000e+02 2.093950720000000000e+09 2.237491798950941302e-06
1.150008392333984375e+02 4.333537280000000000e+09 5.854793272419556160e-08
3.184059143066406250e+01 1.475879014400000000e+10 4.488195592955435131e-09
8.393075561523437500e+01 8.420966912000000000e+09 3.118543290270281432e-08
2.020746040344238281e+01 4.914826444800000000e+10 1.807727523228663813e-09
6.516886596679687500e+02 7.223980032000000000e+10 1.880138484011695255e-06
8.241584014892578125e+01 4.196544921600000000e+10 3.006982396414059622e-08
2.427610473632812500e+02 3.752346419200000000e+10 2.608960585348540917e-07
2.053722763061523438e+01 2.319053312000000000e+09 1.867209942219005825e-09
3.310946044921875000e+02 9.952090521600000000e+10 4.853038717556046322e-07
4.415145492553710938e+01 3.369512448000000000e+09 8.629776893087637291e-09
6.383956146240234375e+01 1.592042112000000000e+09 1.804219351697611273e-08
1.520014286041259766e+01 1.245826944000000000e+09 1.022833373554021819e-09
4.911513977050781250e+02 7.805072179200000000e+10 1.067923790287750307e-06
2.677006912231445312e+01 1.472232832000000000e+09 3.172550222529935127e-09
5.284111785888671875e+01 1.445928192000000000e+09 1.236099755885788909e-08
1.127478790283203125e+02 9.727231590400000000e+10 5.627639509953041852e-08
5.180013427734375000e+02 2.276143104000000000e+10 1.187876591757230926e-06
1.713706665039062500e+02 1.100721868800000000e+10 1.300117276059609139e-07
1.607330017089843750e+02 9.116598272000000000e+10 1.143719714491453487e-07
1.978721046447753906e+01 9.091967385600000000e+10 1.733319598962168584e-09
4.549283218383789062e+01 1.017174976000000000e+09 9.162109293470166449e-09
5.633306274414062500e+02 8.423931904000000000e+10 1.404870431542803999e-06
7.725711669921875000e+02 3.010463129600000000e+10 2.642326762725133449e-06
2.686817321777343750e+02 1.754141056000000000e+09 3.195845863501745043e-07
3.952720031738281250e+02 7.206648217600000000e+10 6.916743018337001558e-07
6.937738037109375000e+02 1.634653056000000000e+09 2.130812845280161127e-06
1.215733871459960938e+02 1.764199936000000000e+09 6.543145047999132657e-08
8.829842376708984375e+01 3.375314688000000000e+09 3.451560104394957307e-08
1.009457550048828125e+02 6.508360192000000000e+09 4.511133155915558746e-08
2.134385108947753906e+01 9.688773632000000000e+09 2.016764089063372012e-09
4.480269622802734375e+01 3.554682880000000000e+09 8.886236635419209051e-09
4.375150451660156250e+02 7.990331904000000000e+09 8.474137302982853726e-07
4.430675048828125000e+02 3.196072345600000000e+10 8.690590789228735957e-07
1.547710418701171875e+02 2.317171097600000000e+10 1.060446876977039210e-07
2.796804618835449219e+01 1.049760460800000000e+10 3.462850894919711209e-09
2.280002593994140625e+01 2.295101184000000000e+09 2.301337120869106911e-09
6.192654800415039062e+01 2.936272640000000000e+09 1.697708995607172255e-08
3.285049438476562500e+01 3.287419648000000000e+09 4.777418904922114962e-09
1.802441024780273438e+01 2.900163993600000000e+10 1.438241081785918141e-09
2.158405303955078125e+01 2.659804416000000000e+09 2.062412463033069798e-09
5.514402770996093750e+01 2.786543001600000000e+10 1.346190448003881102e-08
3.128232727050781250e+02 4.167133184000000000e+09 4.332191281264385907e-07
4.860828781127929688e+01 1.990490240000000000e+09 1.045996356197065325e-08
1.684223785400390625e+02 4.426563174400000000e+10 1.255767045904576662e-07
2.094758415222167969e+01 2.059486848000000000e+09 1.942573213398191001e-09
1.224532852172851562e+02 7.440499200000000000e+09 6.638200744646383100e-08
2.186302757263183594e+01 2.479595008000000000e+09 2.116070429991623314e-09
5.104728393554687500e+02 1.680625766400000000e+10 1.153598873315786477e-06
2.554968566894531250e+02 2.129504460800000000e+10 2.889885593049257295e-07
1.878948020935058594e+01 5.221620121600000000e+10 1.562928342302427609e-09
7.136085815429687500e+02 1.593814425600000000e+10 2.254393166367663071e-06
3.530043640136718750e+02 1.949001344000000000e+09 5.516577061825955752e-07
6.041758422851562500e+02 2.229693849600000000e+10 1.615980863789445721e-06
2.096965637207031250e+02 1.363576576000000000e+09 1.946669101471343311e-07
1.383345699310302734e+01 3.908068556800000000e+10 8.471708334845118316e-10
1.332081127166748047e+01 8.919972249600000000e+10 7.855446848559211048e-10
1.238705749511718750e+02 1.551455846400000000e+10 6.792753737272505532e-08
1.429245948791503906e+01 5.864034304000000000e+10 9.043227833238631774e-10
1.541547241210937500e+02 3.313761792000000000e+09 1.052018134828358598e-07
2.949699211120605469e+01 8.316106342400000000e+10 3.851811314348196902e-09
4.349486160278320312e+01 1.634909081600000000e+10 8.375011795180853369e-09
2.243464965820312500e+02 3.751393280000000000e+10 2.228168796136742458e-07
2.808637237548828125e+01 1.620133683200000000e+10 3.492213629385787499e-09
2.577041320800781250e+02 1.090370355200000000e+10 2.940033425602450734e-07
1.593328704833984375e+02 6.425136640000000000e+09 1.123880792874842882e-07
6.971430664062500000e+02 5.950316032000000000e+09 2.151559328922303393e-06
2.271837463378906250e+02 2.097768832000000000e+09 2.284883464653830742e-07
7.617570190429687500e+02 2.701754368000000000e+10 2.568871650510118343e-06
3.678059997558593750e+02 1.631168768000000000e+09 5.988901534692558926e-07
1.091936969757080078e+01 1.452096921600000000e+10 5.278428805155499504e-10
3.627529525756835938e+01 1.362802432000000000e+09 5.825475657417200637e-09
1.101009845733642578e+01 1.288288153600000000e+10 5.366510014148673235e-10
1.990896606445312500e+01 1.118078464000000000e+09 1.754716483226559376e-09
1.826710815429687500e+02 2.679812608000000000e+09 1.477233411151246401e-07
1.629524612426757812e+01 2.551605862400000000e+10 1.175523678398349148e-09
2.583851318359375000e+02 9.528576000000000000e+09 2.955592321995936800e-07
3.183912277221679688e+01 7.268778803200000000e+10 4.487781257722645023e-09
2.892880249023437500e+01 1.836487680000000000e+10 3.704848205998700905e-09
4.770504760742187500e+01 2.145401651200000000e+10 1.007484140558290164e-08
4.722137451171875000e+02 8.989843456000000000e+09 9.871581596598844044e-07
3.199012756347656250e+02 8.402718720000000000e+10 4.530450894435489317e-07
2.123235702514648438e+01 2.186338304000000000e+09 1.995748899474847349e-09
3.189310302734375000e+02 5.217013248000000000e+09 4.503012007717188681e-07
6.217090454101562500e+02 1.628104499200000000e+10 1.711133563730982132e-06
2.978872871398925781e+01 2.996167936000000000e+09 3.928379843642915148e-09
1.182566909790039062e+02 5.241594265600000000e+10 6.191002910327370046e-08
9.375099945068359375e+01 3.874592358400000000e+10 3.891000943667677348e-08
3.346860656738281250e+02 9.189501952000000000e+09 4.958893669027020223e-07
5.964629745483398438e+01 4.165245747200000000e+10 1.574985297736475331e-08
7.849447631835937500e+01 8.388696064000000000e+09 2.727644421440800215e-08
2.158630676269531250e+02 3.301930598400000000e+10 2.062843122985213995e-07
4.109343719482421875e+01 1.523170099200000000e+10 7.475744467910772073e-09
1.364342308044433594e+01 2.299886182400000000e+10 8.240551019333963723e-10
1.367891540527343750e+02 8.179645644800000000e+10 8.283479502324553323e-08
1.688282623291015625e+02 7.709026713600000000e+10 1.261826980680780252e-07
2.077563285827636719e+01 1.727844147200000000e+10 1.910812175154319448e-09
9.944339599609375000e+02 2.729090560000000000e+09 4.377855475468095392e-06
2.617284240722656250e+02 8.385659904000000000e+09 3.032573090422374662e-07
1.694802665710449219e+01 9.924184064000000000e+09 1.271591942852978718e-09
1.584499816894531250e+02 2.072288256000000000e+10 1.111460150582388451e-07
4.866799163818359375e+01 5.538224128000000000e+09 1.048567455086413247e-08
1.369632625579833984e+01 1.909166464000000000e+09 8.304580911833170376e-10
1.084206962585449219e+01 2.955299328000000000e+09 5.203959485555742503e-10
1.862158203125000000e+01 6.781537894400000000e+10 1.535121141316153626e-09
9.663710937500000000e+02 3.120505344000000000e+09 4.134256414545234293e-06
5.505146789550781250e+01 2.400340582400000000e+10 1.341674948918125665e-08
5.390354614257812500e+02 2.035610880000000000e+09 1.286305746361904312e-06
8.443140411376953125e+01 3.846175232000000000e+09 3.155858507852826733e-08
7.030169067382812500e+02 1.116857472000000000e+09 2.187968220823677257e-06
2.609162330627441406e+01 5.186827468800000000e+10 3.013781002536575215e-09
4.920927124023437500e+02 3.607240294400000000e+10 1.072021177606075071e-06
1.084051227569580078e+01 5.941963264000000000e+09 5.202465125364597043e-10
2.022780418395996094e+01 1.504462336000000000e+09 1.811369276794039251e-09
4.542964553833007812e+01 2.577816064000000000e+09 9.136675416243633663e-09
6.983123016357421875e+01 2.884843008000000000e+09 2.158782841377160366e-08
6.222163009643554688e+01 4.921826918400000000e+10 1.713926955915212602e-08
3.163495178222656250e+02 1.161550592000000000e+09 4.430409319411410252e-07
1.191542968750000000e+02 1.583118336000000000e+09 6.285342379896974307e-08
1.491326427459716797e+01 3.735076864000000000e+10 9.845889659132467386e-10
2.664597892761230469e+01 1.444109312000000000e+09 3.143206361855277464e-09
5.630663299560546875e+01 1.436837273600000000e+10 1.403552385426110050e-08
3.958728027343750000e+02 1.460935065600000000e+10 6.937785883565084077e-07
5.575145339965820312e+01 1.728001843200000000e+10 1.376010949627470836e-08
3.782661743164062500e+02 5.857099366400000000e+10 6.334386171147343703e-07
5.827340087890625000e+02 4.080296960000000000e+09 1.503315957052109297e-06
2.096301269531250000e+01 4.003884800000000000e+09 1.945436034489489430e-09
3.119266052246093750e+02 6.234502348800000000e+10 4.307391918700886890e-07
8.649974060058593750e+01 8.975000371200000000e+10 3.312372243158279161e-08
4.006213760375976562e+01 1.783898112000000000e+09 7.105223520653680680e-09
6.537504577636718750e+01 8.845096550400000000e+10 1.892054157792699698e-08
3.882379531860351562e+01 1.718463616000000000e+09 6.672760122228282853e-09
4.890211868286132812e+01 6.534188032000000000e+09 1.058680343390960843e-08
5.772520141601562500e+02 2.113997414400000000e+10 1.475164367548131850e-06
1.946043014526367188e+01 7.618046976000000000e+09 1.676542016326720841e-09
3.239402160644531250e+02 8.509776691200000000e+10 4.645573028483340750e-07
3.491892395019531250e+02 7.114291712000000000e+09 5.397979521148954518e-07
8.258584594726562500e+01 2.909054208000000000e+09 3.019400907078306773e-08
1.672777366638183594e+01 6.649404928000000000e+09 1.238756097698967551e-09
3.722061157226562500e+01 1.230098176000000000e+09 6.133050511891724454e-09
1.556284027099609375e+02 2.616929024000000000e+09 1.072228172915856703e-07
2.849179840087890625e+01 1.085922944000000000e+09 3.593761510600756992e-09
4.473722839355468750e+01 9.316075929600000000e+10 8.860284950173991092e-09
1.200442504882812500e+01 1.725098188800000000e+10 6.379581862780980828e-10
6.821750640869140625e+01 2.905207552000000000e+09 2.060161286010497861e-08
1.201406860351562500e+01 1.085284556800000000e+10 6.389836992859443399e-10
2.588974189758300781e+01 5.219316940800000000e+10 2.967324164160345390e-09
4.060323486328125000e+02 9.126198476800000000e+10 7.298452260329213459e-07
9.291986083984375000e+01 1.984911488000000000e+09 3.822316330115427263e-08
3.170574645996093750e+02 2.731709849600000000e+10 4.450260746580170235e-07
7.112314453125000000e+02 2.582542848000000000e+09 2.239398781966883689e-06
7.629930419921875000e+02 4.053793587200000000e+10 2.577215127530507743e-06
3.888216400146484375e+01 2.726808780800000000e+10 6.692839615851653434e-09
2.578849792480468750e+02 6.750569984000000000e+09 2.944161678897216916e-07
1.606974334716796875e+02 2.346115328000000000e+09 1.143213665955045144e-07
5.262788085937500000e+02 5.454795776000000000e+09 1.226143353960651439e-06
5.557958221435546875e+01 5.190506086400000000e+10 1.367540125585264832e-08
1.021718502044677734e+01 9.210667827200000000e+10 4.621383553615743267e-10
1.941005554199218750e+02 1.830498432000000000e+09 1.667873306132605649e-07
1.028023986816406250e+02 1.481778048000000000e+09 4.678601328578224638e-08
6.334349975585937500e+02 2.090980556800000000e+10 1.776288968358130660e-06
1.620007476806640625e+02 8.502913024000000000e+09 1.161832656748629233e-07
1.174382705688476562e+02 1.341415040000000000e+09 6.105606331630042405e-08
5.240137100219726562e+01 1.125823104000000000e+09 1.215611522553672330e-08
6.622086791992187500e+02 3.893186048000000000e+09 1.941329401233815588e-06
1.988211517333984375e+02 1.409788518400000000e+10 1.749986608956533018e-07
9.799025726318359375e+01 5.160676966400000000e+10 4.250845719866447325e-08
6.776071166992187500e+02 8.639251456000000000e+09 2.032663132922607474e-06
4.093383789062500000e+02 1.542488268800000000e+10 7.417788197017216589e-07
4.249727249145507812e+01 7.144543744000000000e+09 7.995242690128634422e-09
1.874633026123046875e+02 4.378467328000000000e+09 1.555758046833943808e-07
3.288415222167968750e+02 4.515138560000000000e+09 4.787213470081042033e-07
8.763305664062500000e+01 1.412510848000000000e+09 3.399737735776398040e-08
3.644487380981445312e+01 1.957175705600000000e+10 5.880069320340908234e-09
8.095077514648437500e+02 5.666948710400000000e+10 2.901025254686828703e-06
3.851080322265625000e+02 6.962396364800000000e+10 6.565604167008132208e-07
2.663396301269531250e+02 4.599974297600000000e+10 3.140372371035482502e-07
7.101244506835937500e+02 1.635439616000000000e+09 2.232433189419680275e-06
1.336029663085937500e+02 3.722157260800000000e+10 7.902085741307018907e-08
1.225969619750976562e+02 1.490141824000000000e+09 6.653787210098016658e-08
4.280212402343750000e+02 1.492391526400000000e+10 8.110359885904472321e-07
3.183831024169921875e+01 8.584652390400000000e+10 4.487552107690362391e-09
5.838393402099609375e+01 2.575061196800000000e+10 1.509024194490393711e-08
6.925448608398437500e+01 9.135330918400000000e+10 2.123270625986606319e-08
1.984239387512207031e+01 7.906575155200000000e+10 1.743000965781504874e-09
6.156402587890625000e+02 5.721281024000000000e+09 1.677890281825966667e-06
8.640384521484375000e+02 3.875617587200000000e+10 3.305031896161381155e-06
3.589652633666992188e+01 4.728278630400000000e+10 5.704458239108589623e-09
1.318119812011718750e+01 1.772613222400000000e+10 7.691646208840552390e-10
3.646689987182617188e+01 9.946539008000000000e+09 5.887178300412188037e-09
3.171391487121582031e+01 1.757016268800000000e+10 4.452554325240498656e-09
1.571385040283203125e+02 1.625208448000000000e+09 1.093137385055342747e-07
3.253714904785156250e+02 1.217690752000000000e+09 4.686714589752227766e-07
2.201234054565429688e+01 1.859358976000000000e+09 2.145072564019301353e-09
2.334112243652343750e+02 1.839151488000000000e+09 2.411864841178612551e-07
1.150784912109375000e+02 8.534761984000000000e+09 5.862702323611301836e-08
3.314189147949218750e+01 8.644156416000000000e+09 4.862549918271952265e-09
1.149048709869384766e+01 5.836486144000000000e+09 5.845025574657825018e-10
3.510439682006835938e+01 2.796449587200000000e+10 5.455474738624843667e-09
9.542200317382812500e+02 8.513830092800000000e+10 4.030942363897338510e-06
4.756440353393554688e+01 7.254469120000000000e+09 1.001552352164480908e-08
7.991513671875000000e+02 2.191698124800000000e+10 2.827272055583307520e-06
3.465578308105468750e+02 9.745527808000000000e+09 5.316929900800460018e-07
3.820024871826171875e+01 1.706178150400000000e+10 6.460139534425479724e-09
2.065500831604003906e+01 8.303760384000000000e+09 1.888688094808799178e-09
5.277260589599609375e+01 1.333399680000000000e+09 1.232896362779456467e-08
9.015058135986328125e+01 3.196449024000000000e+09 3.597879683070459578e-08
8.360715942382812500e+02 5.416043520000000000e+09 3.094542535109212622e-06
1.243890914916992188e+02 6.578746368000000000e+09 6.849740685765937087e-08
5.398959350585937500e+02 6.913164288000000000e+09 1.290415752919216175e-06
5.530553436279296875e+01 8.587481600000000000e+09 1.354087331151276885e-08
6.216580810546875000e+02 1.496020070400000000e+10 1.710853098302322906e-06
9.859583740234375000e+02 1.514916352000000000e+10 4.303548394091194496e-06
7.314757690429687500e+02 5.944111104000000000e+09 2.368696414123405702e-06
1.355581665039062500e+02 2.391206297600000000e+10 8.135061335678983596e-08
1.782309341430664062e+01 6.895306342400000000e+10 1.406292637895489861e-09
2.482798957824707031e+01 6.548483276800000000e+10 2.728931303153103727e-09
1.276990890502929688e+02 9.356493824000000000e+09 7.219134090519219171e-08
7.854989624023437500e+02 1.430485606400000000e+10 2.731497261265758425e-06
1.352407836914062500e+01 2.780766822400000000e+10 8.097013615149251109e-10
3.748761901855468750e+02 5.971886899200000000e+10 6.221358148650324438e-07
1.410416126251220703e+01 4.613261721600000000e+10 8.806514961712252898e-10
1.429151916503906250e+01 2.392626176000000000e+10 9.042038229267745919e-10
2.731563377380371094e+01 3.267875635200000000e+10 3.303179063607331045e-09
4.235671081542968750e+02 1.306648192000000000e+09 7.942440447550325189e-07
8.288950805664062500e+02 1.413495936000000000e+09 3.041645641133072786e-06
5.182709884643554688e+01 8.747188224000000000e+10 1.189113518762496824e-08
1.571025848388671875e+02 2.415531264000000000e+09 1.092637660349282669e-07
3.513704299926757812e+01 1.708048486400000000e+10 5.465626173872806248e-09
4.946463012695312500e+02 2.452534476800000000e+10 1.083176016436482314e-06
2.609185600280761719e+01 4.730849280000000000e+09 3.013834737330967073e-09
2.401899414062500000e+02 1.600366080000000000e+09 2.553989872922102222e-07
2.210817413330078125e+02 2.545944576000000000e+10 2.163790639997387188e-07
5.725846099853515625e+01 8.490371072000000000e+09 1.451405839958397337e-08
3.774127197265625000e+01 3.847053312000000000e+09 6.305834965303347417e-09
1.373799228668212891e+01 2.888965734400000000e+10 8.355184877295585011e-10
1.035290050506591797e+01 7.050137600000000000e+09 4.744971637826722599e-10
1.640692329406738281e+01 2.385468620800000000e+10 1.191691412216755452e-09
6.995390319824218750e+01 8.988085452800000000e+10 2.166374102330337337e-08
1.162322616577148438e+02 1.103209216000000000e+09 5.980849948628019774e-08
2.520648956298828125e+02 5.746296422400000000e+10 2.812770389937213622e-07
1.047668991088867188e+02 1.827053568000000000e+10 4.859120750211332052e-08
4.572196655273437500e+02 1.310563072000000000e+09 9.254635529032384511e-07
9.121478271484375000e+02 1.240660377600000000e+10 3.683324393932707608e-06
1.719749603271484375e+02 1.044960512000000000e+09 1.309302319896232802e-07
9.917215576171875000e+02 1.761672396800000000e+10 4.354006250650854781e-06
3.513847732543945312e+01 7.637997056000000000e+09 5.466072039439495711e-09
6.068882751464843750e+01 1.085383372800000000e+10 1.630523271956008102e-08
6.288499069213867188e+01 4.244019456000000000e+09 1.750666989153160102e-08
1.327733802795410156e+01 1.109447552000000000e+09 7.804256130228282018e-10
6.538498535156250000e+02 8.957409280000000000e+09 1.892629597932682373e-06
3.095272521972656250e+02 3.975893248000000000e+09 4.241381077463302063e-07
8.875625000000000000e+02 6.143497216000000000e+09 3.487445383143494837e-06
1.635827445983886719e+01 9.284636672000000000e+10 1.184634723649935495e-09
1.969145660400390625e+02 2.120937881600000000e+10 1.716584421274092165e-07
3.136282043457031250e+02 4.665145344000000000e+10 4.354514828719402431e-07
1.290539703369140625e+02 1.998037401600000000e+10 7.373136412525127525e-08
1.657128334045410156e+01 2.473263104000000000e+09 1.215686995514886348e-09
1.793830871582031250e+02 2.208204288000000000e+09 1.424532882765561226e-07
7.739033813476562500e+02 1.235162828800000000e+10 2.651447175594512373e-06
3.204875946044921875e+01 1.461528678400000000e+10 4.547073384486566283e-09
3.120156288146972656e+01 1.052492288000000000e+10 4.309850698547279535e-09
1.810246849060058594e+01 1.376014438400000000e+10 1.450725095608618176e-09
2.367012939453125000e+02 1.444425856000000000e+09 2.480337570887058973e-07
1.674615097045898438e+01 5.463077888000000000e+09 1.241479474778373060e-09
1.719502716064453125e+02 2.456826265600000000e+10 1.308926442789015709e-07
1.347390937805175781e+01 1.061684428800000000e+10 8.037052134923783342e-10
4.700532531738281250e+02 1.182751129600000000e+10 9.781459766600164585e-07
6.978376770019531250e+01 3.778921676800000000e+10 2.155849010421206913e-08
4.351562500000000000e+01 5.714289868800000000e+10 8.383009841850252997e-09
3.125298156738281250e+02 5.282353152000000000e+09 4.324067219840799225e-07
1.668968772888183594e+01 4.912938598400000000e+10 1.233121715848994882e-09
3.652371520996093750e+02 3.356900352000000000e+10 5.905537250328052323e-07
3.955035400390625000e+01 1.311770368000000000e+09 6.924848250378090597e-09
8.223081665039062500e+02 3.996246835200000000e+10 2.993496082126512192e-06
1.092479705810546875e+02 6.101197619200000000e+10 5.283677140255349514e-08
9.622521362304687500e+02 5.092864000000000000e+10 4.099088528164429590e-06
4.114397430419921875e+01 2.285788160000000000e+09 7.494143083874860167e-09
2.180711059570312500e+02 1.237932032000000000e+09 2.105260250573337544e-07
1.088520584106445312e+02 3.609903104000000000e+09 5.245450651614191884e-08
3.465439605712890625e+01 1.412451456000000000e+09 5.316505014008043872e-09
1.253158187866210938e+01 2.719686400000000000e+09 6.952184383735016127e-10
3.394348144531250000e+02 6.782030848000000000e+09 5.100611701891466510e-07
1.196498775482177734e+01 7.252125286400000000e+10 6.337734226313784802e-10
5.320606689453125000e+02 1.420726784000000000e+10 1.253232994713471271e-06
7.175062866210937500e+02 4.434142412800000000e+10 2.279087084389175288e-06
2.551507415771484375e+02 1.017182412800000000e+10 2.882061096443067072e-07
2.136816215515136719e+01 1.609821824000000000e+09 2.021361078519134935e-09
8.757830200195312500e+02 2.788442112000000000e+10 3.395490921320742927e-06
3.807474517822265625e+01 1.157690880000000000e+10 6.417760545218698098e-09
4.193917465209960938e+01 9.655850598400000000e+10 7.786625566552629607e-09
4.764240646362304688e+01 2.331786035200000000e+10 1.004840033402842892e-08
1.501372623443603516e+01 4.059399936000000000e+09 9.978987636216629653e-10
6.303496704101562500e+02 9.699751526400000000e+10 1.759027327352669090e-06
2.810455131530761719e+01 2.025557811200000000e+10 3.496736233898900537e-09
4.000026321411132812e+01 1.314291456000000000e+09 7.083293063203655038e-09
2.719964027404785156e+01 2.033607296000000000e+09 3.275185234130617573e-09
1.085473728179931641e+01 1.936246016000000000e+09 5.216127529905634219e-10
6.373074951171875000e+02 1.457243264000000000e+09 1.798074094949697610e-06
6.056427383422851562e+01 7.030782361600000000e+10 1.623837420083873440e-08
2.328816032409667969e+01 2.456879104000000000e+10 2.400931897739155829e-09
2.307641143798828125e+02 3.116023808000000000e+09 2.357469526259592385e-07
1.459758148193359375e+02 1.450162073600000000e+10 9.433467340613788110e-08
2.875934448242187500e+02 3.003995955200000000e+10 3.661571099655702710e-07
2.660558319091796875e+01 4.085651456000000000e+10 3.133682868750042871e-09
7.182507324218750000e+02 2.166088499200000000e+10 2.283818730575148948e-06
2.880265998840332031e+01 8.703479808000000000e+09 3.672609327765030685e-09
1.607545166015625000e+02 2.225535590400000000e+10 1.144026029464839667e-07
1.061351318359375000e+02 2.067953152000000000e+09 4.986867807588168944e-08
2.690655708312988281e+01 1.810568832000000000e+09 3.204983611837519675e-09
1.880325775146484375e+02 4.693147648000000000e+09 1.565221197097343975e-07
1.006434249877929688e+01 3.045099724800000000e+10 4.484152493766657699e-10
3.247983093261718750e+02 3.836109824000000000e+09 4.670216640079161152e-07
5.097157897949218750e+02 9.555461734400000000e+10 1.150179741671308875e-06
6.184909667968750000e+02 2.169895168000000000e+09 1.693465037533314899e-06
5.562482299804687500e+02 3.532592896000000000e+09 1.369767232972662896e-06
6.120427322387695312e+01 1.072941670400000000e+10 1.658337822618705104e-08
1.039356803894042969e+01 5.066622464000000000e+09 4.782322315932674428e-10
1.956159515380859375e+02 3.056177766400000000e+10 1.694018294529087143e-07
2.719960937500000000e+02 2.433048832000000000e+09 3.275177675732265925e-07
5.501646118164062500e+02 1.266199808000000000e+09 1.339969116997963283e-06
1.004150772094726562e+01 2.439205888000000000e+09 4.463827363299088802e-10
1.136178970336914062e+01 1.574951628800000000e+10 5.714825834779446723e-10
1.392653751373291016e+01 4.363774361600000000e+10 8.586097388629809757e-10
1.680573883056640625e+02 4.227674624000000000e+09 1.250330399216181831e-07
5.781661605834960938e+01 2.015402393600000000e+10 1.479840250340203056e-08
9.723139038085937500e+02 7.888697753600000000e+10 4.185260422673309222e-06
1.235678024291992188e+02 1.199607296000000000e+10 6.759587023452695576e-08
1.636490058898925781e+01 4.357856460800000000e+10 1.185594733499328868e-09
7.010746765136718750e+01 1.255340134400000000e+10 2.175895907896574499e-08
5.011382141113281250e+02 1.195182284800000000e+10 1.111794517782982439e-06
2.514681091308593750e+02 3.177717964800000000e+10 2.799467040404124418e-07
1.621207885742187500e+02 5.383199232000000000e+09 1.163554941285838140e-07
5.140434265136718750e+01 1.656719360000000000e+10 1.169793240052285910e-08
1.666349639892578125e+02 2.730495488000000000e+09 1.229254422696612892e-07
5.172183609008789062e+01 6.665119232000000000e+09 1.184288223043949984e-08
1.467209472656250000e+02 6.147388416000000000e+09 9.530019440262549324e-08
1.201850891113281250e+01 7.263431680000000000e+09 6.394560991829223440e-10
5.417200927734375000e+02 2.083295872000000000e+09 1.299150198974530213e-06
3.301345825195312500e+01 2.276783616000000000e+09 4.824936450376071662e-09
1.268524856567382812e+02 2.884408524800000000e+10 7.123730227931446279e-08
4.731495285034179688e+01 2.490765312000000000e+10 9.910746001651205006e-09
1.185184249877929688e+02 4.634667827200000000e+10 6.218437675897803274e-08
8.879360961914062500e+01 1.474171392000000000e+10 3.490382027848681901e-08
2.538419494628906250e+02 7.076207820800000000e+10 2.852570162303891266e-07
8.681886291503906250e+01 2.316427468800000000e+10 3.336857901103940094e-08
9.252991333007812500e+02 1.210438246400000000e+10 3.790302116613020189e-06
2.393394279479980469e+01 1.940082483200000000e+10 2.535934351399760089e-09
1.042303924560546875e+02 1.324557824000000000e+09 4.809481524148395692e-08
9.452461242675781250e+01 5.555042816000000000e+09 3.955481275852434919e-08
3.141423950195312500e+02 2.751590809600000000e+10 4.368804695786820957e-07
1.502461624145507812e+01 5.600627916800000000e+10 9.993469385349840195e-10
2.631214294433593750e+02 2.683808768000000000e+09 3.064939448904624442e-07
8.257351684570312500e+01 6.498524672000000000e+09 3.018499228346627206e-08
7.244417572021484375e+01 2.785830144000000000e+09 2.323359638012334472e-08
5.347401428222656250e+01 7.133235200000000000e+09 1.265887483725691709e-08
3.213771820068359375e+01 1.130653312000000000e+09 4.572351386400441697e-09
4.442614746093750000e+02 6.963885568000000000e+09 8.737492294130788650e-07
1.255939674377441406e+01 2.866376448000000000e+09 6.983080780287309608e-10
4.110964202880859375e+01 9.759995494400000000e+10 7.481641972617580905e-09
1.668320770263671875e+02 3.790229504000000000e+10 1.232164379416644806e-07
1.556804656982421875e+02 3.735768678400000000e+10 1.072945821078974404e-07
2.832092285156250000e+01 5.336702566400000000e+10 3.550784777317517182e-09
5.180429077148437500e+02 4.676340224000000000e+09 1.188067130897252355e-06
8.496959838867187500e+02 3.833529600000000000e+09 3.196219950041268021e-06
5.394002075195312500e+02 2.427200512000000000e+09 1.288046973968448583e-06
1.569093036651611328e+01 1.635846860800000000e+10 1.089950907307013495e-09
3.041961479187011719e+01 1.036194176000000000e+09 4.096537775666320158e-09
2.432853889465332031e+01 2.745764608000000000e+09 2.620242911532955077e-09
3.849996185302734375e+01 4.330766745600000000e+10 6.561907905933139773e-09
3.258847351074218750e+02 5.912840704000000000e+09 4.701512352767167613e-07
1.378210258483886719e+01 1.642510336000000000e+10 8.408924667691053401e-10
6.393505096435546875e+01 2.507527936000000000e+09 1.809620719939175615e-08
4.203768920898437500e+02 7.198459392000000000e+09 7.823250030014605727e-07
1.757283401489257812e+01 1.555476864000000000e+09 1.367077451241982544e-09
5.926728515625000000e+02 6.224621056000000000e+09 1.555033009026374202e-06
7.150911712646484375e+01 4.517506560000000000e+09 2.263770149113497610e-08
2.750429153442382812e+01 1.498338918400000000e+10 3.348963772964452801e-09
9.276324462890625000e+01 2.051342540800000000e+10 3.809442361557557888e-08
8.522627563476562500e+02 1.287846092800000000e+10 3.215559218006092124e-06
5.021804428100585938e+01 3.786689792000000000e+09 1.116423842262292965e-08
1.053563308715820312e+02 4.501336064000000000e+10 4.913950490958995942e-08
2.406279563903808594e+01 5.116862976000000000e+09 2.563313339365436150e-09
7.182459106445312500e+02 1.621498112000000000e+09 2.283788489876314998e-06
4.948941040039062500e+01 2.821498112000000000e+09 1.084261658235163850e-08
1.517546386718750000e+02 1.735034265600000000e+10 1.019514641598107119e-07
1.641484375000000000e+02 6.937547571200000000e+10 1.192842375985492254e-07
2.570062828063964844e+01 8.117840281600000000e+10 2.924132269654933225e-09
9.759474182128906250e+01 7.328082432000000000e+09 4.216599691631017777e-08
1.675766372680664062e+01 3.459416883200000000e+10 1.243186886767944088e-09
1.341625308990478516e+01 4.804712448000000000e+10 7.968415927095406914e-10
4.862688293457031250e+02 5.763193651200000000e+10 1.046796796799753793e-06
5.375304565429687500e+02 5.922694656000000000e+09 1.279132902709534392e-06
3.200451660156250000e+02 3.724149964800000000e+10 4.534527704436186468e-07
1.198611907958984375e+02 3.657750118400000000e+10 6.360140503147704294e-08
3.463331985473632812e+01 2.979375104000000000e+10 5.310040407380256511e-09
6.959651489257812500e+02 7.969199718400000000e+10 2.144294967365567572e-06
4.666255187988281250e+01 4.582052659200000000e+10 9.639322229304525536e-09
3.698584594726562500e+02 1.007255040000000000e+10 6.055927315173903480e-07
5.255909729003906250e+01 3.747599616000000000e+09 1.222940415601669883e-08
6.566666870117187500e+02 5.610899456000000000e+09 1.908971853481489234e-06
7.397261810302734375e+01 1.062851686400000000e+10 2.422431322202101001e-08
1.620063171386718750e+02 2.418625126400000000e+10 1.161912592806402245e-07
9.687653198242187500e+02 8.351023104000000000e+10 4.154767339059617370e-06
1.243767738342285156e+01 1.021982208000000000e+10 6.848384082047687116e-10
4.529950332641601562e+01 1.218696499200000000e+10 9.084403451709022193e-09
1.867562255859375000e+02 3.725899776000000000e+09 1.544044181400749949e-07
3.906911087036132812e+01 1.036390195200000000e+10 6.757352011277362180e-09
1.207973937988281250e+02 2.669379788800000000e+10 6.459882939680028358e-08
1.819617080688476562e+01 1.775849472000000000e+10 1.465782495380096861e-09
4.552804946899414062e+01 1.893714688000000000e+09 9.176299720081715350e-09
7.917127075195312500e+02 1.839567232000000000e+09 2.774883796519134194e-06
2.672789192199707031e+01 6.494878208000000000e+09 3.162561101888172743e-09
2.915763664245605469e+01 1.119782016000000000e+09 3.763692912883698227e-09
8.341200561523437500e+02 3.249930240000000000e+10 3.080112719544558786e-06
8.338117675781250000e+02 6.281309388800000000e+10 3.077836481679696590e-06
1.334837646484375000e+02 1.568412569600000000e+10 7.887990705057745799e-08
5.715153503417968750e+01 4.876775424000000000e+09 1.445989994408591883e-08
6.629981689453125000e+02 4.493903462400000000e+10 1.945961457749945112e-06
2.476507377624511719e+01 2.649818112000000000e+10 2.715118352369927379e-09
1.477004337310791016e+01 1.090633523200000000e+10 9.657685762221035475e-10
6.097956848144531250e+01 8.054273024000000000e+09 1.646183456216476770e-08
6.602924804687500000e+02 1.084513792000000000e+09 1.930110784087446518e-06
1.694234848022460938e+01 9.285721292800000000e+10 1.270740290770788761e-09
2.029205513000488281e+01 3.721520742400000000e+10 1.822894724057277926e-09
9.073323822021484375e+01 3.447746816000000000e+09 3.644536761271410796e-08
8.488876342773437500e+01 3.136299776000000000e+09 3.190141484310515807e-08
1.218974304199218750e+02 4.094456320000000000e+09 6.578072486718156142e-08
3.541131210327148438e+01 5.264927232000000000e+09 5.551285209293155276e-09
2.397241401672363281e+01 7.916634112000000000e+10 2.544093602452335290e-09
2.779379081726074219e+01 1.637154176000000000e+09 3.419834637696794744e-09
1.349620819091796875e+02 3.798539008000000000e+09 8.063675238645373611e-08
1.105961704254150391e+01 1.587696230400000000e+10 5.414890758004275995e-10
3.880074157714843750e+02 2.031552512000000000e+09 6.664837428616010584e-07
1.710587615966796875e+02 4.468228096000000000e+09 1.295389040478767129e-07
1.148236465454101562e+01 3.691582208000000000e+09 5.836764405131589228e-10
1.129747486114501953e+01 5.258563584000000000e+10 5.650310219706966564e-10
3.031186866760253906e+01 1.650100428800000000e+10 4.067569392418590724e-09
1.992766571044921875e+01 1.645881344000000000e+09 1.758014289698905941e-09
1.891593170166015625e+01 2.275228057600000000e+10 1.584035902446601085e-09
3.895818328857421875e+01 7.024089600000000000e+09 6.719035550162288928e-09
3.638234710693359375e+01 7.219046400000000000e+09 5.859909446570554792e-09
8.338825073242187500e+02 4.915643596800000000e+10 3.078358759012189694e-06
3.180445251464843750e+02 1.180299059200000000e+10 4.478013124753488228e-07
1.384674224853515625e+02 6.565210112000000000e+09 8.487987912531025358e-08
1.763881683349609375e+01 5.826223616000000000e+09 1.377363001431319844e-09
3.826561584472656250e+02 1.967003008000000000e+09 6.482267167484678794e-07
7.105125427246093750e+01 2.111027200000000000e+09 2.234873797135605855e-08
4.700423431396484375e+01 8.929465958400000000e+10 9.781004450815089513e-09
1.868432235717773438e+01 1.730168217600000000e+10 1.545483074849585137e-09
1.291866760253906250e+02 2.001851187200000000e+10 7.388307921019077185e-08
2.755308723449707031e+01 3.817757491200000000e+10 3.360857148138052253e-09
1.329252243041992188e+01 2.911328256000000000e+09 7.822117398248451536e-10
1.535274887084960938e+01 6.230878617600000000e+10 1.043474417983247804e-09
2.267721748352050781e+01 5.125013504000000000e+09 2.276612232066099750e-09
3.596157073974609375e+01 1.134080640000000000e+09 5.725149243573923741e-09
1.508225536346435547e+01 9.746495078400000000e+10 1.007029237776180253e-09
7.925902557373046875e+01 1.778944640000000000e+09 2.781038155319492944e-08
3.075737762451171875e+01 6.529318092800000000e+10 4.188013935646495156e-09
1.853277206420898438e+01 3.436188876800000000e+10 1.520513603914253054e-09
2.762897949218750000e+02 4.486193971200000000e+10 3.379397242042614380e-07
1.229499130249023438e+02 7.109789184000000000e+09 6.692154386200854788e-08
1.262008209228515625e+02 3.563203584000000000e+09 7.050726935631246306e-08
2.744844436645507812e+01 3.911953612800000000e+10 3.335377529722904910e-09
5.166625213623046875e+01 6.065490432000000000e+09 1.181744035960718975e-08
2.782317161560058594e+01 2.900827904000000000e+09 3.427068628880647339e-09
3.851718139648437500e+01 6.850302771200000000e+10 6.567778321198147751e-09
1.012966442108154297e+01 1.296392499200000000e+10 4.542549669750428620e-10
5.425286865234375000e+02 4.783253094400000000e+10 1.303031467614346184e-06
3.645663452148437500e+01 8.809918464000000000e+10 5.883864506728286869e-09
1.385487079620361328e+01 4.359039795200000000e+10 8.497956782704818579e-10
6.911821899414062500e+02 2.179518259200000000e+10 2.114923290719161741e-06
5.354283905029296875e+01 1.338666624000000000e+09 1.269148164340094809e-08
7.628074340820312500e+02 6.415029760000000000e+09 2.575961616457789205e-06
1.529234504699707031e+01 2.170603264000000000e+09 1.035279639793884598e-09
5.564189453125000000e+02 1.177274368000000000e+09 1.370608401884965133e-06
1.872810363769531250e+02 3.356203264000000000e+09 1.552734261167643126e-07
7.411066284179687500e+02 3.497749504000000000e+09 2.431481334497220814e-06
2.767397155761718750e+02 2.075437465600000000e+10 3.390412075532367453e-07
1.628993415832519531e+01 1.454574899200000000e+10 1.174757291444450402e-09
6.838347778320312500e+02 6.122158080000000000e+09 2.070197979264776222e-06
2.790794563293457031e+01 1.261379686400000000e+10 3.447984120441560663e-09
6.397525024414062500e+01 2.084955545600000000e+10 1.811896943593183096e-08
6.016323242187500000e+02 8.189129216000000000e+09 1.602403472134028561e-06
8.874687957763671875e+01 4.248329830400000000e+10 3.486708877176170063e-08
1.952838325500488281e+01 7.913828352000000000e+09 1.688270745425768382e-09
1.411042480468750000e+02 1.349658624000000000e+10 8.814338059437432094e-08
1.113311672210693359e+01 4.271781376000000000e+09 5.487101883971945426e-10
1.210671234130859375e+01 5.633572864000000000e+09 6.488763970580180285e-10
5.254614257812500000e+02 2.863709593600000000e+10 1.222337573381082620e-06
1.945061302185058594e+01 2.186669260800000000e+10 1.674850924615611802e-09
1.896328735351562500e+01 1.916333056000000000e+09 1.591976994674837442e-09
3.768783950805664062e+01 4.448144384000000000e+09 6.287991904940781751e-09
3.020824279785156250e+02 4.541362688000000000e+09 4.039805503452953417e-07
5.683282089233398438e+01 3.032519270400000000e+10 1.429907481309555806e-08
3.041720008850097656e+01 2.274432256000000000e+09 4.095887184973889816e-09
3.727486267089843750e+02 4.026796544000000000e+09 6.150941658233932685e-07
2.789672546386718750e+02 2.050498176000000000e+09 3.445212257702223724e-07
6.904682922363281250e+01 2.971711897600000000e+10 2.110556529544282967e-08
3.054858398437500000e+02 9.581019136000000000e+10 4.131346997837681556e-07
4.840701599121093750e+02 4.786162892800000000e+10 1.037352035382355098e-06
1.486956787109375000e+01 5.333168640000000000e+09 9.788275745492569513e-10
7.798062896728515625e+01 4.859248640000000000e+09 2.692049250185846176e-08
5.778717651367187500e+02 6.682826752000000000e+09 1.478333615523297340e-06
3.893568115234375000e+02 4.889967001600000000e+10 6.711276228088536300e-07
5.829723510742187500e+02 1.320758374400000000e+10 1.504546048636257183e-06
5.015506896972656250e+02 6.971215052800000000e+10 1.113625557991326787e-06
7.464717102050781250e+01 6.710151577600000000e+10 2.466813064927464438e-08
5.368898010253906250e+01 1.451695001600000000e+10 1.276085637158530517e-08
2.502857398986816406e+01 8.982283878400000000e+10 2.773203444661476169e-09
2.359191894531250000e+01 1.183696512000000000e+09 2.463973691746446093e-09
3.709160232543945312e+01 1.294998528000000000e+09 6.090608906106353970e-09
5.023826599121093750e+01 6.785001881600000000e+10 1.117323211730081312e-08
2.533389434814453125e+02 2.089747456000000000e+10 2.841276227627531625e-07
6.847463989257812500e+01 1.644635264000000000e+09 2.075721461380908295e-08
5.200825805664062500e+02 1.675523456000000000e+09 1.197440951727912761e-06
4.520461273193359375e+01 3.509267251200000000e+10 9.046384086275338632e-09
7.696340179443359375e+01 3.642852864000000000e+09 2.622273598262836458e-08
7.717926025390625000e+01 9.300486144000000000e+09 2.637003682082195155e-08
1.983065795898437500e+01 3.801523404800000000e+10 1.740939725713985808e-09
3.691067504882812500e+01 3.345094656000000000e+10 6.031335875178456263e-09
1.045802688598632812e+01 1.716409344000000000e+10 4.841824718937459693e-10
9.819597167968750000e+02 1.059483852800000000e+10 4.268712018529186025e-06
1.346255187988281250e+02 8.678808576000000000e+09 8.023508968335590907e-08
1.051933860778808594e+01 3.558919372800000000e+10 4.898763061866873159e-10
6.202714233398437500e+02 1.935639961600000000e+10 1.703229258964711335e-06
3.788974380493164062e+01 1.288974720000000000e+09 6.355545423275543726e-09
5.519009399414062500e+02 2.750632550400000000e+10 1.348440491710789502e-06
4.683485031127929688e+01 4.328437760000000000e+10 9.710638515514347091e-09
7.440407714843750000e+02 7.301178163200000000e+10 2.450772399242850952e-06
2.187607574462890625e+01 7.674614784000000000e+09 2.118597075551065245e-09
6.147720718383789062e+01 8.152076800000000000e+09 1.673161165172132314e-08
7.372741699218750000e+01 1.513998848000000000e+10 2.406398635912410100e-08
9.839681396484375000e+02 6.043307520000000000e+09 4.286192051949910820e-06
1.456092987060546875e+02 4.774405632000000000e+09 9.386155852553201839e-08
3.394222106933593750e+02 6.449709056000000000e+10 5.100233693156042136e-07
2.923430633544921875e+01 1.299713792000000000e+09 3.783512170230096672e-09
1.813034439086914062e+01 2.847643904000000000e+09 1.455196407817993531e-09
6.298281250000000000e+02 1.832701696000000000e+09 1.756117626428022049e-06
2.121542930603027344e+01 1.249542400000000000e+09 1.992568110509296275e-09
9.649371337890625000e+01 2.457608601600000000e+10 4.121995900163710758e-08
3.291832580566406250e+02 1.945412224000000000e+09 4.797168458026135340e-07
4.177386093139648438e+01 2.110077568000000000e+09 7.725360795518554369e-09
2.255037498474121094e+01 3.465472819200000000e+10 2.251215214243984519e-09
5.722340087890625000e+02 1.106982400000000000e+09 1.449628825866966508e-06
5.507911300659179688e+01 3.385852672000000000e+09 1.343022848487862575e-08
1.818090248107910156e+01 1.907521792000000000e+09 1.463323573425157065e-09
3.233368530273437500e+02 1.447507456000000000e+10 4.628282965768448776e-07
1.383528995513916016e+01 2.891138252800000000e+10 8.473952650689398070e-10
1.954003295898437500e+02 7.944243200000000000e+09 1.690285671429592185e-07
9.637397003173828125e+01 4.552664576000000000e+09 4.111771900738858676e-08
4.208225250244140625e+01 2.591471360000000000e+09 7.839845217461061111e-09
7.349882202148437500e+02 2.277979904000000000e+09 2.391499265286256559e-06
6.446366577148437500e+02 1.990354534400000000e+10 1.839668129832716659e-06
5.185620117187500000e+02 3.832317542400000000e+10 1.190449438581708819e-06
1.996537590026855469e+01 5.504610816000000000e+09 1.764674184556724867e-09
3.509662246704101562e+01 3.170535936000000000e+09 5.453058893323259326e-09
1.071577911376953125e+02 8.035379712000000000e+09 5.083432341734805959e-08
9.226663818359375000e+02 5.944008294400000000e+10 3.768763690459309146e-06
7.056092529296875000e+02 1.244186368000000000e+09 2.204134261774015613e-06
4.395739440917968750e+02 3.117231872000000000e+09 8.554082455702882726e-07
1.957160377502441406e+01 1.709721088000000000e+10 1.695752094299507462e-09
7.360025634765625000e+02 4.730480230400000000e+10 2.398104925305233337e-06
2.695780181884765625e+01 2.152586752000000000e+09 3.217202948491149073e-09
1.726659584045410156e+01 3.032287744000000000e+09 1.319845233105354509e-09
1.316984710693359375e+02 1.626297344000000000e+09 7.678404045918796328e-08
1.097389755249023438e+02 2.003729408000000000e+09 5.331277819209390145e-08
1.547845611572265625e+02 2.892047974400000000e+10 1.060632186522525444e-07
6.689019165039062500e+02 4.466607104000000000e+09 1.980771457965602167e-06
6.312099609375000000e+02 2.712323840000000000e+09 1.763831846801622305e-06
3.773021697998046875e+01 7.698675200000000000e+09 6.302141475345024446e-09
8.905083465576171875e+01 5.764269056000000000e+09 3.510633561631948396e-08
2.009458770751953125e+02 7.563351552000000000e+09 1.787589241075693280e-07
2.747767257690429688e+01 4.917183283200000000e+10 3.342484511392740387e-09
5.755568313598632812e+01 5.441445478400000000e+10 1.466513044334760707e-08
6.111398315429687500e+02 2.576548864000000000e+10 1.653448634897358716e-06
1.818954010009765625e+02 1.798100608000000000e+09 1.464714500798436347e-07
4.969506072998046875e+01 1.436348032000000000e+09 1.093291501774729113e-08
1.673240203857421875e+02 3.829767782400000000e+10 1.239441758116299752e-07
5.156447219848632812e+01 5.647462809600000000e+10 1.177092734394591389e-08
1.350698375701904297e+01 2.796838912000000000e+10 8.076557200809020287e-10
6.357777023315429688e+01 4.331343360000000000e+09 1.789452142020309111e-08
3.105288391113281250e+02 6.286855168000000000e+09 4.268875102297897683e-07
6.428418731689453125e+01 2.864187136000000000e+09 1.829438467382260569e-08
2.295273590087890625e+01 1.359165030400000000e+10 2.332267934335163773e-09
1.152596187591552734e+01 2.827613184000000000e+10 5.881172215893570865e-10
9.714023437500000000e+02 3.950041088000000000e+10 4.177416940365219489e-06
1.092357063293457031e+01 1.140142848000000000e+09 5.282490556091090639e-10
1.689059600830078125e+02 2.115174604800000000e+10 1.262988718053748016e-07
4.196516418457031250e+01 2.034886451200000000e+10 7.796278289617930568e-09
3.646271667480468750e+02 2.457481984000000000e+09 5.885827931706444360e-07
1.350467224121093750e+02 1.299101056000000000e+09 8.073792656659861677e-08
3.236991882324218750e+01 2.234340556800000000e+10 4.638661899036833347e-09
8.812771606445312500e+01 6.753595801600000000e+10 3.438227125229786907e-08
4.559854125976562500e+01 1.508849408000000000e+09 9.204738304902093660e-09
2.657644844055175781e+01 3.526591488000000000e+09 3.126823910903908654e-09
2.537387542724609375e+02 6.788984320000000000e+09 2.850251235031464603e-07
1.113835430145263672e+01 7.504441856000000000e+09 5.492266086370989342e-10
3.092477798461914062e+01 2.928328294400000000e+10 4.233725370283991651e-09
4.728037109375000000e+02 3.308738560000000000e+10 9.896264145936584100e-07
1.309865760803222656e+01 2.658557542400000000e+10 7.595618023437111788e-10
9.678343963623046875e+01 2.726562048000000000e+09 4.146786380943012773e-08
3.642647094726562500e+02 6.429696512000000000e+09 5.874132966710021719e-07
2.314134063720703125e+02 3.766793472000000000e+09 2.370754401681551826e-07
1.209986972808837891e+01 2.008943104000000000e+09 6.481431502614043438e-10
1.102702255249023438e+02 6.441999564800000000e+10 5.383020607041544281e-08
3.849542617797851562e+01 2.705273651200000000e+10 6.560361587304441855e-09
3.486239624023437500e+02 1.659035545600000000e+10 5.380517222874914296e-07
4.988977050781250000e+01 1.341286604800000000e+10 1.101875479747604913e-08
5.488006591796875000e+02 1.117294796800000000e+10 1.333333557340665720e-06
1.997432136535644531e+01 1.270535552000000000e+09 1.766255697255303403e-09
5.504474258422851562e+01 8.030661120000000000e+09 1.341347211081256319e-08
1.132561874389648438e+02 4.035239680000000000e+09 5.678496961536438903e-08
1.105637454986572266e+01 1.126607564800000000e+10 5.411716075265360359e-10
3.261945495605468750e+02 1.395366528000000000e+09 4.710455527856538538e-07
1.183982086181640625e+01 3.005543168000000000e+09 6.205828628758069954e-10
2.287459869384765625e+02 4.453528064000000000e+09 2.316415788072845316e-07
3.329981613159179688e+01 4.974508544000000000e+09 4.909001649622268815e-09
7.259963989257812500e+01 1.992801024000000000e+09 2.333342052907028119e-08
2.967760009765625000e+02 1.206428672000000000e+09 3.899124294548528269e-07
1.571945571899414062e+01 1.024549478400000000e+10 1.093917401107091791e-09
9.735248413085937500e+02 2.550347980800000000e+10 4.195691872155293822e-06
1.576106548309326172e+01 3.457561804800000000e+10 1.099716318009313909e-09
1.290653228759765625e+02 1.048045772800000000e+10 7.374433863560625468e-08
5.090989685058593750e+02 1.454693760000000000e+09 1.147397711065423209e-06
1.900057411193847656e+01 1.717379993600000000e+10 1.598243759559636601e-09
2.162846374511718750e+02 1.216407936000000000e+09 2.070908209361732588e-07
9.844596557617187500e+02 4.858232832000000000e+09 4.290474862500559539e-06
4.357335281372070312e+01 8.031520358400000000e+10 8.405266704869518435e-09
3.513135681152343750e+02 6.192938496000000000e+09 5.463857064569310751e-07
1.241216373443603516e+01 1.074261401600000000e+10 6.820316533762138533e-10
1.323182487487792969e+01 3.406717132800000000e+10 7.750844410736590362e-10
6.934889221191406250e+01 1.504470528000000000e+10 2.129063503275574476e-08
7.514639892578125000e+02 4.277652736000000000e+09 2.499918764442554675e-06
2.488311462402343750e+02 2.133716224000000000e+09 2.741062701261398615e-07
1.140665054321289062e+02 7.234283110400000000e+10 5.760044174962786201e-08
1.795354652404785156e+01 4.773922304000000000e+09 1.426954221450671412e-09
1.235577583312988281e+01 4.427826176000000000e+09 6.758488213520763566e-10
1.537996768951416016e+01 7.938129100800000000e+10 1.047177677904187476e-09
1.183195800781250000e+02 1.082870169600000000e+10 6.197588930945130414e-08
6.942419433593750000e+02 3.752905216000000000e+09 2.133689349648193456e-06
7.407601928710937500e+01 6.224976384000000000e+09 2.429208301180096896e-08
1.046601104736328125e+02 4.290681088000000000e+09 4.849220047731250816e-08
8.884824371337890625e+01 1.262676480000000000e+09 3.494678324500455346e-08
1.109812164306640625e+02 1.414851712000000000e+09 5.452660545302023820e-08
6.898785400390625000e+01 2.496239104000000000e+09 2.106952656788507738e-08
4.300436782836914062e+01 3.120580198400000000e+10 8.187185152053189086e-09
1.184127616882324219e+01 1.050012416000000000e+09 6.207354075193904919e-10
9.016557006835937500e+02 3.991886336000000000e+09 3.599075853344402276e-06
3.095554809570312500e+02 4.020456448000000000e+09 4.242155000611091964e-07
6.716718139648437500e+02 4.459244544000000000e+09 1.997210347326472402e-06
8.831593322753906250e+01 5.343907020800000000e+10 3.452928964975399140e-08
2.317255210876464844e+01 7.857967616000000000e+09 2.377153585086944076e-09
1.079086685180664062e+01 3.161857536000000000e+09 5.154923155004098589e-10
4.882843627929687500e+02 7.377532518400000000e+10 1.055492475643404759e-06
1.388903331756591797e+01 3.017349888000000000e+09 8.539915441474477120e-10
2.984008483886718750e+02 8.976653516800000000e+10 3.941936483897734433e-07
7.522810363769531250e+01 8.195369369600000000e+10 2.505357699078558653e-08
1.888064727783203125e+02 1.179852672000000000e+09 1.578131758606104995e-07
1.646741294860839844e+01 8.165163008000000000e+10 1.200494814668218169e-09
6.165807723999023438e+01 3.924881920000000000e+09 1.683020656173539464e-08
1.090294036865234375e+02 1.106024243200000000e+10 5.262556612706248416e-08
2.694960784912109375e+01 9.788332032000000000e+09 3.215247623700179247e-09
6.053807983398437500e+02 3.280954572800000000e+10 1.622433046577498317e-06
2.557409973144531250e+02 1.020400064000000000e+09 2.895411341796716442e-07
4.542343139648437500e+01 9.362903040000000000e+10 9.134176082170597510e-09
2.453993225097656250e+01 1.670431232000000000e+10 2.665976106541734225e-09
1.710820159912109375e+02 1.595412377600000000e+10 1.295741185458609834e-07
4.866812896728515625e+01 3.422266368000000000e+09 1.048573317063983268e-08
2.537238883972167969e+01 6.426396160000000000e+09 2.849916969083210461e-09
1.348868656158447266e+01 8.015608832000000000e+09 8.054690248116003204e-10
3.037228698730468750e+02 3.022025728000000000e+10 4.083800035914464388e-07
3.438271331787109375e+01 1.868749696000000000e+09 5.233470545817908715e-09
1.985124397277832031e+01 3.935240192000000000e+10 1.744556166194399793e-09
6.254730834960937500e+02 5.668605132800000000e+10 1.731915745040168986e-06
1.396242828369140625e+02 2.257295360000000000e+09 8.630409809029515600e-08
3.377726440429687500e+02 5.462799872000000000e+09 5.050780487181327771e-07
5.209752273559570312e+01 3.631634432000000000e+09 1.201555033247814208e-08
8.816497039794921875e+01 2.881485004800000000e+10 3.441134666104517237e-08
4.206592559814453125e+01 4.786071961600000000e+10 7.833762083464534953e-09
1.138460063934326172e+01 2.406616064000000000e+09 5.737795794047428899e-10
3.721385192871093750e+01 1.435405209600000000e+10 6.130823404504326390e-09
1.207702560424804688e+02 1.505450700800000000e+10 6.456980372604448348e-08
1.411503410339355469e+01 1.360511078400000000e+10 8.820097430195517063e-10
1.255812835693359375e+01 1.237970432000000000e+09 6.981670241934523347e-10
3.670079040527343750e+02 1.128083353600000000e+10 5.962938871562073473e-07
9.985054931640625000e+02 1.050334310400000000e+10 4.413777332956669852e-06
2.741224670410156250e+02 3.037918720000000000e+09 3.326586295315792086e-07
8.096775817871093750e+01 2.995006464000000000e+09 2.902242890456818714e-08
6.355167770385742188e+01 1.600881024000000000e+09 1.787983627821176924e-08
1.231567573547363281e+01 4.781067264000000000e+09 6.714690470310813453e-10
6.893377685546875000e+02 5.173420032000000000e+10 2.103650786011712626e-06
2.293179512023925781e+01 1.182795264000000000e+10 2.328014225838614948e-09
1.186037921905517578e+01 1.308737843200000000e+10 6.227398041680487495e-10
1.213767089843750000e+02 1.797301452800000000e+10 6.521991480212818715e-08
6.066842651367187500e+02 1.122110464000000000e+10 1.629427401894645300e-06
1.028829650878906250e+02 1.249266560000000000e+09 4.685937327053579793e-08
3.175382041931152344e+01 1.684003328000000000e+10 4.463766689610793037e-09
7.119385528564453125e+01 3.783140096000000000e+09 2.243853813865825941e-08
6.790584716796875000e+02 1.726585472000000000e+09 2.041379957518074661e-06
3.298336486816406250e+02 6.047597363200000000e+10 4.816143359676061664e-07
1.955877876281738281e+01 5.439080857600000000e+10 1.693530427004930061e-09
4.458317871093750000e+02 1.460904448000000000e+10 8.799369766165909823e-07
8.229049682617187500e+01 4.224277708800000000e+10 2.997842685203977453e-08
1.847918891906738281e+01 3.665977344000000000e+09 1.511733849213214853e-09
2.334663200378417969e+01 8.579466854400000000e+10 2.413003796775115006e-09
4.448122024536132812e+01 1.488462643200000000e+10 8.759169389804810635e-09
2.279445266723632812e+01 3.845807104000000000e+09 2.300212020855951778e-09
4.902256011962890625e+01 1.628231782400000000e+10 1.063901677866851969e-08
5.337856445312500000e+02 8.047044198400000000e+10 1.261372176486474928e-06
2.771056365966796875e+01 3.879540736000000000e+10 3.399384107538594435e-09
1.333157062530517578e+01 8.683247206400000000e+10 7.868141138622775088e-10
5.495548706054687500e+02 2.214029926400000000e+10 1.337000753665051889e-06
9.692043304443359375e+01 7.730345574400000000e+10 4.158533783993334509e-08
2.554897117614746094e+01 1.118639104000000000e+09 2.889724015631145448e-09
3.410435867309570312e+01 1.996948864000000000e+09 5.149076276467212665e-09
1.650764083862304688e+01 1.277782732800000000e+10 1.206367228334670472e-09
7.316428375244140625e+01 6.385863680000000000e+09 2.369778684396806057e-08
2.010480117797851562e+01 7.738050969600000000e+10 1.789406844920904405e-09
5.926845092773437500e+02 1.846488832000000000e+09 1.555094286231906153e-06
9.251659393310546875e+01 3.509308620800000000e+10 3.789211078242260555e-08
2.812784423828125000e+02 9.367376691200000000e+10 3.502534298149839742e-07
9.324029541015625000e+01 2.377974784000000000e+10 3.848724361432687147e-08
4.746131896972656250e+01 1.194048384000000000e+09 9.972157322124530765e-09
1.900256652832031250e+02 3.393765120000000000e+09 1.598578762695979094e-07
3.481829833984375000e+02 1.186110592000000000e+09 5.366913455873145722e-07
2.167240905761718750e+02 1.772261376000000000e+10 2.079332261928357184e-07
2.999439392089843750e+02 2.982724608000000000e+09 3.982811165315069957e-07
8.536385498046875000e+02 9.428674150400000000e+10 3.225949285479146056e-06
4.149264526367187500e+01 1.789504640000000000e+09 7.621698827620093653e-09
8.472417449951171875e+01 5.245714432000000000e+09 3.177782659236072504e-08
3.134921836853027344e+01 4.617664000000000000e+09 4.350738436187384650e-09
1.057392501831054688e+01 1.129855232000000000e+09 4.949735066261951033e-10
1.700048675537109375e+02 6.100503040000000000e+09 1.279476151694325381e-07
1.930142059326171875e+02 1.317774336000000000e+10 1.649255949587313808e-07
5.004599914550781250e+02 2.083870515200000000e+10 1.108787273551570252e-06
5.447087478637695312e+01 8.110209024000000000e+09 1.313524577994940046e-08
1.072650146484375000e+01 2.854402560000000000e+09 5.093610533357662007e-10
2.687535400390625000e+02 1.146369638400000000e+10 3.197554008238512324e-07
5.283515548706054688e+01 1.423545472000000000e+09 1.235820779044161100e-08
5.397322998046875000e+02 1.065704550400000000e+10 1.289633701162529178e-06
1.351791381835937500e+02 3.977620275200000000e+10 8.089633496410897351e-08
3.481732559204101562e+01 4.346215936000000000e+09 5.366614264090685538e-09
8.772821044921875000e+01 1.011466048000000000e+09 3.407124893328727921e-08
1.510767669677734375e+02 3.916781568000000000e+10 1.010426942116282589e-07
8.480610656738281250e+01 8.955129036800000000e+10 3.183931696071340411e-08
4.104581604003906250e+02 5.362426265600000000e+10 7.458428399331751280e-07
2.104125404357910156e+01 1.635890073600000000e+10 1.959985063137992256e-09
1.056467533111572266e+01 4.520171520000000000e+10 4.941079212450461000e-10
3.085062255859375000e+02 1.826495488000000000e+09 4.213445379264157964e-07
3.087939147949218750e+02 1.214230144000000000e+09 4.221307392526796320e-07
3.117816467285156250e+02 7.642338918400000000e+10 4.303388720927614486e-07
8.738953399658203125e+01 3.808970240000000000e+09 3.380869273428288579e-08
1.140193405151367188e+02 3.670577971200000000e+10 5.755281051733618369e-08
4.909087219238281250e+02 9.075758080000000000e+09 1.066868890120531432e-06
2.253855438232421875e+02 4.676929536000000000e+10 2.248855821562756319e-07
1.564484558105468750e+02 4.355849011200000000e+10 1.083557776837551501e-07
2.300848846435546875e+02 1.042929152000000000e+10 2.343612095501157455e-07
4.409496154785156250e+02 1.438030745600000000e+10 8.607707400187791791e-07
1.282058525085449219e+01 1.072065280000000000e+09 7.276544922163452611e-10
5.155367431640625000e+02 6.615587635200000000e+10 1.176599766949948389e-06
2.579791259765625000e+02 2.472172800000000000e+09 2.946311781215626979e-07
5.443980102539062500e+02 2.528355072000000000e+09 1.312026483901718166e-06
7.373102569580078125e+01 2.587921408000000000e+09 2.406634180829314573e-08
2.515970611572265625e+02 1.961901465600000000e+10 2.802338769924972439e-07
1.342793655395507812e+01 5.133371392000000000e+10 7.982300931352881435e-10
1.354340515136718750e+02 7.487617024000000000e+09 8.120171912651130697e-08
4.076641235351562500e+02 1.065921152000000000e+09 7.357232902904797811e-07
5.106602859497070312e+01 4.043384832000000000e+10 1.154446227502603506e-08
2.052745819091796875e+01 3.420931891200000000e+10 1.865434029468815424e-09
1.621002197265625000e+01 3.589804851200000000e+10 1.163259821801432281e-09
1.449379425048828125e+02 2.425070848000000000e+09 9.299801462248069583e-08
2.710033035278320312e+01 7.924017664000000000e+09 3.251312552521312682e-09
8.747896118164062500e+02 4.022509977600000000e+10 3.387792276043910533e-06
4.038566589355468750e+01 1.683392102400000000e+10 7.220446462952168076e-09
2.044710922241210938e+01 1.902408294400000000e+10 1.850859132623838832e-09
4.979413757324218750e+02 2.492777472000000000e+09 1.097655285775545053e-06
1.426667881011962891e+01 1.038111334400000000e+10 9.010632240347149491e-10
2.833937683105468750e+02 1.676487936000000000e+09 3.555413741196389310e-07
4.078840332031250000e+02 7.772764569600000000e+10 7.365172791651275475e-07
1.313328704833984375e+02 2.078394496000000000e+09 7.635832588448465685e-08
1.079238510131835938e+01 8.153110937600000000e+10 5.156374216497283669e-10
1.110068206787109375e+02 2.013586432000000000e+09 5.455177287672086095e-08
4.457293319702148438e+01 4.182356377600000000e+10 8.795325356913963333e-09
4.440429687500000000e+02 4.964194816000000000e+09 8.728899842935788911e-07
8.037894287109375000e+02 3.134393139200000000e+10 2.860184622477390803e-06
5.042463302612304688e+01 5.511828480000000000e+09 1.125628390497013243e-08
8.291693115234375000e+02 9.339794432000000000e+09 3.043658807655447163e-06
4.680088806152343750e+02 1.180946816000000000e+09 9.696560709926416166e-07
3.410589218139648438e+01 4.384674816000000000e+09 5.149539461513086280e-09
6.860002899169921875e+01 5.188002201600000000e+10 2.083330130631111388e-08
4.471475219726562500e+01 3.907121152000000000e+10 8.851384514230176137e-09
5.669367218017578125e+01 7.145897164800000000e+10 1.422914142068520960e-08
1.464647521972656250e+02 1.210143846400000000e+10 9.496766750771712395e-08
2.168562698364257812e+01 8.069031424000000000e+09 2.081869343584230592e-09
2.849407348632812500e+02 7.121243136000000000e+09 3.594335566958761774e-07
1.686969947814941406e+01 1.075189248000000000e+09 1.259865545222282890e-09
1.019597015380859375e+02 2.279926784000000000e+10 4.602211944870759908e-08
1.360570068359375000e+02 4.182392422400000000e+10 8.195044642889115494e-08
7.928366699218750000e+02 3.426812518400000000e+10 2.782767751341452822e-06
1.194460868835449219e+01 9.497806848000000000e+09 6.316163703168342636e-10
4.647373657226562500e+02 7.963415552000000000e+09 9.561470051266951486e-07
6.021223831176757812e+01 6.165637529600000000e+10 1.605014787742220506e-08
1.503899097442626953e+01 4.791747788800000000e+10 1.001260074851018089e-09
1.350361175537109375e+02 4.915364659200000000e+10 8.072525048419265659e-08
6.702797698974609375e+01 2.244663500800000000e+10 1.988940212527268159e-08
2.420039062500000000e+02 6.421488640000000000e+09 2.592712178284273250e-07
1.321568298339843750e+01 3.071068160000000000e+09 7.731945084188396322e-10
2.654953308105468750e+02 3.331761152000000000e+09 3.120493659025669331e-07
1.380924892425537109e+01 4.250686668800000000e+10 8.442083698767532951e-10
1.240876865386962891e+01 2.632608768000000000e+09 6.816585629287885695e-10
1.322167968750000000e+02 6.863679488000000000e+09 7.738962892744893907e-08
2.786631584167480469e+01 1.398854912000000000e+09 3.437705231590371113e-09
8.519373321533203125e+01 7.903685836800000000e+10 3.213104093902074965e-08
2.667011108398437500e+02 1.207059353600000000e+10 3.148902294469735352e-07
8.702905273437500000e+01 4.500843520000000000e+09 3.353034827568990295e-08
1.770390625000000000e+02 5.674484940800000000e+10 1.387547001741040731e-07
1.239026107788085938e+02 2.715957862400000000e+10 6.796266660558103467e-08
1.622820663452148438e+01 4.293588736000000000e+09 1.165871066355350649e-09
6.700137329101562500e+02 1.244092416000000000e+09 1.987361656574648805e-06
1.346129989624023438e+01 2.036500608000000000e+09 8.022016384501284847e-10
2.392005538940429688e+01 3.681752268800000000e+10 2.532992482429108350e-09
1.819501342773437500e+02 5.152124518400000000e+10 1.465596142224967480e-07
2.389085540771484375e+02 3.039810560000000000e+10 2.526811897496372694e-07
2.206601524353027344e+01 6.981215027200000000e+10 2.155546185989010155e-09
2.323935241699218750e+02 4.078384742400000000e+10 2.390878819369390840e-07
7.837275695800781250e+01 1.355591808000000000e+09 2.719191449784830183e-08
3.509689025878906250e+02 1.860294860800000000e+10 5.453142080114048440e-07
9.672145843505859375e+01 1.285700608000000000e+09 4.141476495078677544e-08
1.013876724243164062e+02 6.953354035200000000e+10 4.550716781182018167e-08
2.785269165039062500e+01 6.944454246400000000e+10 3.434344586494830764e-09
4.646053771972656250e+02 2.932358144000000000e+09 9.556041504765744321e-07
7.280880126953125000e+02 3.900626944000000000e+10 2.346806695641134866e-06
2.746756286621093750e+02 1.161614848000000000e+09 3.340025784837052925e-07
1.474719429016113281e+01 3.582643404800000000e+10 9.627827424196766515e-10
8.420260620117187500e+01 6.373762560000000000e+09 3.138777771027889685e-08
1.581425781250000000e+02 2.681822003200000000e+10 1.107151703649833507e-07
5.784415283203125000e+02 5.081316556800000000e+10 1.481250365031883121e-06
3.098204040527343750e+02 2.313528320000000000e+09 4.249419021107314620e-07
2.446652412414550781e+01 4.102187008000000000e+10 2.650049957253486355e-09
2.693034553527832031e+01 2.802427392000000000e+09 3.210653076735070499e-09
9.688438110351562500e+02 1.524004352000000000e+09 4.155440365138929337e-06
8.663162994384765625e+01 2.224399564800000000e+10 3.322480779388570227e-08
3.833695602416992188e+01 3.420926464000000000e+09 6.506459815369680655e-09
3.120204925537109375e+01 5.758581248000000000e+09 4.309985257577864104e-09
1.337237091064453125e+02 4.139481907200000000e+10 7.916375466265890282e-08
5.391406250000000000e+01 1.587115929600000000e+10 1.286807549405466489e-08
2.718859672546386719e+01 2.802713856000000000e+09 3.272526027942035398e-09
2.221377944946289062e+01 4.305731584000000000e+09 2.184512126746085414e-09
3.087736320495605469e+01 1.101640960000000000e+09 4.220752636285851622e-09
2.418738098144531250e+02 1.349428992000000000e+09 2.589925145457527833e-07
7.601860046386718750e+01 9.716195328000000000e+09 2.558287093279432156e-08
7.083914184570312500e+01 8.181760000000000000e+10 2.221550055026000337e-08
4.605006027221679688e+01 7.931587584000000000e+09 9.387932209392602090e-09
7.311100769042968750e+01 6.659185049600000000e+10 2.366328466507638950e-08
1.915319442749023438e+01 3.476152576000000000e+09 1.624022361035315498e-09
4.216442565917968750e+02 9.856084377600000000e+10 7.870492595429823268e-07
6.036435546875000000e+02 4.361059532800000000e+10 1.613134713807085063e-06
9.773281860351562500e+01 9.588281344000000000e+10 4.228539296491362620e-08
5.524129486083984375e+01 4.542837760000000000e+09 1.350943623634748292e-08
2.357825660705566406e+01 4.318557184000000000e+09 2.461120640617764366e-09
2.279522132873535156e+01 1.374113587200000000e+10 2.300367230034794375e-09
5.670639648437500000e+02 1.966815232000000000e+10 1.423552930646110326e-06
3.449821090698242188e+01 5.934404608000000000e+09 5.268689928783487630e-09
3.583327865600585938e+01 1.060980096000000000e+09 5.684373416414700841e-09
5.848848724365234375e+01 2.050673792000000000e+09 1.514433911609103234e-08
2.401178588867187500e+02 1.895059456000000000e+09 2.552457090132520534e-07
4.575391769409179688e+01 1.859714252800000000e+10 9.267574263560618419e-09
5.894517822265625000e+02 2.710796697600000000e+10 1.538176206850039307e-06
4.314809875488281250e+02 1.032204032000000000e+09 8.242004696512594819e-07
5.267141723632812500e+02 7.197207040000000000e+09 1.228173118761333171e-06
4.179822387695312500e+02 3.672446720000000000e+09 7.734374207757355180e-07
1.449622249603271484e+01 3.884608307200000000e+10 9.302918990705677516e-10
2.195075607299804688e+01 1.424055091200000000e+10 2.133086596245448163e-09
1.373471641540527344e+01 5.426750976000000000e+09 8.351200841971717637e-10
1.441902637481689453e+01 1.380950912000000000e+09 9.204101369952866207e-10
1.254820823669433594e+01 1.052311859200000000e+10 6.970645172188483230e-10
5.781729507446289062e+01 6.099881164800000000e+10 1.479875066934255301e-08
3.779267883300781250e+01 1.406026137600000000e+10 6.323024326349013791e-09
5.299240875244140625e+01 7.517797580800000000e+10 1.243188041399889698e-08
3.969525451660156250e+02 1.250489139200000000e+10 6.975682822485396173e-07
1.007077255249023438e+02 2.350809344000000000e+09 4.489883309588549309e-08
9.147130737304687500e+02 5.330717900800000000e+10 3.704071104948525317e-06
1.837575149536132812e+01 2.175628902400000000e+10 1.494857237993585386e-09
1.425962829589843750e+02 5.125472256000000000e+10 9.001728074053971795e-08
4.268274688720703125e+01 3.266954496000000000e+09 8.065183187966340483e-09
3.240372314453125000e+02 1.413024512000000000e+09 4.648355513836577302e-07
2.264139366149902344e+01 5.099033804800000000e+10 2.269425092293886337e-09
1.303767490386962891e+01 5.289714892800000000e+10 7.525057799107059964e-10
1.313042736053466797e+01 2.331628032000000000e+09 7.632507958987844177e-10
5.889727172851562500e+02 4.879754035200000000e+10 1.535676915409567300e-06
2.259724426269531250e+01 1.076151552000000000e+09 2.260583054081166665e-09
1.404464530944824219e+01 1.637925888000000000e+10 8.732348732998218566e-10
2.033025550842285156e+01 9.943766016000000000e+09 1.829764562089053470e-09
1.285014038085937500e+02 2.128421888000000000e+10 7.310133298688015202e-08
3.979149627685546875e+01 6.650394112000000000e+09 7.009548497194373340e-09
5.350399780273437500e+01 5.113918259200000000e+10 1.267307325747424329e-08
8.253315429687500000e+02 7.681058406400000000e+10 3.015549054907751270e-06
3.745218811035156250e+02 3.884284928000000000e+09 6.209603498064097948e-07
1.150975513458251953e+01 1.783802470400000000e+10 5.864644880837488472e-10
8.484930419921875000e+02 1.925307392000000000e+10 3.187176616847864352e-06
3.274575042724609375e+01 1.031815168000000000e+10 4.747002346761064473e-09
4.216737747192382812e+01 2.274355814400000000e+10 7.871594931430081488e-09
6.058443450927734375e+01 5.096269414400000000e+10 1.624918688492016372e-08
2.357562561035156250e+02 2.823213568000000000e+09 2.460571408846590202e-07
5.871460342407226562e+01 1.975643955200000000e+10 1.526166037990606128e-08
1.555605316162109375e+01 2.865843968000000000e+09 1.071293165288977889e-09
5.062916870117187500e+02 2.020664320000000000e+09 1.134778472078323830e-06
2.742182312011718750e+02 2.736282880000000000e+09 3.328910622713010525e-07
1.198057327270507812e+02 8.427044044800000000e+10 6.354256498752874904e-08
2.891638793945312500e+02 6.328323072000000000e+09 3.701669015754305292e-07
7.953232574462890625e+01 4.117162393600000000e+10 2.800250697987394233e-08
3.329556274414062500e+02 3.122784051200000000e+10 4.907748234472819604e-07
1.901563568115234375e+02 3.930232422400000000e+10 1.600778460897345212e-07
8.946257781982421875e+01 1.414328627200000000e+10 3.543172866216082184e-08
3.698094940185546875e+01 2.863026688000000000e+09 6.054323709037134904e-09
1.767042846679687500e+02 1.376330240000000000e+09 1.382304333219508408e-07
6.023191070556640625e+01 3.517301964800000000e+10 1.606063726455886354e-08
1.000496101379394531e+01 3.229636864000000000e+09 4.431393585413445635e-10
8.928067779541015625e+01 8.238134272000000000e+09 3.528779402017789835e-08
2.902150268554687500e+02 5.392608870400000000e+10 3.728630133537080837e-07
2.650112609863281250e+02 2.782218649600000000e+10 3.109125259470602032e-07
9.619793701171875000e+02 1.515445145600000000e+10 4.096765223948750645e-06
9.424394989013671875e+01 2.213237248000000000e+09 3.932026615416361892e-08
1.543239402770996094e+01 1.610848768000000000e+10 1.054328957472705497e-09
1.122174835205078125e+02 1.537650380800000000e+10 5.574816341891164484e-08
1.425183582305908203e+01 5.684264448000000000e+09 8.991892785914501474e-10
6.701086425781250000e+01 8.545918976000000000e+10 1.987925024593550916e-08
6.414778137207031250e+01 5.252955340800000000e+10 1.821683071057123016e-08
8.913048095703125000e+02 4.544295424000000000e+09 3.516916194712393917e-06
6.020028076171875000e+02 3.870546739200000000e+10 1.604377303010551259e-06
5.874487915039062500e+02 4.154746368000000000e+09 1.527740323581383564e-06
3.415011291503906250e+02 1.346460057600000000e+10 5.162901288713328540e-07
2.285604476928710938e+01 1.949979852800000000e+10 2.312659175274234258e-09
9.122592773437500000e+02 1.617343078400000000e+10 3.684224566313787363e-06
6.035921020507812500e+02 2.453565030400000000e+10 1.612859705346636474e-06
1.044279289245605469e+01 7.128485068800000000e+10 4.827728772305306393e-10
1.164867973327636719e+01 4.894479360000000000e+09 6.007073727332112867e-10
6.393176651000976562e+01 1.626853504000000000e+09 1.809434913013774349e-08
2.746443176269531250e+02 1.900712140800000000e+10 3.339264083024318097e-07
7.803923797607421875e+01 2.144338124800000000e+10 2.696097034515787527e-08
6.965725097656250000e+02 2.954276608000000000e+09 2.148038902305415832e-06
6.847307739257812500e+02 5.560132096000000000e+09 2.075626298392307945e-06
2.281816711425781250e+02 3.594534092800000000e+10 2.305000492697217851e-07
6.796305084228515625e+01 3.075868416000000000e+09 2.044820668345437298e-08
1.111407947540283203e+01 2.324136345600000000e+10 5.468352437532075783e-10
9.930158233642578125e+01 2.248492441600000000e+10 4.365377748172249994e-08
2.912663879394531250e+02 1.336945152000000000e+09 3.755694706342183053e-07
2.407566833496093750e+01 3.569871104000000000e+09 2.566056700459284912e-09
1.715590667724609375e+02 1.818379468800000000e+10 1.302977494788137847e-07
6.998825683593750000e+02 3.946482483200000000e+10 2.168502305721631274e-06
1.944750061035156250e+02 5.386514432000000000e+10 1.674314802357912413e-07
3.982844543457031250e+02 1.907315072000000000e+09 7.022572390269488096e-07
1.738424110412597656e+01 1.388341043200000000e+10 1.337891908370636429e-09
2.133473205566406250e+01 4.015722905600000000e+10 2.015041244973758694e-09
7.156068420410156250e+01 5.208004608000000000e+10 2.267036514069786790e-08
5.335166168212890625e+01 6.078258380800000000e+10 1.260101178957029333e-08
3.658195800781250000e+02 1.359040716800000000e+10 5.924387096456484869e-07
4.479452209472656250e+02 2.676191488000000000e+09 8.882993824954610318e-07
3.452028656005859375e+01 2.461875968000000000e+09 5.275436087970319932e-09
7.444820556640625000e+02 1.607571968000000000e+10 2.453680281178094447e-06
6.213064956665039062e+01 9.939437977600000000e+10 1.708918162535155716e-08
4.251281738281250000e+01 4.560435200000000000e+09 8.001092233200779447e-09
1.265657958984375000e+02 4.573279027200000000e+10 7.091567510997265344e-08
1.520144462585449219e+01 2.890053017600000000e+10 1.023008455725005206e-09
1.850733375549316406e+01 1.800754790400000000e+10 1.516342162943828953e-09
6.045362548828125000e+02 2.307446016000000000e+09 1.617909560991392937e-06
3.997348785400390625e+01 2.451222528000000000e+10 7.073813534930195601e-09
2.771715164184570312e+01 3.310569062400000000e+10 3.401000592262448663e-09
8.753524169921875000e+02 1.533526118400000000e+10 3.392152848391560838e-06
1.273026199340820312e+02 6.737559961600000000e+10 7.174377003593690461e-08
5.136720581054687500e+02 1.474321920000000000e+09 1.168103722193336580e-06
1.460207462310791016e+01 9.089655808000000000e+09 9.439276027478626929e-10
3.277665710449218750e+01 5.050256179200000000e+10 4.755966731551097837e-09
3.117329101562500000e+02 1.965188505600000000e+10 4.302044089854462072e-07
2.320885467529296875e+02 1.161613568000000000e+09 2.384607569183572195e-07
3.191952819824218750e+02 3.088572160000000000e+09 4.510476401264895685e-07
2.235219573974609375e+02 3.241834086400000000e+10 2.211820628872374073e-07
8.269480895996093750e+01 8.667666432000000000e+09 3.027373551844902977e-08
5.199696655273437500e+02 3.791821312000000000e+09 1.196921175505849533e-06
1.960694274902343750e+02 6.803731968000000000e+09 1.701881302551555564e-07
9.116478729248046875e+01 6.633541222400000000e+10 3.679287630120597896e-08
6.588194580078125000e+02 3.687633664000000000e+09 1.921508783198078163e-06
1.327609100341796875e+02 3.133457152000000000e+09 7.802791657240959466e-08
1.186251144409179688e+02 2.738637056000000000e+09 6.229637961041589733e-08
1.237862472534179688e+02 1.471353728000000000e+09 6.783507444652059348e-08
5.838064575195312500e+02 7.824739532800000000e+10 1.508854211351717822e-06
2.804362297058105469e+01 1.893338316800000000e+10 3.481591237530778926e-09
2.098271026611328125e+02 2.076291968000000000e+09 1.949093473285756772e-07
1.068563365936279297e+01 6.598045184000000000e+09 5.054870966247904107e-10
1.380190658569335938e+01 6.448637440000000000e+09 8.433108100724950873e-10
2.192549133300781250e+01 5.411943424000000000e+09 2.128178966387395121e-09
5.359886474609375000e+02 2.363115929600000000e+10 1.271805558644700795e-06
9.140262451171875000e+02 1.827194112000000000e+09 3.698510681715561077e-06
9.321131896972656250e+01 5.623884595200000000e+10 3.846332319312750769e-08
1.242457199096679688e+02 4.207149875200000000e+10 6.833959531604705262e-08
3.863165283203125000e+02 6.971919360000000000e+09 6.606874762837833259e-07
2.008960342407226562e+01 9.139519488000000000e+09 1.786702452655219986e-09
1.179534530639648438e+01 1.478899404800000000e+10 6.159292520457881892e-10
1.318653564453125000e+02 2.173901414400000000e+10 7.697876469592301873e-08
2.634383544921875000e+02 1.833369804800000000e+10 3.072327672271057963e-07
2.268879318237304688e+01 3.012950220800000000e+10 2.278936817035059903e-09
2.851849746704101562e+01 1.710822092800000000e+10 3.600500120271021842e-09
4.732256698608398438e+01 2.709343232000000000e+09 9.913936338534767856e-09
3.331940460205078125e+01 4.359945728000000000e+09 4.914779250242418129e-09
1.476710510253906250e+01 5.011633356800000000e+10 9.653843280332807808e-10
2.679280090332031250e+02 1.579199360000000000e+09 3.177940470777684823e-07
2.890963134765625000e+02 8.433003008000000000e+09 3.699939838952559512e-07
1.763266754150390625e+01 1.515879936000000000e+10 1.376402880559624009e-09
3.619612731933593750e+02 9.696999833600000000e+10 5.800076792183972429e-07
1.293725585937500000e+01 1.102415052800000000e+10 7.409584612538822057e-10
6.862977600097656250e+01 1.732664320000000000e+10 2.085137218443833262e-08
3.105950012207031250e+02 3.010123264000000000e+09 4.270694091701443540e-07
3.683099365234375000e+01 6.477916160000000000e+10 6.005323793800698695e-09
1.932002105712890625e+02 1.504474624000000000e+09 1.652436338872576016e-07
1.865077018737792969e+01 2.138874470400000000e+10 1.539937288796977555e-09
3.254858016967773438e+01 1.221376716800000000e+10 4.690008381658117287e-09
1.720244903564453125e+02 1.518770176000000000e+09 1.310056632064515725e-07
5.091648559570312500e+02 1.553340211200000000e+10 1.147694661085552070e-06
1.707723388671875000e+02 6.583434854400000000e+10 1.291054587682083366e-07
2.414060401916503906e+01 4.188292096000000000e+09 2.579917168787915216e-09
1.270116424560546875e+01 2.351977216000000000e+09 7.141617852646220399e-10
2.683927001953125000e+02 2.092738048000000000e+09 3.188974062595661962e-07
7.110908508300781250e+01 1.473336960000000000e+09 2.238513197028169088e-08
2.281485748291015625e+02 9.880011776000000000e+09 2.304332014091414749e-07
1.517798042297363281e+01 4.165854822400000000e+10 1.019852757799810661e-09
2.988390808105468750e+02 1.538165555200000000e+10 3.953523162181227235e-07
7.044235992431640625e+01 5.142405120000000000e+10 2.196733461801159137e-08
6.761766357421875000e+02 1.165412659200000000e+10 2.024090235863695852e-06
4.664114379882812500e+01 6.752523468800000000e+10 9.630478636779571389e-09
9.092428588867187500e+01 1.227650560000000000e+10 3.659900826846751443e-08
1.181705169677734375e+02 5.692618342400000000e+10 6.181983280839631334e-08
1.277647933959960938e+02 2.716155648000000000e+09 7.226564946449798299e-08
7.259896087646484375e+01 1.010729369600000000e+10 2.333298532164462813e-08
1.704269409179687500e+01 2.262140518400000000e+10 1.285837214481944102e-09
1.954184570312500000e+02 5.486752768000000000e+09 1.690599304993156693e-07
2.251730918884277344e+01 1.292241203200000000e+10 2.244618046987056914e-09
1.939383316040039062e+01 1.882113843200000000e+10 1.665086624136336013e-09
2.156087493896484375e+01 1.814123264000000000e+09 2.057985337700074524e-09
3.146423034667968750e+02 2.887025664000000000e+09 4.382720533158135368e-07
1.167611999511718750e+02 1.329219072000000000e+09 6.035408262050623307e-08
1.149257850646972656e+01 1.351940736000000000e+09 5.847152761973006818e-10
1.207748413085937500e+01 7.373733068800000000e+10 6.457470669296583310e-10
1.233889007568359375e+02 4.461008486400000000e+10 6.740028624108163058e-08
9.113081359863281250e+01 1.480875904000000000e+09 3.676546000974667550e-08
2.655178451538085938e+01 2.296398643200000000e+10 3.121022995600242211e-09
2.229863548278808594e+01 1.857513062400000000e+10 2.201233417764569822e-09
8.438828277587890625e+01 8.549820416000000000e+09 3.152635841274786799e-08
6.452083740234375000e+02 2.018522316800000000e+10 1.842932874751568306e-06
2.468536529541015625e+02 5.461347840000000000e+09 2.697669003737246385e-07
3.375596618652343750e+01 5.903540224000000000e+09 5.044411999222120357e-09
5.457608032226562500e+02 2.119664025600000000e+10 1.318603381150751375e-06
2.893588638305664062e+01 1.101892480000000000e+09 3.706662976554753186e-09
6.131455688476562500e+02 3.896307200000000000e+09 1.664319711380812805e-06
8.115288543701171875e+01 1.327040384000000000e+09 2.915529684344164707e-08
4.312028198242187500e+02 8.968005632000000000e+09 8.231381229961698409e-07
2.549371643066406250e+02 1.235306112000000000e+09 2.877238216569821816e-07
1.165019226074218750e+01 3.462637568000000000e+09 6.008633590681711212e-10
7.833140563964843750e+01 6.406380032000000000e+09 2.716322811124882719e-08
4.028000183105468750e+02 1.670254848000000000e+09 7.182712806752533652e-07
2.470082397460937500e+02 4.063470796800000000e+10 2.701048913422710029e-07
2.215275001525878906e+01 7.615439360000000000e+09 2.172525048749207599e-09
4.248019409179687500e+02 1.977340928000000000e+09 7.988817287696292624e-07
2.426445770263671875e+01 1.234794752000000000e+09 2.606457716325394358e-09
2.634775390625000000e+02 7.303846297600000000e+10 3.073241998663434060e-07
1.146119842529296875e+02 1.222787174400000000e+10 5.815265780029221787e-08
1.822765655517578125e+02 9.793173094400000000e+10 1.470859416485836846e-07
4.243106384277343750e+02 1.624333696000000000e+09 7.970348860908416100e-07
2.245496215820312500e+02 4.903223705600000000e+10 2.232205531527142739e-07
1.504016113281250000e+02 2.257917696000000000e+09 1.001415839141372999e-07
4.993221740722656250e+02 1.346519296000000000e+09 1.103751287701015826e-06
1.732829093933105469e+01 6.336923648000000000e+09 1.329293675134124442e-09
5.332588577270507812e+01 7.179268608000000000e+09 1.258883841614988341e-08
1.131508789062500000e+02 3.991085465600000000e+10 5.667942204468090495e-08
3.790269470214843750e+02 5.842235801600000000e+10 6.359891244755999651e-07
4.020929718017578125e+01 3.761665228800000000e+10 7.157518577827204354e-09
1.770594787597656250e+02 2.992499712000000000e+09 1.387867172297774232e-07
1.942075157165527344e+01 3.447122739200000000e+10 1.669712035301529340e-09
9.198790740966796875e+01 5.747464601600000000e+10 3.746027488205072586e-08
1.908129882812500000e+01 4.204713984000000000e+10 1.611852762373189307e-09
4.059293365478515625e+01 3.250065152000000000e+09 7.294749249098231303e-09
5.002900390625000000e+02 2.811179417600000000e+10 1.108034325625339989e-06
2.162581329345703125e+02 6.759411712000000000e+09 2.070400739739852725e-07
8.599331054687500000e+02 8.040446464000000000e+09 3.273699803685303777e-06
2.412166404724121094e+01 1.439691904000000000e+09 2.575870627907761445e-09
3.802127838134765625e+01 6.372031283200000000e+10 6.399748730956389409e-09
5.622612304687500000e+02 4.794747289600000000e+10 1.399541588398278691e-06
5.635908203125000000e+02 1.791580569600000000e+10 1.406168280482233968e-06
6.879675292968750000e+02 2.183957299200000000e+10 2.095296167681226507e-06
2.650603942871093750e+02 3.440290201600000000e+10 3.110277759788004914e-07
3.426620483398437500e+02 1.712548992000000000e+09 5.198063490752247162e-07
5.891887664794921875e+01 3.345714380800000000e+10 1.536803928559038468e-08
3.590611648559570312e+01 3.497056512000000000e+09 5.707505579266580753e-09
1.035925769805908203e+01 4.140583424000000000e+09 4.750800308706004671e-10
2.345252037048339844e+01 2.566380339200000000e+10 2.434941581697103175e-09
4.016850280761718750e+02 4.304775987200000000e+10 7.143002562770561781e-07
1.322667694091796875e+01 1.743982848000000000e+09 7.744814789489851137e-10
1.434347534179687500e+01 3.024095232000000000e+10 9.107901099980608706e-10
1.033664798736572266e+01 8.488198963200000000e+10 4.730085212401036188e-10
2.363041305541992188e+01 1.013092556800000000e+10 2.472021032318139078e-09
5.333892059326171875e+01 3.871319244800000000e+10 1.259499349259840528e-08
1.867929840087890625e+01 6.739283148800000000e+10 1.544651961893350745e-09
5.599595642089843750e+01 1.632694016000000000e+09 1.388106785071840932e-08
4.232133178710937500e+02 3.258224384000000000e+09 7.929178309495910071e-07
1.036110382080078125e+02 3.089640448000000000e+10 4.752493509840860497e-08
6.167818603515625000e+02 3.339154688000000000e+09 1.684118842604220845e-06
8.055389404296875000e+02 1.716934016000000000e+09 2.872649247365188785e-06
1.345724639892578125e+02 6.812707328000000000e+09 8.017185137987326016e-08
1.508095645904541016e+01 1.234662528000000000e+09 1.006855931962036266e-09
1.128053741455078125e+02 3.898255104000000000e+09 5.633381050529351342e-08
5.248218383789062500e+02 1.095163904000000000e+09 1.219363866766798310e-06
5.283948364257812500e+02 4.347251712000000000e+09 1.236023194906010758e-06
2.285943145751953125e+02 9.963923456000000000e+09 2.313344680260343011e-07
3.683935928344726562e+01 1.453360742400000000e+10 6.008051389727597780e-09
1.121873092651367188e+01 6.296997376000000000e+09 5.571819117200504934e-10
1.324445343017578125e+01 1.903175168000000000e+09 7.765646459212405261e-10
7.266151428222656250e+01 1.264457216000000000e+10 2.337321092227284680e-08
1.318174133300781250e+02 7.225069568000000000e+10 7.692280235005455324e-08
3.092817077636718750e+02 1.270987468800000000e+10 4.234654227275314042e-07
7.329799194335937500e+02 8.516180480000000000e+09 2.378448243689490482e-06
1.271979141235351562e+01 7.937185382400000000e+10 7.162580528685680292e-10
1.461332550048828125e+02 1.081005568000000000e+09 9.453826521621522261e-08
1.680703353881835938e+01 1.712167833600000000e+10 1.250523018470062198e-09
2.454394683837890625e+02 3.303106150400000000e+10 2.666848502030916279e-07
4.831634826660156250e+02 2.169695641600000000e+10 1.033469629874161910e-06
3.636893005371093750e+02 2.435671449600000000e+10 5.855588369740871713e-07
1.355077171325683594e+01 4.600707891200000000e+10 8.129008022272898870e-10
2.412486419677734375e+02 1.964687360000000000e+10 2.576554152255994268e-07
4.461312866210937500e+02 3.751987609600000000e+10 8.811196607894089539e-07
4.334227371215820312e+01 6.761812992000000000e+09 8.316352939630178298e-09
3.738794326782226562e+01 2.316286720000000000e+09 6.188318746325194297e-09
1.363280773162841797e+01 1.294197350400000000e+10 8.227732384291641665e-10
3.996485595703125000e+02 5.653720268800000000e+10 7.070758556437795050e-07
5.177660522460937500e+02 3.919266816000000000e+09 1.186797476293577347e-06
2.178431396484375000e+02 1.310695040000000000e+09 2.100860712062058155e-07
3.213499145507812500e+02 5.871739904000000000e+09 4.571575402678718092e-07
1.084903259277343750e+02 1.556536934400000000e+10 5.210646136788454896e-08
3.250909423828125000e+02 2.120183808000000000e+10 4.678636003063729731e-07
1.014270935058593750e+02 1.167991910400000000e+10 4.554255994548839226e-08
1.327907943725585938e+01 1.748210892800000000e+10 7.806303381485690807e-10
2.565876464843750000e+02 5.265923072000000000e+09 2.914613901339180302e-07
4.583432312011718750e+02 7.252977152000000000e+09 9.300175634052720852e-07
5.390750122070312500e+02 1.424741248000000000e+09 1.286494466512522195e-06
1.850411834716796875e+02 1.415203456000000000e+09 1.515815455377378385e-07
1.759976959228515625e+01 3.757964800000000000e+09 1.371271540762108998e-09
1.766936874389648438e+01 2.954926848000000000e+09 1.382138625771744955e-09
1.065502548217773438e+01 1.223743488000000000e+09 5.025954097348517280e-10
6.384161758422851562e+01 2.502403328000000000e+09 1.804335347799224110e-08
2.120350646972656250e+01 2.476563660800000000e+10 1.990329234757837185e-09
5.031772994995117188e+01 8.876903628800000000e+10 1.120860648740062970e-08
1.177072811126708984e+01 3.540975360000000000e+09 6.133609731229228146e-10
3.257576370239257812e+01 2.125457280000000000e+09 4.697846112122761042e-09
1.685033226013183594e+01 4.936391168000000000e+09 1.256974413443856520e-09
1.951335334777832031e+01 2.231335168000000000e+09 1.685673156615052903e-09
6.631547241210937500e+02 2.408339968000000000e+09 1.946880502146086656e-06
3.644441223144531250e+02 3.692227788800000000e+10 5.879920763618429191e-07
1.230174732208251953e+01 5.292405248000000000e+09 6.699510946006626000e-10
8.395313262939453125e+01 6.650863104000000000e+09 3.120206315543327946e-08
1.696133613586425781e+01 7.623433420800000000e+10 1.273589900208094150e-09
8.462945556640625000e+01 4.187934208000000000e+09 3.170681495134886063e-08
4.750207824707031250e+02 1.493080985600000000e+10 9.989292948375805281e-07
6.284036254882812500e+01 2.130949120000000000e+10 1.748183109384626732e-08
1.630304908752441406e+01 1.437634176000000000e+09 1.176649777612226444e-09
1.001350784301757812e+02 1.661716736000000000e+09 4.438967948772187810e-08
1.268353729248046875e+02 3.877701222400000000e+10 7.121808920373950968e-08
2.160206298828125000e+02 7.574648422400000000e+10 2.065855682076289668e-07
2.919861145019531250e+02 3.858524928000000000e+09 3.774278241053252714e-07
1.315267276763916016e+01 5.061050777600000000e+10 7.658391698583955076e-10
1.879734230041503906e+01 1.721315840000000000e+09 1.564236629114645893e-09
1.806431121826171875e+02 1.448116864000000000e+09 1.444615662649084697e-07
1.073238563537597656e+01 4.655313305600000000e+10 5.099200506286649670e-10
3.554273223876953125e+01 1.767614464000000000e+09 5.592565965883977697e-09
1.613027648925781250e+02 1.207270195200000000e+10 1.151842567992389377e-07
1.117971420288085938e+02 1.387576960000000000e+09 5.533130575940958806e-08
7.579978179931640625e+01 1.671321728000000000e+09 2.543580102098985662e-08
2.371300125122070312e+01 1.664618624000000000e+09 2.489330741539674818e-09
1.150370979309082031e+01 5.411579084800000000e+10 5.858485918608380416e-10
1.970172500610351562e+01 2.301398630400000000e+10 1.718375330916899202e-09
1.580731811523437500e+02 6.436890624000000000e+10 1.106180320675775874e-07
5.653076171875000000e+01 4.638892441600000000e+10 1.414748407313481948e-08
3.414581298828125000e+02 3.015169638400000000e+10 5.161600711289793253e-07
1.810537414550781250e+02 1.499048140800000000e+10 1.451190740908714361e-07
1.188221740722656250e+02 3.243532032000000000e+09 6.250352413417203934e-08
1.209596252441406250e+02 2.204554752000000000e+09 6.477245761971062166e-08
3.336741027832031250e+02 4.120755404800000000e+10 4.928950829707900994e-07
2.259863471984863281e+01 5.261593804800000000e+10 2.260861275971137729e-09
4.186849670410156250e+02 4.167064320000000000e+09 7.760402240819530562e-07
2.142925453186035156e+01 6.909477683200000000e+10 2.032935819684666967e-09
1.217978439331054688e+02 2.172358400000000000e+09 6.567328370010727667e-08
3.936438293457031250e+02 5.872900505600000000e+10 6.859877998977026436e-07
9.136051940917968750e+01 3.373887232000000000e+09 3.695103956147249846e-08
3.232633666992187500e+02 1.159132032000000000e+09 4.626179475053504575e-07
1.134698390960693359e+01 3.905564672000000000e+10 5.699941629799809562e-10
7.394242858886718750e+01 1.682322432000000000e+09 2.420454769946900342e-08
9.015599365234375000e+02 6.970608844800000000e+10 3.598311195673886687e-06
7.919822998046875000e+02 1.689855232000000000e+09 2.776773499135742895e-06
2.951844978332519531e+01 1.193534668800000000e+10 3.857417496533344092e-09
4.213800811767578125e+01 3.327897395200000000e+10 7.860632145195722842e-09
8.408893432617187500e+02 2.219387904000000000e+09 3.130309096377459355e-06
1.432145118713378906e+01 5.930463232000000000e+09 9.079952900670207327e-10
8.147065734863281250e+01 1.384523673600000000e+10 2.938407384078800533e-08
2.954435348510742188e+01 3.570680217600000000e+10 3.864190301072767397e-09
2.115429992675781250e+02 3.660625152000000000e+09 1.981101860337730614e-07
3.139147186279296875e+01 7.336795648000000000e+09 4.362474381736092255e-09
2.737351684570312500e+02 1.027947008000000000e+09 3.317192920349043561e-07
2.788979492187500000e+02 1.364946944000000000e+09 3.443500418143230490e-07
1.300448913574218750e+02 3.277574400000000000e+09 7.486798381250991952e-08
6.905458831787109375e+01 2.631043072000000000e+10 2.111030816820402833e-08
3.375993652343750000e+02 1.578175078400000000e+10 5.045599209552165121e-07
3.330229568481445312e+01 3.796128563200000000e+10 4.909733508640101718e-09
3.058092880249023438e+01 1.865522176000000000e+10 4.140100262617352200e-09
6.254997558593750000e+02 6.869146828800000000e+10 1.732063310555531643e-06
1.349491500854492188e+01 8.752656384000000000e+09 8.062130962827041003e-10
1.397287139892578125e+02 2.014227865600000000e+10 8.643323923251955421e-08
8.134428405761718750e+01 2.977593139200000000e+10 2.929298581477723928e-08
1.161605834960937500e+02 5.167913369600000000e+10 5.973475936116301455e-08
2.746363258361816406e+01 1.617485312000000000e+09 3.339069465368993406e-09
5.582925796508789062e+01 4.557818265600000000e+10 1.379854364103039188e-08
2.261934280395507812e+01 6.440049664000000000e+09 2.265006848745088064e-09
1.227823715209960938e+02 3.022272000000000000e+09 6.673928965028608218e-08
1.088851013183593750e+02 2.154727014400000000e+10 5.248635659427236533e-08
4.099644165039062500e+02 8.200344371200000000e+10 7.440495437549543567e-07
1.306598968505859375e+02 6.790024806400000000e+10 7.557778047839747160e-08
1.524904327392578125e+02 2.957819136000000000e+09 1.029424936405121116e-07
1.851047897338867188e+01 1.008294528000000000e+09 1.516857639494162413e-09
2.397615814208984375e+02 1.752062361600000000e+10 2.544888104694109643e-07
3.446124267578125000e+01 8.385440256000000000e+09 5.257404289693567989e-09
7.678989868164062500e+02 2.204783872000000000e+09 2.610463980090571567e-06
1.500655555725097656e+01 3.061109248000000000e+09 9.969457481773247309e-10
4.634138870239257812e+01 2.536443904000000000e+09 9.507090226179570891e-09
2.347837638854980469e+01 1.463231897600000000e+10 2.440313506824054457e-09
1.197075653076171875e+01 3.610852556800000000e+10 6.343847114287370914e-10
2.240070343017578125e+02 2.735078144000000000e+09 2.221431003590623732e-07
3.334791564941406250e+02 2.355794944000000000e+09 4.923193728245678358e-07
2.598039245605468750e+02 3.661195673600000000e+10 2.988140010984352557e-07
1.295794372558593750e+02 9.901929472000000000e+09 7.433300908132878249e-08
3.171620178222656250e+02 5.450766745600000000e+10 4.453196993381425273e-07
3.920517730712890625e+01 1.187709747200000000e+10 6.804501850865563028e-09
2.960141296386718750e+02 4.976097280000000000e+09 3.879130758832616266e-07
1.137364273071289062e+02 9.695684608000000000e+09 5.726755958335161267e-08
1.495833129882812500e+02 4.308758016000000000e+09 9.905487274863844505e-08
5.421062622070312500e+02 2.907168256000000000e+09 1.301003180742554832e-06
1.962553863525390625e+02 1.012755968000000000e+10 1.705111145611226675e-07
5.403567504882812500e+02 1.164683520000000000e+09 1.292619458581611980e-06
4.314499282836914062e+01 6.215114240000000000e+09 8.240818694105200848e-09
1.389096832275390625e+02 9.151230976000000000e+09 8.542294693825169816e-08
2.014239044189453125e+02 1.747017216000000000e+09 1.796104243112495169e-07
8.446696472167968750e+01 8.869306368000000000e+10 3.158517358770041028e-08
1.617570304870605469e+01 1.174178816000000000e+09 1.158339424378596050e-09
9.605231475830078125e+01 8.334470144000000000e+09 4.084370885948374053e-08
1.463411235809326172e+01 1.463914496000000000e+09 9.480740637002327276e-10
1.503305511474609375e+02 1.407300812800000000e+10 1.000469893597255577e-07
5.747599029541015625e+01 5.591368192000000000e+09 1.462454779499466895e-08
2.251238250732421875e+02 4.635436646400000000e+10 2.243636316734409775e-07
3.216927337646484375e+01 8.803487744000000000e+09 4.581334422937288764e-09
1.551562347412109375e+02 7.910667264000000000e+09 1.065731964899896411e-07
9.215875854492187500e+02 3.182703360000000000e+09 3.759955689019989222e-06
1.242041625976562500e+02 2.708188569600000000e+10 6.829388610185560538e-08
2.871584701538085938e+01 2.081610496000000000e+09 3.650503899166324118e-09
2.528902587890625000e+02 2.126905958400000000e+10 2.831220911048148992e-07
3.151703491210937500e+02 3.053528064000000000e+10 4.397442978643084643e-07
5.670343399047851562e+01 1.140313190400000000e+10 1.423404238920511489e-08
4.490937805175781250e+01 1.221772928000000000e+09 8.928604522395744425e-09
7.369505310058593750e+01 4.356821504000000000e+09 2.404286369994679262e-08
7.280886077880859375e+01 6.489950208000000000e+10 2.346810568099044758e-08
1.018969497680664062e+02 1.406891110400000000e+10 4.596548919266751909e-08
1.872489318847656250e+02 4.325889638400000000e+10 1.552202064658558811e-07
1.324212799072265625e+02 4.965036441600000000e+10 7.762919551623781445e-08
1.147027130126953125e+02 4.242143232000000000e+09 5.824476900784247846e-08
4.009869003295898438e+01 3.649891072000000000e+09 7.118194922384191159e-09
1.206500778198242188e+02 2.398287257600000000e+10 6.444136602112848777e-08
3.209268951416015625e+01 4.610551808000000000e+09 4.559547850391254542e-09
4.894404602050781250e+01 5.936107520000000000e+09 1.060496579441405629e-08
6.357611083984375000e+02 1.170255564800000000e+10 1.789358748283120804e-06
2.081033325195312500e+01 1.999797862400000000e+10 1.917200620482617524e-09
1.465454006195068359e+01 1.540939904000000000e+09 9.507227227700809635e-10
2.207222137451171875e+02 3.899098726400000000e+10 2.156758966975758085e-07
8.138655090332031250e+01 1.156855296000000000e+10 2.932343434736139898e-08
1.699112892150878906e+01 1.148014284800000000e+10 1.278068095800222181e-09
2.930441894531250000e+02 1.412269312000000000e+09 3.801681600634765346e-07
2.671055793762207031e+01 4.224406323200000000e+10 3.158460160079812340e-09
6.188662109375000000e+02 8.264313856000000000e+09 1.695520495559321716e-06
1.898034362792968750e+02 1.081823360000000000e+09 1.594842160557163879e-07
3.488874816894531250e+01 1.479246976000000000e+09 5.388654411575544145e-09
7.020601196289062500e+02 3.524651827200000000e+10 2.182017169616301544e-06
2.028490257263183594e+01 9.533187072000000000e+09 1.821609973973181695e-09
2.403552627563476562e+01 1.880165580800000000e+10 2.557506650902041656e-09
4.378256225585937500e+02 8.493246976000000000e+09 8.486172760058252607e-07
3.446828002929687500e+02 6.745652224000000000e+09 5.259552153802360408e-07
2.216929054260253906e+01 4.220616704000000000e+10 2.175770896784001707e-09
1.430148792266845703e+01 5.093061632000000000e+09 9.054657024165635448e-10
3.797677993774414062e+01 2.647004979200000000e+10 6.384777595513924098e-09
1.183208847045898438e+02 3.355791564800000000e+10 6.197725355150396354e-08
2.222426300048828125e+02 2.303177728000000000e+09 2.186574334928081953e-07
5.885384750366210938e+01 3.226646528000000000e+10 1.533413218623991270e-08
1.665895843505859375e+02 3.028156211200000000e+10 1.228584949330979725e-07
2.156561470031738281e+01 2.163913113600000000e+10 2.058890391509748952e-09
4.335897521972656250e+02 1.643964620800000000e+10 8.322763846990710590e-07
4.225973510742187500e+01 2.299082240000000000e+09 7.906113097533307155e-09
8.669261474609375000e+02 3.547973632000000000e+10 3.327160357002867386e-06
9.866694641113281250e+01 2.975216230400000000e+10 4.309758239173788752e-08
6.858616333007812500e+02 1.180934451200000000e+10 2.082487981169833802e-06
2.455043029785156250e+01 1.093684940800000000e+10 2.668257614857338922e-09
4.952394866943359375e+01 9.133318963200000000e+10 1.085775558351542713e-08
3.486955871582031250e+02 1.756920832000000000e+10 5.382728431868599728e-07
2.438562469482421875e+02 2.717629440000000000e+09 2.632554014780907892e-07
2.353697967529296875e+01 4.415651840000000000e+09 2.452511083106401202e-09
2.884497451782226562e+01 2.933692006400000000e+10 3.683408245080954657e-09
6.967793579101562500e+02 1.231779712000000000e+09 2.149315150745678693e-06
2.426624908447265625e+02 4.472802918400000000e+10 2.606842883778881514e-07
2.437419586181640625e+02 8.214202368000000000e+09 2.630086726185254520e-07
3.236606216430664062e+01 3.418894848000000000e+09 4.637556560993516541e-09
1.605192565917968750e+01 2.198440704000000000e+09 1.140679994904303385e-09
2.620800781250000000e+02 2.708765696000000000e+09 3.040727847292146180e-07
4.121989440917968750e+01 1.157094272000000000e+09 7.521825828860073671e-09
2.336265945434570312e+01 3.457302118400000000e+10 2.416317812503621099e-09
8.863378295898437500e+02 6.944892518400000000e+10 3.477828158793272451e-06
5.272444534301757812e+01 8.514024243200000000e+10 1.230647228567249840e-08
7.391344604492187500e+02 4.787682918400000000e+10 2.418557642158702947e-06
1.144806575775146484e+01 1.095347840000000000e+09 5.801946700856319694e-10
9.228729248046875000e+02 2.230539520000000000e+09 3.770451485252124257e-06
1.502631835937500000e+02 1.405748940800000000e+10 9.995734018275470589e-08
1.239779739379882812e+02 3.637249792000000000e+09 6.804536667459615273e-08
4.459367370605468750e+01 1.058062848000000000e+09 8.803514361943598487e-09
7.217787170410156250e+01 1.511043481600000000e+10 2.306309809796402988e-08
1.331460094451904297e+01 5.869856358400000000e+10 7.848123262377271203e-10
1.624979400634765625e+02 8.825226240000000000e+09 1.168975032328489760e-07
2.648028259277343750e+02 1.279486464000000000e+09 3.104236441231478238e-07
2.656428833007812500e+02 8.821016576000000000e+09 3.123963097095838748e-07
5.320489501953125000e+02 1.275925888000000000e+09 1.253177742910338566e-06
3.499815673828125000e+02 5.783542169600000000e+10 5.422503477348072920e-07
3.023426246643066406e+01 2.171891200000000000e+09 4.046767809740003941e-09
2.037022781372070312e+01 2.120892620800000000e+10 1.836966689872099323e-09
1.115201282501220703e+01 3.248444006400000000e+10 5.505744749001451055e-10
2.355244255065917969e+01 2.057632768000000000e+10 2.455734504636097881e-09
7.094225311279296875e+01 8.233471180800000000e+10 2.228022211170355149e-08
5.093292617797851562e+01 2.566250086400000000e+10 1.148436012954334728e-08
8.488067016601562500e+02 8.225088307200000000e+10 3.189533117620158009e-06
2.135021400451660156e+01 6.454712320000000000e+09 2.017966904688250906e-09
1.587452545166015625e+02 6.345874944000000000e+09 1.115606593771190092e-07
6.542019653320312500e+01 1.211778816000000000e+09 1.894668599788928987e-08
7.563879394531250000e+01 1.138179840000000000e+09 2.532787135578473681e-08
1.532023620605468750e+02 6.838672384000000000e+09 1.039059682739207346e-07
7.236067962646484375e+01 3.312957952000000000e+09 2.318007474855221517e-08
2.699453125000000000e+02 8.814346240000000000e+10 3.225975717668916332e-07
1.212919692993164062e+02 1.980205440000000000e+09 6.512888717224996071e-08
3.666254425048828125e+01 4.430480896000000000e+09 5.950516968056263067e-09
2.216769981384277344e+01 9.368001536000000000e+09 2.175458480024872188e-09
5.119923019409179688e+01 1.351361664000000000e+09 1.160476514883157506e-08
3.352358627319335938e+01 4.300460544000000000e+09 4.975198919510148698e-09
3.115641174316406250e+02 1.146146304000000000e+09 4.297386340113007464e-07
8.588990020751953125e+01 1.130120704000000000e+09 3.265831338694624719e-08
1.550289154052734375e+02 2.142989312000000000e+10 1.063983674498558685e-07
3.086411743164062500e+02 2.188617984000000000e+09 4.217132243411469972e-07
2.810527420043945312e+01 3.549125632000000000e+09 3.496916090028889812e-09
1.672390747070312500e+02 8.963593830400000000e+10 1.238183529039815767e-07
1.777505798339843750e+02 1.436075648000000000e+09 1.398722559997622739e-07
3.069836807250976562e+01 2.281390080000000000e+09 4.171959666621205542e-09
1.412890625000000000e+02 1.275081728000000000e+09 8.837442067033407511e-08
6.843116760253906250e+01 5.758923776000000000e+09 2.073086591281025903e-08
3.115929565429687500e+02 3.957513420800000000e+10 4.298181863759964472e-07
2.779988861083984375e+01 3.505800806400000000e+10 3.421335215136878105e-09
9.275640869140625000e+01 2.311155097600000000e+10 3.808881032796307409e-08
1.492239761352539062e+01 1.456858214400000000e+10 9.857952232295019712e-10
1.210257434844970703e+01 1.747944320000000000e+09 6.484329184708315097e-10
2.176537513732910156e+01 6.204732211200000000e+10 2.097209517160081305e-09
7.275091552734375000e+02 8.784075980800000000e+10 2.343076403121813200e-06
1.239573383331298828e+01 1.063104832000000000e+09 6.802272078942905864e-10
2.396503295898437500e+02 3.683394764800000000e+10 2.542527113291725982e-07
4.022467041015625000e+02 4.583981465600000000e+10 7.162992687881342135e-07
3.940137100219726562e+01 1.861698764800000000e+10 6.872776125987911655e-09
3.155397033691406250e+02 3.681250560000000000e+09 4.407755795909906738e-07
4.047051620483398438e+01 2.246887424000000000e+09 7.250818612192233559e-09
4.767350158691406250e+02 1.051709952000000000e+09 1.006152047011710238e-06
1.387535095214843750e+02 1.358295808000000000e+09 8.523097250190403429e-08
8.648535766601562500e+02 1.057935616000000000e+09 3.311270802441868000e-06
2.531524200439453125e+02 3.530482483200000000e+10 2.837093973084847676e-07
8.391565704345703125e+01 1.515026304000000000e+09 3.117421698561884114e-08
1.315704956054687500e+02 9.330942771200000000e+10 7.663489043352456065e-08
3.039347534179687500e+02 5.659521843200000000e+10 4.089500578174920520e-07
7.910111083984375000e+02 2.762371891200000000e+10 2.769967750282376073e-06
3.755321884155273438e+01 5.974737715200000000e+10 6.243151773333011079e-09
7.407227783203125000e+02 9.053420544000000000e+09 2.428963171041687019e-06
4.974433898925781250e+02 1.376279296000000000e+09 1.095460902433842421e-06
1.278344917297363281e+01 2.747179212800000000e+10 7.234451926407814426e-10
2.328134155273437500e+01 2.164147712000000000e+09 2.399526355389980381e-09
1.321093750000000000e+01 1.366266777600000000e+10 7.726393413953758227e-10
3.315213928222656250e+02 5.453772390400000000e+10 4.865557912125950679e-07
8.934162597656250000e+02 2.177722163200000000e+10 3.533598601279663853e-06
3.865166625976562500e+02 7.139069132800000000e+10 6.613722121073806193e-07
8.611651611328125000e+02 4.862778572800000000e+10 3.283087153249653056e-06
4.082423782348632812e+01 3.470665472000000000e+09 7.378119004641803258e-09
1.190369415283203125e+01 7.764226048000000000e+09 6.272967700837739358e-10
1.479215145111083984e+01 4.162965094400000000e+10 9.686619284465791679e-10
6.744407958984375000e+02 1.642073292800000000e+10 2.013711082327063195e-06
3.801337585449218750e+02 2.440550809600000000e+10 6.397089578058512416e-07
3.724426651000976562e+01 2.419755264000000000e+09 6.140848718416691554e-09
1.296667480468750000e+01 8.148909260800000000e+10 7.443320959588106689e-10
4.197760620117187500e+02 3.964442112000000000e+09 7.800902608323667664e-07
9.426431274414062500e+01 1.131224576000000000e+10 3.933725878368932172e-08
1.146479263305664062e+02 3.425463040000000000e+09 5.818914061705982022e-08
2.916131973266601562e+01 2.522655539200000000e+10 3.764643263792777361e-09
2.596030807495117188e+01 3.909236326400000000e+10 2.983521874000416574e-09
2.112791633605957031e+01 4.499581440000000000e+09 1.976163455097434962e-09
5.333582763671875000e+02 7.141191680000000000e+09 1.259353439309052192e-06
4.880315399169921875e+01 1.181435289600000000e+10 1.054399767497216089e-08
1.156750774383544922e+01 1.469437747200000000e+10 5.923646573258167791e-10
2.122149658203125000e+02 7.448491622400000000e+10 1.993708025338492007e-07
1.060541992187500000e+02 8.020701696000000000e+09 4.979265000315535872e-08
7.934383544921875000e+02 2.556630784000000000e+09 2.786993036352214403e-06
4.766762924194335938e+01 6.176457728000000000e+09 1.005904248785327582e-08
5.280513000488281250e+01 6.183096320000000000e+10 1.234416657780457172e-08
7.539158935546875000e+02 1.445247744000000000e+09 2.516258973628282547e-06
5.489938964843750000e+02 1.894426624000000000e+10 1.334272610620246269e-06
9.053223419189453125e+01 2.493473996800000000e+10 3.628406730626920762e-08
2.101462936401367188e+01 1.595602688000000000e+09 1.955028139377645857e-09
1.305100708007812500e+02 2.436538777600000000e+10 7.540454305399180157e-08
1.626888465881347656e+01 6.699526963200000000e+10 1.171723496007359699e-09
1.894059448242187500e+02 9.065688268800000000e+10 1.588169169508546474e-07
6.470243072509765625e+01 9.487055257600000000e+10 1.853321229816629057e-08
3.798820114135742188e+01 1.546599936000000000e+09 6.388618967179127139e-09
4.010765838623046875e+01 2.062111539200000000e+10 7.121379486108025958e-09
3.647815322875976562e+01 1.558829465600000000e+10 5.890812726505600949e-09
8.701607666015625000e+02 1.794323865600000000e+10 3.352035037096356973e-06
6.955627441406250000e+02 5.197327564800000000e+10 2.141816139555885457e-06
3.950446777343750000e+02 4.684812288000000000e+09 6.908788918735808693e-07
3.269557495117187500e+02 5.084922880000000000e+09 4.732465299639443401e-07
1.050388431549072266e+01 2.003168256000000000e+09 4.884379567471341943e-10
2.990746765136718750e+02 1.186858496000000000e+10 3.959759169447352178e-07
1.691072540283203125e+02 6.154125824000000000e+09 1.266000850819182233e-07
2.194378051757812500e+02 8.810102784000000000e+10 2.131731093868438620e-07
1.946882247924804688e+01 1.340746240000000000e+09 1.677988192838597570e-09
1.975095825195312500e+02 1.675552512000000000e+09 1.726974261373470654e-07
2.321538734436035156e+01 1.025838080000000000e+10 2.385950548244863967e-09
3.337583007812500000e+02 2.724618649600000000e+10 4.931438866151438560e-07
3.917094726562500000e+02 1.277291520000000000e+09 6.792625413254427258e-07
5.865229492187500000e+02 2.070177792000000000e+09 1.522928641861653887e-06
9.843229980468750000e+02 4.772490444800000000e+10 4.289283879188587889e-06
1.160839538574218750e+02 3.742113382400000000e+10 5.965596727719457704e-08
1.683623886108398438e+01 4.225573273600000000e+10 1.254872872280543561e-09
1.208473873138427734e+01 1.244070912000000000e+10 6.465231128238713154e-10
6.972586059570312500e+01 1.767063680000000000e+09 2.152272671196442388e-08
1.715935707092285156e+01 3.856009728000000000e+09 1.303501528937545118e-09
5.377677612304687500e+02 9.779730022400000000e+10 1.280262608815974090e-06
1.608403205871582031e+01 2.329120768000000000e+10 1.145247674472216204e-09
5.211565017700195312e+01 2.980492544000000000e+09 1.202391430865645816e-08
3.887324523925781250e+02 6.830375321600000000e+10 6.689768952128360979e-07
2.714317932128906250e+02 1.679814016000000000e+09 3.261601762005739147e-07
8.676565551757812500e+01 1.825758617600000000e+10 3.332769082931008597e-08
8.741712188720703125e+01 3.191460659200000000e+10 3.383003743806511920e-08
1.879182586669921875e+02 1.938773760000000000e+09 1.563318647868072730e-07
3.614136047363281250e+02 8.786684928000000000e+09 5.782538323728658725e-07
5.261399536132812500e+02 2.292347904000000000e+10 1.225496475854015443e-06
1.313263397216796875e+02 4.943102976000000000e+09 7.635073728806673898e-08
3.341689682006835938e+01 1.618047897600000000e+10 4.943581988214873491e-09
6.990017089843750000e+02 2.040911360000000000e+09 2.163047383874072693e-06
3.124226379394531250e+01 5.061124096000000000e+09 4.321102142768040721e-09
1.628586578369140625e+01 2.556369920000000000e+09 1.174170649598238469e-09
8.366768798828125000e+02 1.110218240000000000e+09 3.099024979746900499e-06
1.773797912597656250e+02 1.801200844800000000e+10 1.392893125284899725e-07
5.150984954833984375e+01 8.946242355200000000e+10 1.174600239295386928e-08
4.899483489990234375e+01 1.502409113600000000e+10 1.062698640197368150e-08
3.061715888977050781e+01 1.099987328000000000e+09 4.149915522333458284e-09
1.829228210449218750e+02 2.070720000000000000e+09 1.481307805306641967e-07
1.754545021057128906e+01 2.876132096000000000e+09 1.362820079009452456e-09
1.406256866455078125e+02 2.701246208000000000e+09 8.754650338005376398e-08
4.629130554199218750e+02 3.079058432000000000e+10 9.486552130510972347e-07
3.952553558349609375e+01 1.294510592000000000e+09 6.916160089076583972e-09
1.042031764984130859e+01 1.439779225600000000e+10 4.806970377302377528e-10
8.182502441406250000e+02 4.419936768000000000e+09 2.964024588436586782e-06
4.574948120117187500e+02 5.304645632000000000e+09 9.265777407563291490e-07
5.025815200805664062e+01 2.913105715200000000e+10 1.118207837436102636e-08
1.050648880004882812e+01 8.302535168000000000e+09 4.886802074111074035e-10
6.707495117187500000e+01 3.633001676800000000e+10 1.991729092765126552e-08
3.429201354980468750e+02 1.076229939200000000e+10 5.205895945437077899e-07
2.135211486816406250e+02 4.327000576000000000e+09 2.018326057395825046e-07
4.208149719238281250e+01 1.395363840000000000e+09 7.839562776723596471e-09
1.677440032958984375e+02 5.504400588800000000e+10 1.245671512606350007e-07
3.496489868164062500e+02 1.275569868800000000e+10 5.412203449850494508e-07
3.036964035034179688e+01 1.122585984000000000e+09 4.083088533946011012e-09
2.246948394775390625e+02 4.412814336000000000e+09 2.235093603530913242e-07
1.188632297515869141e+01 1.274634496000000000e+09 6.254672335614941403e-10
2.827830696105957031e+01 2.105589964800000000e+10 3.540106430222067502e-09
1.445392761230468750e+02 1.110609536000000000e+09 9.248712729004182620e-08
1.680008697509765625e+02 4.535393484800000000e+10 1.249489542942683329e-07
2.185865020751953125e+02 1.835566080000000000e+10 2.115223338705618517e-07
5.986106567382812500e+02 6.136458444800000000e+10 1.586347934789955616e-06
2.399300956726074219e+01 1.121010560000000000e+09 2.548466770946333781e-09
5.924385375976562500e+02 4.080137011200000000e+10 1.553803599563252646e-06
5.620371704101562500e+02 7.760264396800000000e+10 1.398426206833391916e-06
4.031662368774414062e+01 2.117913728000000000e+09 7.195779083701836498e-09
3.189120674133300781e+01 1.591837824000000000e+09 4.502476169676583595e-09
6.975634002685546875e+01 4.832906444800000000e+10 2.154154543632103014e-08
2.853703918457031250e+02 1.435796684800000000e+10 3.605182996579969767e-07
1.499792098999023438e+01 1.777354368000000000e+09 9.957988877928869442e-10
1.237441825866699219e+01 2.885482291200000000e+10 6.778897443382447818e-10
8.331524047851562500e+02 6.891252121600000000e+10 3.072970912398886867e-06
4.652985229492187500e+02 2.171031808000000000e+09 9.584575764165492728e-07
1.228337097167968750e+02 4.161386086400000000e+10 6.679510278218003805e-08
1.387166595458984375e+01 2.290915328000000000e+10 8.518570848714546173e-10
2.075070800781250000e+02 5.815753216000000000e+09 1.906230124859575881e-07
1.334223785400390625e+02 6.268036300800000000e+10 7.880738195353842457e-08
3.405319976806640625e+01 2.953361612800000000e+10 5.133639291443614638e-09
2.413483276367187500e+02 8.054444032000000000e+10 2.578684075160708744e-07
2.785049133300781250e+02 5.683278848000000000e+09 3.433802078234293731e-07
6.903861694335937500e+02 1.112644403200000000e+10 2.110054310833220370e-06
3.555668029785156250e+02 4.138665984000000000e+09 5.596957066700269934e-07
2.217563056945800781e+01 7.486554931200000000e+10 2.177015012705396657e-09
1.693084411621093750e+02 2.167249920000000000e+09 1.269014973104276578e-07
7.405631256103515625e+01 3.044553523200000000e+10 2.427916001579433214e-08
7.292369842529296875e+01 1.134835200000000000e+09 2.354219041933447443e-08
3.353869018554687500e+02 6.941874176000000000e+09 4.979683581041172147e-07
3.025600585937500000e+02 5.684387328000000000e+09 4.052590441006032052e-07
2.093602180480957031e+01 8.659170304000000000e+09 1.940429594782244749e-09
3.062453308105468750e+02 2.009471744000000000e+09 4.151914936301182024e-07
5.521426391601562500e+02 1.204052352000000000e+09 1.349621697954717092e-06
2.364601707458496094e+01 2.375432448000000000e+09 2.475286864367376438e-09
8.433742675781250000e+02 6.274522316800000000e+10 3.148837322441977449e-06
2.641328811645507812e+01 1.698576512000000000e+09 3.088548528040746532e-09
3.645935058593750000e+01 1.161369856000000000e+09 5.884742027006950593e-09
1.042199039459228516e+01 5.242402406400000000e+10 4.808513587306606496e-10
1.843665122985839844e+01 5.177262080000000000e+10 1.504781965699919510e-09
6.355745239257812500e+02 7.929512960000000000e+09 1.788308850336761680e-06
1.170749435424804688e+02 2.947355904000000000e+09 6.067885749416745966e-08
9.213160400390625000e+02 2.557075456000000000e+10 3.757740842047496699e-06
4.872998352050781250e+02 1.812372224000000000e+09 1.051240360538940877e-06
1.466058826446533203e+01 9.196676710400000000e+10 9.515076504484909492e-10
3.799307861328125000e+02 1.883898624000000000e+09 6.390259272848197725e-07
3.868493652343750000e+02 3.183248179200000000e+10 6.625112405345134903e-07
6.640357055664062500e+02 6.560521420800000000e+10 1.952056663867551833e-06
4.487404251098632812e+01 1.625452646400000000e+10 8.914559757045026345e-09
3.582927856445312500e+02 1.919198720000000000e+09 5.683104404852201696e-07
7.164468383789062500e+02 3.257680128000000000e+09 2.272361825816915371e-06
1.457683086395263672e+01 7.765833318400000000e+10 9.406666556799336831e-10
3.340394592285156250e+01 6.412467200000000000e+09 4.939751274690706850e-09
2.552984924316406250e+02 3.037662464000000000e+09 2.885400078866950935e-07
1.997056732177734375e+02 1.646331187200000000e+10 1.765591974844937795e-07
5.186196899414062500e+02 2.073030041600000000e+10 1.190714101539924741e-06
9.054248046875000000e+01 2.750142208000000000e+09 3.629228473300827318e-08
2.072476196289062500e+02 3.413268275200000000e+10 1.901466220033398713e-07
9.478259887695312500e+02 8.855270195200000000e+10 3.977102096541784704e-06
5.394699859619140625e+01 2.926478745600000000e+10 1.288380335751071470e-08
1.599197673797607422e+01 2.370793472000000000e+09 1.132175575513372223e-09
1.800112762451171875e+02 3.931455488000000000e+10 1.434527661103857099e-07
1.289265594482421875e+02 8.234618060800000000e+10 7.358584497296760674e-08
1.724551200866699219e+01 6.989029888000000000e+09 1.316623809977102155e-09
3.216687774658203125e+01 2.792030464000000000e+09 4.580652746000168918e-09
3.410432052612304688e+01 4.722769408000000000e+09 5.149064730147756563e-09
1.661082153320312500e+02 7.021884211200000000e+10 1.221495153913565446e-07
1.171984863281250000e+02 1.019348032000000000e+09 6.080699677113443613e-08
7.938004302978515625e+01 4.559263334400000000e+10 2.789537134617603442e-08
3.250939941406250000e+01 7.878789120000000000e+09 4.678723630746617346e-09
3.471346130371093750e+02 1.137611776000000000e+10 5.334642878551676404e-07
5.238410034179687500e+02 7.270657024000000000e+09 1.214810481542372145e-06
9.734583740234375000e+02 7.215647948800000000e+10 4.195119345240527764e-06
1.709883308410644531e+01 6.037236736000000000e+09 1.294322427014549248e-09
1.562968597412109375e+02 4.575003852800000000e+10 1.081459046758936893e-07
2.233051681518554688e+01 1.243371904000000000e+09 2.207532379117083110e-09
9.925821685791015625e+01 2.985315328000000000e+09 4.361566041666264937e-08
2.625520515441894531e+01 2.545382656000000000e+09 3.051689789757006110e-09
1.226469326019287109e+01 1.438027904000000000e+09 6.659213180881806693e-10
5.942844390869140625e+01 7.151514419200000000e+10 1.563501328405436652e-08
5.703703308105468750e+01 4.659009945600000000e+10 1.440201913283090107e-08
6.872526550292968750e+01 5.642645504000000000e+10 2.090943951316148741e-08
1.789751052856445312e+01 3.365950464000000000e+09 1.418060668889609133e-09
3.288158798217773438e+01 5.742052556800000000e+10 4.786466778483600137e-09
7.664716339111328125e+01 2.683121254400000000e+10 2.600768489458005206e-08
1.404907035827636719e+01 9.402591232000000000e+09 8.737851553419773154e-10
3.747037353515625000e+02 2.596904140800000000e+10 6.215635721673606895e-07
1.675854949951171875e+02 2.190606950400000000e+10 1.243318337174059707e-07
7.088553619384765625e+01 4.769032601600000000e+10 2.224461148614409467e-08
1.798395538330078125e+01 3.154236416000000000e+09 1.431792129302777994e-09
3.014660072326660156e+01 2.686248448000000000e+09 4.023335442582265387e-09
1.739457702636718750e+02 7.959509401600000000e+10 1.339483048923284514e-07
2.894737243652343750e+01 6.252063948800000000e+10 3.709606177793034476e-09
6.842915344238281250e+01 5.299156992000000000e+10 2.072964377930475166e-08
2.574640502929687500e+02 9.959971225600000000e+10 2.934557983280683402e-07
3.956195449829101562e+01 2.048871680000000000e+09 6.928911666648218670e-09
4.250688552856445312e+01 2.170239488000000000e+09 7.998859352653653332e-09
1.382852935791015625e+02 1.064346624000000000e+10 8.465673317914479412e-08
7.094139862060546875e+01 4.511081267200000000e+10 2.227968387558121321e-08
1.679597625732421875e+02 2.546828032000000000e+09 1.248878191972835339e-07
8.751997680664062500e+02 2.716808192000000000e+10 3.390969823158229701e-06
3.863367919921875000e+02 2.334722816000000000e+09 6.607568252547935117e-07
3.642107849121093750e+02 2.939169024000000000e+09 5.872393558092880994e-07
6.080579223632812500e+02 7.187586560000000000e+09 1.636814317862445023e-06
6.569677734375000000e+02 2.926182912000000000e+09 1.910722858156077564e-06
3.544264221191406250e+01 9.269732352000000000e+09 5.561113347596347012e-09
4.854015350341796875e+01 6.975000064000000000e+09 1.043065989136948701e-08
9.120275115966796875e+01 2.718611660800000000e+10 3.682352911482666968e-08
3.000447654724121094e+01 7.204286464000000000e+10 3.985488827851213500e-09
1.774727058410644531e+01 2.943293952000000000e+09 1.394352855399461077e-09
2.724964332580566406e+01 1.593344307200000000e+10 3.287238259375158123e-09
1.754129791259765625e+02 3.955447808000000000e+09 1.362175083841066225e-07
1.661742973327636719e+01 8.451292364800000000e+10 1.222467238548574642e-09
3.128893432617187500e+02 2.587809996800000000e+10 4.334021355134609621e-07
5.671622085571289062e+01 6.880711475200000000e+10 1.424046214282270739e-08
1.163660717010498047e+01 6.118258688000000000e+10 5.994628127226064862e-10
2.799272155761718750e+01 2.979648000000000000e+09 3.468963782893297321e-09
5.705556488037109375e+01 7.516252672000000000e+09 1.441137875701770099e-08
2.342676849365234375e+02 1.503060377600000000e+10 2.429597429909335915e-07
1.182611083984375000e+02 1.280977408000000000e+09 6.191464763105614111e-08
4.304936599731445312e+01 4.465322803200000000e+10 8.204327883731821203e-09
7.730804443359375000e+01 5.741162496000000000e+10 2.645811392198993417e-08
6.050326538085937500e+01 3.294504960000000000e+09 1.620567680049589399e-08
1.032402877807617188e+02 7.945363456000000000e+09 4.718543422654875030e-08
6.598939208984375000e+02 1.105008640000000000e+09 1.927781340782530606e-06
9.585209960937500000e+02 1.062047744000000000e+10 4.067361260240431875e-06
2.737775993347167969e+01 1.759531520000000000e+09 3.318221253323372366e-09
4.450530395507812500e+02 1.432912768000000000e+09 8.768656130087038036e-07
9.931752319335937500e+02 3.701934080000000000e+10 4.366779648989904672e-06
5.023665618896484375e+01 2.550811648000000000e+10 1.117251535731611511e-08
1.039138717651367188e+02 3.054770432000000000e+09 4.780315521202282980e-08
1.694431877136230469e+01 7.660239257600000000e+10 1.271035610095339052e-09
2.335534057617187500e+02 3.134440448000000000e+10 2.414804214367904933e-07
1.947489929199218750e+02 2.624063488000000000e+10 1.679035790402849670e-07
2.453660430908203125e+02 1.790677811200000000e+10 2.665252907263493398e-07
6.818128051757812500e+02 6.146732851200000000e+10 2.057973688351921737e-06
5.079908752441406250e+02 2.061728972800000000e+10 1.142408336818334647e-06
3.664045333862304688e+01 2.658153472000000000e+10 5.943348924120073207e-09
2.325216979980468750e+02 8.972563251200000000e+10 2.393516922438720940e-07
3.817868804931640625e+01 2.141953792000000000e+09 6.452849810045790946e-09
6.545133666992187500e+02 4.563424768000000000e+09 1.896472667795023881e-06
1.374924926757812500e+02 8.418093568000000000e+09 8.368882475906502805e-08
2.866193962097167969e+01 4.178264064000000000e+10 3.636810408380597437e-09
9.079463500976562500e+02 7.390729830400000000e+10 3.649470727395964786e-06
5.302603912353515625e+01 6.594355609600000000e+10 1.244766512087380761e-08
6.586665344238281250e+01 9.805502873600000000e+10 1.920616909956152085e-08
1.109504699707031250e+01 8.759395942400000000e+10 5.449639628452018769e-10
5.960149536132812500e+02 1.064505600000000000e+09 1.572620021761395037e-06
1.780986022949218750e+01 2.710781952000000000e+10 1.404205196564589642e-09
2.789605712890625000e+01 1.230389888000000000e+09 3.445047358496822199e-09
2.400327758789062500e+02 9.599173632000000000e+09 2.550648332544369623e-07
6.986234741210937500e+02 1.223439744000000000e+09 2.160706799259060062e-06
8.219028472900390625e+01 1.886233600000000000e+10 2.990546121850456984e-08
2.457999038696289062e+01 9.158612992000000000e+09 2.674686694348338278e-09
2.734929199218750000e+02 8.760791859200000000e+10 3.311324405785853742e-07
2.548441772460937500e+02 1.967145164800000000e+10 2.875139557545480784e-07
5.099861145019531250e+02 4.749242368000000000e+09 1.151399942500574980e-06
5.962211608886718750e+01 8.741529190400000000e+10 1.573708452440314431e-08
9.412302246093750000e+02 3.483423948800000000e+10 3.921942607121309265e-06
1.223200759887695312e+02 1.960203776000000000e+09 6.623766779512152425e-08
5.215119552612304688e+01 5.983956992000000000e+10 1.204032074042515887e-08
7.462855224609375000e+02 2.799794995200000000e+10 2.465582383592845872e-06
3.398040466308593750e+02 4.893404160000000000e+09 5.111714358463359531e-07
6.375071411132812500e+02 2.916156928000000000e+09 1.799200845198356546e-06
3.226490020751953125e+01 1.265150976000000000e+10 4.608611714473909160e-09
7.350724792480468750e+01 2.139018444800000000e+10 2.392047804278263357e-08
8.871089172363281250e+01 6.486503424000000000e+10 3.483881627630580624e-08
2.874703979492187500e+01 2.424290048000000000e+09 3.658438663123320111e-09
2.260429687500000000e+02 4.300891648000000000e+09 2.261994325181149179e-07
3.882643890380859375e+01 7.100645376000000000e+09 6.673668284662426231e-09
3.429899215698242188e+01 1.463755392000000000e+09 5.208015796398512975e-09
6.354387207031250000e+02 1.539986022400000000e+10 1.787544647413596977e-06
2.158188056945800781e+01 1.588756224000000000e+09 2.061997239621859990e-09
3.864221572875976562e+01 3.716974336000000000e+09 6.610489045044687373e-09
8.310976409912109375e+01 5.243503616000000000e+09 3.057831676755995431e-08
2.608521461486816406e+01 3.284841728000000000e+09 3.012301075244749882e-09
9.697012329101562500e+02 2.673830144000000000e+09 4.162799086770974100e-06
6.800704956054687500e+01 3.323308544000000000e+09 2.047469394028667011e-08
4.602044372558593750e+02 2.970598400000000000e+10 9.375860372529132292e-07
2.825002746582031250e+02 1.276730982400000000e+10 3.533029371283191722e-07
9.593592834472656250e+01 6.783235686400000000e+10 4.074479065252489818e-08
9.564541625976562500e+02 1.573813862400000000e+10 4.049839844810776412e-06
9.150252532958984375e+01 4.212287744000000000e+09 3.706599827069112507e-08
2.278500671386718750e+02 5.890482176000000000e+09 2.298306043257980491e-07
1.690931701660156250e+01 6.657091174400000000e+10 1.265790028348590113e-09
1.650210189819335938e+01 2.700979814400000000e+10 1.205557764727416270e-09
5.777192306518554688e+01 2.869600051200000000e+10 1.477553368545159174e-08
4.085827255249023438e+01 1.848472985600000000e+10 7.390426937092797743e-09
7.200421142578125000e+02 4.139676467200000000e+10 2.295225385751109570e-06
4.482786560058593750e+01 2.667316480000000000e+09 8.896223313570317259e-09
1.733803558349609375e+01 9.322969088000000000e+09 1.330789478615201915e-09
6.380687713623046875e+01 4.352149504000000000e+09 1.802372295856002893e-08
4.166164398193359375e+01 7.389195468800000000e+10 7.683910396849569224e-09
9.353324127197265625e+01 1.994015744000000000e+10 3.872946052752013202e-08
1.672596931457519531e+01 2.798753280000000000e+09 1.238488978039242738e-09
4.231176757812500000e+02 2.364373401600000000e+10 7.925594900370924734e-07
9.241249847412109375e+01 1.389904998400000000e+10 3.780688828669553914e-08
1.095339488983154297e+01 5.874622873600000000e+10 5.311375783634275649e-10
4.388080749511718750e+02 2.017254912000000000e+09 8.524299914824950974e-07
2.935051345825195312e+01 5.667405004800000000e+10 3.813650728545781021e-09
3.630428466796875000e+02 1.215651712000000000e+09 5.834790499648079276e-07
2.687448425292968750e+02 5.699688857600000000e+10 3.197346813976764679e-07
1.578913269042968750e+02 2.777794560000000000e+10 1.103636506627481140e-07
4.602251052856445312e+01 2.904243456000000000e+09 9.376702081453913706e-09
1.651445159912109375e+02 7.697711923200000000e+10 1.207362885224938509e-07
8.899526214599609375e+01 9.447236608000000000e+09 3.506253776208723139e-08
1.412017440795898438e+01 6.367315456000000000e+09 8.826523401062047469e-10
1.772029685974121094e+01 4.832255180800000000e+10 1.390117576605121030e-09
2.407115936279296875e+01 1.044029504000000000e+09 2.565095691409169376e-09
5.517281494140625000e+02 5.263935078400000000e+10 1.347596139567031059e-06
1.534980678558349609e+01 2.843546828800000000e+10 1.043074515649777823e-09
2.295563888549804688e+01 6.978782822400000000e+10 2.332858128895054506e-09
3.705190658569335938e+01 6.795808358400000000e+10 6.077579772778562983e-09
1.084974765777587891e+01 3.289352960000000000e+09 5.211332476662278168e-10
6.444705200195312500e+02 1.426165888000000000e+09 1.838720208979793824e-06
1.577394485473632812e+01 3.461780992000000000e+09 1.101514324197694350e-09
4.914064941406250000e+02 1.363907968000000000e+09 1.069033487510751002e-06
3.654027709960937500e+02 5.474401280000000000e+09 5.910894174121494871e-07
2.449071693420410156e+01 5.085498368000000000e+09 2.655293318554186044e-09
2.984622764587402344e+01 1.116923392000000000e+09 3.943559701014009988e-09
6.225835037231445312e+01 1.882359296000000000e+09 1.715950403990973427e-08
5.516310119628906250e+01 3.242968678400000000e+10 1.347121791894778653e-08
1.148807067871093750e+02 1.836250931200000000e+10 5.842567318836699997e-08
8.434865112304687500e+02 2.400879411200000000e+10 3.149675649183336645e-06
6.007683944702148438e+01 4.696241356800000000e+10 1.597804732966778829e-08
2.831592102050781250e+02 1.967906816000000000e+10 3.549530447344295681e-07
9.346674346923828125e+01 3.610759936000000000e+09 3.867441478178079706e-08
7.026292419433593750e+01 2.283505152000000000e+09 2.185556269296284881e-08
1.673181457519531250e+02 1.087227648000000000e+09 1.239354787685442716e-07
2.757468986511230469e+01 2.923001856000000000e+09 3.366129375237392196e-09
5.130379867553710938e+01 2.249605632000000000e+09 1.165221785726089365e-08
1.038637619018554688e+02 8.481839616000000000e+09 4.775706585746775090e-08
2.288322448730468750e+01 2.140469760000000000e+09 2.318162994896511009e-09
5.194836425781250000e+02 1.203584614400000000e+10 1.194684614347352181e-06
2.768673706054687500e+02 1.920109568000000000e+10 3.393540737306466326e-07
1.086906890869140625e+02 7.576904704000000000e+09 5.229909660897646972e-08
4.749114685058593750e+02 3.461474560000000000e+09 9.984695452658343129e-07
2.798124122619628906e+01 4.023575296000000000e+09 3.466119169459602745e-09
1.375481224060058594e+01 2.070785638400000000e+10 8.375656279646648272e-10
2.555252227783203125e+02 7.140070400000000000e+09 2.890527355248195818e-07
2.007457122802734375e+02 7.121449779200000000e+10 1.784029564078082331e-07
6.938347625732421875e+01 3.890149120000000000e+09 2.131187315512761415e-08
2.966123199462890625e+01 3.544404480000000000e+09 3.894824462946644417e-09
6.316737365722656250e+01 1.740594995200000000e+10 1.766424695404111844e-08
1.522546539306640625e+02 4.111749120000000000e+09 1.026244191848491027e-07
7.951481323242187500e+02 5.386065920000000000e+09 2.799017693178029731e-06
6.328199005126953125e+01 3.956582400000000000e+09 1.772840896308025549e-08
1.506828308105468750e+02 4.875410227200000000e+10 1.005164449452422559e-07
3.298900985717773438e+01 3.613564928000000000e+10 4.817792387257213704e-09
1.345781860351562500e+02 6.161482137600000000e+10 8.017867259013655712e-08
4.118101501464843750e+02 7.829401600000000000e+10 7.507643431381438859e-07
2.026144218444824219e+01 3.028102400000000000e+09 1.817398787018476014e-09
1.255209426879882812e+02 2.179472640000000000e+09 6.974963184802618343e-08
9.318939208984375000e+02 7.286580736000000000e+09 3.844522780127590522e-06
6.106563186645507812e+01 2.390972211200000000e+10 1.650833425514974806e-08
1.856088562011718750e+02 6.633552691200000000e+10 1.525130102209004690e-07
8.675958251953125000e+01 1.954085760000000000e+09 3.332302611624982092e-08
4.826708068847656250e+02 7.433703424000000000e+09 1.031363126458018087e-06
4.076056671142578125e+01 5.519451750400000000e+10 7.355123621266557166e-09
4.328665161132812500e+01 1.333665280000000000e+09 8.295021558524240390e-09
4.588618087768554688e+01 5.904946790400000000e+10 9.321233562786801485e-09
3.485305786132812500e+01 2.003562291200000000e+10 5.377634337833114841e-09
6.790755004882812500e+02 8.573232742400000000e+10 2.041482503045699559e-06
4.450151824951171875e+01 8.169182720000000000e+09 8.767164771938951162e-09
2.407989501953125000e+02 9.857547468800000000e+10 2.566957846283912659e-07
8.395596923828125000e+02 1.050589491200000000e+10 3.120417432000976987e-06
4.785315704345703125e+01 2.851212800000000000e+09 1.013749528766538788e-08
1.733600921630859375e+02 2.238947328000000000e+10 1.330478198724449612e-07
1.243126754760742188e+02 3.634929254400000000e+10 6.841327149231801741e-08
4.217023468017578125e+01 2.635172608000000000e+09 7.872661633712141338e-09
2.179012298583984375e+01 1.784964096000000000e+09 2.101981699809130077e-09
3.370216369628906250e+02 4.438041395200000000e+10 5.028344958191155456e-07
1.548819255828857422e+01 1.404298342400000000e+10 1.061966958815219186e-09
2.141820716857910156e+01 6.535670272000000000e+09 2.030840162703384522e-09
3.896749572753906250e+02 2.805957222400000000e+10 6.722248144797049463e-07
1.560717868804931641e+01 3.857858969600000000e+10 1.078346523186723971e-09
2.331534423828125000e+02 1.573622272000000000e+10 2.406540602351014968e-07
1.417130947113037109e+01 1.018932531200000000e+10 8.890567171349061937e-10
7.736948394775390625e+01 6.960914944000000000e+09 2.650018515737428970e-08
5.150385131835937500e+02 1.956586086400000000e+10 1.174326598629704677e-06
3.086438293457031250e+02 2.313699072000000000e+09 4.217205287204706110e-07
1.698982696533203125e+02 1.753416448000000000e+09 1.277872314631167683e-07
1.283529090881347656e+01 4.220595456000000000e+09 7.293247117345913466e-10
1.067649936676025391e+01 5.483281408000000000e+09 5.046232876004808077e-10
3.027508735656738281e+01 1.168864051200000000e+10 4.057703950621771583e-09
1.130385208129882812e+02 1.439745945600000000e+10 5.656690760247329308e-08
3.645943069458007812e+01 4.529213849600000000e+10 5.884766896002702197e-09
2.322622985839843750e+02 5.924007424000000000e+09 2.388179325407691067e-07
3.328359222412109375e+01 5.903379456000000000e+09 4.904219697010603340e-09
3.655446624755859375e+01 8.988459008000000000e+09 5.915485434826450728e-09
1.354205417633056641e+01 1.292447027200000000e+10 8.118553052050003771e-10
4.222161483764648438e+01 3.139321600000000000e+09 7.891856945718700445e-09
3.953040695190429688e+01 4.053845606400000000e+10 6.917865391642408213e-09
3.581265563964843750e+02 2.762085990400000000e+10 5.677832177752861753e-07
8.619938964843750000e+02 7.813450956800000000e+10 3.289409050921676680e-06
4.490136718750000000e+02 4.228453171200000000e+10 8.925420047489751596e-07
9.090467834472656250e+01 4.133624627200000000e+10 3.658322711430628260e-08
5.508211135864257812e+01 3.000293171200000000e+10 1.343169131473587186e-08
2.548935546875000000e+02 4.667831296000000000e+09 2.876253972772246925e-07
7.929180908203125000e+01 7.404750336000000000e+09 2.783339425604935968e-08
4.970224380493164062e+01 3.405182720000000000e+09 1.093607515656458418e-08
9.070664672851562500e+02 2.630431948800000000e+10 3.642400770331732929e-06
3.941289672851562500e+02 2.125876864000000000e+09 6.876796874166757334e-07
1.733259277343750000e+02 1.983515520000000000e+09 1.329953818185458658e-07
2.180723571777343750e+01 4.878855782400000000e+10 2.105284391262784993e-09
1.001105976104736328e+01 4.292460953600000000e+10 4.436797595985808584e-10
1.025704879760742188e+02 1.681295232000000000e+09 4.657515617623175785e-08
7.064506530761718750e+01 7.989156352000000000e+09 2.209394089902616543e-08
1.123292732238769531e+01 3.202105600000000000e+09 5.585929496731978361e-10
2.132423248291015625e+02 2.506853632000000000e+09 2.013058235661446815e-07
9.591771850585937500e+02 2.574202112000000000e+09 4.072932370036141947e-06
1.944454002380371094e+01 5.602859008000000000e+10 1.673805205548717367e-09
6.425645446777343750e+01 1.690958080000000000e+09 1.827860351966137387e-08
1.168587779998779297e+01 6.021320704000000000e+09 6.045499656437414160e-10
1.185749340057373047e+01 7.951534080000000000e+09 6.224368798157797755e-10
4.201623535156250000e+01 1.406301696000000000e+09 7.815267544231119246e-09
3.696872253417968750e+02 4.138869555200000000e+10 6.050320848771661986e-07
1.446254730224609375e+02 2.041749632000000000e+09 9.259747457690536976e-08
1.144473953247070312e+02 3.301778841600000000e+10 5.798575841708952794e-08
4.316718139648437500e+02 2.168610406400000000e+10 8.249296001849870663e-07
1.559867000579833984e+01 4.297165209600000000e+10 1.077171019048250855e-09
1.235829315185546875e+02 1.213310848000000000e+09 6.761242588027016609e-08
2.610914802551269531e+01 2.140402432000000000e+09 3.017831096130407786e-09
3.351622390747070312e+01 1.053733785600000000e+10 4.973014444686896240e-09
5.717733764648437500e+01 3.308669337600000000e+10 1.447296060774760917e-08
9.067908477783203125e+01 1.150971648000000000e+09 3.640187529185823223e-08
2.603601074218750000e+01 1.949916032000000000e+09 3.000947490505723181e-09
8.338282775878906250e+01 4.121103155200000000e+10 3.077958510289136029e-08
4.586518859863281250e+02 3.975030784000000000e+09 9.312705060438020155e-07
1.575006580352783203e+01 1.259947520000000000e+10 1.098181878766979480e-09
2.092868957519531250e+02 1.581308544000000000e+09 1.939070557455124799e-07
8.645921325683593750e+01 6.079162880000000000e+09 3.309268947759846924e-08
8.365525817871093750e+01 2.664125235200000000e+10 3.098103817933406390e-08
1.038478698730468750e+02 3.103426969600000000e+10 4.774244999339316564e-08
1.560758399963378906e+01 2.154962688000000000e+09 1.078402589449467541e-09
2.037822418212890625e+02 1.125025024000000000e+09 1.838409247056915774e-07
4.729825210571289062e+01 1.444479104000000000e+09 9.903750708417646820e-09
2.850012207031250000e+01 8.800709017600000000e+10 3.595861608474137938e-09
1.011762161254882812e+02 6.295588454400000000e+10 4.531754882464156253e-08
3.197038650512695312e+01 1.327686528000000000e+09 4.524861818566705551e-09
6.514199829101562500e+01 2.921963008000000000e+09 1.878588662407310039e-08
2.137591400146484375e+02 5.252712448000000000e+10 2.022827629843959585e-07
5.447429656982421875e+01 7.595482316800000000e+10 1.313689601545320329e-08
8.255208129882812500e+02 2.934425088000000000e+09 3.016932396349147893e-06
2.611186599731445312e+01 9.188330700800000000e+10 3.018459260317740700e-09
1.316464805603027344e+01 3.206499737600000000e+10 7.672342761111394793e-10
3.562226486206054688e+01 8.346776371200000000e+10 5.617622811371347780e-09
1.496598510742187500e+02 2.109571328000000000e+09 9.915626719703141134e-08
2.140940704345703125e+02 8.859563622400000000e+10 2.029171639605920063e-07
5.798583984375000000e+02 7.553767936000000000e+09 1.488515863456996158e-06
4.110350341796875000e+02 1.727167078400000000e+10 7.479407599930709694e-07
3.879400634765625000e+01 3.466765056000000000e+09 6.662524310030448760e-09
2.526237297058105469e+01 1.386814464000000000e+09 2.825256029126421708e-09
8.957564086914062500e+02 2.476882432000000000e+09 3.552134103301796131e-06
6.014708862304687500e+02 3.596732006400000000e+10 1.601543544893502258e-06
5.550576782226562500e+02 1.942568832000000000e+09 1.363910087093245238e-06
2.683959388732910156e+01 1.450066048000000000e+09 3.189050357121914203e-09
2.890783081054687500e+02 5.803944755200000000e+10 3.699478554608504055e-07
1.237266311645507812e+02 9.113595904000000000e+10 6.776975425282216747e-08
6.593087768554687500e+02 5.626767360000000000e+09 1.924364141814294271e-06
5.897990722656250000e+02 2.273337600000000000e+09 1.539989398224861361e-06
1.447295837402343750e+02 7.753700864000000000e+09 9.273082923755282536e-08
1.581395149230957031e+01 1.139468800000000000e+10 1.107108849041082976e-09
4.635912322998046875e+01 2.517093632000000000e+09 9.514367960150593717e-09
9.980246734619140625e+01 2.594970419200000000e+10 4.409527676330071699e-08
3.509616851806640625e+01 4.785835622400000000e+10 5.452917672954527006e-09
5.163819885253906250e+01 5.954868736000000000e+09 1.180461062233462144e-08
5.043861770629882812e+01 1.030875328000000000e+09 1.126252868743904401e-08
3.103301086425781250e+02 6.420653670400000000e+10 4.263412449745374033e-07
8.161885986328125000e+02 7.890214092800000000e+10 2.949107283711782657e-06
2.092325134277343750e+02 3.321549824000000000e+10 1.938062865747269825e-07
7.154250335693359375e+01 1.058002688000000000e+09 2.265884724295119668e-08
8.308670806884765625e+01 2.551421696000000000e+09 3.056135966517103952e-08
3.606936264038085938e+01 2.017176576000000000e+10 5.759522636594738287e-09
2.450372619628906250e+02 8.832891289600000000e+10 2.658115079157141736e-07
1.635356330871582031e+01 1.174819328000000000e+10 1.183952491601303336e-09
2.413543395996093750e+02 1.676778086400000000e+10 2.578812257070239866e-07
3.438951110839843750e+02 9.877929164800000000e+10 5.235540925241366494e-07
2.095353317260742188e+01 1.665818726400000000e+10 1.943676997129273332e-09
3.477280273437500000e+02 3.242566860800000000e+10 5.352897574084636290e-07
1.724115753173828125e+02 1.238182092800000000e+10 1.315958968461927725e-07
4.783885192871093750e+01 6.343955968000000000e+09 1.013143702266461332e-08
1.254214000701904297e+01 2.843547648000000000e+10 6.963905008205983904e-10
8.704844970703125000e+02 4.895561728000000000e+09 3.354529098942293786e-06
3.565586242675781250e+02 4.427459584000000000e+09 5.628224926113034599e-07
3.519101333618164062e+01 6.922131968000000000e+09 5.482429621395112918e-09
2.874696655273437500e+02 2.535057408000000000e+09 3.658420553165342426e-07
2.127231788635253906e+01 2.375612620800000000e+10 2.003268440020633534e-09
9.104575347900390625e+01 9.124801536000000000e+09 3.669686066132271662e-08
4.570147705078125000e+02 3.936099123200000000e+10 9.246342642654781230e-07
1.245783920288085938e+02 3.458760704000000000e+10 6.870605062658796669e-08
5.025581359863281250e+01 8.004366336000000000e+10 1.118103831743155752e-08
1.774769783020019531e+01 1.752234240000000000e+09 1.394420023892450899e-09
7.861197509765625000e+02 3.784502784000000000e+09 2.735816451604478061e-06
3.254963989257812500e+02 3.972394188800000000e+10 4.690313915034494130e-07
4.123140563964843750e+02 1.824239488000000000e+09 7.526027729909401387e-07
3.456383895874023438e+01 8.105465446400000000e+10 5.288754767462933160e-09
6.276371459960937500e+02 3.316677888000000000e+09 1.743921075103571638e-06
7.570336914062500000e+01 8.934961152000000000e+09 2.537113630296516931e-08
6.182688522338867188e+01 7.316294041600000000e+10 1.692249007589907706e-08
3.103106079101562500e+02 4.653367296000000000e+10 4.262876984739705222e-07
1.620493316650390625e+01 7.484972544000000000e+09 1.162529517095833853e-09
2.926202392578125000e+02 1.184676352000000000e+10 3.790689504512556596e-07
1.735781555175781250e+02 5.251020288000000000e+09 1.333827555072275572e-07
4.013738098144531250e+02 1.394897024000000000e+09 7.131938559723494109e-07
8.995129394531250000e+01 4.022173440000000000e+09 3.581989815870656457e-08
2.204471282958984375e+02 2.415513804800000000e+10 2.151386269133581663e-07
5.027874755859375000e+01 9.124449280000000000e+09 1.119124615200917106e-08
7.984322357177734375e+01 1.861083340800000000e+10 2.822186218054412166e-08
1.175217723846435547e+01 1.288600320000000000e+09 6.114291850600750422e-10
1.719753456115722656e+01 1.692581683200000000e+10 1.309308328423242074e-09
4.687383728027343750e+02 5.228786073600000000e+10 9.726812777444138192e-07
5.493383789062500000e+02 2.298241433600000000e+10 1.335947445113561116e-06
1.874876708984375000e+02 2.886792601600000000e+10 1.556162487759138457e-07
4.097854614257812500e+02 1.187813376000000000e+09 7.434001076944696251e-07
6.887630462646484375e+01 1.085821337600000000e+10 2.100144769201506278e-08
1.506078186035156250e+02 2.793976576000000000e+09 1.004163863171925186e-07
6.421098022460937500e+02 1.277686988800000000e+10 1.825274239308782853e-06
1.100942420959472656e+01 2.071841996800000000e+10 5.365852207006582830e-10
1.584950561523437500e+02 8.704654336000000000e+09 1.112092746780035668e-07
1.323339996337890625e+02 1.576209664000000000e+09 7.752688446771571762e-08
3.702959060668945312e+01 2.901286400000000000e+09 6.070260294421814251e-09
5.685720062255859375e+01 4.078150041600000000e+10 1.431134588614213499e-08
1.230006885528564453e+01 1.399387238400000000e+10 6.697683518908092992e-10
2.624559326171875000e+02 6.577622528000000000e+09 3.049455870041128946e-07
5.845545578002929688e+01 9.620496384000000000e+10 1.512723635244128673e-08
7.483431243896484375e+01 1.118476032000000000e+09 2.479196936633343284e-08
1.380958175659179688e+01 5.110429184000000000e+09 8.442490595506058071e-10
2.274609222412109375e+02 8.174471680000000000e+09 2.290461935672283289e-07
8.631389617919921875e+01 9.682663424000000000e+09 3.298154638287087437e-08
1.513509464263916016e+01 5.141529395200000000e+10 1.014097805729363699e-09
6.188932037353515625e+01 1.163039616000000000e+09 1.695668494505753188e-08
4.750335693359375000e+01 3.575498240000000000e+09 9.989830296319723857e-09
2.416033935546875000e+02 1.195741056000000000e+09 2.584137064332026057e-07
3.793107604980468750e+01 4.734156800000000000e+10 6.369418770191259682e-09
2.378965148925781250e+02 1.872861184000000000e+10 2.505449572254292434e-07
6.224650192260742188e+01 3.981132544000000000e+09 1.715297237581125955e-08
1.981736564636230469e+01 1.222642688000000000e+09 1.738606814072340967e-09
5.531859207153320312e+01 4.873395712000000000e+09 1.354726908431302945e-08
1.033886260986328125e+02 6.099492352000000000e+09 4.732112302008317783e-08
2.182707672119140625e+02 4.253453056000000000e+09 2.109117076543043368e-07
1.002282409667968750e+02 3.852887808000000000e+09 4.447231916060445656e-08
5.630417633056640625e+01 7.994970931200000000e+10 1.403429905622033402e-08
9.113843536376953125e+01 3.289057024000000000e+09 3.677160975712467916e-08
3.167913208007812500e+02 1.243676160000000000e+10 4.442792942427331582e-07
3.401251983642578125e+01 7.734248448000000000e+09 5.121381985162543060e-09
4.555163955688476562e+01 3.981278208000000000e+09 9.185812110956703691e-09
1.809440994262695312e+01 2.013317939200000000e+10 1.449433573164071731e-09
7.258969879150390625e+01 2.237862297600000000e+10 2.332703452623263729e-08
3.453442382812500000e+01 4.045950208000000000e+09 5.279757520071370891e-09
1.669984588623046875e+02 6.606957056000000000e+09 1.234623283608016209e-07
4.302729034423828125e+01 1.493712998400000000e+10 8.195915945918841317e-09
4.840304183959960938e+01 3.861001420800000000e+10 1.037181629470751432e-08
1.694876251220703125e+02 9.529747865600000000e+10 1.271702529948015581e-07
2.538601493835449219e+01 8.377985024000000000e+09 2.852978964185126642e-09
1.237136077880859375e+01 4.157721344000000000e+09 6.775549010740178346e-10
4.421164855957031250e+02 5.063573913600000000e+10 8.653323675389401615e-07
7.052419281005859375e+01 1.540263936000000000e+10 2.201839954807383037e-08
5.669240722656250000e+02 3.827496192000000000e+09 1.422850573362666182e-06
5.409897613525390625e+01 3.971054387200000000e+10 1.295649809662791085e-08
7.607225799560546875e+01 1.467759360000000000e+09 2.561899847819404386e-08
1.825081329345703125e+02 3.313357209600000000e+10 1.474599287121236557e-07
5.326262207031250000e+02 8.239622553600000000e+10 1.255898723684367724e-06
1.622608795166015625e+02 1.480149760000000000e+09 1.165566914096416440e-07
8.115924072265625000e+01 2.177576960000000000e+09 2.915986030416206631e-08
2.678827667236328125e+01 3.082589184000000000e+09 3.176867435783492510e-09
1.870031585693359375e+02 1.061010176000000000e+09 1.548129944239917677e-07
2.699461669921875000e+02 5.089287680000000000e+09 3.225996465516800527e-07
5.145918579101562500e+02 1.038601523200000000e+10 1.172290808426623698e-06
2.159193267822265625e+02 1.999265587200000000e+10 2.063918600470060483e-07
1.896873321533203125e+02 2.483554713600000000e+10 1.592891436530408100e-07
1.081156082153320312e+02 7.062359244800000000e+10 5.174713990641066630e-08
2.363012237548828125e+02 2.208058982400000000e+10 2.471959987815353088e-07
6.610174560546875000e+02 7.353389875200000000e+10 1.934351530508138239e-06
2.835819625854492188e+01 6.522987008000000000e+09 3.560137296076959501e-09
7.516554565429687500e+02 1.238592896000000000e+09 2.501192739146063104e-06
8.765989990234375000e+02 1.513909248000000000e+10 3.401821004445082508e-06
4.675826263427734375e+01 1.033874124800000000e+10 9.678904788756881317e-09
2.248166465759277344e+01 4.043252121600000000e+10 2.237517726655369188e-09
1.837209510803222656e+01 6.383571968000000000e+09 1.494262380496991227e-09
8.748883056640625000e+01 8.195147264000000000e+09 3.388556635286477103e-08
5.021912231445312500e+02 1.825211008000000000e+09 1.116471821660525165e-06
6.319557189941406250e+01 1.162798976000000000e+09 1.768002277913183207e-08
2.848754119873046875e+01 1.946767744000000000e+09 3.592687702891339541e-09
1.117908782958984375e+02 4.222808832000000000e+09 5.532510627404008119e-08
6.133275222778320312e+01 5.586675200000000000e+09 1.665307536313775927e-08
2.502301406860351562e+01 4.881990144000000000e+09 2.771971541193352095e-09
5.603559494018554688e+01 1.310554931200000000e+10 1.390072679186005189e-08
2.182580108642578125e+02 2.001964236800000000e+10 2.108870518213734613e-07
1.101625595092773438e+02 1.677821184000000000e+09 5.372513811607859679e-08
6.982141876220703125e+01 8.318001971200000000e+10 2.158175860245137301e-08
2.057989959716796875e+02 6.593028505600000000e+10 1.874977328952809330e-07
5.298093414306640625e+01 1.708829056000000000e+09 1.242649805277551422e-08
1.706737823486328125e+02 2.246892748800000000e+10 1.289564863782288739e-07
5.235521240234375000e+02 6.900151808000000000e+09 1.213470909533498343e-06
1.272044563293457031e+01 4.884243660800000000e+10 7.163316606551006771e-10
5.953475952148437500e+01 5.716337152000000000e+09 1.569100405163226242e-08
3.713654174804687500e+02 1.896391296000000000e+09 6.105375973675108980e-07
5.813610076904296875e+01 1.345906944000000000e+09 1.496240287224281929e-08
3.235512161254882812e+01 9.020239872000000000e+09 4.634422179350394799e-09
8.251123657226562500e+02 1.788966016000000000e+09 3.013947889485280029e-06
3.371921539306640625e+01 2.155498086400000000e+10 5.033434558043836660e-09
1.681573486328125000e+01 6.202639360000000000e+09 1.251818204650589905e-09
2.743346557617187500e+02 1.362732544000000000e+09 3.331738014367147116e-07
9.749991607666015625e+01 1.252079616000000000e+09 4.208409620787278982e-08
7.112932128906250000e+02 3.573818163200000000e+10 2.239787590951891616e-06
1.160510559082031250e+02 1.622812928000000000e+09 5.962215965382711147e-08
4.504902954101562500e+02 8.648599552000000000e+09 8.984220585261937231e-07
7.233446044921875000e+02 3.815626496000000000e+09 2.316327709195320494e-06
3.532058410644531250e+02 2.583953817600000000e+10 5.522875312635733280e-07
5.445686645507812500e+02 6.650269184000000000e+09 1.312849235546309501e-06
1.546577835083007812e+01 3.630205952000000000e+09 1.058895415795291228e-09
4.719860839843750000e+02 1.285907456000000000e+10 9.862066008281544782e-07
1.417467308044433594e+01 2.907297536000000000e+09 8.894788794400199095e-10
1.386764812469482422e+01 1.818967244800000000e+10 8.513637017593111977e-10
1.975878906250000000e+01 4.245417164800000000e+10 1.728343801410403557e-09
2.940613555908203125e+01 9.255931084800000000e+10 3.828119155002696061e-09
9.138009643554687500e+02 1.197736320000000000e+09 3.696687599585857242e-06
2.186468963623046875e+02 1.837125120000000000e+09 2.116392323614491033e-07
2.433730316162109375e+02 5.458251776000000000e+09 2.622131205498590134e-07
1.838530921936035156e+01 6.963825049600000000e+10 1.496412771473387693e-09
4.608348464965820312e+01 2.600190464000000000e+09 9.401564859956579312e-09
2.247005653381347656e+01 2.347271936000000000e+09 2.235207352541124237e-09
4.370222091674804688e+01 7.619534028800000000e+10 8.455056210721068055e-09
3.163393211364746094e+01 7.676922880000000000e+09 4.430123823340181843e-09
1.463836860656738281e+01 8.019778560000000000e+09 9.486257335211689679e-10
1.025979614257812500e+01 3.185332224000000000e+10 4.660011820867282495e-10
2.587056274414062500e+02 2.439568640000000000e+09 2.962929102068301290e-07
4.248725509643554688e+01 4.039790182400000000e+10 7.991474149093846790e-09
1.901649284362792969e+01 1.519735040000000000e+09 1.600922727718057104e-09
1.946136283874511719e+01 1.534697600000000000e+09 1.676702554576081639e-09
2.390205535888671875e+02 4.082198272000000000e+09 2.529181699628679780e-07
2.742836303710937500e+02 6.463907840000000000e+10 3.330498827835981501e-07
3.828074645996093750e+02 6.198290022400000000e+10 6.487394443865923677e-07
2.615716743469238281e+01 2.200046080000000000e+09 3.028941986116251428e-09
1.239692878723144531e+01 2.976193024000000000e+09 6.803583252334988174e-10
3.802273559570312500e+02 4.624660070400000000e+10 6.400240408765967004e-07
1.336370391845703125e+02 5.814002483200000000e+10 7.906115939704250195e-08
1.095571060180664062e+02 1.212391116800000000e+10 5.313621187497119536e-08
1.237236709594726562e+02 9.578636902400000000e+10 6.776650707251974382e-08
1.617857971191406250e+02 7.693654528000000000e+09 1.158751530283552711e-07
2.933479919433593750e+02 1.402243072000000000e+09 3.809568056567513850e-07
1.117188739776611328e+01 2.589608550400000000e+10 5.525385704530094699e-10
1.658483886718750000e+01 7.954141696000000000e+09 1.217676848241922016e-09
4.866386795043945312e+01 9.771477401600000000e+10 1.048389730584631252e-08
1.277542781829833984e+01 1.906552704000000000e+09 7.225375298069991459e-10
7.586401367187500000e+01 1.561168768000000000e+09 2.547892918869365531e-08
3.164346885681152344e+01 7.282830540800000000e+10 4.432795464026639820e-09
2.277257537841796875e+02 3.078327910400000000e+10 2.295798822160577402e-07
6.206915283203125000e+01 9.198787788800000000e+10 1.705537044927041279e-08
8.672164154052734375e+01 2.330952499200000000e+10 3.329388320594262041e-08
4.094610595703125000e+01 3.752929280000000000e+10 7.422236159015938028e-09
7.337180328369140625e+01 2.121832704000000000e+09 2.383240449432832975e-08
5.102080688476562500e+02 2.938929152000000000e+09 1.152402433035604190e-06
7.533335113525390625e+01 3.448975769600000000e+10 2.512372709873034182e-08
2.699618148803710938e+01 2.923745280000000000e+10 3.226370060005478990e-09
5.623856353759765625e+01 1.365345408000000000e+09 1.400160964948327091e-08
6.952204895019531250e+01 2.664273152000000000e+09 2.139708499271364417e-08
1.214982070922851562e+02 3.606787686400000000e+10 6.535055518952503917e-08
4.505490417480468750e+02 3.930845593600000000e+10 8.986564239421568345e-07
6.986746978759765625e+01 5.294099456000000000e+09 2.161023893165747722e-08
6.522217559814453125e+01 2.006475980800000000e+10 1.883215539066895872e-08
1.040241851806640625e+02 2.542175846400000000e+10 4.790470597981766332e-08
9.172623443603515625e+01 1.207965696000000000e+09 3.724745667454953946e-08
9.941693878173828125e+01 1.706763980800000000e+10 4.375526430067111505e-08
2.724037170410156250e+02 8.647676928000000000e+09 3.285001923813979374e-07
4.466902542114257812e+01 7.156742144000000000e+09 8.833288767107205786e-09
3.952452468872070312e+01 4.604738355200000000e+10 6.915807038154753172e-09
6.229190063476562500e+01 5.198754816000000000e+09 1.717800302003524848e-08
8.289179229736328125e+01 7.304301772800000000e+10 3.041813556592387613e-08
1.434770870208740234e+01 8.760286412800000000e+10 9.113278465200380651e-10
3.555791320800781250e+02 1.430831820800000000e+10 5.597344738816900644e-07
8.773728942871093750e+01 1.348997504000000000e+09 3.407830462265337701e-08
1.757573699951171875e+02 3.866536345600000000e+10 1.367529165463565732e-07
9.802103424072265625e+01 2.952978176000000000e+09 4.253516294738801662e-08
2.045000267028808594e+01 1.339869491200000000e+10 1.851383046869159443e-09
3.676999206542968750e+02 4.326865715200000000e+10 5.985447160128387623e-07
3.738546752929687500e+02 7.655365836800000000e+10 6.187499366205884144e-07
3.846143493652343750e+02 2.193126144000000000e+09 6.548780788762087468e-07
8.968662109375000000e+02 2.382978457600000000e+10 3.560941877367440611e-06
7.527846069335937500e+02 1.203881676800000000e+10 2.508712896087672561e-06
1.243752212524414062e+02 2.093399680000000000e+09 6.848213018884052872e-08
5.135647201538085938e+01 1.051686400000000000e+09 1.167615604202865143e-08
1.941571998596191406e+01 3.876789452800000000e+10 1.668846949520741418e-09
3.568758392333984375e+01 2.765421158400000000e+10 5.638242761563105887e-09
1.245589256286621094e+01 6.812579840000000000e+09 6.868458024555934571e-10
7.006514739990234375e+01 6.614119424000000000e+09 2.173269741945205169e-08
1.158960819244384766e+01 9.595665408000000000e+09 5.946302894521693361e-10
1.532299327850341797e+01 9.716494336000000000e+09 1.039433650262822084e-09
1.362784729003906250e+02 3.953983078400000000e+10 8.221746128356244299e-08
5.853306579589843750e+01 1.875128320000000000e+10 1.516743175500323559e-08
1.843575744628906250e+02 1.958067456000000000e+09 1.504636060190023272e-07
3.178501892089843750e+02 2.288882176000000000e+09 4.472542229905229760e-07
4.530698776245117188e+01 2.776854732800000000e+10 9.087405494767608616e-09
7.215678100585937500e+02 6.954152755200000000e+10 2.304961981280939654e-06
1.623875045776367188e+01 5.378174464000000000e+09 1.167386520783963988e-09
2.830003662109375000e+02 4.931321856000000000e+10 3.545549134287284687e-07
2.650066223144531250e+02 4.245091584000000000e+09 3.109016404323483584e-07
7.285613403320312500e+02 7.406040678400000000e+10 2.349858732486609370e-06
4.156984710693359375e+01 3.420288614400000000e+10 7.650087674448968755e-09
7.049205017089843750e+01 2.187654400000000000e+09 2.199833204485912574e-08
1.927519683837890625e+02 1.012999744000000000e+09 1.644777540832365048e-07
2.653879089355468750e+02 1.782662528000000000e+09 3.117968958576966543e-07
1.270740795135498047e+01 3.833888000000000000e+09 7.148640013276974514e-10
8.905205688476562500e+02 4.279507353600000000e+10 3.510730039124609903e-06
2.583123474121093750e+02 1.850075340800000000e+10 2.953927946691692341e-07
1.050888824462890625e+01 1.789140480000000000e+09 4.889034177502082912e-10
3.584924697875976562e+01 2.661341696000000000e+09 5.689441362477509756e-09
3.956770935058593750e+02 4.350304665600000000e+10 6.930927156645338982e-07
1.699695014953613281e+01 4.952507596800000000e+10 1.278944172788953892e-09
4.462565307617187500e+02 1.050713292800000000e+10 8.816143690637545660e-07
4.364228439331054688e+01 1.057061478400000000e+10 8.431880971215832687e-09
4.114250488281250000e+02 4.160233881600000000e+10 7.493608222830516752e-07
6.846306152343750000e+02 5.780034048000000000e+09 2.075019438052549958e-06
3.726734619140625000e+02 1.833522995200000000e+10 6.148461579869035631e-07
8.237304687500000000e+02 9.415622656000000000e+09 3.003860456374241039e-06
1.631635475158691406e+01 4.529611776000000000e+09 1.178571129578642740e-09
5.113953781127929688e+01 1.144419584000000000e+09 1.157772189230854565e-08
1.322130107879638672e+01 2.426311168000000000e+09 7.738519824940226499e-10
1.670678901672363281e+01 3.814858752000000000e+09 1.235650026742973751e-09
2.186663665771484375e+02 3.184232038400000000e+10 2.116769337590085343e-07
2.067420578002929688e+01 1.528966144000000000e+09 1.892200618414108249e-09
1.011779308319091797e+01 2.287217664000000000e+10 4.531907904503640339e-10
1.320300750732421875e+02 1.516175155200000000e+10 7.717119387962156907e-08
4.161043701171875000e+02 3.825920512000000000e+09 7.665033763259998523e-07
2.836944389343261719e+01 1.235186483200000000e+10 3.562961703451605899e-09
2.725119972229003906e+01 1.433955328000000000e+10 3.287613514757481425e-09
1.838074035644531250e+02 3.726173798400000000e+10 1.495669152973277960e-07
7.238517761230468750e+01 1.505591424000000000e+09 2.319577241394199518e-08
3.273975830078125000e+02 9.398830080000000000e+09 4.745264732264331542e-07
3.304615173339843750e+02 1.189731328000000000e+10 4.834496962757839356e-07
1.601665649414062500e+02 6.013116416000000000e+09 1.135672818008970353e-07
3.508967971801757812e+01 3.422520934400000000e+10 5.450901507941807722e-09
2.846973419189453125e+01 3.844337254400000000e+10 3.588197516890545558e-09
2.636501464843750000e+02 2.217063680000000000e+09 3.077269354889722308e-07
2.985874023437500000e+02 3.974032588800000000e+10 3.946867366266815225e-07
2.095492095947265625e+02 6.642221568000000000e+09 1.943934364589949837e-07
5.495567016601562500e+02 1.482621952000000000e+10 1.337009507551556453e-06
7.705549926757812500e+02 1.048344678400000000e+10 2.628553374961484224e-06
3.816635894775390625e+01 1.033913280000000000e+09 6.448682032811348108e-09
1.863460388183593750e+02 4.432661504000000000e+09 1.537268872198183089e-07
1.336659240722656250e+02 6.419077120000000000e+10 7.909535071348727797e-08
4.310347900390625000e+02 1.127302656000000000e+09 8.224967018577444833e-07
1.730122680664062500e+02 3.599866675200000000e+10 1.325144722841287148e-07
6.158292770385742188e+01 1.561797632000000000e+10 1.678920646952519746e-08
9.489597778320312500e+02 3.239814553600000000e+10 3.986622687079943717e-06
3.560187530517578125e+01 1.644310272000000000e+09 5.611193731880348423e-09
1.698621978759765625e+02 4.132671232000000000e+09 1.277329602089594118e-07
2.471489410400390625e+02 1.205694336000000000e+09 2.704126700336928479e-07
4.077813720703125000e+02 1.937416806400000000e+10 7.361465463873173576e-07
1.835160522460937500e+02 1.286426316800000000e+10 1.490931254011229612e-07
1.412519168853759766e+01 6.992915660800000000e+10 8.832796716262691916e-10
2.084912300109863281e+01 9.942895001600000000e+10 1.924354453564092182e-09
5.208158493041992188e+01 2.606968832000000000e+09 1.200819976787670385e-08
7.975267028808593750e+01 6.959794176000000000e+09 2.815788135990260344e-08
7.793251800537109375e+01 8.367851520000000000e+09 2.688728528710271348e-08
3.618636169433593750e+02 1.294088499200000000e+10 5.796946993541496340e-07
2.152825164794921875e+01 2.378072832000000000e+09 2.051762315602445597e-09
8.934744262695312500e+01 2.726156544000000000e+09 3.534058734544487379e-08
2.922636718750000000e+02 1.059448627200000000e+10 3.781457280638278462e-07
3.827976989746093750e+01 3.876469760000000000e+09 6.487064219129479170e-09
1.028015136718750000e+02 2.000219545600000000e+10 4.678520681977715867e-08
9.201817321777343750e+01 2.941302374400000000e+10 3.748493071498160134e-08
1.229955749511718750e+02 5.409869824000000000e+10 6.697126053722968209e-08
4.412020874023437500e+02 3.868753510400000000e+10 8.617565754320821725e-07
2.706166381835937500e+02 9.745222656000000000e+09 3.242041373141546501e-07
1.412580871582031250e+01 7.855337472000000000e+09 8.833568321264806400e-10
5.478448104858398438e+01 2.128074137600000000e+10 1.328692889046578784e-08
1.229402618408203125e+02 1.206325964800000000e+10 6.691104204037401360e-08
2.269051933288574219e+01 4.669828608000000000e+09 2.279283872752557727e-09
6.839987182617187500e+02 7.860501708800000000e+10 2.071190692731761374e-06
1.808648529052734375e+02 1.476692070400000000e+10 1.448164397288564942e-07
4.346415100097656250e+02 1.218579353600000000e+10 8.363189181181951426e-07
6.964521484375000000e+02 1.792590028800000000e+10 2.147296982002444565e-06
6.013690795898437500e+02 9.583469568000000000e+09 1.601001258677570149e-06
1.661459159851074219e+01 4.853103820800000000e+10 1.222049572646710658e-09
3.130074157714843750e+02 2.222817894400000000e+10 4.337293262324237730e-07
7.988341522216796875e+01 5.744344268800000000e+10 2.825027856090400746e-08
1.129039611816406250e+02 8.845190144000000000e+09 5.643231659746561490e-08
2.512893486022949219e+01 1.270222592000000000e+09 2.795488285300962161e-09
3.506152038574218750e+02 2.249455360000000000e+09 5.442156520985008683e-07
3.085672950744628906e+01 1.400351129600000000e+10 4.215113591499175527e-09
8.629010009765625000e+01 5.086041088000000000e+09 3.296336004154909460e-08
4.305737915039062500e+02 6.282038272000000000e+09 8.207382506952853873e-07
2.194334869384765625e+02 2.621323673600000000e+10 2.131647107717071776e-07
1.682119293212890625e+02 2.417357568000000000e+09 1.252630852377478732e-07
8.753958129882812500e+01 4.120109875200000000e+10 3.392489134057541378e-08
1.881607360839843750e+02 1.124935040000000000e+09 1.567355667475567316e-07
6.569053344726562500e+02 1.711602073600000000e+10 1.910359515022719279e-06
1.237153778076171875e+02 1.075063296000000000e+10 6.775741923092937213e-08
1.633587646484375000e+02 2.994612736000000000e+09 1.181393116667095455e-07
4.043270568847656250e+02 5.710977843200000000e+10 7.237275667648646049e-07
4.887274551391601562e+01 8.650216448000000000e+09 1.057409004801002084e-08
7.038806152343750000e+01 3.906216192000000000e+09 2.193347903300946200e-08
2.656983947753906250e+02 4.714967449600000000e+10 3.125268790427071508e-07
2.746528244018554688e+01 2.108400640000000000e+10 3.339470699970092937e-09
6.093338623046875000e+02 3.405696000000000000e+10 1.643691007302550133e-06
4.760678710937500000e+02 1.071905382400000000e+10 1.003337956717587076e-06
6.760921478271484375e+01 1.659138764800000000e+10 2.023584499966091244e-08
4.285658874511718750e+02 3.316312678400000000e+10 8.131014510581735522e-07
1.269632263183593750e+02 1.772852608000000000e+09 7.136173962862812914e-08
1.037562656402587891e+01 2.338704793600000000e+10 4.765825512009769227e-10
8.651854248046875000e+02 5.547051520000000000e+09 3.313812158012297004e-06
1.256995868682861328e+01 2.017951872000000000e+09 6.994830825668429952e-10
4.249513244628906250e+02 1.213164441600000000e+10 7.994437396519060712e-07
5.742087402343750000e+02 6.137505280000000000e+09 1.459651343793666456e-06
2.521449661254882812e+01 1.425167667200000000e+10 2.814557698016528775e-09
1.208585281372070312e+02 1.091186432000000000e+09 6.466422775019964320e-08
2.301116027832031250e+02 5.901372211200000000e+10 2.344156371236749692e-07
2.356621093750000000e+02 1.765776000000000000e+09 2.458606616073666373e-07
1.925262908935546875e+02 1.579654963200000000e+10 1.640928388724205433e-07
1.916942405700683594e+01 2.627028992000000000e+09 1.626775714136385886e-09
2.830035209655761719e+01 1.679911116800000000e+10 3.545628013412738255e-09
3.235258865356445312e+01 3.095834419200000000e+10 4.633696537581499797e-09
2.167802581787109375e+02 4.850718208000000000e+09 2.080410297367052408e-07
4.596793365478515625e+01 6.636960563200000000e+10 9.354477192857757473e-09
1.071990356445312500e+02 8.296267776000000000e+10 5.087346366394740471e-08
5.980897140502929688e+01 1.548177920000000000e+10 1.583588016274006804e-08
6.335259628295898438e+01 6.026178969600000000e+10 1.776799329888945067e-08
1.674276123046875000e+02 6.223200256000000000e+09 1.240976814642635873e-07
1.274169311523437500e+02 1.724470681600000000e+10 7.187266959363114438e-08
2.131864547729492188e+01 3.598051072000000000e+09 2.012003674778384266e-09
9.478970336914062500e+02 2.573103104000000000e+09 3.977698725066147745e-06
3.496893310546875000e+02 3.999444582400000000e+10 5.413451731328677852e-07
3.282099151611328125e+01 2.254803968000000000e+09 4.768841765923070852e-09
1.837350845336914062e+01 3.158622003200000000e+10 1.494492529729996022e-09
1.448904876708984375e+02 3.667329843200000000e+10 9.293713532088077045e-08
2.460946273803710938e+01 8.855661772800000000e+10 2.681104671609091383e-09
1.014776458740234375e+02 2.664639692800000000e+10 4.558797428444449906e-08
3.459517822265625000e+02 2.585593036800000000e+10 5.298350629345804919e-07
1.564764404296875000e+02 8.807985152000000000e+09 1.083945448954182211e-07
1.206180095672607422e+01 6.458877952000000000e+10 6.440710742516841947e-10
2.569057464599609375e+01 4.560373760000000000e+10 2.921844988179600477e-09
1.349354648590087891e+01 5.810062131200000000e+10 8.060495049200255835e-10
1.207695198059082031e+01 3.807798886400000000e+10 6.456902235107975230e-10
1.032998657226562500e+02 1.241532928000000000e+09 4.723990798538579838e-08
6.229330825805664062e+01 3.372301516800000000e+10 1.717878106433090579e-08
3.417882690429687500e+02 2.134911795200000000e+10 5.171586394681071397e-07
3.170246582031250000e+02 2.586059520000000000e+09 4.449340451628813753e-07
4.560424804687500000e+01 3.403549081600000000e+10 9.207042239722795784e-09
5.352476501464843750e+01 8.390110412800000000e+10 1.268291516254294038e-08
9.778401947021484375e+01 2.399418112000000000e+09 4.232970951534298365e-08
9.463751831054687500e+02 1.029178265600000000e+10 3.964936695410870016e-06
2.089714813232421875e+02 2.184655462400000000e+10 1.933230322492818232e-07
2.963204040527343750e+02 6.365301760000000000e+09 3.887161881266365526e-07
5.153366851806640625e+01 7.905824256000000000e+09 1.175686747956206091e-08
3.080807495117187500e+02 2.847818240000000000e+09 4.201831416139611974e-07
5.242940902709960938e+01 2.701368934400000000e+10 1.216912792756374984e-08
5.811428070068359375e+01 8.706632704000000000e+09 1.495117274430413090e-08
2.370575332641601562e+01 1.095574835200000000e+10 2.487809069862123579e-09
7.875868530273437500e+02 9.337615360000000000e+09 2.746037353063002229e-06
3.909574890136718750e+01 2.000854630400000000e+10 6.766570415095429780e-09
4.021276855468750000e+01 1.786502144000000000e+10 7.158754034009007228e-09
4.160050354003906250e+02 2.158046464000000000e+09 7.661374752387928311e-07
7.073739624023437500e+01 9.360442982400000000e+10 2.215173111608237377e-08
6.538510894775390625e+01 1.388577280000000000e+10 1.892636625200339040e-08
6.908810424804687500e+02 1.422780928000000000e+09 2.113080654453369789e-06
1.858947448730468750e+02 3.336836864000000000e+09 1.529832047708623577e-07
6.227978515625000000e+02 6.360530944000000000e+09 1.717132249723363202e-06
1.016512584686279297e+01 8.949296332800000000e+10 4.574409739888096738e-10
1.803151855468750000e+02 2.687424000000000000e+09 1.439375409972853959e-07
2.714707641601562500e+02 6.132298752000000000e+09 3.262538825765659567e-07
2.864160346984863281e+01 1.646722457600000000e+10 3.631651646074374185e-09
1.385470733642578125e+02 1.810954240000000000e+09 8.497756454062255216e-08
2.764570007324218750e+02 5.351479296000000000e+09 3.383488262898026733e-07
2.230792846679687500e+02 4.000150016000000000e+09 2.203068589778922615e-07
2.735683593750000000e+02 7.942853120000000000e+09 3.313150784833851503e-07
6.680049896240234375e+01 1.056775168000000000e+10 1.975462993186738458e-08
2.329501190185546875e+02 1.412917120000000000e+09 2.402344989604898728e-07
8.453382110595703125e+01 3.857300480000000000e+09 3.163519579629792133e-08
1.645147895812988281e+01 1.706122752000000000e+09 1.198172561167609729e-09
5.492299652099609375e+01 6.220600832000000000e+09 1.335420218850913443e-08
3.953860778808593750e+02 2.816302336000000000e+09 6.920735700077784713e-07
3.397558288574218750e+02 2.836602368000000000e+09 5.110263714414031710e-07
1.036403751373291016e+01 8.473862656000000000e+09 4.755186244764786352e-10
2.124335289001464844e+01 1.714788096000000000e+09 1.997816800880514165e-09
2.555117225646972656e+01 6.875927040000000000e+09 2.890221617590782444e-09
2.963629150390625000e+01 4.028558950400000000e+10 3.888277255725824944e-09
7.155088806152343750e+01 1.358923392000000000e+09 2.266415677354416403e-08
1.935083770751953125e+02 2.037158400000000000e+09 1.657711976577047608e-07
3.067168235778808594e+01 1.040101785600000000e+10 4.164709466181193420e-09
1.571878719329833984e+01 1.001133158400000000e+10 1.093824364417628203e-09
1.926729125976562500e+02 3.877520179200000000e+10 1.643428646502798074e-07
4.597203063964843750e+01 2.502548480000000000e+09 9.356143415573114908e-09
1.583946380615234375e+02 1.407788416000000000e+09 1.110683953697844117e-07
7.340523681640625000e+02 1.279915776000000000e+09 2.385413154115667567e-06
2.153161010742187500e+02 2.294405939200000000e+10 2.052402408025955083e-07
4.203142395019531250e+02 2.244156211200000000e+10 7.820918312972935382e-07
6.443937988281250000e+02 4.491915264000000000e+10 1.838282400967727881e-06
5.817892456054687500e+01 2.422103859200000000e+10 1.498445278969029459e-08
2.502203559875488281e+01 7.310561280000000000e+10 2.771754603614340340e-09
1.718504333496093750e+02 2.171670732800000000e+10 1.307406876094319159e-07
1.295531158447265625e+02 5.464208896000000000e+09 7.430281101505897823e-08
3.511412658691406250e+02 2.581319680000000000e+10 5.458499572341679595e-07
6.897238922119140625e+01 1.218352332800000000e+10 2.106007990221314685e-08
1.634272766113281250e+01 1.047933824000000000e+09 1.182384079534415378e-09
4.098815917968750000e+02 5.049409536000000000e+10 7.437488989125995431e-07
2.349862060546875000e+02 9.500862873600000000e+10 2.444523659050901188e-07
2.145484733581542969e+01 5.980375449600000000e+10 2.037794377685031577e-09
2.015896415710449219e+01 2.456805120000000000e+09 1.799061122298439841e-09
8.021698760986328125e+01 3.291580416000000000e+09 2.848670632715766260e-08
6.933181762695312500e+01 1.610809984000000000e+09 2.128015097468960448e-08
4.367434310913085938e+01 9.300984832000000000e+09 8.444273724705908535e-09
1.102583923339843750e+02 3.134550784000000000e+09 5.381865619824566238e-08
4.946038055419921875e+01 2.081345126400000000e+10 1.082989964373837211e-08
7.711381835937500000e+02 1.207930572800000000e+10 2.632533551150118001e-06
4.769441986083984375e+01 5.354818560000000000e+09 1.007035255184973721e-08
3.066712760925292969e+01 2.134009856000000000e+10 4.163472677731760996e-09
7.808146667480468750e+01 7.731010560000000000e+09 2.699015944074290019e-08
1.641503143310546875e+02 1.677977728000000000e+09 1.192869518717998290e-07
7.229502563476562500e+02 8.365271552000000000e+09 2.313802951903198846e-06
1.791240310668945312e+01 1.501708492800000000e+10 1.420421447129172066e-09
1.844479370117187500e+02 1.799402880000000000e+09 1.506111431126555544e-07
6.004718627929687500e+02 1.082161920000000000e+09 1.596227775735314935e-06
1.093143692016601562e+02 2.060487680000000000e+09 5.290101867672092339e-08
1.922778930664062500e+02 1.234687744000000000e+09 1.636696680407112581e-07
2.579835815429687500e+02 5.443195904000000000e+09 2.946413530935387826e-07
8.943723144531250000e+02 9.115492352000000000e+09 3.541165369824739173e-06
8.551289672851562500e+02 9.994345472000000000e+09 3.237223836549674161e-06
5.214225769042968750e+01 4.136477081600000000e+10 1.203619426348723209e-08
1.572609329223632812e+01 2.085284864000000000e+10 1.094841328708184847e-09
2.579901313781738281e+01 2.509848985600000000e+10 2.946562771555250038e-09
1.719321136474609375e+02 7.887694848000000000e+09 1.308649899556257878e-07
1.919815979003906250e+02 1.075318912000000000e+09 1.631656516565271886e-07
7.718325042724609375e+01 9.574205030400000000e+10 2.637276530492727034e-08
1.155294513702392578e+01 9.341197312000000000e+09 5.908741274041062752e-10
7.952142944335937500e+02 9.194528768000000000e+09 2.799483127091662027e-06
2.740455932617187500e+02 3.026950963200000000e+10 3.324720978525874671e-07
2.079413795471191406e+01 8.754342297600000000e+10 1.914217895304659578e-09
4.850585632324218750e+02 2.381797785600000000e+10 1.041592668116209097e-06
1.986510658264160156e+01 1.964053299200000000e+10 1.746993549822661862e-09
2.251579437255859375e+02 2.334606848000000000e+09 2.244316164023985039e-07
5.700284957885742188e+01 1.298236032000000000e+09 1.438476182613612764e-08
5.139076995849609375e+01 4.847826124800000000e+10 1.169175600779226443e-08
1.791055755615234375e+02 1.958228096000000000e+09 1.420128654672225821e-07
1.094861412048339844e+01 1.548737638400000000e+10 5.306739492283440995e-10
1.592056274414062500e+02 6.412656640000000000e+09 1.122086601412775053e-07
5.166959762573242188e+01 1.384571776000000000e+09 1.181897157920275276e-08
1.772555084228515625e+02 5.552184934400000000e+10 1.390941832823955338e-07
1.014855728149414062e+02 9.614682112000000000e+09 4.559509747537049407e-08
2.094167518615722656e+01 5.966285824000000000e+09 1.941477645317490897e-09
3.057194709777832031e+01 2.015348608000000000e+09 4.137668874193423107e-09
8.813996582031250000e+02 2.858380288000000000e+09 3.439183046793914400e-06
4.958880004882812500e+02 3.844336025600000000e+10 1.088621047529159114e-06
2.076742858886718750e+02 4.984940134400000000e+10 1.909303506408832618e-07
2.194164276123046875e+01 2.289512192000000000e+09 2.131315790521171039e-09
2.637946472167968750e+02 1.912427315200000000e+10 3.080644148667488480e-07
1.416913604736328125e+01 1.055686720000000000e+09 8.887839908489070240e-10
5.853833770751953125e+01 6.280564736000000000e+10 1.517016556817907258e-08
2.664905357360839844e+01 2.398358732800000000e+10 3.143931781579567541e-09
1.318753051757812500e+02 3.787012505600000000e+10 7.699038206965269637e-08
1.792940826416015625e+02 8.132817920000000000e+09 1.423119613264134387e-07
6.207293090820312500e+02 1.004186828800000000e+10 1.705744580249302089e-06
1.477560615539550781e+01 8.961307648000000000e+09 9.664961053701404126e-10
1.126272583007812500e+01 4.447227084800000000e+10 5.615604647957184170e-10
1.114719543457031250e+02 4.374127820800000000e+10 5.500988464746114914e-08
3.063730430603027344e+01 6.569124659200000000e+10 4.155378707793033755e-09
3.716588973999023438e+01 7.517544448000000000e+10 6.115030259934428614e-09
5.072943878173828125e+01 8.007799808000000000e+09 1.139277916450964767e-08
5.125424957275390625e+01 3.885840896000000000e+09 1.162972029788988948e-08
1.769409942626953125e+01 4.572673536000000000e+09 1.386010084480915339e-09
1.365118103027343750e+02 1.206680064000000000e+10 8.249925542713754112e-08
1.452916259765625000e+02 5.513456640000000000e+09 9.345244222913606791e-08
3.576109008789062500e+02 2.539191500800000000e+10 5.661493673869699705e-07
8.579734039306640625e+01 1.044351283200000000e+10 3.258795899796496087e-08
1.174009513854980469e+01 4.612636160000000000e+09 6.101727456631067525e-10
2.569607238769531250e+02 7.436624691200000000e+10 2.923095507867401466e-07
1.940543365478515625e+01 1.691604864000000000e+09 1.667079363443235707e-09
5.489162826538085938e+01 9.462011494400000000e+10 1.333895394139972268e-08
7.361848144531250000e+02 7.691164160000000000e+09 2.399292498012073338e-06
9.277194976806640625e+01 4.980573184000000000e+09 3.810156812278364669e-08
7.475162963867187500e+02 7.191131136000000000e+09 2.473721906426362693e-06
8.268090820312500000e+01 7.779529216000000000e+09 3.026356054647294513e-08
4.665547180175781250e+02 1.769321344000000000e+09 9.636397635404136963e-07
1.111261558532714844e+01 6.322632704000000000e+09 5.466912478269136955e-10
4.165588378906250000e+02 1.479688448000000000e+09 7.681786087232467253e-07
2.520985107421875000e+02 2.496812800000000000e+09 2.813520438849081984e-07
1.155293560028076172e+01 3.047453440000000000e+09 5.908731282033841126e-10
2.398298339843750000e+02 4.123701248000000000e+10 2.546337327657965943e-07
7.322897338867187500e+01 1.536710246400000000e+10 2.373971064173474588e-08
5.730323486328125000e+02 5.378461286400000000e+10 1.453676418350369204e-06
6.114767456054687500e+02 6.254189568000000000e+09 1.655272285461251158e-06
1.530110473632812500e+02 1.474977920000000000e+09 1.036465988590862253e-07
1.017594623565673828e+01 4.034393344000000000e+09 4.584153057152207111e-10
9.327368164062500000e+01 2.223792332800000000e+10 3.851481267247436335e-08
2.535072479248046875e+02 3.292185856000000000e+09 2.845052335942455102e-07
6.650509643554687500e+01 1.004995648000000000e+09 1.958030360071916220e-08
7.355247497558593750e+01 1.125694668800000000e+10 2.394992115739569272e-08
1.974634742736816406e+01 1.938958592000000000e+09 1.726167875304440713e-09
3.300233840942382812e+01 8.125870899200000000e+10 4.821686161449179053e-09
1.953716278076171875e+01 4.497625088000000000e+09 1.689789308478850671e-09
4.659335632324218750e+02 5.376107008000000000e+09 9.610754432287649252e-07
6.827026367187500000e+01 1.712850636800000000e+10 2.063348780723117670e-08
3.219749145507812500e+02 4.709896192000000000e+10 4.589375919294980122e-07
7.189571533203125000e+02 6.972451328000000000e+09 2.288313680764986202e-06
2.332632064819335938e+01 3.567601254400000000e+10 2.408806931697426990e-09
9.645704345703125000e+02 2.139048704000000000e+09 4.118863671465078369e-06
6.078039550781250000e+02 3.375523840000000000e+10 1.635447461012518033e-06
2.095960388183593750e+02 4.786544128000000000e+09 1.944803358355784439e-07
1.050699710845947266e+01 2.893927219200000000e+10 4.887274474008052039e-10
1.550536823272705078e+01 8.702222336000000000e+09 1.064323518207288544e-09
1.466794738769531250e+02 3.783084800000000000e+09 9.524631394697280484e-08
1.456816482543945312e+01 2.124783616000000000e+09 9.395485500718336880e-10
2.526378822326660156e+01 1.198647296000000000e+09 2.825572664733044803e-09
4.072878646850585938e+01 4.740660428800000000e+10 7.343658570135858099e-09
5.451385879516601562e+01 1.561955328000000000e+09 1.315598474604939838e-08
6.515080261230468750e+01 7.613605478400000000e+10 1.879096167556326691e-08
3.227053222656250000e+02 2.999586304000000000e+09 4.610221822076709941e-07
1.780333862304687500e+02 1.637751296000000000e+09 1.403176952408102807e-07
4.564042282104492188e+01 1.181550848000000000e+09 9.221655439262121945e-09
1.095372486114501953e+01 5.573217792000000000e+09 5.311695527865367694e-10
3.944981765747070312e+01 6.792043008000000000e+09 6.889687487188211890e-09
5.906263427734375000e+02 6.411508531200000000e+10 1.544312226542388089e-06
6.397838745117187500e+02 6.806341632000000000e+10 1.812074742701952346e-06
5.677740859985351562e+01 2.178388480000000000e+09 1.427120555064220753e-08
1.454205780029296875e+02 2.610337382400000000e+10 9.361841080135491211e-08
5.688045043945312500e+02 2.815348121600000000e+10 1.432305339221784379e-06
3.271675109863281250e+02 5.647199744000000000e+09 4.738598136100335978e-07
1.541599273681640625e+02 2.182852608000000000e+09 1.052089046993387456e-07
3.655665588378906250e+02 5.747786137600000000e+10 5.916194822930265218e-07
7.940773925781250000e+02 4.417544704000000000e+09 2.791484121189569123e-06
6.789412689208984375e+01 1.012921958400000000e+10 2.040675539660696813e-08
9.449915771484375000e+02 1.133783859200000000e+10 3.953351097152335569e-06
4.052588272094726562e+01 2.101319296000000000e+09 7.270670288050951058e-09
4.773571014404296875e+01 1.134834304000000000e+09 1.008779637601264767e-08
2.722614746093750000e+02 4.831075532800000000e+10 3.281571707702823915e-07
2.008191871643066406e+01 2.024648832000000000e+09 1.785335768111906418e-09
3.308122634887695312e+01 6.280372224000000000e+09 4.844765033595876957e-09
5.145799255371093750e+01 3.946616832000000000e+09 1.172236352431355044e-08
4.705881118774414062e+01 2.244986368000000000e+09 9.803732936575215717e-09
7.698484497070312500e+02 1.038717248000000000e+09 2.623735099405166693e-06
7.745054321289062500e+02 1.443867750400000000e+10 2.655574235177482478e-06
1.331095428466796875e+02 8.022484582400000000e+10 7.843825500231105252e-08
1.863475418090820312e+01 1.333276544000000000e+09 1.537293625730740132e-09
3.271803283691406250e+02 6.053597184000000000e+10 4.738969323625497054e-07
5.647543334960937500e+02 9.298397593600000000e+10 1.411980406373913866e-06
6.275192260742187500e+02 1.228404224000000000e+10 1.743265784170944244e-06
1.513505744934082031e+01 1.510368384000000000e+09 1.014092698703450424e-09
2.696080589294433594e+01 5.318436044800000000e+10 3.217919930520451999e-09
6.893084716796875000e+01 4.040498688000000000e+09 2.103472240833070828e-08
1.050817337036132812e+02 4.327636480000000000e+09 4.888369176114792936e-08
1.633324737548828125e+02 1.000939520000000000e+10 1.181012834194916650e-07
2.543329811096191406e+01 4.537993216000000000e+09 2.863616677117875042e-09
2.304235534667968750e+02 5.110790963200000000e+10 2.350516155047444045e-07
1.506031894683837891e+01 2.826867097600000000e+10 1.004102134771756027e-09
2.043330955505371094e+01 1.447461171200000000e+10 1.848361574907642080e-09
8.945734405517578125e+01 8.474282496000000000e+09 3.542758264529766166e-08
4.134733581542968750e+01 1.162955776000000000e+10 7.568409010616505839e-09
3.086801528930664062e+01 5.446130073600000000e+10 4.218197346972374362e-09
6.324149780273437500e+02 2.124587417600000000e+10 1.770573135218000971e-06
2.486645126342773438e+01 1.287104384000000000e+09 2.737392978957586820e-09
6.388908691406250000e+02 3.014123008000000000e+09 1.807019771149498411e-06
2.525092773437500000e+02 1.052549632000000000e+10 2.822696671955782222e-07
6.758907470703125000e+02 3.234339328000000000e+09 2.022378794208634645e-06
1.891794891357421875e+02 2.402644172800000000e+10 1.584373592322663171e-07
2.995130615234375000e+02 4.150842112000000000e+09 3.971376543177029816e-07
9.026516723632812500e+02 2.456606720000000000e+09 3.607031430874485523e-06
1.071077423095703125e+02 1.752126848000000000e+09 5.078684495174456970e-08
1.193592910766601562e+02 1.930998912000000000e+09 6.306987643256434239e-08
1.704105186462402344e+01 3.079113318400000000e+10 1.285589412702847767e-09
1.569597930908203125e+02 2.270712576000000000e+09 1.090652474999842525e-07
1.204137611389160156e+01 2.213676032000000000e+10 6.418917064543450124e-10
4.067545700073242188e+01 5.215224217600000000e+10 7.324438833222757239e-09
1.169939956665039062e+02 9.110380544000000000e+10 6.059498502963833744e-08
1.566817474365234375e+02 2.771298816000000000e+09 1.086791812099363597e-07
8.284431152343750000e+02 2.009593241600000000e+10 3.038329623450408690e-06
3.750856018066406250e+01 3.810811136000000000e+09 6.228311644207451536e-09
5.033544311523437500e+02 1.430764416000000000e+09 1.121649916058231611e-06
3.712248535156250000e+02 2.321921843200000000e+10 6.100755172155913897e-07
2.457216339111328125e+02 6.880392192000000000e+09 2.672983612228563288e-07
3.801430664062500000e+02 4.341791948800000000e+10 6.397402216862246860e-07
2.830313720703125000e+02 4.836284416000000000e+10 3.546326183823111933e-07
4.504813003540039062e+01 2.664727808000000000e+09 8.983861654598968016e-09
9.188955688476562500e+01 2.392732672000000000e+09 3.738021803201263538e-08
1.784018249511718750e+02 1.202540441600000000e+10 1.408990613072091946e-07
2.486309432983398438e+01 5.588538368000000000e+09 2.736654014512396316e-09
4.609274291992187500e+01 2.516577280000000000e+09 9.405342282775563945e-09
2.643610000610351562e+01 2.720178995200000000e+10 3.093885814209329510e-09
2.846774101257324219e+01 1.106328064000000000e+09 3.587695474038810062e-09
4.201040649414062500e+02 6.898556928000000000e+10 7.813097795406065416e-07
3.291482849121093750e+02 1.453169254400000000e+10 4.796149823960149661e-07
2.385557861328125000e+02 1.810072985600000000e+10 2.519355177810211899e-07
8.450896606445312500e+02 4.168987852800000000e+10 3.161659378747572191e-06
8.861136474609375000e+02 3.243751680000000000e+09 3.476068741292692721e-06
1.047908020019531250e+01 2.275209984000000000e+09 4.861338553929783757e-10
6.816040039062500000e+02 3.693853081600000000e+10 2.056713356068939902e-06
1.382541561126708984e+01 1.088418304000000000e+09 8.461861766839717802e-10
6.872177124023437500e+01 2.382974208000000000e+09 2.090731321402472531e-08
8.064724731445312500e+02 8.447110348800000000e+10 2.879311296055675484e-06
6.848386383056640625e+01 1.790166784000000000e+09 2.076280303242583614e-08
1.277894496917724609e+01 4.472798720000000000e+09 7.229354337390248020e-10
2.631028556823730469e+01 6.180342579200000000e+10 3.064507092531698618e-09
2.542190551757812500e+01 7.985840640000000000e+09 2.861051617841781081e-09
1.595693302154541016e+01 8.612149248000000000e+09 1.127219206864538137e-09
6.982792663574218750e+01 4.081237760000000000e+09 2.158578205069261458e-08
4.039646911621093750e+02 9.055729254400000000e+10 7.224309115372307133e-07
4.218767395019531250e+02 1.623844352000000000e+10 7.879173722358245868e-07
8.170695800781250000e+02 1.365473792000000000e+09 2.955477384603000246e-06
2.290740013122558594e+01 2.163746816000000000e+10 2.323063963416416300e-09
8.490411376953125000e+01 7.300695552000000000e+09 3.191295405713390210e-08
1.637635955810546875e+02 6.748247244800000000e+10 1.187255662671304890e-07
4.805014648437500000e+02 3.790023475200000000e+10 1.022112996906798799e-06
5.851869201660156250e+01 2.869265664000000000e+09 1.515998526713246974e-08
5.728572463989257812e+01 2.413162700800000000e+10 1.452788289668660582e-08
1.471594390869140625e+02 1.122847436800000000e+10 9.587067495431256248e-08
1.678266601562500000e+02 7.373243187200000000e+10 1.246899330453743460e-07
5.196253967285156250e+01 1.339868160000000000e+09 1.195336718495809691e-08
1.571897315979003906e+01 4.323612160000000000e+09 1.093850232614101969e-09
2.839865417480468750e+02 3.159869030400000000e+10 3.570303022115695057e-07
3.000355529785156250e+01 1.554361446400000000e+10 3.985244134696586116e-09
4.107604064941406250e+02 2.791608729600000000e+10 7.469416800631734077e-07
1.368650207519531250e+02 2.698801152000000000e+10 8.292671083154345979e-08
4.100933456420898438e+01 1.170270080000000000e+09 7.445176475329162713e-09
8.798916015625000000e+02 9.936025190400000000e+10 3.427424417168367654e-06
4.356412506103515625e+01 2.584648908800000000e+10 8.401705997584940633e-09
2.972644653320312500e+02 3.339870720000000000e+09 3.911969770342693664e-07
5.073140335083007812e+01 3.776768256000000000e+09 1.139366023750199020e-08
1.622968292236328125e+01 9.600583680000000000e+09 1.166083452019961442e-09
4.278885650634765625e+01 3.436168396800000000e+10 8.105333293428884645e-09
3.677648925781250000e+02 1.530762649600000000e+10 5.987562303744198289e-07
2.709609794616699219e+01 3.269724928000000000e+09 3.250297142542990514e-09
8.997086334228515625e+01 8.597175296000000000e+09 3.583548391361546237e-08
2.732427368164062500e+02 2.127661260800000000e+10 3.305268876374611864e-07
1.537645149230957031e+01 4.232815616000000000e+09 1.046698949735969109e-09
2.378936386108398438e+01 1.156597862400000000e+10 2.505389007367853083e-09
3.976385116577148438e+01 2.544865024000000000e+09 6.999812285357620567e-09
1.134069442749023438e+01 4.974178713600000000e+10 5.693624460789692421e-10
2.997929763793945312e+01 2.397096960000000000e+09 3.978803064796920808e-09
1.236862487792968750e+02 4.242501632000000000e+10 6.772551586209374364e-08
1.517079010009765625e+02 1.083526656000000000e+09 1.018886663928242342e-07
2.571933746337890625e+01 1.923949824000000000e+09 2.928390863132790400e-09
1.222802581787109375e+02 6.900411596800000000e+10 6.619455206191560137e-08
4.754412078857421875e+01 1.957043456000000000e+09 1.000698279796097268e-08
5.487282104492187500e+02 2.468731136000000000e+09 1.332981355517404154e-06
4.736247253417968750e+02 7.352332800000000000e+09 9.930663509294390678e-07
1.810451354980468750e+02 4.934900121600000000e+10 1.451053037726524053e-07
3.230186080932617188e+01 7.293012992000000000e+09 4.619177484954661850e-09
1.131834869384765625e+02 2.496111872000000000e+09 5.671209635238483315e-08
3.472015075683593750e+02 6.614700441600000000e+10 5.336698905011871830e-07
1.578183078765869141e+01 9.914733568000000000e+09 1.102615998505029893e-09
1.727074623107910156e+01 2.398482227200000000e+10 1.320479836586230249e-09
2.971998291015625000e+02 3.857913036800000000e+10 3.910269015250378288e-07
1.255109024047851562e+02 6.015684608000000000e+09 6.973846922164739226e-08
1.483558464050292969e+01 2.359779072000000000e+09 9.743585938082333087e-10
6.750617218017578125e+01 2.162913024000000000e+09 2.017420897004740254e-08
3.284924316406250000e+01 1.916653363200000000e+10 4.777055639948457610e-09
2.457406997680664062e+01 4.347508326400000000e+10 2.673398613595168172e-09
9.689865875244140625e+01 1.059338112000000000e+09 4.156665411869653326e-08
1.252156829833984375e+02 2.047592704000000000e+09 6.941078822819690686e-08
8.729951171875000000e+02 4.808308736000000000e+09 3.373907020431943238e-06
4.934793090820312500e+02 7.655850803200000000e+10 1.078071136362268589e-06
1.463131618499755859e+01 6.175927808000000000e+09 9.477117979272975390e-10
4.851922607421875000e+01 1.054267494400000000e+10 1.042166797304844295e-08
1.411836700439453125e+02 4.815434956800000000e+10 8.824262920370529173e-08
4.830518341064453125e+01 5.445301248000000000e+09 1.032992003047183971e-08
8.131758117675781250e+01 3.013807718400000000e+10 2.927375497563389217e-08
5.659254760742187500e+02 6.814174208000000000e+09 1.417842554474191274e-06
3.447483215332031250e+02 5.952325632000000000e+09 5.261551905277883634e-07
1.980240478515625000e+02 1.391873920000000000e+09 1.735982522177437204e-07
9.225450439453125000e+02 2.295084032000000000e+10 3.767772568608052097e-06
1.060021591186523438e+02 1.433718784000000000e+09 4.974379663735817303e-08
5.080702209472656250e+02 9.376645939200000000e+10 1.142765199801942799e-06
9.839746093750000000e+02 5.600803840000000000e+09 4.286247985874069855e-06
9.478020629882812500e+02 2.742013952000000000e+09 3.976901098212692887e-06
3.333984375000000000e+02 1.385365094400000000e+10 4.920810852127033286e-07
1.062499542236328125e+02 1.109512294400000000e+10 4.997663793915307906e-08
1.571336174011230469e+01 1.358988288000000000e+10 1.093069412760883097e-09
4.056966247558593750e+02 3.658520166400000000e+10 7.286388949978572782e-07
7.183720703125000000e+02 1.485550387200000000e+10 2.284590664203278720e-06
1.552215576171875000e+02 1.181566848000000000e+09 1.066629451429434994e-07
9.133276977539062500e+02 3.857676544000000000e+09 3.692859763759770431e-06
1.076164340972900391e+01 2.234801664000000000e+09 5.127040458852150095e-10
3.202806854248046875e+01 5.473935360000000000e+10 4.541203857399978006e-09
3.236866378784179688e+01 6.132805222400000000e+10 4.638303074955274496e-09
6.626696014404296875e+01 2.857490176000000000e+09 1.944032845813126187e-08
2.362424011230468750e+02 1.161633382400000000e+10 2.470729327797016595e-07
2.992487716674804688e+01 3.481926144000000000e+09 3.964371053655213473e-09
2.136242370605468750e+02 1.355107072000000000e+09 2.020275360337109305e-07
7.541268920898437500e+02 4.957713920000000000e+09 2.517667553547653370e-06
1.143645381927490234e+01 1.648526336000000000e+10 5.790182777687391535e-10
1.462360382080078125e+02 1.961837568000000000e+10 9.467130723805894377e-08
1.536628437042236328e+01 2.269160857600000000e+10 1.045315167758076313e-09
5.965258178710937500e+02 7.293619712000000000e+09 1.575317128299502656e-06
9.045086669921875000e+01 6.292048384000000000e+09 3.621887856297689723e-08
1.637103080749511719e+01 1.624346419200000000e+10 1.186483022941331456e-09
3.511684417724609375e+01 6.497353318400000000e+10 5.459344087910267262e-09
9.601067352294921875e+01 5.243128832000000000e+09 4.080830606767449353e-08
2.833477401733398438e+01 1.625723392000000000e+09 3.554258665161569297e-09
1.061600646972656250e+02 3.558548480000000000e+09 4.989211177530705754e-08
4.985727844238281250e+02 3.072534272000000000e+09 1.100440726986562368e-06
2.902671203613281250e+02 1.608985856000000000e+09 3.729968796051252866e-07
1.734883880615234375e+02 1.014333504000000000e+09 1.332448391622165218e-07
3.265658950805664062e+01 6.129968128000000000e+09 4.721186108724850783e-09
1.937816772460937500e+02 3.075170816000000000e+09 1.662397721702291165e-07
4.527054443359375000e+02 2.253918208000000000e+10 9.072791726794093847e-07
1.073137760162353516e+01 2.895344230400000000e+10 5.098242383816398160e-10
4.766798782348632812e+01 9.459803136000000000e+09 1.005919436636304454e-08
1.927014160156250000e+01 1.067693875200000000e+10 1.643915004123641666e-09
1.178800964355468750e+01 1.906066560000000000e+09 6.151633646922505250e-10
1.522704505920410156e+01 8.046932992000000000e+09 1.026457030484095867e-09
2.006473236083984375e+02 9.554331648000000000e+09 1.782281486839565332e-07
3.152665328979492188e+01 3.361032601600000000e+10 4.400127817660859364e-09
3.233967971801757812e+01 7.335943372800000000e+10 4.629999050820288176e-09
1.913898086547851562e+01 5.560368128000000000e+09 1.621612844004971521e-09
1.431875762939453125e+02 3.466951936000000000e+09 9.076536855445738183e-08
1.216707229614257812e+01 1.168746496000000000e+09 6.553626530347855805e-10
2.176352500915527344e+01 9.830831718400000000e+10 2.096852913524571704e-09
1.671828308105468750e+02 2.154691788800000000e+10 1.237350915062052081e-07
3.634446716308593750e+01 3.400889344000000000e+10 5.847714312778862222e-09
2.305616607666015625e+02 4.086656614400000000e+10 2.353334735971657210e-07
7.062955474853515625e+01 9.647001600000000000e+09 2.208424021432620066e-08
7.147885131835937500e+02 1.707560857600000000e+10 2.261854433527332731e-06
3.602065277099609375e+01 2.969899827200000000e+10 5.743976849714726995e-09
6.648809051513671875e+01 1.088435968000000000e+09 1.957028850085862359e-08
5.055939025878906250e+02 3.207690496000000000e+09 1.131652766162005719e-06
9.850900268554687500e+01 2.075263616000000000e+09 4.295970867929099768e-08
5.773540649414062500e+02 5.494822400000000000e+09 1.475686190133274067e-06
6.055295944213867188e+01 9.157214208000000000e+09 1.623230616587534314e-08
1.147099018096923828e+01 8.644287692800000000e+10 5.825206428333729036e-10
1.029790115356445312e+02 3.836108800000000000e+09 4.694690503015408467e-08
3.207571029663085938e+01 8.366226636800000000e+10 4.554723709304653312e-09
5.782992553710937500e+02 1.591268224000000000e+09 1.480521632402087562e-06
1.058722305297851562e+02 6.518700851200000000e+10 4.962192790003427945e-08
7.546493530273437500e+02 4.175701196800000000e+10 2.521157284718356095e-06
8.926271972656250000e+02 1.287098060800000000e+10 3.527359694999177009e-06
1.108342552185058594e+01 8.518264832000000000e+09 5.438229311316433723e-10
2.466477661132812500e+02 2.767354265600000000e+10 2.693170699785696343e-07
7.492253112792968750e+01 5.550535168000000000e+09 2.485045946798436489e-08
6.935239868164062500e+02 2.691987865600000000e+10 2.129278755091945641e-06
4.955499267578125000e+02 3.560700672000000000e+09 1.087137206923216581e-06
5.035553359985351562e+01 2.363211008000000000e+09 1.122545345566550168e-08
5.121738891601562500e+02 4.403256320000000000e+09 1.161299906016211025e-06
7.543922119140625000e+02 1.878218624000000000e+09 2.519439476600382477e-06
1.103324279785156250e+02 7.797974528000000000e+09 5.389095747432293138e-08
1.878359603881835938e+01 7.957025587200000000e+10 1.561949680706220533e-09
4.982065734863281250e+02 5.746810880000000000e+10 1.098824668588349596e-06
1.053271255493164062e+02 1.606131507200000000e+10 4.911226980652827478e-08
2.198228645324707031e+01 3.424269516800000000e+10 2.139219024144267678e-09
5.556604766845703125e+01 1.985954304000000000e+09 1.366874258224015648e-08
2.185766410827636719e+01 9.458207948800000000e+10 2.115032371463598793e-09
5.048887939453125000e+02 3.463461376000000000e+09 1.128498524849419482e-06
1.093627643585205078e+01 3.271278848000000000e+09 5.294787386311838873e-10
2.684942245483398438e+01 1.439350528000000000e+09 3.191386488410330458e-09
1.062130260467529297e+01 6.505315840000000000e+09 4.994190061502479239e-10
5.566865234375000000e+02 1.760897024000000000e+09 1.371926600768347271e-06
6.502529907226562500e+01 1.346334208000000000e+09 1.871863730684708571e-08
6.936031494140625000e+02 3.007599820800000000e+10 2.129764652636367828e-06
4.092346191406250000e+01 4.067310796800000000e+10 7.414028058150279321e-09
2.850975646972656250e+02 4.149692928000000000e+09 3.598293289996945532e-07
7.992073822021484375e+01 3.342561484800000000e+10 2.827668410532169219e-08
1.165025939941406250e+02 1.130119372800000000e+10 6.008702513327079942e-08
3.531089172363281250e+02 1.816483635200000000e+10 5.519844989976263605e-07
3.925022888183593750e+02 7.845600768000000000e+09 6.820150133535207715e-07
1.011012954711914062e+02 1.793825024000000000e+09 4.525045582681741507e-08
5.787366333007812500e+02 3.842565376000000000e+09 1.482762058913067449e-06
1.219801807403564453e+01 2.854308352000000000e+09 6.587005940694723449e-10
9.980089111328125000e+02 2.668912640000000000e+09 4.409388566273264587e-06
