-2.112216411633797866e-33 2.707921341061592102e-02 -1.163174808025360107e-01 -3.088884800672531128e-02
-2.582953997743328005e-32 4.972350001335144043e-01 -4.586607962846755981e-02 -2.236526161432266235e-01
-4.591897500122427654e-33 2.817200720310211182e-01 -9.238948673009872437e-02 -2.552472352981567383e-01
2.692804275435456941e-33 4.825731813907623291e-01 6.766586303710937500e-01 3.202237129211425781e+00
-3.023120024726442891e-33 1.221545189619064331e-01 1.879709213972091675e-02 2.251753583550453186e-02
1.348710643318850359e-32 8.891292810440063477e-01 3.326947689056396484e-01 2.900892019271850586e+00
6.574728717929154862e-33 3.859423846006393433e-02 3.611570894718170166e-01 1.366908103227615356e-01
3.940109539415279530e-32 3.188003301620483398e-01 1.674767769873142242e-02 5.235932767391204834e-02
4.795651813422208859e-33 3.057685792446136475e-01 7.141284644603729248e-02 2.141360938549041748e-01
1.560024083244189673e-33 2.026162147521972656e-01 -9.490214288234710693e-02 -1.885692626237869263e-01
-6.329589656640736497e-33 4.457415342330932617e-01 -3.007224760949611664e-02 -1.314527392387390137e-01
2.137173993411678189e-33 1.800821572542190552e-01 -2.187917940318584442e-02 -3.863869234919548035e-02
-1.299243049237165298e-32 1.311013009399175644e-02 -1.263696141541004181e-02 -1.624689321033656597e-03
3.378465391558495492e-32 2.304557561874389648e-01 1.062525529414415359e-02 2.401306480169296265e-02
4.031602158564815265e-33 2.061679065227508545e-01 -1.056995056569576263e-02 -2.137050032615661621e-02
8.004831471719703525e-33 5.865972638130187988e-01 2.034141495823860168e-02 1.170150935649871826e-01
-2.081293379696486749e-33 1.303317695856094360e-01 -3.166750371456146240e-01 -4.047480821609497070e-01
-8.595627291729704881e-32 3.354035615921020508e-01 -2.159345895051956177e-01 -7.102489471435546875e-01
-2.996117339917521029e-32 9.678862094879150391e-01 -3.866418302059173584e-01 -3.669896364212036133e+00
2.334400272302564747e-33 5.082112178206443787e-02 4.273524507880210876e-02 2.129860222339630127e-02
-5.009830924903860595e-33 1.534780114889144897e-02 -1.749639399349689484e-02 -2.633391181007027626e-03
1.968364849641538874e-32 1.496276706457138062e-01 9.743006825447082520e-01 1.429636359214782715e+00
2.693963570004756959e-32 1.376324594020843506e-01 -8.761423826217651367e-01 -1.182541131973266602e+00
4.930358029365070455e-32 2.948489226400852203e-02 2.648423425853252411e-02 7.657863665372133255e-03
9.443784228604005484e-33 7.508941739797592163e-02 1.574912071228027344e-01 1.159726902842521667e-01
-3.360278436836160765e-33 1.173460949212312698e-02 -6.137516349554061890e-02 -7.062882184982299805e-03
7.393845507676772410e-33 8.416736125946044922e-02 1.252521295100450516e-02 1.033830922096967697e-02
-1.747343112075353676e-32 1.448134053498506546e-02 -4.409495741128921509e-02 -6.262076552957296371e-03
2.961227124748780082e-33 1.276577860116958618e-01 -4.579626396298408508e-02 -5.733212083578109741e-02
1.042878457708775645e-32 2.440247535705566406e-01 3.737141191959381104e-02 8.943223208189010620e-02
3.392215516322048421e-33 1.035733520984649658e-01 9.140888601541519165e-02 9.284470230340957642e-02
-9.862308265828329698e-32 4.480067268013954163e-02 -2.348347902297973633e-01 -1.031733825802803040e-01
-7.031556826322198725e-32 2.687532305717468262e-01 8.207032829523086548e-02 2.163019925355911255e-01
-3.341293468386411558e-33 7.489652037620544434e-01 -4.025898277759552002e-01 -2.956957578659057617e+00
5.672671985523393763e-33 2.371996268630027771e-02 -1.463637053966522217e-01 -3.404615446925163269e-02
-3.623896269319505490e-33 1.338936090469360352e-01 -5.157300829887390137e-01 -6.771782040596008301e-01
9.125970963759968458e-33 1.712862029671669006e-02 -1.412077154964208603e-02 -2.371927956119179726e-03
6.479552319889332857e-32 9.352476000785827637e-01 2.519653141498565674e-01 2.310936689376831055e+00
8.131982491596242572e-33 9.821965545415878296e-02 -2.084356546401977539e-01 -2.007664442062377930e-01
-1.061679498026819628e-33 1.373391970992088318e-02 2.036213316023349762e-02 2.742448356002569199e-03
-1.299284044602650225e-32 2.393322139978408813e-01 2.864825427532196045e-01 6.723880767822265625e-01
3.777303424889598857e-33 1.557571589946746826e-01 -9.914602339267730713e-02 -1.514411866664886475e-01
-8.450513689615044311e-32 6.813861131668090820e-01 1.028129905462265015e-01 6.870082616806030273e-01
-1.872339597743629324e-32 2.642037868499755859e-01 -9.455414116382598877e-02 -2.449854463338851929e-01
-1.872916765469883067e-32 1.759327799081802368e-01 -1.630635559558868408e-01 -2.813353836536407471e-01
1.008832027078734321e-32 8.244280517101287842e-02 -1.481343060731887817e-01 -1.197647675871849060e-01
-7.039773384897652662e-33 2.906925603747367859e-02 3.305390179157257080e-01 9.422742575407028198e-02
-3.318829624405403791e-32 8.483049273490905762e-02 2.302361279726028442e-01 1.915341168642044067e-01
2.430788164207702973e-32 8.491052687168121338e-02 3.270385563373565674e-01 2.723210155963897705e-01
1.338805780982027911e-32 1.418717503547668457e-01 9.673768281936645508e-01 1.345898509025573730e+00
-2.057541414312168534e-33 5.343819782137870789e-02 3.330192267894744873e-01 1.745186299085617065e-01
6.156529337550848379e-33 2.043153047561645508e-01 -2.382924221456050873e-02 -4.774542897939682007e-02
1.646929152018649116e-32 8.545450568199157715e-01 5.256732106208801270e-01 4.405259132385253906e+00
-6.955105465543800349e-33 1.102965325117111206e-02 -4.013705253601074219e-02 -4.341382533311843872e-03
-1.166011564425807188e-32 8.622255921363830566e-02 8.032896369695663452e-02 6.792251020669937134e-02
8.536197529961594786e-33 6.060731783509254456e-02 -6.412260234355926514e-02 -3.811157122254371643e-02
2.970975866742133944e-32 1.107478588819503784e-01 1.816196143627166748e-01 1.972507983446121216e-01
-1.087307570762149445e-33 1.898745298385620117e-01 4.784364253282546997e-02 8.908645063638687134e-02
4.386753017816005241e-32 1.704611256718635559e-02 -2.262810468673706055e-01 -3.782632946968078613e-02
-2.654351761370747514e-32 8.892425894737243652e-01 -5.282012224197387695e-01 -4.606173515319824219e+00
-3.346308421160607142e-33 3.279011249542236328e-01 -1.010295003652572632e-01 -3.248716294765472412e-01
1.154370056122438664e-32 2.896018885076045990e-02 7.010073959827423096e-02 1.990878023207187653e-02
2.092160273956861849e-33 1.691395230591297150e-02 3.773049116134643555e-01 6.258326768875122070e-02
-7.250080050645711151e-32 1.299777925014495850e-01 3.444857597351074219e-01 4.390976130962371826e-01
3.652399068591068906e-32 9.563861787319183350e-02 2.273973450064659119e-02 2.132746949791908264e-02
-6.970516196483080538e-33 8.467568457126617432e-02 -1.069996878504753113e-02 -8.885092101991176605e-03
-1.885800477428483044e-32 1.625062674283981323e-01 2.403779029846191406e-01 3.830763399600982666e-01
-1.753780266077250375e-32 2.847924828529357910e-02 1.373666711151599884e-02 3.836459014564752579e-03
-1.098042717819736291e-32 8.013784140348434448e-02 -1.986579038202762604e-02 -1.561220176517963409e-02
-4.043220671259945829e-32 3.546549007296562195e-02 -4.215589165687561035e-01 -1.466172039508819580e-01
9.021639374905560919e-32 6.003216654062271118e-02 -1.276407688856124878e-01 -7.514395564794540405e-02
1.183653383642948079e-33 5.842125415802001953e-01 -3.978105783462524414e-01 -2.279123544692993164e+00
-2.633387811447190523e-33 4.268044233322143555e-01 1.289992183446884155e-01 5.399289727210998535e-01
3.055495379934194944e-32 6.954770088195800781e-01 -2.293293476104736328e-01 -1.564094781875610352e+00
-2.611974161466047080e-33 4.491300880908966064e-02 -2.850372493267059326e-01 -1.255435645580291748e-01
2.507624425917598722e-33 3.698651194572448730e-01 -5.534466505050659180e-01 -2.007427215576171875e+00
9.501652346127048170e-33 3.724166452884674072e-01 -1.608732528984546661e-02 -5.875347927212715149e-02
5.285168950343682011e-32 1.497726887464523315e-01 -8.079268336296081543e-01 -1.186657309532165527e+00
-1.996374565767130804e-33 1.883068680763244629e-02 -3.530091419816017151e-02 -6.518877111375331879e-03
1.917330909337383114e-32 9.526365995407104492e-01 -6.577317416667938232e-02 -6.144644021987915039e-01
-2.002230988825522830e-32 5.641586184501647949e-01 -2.370959706604480743e-02 -1.311734914779663086e-01
-1.301130819696188965e-33 2.565501630306243896e-01 -2.085564658045768738e-02 -5.247066915035247803e-02
4.436784041033718810e-33 3.832820653915405273e-01 1.769369989633560181e-01 6.650554537773132324e-01
4.035002790253347217e-32 7.973096966743469238e-01 4.011632874608039856e-02 3.136670589447021484e-01
3.670529305710976457e-32 1.930507421493530273e-01 -1.256734132766723633e-01 -2.379225343465805054e-01
-4.113601705742300986e-33 6.531927734613418579e-02 2.521204054355621338e-01 1.614990681409835815e-01
9.193558950196372934e-33 4.510357677936553955e-01 -5.158586502075195312e-01 -2.281720161437988281e+00
-1.681605096607754238e-33 6.846289336681365967e-02 -1.970942690968513489e-02 -1.323274429887533188e-02
3.699063990266805928e-33 3.499768078327178955e-01 9.088221788406372070e-01 3.119168519973754883e+00
6.569524951374858448e-33 8.892259597778320312e-01 -2.067759484052658081e-01 -1.803154110908508301e+00
-1.398468639606486220e-33 5.440107583999633789e-01 1.459768507629632950e-02 7.787752896547317505e-02
-1.432464175004556785e-32 2.097880393266677856e-01 8.497055172920227051e-01 1.748114347457885742e+00
3.781664949741531102e-32 2.008446007966995239e-01 -5.450322628021240234e-01 -1.073502540588378906e+00
2.466774307453394924e-32 1.785237342119216919e-02 -1.301375404000282288e-02 -2.278343774378299713e-03
-1.859188313883423424e-33 3.003309965133666992e-01 3.049510717391967773e-01 8.981543779373168945e-01
-1.736359072456079443e-33 4.539379477500915527e-01 -7.238431274890899658e-02 -3.222267627716064453e-01
-3.313935674080945976e-33 8.827404379844665527e-01 1.746154762804508209e-02 1.511598378419876099e-01
5.040605587413578861e-32 1.598058193922042847e-01 -2.265341281890869141e-01 -3.550151884555816650e-01
2.752435450813740742e-33 7.243244647979736328e-01 -3.457232117652893066e-01 -2.455739974975585938e+00
-1.694249742402755732e-33 1.663138568401336670e-01 2.575580179691314697e-01 4.200724363327026367e-01
1.208555937591530534e-32 7.288244366645812988e-02 -2.684432454407215118e-02 -1.918651349842548370e-02
3.847722148659577254e-32 2.213211916387081146e-02 -5.527600646018981934e-02 -1.199721265584230423e-02
6.398927513355133801e-32 1.210426613688468933e-01 -2.426379024982452393e-01 -2.880167663097381592e-01
3.190603174134656203e-33 3.336478769779205322e-01 -1.481137052178382874e-02 -4.846233129501342773e-02
4.876300864527393625e-32 2.394220978021621704e-02 3.142473399639129639e-01 7.378303259611129761e-02
-2.664836326093517665e-33 3.480177372694015503e-02 1.042814180254936218e-02 3.559008240699768066e-03
-8.277812851391317033e-33 8.886928856372833252e-02 -9.391490817070007324e-01 -8.184778094291687012e-01
3.802334475064405574e-33 6.246978044509887695e-02 -1.312519162893295288e-01 -8.040745556354522705e-02
2.542503731029396100e-33 2.821940183639526367e-01 -1.681308001279830933e-01 -4.652814567089080811e-01
-9.413586219541762476e-32 1.273944322019815445e-02 1.529293358325958252e-01 1.910565420985221863e-02
4.287880718600404111e-32 5.393842235207557678e-02 -3.802764713764190674e-01 -2.011492252349853516e-01
-6.020975369775853135e-33 7.674108147621154785e-01 7.111043483018875122e-02 5.351578593254089355e-01
9.443101119449383882e-32 2.431036345660686493e-02 -8.324216306209564209e-02 -1.984520070254802704e-02
2.618264378674090993e-32 2.829165458679199219e-01 1.264382991939783096e-02 3.507984429597854614e-02
-1.744804778961546799e-32 2.521983161568641663e-02 -1.196839213371276855e-01 -2.960047498345375061e-02
-1.217066994236063918e-33 6.221970915794372559e-01 4.011566340923309326e-01 2.447725057601928711e+00
-6.831794491837810009e-32 1.863939873874187469e-02 1.101591065526008606e-02 2.013599034398794174e-03
-3.469523592077005466e-32 2.725816331803798676e-02 -2.088859677314758301e-02 -5.583757068961858749e-03
-1.109422090882871445e-32 1.054102648049592972e-02 8.714072704315185547e-01 9.007924795150756836e-02
-3.651222839556277355e-33 1.797528713941574097e-01 2.890647649765014648e-01 5.095556974411010742e-01
-4.892701729052050812e-33 7.167473435401916504e-02 -1.592881232500076294e-02 -1.119618769735097885e-02
3.588024589836224859e-33 8.019532263278961182e-02 4.592065811157226562e-01 3.611418306827545166e-01
9.358674764184625549e-33 9.096301198005676270e-01 2.423622831702232361e-02 2.161974459886550903e-01
-1.649191758238791240e-33 1.022829189896583557e-01 1.111342906951904297e-01 1.114735603332519531e-01
3.458846209546501997e-33 1.598516292870044708e-02 1.170914322137832642e-01 1.835535652935504913e-02
4.854249472126730628e-33 1.970374286174774170e-01 1.807904690504074097e-01 3.493372797966003418e-01
-1.006945266810168392e-33 1.191530004143714905e-01 1.171848271042108536e-02 1.369295082986354828e-02
-3.365772403558316432e-32 3.803095519542694092e-01 2.780065536499023438e-01 1.036842823028564453e+00
2.971297952194259251e-32 1.352338027209043503e-02 1.342989504337310791e-02 1.781060011126101017e-03
6.640774896587662055e-32 1.814470887184143066e-01 2.844588272273540497e-02 5.061626434326171875e-02
4.407912430409584901e-33 1.712337695062160492e-02 2.435868047177791595e-02 4.090381786227226257e-03
7.439505087808968671e-32 3.952006250619888306e-02 7.107304930686950684e-01 2.754502892494201660e-01
7.368210179937246112e-33 9.649850726127624512e-01 -4.191742837429046631e-01 -3.966759920120239258e+00
-4.070744283737274279e-32 2.855955995619297028e-02 2.114679962396621704e-01 5.922660604119300842e-02
-1.812590983132858683e-32 5.546884536743164062e-01 -1.978954374790191650e-01 -1.076479077339172363e+00
-8.587024436323211970e-33 2.386271208524703979e-01 -2.135371714830398560e-01 -4.997052848339080811e-01
4.368723873210268407e-32 7.450658679008483887e-01 -3.247770294547080994e-02 -2.373015731573104858e-01
1.222622766247133912e-33 4.732756316661834717e-01 -5.576136708259582520e-02 -2.588023543357849121e-01
7.412375265939165687e-32 1.363587081432342529e-01 4.007350802421569824e-01 5.358718633651733398e-01
-1.189798721172253145e-32 6.860839724540710449e-01 2.582553215324878693e-02 1.737589538097381592e-01
2.934044479101587020e-32 2.747603058815002441e-01 -5.580950379371643066e-01 -1.503774881362915039e+00
-1.856893528505427540e-33 1.095259003341197968e-02 1.953561976552009583e-02 2.098286058753728867e-03
2.518376746212967112e-32 6.954965740442276001e-02 -7.313642501831054688e-01 -4.988264143466949463e-01
-2.845185995855450178e-33 1.373540330678224564e-02 4.221671223640441895e-01 5.686519294977188110e-02
2.189497377550289072e-32 5.938782691955566406e-01 -6.045704707503318787e-02 -3.520992100238800049e-01
-3.729761878301736114e-32 8.172338455915451050e-02 1.620186716318130493e-01 1.298470497131347656e-01
-1.369208472998107850e-33 5.476379990577697754e-01 2.110377326607704163e-02 1.133376955986022949e-01
-1.174102565510913920e-32 1.665325760841369629e-01 3.640385717153549194e-02 5.945210903882980347e-02
-9.998285925848399450e-32 1.951339691877365112e-01 1.314023602753877640e-02 2.514529414474964142e-02
-2.718306625376546468e-33 2.121338546276092529e-01 -5.018607974052429199e-01 -1.044032335281372070e+00
2.206197735995016700e-33 1.269374638795852661e-01 5.432608127593994141e-01 6.762680411338806152e-01
5.843089279033854894e-33 5.823206901550292969e-02 -1.742130517959594727e-02 -9.948636405169963837e-03
8.824469005464735346e-32 1.977107077836990356e-01 5.457047000527381897e-02 1.058055758476257324e-01
3.996497121803461545e-32 3.975035250186920166e-02 -8.067613095045089722e-02 -3.144899010658264160e-02
3.772066450619891713e-32 3.920481353998184204e-02 3.588920533657073975e-01 1.379824727773666382e-01
2.035790911731117580e-33 4.049612581729888916e-01 6.828674674034118652e-02 2.711880803108215332e-01
-8.012827037357202871e-33 5.748501047492027283e-02 2.252885997295379639e-01 1.270031630992889404e-01
1.053765298638916261e-33 9.482628703117370605e-01 2.161415219306945801e-01 2.009961128234863281e+00
-9.288817485903958647e-32 9.862241148948669434e-02 3.465491235256195068e-01 3.351668715476989746e-01
-8.866144100558025611e-33 1.496401131153106689e-01 -3.900744318962097168e-01 -5.724217891693115234e-01
-1.367573617495503290e-33 9.565223753452301025e-02 -4.982204139232635498e-01 -4.673447310924530029e-01
-4.002432192780763274e-32 3.058696091175079346e-01 4.002056643366813660e-02 1.200439408421516418e-01
-7.170577988153341233e-33 1.828974634408950806e-01 -6.777283549308776855e-02 -1.215581372380256653e-01
3.855947082632280800e-32 1.428751498460769653e-01 -2.128973416984081268e-02 -2.982961200177669525e-02
-2.509461797056330884e-32 3.229583799839019775e-02 1.141769886016845703e-01 3.616144880652427673e-02
3.030724187479316879e-32 1.270620971918106079e-01 1.106625981628894806e-02 1.378915086388587952e-02
-6.153657090573011046e-32 6.320919394493103027e-01 2.948854565620422363e-01 1.827907800674438477e+00
-2.185739542515900998e-33 1.389915589243173599e-02 8.374672383069992065e-02 1.141502708196640015e-02
-1.039718783995063031e-33 9.750880300998687744e-02 1.253428310155868530e-02 1.198571734130382538e-02
2.600531458644761375e-32 3.419940546154975891e-02 2.179190702736377716e-02 7.308604661375284195e-03
-3.855284103818417030e-32 1.140106562525033951e-02 6.444760411977767944e-02 7.205645088106393814e-03
-7.458283022316179303e-32 5.908089280128479004e-01 1.685499772429466248e-02 9.765543043613433838e-02
1.036185780622368951e-33 1.697200089693069458e-01 -5.798937678337097168e-01 -9.651662707328796387e-01
-3.821972651031227341e-32 1.505698263645172119e-01 -8.280034363269805908e-02 -1.222617998719215393e-01
-7.565966533311956595e-33 6.117532402276992798e-02 1.011588517576456070e-02 6.068772170692682266e-03
1.293168039330818021e-33 6.920650601387023926e-02 9.575164318084716797e-01 6.498510837554931641e-01
3.758068957763887619e-32 3.887886926531791687e-02 4.788208752870559692e-02 1.825607381761074066e-02
2.711904956610365217e-33 1.697247624397277832e-01 -8.442886918783187866e-02 -1.405260413885116577e-01
-3.991719031140956652e-32 2.063449658453464508e-02 -8.665833473205566406e-01 -1.753577291965484619e-01
-2.503417405104402682e-32 3.629558682441711426e-01 -5.312042683362960815e-02 -1.890758424997329712e-01
-2.546672364605198101e-32 1.025498937815427780e-02 4.573397934436798096e-01 4.599333554506301880e-02
-1.020255775053613017e-32 4.819244742393493652e-01 -1.453207582235336304e-01 -6.867952346801757812e-01
-1.564536255044019487e-32 1.012065336108207703e-01 3.139352425932884216e-02 3.115797787904739380e-02
1.681878803120503515e-32 4.519895464181900024e-02 -1.567771099507808685e-02 -6.949150469154119492e-03
3.295820497982408335e-32 3.863192722201347351e-02 -1.318304687738418579e-01 -4.994394630193710327e-02
1.073757610646022474e-33 2.092105336487293243e-02 -4.231093823909759521e-02 -8.680743165314197540e-03
-1.884757960876097528e-32 8.086749911308288574e-02 -1.489576231688261032e-02 -1.181292440742254257e-02
-2.518108439627391925e-32 6.875044703483581543e-01 -1.658290810883045197e-02 -1.118038743734359741e-01
-1.626663776347266732e-32 4.150586947798728943e-02 1.421947497874498367e-02 5.787802860140800476e-03
-9.706562317310481537e-32 2.814224734902381897e-02 1.223938725888729095e-02 3.377840388566255569e-03
-1.617474532930705816e-33 1.098365709185600281e-02 1.595708429813385010e-01 1.718783378601074219e-02
-2.353885009522405743e-33 3.793077543377876282e-02 -7.693778276443481445e-01 -2.861883938312530518e-01
-4.340145548426664658e-32 1.229311712086200714e-02 3.975776955485343933e-02 4.792970139533281326e-03
2.627494360316747595e-33 8.701858520507812500e-01 -1.465312987565994263e-01 -1.250440716743469238e+00
-1.493648968205543787e-33 4.765924066305160522e-02 5.105524659156799316e-01 2.386207282543182373e-01
-3.876139724590706055e-33 1.623330824077129364e-02 1.236871629953384399e-01 1.969030126929283142e-02
4.411080167279860187e-32 1.493087038397789001e-02 7.020466327667236328e-01 1.027949452400207520e-01
-2.643986546058784289e-32 2.440039813518524170e-01 -2.115592546761035919e-02 -5.062320455908775330e-02
-1.798700166389191712e-32 3.659330606460571289e-01 9.172493815422058105e-01 3.291620492935180664e+00
-5.742669735378983928e-33 3.002018928527832031e-01 -6.092341542243957520e-01 -1.793570160865783691e+00
7.242695595133845541e-32 7.190251350402832031e-02 1.957888752222061157e-01 1.380551904439926147e-01
-8.483384038147087936e-33 1.509811282157897949e-01 8.320122957229614258e-02 1.231893301010131836e-01
-1.513812553412984654e-33 2.346655279397964478e-01 3.827769756317138672e-01 8.808780312538146973e-01
4.493949874150542106e-32 1.598873287439346313e-01 -1.920258998870849609e-01 -3.010887503623962402e-01
5.754907366255013205e-33 4.643845558166503906e-01 3.699651360511779785e-01 1.684842228889465332e+00
-9.254335681553731518e-33 2.259801514446735382e-02 -2.282060682773590088e-02 -5.057293456047773361e-03
-9.939745131683098710e-32 1.891936212778091431e-01 -1.412803828716278076e-01 -2.621253728866577148e-01
-3.203843942502318449e-32 1.116240862756967545e-02 -1.714918203651905060e-02 -1.877249451354146004e-03
4.535191799575554358e-32 3.397342264652252197e-01 -3.110223412513732910e-01 -1.036219000816345215e+00
3.297728178376999055e-33 3.300456702709197998e-01 1.694201678037643433e-01 5.483524799346923828e-01
1.932385612425158003e-33 1.817675381898880005e-01 -3.229743614792823792e-02 -5.757117271423339844e-02
2.281119705154598354e-33 5.315227508544921875e-01 2.047925442457199097e-02 1.067472472786903381e-01
7.604501442183818971e-33 1.824940890073776245e-01 6.984336674213409424e-02 1.249955669045448303e-01
-3.590522882673706851e-33 2.953426167368888855e-02 2.311164885759353638e-01 6.693877279758453369e-02
-3.261201895477104263e-33 2.687547914683818817e-02 -1.015909295529127121e-02 -2.677514683455228806e-03
6.052571629368399254e-32 8.081696629524230957e-01 4.330389499664306641e-01 3.432022809982299805e+00
-1.772892334853682242e-33 2.891515791416168213e-01 -1.200478430837392807e-02 -3.404086828231811523e-02
4.674079248924290830e-33 8.295187354087829590e-02 -2.913344204425811768e-01 -2.369947135448455811e-01
5.717703263925075511e-32 2.926181443035602570e-02 2.136475890874862671e-01 6.130839139223098755e-02
-1.484199003815390334e-32 4.561158642172813416e-02 4.937611892819404602e-02 2.208578400313854218e-02
6.484417691007386305e-32 3.481859862804412842e-01 -3.717307746410369873e-02 -1.269288808107376099e-01
-1.441187390012314360e-33 3.071145117282867432e-01 6.053346395492553711e-01 1.823125362396240234e+00
-1.153969120713312106e-33 1.002676412463188171e-02 3.817689046263694763e-02 3.753894241526722908e-03
1.024927391641872335e-33 2.129028439521789551e-01 2.221716009080410004e-02 4.638640210032463074e-02
5.283717802567591897e-32 2.220439016819000244e-01 9.285889267921447754e-01 2.022008657455444336e+00
-4.326520099532695818e-33 8.242694735527038574e-01 -5.181656479835510254e-01 -4.188499927520751953e+00
9.540902837184973614e-33 4.786730110645294189e-01 -1.962575167417526245e-01 -9.212678074836730957e-01
2.230503285750175286e-33 2.592186629772186279e-01 2.204418182373046875e-01 5.603778362274169922e-01
-1.151705100226529149e-33 7.608841657638549805e-01 3.603568300604820251e-02 2.688883543014526367e-01
-7.282757618104219921e-32 1.809691786766052246e-01 -7.321291416883468628e-02 -1.299310624599456787e-01
1.598285726413684331e-32 7.204830646514892578e-01 1.229612343013286591e-02 8.687856793403625488e-02
1.561351473505657278e-33 1.370968073606491089e-01 2.652405388653278351e-02 3.566054254770278931e-02
-1.843180431813925513e-32 7.728580832481384277e-01 -2.169162593781948090e-02 -1.644040495157241821e-01
-1.519311203745444378e-33 2.316287159919738770e-02 4.611477255821228027e-02 1.047497894614934921e-02
-1.124641455015257612e-33 9.048191308975219727e-01 2.721473872661590576e-01 2.414830207824707031e+00
4.727830564825563086e-33 7.472280412912368774e-02 2.953995466232299805e-01 2.164629995822906494e-01
-9.407936793691710563e-33 3.434406593441963196e-02 1.238393560051918030e-01 4.170912504196166992e-02
-3.220790456810947957e-32 2.971898317337036133e-01 1.639624498784542084e-02 4.778581857681274414e-02
-3.910028051230561781e-32 4.440310597419738770e-02 -1.347678154706954956e-02 -5.868406966328620911e-03
-1.896635449670393626e-32 1.645488291978836060e-02 -2.165444381535053253e-02 -3.494318574666976929e-03
-1.986983467930014622e-33 7.198306918144226074e-02 3.797021880745887756e-02 2.680366300046443939e-02
4.576038611961896468e-33 5.290674418210983276e-02 3.462158888578414917e-02 1.796299219131469727e-02
1.215675594633774193e-33 8.447600156068801880e-02 1.996682398021221161e-02 1.654104702174663544e-02
3.484565291258524383e-33 2.283185869455337524e-01 -4.548794403672218323e-02 -1.018493473529815674e-01
2.456886967329239422e-33 3.273582831025123596e-02 -1.525020785629749298e-02 -4.895756021142005920e-03
-1.508724664887740393e-32 6.460637599229812622e-02 -1.501683294773101807e-01 -9.514246881008148193e-02
1.731875663533646312e-33 8.401080220937728882e-02 1.302127260714769363e-02 1.072776503860950470e-02
1.660846270448415736e-32 4.311456158757209778e-02 8.346927762031555176e-01 3.529159426689147949e-01
-1.226936371337170917e-33 8.365944623947143555e-01 -4.863294064998626709e-01 -3.989938259124755859e+00
2.459970986961217083e-32 2.926210165023803711e-01 -5.443755984306335449e-01 -1.562157511711120605e+00
-3.029124339667847746e-32 2.553315758705139160e-01 -2.363358587026596069e-01 -5.917725563049316406e-01
1.991721995860774653e-33 2.191940695047378540e-02 -3.510292246937751770e-02 -7.545581553131341934e-03
1.289849820816538251e-32 1.308357715606689453e-01 3.019920177757740021e-02 3.874740377068519592e-02
-1.101655948681873992e-33 4.406728968024253845e-02 -2.525911480188369751e-02 -1.091578882187604904e-02
2.431640691485636837e-32 8.532141149044036865e-02 -3.412573337554931641e-01 -2.855358719825744629e-01
2.647112479411208457e-32 3.810073435306549072e-01 -1.140386424958705902e-02 -4.260946437716484070e-02
1.775995493003059229e-32 3.207835927605628967e-02 -2.915071323513984680e-02 -9.170267730951309204e-03
2.987559851246130166e-33 2.180884033441543579e-02 -4.920727014541625977e-02 -1.052404101938009262e-02
6.968783076999586928e-32 1.348665058612823486e-01 1.916010677814483643e-02 2.534093894064426422e-02
3.116854715679179824e-32 7.465521246194839478e-02 1.908028721809387207e-01 1.396901309490203857e-01
5.388956285313658830e-32 6.111420392990112305e-01 -1.768169552087783813e-02 -1.059709265828132629e-01
6.229284870621864557e-32 1.079427003860473633e-01 -5.984025597572326660e-01 -6.334428191184997559e-01
-1.394733010395069148e-32 1.234628930687904358e-01 -1.374565362930297852e-01 -1.664265096187591553e-01
-1.204333635351773804e-33 7.628394961357116699e-01 2.311560809612274170e-01 1.729255437850952148e+00
-1.025511042954154832e-32 4.621338844299316406e-02 -2.648099362850189209e-01 -1.200114712119102478e-01
5.496700848547281955e-33 3.985503017902374268e-01 2.853818237781524658e-02 1.115398630499839783e-01
6.210757463348172925e-33 1.397468894720077515e-01 -1.725978404283523560e-01 -2.365365177392959595e-01
5.627107326560026402e-32 4.488722980022430420e-02 6.360552906990051270e-01 2.799873352050781250e-01
6.227991826835960041e-32 9.617456048727035522e-02 7.578966766595840454e-02 7.148104161024093628e-02
1.490697099852537476e-33 1.000844165682792664e-01 8.499398827552795410e-02 8.342099934816360474e-02
1.109869256280763936e-33 1.186122931540012360e-02 -5.243891477584838867e-02 -6.099638063460588455e-03
1.015889842097865188e-32 4.297882020473480225e-01 -1.337513606995344162e-02 -5.637328699231147766e-02
1.618368092308323070e-33 3.029827773571014404e-01 1.140780095010995865e-02 3.389538079500198364e-02
4.051118523929533073e-32 6.908729672431945801e-02 1.616215109825134277e-01 1.095009893178939819e-01
-1.660611134844052815e-33 2.616588398814201355e-02 1.336534321308135986e-01 3.429542481899261475e-02
8.420602354237608088e-33 1.934754289686679840e-02 -4.586602374911308289e-02 -8.702370338141918182e-03
-5.758247606921271661e-33 1.824332028627395630e-02 -1.142715569585561752e-02 -2.044385066255927086e-03
2.089656838331595009e-33 8.270034790039062500e-01 -4.206132143735885620e-02 -3.411229550838470459e-01
-4.125436362461188997e-33 5.738798379898071289e-01 2.147783637046813965e-01 1.208738088607788086e+00
5.781910528608515088e-32 3.253868594765663147e-02 8.807245641946792603e-02 2.810352668166160583e-02
-7.999318403214346996e-32 4.924573004245758057e-02 9.375629425048828125e-01 4.527825415134429932e-01
9.396153197508686394e-33 6.528731435537338257e-02 7.715018838644027710e-02 4.939539358019828796e-02
4.348740175372701813e-32 4.904140532016754150e-02 -1.732146739959716797e-02 -8.330446667969226837e-03
-1.834277237600797507e-32 1.031616609543561935e-02 -3.712675869464874268e-01 -3.756004199385643005e-02
-8.364614292991911798e-33 4.798373579978942871e-02 6.325427442789077759e-02 2.976491115987300873e-02
7.932768525226512453e-33 2.995749711990356445e-01 9.665025472640991211e-01 2.839417219161987305e+00
1.734666727932879980e-32 5.799974203109741211e-01 -8.853491544723510742e-01 -5.035716533660888672e+00
-4.321797844851854984e-32 4.429722428321838379e-01 -9.994613528251647949e-01 -4.341733932495117188e+00
-1.405063548623683116e-32 1.268734633922576904e-01 -1.617868691682815552e-01 -2.012958079576492310e-01
-9.929213877794081836e-32 2.479761391878128052e-01 -3.107326664030551910e-02 -7.556444406509399414e-02
1.769579277494286551e-33 3.749677538871765137e-01 2.367826364934444427e-02 8.706917613744735718e-02
-4.327938406935359835e-33 7.488828897476196289e-02 3.757417574524879456e-02 2.759459801018238068e-02
8.798102079428616026e-32 2.930937409400939941e-01 3.889097571372985840e-01 1.117830753326416016e+00
4.148912894825430165e-32 6.439452171325683594e-01 -7.457666993141174316e-01 -4.709475994110107422e+00
-2.191791795586300324e-32 2.177954651415348053e-02 -8.586801588535308838e-02 -1.834006793797016144e-02
7.459399888886254329e-33 5.599335432052612305e-01 1.875691115856170654e-01 1.029955625534057617e+00
1.111375633924243466e-33 1.290586739778518677e-01 -6.695582717657089233e-02 -8.474151790142059326e-02
3.139203214277013154e-33 3.308075666427612305e-01 1.128337234258651733e-01 3.660454452037811279e-01
-2.377628342370085107e-33 7.660659551620483398e-01 1.410466283559799194e-01 1.059618592262268066e+00
7.771143929460202032e-33 1.529271434992551804e-02 -2.416186183691024780e-01 -3.623561561107635498e-02
-6.600617658574871069e-32 6.619676351547241211e-01 -6.180070713162422180e-02 -4.011907279491424561e-01
-5.765352000904053861e-33 3.642522096633911133e-01 5.691077932715415955e-02 2.032906562089920044e-01
7.000131160347315691e-32 2.911703288555145264e-01 4.472674429416656494e-01 1.277130007743835449e+00
-9.674447076962047378e-33 1.055228561162948608e-01 -8.686023950576782227e-02 -8.988521248102188110e-02
3.433364210351361080e-32 8.613659441471099854e-02 -3.323618769645690918e-01 -2.807498872280120850e-01
2.889647820712555455e-32 2.614620625972747803e-01 -4.806884378194808960e-02 -1.232517287135124207e-01
-1.259652675007959128e-33 4.079370200634002686e-01 2.916643768548965454e-02 1.166802048683166504e-01
-5.683258340710105431e-32 6.504483819007873535e-01 1.736626215279102325e-02 1.107745170593261719e-01
-3.609809438892838902e-33 2.376916632056236267e-02 -6.305280923843383789e-01 -1.469735056161880493e-01
-7.483405687581953232e-33 3.559486567974090576e-02 1.617929525673389435e-02 5.647648125886917114e-03
2.628460910546711221e-32 1.131416670978069305e-02 2.046734094619750977e-01 2.270934730768203735e-02
3.747428970647419684e-33 4.245980381965637207e-01 4.171048477292060852e-02 1.736776381731033325e-01
6.059537021144196718e-32 6.075919046998023987e-02 -3.234015777707099915e-02 -1.926969364285469055e-02
2.129520423161871202e-33 6.505413651466369629e-01 -1.282593887299299240e-02 -8.182476460933685303e-02
-3.461783843397603819e-33 5.356528162956237793e-01 3.834142535924911499e-02 2.014059573411941528e-01
4.166510339130827515e-33 8.917883634567260742e-01 9.203051328659057617e-01 8.048488616943359375e+00
-1.579090601614527177e-33 3.092083707451820374e-02 -1.078450605273246765e-01 -3.270183876156806946e-02
9.026144310068293483e-33 1.689326316118240356e-01 -1.528337411582469940e-02 -2.531940303742885590e-02
-1.255780321109862039e-32 4.274176657199859619e-01 2.554848492145538330e-01 1.070873856544494629e+00
-9.107945933384459501e-32 7.810997217893600464e-02 6.737848371267318726e-02 5.161172896623611450e-02
2.141221000056368546e-33 4.867672026157379150e-01 -2.577246539294719696e-02 -1.230262964963912964e-01
5.007499772669386146e-33 9.296277165412902832e-02 -2.384471893310546875e-01 -2.173811793327331543e-01
2.147453140496642146e-33 1.430249959230422974e-01 -2.115467749536037445e-02 -2.967146970331668854e-02
-4.996237728636142441e-32 1.684391684830188751e-02 1.320658922195434570e-01 2.181496284902095795e-02
-2.412466321508611389e-32 1.089571975171566010e-02 1.302023138850927353e-02 1.391218276694417000e-03
-9.859771842892842907e-33 1.896736584603786469e-02 2.513694763183593750e-01 4.675631597638130188e-02
-3.984333326666343293e-33 6.062707304954528809e-02 -2.708029448986053467e-01 -1.610054820775985718e-01
1.275681440469283367e-32 1.623486168682575226e-02 -6.430619359016418457e-01 -1.023816391825675964e-01
-7.559660740803764286e-33 1.017020083963871002e-02 -3.709138333797454834e-01 -3.699331358075141907e-02
1.675759767277298098e-32 3.188948035240173340e-01 -3.167887032032012939e-02 -9.906900674104690552e-02
-5.816644696902184377e-33 4.078526422381401062e-02 7.215008884668350220e-02 2.885763905942440033e-02
5.772297335807490421e-32 8.275852352380752563e-02 -1.423754990100860596e-01 -1.155496537685394287e-01
-9.653219853038104658e-33 5.354046821594238281e-01 6.590197235345840454e-02 3.460200130939483643e-01
4.737456467659256019e-32 3.134039044380187988e-02 6.551315635442733765e-02 2.013509161770343781e-02
-2.324257078486113081e-32 7.654609680175781250e-01 -2.595167160034179688e-01 -1.948090195655822754e+00
2.606131219858491047e-32 1.876695454120635986e-01 3.287710547447204590e-01 6.050733923912048340e-01
3.369358763354278304e-33 1.426164954900741577e-01 -4.976289868354797363e-01 -6.959789395332336426e-01
6.250008689090067633e-33 2.790960855782032013e-02 -1.929497718811035156e-01 -5.281030386686325073e-02
4.613870060933188632e-33 3.378922343254089355e-01 -5.049077421426773071e-02 -1.673057675361633301e-01
3.980415257058258756e-33 1.027330942451953888e-02 -8.531242609024047852e-02 -8.594949729740619659e-03
-2.808116120286697004e-32 2.232293598353862762e-02 4.725848436355590820e-01 1.034550666809082031e-01
-2.157768287096100035e-33 4.543715417385101318e-01 -6.397893279790878296e-02 -2.850813567638397217e-01
2.307877813670152254e-33 1.657959446310997009e-02 3.305687904357910156e-01 5.374727025628089905e-02
-5.267016966578284247e-32 6.840138882398605347e-02 -1.336800605058670044e-01 -8.967103809118270874e-02
-3.519877508899210532e-33 1.462586075067520142e-01 -1.042781397700309753e-02 -1.495668571442365646e-02
-1.355713063166698725e-32 4.220553860068321228e-02 8.693055808544158936e-02 3.598012030124664307e-02
2.751597764151986010e-32 2.149721793830394745e-02 5.909037217497825623e-02 1.245717704296112061e-02
2.577996864597513492e-33 1.553526241332292557e-02 2.252843081951141357e-01 3.432181105017662048e-02
-6.780448898593892490e-32 2.073413282632827759e-01 -2.834695950150489807e-02 -5.763854831457138062e-02
1.953086655690313897e-32 4.336245656013488770e-01 3.950326442718505859e-01 1.679838538169860840e+00
-4.109073628034536608e-32 2.244638092815876007e-02 7.748920321464538574e-01 1.705721765756607056e-01
1.794717958870590434e-33 4.499680697917938232e-01 -1.345636844635009766e-01 -5.937864184379577637e-01
9.512280725236801736e-32 1.816241145133972168e-01 2.564565539360046387e-01 4.567809700965881348e-01
-7.956540694419985426e-33 1.089068055152893066e-01 1.355889737606048584e-01 1.448104977607727051e-01
2.356892622021579955e-33 1.387246847152709961e-01 -3.109420835971832275e-01 -4.230131804943084717e-01
-1.290379821831965250e-33 1.414558142423629761e-01 -7.822153568267822266e-01 -1.085095167160034180e+00
-7.727977572846099843e-33 1.084710359573364258e-01 4.459833353757858276e-02 4.744092002511024475e-02
-1.518377144914021449e-33 4.024862870573997498e-02 -4.706161320209503174e-01 -1.857541650533676147e-01
1.606675523469090703e-32 2.986231148242950439e-01 6.067646741867065430e-01 1.776905775070190430e+00
-3.896462185206500246e-33 7.213206589221954346e-02 -2.621220648288726807e-01 -1.854183077812194824e-01
1.349631643142719621e-32 6.882391124963760376e-02 -1.441105753183364868e-01 -9.726484119892120361e-02
4.183455971818693906e-32 1.761694066226482391e-02 -6.590579152107238770e-01 -1.138609349727630615e-01
-2.361829110547858151e-32 1.188745871186256409e-01 -4.361802712082862854e-02 -5.084821581840515137e-02
-3.509270509092962547e-33 2.056958340108394623e-02 2.265636026859283447e-01 4.570211842656135559e-02
1.547270447082347875e-32 3.107827305793762207e-01 4.131087660789489746e-01 1.259047150611877441e+00
2.589574675800746833e-32 7.506341338157653809e-01 3.180387616157531738e-01 2.341148853302001953e+00
-6.278623307261753019e-32 7.876689434051513672e-01 -2.507578581571578979e-02 -1.936952471733093262e-01
-4.439002786620895878e-33 7.300020009279251099e-02 1.813419312238693237e-01 1.298203915357589722e-01
6.197496417702958994e-33 9.885720610618591309e-01 -1.001779735088348389e-01 -9.711833596229553223e-01
-2.229605391737139374e-32 6.260050088167190552e-02 2.056572586297988892e-02 1.262532453984022141e-02
-2.268100186864279940e-33 6.217131018638610840e-01 2.284849993884563446e-02 1.393055468797683716e-01
-1.343875981990712143e-32 6.565812230110168457e-02 4.700906276702880859e-01 3.026848733425140381e-01
-1.772886273710935815e-33 5.431989431381225586e-01 -9.390010833740234375e-01 -5.002022743225097656e+00
1.867697864425819816e-32 3.306175470352172852e-01 -9.519232809543609619e-02 -3.086373805999755859e-01
3.693194967378341026e-33 6.403202414512634277e-01 5.513545125722885132e-02 3.462173342704772949e-01
8.414265705002706695e-33 3.384158909320831299e-01 -1.033367440104484558e-01 -3.429463803768157959e-01
2.080236536806700586e-33 2.192471735179424286e-02 -3.730674386024475098e-01 -8.021249622106552124e-02
5.531011691937861367e-33 4.616294428706169128e-02 -2.512726373970508575e-02 -1.137520838528871536e-02
5.134470574568264752e-32 7.093136906623840332e-01 6.782232522964477539e-01 4.717714786529541016e+00
2.888048854521849438e-32 4.848438873887062073e-02 -3.394830822944641113e-01 -1.614138334989547729e-01
4.276559826381222366e-32 6.777545809745788574e-02 -8.521586656570434570e-01 -5.663874149322509766e-01
-1.678973458629850842e-33 1.521353982388973236e-02 2.822334691882133484e-02 4.210750106722116470e-03
-5.363204730570194978e-32 4.382409155368804932e-02 -2.821326851844787598e-01 -1.212514638900756836e-01
1.335785789057971602e-32 1.224459428340196609e-02 8.453021198511123657e-02 1.015025656670331955e-02
-7.657752070960037859e-33 4.761573076248168945e-01 -8.710350990295410156e-01 -4.067305088043212891e+00
1.405250452225463860e-32 1.557373348623514175e-02 -2.480828762054443359e-02 -3.788874251767992973e-03
5.575747700852295942e-33 2.563572227954864502e-01 -7.138875722885131836e-01 -1.794717311859130859e+00
-5.287380936838341850e-33 1.940646767616271973e-02 1.102663651108741760e-01 2.098505944013595581e-02
-1.864960909500922436e-33 1.599816232919692993e-02 4.958898201584815979e-02 7.779934443533420563e-03
2.599880344977001218e-33 1.899646073579788208e-01 -2.992261573672294617e-02 -5.574333295226097107e-02
2.385753065449381052e-32 3.758398592472076416e-01 -3.085841797292232513e-02 -1.137357950210571289e-01
-1.335358496861447701e-32 1.372403651475906372e-01 -6.476707011461257935e-02 -8.716793358325958252e-02
-6.342764009577577284e-33 2.948873341083526611e-01 6.896798610687255859e-01 1.994455456733703613e+00
-5.921797809371022842e-33 2.341846823692321777e-01 -2.748421430587768555e-01 -6.311934590339660645e-01
-4.769193639637106959e-32 1.402647048234939575e-01 -1.110332459211349487e-02 -1.527292095124721527e-02
-7.425670694794141170e-32 1.777728460729122162e-02 -7.243867963552474976e-02 -1.262864191085100174e-02
4.898232650377860454e-32 1.305338889360427856e-01 2.266768738627433777e-02 2.901691012084484100e-02
-2.605179987789286574e-33 8.939266204833984375e-01 -1.290267109870910645e-01 -1.131103157997131348e+00
-7.727403049982135450e-33 6.106812506914138794e-02 -3.067732453346252441e-01 -1.837184429168701172e-01
-1.942156762279574415e-32 1.017024554312229156e-02 -2.409852296113967896e-02 -2.403491176664829254e-03
-4.739013189521729360e-33 6.024196743965148926e-02 -1.302606426179409027e-02 -7.695432286709547043e-03
1.039595155050135144e-32 8.734579086303710938e-01 3.479010984301567078e-02 2.980014979839324951e-01
9.474886486695618537e-32 8.379097580909729004e-01 -3.862767517566680908e-01 -3.174070119857788086e+00
-1.314130685190329569e-33 1.284035295248031616e-01 4.538668096065521240e-01 5.715128779411315918e-01
-1.702972167625246348e-32 2.533393502235412598e-01 -2.123877778649330139e-02 -5.276583880186080933e-02
-2.306954315920787494e-33 1.163904462009668350e-02 2.668178640305995941e-02 3.045460209250450134e-03
-2.036941426826984894e-32 9.969954490661621094e-01 8.342565596103668213e-02 8.156681060791015625e-01
-7.319638018677299928e-33 1.903742551803588867e-01 -1.519481539726257324e-01 -2.836771309375762939e-01
1.517028063108361326e-32 1.023149769753217697e-02 -1.418810430914163589e-02 -1.423587789759039879e-03
4.228336933880264254e-33 1.613612771034240723e-01 7.838298678398132324e-01 1.240342974662780762e+00
8.179140239278561839e-32 3.662703335285186768e-01 -1.884864121675491333e-01 -6.770215034484863281e-01
2.077697432274725982e-32 1.394513696432113647e-01 -2.091890573501586914e-02 -2.860766462981700897e-02
6.584523965417763131e-32 8.641870319843292236e-02 -5.606950074434280396e-02 -4.751766845583915710e-02
-6.292080954337141978e-32 1.765151135623455048e-02 1.360217016190290451e-02 2.354565542191267014e-03
1.326465110679309368e-33 3.985844925045967102e-02 -1.495147794485092163e-01 -5.844201520085334778e-02
-1.077023740066881431e-33 1.357171870768070221e-02 -1.441771835088729858e-01 -1.918898709118366241e-02
3.929478148101251982e-33 3.747896850109100342e-02 5.327303409576416016e-01 1.958013921976089478e-01
-1.377225050597128145e-32 5.267391726374626160e-02 -1.526704430580139160e-01 -7.886262983083724976e-02
1.772922273225429748e-33 1.714808344841003418e-01 -4.528435319662094116e-02 -7.615254819393157959e-02
1.581687158432898220e-32 1.075327582657337189e-02 -4.633720591664314270e-02 -4.886425565928220749e-03
-7.211802428099885003e-32 5.820804238319396973e-01 -1.128783728927373886e-02 -6.443389505147933960e-02
-1.378651953802232549e-32 6.158375740051269531e-02 1.853392459452152252e-02 1.119320001453161240e-02
8.008881049758286305e-33 1.961721777915954590e-01 -3.165328502655029297e-01 -6.089433431625366211e-01
3.783170611068140600e-33 2.506706491112709045e-02 5.370994806289672852e-01 1.320319026708602905e-01
-1.407194279071342365e-32 2.954603359103202820e-02 -5.056044459342956543e-02 -1.464976742863655090e-02
4.014148051101821308e-32 1.660431772470474243e-01 -9.572852402925491333e-02 -1.558773666620254517e-01
1.831710839559364748e-32 1.473726890981197357e-02 2.334465682506561279e-01 3.373845294117927551e-02
-4.575960882397948344e-32 1.401255726814270020e-01 1.001563388854265213e-02 1.376310829073190689e-02
-8.428550165417105280e-33 5.077873915433883667e-02 1.857970282435417175e-02 9.252121672034263611e-03
2.324348142564103345e-33 1.510263606905937195e-02 -6.991049647331237793e-01 -1.035418212413787842e-01
2.148660556865928951e-32 3.293267786502838135e-01 -2.471166402101516724e-01 -7.980860471725463867e-01
-9.282520362666603653e-33 1.476273834705352783e-01 1.605062000453472137e-02 2.323696576058864594e-02
1.093121400517423395e-33 8.194123208522796631e-02 -2.177083119750022888e-02 -1.749436371028423309e-02
-9.062495738183503461e-33 3.074716925621032715e-01 -1.161425784230232239e-01 -3.502009510993957520e-01
3.140187984669414525e-32 7.819840908050537109e-01 -4.594542458653450012e-02 -3.523391187191009521e-01
-3.783115215896858099e-32 1.177705004811286926e-01 -5.584870576858520508e-01 -6.450157165527343750e-01
-1.834434459970219988e-32 1.047433018684387207e-01 -7.652807831764221191e-01 -7.860817909240722656e-01
-2.319887141502732764e-33 6.237746030092239380e-02 4.720271825790405273e-01 2.887455821037292480e-01
-1.228112508536466311e-33 3.775973618030548096e-01 2.195847630500793457e-01 8.131147623062133789e-01
-1.874315456810567736e-32 1.394933015108108521e-01 -2.451024502515792847e-01 -3.352908492088317871e-01
3.823129704814421104e-33 1.884739473462104797e-02 -5.639446899294853210e-02 -1.042337901890277863e-02
-1.865502555257262268e-33 1.375420987606048584e-01 -6.810338497161865234e-01 -9.185970425605773926e-01
6.819390087700757820e-32 3.553683310747146606e-02 -4.176191091537475586e-01 -1.455391198396682739e-01
-3.875545365259571535e-33 1.213758960366249084e-01 -2.635523676872253418e-02 -3.137039765715599060e-02
1.064633754102726047e-33 2.983204834163188934e-02 -1.150544453412294388e-02 -3.365946002304553986e-03
-1.054046535662350493e-32 2.333044633269309998e-02 1.658980362117290497e-02 3.795639611780643463e-03
-1.025901031572139358e-33 7.288827002048492432e-02 1.136702299118041992e-02 8.125031366944313049e-03
-9.879706023030881111e-33 2.938048355281352997e-02 -4.068306460976600647e-02 -1.172177307307720184e-02
-2.514806329059138267e-33 5.457864701747894287e-02 -2.907254919409751892e-02 -1.556060835719108582e-02
7.694565027544739437e-32 6.578014791011810303e-02 -2.808180451393127441e-01 -1.811509132385253906e-01
1.026856396238670940e-33 1.041299849748611450e-02 2.280993759632110596e-02 2.329274080693721771e-03
1.764258181910098688e-32 2.522121742367744446e-02 -3.084749169647693634e-02 -7.629684638231992722e-03
-1.011176697498243226e-32 1.544462051242589951e-02 -2.723614871501922607e-01 -4.125186800956726074e-02
-1.213130282022259308e-33 3.401402756571769714e-02 2.830036878585815430e-01 9.439974278211593628e-02
-2.073218468190306898e-33 1.593725085258483887e-01 1.636845991015434265e-02 2.558243460953235626e-02
2.384582677152145149e-33 2.678634226322174072e-01 6.951146721839904785e-01 1.825956940650939941e+00
3.469964182053373045e-33 2.076606452465057373e-02 -5.850967168807983398e-01 -1.191523298621177673e-01
9.655585241545546806e-32 6.595646589994430542e-02 -1.242914237082004547e-02 -8.039317093789577484e-03
2.145290414562121453e-33 4.813161864876747131e-02 9.943387508392333984e-01 4.693377912044525146e-01
-8.656634273043030781e-32 1.016257610172033310e-02 -1.495258212089538574e-01 -1.490186713635921478e-02
1.429123273122725991e-32 1.981568634510040283e-01 1.264392882585525513e-01 2.457037866115570068e-01
-6.205115825148195209e-33 8.927851170301437378e-02 1.416089665144681931e-02 1.239819172769784927e-02
-1.195247615032894470e-33 1.133859436959028244e-02 6.201006174087524414e-01 6.895123422145843506e-02
2.044271074914743414e-32 1.142319366335868835e-01 -1.320716552436351776e-02 -1.479509845376014709e-02
-1.731668666325306199e-33 1.036495994776487350e-02 -6.826061606407165527e-01 -6.938386708498001099e-02
3.961676775080197597e-33 1.555478721857070923e-01 -8.159716725349426270e-01 -1.244686126708984375e+00
1.411876713881049095e-33 2.029445767402648926e-02 -3.738034889101982117e-02 -7.439461071044206619e-03
-1.551192337047072585e-32 2.701225690543651581e-02 1.347525566816329956e-01 3.569592162966728210e-02
-1.881193274257228941e-32 2.764249965548515320e-02 4.898081719875335693e-02 1.327773556113243103e-02
6.525176488254210596e-33 1.417850404977798462e-01 -2.733524702489376068e-02 -3.800791874527931213e-02
-2.297813561646197997e-33 1.816487684845924377e-02 7.686985731124877930e-01 1.369333416223526001e-01
3.968998268175897288e-33 1.057061832398176193e-02 -8.960666060447692871e-01 -9.288837760686874390e-02
8.198163558231506623e-33 2.171113528311252594e-02 -4.899130165576934814e-01 -1.043090969324111938e-01
-2.002003677605432570e-32 8.109286427497863770e-01 -5.687032938003540039e-01 -4.522609233856201172e+00
-1.131554739330535033e-32 6.782543659210205078e-02 3.113040328025817871e-01 2.070608437061309814e-01
4.237262976764836368e-33 9.458950161933898926e-01 3.140427172183990479e-02 2.913079559803009033e-01
3.142010809065555261e-33 6.102822348475456238e-02 -9.695400595664978027e-01 -5.802527070045471191e-01
-7.422727403876476015e-33 5.787241831421852112e-02 -3.445064648985862732e-02 -1.955193281173706055e-02
7.376654637479965720e-33 7.342720031738281250e-02 1.372864842414855957e-01 9.885653853416442871e-02
-1.038855916040261778e-32 9.820743799209594727e-01 -2.565786987543106079e-02 -2.471073418855667114e-01
6.382341435001825177e-33 2.365557290613651276e-02 7.502096146345138550e-02 1.740350574254989624e-02
1.143052176107530901e-33 7.662570476531982422e-02 3.252153098583221436e-02 2.443802729249000549e-02
8.088695646811181099e-33 1.857500709593296051e-02 -1.368575636297464371e-02 -2.492978237569332123e-03
-5.247648860438563900e-33 1.302308589220046997e-01 1.907463073730468750e-01 2.436075508594512939e-01
-1.250719964866365944e-32 5.809720158576965332e-01 -4.633301794528961182e-01 -2.639772415161132812e+00
4.185406704693883492e-32 2.415059879422187805e-02 -1.725987493991851807e-01 -4.087767750024795532e-02
-5.791496464634280063e-33 1.206809207797050476e-01 -4.116365313529968262e-01 -4.871617555618286133e-01
1.277314569464560156e-33 4.798912107944488525e-01 -3.738737478852272034e-02 -1.759496629238128662e-01
7.300536970160407020e-32 2.131299488246440887e-02 -9.446042031049728394e-02 -1.974308490753173828e-02
1.786167339494312188e-33 1.733108758926391602e-01 2.157833576202392578e-01 3.667452037334442139e-01
4.540965533953205728e-32 8.494238853454589844e-01 3.955490887165069580e-01 3.294924974441528320e+00
5.827711902746779287e-32 8.199247717857360840e-02 -5.049248337745666504e-01 -4.059956669807434082e-01
7.193091496770671241e-32 2.775199711322784424e-01 -8.274939656257629395e-02 -2.252059131860733032e-01
-1.050192346825393455e-33 9.041506052017211914e-02 3.259161487221717834e-02 2.889797091484069824e-02
1.562089096210798264e-33 1.787049323320388794e-01 -7.864280045032501221e-02 -1.378212571144104004e-01
-1.399858202498852785e-33 4.133483394980430603e-02 6.968414783477783203e-01 2.824690639972686768e-01
-2.063201382877179385e-32 3.000283800065517426e-02 -1.444304548203945160e-02 -4.249538760632276535e-03
-1.488373753635236456e-33 1.383156478404998779e-01 1.569820195436477661e-02 2.129324711859226227e-02
-4.804206620497111910e-32 6.188526377081871033e-02 3.019031286239624023e-01 1.832211166620254517e-01
-1.205742685736425095e-32 1.152627263218164444e-02 6.952264308929443359e-01 7.858430594205856323e-02
6.211030618847945254e-32 9.073133766651153564e-02 -1.625117659568786621e-02 -1.445981580764055252e-02
1.024839394869453748e-32 5.096125230193138123e-02 -9.400652050971984863e-01 -4.698061943054199219e-01
2.402873920263916891e-33 3.961971700191497803e-01 1.945620626211166382e-01 7.559449672698974609e-01
1.347928792638759685e-32 2.155163139104843140e-02 9.051439762115478516e-01 1.913015544414520264e-01
-6.522288004760652530e-32 7.704940438270568848e-02 5.468871071934700012e-02 4.132260382175445557e-02
-5.880319756518289163e-33 7.543483376502990723e-02 -7.532633841037750244e-02 -5.572363734245300293e-02
-4.330063112974471119e-33 5.088955760002136230e-01 -5.716451406478881836e-01 -2.852829933166503906e+00
3.018871531003181901e-33 3.197457790374755859e-01 1.258494611829519272e-02 3.946179524064064026e-02
-1.031212521163429095e-33 3.379288315773010254e-01 3.145500421524047852e-01 1.042402982711791992e+00
-3.764433965800002601e-32 1.100474316626787186e-02 -2.071209624409675598e-02 -2.235242398455739021e-03
-1.270083534332576086e-33 5.163525044918060303e-02 1.899898611009120941e-02 9.620494209229946136e-03
-1.371147303992995360e-32 1.526298839598894119e-02 -3.065704703330993652e-01 -4.588709399104118347e-02
-9.426994495854416899e-32 1.139929611235857010e-02 1.603828929364681244e-02 1.792902825400233269e-03
1.414113679630663908e-32 2.731694839894771576e-02 1.192282140254974365e-02 3.193977754563093185e-03
1.117689232449609204e-33 1.789674349129199982e-02 1.732101477682590485e-02 3.039960982277989388e-03
-4.857924361340988804e-33 1.020514406263828278e-02 -3.265630081295967102e-02 -3.268186468631029129e-03
-9.203983381036258833e-33 4.921719059348106384e-02 -3.366928100585937500e-01 -1.625067293643951416e-01
-5.579092496559163835e-32 6.860303878784179688e-02 -8.570514619350433350e-02 -5.765951424837112427e-02
-5.093053353548186127e-33 3.745742738246917725e-01 -1.348525658249855042e-02 -4.953564703464508057e-02
1.376667719338044528e-32 9.653387218713760376e-02 3.160594403743743896e-02 2.992052398622035980e-02
5.916509186818276444e-33 2.761005423963069916e-02 -1.815120130777359009e-01 -4.914657771587371826e-02
3.992392075125199338e-33 6.752157807350158691e-01 -4.640147984027862549e-01 -3.072522878646850586e+00
-1.469264807265673961e-33 7.099141180515289307e-02 -2.923366427421569824e-02 -2.035212330520153046e-02
7.458131383544923228e-32 4.978894442319869995e-02 1.552006751298904419e-01 7.577871531248092651e-02
-3.579491235533224315e-33 2.934722900390625000e-01 2.041511610150337219e-02 5.875429883599281311e-02
1.069619595024639548e-33 1.097731478512287140e-02 4.220931828022003174e-01 4.543862119317054749e-02
1.653331041190021147e-32 9.751406311988830566e-02 6.936965584754943848e-01 6.633724570274353027e-01
-2.946769095246642893e-33 2.405972033739089966e-02 3.412109911441802979e-01 8.050710707902908325e-02
-7.135784383926558492e-32 1.010164394974708557e-01 -4.951951205730438232e-01 -4.905565679073333740e-01
7.303685825652672223e-33 5.809829756617546082e-02 -2.606705129146575928e-01 -1.485169380903244019e-01
-3.977958694270230954e-32 1.109737996011972427e-02 1.397008169442415237e-02 1.520337769761681557e-03
-3.292411564365023702e-32 2.803446911275386810e-02 -1.027886942028999329e-02 -2.825910225510597229e-03
-2.891816020042647164e-33 5.009368062019348145e-01 -1.932620070874691010e-02 -9.494019299745559692e-02
3.806674179802450680e-32 7.538741230964660645e-01 8.260741233825683594e-01 6.107149124145507812e+00
1.338303899995524489e-33 4.835256934165954590e-01 -3.766765594482421875e-01 -1.786112666130065918e+00
3.933794783762662201e-32 2.320719510316848755e-01 -8.523688912391662598e-01 -1.939862370491027832e+00
3.097130802093144956e-32 2.010063678026199341e-01 -2.252762205898761749e-02 -4.440642520785331726e-02
-4.416918553846806783e-32 2.465335130691528320e-01 2.300982922315597534e-01 5.563012361526489258e-01
9.722086483454616077e-32 2.291890978813171387e-02 -7.500096410512924194e-02 -1.685704477131366730e-02
-3.933216146668469930e-32 6.791215389966964722e-02 -6.587398052215576172e-02 -4.387146234512329102e-02
1.472136595066030504e-33 1.970038861036300659e-01 5.871812626719474792e-02 1.134403720498085022e-01
-1.624931024205757754e-33 2.566153183579444885e-02 1.907297782599925995e-02 4.799784626811742783e-03
9.610001921609360141e-32 1.657962203025817871e-01 9.399442672729492188e-01 1.528260588645935059e+00
-1.035824463046284951e-32 1.781929135322570801e-01 6.615259647369384766e-01 1.156000375747680664e+00
-8.286227921575266084e-33 4.034665599465370178e-02 2.326659858226776123e-02 9.205791167914867401e-03
-2.711377820862418348e-33 8.477856218814849854e-02 -2.642205953598022461e-01 -2.196713536977767944e-01
-8.950928834662990889e-33 2.809040248394012451e-02 -2.012811787426471710e-02 -5.544748157262802124e-03
7.822254276897161240e-32 2.934675216674804688e-01 1.359096467494964600e-01 3.911389112472534180e-01
-1.409018646303818555e-32 9.955962002277374268e-02 -7.683217525482177734e-02 -7.501481473445892334e-02
-8.856114488883222148e-32 2.687581777572631836e-01 -1.701453700661659241e-02 -4.484380781650543213e-02
4.778260815312174674e-32 1.699418425559997559e-01 -9.339693188667297363e-02 -1.556516140699386597e-01
-1.258197725242328073e-32 7.101364433765411377e-02 4.406954646110534668e-01 3.069029152393341064e-01
2.362703053863496059e-33 2.263978719711303711e-01 1.852381229400634766e-01 4.112665653228759766e-01
9.449042067898439723e-32 3.879979252815246582e-02 2.392400354146957397e-01 9.102987498044967651e-02
-1.003071296607338922e-32 1.088167205452919006e-01 -5.418457835912704468e-02 -5.782185494899749756e-02
4.418418411170059096e-33 9.925637245178222656e-01 1.891449652612209320e-02 1.841085106134414673e-01
9.569897874715943863e-33 7.100958228111267090e-01 -2.456357516348361969e-02 -1.710524111986160278e-01
-1.896235046907144784e-32 5.871969088912010193e-02 2.379616536200046539e-02 1.370286662131547928e-02
-2.495441675934073461e-32 2.376355677843093872e-01 -1.986313760280609131e-01 -4.628922939300537109e-01
-1.468893920430890298e-32 4.768857061862945557e-01 -9.279354810714721680e-01 -4.339630603790283203e+00
-4.878245426057241394e-32 1.008007209748029709e-02 -2.062036991119384766e-01 -2.038359455764293671e-02
1.396423371271551598e-32 4.894430190324783325e-02 2.033331245183944702e-02 9.759576059877872467e-03
-3.362166941979153697e-33 1.097682639956474304e-01 -2.496580407023429871e-02 -2.687466517090797424e-02
3.206444062537940423e-33 2.591720409691333771e-02 -2.520929276943206787e-02 -6.407218053936958313e-03
-6.886082935189011124e-32 4.870170056819915771e-01 -2.442371249198913574e-01 -1.166477799415588379e+00
4.820122667070451830e-33 1.217263042926788330e-01 3.067251481115818024e-02 3.661461547017097473e-02
-9.541723919989022982e-32 2.638577297329902649e-02 -1.740344613790512085e-02 -4.503246862441301346e-03
1.445863469805686956e-33 4.236046224832534790e-02 -8.403922617435455322e-02 -3.491109237074851990e-02
-1.660919885782135982e-33 1.372742056846618652e-01 -3.514844551682472229e-02 -4.731684178113937378e-02
8.941801121028855827e-33 5.093213170766830444e-02 5.897035598754882812e-01 2.945413589477539062e-01
1.782551371934388979e-32 2.831168659031391144e-02 -1.785730011761188507e-02 -4.957950673997402191e-03
-1.401105218334082916e-32 5.990431830286979675e-02 -3.684118390083312988e-02 -2.164274826645851135e-02
-5.487194772668975968e-33 4.205263033509254456e-02 2.291104756295681000e-02 9.448410943150520325e-03
-2.883783573269890768e-32 1.504421792924404144e-02 -7.225211262702941895e-01 -1.065959781408309937e-01
6.316967932985576038e-32 1.056027133017778397e-02 2.420343011617660522e-01 2.506528608500957489e-02
-3.066241455415824590e-32 4.029164016246795654e-01 5.933302044868469238e-01 2.344402074813842773e+00
1.005013213274897341e-32 3.398907557129859924e-02 1.703452914953231812e-01 5.677931383252143860e-02
-3.543315396886668417e-33 4.278360679745674133e-02 -1.093515753746032715e-01 -4.587996751070022583e-02
1.568885841281451193e-33 1.236308086663484573e-02 -2.240988612174987793e-01 -2.716983668506145477e-02
9.290300959774696374e-32 1.991680823266506195e-02 -5.363916978240013123e-02 -1.047664973884820938e-02
-5.012849814801963009e-32 8.811451196670532227e-01 -6.500780582427978516e-02 -5.617377758026123047e-01
9.874866071978164195e-32 3.270249068737030029e-02 -6.016403436660766602e-01 -1.929471939802169800e-01
8.797859339845171224e-32 1.529944390058517456e-01 1.811848208308219910e-02 2.718429826200008392e-02
-1.040637892007711439e-32 4.869176149368286133e-01 3.310000598430633545e-01 1.580535411834716797e+00
1.539773878796772590e-32 6.760688424110412598e-01 -1.605371572077274323e-02 -1.064356565475463867e-01
-5.155667088702292240e-32 1.919653415679931641e-01 -1.269139070063829422e-02 -2.389201335608959198e-02
4.959447400317694193e-33 1.750628650188446045e-01 -6.022520735859870911e-02 -1.033934429287910461e-01
5.805257462720578099e-33 2.062304504215717316e-02 -7.761264592409133911e-02 -1.569661311805248260e-02
-4.846738797908945475e-33 8.019695430994033813e-02 -4.731149375438690186e-01 -3.720875978469848633e-01
-2.192245536405717727e-32 2.581658661365509033e-01 -5.531143397092819214e-02 -1.400342881679534912e-01
-5.982099567542252295e-32 4.442265629768371582e-02 1.557143628597259521e-01 6.783501058816909790e-02
-4.159553616625867365e-33 9.608092904090881348e-01 -6.193194538354873657e-02 -5.835426449775695801e-01
-7.189517993944171487e-32 3.998605534434318542e-02 7.137464880943298340e-01 2.798808813095092773e-01
-2.099499472936220801e-32 3.912860751152038574e-01 -4.204894974827766418e-02 -1.613504737615585327e-01
-8.804166160910920502e-33 6.232424974441528320e-01 2.381219863891601562e-01 1.455382823944091797e+00
-4.942331320948958570e-32 1.450625807046890259e-02 3.496639057993888855e-02 4.974241368472576141e-03
1.688676613482911878e-33 4.374097287654876709e-02 -8.965943455696105957e-01 -3.845963180065155029e-01
1.907465719934900919e-32 1.876620575785636902e-02 1.321541704237461090e-02 2.432081149891018867e-03
-7.032590379730159222e-33 6.632040441036224365e-02 -3.857222571969032288e-02 -2.508664131164550781e-02
2.417829808357825781e-32 1.082264725118875504e-02 -1.436181832104921341e-02 -1.524276100099086761e-03
8.522289227739459333e-33 5.556879565119743347e-02 5.467274785041809082e-01 2.979356944561004639e-01
-4.716424816607931356e-32 7.830159366130828857e-02 2.258424609899520874e-01 1.734190732240676880e-01
1.079092242782344025e-33 1.949171721935272217e-02 8.006589114665985107e-02 1.530447043478488922e-02
1.730340174037884699e-32 1.220865733921527863e-02 1.568812280893325806e-01 1.878276653587818146e-02
-1.145330284159424494e-32 4.749655723571777344e-02 -1.117706391960382462e-02 -5.206076428294181824e-03
5.589681349671371001e-32 7.108603417873382568e-02 1.207646280527114868e-01 8.418694138526916504e-02
8.730629291438592135e-32 1.577382162213325500e-02 1.745759248733520508e-01 2.700486034154891968e-02
-3.525797739260333130e-32 6.985812783241271973e-01 -1.959524676203727722e-02 -1.342419683933258057e-01
7.370701493277020097e-33 3.952430933713912964e-02 2.005830779671669006e-02 7.774621248245239258e-03
-3.451704567086478115e-32 9.415786266326904297e-01 -8.172499537467956543e-01 -7.546267509460449219e+00
7.195223843523062871e-32 7.581396400928497314e-02 -1.077073067426681519e-02 -8.007833734154701233e-03
-1.688253068174631222e-32 8.171196281909942627e-02 -4.286419153213500977e-01 -3.434796035289764404e-01
-1.573560084364900630e-32 5.467781051993370056e-02 1.221456900238990784e-01 6.549526751041412354e-02
4.594736759790045037e-32 7.979308813810348511e-02 2.807912528514862061e-01 2.197199761867523193e-01
-1.800439310281233286e-32 7.458410263061523438e-01 -1.582021079957485199e-02 -1.157122179865837097e-01
7.431411221456381811e-32 7.055748999118804932e-02 -3.968617320060729980e-02 -2.746015787124633789e-02
2.544326849299124542e-33 6.299101114273071289e-01 -4.209432005882263184e-01 -2.600295782089233398e+00
-1.127001755836212608e-32 2.410983294248580933e-02 1.509987562894821167e-02 3.570164786651730537e-03
-1.739770577467356500e-32 3.888872563838958740e-01 6.196961998939514160e-01 2.363323688507080078e+00
-3.697345270589109891e-32 8.692150115966796875e-01 -9.647725820541381836e-01 -8.223806381225585938e+00
1.486767918149417822e-33 2.867532894015312195e-02 1.451786886900663376e-02 4.082554019987583160e-03
-1.761839014536106420e-32 1.840914785861968994e-02 -2.561416327953338623e-01 -4.624178260564804077e-02
2.841742164749525508e-33 2.730439417064189911e-02 -2.929382920265197754e-01 -7.843851298093795776e-02
-5.281511987418273874e-32 1.571691595017910004e-02 1.978714205324649811e-02 3.049798076972365379e-03
3.725863351287233997e-32 1.166495122015476227e-02 7.943539321422576904e-02 9.086940437555313110e-03
6.881852918767577122e-32 3.303367272019386292e-02 -3.633294627070426941e-02 -1.177004538476467133e-02
-4.665918379393707099e-33 2.139060199260711670e-01 1.065556239336729050e-02 2.235218882560729980e-02
-1.109132184588599899e-32 5.537022352218627930e-01 -1.396061331033706665e-01 -7.580562829971313477e-01
-2.906160577605731539e-32 1.481157261878252029e-02 -1.378064230084419250e-02 -2.001664601266384125e-03
1.774999775819515825e-33 1.942735537886619568e-02 -1.629810035228729248e-02 -3.105069743469357491e-03
1.478892197834404654e-33 2.385291904211044312e-01 -5.143235325813293457e-01 -1.203091382980346680e+00
8.543307801416131098e-33 5.811145305633544922e-01 -1.095399167388677597e-02 -6.242446228861808777e-02
-3.030400926532840750e-33 2.216489166021347046e-01 -7.848630547523498535e-01 -1.706004500389099121e+00
-3.493375621417937428e-33 1.580326445400714874e-02 1.071628481149673462e-01 1.660778559744358063e-02
-2.113265099531525199e-32 1.272574905306100845e-02 -3.310712873935699463e-01 -4.131669178605079651e-02
2.549379528095141829e-32 2.948527038097381592e-02 6.100880354642868042e-02 1.764080114662647247e-02
5.248448563939107688e-33 1.275345236063003540e-01 -9.986671060323715210e-02 -1.249019354581832886e-01
1.153138009473082285e-33 3.906128928065299988e-02 -2.764675021171569824e-02 -1.059037540107965469e-02
-1.450000493603711376e-32 4.460966587066650391e-02 -2.359818071126937866e-01 -1.032352820038795471e-01
-3.723909091928991944e-32 1.256887149065732956e-02 5.441060289740562439e-02 6.706570740789175034e-03
-1.510499661357482047e-32 1.353074889630079269e-02 8.185833692550659180e-01 1.086189076304435730e-01
-3.498663141944729930e-33 6.996267288923263550e-02 -2.491820007562637329e-01 -1.709636300802230835e-01
1.351868461955540581e-33 2.139338105916976929e-02 4.099462926387786865e-02 8.600567467510700226e-03
1.867927930710794816e-33 2.561870776116847992e-02 -8.067957162857055664e-01 -2.026942670345306396e-01
-3.059148559237161371e-33 5.025376081466674805e-01 -4.852679371833801270e-02 -2.391502410173416138e-01
-1.559906533809107445e-33 1.635495945811271667e-02 -8.942259103059768677e-02 -1.434225402772426605e-02
-4.722720176603760117e-32 1.409481558948755264e-02 1.079432666301727295e-01 1.492023374885320663e-02
1.143962816887433541e-33 1.130985748022794724e-02 -4.392693191766738892e-02 -4.872015677392482758e-03
-5.263184120310634326e-33 1.467173844575881958e-01 -9.948971122503280640e-02 -1.431463956832885742e-01
-2.116668045474560332e-33 1.288792639970779419e-01 5.627692937850952148e-01 7.112693786621093750e-01
-5.515454024204728392e-33 4.714867472648620605e-01 1.800644993782043457e-01 8.325651884078979492e-01
3.215825168673074615e-32 5.926421284675598145e-01 -8.551400303840637207e-01 -4.969932079315185547e+00
6.616494766897840001e-33 3.863877430558204651e-02 -8.392980694770812988e-01 -3.180242478847503662e-01
-1.971468228196106639e-33 2.824147939682006836e-01 3.951316326856613159e-02 1.094334125518798828e-01
5.458611892844762784e-33 8.491035550832748413e-02 1.549011915922164917e-01 1.289840787649154663e-01
-7.968554981369358468e-33 2.222846262156963348e-02 -4.133589193224906921e-02 -9.010676294565200806e-03
-3.126362040520233559e-33 2.150053717195987701e-02 4.461884796619415283e-01 9.407806396484375000e-02
3.722513192387390478e-32 1.001814194023609161e-02 1.544239651411771774e-02 1.517129130661487579e-03
-3.734402436125194799e-32 1.294343918561935425e-01 -2.593199349939823151e-02 -3.291593864560127258e-02
1.693439753326642250e-33 7.162075638771057129e-01 9.167006015777587891e-01 6.438535690307617188e+00
-2.946383937175756278e-32 4.331777617335319519e-02 1.404032018035650253e-02 5.964359734207391739e-03
-1.220885550900511655e-32 4.755034670233726501e-02 1.523687597364187241e-02 7.105101365596055984e-03
1.304566110100970942e-33 1.669280417263507843e-02 -2.071060240268707275e-02 -3.390335477888584137e-03
2.019113879502414081e-32 3.438516706228256226e-02 -1.068182885646820068e-01 -3.601948171854019165e-02
3.129708746405421537e-32 1.699437573552131653e-02 1.936339028179645538e-02 3.227062057703733444e-03
-1.652282206355499960e-32 2.963636070489883423e-02 7.686274498701095581e-02 2.233888208866119385e-02
1.778982681287887904e-33 3.970595821738243103e-02 -9.068790823221206665e-02 -3.531228005886077881e-02
-2.873747386173562393e-33 3.026376962661743164e-01 -2.182894013822078705e-02 -6.478527933359146118e-02
5.617919295372014770e-33 2.762464247643947601e-02 -6.376134753227233887e-01 -1.727328002452850342e-01
6.416831173938920356e-33 1.326105445623397827e-01 -3.017053008079528809e-01 -3.923572599887847900e-01
-1.194635513083902227e-32 6.713734269142150879e-01 2.789209187030792236e-01 1.836394190788269043e+00
-6.599421446136115539e-33 5.699878931045532227e-02 -3.790241479873657227e-01 -2.118620574474334717e-01
2.312055153250990031e-32 1.337798777967691422e-02 8.920544385910034180e-02 1.170315127819776535e-02
1.758017041591201605e-32 5.876687169075012207e-01 1.504812240600585938e-01 8.672325015068054199e-01
-5.730040885289321609e-33 5.592225790023803711e-01 -1.582376658916473389e-02 -8.677911758422851562e-02
-5.444227882752528936e-33 6.459072232246398926e-01 -2.333512343466281891e-02 -1.478090137243270874e-01
3.267352375794194176e-32 4.594639316201210022e-02 1.597461402416229248e-01 7.197844237089157104e-02
1.952743337871476863e-33 1.450830399990081787e-01 -6.176462769508361816e-02 -8.787738531827926636e-02
2.799672140288557418e-33 1.419029943645000458e-02 -7.155907154083251953e-01 -9.958110004663467407e-02
4.869763426163692399e-33 2.129140347242355347e-01 -1.004737317562103271e-01 -2.097864747047424316e-01
2.141676357180518330e-32 5.573084354400634766e-01 -6.141988635063171387e-01 -3.356798410415649414e+00
1.471610928686022162e-32 8.291114568710327148e-01 -4.993365332484245300e-02 -4.060008227825164795e-01
8.162957208550791407e-32 4.152440130710601807e-01 2.425497770309448242e-02 9.876997023820877075e-02
-4.628732350289413297e-32 2.147724628448486328e-01 5.205739736557006836e-01 1.096432089805603027e+00
7.526491963643405653e-33 9.023860692977905273e-01 -1.690520197153091431e-01 -1.496006250381469727e+00
6.765408595311915174e-33 7.561738044023513794e-02 1.681621968746185303e-01 1.247012242674827576e-01
-5.448884750560105281e-32 8.152054548263549805e-01 -1.096953153610229492e-01 -8.769519925117492676e-01
-1.185643128236905580e-32 5.389598608016967773e-01 -1.652339100837707520e-01 -8.733258247375488281e-01
5.049936220760024621e-33 3.811171054840087891e-01 8.468051999807357788e-02 3.164919316768646240e-01
5.635157111874457426e-32 4.318636953830718994e-01 -2.262945920228958130e-01 -9.583883881568908691e-01
-2.007456061214927898e-32 1.250525750219821930e-02 6.453242897987365723e-01 7.913913577795028687e-02
-3.345723612721073054e-33 1.469656527042388916e-01 5.236174464225769043e-01 7.546587586402893066e-01
-1.677637068489759754e-33 1.292392611503601074e-02 1.503237988799810410e-02 1.905210083350539207e-03
-5.012857822857227985e-33 2.955776266753673553e-02 2.160900272428989410e-02 6.263642571866512299e-03
-2.058177760832146487e-32 1.552486792206764221e-02 2.855542674660682678e-02 4.347476642578840256e-03
-4.838889875191711208e-32 3.925989195704460144e-02 -4.370172619819641113e-01 -1.682551503181457520e-01
7.494459448709910612e-32 2.133555859327316284e-01 6.429332494735717773e-01 1.345211505889892578e+00
-1.748504941304347655e-32 2.972913533449172974e-02 -4.120871722698211670e-01 -1.201412230730056763e-01
1.373306980989043608e-32 1.143667008727788925e-02 2.701764404773712158e-01 3.030175156891345978e-02
9.323120762049654641e-32 2.602622658014297485e-02 5.628030747175216675e-02 1.436442788690328598e-02
6.030268387303072582e-32 8.277322053909301758e-01 8.512145876884460449e-01 6.909547328948974609e+00
9.071780086439885593e-32 2.492671646177768707e-02 1.752459406852722168e-01 4.283844679594039917e-02
-3.911664633240494111e-33 4.773356616497039795e-01 3.479432314634323120e-02 1.628744453191757202e-01
-1.993819445124626246e-32 1.246778592467308044e-01 1.088247541338205338e-02 1.330569945275783539e-02
3.553972281734429423e-32 9.180824756622314453e-01 -4.415608048439025879e-01 -3.975510358810424805e+00
-2.679540548193755197e-32 4.819687008857727051e-01 2.384002692997455597e-02 1.126798540353775024e-01
2.622250920828110929e-33 8.239046931266784668e-01 -7.517094016075134277e-01 -6.073620319366455078e+00
4.628566679054344281e-33 2.588060796260833740e-01 -1.043467596173286438e-02 -2.648342400789260864e-02
-6.287471694050773936e-33 2.665889821946620941e-02 1.280359551310539246e-02 3.347301390022039413e-03
-1.387515915891401861e-32 1.288724988698959351e-01 3.589351475238800049e-01 4.536249637603759766e-01
-2.613927686140319869e-32 7.763094305992126465e-01 5.976880192756652832e-01 4.550195693969726562e+00
-8.665955943245051520e-33 7.330737262964248657e-02 5.007182806730270386e-02 3.599662706255912781e-02
-3.383642856426692257e-33 7.064333558082580566e-02 2.964437566697597504e-02 2.053686603903770447e-02
-1.109833807779246952e-33 4.545900523662567139e-01 -1.210801452398300171e-01 -5.397759675979614258e-01
4.094152784365961607e-32 1.728256493806838989e-01 -4.308803379535675049e-01 -7.302735447883605957e-01
7.951010287372954269e-32 4.778350889682769775e-02 4.763264358043670654e-01 2.232047319412231445e-01
1.318473842943030216e-32 4.769351333379745483e-02 9.229924678802490234e-01 4.316961169242858887e-01
6.080382650214503754e-32 4.406526982784271240e-01 -7.548531293869018555e-01 -3.261967182159423828e+00
8.567885918923886602e-33 8.466053009033203125e-02 -3.315324187278747559e-01 -2.752502262592315674e-01
-2.005518442448589673e-33 5.504313111305236816e-01 -7.854092866182327271e-02 -4.239550530910491943e-01
4.020323804547453901e-32 2.819984257221221924e-01 5.837154388427734375e-01 1.614241600036621094e+00
2.035773462986847561e-33 1.031444072723388672e-01 1.130325347185134888e-01 1.143325343728065491e-01
-3.605410445158474196e-32 4.190479516983032227e-01 5.645515918731689453e-01 2.320000410079956055e+00
9.325709494483753024e-33 6.330568343400955200e-02 7.445408403873443604e-02 4.622233659029006958e-02
5.659809505931505514e-33 3.787009045481681824e-02 -1.328953262418508530e-02 -4.935449920594692230e-03
1.808421651607285882e-33 8.655052185058593750e-01 -1.804819889366626740e-02 -1.531878113746643066e-01
3.712119177463832106e-32 1.312185171991586685e-02 1.259480565786361694e-01 1.620717346668243408e-02
-5.216217610865514460e-33 3.372191786766052246e-01 -1.788661256432533264e-02 -5.915085598826408386e-02
-2.542791543474355245e-33 1.492188777774572372e-02 -7.426118254661560059e-01 -1.086691543459892273e-01
-1.893216818224614708e-32 2.514256909489631653e-02 2.155818939208984375e-01 5.315481498837471008e-02
6.469925021156098322e-32 1.449880655854940414e-02 -8.687521517276763916e-02 -1.235232781618833542e-02
-1.590176431697742928e-33 1.247761026024818420e-02 1.971259415149688721e-01 2.412102930247783661e-02
-1.330424947071046560e-32 1.651149988174438477e-02 2.933931909501552582e-02 4.750696010887622833e-03
-5.489259455027798390e-32 7.833889871835708618e-02 2.445928752422332764e-02 1.879065670073032379e-02
-1.657654582880742446e-33 3.407026082277297974e-02 -8.029013872146606445e-01 -2.682614922523498535e-01
-1.754565092227416568e-33 9.382603317499160767e-02 -2.757497429847717285e-01 -2.537226080894470215e-01
8.324023738374048947e-33 4.150589108467102051e-01 -8.904828876256942749e-02 -3.624565899372100830e-01
-3.901067845541418895e-32 2.150479331612586975e-02 1.129265874624252319e-01 2.381508611142635345e-02
1.182457905888161813e-32 3.212158977985382080e-01 -6.045216321945190430e-01 -1.904274582862854004e+00
-6.452892401886271081e-33 8.216382265090942383e-01 1.738415807485580444e-01 1.400731682777404785e+00
-2.429052987609095424e-32 7.243521511554718018e-02 -1.113320887088775635e-01 -7.908438891172409058e-02
7.716592028437622872e-32 8.920921385288238525e-02 -1.428150385618209839e-01 -1.249408200383186340e-01
6.217458221958241522e-32 4.897078573703765869e-01 -1.978400535881519318e-02 -9.501057863235473633e-02
-5.576407079714710319e-32 1.747341267764568329e-02 -2.933157682418823242e-01 -5.026131123304367065e-02
-5.151287711029906882e-33 3.914455771446228027e-01 5.403103828430175781e-01 2.074127197265625000e+00
6.306781392814937800e-33 6.453681737184524536e-02 4.140816330909729004e-01 2.620681226253509521e-01
-1.629313781424401727e-33 7.873206734657287598e-01 -1.021322160959243774e-01 -7.885606288909912109e-01
9.307872249330787927e-32 4.293855652213096619e-02 1.804329268634319305e-02 7.597730960696935654e-03
-8.145685082306984125e-33 1.186037659645080566e-01 6.932172775268554688e-01 8.062849640846252441e-01
-5.680142692933250958e-32 2.881427295506000519e-02 9.813168644905090332e-02 2.772921696305274963e-02
1.093042532193322912e-32 8.830134272575378418e-01 1.143873333930969238e-01 9.905260801315307617e-01
4.493524786005925996e-33 4.137170314788818359e-01 1.182479262351989746e-01 4.797528982162475586e-01
3.385618054278058332e-33 3.073269724845886230e-01 -1.298685092478990555e-02 -3.914039582014083862e-02
1.847107611503228923e-32 1.159268394112586975e-01 -1.076250988990068436e-02 -1.223540212959051132e-02
6.930687509141344382e-33 3.200103640556335449e-01 1.454786770045757294e-02 4.565455019474029541e-02
-4.503045849437204967e-32 1.143572013825178146e-02 1.887342333793640137e-02 2.116580726578831673e-03
1.343487095398681513e-33 9.973284006118774414e-01 6.385368853807449341e-02 6.245177984237670898e-01
2.286832424028602356e-33 5.459405854344367981e-02 4.506154060363769531e-01 2.412526458501815796e-01
-1.885089964561807897e-33 7.723917812108993530e-02 -3.799466788768768311e-01 -2.877934873104095459e-01
-1.189331480534900518e-33 2.937650084495544434e-01 -3.394550681114196777e-01 -9.779193401336669922e-01
7.346121171717356802e-33 2.668015062808990479e-01 2.912275493144989014e-02 7.619761675596237183e-02
-1.994656690975999420e-33 7.720040082931518555e-01 3.444716334342956543e-01 2.607916593551635742e+00
4.770888922896183477e-33 2.271390259265899658e-01 -1.830428391695022583e-01 -4.077229499816894531e-01
-8.131824534542850828e-33 8.404315263032913208e-02 7.961869984865188599e-02 6.562028080224990845e-02
2.434560839858270178e-33 8.717932552099227905e-02 1.213927008211612701e-02 1.037831325083971024e-02
-3.021803471053521929e-33 2.167466133832931519e-01 2.354576066136360168e-02 5.004788190126419067e-02
4.369729802500984579e-33 4.752200841903686523e-02 2.411004155874252319e-01 1.123604401946067810e-01
3.342390351552522605e-33 4.020262360572814941e-01 -8.588403463363647461e-02 -3.386004269123077393e-01
1.598585183599556309e-32 6.812632083892822266e-01 -1.340373307466506958e-01 -8.954913616180419922e-01
8.525403553085169131e-33 1.583904922008514404e-01 -5.210954546928405762e-01 -8.094071745872497559e-01
2.322258885026509045e-33 3.067091666162014008e-02 1.069124508649110794e-02 3.215701319277286530e-03
-1.390279668414078144e-33 1.253616157919168472e-02 -1.112658903002738953e-02 -1.367877819575369358e-03
-1.647791524061771117e-32 1.323779523372650146e-01 4.253142774105072021e-01 5.521362423896789551e-01
-1.002145851945455613e-33 1.885008215904235840e-01 1.021223235875368118e-02 1.887794025242328644e-02
-7.877278579711977107e-33 2.379935979843139648e-02 -6.631629467010498047e-01 -1.547769308090209961e-01
-3.943876998809664961e-32 7.291505932807922363e-01 -4.706096053123474121e-01 -3.365105628967285156e+00
1.403384410044831173e-33 1.550975535064935684e-02 -4.570218026638031006e-01 -6.951244175434112549e-02
-8.023434845315817047e-32 1.352539509534835815e-01 1.802922226488590240e-02 2.391374856233596802e-02
1.570597838600828465e-32 1.318422425538301468e-02 -1.923918724060058594e-01 -2.487493492662906647e-02
-9.378623491065255179e-32 4.607399553060531616e-02 4.620342701673507690e-02 2.087616547942161560e-02
1.366987523359022991e-32 6.148936748504638672e-01 -6.279781460762023926e-01 -3.786737680435180664e+00
-4.460668616874489165e-33 2.071675099432468414e-02 3.148192763328552246e-01 6.395928561687469482e-02
-1.695906271082453578e-32 1.450654119253158569e-02 1.133761256933212280e-01 1.612895354628562927e-02
3.097693570013601126e-33 1.678559780120849609e-01 -4.108268320560455322e-01 -6.762640476226806641e-01
-1.446086685162648570e-32 8.034746646881103516e-01 1.397700421512126923e-02 1.101303324103355408e-01
3.672062150344448720e-33 8.510128408670425415e-02 -1.736638844013214111e-01 -1.449326574802398682e-01
-9.238466360880836784e-32 1.697078794240951538e-01 -2.843930944800376892e-02 -4.733056947588920593e-02
-2.381042235104262272e-33 2.717892229557037354e-01 3.051124215126037598e-01 8.132289052009582520e-01
2.464813840015612591e-33 6.934238672256469727e-01 -1.171984225511550903e-01 -7.969686388969421387e-01
-8.483319973704968122e-32 9.462888538837432861e-02 4.572517797350883484e-02 4.243261367082595825e-02
-1.877343971068667507e-32 1.396669074892997742e-02 1.524096876382827759e-01 2.087501436471939087e-02
1.121716880171709456e-32 2.235955558717250824e-02 2.610535919666290283e-02 5.724183283746242523e-03
-1.391601915887760901e-33 4.664856195449829102e-02 -3.153621777892112732e-02 -1.442675106227397919e-02
3.913898072507056457e-33 4.946126341819763184e-01 3.127983808517456055e-01 1.517226338386535645e+00
2.053904361322327450e-33 4.303004145622253418e-01 6.469292640686035156e-01 2.729915618896484375e+00
8.650458225723810482e-32 3.412216529250144958e-02 2.135502733290195465e-02 7.145907264202833176e-03
6.518768574674290601e-33 3.206458315253257751e-02 4.122248664498329163e-02 1.296225190162658691e-02
5.342955664882930253e-32 2.552714012563228607e-02 -1.103813853114843369e-02 -2.763240365311503410e-03
6.708148796115423022e-33 1.604359410703182220e-02 1.066151261329650879e-02 1.677417429164052010e-03
-3.203646753324968011e-32 5.022875964641571045e-02 2.283672839403152466e-01 1.124882102012634277e-01
-3.382713628142367239e-32 4.746386781334877014e-02 7.477483153343200684e-02 3.480480983853340149e-02
-5.449865112848691069e-33 8.876611292362213135e-02 4.180670902132987976e-02 3.639266639947891235e-02
-1.144362411498316193e-32 3.790144920349121094e-01 1.343986019492149353e-02 4.995410889387130737e-02
-2.622205921434993513e-33 3.377451598644256592e-01 -4.710683226585388184e-02 -1.560248285531997681e-01
-5.356034582372163656e-33 4.423753917217254639e-02 1.327403634786605835e-02 5.758570041507482529e-03
-5.123888774422162520e-32 2.315922379493713379e-01 -1.331900432705879211e-02 -3.024937584996223450e-02
-1.258302601378940499e-33 2.166712097823619843e-02 -1.360503137111663818e-01 -2.890822663903236389e-02
-2.686774356757723238e-33 7.165209949016571045e-02 4.705065190792083740e-01 3.306094408035278320e-01
-1.741431550985068392e-32 2.768630534410476685e-02 3.328022062778472900e-01 9.035909175872802734e-02
-2.739824600481325389e-32 1.406697556376457214e-02 -2.358568608760833740e-01 -3.253643214702606201e-02
-2.065118173352988978e-32 1.447574347257614136e-01 -6.824959814548492432e-02 -9.688613563776016235e-02
8.549211134045960625e-32 6.428083181381225586e-01 9.099247455596923828e-01 5.735980033874511719e+00
3.494759398674046040e-33 6.404403597116470337e-02 2.344302088022232056e-01 1.472356468439102173e-01
7.728412211882316384e-32 3.762279152870178223e-01 -1.715530827641487122e-02 -6.329511851072311401e-02
-4.418581878353220320e-32 1.376676652580499649e-02 -5.637762695550918579e-02 -7.611310109496116638e-03
7.763963863028585647e-32 1.360221654176712036e-01 3.149607181549072266e-01 4.201329350471496582e-01
-6.340084617141671733e-33 6.789997965097427368e-02 -5.385560393333435059e-01 -3.586090207099914551e-01
-1.833894614189604853e-32 7.101077437400817871e-01 -1.691126450896263123e-02 -1.177662983536720276e-01
9.337681610573290316e-32 3.121024370193481445e-01 8.879176527261734009e-02 2.717631459236145020e-01
4.362506022373196990e-33 1.616042666137218475e-02 2.357235737144947052e-02 3.735738573595881462e-03
1.136309797650603502e-33 3.037075102329254150e-01 1.650440692901611328e-02 4.915595427155494690e-02
2.509809192371197333e-33 9.612537622451782227e-01 -4.677458107471466064e-01 -4.409289836883544922e+00
1.363856483953012438e-33 5.903928279876708984e-01 -2.684543728828430176e-01 -1.554290771484375000e+00
-7.970551117713848565e-33 1.151009723544120789e-01 -1.265467405319213867e-01 -1.428402662277221680e-01
-1.419465264599576225e-33 1.273046880960464478e-01 -2.048108354210853577e-02 -2.556925080716609955e-02
2.945981330360599645e-33 3.500659763813018799e-01 2.272692918777465820e-01 7.802096605300903320e-01
2.773087233518757490e-33 3.362046778202056885e-01 -7.948314398527145386e-02 -2.620592415332794189e-01
-1.866123583616481068e-32 2.630905434489250183e-02 4.960269108414649963e-02 1.279767788946628571e-02
-1.134024471328711891e-33 1.230876445770263672e-01 1.017557084560394287e-01 1.228270232677459717e-01
3.232158074930574889e-32 1.956335306167602539e-01 1.340482663363218307e-02 2.571728825569152832e-02
-5.247363876526886422e-32 6.237631440162658691e-01 -8.915496468544006348e-01 -5.453632831573486328e+00
-3.914946833873180717e-33 9.104864001274108887e-01 -3.754942119121551514e-01 -3.352720737457275391e+00
5.723402280943052740e-33 8.443292975425720215e-02 -9.757584333419799805e-01 -8.079320192337036133e-01
-4.999850610523394742e-32 7.529129981994628906e-01 2.201944291591644287e-01 1.625817537307739258e+00
6.422200538259888860e-32 1.488489937037229538e-02 1.541656721383333206e-02 2.250371733680367470e-03
-1.039434553134454049e-32 2.830577194690704346e-01 8.868025988340377808e-02 2.461629062891006470e-01
6.298714562832419852e-33 1.387010216712951660e-01 2.010180801153182983e-02 2.734232507646083832e-02
-1.091690052474304944e-33 2.384398579597473145e-01 -2.982055544853210449e-01 -6.972929239273071289e-01
9.833660293004439729e-32 4.726204574108123779e-01 1.122650206089019775e-01 5.203285217285156250e-01
1.025102613768541782e-33 1.805384270846843719e-02 -5.910201743245124817e-02 -1.046387758105993271e-02
-5.949170664697858334e-33 1.030362322926521301e-01 1.336124353110790253e-02 1.350073888897895813e-02
-6.518285446496102641e-32 3.269780576229095459e-01 -3.771797418594360352e-01 -1.209449291229248047e+00
4.434590935917069054e-32 5.265944004058837891e-01 -1.009512469172477722e-01 -5.213250517845153809e-01
1.415266453879736708e-33 1.417079754173755646e-02 2.359143458306789398e-02 3.278455697000026703e-03
8.015042991145296736e-32 1.015699580311775208e-01 1.394415348768234253e-01 1.388922929763793945e-01
1.081531871104880294e-32 1.273594610393047333e-02 -7.992286682128906250e-01 -9.982123225927352905e-02
3.049674625782510681e-33 4.531472027301788330e-01 1.103939488530158997e-02 4.905747994780540466e-02
-7.749361872202671192e-32 8.646883368492126465e-01 -4.783608764410018921e-02 -4.056354761123657227e-01
5.120846007295059029e-32 1.158089097589254379e-02 -3.498954176902770996e-01 -3.973753377795219421e-02
-2.005219536275694643e-32 1.312712430953979492e-01 1.877363398671150208e-02 2.416788414120674133e-02
1.880480924680630634e-33 3.159204125404357910e-01 -2.139900028705596924e-01 -6.629669070243835449e-01
-1.338339697471926874e-32 6.771391034126281738e-01 1.883436366915702820e-02 1.250689476728439331e-01
-1.325919718034726290e-32 3.848204389214515686e-02 1.189586743712425232e-01 4.489261284470558167e-02
-4.753374057068931393e-33 1.380658596754074097e-01 7.985160946846008301e-01 1.081161618232727051e+00
-1.632641312057991917e-32 8.679454773664474487e-02 2.083291113376617432e-02 1.773221977055072784e-02
-2.815189951416357825e-33 2.295582443475723267e-01 -4.839650541543960571e-02 -1.089500859379768372e-01
-8.384126764531592507e-33 1.350878644734621048e-02 9.768971800804138184e-01 1.294153779745101929e-01
-1.535137398469343319e-33 9.796606004238128662e-02 4.013022035360336304e-02 3.855386003851890564e-02
9.813694521455723176e-32 9.976738095283508301e-01 1.823025345802307129e-01 1.783618569374084473e+00
3.798410160642582293e-33 2.109523490071296692e-02 -1.607607156038284302e-01 -3.325714915990829468e-02
1.551350220632067403e-33 2.096206694841384888e-02 1.077654659748077393e-01 2.215309254825115204e-02
5.049935118734070725e-33 2.051979862153530121e-02 -2.015831768512725830e-01 -4.056467860937118530e-02
-8.612536777966283487e-32 3.666419684886932373e-01 1.544703245162963867e-01 5.554025769233703613e-01
5.396115045910166561e-32 2.160967588424682617e-01 -2.489676624536514282e-01 -5.276085734367370605e-01
-1.075150479616250727e-33 5.496579781174659729e-02 -3.721969574689865112e-02 -2.006254531443119049e-02
1.065440896278458632e-32 1.416910532861948013e-02 3.003318011760711670e-01 4.173154011368751526e-02
-4.437953143634008502e-32 1.830640435218811035e-01 5.062966346740722656e-01 9.089265465736389160e-01
1.096919349296533279e-33 2.420210838317871094e-01 3.378743827342987061e-01 8.019164800643920898e-01
1.122586819459714875e-33 6.181314587593078613e-01 -2.350207976996898651e-02 -1.424648761749267578e-01
-2.083436085492845000e-33 6.059576869010925293e-01 -6.794359683990478516e-01 -4.037490367889404297e+00
-6.181418740656381010e-32 1.109594926238059998e-01 -3.013190925121307373e-01 -3.278776109218597412e-01
-7.889277438297995607e-33 2.639700472354888916e-01 2.313041687011718750e-01 5.987682938575744629e-01
8.232257302509168544e-33 1.858730800449848175e-02 9.940373897552490234e-01 1.811923533678054810e-01
-7.647454740446834621e-33 4.474690929055213928e-02 -7.381757348775863647e-02 -3.239242732524871826e-02
3.237996167623933779e-32 1.077851653099060059e-02 -8.443977683782577515e-02 -8.925381116569042206e-03
-1.344845911766934383e-32 1.259314715862274170e-01 8.809131979942321777e-01 1.087897777557373047e+00
-1.173079995628293919e-33 9.151358604431152344e-01 -5.671942234039306641e-02 -5.090237259864807129e-01
1.565952872673554196e-32 1.303830146789550781e-01 -1.444462835788726807e-01 -1.846919804811477661e-01
3.297143516874258820e-32 2.085287868976593018e-02 4.592091143131256104e-01 9.390683472156524658e-02
-3.628935099322702151e-33 3.545590862631797791e-02 -4.060625284910202026e-02 -1.411894336342811584e-02
-5.545926511197888404e-33 1.416419539600610733e-02 1.723871082067489624e-01 2.394513972103595734e-02
-9.374325295971473485e-32 9.864483028650283813e-02 -1.399501133710145950e-02 -1.353842858225107193e-02
-1.634541645612889997e-32 3.360268473625183105e-01 5.086363106966018677e-02 1.676108092069625854e-01
2.921728861522220377e-33 5.619182586669921875e-01 -1.399790942668914795e-01 -7.713598012924194336e-01
2.250480261229423114e-33 1.165892705321311951e-01 -1.141401007771492004e-02 -1.305021066218614578e-02
8.401685711397000427e-33 1.145148370414972305e-02 -1.535374671220779419e-01 -1.724236458539962769e-02
6.746283743034418115e-32 1.674197986721992493e-02 5.119959712028503418e-01 8.406089991331100464e-02
1.928797415919272971e-33 1.728592962026596069e-01 4.638169109821319580e-01 7.862487435340881348e-01
-3.255774050312182350e-32 2.825013361871242523e-02 -2.439183294773101807e-01 -6.757493317127227783e-02
-3.450412037579352084e-33 6.535968184471130371e-01 9.967952966690063477e-01 6.389053821563720703e+00
-1.744020577292754481e-32 1.223903074860572815e-01 8.773089945316314697e-02 1.052980348467826843e-01
-3.821556379094242398e-33 4.571697711944580078e-01 -3.273167088627815247e-02 -1.467460393905639648e-01
1.715621662334444984e-32 1.892973482608795166e-01 1.877332106232643127e-02 3.485028445720672607e-02
6.467245922593780476e-33 2.106012850999832153e-01 6.274384260177612305e-01 1.295844197273254395e+00
3.624751074117744072e-33 3.829084336757659912e-02 -2.323540672659873962e-02 -8.725008927285671234e-03
3.727335951835226618e-32 1.210867054760456085e-02 2.093461602926254272e-01 2.485891245305538177e-02
-2.650533314908895166e-33 6.081757694482803345e-02 7.612200081348419189e-02 4.540043324232101440e-02
5.062247026159392585e-32 3.770056739449501038e-02 3.439234569668769836e-02 1.271540950983762741e-02
1.062061809197325345e-33 2.500630617141723633e-01 2.671219035983085632e-02 6.550579518079757690e-02
3.084489535844402076e-32 5.680646300315856934e-01 4.621621221303939819e-02 2.574617862701416016e-01
-9.258948027512770469e-33 8.030547201633453369e-02 3.521644175052642822e-01 2.773392200469970703e-01
-8.279215950835817286e-32 5.438128486275672913e-02 8.403608798980712891e-01 4.481629729270935059e-01
3.906097491994999757e-32 6.616029143333435059e-02 -5.301628708839416504e-01 -3.439753949642181396e-01
-6.984399519450261017e-33 4.443388059735298157e-02 -8.798099756240844727e-01 -3.833750188350677490e-01
1.255443835851939159e-32 1.255355868488550186e-02 4.554938375949859619e-01 5.607509613037109375e-02
2.115181963475731718e-33 2.129966914653778076e-01 1.907304227352142334e-01 3.983946740627288818e-01
-1.923624506091685642e-33 7.000450789928436279e-02 4.082933068275451660e-01 2.802973091602325439e-01
-1.140027390370575144e-33 3.631417155265808105e-01 -2.794785797595977783e-02 -9.952801465988159180e-02
-1.918475253087908611e-32 2.313373237848281860e-01 1.430224813520908356e-02 3.244671225547790527e-02
-5.682434319170179008e-32 1.502710673958063126e-02 6.942428648471832275e-02 1.023075077682733536e-02
-2.330862585319566610e-33 2.400514632463455200e-01 -5.776230990886688232e-02 -1.359782963991165161e-01
-4.466487681253044120e-32 5.393359661102294922e-01 -3.692066073417663574e-01 -1.952763080596923828e+00
3.500347404944267489e-32 1.009511481970548630e-02 2.046609967947006226e-01 2.026128582656383514e-02
2.770758652678175465e-33 9.813908487558364868e-02 -1.143677979707717896e-01 -1.100693568587303162e-01
2.323164897297405323e-32 4.689421877264976501e-02 2.972203865647315979e-02 1.366842724382877350e-02
4.925731283600233931e-33 2.122120186686515808e-02 2.910246141254901886e-02 6.056481506675481796e-03
2.094712419129290888e-32 2.057865709066390991e-01 -1.642806828022003174e-02 -3.315310552716255188e-02
2.879182394507184629e-32 8.028125166893005371e-01 -1.826949417591094971e-02 -1.438339203596115112e-01
2.094513834052398848e-33 1.456188317388296127e-02 -7.912994176149368286e-02 -1.130001619458198547e-02
-6.934666704455671678e-32 1.366344839334487915e-01 -5.413110554218292236e-02 -7.253170013427734375e-02
-1.098563663855242112e-33 4.964916035532951355e-02 2.637709081172943115e-01 1.284279227256774902e-01
3.511115227071387348e-32 2.606188319623470306e-02 1.974565833806991577e-01 5.046590790152549744e-02
3.489639533029039567e-32 8.332173824310302734e-01 -6.352189928293228149e-02 -5.190419554710388184e-01
-6.968524468242406025e-32 6.816373020410537720e-02 -2.518763542175292969e-01 -1.683687269687652588e-01
2.789262219457064482e-33 3.309495449066162109e-01 -2.742519788444042206e-02 -8.900865167379379272e-02
-2.338998806202981536e-32 8.513455390930175781e-01 1.979125887155532837e-01 1.652342081069946289e+00
-1.564737999261979362e-33 1.523663476109504700e-02 1.265965551137924194e-01 1.891610026359558105e-02
-6.348050795420400523e-33 3.931358158588409424e-01 3.226490691304206848e-02 1.243923529982566833e-01
2.793469166801863596e-32 1.342258453369140625e-01 2.290389537811279297e-01 3.014853298664093018e-01
6.616198836195020490e-32 2.538322284817695618e-02 -6.075882315635681152e-01 -1.512435376644134521e-01
2.534545671008527677e-32 4.374489560723304749e-02 -5.061677470803260803e-02 -2.171413414180278778e-02
1.153184276196046681e-32 4.652837291359901428e-02 -3.372930735349655151e-02 -1.539026107639074326e-02
-1.741208500931999863e-32 1.891669072210788727e-02 8.461918234825134277e-01 1.569765210151672363e-01
-1.965492676132098467e-32 5.711578726768493652e-01 1.053049340844154358e-01 5.898282527923583984e-01
-2.940846771036207893e-32 1.522702723741531372e-01 -7.272084057331085205e-02 -1.085912212729454041e-01
-3.246893925175689232e-33 3.837781772017478943e-02 3.417478203773498535e-01 1.286194622516632080e-01
-1.266386218890156128e-32 8.979967236518859863e-01 3.324314057826995850e-01 2.927503824234008789e+00
-2.764285462427586370e-32 7.153049111366271973e-01 9.353526681661605835e-02 6.561260223388671875e-01
4.163231297639208744e-32 3.590743839740753174e-01 -8.220297098159790039e-02 -2.894627153873443604e-01
-1.922522186264202042e-32 3.861875087022781372e-02 1.631796509027481079e-01 6.179948896169662476e-02
6.850301327960362250e-33 2.175193466246128082e-02 2.201266773045063019e-02 4.695601761341094971e-03
9.814542052882666045e-32 7.817524671554565430e-01 -4.119028523564338684e-02 -3.157801032066345215e-01
1.941752979970066960e-32 9.367454051971435547e-02 5.806603431701660156e-01 5.334140062332153320e-01
-1.146090829004406514e-33 2.545579150319099426e-02 -2.732515633106231689e-01 -6.821344047784805298e-02
-9.533425958429774602e-33 1.613249331712722778e-01 6.036968529224395752e-02 9.550829231739044189e-02
-4.747246425423285588e-33 7.482851296663284302e-02 2.112518437206745148e-02 1.550201885402202606e-02
-4.821806415791210904e-32 1.260869950056076050e-01 7.317305356264114380e-02 9.047782421112060547e-02
4.337155384671760464e-33 2.189347520470619202e-02 -7.064456492662429810e-02 -1.516750454902648926e-02
-3.016615904280747784e-32 1.036869827657938004e-02 4.179816842079162598e-01 4.250129684805870056e-02
-1.342758105230179379e-33 6.635288894176483154e-02 -1.605073064565658569e-01 -1.044420376420021057e-01
7.739453630319590130e-32 7.966999411582946777e-01 -1.165975630283355713e-02 -9.109717607498168945e-02
2.925334690443367744e-33 1.557722501456737518e-02 6.070600077509880066e-02 9.273472242057323456e-03
3.132572324112421556e-33 4.190116226673126221e-01 -9.280750751495361328e-01 -3.813553810119628906e+00
-4.515703058328080874e-33 1.714825183153152466e-01 -1.067586615681648254e-02 -1.795327477157115936e-02
-6.602528424642132698e-32 2.893661335110664368e-02 1.118584163486957550e-02 3.174219978973269463e-03
-9.368569487882672154e-33 7.600304484367370605e-02 -8.615481853485107422e-02 -6.421422213315963745e-02
1.397177010087222537e-32 1.608028449118137360e-02 3.098196983337402344e-01 4.885662347078323364e-02
4.269039013524661370e-32 3.987716883420944214e-02 1.588486507534980774e-02 6.211957894265651703e-03
-2.880704659691499491e-32 1.824577003717422485e-01 1.629757136106491089e-02 2.916122600436210632e-02
-2.495316449051512424e-33 1.284042149782180786e-01 -8.638801425695419312e-02 -1.087810993194580078e-01
4.366937121797018530e-32 2.227759659290313721e-01 2.748413197696208954e-02 6.004419177770614624e-02
-3.367950594590390130e-32 8.955371379852294922e-02 -2.190650627017021179e-02 -1.923877373337745667e-02
5.548539047392590938e-33 5.113828182220458984e-02 -1.417969074100255966e-02 -7.111047394573688507e-03
1.286766737906621401e-33 1.312858611345291138e-01 8.436894416809082031e-02 1.086228713393211365e-01
8.976456163859035390e-33 2.420721016824245453e-02 -1.573034673929214478e-01 -3.734252974390983582e-02
3.798724017634251844e-32 7.633820921182632446e-02 -8.132243901491165161e-02 -6.087977439165115356e-02
-2.766956663137234629e-33 3.116715326905250549e-02 -1.464423239231109619e-01 -4.475941509008407593e-02
8.088449086871096124e-32 5.966398715972900391e-01 -7.229432463645935059e-02 -4.229968786239624023e-01
-4.498017378477974926e-32 1.896975934505462646e-02 -7.219665497541427612e-02 -1.343072857707738876e-02
8.237803872603523508e-32 5.079993009567260742e-01 4.206790775060653687e-02 2.095726877450942993e-01
1.958271320461409449e-32 9.144521355628967285e-01 1.015786826610565186e-02 9.109283238649368286e-02
-4.035466522774746609e-32 2.688168585300445557e-01 -5.159792304039001465e-01 -1.360220789909362793e+00
-1.815968141668572652e-33 3.179974481463432312e-02 2.950955927371978760e-01 9.202525019645690918e-02
-5.910777035553285412e-32 8.993499279022216797e-01 -1.855480112135410309e-02 -1.636461019515991211e-01
2.982341133873059231e-32 1.287909224629402161e-02 2.144976705312728882e-02 2.709121676161885262e-03
-4.170642201773967855e-32 5.059996619820594788e-02 -3.410498499870300293e-01 -1.692344397306442261e-01
1.819150608952431680e-33 1.124834865331649780e-01 9.404288977384567261e-02 1.037374138832092285e-01
-4.621693783990277145e-32 7.474687695503234863e-01 1.025530602782964706e-02 7.517307996749877930e-02
-4.846659819382249602e-33 3.914227187633514404e-01 5.323861911892890930e-02 2.043588757514953613e-01
-4.457929494631882455e-32 6.275510042905807495e-02 -3.416631370782852173e-02 -2.102654054760932922e-02
-1.295052503711980001e-33 6.224505901336669922e-01 -2.381409890949726105e-02 -1.453649401664733887e-01
-1.470988467693063298e-33 4.136947691440582275e-01 -1.052500158548355103e-01 -4.269950687885284424e-01
-1.312661904998977121e-32 1.423614770174026489e-01 -1.339908502995967865e-02 -1.870631799101829529e-02
-1.034485648449095292e-32 3.307048603892326355e-02 -2.176138013601303101e-02 -7.057447917759418488e-03
2.590630563601372953e-32 2.683622539043426514e-01 2.626128494739532471e-02 6.911273300647735596e-02
-4.433950879243046318e-32 1.459444127976894379e-02 -1.717005670070648193e-01 -2.457422763109207153e-02
1.477497400318757083e-33 1.705968752503395081e-02 1.186353564262390137e-01 1.984750293195247650e-02
-1.241414604648462864e-33 1.167991198599338531e-02 -7.698994874954223633e-01 -8.818490803241729736e-02
2.306456567531611182e-32 3.057218156754970551e-02 -1.685122847557067871e-01 -5.052178725600242615e-02
6.619762935066713666e-32 4.282937347888946533e-01 2.000451534986495972e-01 8.402150273323059082e-01
-2.645009777156976627e-33 8.028898388147354126e-02 -5.418898463249206543e-01 -4.266656041145324707e-01
3.426968345588537014e-32 5.919462069869041443e-02 -1.769557408988475800e-02 -1.027229707688093185e-02
4.830122083234118545e-33 2.691136598587036133e-01 -5.739374831318855286e-02 -1.514680385589599609e-01
2.405932042285977998e-33 1.441923435777425766e-02 5.411416292190551758e-02 7.651979569345712662e-03
8.758986917157828998e-32 6.333406567573547363e-01 -7.086853384971618652e-01 -4.401609420776367188e+00
-8.777234703712818779e-32 2.053222618997097015e-02 -1.494827866554260254e-01 -3.009871207177639008e-02
7.510192999785285372e-33 1.765814274549484253e-01 3.407674655318260193e-02 5.900975689291954041e-02
-5.848672509858276128e-33 6.266053915023803711e-01 -1.290525645017623901e-01 -7.930151224136352539e-01
-1.188516256835506030e-32 2.862804569303989410e-02 1.969441771507263184e-01 5.529113858938217163e-02
1.009369595339044739e-32 4.642300605773925781e-01 2.020968049764633179e-01 9.200541973114013672e-01
1.383933009110095529e-32 1.308185160160064697e-01 -2.284682989120483398e-01 -2.931000292301177979e-01
2.283824333984848122e-32 1.429959237575531006e-01 -1.262379717081785202e-02 -1.770248822867870331e-02
8.255245857781024610e-32 2.674082219600677490e-01 -2.558466494083404541e-01 -6.709268689155578613e-01
-1.076263617665181738e-33 5.638385564088821411e-02 3.152995109558105469e-01 1.743406802415847778e-01
-7.500454469899104279e-32 3.007842600345611572e-02 -9.603749215602874756e-02 -2.832804620265960693e-02
-1.780048303651106770e-32 9.512388706207275391e-02 -1.197636500000953674e-02 -1.117211207747459412e-02
-1.143409416187585486e-33 6.729559600353240967e-02 1.868196278810501099e-01 1.232905536890029907e-01
1.626403330880162669e-33 6.617122888565063477e-02 6.287986636161804199e-01 4.080388545989990234e-01
6.351064469062321162e-33 2.567707002162933350e-02 2.763624489307403564e-01 6.958972662687301636e-02
1.668649789696349492e-32 7.855633646249771118e-02 -3.995039761066436768e-01 -3.077676892280578613e-01
-2.314463704441626435e-33 1.635824739933013916e-01 -6.923487037420272827e-02 -1.110663115978240967e-01
9.451374248690471142e-33 2.167835645377635956e-02 6.040461659431457520e-01 1.284154206514358521e-01
2.113892519641276595e-32 7.255085557699203491e-02 -8.305275440216064453e-02 -5.909044295549392700e-02
1.169953217389305097e-32 8.270837664604187012e-01 -4.587342962622642517e-02 -3.720757663249969482e-01
-1.057996251782411074e-33 4.291284084320068359e-02 3.145489692687988281e-01 1.323720216751098633e-01
3.363856715108460735e-33 3.681817948818206787e-01 7.510304450988769531e-01 2.711693286895751953e+00
-2.577383036141193479e-32 4.945282042026519775e-01 1.876711994409561157e-01 9.101424217224121094e-01
8.415482341655807762e-33 3.351026475429534912e-01 2.609527856111526489e-02 8.575519919395446777e-02
-3.716013002500930934e-32 2.107477746903896332e-02 -1.335738599300384521e-02 -2.760610776022076607e-03
-2.706781821621695519e-33 5.453109145164489746e-01 -3.030500188469886780e-02 -1.620612442493438721e-01
-2.737060425515366780e-32 2.693180739879608154e-01 -1.149372383952140808e-01 -3.035616874694824219e-01
5.916341678873284268e-33 3.994962275028228760e-01 -6.766620874404907227e-01 -2.650972604751586914e+00
-3.376061285205873135e-33 6.500883698463439941e-01 1.350755393505096436e-01 8.611320853233337402e-01
7.911669136313221656e-33 9.647519141435623169e-02 -2.806384265422821045e-01 -2.655115723609924316e-01
-1.229804118375696509e-33 2.180068194866180420e-01 -2.717636823654174805e-01 -5.810081362724304199e-01
-1.584345428704687434e-33 2.040135413408279419e-01 2.408298291265964508e-02 4.818256944417953491e-02
1.059865379635714669e-32 1.246351096779108047e-02 3.229517862200737000e-02 3.947287332266569138e-03
-4.539276348571074101e-32 1.691159419715404510e-02 1.228036731481552124e-01 2.036650851368904114e-02
3.284307412436867146e-32 7.600519657135009766e-01 -4.195092618465423584e-02 -3.126838803291320801e-01
1.569612039650870125e-32 1.225637048482894897e-01 -1.951886117458343506e-01 -2.346048802137374878e-01
8.959344639530909204e-33 9.590399265289306641e-01 1.173209026455879211e-02 1.103399470448493958e-01
1.888950508415099069e-32 2.359831184148788452e-01 3.433683887124061584e-02 7.946244627237319946e-02
-1.342160990834160120e-33 5.824912786483764648e-01 -3.363706544041633606e-02 -1.921446323394775391e-01
-3.194056776537372084e-32 2.597135677933692932e-02 -3.944610655307769775e-01 -1.004660800099372864e-01
-6.867852927986077531e-33 1.395050715655088425e-02 2.048242092132568359e-01 2.802153676748275757e-02
4.051834987736359257e-32 3.217905461788177490e-01 -4.613184928894042969e-02 -1.455776989459991455e-01
-5.957883208420962350e-32 2.043334096670150757e-01 7.529694437980651855e-01 1.508819818496704102e+00
1.754294177513750494e-33 2.804633080959320068e-01 1.501394715160131454e-02 4.129444435238838196e-02
2.450264342359302043e-33 1.035278290510177612e-01 -2.113722413778305054e-01 -2.145980298519134521e-01
1.575150969031944743e-32 1.517715454101562500e-01 -1.576231718063354492e-01 -2.346016764640808105e-01
1.472803320768137520e-32 1.492181606590747833e-02 -5.254483819007873535e-01 -7.689045369625091553e-02
4.828634568601549866e-32 5.228252708911895752e-02 5.569916591048240662e-02 2.855787798762321472e-02
-5.223587593103185571e-33 1.640887111425399780e-01 -1.049131248146295547e-02 -1.688220538198947906e-02
-2.145500974987712495e-32 5.141019821166992188e-01 -1.859295181930065155e-02 -9.373856335878372192e-02
-2.992092116652519348e-33 6.091126203536987305e-01 2.336861006915569305e-02 1.395889818668365479e-01
-7.176515703992932312e-33 1.022853050380945206e-02 -1.052965316921472549e-02 -1.056204433552920818e-03
2.213670573988384761e-33 1.756709665060043335e-01 5.893449112772941589e-02 1.015290170907974243e-01
-2.959782809533604122e-32 4.688383340835571289e-01 -1.187006011605262756e-02 -5.457536876201629639e-02
3.049846835704906146e-32 7.749395072460174561e-02 6.601651906967163086e-01 5.016965270042419434e-01
1.736628481067608526e-32 4.835992455482482910e-01 -9.019909799098968506e-02 -4.277682006359100342e-01
1.912761652593141493e-33 5.249615907669067383e-01 -1.223075762391090393e-01 -6.296533942222595215e-01
-6.744227656478036081e-33 3.060349822044372559e-01 6.085892319679260254e-01 1.826484680175781250e+00
-1.628184572163643067e-33 6.773756444454193115e-02 -2.515298873186111450e-02 -1.670859195291996002e-02
-8.198093322444044991e-32 4.976744204759597778e-02 -7.006249576807022095e-02 -3.419413045048713684e-02
1.485156003153753528e-32 1.891502737998962402e-01 2.713533639907836914e-01 5.033416152000427246e-01
-2.120004245378987837e-33 2.194383740425109863e-02 -2.583623230457305908e-01 -5.559841543436050415e-02
-9.056183039646000071e-32 8.660096675157546997e-02 1.155237480998039246e-01 9.811031818389892578e-02
2.904489318512449951e-33 4.308755397796630859e-01 -6.304176449775695801e-01 -2.663795471191406250e+00
3.358015022463652451e-32 1.106015499681234360e-02 -6.413313001394271851e-02 -6.956075783818960190e-03
9.857368691629380593e-33 5.342435836791992188e-01 1.656687073409557343e-02 8.679614961147308350e-02
4.010170472092226393e-32 4.887029156088829041e-02 -5.082357674837112427e-02 -2.435739524662494659e-02
3.516987409100920085e-32 5.003134906291961670e-02 -1.359326578676700592e-02 -6.669398862868547440e-03
-1.466345007867926020e-32 1.282336097210645676e-02 -1.826455742120742798e-01 -2.296845056116580963e-02
-5.867103893937184964e-33 3.969435691833496094e-01 -1.530192326754331589e-02 -5.956559255719184875e-02
-2.701559026752595170e-32 4.615537524223327637e-01 -4.623347893357276917e-02 -2.092664092779159546e-01
-7.249994386494894977e-33 1.120943650603294373e-01 7.772163748741149902e-01 8.543708324432373047e-01
-7.827605127182104293e-33 2.739806100726127625e-02 -3.326240926980972290e-02 -8.937050588428974152e-03
1.107522492011942629e-32 3.039346635341644287e-01 -1.504855304956436157e-01 -4.485342800617218018e-01
-3.398709461394769222e-32 1.237011626362800598e-01 2.277960628271102905e-02 2.763380296528339386e-02
1.256264955390186990e-33 2.184125483036041260e-01 2.757543027400970459e-01 5.906369090080261230e-01
1.367856066747486808e-32 6.303074210882186890e-02 4.660550653934478760e-01 2.880781590938568115e-01
1.233791064605899539e-33 2.893261909484863281e-01 4.391043633222579956e-02 1.245879828929901123e-01
-1.421144843988809726e-33 4.006959199905395508e-01 -4.974405840039253235e-02 -1.954685300588607788e-01
-2.848353291915343906e-32 1.843031123280525208e-02 -6.176420673727989197e-02 -1.116323843598365784e-02
-8.678430877043153047e-33 9.453662484884262085e-02 -2.238888293504714966e-02 -2.075645700097084045e-02
-5.339389802769710844e-32 1.915133930742740631e-02 9.860553145408630371e-01 1.851915270090103149e-01
1.284058894834006104e-32 1.086293384432792664e-01 -3.037527203559875488e-02 -3.235847130417823792e-02
1.776986140867214711e-32 3.525854647159576416e-01 -3.620902448892593384e-02 -1.251993030309677124e-01
3.056353784683882919e-32 4.548684656620025635e-01 1.862175762653350830e-02 8.306673914194107056e-02
-2.445017413121811374e-33 4.838719218969345093e-02 8.014375567436218262e-01 3.802951276302337646e-01
-1.025563627959254898e-33 5.934209823608398438e-01 6.151177883148193359e-01 3.579660892486572266e+00
-3.439622836148726644e-33 4.005463048815727234e-02 2.555754780769348145e-02 1.003904920071363449e-02
-1.158938798587901800e-33 1.660410761833190918e-01 -1.344224959611892700e-01 -2.188810557126998901e-01
-4.535219203287607902e-33 2.437845319509506226e-01 1.037887297570705414e-02 2.481287159025669098e-02
5.584027809591091209e-32 3.319997787475585938e-01 7.644373774528503418e-01 2.488859653472900391e+00
2.359544831150622741e-33 3.859024643898010254e-01 1.533148139715194702e-01 5.802062153816223145e-01
2.245328289894959807e-33 3.316821753978729248e-01 -1.077306419610977173e-01 -3.504144847393035889e-01
-5.893883124616855201e-33 5.630090236663818359e-01 -2.749408781528472900e-02 -1.518012583255767822e-01
-9.084839828677521207e-32 5.328549444675445557e-02 5.145869404077529907e-02 2.688985504209995270e-02
5.143015830751567371e-32 2.969797253608703613e-01 -8.515213727951049805e-01 -2.479950666427612305e+00
9.332415395881606468e-32 7.819470763206481934e-02 -1.299471687525510788e-02 -9.964714758098125458e-03
1.078770726710294898e-33 3.262555003166198730e-01 1.241350732743740082e-02 3.971668705344200134e-02
2.935909180483975800e-33 1.889453679323196411e-01 2.390916086733341217e-02 4.430178925395011902e-02
1.213341448562124993e-32 7.866507023572921753e-02 -1.287703402340412140e-02 -9.933869354426860809e-03
1.405513175212872641e-32 1.068490371108055115e-02 -1.337247900664806366e-02 -1.401209970936179161e-03
-1.572091157236754329e-32 5.961849093437194824e-01 -6.908373534679412842e-02 -4.039033651351928711e-01
-9.413674675491661854e-33 8.701840043067932129e-01 4.407987371087074280e-02 3.761595785617828369e-01
4.222914672313508747e-32 1.002162545919418335e-01 -2.793553471565246582e-02 -2.745464630424976349e-02
2.161128547900520933e-33 2.862936854362487793e-01 -1.259203255176544189e-02 -3.535316511988639832e-02
-3.589425999507595804e-33 7.572404295206069946e-02 -1.062367297708988190e-02 -7.889131084084510803e-03
-1.788006988153349068e-33 3.813299164175987244e-02 -8.613449335098266602e-02 -3.221058845520019531e-02
1.078126408869250432e-33 4.154933989048004150e-01 -1.865178942680358887e-01 -7.599855065345764160e-01
1.248429734528979496e-33 1.001659333705902100e-01 1.441024430096149445e-02 1.415507122874259949e-02
-6.047465281908427237e-32 3.357849121093750000e-01 -4.801830649375915527e-02 -1.581206917762756348e-01
-3.049136837117009485e-33 1.141407061368227005e-02 1.537762768566608429e-02 1.721276319585740566e-03
4.804574550228919286e-33 3.374272584915161133e-02 8.086403608322143555e-01 2.675815820693969727e-01
4.336681660448379083e-32 2.970067039132118225e-02 7.404659986495971680e-01 2.156711518764495850e-01
4.580951076322379734e-33 5.274486169219017029e-02 -2.427928335964679718e-02 -1.255846954882144928e-02
1.116251198782370451e-32 1.694002449512481689e-01 -8.218219131231307983e-02 -1.365250796079635620e-01
5.455848966841551923e-32 9.409614652395248413e-02 3.685787320137023926e-02 3.401126340031623840e-02
-6.009985232279634011e-32 1.839846931397914886e-02 -4.688801169395446777e-01 -8.459879457950592041e-02
1.510799412416941730e-32 1.359184086322784424e-01 -1.093629188835620880e-02 -1.457703020423650742e-02
-3.474913380612319507e-33 1.840677112340927124e-01 -3.392053842544555664e-01 -6.122954487800598145e-01
7.932880638000222128e-32 3.635830804705619812e-02 -5.637835711240768433e-02 -2.010188437998294830e-02
2.756890721340151065e-32 9.726266860961914062e-01 -1.005697529762983322e-02 -9.592553228139877319e-02
5.879635398400919813e-33 8.536115884780883789e-01 -3.796822130680084229e-01 -3.178346633911132812e+00
-1.638867428089717552e-33 9.635612368583679199e-01 -1.107750982046127319e-01 -1.046748042106628418e+00
-3.779617312050795604e-33 2.777569890022277832e-01 3.576092422008514404e-01 9.740794897079467773e-01
1.103634636282094071e-33 4.004485532641410828e-02 7.586205750703811646e-02 2.979147620499134064e-02
2.433815796845039627e-32 6.666769981384277344e-01 1.063291281461715698e-01 6.951658129692077637e-01
9.683131041478747027e-33 5.201255679130554199e-01 -1.145364437252283096e-02 -5.842148140072822571e-02
6.107725016156614793e-33 2.498314827680587769e-01 -9.356625676155090332e-01 -2.292382478713989258e+00
7.871944774095120977e-33 1.168981287628412247e-02 2.969825267791748047e-01 3.404545411467552185e-02
-2.070291964801339424e-32 1.560474745929241180e-02 1.055178642272949219e-01 1.614743098616600037e-02
-5.470629853213982146e-33 6.858947873115539551e-02 9.511148333549499512e-01 6.397512555122375488e-01
3.361931181893416902e-32 5.209746584296226501e-02 -4.261832311749458313e-02 -2.177377045154571533e-02
-3.857908394956627786e-32 4.754817485809326172e-01 -3.396704792976379395e-01 -1.583843708038330078e+00
3.755164017349418041e-32 3.858550190925598145e-01 -1.940459460020065308e-01 -7.342592477798461914e-01
8.304896388171056390e-32 5.605335161089897156e-02 -1.395967453718185425e-01 -7.673571258783340454e-02
-3.364751560183024201e-33 1.125362422317266464e-02 -1.633748561143875122e-01 -1.803010702133178711e-02
-2.181742310710128272e-33 8.435696959495544434e-01 3.200551271438598633e-01 2.647685766220092773e+00
-4.584526415858802648e-33 2.628700435161590576e-02 -7.372578233480453491e-02 -1.900558173656463623e-02
8.122532545573188350e-32 6.234822273254394531e-01 -4.926849156618118286e-02 -3.012409210205078125e-01
-3.596637290007905906e-33 2.763822115957736969e-02 2.758612632751464844e-01 7.476898282766342163e-02
3.636633044484252680e-32 6.229965090751647949e-01 -3.421985730528831482e-02 -2.090665251016616821e-01
1.809616100804515179e-32 2.245386876165866852e-02 2.637704089283943176e-02 5.808151792734861374e-03
-6.203111313406455503e-32 2.198089212179183960e-01 -2.272126823663711548e-01 -4.897771775722503662e-01
4.675256947327020909e-32 5.956113338470458984e-01 -3.659151792526245117e-01 -2.137292861938476562e+00
-1.510271615453422523e-32 1.284295171499252319e-01 7.343151569366455078e-01 9.248429536819458008e-01
4.880396874592833886e-33 4.420978724956512451e-01 8.939588665962219238e-01 3.875757932662963867e+00
-1.714450796492629059e-33 3.402918949723243713e-02 6.162430644035339355e-01 2.056479156017303467e-01
-9.438796459136672665e-32 8.455980569124221802e-02 1.889883726835250854e-01 1.567182987928390503e-01
4.025952071499191014e-32 1.747979409992694855e-02 1.168150305747985840e-01 2.002422511577606201e-02
4.718706157269289711e-33 3.328602015972137451e-01 5.107072368264198303e-02 1.667072772979736328e-01
2.002553808961617400e-33 2.258572280406951904e-01 -3.135262429714202881e-01 -6.944301724433898926e-01
-1.373605115743770911e-32 3.396748602390289307e-01 -2.651511318981647491e-02 -8.832376450300216675e-02
1.573094441665181151e-32 3.047056682407855988e-02 -1.288285013288259506e-02 -3.849578322842717171e-03
-2.296308928877145469e-33 7.419452071189880371e-01 -4.524725377559661865e-01 -3.292188644409179688e+00
1.863589070859314363e-32 4.601065069437026978e-02 4.499602317810058594e-02 2.030267007648944855e-02
6.411146189384756068e-32 1.631269603967666626e-01 9.499788284301757812e-02 1.519708633422851562e-01
1.806596880298626597e-33 2.336756139993667603e-02 3.658790513873100281e-02 8.384392596781253815e-03
-1.200370309211182609e-32 1.530625205487012863e-02 -4.011409282684326172e-01 -6.021248176693916321e-02
-3.173424205818151588e-32 1.931491494178771973e-01 1.116325408220291138e-01 2.114483416080474854e-01
-1.593651854214345947e-33 6.485658138990402222e-02 -3.365048766136169434e-02 -2.140257880091667175e-02
2.207984303737274261e-33 5.269216001033782959e-02 -4.733137190341949463e-01 -2.445770800113677979e-01
3.426638766359925215e-33 3.314782306551933289e-02 -7.241912186145782471e-02 -2.354121766984462738e-02
1.473217535590008524e-32 1.589348912239074707e-01 1.385882347822189331e-01 2.160062193870544434e-01
-1.362402544377839121e-33 2.960095182061195374e-02 -1.952968165278434753e-02 -5.669196601957082748e-03
7.973317055921333408e-32 5.779946595430374146e-02 -1.587379537522792816e-02 -8.997570723295211792e-03
-2.337689819774943993e-33 3.189996480941772461e-01 1.449708268046379089e-02 4.535148665308952332e-02
-6.019718325504442551e-33 7.034100294113159180e-01 3.889895975589752197e-02 2.683287560939788818e-01
1.279236227221666122e-33 2.343845069408416748e-01 -1.388502493500709534e-02 -3.191510215401649475e-02
-2.870917934536934684e-33 1.469897758215665817e-02 1.889481842517852783e-01 2.723645232617855072e-02
-2.142080727237201197e-32 2.210810594260692596e-02 2.773810327053070068e-01 6.013799831271171570e-02
2.496479821116841857e-33 7.174257934093475342e-02 -8.062102645635604858e-02 -5.672127008438110352e-02
-1.543448768011030766e-32 5.344831198453903198e-02 -1.223618462681770325e-01 -6.413582712411880493e-02
-5.694742920517639180e-32 7.289600968360900879e-01 -3.956685587763786316e-02 -2.828498482704162598e-01
5.326377961926871238e-33 1.147292274981737137e-02 7.094271779060363770e-01 7.981832325458526611e-02
2.685068787923077025e-33 1.228525396436452866e-02 1.888032257556915283e-02 2.274648053571581841e-03
-2.641451592491236026e-32 8.482462167739868164e-02 -2.034607231616973877e-01 -1.692478656768798828e-01
-1.852612157674541989e-32 1.157311573624610901e-01 -9.559258818626403809e-01 -1.084913730621337891e+00
1.162368854369402772e-32 7.858042120933532715e-01 7.747077345848083496e-01 5.969980239868164062e+00
-1.174753568976078688e-32 1.164331007748842239e-02 8.346264958381652832e-01 9.529921412467956543e-02
3.317212438052260029e-32 5.490446463227272034e-02 -3.954314440488815308e-02 -2.129116840660572052e-02
6.922157681321396305e-32 1.295087579637765884e-02 4.698226228356361389e-02 5.966967903077602386e-03
-1.341954269132308482e-33 6.079186871647834778e-02 -6.934660673141479492e-01 -4.134199023246765137e-01
-1.384287218618776901e-33 8.789472281932830811e-02 -2.919825166463851929e-02 -2.516751550137996674e-02
-9.851049968683329239e-32 5.074856057763099670e-02 2.870627343654632568e-01 1.428634822368621826e-01
1.934500032888699593e-33 2.084736526012420654e-02 -1.445601284503936768e-01 -2.955427765846252441e-02
-5.071114588200011290e-33 7.394410967826843262e-01 4.384823516011238098e-02 3.179628551006317139e-01
-8.476396311978624848e-32 4.487866163253784180e-01 6.527990102767944336e-02 2.873029410839080811e-01
1.469526483328426541e-32 5.343603491783142090e-01 2.118461020290851593e-02 1.110133975744247437e-01
-4.932327276276285492e-32 1.637314409017562866e-01 -3.993824124336242676e-01 -6.412711739540100098e-01
-1.108468856799850728e-33 9.127721786499023438e-01 5.515238270163536072e-02 4.936820566654205322e-01
-1.385608088560017289e-33 9.065268039703369141e-01 -1.231238245964050293e-01 -1.094569683074951172e+00
2.677958516468540714e-33 2.313181199133396149e-02 3.561370074748992920e-01 8.078810572624206543e-02
4.454834124132579667e-33 3.525039851665496826e-01 -3.292624652385711670e-02 -1.138221919536590576e-01
9.061360651450990689e-33 9.741254448890686035e-01 3.340492770075798035e-02 3.191141784191131592e-01
-6.140141476932447163e-33 1.021341327577829361e-02 -8.037588596343994141e-01 -8.050398528575897217e-02
7.036847726395249842e-32 1.110266000032424927e-01 -5.891402959823608398e-01 -6.414554119110107422e-01
8.123427684521339522e-32 3.823944181203842163e-02 -2.684841305017471313e-02 -1.006817631423473358e-02
3.314820968263909011e-33 4.595043510198593140e-02 -8.668581396341323853e-02 -3.906234726309776306e-02
-2.650970745744194910e-32 6.524287164211273193e-02 -6.307735294103622437e-02 -4.035777226090431213e-02
-1.924573864716768492e-32 3.481023758649826050e-02 -8.370020985603332520e-01 -2.857289314270019531e-01
9.490134999414485250e-32 4.282813891768455505e-02 1.889034546911716461e-02 7.933955639600753784e-03
-3.430874219442731769e-32 1.259042918682098389e-01 6.016625761985778809e-01 7.428724169731140137e-01
5.781754187859855724e-33 4.306238889694213867e-01 -1.312042027711868286e-01 -5.540724396705627441e-01
2.548207817366761251e-33 4.183305799961090088e-01 -1.767439991235733032e-01 -7.250783443450927734e-01
-1.403881882927519012e-32 1.565067097544670105e-02 7.383363842964172363e-01 1.133203506469726562e-01
1.696796120306026049e-32 3.446568176150321960e-02 6.693896651268005371e-02 2.262489497661590576e-02
2.856844181484920994e-32 3.793853893876075745e-02 1.401439458131790161e-01 5.214055627584457397e-02
4.668505201649485395e-32 1.784037612378597260e-02 -1.840516924858093262e-02 -3.220064099878072739e-03
1.837104632122311277e-33 1.987450718879699707e-01 -1.881155818700790405e-01 -3.666416704654693604e-01
2.944348568707307487e-32 1.705208048224449158e-02 1.088710725307464600e-01 1.820583269000053406e-02
-1.082749242441950625e-32 1.864420995116233826e-02 -5.036728829145431519e-02 -9.209016337990760803e-03
3.834705018092158948e-32 3.501482009887695312e-01 -1.406097412109375000e-01 -4.828230440616607666e-01
1.304327943925234808e-32 9.787020832300186157e-02 -9.570112824440002441e-01 -9.185191988945007324e-01
2.012894302158014895e-33 1.375235896557569504e-02 -2.769405543804168701e-01 -3.734946995973587036e-02
-7.617108766033181857e-32 3.229062259197235107e-01 -4.669011384248733521e-02 -1.478502452373504639e-01
1.596040679140407615e-32 2.726693153381347656e-01 1.920177415013313293e-02 5.134501680731773376e-02
2.559260439734566272e-32 3.062548302114009857e-02 1.769925467669963837e-02 5.315676797181367874e-03
-5.018942475490671851e-33 4.855414628982543945e-01 1.492131315171718597e-02 7.104835659265518188e-02
4.062105869626668994e-33 6.479021906852722168e-02 -5.094973444938659668e-01 -3.237218856811523438e-01
5.274268297354919233e-33 8.010725677013397217e-02 -2.764042317867279053e-01 -2.171386927366256714e-01
-8.513351062569394364e-33 9.819449186325073242e-01 4.498431459069252014e-02 4.331804811954498291e-01
7.022596473696261986e-33 6.531031131744384766e-01 -8.775278925895690918e-02 -5.620350241661071777e-01
-1.931092752310245803e-33 7.612214684486389160e-01 8.869609236717224121e-01 6.621191978454589844e+00
-6.230041448173412552e-33 5.491958260536193848e-01 1.245156824588775635e-01 6.706129908561706543e-01
7.165583606530285039e-33 5.694299563765525818e-02 -1.781570538878440857e-02 -9.948646649718284607e-03
-7.926184287493969115e-33 6.086093932390213013e-02 8.187124133110046387e-01 4.886419177055358887e-01
-3.806815239124549354e-32 2.608070150017738342e-02 1.245175674557685852e-02 3.184715053066611290e-03
1.469573943912840991e-32 4.146763309836387634e-02 3.458191454410552979e-02 1.406303141266107559e-02
-3.915940200068022476e-32 3.071798756718635559e-02 -3.406641483306884766e-01 -1.026218533515930176e-01
5.977667366092476860e-32 5.517264604568481445e-01 -1.038187444210052490e-01 -5.617204904556274414e-01
-3.315385205552303709e-33 3.797462210059165955e-02 -7.675558328628540039e-02 -2.858407236635684967e-02
3.754892992433156578e-33 2.989825010299682617e-01 -1.368628442287445068e-02 -4.012841358780860901e-02
-1.678304859483622203e-32 5.958732962608337402e-01 -7.234414666891098022e-02 -4.227445423603057861e-01
-9.596855780536939088e-32 7.600107192993164062e-01 -4.501684010028839111e-01 -3.355176448822021484e+00
-1.640695211602650820e-32 1.485423743724822998e-01 3.880669549107551575e-02 5.652983114123344421e-02
-2.791391186663197498e-32 1.617011725902557373e-01 7.539433240890502930e-01 1.195563316345214844e+00
3.760353237161123029e-32 1.667483150959014893e-02 7.465108633041381836e-01 1.220726147294044495e-01
7.892710616486365950e-33 4.372494295239448547e-02 1.183455530554056168e-02 5.074601154774427414e-03
2.096538255729705606e-32 1.168096810579299927e-01 -2.102448418736457825e-02 -2.408379130065441132e-02
4.847527848491934935e-33 2.944011688232421875e-01 -9.291824102401733398e-01 -2.682632446289062500e+00
3.281985223346817717e-32 1.772893592715263367e-02 -4.176649451255798340e-01 -7.261583954095840454e-02
-6.944829440865705764e-33 1.765145547688007355e-02 1.074305176734924316e-02 1.859640004113316536e-03
2.769682891676180756e-33 3.993800282478332520e-02 4.255414009094238281e-01 1.666667163372039795e-01
3.590404965896639991e-32 1.289907097816467285e-01 4.958888888359069824e-02 6.272829324007034302e-02
-1.196355977636025266e-33 2.566608972847461700e-02 3.257209807634353638e-02 8.198344148695468903e-03
-1.925876128786487270e-33 5.195520073175430298e-02 4.187445640563964844e-01 2.133530527353286743e-01
-1.477813957274013679e-33 5.058878064155578613e-01 -1.073119193315505981e-01 -5.323814153671264648e-01
-1.308345324438864596e-33 2.797497212886810303e-01 -2.123177424073219299e-02 -5.824740603566169739e-02
-4.846721900177652404e-32 4.243354871869087219e-02 1.717344820499420166e-01 7.146403938531875610e-02
1.498817102587330901e-33 3.998080492019653320e-01 -4.507746547460556030e-02 -1.767387241125106812e-01
3.438030775987331709e-33 3.133629858493804932e-01 1.020331494510173798e-02 3.135520592331886292e-02
-2.109144844895099229e-32 1.011009048670530319e-02 8.115530014038085938e-02 8.046233095228672028e-03
-5.789959138428595291e-33 1.160530671477317810e-01 -5.593601241707801819e-02 -6.366031616926193237e-02
-6.998227447246158997e-32 1.673707365989685059e-01 -6.688933372497558594e-01 -1.097885489463806152e+00
4.059278805712941393e-33 6.062946841120719910e-02 -3.795516788959503174e-01 -2.256707996129989624e-01
7.130875666454318472e-33 6.422905623912811279e-02 1.560860425233840942e-01 9.831421077251434326e-02
-5.836991402088964278e-33 4.620856419205665588e-02 2.703983485698699951e-01 1.225313469767570496e-01
-7.816768538635461330e-33 8.988896757364273071e-02 4.270280599594116211e-01 3.764293491840362549e-01
2.071367395195547964e-32 5.972610116004943848e-01 1.691236905753612518e-02 9.905793517827987671e-02
-7.712379644431451204e-32 2.068981528282165527e-02 6.063199043273925781e-02 1.230209507048130035e-02
1.785174340641455061e-32 1.747637242078781128e-02 -4.496443271636962891e-02 -7.706214673817157745e-03
-3.399919338955353061e-32 1.250973194837570190e-01 3.885808587074279785e-02 4.767053946852684021e-02
3.868339437952237060e-32 2.800757884979248047e-01 -2.447125874459743500e-02 -6.721288710832595825e-02
3.478146357419065430e-33 1.014942228794097900e-01 7.344344854354858398e-01 7.309960722923278809e-01
-1.187876494035071000e-32 5.295933037996292114e-02 3.342182934284210205e-01 1.735774725675582886e-01
-1.602810057233205463e-33 3.456058725714683533e-02 -1.266530156135559082e-02 -4.292569123208522797e-03
-4.699192069424876622e-32 5.384045839309692383e-02 1.077282428741455078e-02 5.687992554157972336e-03
-6.209494541605008230e-33 1.147454418241977692e-02 -8.173522353172302246e-01 -9.197406470775604248e-02
-1.947060043090441882e-32 4.856239631772041321e-02 1.635318249464035034e-01 7.787948101758956909e-02
-6.394439475923694307e-32 1.464556436985731125e-02 9.082158207893371582e-01 1.304415166378021240e-01
6.856455040886916925e-33 7.732938975095748901e-02 1.091502979397773743e-02 8.277328684926033020e-03
2.132905663221247074e-33 2.502414211630821228e-02 -4.432241022586822510e-01 -1.087685301899909973e-01
-9.795746339023399226e-33 6.655995249748229980e-01 -8.438583612442016602e-01 -5.508117675781250000e+00
-1.813866100629913160e-32 2.778563201427459717e-01 1.705055385828018188e-01 4.646002650260925293e-01
7.612204015854375863e-32 1.179794780910015106e-02 -6.249301508069038391e-02 -7.230338174849748611e-03
-6.396942103396594957e-32 1.074089258909225464e-01 -5.677787661552429199e-01 -5.980537533760070801e-01
-1.206409925717310596e-32 9.124412387609481812e-02 -1.112433709204196930e-02 -9.954047389328479767e-03
-1.763682887627966568e-33 2.133996970951557159e-02 2.920405939221382141e-02 6.111639086157083511e-03
1.669572111951363429e-32 2.352906465530395508e-01 -3.683672100305557251e-02 -8.499752730131149292e-02
-1.542798572698232188e-32 9.171506166458129883e-01 9.814333915710449219e-02 8.827183842658996582e-01
4.679864517840259644e-33 7.303944230079650879e-02 2.760722674429416656e-02 1.977428980171680450e-02
-2.537000984833807730e-32 8.633213490247726440e-02 -5.002428889274597168e-01 -4.235201478004455566e-01
-3.634855403152221676e-32 1.942166984081268311e-01 1.236352883279323578e-02 2.354776486754417419e-02
7.703339211252864697e-33 7.049880623817443848e-01 -1.073930040001869202e-01 -7.424691915512084961e-01
2.428026927977621420e-33 2.067059092223644257e-02 -8.302742838859558105e-01 -1.683042794466018677e-01
1.091478169617569227e-32 5.839920043945312500e-01 1.194017753005027771e-01 6.838146448135375977e-01
1.356718294507644097e-33 1.619980856776237488e-02 5.430079996585845947e-02 8.626542985439300537e-03
-2.454163861197162666e-33 7.570654153823852539e-02 -6.285396218299865723e-01 -4.666451215744018555e-01
2.634548428447635216e-33 1.966563463211059570e-01 -2.549872361123561859e-02 -4.917530715465545654e-02
5.785952465933817524e-32 2.143748477101325989e-02 7.133452296257019043e-01 1.499664932489395142e-01
1.985738656146692283e-32 4.558996558189392090e-01 -1.763122342526912689e-02 -7.882652431726455688e-02
9.697250638810442786e-32 1.645459234714508057e-02 2.857179939746856689e-02 4.610472358763217926e-03
-3.670284582480814642e-33 8.536404371261596680e-02 -1.370471417903900146e-01 -1.147270053625106812e-01
-1.471563449734508481e-33 1.482365429401397705e-01 -3.614743426442146301e-02 -5.254766345024108887e-02
4.757086415165622030e-33 1.668336540460586548e-01 -3.923252224922180176e-01 -6.418751478195190430e-01
1.422823045845600857e-33 2.046231925487518311e-02 -1.965667158365249634e-01 -3.944441676139831543e-02
1.158004188743501924e-33 9.212263226509094238e-01 3.953479230403900146e-02 3.571630418300628662e-01
2.828454303139433444e-33 3.600001037120819092e-01 -1.176538839936256409e-01 -4.153647124767303467e-01
1.552093794277359427e-32 7.284561395645141602e-01 -1.541744321584701538e-01 -1.101378083229064941e+00
4.424416003753145186e-33 3.698195219039916992e-01 6.867957860231399536e-02 2.490795701742172241e-01
6.900432488603086493e-33 1.289108544588088989e-01 7.137715071439743042e-02 9.023382514715194702e-02
4.893627357384926437e-32 2.259838208556175232e-02 -6.161899864673614502e-02 -1.365565788000822067e-02
-2.915611552186342730e-32 3.378491848707199097e-02 3.573397919535636902e-02 1.183926966041326523e-02
-1.004779969481755275e-33 6.449546813964843750e-01 -3.310852348804473877e-01 -2.094062805175781250e+00
-1.704006161843588403e-33 5.624377727508544922e-01 1.338315941393375397e-02 7.381656020879745483e-02
-3.101408499504184187e-33 1.222832966595888138e-02 3.192428946495056152e-01 3.828327357769012451e-02
-7.280269684310704550e-32 6.301977485418319702e-02 -6.574814021587371826e-02 -4.063319787383079529e-02
6.755303311188277527e-32 2.741054631769657135e-02 1.541176140308380127e-01 4.142768308520317078e-02
-5.854333617183439338e-33 5.350865796208381653e-02 -1.675131916999816895e-02 -8.790099062025547028e-03
-1.757103241670231129e-32 4.549098908901214600e-01 -2.401360496878623962e-02 -1.071281060576438904e-01
-1.879264839040506515e-33 5.613298341631889343e-02 1.557512488216161728e-02 8.573740720748901367e-03
2.098141703492624133e-33 2.813488803803920746e-02 1.693267375230789185e-01 4.671876877546310425e-02
-3.074214172381879829e-33 1.808816939592361450e-01 8.487740159034729004e-02 1.505592316389083862e-01
-1.546675426535641019e-33 1.882128231227397919e-02 1.680846065282821655e-01 3.102400526404380798e-02
7.220629802927384971e-33 5.975452065467834473e-02 -1.462594605982303619e-02 -8.570682257413864136e-03
-1.489380729850608830e-33 1.961648911237716675e-01 4.321716129779815674e-01 8.313773870468139648e-01
-1.246242396681488462e-33 2.683781646192073822e-02 -2.371709197759628296e-01 -6.242079287767410278e-02
8.000338144563685331e-32 2.072163112461566925e-02 6.877521872520446777e-01 1.397579759359359741e-01
1.818360456343488323e-33 1.542127318680286407e-02 7.285033166408538818e-02 1.101723033934831619e-02
-8.580022163412157456e-33 2.123002894222736359e-02 -1.086686737835407257e-02 -2.262432593852281570e-03
-8.069668213628008437e-32 6.277514696121215820e-01 -1.025082468986511230e-01 -6.310549974441528320e-01
2.764672493942594608e-32 1.369961798191070557e-01 -3.262214362621307373e-02 -4.382698982954025269e-02
-1.411239467373208794e-33 5.518610402941703796e-02 6.820634007453918457e-01 3.691264390945434570e-01
1.033713844572284302e-33 4.341372847557067871e-02 -1.761962287127971649e-02 -7.501435000449419022e-03
-2.999299733732983130e-33 7.157220691442489624e-02 3.320037722587585449e-01 2.330279797315597534e-01
2.636615020984777724e-32 2.704454958438873291e-01 1.961690932512283325e-01 5.202726721763610840e-01
-6.249994142347476207e-32 3.761242330074310303e-02 -6.193321570754051208e-02 -2.284418232738971710e-02
-1.287712184339567921e-32 1.473597586154937744e-01 -2.648202478885650635e-01 -3.826932013034820557e-01
-8.255412337168459817e-33 3.361996635794639587e-02 -3.973803520202636719e-01 -1.310160011053085327e-01
-1.446995636169421904e-32 9.029366374015808105e-01 1.584115624427795410e-02 1.402700096368789673e-01
5.965311671502586870e-33 4.325098097324371338e-01 8.342929184436798096e-02 3.538630306720733643e-01
4.830373345151606809e-33 2.045308500528335571e-01 1.087094917893409729e-01 2.180454134941101074e-01
-4.856213135439779259e-32 7.379628717899322510e-02 1.385975778102874756e-01 1.003022938966751099e-01
8.387766976662501426e-32 3.096957318484783173e-02 -1.863159835338592529e-01 -5.658561363816261292e-02
4.732221697441456667e-32 1.961141638457775116e-02 2.239855565130710602e-02 4.307741764932870865e-03
3.188587936006965244e-33 1.057989150285720825e-02 -4.666657447814941406e-01 -4.841810837388038635e-02
-9.859987252232631091e-32 4.110953807830810547e-01 -1.227792818099260330e-02 -4.949808493256568909e-02
1.122720164600136278e-32 5.964104458689689636e-02 2.713226526975631714e-02 1.586908660829067230e-02
1.410076738156352467e-32 1.954256296157836914e-01 1.051690280437469482e-01 2.015533596277236938e-01
-1.351902110481332869e-32 2.762365341186523438e-02 -3.518098220229148865e-02 -9.530370123684406281e-03
-4.977187079439541039e-33 3.276555985212326050e-02 -7.908618450164794922e-01 -2.541200220584869385e-01
-1.145405662734670973e-32 6.712595224380493164e-01 1.741939410567283630e-02 1.146685108542442322e-01
-4.729420494403447156e-32 1.215510219335556030e-01 -1.408989913761615753e-02 -1.679527759552001953e-02
1.531325160087031251e-32 2.993612922728061676e-02 -1.627650260925292969e-01 -4.778343811631202698e-02
-3.157113707421713864e-33 8.930271863937377930e-01 -4.552837088704109192e-02 -3.987194895744323730e-01
-6.447142765142811568e-32 2.244902588427066803e-02 6.010665297508239746e-01 1.323246359825134277e-01
-3.102122244980324094e-33 1.418311297893524170e-01 4.037002027034759521e-01 5.615018606185913086e-01
5.771970034099183340e-33 2.483800239861011505e-02 3.572199121117591858e-02 8.701076731085777283e-03
1.173199491975894697e-32 1.020223554223775864e-02 -7.729870080947875977e-02 -7.733716629445552826e-03
-7.657409414356773162e-32 1.072573289275169373e-02 4.566823691129684448e-02 4.803545307368040085e-03
1.060063744307415930e-33 1.242142729461193085e-02 -1.215887144207954407e-01 -1.481103617697954178e-02
3.955535184439135777e-33 2.491245605051517487e-02 -3.342263028025627136e-02 -8.165406994521617889e-03
1.935455562859124260e-32 1.135687902569770813e-01 -4.237185716629028320e-01 -4.719078242778778076e-01
2.113173153832771818e-33 1.736622676253318787e-02 -1.718388684093952179e-02 -2.926493296399712563e-03
-3.952520041429276609e-33 1.162753067910671234e-02 -7.394151389598846436e-02 -8.431337773799896240e-03
-4.467272323732217997e-33 5.392046570777893066e-01 -1.909648776054382324e-01 -1.009782314300537109e+00
-3.961345065268074933e-33 1.161480229347944260e-02 -4.309621825814247131e-02 -4.908758681267499924e-03
1.134512852497280088e-33 5.341904759407043457e-01 -5.938917025923728943e-02 -3.111172318458557129e-01
5.598866735997093282e-33 5.493697524070739746e-01 3.642731606960296631e-01 1.962513208389282227e+00
-2.191880104599405849e-32 1.315006148070096970e-02 2.221952378749847412e-02 2.865386428311467171e-03
-6.541988702333258658e-32 9.603520482778549194e-02 6.648247241973876953e-01 6.261210441589355469e-01
5.421266510787535636e-32 4.617556184530258179e-02 1.880961842834949493e-02 8.517513982951641083e-03
-1.348743851034261088e-33 5.386738479137420654e-02 -1.537707149982452393e-01 -8.123070001602172852e-02
-8.518058917444437626e-33 4.461220502853393555e-01 3.746274113655090332e-02 1.638981103897094727e-01
6.767372699435345364e-32 2.844232507050037384e-02 4.165208637714385986e-01 1.161776334047317505e-01
1.056927231505834362e-32 1.429506391286849976e-02 -2.734629251062870026e-02 -3.833586117252707481e-03
5.468410299474438888e-32 2.772695198655128479e-02 2.619838342070579529e-02 7.123563438653945923e-03
-2.819129143188558700e-33 1.057432871311903000e-02 7.311416417360305786e-02 7.581846788525581360e-03
-1.018678720812290297e-33 7.030548453330993652e-01 2.378238365054130554e-02 1.639703214168548584e-01
-2.109301185643758593e-33 2.353601716458797455e-02 -2.585278637707233429e-02 -5.967068485915660858e-03
-1.171330345755491870e-33 6.131346225738525391e-01 -2.018881402909755707e-02 -1.213912367820739746e-01
-6.960757389319347760e-33 9.119684100151062012e-01 6.508312374353408813e-02 5.820614695549011230e-01
-1.257910610747139730e-32 3.878849148750305176e-01 5.190379023551940918e-01 1.974343180656433105e+00
-2.572305488292816608e-32 2.472337707877159119e-02 -4.916710779070854187e-02 -1.192073803395032883e-02
3.410462053914290452e-32 4.571089744567871094e-01 2.021537534892559052e-02 9.061961621046066284e-02
1.693181034366865957e-32 4.131906628608703613e-01 -9.765892475843429565e-02 -3.957155346870422363e-01
5.829982957832567947e-32 5.947021245956420898e-01 1.086528599262237549e-02 6.336673349142074585e-02
-6.823231162428863497e-33 8.092650771141052246e-02 -1.434014365077018738e-02 -1.138059422373771667e-02
1.153860626258151055e-32 1.286127604544162750e-02 -1.003474555909633636e-02 -1.265642582438886166e-03
2.633234005358225119e-32 2.155723571777343750e-01 -2.134451828896999359e-02 -4.512322321534156799e-02
1.195809170724801354e-32 6.861422061920166016e-01 -3.837928771972656250e-01 -2.582448720932006836e+00
9.704846095558280997e-33 1.534187048673629761e-01 -2.164860256016254425e-02 -3.257083520293235779e-02
-8.601970846993917356e-33 1.628076098859310150e-02 -1.449282318353652954e-01 -2.313920296728610992e-02
2.913359709086350322e-33 5.612847581505775452e-02 2.952963858842849731e-02 1.625406742095947266e-02
4.301137356141802459e-32 1.063567586243152618e-02 2.051253616809844971e-02 2.139464719220995903e-03
5.078688665644343921e-32 7.081668078899383545e-02 -1.756591051816940308e-01 -1.219907552003860474e-01
9.396314681045130606e-32 3.810128569602966309e-02 6.100670695304870605e-01 2.279490977525711060e-01
-4.532153734425854156e-33 2.766707539558410645e-02 -2.716130316257476807e-01 -7.369440793991088867e-02
8.508428679975326035e-33 1.276917010545730591e-01 -3.220330923795700073e-02 -4.032587632536888123e-02
-3.161745155163953676e-33 1.126925721764564514e-01 7.027458548545837402e-01 7.766301631927490234e-01
1.343411331114351171e-33 4.123250842094421387e-01 -1.991771534085273743e-02 -8.053783327341079712e-02
-5.433864063340107312e-33 5.486779808998107910e-01 -3.977937102317810059e-01 -2.140405893325805664e+00
6.317484562752762433e-32 1.503231097012758255e-02 2.643985673785209656e-02 3.897674148902297020e-03
-6.796266791388938749e-33 5.305237695574760437e-02 8.778598904609680176e-01 4.567207396030426025e-01
-6.927381431279656698e-33 2.248448729515075684e-01 2.171671986579895020e-01 4.788482189178466797e-01
-5.414521524202517350e-32 3.500831127166748047e-02 1.436774730682373047e-01 4.932652413845062256e-02
-1.298276480640102440e-33 2.306385338306427002e-02 -9.764826297760009766e-02 -2.208600006997585297e-02
-7.031164798956199493e-32 4.177438914775848389e-01 3.709353879094123840e-02 1.519599258899688721e-01
1.607599094686852389e-33 3.935046494007110596e-02 3.318576514720916748e-01 1.280626207590103149e-01
4.268161213118184827e-33 4.354662001132965088e-01 1.066890135407447815e-01 4.556116461753845215e-01
6.509691554234034750e-33 2.285996675491333008e-01 -1.052489951252937317e-01 -2.359468787908554077e-01
4.556882829489293397e-33 4.364636167883872986e-02 4.947578161954879761e-02 2.117685228586196899e-02
-7.215003886964349503e-32 1.571143604815006256e-02 1.576821058988571167e-01 2.429511584341526031e-02
5.864539479542469217e-33 7.662863731384277344e-01 1.396921873092651367e-01 1.049745202064514160e+00
-5.301539766293996303e-33 6.548741459846496582e-01 9.541154652833938599e-02 6.127445101737976074e-01
-2.926759940609541305e-32 2.470963150262832642e-01 -2.753248997032642365e-02 -6.671637296676635742e-02
-7.710517073632573290e-33 1.319591701030731201e-02 2.415423095226287842e-01 3.125744313001632690e-02
-5.358223573258585535e-32 1.058864034712314606e-02 4.251120984554290771e-01 4.414325207471847534e-02
-5.118926425020166233e-32 4.760212600231170654e-01 -2.024625688791275024e-01 -9.451304674148559570e-01
1.433572078430206791e-32 2.169238403439521790e-02 -1.000177189707756042e-01 -2.127673104405403137e-02
1.129751530996373644e-32 1.836126297712326050e-02 1.932836472988128662e-01 3.480313345789909363e-02
7.550393584152262930e-32 8.063520789146423340e-01 -3.085021376609802246e-01 -2.439515352249145508e+00
-7.976936403027515231e-32 4.978080689907073975e-01 -3.567493855953216553e-01 -1.741589665412902832e+00
-9.517405292859211498e-32 1.482668071985244751e-01 3.761700689792633057e-01 5.469515323638916016e-01
2.603082097715053423e-33 1.266044098883867264e-02 -6.311475634574890137e-01 -7.836107909679412842e-02
3.139505904072349893e-32 2.557230591773986816e-01 2.868450582027435303e-01 7.193461060523986816e-01
5.400436750890964701e-32 2.075189650058746338e-01 3.962773978710174561e-01 8.064506053924560547e-01
-4.743530026564763999e-33 1.124757230281829834e-01 2.165209650993347168e-01 2.388247996568679810e-01
-1.126760926431087892e-32 1.067347079515457153e-01 -8.037027716636657715e-01 -8.412436246871948242e-01
-2.016454397002075582e-33 6.851122975349426270e-01 6.304572820663452148e-01 4.235825538635253906e+00
-4.069646665887193968e-33 3.868054151535034180e-01 -1.587582565844058990e-02 -6.022121757268905640e-02
-1.104643339004794215e-32 1.476747076958417892e-02 -9.470446407794952393e-02 -1.371504459530115128e-02
2.358883762515079057e-32 2.164110392332077026e-01 -1.503559350967407227e-01 -3.190954923629760742e-01
2.796200134052411476e-32 1.309801042079925537e-01 -1.170290932059288025e-01 -1.503210663795471191e-01
-8.282777110971633406e-33 2.204408645629882812e-01 1.261462364345788956e-02 2.727012149989604950e-02
-3.327481850574631238e-32 1.015480421483516693e-02 -1.136666908860206604e-01 -1.131945289671421051e-02
-9.991727695928368055e-33 6.187101006507873535e-01 -4.060146212577819824e-02 -2.463482916355133057e-01
-1.659361437412334871e-33 9.454730898141860962e-02 -7.944267392158508301e-01 -7.365864515304565430e-01
2.257835733458701262e-33 7.839696109294891357e-02 3.811314702033996582e-02 2.930182591080665588e-02
-2.384415793688526847e-32 1.030596569180488586e-01 5.808822065591812134e-02 5.870802327990531921e-02
-2.021137493027354649e-32 3.550143837928771973e-01 1.041833497583866119e-02 3.627145290374755859e-02
-3.502564093416330618e-32 1.403670907020568848e-01 -1.209649443626403809e-02 -1.665120013058185577e-02
3.159556164277531798e-33 2.714188396930694580e-01 -1.149141788482666016e-01 -3.058681488037109375e-01
-1.056243828477625054e-32 6.548045575618743896e-02 -3.194127231836318970e-02 -2.051089517772197723e-02
-4.436492885776699515e-32 4.653373658657073975e-01 4.471635520458221436e-01 2.040586471557617188e+00
-3.383875898181742776e-32 3.313456103205680847e-02 5.417614802718162537e-02 1.760394684970378876e-02
-2.321928460911332593e-33 1.566332951188087463e-02 -9.099900722503662109e-01 -1.397788375616073608e-01
-1.758896237897219750e-33 5.340319871902465820e-02 7.523639798164367676e-01 3.940178751945495605e-01
-1.659388804390189952e-32 1.329282112419605255e-02 1.475454866886138916e-02 1.923374016769230366e-03
8.997424779025797208e-33 5.524460598826408386e-02 1.541518326848745346e-02 8.351399563252925873e-03
-6.049295526612657538e-32 4.259762465953826904e-01 5.750054866075515747e-02 2.402027845382690430e-01
-2.371647720986689013e-32 1.341754943132400513e-01 5.494948476552963257e-02 7.230319827795028687e-02
6.840513133437858915e-32 6.144914031028747559e-02 4.140072315931320190e-02 2.494849823415279388e-02
3.996799811598798284e-33 6.974843144416809082e-02 -1.593015901744365692e-02 -1.089620403945446014e-02
4.300551225271123695e-33 1.596668362617492676e-02 1.633314788341522217e-01 2.557438798248767853e-02
-1.634843747661051325e-33 2.343638390302658081e-01 3.899381160736083984e-01 8.962041735649108887e-01
3.472010644249757721e-33 1.763470619916915894e-01 -1.288632582873106003e-02 -2.228527702391147614e-02
1.840899531962948717e-32 1.381700951606035233e-02 -1.231783255934715271e-01 -1.669048704206943512e-02
1.709379824065777100e-33 4.095199704170227051e-02 5.648787617683410645e-01 2.268563956022262573e-01
-1.632407351947979818e-33 3.948104381561279297e-02 -4.464165493845939636e-02 -1.728421077132225037e-02
2.066699617331028050e-33 2.508527971804141998e-02 3.996511921286582947e-02 9.831521660089492798e-03
-6.379223289299475207e-32 1.285600289702415466e-02 -1.875553280115127563e-01 -2.364591136574745178e-02
-8.096528847291473117e-33 6.115075349807739258e-01 1.406879909336566925e-02 8.436834067106246948e-02
3.746511717711793668e-33 4.010690376162528992e-02 -8.748425245285034180e-01 -3.440881371498107910e-01
2.631537767009988558e-32 2.449913695454597473e-02 3.084575012326240540e-02 7.410829421132802963e-03
2.638744208596101518e-33 9.914585351943969727e-01 3.415523841977119446e-02 3.320875167846679688e-01
-5.840195065005336570e-32 9.164188802242279053e-02 2.693292200565338135e-01 2.420461475849151611e-01
8.305901435841009446e-32 2.461163550615310669e-01 2.446077391505241394e-02 5.903796106576919556e-02
6.002731256640709674e-32 8.712335675954818726e-02 1.155519951134920120e-02 9.872626513242721558e-03
3.562290079760847929e-32 1.080509349703788757e-01 -1.430943887680768967e-02 -1.516253501176834106e-02
7.381663712782407192e-33 2.703627385199069977e-02 2.330576479434967041e-01 6.179180368781089783e-02
1.868760327647970848e-33 1.757538467645645142e-01 1.477702409029006958e-01 2.546903491020202637e-01
1.477923333349937846e-33 5.142812728881835938e-01 1.905438899993896484e-01 9.609845280647277832e-01
-1.032185334574230696e-33 6.752252578735351562e-01 1.536031067371368408e-02 1.017113327980041504e-01
9.402290012703947999e-33 4.907047748565673828e-01 4.786579906940460205e-01 2.303383588790893555e+00
1.765018139007905297e-32 1.148857027292251587e-01 2.383585460484027863e-02 2.685451880097389221e-02
-3.659651280988467009e-32 4.987016916275024414e-01 -1.944248937070369720e-02 -9.508530050516128540e-02
-4.095883699797547426e-32 1.268465816974639893e-01 2.131226956844329834e-01 2.651118338108062744e-01
1.274721208521455411e-32 4.022886753082275391e-01 3.589685559272766113e-01 1.416168451309204102e+00
2.179634686073302374e-33 2.365063689649105072e-02 -1.145786046981811523e-02 -2.657461911439895630e-03
1.995609025071157789e-33 9.677819013595581055e-01 -8.091371059417724609e-01 -7.679276466369628906e+00
-7.668079523515980919e-33 2.245311997830867767e-02 -8.444707095623016357e-02 -1.859439164400100708e-02
1.974545635672360925e-33 3.097292408347129822e-02 -2.979346923530101776e-02 -9.049487300217151642e-03
1.127591854000325396e-33 3.515173792839050293e-01 -2.473808452486991882e-02 -8.527732640504837036e-02
-1.238025966675729146e-33 7.906442284584045410e-01 6.146930158138275146e-02 4.766066074371337891e-01
-3.913483416874803895e-32 6.273448467254638672e-02 -7.665433883666992188e-01 -4.715890884399414062e-01
6.369733523405286880e-32 6.940362453460693359e-01 -1.401839703321456909e-01 -9.541159868240356445e-01
6.647610396237693657e-32 1.526469439268112183e-01 5.910646170377731323e-02 8.847972005605697632e-02
7.829565851759275868e-32 3.426040336489677429e-02 3.402828574180603027e-01 1.143281608819961548e-01
-1.426996950778882326e-32 1.226699817925691605e-02 1.546530872583389282e-01 1.860448159277439117e-02
-5.259574985311625271e-33 5.620856955647468567e-02 1.416890509426593781e-02 7.810152135789394379e-03
-4.126406145300617385e-33 1.750333420932292938e-02 -1.711231917142868042e-01 -2.937313541769981384e-02
1.267529387146330803e-32 2.444120496511459351e-01 -1.499072927981615067e-02 -3.593073412775993347e-02
-2.941741101831992874e-33 4.266761988401412964e-02 1.338828206062316895e-01 5.602010712027549744e-02
5.303130504024246564e-32 6.873213648796081543e-01 -1.377086713910102844e-02 -9.282005578279495239e-02
-3.866951032187122086e-33 1.748333871364593506e-01 -1.226939857006072998e-01 -2.103624939918518066e-01
-1.631038635713241117e-33 8.231268078088760376e-02 2.754669189453125000e-01 2.223600894212722778e-01
-3.150072128918303730e-32 2.399851977825164795e-01 -9.046095609664916992e-01 -2.128953933715820312e+00
5.451751781281760840e-32 3.260320797562599182e-02 -1.629066281020641327e-02 -5.208585411310195923e-03
-2.607271082036804034e-33 7.324633747339248657e-02 -4.349272251129150391e-01 -3.124087452888488770e-01
-9.199767029736653140e-33 7.183066606521606445e-01 -3.064027428627014160e-02 -2.158356606960296631e-01
-1.049998849434988568e-33 7.033365964889526367e-01 -1.656714975833892822e-01 -1.142698526382446289e+00
-1.187995549572290220e-33 1.617909036576747894e-02 -7.309719920158386230e-02 -1.159779727458953857e-02
7.940924251969311336e-33 9.973720908164978027e-01 1.713924296200275421e-02 1.676368713378906250e-01
2.577302771917551394e-33 3.407488167285919189e-01 3.315938413143157959e-01 1.108055353164672852e+00
1.233662366341583730e-32 1.141950115561485291e-01 2.299630455672740936e-02 2.575288526713848114e-02
-9.080936599685615801e-32 2.968061864376068115e-01 1.401128321886062622e-01 4.078228175640106201e-01
-1.110869565239115240e-32 5.232479795813560486e-02 -9.272983670234680176e-01 -4.758255183696746826e-01
-1.366178930182451110e-32 5.043038725852966309e-01 -3.893801867961883545e-01 -1.925691962242126465e+00
1.184988524820291419e-32 5.830568820238113403e-02 -2.172489613294601440e-01 -1.242193654179573059e-01
7.133416350556826994e-32 6.325872242450714111e-02 -4.375489056110382080e-02 -2.714361622929573059e-02
-2.757263059175774024e-33 3.545655310153961182e-01 6.501656770706176758e-02 2.260691374540328979e-01
-2.816335874737417239e-33 1.157777477055788040e-02 -6.719582676887512207e-01 -7.629359513521194458e-02
-4.070201205347194383e-32 7.785894870758056641e-01 7.774378359317779541e-02 5.936014056205749512e-01
1.036892987411182410e-32 1.396439224481582642e-02 7.792091369628906250e-02 1.067079417407512665e-02
1.120361002539333642e-33 4.014949873089790344e-02 4.078269302845001221e-01 1.605745404958724976e-01
1.363946482739247270e-33 1.601768471300601959e-02 1.640608347952365875e-02 2.577064791694283485e-03
1.553718474406989681e-33 6.577225923538208008e-01 3.484424352645874023e-01 2.247473001480102539e+00
1.632202705728341351e-32 4.143375158309936523e-02 2.288284152746200562e-01 9.297899901866912842e-02
6.981396719131085484e-32 1.828082650899887085e-01 -4.348203912377357483e-02 -7.795184850692749023e-02
2.583549973379194904e-32 2.865227311849594116e-02 -1.079029031097888947e-02 -3.031886182725429535e-03
-4.947673355026270455e-32 4.513837397098541260e-02 2.032065987586975098e-01 8.995066583156585693e-02
-5.180329768334910023e-33 3.678588196635246277e-02 -1.803963482379913330e-01 -6.507731229066848755e-02
-1.683342624195063432e-33 1.631303429603576660e-01 3.210569620132446289e-01 5.136147737503051758e-01
-8.544469777581918929e-32 3.705848008394241333e-02 -5.528567731380462646e-02 -2.009189501404762268e-02
8.661573553368392180e-33 1.301401257514953613e-01 4.393031597137451172e-01 5.606557130813598633e-01
9.435150663407597341e-32 1.864076778292655945e-02 -3.822872787714004517e-02 -6.988344714045524597e-03
4.825006111414149170e-33 4.809066355228424072e-01 -7.404480129480361938e-02 -3.492014408111572266e-01
1.301409485325730773e-32 2.940234243869781494e-01 -6.432083994150161743e-02 -1.854617297649383545e-01
-5.213635564055536379e-33 4.632727205753326416e-01 1.331692636013031006e-01 6.050084233283996582e-01
1.903715158271808558e-32 7.723417133092880249e-02 1.713930442929267883e-02 1.298145391047000885e-02
-6.360816664070330565e-33 5.552900210022926331e-02 4.320207610726356506e-02 2.352584153413772583e-02
4.868533197857159949e-33 1.139294914901256561e-02 1.405197829008102417e-01 1.569980755448341370e-02
2.053178971105274709e-32 4.745056852698326111e-02 9.755484014749526978e-02 4.539530351758003235e-02
8.616557997203652680e-33 7.287850230932235718e-02 -1.927197538316249847e-02 -1.377356424927711487e-02
-9.288411940352924958e-32 1.014676783233880997e-02 -1.960406452417373657e-02 -1.950718113221228123e-03
-4.949303618754067115e-33 1.534591913223266602e-01 -2.189073264598846436e-01 -3.294381499290466309e-01
-6.017717634119343018e-32 1.415849756449460983e-02 1.542460024356842041e-01 2.141666226089000702e-02
1.544930735779631502e-33 6.617344915866851807e-02 9.685043096542358398e-01 6.285010576248168945e-01
4.104359014066976119e-32 9.273380041122436523e-01 3.934481739997863770e-01 3.578048706054687500e+00
1.301836042838285411e-32 8.707432448863983154e-02 7.367650419473648071e-02 6.291291117668151855e-02
1.137173602327465567e-32 9.498079419136047363e-01 -3.786323219537734985e-02 -3.526745736598968506e-01
-3.061699639117834977e-32 1.988574676215648651e-02 -8.360369801521301270e-01 -1.630377024412155151e-01
-4.779733415860167295e-32 5.429272353649139404e-02 2.867275178432464600e-01 1.526622623205184937e-01
-1.643842707929572884e-33 2.165778353810310364e-02 1.598648726940155029e-01 3.395374491810798645e-02
2.610389264473352468e-33 9.826507419347763062e-02 3.132308423519134521e-01 3.018452823162078857e-01
3.037764112943796169e-33 3.875829577445983887e-01 3.426058888435363770e-01 1.302207350730895996e+00
-4.251607901669905374e-32 2.136512659490108490e-02 1.862646341323852539e-01 3.902622684836387634e-02
-5.980835911115118336e-33 5.462044477462768555e-02 -3.249276876449584961e-01 -1.740454286336898804e-01
-6.780128576383293417e-32 1.243000328540802002e-01 -1.396607793867588043e-02 -1.702418737113475800e-02
2.729960145762812458e-32 2.838281393051147461e-01 -1.481265872716903687e-01 -4.122959971427917480e-01
2.181075254400235087e-32 9.260600805282592773e-01 6.072040274739265442e-02 5.514351725578308105e-01
1.519914489486805453e-32 2.393990010023117065e-02 1.100537180900573730e-01 2.583733573555946350e-02
1.833470517868347249e-33 2.041650377213954926e-02 8.060869574546813965e-01 1.613927185535430908e-01
7.702164451586011673e-33 8.828838467597961426e-01 -2.405822649598121643e-02 -2.082993239164352417e-01
-1.875372667042338531e-32 5.318607687950134277e-01 -1.313356868922710419e-02 -6.850171089172363281e-02
-1.550706821145984517e-33 3.857546448707580566e-01 -1.399820111691951752e-02 -5.295464769005775452e-02
4.407977449940864759e-33 7.870793938636779785e-01 -3.580691814422607422e-01 -2.763797044754028320e+00
9.123072635501222256e-33 3.498300164937973022e-02 -5.902545154094696045e-02 -2.024962753057479858e-02
4.407538476269229561e-33 3.469997942447662354e-01 7.143048942089080811e-02 2.430712133646011353e-01
-1.135200241186022652e-32 3.807279467582702637e-01 -2.189682982861995697e-02 -8.175544440746307373e-02
-1.563989356297299418e-33 8.565713465213775635e-02 7.931897044181823730e-02 6.662869453430175781e-02
-2.804850009232937278e-33 9.608550369739532471e-02 1.152008678764104843e-02 1.085511222481727600e-02
3.622327719045127000e-33 3.671998977661132812e-01 -5.316255241632461548e-02 -1.914383918046951294e-01
1.001114539323601372e-32 1.655708067119121552e-02 -1.412702202796936035e-01 -2.293797396123409271e-02
4.133880673067114753e-32 7.704271376132965088e-02 -2.016095817089080811e-01 -1.523222774267196655e-01
-1.667398696365089946e-33 9.573002159595489502e-02 3.959972560405731201e-01 3.717586100101470947e-01
-1.457834134894384953e-32 6.581680476665496826e-02 -2.555837929248809814e-01 -1.649646013975143433e-01
-2.036994324072771896e-32 3.086072020232677460e-02 5.551374554634094238e-01 1.680069565773010254e-01
6.536524416843461254e-33 4.077080264687538147e-02 -5.651925802230834961e-01 -2.259781211614608765e-01
4.440056984648392691e-32 2.046021819114685059e-01 1.309006661176681519e-01 2.626472115516662598e-01
-1.470282179259211419e-32 3.186841309070587158e-02 -1.399874836206436157e-01 -4.374921694397926331e-02
-1.608919505450611986e-33 1.222817320376634598e-02 1.901024580001831055e-02 2.279659500345587730e-03
4.460181741808057958e-32 9.944362044334411621e-01 -4.006553068757057190e-02 -3.907225728034973145e-01
5.058665882619612486e-32 2.537506446242332458e-02 9.688926488161087036e-02 2.411034889519214630e-02
1.268088775520528359e-32 2.773938328027725220e-02 -1.394866108894348145e-01 -3.794460371136665344e-02
-1.814265915645986590e-32 7.387759685516357422e-01 3.082916140556335449e-02 2.233547270298004150e-01
-1.411410924244535763e-32 9.479263424873352051e-02 7.297612428665161133e-01 6.783847212791442871e-01
8.899996280746593552e-32 8.208666741847991943e-02 7.869654297828674316e-01 6.335033774375915527e-01
3.640216832886322129e-32 4.420563876628875732e-01 1.191308815032243729e-02 5.164433270692825317e-02
-2.995124157393671586e-33 6.444889903068542480e-01 -1.181290000677108765e-01 -7.466081380844116211e-01
-2.074661203834948940e-33 1.681594103574752808e-01 8.628088235855102539e-01 1.422841191291809082e+00
4.794467649800549258e-32 7.543929219245910645e-01 8.874898552894592285e-01 6.565709590911865234e+00
-6.680251523371326937e-32 5.667048096656799316e-01 2.247784286737442017e-01 1.249200701713562012e+00
-1.329601109202112452e-33 3.966597095131874084e-02 3.913926705718040466e-02 1.522479578852653503e-02
-8.043398265875831955e-32 1.205904781818389893e-01 -3.488898649811744690e-02 -4.125931859016418457e-02
1.704744702903690968e-33 2.025278061628341675e-01 4.665170013904571533e-01 9.265584349632263184e-01
-1.885047536562582905e-33 8.423745036125183105e-01 2.825442254543304443e-01 2.334061622619628906e+00
5.440239283483395062e-33 5.184614062309265137e-01 -1.669137179851531982e-01 -8.486510515213012695e-01
-1.667809458172305409e-32 1.095288544893264771e-01 3.806126415729522705e-01 4.088202714920043945e-01
1.068255470564708746e-32 3.443615138530731201e-01 1.461796928197145462e-02 4.936536401510238647e-02
1.458312781500360403e-33 1.838725432753562927e-02 -1.084025949239730835e-01 -1.954687014222145081e-02
-3.721546421752236073e-33 2.657823264598846436e-02 1.312771737575531006e-01 3.421653062105178833e-02
1.071800963564880313e-33 3.072113990783691406e-01 -1.483948975801467896e-01 -4.470714926719665527e-01
6.503644076609435639e-32 8.174905180931091309e-01 2.518006786704063416e-02 2.018646597862243652e-01
-2.737724873697169078e-32 1.124753877520561218e-01 1.316283922642469406e-02 1.451870054006576538e-02
3.617467417246461473e-33 7.845442891120910645e-01 5.351427569985389709e-02 4.117255210876464844e-01
-3.908280972751652156e-32 1.872671395540237427e-01 3.931522741913795471e-02 7.220096886157989502e-02
-2.079632993925950268e-33 3.611231595277786255e-02 4.639954492449760437e-02 1.643197424709796906e-02
-3.368478979301084749e-32 6.901240348815917969e-02 5.981795489788055420e-02 4.048362746834754944e-02
3.854062103972340335e-33 2.052433937788009644e-01 8.961327075958251953e-01 1.803691148757934570e+00
1.407790842454384676e-32 1.482540275901556015e-02 -6.115945428609848022e-02 -8.891822770237922668e-03
7.266122903672146025e-33 2.784315496683120728e-02 4.375244677066802979e-02 1.194652076810598373e-02
-5.692129796575761235e-32 8.595450222492218018e-02 3.394092023372650146e-01 2.860967516899108887e-01
2.434517126162098974e-33 2.608115077018737793e-01 5.053369700908660889e-02 1.292493939399719238e-01
-3.646272538971376996e-33 5.756387114524841309e-02 3.435283005237579346e-01 1.939247250556945801e-01
1.312938880855389622e-32 3.282767236232757568e-01 3.002435341477394104e-02 9.665724635124206543e-02
2.851724315839914521e-32 2.890402451157569885e-02 1.599701792001724243e-01 4.534380882978439331e-02
-1.791494900297429574e-33 6.555504351854324341e-02 1.199715808033943176e-01 7.712677121162414551e-02
1.508461207216362348e-33 1.216301228851079941e-02 9.159997701644897461e-01 1.092589870095252991e-01
-6.963474544511273478e-32 3.587681055068969727e-01 -1.278004795312881470e-01 -4.496421515941619873e-01
5.750868073792000120e-32 3.158346414566040039e-01 -6.145558878779411316e-02 -1.903451532125473022e-01
2.214150322620314107e-33 9.522432684898376465e-01 -6.993707418441772461e-01 -6.530945301055908203e+00
4.207562422218181967e-32 1.360294409096240997e-02 -1.357856485992670059e-02 -1.811371184885501862e-03
3.874725898760254548e-32 1.805644631385803223e-01 1.278029941022396088e-02 2.263049036264419556e-02
1.101812344531831051e-33 5.274853706359863281e-01 -5.329078808426856995e-02 -2.756660282611846924e-01
-4.743094726312975121e-33 1.843413710594177246e-02 6.663052439689636230e-01 1.204527392983436584e-01
5.629060043081933000e-33 4.557779058814048767e-02 2.551524713635444641e-02 1.140443328768014908e-02
2.590358473393356057e-33 3.119907081127166748e-01 -1.933341287076473236e-02 -5.915219336748123169e-02
-6.250397924656983663e-32 2.753794938325881958e-02 1.077272836118936539e-02 2.909229602664709091e-03
2.973457592456109035e-33 8.963038921356201172e-01 5.473373532295227051e-01 4.810952186584472656e+00
1.092913484954121703e-33 1.209614798426628113e-01 2.525080181658267975e-02 2.995317988097667694e-02
-1.754330911712213691e-33 4.346741437911987305e-01 -4.081861302256584167e-02 -1.739973872900009155e-01
1.168036573850289358e-33 6.173595190048217773e-01 4.197759926319122314e-01 2.541419744491577148e+00
-1.184577469139488250e-32 1.398626621812582016e-02 -4.700451195240020752e-01 -6.447064131498336792e-02
-2.647668047428765840e-33 8.452810645103454590e-01 3.059851005673408508e-02 2.536425292491912842e-01
-1.667069925288844337e-32 6.240209192037582397e-02 -8.913078308105468750e-01 -5.454406738281250000e-01
3.022657357496798931e-32 8.324783295392990112e-02 3.020335733890533447e-01 2.465748935937881470e-01
2.199207548635256578e-32 6.371705532073974609e-01 -5.324107408523559570e-01 -3.326773166656494141e+00
2.720506636522507306e-33 7.402454316616058350e-02 2.360120564699172974e-01 1.713288873434066772e-01
3.462308775093642897e-33 8.894482254981994629e-01 -2.178637832403182983e-01 -1.900318503379821777e+00
-4.538192248906028247e-32 1.041773334145545959e-02 5.054039955139160156e-01 5.163362622261047363e-02
-2.143931616560967815e-33 4.988257586956024170e-02 -6.872732192277908325e-02 -3.362009674310684204e-02
-3.473889231159165589e-33 1.089133042842149734e-02 -8.814410120248794556e-02 -9.414447471499443054e-03
1.710671949496720037e-33 1.024199873208999634e-01 2.077514082193374634e-01 2.086648792028427124e-01
2.346853165581588356e-33 2.819976583123207092e-02 -1.562323868274688721e-01 -4.320532083511352539e-02
3.619050661200225241e-33 2.402558475732803345e-01 9.675725698471069336e-01 2.279702663421630859e+00
-8.159532405759670672e-33 2.279291301965713501e-01 3.565537929534912109e-02 7.969766110181808472e-02
1.771613984747163005e-32 3.793940320611000061e-02 -9.446362406015396118e-02 -3.514599055051803589e-02
-3.580125855545874498e-32 9.260574728250503540e-02 2.069070935249328613e-01 1.879031211137771606e-01
-6.443877829583402664e-32 1.792418956756591797e-02 1.634262800216674805e-01 2.872645854949951172e-02
4.990699974749418645e-32 1.971002109348773956e-02 -4.844785854220390320e-02 -9.364452213048934937e-03
-2.823028111013442375e-33 7.221058756113052368e-02 8.289545774459838867e-02 5.870191380381584167e-02
1.493600203557083894e-33 2.863229624927043915e-02 2.673113532364368439e-02 7.505752611905336380e-03
-3.926280803467015360e-33 1.992774009704589844e-01 3.618662357330322266e-01 7.071747779846191406e-01
1.251911475327718185e-32 2.743114233016967773e-01 -3.596452996134757996e-02 -9.674732387065887451e-02
6.239553401523472649e-32 1.978221386671066284e-01 -1.435091719031333923e-02 -2.784038335084915161e-02
-3.928605270077369507e-32 3.479558229446411133e-02 -2.847332954406738281e-01 -9.715899825096130371e-02
4.863353675873849245e-32 1.528545282781124115e-02 -7.514406740665435791e-02 -1.126402709633111954e-02
-4.559063151104877961e-32 8.469869494438171387e-01 -1.360606867820024490e-02 -1.130134239792823792e-01
-2.109993625284789847e-33 2.054971642792224884e-02 -3.521088510751724243e-02 -7.095834240317344666e-03
-1.492134784544890828e-33 7.948358654975891113e-01 -7.420921325683593750e-01 -5.784368515014648438e+00
-9.996228369924078889e-33 6.398705840110778809e-01 4.010126590728759766e-01 2.516349077224731445e+00
5.187441876499369494e-32 1.836759299039840698e-01 -1.887866109609603882e-01 -3.400510549545288086e-01
3.851293594370963069e-32 3.340447694063186646e-02 6.856504082679748535e-01 2.246094793081283569e-01
-1.607659559177522810e-32 3.535763919353485107e-02 -1.401937007904052734e-02 -4.861076362431049347e-03
1.123131771293916395e-33 1.111777126789093018e-01 -1.612869650125503540e-02 -1.758481003344058990e-02
-1.724472436846366008e-33 1.884740740060806274e-01 -7.530975341796875000e-02 -1.391949653625488281e-01
1.326648965342617667e-33 1.687003970146179199e-01 -3.192677721381187439e-02 -5.281921103596687317e-02
-8.265934480976257818e-33 1.803048402070999146e-01 -2.445033490657806396e-01 -4.323275089263916016e-01
4.212044288304279644e-32 6.720172166824340820e-01 -1.406891457736492157e-02 -9.271749109029769897e-02
6.423837120269821190e-33 1.905752718448638916e-01 2.586717903614044189e-02 4.834330081939697266e-02
2.463596652349534576e-33 4.159582778811454773e-02 -1.223912611603736877e-01 -4.992531612515449524e-02
1.494106217140914426e-32 6.970051676034927368e-02 1.186400745064020157e-02 8.109387941658496857e-03
6.599122429760625120e-33 4.314011931419372559e-01 8.815325796604156494e-02 3.729412257671356201e-01
8.680205138828925437e-33 1.465502940118312836e-02 -2.066773734986782074e-02 -2.970299916341900826e-03
-1.258617046117785461e-33 3.370137214660644531e-01 -3.417492285370826721e-02 -1.129472926259040833e-01
1.479444423039901886e-32 3.238567411899566650e-01 -5.292567014694213867e-01 -1.680892705917358398e+00
-4.001138855121271052e-33 5.761908367276191711e-02 3.092168644070625305e-02 1.747230440378189087e-02
-1.739134194213180084e-32 7.985421419143676758e-01 3.363129869103431702e-02 2.633674740791320801e-01
-9.545842117510335013e-33 6.232904642820358276e-02 1.752169057726860046e-02 1.070994324982166290e-02
-2.989048320967858887e-33 5.938215851783752441e-01 -3.138011693954467773e-02 -1.827389746904373169e-01
5.816340170396924478e-32 2.561593800783157349e-02 7.306431531906127930e-01 1.835423409938812256e-01
-6.492651441187721017e-32 3.029007315635681152e-01 -3.077841103076934814e-01 -9.142546653747558594e-01
-2.797678575337959745e-33 1.047518290579319000e-02 -4.994972795248031616e-02 -5.131158046424388885e-03
-1.128374659769576113e-32 2.945550531148910522e-02 6.411807984113693237e-02 1.852113567292690277e-02
5.782428995085624643e-33 2.648653984069824219e-01 -2.043317556381225586e-01 -5.307399034500122070e-01
4.795678262045102361e-33 2.684375829994678497e-02 -2.436909079551696777e-01 -6.415098160505294800e-02
4.571765322654672821e-33 1.146916020661592484e-02 -3.023210726678371429e-02 -3.400327172130346298e-03
1.361684574468875946e-33 1.262714564800262451e-01 -6.065482646226882935e-02 -7.510887086391448975e-02
2.346464664698641590e-32 2.684737741947174072e-01 4.312761425971984863e-01 1.135475993156433105e+00
9.487500716574292504e-32 2.011685632169246674e-02 1.429815031588077545e-02 2.820724388584494591e-03
-2.271178512695495806e-33 3.565342724323272705e-02 1.361235678195953369e-01 4.759433865547180176e-02
-7.321182765191074267e-32 6.506455689668655396e-02 2.595789730548858643e-01 1.656283438205718994e-01
1.073837599363176084e-32 7.700687646865844727e-01 -4.999682009220123291e-01 -3.775657176971435547e+00
-1.949870172538677950e-33 1.816542744636535645e-01 6.897942423820495605e-01 1.228813171386718750e+00
-2.694520864529642113e-33 4.525990784168243408e-02 -6.649111956357955933e-02 -2.951195463538169861e-02
-1.068819928258294224e-32 8.143015950918197632e-02 6.259257197380065918e-01 4.998374283313751221e-01
7.588431993597696743e-32 1.452888399362564087e-01 1.392813958227634430e-02 1.984476856887340546e-02
-1.898316112718481792e-32 7.082856446504592896e-02 2.709380723536014557e-02 1.881911233067512512e-02
1.595028431567555772e-32 5.109247937798500061e-02 -2.331799454987049103e-02 -1.168338861316442490e-02
7.789770666006538147e-32 1.006761938333511353e-01 4.084731042385101318e-01 4.032839536666870117e-01
-8.347754030581273876e-33 4.044840484857559204e-02 -2.643795870244503021e-02 -1.048696972429752350e-02
1.296614056121551251e-32 3.303501009941101074e-01 1.240063179284334183e-02 4.017343372106552124e-02
-7.307548793963061965e-33 3.783719837665557861e-01 -2.378596924245357513e-02 -8.825930207967758179e-02
-3.892332526615267697e-33 3.402576446533203125e-01 6.161059141159057617e-01 2.055814504623413086e+00
-3.702921448447426191e-33 4.990916848182678223e-01 -1.502977013587951660e-01 -7.356197237968444824e-01
2.065209127228383852e-32 1.898321360349655151e-01 -9.354234486818313599e-02 -1.741400510072708130e-01
7.387016620182464184e-33 1.365347057580947876e-01 1.675354503095149994e-02 2.243212796747684479e-02
1.495710858765283006e-33 1.586076319217681885e-01 4.953934252262115479e-01 7.705396413803100586e-01
-4.348138175328286949e-33 4.160987958312034607e-02 -1.145442053675651550e-01 -4.674016684293746948e-02
-2.314063779222957615e-32 9.223145991563796997e-02 1.840804666280746460e-01 1.664974093437194824e-01
-1.763112956538810074e-32 1.659919768571853638e-01 -3.312562406063079834e-01 -5.392272472381591797e-01
-2.283775587703487460e-33 5.047713518142700195e-01 -4.396239295601844788e-02 -2.176189422607421875e-01
-5.056276102604390776e-32 6.381345391273498535e-01 -5.052398517727851868e-02 -3.161771893501281738e-01
-9.928614375675162469e-32 9.812401533126831055e-01 -2.444685697555541992e-01 -2.352442502975463867e+00
4.923789366932675512e-32 2.016351819038391113e-01 2.970706298947334290e-02 5.874172225594520569e-02
2.686319403709756550e-33 7.736428081989288330e-02 -4.021983146667480469e-01 -3.051415681838989258e-01
-5.764369214158369503e-32 4.202488362789154053e-01 -1.843123137950897217e-01 -7.595940232276916504e-01
1.325725559428749065e-33 2.911288104951381683e-02 -6.347238421440124512e-01 -1.812135428190231323e-01
1.050696982876781617e-33 2.873369678854942322e-02 -3.113816492259502411e-02 -8.774152956902980804e-03
5.815195238899223570e-32 8.145024776458740234e-01 6.168627366423606873e-02 4.927216470241546631e-01
2.758375370705239614e-32 2.371071279048919678e-01 1.240272149443626404e-01 2.883913815021514893e-01
1.623709465170062618e-32 2.435295842587947845e-02 -2.209310233592987061e-02 -5.276295822113752365e-03
1.904238951207695277e-33 1.390302367508411407e-02 -1.219115033745765686e-02 -1.662167022004723549e-03
4.756240793916999247e-33 3.981638848781585693e-01 -2.016346342861652374e-02 -7.873134315013885498e-02
-3.625152946248931441e-33 2.503425255417823792e-02 1.852203160524368286e-01 4.547198489308357239e-02
-7.721128848884621490e-32 4.808469414710998535e-01 -2.099373005330562592e-02 -9.899588674306869507e-02
-6.455864933225912941e-32 4.011671990156173706e-02 3.531533107161521912e-02 1.389342732727527618e-02
8.699204800958059923e-33 2.428242750465869904e-02 5.138843879103660583e-02 1.223709154874086380e-02
4.988325476160757624e-32 5.781434848904609680e-02 7.234524190425872803e-02 4.101722687482833862e-02
-1.021135852980394278e-32 6.304465532302856445e-01 1.102825030684471130e-01 6.818291544914245605e-01
2.032657484602206919e-33 7.292201370000839233e-02 -3.902270644903182983e-02 -2.790594287216663361e-02
-5.930258062619081624e-33 5.874896645545959473e-01 -1.556551549583673477e-02 -8.967769145965576172e-02
4.159255481871140062e-32 2.787533216178417206e-02 -2.765780501067638397e-02 -7.560638245195150375e-03
7.151496776103618451e-33 4.633926227688789368e-02 -8.710639476776123047e-01 -3.958401381969451904e-01
-9.099032159722174095e-32 6.780761480331420898e-01 1.831266880035400391e-01 1.217729330062866211e+00
2.864041659926608934e-33 1.725952625274658203e-01 1.470816135406494141e-01 2.489475905895233154e-01
-1.278752529663401982e-33 5.692163109779357910e-02 -1.132760476320981979e-02 -6.323188077658414841e-03
2.846967090202136723e-32 1.866599023342132568e-01 -2.079893276095390320e-02 -3.807261958718299866e-02
-1.212589462785384898e-33 1.277741976082324982e-02 7.402455210685729980e-01 9.275548905134201050e-02
-7.484813342067062921e-32 6.206616759300231934e-02 1.301581878215074539e-02 7.922223769128322601e-03
-4.541713442233916409e-33 8.882300257682800293e-01 -2.030134201049804688e-02 -1.768360733985900879e-01
-5.587146983850998149e-32 1.032723486423492432e-02 -2.897522449493408203e-01 -2.934482693672180176e-02
5.385582028779623454e-32 6.509276628494262695e-01 7.119819521903991699e-02 4.544879794120788574e-01
1.100213396708224266e-33 9.083544015884399414e-01 -4.691439494490623474e-02 -4.179093837738037109e-01
-7.204806473470966159e-32 1.434099674224853516e-01 5.928080081939697266e-01 8.337082266807556152e-01
-1.261763513887150556e-33 1.535062305629253387e-02 -6.651287525892257690e-02 -1.001272723078727722e-02
-1.072275514307727117e-32 1.592710167169570923e-01 1.593062281608581543e-01 2.488228082656860352e-01
-6.678212628419825679e-33 2.445170283317565918e-02 3.857786208391189575e-02 9.250557981431484222e-03
-1.385297500912010962e-33 9.355173707008361816e-01 -6.229821592569351196e-02 -5.715419650077819824e-01
-1.194118001695952715e-32 8.979191631078720093e-02 -2.416384071111679077e-01 -2.127766162157058716e-01
-4.989365200914059938e-32 3.209094703197479248e-01 5.669724941253662109e-01 1.784289121627807617e+00
1.395557325808583277e-32 2.244270779192447662e-02 3.400207757949829102e-01 7.483441382646560669e-02
-9.591395609277369563e-32 3.538802266120910645e-01 -8.114171773195266724e-02 -2.815925478935241699e-01
1.431299994786861162e-32 8.689812421798706055e-01 -2.656134366989135742e-01 -2.263503313064575195e+00
-5.371352081915744253e-32 4.012354463338851929e-02 2.412022277712821960e-02 9.490766562521457672e-03
-1.370495271970273623e-33 6.083570718765258789e-01 1.392716467380523682e-01 8.308869004249572754e-01
1.740821175543403920e-32 5.019152760505676270e-01 -1.964565515518188477e-01 -9.669802784919738770e-01
-2.004790040027262950e-32 3.163933381438255310e-02 7.287867367267608643e-02 2.261249348521232605e-02
1.386251377843504785e-32 1.340992599725723267e-01 -1.252571344375610352e-01 -1.647212058305740356e-01
9.662279241063098175e-33 1.667274907231330872e-02 -9.182692319154739380e-02 -1.501405145972967148e-02
1.141638644150667100e-33 4.289266467094421387e-01 3.044570609927177429e-02 1.280647963285446167e-01
-4.028444486864918895e-33 9.932724237442016602e-01 -4.558836296200752258e-02 -4.440614283084869385e-01
-8.664839223611770347e-32 2.962686717510223389e-01 2.227548696100711823e-02 6.471927464008331299e-02
1.635100887050293701e-32 6.173758953809738159e-02 -3.165676444768905640e-02 -1.916623674333095551e-02
-1.426686032523089831e-32 5.077214837074279785e-01 3.022117018699645996e-01 1.504726171493530273e+00
-1.079936945676005229e-32 4.433900490403175354e-02 1.802274584770202637e-02 7.836597971618175507e-03
-4.003050135467311166e-33 3.759710863232612610e-02 -2.413776665925979614e-01 -8.899635076522827148e-02
6.051674874115515701e-33 3.522350639104843140e-02 -4.232888668775558472e-02 -1.462143845856189728e-02
7.939924787897524686e-32 7.680462300777435303e-02 -2.527959644794464111e-02 -1.904049143195152283e-02
1.838124336737451149e-32 1.021666638553142548e-02 8.352016806602478027e-01 8.367992192506790161e-02
-1.421966588008431431e-33 4.305556416511535645e-01 1.069044396281242371e-01 4.513835310935974121e-01
8.400660827259877245e-33 2.484178990125656128e-01 -7.014232873916625977e-01 -1.708770513534545898e+00
-4.652749463118238864e-32 3.534923195838928223e-01 -3.662533313035964966e-02 -1.269644796848297119e-01
2.314226401519554186e-33 1.478124558925628662e-01 -1.035281270742416382e-02 -1.500686910003423691e-02
3.084735581505708566e-33 1.438598334789276123e-01 -1.675373502075672150e-02 -2.363588660955429077e-02
1.609881757779355418e-33 9.541949033737182617e-01 -9.714183956384658813e-02 -9.090003967285156250e-01
6.200349489429198539e-32 5.151662230491638184e-01 2.480291388928890228e-02 1.253056824207305908e-01
-4.440409706422036303e-33 4.123054817318916321e-02 2.074116468429565430e-02 8.386349305510520935e-03
2.750352621760877502e-32 2.098431810736656189e-02 -2.477685175836086273e-02 -5.098725669085979462e-03
-2.148362128237613943e-33 8.259025812149047852e-01 3.673266172409057617e-01 2.975102186203002930e+00
-3.909849963836412205e-32 2.244952917098999023e-01 8.898102045059204102e-01 1.958958864212036133e+00
-3.783777092684767973e-33 9.159287065267562866e-02 1.070680841803550720e-01 9.617061167955398560e-02
1.407916767286716514e-32 8.093651384115219116e-02 -1.144483592361211777e-02 -9.083949960768222809e-03
2.295580122379635650e-33 1.119781285524368286e-02 1.031226217746734619e-01 1.132420822978019714e-02
1.100421697980609822e-32 4.191265404224395752e-01 -2.821197733283042908e-02 -1.159576475620269775e-01
-1.214116172807713807e-32 2.379266768693923950e-01 1.160386875271797180e-01 2.707488536834716797e-01
1.215004111852966193e-32 5.898140072822570801e-01 -6.542645096778869629e-01 -3.784331083297729492e+00
-3.250566904211627322e-32 4.257330894470214844e-01 1.593514531850814819e-02 6.652947515249252319e-02
-1.003109720578931426e-32 5.042177811264991760e-02 -3.143034130334854126e-02 -1.554132066667079926e-02
-6.830492631844274325e-32 5.870152711868286133e-01 -1.672606915235519409e-01 -9.628617763519287109e-01
-1.744192052531180682e-32 8.661843836307525635e-02 1.984098553657531738e-02 1.685366034507751465e-02
1.892151746874372790e-33 4.113688170909881592e-01 4.421743750572204590e-02 1.783797591924667358e-01
-6.380661506637706275e-32 3.745959997177124023e-01 3.389231860637664795e-01 1.245045185089111328e+00
-3.348560962210370351e-33 4.045281559228897095e-02 -3.909766674041748047e-02 -1.551030296832323074e-02
2.497123771615901691e-33 4.322012141346931458e-02 2.422730624675750732e-01 1.026861369609832764e-01
2.845661336383563941e-33 4.422650933265686035e-01 7.241354137659072876e-02 3.140675723552703857e-01
-1.239510395635626916e-33 2.132319286465644836e-02 8.533826470375061035e-01 1.784500628709793091e-01
-1.051720011936882407e-32 2.573026716709136963e-01 -6.582977771759033203e-01 -1.661067843437194824e+00
2.538478948574775978e-33 4.329922050237655640e-02 7.395318150520324707e-01 3.140202164649963379e-01
-6.058445574639458224e-32 1.768770813941955566e-02 3.066896088421344757e-02 5.319751333445310593e-03
-6.471626549228913583e-32 2.257095575332641602e-01 -2.196246832609176636e-01 -4.861292839050292969e-01
4.875381921818638301e-32 7.196930646896362305e-01 -1.221353411674499512e-01 -8.620041608810424805e-01
-3.145502027287497455e-33 4.817550629377365112e-02 -3.529079556465148926e-01 -1.667279601097106934e-01
8.856024563565384243e-32 1.110846363008022308e-02 -8.524208515882492065e-02 -9.286001324653625488e-03
-6.028332935854443685e-32 1.544407941401004791e-02 -8.720345050096511841e-02 -1.320737041532993317e-02
-1.008308840257122245e-33 1.019809115678071976e-02 -5.029358863830566406e-01 -5.029816925525665283e-02
-1.545760193980930478e-33 2.710351645946502686e-01 6.454944610595703125e-01 1.715690135955810547e+00
4.514943615509052750e-32 1.460380759090185165e-02 -4.356636479496955872e-02 -6.239332258701324463e-03
-5.087596121024493657e-33 4.791341125965118408e-01 4.991693794727325439e-02 2.345447540283203125e-01
-8.502872999799752199e-33 5.767452716827392578e-02 2.543484792113304138e-02 1.438579522073268890e-02
9.032055430348197209e-32 2.820065021514892578e-01 2.595637924969196320e-02 7.178337872028350830e-02
-9.772449951168421574e-32 7.151712477207183838e-02 -4.330182075500488281e-02 -3.036944754421710968e-02
3.565955050741521043e-33 8.688747882843017578e-01 4.490373283624649048e-02 3.826135396957397461e-01
1.459311033343597767e-33 1.074340939521789551e-02 -2.406193166971206665e-01 -2.535089477896690369e-02
5.070717050704242578e-32 5.645337328314781189e-02 -5.573567003011703491e-02 -3.085629828274250031e-02
-3.265550636827971315e-32 9.022419899702072144e-02 8.570556044578552246e-01 7.583203315734863281e-01
-1.110422216170230433e-32 6.565999984741210938e-01 1.140708327293395996e-01 7.345074415206909180e-01
-1.924455249989930830e-33 1.397727150470018387e-02 1.857413351535797119e-02 2.545960247516632080e-03
1.900955464878062459e-33 1.054855156689882278e-02 6.306031346321105957e-01 6.523334234952926636e-02
-1.473426038900485627e-32 3.370872735977172852e-01 -1.197215542197227478e-02 -3.957631811499595642e-02
-1.383677779899173240e-32 3.291758149862289429e-02 -1.247191429138183594e-01 -4.026073589920997620e-02
-1.037344193570905853e-33 1.163482144474983215e-01 3.157492578029632568e-01 3.602655529975891113e-01
-5.769412084923397116e-32 1.127577051520347595e-01 1.590459607541561127e-02 1.758691109716892242e-02
2.524444648051911761e-32 7.735434174537658691e-02 8.983784168958663940e-02 6.814981997013092041e-02
-2.862873879757463918e-32 8.870503306388854980e-01 -9.426377415657043457e-01 -8.199998855590820312e+00
3.073800765712375016e-32 4.306364953517913818e-01 -6.797548383474349976e-02 -2.870673537254333496e-01
-1.781186476056290450e-32 8.809471726417541504e-01 -2.208721078932285309e-02 -1.908145248889923096e-01
-5.721638231264453118e-32 7.508288025856018066e-01 -8.941577374935150146e-02 -6.583786606788635254e-01
-1.090294244768199635e-33 6.824155151844024658e-02 4.929872751235961914e-01 3.299174308776855469e-01
-6.414586273602437493e-32 5.012285709381103516e-01 -4.854564070701599121e-01 -2.386199235916137695e+00
3.438798520735212515e-33 7.385736107826232910e-01 9.025637507438659668e-01 6.537209033966064453e+00
1.090050825602083264e-32 1.004215255379676819e-01 -1.520821079611778259e-02 -1.497702766209840775e-02
-3.403697377798895893e-32 5.178570374846458435e-02 7.681713104248046875e-01 3.901114165782928467e-01
2.393671489270107686e-32 5.326763540506362915e-02 3.677167296409606934e-01 1.920867860317230225e-01
3.373702582322551289e-32 1.807722449302673340e-01 1.631094068288803101e-01 2.891554832458496094e-01
-1.081334681927529855e-32 5.418398976325988770e-02 -6.923388242721557617e-01 -3.678835630416870117e-01
7.256020999094766992e-32 2.480568923056125641e-02 7.963224649429321289e-01 1.937139630317687988e-01
6.261161926427463350e-33 4.536907374858856201e-02 2.620607912540435791e-01 1.165957301855087280e-01
7.962380844228458256e-32 4.893772676587104797e-02 -1.860584504902362823e-02 -8.929226547479629517e-03
-9.408424623847301812e-32 1.786056607961654663e-01 -3.751508295536041260e-01 -6.570853590965270996e-01
2.758976929939272920e-32 6.327470391988754272e-02 -2.728145718574523926e-01 -1.692849546670913696e-01
2.786784314099729563e-33 3.846709802746772766e-02 6.922332644462585449e-01 2.611334919929504395e-01
-1.400312347394453283e-32 1.851620897650718689e-02 -7.035248726606369019e-02 -1.277474500238895416e-02
-4.008404879577291317e-32 1.478458289057016373e-02 1.111797429621219635e-02 1.611964311450719833e-03
3.962788058052106217e-32 1.980140209197998047e-01 8.919609785079956055e-01 1.732058167457580566e+00
-1.525450682170094564e-33 4.111215472221374512e-02 -1.166107319295406342e-02 -4.701423924416303635e-03
-3.084849457520944475e-33 3.211769461631774902e-02 -1.869024150073528290e-02 -5.886808969080448151e-03
7.093032242134327306e-32 2.852623537182807922e-02 -2.771978676319122314e-01 -7.754521816968917847e-02
6.703356452583914409e-32 9.115334749221801758e-01 1.073414180427789688e-02 9.595344960689544678e-02
-2.974149407615766415e-32 7.378383725881576538e-02 -1.911226063966751099e-01 -1.382910162210464478e-01
7.670160148516936368e-33 5.535345077514648438e-01 3.623038232326507568e-01 1.966700673103332520e+00
-5.756639751054537551e-32 5.665329843759536743e-02 1.576388254761695862e-02 8.758082985877990723e-03
3.188903482771764101e-33 5.849859490990638733e-02 -3.504665493965148926e-01 -2.010539919137954712e-01
3.412474794116485914e-33 4.911385104060173035e-02 1.232503503561019897e-01 5.936259031295776367e-02
-2.937920561520828124e-33 2.179192751646041870e-01 -1.189537495374679565e-01 -2.542110681533813477e-01
-2.276405495263220960e-32 9.087114781141281128e-02 -2.948759868741035461e-02 -2.627762220799922943e-02
-1.632134049511413637e-33 7.695701122283935547e-01 5.547262355685234070e-02 4.186466038227081299e-01
1.391575338695172778e-32 3.482212126255035400e-02 1.054045855998992920e-01 3.599443659186363220e-02
2.909241254425649048e-32 3.788889572024345398e-02 -1.118536293506622314e-01 -4.156068339943885803e-02
1.483272126519766960e-32 1.368962377309799194e-01 1.219118200242519379e-02 1.636658236384391785e-02
6.729644032751353224e-32 2.490468770265579224e-01 -3.991225659847259521e-01 -9.747832417488098145e-01
-1.294153801546577899e-33 6.540264189243316650e-02 1.320344209671020508e-01 8.468434214591979980e-02
-7.629410902161712507e-32 9.853891283273696899e-02 2.896667085587978363e-02 2.799155563116073608e-02
-1.556549652550945160e-32 1.389134488999843597e-02 1.293301954865455627e-02 1.761833671480417252e-03
1.955813949521015457e-32 4.835865497589111328e-01 -7.839661836624145508e-02 -3.717853128910064697e-01
4.502916251185026810e-33 5.661249905824661255e-02 1.189601644873619080e-01 6.604418158531188965e-02
-1.052953748359368093e-33 6.161516159772872925e-02 1.150081604719161987e-01 6.949233263731002808e-02
-1.766930374443105453e-32 4.823159575462341309e-01 1.317533385008573532e-02 6.231806054711341858e-02
3.033596985470131160e-33 1.739668659865856171e-02 -4.225824773311614990e-01 -7.209393382072448730e-02
-3.357034366301478957e-32 3.348637819290161133e-01 -1.002456769347190857e-01 -3.291959762573242188e-01
1.211547056435594771e-32 2.963968180119991302e-02 -4.714908897876739502e-01 -1.370463669300079346e-01
6.062674415566541404e-32 4.330069571733474731e-02 -5.684490203857421875e-01 -2.413832247257232666e-01
4.323818666577712349e-33 8.772982954978942871e-01 -1.532904654741287231e-01 -1.318812608718872070e+00
1.607527756873436861e-32 5.919085070490837097e-02 -4.137320816516876221e-01 -2.401565462350845337e-01
1.736210666294288129e-33 1.336104273796081543e-01 1.680861860513687134e-01 2.202384173870086670e-01
8.286347087315080693e-32 2.884674817323684692e-02 -1.147159375250339508e-02 -3.245198633521795273e-03
3.125328560580669989e-32 2.357080578804016113e-01 6.607636809349060059e-02 1.527359485626220703e-01
2.136241312112697631e-32 9.396117925643920898e-02 1.542557589709758759e-02 1.421381160616874695e-02
7.807529153037998150e-33 1.473345514386892319e-02 -9.103909879922866821e-02 -1.315386034548282623e-02
6.165067467299649138e-33 5.425724983215332031e-01 -2.847380340099334717e-01 -1.515039443969726562e+00
-1.624447602153982088e-33 3.488228470087051392e-02 5.592803284525871277e-02 1.913177035748958588e-02
-1.319338712911647714e-32 3.785116970539093018e-02 -1.836119741201400757e-01 -6.815550476312637329e-02
3.003411282364373323e-32 3.728140592575073242e-01 7.371897101402282715e-01 2.695207595825195312e+00
7.539931096682769160e-32 1.233588531613349915e-02 7.643166184425354004e-02 9.246221743524074554e-03
2.955549560502705359e-32 7.129636406898498535e-01 -2.492612153291702271e-01 -1.742780804634094238e+00
2.040473787351205867e-33 7.884360849857330322e-02 2.122603543102741241e-02 1.641179434955120087e-02
-2.118424674845070388e-33 6.165667250752449036e-02 1.049009338021278381e-02 6.342786829918622971e-03
-3.668072522517757877e-32 1.427780836820602417e-02 9.238624572753906250e-02 1.293568871915340424e-02
9.442983423077507801e-33 1.135817617177963257e-01 2.072405666112899780e-01 2.308362722396850586e-01
-1.186629496566940100e-33 2.608623914420604706e-02 -4.601399600505828857e-02 -1.177123654633760452e-02
-6.644534127521591731e-32 1.277788262814283371e-02 -2.664017677307128906e-01 -3.338233381509780884e-02
5.847084490458712144e-33 1.022237762808799744e-01 -1.355655342340469360e-01 -1.359007507562637329e-01
3.152232834471908947e-33 9.041061252355575562e-02 2.173450216650962830e-02 1.927035860717296600e-02
2.758396492869355952e-33 4.031030535697937012e-01 2.454283535480499268e-01 9.702004790306091309e-01
-3.663663830954998887e-32 3.792813420295715332e-01 2.238110266625881195e-02 8.324604481458663940e-02
-3.394903504560394361e-32 6.089699268341064453e-01 1.392559614032506943e-02 8.316303789615631104e-02
-1.650225972862324074e-32 1.367618143558502197e-01 1.618297100067138672e-01 2.170419991016387939e-01
5.987197172262990071e-33 3.029578737914562225e-02 1.058398559689521790e-02 3.144504036754369736e-03
-3.744886670240178782e-32 1.324444562196731567e-01 -1.897673308849334717e-01 -2.464767098426818848e-01
-1.135509175795098134e-33 8.719903230667114258e-02 2.664165496826171875e-01 2.278208881616592407e-01
-4.285540897095092348e-33 1.036941539496183395e-02 -3.004548698663711548e-02 -3.055302193388342857e-03
-7.302452438205071937e-32 1.009758841246366501e-02 -3.116676583886146545e-02 -3.086242824792861938e-03
1.351185058927331274e-32 6.415207684040069580e-02 2.224572896957397461e-01 1.399516463279724121e-01
2.307523475591776260e-32 5.206645280122756958e-02 -6.832941770553588867e-01 -3.488882780075073242e-01
2.926354395058507616e-32 1.475473027676343918e-02 -3.317720890045166016e-01 -4.800558835268020630e-02
-5.406645124304832613e-33 8.315515518188476562e-02 -3.636812791228294373e-02 -2.965724654495716095e-02
-4.769425212024218950e-32 5.753154680132865906e-02 -3.908631801605224609e-01 -2.205217778682708740e-01
4.123743797532798756e-32 8.769337087869644165e-02 -7.668326795101165771e-02 -6.594593822956085205e-02
2.184796391970358428e-33 3.191013634204864502e-01 6.777043938636779785e-01 2.120750904083251953e+00
1.236961097363578775e-32 2.502213977277278900e-02 -1.568086631596088409e-02 -3.847823943942785263e-03
9.177470840637431402e-33 3.342131674289703369e-01 1.962090432643890381e-01 6.430774331092834473e-01
1.320908291743583173e-32 1.854213513433933258e-02 8.545994758605957031e-01 1.553971469402313232e-01
-3.416133887625404916e-33 2.820635139942169189e-01 1.937951445579528809e-01 5.360563993453979492e-01
1.760155559688935052e-32 5.361199378967285156e-02 -3.954028338193893433e-02 -2.078846655786037445e-02
-4.462716695375606221e-32 6.232969164848327637e-01 -4.097104668617248535e-01 -2.504336595535278320e+00
1.580861740993430195e-33 1.542496830224990845e-01 4.767749831080436707e-02 7.212045043706893921e-02
-2.249718393953296419e-33 1.794054359197616577e-01 -4.583875834941864014e-02 -8.064716309309005737e-02
-4.318370103324857193e-32 6.277053356170654297e-01 6.966453045606613159e-02 4.288330376148223877e-01
-1.619449473642682648e-32 2.677276171743869781e-02 -4.239698350429534912e-01 -1.113137453794479370e-01
5.172636892492747415e-33 1.072635408490896225e-02 2.469164878129959106e-02 2.597304526716470718e-03
2.568078998354435073e-32 5.732839554548263550e-02 -6.059300526976585388e-02 -3.406535834074020386e-02
3.074326799434367989e-32 1.508828997611999512e-02 1.474701911211013794e-01 2.182051166892051697e-02
-1.276556100101791307e-33 2.521548420190811157e-02 1.877140998840332031e-02 4.641783423721790314e-03
-2.089649124149917738e-33 1.369708590209484100e-02 -5.214772373437881470e-02 -7.004613988101482391e-03
4.288354736697373199e-33 3.821806609630584717e-01 7.976436614990234375e-02 2.989498078823089600e-01
1.525561894955941891e-33 6.455602049827575684e-01 -1.103571709245443344e-02 -6.986472755670547485e-02
-3.185160929163936717e-32 2.075840532779693604e-01 1.222362667322158813e-01 2.488368749618530273e-01
6.980083104194041578e-32 1.850831508636474609e-01 -4.062915742397308350e-01 -7.374377846717834473e-01
4.258792890484115828e-33 2.736254036426544189e-02 6.601139307022094727e-01 1.771315783262252808e-01
-1.969768536833214538e-33 6.614835560321807861e-02 -5.607129335403442383e-01 -3.637309968471527100e-01
3.717522924994562162e-32 2.353675514459609985e-01 9.812264889478683472e-02 2.264834940433502197e-01
1.017293198681754683e-33 3.235647827386856079e-02 9.226130843162536621e-01 2.927531301975250244e-01
3.554333746247307276e-32 2.844250202178955078e-01 1.710847020149230957e-01 4.771991372108459473e-01
-1.661084308054457249e-32 5.098611116409301758e-02 3.087807074189186096e-02 1.543912570923566818e-02
6.621409802652215691e-32 4.868255853652954102e-01 8.318373560905456543e-01 3.971298217773437500e+00
1.268378792017395295e-33 1.238467637449502945e-02 6.286703050136566162e-02 7.635338231921195984e-03
5.050114381622571124e-33 1.506677418947219849e-01 2.028030157089233398e-01 2.996507287025451660e-01
-3.935875041421633018e-33 2.421974949538707733e-02 -2.093128561973571777e-01 -4.971486330032348633e-02
-2.698046355758750469e-32 7.298023253679275513e-02 -1.135769635438919067e-01 -8.128608763217926025e-02
2.582812901687030867e-33 2.298229373991489410e-02 -2.077123820781707764e-01 -4.681407660245895386e-02
1.979891196232725277e-33 1.217965632677078247e-01 1.364468876272439957e-02 1.629743911325931549e-02
1.848126618168597993e-32 1.944117620587348938e-02 6.141457557678222656e-01 1.170886158943176270e-01
-5.231256959058331733e-33 6.295784115791320801e-01 1.070345118641853333e-01 6.608369350433349609e-01
1.097850836734063784e-33 2.407884038984775543e-02 2.197280712425708771e-02 5.188499577343463898e-03
-1.858323590851599779e-33 2.488078773021697998e-01 -2.553719468414783478e-02 -6.231003254652023315e-02
-4.367249803294337258e-32 7.601734995841979980e-01 -1.071900352835655212e-01 -7.990754842758178711e-01
-6.142688993595869839e-33 1.055258587002754211e-01 -1.014595106244087219e-02 -1.049959007650613785e-02
9.544437401761102380e-33 1.771013140678405762e-01 4.001504555344581604e-02 6.949695199728012085e-02
-1.042726378127138012e-32 4.762251079082489014e-01 -7.403826713562011719e-02 -3.457715213298797607e-01
-1.071552658750368337e-32 5.758354663848876953e-01 -7.230566442012786865e-02 -4.083113074302673340e-01
4.742583018928382794e-33 9.918432235717773438e-01 -5.523020625114440918e-01 -5.372054100036621094e+00
8.737089220643536016e-32 7.657495141029357910e-01 -1.179047003388404846e-01 -8.853979706764221191e-01
-2.002298138940313553e-32 1.097972504794597626e-02 -7.879225015640258789e-01 -8.483901619911193848e-02
1.998227255066622118e-33 2.646456658840179443e-01 -1.090771481394767761e-01 -2.830865383148193359e-01
8.708130329563853552e-32 4.021590203046798706e-02 9.607484936714172363e-02 3.789031505584716797e-02
4.234461626790033004e-33 5.026491284370422363e-01 4.764954745769500732e-01 2.348791122436523438e+00
-8.259512608400921808e-33 6.928538084030151367e-01 -2.607711963355541229e-02 -1.771829426288604736e-01
7.098460675046424630e-33 1.078476384282112122e-02 -1.376113388687372208e-02 -1.455410616472363472e-03
1.515794381787173336e-32 2.217584848403930664e-02 3.061860613524913788e-02 6.658651866018772125e-03
-5.617953164302997838e-32 1.296933144330978394e-01 -3.056062385439872742e-02 -3.886874020099639893e-02
1.379857423259000805e-32 2.353054843842983246e-02 -2.739149928092956543e-01 -6.320748478174209595e-02
-8.621026785915097459e-32 6.777059286832809448e-02 -2.263483405113220215e-01 -1.504316627979278564e-01
-5.001709728307617116e-33 6.384428590536117554e-02 3.261980786919593811e-02 2.042321488261222839e-02
-8.933516824591435756e-33 1.664773225784301758e-01 6.679752469062805176e-01 1.090526342391967773e+00
9.754471352819770098e-32 1.384097617119550705e-02 3.880284726619720459e-02 5.266850348562002182e-03
1.028751880879371879e-33 1.524600107222795486e-02 3.099785558879375458e-02 4.634557757526636124e-03
7.101142271534237973e-33 1.014649271965026855e-01 -1.923324912786483765e-01 -1.913768053054809570e-01
1.368938256234212577e-32 8.592407703399658203e-01 -1.995245181024074554e-02 -1.681248098611831665e-01
-1.766490445682310212e-32 1.182950194925069809e-02 2.251693606376647949e-02 2.612140029668807983e-03
1.210232266004200043e-32 1.155464574694633484e-01 1.937822811305522919e-02 2.195792831480503082e-02
1.568297175751078470e-33 1.285620331764221191e-01 8.262581825256347656e-01 1.041715621948242188e+00
-5.964744128136330484e-33 5.122825130820274353e-02 -5.130619406700134277e-01 -2.577507793903350830e-01
4.355907164429665300e-32 1.161355152726173401e-02 -1.218940839171409607e-01 -1.388252153992652893e-02
2.010856178624681364e-32 1.587365567684173584e-02 -1.607691496610641479e-02 -2.502651652321219444e-03
2.389424722054174467e-32 1.684848032891750336e-02 5.020636320114135742e-01 8.295454829931259155e-02
-3.630321815314687819e-33 7.659632712602615356e-02 -5.341096967458724976e-02 -4.011983051896095276e-02
-3.570491356909741176e-33 4.972284287214279175e-02 -4.549893736839294434e-02 -2.218594215810298920e-02
6.573162371706684164e-33 3.919484093785285950e-02 -2.954559400677680969e-02 -1.135644316673278809e-02
9.576016616685561575e-32 1.988875307142734528e-02 1.623417995870113373e-02 3.166347276419401169e-03
-8.203625198859014676e-33 1.231163833290338516e-02 -5.984590202569961548e-02 -7.225550711154937744e-03
-2.535116079642264192e-32 6.500379741191864014e-02 -2.792399004101753235e-02 -1.780069246888160706e-02
1.695404298260453998e-33 1.584840565919876099e-02 -3.566936850547790527e-01 -5.543725192546844482e-02
1.219607623237274744e-33 2.549387514591217041e-02 -3.920735418796539307e-02 -9.802211076021194458e-03
-5.522006303184608749e-33 1.723822578787803650e-02 5.164349824190139771e-02 8.730295114219188690e-03
6.803643018440348603e-33 4.885240793228149414e-01 -1.214841455221176147e-01 -5.820043683052062988e-01
4.250054779758881427e-32 3.282802924513816833e-02 1.385565400123596191e-01 4.460592195391654968e-02
6.534303320267582542e-32 3.353376686573028564e-01 -3.553384542465209961e-01 -1.168544411659240723e+00
-2.193101737103497911e-32 2.336311526596546173e-02 3.049254119396209717e-01 6.986264884471893311e-02
6.465415237079168616e-32 3.239515423774719238e-01 1.673937737941741943e-01 5.317898392677307129e-01
-3.170936418961430069e-33 4.847581982612609863e-01 -5.494157969951629639e-02 -2.611842453479766846e-01
1.329916545764315921e-32 7.931829243898391724e-02 3.468251600861549377e-02 2.697768062353134155e-02
-6.181643407014181919e-33 1.782705038785934448e-01 -1.909167505800724030e-02 -3.337676078081130981e-02
-7.203026775023821215e-33 8.921774625778198242e-01 -7.157950997352600098e-01 -6.262686252593994141e+00
3.242876526294960212e-32 8.891153931617736816e-01 -2.611273527145385742e-02 -2.276832908391952515e-01
1.763130735890866261e-32 1.225073821842670441e-02 2.620497047901153564e-01 3.148230910301208496e-02
-3.004783084271782933e-32 1.875212639570236206e-01 -1.644781976938247681e-02 -3.024680726230144501e-02
-8.891164203941690295e-32 7.160383462905883789e-02 3.009684942662715912e-02 2.113381959497928619e-02
-2.324720259994535526e-33 4.334725067019462585e-02 1.134756505489349365e-01 4.823751375079154968e-02
-2.605431066035782522e-33 3.711307346820831299e-01 1.203072909265756607e-02 4.378643259406089783e-02
2.723142131591249338e-33 3.106339648365974426e-02 1.466847397387027740e-02 4.468426108360290527e-03
-3.083175920907358170e-32 4.042444229125976562e-01 1.751688420772552490e-01 6.944189667701721191e-01
1.177686868191761853e-32 1.106728613376617432e-02 4.096950218081474304e-02 4.446543287485837936e-03
-8.258849923460645744e-33 8.617784827947616577e-02 -5.964822694659233093e-02 -5.040966719388961792e-02
-2.115033043035161920e-32 8.203420639038085938e-01 5.709489583969116211e-01 4.593174457550048828e+00
8.427288713041879112e-33 3.757927417755126953e-01 5.708419904112815857e-02 2.103705704212188721e-01
1.361211897170150765e-33 6.618930697441101074e-01 -1.741654984652996063e-02 -1.130500212311744690e-01
8.606381889545377990e-32 4.041198268532752991e-02 -4.852420091629028320e-02 -1.923044025897979736e-02
-6.060716041978071473e-32 2.315621636807918549e-02 4.450334981083869934e-02 1.010603923350572586e-02
1.524191342011280030e-33 1.299682352691888809e-02 1.443688571453094482e-01 1.840057596564292908e-02
-2.371763727585435788e-33 1.383261978626251221e-01 4.428940415382385254e-01 6.007931828498840332e-01
1.466951416016156467e-32 1.388090401887893677e-01 1.586119458079338074e-02 2.159107849001884460e-02
2.777784251805254109e-32 2.926437743008136749e-02 -6.305293738842010498e-02 -1.809527911245822906e-02
-4.992674217511624677e-32 2.610342390835285187e-02 -7.266096025705337524e-02 -1.860027201473712921e-02
-1.221446261705853886e-33 1.016325876116752625e-01 -3.365640342235565186e-01 -3.354450166225433350e-01
8.011075550774477663e-33 4.358775168657302856e-02 -1.877296119928359985e-01 -8.024498820304870605e-02
-2.346502721328249461e-33 3.838946223258972168e-01 3.554160892963409424e-02 1.338042169809341431e-01
4.357577835775771476e-32 5.901407077908515930e-02 -3.295942023396492004e-02 -1.907461509108543396e-02
6.797156493675717368e-33 2.028271704912185669e-01 -8.027908205986022949e-01 -1.596795201301574707e+00
-6.021296426670421472e-32 2.757068723440170288e-02 -3.499066829681396484e-01 -9.460639953613281250e-02
-1.096388723799732406e-32 2.355830930173397064e-02 -1.432714015245437622e-01 -3.309971839189529419e-02
-1.617309633113804526e-32 2.243573367595672607e-01 -7.386279702186584473e-01 -1.625124692916870117e+00
-2.471779195057211593e-33 4.710815846920013428e-02 5.012010335922241211e-01 2.315414547920227051e-01
-3.577129226572040781e-33 3.384290337562561035e-01 -2.165457457304000854e-01 -7.186838984489440918e-01
-2.364122279621121655e-33 8.856506943702697754e-01 1.495074108242988586e-02 1.298511624336242676e-01
8.654762298289346288e-33 1.882398426532745361e-01 1.673861965537071228e-02 3.089953027665615082e-02
4.359064762661164744e-33 4.470102488994598389e-01 -6.514388918876647949e-01 -2.855695009231567383e+00
-1.970294276681619806e-32 1.470832712948322296e-02 -1.613309420645236969e-02 -2.327028196305036545e-03
-4.923198681021387313e-32 2.553820610046386719e-01 -4.245505332946777344e-01 -1.063262462615966797e+00
-1.384361789041657190e-33 6.487652659416198730e-02 -2.223916351795196533e-01 -1.414903104305267334e-01
-1.797460313722661904e-32 2.377056628465652466e-01 1.043488737195730209e-02 2.432472817599773407e-02
-1.581381713572676742e-33 2.695031166076660156e-01 -5.818590149283409119e-02 -1.537808328866958618e-01
7.401211596089406422e-32 5.773692205548286438e-02 -4.088347032666206360e-02 -2.314845658838748932e-02
7.919758006814817522e-33 8.845912665128707886e-02 7.900094240903854370e-02 6.853234767913818359e-02
2.033115192715058348e-32 6.683251261711120605e-02 3.419122472405433655e-02 2.240903303027153015e-02
-1.300954569011962548e-32 2.022801898419857025e-02 1.469162851572036743e-02 2.914365148171782494e-03
-2.688958755869337217e-33 3.013559430837631226e-02 -5.205403566360473633e-01 -1.538348942995071411e-01
1.741867365515635755e-32 1.221246048808097839e-01 -1.357440203428268433e-01 -1.625715494155883789e-01
1.746567689879994062e-33 1.601919382810592651e-01 -9.623584151268005371e-02 -1.511813402175903320e-01
-1.630461651657979690e-32 1.642615906894207001e-02 -3.300254046916961670e-01 -5.316233634948730469e-02
-2.238657285985646399e-32 1.354095339775085449e-01 -3.174983859062194824e-01 -4.216105341911315918e-01
-7.111740234727664012e-32 4.252497851848602295e-02 -6.510435342788696289e-01 -2.715031206607818604e-01
1.420049430190637207e-33 9.839108586311340332e-02 -2.856650203466415405e-02 -2.756344527006149292e-02
-2.722449030734645746e-32 7.177225500345230103e-02 7.011412829160690308e-02 4.934950545430183411e-02
1.319230861304959769e-33 9.012342244386672974e-02 -1.239653751254081726e-01 -1.095616966485977173e-01
9.872128345635099088e-32 9.573563933372497559e-02 -2.127494104206562042e-02 -1.997389085590839386e-02
2.069664397754794175e-32 5.336788296699523926e-02 -1.322870850563049316e-01 -6.923378258943557739e-02
-9.265838922334084571e-32 9.287301898002624512e-01 1.989684998989105225e-01 1.812151789665222168e+00
-1.189534253310417362e-33 1.945019140839576721e-02 1.250008046627044678e-01 2.384280599653720856e-02
1.020158741668372483e-33 1.854459494352340698e-01 -3.123049065470695496e-02 -5.679588019847869873e-02
-1.783848676887315226e-32 1.018691714853048325e-02 3.019484281539916992e-01 3.016450442373752594e-02
-2.988916261524383696e-33 4.120064973831176758e-01 -1.384742856025695801e-01 -5.594919919967651367e-01
-1.700823878230721691e-33 8.631888031959533691e-02 5.940850079059600830e-02 5.028923973441123962e-02
-2.059204261274002049e-32 2.802913188934326172e-01 -1.017536502331495285e-02 -2.796921692788600922e-02
-1.574480349504800628e-32 5.275657773017883301e-01 2.978705614805221558e-02 1.541078984737396240e-01
3.322133057404802125e-32 3.670922517776489258e-01 -8.794189989566802979e-02 -3.165860176086425781e-01
2.884978683682692402e-33 7.469965815544128418e-01 -1.643873006105422974e-02 -1.204224824905395508e-01
1.101365656678518582e-33 4.234571382403373718e-02 3.865776062011718750e-01 1.605339199304580688e-01
7.918404425069845658e-32 4.677003026008605957e-01 5.870322585105895996e-01 2.692466497421264648e+00
8.771200303462872566e-32 7.947713136672973633e-02 -2.886567078530788422e-02 -2.249803021550178528e-02
-3.970896691552475283e-33 1.976357698440551758e-01 -2.508842349052429199e-01 -4.862499535083770752e-01
-1.119341904038468414e-33 8.558175712823867798e-02 1.010397728532552719e-02 8.479968644678592682e-03
2.895531684217199488e-33 1.783237978816032410e-02 -1.350899338722229004e-01 -2.362397313117980957e-02
1.652309205991370410e-33 5.463048443198204041e-02 2.328541688621044159e-02 1.247497741132974625e-02
1.005791170129950916e-33 4.107894301414489746e-01 1.614549756050109863e-02 6.504162400960922241e-02
-1.451186438833996443e-33 1.131244003772735596e-01 -4.774126708507537842e-01 -5.296279788017272949e-01
6.255538949200304937e-32 1.595984585583209991e-02 8.437098264694213867e-01 1.320512294769287109e-01
4.876601203334028719e-32 3.092155456542968750e-01 -3.873904347419738770e-01 -1.174710631370544434e+00
-3.552835578697184271e-32 3.204098343849182129e-02 7.305376231670379639e-02 2.295456826686859131e-02
-1.406077265564473487e-32 1.657957024872303009e-02 -1.335472613573074341e-01 -2.171345613896846771e-02
-1.566729727502653876e-33 1.018227785825729370e-01 -2.627948671579360962e-02 -2.624112740159034729e-02
-1.293892786699397656e-32 1.166332140564918518e-02 -2.526280470192432404e-02 -2.889511873945593834e-03
-8.372621319699331662e-32 5.330914631485939026e-02 -1.781439334154129028e-01 -9.313082695007324219e-02
-1.005284330026654963e-33 3.162234127521514893e-01 -1.056532096117734909e-02 -3.276403620839118958e-02
-5.623420976275847708e-32 2.071999907493591309e-01 6.047922372817993164e-01 1.228900313377380371e+00
2.926715161621614668e-33 9.703755378723144531e-01 2.429332770407199860e-02 2.311785519123077393e-01
-5.518573124996238406e-33 5.436670035123825073e-02 8.313662558794021606e-02 4.432472214102745056e-02
-1.786627251659071408e-33 9.056986868381500244e-02 -2.560176849365234375e-01 -2.273915857076644897e-01
3.589469713203767008e-33 4.435457885265350342e-01 7.697884738445281982e-02 3.348347544670104980e-01
1.804818908358809424e-32 1.035142131149768829e-02 -1.326717436313629150e-01 -1.346787624061107635e-02
2.724337756282829457e-32 1.225298345088958740e-01 1.397684123367071152e-02 1.679467223584651947e-02
-4.432186756096049770e-33 9.754481911659240723e-01 -5.336377620697021484e-01 -5.104714393615722656e+00
-5.645703573721638064e-33 4.183215498924255371e-01 3.735399246215820312e-02 1.532385051250457764e-01
1.226082117551909283e-33 1.966195181012153625e-02 -1.307030022144317627e-01 -2.520187757909297943e-02
-2.279286338043498681e-32 1.089659798890352249e-02 -4.383216798305511475e-02 -4.683867096900939941e-03
-5.211202658091318876e-33 1.107726618647575378e-02 -3.493618965148925781e-02 -3.795148571953177452e-03
-5.454698598682478462e-33 1.116272620856761932e-02 1.374662220478057861e-01 1.504828222095966339e-02
6.379159518730943098e-33 2.673902809619903564e-01 1.070278137922286987e-01 2.806486487388610840e-01
1.014751890097872287e-32 9.046936631202697754e-01 -6.526095271110534668e-01 -5.789961338043212891e+00
-6.335537804992691125e-32 1.103321984410285950e-01 -1.679724454879760742e-02 -1.817443966865539551e-02
-3.118299251299546562e-33 2.963233739137649536e-02 -3.743121027946472168e-02 -1.087728329002857208e-02
6.355496817448890450e-33 3.234803304076194763e-02 6.459184736013412476e-02 2.049020119011402130e-02
-2.041624008573485476e-32 3.509107530117034912e-01 -1.892699301242828369e-01 -6.513268351554870605e-01
9.873893938150034164e-32 6.346264481544494629e-02 -3.686133027076721191e-02 -2.294086851179599762e-02
1.004911239139963508e-32 1.388728246092796326e-02 -1.679708808660507202e-01 -2.287557162344455719e-02
-2.534985158958941360e-33 3.472027927637100220e-02 -2.712700515985488892e-02 -9.236464276909828186e-03
-3.743632711641439106e-32 4.174624010920524597e-02 5.835096910595893860e-02 2.388834767043590546e-02
-1.489082631830079990e-33 7.032775133848190308e-02 -4.490367323160171509e-02 -3.096915036439895630e-02
-6.017078752939671105e-32 8.756919950246810913e-02 -8.689324855804443359e-01 -7.462049126625061035e-01
8.956391209974468207e-33 4.968125745654106140e-02 5.573189258575439453e-02 2.715295366942882538e-02
-1.016102367803074011e-33 6.177825331687927246e-01 -9.364132285118103027e-01 -5.673144817352294922e+00
-5.420358000591143861e-33 5.344870686531066895e-02 2.255143783986568451e-02 1.182039827108383179e-02
-5.081742526499383297e-33 9.922823309898376465e-02 1.499976664781570435e-01 1.459622085094451904e-01
1.865194722674140681e-33 1.133622825145721436e-01 9.260091185569763184e-01 1.029448270797729492e+00
2.150280241144568210e-32 1.884907297790050507e-02 -3.180767223238945007e-02 -5.879529286175966263e-03
-6.409365315443260303e-32 7.083342224359512329e-02 2.661809623241424561e-01 1.848995834589004517e-01
-4.493886250518803850e-33 3.994023799896240234e-01 2.197628468275070190e-02 8.607669174671173096e-02
8.129923907114365041e-33 8.865205049514770508e-01 -8.073123097419738770e-01 -7.018609046936035156e+00
-4.304524249240109174e-32 8.786379098892211914e-01 -4.402343183755874634e-02 -3.793276548385620117e-01
6.517748245577776856e-32 2.358298748731613159e-02 -3.400824069976806641e-01 -7.865089178085327148e-02
6.196672543099826423e-32 7.679910957813262939e-02 -1.663888990879058838e-02 -1.253144722431898117e-02
-5.535190133544653041e-32 1.402673311531543732e-02 -3.552999794483184814e-01 -4.887337982654571533e-02
6.783531779465717792e-33 2.407196164131164551e-02 -2.321503683924674988e-02 -5.480264779180288315e-03
-5.244530494331023151e-33 6.374029070138931274e-02 3.031749129295349121e-01 1.895081847906112671e-01
6.793359940796149085e-32 1.503965072333812714e-02 1.099625509232282639e-02 1.621822244487702847e-03
-2.390418639261993175e-33 8.673321008682250977e-01 1.107661426067352295e-01 9.421349763870239258e-01
5.165617354508415199e-33 2.035845071077346802e-02 2.776053547859191895e-01 5.542340502142906189e-02
1.271342323478413672e-33 1.604971140623092651e-01 6.778134703636169434e-01 1.066837072372436523e+00
-5.743297302425529177e-32 3.531712666153907776e-02 2.915410697460174561e-01 1.009731218218803406e-01
-3.752036541160658419e-33 1.146614626049995422e-01 -2.378161996603012085e-01 -2.674112021923065186e-01
-2.112606712492469329e-33 2.397441416978836060e-01 -3.640986979007720947e-02 -8.560276776552200317e-02
4.111055658446816838e-33 1.201966032385826111e-01 -8.917695283889770508e-02 -1.051151975989341736e-01
-2.935917813020614652e-33 3.509348258376121521e-02 -5.922928452491760254e-02 -2.038372866809368134e-02
-4.358331548059839342e-33 9.172742813825607300e-02 -1.629348248243331909e-01 -1.465661972761154175e-01
2.294160896622010054e-32 3.269571363925933838e-01 -8.288609236478805542e-02 -2.657621800899505615e-01
8.999692013754945695e-33 7.759676128625869751e-02 -1.988268643617630005e-02 -1.513001509010791779e-02
-5.663498721483164337e-33 1.079328265041112900e-02 3.429473191499710083e-02 3.629958722740411758e-03
4.052962874565973242e-32 7.287027239799499512e-01 7.374053001403808594e-01 5.269596099853515625e+00
-6.663774031308675521e-32 1.249751541763544083e-02 -1.918437629938125610e-01 -2.351213246583938599e-02
2.474976319286257435e-32 2.125999145209789276e-02 1.773948073387145996e-01 3.698492050170898438e-02
3.925521140242796457e-33 2.468663007020950317e-01 8.617050945758819580e-02 2.086129039525985718e-01
-2.122118298500544794e-33 4.234435856342315674e-01 -1.881220340728759766e-01 -7.811885476112365723e-01
-2.410450716038935798e-33 1.074787881225347519e-02 -9.689114093780517578e-01 -1.021239235997200012e-01
-1.474615492246723929e-32 3.308611735701560974e-02 -1.619069278240203857e-01 -5.253296345472335815e-02
4.945737830109244633e-33 5.689034238457679749e-02 8.272891044616699219e-01 4.615476429462432861e-01
-9.003108294212022968e-33 4.788640141487121582e-01 -1.245604082942008972e-02 -5.849421396851539612e-02
-2.576385923058108473e-32 3.235843479633331299e-01 4.576021060347557068e-02 1.452098935842514038e-01
2.637921913563502865e-33 3.334051966667175293e-01 -4.651477932929992676e-01 -1.520841717720031738e+00
-3.348952254892400320e-32 9.597094058990478516e-01 -1.609960943460464478e-01 -1.515220284461975098e+00
4.993276070619245688e-32 3.721874207258224487e-02 -1.550718396902084351e-01 -5.659985169768333435e-02
2.494131293606494316e-32 5.633304119110107422e-01 1.137587726116180420e-01 6.284471750259399414e-01
4.452340312867310184e-32 6.753627955913543701e-02 -1.490915752947330475e-02 -9.874404408037662506e-03
-9.804566954758381966e-33 3.206357657909393311e-01 4.016280546784400940e-02 1.262864321470260620e-01
8.804545551712648395e-32 4.009283334016799927e-02 6.360451579093933105e-01 2.500779330730438232e-01
-6.673973795790760510e-32 1.438634376972913742e-02 -2.373330444097518921e-01 -3.348338231444358826e-02
3.941377603946229072e-32 8.261074870824813843e-02 -6.172021627426147461e-01 -5.000168681144714355e-01
-1.589643932756820432e-32 4.906246438622474670e-02 3.961336612701416016e-02 1.905951276421546936e-02
-1.515325818718676033e-33 6.863195449113845825e-02 -6.810414791107177734e-01 -4.583746492862701416e-01
-4.171156847894437238e-33 4.936820864677429199e-01 -4.188446700572967529e-02 -2.027781009674072266e-01
-9.619419247664179044e-33 2.420669794082641602e-02 -4.495468363165855408e-02 -1.067163981497287750e-02
5.288564880054810673e-33 2.147626504302024841e-02 1.929053962230682373e-01 4.062784463167190552e-02
3.546939592907047382e-33 1.193219721317291260e-01 -1.387702859938144684e-02 -1.623818837106227875e-02
-4.391544406258353812e-33 5.280059576034545898e-02 1.318072713911533356e-02 6.824940443038940430e-03
-6.250844024763120721e-32 8.188939094543457031e-02 -1.936925388872623444e-02 -1.555468421429395676e-02
1.314978969668340934e-33 2.200849950313568115e-01 2.038300596177577972e-02 4.399257153272628784e-02
-2.341038582775245911e-32 2.802988514304161072e-02 -2.790798991918563843e-02 -7.671327795833349228e-03
-7.206498891462562547e-33 4.044500887393951416e-01 9.555402994155883789e-01 3.789960145950317383e+00
-4.093520662278806922e-32 7.169913053512573242e-01 1.318233646452426910e-02 9.268873929977416992e-02
2.106575324446797098e-33 2.858043648302555084e-02 -5.926860868930816650e-02 -1.661170646548271179e-02
-7.502925359024532727e-32 2.290606871247291565e-02 -1.734695732593536377e-01 -3.896677866578102112e-02
-2.343934266171702763e-33 1.423179078847169876e-02 2.443262189626693726e-02 3.409967757761478424e-03
-1.360240920469272324e-32 2.273357473313808441e-02 -3.452541232109069824e-01 -7.697103172540664673e-02
-9.258081835113008295e-32 6.531705707311630249e-02 -9.953139424324035645e-01 -6.375399231910705566e-01
3.434099775941388126e-32 2.015057764947414398e-02 1.555600613355636597e-01 3.074016980826854706e-02
-5.727304114035416544e-32 1.217648312449455261e-01 8.360304683446884155e-02 9.983082115650177002e-02
-9.638986820501554548e-33 1.405413076281547546e-02 -2.266143262386322021e-02 -3.123288042843341827e-03
-2.296535836021052633e-32 1.041059102863073349e-02 -8.154448866844177246e-02 -8.325123228132724762e-03
1.012795096079936274e-33 1.113783419132232666e-01 -3.919897228479385376e-02 -4.281501471996307373e-02
-4.679477559793648332e-32 1.546753793954849243e-01 8.554574847221374512e-02 1.297598332166671753e-01
-3.720686474166212643e-33 7.701824605464935303e-02 -1.827423423528671265e-01 -1.380236446857452393e-01
-1.257531091375717215e-33 2.998324036598205566e-01 -1.313589811325073242e-01 -3.862415850162506104e-01
3.419031113858197223e-33 1.162046380341053009e-02 -2.117679640650749207e-02 -2.413261448964476585e-03
5.315521904255042781e-33 3.382734209299087524e-02 3.113778233528137207e-01 1.032942831516265869e-01
2.533933091514955413e-33 9.563735723495483398e-01 6.533243656158447266e-01 6.127412319183349609e+00
1.570369902899364331e-33 4.175882786512374878e-02 1.563549488782882690e-01 6.402956694364547729e-02
-4.945160368509403184e-33 2.100621610879898071e-01 5.755122900009155273e-01 1.185558795928955078e+00
6.526884628482749233e-33 2.440318018198013306e-01 1.702241785824298859e-02 4.073693603277206421e-02
-1.499894498261157222e-32 2.623994350433349609e-01 -1.883837394416332245e-02 -4.847602546215057373e-02
1.960260991586970024e-33 3.364889919757843018e-01 1.168589293956756592e-01 3.856145739555358887e-01
-5.336889526285511839e-32 3.284161090850830078e-01 1.746976748108863831e-02 5.626421421766281128e-02
1.387637285683124262e-33 4.640979319810867310e-02 -6.970407366752624512e-01 -3.172403872013092041e-01
9.447729040708571228e-32 6.558537483215332031e-02 8.438664674758911133e-02 5.427519604563713074e-02
2.045955411382677900e-32 1.747196167707443237e-02 1.154884472489356995e-01 1.978795230388641357e-02
2.243568354446588064e-33 5.101455450057983398e-01 6.901366263628005981e-02 3.452628552913665771e-01
4.057894293772863517e-33 1.100681722164154053e-01 4.153117537498474121e-01 4.482875466346740723e-01
-4.210839700468274505e-32 3.251207992434501648e-02 1.500519514083862305e-01 4.784175008535385132e-02
-6.057032630429769835e-32 6.756911277770996094e-01 2.982680797576904297e-01 1.976403713226318359e+00
-3.524133239259568771e-32 1.268234550952911377e-01 -9.808968007564544678e-02 -1.219954267144203186e-01
-2.238344200412144576e-33 8.792446255683898926e-01 3.749725967645645142e-02 3.233180344104766846e-01
-6.531975253705779001e-33 9.628776460886001587e-02 -1.338697671890258789e-01 -1.264079213142395020e-01
7.864598669086450944e-33 2.231025844812393188e-01 3.853329271078109741e-02 8.430656045675277710e-02
-4.162613575357851632e-32 1.180466264486312866e-02 1.204376015812158585e-02 1.394236227497458458e-03
-3.356455876144080539e-33 8.184983134269714355e-01 -2.263301797211170197e-02 -1.816690415143966675e-01
-1.739115533240360780e-32 7.199510931968688965e-02 1.982143372297286987e-01 1.399454325437545776e-01
1.004208936366644886e-33 1.641611009836196899e-02 -3.012387454509735107e-01 -4.849553853273391724e-02
2.068006803783340897e-32 9.677095413208007812e-01 5.120601058006286621e-01 4.859445095062255859e+00
-5.187249095425834639e-32 1.787312701344490051e-02 6.190747022628784180e-01 1.085086241364479065e-01
-6.307941311865611692e-32 2.786805666983127594e-02 -2.248186990618705750e-02 -6.144121754914522171e-03
2.242744039033073935e-32 6.091788411140441895e-01 4.702890664339065552e-02 2.809508442878723145e-01
2.079782502113695478e-33 6.177893280982971191e-01 -1.066738460212945938e-02 -6.462775170803070068e-02
-2.370318383812702859e-32 3.530215919017791748e-01 -2.588186562061309814e-01 -8.960195779800415039e-01
-2.095586839989508817e-32 4.025115817785263062e-02 -1.227577030658721924e-01 -4.845602810382843018e-02
3.241057963065841206e-33 1.966920495033264160e-02 1.193101406097412109e-01 2.301361411809921265e-02
7.473410312180117468e-33 3.603754043579101562e-01 3.329642117023468018e-02 1.176720559597015381e-01
5.028469857204086491e-33 1.889017075300216675e-01 6.216988340020179749e-02 1.151692718267440796e-01
-1.315873906578400558e-33 2.515268698334693909e-02 -1.998295448720455170e-02 -4.929067566990852356e-03
1.215164346426662656e-33 1.722136884927749634e-02 -6.496204435825347900e-02 -1.097104605287313461e-02
-2.368124617480480765e-32 2.050340361893177032e-02 -1.016656216233968735e-02 -2.044187625870108604e-03
-5.793171764489392602e-32 1.976621598005294800e-01 -9.575939178466796875e-01 -1.856203556060791016e+00
-6.628499796829200318e-32 7.015957683324813843e-02 1.416570041328668594e-02 9.746432304382324219e-03
-1.250931517115315493e-33 1.640150696039199829e-01 -4.422898590564727783e-02 -7.113959640264511108e-02
-1.856085302670840291e-32 3.211601078510284424e-01 -9.534758925437927246e-01 -3.002976894378662109e+00
1.719203099747812788e-32 1.162419840693473816e-02 -4.271027743816375732e-01 -4.868734255433082581e-02
-5.834569149042301102e-32 1.521251164376735687e-02 -3.360870108008384705e-02 -5.013873334974050522e-03
1.218378588792192348e-33 7.544593214988708496e-01 -1.288291215896606445e-01 -9.531704187393188477e-01
1.528565834035269784e-33 3.697439283132553101e-02 2.066969871520996094e-01 7.494728267192840576e-02
-9.209789588445351669e-32 8.658926486968994141e-01 -1.539326310157775879e-01 -1.307119965553283691e+00
-3.508196768471883314e-32 6.231915578246116638e-02 -1.416268013417720795e-02 -8.655411191284656525e-03
5.900705032613455420e-33 3.705920279026031494e-02 6.884125620126724243e-02 2.501874603331089020e-02
-2.233906341895805808e-33 5.684515461325645447e-02 3.582323715090751648e-02 1.997004076838493347e-02
7.879942543784528116e-33 1.060079038143157959e-01 -1.721143350005149841e-02 -1.789270341396331787e-02
1.598525196653465909e-33 3.525843620300292969e-01 5.014893412590026855e-02 1.733985394239425659e-01
-8.335149057720612634e-33 1.675185188651084900e-02 1.552425622940063477e-01 2.550317905843257904e-02
8.301979398939490883e-32 1.527088601142168045e-02 3.855424001812934875e-02 5.773738026618957520e-03
9.848182937961673680e-33 2.226435393095016479e-02 -1.202702075242996216e-01 -2.625964395701885223e-02
-1.068978215919472137e-33 3.865261748433113098e-02 3.678888455033302307e-02 1.394492574036121368e-02
-1.972969922229282111e-33 3.112464249134063721e-01 2.292720414698123932e-02 6.998035311698913574e-02
5.196750322389943483e-33 1.681209504604339600e-01 3.411854207515716553e-01 5.625135302543640137e-01
7.769284738207582731e-32 2.679207026958465576e-01 3.216808661818504333e-02 8.451857417821884155e-02
1.655565876356125094e-33 3.780160248279571533e-01 1.573303900659084320e-02 5.832348763942718506e-02
2.493612533255797055e-33 2.119929343461990356e-01 -9.499453753232955933e-02 -1.974879950284957886e-01
3.221299151991266302e-32 4.689567387104034424e-01 1.306066475808620453e-02 6.006462126970291138e-02
6.228871831294344376e-33 3.239440545439720154e-02 2.054844982922077179e-02 6.527843419462442398e-03
8.060020931490809923e-33 1.116375774145126343e-01 -4.259550943970680237e-02 -4.663316532969474792e-02
8.577645166898000938e-32 1.134706940501928329e-02 -5.924522876739501953e-01 -6.592615693807601929e-02
-1.958334099206583052e-33 3.991333767771720886e-02 6.708354949951171875e-01 2.625758349895477295e-01
-9.833690268110385697e-32 5.306894779205322266e-01 1.323016136884689331e-01 6.885353326797485352e-01
6.026876498353774871e-32 7.931984961032867432e-02 -1.060575023293495178e-01 -8.249810338020324707e-02
-1.459809993961323365e-32 4.291533529758453369e-01 -1.932813972234725952e-01 -8.134357333183288574e-01
-1.694638353488297888e-32 1.820952072739601135e-02 -7.192333340644836426e-01 -1.284366548061370850e-01
3.444784431843187309e-32 6.912612915039062500e-02 -2.693349681794643402e-02 -1.825810410082340240e-02
-1.697879779160690346e-32 8.225584775209426880e-02 -1.927655190229415894e-02 -1.554951258003711700e-02
4.106468291742732861e-33 5.550296306610107422e-01 -2.225388027727603912e-02 -1.211274564266204834e-01
9.388979743232793385e-33 1.945686340332031250e-02 -1.322882026433944702e-01 -2.524146623909473419e-02
2.154198457689446600e-32 3.569504991173744202e-02 -1.645600795745849609e-02 -5.760406609624624252e-03
1.477138837807557822e-32 2.596711516380310059e-01 1.172712594270706177e-01 2.986317276954650879e-01
-5.898913505754405328e-33 1.815368048846721649e-02 -8.068624138832092285e-02 -1.436431333422660828e-02
-8.922650995622816088e-32 9.506469964981079102e-02 9.493361115455627441e-01 8.850339651107788086e-01
-4.747737047377960040e-32 3.492234051227569580e-01 2.079210728406906128e-01 7.120697498321533203e-01
2.198711636956003425e-32 3.724917396903038025e-02 1.363394558429718018e-01 4.980338737368583679e-02
-2.605330414331993364e-33 4.222206026315689087e-02 -6.307525932788848877e-02 -2.611674927175045013e-02
-4.754223719079385128e-33 4.420207738876342773e-01 1.442908942699432373e-01 6.254639625549316406e-01
-1.445141440767793598e-32 5.015641078352928162e-02 -1.585138961672782898e-02 -7.796765770763158798e-03
-6.448138261921164192e-33 2.428832277655601501e-02 -1.218070369213819504e-02 -2.901286119595170021e-03
-7.373297131740429561e-32 3.797784447669982910e-01 -1.788611337542533875e-02 -6.661422550678253174e-02
1.099681650818370265e-32 1.401935145258903503e-02 4.232255220413208008e-01 5.818626284599304199e-02
-4.754088169887055933e-33 1.468381658196449280e-02 -6.130636855959892273e-02 -8.828058838844299316e-03
-2.460169351632918344e-33 1.821371763944625854e-01 8.993112444877624512e-01 1.606309771537780762e+00
8.300281691223315795e-33 3.244982063770294189e-01 -5.056134611368179321e-02 -1.608983576297760010e-01
-5.511555056379844717e-33 1.140374988317489624e-01 -1.187927741557359695e-02 -1.328490301966667175e-02
4.066441239729295443e-33 3.879552707076072693e-02 6.732238829135894775e-02 2.561308071017265320e-02
-8.808785119025682828e-33 2.125579118728637695e-02 3.810534253716468811e-02 7.942985743284225464e-03
6.473312942811962007e-33 6.582839041948318481e-02 -1.347242742776870728e-01 -8.697206526994705200e-02
2.238500320755613161e-33 1.218773722648620605e-01 -4.194643199443817139e-01 -5.013474225997924805e-01
-7.198961915558677745e-32 5.954436585307121277e-02 1.356597542762756348e-01 7.921589910984039307e-02
1.505061971427371998e-32 4.045596718788146973e-02 3.150279819965362549e-02 1.249834150075912476e-02
1.609388233823002373e-33 3.399455174803733826e-02 2.030877619981765747e-01 6.770390272140502930e-02
3.745907293210280233e-32 7.461600005626678467e-02 -5.064143538475036621e-01 -3.705601096153259277e-01
3.490346005133883761e-32 7.861993461847305298e-02 3.439365699887275696e-02 2.651744708418846130e-02
2.369525145531088594e-33 8.202545642852783203e-01 8.596622347831726074e-01 6.915079593658447266e+00
-9.714707023793741461e-33 8.272028714418411255e-02 -2.364092767238616943e-01 -1.917773187160491943e-01
8.346438946276291442e-33 2.752224802970886230e-01 2.524529993534088135e-01 6.813732385635375977e-01
-8.489276791327760063e-32 6.489429622888565063e-02 -2.183091081678867340e-02 -1.389309670776128769e-02
1.953962839792058060e-32 4.050865173339843750e-01 -5.166501998901367188e-01 -2.052414417266845703e+00
-8.259808539103741319e-32 4.986788034439086914e-01 1.021142229437828064e-01 4.993761777877807617e-01
-3.780454484433771851e-33 2.035308070480823517e-02 7.676916122436523438e-01 1.532278358936309814e-01
-2.868178004141961785e-32 2.720176242291927338e-02 9.910286068916320801e-01 2.643649578094482422e-01
1.957091124133183873e-32 2.646133005619049072e-01 -3.875185549259185791e-02 -1.005599051713943481e-01
-2.449911106306879946e-32 4.757278859615325928e-01 -1.021187286823987961e-02 -4.764141887426376343e-02
2.174493734998378026e-33 9.635712951421737671e-02 -8.558294922113418579e-02 -8.087080717086791992e-02
-2.871534334387147121e-33 5.085403919219970703e-01 -5.784931182861328125e-01 -2.884990215301513672e+00
-5.963944057293802065e-32 1.426465064287185669e-02 -1.014865003526210785e-02 -1.419678796082735062e-03
-7.434488077919659148e-32 1.000558305531740189e-02 3.478714823722839355e-02 3.413358703255653381e-03
4.894711089707987660e-33 1.201555877923965454e-02 -1.716339960694313049e-02 -2.022404223680496216e-03
2.049970018464323717e-32 1.982114277780056000e-02 -4.199547693133354187e-02 -8.163038641214370728e-03
6.925940716015930132e-33 4.438177049160003662e-01 2.204641997814178467e-01 9.595406055450439453e-01
-5.147298377076803744e-33 7.235262393951416016e-01 -3.853814601898193359e-01 -2.734423637390136719e+00
9.242652002390527244e-33 7.581940293312072754e-02 3.440755233168601990e-02 2.558319829404354095e-02
1.429141878994247600e-33 5.345855280756950378e-02 8.802109211683273315e-02 4.614499583840370178e-02
1.553188179517974976e-32 3.134411573410034180e-01 3.385613486170768738e-02 1.040672510862350464e-01
-5.847883091933302035e-33 7.736462354660034180e-02 -1.997246034443378448e-02 -1.515286136418581009e-02
-2.415315242270424592e-33 9.159751981496810913e-02 1.087855920195579529e-01 9.771826863288879395e-02
2.973674214024446505e-32 7.134365290403366089e-02 1.194864884018898010e-01 8.359780162572860718e-02
-1.118224266050225661e-33 4.252291321754455566e-01 -6.194702386856079102e-01 -2.583236455917358398e+00
-6.041257055431353178e-33 6.733435988426208496e-01 -2.028294652700424194e-01 -1.339332699775695801e+00
-1.110992955411753117e-33 2.382233142852783203e-01 2.456896565854549408e-02 5.739734321832656860e-02
-3.030714783524510301e-32 2.012453675270080566e-01 -4.243797808885574341e-02 -8.375316858291625977e-02
3.548603211287048625e-32 1.848089508712291718e-02 -9.237422347068786621e-01 -1.674150377511978149e-01
4.786667363162080263e-33 1.045227348804473877e-01 -1.079830899834632874e-01 -1.106846034526824951e-01
7.143146358108964626e-33 8.330882191658020020e-01 -2.437448501586914062e-02 -1.991347968578338623e-01
3.561580007704554341e-33 2.923213541507720947e-01 2.511419057846069336e-01 7.199468016624450684e-01
-4.204913372230207016e-33 3.232295215129852295e-01 2.493459433317184448e-01 7.903764843940734863e-01
-3.656117451096307507e-32 4.869356155395507812e-01 -9.253815412521362305e-01 -4.418888568878173828e+00
-1.289976296661847036e-33 1.655425876379013062e-02 -1.532496511936187744e-02 -2.487882738932967186e-03
-1.165269570351049082e-33 8.842490911483764648e-01 -9.704939275979995728e-02 -8.415659070014953613e-01
1.613015552250250710e-33 1.677398234605789185e-01 -8.156040310859680176e-01 -1.341640710830688477e+00
8.037611601060321540e-33 1.411045249551534653e-02 8.025081753730773926e-01 1.110480949282646179e-01
-2.120225936266713227e-32 8.694598823785781860e-02 -6.668889522552490234e-02 -5.686221271753311157e-02
7.568116953289992117e-33 7.801083475351333618e-02 6.532285213470458984e-01 4.997361004352569580e-01
-7.830068522531046249e-33 2.831360101699829102e-01 -2.450071834027767181e-02 -6.802907586097717285e-02
1.814286817404912149e-33 7.486671954393386841e-02 4.692439436912536621e-01 3.445150256156921387e-01
4.028766204975059570e-32 2.906816639006137848e-02 -1.299973130226135254e-01 -3.705720975995063782e-02
3.849815410224804043e-32 1.854556612670421600e-02 8.722172677516937256e-02 1.586300507187843323e-02
-2.390231551989220115e-32 1.013978663831949234e-02 -1.771714240312576294e-01 -1.761745475232601166e-02
-5.236439419777519493e-32 5.606502294540405273e-01 4.322751760482788086e-01 2.376692533493041992e+00
8.861726886661223160e-32 1.237274706363677979e-02 -1.124844327569007874e-02 -1.364832161925733089e-03
1.794370086011143963e-32 5.359183996915817261e-02 9.467862844467163086e-01 4.975895881652832031e-01
-9.477151370436065379e-33 8.829597830772399902e-01 2.682152949273586273e-02 2.322443276643753052e-01
-6.559520025081422253e-33 7.100058346986770630e-02 4.750442206859588623e-01 3.307627737522125244e-01
1.237902962212175132e-32 4.947121441364288330e-02 -3.440349102020263672e-01 -1.669074743986129761e-01
-5.284185061572043756e-32 2.771209366619586945e-02 -8.008714318275451660e-01 -2.176470607519149780e-01
-4.260073077300558225e-33 3.045710027217864990e-01 3.198375180363655090e-02 9.552974253892898560e-02
-2.066129686241871556e-33 1.133676394820213318e-01 2.558026909828186035e-01 2.843903899192810059e-01
-6.115365362094975030e-33 4.411052167415618896e-02 7.366343587636947632e-02 3.186506405472755432e-02
1.186251226158265335e-32 1.488173194229602814e-02 1.620684377849102020e-02 2.365225693210959435e-03
3.519537350221441333e-32 2.480871081352233887e-01 2.415588311851024628e-02 5.876893177628517151e-02
1.029624391561269722e-32 2.488589286804199219e-02 2.984333224594593048e-02 7.283182349056005478e-03
-8.207647593590734692e-33 3.141722455620765686e-02 4.250987470149993896e-01 1.309719681739807129e-01
-1.739299277701073689e-33 1.090924441814422607e-02 -9.427032619714736938e-02 -1.008533593267202377e-02
9.688976187138210852e-33 7.964725792407989502e-02 -9.052101969718933105e-01 -7.070350050926208496e-01
-6.079046700884794224e-32 4.142580032348632812e-01 6.872958540916442871e-01 2.792127847671508789e+00
-6.771953600920499818e-32 4.080685377120971680e-01 -1.583405435085296631e-01 -6.336448788642883301e-01
7.108083565675843581e-33 3.439814597368240356e-02 1.521708164364099503e-02 5.133186932653188705e-03
4.785824680649334536e-33 2.402382530272006989e-02 -1.576196700334548950e-01 -3.713412955403327942e-02
2.787155696846192480e-33 9.743528068065643311e-02 -1.005118936300277710e-01 -9.604048728942871094e-02
-3.097392055712615209e-32 2.699523791670799255e-02 1.131632458418607712e-02 2.995802788063883781e-03
-2.331723965539330104e-32 1.174416095018386841e-01 2.145979180932044983e-02 2.471543103456497192e-02
-2.587248923493446474e-33 1.174859888851642609e-02 -4.592833667993545532e-02 -5.291605833917856216e-03
8.831815257410199232e-33 6.706365346908569336e-01 -3.090620599687099457e-02 -2.032607793807983398e-01
-1.038098383399553740e-32 8.583458513021469116e-02 -8.306552469730377197e-02 -6.992038339376449585e-02
-1.197799539800132729e-33 3.660231828689575195e-02 2.810216546058654785e-01 1.008716300129890442e-01
4.421354208311237759e-33 1.208474785089492798e-01 -2.566572725772857666e-01 -3.041668236255645752e-01
-6.984505313941835023e-33 1.511905156075954437e-02 1.075218245387077332e-02 1.594196422956883907e-03
-5.623857378553590482e-33 6.514683365821838379e-02 7.996109724044799805e-01 5.108492374420166016e-01
-7.902616360443951514e-32 1.881498694419860840e-01 -1.434673741459846497e-02 -2.647145092487335205e-02
5.131526916308614965e-33 9.562225341796875000e-01 -1.701559573411941528e-01 -1.595610260963439941e+00
-7.105440907438401226e-33 1.062066480517387390e-01 -2.497940063476562500e-01 -2.601683139801025391e-01
2.787797259622352206e-33 9.539968520402908325e-02 -2.308041751384735107e-01 -2.159291505813598633e-01
-4.430479717893465030e-33 1.906079202890396118e-01 4.657993838191032410e-02 8.706839382648468018e-02
-1.335932982991213630e-33 5.231484398245811462e-02 3.981047272682189941e-01 2.042410075664520264e-01
-6.460573522784925466e-33 4.118843674659729004e-01 6.372689604759216309e-01 2.574060440063476562e+00
5.067862362673270653e-32 1.234291791915893555e-01 1.007577925920486450e-01 1.219599321484565735e-01
-3.469219212508539420e-33 9.476200342178344727e-01 -3.267590701580047607e-01 -3.036564826965332031e+00
-7.950351716662906082e-33 3.324739038944244385e-01 -2.227428928017616272e-02 -7.262432575225830078e-02
-1.001176913992591879e-32 7.448268532752990723e-01 2.663993537425994873e-01 1.945849180221557617e+00
-8.740297879410899302e-33 2.781829610466957092e-02 -1.028505712747573853e-01 -2.805807814002037048e-02
-3.919052027488236777e-32 5.070676803588867188e-01 -8.141111135482788086e-01 -4.048277378082275391e+00
-1.703322024131409831e-32 5.129162073135375977e-01 -3.798808529973030090e-02 -1.910796761512756348e-01
7.202885715701722541e-33 1.647014170885086060e-02 7.289519309997558594e-01 1.177380681037902832e-01
5.933858454878856438e-32 1.810593903064727783e-02 -1.053067296743392944e-01 -1.869811490178108215e-02
-2.976180367980399622e-32 5.340473055839538574e-01 8.904100209474563599e-02 4.663268923759460449e-01
1.404060705005637852e-32 1.467784866690635681e-02 -1.112879347056150436e-02 -1.601884374395012856e-03
1.147239140048366036e-32 1.979682594537734985e-01 -5.356521531939506531e-02 -1.039918065071105957e-01
3.080098990975683906e-33 1.517927739769220352e-02 -4.704596474766731262e-02 -7.003161590546369553e-03
-3.990937033524072125e-32 2.359455227851867676e-01 9.577701240777969360e-02 2.216122150421142578e-01
-5.965208448404905288e-33 2.504432946443557739e-02 -3.998106718063354492e-02 -9.819389320909976959e-03
4.086168606329985851e-33 1.505907252430915833e-02 -4.039365425705909729e-02 -5.965296644717454910e-03
-7.758106374678438188e-32 1.906891353428363800e-02 -8.644080907106399536e-02 -1.616461761295795441e-02
-2.260710551830431019e-33 9.458725452423095703e-01 1.303965151309967041e-01 1.209537267684936523e+00
5.151048204055926841e-33 4.055682197213172913e-02 -1.454936154186725616e-02 -5.786667577922344208e-03
6.144784679618195199e-33 1.060347631573677063e-02 1.403535902500152588e-01 1.459460984915494919e-02
-7.867065003171269956e-33 3.028636276721954346e-01 6.303501129150390625e-02 1.872188746929168701e-01
-1.945096012435408619e-33 2.816089987754821777e-01 7.040055990219116211e-01 1.944210648536682129e+00
4.979417947312210961e-33 4.909445345401763916e-02 -4.001881182193756104e-02 -1.926714181900024414e-02
-7.155599692198369792e-32 1.415313929319381714e-01 7.348101735115051270e-01 1.019878983497619629e+00
-6.363398196601530161e-32 4.149816557765007019e-02 1.115790009498596191e-02 4.540796391665935516e-03
-6.247274636166848845e-32 9.053220152854919434e-01 -4.422211349010467529e-01 -3.926116943359375000e+00
-5.925783984183058145e-32 2.243045344948768616e-02 2.184471487998962402e-02 4.805129952728748322e-03
2.088321917559442449e-33 3.993280529975891113e-01 1.087792962789535522e-01 4.259873926639556885e-01
-2.603218932604328830e-32 6.999934911727905273e-01 -1.969333179295063019e-02 -1.351866722106933594e-01
-7.476829531373071797e-33 8.607248961925506592e-02 9.249084442853927612e-02 7.806992530822753906e-02
-1.049078474092493180e-33 2.327973395586013794e-02 -9.767516851425170898e-01 -2.229886949062347412e-01
1.865523493750386290e-33 1.015560030937194824e-01 -1.307479590177536011e-01 -1.302150487899780273e-01
-6.982396770950047545e-33 3.970924615859985352e-01 1.391516532748937607e-02 5.418769642710685730e-02
-2.085307509233552545e-33 5.003760457038879395e-01 -4.733269289135932922e-02 -2.322621345520019531e-01
1.481974968503634566e-32 3.029578626155853271e-01 6.908016800880432129e-01 2.052372932434082031e+00
3.283611813654768057e-32 6.947240233421325684e-02 9.653686732053756714e-02 6.576974689960479736e-02
1.614208311674350700e-33 1.055707409977912903e-02 -4.069606214761734009e-02 -4.213244188576936722e-03
-7.073744436952447507e-33 4.746929556131362915e-02 -9.821551293134689331e-02 -4.572077095508575439e-02
-6.085492524157528238e-32 1.112150214612483978e-02 -6.437978148460388184e-02 -7.021559868007898331e-03
-4.285479183641674178e-32 5.969214811921119690e-02 -8.630436658859252930e-01 -5.052084922790527344e-01
-9.371259018957353548e-32 2.926843054592609406e-02 -1.455026585608720779e-02 -4.176293965429067612e-03
-6.325003024620621784e-32 8.820211142301559448e-02 3.400178849697113037e-01 2.941043376922607422e-01
5.382581579449149565e-32 1.474717352539300919e-02 4.377847537398338318e-02 6.331258919090032578e-03
8.983760391881457379e-33 1.354055106639862061e-01 2.883445657789707184e-02 3.828853741288185120e-02
1.528241544531236685e-32 1.318801008164882660e-02 6.447608768939971924e-02 8.338704705238342285e-03
8.016495314415737672e-33 8.020775914192199707e-01 -2.959110215306282043e-02 -2.327545434236526489e-01
3.139271539886154699e-33 1.471464186906814575e-01 5.112605094909667969e-01 7.377558350563049316e-01
-6.182918083700854837e-32 1.364762187004089355e-01 1.392403338104486465e-02 1.863557100296020508e-02
-5.169201142910484648e-32 5.100221633911132812e-01 -3.300930187106132507e-02 -1.650996208190917969e-01
3.696970875638372993e-33 6.617873907089233398e-02 -6.310340762138366699e-01 -4.095358848571777344e-01
-4.285286696441727028e-32 9.467594623565673828e-01 5.015816092491149902e-01 4.656953811645507812e+00
1.050075715745272806e-32 1.398728787899017334e-02 -1.376483142375946045e-01 -1.888100430369377136e-02
-3.633502262217631370e-33 1.994900219142436981e-02 7.447127997875213623e-02 1.456903107464313507e-02
-4.329135868336863114e-32 3.771032020449638367e-02 4.060532152652740479e-01 1.501633077859878540e-01
-1.134672223817312666e-32 3.432403132319450378e-02 -2.750541456043720245e-02 -9.258425794541835785e-03
-3.328987144559256104e-33 6.537199020385742188e-02 4.000366330146789551e-01 2.564555704593658447e-01
4.102649551407292807e-32 9.027432799339294434e-01 1.130419895052909851e-01 1.000748038291931152e+00
4.592337575820016748e-33 1.465536057949066162e-01 -3.282890319824218750e-01 -4.718169867992401123e-01
1.234113499032910246e-33 1.204421445727348328e-01 -2.093230187892913818e-01 -2.472385317087173462e-01
-9.325839533546312739e-33 5.294878482818603516e-01 4.436281919479370117e-01 2.303540229797363281e+00
-2.546056993312542633e-32 5.827568843960762024e-02 5.954835563898086548e-02 3.403124585747718811e-02
2.856327661920329988e-33 2.415942586958408356e-02 1.945273280143737793e-01 4.608800262212753296e-02
-4.527323187327943818e-33 4.836752116680145264e-01 1.677524745464324951e-01 7.956891655921936035e-01
1.905925969272117575e-33 1.830822229385375977e-02 -1.279048621654510498e-02 -2.296433551236987114e-03
-1.763641928996680104e-32 5.547151342034339905e-02 -4.533457756042480469e-01 -2.466154396533966064e-01
6.215599177642416075e-32 2.253156714141368866e-02 -1.268428284674882889e-02 -2.802708884701132774e-03
1.354502450922145622e-32 1.164058670401573181e-01 -8.966389894485473633e-01 -1.023559689521789551e+00
-3.308533175512963669e-32 2.882193028926849365e-01 -1.584750264883041382e-01 -4.479242265224456787e-01
4.195849576101397915e-33 9.672178030014038086e-01 9.709503054618835449e-01 9.209625244140625000e+00
1.430962058528098986e-33 2.169320918619632721e-02 -2.137924358248710632e-02 -4.548171535134315491e-03
-3.347362104909325470e-32 2.249800264835357666e-01 -1.346480697393417358e-01 -2.970740795135498047e-01
-2.240979622012489681e-32 1.858437359333038330e-01 -4.626682400703430176e-02 -8.432149142026901245e-02
-3.673026643459298407e-32 1.029683798551559448e-01 5.369794368743896484e-01 5.422283411026000977e-01
2.330415052579689487e-32 7.092671096324920654e-02 5.658751353621482849e-02 3.935964033007621765e-02
-1.290030406136183325e-32 4.335279762744903564e-01 2.619033493101596832e-02 1.113470792770385742e-01
-1.938025413915212560e-33 2.131066471338272095e-01 -1.836562603712081909e-01 -3.838162720203399658e-01
2.241320956184609703e-32 3.095343708992004395e-02 -8.528725504875183105e-01 -2.588890492916107178e-01
-1.285521209806429030e-32 1.047610118985176086e-02 1.513298600912094116e-01 1.554694399237632751e-02
-1.446599806813881730e-33 3.660141825675964355e-01 5.480980277061462402e-01 1.967328310012817383e+00
1.336746608752974969e-32 3.260086104273796082e-02 -1.383004188537597656e-01 -4.421536624431610107e-02
4.057662133638576115e-33 2.417722642421722412e-01 -1.902023702859878540e-02 -4.509652405977249146e-02
8.022429356835482432e-33 1.950756274163722992e-02 -1.018191799521446228e-01 -1.947840116918087006e-02
-3.899863257705413756e-32 7.789270579814910889e-02 1.378492079675197601e-02 1.052983943372964859e-02
8.307569021514444713e-33 1.488762628287076950e-02 -1.112377792596817017e-01 -1.624046452343463898e-02
-8.342123706514422824e-32 4.568716511130332947e-02 -1.438749730587005615e-01 -6.446146219968795776e-02
1.643101228133593263e-33 1.920016258955001831e-01 -8.870158344507217407e-02 -1.670155525207519531e-01
-3.929299105617942363e-32 1.130683906376361847e-02 6.403216719627380371e-01 7.100028544664382935e-02
5.183521015092201754e-32 5.617234706878662109e-01 2.514478564262390137e-02 1.385132074356079102e-01
2.532320754076008792e-32 6.723374128341674805e-01 -1.081372648477554321e-01 -7.129898071289062500e-01
1.262184414333141862e-32 1.172738615423440933e-02 1.404505521059036255e-01 1.615270785987377167e-02
1.667763907766211045e-32 1.258479356765747070e-01 -1.126649081707000732e-01 -1.390450149774551392e-01
5.328674584014790282e-33 2.081281878054141998e-02 -2.060247771441936493e-02 -4.205048549920320511e-03
3.103144925065539484e-32 8.816933631896972656e-02 -1.101083029061555862e-02 -9.520468302071094513e-03
6.325357876977776262e-33 1.879524141550064087e-01 5.429587885737419128e-02 1.000772714614868164e-01
-1.096327965435474279e-32 7.148269563913345337e-02 4.729749634861946106e-02 3.315581753849983215e-02
2.660243816601648841e-33 1.893833838403224945e-02 -1.167677436023950577e-02 -2.168629784137010574e-03
2.918261998073859283e-32 1.761452257633209229e-01 1.787982508540153503e-02 3.088551200926303864e-02
3.210358826068163272e-32 8.562680333852767944e-02 2.851649373769760132e-02 2.394564449787139893e-02
8.863222703222644521e-32 6.979665160179138184e-01 -3.070656955242156982e-01 -2.101776599884033203e+00
-3.431079196270156406e-33 8.557088971138000488e-01 2.649127505719661713e-02 2.223051786422729492e-01
4.294540041034606223e-33 1.619319468736648560e-01 -7.180974483489990234e-01 -1.140345931053161621e+00
4.819511777350008872e-33 6.755077242851257324e-01 1.902278140187263489e-02 1.260157972574234009e-01
-1.300507715854756994e-33 2.094351053237915039e-01 -9.146157503128051758e-01 -1.878489732742309570e+00
2.629267520076566089e-33 6.101385504007339478e-02 -2.629847265779972076e-02 -1.573546789586544037e-02
4.108447089545548329e-32 7.101856470108032227e-01 4.341756552457809448e-02 3.023834526538848877e-01
6.958486481170352953e-33 4.824863374233245850e-02 -7.731261849403381348e-02 -3.658104315400123596e-02
1.088186711966869895e-32 2.463172376155853271e-01 -8.800586313009262085e-02 -2.125823050737380981e-01
-5.502859336919636845e-32 4.026305675506591797e-01 1.099450364708900452e-01 4.341132342815399170e-01
-2.677691275174720959e-33 2.879500985145568848e-01 -4.628393054008483887e-01 -1.306977629661560059e+00
-2.430566436585779119e-32 2.000118233263492584e-02 -4.592849016189575195e-01 -9.008625149726867676e-02
-1.609246256145942119e-33 4.733453094959259033e-01 2.723174728453159332e-02 1.264079064130783081e-01
5.092745814838652246e-32 5.941458046436309814e-02 6.194547563791275024e-02 3.609302639961242676e-02
-3.915492630593946890e-32 1.262932866811752319e-01 -5.927352905273437500e-01 -7.341110706329345703e-01
9.737829291548003562e-32 2.750640735030174255e-02 -6.295179724693298340e-01 -1.698097735643386841e-01
6.515139823613302200e-32 1.238938514143228531e-02 2.184044122695922852e-01 2.653578110039234161e-02
-4.958824094438170675e-32 5.498316884040832520e-01 5.589158535003662109e-01 3.013678073883056641e+00
-1.556403303504267785e-32 6.785417795181274414e-01 -1.610336825251579285e-02 -1.071553900837898254e-01
-1.259248598824863967e-33 7.027451992034912109e-01 -2.422198466956615448e-02 -1.669276505708694458e-01
-1.793135265929803613e-33 2.140736430883407593e-01 1.968278288841247559e-01 4.132095873355865479e-01
-5.492487068641568686e-33 1.067494507879018784e-02 3.130068629980087280e-02 3.276726230978965759e-03
-1.197665184469253588e-33 1.132174357771873474e-01 3.978434205055236816e-02 4.417190700769424438e-02
2.899362693774926250e-33 4.061170667409896851e-02 -1.039654295891523361e-02 -4.140577279031276703e-03
1.476458924528202518e-33 5.191193222999572754e-01 -7.209643721580505371e-02 -3.670301139354705811e-01
-2.745528686818690539e-33 9.149336218833923340e-01 -4.318734258413314819e-02 -3.874955773353576660e-01
-4.578050617480122666e-32 7.289626449346542358e-02 3.708314150571823120e-02 2.650955878198146820e-02
-7.727453743176014661e-33 1.205418165773153305e-02 -8.459768295288085938e-01 -1.000038832426071167e-01
-4.961822266248339845e-33 3.038793429732322693e-02 -1.357339229434728622e-02 -4.044923000037670135e-03
-2.189433717184352352e-33 9.160296916961669922e-01 -2.673156931996345520e-02 -2.401345819234848022e-01
1.352780498634984824e-32 1.342949569225311279e-01 -1.037080492824316025e-02 -1.365818083286285400e-02
4.107454972313454318e-33 1.782919466495513916e-02 -5.368811488151550293e-01 -9.387080371379852295e-02
2.111552624667567905e-33 3.495980203151702881e-01 1.085993647575378418e-02 3.723204880952835083e-02
-2.603291225506904401e-32 3.098069690167903900e-02 3.494698926806449890e-02 1.061748433858156204e-02
1.154047382923137946e-32 1.416740287095308304e-02 2.578223347663879395e-01 3.582048416137695312e-02
1.266229143457527500e-32 3.250522911548614502e-01 -4.149365052580833435e-02 -1.322682350873947144e-01
-1.533643969630822066e-33 3.381441161036491394e-02 -9.380127191543579102e-01 -3.110507428646087646e-01
4.133186176310969560e-33 6.844324618577957153e-02 2.292767539620399475e-02 1.538903079926967621e-02
1.078187112132210864e-33 3.976376354694366455e-01 -9.761397838592529297e-01 -3.806450605392456055e+00
-8.209950827834377111e-33 3.238498419523239136e-02 8.727015852928161621e-01 2.771597504615783691e-01
1.733395577729259529e-32 2.915079295635223389e-01 -3.639976307749748230e-02 -1.040565893054008484e-01
1.180018259198526313e-33 1.690070144832134247e-02 -1.504630148410797119e-01 -2.493762969970703125e-02
-1.914247918262962423e-33 8.243295550346374512e-01 1.344985514879226685e-02 1.087274402379989624e-01
-1.298610486339629054e-32 3.548905998468399048e-02 -4.530202597379684448e-02 -1.576641015708446503e-02
9.265804098313941460e-33 7.502026110887527466e-02 -2.690243124961853027e-01 -1.979204863309860229e-01
-1.542527474313573798e-32 2.042191475629806519e-02 6.767427921295166016e-01 1.355316787958145142e-01
8.475262841550844457e-33 5.000962615013122559e-01 4.988628253340721130e-02 2.446557581424713135e-01
4.355273793379762867e-33 6.817621737718582153e-02 -8.581576496362686157e-02 -5.737473070621490479e-02
2.777201096404650864e-33 3.974173590540885925e-02 8.328300714492797852e-01 3.245815932750701904e-01
-2.251059375868195407e-33 2.936503291130065918e-02 -8.608394265174865723e-01 -2.478981614112854004e-01
-3.242309056397100752e-32 3.612621128559112549e-02 1.723115146160125732e-02 6.104602012783288956e-03
3.271996753974293034e-32 1.209464017301797867e-02 1.105092745274305344e-02 1.310727209784090519e-03
2.906767720437931250e-32 5.005071163177490234e-01 -4.282198548316955566e-01 -2.101830482482910156e+00
8.608498514060827371e-33 7.147517800331115723e-02 -4.734640419483184814e-01 -3.318661153316497803e-01
-9.715035427528002438e-33 8.586569428443908691e-01 -1.384164765477180481e-02 -1.165542602539062500e-01
1.040115972515946343e-33 3.394608795642852783e-01 -1.468392368406057358e-02 -4.888239875435829163e-02
2.592203375042773174e-32 1.905398964881896973e-01 -3.177082538604736328e-02 -5.936563387513160706e-02
2.867449197644451966e-32 8.383544087409973145e-01 3.346988931298255920e-02 2.751709520816802979e-01
-1.043896472550786210e-33 1.944477483630180359e-02 6.084016337990760803e-02 1.160149462521076202e-02
-9.351124417032500143e-33 1.129466108977794647e-02 2.679095230996608734e-02 2.967440523207187653e-03
-2.713339537262948429e-32 1.829977929592132568e-01 1.729889027774333954e-02 3.104450739920139313e-02
-1.925328605558393327e-33 1.368962787091732025e-02 1.456858813762664795e-01 1.955824159085750580e-02
-2.622846749527183976e-32 1.170143112540245056e-01 3.232014179229736328e-02 3.708795830607414246e-02
-1.170356265014843289e-32 6.708302348852157593e-02 -3.411562442779541016e-01 -2.244329601526260376e-01
1.209134648154119732e-32 1.688405424356460571e-01 3.125586807727813721e-01 5.175221562385559082e-01
8.185632053767771774e-33 1.487950980663299561e-02 -3.955270051956176758e-01 -5.771456286311149597e-02
2.170597705909371407e-33 5.799077153205871582e-01 -1.381235718727111816e-01 -7.855021357536315918e-01
-3.549886557244558857e-32 6.479824781417846680e-01 -1.418605912476778030e-02 -9.014584869146347046e-02
8.715315685720048637e-33 3.552834987640380859e-01 1.295203901827335358e-02 4.512672871351242065e-02
3.507597266352963947e-33 2.200981229543685913e-02 -3.545377254486083984e-01 -7.652432471513748169e-02
5.334953487089707531e-32 4.846835881471633911e-02 4.167530834674835205e-01 1.980878263711929321e-01
-3.114206914653952621e-32 3.136487603187561035e-01 -4.328658431768417358e-02 -1.331427693367004395e-01
1.128499372373358665e-33 9.299072027206420898e-01 -6.000587344169616699e-02 -5.472100377082824707e-01
3.323519259118009307e-32 1.053302269428968430e-02 -3.664489462971687317e-02 -3.785185515880584717e-03
-5.676482791271965766e-33 3.018395304679870605e-01 -7.132201641798019409e-02 -2.111156433820724487e-01
2.636069297732408477e-32 2.574121393263339996e-02 3.956196606159210205e-01 9.986828267574310303e-02
3.936140629676521929e-33 1.400810107588768005e-02 -1.453336700797080994e-02 -1.996485516428947449e-03
1.878718785180351099e-33 2.555802166461944580e-01 -1.302574127912521362e-01 -3.264753222465515137e-01
-7.814017881854537177e-33 1.501231938600540161e-01 -1.007689069956541061e-02 -1.483525615185499191e-02
3.504742872195579728e-32 1.160246133804321289e-02 5.055521428585052490e-02 5.752237048000097275e-03
1.477747743881283767e-32 1.613102257251739502e-01 -1.350392699241638184e-01 -2.136203646659851074e-01
2.744876875201159581e-32 6.044071540236473083e-02 -1.850094087421894073e-02 -1.096589490771293640e-02
3.418664359620740669e-32 3.001223504543304443e-01 3.426456749439239502e-01 1.008472919464111328e+00
2.898059364413452039e-33 6.763195246458053589e-02 -2.294190526008605957e-01 -1.521605551242828369e-01
1.123800223503351181e-32 4.686319828033447266e-01 -3.232984989881515503e-02 -1.485785990953445435e-01
1.135839857049663829e-32 5.301535725593566895e-01 -5.146163702011108398e-02 -2.675506174564361572e-01
9.882859433563755751e-32 7.426138222217559814e-02 -1.199437603354454041e-01 -8.734969049692153931e-02
-8.603289751655539962e-32 1.380882691591978073e-02 1.405137218534946442e-02 1.902813324704766273e-03
-9.718063794849308356e-33 3.837507590651512146e-02 1.693454757332801819e-02 6.372994743287563324e-03
-8.133437018918591300e-32 5.319724977016448975e-02 7.270624637603759766e-01 3.792988955974578857e-01
-1.454498081926751301e-32 6.967034935951232910e-01 -2.107780426740646362e-02 -1.440104544162750244e-01
-1.403441990900922234e-33 4.914555251598358154e-01 -2.602985799312591553e-01 -1.254517436027526855e+00
-1.229331477811169791e-32 5.758698582649230957e-01 7.927289605140686035e-02 4.476821124553680420e-01
-1.048994169107020144e-33 5.995976328849792480e-01 -4.355605319142341614e-02 -2.561115324497222900e-01
7.591176185159691373e-32 4.617143049836158752e-02 -1.201600208878517151e-02 -5.440690089017152786e-03
-9.598081821144846734e-33 6.826329976320266724e-02 -9.988382458686828613e-01 -6.686565876007080078e-01
4.894196002777136719e-32 2.430856414139270782e-02 -1.360019296407699585e-01 -3.242089971899986267e-02
-2.114913583421759605e-32 6.033106446266174316e-01 8.133523464202880859e-01 4.812163829803466797e+00
-1.351720790477718532e-33 2.076949551701545715e-02 -1.928763091564178467e-02 -3.928488586097955704e-03
-4.409499421251591916e-32 6.249111518263816833e-02 1.200263109058141708e-02 7.355554495006799698e-03
-7.307490606992696262e-32 1.337637472897768021e-02 -5.610673427581787109e-01 -7.359937578439712524e-02
-8.123846748257407668e-32 1.723498851060867310e-02 3.850423917174339294e-02 6.507890298962593079e-03
-1.264500028001666378e-33 1.495746895670890808e-02 -2.937065437436103821e-02 -4.308165982365608215e-03
7.287806954088177057e-32 4.125770032405853271e-01 -2.988300025463104248e-01 -1.209065675735473633e+00
-7.879589160795312166e-33 4.271982610225677490e-02 2.623219788074493408e-02 1.098967436701059341e-02
-1.887256767992358005e-32 1.921449042856693268e-02 -3.231660723686218262e-01 -6.089410930871963501e-02
1.931430964075496453e-32 6.984821557998657227e-01 -2.672704495489597321e-02 -1.830741018056869507e-01
4.133821677944382859e-33 3.408880531787872314e-01 -1.301197614520788193e-02 -4.349864274263381958e-02
1.333403355882442531e-32 7.352282106876373291e-02 3.956310153007507324e-01 2.852549552917480469e-01
6.583902128906178141e-32 4.467931687831878662e-01 5.377082228660583496e-01 2.355992317199707031e+00
5.008435833514625319e-32 4.121068120002746582e-01 5.613762885332107544e-02 2.268739044666290283e-01
1.243603375129693963e-32 7.632089406251907349e-02 -7.468387484550476074e-01 -5.589731335639953613e-01
-5.372712128879645639e-32 6.200759485363960266e-02 -2.101361937820911407e-02 -1.277810428291559219e-02
5.698215110424777438e-33 3.647335991263389587e-02 1.010762527585029602e-02 3.615310648456215858e-03
1.093907512364535800e-33 6.456218659877777100e-02 6.804802417755126953e-01 4.308384358882904053e-01
-5.178724998140846821e-32 7.620735466480255127e-02 3.831825256347656250e-01 2.863671779632568359e-01
-2.417313913274608650e-32 6.167394295334815979e-02 3.413388133049011230e-01 2.064467519521713257e-01
1.343788040319591251e-33 2.758582681417465210e-02 2.336419187486171722e-02 6.320587359368801117e-03
-1.059173858349644996e-33 4.603597521781921387e-02 -1.809761300683021545e-02 -8.170325309038162231e-03
1.301557211904850518e-33 5.895999073982238770e-01 -4.681336879730224609e-01 -2.706748962402343750e+00
6.320317504138244146e-32 1.639517210423946381e-02 4.210471361875534058e-02 6.769667845219373703e-03
-6.408560836496916300e-33 1.278035994619131088e-02 5.621935725212097168e-01 7.046113908290863037e-02
9.854883255761360719e-33 9.927834570407867432e-02 3.596223890781402588e-01 3.501240611076354980e-01
6.540298929203951619e-32 1.797732710838317871e-01 5.962179973721504211e-02 1.051116585731506348e-01
-9.505750854117983929e-32 1.011944413185119629e-01 5.675300210714340210e-02 5.632045865058898926e-02
-2.570215826679039212e-33 6.940478682518005371e-01 -1.038824617862701416e-01 -7.070536017417907715e-01
1.488550077787859799e-33 5.396645516157150269e-02 -1.060707196593284607e-01 -5.613582208752632141e-02
-1.873795116889336558e-33 1.363957952708005905e-02 -2.369638830423355103e-01 -3.169595450162887573e-02
-5.091049135680034127e-33 5.319083482027053833e-02 -5.853547528386116028e-02 -3.053350187838077545e-02
6.804029315271387578e-32 6.711401790380477905e-02 2.755077928304672241e-02 1.813292317092418671e-02
-2.535554722706113221e-33 9.780538082122802734e-02 1.518073864281177521e-02 1.456050109118223190e-02
1.414293732304431265e-33 2.293679118156433105e-01 -1.318286545574665070e-02 -2.965262532234191895e-02
-2.296273994654406969e-32 3.446630537509918213e-01 -8.314890414476394653e-02 -2.810424566268920898e-01
-2.567965269275993017e-32 9.610334038734436035e-01 4.921058192849159241e-02 4.637860357761383057e-01
-1.045155996380593059e-33 1.782688684761524200e-02 -4.739833176136016846e-01 -8.286272734403610229e-02
5.793115928507728544e-32 1.424850225448608398e-01 3.829706460237503052e-02 5.351251736283302307e-02
1.535503546592525230e-33 2.324246801435947418e-02 -1.169074773788452148e-01 -2.664680778980255127e-02
-1.330338272729772648e-33 4.282421469688415527e-01 -8.660002052783966064e-02 -3.636872470378875732e-01
-1.064717967252702925e-32 4.662168920040130615e-01 4.010914564132690430e-01 1.833800554275512695e+00
5.234928174852743590e-33 2.392251938581466675e-01 1.636974886059761047e-02 3.840339183807373047e-02
3.618661792975293843e-32 1.721055805683135986e-02 3.460945561528205872e-02 5.841311998665332794e-03
1.591038583335674149e-33 5.562304705381393433e-02 -4.599640071392059326e-01 -2.508992254734039307e-01
1.388388720446887410e-32 1.400987207889556885e-01 -4.173201024532318115e-01 -5.733557343482971191e-01
-4.248456107441763116e-32 5.665989220142364502e-02 3.409793600440025330e-02 1.894630491733551025e-02
-2.209329436616599590e-32 2.051185257732868195e-02 -1.904786378145217896e-02 -3.831526730209589005e-03
-1.065659923936795441e-33 2.267048694193363190e-02 2.050779387354850769e-02 4.559324122965335846e-03
3.932021256660859075e-33 6.674174070358276367e-01 -5.862407386302947998e-02 -3.837021291255950928e-01
7.837798426445259759e-32 4.676919430494308472e-02 -3.622557818889617920e-01 -1.661482900381088257e-01
1.793381495262102419e-32 1.934310048818588257e-01 -1.609839051961898804e-01 -3.053720295429229736e-01
-7.219594780151485947e-32 8.116009831428527832e-02 6.367973983287811279e-02 5.068325623869895935e-02
-1.929060873590651016e-32 1.447153240442276001e-01 -2.122253179550170898e-01 -3.011843562126159668e-01
-4.998849603615272638e-33 4.805199801921844482e-01 -1.048677936196327209e-01 -4.941675961017608643e-01
3.512080675275397078e-33 2.673350274562835693e-01 -2.817403674125671387e-01 -7.386277914047241211e-01
-1.514744408192499791e-33 2.424941584467887878e-02 6.406640261411666870e-02 1.523534394800662994e-02
1.652054821667012774e-33 5.232539176940917969e-01 1.808767765760421753e-01 9.281453490257263184e-01
-1.437037894953911685e-33 7.993459701538085938e-02 -1.005723886191844940e-02 -7.883775047957897186e-03
1.188080809646923299e-32 4.324297010898590088e-01 2.020002603530883789e-01 8.566197752952575684e-01
3.260339009155203777e-33 5.622260570526123047e-01 1.325005386024713516e-02 7.305489480495452881e-02
2.969251122655889942e-32 6.897763013839721680e-01 -1.874443329870700836e-02 -1.267947405576705933e-01
1.995920347403133379e-33 6.481010466814041138e-02 1.823136806488037109e-01 1.158731058239936829e-01
-1.523578064567936965e-33 4.696288332343101501e-02 -2.466737627983093262e-01 -1.136052459478378296e-01
-1.383418142584435367e-32 4.486757516860961914e-02 1.132853403687477112e-01 4.984561726450920105e-02
-7.676267870227015121e-32 4.186058342456817627e-01 1.594756096601486206e-01 6.546666622161865234e-01
2.540709081763476636e-32 1.362209320068359375e-01 -2.184693813323974609e-01 -2.918469011783599854e-01
7.454929336933283317e-32 1.528870761394500732e-01 -1.300880499184131622e-02 -1.950423233211040497e-02
1.456534111610772429e-33 1.108725741505622864e-02 5.012388229370117188e-01 5.449912697076797485e-02
2.673955480659410803e-32 1.134352385997772217e-02 -4.708366468548774719e-02 -5.237679462879896164e-03
-1.727357944869848555e-32 5.774259567260742188e-02 5.467307567596435547e-01 3.095925450325012207e-01
3.028038733900664900e-33 1.234193071722984314e-01 -9.165422618389129639e-02 -1.109318584203720093e-01
4.050483169232913626e-33 1.101736165583133698e-02 -9.054649472236633301e-01 -9.782952070236206055e-02
4.652698108708787316e-33 9.861338734626770020e-01 -1.726752519607543945e-01 -1.669885277748107910e+00
-2.426964942300050409e-33 4.751228168606758118e-02 -7.117291539907455444e-02 -3.316204622387886047e-02
5.752696555254704188e-32 1.260875463485717773e-01 -9.405676722526550293e-01 -1.163008689880371094e+00
-3.371842362512375019e-33 5.735780298709869385e-02 3.502430021762847900e-01 1.970074474811553955e-01
-2.987140346699680462e-33 7.493575215339660645e-01 -6.300550103187561035e-01 -4.630077362060546875e+00
-5.283826903137027590e-33 4.897032678127288818e-01 -5.661211535334587097e-02 -2.718711197376251221e-01
5.880922417778276365e-32 1.414400804787874222e-02 9.198073744773864746e-01 1.275821924209594727e-01
8.145299373223120562e-33 3.542759418487548828e-01 -2.914784476161003113e-02 -1.012671962380409241e-01
-2.700573374739430682e-33 8.551303744316101074e-01 1.016134582459926605e-02 8.521267771720886230e-02
2.969588489534575939e-32 1.030314937233924866e-01 -5.154463276267051697e-02 -5.208037793636322021e-02
-7.119563737379561747e-33 2.731076441705226898e-02 1.479639261960983276e-01 3.962874785065650940e-02
-4.655722802610246914e-33 8.566917479038238525e-02 1.257936507463455200e-01 1.056827083230018616e-01
-7.298382876762525178e-33 3.689753115177154541e-01 2.933337353169918060e-02 1.061402186751365662e-01
-2.685229683712345826e-33 1.340544316917657852e-02 -1.532975882291793823e-01 -2.015288174152374268e-02
9.544957558011341242e-33 5.058988556265830994e-02 6.749371886253356934e-01 3.348480165004730225e-01
-1.430616022378575675e-33 1.515865977853536606e-02 -6.265439987182617188e-01 -9.313932061195373535e-02
1.676166929133064168e-32 4.607389867305755615e-01 4.276619553565979004e-01 1.932307600975036621e+00
9.650454208704207521e-32 8.979433774948120117e-02 -1.660148203372955322e-01 -1.461896002292633057e-01
-3.243824562488898386e-32 2.154776453971862793e-02 6.264411658048629761e-02 1.323741488158702850e-02
-3.582238218894302148e-33 9.630466699600219727e-01 2.990587241947650909e-02 2.824388742446899414e-01
-1.631185756178086219e-32 4.246260821819305420e-01 5.200251936912536621e-01 2.165467739105224609e+00
2.727566545390950575e-32 1.873708702623844147e-02 1.427725236862897873e-02 2.623417414724826813e-03
2.633068591262545346e-33 3.172504007816314697e-01 3.382145240902900696e-02 1.052240729331970215e-01
2.960915986087796807e-33 1.487827748060226440e-01 1.858624368906021118e-01 2.711845338344573975e-01
-1.597282295048463656e-32 1.016630902886390686e-01 6.410036087036132812e-01 6.390641331672668457e-01
9.134416890670626594e-33 1.013368368148803711e-01 7.857841849327087402e-01 7.808926105499267578e-01
1.222764211278316450e-32 6.323387473821640015e-02 2.395926974713802338e-02 1.485744304955005646e-02
3.829622768266378788e-32 8.143554925918579102e-01 4.323917329311370850e-01 3.453123331069946289e+00
-5.361731689211820799e-33 6.724793314933776855e-01 1.080480031669139862e-02 7.125516980886459351e-02
-1.487397523943977778e-32 2.531005442142486572e-02 1.471170037984848022e-02 3.651544684544205666e-03
1.397511254559039161e-33 1.387723442167043686e-02 2.091966569423675537e-01 2.846940048038959503e-02
-9.700993412823460950e-32 1.577116735279560089e-02 -5.084529146552085876e-02 -7.863851264119148254e-03
-1.390929110675808226e-32 4.165719449520111084e-01 -3.087015636265277863e-02 -1.261100023984909058e-01
6.920000796124431260e-33 2.159278467297554016e-02 2.450505197048187256e-01 5.189015343785285950e-02
-5.496423505348884821e-32 2.959740161895751953e-02 -2.580909430980682373e-02 -7.491124793887138367e-03
-1.117036796350704371e-32 4.277375712990760803e-02 -1.460468024015426636e-01 -6.126185134053230286e-02
-3.933644173548963096e-33 4.383723065257072449e-02 2.189480140805244446e-02 9.412495419383049011e-03
-9.294885387742903295e-32 7.345002293586730957e-01 -2.098265141248703003e-01 -1.511377573013305664e+00
3.179788258765106526e-33 3.316663801670074463e-01 -1.910139620304107666e-02 -6.212798133492469788e-02
-4.177858855467253584e-32 6.712570190429687500e-01 6.363715529441833496e-01 4.189095973968505859e+00
1.056626617192710793e-33 7.256909459829330444e-02 -7.041694968938827515e-02 -5.011291056871414185e-02
-7.125537599670440612e-32 2.803316898643970490e-02 -7.946625351905822754e-02 -2.184618450701236725e-02
-5.519516091870788659e-32 6.888546049594879150e-02 -8.683937788009643555e-02 -5.866308882832527161e-02
1.057220792852852996e-33 6.994641572237014771e-02 7.035887241363525391e-01 4.826196432113647461e-01
4.205478270734174051e-32 1.291828900575637817e-01 6.667736768722534180e-01 8.447031974792480469e-01
6.114757778452393760e-33 7.963899970054626465e-01 5.865740031003952026e-02 4.581094682216644287e-01
-3.834883105486308524e-32 2.484829723834991455e-01 -2.668174728751182556e-02 -6.501769274473190308e-02
1.121806493248860424e-33 1.680030487477779388e-02 -3.798901736736297607e-01 -6.258869916200637817e-02
1.968690020766335089e-32 4.527873173356056213e-02 4.322790503501892090e-01 1.919460296630859375e-01
7.185301789581359648e-33 2.921802699565887451e-01 -2.732056565582752228e-02 -7.828187942504882812e-02
-8.763437485706836032e-33 1.232448965311050415e-01 -6.936090439558029175e-02 -8.383094519376754761e-02
-1.265541626199090315e-33 4.954826533794403076e-01 -2.228145003318786621e-01 -1.082661271095275879e+00
-2.222814083327858998e-33 7.293792366981506348e-01 5.906387567520141602e-01 4.224700927734375000e+00
1.053490967644793110e-32 6.671528220176696777e-01 -2.144993245601654053e-01 -1.403369188308715820e+00
-1.021024383055157708e-33 2.375246882438659668e-01 -6.732896715402603149e-02 -1.568308025598526001e-01
-1.140775298651285824e-33 1.523521449416875839e-02 -1.984393596649169922e-02 -2.964811399579048157e-03
8.770436819882013490e-32 1.653047837316989899e-02 -3.099119849503040314e-02 -5.023940000683069229e-03
4.977015898074702543e-33 4.057203605771064758e-02 -6.496108770370483398e-01 -2.584644258022308350e-01
-2.014896499645251419e-32 3.418801352381706238e-02 1.520817875862121582e-01 5.098844319581985474e-02
-3.798378936573888576e-33 6.525384783744812012e-01 -9.636022448539733887e-01 -6.166299343109130859e+00
-1.838502735715820536e-33 1.880747824907302856e-02 2.716484665870666504e-02 5.010239314287900925e-03
1.031560136883486324e-32 7.166879177093505859e-01 -1.653908751904964447e-02 -1.162417978048324585e-01
7.244088262065982246e-33 7.149980962276458740e-02 -9.827295690774917603e-02 -6.890640407800674438e-02
2.119272316474608647e-32 3.676695004105567932e-02 9.686316549777984619e-02 3.492503985762596130e-02
3.065846672984940618e-33 1.617663353681564331e-02 2.250833809375762939e-01 3.570690751075744629e-02
2.738669493610650176e-33 1.121537461876869202e-01 -6.840602755546569824e-01 -7.523654699325561523e-01
1.192442591638244786e-33 7.742341607809066772e-02 1.874440461397171021e-01 1.423195749521255493e-01
4.108133820301054189e-33 1.625500768423080444e-01 -1.043247524648904800e-02 -1.663011312484741211e-02
-3.367049578170484847e-32 1.537503451108932495e-01 4.966075122356414795e-01 7.487727999687194824e-01
-1.382029002135351129e-32 7.168223708868026733e-02 1.034471672028303146e-02 7.271948736160993576e-03
6.295576727599693608e-33 4.639231786131858826e-02 -1.069664880633354187e-01 -4.866475239396095276e-02
-1.629689792679871006e-32 2.693691253662109375e-01 9.290758967399597168e-01 2.454254865646362305e+00
4.754221147685492704e-33 7.275139689445495605e-01 6.111285090446472168e-01 4.360081195831298828e+00
-1.760493367378002607e-32 3.988955542445182800e-02 1.708797067403793335e-01 6.684521585702896118e-02
1.479279559957199060e-32 5.081773176789283752e-02 2.135899104177951813e-02 1.064428966492414474e-02
-6.077644923871438646e-32 1.459120064973831177e-01 2.556392177939414978e-02 3.657961636781692505e-02
1.007676956942257571e-32 1.432113349437713623e-02 2.743533551692962646e-01 3.853082656860351562e-02
-1.783470167706350449e-32 3.851587325334548950e-02 7.783827781677246094e-01 2.940042614936828613e-01
1.472793310699056299e-33 9.648264199495315552e-02 7.030658423900604248e-02 6.652208417654037476e-02
-1.765900898531174371e-33 1.957868784666061401e-01 7.135022431612014771e-02 1.369933784008026123e-01
-1.196426323626082287e-33 5.630343407392501831e-02 1.734044216573238373e-02 9.574491530656814575e-03
1.608530306617894419e-32 3.667437285184860229e-02 -9.787738323211669922e-01 -3.520186841487884521e-01
-1.958504803026841526e-32 3.276687115430831909e-02 -8.001022934913635254e-01 -2.570994794368743896e-01
-1.115827267765005932e-33 1.535494923591613770e-01 -1.558096259832382202e-01 -2.346190810203552246e-01
3.270803480271414560e-33 5.271092653274536133e-01 1.273384317755699158e-02 6.582348048686981201e-02
4.668527536042151019e-32 7.033526152372360229e-02 1.852563172578811646e-01 1.277811527252197266e-01
-7.985294755609037106e-33 2.735032737255096436e-01 -6.089466437697410583e-02 -1.633286774158477783e-01
7.731645115220665380e-33 1.066363528370857239e-01 2.415812760591506958e-01 2.526325285434722900e-01
7.158206350921318215e-32 4.168654084205627441e-01 6.899265050888061523e-01 2.820456266403198242e+00
-1.197112977630855587e-33 3.711938858032226562e-02 1.026427075266838074e-01 3.736367821693420410e-02
-1.663836764811106099e-33 3.131220489740371704e-02 -2.946898527443408966e-02 -9.048977866768836975e-03
-6.832316999076750515e-33 7.972964644432067871e-02 -3.464621007442474365e-01 -2.708920240402221680e-01
8.098384952871421509e-32 1.131208147853612900e-02 4.572197496891021729e-01 5.072104558348655701e-02
-9.470514823204910449e-32 8.181070685386657715e-01 1.154480595141649246e-02 9.262271225452423096e-02
7.269948256163309454e-32 1.041808426380157471e-01 -3.338449075818061829e-02 -3.410776704549789429e-02
-8.949560118428252188e-33 1.996591128408908844e-02 7.302988320589065552e-02 1.429915521293878555e-02
1.891037892508571746e-32 1.399871855974197388e-01 -6.609592586755752563e-02 -9.073684364557266235e-02
1.253128552791200811e-32 2.766133248805999756e-01 1.583790779113769531e-02 4.296270385384559631e-02
8.017807166111255345e-32 5.282721519470214844e-01 2.159489504992961884e-02 1.118740886449813843e-01
-6.256376929735647376e-33 3.851839900016784668e-01 1.193910930305719376e-02 4.509837180376052856e-02
-8.371421139967142107e-32 5.679714083671569824e-01 3.633756935596466064e-02 2.023965120315551758e-01
1.127746413140359295e-33 5.341253802180290222e-02 -2.569774165749549866e-02 -1.346042752265930176e-02
5.916163738415928544e-32 5.555849075317382812e-01 2.587324753403663635e-02 1.409684866666793823e-01
3.217358013306546878e-32 1.202418748289346695e-02 3.147765994071960449e-02 3.711751429364085197e-03
8.058998251405594533e-32 5.189887285232543945e-01 -3.301950991153717041e-01 -1.680541396141052246e+00
4.113458075026309888e-33 1.166556589305400848e-02 2.118247188627719879e-02 2.423277357593178749e-03
-2.776125151731663839e-33 1.745613291859626770e-02 -1.783346682786941528e-01 -3.052843175828456879e-02
1.099961400106766738e-33 3.468015044927597046e-02 2.642827294766902924e-02 8.988152258098125458e-03
1.029488695432146674e-32 3.099320083856582642e-02 -2.662486135959625244e-01 -8.092346042394638062e-02
7.868695266899066616e-33 6.680373102426528931e-02 1.722572930157184601e-02 1.128493342548608780e-02
5.602821025524862530e-32 4.160131886601448059e-02 -8.474495261907577515e-02 -3.457336127758026123e-02
-5.205347226856285357e-33 2.477993816137313843e-02 -9.001525491476058960e-02 -2.187444269657135010e-02
-1.422493540085385985e-33 6.727269291877746582e-01 3.378664702177047729e-02 2.228971719741821289e-01
-2.859875634478897821e-33 2.112726680934429169e-02 -3.013305664062500000e-01 -6.243199110031127930e-02
2.210931635416770368e-32 1.092564407736063004e-02 7.188621908426284790e-02 7.702174596488475800e-03
-5.890157101398336255e-32 2.982724308967590332e-01 -1.627131924033164978e-02 -4.759448021650314331e-02
-5.109102157514772039e-33 1.214661970734596252e-01 2.904231846332550049e-01 3.459452390670776367e-01
1.463438212376434050e-33 3.153189718723297119e-01 -2.699818462133407593e-02 -8.348440378904342651e-02
-3.306324421627768591e-32 1.160812843590974808e-02 -1.052508428692817688e-01 -1.198142487555742264e-02
-3.337807392952254212e-33 2.699751555919647217e-01 -1.109446678310632706e-02 -2.937317825853824615e-02
-6.691716854458865971e-33 4.998198151588439941e-01 -1.183398533612489700e-02 -5.800496414303779602e-02
-7.373533993852120252e-32 7.887800037860870361e-02 -1.537864003330469131e-02 -1.189582329243421555e-02
8.306571320684184297e-33 9.845920205116271973e-01 3.500358015298843384e-02 3.379787802696228027e-01
-2.794923510453220008e-33 1.544557046145200729e-02 2.465505301952362061e-01 3.734483569860458374e-02
-1.682996845184929364e-32 1.674338430166244507e-01 -2.437911368906497955e-02 -4.002965241670608521e-02
7.006630468613012119e-32 6.150292754173278809e-01 8.036771416664123535e-02 4.847280085086822510e-01
-5.272226610604334772e-33 2.650339901447296143e-02 1.651979237794876099e-01 4.293652251362800598e-02
-2.318900277261018991e-33 2.448370158672332764e-01 -6.761267781257629395e-02 -1.623401343822479248e-01
-6.360209080427749295e-33 5.836870148777961731e-02 -1.036700885742902756e-02 -5.934090819209814072e-03
3.691212790029266944e-33 4.209645688533782959e-01 7.778971642255783081e-02 3.211355507373809814e-01
6.310742074093239645e-33 8.228858560323715210e-02 -3.106998279690742493e-02 -2.507270872592926025e-02
-5.974163805179851032e-32 5.896140635013580322e-02 -5.136023834347724915e-02 -2.969720400869846344e-02
-5.333607619526412938e-33 1.584777608513832092e-02 3.676183894276618958e-02 5.713289603590965271e-03
-1.123185366489474199e-32 2.619555592536926270e-02 -8.089068531990051270e-02 -2.078006044030189514e-02
3.474510039113193610e-33 6.587415188550949097e-02 -1.193617209792137146e-01 -7.710824161767959595e-02
4.180888104409322619e-33 4.299205169081687927e-02 -9.409755468368530273e-01 -3.967228233814239502e-01
3.311669394440957532e-32 9.309368133544921875e-01 2.928825467824935913e-02 2.673833668231964111e-01
-8.327496589496759542e-33 4.712318181991577148e-01 -1.197960600256919861e-02 -5.536022037267684937e-02
-1.527995719275120974e-33 4.007734358310699463e-02 -1.394238509237766266e-02 -5.479698535054922104e-03
1.209834434634843625e-32 8.121867179870605469e-01 -1.442117057740688324e-02 -1.148621812462806702e-01
6.224066851198564423e-32 1.901876553893089294e-02 1.245427411049604416e-02 2.322851447388529778e-03
8.992326072279105536e-32 5.030364543199539185e-02 1.128440722823143005e-02 5.566713865846395493e-03
3.683785649378787099e-32 9.719101786613464355e-01 -5.855440497398376465e-01 -5.580927371978759766e+00
-2.349667005183869206e-32 8.413241505622863770e-01 -7.891197204589843750e-01 -6.510689258575439453e+00
-2.529576599248212625e-33 4.576909169554710388e-02 -1.518391817808151245e-01 -6.815171986818313599e-02
-5.744610329615397672e-32 1.973085254430770874e-01 -2.484562844038009644e-01 -4.807468950748443604e-01
2.805743384939562217e-32 4.662761986255645752e-01 3.555767536163330078e-01 1.625912904739379883e+00
-5.908131585516759854e-32 2.007527090609073639e-02 2.689714729785919189e-01 5.295272544026374817e-02
-1.018336413183911000e-32 1.652496866881847382e-02 -1.297136396169662476e-01 -2.102068997919559479e-02
2.316434677860169243e-33 1.084778010845184326e-01 -2.185731567442417145e-02 -2.325189672410488129e-02
-4.933401384239349357e-33 1.794094964861869812e-02 3.801560774445533752e-02 6.688489113003015518e-03
9.799502043474276435e-33 4.883256927132606506e-02 9.379268437623977661e-02 4.491580650210380554e-02
8.697433918718546147e-32 7.271397709846496582e-01 -1.720013320446014404e-01 -1.226508021354675293e+00
2.179041979781098699e-33 9.065708518028259277e-02 -1.284127030521631241e-02 -1.141643244773149490e-02
6.861546841604297517e-32 3.327076137065887451e-01 1.380153000354766846e-02 4.503090307116508484e-02
-1.806341761290299697e-32 9.610272198915481567e-02 2.926589250564575195e-01 2.758151590824127197e-01
-1.099252521911923204e-33 8.271861821413040161e-02 -2.047669291496276855e-01 -1.661054193973541260e-01
2.396771084202233743e-33 3.328855633735656738e-01 1.058481168001890182e-02 3.455403819680213928e-02
1.986977774129252827e-32 2.438840642571449280e-02 -2.875274419784545898e-01 -6.876752525568008423e-02
7.952470545230263255e-33 1.888082921504974365e-02 3.969220817089080811e-02 7.349317427724599838e-03
2.469400655706719620e-33 1.173695474863052368e-01 -5.117159336805343628e-02 -5.889861285686492920e-02
-1.501922611725409532e-33 3.619236648082733154e-01 1.268510520458221436e-01 4.502272009849548340e-01
-5.972197790878100756e-32 2.015013247728347778e-01 -6.226570159196853638e-02 -1.230403259396553040e-01
-2.080977208450314017e-32 1.294030994176864624e-01 7.774071097373962402e-01 9.865380525588989258e-01
1.038573136180492091e-32 3.431211113929748535e-01 -1.425403263419866562e-02 -4.796294495463371277e-02
-6.689107257000040492e-33 6.267017722129821777e-01 -1.743827313184738159e-01 -1.071729302406311035e+00
6.867347465415223947e-33 5.100027099251747131e-02 4.017159715294837952e-02 2.009149640798568726e-02
2.337111807162125596e-33 1.228442415595054626e-02 8.688026666641235352e-01 1.046638265252113342e-01
-2.023938806267959550e-33 4.329353272914886475e-01 -1.105274539440870285e-02 -4.692603275179862976e-02
-4.987622530538965896e-32 3.946574628353118896e-01 -3.096983768045902252e-02 -1.198615580797195435e-01
-2.100047694114085546e-32 5.338104963302612305e-01 -1.508625317364931107e-02 -7.897491753101348877e-02
4.065754604091621374e-32 2.240854501724243164e-01 3.147545829415321350e-02 6.916818767786026001e-02
1.524755469097079339e-32 1.051377132534980774e-02 -4.980812072753906250e-01 -5.135460197925567627e-02
-2.504656670023757078e-33 1.118832826614379883e-02 -8.023263216018676758e-01 -8.803125470876693726e-02
-9.642274531264010633e-32 4.047934114933013916e-01 7.297112792730331421e-02 2.896710932254791260e-01
2.789148049568240868e-32 3.354762494564056396e-01 1.543688774108886719e-02 5.078578740358352661e-02
1.936137276114204260e-33 2.843499742448329926e-02 -1.217427756637334824e-02 -3.394822590053081512e-03
2.296960409886890258e-33 1.079275086522102356e-01 -3.129867464303970337e-02 -3.312674537301063538e-02
-5.201966945913702016e-33 4.929092898964881897e-02 6.273560225963592529e-02 3.032506629824638367e-02
1.453050607570507506e-33 2.309490740299224854e-01 5.626420304179191589e-02 1.274292320013046265e-01
-3.682646301479252597e-32 2.316580712795257568e-02 1.307439710944890976e-02 2.970227738842368126e-03
-4.436181967520907020e-33 6.249249354004859924e-02 1.984620653092861176e-02 1.216258946806192398e-02
-9.224247581213290394e-32 7.723142951726913452e-02 5.769716501235961914e-01 4.369876682758331299e-01
-9.594485396178505946e-32 2.748241834342479706e-02 1.555849425494670868e-02 4.193176981061697006e-03
4.338118188013480844e-33 1.159649416804313660e-01 -4.571446776390075684e-01 -5.198775529861450195e-01
-2.732287293969654419e-33 7.551658898591995239e-02 4.433427751064300537e-02 3.283240273594856262e-02
-9.038223249206961751e-32 2.026511915028095245e-02 2.791266329586505890e-02 5.547165405005216599e-03
-3.826677861043981252e-33 5.028872191905975342e-02 -3.867371752858161926e-02 -1.907248049974441528e-02
1.762513013609509149e-32 4.630509018898010254e-02 -5.210111662745475769e-02 -2.365900389850139618e-02
5.283324746644035694e-33 9.617352485656738281e-02 1.867341548204421997e-01 1.761164814233779907e-01
-2.708244650872896930e-32 2.085986547172069550e-02 -9.243042021989822388e-02 -1.890806481242179871e-02
2.568574726362695909e-33 7.917131483554840088e-02 1.298358142375946045e-01 1.008052229881286621e-01
-5.274694414057092312e-33 9.501410275697708130e-02 4.278706759214401245e-02 3.986770659685134888e-02
-6.617674669352477872e-32 8.467901945114135742e-01 -1.351878605782985687e-02 -1.122623682022094727e-01
-1.712972979688454665e-32 7.037535309791564941e-01 6.671713292598724365e-02 4.604459404945373535e-01
-1.190813521771898180e-33 5.600441992282867432e-02 5.827733278274536133e-01 3.200682997703552246e-01
-9.463945573025340096e-32 1.268501020967960358e-02 -3.189491108059883118e-02 -3.967646043747663498e-03
-3.795141919005311702e-33 1.469861902296543121e-02 4.394338428974151611e-01 6.334184855222702026e-02
1.079312739808619362e-33 2.658350020647048950e-02 -6.052934527397155762e-01 -1.577970236539840698e-01
1.016086957806818700e-32 4.818088710308074951e-01 -5.498673319816589355e-01 -2.598085165023803711e+00
-2.419371616135723064e-32 6.780954599380493164e-01 3.641888871788978577e-02 2.421799600124359131e-01
4.879585783490766507e-32 4.650750458240509033e-01 8.913883566856384277e-02 4.065469503402709961e-01
6.335881049343131233e-32 1.965949498116970062e-02 8.553305268287658691e-02 1.649024151265621185e-02
-6.589075626480940881e-33 9.360350370407104492e-01 2.050046622753143311e-01 1.881813287734985352e+00
-8.553940147819318688e-33 2.894637286663055420e-01 6.940273642539978027e-01 1.970114350318908691e+00
-1.742380174926181978e-32 2.953459694981575012e-02 1.174810156226158142e-01 3.402666747570037842e-02
-6.164112378139606029e-33 6.891492605209350586e-01 -4.255843907594680786e-02 -2.876203954219818115e-01
3.941939857587906758e-33 1.404321473091840744e-02 8.731219172477722168e-02 1.202436350286006927e-02
2.995735598127091491e-32 3.496378660202026367e-02 -2.441082596778869629e-01 -8.369925618171691895e-02
-4.509330409578685548e-33 1.216912344098091125e-01 -2.241650223731994629e-02 -2.675148099660873413e-02
-6.659710935085058285e-32 6.386668235063552856e-02 -3.212175890803337097e-02 -2.011844143271446228e-02
-1.190150285818645167e-33 9.271167963743209839e-02 1.735444515943527222e-01 1.577850431203842163e-01
2.479511192820737505e-33 4.612232744693756104e-01 -1.488306745886802673e-02 -6.731693446636199951e-02
-1.205247876083125838e-32 1.614442653954029083e-02 4.716466665267944336e-01 7.467238605022430420e-02
-1.075622605901998959e-33 2.741588093340396881e-02 1.165625080466270447e-02 3.133875783532857895e-03
8.176323754813991638e-32 3.698805347084999084e-02 5.265408754348754883e-01 1.909915953874588013e-01
2.977777864803167110e-32 6.635755300521850586e-01 1.615372896194458008e-01 1.051196217536926270e+00
-2.102194220267083969e-33 8.920897245407104492e-01 -2.511442899703979492e-01 -2.197113513946533203e+00
-8.686083933014181549e-32 3.774061501026153564e-01 1.351532340049743652e-02 5.002142488956451416e-02
-2.315553791781021791e-33 1.291026622056961060e-01 9.027197211980819702e-02 1.142901554703712463e-01
2.380248409075472596e-33 1.488788425922393799e-02 2.078006789088249207e-02 3.033895511180162430e-03
3.407861346131493068e-33 5.636715143918991089e-02 -7.048597186803817749e-02 -3.896273672580718994e-02
-5.929302606117053884e-33 1.578634828329086304e-01 -1.224303059279918671e-02 -1.895358227193355560e-02
-3.000998506740913652e-33 3.262723088264465332e-01 4.713949933648109436e-02 1.508293598890304565e-01
1.572427348621089503e-32 2.745945751667022705e-01 9.350573420524597168e-01 2.517971754074096680e+00
-6.139800583570708700e-33 3.323284909129142761e-02 -6.906662583351135254e-01 -2.250901609659194946e-01
-1.442078690236726128e-32 2.211657166481018066e-01 -9.013519883155822754e-01 -1.954937696456909180e+00
8.602687898547918951e-33 8.449801206588745117e-01 1.107440982013940811e-02 9.176725894212722778e-02
7.211326499824595829e-33 1.435762830078601837e-02 -2.263138741254806519e-01 -3.186504542827606201e-02
-4.946851096727870265e-32 5.224201083183288574e-02 -4.531763494014739990e-01 -2.321709096431732178e-01
-3.493315303864060860e-32 5.584379658102989197e-02 -3.356800675392150879e-01 -1.838320344686508179e-01
-8.256180081916340623e-33 2.607278525829315186e-02 2.584268897771835327e-02 6.607631687074899673e-03
9.542302263209627547e-32 4.066181182861328125e-01 -7.246931791305541992e-01 -2.889758586883544922e+00
1.327376302472188957e-32 9.095837175846099854e-02 -9.548763185739517212e-02 -8.517467230558395386e-02
8.824801229555636495e-33 1.757483743131160736e-02 -7.821978926658630371e-01 -1.348120272159576416e-01
-2.621560685238987467e-33 1.690595000982284546e-01 -2.720712721347808838e-01 -4.510689973831176758e-01
1.018574965068730998e-32 2.211583591997623444e-02 2.717105485498905182e-02 5.892919842153787613e-03
1.093933960987429301e-33 1.362315863370895386e-01 2.997671067714691162e-01 4.004814922809600830e-01
1.912246161586107457e-32 2.275119535624980927e-02 -2.702211029827594757e-02 -6.028984207659959793e-03
1.367853899429777480e-33 4.405763149261474609e-01 -1.050458624958992004e-01 -4.538588225841522217e-01
-1.252382885296596386e-33 5.162597075104713440e-02 1.569897085428237915e-01 7.948040962219238281e-02
2.006276636304870048e-33 3.296871110796928406e-02 1.880143396556377411e-02 6.078741047531366348e-03
-5.375877294356028501e-33 5.238794088363647461e-01 3.072040528059005737e-02 1.578261405229568481e-01
-4.840822387904463049e-32 4.052884504199028015e-02 1.180193759500980377e-02 4.690706264227628708e-03
3.429727524703504628e-32 3.055864870548248291e-01 -3.771536648273468018e-01 -1.130246400833129883e+00
-1.643021074112546568e-32 6.625171005725860596e-02 1.526028364896774292e-01 9.914717823266983032e-02
7.069618451781061278e-33 2.791193313896656036e-02 2.142594568431377411e-02 5.864764563739299774e-03
-2.409345530943972068e-32 5.732681155204772949e-01 -4.765454307198524475e-02 -2.679062187671661377e-01
-2.543625409779469805e-33 1.446278691291809082e-01 1.064627058804035187e-02 1.509976480156183243e-02
-6.803065409903713302e-32 8.160628080368041992e-01 -4.865249693393707275e-01 -3.893582582473754883e+00
1.552919505590415157e-33 1.011950522661209106e-01 -1.271994877606630325e-02 -1.262308005243539810e-02
-1.660343158866263797e-33 3.123057633638381958e-02 -9.480498433113098145e-01 -2.903566956520080566e-01
-1.109883692820759972e-32 1.918400079011917114e-02 9.461157321929931641e-01 1.779934763908386230e-01
-1.018838937018887528e-32 4.218694940209388733e-02 -2.074654698371887207e-01 -8.583109080791473389e-02
-5.037391785858430727e-32 3.208952769637107849e-02 2.588239014148712158e-01 8.144948631525039673e-02
7.854889820432628114e-33 1.333003770560026169e-02 2.426310181617736816e-01 3.171745687723159790e-02
-1.286999834762969615e-32 4.193112254142761230e-02 -1.764494329690933228e-01 -7.255668193101882935e-02
-6.248967641905620645e-33 6.694453954696655273e-02 1.212697103619575500e-01 7.961376756429672241e-02
2.640697365928389676e-33 2.589646913111209869e-02 -8.813418447971343994e-02 -2.238234691321849823e-02
2.109718192264712799e-32 5.638158321380615234e-02 2.109243161976337433e-02 1.166230998933315277e-02
-1.033018466195375993e-33 8.539012819528579712e-02 1.301728636026382446e-01 1.090056002140045166e-01
8.506722890735489044e-32 1.490647438913583755e-02 1.467647552490234375e-01 2.145444974303245544e-02
1.073315514567517904e-33 3.827220201492309570e-02 -8.152813464403152466e-02 -3.059931099414825439e-02
-2.383049575379283644e-33 3.896788954734802246e-01 2.914305031299591064e-01 1.113685488700866699e+00
3.304940570903263053e-32 6.622423529624938965e-01 1.427988559007644653e-01 9.273898601531982422e-01
9.954355057095881216e-33 2.871507592499256134e-02 -1.969139873981475830e-01 -5.545072257518768311e-02
-4.554727266723473027e-33 3.537516891956329346e-01 -4.942800402641296387e-01 -1.714716315269470215e+00
-3.154432845617869784e-33 3.143302798271179199e-01 -5.337088704109191895e-01 -1.645171999931335449e+00
-8.307155688313336826e-32 2.185052074491977692e-02 3.556117117404937744e-01 7.620062679052352905e-02
1.215826021176480982e-33 5.959733203053474426e-02 8.253314495086669922e-01 4.823651015758514404e-01
4.587979063172358485e-33 2.063872292637825012e-02 -1.599837839603424072e-02 -3.238019300624728203e-03
6.216983175303715465e-33 5.187719464302062988e-01 -5.113848298788070679e-02 -2.601626813411712646e-01
-5.038193399537294601e-33 2.555471472442150116e-02 1.885860711336135864e-01 4.726082459092140198e-02
7.532426006063150413e-33 2.465967647731304169e-02 3.363221287727355957e-01 8.133238554000854492e-02
-7.107479655453108631e-33 5.880380049347877502e-02 -5.492552369832992554e-02 -3.167380765080451965e-02
1.199590515646205874e-32 1.680490970611572266e-01 2.887206152081489563e-02 4.758111760020256042e-02
-3.837426875261487955e-32 5.128818005323410034e-02 -3.336947858333587646e-01 -1.678368747234344482e-01
-5.764332626896700159e-33 7.478933781385421753e-02 -1.130141839385032654e-01 -8.288832008838653564e-02
6.551220300280647640e-33 9.109494686126708984e-01 3.950578868389129639e-01 3.529195070266723633e+00
3.634865394854203666e-32 2.064131647348403931e-01 5.871473625302314758e-02 1.188516393303871155e-01
3.029424972348070546e-32 3.020932376384735107e-01 1.211088374257087708e-01 3.587876856327056885e-01
7.663440875870842320e-32 5.208813771605491638e-02 2.594303898513317108e-02 1.325196772813796997e-02
3.593429292456114957e-33 3.194072246551513672e-01 8.323071599006652832e-01 2.607048034667968750e+00
2.643946579250856331e-32 1.728253811597824097e-02 -1.255612820386886597e-01 -2.128060348331928253e-02
9.713052515494959092e-33 1.803043670952320099e-02 5.465672165155410767e-02 9.664301760494709015e-03
4.899429891374172954e-32 2.599865570664405823e-02 3.559276163578033447e-01 9.074719995260238647e-02
-7.560702669608974391e-32 9.809018671512603760e-02 -1.656860485672950745e-02 -1.593793928623199463e-02
-7.030827872887895054e-33 3.387659415602684021e-02 -3.424073159694671631e-01 -1.137531548738479614e-01
-1.020256821978269218e-33 6.249106675386428833e-02 -1.772119663655757904e-02 -1.086004544049501419e-02
1.211713095012648420e-32 1.592014916241168976e-02 6.193020939826965332e-01 9.668750315904617310e-02
-2.842410580224761831e-32 8.100014179944992065e-02 7.929974794387817383e-02 6.299096345901489258e-02
4.015236264997095041e-32 7.186601758003234863e-01 2.100568078458309174e-02 1.480406671762466431e-01
-7.090591328114844826e-32 6.407788991928100586e-01 -6.174334138631820679e-02 -3.879886269569396973e-01
1.611464634391134555e-32 3.729140460491180420e-01 -1.407478284090757370e-02 -5.147200822830200195e-02
2.462962069071082856e-33 3.501801490783691406e-01 1.168898940086364746e-01 4.014108777046203613e-01
9.287704292753729941e-33 2.264191806316375732e-01 -3.414659574627876282e-02 -7.581956684589385986e-02
5.822012665323611279e-33 3.954814970493316650e-01 4.415948688983917236e-01 1.712658882141113281e+00
-2.383023126756390142e-33 1.082091182470321655e-01 -4.209606721997261047e-02 -4.467104375362396240e-02
8.446026092993986375e-33 3.165606409311294556e-02 -1.258370578289031982e-01 -3.906485065817832947e-02
-1.007587692839992003e-32 1.005740277469158173e-02 -2.576794624328613281e-01 -2.541477605700492859e-02
-8.110001188046247354e-32 1.907660812139511108e-02 -8.580885529518127441e-01 -1.605291664600372314e-01
-6.857805830832805587e-32 2.978277504444122314e-01 4.663600325584411621e-01 1.362094283103942871e+00
1.457394518374276649e-33 1.436575315892696381e-02 -1.272505521774291992e-02 -1.792704570107161999e-03
2.534332575923242674e-33 5.263129472732543945e-01 -5.761089175939559937e-02 -2.973509430885314941e-01
5.843451184357114306e-32 1.098227966576814651e-02 -6.457889080047607422e-02 -6.955106277018785477e-03
-4.038120642082109481e-33 3.026137314736843109e-02 -3.196434304118156433e-02 -9.485824964940547943e-03
2.435631641743472356e-32 5.004591941833496094e-01 7.003629952669143677e-02 3.437261283397674561e-01
3.174834284760359848e-33 1.255154982209205627e-02 -3.289589285850524902e-02 -4.049111157655715942e-03
-1.219810120506303115e-33 5.915299654006958008e-01 -5.128758549690246582e-01 -2.975155353546142578e+00
2.950000051672473340e-33 1.406427770853042603e-01 -2.383981198072433472e-01 -3.288069069385528564e-01
9.494651248710344479e-32 9.142979979515075684e-01 1.800508238375186920e-02 1.614371687173843384e-01
2.828214722697056476e-32 3.077787533402442932e-02 -4.128994941711425781e-01 -1.246245652437210083e-01
1.025736443995925006e-32 2.778254151344299316e-01 -4.555767476558685303e-01 -1.241235494613647461e+00
-2.278097582647031179e-33 7.434980869293212891e-01 -1.838917285203933716e-01 -1.340796113014221191e+00
9.315368817616363213e-33 4.119192808866500854e-02 -1.383500844240188599e-01 -5.588718503713607788e-02
-6.656209578224340248e-33 2.434199452400207520e-01 -3.430173918604850769e-02 -8.188285678625106812e-02
-8.531631028282237905e-32 1.856027394533157349e-01 9.249451011419296265e-02 1.683530509471893311e-01
1.421110368943552016e-32 1.317305862903594971e-02 1.994956880807876587e-01 2.577156759798526764e-02
-2.615856378496431538e-32 5.447670817375183105e-01 -1.628687605261802673e-02 -8.701003342866897583e-02
-3.055001672306849583e-32 2.820766270160675049e-01 -5.543980598449707031e-01 -1.533590793609619141e+00
-1.715418007938165023e-33 2.159461006522178650e-02 3.593070507049560547e-01 7.609073072671890259e-02
-9.078289239470770157e-33 9.831864833831787109e-01 7.832278311252593994e-02 7.551699280738830566e-01
9.902016464999106570e-32 1.608017981052398682e-01 -5.837442278861999512e-01 -9.205220341682434082e-01
-1.963023219640410083e-33 1.475154757499694824e-01 -6.429300308227539062e-01 -9.300835728645324707e-01
1.782806454208517415e-32 1.538087613880634308e-02 3.163837268948554993e-02 4.772169981151819229e-03
9.023000597363813128e-33 1.268169283866882324e-01 1.412751823663711548e-01 1.756967753171920776e-01
1.776936329294098617e-32 1.362199336290359497e-02 4.032120704650878906e-01 5.386353656649589539e-02
-4.023529451110543206e-33 7.760091871023178101e-02 5.664042234420776367e-01 4.310364723205566406e-01
4.525155134934645961e-33 4.427491128444671631e-02 1.197686698287725449e-02 5.200218874961137772e-03
3.192339673164408427e-32 8.520296216011047363e-01 -1.208720635622739792e-02 -1.009953320026397705e-01
2.641527999624039474e-32 4.224011600017547607e-01 5.285127162933349609e-01 2.189279556274414062e+00
3.705129908459033564e-33 6.322724223136901855e-01 3.377276659011840820e-02 2.094071805477142334e-01
-4.302352523426964998e-32 2.295352891087532043e-02 7.436706423759460449e-01 1.673981994390487671e-01
7.998796777596169606e-33 1.846242100000381470e-01 3.191872239112854004e-01 5.779028534889221191e-01
5.909597647377426025e-33 1.891319006681442261e-01 2.160021513700485229e-01 4.006300568580627441e-01
-1.616452109984879668e-32 6.618329286575317383e-01 2.258766442537307739e-02 1.466021686792373657e-01
1.419607517783124953e-33 4.986249506473541260e-01 -2.568298578262329102e-02 -1.255857050418853760e-01
-8.483095454283961065e-32 2.771890759468078613e-01 -6.148804426193237305e-01 -1.671427249908447266e+00
-5.108769345676695479e-33 4.401063621044158936e-01 -9.805461168289184570e-01 -4.232007026672363281e+00
1.896234018349587815e-33 2.546939253807067871e-02 -4.350312799215316772e-02 -1.086575072258710861e-02
-1.791986036530882511e-32 1.156376376748085022e-01 9.407617896795272827e-02 1.066840589046478271e-01
1.118417212427653600e-33 6.225398555397987366e-02 -4.587100818753242493e-02 -2.800439111888408661e-02
2.392001111797589216e-32 7.608823180198669434e-01 -4.629345983266830444e-02 -3.454282283782958984e-01
1.531218777848281834e-33 1.223901752382516861e-02 -1.345462948083877563e-01 -1.614875160157680511e-02
-1.577224688003589111e-33 9.056574106216430664e-01 3.437531590461730957e-01 3.053031682968139648e+00
-4.239405682561194619e-33 4.537363052368164062e-01 5.278829336166381836e-01 2.348885297775268555e+00
1.125467515303198743e-33 2.629527822136878967e-02 -7.308758497238159180e-01 -1.884699314832687378e-01
-1.615647741241131054e-33 1.266834232956171036e-02 -1.517890840768814087e-01 -1.885736547410488129e-02
8.807235670534505200e-32 5.139816179871559143e-02 -8.016216009855270386e-02 -4.040523990988731384e-02
1.174539482067435179e-32 1.669321209192276001e-01 1.738523319363594055e-02 2.846040576696395874e-02
-1.061718179137801374e-32 4.347142577171325684e-01 -1.463432312011718750e-01 -6.238744854927062988e-01
6.937222229174359331e-32 8.992840051651000977e-01 -4.348148033022880554e-02 -3.834615647792816162e-01
5.054295394623255221e-32 1.046277210116386414e-02 -1.494937688112258911e-01 -1.533876918256282806e-02
-1.287514407415042071e-32 2.377667278051376343e-01 -9.940415620803833008e-02 -2.317801713943481445e-01
-2.342094801183658199e-33 6.578900665044784546e-02 -1.996473371982574463e-01 -1.288064271211624146e-01
6.391405965814603542e-33 7.419915795326232910e-01 -1.841046474874019623e-02 -1.339628547430038452e-01
1.267147498419107412e-32 3.360314667224884033e-02 -1.687368303537368774e-01 -5.560456961393356323e-02
4.425868473960379975e-32 1.990001350641250610e-01 -4.634059071540832520e-01 -9.043480753898620605e-01
9.384103645728788683e-32 3.543505445122718811e-02 7.147744297981262207e-02 2.483835071325302124e-02
-1.199061084010855055e-33 1.236284077167510986e-01 -1.015826240181922913e-01 -1.231568008661270142e-01
2.551895930892466178e-33 1.624339818954467773e-01 6.473127007484436035e-01 1.031125903129577637e+00
5.899592794552386757e-32 6.544401645660400391e-01 -2.691390812397003174e-01 -1.727298617362976074e+00
3.085789118317633041e-33 1.168679445981979370e-02 2.759199142456054688e-01 3.162271529436111450e-02
-8.595141959499609129e-33 1.401281207799911499e-01 -4.172692820429801941e-02 -5.734061822295188904e-02
-2.682840160836513358e-32 5.067559480667114258e-01 1.158499270677566528e-01 5.757252573966979980e-01
1.354881676419980431e-33 2.452625632286071777e-01 -4.381363689899444580e-01 -1.053807497024536133e+00
-9.901798998544204447e-32 6.012365221977233887e-02 3.705783784389495850e-01 2.184973061084747314e-01
5.004637811267118508e-32 3.314811736345291138e-02 2.307541482150554657e-02 7.501171436160802841e-03
-1.096788667385500458e-33 4.010643064975738525e-02 -2.289286628365516663e-02 -9.003987535834312439e-03
-4.938659150065386670e-33 1.811760216951370239e-01 2.990540564060211182e-01 5.313382148742675781e-01
-5.214950207550137255e-32 7.395607978105545044e-02 -1.597049236297607422e-01 -1.158278137445449829e-01
1.280355206008152782e-32 4.938183724880218506e-02 -9.117412567138671875e-02 -4.415293037891387939e-02
-4.009309716353836773e-32 3.537055850028991699e-02 1.336149685084819794e-02 4.634657874703407288e-03
-1.415958177203897930e-32 4.163941740989685059e-02 -9.135157614946365356e-02 -3.730279207229614258e-02
8.282567726040393186e-33 2.599622905254364014e-01 5.390680432319641113e-01 1.374278068542480469e+00
-5.560810032920824797e-32 3.706933930516242981e-02 -2.887783646583557129e-01 -1.049784570932388306e-01
-8.480466461168347019e-32 1.397484168410301208e-02 -3.689396679401397705e-01 -5.056184902787208557e-02
-4.124903349241488016e-33 7.105296105146408081e-02 -9.295176714658737183e-02 -6.476800143718719482e-02
2.705699117856191266e-32 4.126772582530975342e-01 -5.338385701179504395e-02 -2.160434722900390625e-01
-1.369086699130202354e-33 1.179128885269165039e-02 2.480444908142089844e-01 2.868214063346385956e-02
3.456423883031441894e-32 1.300590634346008301e-01 -1.406310498714447021e-01 -1.793669909238815308e-01
-2.359784631998190488e-32 7.899966835975646973e-01 7.455495595932006836e-01 5.775937080383300781e+00
6.645514048999795960e-33 1.751666516065597534e-01 -3.537162020802497864e-02 -6.076130270957946777e-02
7.671196052913598509e-33 1.956303417682647705e-02 3.036111034452915192e-02 5.824713036417961121e-03
2.561843294696910543e-32 1.324257720261812210e-02 -8.115543723106384277e-01 -1.053927689790725708e-01
-1.581730063976703234e-32 2.330874353647232056e-01 -2.200545743107795715e-02 -5.030022561550140381e-02
-1.918056887301611266e-33 9.712824970483779907e-02 -4.095530882477760315e-02 -3.901004418730735779e-02
9.070773422465200156e-33 7.286617904901504517e-02 3.782765939831733704e-02 2.703062817454338074e-02
-5.257237955605396711e-33 1.355616282671689987e-02 -3.980499505996704102e-01 -5.291697755455970764e-02
-5.851740182771937666e-32 1.180577054619789124e-01 -2.116557955741882324e-02 -2.450446225702762604e-02
-5.432608268031444477e-32 5.788311362266540527e-01 1.408091932535171509e-02 7.992885261774063110e-02
1.999087569994630180e-32 1.440142374485731125e-02 -3.229860216379165649e-02 -4.561522509902715683e-03
-3.778222147193163401e-33 2.394702471792697906e-02 2.495459467172622681e-02 5.860339384526014328e-03
4.898068962789508450e-32 7.642526030540466309e-01 -3.236513584852218628e-02 -2.425688505172729492e-01
1.027301614724044882e-32 5.532902479171752930e-01 -2.926019430160522461e-01 -1.587635874748229980e+00
-1.772581379863691284e-33 4.603689908981323242e-01 1.098934095352888107e-02 4.961333423852920532e-02
3.641481297465822279e-33 6.066880822181701660e-01 2.999888360500335693e-02 1.784806996583938599e-01
-2.037909923969467069e-33 1.137766335159540176e-02 1.839461363852024078e-02 2.052411437034606934e-03
1.559282236106225420e-32 1.873991787433624268e-01 2.250466644763946533e-01 4.135813415050506592e-01
2.723285945978232752e-33 3.363520652055740356e-02 -1.442531943321228027e-01 -4.758172854781150818e-02
8.180110609865165637e-32 4.523444920778274536e-02 -7.699399590492248535e-01 -3.415441513061523438e-01
-9.640337169637061651e-33 3.035984039306640625e-01 -2.523135021328926086e-02 -7.512087374925613403e-02
7.521236622274466911e-32 5.888240411877632141e-02 -2.413912117481231689e-01 -1.393887400627136230e-01
-1.403334249496829679e-32 6.440005451440811157e-02 -2.662403285503387451e-01 -1.681437641382217407e-01
8.249742193230474660e-32 1.234445348381996155e-02 -2.835421860218048096e-01 -3.432497382164001465e-02
2.392939890973514665e-32 7.675037533044815063e-02 2.568862400949001312e-02 1.933490298688411713e-02
6.555456341110629606e-32 1.565424054861068726e-01 -1.919800974428653717e-02 -2.947195060551166534e-02
2.209606559409805944e-32 8.580246567726135254e-02 1.799258440732955933e-01 1.513958573341369629e-01
8.517233573473366527e-32 1.705014705657958984e-01 4.101245105266571045e-01 6.857479214668273926e-01
-7.982032758785505258e-32 5.122795701026916504e-02 7.002542167901992798e-02 3.517899289727210999e-02
-1.262757173955580021e-32 2.705319821834564209e-01 8.342264592647552490e-02 2.213213145732879639e-01
-3.458188667394010780e-33 3.290039896965026855e-01 7.764778137207031250e-01 2.505249023437500000e+00
2.376098179333100657e-33 1.749026775360107422e-02 7.025563120841979980e-01 1.205031201243400574e-01
-4.219443143621942827e-32 1.056139096617698669e-01 2.801942639052867889e-02 2.902024425566196442e-02
-3.084228869972107234e-32 4.117506369948387146e-02 -1.312157791107892990e-02 -5.298354197293519974e-03
1.799248387567056456e-33 1.349186897277832031e-01 1.201284490525722504e-02 1.589420065283775330e-02
5.847764073130281279e-33 2.639500238001346588e-02 -9.015609622001647949e-01 -2.333659529685974121e-01
5.163280765612568197e-32 2.405815199017524719e-02 5.900630354881286621e-01 1.392134875059127808e-01
6.743732479482752193e-33 7.489438652992248535e-01 -2.688288316130638123e-02 -1.974448412656784058e-01
5.791273855391593093e-33 2.783854901790618896e-01 8.722631931304931641e-01 2.381304025650024414e+00
-4.482691870879129353e-32 9.824152588844299316e-01 -1.890898682177066803e-02 -1.821730136871337891e-01
-4.473011674900107815e-33 1.943238228559494019e-01 1.419954150915145874e-01 2.705957889556884766e-01
-2.644622488502579146e-32 1.039417274296283722e-02 -4.242650419473648071e-02 -4.324619192630052567e-03
-1.331624245182472999e-32 8.464549779891967773e-01 1.321708559989929199e-01 1.097135424613952637e+00
3.135891258943571359e-33 3.805139064788818359e-01 -5.788851529359817505e-02 -2.160148471593856812e-01
1.525630771578060385e-32 4.485685378313064575e-02 4.745773077011108398e-01 2.087643891572952271e-01
2.018315902509198064e-33 5.415213853120803833e-02 -1.898442208766937256e-02 -1.008169725537300110e-02
-1.058725150115417051e-32 1.037910487502813339e-02 4.993591308593750000e-01 5.082689225673675537e-02
1.277942816093776974e-33 1.053382921963930130e-02 2.506845630705356598e-02 2.589610870927572250e-03
-2.337792602062244016e-32 5.864797830581665039e-01 -2.672351896762847900e-02 -1.536976993083953857e-01
-8.787563772573494219e-32 1.369109451770782471e-01 2.138260938227176666e-02 2.870909869670867920e-02
-5.590688748330025701e-32 1.717051565647125244e-01 -1.106415316462516785e-01 -1.863040030002593994e-01
4.591252080255429292e-33 5.384472608566284180e-01 -7.965652644634246826e-02 -4.206154048442840576e-01
-2.410557906430051405e-32 1.940848678350448608e-01 8.247027993202209473e-01 1.569675326347351074e+00
1.115706963265038963e-33 5.208744108676910400e-02 -1.433654129505157471e-02 -7.323152385652065277e-03
-3.903040178125304840e-33 5.383850932121276855e-01 1.279143430292606354e-02 6.753562390804290771e-02
2.716886885340142388e-32 1.067423149943351746e-01 -5.459476709365844727e-01 -5.714896321296691895e-01
4.206950577408578966e-32 2.353056520223617554e-01 5.052661895751953125e-02 1.165932193398475647e-01
2.994245475366431926e-33 4.370578825473785400e-01 4.566395878791809082e-01 1.957190871238708496e+00
-1.901122605481070003e-32 4.087171852588653564e-01 -5.953092873096466064e-02 -2.386086732149124146e-01
-3.485655562268912055e-33 4.374654963612556458e-02 1.574566215276718140e-01 6.755000352859497070e-02
4.311479943187512355e-32 1.463523879647254944e-02 -7.805237919092178345e-02 -1.120228506624698639e-02
5.893398600539125640e-33 6.593213975429534912e-02 1.848512291908264160e-01 1.195198893547058105e-01
-1.068162808549085333e-33 6.108190864324569702e-02 6.621714681386947632e-02 3.966465964913368225e-02
8.150572200070527786e-33 3.831582888960838318e-02 1.302330046892166138e-01 4.893504083156585693e-02
2.777062608476444614e-33 4.607747495174407959e-02 -1.598880290985107422e-01 -7.224790751934051514e-02
-8.635963204883820855e-33 4.918690398335456848e-02 3.747050091624259949e-02 1.807422377169132233e-02
-6.061024609245162323e-32 5.231872200965881348e-02 3.212621062994003296e-02 1.648304052650928497e-02
-1.680315101760322167e-32 4.880870878696441650e-01 -6.960941106081008911e-02 -3.331854045391082764e-01
3.921994289848344962e-33 2.180133759975433350e-02 -1.060144603252410889e-02 -2.266568830236792564e-03
-1.747061140367950180e-32 1.654315367341041565e-02 -3.791553974151611328e-01 -6.151148304343223572e-02
-1.671777963834879915e-33 4.993879497051239014e-01 -7.370132207870483398e-02 -3.609391748905181885e-01
-6.177347415972308017e-32 2.489429563283920288e-01 6.542031466960906982e-02 1.597103774547576904e-01
-1.833757044616360182e-33 6.828649342060089111e-02 1.392568740993738174e-02 9.325499646365642548e-03
1.250703397742859043e-33 3.119935691356658936e-01 1.775022745132446289e-01 5.430880188941955566e-01
1.008677100596715790e-33 1.458649151027202606e-02 3.611491248011589050e-02 5.166043993085622787e-03
8.667320986059943902e-33 1.951855123043060303e-01 -1.547485217452049255e-02 -2.962066046893596649e-02
-4.266541969649927126e-32 3.764183819293975830e-02 -6.090695858001708984e-01 -2.248321473598480225e-01
8.581354439322020666e-32 6.552635878324508667e-02 2.131449878215789795e-01 1.369657069444656372e-01
1.285273768245580938e-32 5.867760255932807922e-02 -2.588452100753784180e-01 -1.489474773406982422e-01
5.629026908834919197e-32 3.400494158267974854e-02 -1.530463062226772308e-02 -5.103704985231161118e-03
8.833100072735647992e-32 8.615198135375976562e-01 -4.920876324176788330e-01 -4.157463073730468750e+00
1.696580270155856307e-32 8.469745516777038574e-02 6.575815379619598389e-02 5.461860820651054382e-02
-7.577407619828509919e-32 9.481769204139709473e-01 8.438766598701477051e-01 7.846735954284667969e+00
5.562370501671541384e-32 1.738560199737548828e-02 7.745616883039474487e-02 1.320585142821073532e-02
-1.613165060437995920e-33 2.464984953403472900e-01 2.290695756673812866e-01 5.537354946136474609e-01
-3.233529289090809087e-33 3.334966897964477539e-01 2.690391615033149719e-02 8.798886090517044067e-02
1.070229713326914778e-32 6.451277136802673340e-01 -1.154903694987297058e-01 -7.306546568870544434e-01
2.477557117133487768e-33 1.982714086771011353e-01 -7.710577249526977539e-01 -1.499227881431579590e+00
-1.059413916336601985e-32 1.287070568650960922e-02 1.012311317026615143e-02 1.277724280953407288e-03
2.029214755522236145e-32 2.413424402475357056e-01 1.981652900576591492e-02 4.690098762512207031e-02
4.046471060076763306e-33 1.057081818580627441e-01 1.073373761028051376e-02 1.112705562263727188e-02
-2.469853955715755465e-33 1.582638919353485107e-02 2.776042819023132324e-01 4.308525472879409790e-02
3.428808288121161599e-32 4.444336518645286560e-02 -4.775552079081535339e-02 -2.081379108130931854e-02
-1.408877586981719881e-32 2.023993432521820068e-01 -1.076367050409317017e-01 -2.136437445878982544e-01
1.212251397956928101e-32 2.805188000202178955e-01 5.127049088478088379e-01 1.410425424575805664e+00
-1.637660379062415379e-32 2.044163458049297333e-02 2.683991789817810059e-01 5.380436033010482788e-02
-8.236125266670549281e-32 1.021021045744419098e-02 -1.054040901362895966e-02 -1.055389642715454102e-03
-8.455474275775514364e-32 3.538936972618103027e-01 -2.088966965675354004e-01 -7.249784469604492188e-01
3.152285290907314391e-32 3.555791452527046204e-02 -1.689919084310531616e-02 -5.892815534025430679e-03
-4.568086245741789840e-32 2.323237061500549316e-02 -1.677318103611469269e-02 -3.821462858468294144e-03
1.159253280060945225e-32 7.574830204248428345e-02 -2.686731219291687012e-01 -1.995803713798522949e-01
-9.347961896418406632e-32 7.597032189369201660e-01 3.912127390503883362e-02 2.914591133594512939e-01
-9.193295198651407183e-33 2.319722995162010193e-02 -8.422517776489257812e-02 -1.916014216840267181e-02
-5.711518400398224045e-32 1.313665695488452911e-02 1.852128654718399048e-02 2.386034233495593071e-03
1.353110445205581255e-33 5.504825711250305176e-02 -1.386467553675174713e-02 -7.484692614525556564e-03
6.179612593586342565e-32 1.569020375609397888e-02 -5.569146275520324707e-01 -8.569153398275375366e-02
3.202097157896996530e-32 7.645602822303771973e-01 4.804666340351104736e-02 3.602430820465087891e-01
-1.502691366663748076e-33 1.524768620729446411e-01 -2.026261389255523682e-02 -3.029842860996723175e-02
-3.075326300240353103e-33 2.466357499361038208e-01 3.528052866458892822e-01 8.533197641372680664e-01
2.388288606764104726e-32 4.469593614339828491e-02 -2.600569725036621094e-01 -1.139874979853630066e-01
1.058546530075389758e-33 9.947816729545593262e-01 2.598759718239307404e-02 2.535213828086853027e-01
1.948830190645986394e-32 6.218649744987487793e-01 7.446756958961486816e-02 4.541339278221130371e-01
1.046785984601901245e-33 1.585129797458648682e-01 -1.413686759769916534e-02 -2.197549678385257721e-02
6.301234528846995131e-33 4.836056232452392578e-01 2.801507115364074707e-01 1.328629016876220703e+00
-4.578722779843602235e-33 1.470913887023925781e-01 1.526392400264739990e-01 2.201780974864959717e-01
5.603835477149622165e-32 6.538209319114685059e-02 1.855003982782363892e-01 1.189390122890472412e-01
1.544538047198059931e-33 2.028000801801681519e-01 1.468478739261627197e-01 2.920494973659515381e-01
-1.330793023739647789e-32 3.116477839648723602e-02 -4.301216453313827515e-02 -1.314546726644039154e-02
-2.989277909708253865e-33 2.630753815174102783e-02 -8.688630908727645874e-02 -2.241569571197032928e-02
-1.340515757920489708e-33 1.227964740246534348e-02 7.478623837232589722e-02 9.005923755466938019e-03
-1.889869634794846708e-33 3.241306245326995850e-01 2.995403669774532318e-02 9.521296620368957520e-02
-3.793341208596645810e-33 1.975168101489543915e-02 4.634184241294860840e-01 8.976313471794128418e-02
5.502853826789867366e-33 9.920831769704818726e-02 -7.738382220268249512e-01 -7.528681755065917969e-01
3.967743942235172981e-32 7.551315426826477051e-01 3.335499763488769531e-01 2.470041275024414062e+00
1.927672614762329894e-32 1.044447943568229675e-01 -3.037494421005249023e-02 -3.111164458096027374e-02
2.252051162492503249e-32 1.193631440401077271e-01 -1.824643835425376892e-02 -2.135841548442840576e-02
3.329049225354658906e-33 5.283736586570739746e-01 1.473528426140546799e-02 7.635198533535003662e-02
1.529464719871664202e-33 3.103493899106979370e-02 8.606705069541931152e-02 2.619440294802188873e-02
-2.404496175936448574e-32 2.294804900884628296e-01 -1.622404903173446655e-02 -3.651116415858268738e-02
-4.864497431877199330e-32 1.078023016452789307e-01 3.918482735753059387e-02 4.142539203166961670e-02
-4.023556267075421339e-33 1.056646853685379028e-01 1.150409802794456482e-01 1.192073673009872437e-01
-1.980117846237243199e-33 9.891160726547241211e-01 -7.389824092388153076e-02 -7.168066501617431641e-01
-1.496263102337879470e-32 2.862514369189739227e-02 1.171002462506294250e-01 3.287200257182121277e-02
2.381281778812440776e-32 2.682026624679565430e-01 1.442618481814861298e-02 3.794331476092338562e-02
2.916199629969540043e-33 4.747716709971427917e-02 -1.840275153517723083e-02 -8.568173274397850037e-03
4.594438478098523881e-32 1.302143279463052750e-02 3.107388503849506378e-02 3.968030679970979691e-03
-3.063956000524238358e-32 2.906565070152282715e-01 6.859166622161865234e-01 1.955114126205444336e+00
-5.156211930333898371e-32 4.746280238032341003e-02 -8.847349286079406738e-01 -4.118008315563201904e-01
-1.127131850000070018e-33 8.237792253494262695e-01 -1.341319456696510315e-02 -1.083586886525154114e-01
5.315574874969226710e-32 3.834282457828521729e-01 -7.948479801416397095e-02 -2.988744974136352539e-01
5.590328459311498670e-32 5.927601829171180725e-02 8.553103804588317871e-01 4.971912205219268799e-01
-1.029182313849864384e-33 1.107567474246025085e-01 -2.873489260673522949e-02 -3.121048025786876678e-02
-3.654539056056740880e-32 4.917268455028533936e-01 -2.674234844744205475e-02 -1.289567649364471436e-01
5.112933167072498800e-33 4.254635572433471680e-01 -4.696320742368698120e-02 -1.959479749202728271e-01
-9.560492450541427035e-33 5.332157015800476074e-01 1.531141344457864761e-02 8.006429672241210938e-02
-9.994053705375057657e-33 4.312515854835510254e-01 -1.740550696849822998e-01 -7.361021041870117188e-01
-3.835933115815180533e-32 2.528628520667552948e-02 -2.028872072696685791e-01 -5.031070113182067871e-02
-8.790165141571863941e-32 6.621319055557250977e-01 1.464803330600261688e-02 9.511401504278182983e-02
-4.152303020533201642e-32 1.110000628978013992e-02 -5.916920900344848633e-01 -6.440797448158264160e-02
1.214023749564380405e-32 4.602391645312309265e-02 -6.129498481750488281e-01 -2.766490578651428223e-01
1.437917146361227524e-32 2.356173992156982422e-01 -6.131533980369567871e-01 -1.416762948036193848e+00
-7.968971841053518822e-32 1.330536790192127228e-02 -1.824886649847030640e-01 -2.381131798028945923e-02
8.936588538266928246e-33 7.564575076103210449e-01 2.469199001789093018e-01 1.831729292869567871e+00
4.820822820893160355e-32 4.764205217361450195e-02 1.056628488004207611e-02 4.936662502586841583e-03
-4.029652307310388796e-33 1.392481625080108643e-01 4.802079871296882629e-02 6.557518988847732544e-02
1.458554308855255920e-33 1.832856051623821259e-02 1.199237480759620667e-01 2.155530825257301331e-02
-7.693112116527123090e-32 2.657557465136051178e-02 2.074875682592391968e-02 5.407486110925674438e-03
1.914354263767513377e-33 1.401534676551818848e-01 -3.142137527465820312e-01 -4.318666458129882812e-01
-1.018698465443964265e-33 2.235402166843414307e-02 -4.653584957122802734e-02 -1.020149886608123779e-02
1.238369780406245433e-32 3.489245474338531494e-01 -2.312976308166980743e-02 -7.914498448371887207e-02
-2.792201396144501759e-32 7.230679392814636230e-01 -7.717284560203552246e-02 -5.472229719161987305e-01
1.070663672780459750e-33 5.309653282165527344e-01 -2.812406793236732483e-02 -1.464417576789855957e-01
-2.249257600167774083e-32 7.751964777708053589e-02 -8.939620852470397949e-01 -6.795971989631652832e-01
-1.056185200696877793e-32 1.574772745370864868e-01 1.787720806896686554e-02 2.760821022093296051e-02
1.384938938400811701e-32 3.248355090618133545e-01 -2.262008935213088989e-02 -7.205738127231597900e-02
1.387430986424554951e-32 1.514083892107009888e-02 -4.181719720363616943e-01 -6.209055334329605103e-02
2.399775390623546267e-32 1.738764494657516479e-01 -4.988233000040054321e-02 -8.505663275718688965e-02
1.182760007936323141e-33 1.034886464476585388e-01 6.124156117439270020e-01 6.215265393257141113e-01
5.044446294799699906e-33 7.213114202022552490e-02 -1.908686570823192596e-02 -1.350137777626514435e-02
-2.974142060776073775e-32 2.689812891185283661e-02 -5.908985733985900879e-01 -1.558675318956375122e-01
-1.459610325225576661e-33 4.170217812061309814e-01 1.362996697425842285e-01 5.574093461036682129e-01
-2.579596785877379551e-32 1.997443139553070068e-01 6.037140488624572754e-01 1.182568669319152832e+00
2.113113828102253756e-33 1.907013729214668274e-02 2.302639186382293701e-01 4.306261241436004639e-02
-2.540253577702533000e-32 1.710481196641921997e-02 -1.199309621006250381e-02 -2.011732663959264755e-03
2.060797349992953955e-32 2.467438578605651855e-02 1.016165781766176224e-02 2.458847593516111374e-03
-7.092893239927342571e-33 1.354559063911437988e-01 7.635675072669982910e-01 1.014299154281616211e+00
1.950364982191977207e-33 3.004825673997402191e-02 -2.578894197940826416e-01 -7.599297910928726196e-02
-3.592006870823223063e-32 4.782510697841644287e-01 -7.611463963985443115e-02 -3.569807708263397217e-01
4.590854983570042138e-33 5.168348923325538635e-02 4.487522691488265991e-02 2.274464257061481476e-02
-8.212735280077887405e-33 8.845026046037673950e-02 -1.135235801339149475e-01 -9.847044199705123901e-02
-1.211986195411123054e-33 4.330244660377502441e-01 2.712350152432918549e-02 1.151804774999618530e-01
1.185950373072851755e-32 8.108890801668167114e-02 -3.914112225174903870e-02 -3.112543374300003052e-02
2.192614494695082073e-32 2.421457134187221527e-02 3.269935846328735352e-01 7.764915376901626587e-02
5.311415975956017457e-32 8.717505633831024170e-02 -4.537861794233322144e-02 -3.879396617412567139e-02
3.268831221155925541e-33 6.206639111042022705e-02 5.945203304290771484e-01 3.618627488613128662e-01
-1.853763774796363199e-33 5.762269496917724609e-01 2.094187587499618530e-01 1.183395266532897949e+00
1.603119726526250209e-33 1.768137514591217041e-02 -8.391904234886169434e-01 -1.455114781856536865e-01
-2.786613683747868016e-32 3.204183652997016907e-02 -4.578277841210365295e-02 -1.438600383698940277e-02
2.170788907412372345e-33 1.915044523775577545e-02 -1.895744167268276215e-02 -3.560240147635340691e-03
9.906737984995978141e-33 2.263382226228713989e-01 -1.712085455656051636e-01 -3.800178766250610352e-01
4.278957026704533642e-33 1.786589622497558594e-01 1.570274233818054199e-01 2.751192450523376465e-01
-8.945947530414587593e-32 6.227937936782836914e-01 3.517555296421051025e-01 2.148354053497314453e+00
-2.110723239934665855e-32 9.003818780183792114e-02 -5.441669225692749023e-01 -4.804846644401550293e-01
-3.098433543707443756e-32 4.643562063574790955e-02 -1.550491005182266235e-01 -7.060592621564865112e-02
-1.739954432130664798e-33 9.930423647165298462e-02 1.369139552116394043e-01 1.333325505256652832e-01
2.445244614139306244e-33 1.135624200105667114e-02 -1.117687225341796875e-01 -1.244731247425079346e-02
-3.974953249088766070e-33 3.115589022636413574e-01 -5.313349515199661255e-02 -1.623413711786270142e-01
2.230604855808926024e-33 3.873093128204345703e-01 -5.506256222724914551e-01 -2.091389894485473633e+00
1.161526998376122467e-33 1.499037072062492371e-02 -3.242499530315399170e-01 -4.766646772623062134e-02
5.907299923263553085e-32 7.357700467109680176e-01 7.190861552953720093e-02 5.188522338867187500e-01
1.726886608369367281e-33 2.067285627126693726e-01 -5.109958052635192871e-01 -1.035949230194091797e+00
-4.022575463976453993e-33 8.061583340167999268e-02 6.334061920642852783e-02 5.007527396082878113e-02
-1.901663149211455939e-33 2.380722388625144958e-02 -4.863718152046203613e-02 -1.135527901351451874e-02
-1.766598591162585862e-32 6.970168948173522949e-01 -3.001177683472633362e-02 -2.051425278186798096e-01
4.331763171679347853e-33 9.308704733848571777e-02 -7.898620963096618652e-01 -7.210430502891540527e-01
-1.584914441438882347e-33 3.492309898138046265e-02 -2.541575431823730469e-01 -8.704352378845214844e-02
3.896984178166662268e-32 2.172972634434700012e-02 2.503735125064849854e-01 5.335355177521705627e-02
-2.840903302593419953e-32 9.500092267990112305e-02 -2.475533038377761841e-01 -2.306307554244995117e-01
1.103617205904923284e-32 9.509068727493286133e-02 -1.917123347520828247e-01 -1.787757873535156250e-01
6.517533570921957935e-33 7.539194077253341675e-02 2.871661782264709473e-01 2.123141437768936157e-01
3.414690233625801294e-33 9.036365747451782227e-01 2.617836371064186096e-02 2.319834381341934204e-01
1.622646708074323881e-33 1.308861523866653442e-01 -3.412469103932380676e-02 -4.380090907216072083e-02
5.975396311006688201e-32 7.382007837295532227e-01 1.631118506193161011e-01 1.180811882019042969e+00
5.443800737492798888e-32 1.438229680061340332e-01 -1.982830651104450226e-02 -2.796627022325992584e-02
-1.172081560114064239e-33 1.726558804512023926e-01 3.967569768428802490e-02 6.717793643474578857e-02
-1.726530653986258907e-33 2.819852717220783234e-02 -1.130454465746879578e-01 -3.126080706715583801e-02
1.452001570697894773e-33 1.762374304234981537e-02 8.440204709768295288e-02 1.458719465881586075e-02
4.811947250797276673e-32 1.725228503346443176e-02 -1.133293006569147110e-02 -1.917385729029774666e-03
2.393152030969639625e-33 1.773722618818283081e-01 1.067092828452587128e-02 1.856130920350551605e-02
1.825832559652887120e-33 9.678390026092529297e-01 -1.371201872825622559e-01 -1.301443099975585938e+00
1.508689510259811114e-33 5.012358427047729492e-01 -2.062956430017948151e-02 -1.014034822583198547e-01
-9.736509211392030133e-32 1.244508381932973862e-02 2.606733739376068115e-01 3.181377425789833069e-02
2.392637054241384073e-32 1.736756972968578339e-02 7.717486470937728882e-02 1.314424350857734680e-02
1.624461634617795029e-32 1.502178460359573364e-01 -2.812881767749786377e-02 -4.143751412630081177e-02
-2.169852075148965445e-32 1.929911524057388306e-01 1.663941293954849243e-01 3.149169683456420898e-01
3.940442571658546869e-33 7.777161598205566406e-01 -3.465442731976509094e-02 -2.643020451068878174e-01
4.981562857160477004e-33 7.374471426010131836e-01 -2.787950038909912109e-01 -2.016213655471801758e+00
4.067936615480335246e-32 1.143474783748388290e-02 -1.215428113937377930e-01 -1.362939365208148956e-02
5.914803250641645599e-33 2.315188199281692505e-01 -1.533283293247222900e-01 -3.481203317642211914e-01
-9.443857550064138024e-32 1.791508048772811890e-01 -1.073871087282896042e-02 -1.886651106178760529e-02
-5.012785456486255488e-33 7.352752685546875000e-01 -2.162422984838485718e-02 -1.559233963489532471e-01
7.935621303079164292e-32 5.310957431793212891e-01 7.156521826982498169e-02 3.727310299873352051e-01
4.756280466851339499e-33 4.311464130878448486e-01 1.129997521638870239e-02 4.777744784951210022e-02
5.938820216533677314e-32 1.105330232530832291e-02 9.404237866401672363e-01 1.019380539655685425e-01
2.847966774679114152e-33 3.198437392711639404e-02 6.779876351356506348e-02 2.126573026180267334e-02
-1.819755253859135894e-33 1.456408947706222534e-02 -2.356049790978431702e-02 -3.365026321262121201e-03
-4.889173703163248495e-32 1.464308705180883408e-02 2.354531548917293549e-02 3.381098387762904167e-03
1.766992455238508255e-33 1.117653101682662964e-01 -1.157266125082969666e-01 -1.268413811922073364e-01
2.456210139722555026e-33 6.727671623229980469e-02 -4.810848087072372437e-02 -3.174001723527908325e-02
-6.136643646554781594e-33 7.595437765121459961e-02 1.676618754863739014e-01 1.248842850327491760e-01
-1.030866393178409627e-33 7.797005027532577515e-02 -5.511400103569030762e-01 -4.214154481887817383e-01
-2.006915444016145035e-33 7.689056992530822754e-01 -8.677772432565689087e-02 -6.543378233909606934e-01
-2.083820325208770035e-33 1.016467362642288208e-01 1.083577051758766174e-02 1.080124732106924057e-02
1.141522196741538767e-32 1.959859877824783325e-01 -8.537549525499343872e-02 -1.640888005495071411e-01
6.574530353257453601e-33 1.018838584423065186e-02 1.379178166389465332e-01 1.377991121262311935e-02
2.849058882399424984e-33 2.025305852293968201e-02 6.622984260320663452e-02 1.315421797335147858e-02
3.308066210382099515e-32 3.561127483844757080e-01 1.210459545254707336e-01 4.227255284786224365e-01
4.509333274846165677e-32 1.583961024880409241e-02 2.900168001651763916e-01 4.504932835698127747e-02
-3.005562363557981183e-33 2.567195594310760498e-01 7.104750275611877441e-01 1.788662552833557129e+00
-1.123861055336006235e-32 2.249632403254508972e-02 -6.838069558143615723e-01 -1.508570909500122070e-01
-2.043445584006878463e-32 6.795813143253326416e-02 -2.724532783031463623e-01 -1.815741956233978271e-01
4.543992725780160824e-32 9.275155663490295410e-01 1.456115543842315674e-01 1.324456572532653809e+00
-1.035123152096324835e-33 5.056466534733772278e-02 -3.732195496559143066e-02 -1.850683800876140594e-02
-1.867317738940122659e-32 1.162490248680114746e-01 1.292407140135765076e-02 1.473361533135175705e-02
1.146312795398620379e-33 2.772171497344970703e-01 1.356296986341476440e-01 3.687190413475036621e-01
-4.080276808238473767e-33 1.021524146199226379e-02 1.622858792543411255e-01 1.625736057758331299e-02
3.496617047090329886e-33 9.225856065750122070e-01 -4.510601982474327087e-02 -4.080955684185028076e-01
-9.494496524266417495e-33 1.927358657121658325e-02 5.155494809150695801e-01 9.744366258382797241e-02
-5.506019947355410271e-33 1.023816410452127457e-02 -2.325359433889389038e-01 -2.334709465503692627e-02
-1.938179036333185647e-32 4.810231551527976990e-02 -3.361866474151611328e-01 -1.585868299007415771e-01
-2.158049083309152709e-32 1.733727753162384033e-02 -5.698649212718009949e-02 -9.688878431916236877e-03
5.449893765523492362e-33 3.219573944807052612e-02 5.735962465405464172e-02 1.811028830707073212e-02
-2.172880295533477510e-32 3.188025951385498047e-01 1.288123428821563721e-01 4.027170836925506592e-01
-4.126064149912925025e-33 1.480741053819656372e-02 6.226715445518493652e-01 9.041880816221237183e-02
-7.859976772235811563e-33 1.203484162688255310e-01 -2.113707177340984344e-02 -2.494628354907035828e-02
1.420702839745801314e-33 1.666946113109588623e-01 -2.464092150330543518e-02 -4.028090089559555054e-02
-3.650761898833961165e-32 1.189990565180778503e-01 1.182215437293052673e-01 1.379624307155609131e-01
7.908356887106192155e-32 2.995056807994842529e-01 8.091704845428466797e-01 2.376652956008911133e+00
5.134150840104841090e-32 9.100680351257324219e-01 9.056194871664047241e-02 8.082398772239685059e-01
-4.388350735043963509e-33 1.799255795776844025e-02 -1.211460456252098083e-01 -2.137582190334796906e-02
1.250913774497457769e-32 1.446277555078268051e-02 6.634740531444549561e-02 9.410143829882144928e-03
-9.485027476460162411e-32 1.050491631031036377e-02 1.441755332052707672e-02 1.485268003307282925e-03
-3.420484612622988981e-32 2.646451890468597412e-01 6.137458980083465576e-02 1.592844128608703613e-01
2.800575801570752052e-33 6.122324988245964050e-02 -4.264035448431968689e-02 -2.560105547308921814e-02
-2.844321456494618849e-33 3.905857726931571960e-02 -7.177052497863769531e-01 -2.749053835868835449e-01
-7.310044956217033092e-32 2.469421550631523132e-02 7.038020491600036621e-01 1.704380065202713013e-01
-6.817483729737311775e-33 2.800306081771850586e-01 -2.785590849816799164e-02 -7.649684697389602661e-02
2.540895985365257380e-32 2.289876714348793030e-02 -1.287725716829299927e-01 -2.891719341278076172e-02
6.093280761978901303e-33 7.443242073059082031e-01 -1.837138682603836060e-01 -1.340987563133239746e+00
-1.421707667010563591e-32 1.873198002576828003e-01 -4.566333591938018799e-01 -8.388261795043945312e-01
1.697010941898638822e-32 1.190712526440620422e-01 -7.421955466270446777e-01 -8.666543960571289062e-01
-8.946749952245817657e-33 4.962476789951324463e-01 4.318099468946456909e-02 2.101414799690246582e-01
-6.229457374417847728e-33 8.370798826217651367e-02 -1.405638009309768677e-01 -1.153881102800369263e-01
-4.812564091457870668e-32 6.097081899642944336e-01 6.515479683876037598e-01 3.895731925964355469e+00
1.973602117784833723e-33 3.371187672019004822e-02 -5.280035361647605896e-02 -1.745582744479179382e-02
-3.433945492307842701e-32 1.912122406065464020e-02 8.383001685142517090e-01 1.571939885616302490e-01
-3.859582519317389503e-33 3.833804726600646973e-01 5.248361825942993164e-01 1.973215103149414062e+00
-1.657799866635664388e-33 1.786025613546371460e-02 6.262975335121154785e-01 1.096955686807632446e-01
9.432904293703175949e-33 5.658178403973579407e-02 -7.451978325843811035e-02 -4.134937003254890442e-02
-3.105048050419520768e-32 4.665198549628257751e-02 -3.182636201381683350e-01 -1.456055045127868652e-01
-6.226488957308433746e-32 2.575449049472808838e-01 8.936980366706848145e-01 2.257170915603637695e+00
-3.220330691582982590e-33 7.941991090774536133e-02 8.114138245582580566e-02 6.319642066955566406e-02
9.444642339480105754e-33 1.225456502288579941e-02 1.715938448905944824e-01 2.062150090932846069e-02
-4.295106115032924080e-33 7.866580039262771606e-02 7.482886314392089844e-02 5.772657319903373718e-02
3.265747826005321754e-32 2.241497188806533813e-01 2.406076043844223022e-01 5.288935303688049316e-01
1.322483160300097333e-32 2.130640596151351929e-01 7.323849201202392578e-02 1.530277729034423828e-01
6.349308574375780370e-33 8.055246621370315552e-02 1.068368088454008102e-02 8.439572528004646301e-03
1.210352166427983916e-33 1.330834776163101196e-01 -1.477571874856948853e-01 -1.928383558988571167e-01
1.516601652532600542e-32 1.939177326858043671e-02 5.880616232752799988e-02 1.118307001888751984e-02
4.641460382714926247e-33 1.249880716204643250e-02 9.340826421976089478e-02 1.144918333739042282e-02
3.593545886802037143e-32 6.688207387924194336e-02 -5.020067468285560608e-02 -3.292607516050338745e-02
-5.211302648579535697e-32 2.539433836936950684e-01 -2.132059261202812195e-02 -5.309539288282394409e-02
6.998938033581231069e-32 1.168930623680353165e-02 1.404720395803451538e-01 1.610272191464900970e-02
-3.550415823576016592e-32 5.494836717844009399e-02 2.861006930470466614e-02 1.541680470108985901e-02
5.139964761695611198e-33 6.961942911148071289e-01 -5.184925720095634460e-02 -3.539921939373016357e-01
3.088791771700014722e-33 2.546133287250995636e-02 1.188635379076004028e-01 2.967908233404159546e-02
-3.451346188246271170e-33 1.752727031707763672e-01 8.253511041402816772e-02 1.418644785881042480e-01
3.974477173876683044e-32 3.292327821254730225e-01 5.070383548736572266e-01 1.637059926986694336e+00
-4.691494197731723019e-33 2.495296895503997803e-01 1.292809750884771347e-02 3.163570538163185120e-02
-2.695173080223356166e-33 1.208925545215606689e-01 -3.050220608711242676e-01 -3.616191744804382324e-01
3.249554583170378553e-33 3.294878900051116943e-01 5.895183980464935303e-02 1.904835700988769531e-01
1.448103429392476520e-33 4.004595875740051270e-01 1.275882869958877563e-01 5.010605454444885254e-01
-3.824981916569332397e-32 2.965531498193740845e-02 1.932423375546932220e-02 5.619860254228115082e-03
-7.452587164439269909e-32 1.292248070240020752e-01 6.107265353202819824e-01 7.739507555961608887e-01
-1.959004681999528704e-33 1.233609616756439209e-01 -1.588875055313110352e-02 -1.922154054045677185e-02
1.140835781509055478e-32 5.071189254522323608e-02 -4.895807504653930664e-01 -2.434752583503723145e-01
1.521435579176769493e-32 1.651858389377593994e-01 -1.268223226070404053e-01 -2.054419815540313721e-01
-2.051238560539853281e-33 1.425900496542453766e-02 7.053707540035247803e-02 9.863415732979774475e-03
-6.688345977471089208e-32 3.211524784564971924e-01 1.398973464965820312e-01 4.405969083309173584e-01
4.083299445024819427e-32 1.243304926902055740e-02 1.245139017701148987e-01 1.518155168741941452e-02
-1.361304375514781862e-33 5.728988721966743469e-02 -8.522466421127319336e-01 -4.788108468055725098e-01
2.583998130600445901e-33 1.249395124614238739e-02 -7.935213446617126465e-01 -9.722525626420974731e-02
2.315846710279567320e-32 2.908763661980628967e-02 -1.706199645996093750e-01 -4.866973310708999634e-02
1.304914166631409729e-33 1.030028518289327621e-02 2.290730029344558716e-01 2.313896082341670990e-02
3.648380641152782916e-32 5.925239920616149902e-01 2.332864329218864441e-02 1.355551779270172119e-01
-1.761599654498920232e-32 2.031703665852546692e-02 -3.743653744459152222e-02 -7.458932697772979736e-03
1.556855758626738977e-33 4.887366294860839844e-01 6.226069331169128418e-01 2.984073400497436523e+00
-3.839523075562591799e-33 9.854150414466857910e-01 3.083467110991477966e-02 2.979745566844940186e-01
2.391289790778547879e-33 1.279490888118743896e-01 1.217448413372039795e-01 1.527595818042755127e-01
2.699886298291375054e-32 1.701016724109649658e-02 1.030134223401546478e-02 1.718395273201167583e-03
-9.250270675151794195e-32 1.301224436610937119e-02 1.547191441059112549e-01 1.974317245185375214e-02
4.368363290318153670e-33 1.589096523821353912e-02 -4.526044800877571106e-02 -7.053258363157510757e-03
-1.228466167032170735e-33 1.773407123982906342e-02 1.154867187142372131e-01 2.008450590074062347e-02
-1.076810057234421017e-32 1.044465694576501846e-02 -2.026022970676422119e-01 -2.075196430087089539e-02
-1.101460541113149018e-32 1.954351365566253662e-02 -8.068602085113525391e-01 -1.546399146318435669e-01
6.546697144955477330e-32 1.127919629216194153e-01 -8.459758758544921875e-01 -9.357434511184692383e-01
-1.007032510531518483e-33 4.486705362796783447e-02 -7.601220011711120605e-01 -3.344502449035644531e-01
-4.393402789358606922e-32 2.402783557772636414e-02 9.677793979644775391e-01 2.280403375625610352e-01
1.182659429700930909e-32 1.483938377350568771e-02 -1.349168717861175537e-01 -1.963372901082038879e-02
7.929114941847362930e-33 8.781470358371734619e-02 -3.829679638147354126e-02 -3.297998011112213135e-02
-3.694625029724513265e-33 1.347765512764453888e-02 -6.841121613979339600e-02 -9.041954763233661652e-03
-1.461270692629013910e-32 1.612013205885887146e-02 5.025914683938026428e-02 7.945192046463489532e-03
3.390265003852049614e-32 2.939640916883945465e-02 -5.520330369472503662e-02 -1.591402478516101837e-02
4.582936559749315504e-32 1.135298982262611389e-01 4.798741340637207031e-01 5.342668890953063965e-01
2.063605899870656105e-32 5.731302499771118164e-01 1.457295417785644531e-01 8.190711140632629395e-01
4.370823306120837012e-32 3.586685657501220703e-02 7.141250371932983398e-02 2.511818334460258484e-02
6.606010826656443724e-32 1.293126642704010010e-01 -8.848419040441513062e-02 -1.122089326381683350e-01
-2.708591715579977210e-33 1.066412404179573059e-01 5.297131836414337158e-02 5.539705231785774231e-02
1.803627104023869477e-33 3.806024789810180664e-01 5.455105379223823547e-02 2.036082744598388672e-01
2.780671743475453668e-33 3.322443664073944092e-01 -4.341237992048263550e-02 -1.414464116096496582e-01
-4.389134275497183490e-33 3.080405890941619873e-01 3.571246862411499023e-01 1.078818798065185547e+00
-1.797090437078335979e-33 4.410685896873474121e-01 2.335325032472610474e-01 1.010122656822204590e+00
-8.050287838266001382e-32 3.371127694845199585e-02 2.396493032574653625e-02 7.922678254544734955e-03
7.458384555640731578e-33 8.969976752996444702e-02 6.600082516670227051e-01 5.805790424346923828e-01
-4.035678405631482326e-32 3.268433213233947754e-01 1.747351139783859253e-02 5.600676313042640686e-02
5.268743180032466776e-32 2.830269932746887207e-01 2.138771489262580872e-02 5.936260148882865906e-02
-5.378653297733892260e-33 1.414340734481811523e-01 1.658030897378921509e-01 2.299679666757583618e-01
2.110659175492546041e-32 8.808127045631408691e-01 -8.484930992126464844e-01 -7.329132080078125000e+00
2.530747685495219329e-33 1.227732971310615540e-01 -6.766069531440734863e-01 -8.146312236785888672e-01
-1.367040145098321519e-33 5.072343945503234863e-01 -1.244559045881032944e-02 -6.190772727131843567e-02
-9.315226729736707569e-32 4.223508760333061218e-02 1.903317272663116455e-01 7.883249968290328979e-02
1.241948426020530035e-32 1.215713918209075928e-01 7.228032350540161133e-01 8.617318868637084961e-01
3.021589678018466125e-33 3.371724784374237061e-01 8.557108044624328613e-01 2.829435586929321289e+00
5.425031031446044012e-32 3.649798408150672913e-02 -1.344861742109060287e-02 -4.813569132238626480e-03
-2.192605898892641685e-33 8.469676971435546875e-01 -3.343695104122161865e-01 -2.777245044708251953e+00
9.776636474298875151e-33 1.694168299436569214e-01 1.052040904760360718e-01 1.747872829437255859e-01
9.534768519915207507e-32 3.967227786779403687e-02 -2.067671567201614380e-01 -8.044321089982986450e-02
4.880414507008096220e-33 1.139039844274520874e-01 4.738552868366241455e-02 5.293041840195655823e-02
-2.308801531824707792e-32 2.289226353168487549e-01 -1.200822833925485611e-02 -2.695804275572299957e-02
2.892263295643135044e-32 7.216241210699081421e-02 2.252532988786697388e-01 1.594053506851196289e-01
-2.079753665767901868e-32 1.026140246540307999e-02 2.035545371472835541e-02 2.048369031399488449e-03
7.643168888043736560e-32 1.644233167171478271e-01 -1.286246441304683685e-02 -2.073997817933559418e-02
5.383403250000374344e-32 1.687044352293014526e-01 9.693256020545959473e-01 1.603676795959472656e+00
3.920362997562991333e-32 9.089594334363937378e-02 -5.560167431831359863e-01 -4.956248104572296143e-01
-1.674771984680622744e-33 7.590150237083435059e-01 5.219233632087707520e-01 3.884881734848022461e+00
-1.113903681462480648e-33 5.958928167819976807e-02 6.932198256254196167e-02 4.050977528095245361e-02
-8.432796638759450793e-33 1.617720536887645721e-02 -3.822567313909530640e-02 -6.064280867576599121e-03
-5.905087422490114761e-33 5.959652364253997803e-02 -4.963808506727218628e-02 -2.901059389114379883e-02
9.114841383246383040e-32 2.119035460054874420e-02 2.481409013271331787e-01 5.156526714563369751e-02
-3.687314556888352533e-33 2.028528302907943726e-01 -1.108348071575164795e-01 -2.204844355583190918e-01
-3.246921843166521261e-33 2.118466980755329132e-02 -2.331737242639064789e-02 -4.844198934733867645e-03
5.288296940811220118e-32 2.456693798303604126e-01 1.227234080433845520e-01 2.956644594669342041e-01
7.978879495189424472e-32 5.392941832542419434e-02 1.059540361166000366e-01 5.603558570146560669e-02
3.538198323040745147e-33 2.593793869018554688e-01 -6.604795902967453003e-02 -1.680024117231369019e-01
-1.138459519678868223e-32 8.484031260013580322e-02 -7.865174859762191772e-02 -6.543819606304168701e-02
-1.836853553875815329e-33 2.381048351526260376e-02 -6.206690147519111633e-02 -1.449268776923418045e-02
-8.697073629700019115e-32 2.826433442533016205e-02 -3.388678431510925293e-01 -9.392685443162918091e-02
9.706530578963009335e-32 2.877682633697986603e-02 -4.437345266342163086e-02 -1.252237707376480103e-02
-3.366536181012763213e-32 2.446231991052627563e-02 -8.769953250885009766e-02 -2.103853970766067505e-02
3.258547849638138317e-33 3.274114802479743958e-02 4.058334529399871826e-01 1.303054094314575195e-01
-1.077694102454636304e-32 1.224281042814254761e-01 -1.660608649253845215e-01 -1.993742734193801880e-01
4.689943867619782275e-32 7.158254832029342651e-02 -1.676149852573871613e-02 -1.176632102578878403e-02
-5.040139577371874751e-33 2.212232165038585663e-02 2.575272321701049805e-01 5.586946755647659302e-02
1.728542953378072811e-33 1.230805069208145142e-01 1.944630034267902374e-02 2.347183041274547577e-02
-1.307865741110828335e-32 3.374377787113189697e-01 5.134217143058776855e-01 1.698981404304504395e+00
-1.939404489193917882e-32 1.278976537287235260e-02 -7.025737315416336060e-02 -8.812013082206249237e-03
-1.167958256539165823e-32 3.338323533535003662e-01 2.155199646949768066e-01 7.055643200874328613e-01
8.018298963560280620e-33 5.009226799011230469e-01 -1.165381725877523422e-02 -5.724789947271347046e-02
-9.380789927153820655e-32 1.646245084702968597e-02 2.518056929111480713e-01 4.065188392996788025e-02
-2.973999825959624278e-32 3.964670747518539429e-02 -1.453327685594558716e-01 -5.650557577610015869e-02
1.252877694949895643e-33 1.853911727666854858e-01 1.018237508833408356e-02 1.851223222911357880e-02
-2.862992016939721558e-32 3.236335217952728271e-01 2.267584353685379028e-01 7.196769714355468750e-01
-6.128593200024778231e-32 2.851724997162818909e-02 -2.554175555706024170e-01 -7.142973691225051880e-02
-3.023981258009412532e-32 5.957980751991271973e-01 3.394825756549835205e-02 1.983523219823837280e-01
8.655073069608344930e-33 8.046194911003112793e-02 -7.051703333854675293e-02 -5.564232170581817627e-02
1.914517547279682285e-33 7.983618974685668945e-02 -2.436130195856094360e-01 -1.907308548688888550e-01
5.123747715100063845e-32 2.194033004343509674e-02 -7.593904435634613037e-02 -1.633913256227970123e-02
-1.701346899748440683e-32 7.037445157766342163e-02 -5.670685321092605591e-02 -3.913553431630134583e-02
-4.176316533410577816e-33 4.769159853458404541e-02 4.917995929718017578e-01 2.300121337175369263e-01
-1.381235708752439169e-33 1.037561073899269104e-01 -1.369612663984298706e-02 -1.393580716103315353e-02
8.497583422157845758e-32 7.988307476043701172e-01 -1.689769774675369263e-01 -1.323740959167480469e+00
-2.687082924024814089e-33 3.788273334503173828e-01 -3.283775597810745239e-02 -1.219931542873382568e-01
5.828485378029620353e-32 1.451094448566436768e-01 6.815303862094879150e-02 9.698432683944702148e-02
-2.655737081463191580e-33 7.833551168441772461e-01 -1.930156052112579346e-01 -1.482763171195983887e+00
-4.401680326703509765e-32 1.544064469635486603e-02 -8.664301782846450806e-02 -1.311957184225320816e-02
2.100968951077344050e-33 1.470596194267272949e-01 4.105879664421081543e-01 5.921344161033630371e-01
2.010866170326663354e-32 1.133393775671720505e-02 1.530546993017196655e-01 1.701171696186065674e-02
4.197104342852503781e-32 3.124559223651885986e-01 -4.812941849231719971e-01 -1.474755644798278809e+00
2.533980111288988304e-33 2.784562483429908752e-02 6.735622286796569824e-01 1.839311867952346802e-01
-1.333617901968566830e-33 8.353126645088195801e-01 -1.539485994726419449e-02 -1.261088252067565918e-01
-4.886110952632181025e-32 1.293108053505420685e-02 -1.077958848327398300e-02 -1.366965938359498978e-03
3.505501212988653956e-33 5.345543846487998962e-02 -7.631671428680419922e-02 -4.000665619969367981e-02
-3.592451795435009299e-33 9.444413185119628906e-01 1.025276333093643188e-01 9.495909810066223145e-01
-1.582515330937250985e-33 1.911205053329467773e-01 1.018209569156169891e-02 1.908381097018718719e-02
-8.761572123108874914e-33 8.769217729568481445e-01 -1.604262366890907288e-02 -1.379611939191818237e-01
1.238162158716531447e-32 8.559200912714004517e-02 1.676714792847633362e-02 1.407385524362325668e-02
-2.664469828995450354e-32 1.844711974263191223e-02 -8.831120282411575317e-02 -1.597588881850242615e-02
5.872403022470691836e-32 9.632682800292968750e-01 -5.604835152626037598e-01 -5.294570446014404297e+00
1.394041525843197938e-32 6.734018027782440186e-02 -5.591854825615882874e-02 -3.692757710814476013e-02
4.311157857735387048e-33 4.479917511343955994e-02 2.837816774845123291e-01 1.246737539768218994e-01
-1.476710076243095393e-32 9.740350395441055298e-02 -1.169661991298198700e-02 -1.117263454943895340e-02
3.868638013517345921e-32 2.843721769750118256e-02 5.856300592422485352e-01 1.633169054985046387e-01
-1.854589192235831224e-32 1.578627154231071472e-02 -4.444212466478347778e-02 -6.880105007439851761e-03
-1.801527744581697798e-33 3.844149112701416016e-01 -3.203376382589340210e-02 -1.207616105675697327e-01
-6.900795422483902874e-33 1.840556859970092773e-01 -6.436853408813476562e-01 -1.161832451820373535e+00
2.857620705706234504e-33 6.291814446449279785e-01 -2.842904813587665558e-02 -1.754118353128433228e-01
1.155204730579919414e-32 3.262155055999755859e-01 4.598713815212249756e-01 1.471165776252746582e+00
-3.390378071714919333e-33 1.820715330541133881e-02 -3.642152845859527588e-01 -6.503106653690338135e-02
-7.191628594051072905e-32 4.276148974895477295e-02 2.005592882633209229e-01 8.410392701625823975e-02
5.638007024459629136e-33 5.331057682633399963e-02 -4.961094260215759277e-01 -2.593651115894317627e-01
-1.335628419751755268e-32 3.698249459266662598e-01 1.692501157522201538e-01 6.138268113136291504e-01
-1.196262544202234125e-32 6.716444492340087891e-01 -2.211963087320327759e-01 -1.456927657127380371e+00
-9.169996165934140181e-32 8.948668837547302246e-02 4.421324655413627625e-02 3.879998251795768738e-02
-1.719217426085213435e-33 3.081136941909790039e-01 -1.017726808786392212e-01 -3.075125813484191895e-01
-4.452089050949821920e-32 9.435076713562011719e-01 -2.031097114086151123e-01 -1.879302978515625000e+00
-1.121434283982932085e-33 2.074296921491622925e-01 -1.357194334268569946e-01 -2.760791778564453125e-01
8.276339075348973590e-33 2.312171459197998047e-01 3.171052038669586182e-02 7.190251350402832031e-02
6.683380689333215866e-32 1.866670250892639160e-01 1.400921642780303955e-01 2.564496695995330811e-01
1.819866264606891673e-32 1.947366632521152496e-02 -7.768454402685165405e-02 -1.483552902936935425e-02
9.798641728546268373e-32 6.415946781635284424e-02 3.545227348804473877e-01 2.230619788169860840e-01
-1.390458839467082384e-33 1.123176068067550659e-01 -3.008756339550018311e-01 -3.314023017883300781e-01
-1.289104869638803858e-33 1.198615785688161850e-02 -7.260749489068984985e-02 -8.534579537808895111e-03
-3.847485947763458901e-33 5.414205789566040039e-01 -5.229728296399116516e-02 -2.776736021041870117e-01
9.558433131375580241e-33 1.540622022002935410e-02 -4.998445138335227966e-02 -7.551821414381265640e-03
-3.323036939092187537e-33 7.365614920854568481e-02 1.573812514543533325e-01 1.136796325445175171e-01
8.719527922789426451e-32 7.470922917127609253e-02 -9.357704967260360718e-02 -6.855896860361099243e-02
8.431464656723175289e-33 2.930281758308410645e-01 -1.811999268829822540e-02 -5.207005888223648071e-02
3.652764353460586932e-32 1.758754067122936249e-02 -7.519401311874389648e-01 -1.296907663345336914e-01
-4.827728262457065883e-32 6.703256070613861084e-02 3.093993365764617920e-01 2.033882290124893188e-01
-8.233673773201909401e-33 1.053910888731479645e-02 -2.259628102183341980e-02 -2.335401251912117004e-03
6.977204024655290090e-33 9.477276802062988281e-01 -6.266573071479797363e-02 -5.824174284934997559e-01
-1.664120609962631218e-32 9.528873562812805176e-01 -1.061317771673202515e-01 -9.917625188827514648e-01
-4.677118636505135707e-33 2.152666263282299042e-02 -1.863710135221481323e-01 -3.934374824166297913e-02
1.122443372414716093e-33 2.499775886535644531e-01 -1.753150485455989838e-02 -4.297748208045959473e-02
-2.549111515383154347e-32 2.045487910509109497e-01 3.723295032978057861e-02 7.468700408935546875e-02
-7.257815391221297214e-32 8.102861046791076660e-02 2.017766833305358887e-01 1.603356301784515381e-01
5.837047678881009895e-32 2.084179967641830444e-01 -2.211459130048751831e-01 -4.519962072372436523e-01
2.664518391605818700e-33 2.051103115081787109e-01 -2.825612574815750122e-02 -5.683564767241477966e-02
-5.867521561773711508e-33 2.439621090888977051e-02 -2.289158850908279419e-01 -5.476700142025947571e-02
1.469148268021049470e-32 1.583227142691612244e-02 -7.237524986267089844e-01 -1.123709306120872498e-01
2.345083495570623865e-33 4.923209920525550842e-02 -4.342910051345825195e-01 -2.096765488386154175e-01
-5.992847700138995881e-32 1.166653633117675781e-02 2.082414329051971436e-01 2.382482774555683136e-02
-1.853591344468776955e-32 6.671900153160095215e-01 1.549114193767309189e-02 1.013569682836532593e-01
9.234772516820171598e-33 4.492501541972160339e-02 -1.262199431657791138e-01 -5.560794845223426819e-02
-1.040910257722216809e-33 5.981668233871459961e-01 4.266902431845664978e-02 2.502970397472381592e-01
-3.164480750923507919e-32 3.079631924629211426e-01 2.054407745599746704e-01 6.204490661621093750e-01
5.818243369219302688e-33 5.421972647309303284e-02 3.357033729553222656e-01 1.784981489181518555e-01
1.170817536344945648e-33 1.192741766571998596e-01 4.258930310606956482e-02 4.981586337089538574e-02
2.666155487894529514e-32 7.080512046813964844e-01 4.369671270251274109e-02 3.034129440784454346e-01
6.245641727576762835e-33 6.045230627059936523e-01 -1.256457269191741943e-01 -7.448713779449462891e-01
1.804332400634362850e-33 1.630256026983261108e-01 3.153447061777114868e-02 5.041526257991790771e-02
-4.062756064939467572e-33 6.386542320251464844e-02 1.393044367432594299e-02 8.724718354642391205e-03
-1.564372273582079778e-32 1.055546477437019348e-02 4.269251227378845215e-01 4.419261962175369263e-02
1.008027180790405686e-33 1.975374519824981689e-01 -2.683317363262176514e-01 -5.198070406913757324e-01
1.481766318256363610e-32 2.346922457218170166e-02 -4.065684080123901367e-01 -9.357354044914245605e-02
2.907812441042224558e-32 1.014505792409181595e-02 -8.062323927879333496e-02 -8.021128363907337189e-03
8.047207308382877725e-33 4.481361806392669678e-01 -1.293973345309495926e-02 -5.686643347144126892e-02
-1.237759551901374813e-32 8.013926148414611816e-01 -2.675621509552001953e-01 -2.102764606475830078e+00
1.351149022678638878e-33 7.215598225593566895e-01 -1.678847149014472961e-02 -1.187966391444206238e-01
-5.085714007632033322e-32 7.552418112754821777e-01 -6.828259676694869995e-02 -5.057277083396911621e-01
1.431357042997074507e-33 6.149315088987350464e-02 2.370200604200363159e-01 1.429329961538314819e-01
-1.436196663442005254e-32 2.084426134824752808e-01 4.291140288114547729e-02 8.771621435880661011e-02
9.280997362798319526e-33 9.433441758155822754e-01 -2.734950780868530273e-01 -2.530115842819213867e+00
-1.501544341316734766e-33 3.792966008186340332e-01 1.695207506418228149e-02 6.305542588233947754e-02
1.255888466590137690e-32 1.927174925804138184e-01 -2.084625512361526489e-02 -3.939760848879814148e-02
-1.917595689439905835e-33 3.427500650286674500e-02 7.409678697586059570e-01 2.490563392639160156e-01
3.232359304869756279e-33 4.316487312316894531e-01 -7.091394662857055664e-01 -3.001807451248168945e+00
-6.860596454421657697e-32 1.096796840429306030e-01 2.250397354364395142e-01 2.420505434274673462e-01
-1.934501502256638121e-32 8.739166259765625000e-01 4.880107939243316650e-01 4.182347297668457031e+00
7.895441436800119977e-33 6.993947625160217285e-01 2.409173399209976196e-01 1.652384519577026367e+00
-2.988848670599211414e-33 2.550898194313049316e-01 -6.527835130691528320e-02 -1.632988005876541138e-01
1.628414675182816529e-32 3.889378607273101807e-01 9.331030398607254028e-02 3.559020757675170898e-01
3.686675602240283693e-32 4.459347575902938843e-02 -5.580579638481140137e-01 -2.440457791090011597e-01
-9.867295888358868664e-32 4.944318532943725586e-02 -4.338136315345764160e-01 -2.103440910577774048e-01
-1.147902100495130574e-33 3.467376530170440674e-01 1.234360411763191223e-01 4.197238385677337646e-01
4.281692328590500179e-32 6.327212452888488770e-01 2.117787003517150879e-01 1.314060568809509277e+00
-1.585694859485232957e-33 1.289770156145095825e-01 8.469601273536682129e-01 1.071262598037719727e+00
5.655416169263704140e-32 4.497700557112693787e-02 -9.889516830444335938e-01 -4.362006485462188721e-01
4.086691333974117137e-33 4.144003093242645264e-01 5.803685188293457031e-01 2.358547449111938477e+00
-2.064740839666375024e-32 4.220686852931976318e-01 7.102316617965698242e-01 2.939705610275268555e+00
-6.948253068162475677e-33 7.360485196113586426e-02 3.473033756017684937e-02 2.506894804537296295e-02
-7.986122009758428291e-33 9.457357972860336304e-02 3.396531045436859131e-01 3.150112628936767578e-01
2.863418721389070048e-32 5.464637875556945801e-01 -4.404897391796112061e-01 -2.360575437545776367e+00
1.903075211800381212e-33 1.139838397502899170e-01 -2.321615628898143768e-02 -2.595101110637187958e-02
-2.564668889242699617e-32 4.207371547818183899e-02 4.305657744407653809e-02 1.776523888111114502e-02
2.156780577967821608e-32 2.013942226767539978e-02 -9.370332956314086914e-02 -1.850643195211887360e-02
3.601372034316224228e-32 1.074621081352233887e-02 -6.683370471000671387e-02 -7.043224759399890900e-03
-5.573202682114368763e-32 9.143104553222656250e-01 -2.087643370032310486e-02 -1.871848404407501221e-01
-1.812089561323836051e-33 7.893440127372741699e-02 -1.597066409885883331e-02 -1.236260496079921722e-02
3.429109508548559810e-33 4.677650332450866699e-02 -9.610691070556640625e-01 -4.408623874187469482e-01
-2.170763524081234276e-32 1.785635575652122498e-02 -1.698966026306152344e-01 -2.975076995790004730e-02
-7.357157594303639553e-33 1.876811385154724121e-01 -5.501780658960342407e-02 -1.012615561485290527e-01
1.610020613049546301e-33 2.109436392784118652e-01 -1.421081870794296265e-01 -2.939721941947937012e-01
-8.121990054930283865e-32 1.375170331448316574e-02 4.169775247573852539e-01 5.623281374573707581e-02
-2.599633087087145442e-32 4.610535800457000732e-01 -4.551989138126373291e-01 -2.058132171630859375e+00
3.075629908390651421e-33 4.359314143657684326e-01 -5.029435753822326660e-01 -2.150097370147705078e+00
8.090516928370986381e-33 2.612376809120178223e-01 1.039662063121795654e-01 2.663475275039672852e-01
2.171508052815686342e-32 8.468669652938842773e-02 -3.122473061084747314e-01 -2.593191266059875488e-01
6.799822661800176169e-33 5.969768166542053223e-01 3.024046309292316437e-02 1.770380288362503052e-01
-4.547696708479601852e-32 8.184369653463363647e-02 2.886647880077362061e-01 2.316859513521194458e-01
4.171790880159912009e-33 3.052357584238052368e-02 -4.412186741828918457e-01 -1.320717632770538330e-01
-2.842733253424062549e-32 3.287787362933158875e-02 -4.709682613611221313e-02 -1.518504228442907333e-02
-8.080727264480544517e-33 2.961221523582935333e-02 1.302826311439275742e-02 3.783363848924636841e-03
-2.923145001607175065e-32 6.493310332298278809e-01 9.643723368644714355e-01 6.140893459320068359e+00
-2.371806559660843875e-32 1.129321660846471786e-02 -6.400879472494125366e-02 -7.088885642588138580e-03
-9.071198804483403972e-32 8.942472934722900391e-02 -5.845171213150024414e-02 -5.125964060425758362e-02
-3.640499759682885669e-33 3.267933800816535950e-02 3.486116230487823486e-02 1.117212511599063873e-02
6.146203721704828479e-33 6.347678601741790771e-02 -4.653857350349426270e-01 -2.897001206874847412e-01
-9.089462460212129853e-32 5.245993137359619141e-01 6.628465652465820312e-01 3.410055160522460938e+00
-2.970806118011035513e-33 2.600234933197498322e-02 6.259452700614929199e-01 1.596135050058364868e-01
3.606862621492121280e-33 1.036276668310165405e-02 -3.102160990238189697e-02 -3.152540884912014008e-03
3.304578812516797494e-32 6.688167452812194824e-01 5.114947557449340820e-01 3.354818344116210938e+00
5.216311430008389464e-32 2.819199264049530029e-01 -3.940489143133163452e-02 -1.089423149824142456e-01
2.347086501210226580e-32 1.740827970206737518e-02 -1.523174047470092773e-01 -2.600315771996974945e-02
1.259317383611486302e-33 3.291147574782371521e-02 -2.228678762912750244e-02 -7.193090394139289856e-03
-5.878489144472074230e-32 9.980481863021850586e-02 1.238276343792676926e-02 1.211964152753353119e-02
6.309199237757785393e-33 1.117542479187250137e-02 1.770347356796264648e-02 1.940185204148292542e-03
3.914928981052727603e-32 3.136479258537292480e-01 4.842503070831298828e-01 1.489474296569824219e+00
2.391299341670148310e-33 1.049827411770820618e-01 -1.005099155008792877e-02 -1.034778729081153870e-02
9.798280851780565931e-32 3.199398517608642578e-02 -2.063213586807250977e-01 -6.473410874605178833e-02
-1.614557800838529551e-32 7.563635110855102539e-01 3.181999921798706055e-02 2.360213994979858398e-01
-5.331872516396202316e-32 6.777194887399673462e-02 -1.737679094076156616e-01 -1.154889017343521118e-01
-2.550111016189139460e-33 6.703398376703262329e-02 -5.165779590606689453e-02 -3.395874053239822388e-02
-7.005659510279232909e-32 4.551898539066314697e-01 8.903063833713531494e-02 3.974227607250213623e-01
2.695378424392765435e-33 4.515647292137145996e-01 6.170203909277915955e-02 2.732374072074890137e-01
-1.806898504802207903e-32 3.899971842765808105e-01 2.568875439465045929e-02 9.824833273887634277e-02
1.556773584224776806e-32 6.173849105834960938e-01 -1.534390263259410858e-02 -9.289931505918502808e-02
1.384705070126295761e-33 1.274472773075103760e-01 -1.139398589730262756e-01 -1.424055397510528564e-01
2.262085696549900780e-33 2.418040037155151367e-01 -3.750983625650405884e-02 -8.894659578800201416e-02
-1.293808004169344598e-32 3.131401911377906799e-02 -1.201144903898239136e-01 -3.688543289899826050e-02
1.927317909341969269e-32 2.195893824100494385e-01 -7.755471765995025635e-02 -1.670091450214385986e-01
-2.171480134824854313e-32 3.172494843602180481e-02 2.026722729206085205e-01 6.305447965860366821e-02
1.107513675804311462e-32 1.499978303909301758e-01 5.856798216700553894e-02 8.615211397409439087e-02
-1.238593785548474006e-33 1.153189465403556824e-01 -1.253755763173103333e-02 -1.417863089591264725e-02
1.569794094338453726e-32 1.605078764259815216e-02 5.473585799336433411e-02 8.615667931735515594e-03
-7.614703998464987163e-33 4.836479201912879944e-02 1.518307775259017944e-01 7.201282680034637451e-02
3.377985789863359999e-32 1.622522175312042236e-01 -1.019324213266372681e-01 -1.621898412704467773e-01
-1.325721977844398904e-33 1.027070451527833939e-02 3.794112801551818848e-02 3.821476129814982414e-03
-1.927766286968411045e-33 7.558678090572357178e-02 1.204950138926506042e-01 8.931730687618255615e-02
6.337486774626354477e-33 6.053810939192771912e-02 1.115900184959173203e-02 6.624832283705472946e-03
-8.331597595413190798e-33 2.399156391620635986e-01 -2.588568329811096191e-01 -6.090303063392639160e-01
-9.181201565833353637e-33 2.858428657054901123e-01 -1.806371472775936127e-02 -5.063549801707267761e-02
-6.860090991850804114e-33 6.595442295074462891e-01 -6.210622787475585938e-01 -4.016980648040771484e+00
5.167385371480448845e-33 1.677072048187255859e-01 -1.948371343314647675e-02 -3.204381093382835388e-02
-2.064153680238139291e-32 5.766858533024787903e-02 1.379668861627578735e-01 7.802519202232360840e-02
1.602878199171354692e-33 7.829713225364685059e-01 -2.551848441362380981e-02 -1.959392279386520386e-01
-1.969162789900556428e-33 3.487201780080795288e-02 -4.334783256053924561e-01 -1.482399255037307739e-01
-7.321440198453904347e-33 2.940045297145843506e-02 -1.523301098495721817e-02 -4.391980823129415512e-03
-1.953978892636786477e-33 1.179594621062278748e-01 2.781348824501037598e-01 3.217428624629974365e-01
1.911961398079620758e-32 2.982892990112304688e-01 -2.357042729854583740e-01 -6.894865632057189941e-01
-1.036369635285677250e-33 5.485779047012329102e-02 3.081881105899810791e-01 1.657963097095489502e-01
3.543070747124903529e-33 4.761448800563812256e-01 1.238451302051544189e-01 5.782807469367980957e-01
5.499076449161896871e-33 8.471786230802536011e-02 8.811908364295959473e-01 7.320919632911682129e-01
-1.273787278259727103e-32 9.848707914352416992e-01 8.146825432777404785e-01 7.868434906005859375e+00
8.737464938025417589e-33 8.535688370466232300e-02 -3.040933907032012939e-01 -2.545459866523742676e-01
-2.436670337939217700e-32 8.439519405364990234e-01 4.663583338260650635e-01 3.859740734100341797e+00
7.860348522324259111e-33 5.339241400361061096e-02 -5.136373266577720642e-02 -2.689408697187900543e-02
-6.908737650065233660e-32 1.130833290517330170e-02 -7.764915823936462402e-01 -8.611048758029937744e-02
-2.239113230856971594e-32 2.182909287512302399e-02 6.753079593181610107e-02 1.445633638650178909e-02
4.336981117634251060e-32 1.652744784951210022e-02 -3.516941368579864502e-01 -5.700219795107841492e-02
-1.848972716961800798e-33 4.202566146850585938e-01 2.591673433780670166e-01 1.068108797073364258e+00
1.093073186881940449e-33 4.515169560909271240e-01 9.413310885429382324e-01 4.168090343475341797e+00
-4.921346322329682167e-33 6.948306411504745483e-02 3.495315015316009521e-01 2.381693869829177856e-01
1.563187816086832471e-33 2.361076027154922485e-01 -8.893528580665588379e-01 -2.059229373931884766e+00
7.580288756482375346e-32 1.149083152413368225e-01 1.720274612307548523e-02 1.938518509268760681e-02
7.811576527024673139e-33 7.622852325439453125e-01 1.549104508012533188e-02 1.158027574419975281e-01
5.205582693068434446e-32 2.028688639402389526e-01 -1.302795019000768661e-02 -2.591863647103309631e-02
-2.791083501016869764e-33 1.508610248565673828e-01 -7.570095062255859375e-01 -1.119951128959655762e+00
8.241979816284819684e-32 5.931404232978820801e-02 3.709898889064788818e-01 2.157944589853286743e-01
-6.685915055153588718e-33 6.538919806480407715e-01 -4.680481851100921631e-01 -3.001353979110717773e+00
-5.529505589800870311e-33 2.882297337055206299e-02 6.300784349441528320e-01 1.780959665775299072e-01
1.856570634900936043e-33 1.417116913944482803e-02 -1.176957692950963974e-02 -1.635638065636157990e-03
-5.317449788458788259e-32 4.329450428485870361e-02 9.225041270256042480e-01 3.916713297367095947e-01
2.006211249431605558e-33 4.983084648847579956e-02 -9.620031118392944336e-01 -4.701056182384490967e-01
6.292377766660724606e-32 8.162359148263931274e-02 2.728839218616485596e-02 2.184310182929039001e-02
9.410739613034452454e-33 2.734107077121734619e-01 -8.499699831008911133e-02 -2.278976142406463623e-01
4.490102995419079244e-33 9.853846579790115356e-02 2.491467744112014771e-01 2.407585531473159790e-01
3.924427563154547098e-32 1.141665205359458923e-01 4.109093248844146729e-01 4.600504338741302490e-01
-2.063193301353517482e-32 3.042871654033660889e-01 3.037440180778503418e-01 9.063836336135864258e-01
-1.442210621110506698e-33 7.332515120506286621e-01 -1.636606305837631226e-01 -1.176841139793395996e+00
-2.104206703329890188e-33 1.266739219427108765e-01 -5.095382779836654663e-02 -6.329723447561264038e-02
8.360654346397579217e-33 6.016590595245361328e-01 1.997570544481277466e-01 1.178618431091308594e+00
-1.451174041042015114e-33 4.213743656873703003e-02 7.830165028572082520e-01 3.235636353492736816e-01
8.920822514160112020e-32 1.012881845235824585e-01 -1.484054140746593475e-02 -1.474107801914215088e-02
3.336087865122191984e-33 1.682797819375991821e-02 5.884069204330444336e-02 9.710249491035938263e-03
2.508761496296828506e-32 3.771936297416687012e-01 -1.831479184329509735e-02 -6.774652004241943359e-02
-9.638212463597950366e-33 4.170772731304168701e-01 -1.356698200106620789e-02 -5.549073219299316406e-02
7.712225948545081190e-33 1.303586959838867188e-01 7.061434388160705566e-01 9.027210474014282227e-01
2.469134406236258372e-32 1.658782362937927246e-01 3.976202756166458130e-02 6.468128412961959839e-02
3.489025337230734921e-32 2.762959003448486328e-01 -2.153770774602890015e-01 -5.835722684860229492e-01
-4.298339385713257709e-32 7.030763030052185059e-01 2.321283333003520966e-02 1.600483953952789307e-01
-6.548272013511991490e-33 2.646772190928459167e-02 -3.479430675506591797e-01 -9.031198918819427490e-02
-1.217936309042695462e-33 4.390239119529724121e-01 -7.535063475370407104e-02 -3.244111239910125732e-01
-2.077578633876896005e-33 8.140498995780944824e-01 3.728912770748138428e-01 2.976829528808593750e+00
-7.388697283230552350e-32 2.571373879909515381e-01 3.184548392891883850e-02 8.030337095260620117e-02
-9.226612675847144837e-32 5.788275599479675293e-02 -6.422110199928283691e-01 -3.645420372486114502e-01
-5.023378717702278238e-32 2.538231201469898224e-02 -9.398954361677169800e-02 -2.339544892311096191e-02
-2.805622309021427521e-32 9.532879292964935303e-02 -2.806635200977325439e-01 -2.623800039291381836e-01
-2.869563911981581262e-33 3.005273081362247467e-02 1.421825736761093140e-01 4.190357029438018799e-02
-4.044042929558346019e-33 2.140951007604598999e-01 -6.820347905158996582e-01 -1.431970000267028809e+00
5.480530821725767494e-33 4.707970097661018372e-02 5.507344007492065430e-01 2.542708516120910645e-01
-7.857584641231888208e-33 2.812411449849605560e-02 2.002520300447940826e-02 5.523018073290586472e-03
-3.755868652744339076e-33 7.311100363731384277e-01 -5.439385399222373962e-02 -3.899898231029510498e-01
1.686123770360712038e-33 8.145138025283813477e-01 1.955723017454147339e-02 1.562163382768630981e-01
1.057057637910378709e-32 1.900797337293624878e-01 -3.456405550241470337e-02 -6.442896276712417603e-02
-6.142924239402828149e-32 1.915467157959938049e-02 -1.547680944204330444e-01 -2.907212823629379272e-02
-9.599028681844434087e-32 1.243204921483993530e-01 2.790701389312744141e-02 3.402332589030265808e-02
2.055751834365636991e-32 2.486877441406250000e-01 -7.035087794065475464e-02 -1.715712696313858032e-01
1.340739469189130574e-33 1.610674895346164703e-02 5.890245437622070312e-01 9.303834289312362671e-02
-2.525191454306668545e-33 1.241516880691051483e-02 -8.137304186820983887e-01 -9.907267242670059204e-02
5.824358878579455639e-33 3.113032281398773193e-01 -1.329025477170944214e-01 -4.057304561138153076e-01
-1.402183660932565438e-33 1.525038927793502808e-01 -5.410739406943321228e-02 -8.092044293880462646e-02
-4.129400717159337162e-33 5.797727108001708984e-01 -2.102067172527313232e-01 -1.195157170295715332e+00
5.199373878844184976e-33 2.133088260889053345e-01 -1.859440654516220093e-02 -3.889661654829978943e-02
-9.094657557495588952e-32 3.643351495265960693e-01 2.529294975101947784e-02 9.036935865879058838e-02
5.736086967014379118e-33 1.079772878438234329e-02 -1.027510873973369598e-02 -1.088026561774313450e-03
-9.592858952807349458e-33 2.187120169401168823e-01 -1.787596382200717926e-02 -3.834094479680061340e-02
-1.333742339065860908e-32 4.120428860187530518e-01 4.199972748756408691e-01 1.697108268737792969e+00
9.020294021621044811e-32 6.854193806648254395e-01 -3.285522162914276123e-01 -2.208418846130371094e+00
-3.526678184529099024e-32 9.763013720512390137e-01 7.971371710300445557e-02 7.631986737251281738e-01
1.395380946554662239e-33 1.543132215738296509e-02 1.220018509775400162e-02 1.846248866058886051e-03
-1.475014278705240390e-32 1.903667896986007690e-01 -2.948684245347976685e-02 -5.504782125353813171e-02
-5.656569916969036216e-32 2.432381808757781982e-01 -1.951724104583263397e-02 -4.655548557639122009e-02
1.107424044360061262e-32 6.851745396852493286e-02 -6.408144831657409668e-01 -4.305803477764129639e-01
4.734746071559847530e-32 1.372157130390405655e-02 2.320213057100772858e-02 3.122140187770128250e-03
-6.367035763870149730e-33 4.854625836014747620e-02 6.954590082168579102e-01 3.310914635658264160e-01
-8.261651714245830666e-32 2.149486988782882690e-01 1.272631883621215820e-01 2.682614922523498535e-01
-1.063861840023319668e-32 2.604254335165023804e-02 -2.890519201755523682e-01 -7.382100075483322144e-02
4.829044816129986845e-32 5.357956886291503906e-01 1.320194602012634277e-01 6.936779022216796875e-01
1.813153934724307169e-33 4.680501669645309448e-02 4.413436725735664368e-02 2.025769278407096863e-02
4.114478551059617486e-33 1.108477115631103516e-01 -4.500311613082885742e-02 -4.892040044069290161e-02
-1.505321535273712944e-33 2.218286991119384766e-01 3.755730092525482178e-01 8.170201778411865234e-01
1.004166343063526809e-32 1.676790565252304077e-01 -6.899394840002059937e-02 -1.134515702724456787e-01
3.157381499728510566e-33 2.040150016546249390e-01 5.070159956812858582e-02 1.014388799667358398e-01
5.142657745784948132e-33 1.285280734300613403e-01 -9.589668363332748413e-02 -1.208710372447967529e-01
-2.129537504564156588e-33 5.849419832229614258e-01 5.371884629130363464e-02 3.081485629081726074e-01
-3.229313672475172658e-32 4.469309002161026001e-02 -1.121159940958023071e-01 -4.913926124572753906e-02
4.582478998573257928e-32 2.743771076202392578e-01 2.520433366298675537e-01 6.781781315803527832e-01
7.150750337190846298e-33 1.223669666796922684e-02 1.044598780572414398e-02 1.253528986126184464e-03
-7.492947762974753151e-33 2.735044360160827637e-01 -6.340995430946350098e-02 -1.700757890939712524e-01
-7.570727285432786859e-32 1.792358420789241791e-02 2.790287323296070099e-02 4.904496949166059494e-03
-4.294208698564468190e-33 9.212841391563415527e-01 -3.989417552947998047e-01 -3.604323625564575195e+00
2.594638411590501542e-32 4.386413097381591797e-02 -3.530680760741233826e-02 -1.518758386373519897e-02
1.699403072902562178e-32 5.717830657958984375e-01 6.134679317474365234e-01 3.439884424209594727e+00
-8.567359591328305922e-32 2.828109823167324066e-02 2.029208652675151825e-02 5.627864971756935120e-03
2.083791672533968742e-33 3.312578797340393066e-01 -1.453527994453907013e-02 -4.721829667687416077e-02
2.307011400865199301e-32 9.655625224113464355e-01 5.433762669563293457e-01 5.145194053649902344e+00
9.218795050667001214e-32 3.219513297080993652e-01 3.329875767230987549e-01 1.051329612731933594e+00
2.889110729996825059e-33 2.189679071307182312e-02 1.393488794565200806e-01 2.992296218872070312e-02
-1.333784656862490510e-32 2.225059829652309418e-02 -5.817040801048278809e-02 -1.269300561398267746e-02
2.541429659800530698e-32 8.541670441627502441e-01 -1.812320575118064880e-02 -1.518093347549438477e-01
1.660298343144138697e-33 9.440749883651733398e-01 3.369638323783874512e-02 3.119682669639587402e-01
-3.347579277490639888e-32 2.671016752719879150e-01 -5.934704542160034180e-01 -1.554520249366760254e+00
-5.834784852255676991e-32 6.148980855941772461e-01 2.588644325733184814e-01 1.560975909233093262e+00
1.599320492050194113e-33 2.204506285488605499e-02 -2.352517396211624146e-01 -5.085865408182144165e-02
-4.206687634015979406e-33 3.816766142845153809e-01 7.780610918998718262e-01 2.912258625030517578e+00
-1.940515772165826502e-32 8.952590078115463257e-02 -9.659467339515686035e-01 -8.480521440505981445e-01
-2.552068581625243201e-33 1.021942645311355591e-01 4.131613671779632568e-01 4.140634536743164062e-01
5.959294609794315286e-33 2.566015720367431641e-01 -6.277752518653869629e-01 -1.579734802246093750e+00
3.036631046592198874e-33 1.254166513681411743e-01 1.167364493012428284e-01 1.435761600732803345e-01
-3.243107363998102938e-33 3.841750025749206543e-01 4.054540768265724182e-02 1.527536064386367798e-01
-3.841185518448242219e-32 6.845219135284423828e-01 -2.333624288439750671e-02 -1.566530913114547729e-01
-7.356487562523670850e-33 2.868002466857433319e-02 -1.268120016902685165e-02 -3.566650440916419029e-03
1.508557450816335923e-32 1.856329739093780518e-01 -3.266203999519348145e-01 -5.945920944213867188e-01
1.308753808725775341e-33 2.356662601232528687e-01 -3.508121073246002197e-01 -8.107606172561645508e-01
1.001150263331606830e-33 9.644566178321838379e-01 -1.585282087326049805e-01 -1.499373793601989746e+00
-3.749181338850908009e-32 8.815237134695053101e-02 1.500020474195480347e-01 1.296736896038055420e-01
2.214182905854350962e-32 5.256294012069702148e-01 1.067285388708114624e-01 5.501496791839599609e-01
-2.936868861418826809e-33 2.997474558651447296e-02 -9.128329157829284668e-01 -2.683289349079132080e-01
-8.233637039003446204e-33 3.935551345348358154e-01 3.456221520900726318e-01 1.333913922309875488e+00
-1.520449229213834205e-33 1.689922250807285309e-02 -8.328515291213989258e-01 -1.380241215229034424e-01
-2.376197912681928235e-32 1.261114608496427536e-02 -2.161672264337539673e-01 -2.673407085239887238e-02
6.136672960445155225e-32 1.420035958290100098e-01 -8.475655317306518555e-02 -1.180302351713180542e-01
-1.629805284999839295e-33 5.333348512649536133e-01 -7.460082173347473145e-01 -3.901793003082275391e+00
1.196515275487660917e-32 3.339142724871635437e-02 1.072899717837572098e-02 3.513296367600560188e-03
-9.552097069887854258e-32 2.084926702082157135e-02 3.584798872470855713e-01 7.329532504081726074e-02
3.548458625481897483e-32 3.454000651836395264e-01 -2.965959906578063965e-01 -1.004635214805603027e+00
8.572177942672326479e-33 4.294709861278533936e-02 7.485162466764450073e-02 3.152504563331604004e-02
-1.306608347864532351e-33 2.662836015224456787e-01 6.964293122291564941e-01 1.818620681762695312e+00
-2.388235525847325408e-33 3.058826923370361328e-01 2.375568896532058716e-01 7.125957012176513672e-01
-6.474201175730802098e-33 5.677042528986930847e-02 -5.000168681144714355e-01 -2.783732414245605469e-01
-1.057432473671497166e-32 5.686768889427185059e-01 1.034767851233482361e-01 5.770708918571472168e-01
-1.938234247833475832e-33 7.177114486694335938e-01 -3.840490430593490601e-02 -2.703069746494293213e-01
-4.568419792263835664e-32 8.195466548204421997e-02 1.532389596104621887e-02 1.231582649052143097e-02
1.494560986517888798e-33 6.377558112144470215e-01 -4.321340620517730713e-01 -2.702673673629760742e+00
4.482091634076240722e-33 1.180300787091255188e-01 1.607909798622131348e-02 1.861122809350490570e-02
-1.253587289461609209e-32 3.671329915523529053e-01 -2.454212009906768799e-01 -8.836009502410888672e-01
6.032215299821621995e-33 2.466159909963607788e-01 1.376335322856903076e-02 3.328635171055793762e-02
-6.440299037032324210e-32 8.846116065979003906e-01 -9.623727947473526001e-02 -8.348658084869384766e-01
-1.596997531541976957e-32 2.380675822496414185e-01 3.580408692359924316e-01 8.358984589576721191e-01
5.167643025148469706e-32 3.088887594640254974e-02 -3.481983542442321777e-01 -1.054749935865402222e-01
3.576386828421099580e-33 9.480623155832290649e-02 -7.465305924415588379e-01 -6.940730810165405273e-01
2.508273078394061846e-32 1.848007440567016602e-01 6.706550717353820801e-02 1.215412244200706482e-01
-5.871031514436869932e-33 2.582730911672115326e-02 -2.542707137763500214e-02 -6.440153345465660095e-03
-2.828707952779821815e-33 2.131086587905883789e-02 -9.007582068443298340e-02 -1.882478222250938416e-02
-2.378623839148437731e-33 5.372140407562255859e-01 -2.418370991945266724e-01 -1.274063110351562500e+00
-1.088962538238412605e-33 6.637207418680191040e-02 2.813769578933715820e-01 1.831448078155517578e-01
1.062889559258395783e-32 1.107235327363014221e-01 -7.201506942510604858e-02 -7.819589972496032715e-02
-2.444858243839870343e-32 2.309876494109630585e-02 -6.322838366031646729e-02 -1.432258915156126022e-02
-8.140535241556031684e-32 2.382139489054679871e-02 -3.304923698306083679e-02 -7.720568682998418808e-03
1.516062798575343912e-33 1.297251433134078979e-01 -1.240379363298416138e-02 -1.577972248196601868e-02
1.985316286332762450e-33 1.379472669214010239e-02 -2.554939091205596924e-01 -3.456322848796844482e-02
2.679599433113891701e-33 4.104081690311431885e-01 1.828785687685012817e-01 7.360367178916931152e-01
2.401569929686870342e-32 5.484686419367790222e-02 6.453566998243331909e-02 3.471141681075096130e-02
9.781592652355529621e-33 4.765370860695838928e-02 -5.301632359623908997e-02 -2.477576024830341339e-02
-1.075384549928858215e-32 5.589234828948974609e-01 -5.246067047119140625e-02 -2.875456809997558594e-01
-3.494651253193770389e-32 1.084381937980651855e-01 -2.714413106441497803e-01 -2.886548638343811035e-01
-6.247686646936812057e-32 8.568146079778671265e-02 4.097172245383262634e-02 3.442641347646713257e-02
1.666229006017624843e-32 6.228037476539611816e-01 -5.643041133880615234e-01 -3.446554183959960938e+00
-2.631964177585749343e-32 1.580405384302139282e-01 7.710194587707519531e-01 1.194963097572326660e+00
-2.031866964651278931e-33 4.814578592777252197e-02 -9.149533510208129883e-01 -4.319941699504852295e-01
-2.430920113448582775e-32 4.117980301380157471e-01 8.314698189496994019e-02 3.357773721218109131e-01
-1.049997288231553882e-33 2.045195549726486206e-01 -2.249672263860702515e-02 -4.512058943510055542e-02
-2.923781237924557628e-32 9.798343181610107422e-01 1.872743107378482819e-02 1.799498647451400757e-01
-1.036018566550964481e-32 4.184256866574287415e-02 -1.263977028429508209e-02 -5.186545662581920624e-03
9.520059852976955929e-33 1.911984570324420929e-02 -2.981538176536560059e-01 -5.590432509779930115e-02
-4.420714225105611950e-32 6.013876795768737793e-01 8.186313509941101074e-01 4.827959060668945312e+00
-8.450311504586702877e-33 6.843626499176025391e-01 2.707976475358009338e-02 1.817405521869659424e-01
8.913291709601569035e-33 1.233326829969882965e-02 5.536321401596069336e-01 6.696072220802307129e-02
2.756701760623256382e-32 5.315171480178833008e-01 1.703151129186153412e-02 8.877509832382202148e-02
-3.114028533386215339e-33 4.711496829986572266e-02 -8.828040212392807007e-02 -4.078907519578933716e-02
3.363047460716316516e-33 5.458673089742660522e-02 -9.701606035232543945e-01 -5.193395614624023438e-01
1.584882482686219366e-33 1.851518638432025909e-02 2.078062854707241058e-02 3.773179138079285622e-03
-1.468665488817746910e-33 3.257401287555694580e-02 1.842495612800121307e-02 5.885703489184379578e-03
2.872531741343819832e-32 3.710506483912467957e-02 3.348938748240470886e-02 1.218599732965230942e-02
-1.534704485940454548e-33 2.393623888492584229e-01 -1.642313748598098755e-01 -3.855073750019073486e-01
-7.923313142542085678e-33 3.042659163475036621e-01 8.519916981458663940e-02 2.542198002338409424e-01
-2.863394403349687412e-33 2.772269397974014282e-02 -3.522904515266418457e-01 -9.577605873346328735e-02
3.526439559175882099e-32 7.248721718788146973e-01 2.050297558307647705e-01 1.457467913627624512e+00
9.363719839001560954e-33 4.469773173332214355e-01 -1.883828267455101013e-02 -8.257479220628738403e-02
1.190023369162954824e-33 2.751530893146991730e-02 -1.542062591761350632e-02 -4.160993732511997223e-03
-6.384837156445414746e-33 7.808253169059753418e-02 8.315997123718261719e-01 6.367792487144470215e-01
8.648192019552218964e-33 1.081835925579071045e-01 -2.296813391149044037e-02 -2.436732128262519836e-02
4.620891802969428640e-32 4.772887006402015686e-02 6.913660168647766113e-01 3.236009776592254639e-01
-1.842949594110782786e-33 7.807580381631851196e-02 -8.533389121294021606e-02 -6.533692032098770142e-02
-1.917450956697960840e-33 1.491802651435136795e-02 -4.368872344493865967e-01 -6.391479820013046265e-02
1.729309559365801258e-32 2.952665686607360840e-01 8.222423493862152100e-02 2.380865067243576050e-01
1.073363434329413144e-32 3.175752609968185425e-02 6.586672663688659668e-01 2.051320075988769531e-01
1.962359102066393954e-32 1.083718333393335342e-02 -1.601596772670745850e-01 -1.702120341360569000e-02
4.740920796447923153e-33 7.078109383583068848e-01 -1.262235827744007111e-02 -8.761499822139739990e-02
-5.182963977706705843e-33 2.582487650215625763e-02 -2.938100397586822510e-01 -7.440902292728424072e-02
4.360435462542620457e-32 3.544882833957672119e-01 7.259463071823120117e-01 2.523638010025024414e+00
-4.809666277477902950e-33 1.085670478641986847e-02 9.389911592006683350e-02 9.997242130339145660e-03
4.340058855718291515e-32 1.708576679229736328e-01 -5.630548000335693359e-01 -9.434216022491455078e-01
-1.380491602461269429e-32 8.160783648490905762e-01 1.568106859922409058e-01 1.254955172538757324e+00
3.265545347103392615e-32 3.360353782773017883e-02 -1.061158161610364914e-02 -3.496920922771096230e-03
1.929905870357899925e-33 2.186056971549987793e-02 -7.874710857868194580e-02 -1.688172295689582825e-02
8.376807842829785239e-32 1.064158324152231216e-02 1.300601195544004440e-02 1.357285073027014732e-03
-5.387647372354018213e-32 1.030856594443321228e-01 1.458648499101400375e-02 1.474584266543388367e-02
-9.573991239919094774e-32 1.758155412971973419e-02 -8.926226496696472168e-01 -1.539025604724884033e-01
1.323990695070828453e-33 4.126314818859100342e-02 -1.507415343075990677e-02 -6.099805235862731934e-03
1.543126168280126974e-33 2.068481594324111938e-02 1.630567573010921478e-02 3.307585837319493294e-03
2.159688457118168241e-32 8.941978216171264648e-02 3.347653523087501526e-02 2.935586124658584595e-02
-5.474804327527339794e-33 6.609193980693817139e-02 -5.785858258605003357e-02 -3.750048950314521790e-02
-3.146753414492344706e-32 2.889728844165802002e-01 1.985731124877929688e-01 5.627275705337524414e-01
-5.781548476348461823e-32 3.413898646831512451e-01 5.497640967369079590e-01 1.840550184249877930e+00
-1.580072323068456103e-33 9.431921243667602539e-01 -8.137987256050109863e-01 -7.527276039123535156e+00
-4.842444937450582437e-33 6.927962303161621094e-01 2.083180695772171021e-01 1.415315032005310059e+00
-4.088960038071204152e-33 3.684693872928619385e-01 6.785006076097488403e-02 2.451728433370590210e-01
2.775772980970997175e-32 2.094900161027908325e-01 1.995195820927619934e-02 4.098920896649360657e-02
3.533515080078672227e-33 2.400661818683147430e-02 -8.944511413574218750e-02 -2.105757221579551697e-02
1.428184053136418984e-32 1.595537178218364716e-02 -4.136263728141784668e-01 -6.471960246562957764e-02
-2.101835621021686245e-32 3.614433109760284424e-01 -3.843069374561309814e-01 -1.362194418907165527e+00
4.542491031746985352e-32 2.623853385448455811e-01 -2.551956661045551300e-02 -6.566493958234786987e-02
-1.682909527995182346e-33 4.637140780687332153e-02 8.630270510911941528e-02 3.924599662423133850e-02
5.858898943368445397e-32 8.870356678962707520e-01 -2.995682135224342346e-02 -2.605898380279541016e-01
6.307596304273645351e-32 9.744705259799957275e-02 3.533957004547119141e-01 3.377152085304260254e-01
-7.711719016606289079e-32 9.269481152296066284e-02 -3.387333825230598450e-02 -3.079172782599925995e-02
-2.173549482426881560e-33 1.006012782454490662e-01 1.404424011707305908e-01 1.385550647974014282e-01
5.497781201324084563e-32 5.614776611328125000e-01 -2.441785335540771484e-01 -1.344499468803405762e+00
-1.365470107088905270e-32 3.912857174873352051e-02 -2.120313346385955811e-01 -8.136071264743804932e-02
-1.505793477888468861e-33 3.402010723948478699e-02 1.226718127727508545e-01 4.092616960406303406e-02
-9.472178147711323986e-32 4.339707493782043457e-01 5.288488864898681641e-01 2.250674724578857422e+00
3.723675462426766015e-32 7.573681324720382690e-02 -2.051650136709213257e-01 -1.523810625076293945e-01
1.484156245208379173e-32 6.405032873153686523e-01 8.517847061157226562e-01 5.350223064422607422e+00
9.278356761675991110e-32 2.004471607506275177e-02 9.131395816802978516e-01 1.794972419738769531e-01
5.876072915833959018e-32 5.468018725514411926e-02 -8.864206075668334961e-02 -4.753248766064643860e-02
1.733632109233164052e-33 1.565359719097614288e-02 1.059177815914154053e-01 1.625936850905418396e-02
-6.952924923523025006e-33 4.183853790163993835e-02 -2.651126384735107422e-01 -1.087746247649192810e-01
-8.637722919927001819e-32 2.837208658456802368e-02 3.539871796965599060e-02 9.849167428910732269e-03
1.549166005191445740e-33 8.313358575105667114e-02 3.243074193596839905e-02 2.643955312669277191e-02
9.641390559512192273e-32 7.867623865604400635e-02 -4.640769585967063904e-02 -3.580587357282638550e-02
1.283974479645937679e-33 5.374547466635704041e-02 -2.280180752277374268e-01 -1.201799064874649048e-01
-7.200273767254195418e-32 4.024324938654899597e-02 3.888246119022369385e-01 1.534502059221267700e-01
2.450273158566933211e-32 8.509175479412078857e-02 -4.771520197391510010e-02 -3.981666639447212219e-02
-7.300919740508393527e-33 3.790244162082672119e-01 -3.021152690052986145e-02 -1.122950315475463867e-01
-2.014200606989564625e-32 4.516388475894927979e-02 -4.640686511993408203e-02 -2.055389806628227234e-02
-4.338602712091210406e-33 2.095494270324707031e-01 -2.960344254970550537e-01 -6.083441972732543945e-01
4.558788599705564031e-33 1.613789498805999756e-01 -3.220169246196746826e-01 -5.096197724342346191e-01
-1.115222714693797876e-33 1.462380401790142059e-02 5.077493786811828613e-01 7.281660288572311401e-02
1.199822492109500960e-33 1.390199512243270874e-01 -2.442747168242931366e-02 -3.330246359109878540e-02
-5.852893342730094330e-32 1.012741122394800186e-02 1.096604019403457642e-02 1.089103054255247116e-03
4.551716164475444812e-33 2.375172264873981476e-02 -3.267727419734001160e-02 -7.611348293721675873e-03
3.867533048827572971e-32 4.130337238311767578e-01 -1.115337684750556946e-01 -4.517650008201599121e-01
1.898075430250150928e-32 9.990006685256958008e-02 1.336513459682464600e-01 1.309362053871154785e-01
1.803686319551792150e-32 6.114320158958435059e-01 -6.855045557022094727e-01 -4.110353946685791016e+00
7.751436031984697118e-33 1.636219024658203125e-02 2.208209484815597534e-01 3.543254733085632324e-02
9.268360357716598377e-32 1.780706048011779785e-01 -3.416424691677093506e-01 -5.966020822525024414e-01
-1.882080515352710525e-33 3.724254965782165527e-01 2.448327094316482544e-02 8.941894024610519409e-02
5.611310445726501091e-33 6.143535375595092773e-01 -2.694567143917083740e-01 -1.623409390449523926e+00
2.588625170238870131e-32 5.834738612174987793e-01 -8.622325658798217773e-01 -4.933629512786865234e+00
1.960537416430405577e-33 2.471158280968666077e-02 -1.866679079830646515e-02 -4.523669835180044174e-03
1.046471907205040915e-33 2.467809915542602539e-01 3.725434467196464539e-02 9.015904366970062256e-02
4.299058347445579390e-33 1.273548789322376251e-02 -4.053553938865661621e-01 -5.062583833932876587e-02
9.256157550860712211e-32 1.505046784877777100e-01 4.281865805387496948e-02 6.319805979728698730e-02
3.487643249747755617e-33 2.326251938939094543e-02 -1.965002715587615967e-02 -4.482709802687168121e-03
-8.750028474710212345e-32 1.558230221271514893e-01 2.650208957493305206e-02 4.049789160490036011e-02
-8.312555909361014415e-32 1.338209807872772217e-01 4.061616957187652588e-01 5.330204367637634277e-01
7.097834724304611762e-33 2.735512889921665192e-02 -5.902388691902160645e-02 -1.583387702703475952e-02
2.907155927447290310e-32 1.520470716059207916e-02 3.280356153845787048e-02 4.891248419880867004e-03
-3.645860969011795343e-32 1.316306143999099731e-01 -2.324274629354476929e-01 -3.000302612781524658e-01
1.587749329736882610e-32 3.916634246706962585e-02 -6.166810542345046997e-02 -2.368614077568054199e-02
-5.923421828285080759e-32 1.048808172345161438e-01 -1.010613329708576202e-02 -1.039445679634809494e-02
1.289709790051996546e-33 1.302130986005067825e-02 -4.755381047725677490e-01 -6.072404235601425171e-02
1.697824383989407845e-32 1.320271659642457962e-02 3.354402482509613037e-01 4.343093186616897583e-02
-1.310373658308307685e-32 4.591808319091796875e-01 2.124851644039154053e-01 9.568261504173278809e-01
-9.467645294557759393e-33 1.764357462525367737e-02 1.728174649178981781e-02 2.990162931382656097e-03
-3.871996694751232902e-32 7.724764198064804077e-02 5.674040913581848145e-01 4.298315942287445068e-01
-1.097143391172960315e-32 6.590639054775238037e-02 6.360267847776412964e-02 4.110774025321006775e-02
-2.941220872113357086e-32 6.004703044891357422e-02 -3.253868818283081055e-01 -1.916073858737945557e-01
-3.285394156964202351e-32 1.295328605920076370e-02 -1.350115388631820679e-01 -1.715029217302799225e-02
2.014437616038049169e-32 1.010503694415092468e-01 -5.876538753509521484e-01 -5.823448300361633301e-01
-6.348733316827846713e-33 2.147701084613800049e-01 7.712392210960388184e-01 1.624364972114562988e+00
-3.652073456655891132e-32 6.540400981903076172e-01 2.473925501108169556e-01 1.586761474609375000e+00
8.884370875151494443e-33 2.708536982536315918e-01 -1.988859660923480988e-02 -5.282744392752647400e-02
1.096206448706958025e-32 7.720367610454559326e-02 -1.521761808544397354e-02 -1.152140181511640549e-02
-1.094909529463115642e-33 2.572427392005920410e-01 -6.253906339406967163e-02 -1.577666252851486206e-01
-9.668724623525450630e-33 1.010286733508110046e-01 1.069698184728622437e-01 1.059806495904922485e-01
-7.883997117674101891e-32 6.680637598037719727e-02 -9.762818366289138794e-02 -6.396078318357467651e-02
-5.543778662613745305e-33 2.089433819055557251e-01 1.962361671030521393e-02 4.020947217941284180e-02
-3.699730715968912945e-33 2.304677478969097137e-02 1.391654927283525467e-02 3.145302180200815201e-03
4.773023694105673678e-32 1.538104563951492310e-01 1.657665334641933441e-02 2.500364929437637329e-02
3.511427173884736813e-33 3.136321902275085449e-02 1.160914376378059387e-01 3.570602089166641235e-02
-8.414870349909410909e-32 1.622445583343505859e-01 2.574066817760467529e-01 4.095534682273864746e-01
2.679435341449356602e-32 1.675122976303100586e-01 -5.957903340458869934e-02 -9.787253290414810181e-02
2.600776108406526264e-33 1.060732156038284302e-01 6.962372362613677979e-02 7.242418825626373291e-02
-4.485957908464492152e-33 6.437407433986663818e-02 -9.492831677198410034e-02 -5.992768332362174988e-02
-7.408351107965919438e-33 8.700598776340484619e-02 -6.421684622764587402e-01 -5.479220747947692871e-01
1.375408324077932300e-32 2.022197693586349487e-01 -4.215304553508758545e-02 -8.359363675117492676e-02
4.934024763587269801e-33 2.833952941000461578e-02 -8.296537995338439941e-01 -2.305739372968673706e-01
-2.331688406835217730e-32 3.089361637830734253e-02 -1.288686506450176239e-02 -3.904241835698485374e-03
-9.904577279442372923e-33 9.954307079315185547e-01 -2.288152724504470825e-01 -2.233658075332641602e+00
5.135855306913533407e-32 2.169015556573867798e-01 -5.863989517092704773e-02 -1.247316077351570129e-01
-4.937980228609389873e-32 6.581918001174926758e-01 -3.096487522125244141e-01 -1.998676300048828125e+00
6.589610329473771169e-32 1.316795796155929565e-01 -2.784685976803302765e-02 -3.595963865518569946e-02
2.049474400658658270e-32 1.085707247257232666e-01 5.072075128555297852e-02 5.400314927101135254e-02
-8.394061748911154775e-32 2.092774026095867157e-02 -2.392747811973094940e-02 -4.910660907626152039e-03
3.780330763653347806e-32 6.025159731507301331e-02 3.818276897072792053e-02 2.256091311573982239e-02
8.361842330375878991e-33 4.523752629756927490e-01 2.166276425123214722e-01 9.610221385955810547e-01
-2.676233588711304396e-32 1.723498404026031494e-01 -7.876998931169509888e-02 -1.331350356340408325e-01
-1.110293940349196951e-32 6.477559208869934082e-01 1.347413752228021622e-02 8.559197932481765747e-02
-6.128317473131113479e-33 3.411278724670410156e-01 -7.624192535877227783e-02 -2.550537586212158203e-01
9.239202220344451536e-32 6.278057396411895752e-02 8.242722600698471069e-02 5.074772983789443970e-02
7.527339788943936227e-33 3.306591808795928955e-01 -9.036287665367126465e-02 -2.930159866809844971e-01
3.524520858521752420e-32 6.690441966056823730e-01 1.862823404371738434e-02 1.222213730216026306e-01
-7.590735374778133015e-32 5.063418671488761902e-02 1.081197708845138550e-01 5.368706211447715759e-02
5.145080586578786719e-32 1.007010880857706070e-02 -7.864819169044494629e-01 -7.766825705766677856e-02
5.631997383059447118e-32 5.771919488906860352e-01 -1.842129789292812347e-02 -1.042704284191131592e-01
-1.039320383245630434e-32 2.162717841565608978e-02 -1.880441009998321533e-01 -3.988230600953102112e-02
-6.823748379943225303e-33 3.356358408927917480e-01 -7.383063435554504395e-01 -2.430108308792114258e+00
-1.135471615077169516e-33 3.030621819198131561e-02 3.274907544255256653e-02 9.733106009662151337e-03
-1.179138291474340441e-33 3.480640947818756104e-01 8.660966902971267700e-02 2.956284880638122559e-01
-3.009140935703868858e-32 3.014511764049530029e-01 2.703602612018585205e-01 7.992461323738098145e-01
-5.487410402413954932e-33 1.403789874166250229e-02 -3.362840116024017334e-01 -4.629445448517799377e-02
-4.889170470553783734e-32 2.642539329826831818e-02 -4.378175139427185059e-01 -1.134580373764038086e-01
-8.280423771281287186e-32 9.289152175188064575e-02 -7.970912009477615356e-02 -7.261139154434204102e-02
5.281397964466244112e-32 1.321781147271394730e-02 -7.737931609153747559e-01 -1.003009602427482605e-01
-2.026725278892385319e-33 9.307754635810852051e-01 -1.064696069806814194e-02 -9.718320518732070923e-02
-4.111223166391809014e-33 9.714653491973876953e-01 2.467185705900192261e-01 2.350443601608276367e+00
1.882782542619540673e-32 1.994739472866058350e-02 -3.108859062194824219e-01 -6.081460416316986084e-02
9.736870969778495692e-33 6.067184805870056152e-01 2.204831317067146301e-02 1.311847269535064697e-01
1.960205155605305965e-33 1.358744055032730103e-01 5.968832969665527344e-01 7.953307032585144043e-01
4.058268762191997342e-32 4.911104142665863037e-01 -2.355597727000713348e-02 -1.134490668773651123e-01
2.290010115866661167e-33 7.566539943218231201e-02 -1.582463681697845459e-01 -1.174226179718971252e-01
3.154976144413140460e-33 3.241292536258697510e-01 7.947919368743896484e-01 2.526343107223510742e+00
-5.674748937104502892e-32 8.237576484680175781e-01 1.192669123411178589e-01 9.634742140769958496e-01
1.937965169829732917e-33 4.517904222011566162e-01 8.881781101226806641e-01 3.935117959976196289e+00
1.470135977149327897e-32 3.436068445444107056e-02 -4.122685492038726807e-01 -1.389193236827850342e-01
5.772947384183495146e-32 6.327331066131591797e-01 -2.416903525590896606e-01 -1.499686717987060547e+00
1.010682787832806318e-33 2.334708161652088165e-02 -2.407519891858100891e-02 -5.512177012860774994e-03
-2.332902068018243279e-33 4.604261219501495361e-01 -8.972508460283279419e-02 -4.051300883293151855e-01
-2.881628892124833515e-33 9.415888786315917969e-01 3.978868424892425537e-01 3.674020528793334961e+00
-1.266220198680201712e-33 3.301364779472351074e-01 1.164849102497100830e-02 3.771237283945083618e-02
1.138956680320869125e-32 2.298569232225418091e-01 5.115734338760375977e-01 1.153151154518127441e+00
-1.716131569743312614e-33 6.681606918573379517e-02 2.537437081336975098e-01 1.662634909152984619e-01
-6.958496325935541090e-32 4.860805571079254150e-01 5.662830546498298645e-02 2.699370384216308594e-01
-1.412451236745013488e-32 1.879806369543075562e-01 -1.647418178617954254e-02 -3.036949969828128815e-02
8.610950154466261104e-33 1.269444171339273453e-02 -4.773036539554595947e-01 -5.941950529813766479e-02
3.068626827327230717e-32 2.272037863731384277e-01 2.494825273752212524e-01 5.558740496635437012e-01
2.865162971334698007e-33 1.342062056064605713e-01 9.009901434183120728e-02 1.185805127024650574e-01
-1.292659638024087382e-33 8.412114381790161133e-01 8.099508881568908691e-01 6.681662082672119141e+00
1.457311131743765193e-33 4.194196686148643494e-02 -1.829811781644821167e-01 -7.526202499866485596e-02
-4.331781024499800966e-32 2.987117506563663483e-02 -3.316167369484901428e-02 -9.714253246784210205e-03
-1.269371386794069327e-32 3.275592625141143799e-02 1.944718137383460999e-02 6.246938370168209076e-03
-1.073189387697094519e-32 2.569345384836196899e-02 -8.917103409767150879e-01 -2.246813029050827026e-01
-6.085449030866547813e-32 9.696173667907714844e-01 -3.698170185089111328e-02 -3.516478538513183594e-01
-4.844732743330870315e-33 8.477933704853057861e-02 -2.076829038560390472e-02 -1.726678386330604553e-02
4.193051532204456239e-32 4.678025096654891968e-02 7.406117767095565796e-02 3.397612646222114563e-02
-1.263690681774026002e-33 2.861400693655014038e-02 8.299779891967773438e-01 2.328980863094329834e-01
4.367368234350182604e-32 1.260708458721637726e-02 -9.391146898269653320e-02 -1.161058060824871063e-02
1.105599732228882767e-33 1.184490397572517395e-01 3.896822035312652588e-01 4.526503086090087891e-01
-6.264308577867820760e-33 1.083400920033454895e-01 -3.036368638277053833e-02 -3.226000070571899414e-02
4.613817898371370893e-33 1.454035192728042603e-01 -3.466236963868141174e-02 -4.942581430077552795e-02
-3.616885180200819809e-33 9.034591168165206909e-02 -3.537207841873168945e-02 -3.133933246135711670e-02
-2.765006334338228138e-32 7.443377375602722168e-01 -1.207124721258878708e-02 -8.811358362436294556e-02
-5.976197410406773590e-32 9.151941537857055664e-01 -3.316183760762214661e-02 -2.976271212100982666e-01
1.507853348067292604e-33 6.658871471881866455e-02 9.564886093139648438e-01 6.245987415313720703e-01
2.007368009341211616e-33 1.232318654656410217e-01 1.756798923015594482e-01 2.123077213764190674e-01
7.076711678567510667e-32 1.221915334463119507e-01 -2.304288446903228760e-01 -2.761204838752746582e-01
1.382212967001254817e-32 1.118304505944252014e-01 -1.190771237015724182e-01 -1.305897533893585205e-01
-8.199681415312005902e-32 2.286738306283950806e-01 6.824690848588943481e-02 1.530453413724899292e-01
1.983444385047474883e-32 5.307770147919654846e-02 6.907979846000671387e-01 3.595703244209289551e-01
1.588552963796661959e-33 2.138171494007110596e-01 1.944126375019550323e-02 4.076502472162246704e-02
-2.532795653793740997e-32 3.939956426620483398e-01 -1.465228665620088577e-02 -5.661317706108093262e-02
-1.670854649756507471e-33 1.367900222539901733e-01 2.057241797447204590e-01 2.759690880775451660e-01
-9.791944937229633801e-32 6.144453287124633789e-01 -9.508815407752990723e-02 -5.729680061340332031e-01
1.562320337990124086e-33 1.298982929438352585e-02 -1.602311283349990845e-01 -2.041131630539894104e-02
-1.500463437526955209e-33 9.419783949851989746e-02 -6.087154746055603027e-01 -5.623102188110351562e-01
7.359192375024912933e-32 4.524742066860198975e-01 -6.116210818290710449e-01 -2.713919401168823242e+00
-1.036165723750008046e-32 1.492285355925559998e-02 7.228564620018005371e-01 1.057851389050483704e-01
3.580949583212213216e-32 9.996500611305236816e-01 -2.271087914705276489e-01 -2.226397037506103516e+00
-1.982679689238066522e-33 3.204017505049705505e-02 -2.388963401317596436e-01 -7.506284862756729126e-02
5.058606593623292887e-33 7.918685674667358398e-01 -2.116389945149421692e-02 -1.643499135971069336e-01
5.057556362889230100e-33 9.017219394445419312e-02 5.957753062248229980e-01 5.268364548683166504e-01
3.108748727041100108e-33 3.371073007583618164e-01 8.569803833961486816e-02 2.833085656166076660e-01
1.948265622749805528e-33 3.933602869510650635e-01 9.186729192733764648e-01 3.543823719024658203e+00
-3.252413018089593725e-32 3.983942568302154541e-01 4.501044005155563354e-02 1.758518666028976440e-01
3.411496562411410992e-33 2.268467843532562256e-01 1.101790815591812134e-01 2.451051622629165649e-01
6.038205325159824667e-32 2.260337211191654205e-02 5.763064697384834290e-02 1.277460251003503799e-02
-9.594322002463741648e-32 2.619636245071887970e-02 1.596823334693908691e-02 4.102216102182865143e-03
8.584307575004873958e-33 4.869991540908813477e-01 5.453822612762451172e-01 2.604652881622314453e+00
7.320138338460368664e-32 2.099120318889617920e-01 -1.627974510192871094e-01 -3.351240456104278564e-01
2.818944737512273454e-33 1.303198840469121933e-02 -3.627575933933258057e-02 -4.636047407984733582e-03
6.197039444274076830e-33 2.602641880512237549e-01 -1.123755872249603271e-01 -2.868184447288513184e-01
1.384588200273885101e-32 1.358912885189056396e-01 -1.734457165002822876e-02 -2.311404049396514893e-02
-5.458668390041999180e-32 8.536477386951446533e-02 -6.683528423309326172e-02 -5.595065280795097351e-02
-6.957913280737533235e-32 4.206156358122825623e-02 1.170303225517272949e-01 4.827302321791648865e-02
-2.140138369759261219e-32 4.046721756458282471e-02 1.284183114767074585e-01 5.096253007650375366e-02
4.696916165424890820e-33 6.828408241271972656e-01 -9.890270233154296875e-01 -6.622901916503906250e+00
4.238189780592062815e-33 1.077822223305702209e-02 -2.875600568950176239e-02 -3.039459697902202606e-03
-1.788180006228110723e-33 2.312242239713668823e-02 8.115767836570739746e-01 1.840278804302215576e-01
3.659054203326646213e-33 1.730480343103408813e-01 1.401385199278593063e-02 2.378180809319019318e-02
5.779276466173513121e-33 3.932042792439460754e-02 1.796224154531955719e-02 6.926270667463541031e-03
-8.234697628781475613e-32 4.148437827825546265e-02 4.902186617255210876e-02 1.994321122765541077e-02
-1.555306714211744444e-32 7.941913604736328125e-01 1.060030702501535416e-02 8.255896717309951782e-02
-3.306891891525628050e-32 2.712624967098236084e-01 4.626734927296638489e-02 1.230793073773384094e-01
8.536806142161733025e-32 1.239160299301147461e-01 -3.956903517246246338e-02 -4.808433726429939270e-02
2.403813948402590089e-32 3.548517078161239624e-02 -3.077236115932464600e-01 -1.070849373936653137e-01
1.150449415120461703e-32 9.611825644969940186e-02 -1.285720765590667725e-01 -1.211917921900749207e-01
3.426504319193549916e-33 2.144549936056137085e-01 -2.463844567537307739e-01 -5.181674361228942871e-01
1.581594771923763281e-33 3.678347766399383545e-01 5.821242928504943848e-02 2.099854350090026855e-01
-1.379892706456624706e-33 1.998668760061264038e-01 3.621188178658485413e-02 7.097617536783218384e-02
-2.559698641988033743e-33 2.464099600911140442e-02 2.521375417709350586e-01 6.092793866991996765e-02
-5.126616509063245638e-32 1.999800652265548706e-01 1.496530883014202118e-02 2.934898249804973602e-02
1.404383580243030118e-33 2.104981802403926849e-02 2.077263221144676208e-02 4.288056865334510803e-03
4.109433843584666713e-33 1.999760568141937256e-01 -9.096570014953613281e-01 -1.783923864364624023e+00
3.342396522897864422e-32 6.871653199195861816e-01 2.211180701851844788e-02 1.490068137645721436e-01
4.222303709124668864e-32 4.647918045520782471e-02 -1.032277122139930725e-01 -4.705171287059783936e-02
-1.495832173455707712e-33 3.260193765163421631e-02 -3.286769241094589233e-02 -1.050832029432058334e-02
4.174960306803316602e-33 3.864071145653724670e-02 1.151491776108741760e-01 4.363415762782096863e-02
1.219509175585393378e-33 4.536059796810150146e-01 2.037204988300800323e-02 9.062211215496063232e-02
-2.287824835134284072e-32 2.049002982676029205e-02 5.007112026214599609e-02 1.006121747195720673e-02
3.783033519039475950e-32 4.212536811828613281e-01 -5.270034074783325195e-01 -2.177097082138061523e+00
2.611800629112506940e-32 5.369166657328605652e-02 -1.433857809752225876e-02 -7.549768779426813126e-03
1.893117635888764078e-32 3.615672886371612549e-02 4.146387875080108643e-01 1.470211148262023926e-01
-4.660325230335700802e-33 1.801971495151519775e-01 -1.213569939136505127e-02 -2.144536375999450684e-02
1.812225551326546805e-32 1.584566533565521240e-01 5.743119120597839355e-01 8.924399018287658691e-01
-2.183326656689845937e-33 3.955535963177680969e-02 -3.364709317684173584e-01 -1.305189430713653564e-01
-3.236357087688505952e-33 1.908050850033760071e-02 -4.621904343366622925e-02 -8.648315444588661194e-03
-7.933210804976009338e-33 9.121124446392059326e-02 -5.460995435714721680e-02 -4.884733632206916809e-02
1.839606965721624222e-33 3.843507170677185059e-02 4.230346530675888062e-02 1.594499312341213226e-02
-1.346490428363734763e-32 9.928471446037292480e-01 -1.430067121982574463e-01 -1.392385482788085938e+00
1.182011915984620144e-33 7.525613307952880859e-01 7.676250338554382324e-01 5.665153503417968750e+00
-3.843372452219550158e-33 3.737168759107589722e-02 1.555121969431638718e-02 5.699382629245519638e-03
-1.944675589533997335e-33 2.075842469930648804e-01 -6.149992719292640686e-02 -1.251957714557647705e-01
-4.408031081870621026e-33 3.284709900617599487e-02 -1.654196158051490784e-02 -5.328496452420949936e-03
-6.764182407767213676e-33 8.540808558464050293e-01 2.829023897647857666e-01 2.369497537612915039e+00
-1.994102151515999006e-32 7.477617263793945312e-02 -1.465937402099370956e-02 -1.074977498501539230e-02
-3.344812163788804223e-32 2.864060550928115845e-02 -8.439688384532928467e-02 -2.370441704988479614e-02
1.104740023415149348e-32 5.739269852638244629e-01 1.183336302638053894e-01 6.660172939300537109e-01
-7.018057449197355576e-32 4.549693688750267029e-02 -1.117377914488315582e-02 -4.985433537513017654e-03
-8.482955717393007065e-33 2.725701630115509033e-01 2.275281585752964020e-02 6.081828102469444275e-02
-4.117424339902778139e-32 2.368855476379394531e-01 -1.838844455778598785e-02 -4.271734133362770081e-02
6.251863031428489791e-33 3.164550289511680603e-02 5.973516702651977539e-01 1.853799521923065186e-01
-1.373698126734279724e-33 4.478447139263153076e-01 -2.384488582611083984e-01 -1.047233104705810547e+00
4.706590851274142878e-33 1.353196334093809128e-02 -1.691567339003086090e-02 -2.244764706119894981e-03
-2.681763812087343238e-33 2.709803916513919830e-02 9.587220102548599243e-02 2.547717280685901642e-02
9.223955470867111056e-32 2.151371687650680542e-01 8.202646672725677490e-02 1.730573773384094238e-01
-3.822220680339250843e-32 2.388384193181991577e-02 -6.353794783353805542e-02 -1.488188747316598892e-02
1.385467029237918614e-33 9.507453441619873047e-01 -1.127327047288417816e-02 -1.051077619194984436e-01
-1.081241817873814894e-32 1.327831018716096878e-02 -9.867695569992065430e-01 -1.284929364919662476e-01
8.807165140873455863e-32 6.428248882293701172e-01 -2.502472996711730957e-01 -1.577548742294311523e+00
2.869476631526032707e-32 1.080151721835136414e-01 7.748211175203323364e-02 8.207423985004425049e-02
-9.231034297847762871e-32 3.531407713890075684e-01 -2.488454990088939667e-02 -8.617837727069854736e-02
-3.945546788535008020e-33 2.406490407884120941e-02 -6.603442430496215820e-01 -1.558386683464050293e-01
-3.867482576038884539e-33 1.063140388578176498e-02 -4.193043336272239685e-02 -4.371602088212966919e-03
-8.148905202144267929e-33 3.126105666160583496e-02 -3.458845987915992737e-02 -1.060365419834852219e-02
1.246690553902739459e-33 3.314922004938125610e-02 -3.947803080081939697e-01 -1.283362805843353271e-01
3.042844452591256243e-33 3.122662603855133057e-01 -9.191020578145980835e-02 -2.814553081989288330e-01
1.493818955708932229e-33 5.287076905369758606e-02 -6.366968899965286255e-02 -3.301178663969039917e-02
-7.702496087929737411e-32 2.758253738284111023e-02 3.159071132540702820e-02 8.545044809579849243e-03
-1.605613611259916619e-33 5.708116292953491211e-01 2.815278768539428711e-01 1.575922608375549316e+00
5.305793953818019088e-33 1.013773679733276367e-01 5.940375924110412598e-01 5.905757546424865723e-01
-3.987323123079262855e-33 5.801960080862045288e-02 -4.327945411205291748e-01 -2.462505400180816650e-01
-1.791500704300786759e-32 5.722905695438385010e-02 9.455177187919616699e-02 5.306484922766685486e-02
-4.555642682949175884e-33 7.661142945289611816e-02 -2.239063382148742676e-02 -1.682211644947528839e-02
-2.056710303071938714e-32 6.841844320297241211e-01 -1.167460456490516663e-01 -7.833142876625061035e-01
1.560804501290540283e-32 4.800103977322578430e-02 -4.800505936145782471e-02 -2.259739115834236145e-02
-3.787104549849961237e-32 1.803703047335147858e-02 -3.108126521110534668e-01 -5.497742444276809692e-02
-5.319037734389955317e-33 1.795445010066032410e-02 -1.520548462867736816e-01 -2.677275426685810089e-02
-2.551373386919327208e-33 3.145686089992523193e-01 7.028451561927795410e-01 2.168181896209716797e+00
4.151774341948919319e-32 7.872622609138488770e-01 -3.326445519924163818e-01 -2.568150997161865234e+00
1.537348246203850799e-33 8.757739663124084473e-01 -2.665286362171173096e-01 -2.289057016372680664e+00
-4.496543602435631483e-33 8.594455569982528687e-02 -1.488000154495239258e-01 -1.254128515720367432e-01
3.641941283098978425e-32 4.474901258945465088e-01 5.926660299301147461e-01 2.600843191146850586e+00
-4.656287774582610876e-33 1.385248750448226929e-01 5.437108874320983887e-01 7.386122345924377441e-01
-4.181489663643355925e-32 1.149131879210472107e-01 -8.249879628419876099e-02 -9.296900033950805664e-02
1.211207118163016351e-32 9.052275866270065308e-02 -1.987521164119243622e-02 -1.764372363686561584e-02
2.217377238284313602e-33 4.018168896436691284e-02 5.219795107841491699e-01 2.056848704814910889e-01
3.148208235688281140e-33 3.090483509004116058e-02 7.731692492961883545e-02 2.343266643583774567e-02
-1.464014737254214688e-32 3.006203286349773407e-02 1.715508252382278442e-01 5.057452991604804993e-02
2.098034953911890084e-32 5.295251607894897461e-01 -1.613713428378105164e-02 -8.379801362752914429e-02
2.279483821094436825e-32 4.085944592952728271e-02 1.075273230671882629e-01 4.308558255434036255e-02
4.855077460960091077e-33 4.621791467070579529e-02 9.505336731672286987e-02 4.308226332068443298e-02
-5.855301195970959934e-33 5.817050337791442871e-01 -8.203290104866027832e-01 -4.679630756378173828e+00
1.695485848181042294e-33 5.430831909179687500e-01 -1.048121321946382523e-02 -5.582112818956375122e-02
-2.190408532608970197e-32 4.730546101927757263e-02 1.649186909198760986e-01 7.650711387395858765e-02
-1.776747405311402397e-33 7.857947796583175659e-02 -5.769179016351699829e-02 -4.445737600326538086e-02
-1.134561525310243823e-33 2.192147076129913330e-02 -8.311893343925476074e-01 -1.786859184503555298e-01
-6.743883824380420562e-33 6.657094955444335938e-01 -5.465931892395019531e-01 -3.568367958068847656e+00
7.390433635323510721e-33 1.216187700629234314e-02 -4.201742634177207947e-02 -5.011304281651973724e-03
-1.296883152492393397e-33 3.709871172904968262e-01 7.641384005546569824e-01 2.780042886734008789e+00
-3.371816207763069223e-32 3.114308118820190430e-01 4.837256073951721191e-01 1.477342963218688965e+00
1.543837342362374458e-33 1.174136530607938766e-02 9.805055856704711914e-01 1.128988042473793030e-01
-4.934625955479318475e-32 2.276407480239868164e-01 -3.145543485879898071e-02 -7.022089511156082153e-02
-2.785680047359727414e-32 1.530071999877691269e-02 1.798221468925476074e-02 2.698209835216403008e-03
4.266971318961564967e-32 5.537983179092407227e-01 1.636421978473663330e-01 8.887254595756530762e-01
-3.633591526319896938e-33 1.257486045360565186e-01 1.064202040433883667e-01 1.312344670295715332e-01
-1.078203532318923913e-32 8.452582359313964844e-02 -5.882064998149871826e-02 -4.875733330845832825e-02
2.822240860406177611e-32 3.672141954302787781e-02 1.827301457524299622e-02 6.580370943993330002e-03
2.318994831087863258e-32 5.927796363830566406e-01 3.242486342787742615e-02 1.884916573762893677e-01
1.386440852839177953e-33 1.005703285336494446e-01 -1.330514401197433472e-01 -1.312230527400970459e-01
6.332672390575767946e-33 5.622195601463317871e-01 1.624835282564163208e-01 8.958513736724853516e-01
-3.047055844774069404e-33 6.441371440887451172e-01 -2.994307577610015869e-01 -1.891452550888061523e+00
-2.955896808880777956e-33 1.773598045110702515e-02 6.197142601013183594e-02 1.077872421592473984e-02
-2.090558956777454188e-32 1.297697424888610840e-01 5.106344223022460938e-01 6.498365998268127441e-01
9.690833615149303919e-32 1.326343119144439697e-01 2.410467714071273804e-01 3.135291337966918945e-01
-3.067028044807517017e-33 6.379366517066955566e-01 -4.184544458985328674e-02 -2.617860138416290283e-01
-9.515149960010365087e-33 3.914251178503036499e-02 1.319202966988086700e-02 5.063851363956928253e-03
-1.787378245612452997e-32 1.055030617862939835e-02 1.959373056888580322e-02 2.027229405939579010e-03
-2.873117394669918573e-33 4.430720582604408264e-02 7.611154913902282715e-01 3.307086825370788574e-01
9.996060715042292860e-32 2.964997477829456329e-02 -6.287260651588439941e-01 -1.828127354383468628e-01
-1.311904041750482914e-33 1.166366413235664368e-02 -9.802578687667846680e-01 -1.121233329176902771e-01
1.913727578341731245e-32 2.064595930278301239e-02 9.022066593170166016e-01 1.826677024364471436e-01
4.180595700189555575e-33 1.545998267829418182e-02 2.052888646721839905e-02 3.112397622317075729e-03
1.839750963779599952e-33 3.151080012321472168e-02 1.331106014549732208e-02 4.113322589546442032e-03
5.569580396272309884e-33 1.347088534384965897e-02 6.407545804977416992e-01 8.464641124010086060e-02
2.585274276655057347e-33 1.194163486361503601e-01 -1.955325156450271606e-02 -2.289831079542636871e-02
3.269271076448323855e-32 4.958870634436607361e-02 1.508739143610000610e-01 7.336985319852828979e-02
-4.464583380404712014e-33 1.798413842916488647e-01 7.905040383338928223e-01 1.394165754318237305e+00
-3.386852543751612513e-32 6.227165460586547852e-01 -1.913474313914775848e-02 -1.168513447046279907e-01
2.359266532863065565e-32 7.567132264375686646e-02 -5.567002296447753906e-02 -4.131172969937324524e-02
-8.095254170604800199e-33 1.695515215396881104e-02 1.311986744403839111e-01 2.181482873857021332e-02
-2.121749487147974302e-33 7.097414135932922363e-01 -1.822305470705032349e-01 -1.268358349800109863e+00
6.606245337779432771e-32 3.505388498306274414e-01 8.218438923358917236e-02 2.825180292129516602e-01
-1.521254718350635946e-33 2.082449942827224731e-02 2.027296461164951324e-02 4.140116274356842041e-03
1.253454017789584732e-32 3.182107955217361450e-02 3.827389776706695557e-01 1.194368302822113037e-01
-3.205256298964831428e-32 2.506303489208221436e-01 9.637136012315750122e-02 2.368657886981964111e-01
-3.060194565538400891e-33 1.501580886542797089e-02 4.313131794333457947e-02 6.351292598992586136e-03
1.559286497273247151e-32 3.187539801001548767e-02 1.116496697068214417e-02 3.490066621452569962e-03
-8.609939964008523201e-33 3.982004523277282715e-02 2.755017392337322235e-02 1.075837761163711548e-02
2.014139040472940308e-33 6.035684943199157715e-01 1.785963401198387146e-02 1.057109087705612183e-01
1.228216080609033293e-32 1.492526568472385406e-02 -1.313638538122177124e-01 -1.922731474041938782e-02
9.877810685326974026e-32 4.621699079871177673e-02 -6.142382696270942688e-02 -2.783935703337192535e-02
-3.143923558779533902e-33 3.467994928359985352e-01 -5.338671803474426270e-02 -1.815650910139083862e-01
-1.858968643376613509e-32 1.950688809156417847e-01 9.897508472204208374e-02 1.893365979194641113e-01
-5.174236960709407327e-32 4.987497627735137939e-02 4.134796559810638428e-01 2.022355645895004272e-01
2.356549671544727553e-32 5.545298457145690918e-01 -1.336875464767217636e-02 -7.270035892724990845e-02
9.371696302855859439e-32 5.693662166595458984e-02 2.013518959283828735e-01 1.124263405799865723e-01
1.440243963960283316e-33 3.017416223883628845e-02 2.882786393165588379e-01 8.530379831790924072e-02
1.814054473599632431e-32 5.229409933090209961e-01 1.161925308406352997e-02 5.958700925111770630e-02
-9.232488384359730041e-32 1.401981413364410400e-01 -7.686311006546020508e-02 -1.056770980358123779e-01
5.341980078040144681e-33 2.520653009414672852e-01 -1.210906952619552612e-01 -2.993260622024536133e-01
3.079720261389528350e-33 2.650727629661560059e-01 -2.805365622043609619e-01 -7.292480468750000000e-01
2.452191418410681331e-32 1.401378214359283447e-01 -2.184653282165527344e-02 -3.002330847084522247e-02
-6.571725329862803917e-33 1.398735772818326950e-02 -1.931318789720535278e-01 -2.649172954261302948e-02
3.691894797157934650e-32 2.844983041286468506e-01 7.289674282073974609e-01 2.033801317214965820e+00
5.939198431841054385e-33 2.287030778825283051e-02 -8.792690038681030273e-01 -1.972034126520156860e-01
-2.515261649449089587e-33 8.719179630279541016e-01 8.912625908851623535e-02 7.620824575424194336e-01
-1.307750248790860045e-32 1.129545196890830994e-01 -1.460860818624496460e-01 -1.618203520774841309e-01
-4.110215179985978902e-33 2.912305891513824463e-01 -8.216163516044616699e-01 -2.346533536911010742e+00
-3.057795638707761844e-33 2.575456351041793823e-02 1.381193287670612335e-02 3.488424466922879219e-03
-5.483443696727105123e-32 3.897068649530410767e-02 -2.693942189216613770e-01 -1.029548868536949158e-01
-3.001475500307958258e-33 6.576001048088073730e-01 -1.088098809123039246e-01 -7.016990780830383301e-01
3.779676601047115203e-32 2.100905627012252808e-01 2.237935923039913177e-02 4.610785096883773804e-02
-1.493871669283726916e-33 1.406872719526290894e-01 2.102406769990921021e-01 2.900629341602325439e-01
-2.013728719476106403e-33 3.628769516944885254e-02 8.481231927871704102e-01 3.018137514591217041e-01
9.307239539496457831e-33 1.759382896125316620e-02 -5.785566195845603943e-02 -9.982214309275150299e-03
2.143022004338622143e-32 8.539671301841735840e-01 3.584749698638916016e-01 3.002069234848022461e+00
1.314372579887209718e-33 5.940290167927742004e-02 1.842049956321716309e-01 1.073074117302894592e-01
1.455743812065035220e-32 5.320722460746765137e-01 6.076081395149230957e-01 3.170405864715576172e+00
-1.403612841657974561e-32 6.840347051620483398e-01 -6.936351954936981201e-02 -4.652966558933258057e-01
-3.227752322103692955e-32 2.149361222982406616e-01 -9.161704778671264648e-01 -1.931107044219970703e+00
-1.504564590380180318e-32 5.702382326126098633e-02 -6.894543766975402832e-02 -3.855516016483306885e-02
-2.429959146816785555e-33 1.035447232425212860e-02 2.697263285517692566e-02 2.738873474299907684e-03
-7.390948354912377030e-32 6.806274503469467163e-02 3.160232603549957275e-01 2.109352499246597290e-01
9.199405271350187581e-32 4.141972661018371582e-01 9.959899783134460449e-01 4.045599460601806641e+00
-1.163609294783107991e-32 1.479321867227554321e-01 -1.232524365186691284e-01 -1.788046658039093018e-01
-8.027718346730213462e-33 1.811362057924270630e-02 2.033650316298007965e-02 3.612453117966651917e-03
-2.065432471155040087e-33 9.881015866994857788e-02 2.537856996059417725e-02 2.459174953401088715e-02
4.187466464670111845e-32 3.369143977761268616e-02 3.292750939726829529e-02 1.087925396859645844e-02
-4.818259875866383136e-33 1.130698993802070618e-02 2.534152865409851074e-01 2.809962257742881775e-02
-2.448563402033662193e-32 6.791813969612121582e-01 1.304479315876960754e-02 8.688477426767349243e-02
-2.543993853790055666e-33 4.020394384860992432e-02 6.346656084060668945e-01 2.502270936965942383e-01
-1.089823955192374562e-33 3.161657974123954773e-02 1.227669976651668549e-02 3.806424327194690704e-03
-2.305641068325728220e-32 6.314711272716522217e-02 -3.582296893000602722e-02 -2.218379080295562744e-02
-3.445950228365615312e-32 2.712424844503402710e-02 4.500648379325866699e-02 1.197163481265306473e-02
-5.161667987363240018e-32 2.754127383232116699e-01 5.514579415321350098e-01 1.489419817924499512e+00
-3.240854822948339730e-33 1.647230833768844604e-01 -1.433773338794708252e-01 -2.316090911626815796e-01
-6.587470929755274606e-32 2.340936660766601562e-01 1.392451580613851547e-02 3.196615725755691528e-02
-2.248647518599697315e-32 8.303214907646179199e-01 3.937897682189941406e-01 3.206501245498657227e+00
-3.435628726749823290e-33 1.497016400098800659e-01 1.010406911373138428e-01 1.483349800109863281e-01
8.407454449923660802e-33 4.774585366249084473e-01 -1.441553328186273575e-02 -6.749740242958068848e-02
-9.515253550450031301e-32 3.620875477790832520e-01 -2.578851953148841858e-02 -9.157157689332962036e-02
1.216469328827067711e-33 3.353619873523712158e-01 1.032213307917118073e-02 3.394719958305358887e-02
2.560496692449646687e-33 5.354142561554908752e-02 3.616570532321929932e-01 1.898923963308334351e-01
1.021567920622718395e-32 1.070320699363946915e-02 2.221416085958480835e-01 2.331656031310558319e-02
7.717722119319144648e-33 2.611587010324001312e-02 -1.559138745069503784e-01 -3.993097692728042603e-02
-3.876336987236453420e-33 2.057437971234321594e-02 -1.362795289605855942e-02 -2.749653998762369156e-03
2.665415257061297642e-33 9.428144097328186035e-01 -3.515434563159942627e-01 -3.250318288803100586e+00
-1.451711425631333215e-32 4.400583505630493164e-01 -5.446197390556335449e-01 -2.350305557250976562e+00
-1.440927734330477255e-32 3.739933297038078308e-02 -1.815938018262386322e-02 -6.660173647105693817e-03
9.647541921450045303e-32 5.379668995738029480e-02 2.398381568491458893e-02 1.265302859246730804e-02
2.644116401450351688e-33 1.301051955670118332e-02 1.227699872106313705e-02 1.566417515277862549e-03
-7.612538884807566362e-33 2.576049864292144775e-01 -3.760713636875152588e-01 -9.500471949577331543e-01
-1.270051557212813873e-32 2.369065396487712860e-02 -9.624723792076110840e-01 -2.236073166131973267e-01
-1.517229844060519665e-33 2.376133948564529419e-02 -2.778959274291992188e-02 -6.475507281720638275e-03
1.660181161051041101e-33 1.242743711918592453e-02 -2.102933526039123535e-01 -2.562877163290977478e-02
3.304145642848519481e-32 8.887442946434020996e-01 -5.701950937509536743e-02 -4.969594776630401611e-01
-1.884679202754592434e-32 1.560109481215476990e-02 1.108399312943220139e-02 1.695789629593491554e-03
-1.521633649974883049e-32 1.713251173496246338e-01 -3.568239510059356689e-02 -5.995090305805206299e-02
-5.745679368259073616e-33 6.368824094533920288e-02 -1.940192468464374542e-02 -1.211782731115818024e-02
-3.460601002207088893e-33 5.609495937824249268e-02 3.661112189292907715e-01 2.013991177082061768e-01
-2.287702877595386259e-32 9.431321918964385986e-02 -6.944421529769897461e-01 -6.422873139381408691e-01
-5.391978481289622932e-32 6.453570127487182617e-01 -2.953386008739471436e-01 -1.869136214256286621e+00
-9.432963656167892475e-32 3.052362799644470215e-02 1.408203244209289551e-01 4.215238615870475769e-02
-2.292082475672962397e-33 3.541861474514007568e-02 -2.174892649054527283e-02 -7.554227486252784729e-03
-2.799447878006939603e-33 5.447295308113098145e-01 3.123019635677337646e-02 1.668308228254318237e-01
9.635929800505447336e-33 1.169033721089363098e-01 3.062878549098968506e-02 3.511377051472663879e-02
8.150963051942176196e-32 6.995376199483871460e-02 -2.906862199306488037e-01 -1.994142532348632812e-01
-7.041563809730748859e-32 4.277553409337997437e-02 -1.366096735000610352e-02 -5.730566568672657013e-03
9.660230942156790339e-33 1.100358739495277405e-01 -5.775053501129150391e-01 -6.231763958930969238e-01
1.402020781496579625e-32 3.047804236412048340e-01 5.428683161735534668e-01 1.622565388679504395e+00
-1.200146487739946353e-33 1.458272188901901245e-01 -7.585429549217224121e-01 -1.084774374961853027e+00
2.729859714464214079e-33 7.318381965160369873e-02 -3.688946068286895752e-01 -2.647512555122375488e-01
1.260879964578614523e-33 4.020348191261291504e-01 -1.524502318352460861e-02 -6.010525301098823547e-02
5.906910908101827835e-33 2.147757820785045624e-02 -1.220954507589340210e-01 -2.571612037718296051e-02
2.278395166388781534e-32 2.604448050260543823e-02 -9.875457286834716797e-01 -2.522281706333160400e-01
-8.248770059402344628e-32 3.603225946426391602e-01 6.785747408866882324e-01 2.397783041000366211e+00
6.271176403612499975e-33 1.069990247488021851e-01 -6.900348514318466187e-02 -7.240549474954605103e-02
-1.021298585479586239e-32 5.980508774518966675e-02 -1.477501243352890015e-01 -8.665360510349273682e-02
-9.329325021233294674e-32 2.153026610612869263e-01 6.332071870565414429e-02 1.336952298879623413e-01
4.348358213177081496e-33 4.989366605877876282e-02 8.538313955068588257e-02 4.177709296345710754e-02
4.039779558484707435e-33 6.002195477485656738e-01 9.156628847122192383e-01 5.389722824096679688e+00
-5.217168365390138912e-32 5.681203007698059082e-01 -9.713022410869598389e-02 -5.411471128463745117e-01
-3.404691184804119211e-33 9.856582432985305786e-02 -7.233837246894836426e-01 -6.992231011390686035e-01
-5.538605385444173345e-33 1.841274648904800415e-01 2.513550408184528351e-02 4.538651555776596069e-02
3.193816681816216631e-32 2.309929020702838898e-02 1.709650643169879913e-02 3.872814355418086052e-03
1.111273347548622695e-32 1.611993014812469482e-01 2.479465492069721222e-02 3.919601440429687500e-02
3.035706814158864850e-33 8.430470526218414307e-02 1.705826371908187866e-01 1.410286426544189453e-01
1.087246132815219749e-33 3.935991227626800537e-01 3.189192712306976318e-02 1.230992972850799561e-01
-1.208412600749127142e-33 9.066638350486755371e-01 1.698257923126220703e-01 1.509977936744689941e+00
5.134789133537337592e-32 6.412144303321838379e-01 2.457748912274837494e-02 1.545473188161849976e-01
-1.070778099808672607e-33 5.164991021156311035e-01 2.084502764046192169e-02 1.055826991796493530e-01
-1.596081821442686395e-33 4.585317075252532959e-01 -1.354174464941024780e-01 -6.089261770248413086e-01
5.211486613445439385e-32 1.061137020587921143e-02 -4.687134549021720886e-02 -4.877525847405195236e-03
-9.478096908704508057e-33 1.149795576930046082e-01 -8.202331513166427612e-02 -9.248656034469604492e-02
3.665227752720371014e-33 4.196380823850631714e-02 -6.172693520784378052e-02 -2.540213800966739655e-02
-3.656156830157060054e-32 3.075128793716430664e-01 -1.048079319298267365e-02 -3.160662576556205750e-02
7.766026855614278762e-32 1.089828684926033020e-01 -2.311992458999156952e-02 -2.470957674086093903e-02
-6.007184616988799911e-32 7.084211707115173340e-01 4.626967757940292358e-02 3.214464783668518066e-01
-5.835484271394416252e-32 8.808206021785736084e-02 -3.091236576437950134e-02 -2.670178934931755066e-02
6.639548268232578998e-32 2.967697978019714355e-01 3.028731420636177063e-02 8.814570307731628418e-02
5.108739003228764879e-32 1.402870845049619675e-02 1.864378303289413452e-01 2.564911544322967529e-02
-3.585706294571212528e-33 2.393908798694610596e-01 -1.343294531106948853e-01 -3.153548538684844971e-01
1.428652340698427813e-32 3.416412696242332458e-02 -5.944560095667839050e-02 -1.991639286279678345e-02
9.672527347750360730e-33 2.318513989448547363e-01 4.802832603454589844e-01 1.092013120651245117e+00
-1.888602562087255672e-32 3.525384515523910522e-02 1.202192436903715134e-02 4.156244918704032898e-03
-1.989077500913409138e-32 8.819217085838317871e-01 4.920713305473327637e-01 4.255776405334472656e+00
-2.208987514697304157e-32 8.836981058120727539e-01 1.260271370410919189e-01 1.092166066169738770e+00
-6.724001806804200097e-33 1.078360378742218018e-01 -9.452691674232482910e-02 -9.996318817138671875e-02
3.803286625488571626e-33 1.268933862447738647e-01 7.749032378196716309e-01 9.642887711524963379e-01
1.288674712174799827e-33 1.563157141208648682e-02 -4.015277698636054993e-02 -6.155153736472129822e-03
2.563948898952820966e-32 2.193322405219078064e-02 6.291893720626831055e-01 1.353332549333572388e-01
-1.072246182050254255e-33 2.861638069152832031e-01 7.827363908290863037e-02 2.196599692106246948e-01
-5.466268548767240680e-32 2.792480215430259705e-02 -6.693170666694641113e-01 -1.832916438579559326e-01
-1.334455570263222331e-32 2.713491320610046387e-01 1.228210981935262680e-02 3.268301114439964294e-02
-2.131401801870362273e-32 7.316958308219909668e-01 9.570933580398559570e-01 6.867609024047851562e+00
9.087556543059065366e-33 1.905801519751548767e-02 4.619441330432891846e-01 8.633517473936080933e-02
-1.864915469297423462e-32 3.303253650665283203e-02 -2.653248794376850128e-02 -8.594894781708717346e-03
5.293651831857994122e-33 6.192660331726074219e-01 -3.702811896800994873e-02 -2.248689979314804077e-01
-3.731634440802596018e-32 1.945477277040481567e-01 1.823592633008956909e-01 3.479162156581878662e-01
-7.716257600294813931e-32 3.680921196937561035e-01 2.139136195182800293e-02 7.721748203039169312e-02
-1.544070310649028051e-32 6.286018490791320801e-01 3.224009275436401367e-01 1.987433552742004395e+00
3.839812541046481787e-33 2.021213434636592865e-02 -1.754468865692615509e-02 -3.477591322734951973e-03
1.183583864172356480e-33 6.989893317222595215e-01 -2.240810729563236237e-02 -1.536018401384353638e-01
2.426763455221479776e-33 1.764839887619018555e-02 2.134865075349807739e-01 3.694846481084823608e-02
-4.409408246971006262e-33 1.752069219946861267e-02 7.226279377937316895e-01 1.241614222526550293e-01
-6.494635675651909039e-33 2.267944999039173126e-02 -9.201752543449401855e-01 -2.046556472778320312e-01
2.842359666625691841e-33 5.871662497520446777e-02 5.046871900558471680e-01 2.906056642532348633e-01
-2.651876868217686578e-33 3.317257761955261230e-01 2.079799324274063110e-01 6.765834093093872070e-01
-1.603303030176581560e-33 2.319076508283615112e-01 -8.396684527397155762e-01 -1.909605264663696289e+00
-3.274377130034708167e-32 1.202421076595783234e-02 -1.998002454638481140e-02 -2.355989068746566772e-03
1.061079077552938681e-33 1.675190962851047516e-02 -5.434172749519348145e-01 -8.927265554666519165e-02
-6.875323194585553168e-33 2.574994564056396484e-01 -1.478916406631469727e-01 -3.734570145606994629e-01
-1.195792566867095989e-33 3.249605372548103333e-02 -1.240672245621681213e-01 -3.953742235898971558e-02
-5.992110077433854896e-32 1.325420290231704712e-02 -2.102498114109039307e-01 -2.732812799513339996e-02
9.420542207362753363e-32 2.505136840045452118e-02 1.169603038579225540e-02 2.873363904654979706e-03
-7.505722447832314360e-33 1.419067531824111938e-01 -2.764620445668697357e-02 -3.847328200936317444e-02
1.124714372399207057e-33 4.601737260818481445e-01 -5.522220730781555176e-01 -2.492047309875488281e+00
2.486032431402916461e-33 1.183843016624450684e-01 1.396715790033340454e-01 1.621522009372711182e-01
1.384912893854101295e-33 1.032934617251157761e-02 1.308630406856536865e-01 1.325593981891870499e-02
2.134160319769757550e-33 1.307203155010938644e-02 7.737006992101669312e-02 9.918289259076118469e-03
6.766149156752933216e-33 4.618990719318389893e-01 7.490165531635284424e-02 3.392807245254516602e-01
-4.499811109388932811e-33 1.664319783449172974e-01 2.683712840080261230e-01 4.380195140838623047e-01
6.319090288035985678e-33 2.239771485328674316e-01 -2.091921865940093994e-02 -4.594834521412849426e-02
-5.982425179477430069e-32 2.847218513488769531e-01 -7.253423333168029785e-02 -2.025277316570281982e-01
-7.209553119659586556e-32 9.945167899131774902e-01 6.291851401329040527e-02 6.136366128921508789e-01
-3.794462850612521052e-32 2.365274168550968170e-02 1.348246913403272629e-02 3.127314848825335503e-03
-2.235279356031764703e-32 6.007226109504699707e-01 -3.862217068672180176e-02 -2.275261580944061279e-01
-1.586216191229822641e-32 4.888152331113815308e-02 3.313875198364257812e-02 1.588552445173263550e-02
-2.178882186017783794e-33 9.934653639793395996e-01 -1.487263105809688568e-02 -1.448976099491119385e-01
1.501415734887915115e-32 6.905692815780639648e-02 3.138501942157745361e-01 2.125447243452072144e-01
-4.665270388132816313e-33 4.434773698449134827e-02 -1.607893705368041992e-01 -6.992773711681365967e-02
-1.846154652926696679e-33 1.425305195152759552e-02 3.319149836897850037e-02 4.639331251382827759e-03
1.547425171526274859e-33 2.569357752799987793e-01 -1.278512459248304367e-02 -3.221441432833671570e-02
-2.734367367957632920e-33 4.547780007123947144e-02 1.068850755691528320e-01 4.766912758350372314e-02
-3.011345281485248353e-32 1.502459198236465454e-01 -3.872722387313842773e-02 -5.706105008721351624e-02
2.527393963378124880e-32 1.468400470912456512e-02 2.056864649057388306e-02 2.961903577670454979e-03
-2.837545466246097626e-33 1.030689254403114319e-01 -2.729327231645584106e-02 -2.758697234094142914e-02
5.877863193730261362e-32 1.154418960213661194e-01 -4.425996169447898865e-02 -5.010662227869033813e-02
-3.824966929016359413e-32 7.562053203582763672e-02 7.473199963569641113e-01 5.542005896568298340e-01
3.124204641044490029e-33 3.516022115945816040e-02 1.712830178439617157e-02 5.905907135456800461e-03
-1.172046185080944180e-32 8.537256717681884766e-02 4.281130805611610413e-02 3.584243357181549072e-02
-8.054992754405167588e-32 5.788902044296264648e-01 -3.272911533713340759e-02 -1.858023107051849365e-01
6.259508152812650244e-33 1.044879760593175888e-02 -1.342697162181138992e-02 -1.375830848701298237e-03
-4.546250850428090439e-33 1.449105590581893921e-01 -5.112789869308471680e-01 -7.265719771385192871e-01
1.194907089013140638e-33 3.212270885705947876e-02 -5.625336170196533203e-01 -1.772071868181228638e-01
-9.009286692519944911e-32 1.870735920965671539e-02 2.580674886703491211e-01 4.734416306018829346e-02
-6.716641742800114049e-33 9.648066759109497070e-02 6.823170185089111328e-01 6.455757021903991699e-01
2.598424752362897057e-33 1.099460013210773468e-02 1.079638227820396423e-01 1.164068002253770828e-02
8.409721684652809290e-32 2.698405273258686066e-02 -4.284659400582313538e-02 -1.133820135146379471e-02
-1.008140615995260037e-32 1.981223188340663910e-02 1.494105458259582520e-01 2.902921661734580994e-02
1.140009757955312810e-33 1.388843804597854614e-01 1.008548215031623840e-01 1.373633146286010742e-01
2.215223512228416392e-33 1.483579874038696289e-01 1.055827736854553223e-02 1.536118332296609879e-02
-7.324997244359492589e-32 4.782352969050407410e-02 9.391977638006210327e-02 4.404730722308158875e-02
1.981972078373069968e-32 2.660525217652320862e-02 3.853433430194854736e-01 1.005393117666244507e-01
1.838145642572559803e-32 3.535618782043457031e-01 -2.078550606966018677e-01 -7.206870317459106445e-01
-9.760915706724565583e-33 1.114682182669639587e-01 -6.552308797836303711e-01 -7.162523865699768066e-01
2.755062239877446997e-32 1.985321193933486938e-02 8.460481464862823486e-02 1.647200807929039001e-02
2.037091743167096294e-32 7.590375840663909912e-02 3.367403447628021240e-01 2.506566047668457031e-01
-1.521094685815031030e-32 1.374039649963378906e-01 3.016384132206439972e-02 4.064494743943214417e-02
3.050241214059607024e-32 2.479886636137962341e-02 5.410926342010498047e-01 1.315903812646865845e-01
3.005301771154083267e-32 1.807973980903625488e-01 -7.841788977384567261e-02 -1.390362381935119629e-01
1.174122604016175593e-33 2.502733282744884491e-02 -2.476603724062442780e-02 -6.078435108065605164e-03
-4.018034823172815202e-32 2.653880603611469269e-02 7.543231248855590820e-01 1.963177174329757690e-01
-2.567337261419066209e-32 9.495916217565536499e-02 -4.306735098361968994e-01 -4.010566174983978271e-01
-4.783430345593503389e-33 1.464583724737167358e-01 -4.350114166736602783e-01 -6.247920989990234375e-01
-6.758103338731936216e-32 2.663220837712287903e-02 -3.371924757957458496e-01 -8.806548267602920532e-02
1.791331873924649908e-32 8.350614458322525024e-02 7.664071023464202881e-02 6.276226788759231567e-02
-2.101297538482597343e-32 5.375516787171363831e-02 1.697506457567214966e-01 8.948542922735214233e-02
2.517765819758325692e-33 1.918181627988815308e-01 9.546111822128295898e-01 1.795712828636169434e+00
6.306877636414911375e-33 3.136981651186943054e-02 -1.143766939640045166e-01 -3.518602624535560608e-02
-1.265670287729207660e-33 5.486574396491050720e-02 -5.989632382988929749e-02 -3.222716599702835083e-02
1.894237147321128454e-32 5.829068422317504883e-01 -1.880263164639472961e-02 -1.074826717376708984e-01
-1.588447426444477196e-32 5.529270321130752563e-02 2.401790954172611237e-02 1.302338019013404846e-02
1.412865304630090639e-32 5.170698761940002441e-01 -1.794581674039363861e-02 -9.099826961755752563e-02
1.927252522468704779e-32 3.227992951869964600e-01 1.652089059352874756e-01 5.229820013046264648e-01
-3.741071603324585047e-32 3.495973721146583557e-02 2.122333459556102753e-02 7.276163902133703232e-03
1.877833123655403432e-32 5.610717460513114929e-02 -1.579329669475555420e-01 -8.689841628074645996e-02
1.656563026173408563e-33 2.375939339399337769e-01 -1.350453197956085205e-01 -3.146556615829467773e-01
2.359540974059784106e-33 3.216958418488502502e-02 1.962599009275436401e-01 6.191525980830192566e-02
-7.454626647137946578e-32 3.247681632637977600e-02 -9.882777929306030273e-01 -3.147553801536560059e-01
-6.499250225662855781e-33 1.673787087202072144e-02 -6.900524497032165527e-01 -1.132668927311897278e-01
-8.988349962637449148e-33 2.038802206516265869e-01 -2.857083380222320557e-01 -5.712401270866394043e-01
8.799470942600148580e-32 2.108050510287284851e-02 -1.083244532346725464e-01 -2.239382080733776093e-02
3.085486795864280934e-33 1.076452583074569702e-01 1.090029347687959671e-02 1.150677911937236786e-02
-3.607546612267505998e-33 2.675424218177795410e-01 -2.078193612396717072e-02 -5.452546104788780212e-02
3.450248937738175491e-33 1.252944320440292358e-01 -7.907760739326477051e-01 -9.716413021087646484e-01
-2.120787234819230870e-32 1.943720281124114990e-01 1.510710176080465317e-02 2.879622764885425568e-02
1.619458877597489226e-32 3.266287446022033691e-01 -8.619836717844009399e-02 -2.761048972606658936e-01
-1.336882653856983417e-33 7.756953239440917969e-01 -1.018231455236673355e-02 -7.745658606290817261e-02
1.539913762624520442e-33 1.236151158809661865e-02 3.259830176830291748e-02 3.951729740947484970e-03
-7.404610831878396772e-33 4.235129058361053467e-01 -2.272436916828155518e-01 -9.437981843948364258e-01
-4.694715786936945351e-33 1.922311075031757355e-02 2.169059664011001587e-01 4.088988155126571655e-02
-1.373596097498048196e-33 2.586268782615661621e-01 7.294576615095138550e-02 1.850096732378005981e-01
-3.484468239506184618e-32 1.720277070999145508e-01 8.679097890853881836e-02 1.464177221059799194e-01
1.887566767893188920e-33 1.114032138139009476e-02 2.812199294567108154e-01 3.072306141257286072e-02
7.102208151036846083e-32 3.226894140243530273e-02 4.208019673824310303e-01 1.331628710031509399e-01
-3.034739676181725813e-32 6.325670331716537476e-02 -4.615768790245056152e-02 -2.863328903913497925e-02
-3.300668824432374860e-32 2.542002871632575989e-02 6.029307469725608826e-02 1.503017917275428772e-02
-3.978740544950321628e-33 2.274409681558609009e-02 1.804183870553970337e-01 4.024112597107887268e-02
5.306284355367502761e-33 2.847706340253353119e-02 4.232288300991058350e-01 1.181928291916847229e-01
5.111138774945968578e-32 5.166798233985900879e-01 1.264747232198715210e-01 6.408345103263854980e-01
-9.456830746530194348e-33 5.166376233100891113e-01 1.732829660177230835e-01 8.779354095458984375e-01
1.156316619666102677e-33 6.745470315217971802e-02 -1.619561575353145599e-02 -1.071347575634717941e-02
8.903364659808874817e-33 3.471347317099571228e-02 -3.113513588905334473e-01 -1.059911251068115234e-01
2.685436497249693622e-33 4.939310625195503235e-02 3.887014687061309814e-01 1.882795691490173340e-01
6.991401939298109384e-32 4.720029234886169434e-02 -2.268168628215789795e-01 -1.049882546067237854e-01
-1.866020507455593338e-33 4.860807359218597412e-01 -7.730388641357421875e-02 -3.684940040111541748e-01
8.855678968226242491e-32 7.280523329973220825e-02 2.193110249936580658e-02 1.565826870501041412e-02
-5.183439318234819605e-32 1.623263359069824219e-01 -1.516918092966079712e-02 -2.414747886359691620e-02
2.246652557749558041e-32 1.735275238752365112e-02 1.089683771133422852e-01 1.854340732097625732e-02
-4.175363868707633279e-32 3.726902306079864502e-01 2.348646521568298340e-01 8.583933711051940918e-01
2.092482983890361030e-33 2.144219279289245605e-01 2.731090225279331207e-02 5.742829665541648865e-02
-3.524150871674831105e-32 8.341760635375976562e-01 1.254498213529586792e-01 1.026238799095153809e+00
-4.934317388212227625e-32 5.801298841834068298e-02 -6.220415234565734863e-01 -3.538875579833984375e-01
-1.721372805180041489e-33 6.742118299007415771e-02 -4.369548708200454712e-02 -2.889040671288967133e-02
-3.125152530301634351e-32 3.168541491031646729e-01 7.559369802474975586e-01 2.348906040191650391e+00
-4.648766080105286764e-33 1.187461521476507187e-02 2.571363747119903564e-02 2.994358306750655174e-03
-1.541957800363806547e-32 1.524337008595466614e-02 1.827286183834075928e-02 2.731544431298971176e-03
-1.069755419723457217e-33 3.956885337829589844e-01 -5.922476053237915039e-01 -2.298145055770874023e+00
3.272475253643474632e-33 1.526985783129930496e-02 -3.143075853586196899e-02 -4.706634674221277237e-03
1.313702272600752540e-33 7.102151215076446533e-02 3.106502294540405273e-01 2.163626402616500854e-01
-2.314966044605610647e-33 3.568472340703010559e-02 -4.492453336715698242e-01 -1.572123318910598755e-01
-2.153975848446759630e-32 7.340423017740249634e-02 -5.761296302080154419e-02 -4.147266596555709839e-02
1.527463440739389257e-33 1.130205299705266953e-02 -2.600555680692195892e-02 -2.882333239540457726e-03
4.137127682337673616e-32 3.240922465920448303e-02 -5.409190431237220764e-02 -1.719180867075920105e-02
-1.739464361188967294e-32 1.247273106127977371e-02 -2.981595322489738464e-02 -3.646959550678730011e-03
-1.551078901842218234e-32 3.456026315689086914e-02 4.454478621482849121e-02 1.509713754057884216e-02
3.380303864723181550e-32 6.387761831283569336e-01 -2.044660970568656921e-02 -1.280827671289443970e-01
-9.333851849978311304e-32 2.272634357213973999e-01 -3.545464575290679932e-01 -7.901751399040222168e-01
-2.242213229865280745e-33 4.100275933742523193e-01 -7.647894620895385742e-01 -3.075216293334960938e+00
2.559886353742180677e-33 1.233437806367874146e-01 -7.235481590032577515e-02 -8.751960843801498413e-02
-1.249354793481778942e-33 1.465842034667730331e-02 1.408998575061559677e-02 2.025435445830225945e-03
2.853945118542205527e-32 2.853312492370605469e-01 -8.944960832595825195e-01 -2.502928495407104492e+00
-1.574905143775829032e-32 1.429757103323936462e-02 5.590981245040893555e-01 7.839185744524002075e-02
-5.008642206241591557e-33 2.665972113609313965e-01 -1.331788767129182816e-02 -3.481862694025039673e-02
-5.504470939674614202e-32 2.624830007553100586e-01 -8.665269613265991211e-02 -2.230508774518966675e-01
2.140135577960178016e-32 4.619259387254714966e-02 8.454546332359313965e-02 3.829864040017127991e-02
-1.557092143193849646e-32 1.872480474412441254e-02 -1.083142962306737900e-02 -1.988949486985802650e-03
1.439266173065589952e-32 4.284716546535491943e-01 -1.859210059046745300e-02 -7.812161743640899658e-02
5.124681057614616742e-32 1.309757493436336517e-02 -6.181958317756652832e-01 -7.940313220024108887e-02
-1.022254795032682475e-33 3.255261182785034180e-01 2.325475960969924927e-02 7.423665374517440796e-02
-1.888257113684907772e-32 1.030584610998630524e-02 7.493362426757812500e-01 7.573229074478149414e-02
-4.768658789707482819e-32 1.880239509046077728e-02 2.859424054622650146e-01 5.272449180483818054e-02
-2.602458093885759105e-32 3.225045278668403625e-02 -1.247351840138435364e-01 -3.944986313581466675e-02
-8.738312028641978900e-33 1.051021832972764969e-02 -4.902852773666381836e-01 -5.053371936082839966e-02
3.270429526131059220e-32 8.112443238496780396e-02 2.282987385988235474e-01 1.816250979900360107e-01
-2.575549558827498416e-32 1.078751087188720703e-01 4.764182493090629578e-02 5.039997398853302002e-02
1.968171774694416313e-32 1.789640635251998901e-02 -7.140409946441650391e-01 -1.253169178962707520e-01
-1.080056607327499091e-33 1.825189590454101562e-01 1.076510995626449585e-01 1.926846653223037720e-01
2.535021893157404556e-33 2.610083818435668945e-01 -1.929700374603271484e-02 -4.939295351505279541e-02
-2.913883355085443188e-33 9.867839515209197998e-02 -4.176530987024307251e-02 -4.041647538542747498e-02
7.486209241608664387e-33 1.457380130887031555e-02 -1.518142689019441605e-02 -2.169732004404067993e-03
1.393467370321218176e-33 3.494504094123840332e-01 -1.087926402688026428e-01 -3.728256225585937500e-01
5.755154513942273591e-32 1.077686399221420288e-01 1.444260776042938232e-01 1.526366025209426880e-01
3.449629819557276778e-32 5.303118824958801270e-01 -5.936311483383178711e-01 -3.087227821350097656e+00
4.160260015262314633e-33 3.493603169918060303e-01 2.198435552418231964e-02 7.531959563493728638e-02
5.220503830610597153e-32 3.309176564216613770e-01 2.708954811096191406e-01 8.791083693504333496e-01
1.583567949394213880e-33 1.592843793332576752e-02 -5.726246908307075500e-02 -8.944662287831306458e-03
-2.156337490065958532e-33 2.639093697071075439e-01 1.177212130278348923e-02 3.046703711152076721e-02
-7.273804759254769674e-33 6.796858906745910645e-01 1.347089558839797974e-02 8.978946506977081299e-02
1.664437736297963993e-33 2.685464024543762207e-01 2.625246047973632812e-01 6.913692951202392578e-01
2.221609238352464616e-32 1.130319312214851379e-01 3.713069483637809753e-02 4.115805774927139282e-02
1.894342023457740880e-33 4.944903254508972168e-01 2.675551734864711761e-02 1.297453641891479492e-01
1.163318359931279475e-32 4.788208380341529846e-02 -7.250645011663436890e-02 -3.404633328318595886e-02
7.680382688202068538e-32 2.023313194513320923e-02 -1.475846860557794571e-02 -2.928364090621471405e-03
5.291730559809972019e-32 1.271593105047941208e-02 1.005343720316886902e-01 1.253670454025268555e-02
-1.226618069507487320e-33 5.476343631744384766e-01 1.319478172808885574e-02 7.086202502250671387e-02
5.935534709823129020e-32 5.908818244934082031e-01 8.462326526641845703e-01 4.903555393218994141e+00
1.215699563698271428e-33 5.456591770052909851e-02 6.450275182723999023e-01 3.451599478721618652e-01
-8.626736308913835162e-33 1.608258672058582306e-02 1.389200426638126373e-02 2.190995495766401291e-03
-6.721777036808475065e-32 1.306696049869060516e-02 5.325852036476135254e-01 6.824712455272674561e-02
-9.098696556085014332e-32 1.144384033977985382e-02 1.076557785272598267e-01 1.208174880594015121e-02
8.668458276844364465e-33 1.848144233226776123e-01 1.998831629753112793e-01 3.622702956199645996e-01
-5.502006736173306055e-33 2.037148475646972656e-01 2.045448273420333862e-01 4.086315333843231201e-01
-1.105217053716392417e-33 1.230639293789863586e-01 -1.150628477334976196e-01 -1.388629972934722900e-01
-2.287695494021495157e-33 4.198694229125976562e-02 -2.578745782375335693e-01 -1.061801835894584656e-01
1.419384173856468718e-33 1.579625606536865234e-01 3.823752403259277344e-01 5.923312306404113770e-01
-4.042052670685610033e-33 6.075867414474487305e-01 1.507559567689895630e-01 8.982628583908081055e-01
4.457898050157997959e-32 1.842142269015312195e-02 7.697460055351257324e-02 1.390564907342195511e-02
-1.253311782973135235e-32 3.065969236195087433e-02 -6.479705870151519775e-02 -1.948245987296104431e-02
5.999787231039075255e-32 3.175966739654541016e-01 3.554882854223251343e-02 1.107189431786537170e-01
2.183100631166701889e-32 4.559413790702819824e-01 -4.203131049871444702e-02 -1.879328042268753052e-01
-9.128025727885205817e-32 4.385766685009002686e-01 1.934886425733566284e-01 8.321884274482727051e-01
-7.269862445075699427e-33 3.209541141986846924e-01 5.549846589565277100e-02 1.746805757284164429e-01
6.307465236653528666e-32 1.196087598800659180e-01 4.133460819721221924e-01 4.848389625549316406e-01
-4.892630538175429137e-32 5.093013867735862732e-02 9.843881428241729736e-02 4.916566237807273865e-02
2.070557038777449849e-32 7.896162867546081543e-01 -5.158966779708862305e-02 -3.994840979576110840e-01
-1.760966393651613188e-33 5.584258213639259338e-02 -1.547444611787796021e-02 -8.474250324070453644e-03
1.154767722187901997e-33 2.468289062380790710e-02 1.343788299709558487e-02 3.252726281061768532e-03
-4.417235937321528801e-32 7.179673314094543457e-01 2.992262244224548340e-01 2.106808185577392578e+00
-1.990157633285020967e-32 2.561145126819610596e-01 -7.230182737112045288e-02 -1.815951019525527954e-01
-2.269533187946329235e-33 3.559077382087707520e-01 1.818261854350566864e-02 6.346211582422256470e-02
4.558815415670442164e-32 1.026810146868228912e-02 3.729034960269927979e-02 3.754977136850357056e-03
-1.159839263994830136e-32 1.612160913646221161e-02 7.007320225238800049e-02 1.107850112020969391e-02
5.258834938149385715e-32 3.104358315467834473e-01 6.947209835052490234e-01 2.114963769912719727e+00
-1.327942284635010657e-33 3.333213031291961670e-01 -1.299276202917098999e-01 -4.247029125690460205e-01
-6.438679940500860362e-33 3.835107386112213135e-01 2.672325968742370605e-01 1.005049943923950195e+00
-8.336962110819962160e-32 3.551069274544715881e-02 3.503357246518135071e-02 1.220012363046407700e-02
1.880242446264207563e-32 1.891538053750991821e-01 2.537452578544616699e-01 4.706886410713195801e-01
-9.263702167477877358e-33 5.417869091033935547e-01 1.012772042304277420e-02 5.380973964929580688e-02
-2.427775666060133156e-33 6.799666285514831543e-01 2.178191207349300385e-02 1.452460289001464844e-01
-5.075544218255894302e-32 1.138778924942016602e-01 5.445728898048400879e-01 6.081575751304626465e-01
1.869461105952053247e-32 8.711760044097900391e-01 6.809963285923004150e-02 5.817968249320983887e-01
-2.271753770243429463e-33 1.257788762450218201e-02 -3.106334209442138672e-01 -3.831567987799644470e-02
-6.146864569935181384e-33 5.143953487277030945e-02 4.574222266674041748e-01 2.307464033365249634e-01
1.779558416380401582e-32 1.314945220947265625e-01 -2.048111334443092346e-02 -2.641081996262073517e-02
2.006186821189627533e-33 1.691457629203796387e-01 -1.061678864061832428e-02 -1.761063374578952789e-02
-2.416996382863092779e-33 7.538628578186035156e-02 5.939450860023498535e-01 4.390958547592163086e-01
-2.580062575513892883e-32 3.445882722735404968e-02 2.241006866097450256e-02 7.572936359792947769e-03
-1.647973725686148571e-32 8.379859924316406250e-01 -5.557144880294799805e-01 -4.566770076751708984e+00
-6.113616226500951466e-32 2.471431791782379150e-01 -4.343662410974502563e-02 -1.052750274538993835e-01
1.878310668235424986e-32 3.836700320243835449e-01 -2.250210493803024292e-01 -8.466456532478332520e-01
-3.171481554466623905e-33 7.376607060432434082e-01 6.838182806968688965e-01 4.946728229522705078e+00
1.389952862617450316e-32 6.722088903188705444e-02 -3.409721255302429199e-01 -2.247728109359741211e-01
-3.690231472651521113e-32 2.813221327960491180e-02 1.885638013482093811e-02 5.202150437980890274e-03
2.141922623247015599e-33 2.046761289238929749e-02 -1.074783653020858765e-01 -2.157291956245899200e-02
-8.365329140494005602e-32 8.808563947677612305e-01 -1.519885379821062088e-02 -1.312915086746215820e-01
-2.689402504986772631e-33 6.396746635437011719e-02 -3.093272447586059570e-01 -1.940429955720901489e-01
-3.288149221848942087e-32 5.315387621521949768e-02 5.292718484997749329e-02 2.758890204131603241e-02
-1.450494935915026001e-32 4.191797599196434021e-02 1.661100611090660095e-02 6.828368175774812698e-03
6.133386865987431520e-32 6.398423910140991211e-01 -4.134916514158248901e-02 -2.594540417194366455e-01
2.057571793494297598e-32 1.075189188122749329e-02 -1.375384926795959473e-01 -1.450206432491540909e-02
-1.197262816426386966e-32 4.295155107975006104e-01 -1.436590868979692459e-02 -6.051076203584671021e-02
-6.788905992700883438e-33 3.932597488164901733e-02 2.704140357673168182e-02 1.042868103832006454e-02
-1.142401613452747691e-33 1.197733543813228607e-02 2.779628336429595947e-01 3.264883160591125488e-02
1.164356174506261702e-33 8.950675725936889648e-01 -2.222259044647216797e-01 -1.950613260269165039e+00
4.247030967478184945e-33 1.214724685996770859e-02 2.669566869735717773e-01 3.180089220404624939e-02
5.831155807321100884e-33 8.014680147171020508e-01 1.193045265972614288e-02 9.376997500658035278e-02
-4.014215054279818179e-32 4.533786699175834656e-02 -2.034066915512084961e-01 -9.043717384338378906e-02
-1.721942148522022571e-32 8.212324976921081543e-02 2.586047910153865814e-02 2.082683891057968140e-02
-8.906127659280482604e-32 2.539175748825073242e-01 7.282387465238571167e-02 1.813373267650604248e-01
-1.494109890560760745e-32 3.123041242361068726e-02 -1.279781013727188110e-01 -3.919530287384986877e-02
1.667059492776480790e-32 1.026759203523397446e-02 -9.863767772912979126e-02 -9.931894950568675995e-03
1.610617543774573244e-33 3.524803742766380310e-02 5.498928427696228027e-01 1.900787949562072754e-01
-4.852676146406551922e-33 2.088639587163925171e-01 -1.532054785639047623e-02 -3.138040006160736084e-02
5.458042880110567870e-33 2.232343517243862152e-02 1.198026984930038452e-01 2.622698247432708740e-02
1.841555163937119848e-32 8.748366683721542358e-02 1.343645006418228149e-01 1.152742281556129456e-01
-4.743614882563213983e-32 1.757998764514923096e-01 -8.010201156139373779e-02 -1.380964964628219604e-01
8.473022643191764883e-32 5.359346047043800354e-02 1.638422906398773193e-01 8.611097186803817749e-02
3.886237588406254136e-33 2.381777949631214142e-02 -8.242631703615188599e-02 -1.925253123044967651e-02
-1.671173135257183385e-33 6.179107353091239929e-02 -7.367711067199707031e-01 -4.464563429355621338e-01
1.527111453649714909e-32 1.037010848522186279e-01 1.583683490753173828e-02 1.610543206334114075e-02
-1.787651107238637620e-32 3.244742751121520996e-01 -9.801897406578063965e-02 -3.118969202041625977e-01
-9.045863374740131209e-32 3.546728938817977905e-02 3.107137233018875122e-02 1.080709882080554962e-02
-2.454728465827541996e-33 2.926478907465934753e-02 6.157479435205459595e-02 1.767132245004177094e-02
-1.536297501191009527e-32 1.888470202684402466e-01 -1.877208054065704346e-02 -3.476507961750030518e-02
-2.485622110406082556e-33 5.139367654919624329e-02 -2.580353021621704102e-01 -1.300497502088546753e-01
2.199240168603491896e-32 2.057773433625698090e-02 1.557580288499593735e-02 3.143175737932324409e-03
1.769208335558205193e-32 6.287696212530136108e-02 1.343729645013809204e-01 8.285603672266006470e-02
-2.450041292306233514e-32 2.873871326446533203e-01 1.826683804392814636e-02 5.148152261972427368e-02
1.082729552911574352e-32 1.027863379567861557e-02 -7.253637164831161499e-02 -7.311590947210788727e-03
-2.157529514806089258e-33 2.300599068403244019e-01 -6.596245169639587402e-01 -1.488190054893493652e+00
4.766718048534275222e-32 5.051180720329284668e-01 -1.961248368024826050e-01 -9.715075492858886719e-01
6.521465599525458487e-33 4.374272525310516357e-01 3.850078582763671875e-02 1.651566624641418457e-01
1.066704332300401812e-32 6.634711623191833496e-01 -2.343958467245101929e-01 -1.525080084800720215e+00
3.703591480227394895e-33 5.671854317188262939e-02 1.514479238539934158e-02 8.423820137977600098e-03
-3.621946418065079020e-33 8.487758636474609375e-01 -1.744514256715774536e-01 -1.452072143554687500e+00
8.986898227114183623e-32 5.378006696701049805e-01 -4.771308302879333496e-01 -2.516399145126342773e+00
-2.359992547561492180e-32 1.887226551771163940e-01 -2.107210084795951843e-02 -3.899891674518585205e-02
-1.884750320162817183e-32 5.860051140189170837e-02 -1.351850181818008423e-01 -7.768741250038146973e-02
3.811548881406913780e-33 1.063015982508659363e-01 4.403749406337738037e-01 4.590744078159332275e-01
-1.272866719246239399e-32 3.364305496215820312e-01 -1.531587261706590652e-02 -5.053099244832992554e-02
7.662835349343374989e-33 1.032562553882598877e-02 1.500224042683839798e-02 1.519123790785670280e-03
-9.459125899250174864e-33 3.349829092621803284e-02 -2.641033232212066650e-01 -8.675953000783920288e-02
7.525035085332355280e-33 1.619342714548110962e-01 -1.068532988429069519e-01 -1.696865409612655640e-01
-1.713569690008290828e-32 2.111670561134815216e-02 -2.971166744828224182e-02 -6.152815185487270355e-03
2.802618920955076577e-32 4.312242865562438965e-01 -4.556514024734497070e-01 -1.926888585090637207e+00
5.194731778184390836e-33 8.261424899101257324e-01 3.597101569175720215e-02 2.914260625839233398e-01
-5.434505515913671649e-32 6.692113876342773438e-01 6.048192083835601807e-02 3.969260156154632568e-01
8.058846171823956899e-33 3.066323883831501007e-02 4.265570268034934998e-02 1.282672584056854248e-02
3.693927079953712532e-33 1.339909061789512634e-02 7.787178456783294678e-02 1.023236755281686783e-02
5.350054989546324532e-33 4.080476239323616028e-02 5.405599996447563171e-02 2.163094095885753632e-02
-6.327297589593426889e-32 1.452727764844894409e-01 6.223123148083686829e-02 8.865705877542495728e-02
7.383337322864390424e-33 4.868338406085968018e-01 -2.822591960430145264e-01 -1.347564458847045898e+00
-1.732167920816619503e-32 1.525154560804367065e-01 -6.913911104202270508e-01 -1.034090042114257812e+00
1.161342500864341062e-32 5.938183516263961792e-02 4.268861934542655945e-02 2.485915645956993103e-02
5.589561449247587127e-32 6.773682683706283569e-02 4.386689960956573486e-01 2.913952469825744629e-01
1.976254620787464215e-32 9.764546900987625122e-02 -3.485017642378807068e-02 -3.337165340781211853e-02
6.877881511103324024e-32 6.042877435684204102e-01 -2.054114080965518951e-02 -1.217275857925415039e-01
3.494887821431873375e-32 1.846468746662139893e-01 -1.848864555358886719e-01 -3.347863256931304932e-01
1.749856906744587138e-32 1.849753111600875854e-01 -9.255459904670715332e-01 -1.678929448127746582e+00
2.380243082616695432e-33 3.527899086475372314e-01 -5.443695783615112305e-01 -1.883348464965820312e+00
-1.119583798735348562e-33 3.114376589655876160e-02 1.426115352660417557e-02 4.355584736913442612e-03
8.394104654454959789e-32 1.144362986087799072e-01 -6.068031862378120422e-02 -6.809768825769424438e-02
3.177624614475624253e-33 5.920422673225402832e-01 1.631486602127552032e-02 9.472331404685974121e-02
2.975782169269058572e-32 2.473477087914943695e-02 6.737217307090759277e-01 1.634214669466018677e-01
-1.103433387975813449e-32 1.619475930929183960e-01 9.059319645166397095e-02 1.438767910003662109e-01
4.661664926553653578e-33 1.378433555364608765e-01 -1.592678576707839966e-02 -2.152953483164310455e-02
6.217284248794319824e-32 2.331943437457084656e-02 1.777600310742855072e-02 4.065114539116621017e-03
-1.858027696882978731e-33 9.611054062843322754e-01 5.682686716318130493e-02 5.356059670448303223e-01
1.482651759376120498e-32 4.290766417980194092e-01 -2.136215567588806152e-01 -8.988776803016662598e-01
7.235418256544698612e-33 1.983484625816345215e-01 2.853909730911254883e-01 5.551236271858215332e-01
-2.403349628134015285e-32 2.506391890347003937e-02 -5.758392214775085449e-01 -1.415372937917709351e-01
1.487889468329796905e-32 6.408439576625823975e-02 -2.218994796276092529e-01 -1.394534409046173096e-01
1.769550808490477574e-33 6.848476827144622803e-02 4.175225198268890381e-01 2.804107069969177246e-01
2.148681348422259120e-33 4.721397534012794495e-02 -2.876454591751098633e-02 -1.331829838454723358e-02
9.768451360197305710e-33 1.238163486123085022e-01 -4.067862033843994141e-01 -4.939294159412384033e-01
3.064655419662977619e-32 2.945669293403625488e-01 3.056974709033966064e-01 8.830727934837341309e-01
-3.564653117279588433e-32 5.756731033325195312e-01 -2.019226998090744019e-01 -1.139939427375793457e+00
-2.859809145579679435e-33 3.325249627232551575e-02 3.912084549665451050e-02 1.275713555514812469e-02
1.480375708439340844e-32 1.203915104269981384e-02 -1.241694018244743347e-01 -1.465990394353866577e-02
8.400859926615547770e-33 2.683221995830535889e-01 -4.654115438461303711e-01 -1.224656820297241211e+00
-2.749918056193057887e-33 3.753903210163116455e-01 -7.993847727775573730e-01 -2.942792177200317383e+00
-1.455101992149486251e-32 3.489914536476135254e-01 7.846882939338684082e-02 2.685546278953552246e-01
1.846947927942509407e-33 9.300840646028518677e-02 4.477352499961853027e-01 4.083797335624694824e-01
4.006078576257014010e-32 1.379107832908630371e-01 -1.939887404441833496e-01 -2.623586356639862061e-01
2.987927376901754446e-33 4.021909534931182861e-01 -6.784939020872116089e-02 -2.676078975200653076e-01
8.533546055516521264e-33 2.884211204946041107e-02 1.474703997373580933e-01 4.171119257807731628e-02
4.816325820317295841e-33 1.054085493087768555e-01 7.108881473541259766e-01 7.348484396934509277e-01
1.154723879922036172e-32 2.128473669290542603e-01 -5.654695630073547363e-01 -1.180315732955932617e+00
-4.284901428168245023e-32 9.795693755149841309e-01 -2.192103415727615356e-01 -2.105798959732055664e+00
-6.152785461511876319e-32 4.419462680816650391e-01 5.306153893470764160e-01 2.299693584442138672e+00
5.564332181337873003e-33 6.032501459121704102e-01 5.827680230140686035e-02 3.447575867176055908e-01
1.384449951117968861e-33 1.107734441757202148e-02 -6.187115982174873352e-02 -6.721165496855974197e-03
4.127145972057666162e-32 8.405300974845886230e-01 4.953370988368988037e-02 4.082956910133361816e-01
3.915422541743279111e-33 2.124652564525604248e-01 -1.406827941536903381e-02 -2.931227907538414001e-02
1.462838251080033894e-33 1.964044272899627686e-01 -3.206926882266998291e-01 -6.176763772964477539e-01
1.098305881617526631e-33 2.979125268757343292e-02 2.698041312396526337e-02 7.882392965257167816e-03
8.139841112141871123e-32 7.392928004264831543e-01 1.219902709126472473e-01 8.844276666641235352e-01
1.156829190304358889e-32 2.952136285603046417e-02 6.033641844987869263e-02 1.746773533523082733e-02
9.297712892467012455e-33 3.240828216075897217e-02 1.645467430353164673e-01 5.229569971561431885e-02
-2.213984651385245091e-33 9.180514812469482422e-01 8.040161728858947754e-01 7.238565444946289062e+00
-1.697517726900637081e-32 5.018222332000732422e-02 -7.909554243087768555e-02 -3.892445936799049377e-02
3.114626198795211546e-33 3.633999451994895935e-02 1.843704432249069214e-01 6.570476293563842773e-02
-1.558051199647326780e-32 4.003671556711196899e-02 1.117416284978389740e-02 4.387267399579286575e-03
2.174197730827161589e-32 3.809807598590850830e-01 2.547819912433624268e-01 9.519025087356567383e-01
-7.540804342048636267e-33 3.430615365505218506e-01 -8.083044886589050293e-01 -2.719366312026977539e+00
1.066551922110978010e-33 7.388887554407119751e-02 -1.161342114210128784e-01 -8.415111899375915527e-02
-9.594143180385622807e-33 1.173533424735069275e-01 -1.354845613241195679e-01 -1.559214740991592407e-01
-3.088380348677226921e-33 1.969335600733757019e-02 2.158471494913101196e-01 4.168566688895225525e-02
2.966042794496312825e-33 1.485131308436393738e-02 -4.890989512205123901e-02 -7.123317103832960129e-03
-4.437052200682500145e-33 1.709371060132980347e-01 7.517020404338836670e-02 1.260093450546264648e-01
4.396816498421791771e-33 5.425627157092094421e-02 -1.582017540931701660e-01 -8.417476713657379150e-02
-6.002938878330423661e-33 1.263187546283006668e-02 -5.230452418327331543e-01 -6.479294598102569580e-02
4.164513468102368154e-33 1.426780670881271362e-01 1.219463162124156952e-02 1.706265471875667572e-02
3.035043027192634890e-33 1.089884340763092041e-02 -3.272346854209899902e-01 -3.497521579265594482e-02
1.120372665647345707e-33 7.027519941329956055e-01 7.057210803031921387e-01 4.863577365875244141e+00
1.399947191094629878e-33 7.691414356231689453e-01 7.203980684280395508e-01 5.433747291564941406e+00
-9.304110079660981196e-32 7.925524711608886719e-01 1.503811590373516083e-02 1.168805211782455444e-01
3.585737518639906245e-33 3.187172487378120422e-02 1.198859233409166336e-02 3.747092559933662415e-03
5.931860114482458549e-32 2.348614931106567383e-01 -1.695095151662826538e-01 -3.904150724411010742e-01
-3.100497124040312282e-32 2.812074497342109680e-02 6.565151363611221313e-02 1.810473762452602386e-02
-3.458399521693189527e-33 3.330353796482086182e-01 -3.552525639533996582e-01 -1.160241127014160156e+00
3.733907553003498616e-32 2.334286123514175415e-01 3.240478411316871643e-02 7.417950034141540527e-02
-3.885485198553330946e-32 2.578123845160007477e-02 -1.708236187696456909e-01 -4.318892583250999451e-02
2.532616905184019083e-33 6.912569999694824219e-01 7.835690677165985107e-02 5.311748385429382324e-01
1.315112222973266179e-33 1.036975998431444168e-02 -3.765552341938018799e-01 -3.829288110136985779e-02
-4.751514498474327461e-32 7.389298826456069946e-02 4.460050910711288452e-02 3.231943026185035706e-02
-1.325241604731095683e-32 2.830406427383422852e-01 1.271582953631877899e-02 3.529508039355278015e-02
-4.190709359710442831e-33 1.332896202802658081e-02 2.478392720222473145e-01 3.239568322896957397e-02
-6.298846805946887359e-33 7.986620068550109863e-02 -1.097143515944480896e-01 -8.593045920133590698e-02
1.385157910957850816e-33 4.076538681983947754e-01 -1.052719075232744217e-02 -4.208474978804588318e-02
-8.844223334967097741e-33 1.191966515034437180e-02 1.378322839736938477e-01 1.611148938536643982e-02
-7.260091882968458426e-33 2.196770533919334412e-02 -1.427490916103124619e-02 -3.075237851589918137e-03
9.392403811339944856e-32 1.998566836118698120e-01 2.035355754196643829e-02 3.989143669605255127e-02
1.576849117558501390e-32 6.548935770988464355e-01 3.192901238799095154e-02 2.050580680370330811e-01
1.683049852633311756e-33 1.824450120329856873e-02 -1.891222223639488220e-02 -3.383726347237825394e-03
2.493034851250764827e-32 7.515661418437957764e-02 7.308641672134399414e-01 5.386722087860107422e-01
1.479941051036025071e-33 1.976342499256134033e-01 -1.565207540988922119e-02 -3.033575601875782013e-02
2.343884601535380521e-32 4.641944542527198792e-02 -4.884669184684753418e-02 -2.223595604300498962e-02
2.234452763097945856e-33 3.808159753680229187e-02 -4.383549466729164124e-02 -1.637049205601215363e-02
1.072665502925711642e-33 3.924077376723289490e-02 -1.111965160816907883e-02 -4.279070068150758743e-03
-2.432977228562521778e-32 5.091188549995422363e-01 -2.484463900327682495e-01 -1.240430831909179688e+00
1.251811117497516733e-32 3.787367939949035645e-01 3.011564351618289948e-02 1.118536964058876038e-01
-1.124824960703680511e-32 3.904141783714294434e-01 8.729569315910339355e-01 3.342251062393188477e+00
-8.961070412174710175e-33 9.547951817512512207e-02 -4.326989054679870605e-01 -4.051508009433746338e-01
-5.541143424684392516e-32 2.627898566424846649e-02 -2.689584344625473022e-02 -6.931296084076166153e-03
-4.048705821774470328e-32 2.461122348904609680e-02 -1.552335172891616821e-01 -3.746617585420608521e-02
-1.634609383474856132e-33 2.217462658882141113e-02 -2.199366688728332520e-02 -4.782716277986764908e-03
8.724737126005095418e-32 1.699223518371582031e-01 -1.510337144136428833e-01 -2.516779005527496338e-01
-1.197860059392100846e-33 2.375923097133636475e-01 5.282325744628906250e-01 1.230773687362670898e+00
-2.858367328289998973e-32 1.736356765031814575e-01 -2.260975167155265808e-02 -3.849953413009643555e-02
1.331551364532722017e-32 1.895324513316154480e-02 -2.350340224802494049e-02 -4.368526395410299301e-03
-8.059291390309330841e-33 1.718841940164566040e-01 -2.323018945753574371e-02 -3.915699943900108337e-02
-5.836521204348635363e-33 2.856557965278625488e-01 5.013040825724601746e-02 1.404316276311874390e-01
-4.106300342987359126e-32 2.934510633349418640e-02 -4.425816237926483154e-01 -1.273648887872695923e-01
-7.023173788359309582e-32 4.708731174468994141e-02 2.515244185924530029e-01 1.161461174488067627e-01
-5.765283161016133831e-32 1.772102266550064087e-01 7.901742458343505859e-01 1.373195409774780273e+00
9.005336443754006614e-32 1.030615791678428650e-01 -1.095631867647171021e-01 -1.107342913746833801e-01
-6.919280805834552609e-33 8.103416562080383301e-01 -4.054865539073944092e-01 -3.222295045852661133e+00
-1.003623944256118482e-33 3.948543593287467957e-02 4.948163926601409912e-01 1.916027218103408813e-01
1.303800110227517137e-33 8.039183914661407471e-02 1.461420357227325439e-01 1.152146756649017334e-01
-9.257820287619950336e-33 4.246391952037811279e-01 8.657999634742736816e-01 3.605440378189086914e+00
8.633327893486071139e-33 2.185894548892974854e-02 1.390713304281234741e-01 2.981175109744071960e-02
-1.221078001366260342e-33 2.272571921348571777e-01 6.834302544593811035e-01 1.523114323616027832e+00
-3.081220779928353000e-32 6.143104434013366699e-01 1.661844849586486816e-01 1.001149773597717285e+00
-1.245387591883249879e-33 3.577829897403717041e-02 -3.957236111164093018e-01 -1.388456672430038452e-01
-8.341363749416616215e-32 3.867444023489952087e-02 2.011193707585334778e-02 7.627787999808788300e-03
1.828399912783479922e-33 7.788470387458801270e-01 7.571040093898773193e-02 5.782669782638549805e-01
-1.660400280544874068e-33 1.731154471635818481e-01 -2.950740754604339600e-01 -5.009421706199645996e-01
8.103000678376719074e-33 8.150961250066757202e-02 -6.133579015731811523e-01 -4.902792274951934814e-01
1.183275021398777155e-33 2.870944738388061523e-01 -2.524732053279876709e-01 -7.108219265937805176e-01
6.818655550668287743e-33 4.981302320957183838e-01 2.166871428489685059e-01 1.058514237403869629e+00
7.741737615843237835e-32 1.790014356374740601e-01 -1.181004382669925690e-02 -2.073140256106853485e-02
5.181744034975743087e-33 2.912847325205802917e-02 -7.485820651054382324e-01 -2.138345241546630859e-01
2.537789263998629464e-33 1.072394698858261108e-01 5.462604016065597534e-02 5.744801834225654602e-02
1.343905957096658111e-33 5.093308687210083008e-01 -3.106278926134109497e-02 -1.551533490419387817e-01
-2.268786565362564766e-33 2.819693386554718018e-01 -2.070721425116062164e-02 -5.725906416773796082e-02
6.702800296819181614e-33 1.370495855808258057e-01 1.280655562877655029e-01 1.721197664737701416e-01
1.338301787779112856e-32 2.105202525854110718e-01 9.320555329322814941e-01 1.924227237701416016e+00
-2.374239245219870599e-33 3.852728009223937988e-01 -7.342643290758132935e-02 -2.774223387241363525e-01
1.441362703974479965e-33 6.881438493728637695e-01 -2.278605699539184570e-01 -1.537690997123718262e+00
1.173645610449130987e-33 5.241062641143798828e-01 1.631066799163818359e-01 8.383237123489379883e-01
1.545798948560309151e-33 5.331540107727050781e-02 -1.459777057170867920e-01 -7.632378488779067993e-02
-5.119636423608062895e-32 1.947626471519470215e-01 -4.612359032034873962e-02 -8.809463679790496826e-02
-1.312154385313009598e-33 1.085793785750865936e-02 1.433742791414260864e-01 1.526649296283721924e-02
1.517499877153422622e-32 1.262831781059503555e-02 4.629430472850799561e-01 5.733155831694602966e-02
-7.942081379220902026e-33 3.084716387093067169e-02 -2.920055389404296875e-01 -8.833381533622741699e-02
2.260668858515175291e-32 2.040362730622291565e-02 -4.789530485868453979e-02 -9.583431296050548553e-03
-8.163673819294411444e-33 1.217349246144294739e-02 1.092498824000358582e-01 1.304237917065620422e-02
-2.628779763389371766e-32 4.179257899522781372e-02 1.481163799762725830e-01 6.070478633046150208e-02
6.209190382441732963e-33 5.321939587593078613e-01 -3.536868393421173096e-01 -1.845905780792236328e+00
5.986659310129091948e-32 7.325406074523925781e-01 -9.430714696645736694e-02 -6.774807572364807129e-01
4.822705668969589954e-32 3.602344542741775513e-02 2.621823549270629883e-01 9.262097626924514771e-02
-2.635702543494951923e-32 4.006916582584381104e-01 4.705904722213745117e-01 1.849158406257629395e+00
-5.368350457090919542e-32 7.926198840141296387e-02 3.253499567508697510e-01 2.528927624225616455e-01
-3.167129286632704385e-33 9.911829233169555664e-02 -9.119964241981506348e-01 -8.864772319793701172e-01
9.986464419972561263e-33 1.994735598564147949e-01 3.115420043468475342e-02 6.094282865524291992e-02
-1.266353011174745399e-32 5.158975124359130859e-01 -1.732368171215057373e-01 -8.764442801475524902e-01
-5.205080903917427182e-33 7.451466470956802368e-02 1.390284746885299683e-01 1.015935614705085754e-01
8.267273809852225961e-33 3.880128264427185059e-01 1.068970263004302979e-01 4.067545235157012939e-01
-5.371574985032018929e-33 1.369979381561279297e-01 1.516178101301193237e-01 2.036971449851989746e-01
2.377008269100026350e-32 2.766710519790649414e-01 -2.207102999091148376e-02 -5.988347530364990234e-02
3.204119522459189349e-33 5.586822628974914551e-01 7.939397692680358887e-01 4.349838733673095703e+00
-3.357061623076738649e-33 1.673148758709430695e-02 -7.472865581512451172e-01 -1.226146519184112549e-01
1.220527245528701637e-32 2.063950598239898682e-01 2.249514907598495483e-01 4.553117454051971436e-01
-1.035785818669501668e-32 1.351801119744777679e-02 -9.214807152748107910e-01 -1.221573948860168457e-01
2.710236526050365296e-32 3.961929976940155029e-01 -1.523597538471221924e-01 -5.919673442840576172e-01
4.342878572792326477e-32 4.460940659046173096e-01 -9.550828337669372559e-01 -4.178189754486083984e+00
3.986351723935102087e-32 7.273005694150924683e-02 -6.969176530838012695e-01 -4.970683157444000244e-01
1.008390665684199015e-33 2.808524854481220245e-02 1.326206624507904053e-01 3.652667626738548279e-02
-9.802141028291872470e-33 1.339627150446176529e-02 2.798387035727500916e-02 3.676312277093529701e-03
1.767178881295708977e-33 2.182711847126483917e-02 7.119473218917846680e-01 1.523929834365844727e-01
1.356290230892952469e-32 7.109454870223999023e-01 3.946357071399688721e-01 2.751397609710693359e+00
1.945477129744464282e-33 1.933010369539260864e-01 1.621618866920471191e-01 3.073998689651489258e-01
-5.561618258755412046e-33 2.205851376056671143e-01 8.061159402132034302e-02 1.743790954351425171e-01
8.726349169570454333e-33 1.489877849817276001e-01 8.876528143882751465e-01 1.296923875808715820e+00
3.175354073668614078e-33 1.222313381731510162e-02 2.058814316987991333e-01 2.467859536409378052e-02
2.174876138004379901e-33 6.912539154291152954e-02 4.387769475579261780e-02 2.974418550729751587e-02
-7.920992275883180924e-33 2.490220516920089722e-01 5.809597671031951904e-02 1.418745666742324829e-01
3.835843484370930333e-32 1.446095015853643417e-02 -2.149508148431777954e-01 -3.048292174935340881e-02
3.001000931198012223e-32 5.627355575561523438e-01 -1.675919070839881897e-02 -9.248644113540649414e-02
-4.739357388961329511e-33 6.778384447097778320e-01 6.830085068941116333e-02 4.540178775787353516e-01
-8.208584315651546202e-33 1.274658441543579102e-01 1.078895032405853271e-01 1.348632723093032837e-01
5.762637123232432862e-32 1.525901351124048233e-02 -1.167310494929552078e-02 -1.746761146932840347e-03
-2.364430479546227874e-33 1.428084224462509155e-01 1.693410277366638184e-01 2.371573895215988159e-01
3.920520881147986151e-33 2.150219120085239410e-02 -1.582602560520172119e-01 -3.337146341800689697e-02
4.145765067890721932e-33 4.250481724739074707e-01 9.492559432983398438e-01 3.956782341003417969e+00
-1.300642475261819231e-32 9.327093362808227539e-01 -3.890138864517211914e-02 -3.558214306831359863e-01
-4.480406122113955415e-32 4.704369977116584778e-02 2.713649533689022064e-02 1.251918077468872070e-02
-1.286718524271138456e-33 3.681640326976776123e-01 -1.254355013370513916e-01 -4.528793692588806152e-01
-4.822605531544579280e-33 1.522124651819467545e-02 -2.092333585023880005e-01 -3.123214468359947205e-02
1.350934237820224568e-32 1.993499696254730225e-02 3.338218331336975098e-01 6.526067852973937988e-02
-5.925007276290752319e-33 3.646313771605491638e-02 -3.653197586536407471e-01 -1.306314915418624878e-01
-2.746290370423824919e-33 1.765388622879981995e-02 6.054139137268066406e-01 1.048125699162483215e-01
-4.418764079977597775e-33 8.849283307790756226e-02 9.288539737462997437e-02 8.060764521360397339e-02
-1.531933184539994079e-32 2.561194300651550293e-01 9.148826003074645996e-01 2.297886610031127930e+00
-3.125842618953963960e-33 4.514999091625213623e-01 1.724848896265029907e-02 7.637115567922592163e-02
-2.212930269686755962e-32 4.862890020012855530e-02 6.851541399955749512e-01 3.267408609390258789e-01
1.360027678447193469e-33 1.794250011444091797e-01 7.218588590621948242e-01 1.270152688026428223e+00
3.561200543434429522e-33 2.788923867046833038e-02 4.238281771540641785e-02 1.159170083701610565e-02
-1.639703314775747588e-33 6.071703508496284485e-02 -2.365659549832344055e-02 -1.408586371690034866e-02
2.175005993395947301e-33 1.732567846775054932e-01 -2.907299995422363281e-02 -4.939702153205871582e-02
-4.368666273987078115e-32 6.320407986640930176e-01 3.061398267745971680e-01 1.897516727447509766e+00
1.547699575988794937e-33 1.389002650976181030e-01 2.600781917572021484e-01 3.542645275592803955e-01
-7.717787506192409138e-33 5.424273610115051270e-01 4.473732039332389832e-02 2.379754930734634399e-01
-2.384112112069831602e-33 1.701124757528305054e-02 -2.330441921949386597e-01 -3.887721151113510132e-02
1.240452315585520968e-32 6.255643069744110107e-02 6.866525411605834961e-01 4.212400615215301514e-01
3.544373709144393108e-33 1.699794642627239227e-02 -4.647170379757881165e-02 -7.746503688395023346e-03
-2.112819036159586604e-33 3.920105472207069397e-02 -1.036091707646846771e-02 -3.983057569712400436e-03
-4.662536629083185230e-32 9.535900503396987915e-02 3.348553553223609924e-02 3.131407871842384338e-02
-1.533981097737218052e-33 3.542568683624267578e-01 -5.501925200223922729e-02 -1.911409050226211548e-01
3.168390445134342847e-32 6.356651335954666138e-02 1.271760370582342148e-02 7.927830331027507782e-03
9.210738212386465255e-32 3.704766929149627686e-02 -1.246076077222824097e-02 -4.527162760496139526e-03
1.252035196108142231e-32 2.649365067481994629e-01 3.480998426675796509e-02 9.044119715690612793e-02
-1.031850502355238660e-33 7.244018465280532837e-02 -1.982598751783370972e-02 -1.408429350703954697e-02
-1.625286427575889180e-33 4.685283079743385315e-02 -1.037630513310432434e-01 -4.767594113945960999e-02
7.821432606345936461e-32 5.209185928106307983e-02 -2.352965772151947021e-01 -1.202004626393318176e-01
-2.943501404622349250e-33 3.263979777693748474e-02 -6.801205873489379883e-02 -2.176978252828121185e-02
1.589497951052127689e-33 7.021026611328125000e-01 -2.305748127400875092e-02 -1.587571054697036743e-01
-1.899831398405088647e-33 5.271970108151435852e-02 -5.988882184028625488e-01 -3.096273839473724365e-01
4.015707932105362484e-32 7.241544872522354126e-02 -2.065272182226181030e-01 -1.466659158468246460e-01
-1.524077649667036437e-32 6.583803892135620117e-01 7.873923778533935547e-01 5.083803653717041016e+00
-2.066203154638797949e-32 5.381725430488586426e-01 -5.830186605453491211e-02 -3.076980113983154297e-01
8.139011947814159852e-33 9.697779268026351929e-02 1.790058612823486328e-01 1.702394485473632812e-01
7.903773046885160645e-32 1.918446272611618042e-01 9.363942146301269531e-01 1.761688232421875000e+00
2.572903227170209741e-32 1.193208619952201843e-01 -2.843146771192550659e-02 -3.326873853802680969e-02
2.000693038138464182e-33 3.299970924854278564e-01 -9.434504508972167969e-01 -3.053162097930908203e+00
2.636461178161613857e-33 2.491124719381332397e-01 3.519524633884429932e-01 8.598053455352783203e-01
-2.647509208754610979e-32 9.322737902402877808e-02 9.623930454254150391e-01 8.798661231994628906e-01
6.129250154430094037e-33 1.781206950545310974e-02 3.726710379123687744e-02 6.509695667773485184e-03
3.424827770375689628e-32 2.521282061934471130e-02 -4.956291988492012024e-02 -1.225459575653076172e-02
-1.450979257954664015e-33 9.355244040489196777e-02 -3.234226703643798828e-01 -2.967196106910705566e-01
3.669547767928039847e-32 3.216364234685897827e-02 2.118477225303649902e-02 6.682049483060836792e-03
-1.195141857275518927e-32 4.140633940696716309e-01 1.158409751951694489e-02 4.703809693455696106e-02
-3.190761865872017212e-32 6.777062267065048218e-02 2.129167318344116211e-02 1.415050495415925980e-02
1.940577706024435451e-33 5.402668118476867676e-01 1.504358462989330292e-02 7.970403879880905151e-02
4.368688755316537591e-33 3.054967522621154785e-02 -1.295209862291812897e-02 -3.880318952724337578e-03
8.981734868178196725e-33 3.604826703667640686e-02 6.123681366443634033e-02 2.164799347519874573e-02
5.970077786816392761e-32 1.464654952287673950e-01 -2.134804241359233856e-02 -3.066296130418777466e-02
2.486554350894681556e-32 4.035657346248626709e-01 -3.142080307006835938e-01 -1.243518471717834473e+00
1.286840757316524742e-33 3.695756196975708008e-01 4.159534722566604614e-02 1.507539600133895874e-01
4.444717525875815355e-33 1.150989253073930740e-02 8.990480303764343262e-01 1.014786809682846069e-01
-3.741927363211983673e-32 2.736403793096542358e-02 1.902481615543365479e-01 5.105300992727279663e-02
9.652111655738866946e-32 6.107580065727233887e-01 -3.690282702445983887e-01 -2.210291147232055664e+00
1.199094971308937353e-33 2.610341906547546387e-01 -5.230496525764465332e-01 -1.338939547538757324e+00
5.878263376088319424e-33 9.422030299901962280e-02 -4.408243298530578613e-02 -4.073153063654899597e-02
3.419162622288695466e-33 1.300029829144477844e-02 -3.546271100640296936e-02 -4.521118942648172379e-03
1.838422324555384599e-32 4.627622067928314209e-01 -5.892897769808769226e-02 -2.674283683300018311e-01
-2.613329947262926736e-32 7.961284369230270386e-02 -1.912713982164859772e-02 -1.493323221802711487e-02
8.231861307849735286e-33 6.565582007169723511e-02 -2.369239553809165955e-02 -1.525467261672019958e-02
1.277668687137745370e-33 6.758327782154083252e-02 -6.962509155273437500e-01 -4.614511132240295410e-01
1.407302865361999574e-32 9.392025321722030640e-02 -7.196084260940551758e-01 -6.627903580665588379e-01
-1.435021830306755304e-33 1.946170330047607422e-01 -4.528951644897460938e-02 -8.643691241741180420e-02
-1.434418581299592691e-32 2.981635183095932007e-02 1.097777299582958221e-02 3.209884744137525558e-03
-9.079140003507177788e-33 1.840050891041755676e-02 -6.517289280891418457e-01 -1.176027581095695496e-01
3.195398823744026504e-33 9.870449900627136230e-01 -5.236230492591857910e-01 -5.068464279174804688e+00
1.083503322068003122e-32 7.508970499038696289e-01 -2.584638893604278564e-01 -1.903272390365600586e+00
1.187713706434581345e-33 3.991901874542236328e-01 -9.104399085044860840e-01 -3.564116001129150391e+00
-5.440638069941911523e-32 4.404471069574356079e-02 -1.399772018194198608e-01 -6.046050041913986206e-02
-7.807969669545968802e-32 9.263258576393127441e-01 1.413701325654983521e-01 1.284227967262268066e+00
1.669422530295221293e-32 6.192349269986152649e-02 5.304526090621948242e-01 3.221237361431121826e-01
-2.236684365654585043e-32 7.451544404029846191e-01 8.985871076583862305e-01 6.566397190093994141e+00
5.327316153355621276e-33 2.377587258815765381e-01 -2.192301750183105469e-01 -5.111606717109680176e-01
-2.717419494483660273e-33 9.376106411218643188e-02 4.637017250061035156e-01 4.263653755187988281e-01
-3.581073377461034188e-33 5.041478574275970459e-02 -7.601134181022644043e-01 -3.758001923561096191e-01
-3.315291900688207190e-33 1.487142294645309448e-01 -5.184774845838546753e-02 -7.561415433883666992e-02
-1.488195317266201479e-33 3.125651180744171143e-01 -5.487729907035827637e-01 -1.682108283042907715e+00
4.982541823549521191e-33 2.234315872192382812e-02 7.928722500801086426e-01 1.737274527549743652e-01
3.445035399887087867e-32 1.865176111459732056e-02 -1.848723925650119781e-02 -3.381524700671434402e-03
-5.517512976028590555e-33 4.328694567084312439e-02 -5.559878945350646973e-01 -2.360168099403381348e-01
-1.092938500943275140e-32 2.486837841570377350e-02 4.188686311244964600e-01 1.021517887711524963e-01
4.702834412139296406e-33 4.583986476063728333e-02 2.337259612977504730e-02 1.050681248307228088e-02
1.181167506964546647e-32 5.949314832687377930e-01 -6.834286451339721680e-02 -3.987317383289337158e-01
3.561067565635992750e-33 4.783697798848152161e-02 -1.196562349796295166e-01 -5.613319575786590576e-02
1.046451336053901525e-33 1.004444342106580734e-02 2.166857942938804626e-02 2.134405774995684624e-03
-4.804487563646958436e-32 1.289960555732250214e-02 6.367492675781250000e-02 8.055000565946102142e-03
1.458906681654014132e-33 3.560491800308227539e-01 6.165645718574523926e-01 2.152827262878417969e+00
-7.472603482245071821e-32 1.743684336543083191e-02 3.178596869111061096e-02 5.435305647552013397e-03
2.026580729821432641e-33 6.629876494407653809e-01 -4.496251419186592102e-02 -2.923322319984436035e-01
4.071631414630160474e-33 5.172181874513626099e-02 2.177837044000625610e-01 1.104637682437896729e-01
9.027862735872401815e-33 3.617982193827629089e-02 5.833844095468521118e-02 2.069864608347415924e-02
-6.212367155924830195e-33 3.654831647872924805e-01 -7.869078516960144043e-01 -2.820407867431640625e+00
-2.691626099488146840e-32 3.300331532955169678e-02 -5.700297281146049500e-02 -1.844912394881248474e-02
2.179376260987113787e-33 4.263750910758972168e-01 4.232746958732604980e-01 1.769843220710754395e+00
1.277925918362483904e-33 2.618273794651031494e-01 -3.458739072084426880e-02 -8.880829811096191406e-02
1.835986443121091576e-33 9.848189353942871094e-01 -4.232230037450790405e-02 -4.087392389774322510e-01
1.199485272167608816e-33 7.229880094528198242e-01 1.420711129903793335e-01 1.007297039031982422e+00
-9.302765314123640499e-33 3.648618608713150024e-02 2.908680737018585205e-01 1.040747165679931641e-01
4.325231463850606886e-32 7.129418104887008667e-02 4.583403468132019043e-01 3.204518854618072510e-01
-1.468773579196724866e-33 7.628173828125000000e-01 2.021638900041580200e-01 1.512323856353759766e+00
1.606847512986295388e-33 1.610603332519531250e-01 5.045165494084358215e-02 7.968648523092269897e-02
4.545600655115291861e-33 1.734204590320587158e-01 2.561428584158420563e-02 4.356154054403305054e-02
-2.784452978194262798e-33 9.157295525074005127e-02 -3.666459023952484131e-02 -3.292567655444145203e-02
-7.371384014684466288e-32 3.222574666142463684e-02 -1.198337506502866745e-02 -3.787065390497446060e-03
-4.199838542712516421e-33 1.087450794875621796e-02 -2.249400466680526733e-01 -2.398816682398319244e-02
2.591741332294503088e-33 5.932700634002685547e-02 4.222855567932128906e-01 2.456853985786437988e-01
1.626443518093281406e-32 3.720809221267700195e-01 2.830170989036560059e-01 1.032691836357116699e+00
-1.458557210856934512e-32 1.463102549314498901e-01 -4.111005365848541260e-01 -5.898525714874267578e-01
-1.567018311365780747e-32 4.300100207328796387e-01 1.867875009775161743e-01 7.876750230789184570e-01
-2.765105075863697210e-33 1.563334316015243530e-01 -9.654415398836135864e-02 -1.480125486850738525e-01
-1.586499889444553908e-33 4.244683086872100830e-01 -2.129344083368778229e-02 -8.863633126020431519e-02
2.763917826569366700e-33 2.070638909935951233e-02 3.031440079212188721e-01 6.155651807785034180e-02
-5.354657123398190714e-32 1.333031058311462402e-02 -5.242072418332099915e-02 -6.852735299617052078e-03
-1.159095102602362701e-33 1.113051455467939377e-02 2.407678067684173584e-01 2.628054469823837280e-02
2.606380645066056152e-33 6.270033121109008789e-01 6.184973716735839844e-01 3.803018093109130859e+00
6.853742734609188350e-32 5.208001732826232910e-01 -1.095598563551902771e-02 -5.595555901527404785e-02
-7.127848033816981818e-32 3.949719071388244629e-01 -1.051306724548339844e-02 -4.072080180048942566e-02
-2.444342495693447065e-32 1.112594269216060638e-02 -7.126253098249435425e-02 -7.775328122079372406e-03
1.684632912916083209e-33 2.073426097631454468e-01 -2.108436822891235352e-01 -4.287161231040954590e-01
1.608122740685945254e-33 4.003110155463218689e-02 -1.466592252254486084e-01 -5.757416039705276489e-02
-9.631924303505020392e-33 2.171557396650314331e-01 2.367657870054244995e-01 5.042093992233276367e-01
-6.125857016518048578e-33 2.719694375991821289e-01 -5.780048668384552002e-02 -1.541601866483688354e-01
8.839568230401047629e-32 3.228633478283882141e-02 2.025678753852844238e-02 6.413720082491636276e-03
1.688804999506540749e-33 8.547958135604858398e-01 -6.936126202344894409e-02 -5.814335346221923828e-01
4.565279752979201629e-32 1.245583873242139816e-02 7.518408298492431641e-01 9.183739870786666870e-02
8.900740956417839471e-32 1.238590478897094727e-02 -1.280705034732818604e-01 -1.555598620325326920e-02
2.481751795256000174e-33 2.706346213817596436e-01 5.989967584609985352e-01 1.589748859405517578e+00
-2.565409744557305364e-32 7.847062498331069946e-02 -7.416061162948608398e-01 -5.706911087036132812e-01
1.026326138083854699e-33 1.455007642507553101e-01 -1.033805124461650848e-02 -1.475110743194818497e-02
-5.178825135565857495e-33 4.329645633697509766e-02 -4.231796860694885254e-01 -1.796792149543762207e-01
-1.473849069929987798e-32 1.907897144556045532e-01 9.374444186687469482e-02 1.753966063261032104e-01
7.298692031776791440e-32 1.332420948892831802e-02 1.173071563243865967e-01 1.532804034650325775e-02
-1.709251989055125177e-33 9.271245449781417847e-02 -2.380333393812179565e-01 -2.164195775985717773e-01
-2.473521938900702560e-32 3.603110834956169128e-02 -2.017590403556823730e-01 -7.129044085741043091e-02
1.753987887766964362e-32 3.725524991750717163e-02 -3.662428855895996094e-01 -1.338065415620803833e-01
7.955826581601860886e-33 8.869449794292449951e-02 -9.601491689682006836e-02 -8.351337909698486328e-02
6.581140304928921176e-32 4.497824981808662415e-02 3.666197508573532104e-02 1.617108285427093506e-02
3.342986547593580284e-33 5.637296438217163086e-01 -6.204777359962463379e-01 -3.430186748504638672e+00
1.959453573904748965e-33 1.240947023034095764e-01 6.558568030595779419e-02 7.981470972299575806e-02
-1.828790580984136017e-33 1.930750161409378052e-02 1.955072432756423950e-01 3.701771423220634460e-02
1.040017708535057293e-33 1.719608716666698456e-02 -1.410061419010162354e-01 -2.377871423959732056e-02
-2.072746250069062507e-33 9.137774258852005005e-02 9.020452946424484253e-02 8.083314448595046997e-02
-6.870307801000976025e-32 9.504978358745574951e-02 -1.013563293963670731e-02 -9.447625838220119476e-03
-6.612260048499002710e-33 7.190595865249633789e-01 3.695513010025024414e-01 2.605915307998657227e+00
2.469150863157169884e-32 6.179550290107727051e-02 -4.524095728993415833e-02 -2.741632983088493347e-02
-3.984215777231261064e-33 8.191557973623275757e-02 1.580367088317871094e-01 1.269536465406417847e-01
1.799379308250379288e-32 8.899535536766052246e-01 1.280566453933715820e-01 1.117609620094299316e+00
-5.981330206489639108e-32 3.612067177891731262e-02 -8.426625132560729980e-01 -2.984902560710906982e-01
5.468519620449065360e-32 2.098540663719177246e-01 -3.216363489627838135e-02 -6.619165092706680298e-02
3.820686513274633905e-33 7.252793014049530029e-02 -6.571582704782485962e-02 -4.674077779054641724e-02
-2.255398088782882007e-32 1.962185651063919067e-01 1.268803328275680542e-01 2.441490739583969116e-01
-1.304990922739098578e-32 2.680556178092956543e-01 1.959927752614021301e-02 5.152116343379020691e-02
-3.575233448057752137e-32 1.150472685694694519e-01 1.533999145030975342e-01 1.730701327323913574e-01
6.789401904380136590e-33 1.645753383636474609e-01 -4.540676623582839966e-02 -7.328346371650695801e-02
-6.518822941288016132e-33 1.395040191709995270e-02 3.868757784366607666e-01 5.292719975113868713e-02
1.319797302645262259e-33 5.107742547988891602e-01 5.834826081991195679e-02 2.922655344009399414e-01
-3.131581970121853779e-33 1.134515330195426941e-01 1.258201990276575089e-02 1.399849727749824524e-02
-2.748097509317221870e-33 2.954113781452178955e-01 5.676226317882537842e-02 1.644400507211685181e-01
8.553727383341819854e-32 1.863186620175838470e-02 -1.272180825471878052e-01 -2.324480563402175903e-02
2.377979521307393265e-32 8.279994875192642212e-02 5.245952010154724121e-01 4.259661436080932617e-01
-5.930457161974752149e-32 8.091114759445190430e-01 3.519075512886047363e-01 2.792271137237548828e+00
4.971824474211089763e-32 6.325621157884597778e-02 -9.866057634353637695e-01 -6.120226979255676270e-01
3.653650970074694642e-33 3.309740126132965088e-02 -1.881935633718967438e-02 -6.108285393565893173e-03
2.798109724625322282e-32 9.252818226814270020e-01 1.349060237407684326e-02 1.224125772714614868e-01
8.000467448942275782e-32 2.845106460154056549e-02 2.545148134231567383e-01 7.101208716630935669e-02
9.752340475435316996e-33 1.271884050220251083e-02 -1.578133739531040192e-02 -1.968394033610820770e-03
-6.573407315342036758e-32 1.583669781684875488e-01 -5.321124196052551270e-02 -8.263969421386718750e-02
-6.173547924356862678e-33 2.084773629903793335e-01 -1.400731317698955536e-02 -2.863745577633380890e-02
-8.682254172419202537e-32 1.062464062124490738e-02 -8.009833693504333496e-01 -8.345615863800048828e-02
1.729669407573946731e-32 3.494364321231842041e-01 -9.320712834596633911e-02 -3.194022476673126221e-01
-1.750685630261916851e-32 3.565663397312164307e-01 -7.276079058647155762e-01 -2.544242143630981445e+00
-6.419938887128906779e-32 4.365945234894752502e-02 3.212630003690719604e-02 1.375497132539749146e-02
-6.327502125610469967e-32 1.678336784243583679e-02 6.177020668983459473e-01 1.016667261719703674e-01
2.953079663200635417e-33 1.702285408973693848e-01 2.561149597167968750e-01 4.275510609149932861e-01
-7.455115211977507091e-33 4.013861715793609619e-01 -8.065033555030822754e-01 -3.174601793289184570e+00
1.924724621867261450e-32 3.610120341181755066e-02 1.856769174337387085e-01 6.573554873466491699e-02
-2.035454426473194700e-33 5.993051081895828247e-02 8.851780742406845093e-02 5.202347040176391602e-02
-1.702827912427881375e-33 1.677929237484931946e-02 -3.430826663970947266e-01 -5.645379051566123962e-02
3.746240251985150646e-32 3.148460760712623596e-02 2.427454479038715363e-02 7.494973484426736832e-03
-1.506720281715695308e-33 4.706255346536636353e-02 1.913027279078960419e-02 8.829117752611637115e-03
-1.201508132641480889e-33 8.016504347324371338e-02 -4.239709302783012390e-02 -3.333050012588500977e-02
9.959378826077707967e-33 1.593082547187805176e-01 5.252559781074523926e-01 8.205970525741577148e-01
-1.048641465700475763e-32 1.395774781703948975e-01 2.396138012409210205e-02 3.279803693294525146e-02
2.623040118347894242e-32 8.424143195152282715e-01 7.279363274574279785e-01 6.013673305511474609e+00
-9.079668241281078553e-33 3.991456702351570129e-02 -2.014482952654361725e-02 -7.885253988206386566e-03
1.271660349801608795e-33 1.626586169004440308e-02 -1.631465405225753784e-01 -2.602409385144710541e-02
-3.626050950464562743e-32 3.757424280047416687e-02 -9.433873742818832397e-02 -3.476169705390930176e-02
-1.196550668887880207e-33 1.481753438711166382e-01 5.029895901679992676e-01 7.308960556983947754e-01
-3.805294149434585314e-33 2.170135825872421265e-02 2.254481799900531769e-02 4.797934554517269135e-03
-2.814506695324942370e-33 1.095557026565074921e-02 8.203164339065551758e-01 8.813270181417465210e-02
-2.664391658621120672e-32 9.829884022474288940e-02 6.159613728523254395e-01 5.937759280204772949e-01
6.666970494322149027e-33 1.061768233776092529e-01 3.216319531202316284e-02 3.348957002162933350e-02
4.549836108198098415e-32 1.090607419610023499e-02 -1.481972485780715942e-01 -1.585000008344650269e-02
1.925068453964876969e-32 2.470005154609680176e-01 -2.532167434692382812e-01 -6.133536100387573242e-01
9.963696563765072082e-33 9.522247910499572754e-01 -7.072316110134124756e-02 -6.604224443435668945e-01
-3.585844929436212632e-32 8.186889439821243286e-02 -6.718733161687850952e-02 -5.394199490547180176e-02
4.013032286557700178e-33 6.360539197921752930e-01 5.136073008179664612e-02 3.203655183315277100e-01
-4.585123713925814222e-33 8.513694405555725098e-01 2.393572181463241577e-01 1.998413085937500000e+00
-2.917533779323524876e-32 1.626593768596649170e-01 6.613600850105285645e-01 1.054964303970336914e+00
-2.105789249333883156e-32 2.341816201806068420e-02 -1.019123941659927368e-01 -2.340456098318099976e-02
6.048386061327105720e-33 2.144296765327453613e-01 -2.757003307342529297e-01 -5.797528028488159180e-01
-2.748441157743845073e-33 1.621655188500881195e-02 -1.174903661012649536e-02 -1.868449850007891655e-03
3.811775531411431702e-33 2.337262481451034546e-01 -2.059676498174667358e-01 -4.720925986766815186e-01
3.794904248741254821e-33 3.150545805692672729e-02 1.607876643538475037e-02 4.967743996530771255e-03
2.031919274149890523e-32 2.014854550361633301e-01 -1.030488312244415283e-01 -2.036139070987701416e-01
-8.092252251906387783e-33 3.065585158765316010e-02 -1.541895791888237000e-02 -4.635420162230730057e-03
6.192187591341057838e-33 1.902178823947906494e-01 1.013983320444822311e-02 1.891484670341014862e-02
-7.067781447984313748e-32 2.919936738908290863e-02 -3.891406357288360596e-01 -1.114296317100524902e-01
6.952311462408689624e-32 1.539993137121200562e-01 1.572883129119873047e-02 2.375395409762859344e-02
6.688837627983320630e-33 1.013057455420494080e-01 3.990899026393890381e-01 3.964838087558746338e-01
1.157709947813811720e-33 3.777859359979629517e-02 7.148522734642028809e-01 2.648395001888275146e-01
1.877793891531444738e-32 3.153800070285797119e-01 -2.025663107633590698e-02 -6.265014410018920898e-02
-8.131102340201064385e-33 2.321126498281955719e-02 4.720979630947113037e-01 1.074611842632293701e-01
6.998846932769042342e-32 4.362158104777336121e-02 -7.139915972948074341e-02 -3.054324537515640259e-02
-1.567378012637132367e-32 1.102607604116201401e-02 -1.956165023148059845e-02 -2.115179086104035378e-03
8.411944838343801941e-33 4.651020467281341553e-02 -2.266166359186172485e-01 -1.033619493246078491e-01
-7.940481972219814451e-32 6.729365885257720947e-02 1.585111916065216064e-01 1.046055480837821960e-01
-4.998746013175606424e-33 1.043065823614597321e-02 -1.408784743398427963e-02 -1.441043219529092312e-03
8.673079439011034583e-33 3.878302276134490967e-01 1.874016821384429932e-01 7.127476930618286133e-01
1.959284963933802893e-33 2.142854593694210052e-02 -2.663732171058654785e-01 -5.597626790404319763e-02
-2.477333185459656122e-32 9.596177935600280762e-02 -1.330557931214570999e-02 -1.252139639109373093e-02
-1.055889178158562124e-33 4.117218554019927979e-01 9.134764224290847778e-02 3.688263297080993652e-01
2.816725808254104070e-33 2.082837969064712524e-01 1.159421633929014206e-02 2.368195541203022003e-02
1.522323591690418805e-33 1.515346914529800415e-01 2.035582065582275391e-02 3.024971857666969299e-02
-4.211985807460326235e-32 3.240024149417877197e-01 -1.030275784432888031e-02 -3.273576125502586365e-02
4.341344552664503392e-33 1.070388779044151306e-02 4.131538271903991699e-01 4.336845874786376953e-02
-9.137107303366071104e-33 6.520850658416748047e-01 9.235749244689941406e-01 5.906049251556396484e+00
7.143454484565673918e-32 2.253522537648677826e-02 9.643596410751342773e-02 2.131187170743942261e-02
-2.937735237489581298e-32 2.533269859850406647e-02 -4.742836654186248779e-01 -1.178257763385772705e-01
4.225999904174035694e-33 1.429468672722578049e-02 9.585206210613250732e-02 1.343682873994112015e-02
-4.088790693416288816e-33 9.445773810148239136e-02 3.399108350276947021e-01 3.148641586303710938e-01
-7.775497813598853932e-32 5.109883472323417664e-02 4.400244951248168945e-01 2.204999774694442749e-01
5.882195404691819976e-33 8.222613483667373657e-02 2.232314087450504303e-02 1.800055243074893951e-02
-4.670994898684527000e-32 7.235463708639144897e-02 -7.168256640434265137e-01 -5.086284279823303223e-01
-2.236141875011680557e-32 6.693608164787292480e-01 2.657574415206909180e-01 1.744481563568115234e+00
1.845996328531320303e-33 2.869157306849956512e-02 1.403189748525619507e-01 3.948130086064338684e-02
-6.823127571989197283e-33 3.694408386945724487e-02 -5.071604251861572266e-01 -1.837430596351623535e-01
-1.044898544750663746e-32 7.996981739997863770e-01 1.311026066541671753e-01 1.028153896331787109e+00
8.583996069001906052e-33 2.337658032774925232e-02 7.381296753883361816e-01 1.692132353782653809e-01
-6.586836162805830571e-32 2.991428375244140625e-01 1.304566115140914917e-02 3.827061131596565247e-02
9.838266467618136863e-32 7.423278093338012695e-01 4.833863303065299988e-02 3.518931269645690918e-01
-3.982191649427542011e-32 2.747380360960960388e-02 4.512718692421913147e-02 1.215843670070171356e-02
-3.245866396176276700e-32 6.935719847679138184e-01 7.867093682289123535e-01 5.350896358489990234e+00
1.245909309336923427e-33 2.278667315840721130e-02 1.752125471830368042e-02 3.915315493941307068e-03
1.220708859405903680e-32 7.082922011613845825e-02 7.421150803565979004e-02 5.154711753129959106e-02
1.060450408480439537e-32 2.041352838277816772e-01 -1.506294403225183487e-02 -3.015425801277160645e-02
-6.218076385049980193e-33 1.847849190235137939e-01 6.952295303344726562e-01 1.259840011596679688e+00
-1.992427659813252657e-33 1.088673900812864304e-02 -8.152412772178649902e-01 -8.703714609146118164e-02
4.362750304792977247e-32 5.565198659896850586e-01 -4.563143849372863770e-02 -2.490379363298416138e-01
9.201273131873644196e-32 4.709750711917877197e-01 9.268281608819961548e-02 4.280729591846466064e-01
1.159458954838140663e-33 1.729542016983032227e-02 -1.957583427429199219e-01 -3.320259973406791687e-02
1.917889856901199112e-32 1.779306679964065552e-01 -2.546060085296630859e-02 -4.442629963159561157e-02
1.442132909913657806e-32 1.589857935905456543e-01 -2.100326120853424072e-02 -3.274656459689140320e-02
-3.001755010824064720e-32 3.653751909732818604e-01 -1.709096692502498627e-02 -6.123876199126243591e-02
-4.443837374480637167e-33 2.028329111635684967e-02 -3.039017878472805023e-02 -6.044945213943719864e-03
-8.515306056611605681e-33 1.171825174242258072e-02 -5.632152035832405090e-02 -6.472288630902767181e-03
6.948781452873170295e-32 2.499484568834304810e-01 3.192448616027832031e-01 7.825192213058471680e-01
-2.902615874390826931e-32 1.658890768885612488e-02 -4.660985618829727173e-02 -7.582566700875759125e-03
5.272347245712087910e-32 2.969201207160949707e-01 2.037824094295501709e-01 5.933719277381896973e-01
-5.832811784987821782e-33 3.968591243028640747e-02 3.483397513628005981e-02 1.355689112097024918e-02
1.821772696038734645e-33 8.987249732017517090e-01 8.362208008766174316e-01 7.370016098022460938e+00
-1.087954368161590177e-33 4.831911921501159668e-01 8.942705392837524414e-02 4.237489104270935059e-01
3.716140617106392078e-33 7.812299728393554688e-01 -1.522959023714065552e-01 -1.166776895523071289e+00
1.609929144895372942e-33 4.840961694717407227e-01 1.214666143059730530e-01 5.766459703445434570e-01
-7.826457256948526329e-32 7.085824608802795410e-01 4.380938038229942322e-02 3.044235110282897949e-01
-6.471005300464504004e-33 1.234681159257888794e-02 2.882830798625946045e-01 3.490556776523590088e-02
-2.708684469431096781e-33 5.635004118084907532e-02 -2.466043084859848022e-02 -1.362748071551322937e-02
-9.567789331724156385e-33 4.010074734687805176e-01 7.022590637207031250e-01 2.761662006378173828e+00
9.982834346480428186e-33 2.559955604374408722e-02 -3.925711289048194885e-02 -9.855337440967559814e-03
-7.861761466533947501e-32 1.794813014566898346e-02 -5.523953586816787720e-02 -9.722767397761344910e-03
-2.817384893242930741e-32 3.066872991621494293e-02 6.471308320760726929e-02 1.946294493973255157e-02
-7.322971279845850377e-32 4.949015378952026367e-02 3.331021592020988464e-02 1.616653427481651306e-02
8.062751017120594686e-32 5.249411612749099731e-02 1.820029877126216888e-02 9.369357489049434662e-03
-2.089205081158894618e-32 8.850443959236145020e-01 -2.609020471572875977e-02 -2.264452427625656128e-01
-1.053399609693215140e-33 1.825674623250961304e-01 1.543500181287527084e-02 2.763444371521472931e-02
-1.387851960338943183e-32 4.190886020660400391e-02 9.745703637599945068e-02 4.005343094468116760e-02
4.712965336733461364e-32 4.602049589157104492e-01 6.245028227567672729e-02 2.818424403667449951e-01
-5.903909797555781608e-32 1.611817069351673126e-02 1.516053453087806702e-02 2.396353753283619881e-03
-9.312355878658411838e-33 4.272106289863586426e-02 -7.238029837608337402e-01 -3.032376170158386230e-01
-9.309545565539183454e-32 5.803383514285087585e-02 -5.504064634442329407e-02 -3.132459521293640137e-02
1.017656224398067223e-33 1.002145782113075256e-01 -2.034515328705310822e-02 -1.999459043145179749e-02
-2.844825266026541589e-33 1.821614205837249756e-01 -4.490749537944793701e-02 -8.022245019674301147e-02
5.316869681996657460e-32 1.164899114519357681e-02 -5.232123285531997681e-02 -5.977051332592964172e-03
-5.267270873358061861e-32 3.334182873368263245e-02 -4.327065497636795044e-02 -1.414827816188335419e-02
-2.486668961593886729e-32 2.252411991357803345e-01 5.875766649842262268e-02 1.297875493764877319e-01
1.051456186923519730e-32 6.102383136749267578e-02 1.129371952265501022e-02 6.758606061339378357e-03
-5.404094301563548249e-32 6.012365221977233887e-01 2.227685600519180298e-01 1.313469290733337402e+00
3.120713422822547835e-33 1.430344581604003906e-02 1.796324253082275391e-01 2.519684098660945892e-02
8.827258453559236635e-32 4.538942575454711914e-01 -4.925203323364257812e-02 -2.192297726869583130e-01
3.726378511686481865e-32 2.994632162153720856e-02 1.459627691656351089e-02 4.286533687263727188e-03
8.776393637504805432e-32 4.285492002964019775e-02 -1.530493348836898804e-01 -6.432099640369415283e-02
-3.168633772464963060e-32 5.184178352355957031e-01 -2.569595910608768463e-02 -1.306367665529251099e-01
5.693398154980298483e-32 2.571587264537811279e-01 -1.866767257452011108e-01 -4.707736372947692871e-01
-1.891598162503532419e-32 8.782888203859329224e-02 -4.692345112562179565e-02 -4.041550308465957642e-02
1.697849216307568966e-32 1.467628777027130127e-02 -4.075423255562782288e-02 -5.865561775863170624e-03
-9.402424459870323298e-33 8.791909366846084595e-02 -9.176616072654724121e-01 -7.912002801895141602e-01
-1.113700816851467645e-33 1.140268296003341675e-01 3.297666907310485840e-01 3.687520921230316162e-01
2.609433807971324727e-33 3.535847365856170654e-02 -1.423744261264801025e-01 -4.936807230114936829e-02
6.040187796382486455e-32 6.982483267784118652e-01 1.499560289084911346e-02 1.026820391416549683e-01
2.609330621607841608e-32 2.197202853858470917e-02 5.162127017974853516e-01 1.112293824553489685e-01
-1.612847456558083123e-32 2.160365134477615356e-02 -2.279415279626846313e-01 -4.829156398773193359e-02
7.751314809129768569e-33 1.816743426024913788e-02 -2.697998657822608948e-02 -4.806799348443746567e-03
-9.533747603071518350e-32 7.312026023864746094e-01 8.611474186182022095e-02 6.174985170364379883e-01
-1.017232403583298093e-33 4.998402670025825500e-02 -1.425861865282058716e-01 -6.989230960607528687e-02
1.196910461994727985e-32 1.540907174348831177e-01 -1.984360255300998688e-02 -2.998594008386135101e-02
1.500192779952678377e-32 1.025453507900238037e-01 -1.302453782409429550e-02 -1.309781894087791443e-02
8.329814517419787240e-32 2.514497190713882446e-02 -7.446166127920150757e-02 -1.836134679615497589e-02
-3.577298203884971485e-32 3.551651909947395325e-02 -2.861313894391059875e-02 -9.965900331735610962e-03
2.186738639245703016e-32 1.418451406061649323e-02 -9.327883720397949219e-01 -1.297532469034194946e-01
1.909882977130573101e-33 1.301416195929050446e-02 -9.976909309625625610e-02 -1.273306366056203842e-02
1.752568331401552597e-32 9.423994421958923340e-01 -1.039644610136747360e-02 -9.608168154954910278e-02
1.993718793420837087e-32 1.918906718492507935e-02 -5.842696875333786011e-02 -1.099481433629989624e-02
-4.164992114708343604e-33 2.341208420693874359e-02 3.042843192815780640e-02 6.986188702285289764e-03
6.722458235784776581e-33 5.426990985870361328e-01 2.644756250083446503e-02 1.407555192708969116e-01
-1.390746174367461507e-32 2.136987261474132538e-02 5.828367546200752258e-02 1.221432629972696304e-02
1.308425423358613596e-32 7.949645817279815674e-02 -2.264383435249328613e-01 -1.765299588441848755e-01
3.599967612440579300e-33 3.832998499274253845e-02 -3.512174189090728760e-01 -1.320186853408813477e-01
-6.339362275863091437e-32 2.239649742841720581e-01 4.568718969821929932e-01 1.003448843955993652e+00
2.555654023066243494e-33 6.070024520158767700e-02 -3.892432153224945068e-02 -2.317032776772975922e-02
-1.765748635278544422e-33 3.988170251250267029e-02 1.793262213468551636e-01 7.013554126024246216e-02
-2.388676079089494523e-32 1.134421955794095993e-02 -8.297461271286010742e-01 -9.230825304985046387e-02
-6.810851296736384723e-32 5.140900611877441406e-02 -1.490151286125183105e-01 -7.512599229812622070e-02
1.008721640812352416e-33 6.817422807216644287e-02 -2.137022912502288818e-01 -1.428729742765426636e-01
-4.343866355389001830e-33 2.449135184288024902e-01 -6.462734937667846680e-02 -1.552207469940185547e-01
1.589873007218436925e-33 4.328952729701995850e-02 7.182221859693527222e-02 3.049034625291824341e-02
1.572078226798895284e-32 1.232546865940093994e-01 2.017516046762466431e-01 2.438603043556213379e-01
-2.067835255076517769e-33 7.335650920867919922e-01 1.373651772737503052e-01 9.881798624992370605e-01
-2.328830633131574896e-32 6.665672063827514648e-01 2.988948822021484375e-01 1.953813433647155762e+00
-1.567516720970529397e-32 2.940914407372474670e-02 4.561178684234619141e-01 1.315467506647109985e-01
1.697950345555938146e-33 4.452744722366333008e-01 4.937747120857238770e-01 2.156141757965087891e+00
-2.794699615513586826e-33 1.429342012852430344e-02 -1.479215361177921295e-02 -2.073424402624368668e-03
7.266948394580010977e-32 1.739439815282821655e-01 6.417694091796875000e-01 1.094735264778137207e+00
-3.033676331338811664e-33 5.169324278831481934e-01 -1.022417694330215454e-01 -5.183019638061523438e-01
-1.039366227525312503e-32 2.640995085239410400e-01 -3.076228313148021698e-02 -7.967220246791839600e-02
1.200868278005549701e-32 5.431610345840454102e-01 1.580006182193756104e-01 8.416045308113098145e-01
3.163227673945531360e-32 3.466745913028717041e-01 -2.724282070994377136e-02 -9.261786192655563354e-02
-2.046617802449366259e-32 1.331417169421911240e-02 2.267065085470676422e-02 2.960048615932464600e-03
3.892177287892562229e-32 1.366498321294784546e-01 -3.584677726030349731e-02 -4.803744331002235413e-02
-2.851178004840369863e-32 4.257552623748779297e-01 5.937981009483337402e-01 2.479245185852050781e+00
-2.020532444044467340e-33 3.945802152156829834e-02 -5.450605750083923340e-01 -2.109117507934570312e-01
-5.527665206457864168e-32 7.546754926443099976e-02 -3.543943911790847778e-02 -2.622815594077110291e-02
1.365657102526182172e-33 1.852885037660598755e-01 5.697256326675415039e-01 1.035225391387939453e+00
3.024387979054797044e-32 3.546901419758796692e-02 4.324643611907958984e-01 1.504250466823577881e-01
2.274944870063927341e-33 5.242772102355957031e-01 -8.264298737049102783e-02 -4.249009191989898682e-01
-6.339469245849016265e-32 2.282619178295135498e-01 1.740523278713226318e-01 3.896134793758392334e-01
-9.167694547995230142e-32 2.660067379474639893e-02 3.956398665904998779e-01 1.032079979777336121e-01
3.165884291178389730e-32 7.413209974765777588e-02 4.088704586029052734e-01 2.972437441349029541e-01
-4.101979225753736397e-32 1.536860130727291107e-02 -1.144232004880905151e-01 -1.724523492157459259e-02
-6.821095436130213253e-33 1.241878643631935120e-01 -6.181694269180297852e-01 -7.528480887413024902e-01
1.625277427697265697e-32 2.683327905833721161e-02 6.095007658004760742e-01 1.603868305683135986e-01
2.617315166985801996e-32 1.897522434592247009e-02 1.433777716010808945e-02 2.668021945282816887e-03
6.610459338090336819e-33 1.232787892222404480e-01 3.515964373946189880e-02 4.250632226467132568e-02
-1.546606145837339430e-32 2.597964107990264893e-01 4.217611551284790039e-01 1.074534535408020020e+00
-1.163654477847217723e-32 7.029192149639129639e-02 -5.303744599223136902e-02 -3.656021133065223694e-02
2.619541847159847114e-32 2.889863848686218262e-01 -3.094548285007476807e-01 -8.769914507865905762e-01
-4.056086163056108060e-32 3.005118966102600098e-01 -3.937917575240135193e-02 -1.160510182380676270e-01
8.269156070181480149e-33 9.350923299789428711e-01 -1.463038660585880280e-02 -1.341624408960342407e-01
-2.397907823973677358e-33 5.741782188415527344e-01 1.167398244142532349e-01 6.573345065116882324e-01
5.420509712830796862e-33 1.539898570626974106e-02 1.210377514362335205e-01 1.827820949256420135e-02
-1.809408699519991972e-33 5.761203169822692871e-01 -3.173695802688598633e-01 -1.793078064918518066e+00
-2.883539658192095143e-32 9.830296039581298828e-02 2.920392155647277832e-02 2.815324440598487854e-02
8.825701952101954073e-33 1.825227960944175720e-02 6.847627162933349609e-01 1.225682199001312256e-01
-8.987688012381142347e-33 6.328852474689483643e-02 5.929519608616828918e-02 3.680146858096122742e-02
-2.851480217091126580e-33 1.203542482107877731e-02 5.098250508308410645e-02 6.017322186380624771e-03
7.491546720645366837e-33 5.663720369338989258e-01 9.135460257530212402e-01 5.074028968811035156e+00
1.829999907531742909e-32 2.815881744027137756e-02 2.178051508963108063e-02 6.014551036059856415e-03
-4.222840910042994649e-32 7.764407992362976074e-02 -1.411304920911788940e-01 -1.074607521295547485e-01
4.032201881088925411e-32 3.855310380458831787e-01 2.280922047793865204e-02 8.623636513948440552e-02
-9.782627087384253234e-33 9.052855372428894043e-01 1.200022455304861069e-02 1.065358147025108337e-01
1.217128817892077477e-32 1.192437633872032166e-01 -2.975186705589294434e-02 -3.479129448533058167e-02
4.724661872866127757e-33 5.743071436882019043e-02 1.390155591070652008e-02 7.829396985471248627e-03
9.330797915654875001e-33 1.052506733685731888e-02 1.185720637440681458e-01 1.223849318921566010e-02
3.486213187401583378e-33 6.318879127502441406e-02 -6.032940149307250977e-01 -3.738434016704559326e-01
-7.106446689792323546e-33 6.273770332336425781e-02 4.018162786960601807e-01 2.472161501646041870e-01
-9.439803270048151955e-32 2.346638590097427368e-02 3.129427134990692139e-01 7.201644778251647949e-02
-4.392987839852766654e-32 3.309690952301025391e-01 -7.702543586492538452e-02 -2.500013113021850586e-01
-8.743296859373434663e-33 9.588398933410644531e-01 1.107693687081336975e-01 1.041565179824829102e+00
2.831499200850047800e-33 9.843906164169311523e-01 2.465188503265380859e-02 2.379788011312484741e-01
2.626844899687918281e-32 3.566609323024749756e-02 9.511688947677612305e-01 3.326855003833770752e-01
7.707637700220234096e-32 1.225494593381881714e-01 -8.518263101577758789e-01 -1.023724555969238281e+00
1.302690039484157803e-32 2.728823125362396240e-01 -4.530429467558860779e-02 -1.212370693683624268e-01
-3.116842666862083895e-32 1.508159190416336060e-01 -2.220843285322189331e-01 -3.284625113010406494e-01
-1.364282123110605496e-32 1.177202612161636353e-01 -6.203509122133255005e-02 -7.161587476730346680e-02
7.258222846950650989e-33 4.766017496585845947e-01 -3.642599880695343018e-01 -1.702502608299255371e+00
-4.661601009048327616e-33 9.564985632896423340e-01 5.716003477573394775e-02 5.361638069152832031e-01
1.548902253646479990e-33 2.791321277618408203e-01 -1.079871412366628647e-02 -2.955987304449081421e-02
2.228578597421696106e-33 1.305225789546966553e-01 6.207003071904182434e-02 7.944897562265396118e-02
-1.673486214266013941e-32 1.414097193628549576e-02 3.387984633445739746e-01 4.698307067155838013e-02
-2.164594676664912764e-32 5.141366124153137207e-01 2.813141234219074249e-02 1.418374031782150269e-01
9.076445182707917694e-33 6.001135334372520447e-02 5.514482259750366211e-01 3.245329856872558594e-01
-8.052626337340168471e-33 1.568798720836639404e-01 -6.712321192026138306e-02 -1.032667830586433411e-01
-2.267106343124858159e-33 2.295723743736743927e-02 -1.097868904471397400e-01 -2.471671625971794128e-02
4.747863192615482657e-33 2.083242684602737427e-01 7.051131129264831543e-01 1.440520167350769043e+00
-4.205634831888024195e-33 6.472790986299514771e-02 1.181480139493942261e-01 7.499610632658004761e-02
-5.958356785707549879e-33 4.411279037594795227e-02 5.038025379180908203e-01 2.179443240165710449e-01
1.978731240447852922e-32 2.706535533070564270e-02 -1.267639845609664917e-01 -3.364575281739234924e-02
2.761339453179234938e-33 7.341260462999343872e-02 -4.608792960643768311e-01 -3.318016231060028076e-01
-3.311306166686553445e-32 4.833202958106994629e-01 1.972999796271324158e-02 9.351531416177749634e-02
-1.119196987625531103e-32 1.447251290082931519e-01 -1.365310698747634888e-01 -1.937742680311203003e-01
3.943052903801341611e-33 1.635651849210262299e-02 1.369092427194118500e-02 2.196060493588447571e-03
-1.035346496022981070e-33 5.628553032875061035e-01 5.785434246063232422e-01 3.193400621414184570e+00
1.086884117289364948e-33 6.016542762517929077e-02 -2.534358017146587372e-02 -1.495325192809104919e-02
-4.833308774950800840e-33 1.661579906940460205e-01 6.135776638984680176e-01 9.997961521148681641e-01
1.980861677021924465e-32 7.575247287750244141e-01 1.374957337975502014e-02 1.021425575017929077e-01
-2.179543438324319794e-32 1.716440729796886444e-02 -1.677031815052032471e-02 -2.822869224473834038e-03
4.880431772081373922e-33 4.903077334165573120e-02 -3.506307601928710938e-01 -1.685929596424102783e-01
1.948151048784798818e-32 7.932661473751068115e-02 -4.306301474571228027e-01 -3.349993824958801270e-01
-9.585507558074100725e-32 1.030070930719375610e-01 -3.162400722503662109e-01 -3.194513320922851562e-01
-1.243603687370380900e-33 1.359090674668550491e-02 -2.872384786605834961e-01 -3.828350827097892761e-02
-5.803392687869792392e-32 2.883245944976806641e-01 6.107909232378005981e-02 1.727010309696197510e-01
5.141376016132170280e-32 1.633112430572509766e-01 6.664704084396362305e-01 1.067376494407653809e+00
1.251460085497002427e-32 7.449778914451599121e-01 4.679130613803863525e-01 3.418449878692626953e+00
1.139104351798691174e-33 4.385679364204406738e-01 1.717052049934864044e-02 7.384838163852691650e-02
-5.402351998530438840e-33 3.612513840198516846e-02 1.257952861487865448e-02 4.456506576389074326e-03
2.844203356046559672e-33 1.941155195236206055e-01 8.896250724792480469e-01 1.693510651588439941e+00
4.947040424786749580e-33 1.119289360940456390e-02 1.989209800958633423e-01 2.183451876044273376e-02
-1.694094173072264095e-33 1.047027185559272766e-01 -6.574906408786773682e-02 -6.751001626253128052e-02
3.046797236016888501e-33 1.150678694248199463e-01 2.177293896675109863e-01 2.456924468278884888e-01
-2.113223222545277155e-32 7.241144180297851562e-01 2.187096327543258667e-02 1.553086936473846436e-01
1.080594047018114887e-32 1.981855630874633789e-01 -7.202341407537460327e-02 -1.399801224470138550e-01
3.324519898684146779e-33 1.189056038856506348e-02 2.128264009952545166e-01 2.481695450842380524e-02
1.999071406947306374e-32 2.554235979914665222e-02 -3.794926404953002930e-02 -9.505720809102058411e-03
-1.882385960212932004e-33 2.416795119643211365e-02 7.961481064558029175e-02 1.886923797428607941e-02
-9.088576725218785259e-32 3.941564857959747314e-01 -5.515170097351074219e-01 -2.131808996200561523e+00
1.797478717556091966e-33 3.674314320087432861e-01 1.397526636719703674e-02 5.035667866468429565e-02
-2.458402069344853961e-33 1.088264808058738708e-01 6.669551730155944824e-01 7.117900848388671875e-01
-1.837406991309861848e-32 2.786481566727161407e-02 -9.242869913578033447e-02 -2.525711245834827423e-02
-6.850247989904193689e-32 9.361235797405242920e-02 8.541049808263778687e-02 7.840885221958160400e-02
-2.581765866828234378e-32 3.735941946506500244e-01 2.271062321960926056e-02 8.320508152246475220e-02
1.269324660893624141e-32 2.744227647781372070e-02 6.177004054188728333e-02 1.662335544824600220e-02
6.586604002671543169e-32 7.710819691419601440e-02 -1.446121782064437866e-01 -1.093518361449241638e-01
4.159924264688361017e-33 2.659536898136138916e-01 -3.010555729269981384e-02 -7.851874828338623047e-02
-1.462533908245766311e-33 1.403314247727394104e-02 3.033922314643859863e-01 4.175226762890815735e-02
-2.505112467958288420e-32 1.782176457345485687e-02 -4.866768792271614075e-02 -8.505740202963352203e-03
1.153459782684520655e-32 3.789937496185302734e-02 -5.871918797492980957e-02 -2.182392030954360962e-02
-6.044686192857892570e-33 6.333595514297485352e-01 3.418541550636291504e-01 2.123302459716796875e+00
-2.245185577533930289e-33 4.399492964148521423e-02 -1.789542883634567261e-01 -7.720855623483657837e-02
4.705529453343747279e-32 1.237353086471557617e-01 3.275429084897041321e-02 3.974499925971031189e-02
1.847110844112693684e-32 8.887383937835693359e-01 -7.008291780948638916e-02 -6.108108758926391602e-01
1.523126601268824280e-33 1.886752620339393616e-02 -2.182204835116863251e-02 -4.037673119455575943e-03
-7.959780650724439356e-32 2.188044786453247070e-02 4.049492180347442627e-01 8.689153194427490234e-02
1.496620856696712541e-33 1.558239012956619263e-01 1.854544132947921753e-01 2.833948433399200439e-01
-8.224205166206035875e-33 2.278593331575393677e-01 6.775825470685958862e-02 1.514083147048950195e-01
-1.568194834274160004e-32 4.326173365116119385e-01 -1.328518241643905640e-02 -5.636274069547653198e-02
-1.449068712292593166e-33 1.211281120777130127e-02 8.241206407546997070e-01 9.789407998323440552e-02
-3.463238884998731032e-33 1.034387480467557907e-02 -3.191555663943290710e-02 -3.237474709749221802e-03
1.759887693913741423e-33 2.684422023594379425e-02 1.679600179195404053e-01 4.421578720211982727e-02
-1.387064324022594555e-33 1.822229847311973572e-02 -5.203460901975631714e-02 -9.298569522798061371e-03
-9.346713521417833362e-32 7.781013101339340210e-02 6.084806323051452637e-01 4.643052518367767334e-01
-5.555150468431997041e-33 4.382654651999473572e-02 2.950190901756286621e-01 1.267967224121093750e-01
-7.485470443409172580e-32 6.884460896253585815e-02 -2.485603466629981995e-02 -1.678117737174034119e-02
2.361521498369927344e-33 2.799116373062133789e-01 -3.308189511299133301e-01 -9.080964922904968262e-01
1.408749347894884862e-33 9.582841992378234863e-01 2.072538882493972778e-01 1.947680354118347168e+00
-6.904404924824896561e-33 8.301473408937454224e-02 -2.752311229705810547e-01 -2.240646779537200928e-01
-4.164182492974214754e-33 3.111166357994079590e-01 -2.685581520199775696e-02 -8.193741738796234131e-02
4.719386180751240404e-32 1.262204721570014954e-02 1.037926673889160156e-01 1.284745614975690842e-02
2.152825921098067727e-32 1.553492154926061630e-02 4.257384240627288818e-01 6.485935300588607788e-02
2.068782997396868238e-33 1.638134717941284180e-01 1.707014068961143494e-02 2.742252126336097717e-02
9.552942838073270894e-32 1.381864584982395172e-02 4.193591773509979248e-01 5.682929977774620056e-02
-1.369092668437452623e-33 3.149706870317459106e-02 2.055468223989009857e-02 6.348945666104555130e-03
1.723717181725962688e-33 3.460069745779037476e-02 4.489493742585182190e-02 1.523361168801784515e-02
-1.542438687755888252e-33 1.193935330957174301e-02 2.057379111647605896e-02 2.408883534371852875e-03
-6.143961833572619597e-33 2.493524923920631409e-02 8.039250969886779785e-01 1.965848207473754883e-01
3.617309460193069728e-33 4.922494292259216309e-02 -5.943865701556205750e-02 -2.869292907416820526e-02
-2.939219299107494436e-32 1.734026893973350525e-02 1.095695123076438904e-01 1.863229088485240936e-02
1.164762895551646213e-32 1.651574112474918365e-02 -1.950048469007015228e-02 -3.158378414809703827e-03
-3.116623804507640170e-33 9.176338464021682739e-02 -2.636668086051940918e-02 -2.372714877128601074e-02
-6.424593257010987626e-32 5.414105951786041260e-02 1.846094615757465363e-02 9.801699779927730560e-03
8.056188819907129266e-33 2.597728744149208069e-02 -2.015824057161808014e-02 -5.135315470397472382e-03
9.960192121231683137e-33 2.591506950557231903e-02 3.824486956000328064e-02 9.719552472233772278e-03
9.385650155484089255e-33 8.747792243957519531e-02 -7.049540281295776367e-01 -6.047556400299072266e-01
5.942172726422222478e-32 6.452243775129318237e-02 5.021081492304801941e-02 3.177084028720855713e-02
-1.590207472095444329e-33 5.231024324893951416e-02 5.300468206405639648e-02 2.719078026711940765e-02
1.302109639148439298e-32 8.560487627983093262e-02 -1.579689979553222656e-02 -1.326145045459270477e-02
2.384689977745856146e-32 5.916997417807579041e-02 4.292072057723999023e-01 2.490514516830444336e-01
-4.322069971794070343e-32 9.761250615119934082e-01 5.373590588569641113e-01 5.143878459930419922e+00
1.915659613509903064e-33 3.434886783361434937e-02 -2.019382640719413757e-02 -6.802236195653676987e-03
-3.432958370926739685e-32 1.517377886921167374e-02 4.732314944267272949e-01 7.041870802640914917e-02
9.157485967305513986e-33 4.185441434383392334e-01 2.768291831016540527e-01 1.136249780654907227e+00
-1.682548541026884514e-32 4.691552370786666870e-02 5.353823304176330566e-01 2.463209033012390137e-01
3.245017542318189155e-33 1.388018298894166946e-02 7.068510353565216064e-02 9.621521458029747009e-03
9.784033272501424395e-32 7.862359285354614258e-01 -2.708257734775543213e-01 -2.088158845901489258e+00
8.062445388589380891e-32 1.522157490253448486e-01 -5.732592940330505371e-02 -8.557193726301193237e-02
-9.290877539753774706e-32 1.827874034643173218e-02 1.012658048421144485e-02 1.815222087316215038e-03
-3.109807039298824799e-33 1.907514780759811401e-01 3.719308674335479736e-01 6.957461237907409668e-01
-5.771507183198547064e-33 1.433987170457839966e-01 -9.232650697231292725e-02 -1.298351734876632690e-01
9.320195544357633379e-32 1.037238687276840210e-01 4.062566161155700684e-01 4.132375717163085938e-01
-6.394872645591972320e-32 1.547328755259513855e-02 2.360800653696060181e-02 3.582305274903774261e-03
1.305073207343656138e-32 5.103979110717773438e-01 7.376918941736221313e-02 3.692364394664764404e-01
6.311580054628582083e-32 1.001720130443572998e-01 7.139272242784500122e-02 7.013277709484100342e-02
2.801927436403205366e-33 1.108576729893684387e-02 -2.124527096748352051e-01 -2.309663407504558563e-02
2.255163724596686813e-32 3.866545855998992920e-02 -7.238005399703979492e-01 -2.744497060775756836e-01
7.548959481044259739e-32 9.495719075202941895e-01 -2.263251505792140961e-02 -2.107566893100738525e-01
4.987147043074058281e-32 1.228919811546802521e-02 -3.457900285720825195e-01 -4.167318344116210938e-02
-1.519953501205573368e-33 9.114435315132141113e-01 7.913439273834228516e-01 7.073195934295654297e+00
-2.274148288970252925e-33 6.709328293800354004e-02 1.481583118438720703e-01 9.748230129480361938e-02
1.474335320515045130e-33 1.552180945873260498e-01 5.635556578636169434e-01 8.578273057937622070e-01
6.736262653693658114e-32 2.184270471334457397e-01 1.096295937895774841e-02 2.348307147622108459e-02
-8.066330397418848551e-33 1.171342004090547562e-02 3.720580041408538818e-02 4.273808095604181290e-03
-6.964676487484989267e-32 1.654583215713500977e-02 9.057779610157012939e-02 1.469707954674959183e-02
3.652850752295372370e-32 1.136937085539102554e-02 -2.483481466770172119e-01 -2.768968418240547180e-02
2.348029394616379907e-33 9.860878437757492065e-02 -5.107609555125236511e-02 -4.939169809222221375e-02
3.113090341957465301e-33 6.247189640998840332e-02 3.164982497692108154e-01 1.938994824886322021e-01
-4.251467136221394405e-32 2.789901010692119598e-02 5.542130470275878906e-01 1.516303718090057373e-01
-9.719691854525197224e-33 3.568672388792037964e-02 -7.185585498809814453e-01 -2.514719367027282715e-01
1.022965509937449169e-32 2.381536364555358887e-02 -1.107091363519430161e-02 -2.585600363090634346e-03
-3.098163400411945409e-33 1.003042235970497131e-02 -3.948572650551795959e-02 -3.884007222950458527e-03
-4.014453900038225882e-33 6.096872687339782715e-01 2.212199196219444275e-02 1.322671473026275635e-01
5.307167739372145710e-32 2.438613325357437134e-01 -2.243369519710540771e-01 -5.364934802055358887e-01
-3.986704519177142626e-33 1.721183396875858307e-02 9.402574300765991211e-01 1.587064564228057861e-01
1.764716771643713233e-33 7.991271615028381348e-01 8.032669126987457275e-02 6.295009851455688477e-01
8.698195345184291283e-33 3.202265873551368713e-02 -1.098410338163375854e-01 -3.449393063783645630e-02
-1.146602077211518051e-33 5.248390510678291321e-02 -4.513104259967803955e-01 -2.322855442762374878e-01
7.124098941521827985e-33 2.196233347058296204e-02 -2.625957131385803223e-02 -5.655705928802490234e-03
-8.349859634837184298e-33 3.871504068374633789e-01 1.274471636861562729e-02 4.838721081614494324e-02
1.306264864741802232e-32 7.660737633705139160e-02 -1.305792778730392456e-01 -9.809920191764831543e-02
3.741316767365128421e-33 1.637747697532176971e-02 -1.143193244934082031e-01 -1.836061850190162659e-02
-2.303913458972004089e-33 6.124369055032730103e-02 -2.589484862983226776e-02 -1.555232703685760498e-02
-4.618926964162029186e-32 1.245379149913787842e-01 4.276816546916961670e-01 5.223274827003479004e-01
2.090417419910775492e-33 1.227878555655479431e-01 5.617094635963439941e-01 6.763754487037658691e-01
1.221241835891406198e-33 6.665622442960739136e-02 3.508356809616088867e-01 2.293322682380676270e-01
-2.309052499868608351e-32 1.936849951744079590e-01 2.704839222133159637e-02 5.137574300169944763e-02
-8.105610275835544552e-33 4.162357375025749207e-02 -3.937762603163719177e-02 -1.607346907258033752e-02
2.390152316323135000e-33 2.785547971725463867e-01 -1.226781457662582397e-01 -3.351185917854309082e-01
5.185147899273739800e-32 4.782482087612152100e-01 2.281200699508190155e-02 1.069886088371276855e-01
-4.296426709467675994e-33 2.601528167724609375e-01 -1.434324588626623154e-02 -3.659288585186004639e-02
-1.567031682614021351e-32 1.300492323935031891e-02 4.749476537108421326e-02 6.057231687009334564e-03
-4.175457320508523651e-32 1.113284826278686523e-01 -2.936767935752868652e-01 -3.206244111061096191e-01
-4.128193043650661114e-32 2.492910474538803101e-01 3.624355196952819824e-01 8.860496878623962402e-01
-2.883760761332645123e-33 5.933842062950134277e-01 -5.780130624771118164e-01 -3.363522291183471680e+00
-1.138058382231650118e-32 6.905134022235870361e-02 5.610179901123046875e-02 3.799002245068550110e-02
-2.626779365877859939e-32 3.230885788798332214e-02 2.976363152265548706e-02 9.430359117686748505e-03
2.698667604523160048e-33 3.340094983577728271e-01 5.783766508102416992e-01 1.894480943679809570e+00
-1.866757211805772744e-33 6.172238588333129883e-01 1.743987761437892914e-02 1.055618077516555786e-01
-4.761542053034016984e-32 1.054383814334869385e-02 6.248049736022949219e-01 6.460466235876083374e-02
-8.569749077469939927e-33 7.478625178337097168e-01 1.752525568008422852e-01 1.285306811332702637e+00
3.002956072177017392e-33 3.574609383940696716e-02 7.922733575105667114e-02 2.777309715747833252e-02
1.787815088700577330e-32 5.354374647140502930e-01 5.555552840232849121e-01 2.917136430740356445e+00
9.764715786087186333e-32 9.679875522851943970e-02 -8.239538669586181641e-01 -7.821558713912963867e-01
-3.794092422955218178e-33 7.008510828018188477e-02 -2.837846055626869202e-02 -1.950451917946338654e-02
5.339222074419527889e-33 5.384984612464904785e-02 3.611270338296890259e-02 1.907063461840152740e-02
-3.335619871433770861e-33 1.182468011975288391e-01 4.142059758305549622e-02 4.803153127431869507e-02
-4.836697872101015347e-33 2.185703366994857788e-01 2.652705907821655273e-01 5.685923099517822266e-01
-9.252664569397243783e-32 8.210025727748870850e-02 -3.748725354671478271e-02 -3.018205426633358002e-02
3.340949268946811407e-33 6.781862974166870117e-01 -4.033229872584342957e-02 -2.682394683361053467e-01
4.815788178588588497e-32 2.752942591905593872e-02 3.315023779869079590e-01 8.949618041515350342e-02
1.135580366671719809e-32 2.067306824028491974e-02 -7.569534331560134888e-02 -1.534598600119352341e-02
1.351087033718732234e-33 3.623468279838562012e-01 -1.493747085332870483e-01 -5.307893753051757812e-01
2.993077217652706888e-32 1.203202083706855774e-01 -4.473336040973663330e-01 -5.278260111808776855e-01
-6.350648637935717778e-33 1.852595359086990356e-01 1.517305523157119751e-01 2.756603360176086426e-01
-3.314707753464245440e-32 1.882677339017391205e-02 8.074206709861755371e-01 1.490721255540847778e-01
-1.984255035339160703e-32 1.787771433591842651e-01 -2.568520978093147278e-02 -4.503143578767776489e-02
1.746831074082975180e-33 3.131736218929290771e-01 -1.933747716248035431e-02 -5.938895046710968018e-02
-1.695882467321849426e-32 8.153311014175415039e-01 -1.003394462168216705e-02 -8.022808283567428589e-02
1.356689825503835120e-33 5.636581182479858398e-01 1.376812532544136047e-02 7.610466331243515015e-02
-3.044674183016708060e-33 6.306700110435485840e-01 4.115859791636466980e-02 2.545560598373413086e-01
-4.993269678868713092e-33 4.337674379348754883e-01 7.427599430084228516e-01 3.159556388854980469e+00
8.076060551907780036e-33 2.838027290999889374e-02 2.024080902338027954e-01 5.633328855037689209e-02
-1.495586458402187391e-32 2.257699072360992432e-01 1.975751072168350220e-01 4.374404847621917725e-01
7.128471780506886894e-33 1.180907059460878372e-02 -4.874675348401069641e-02 -5.645236466079950333e-03
-1.367412721706234490e-33 2.400797456502914429e-01 -5.281237363815307617e-01 -1.243402957916259766e+00
-2.099823211427276952e-33 3.301340714097023010e-02 9.588870406150817871e-02 3.104405477643013000e-02
2.090967698203754175e-33 1.631115972995758057e-01 2.091259509325027466e-01 3.345133364200592041e-01
8.300322539652006869e-32 3.429994732141494751e-02 5.675001144409179688e-01 1.908886432647705078e-01
9.440932920119292173e-32 5.668988823890686035e-01 2.504088729619979858e-02 1.392117887735366821e-01
-7.507806599316322276e-32 2.015994675457477570e-02 -2.095595560967922211e-02 -4.143024794757366180e-03
-1.796181449337364182e-33 9.528865814208984375e-01 1.113940123468637466e-02 1.040935292840003967e-01
-2.910757642138209799e-33 5.110783576965332031e-01 3.839348852634429932e-01 1.924268841743469238e+00
2.377426671620522158e-33 1.599650532007217407e-01 -7.817462086677551270e-01 -1.226341962814331055e+00
2.872724889759339319e-33 2.652572840452194214e-02 3.098800480365753174e-01 8.060864359140396118e-02
-1.171266538452761298e-32 3.360458314418792725e-01 -2.386613041162490845e-01 -7.865045070648193359e-01
-5.573858461025333747e-33 1.072714757174253464e-02 -6.836234927177429199e-01 -7.191540300846099854e-02
-5.634211647074411675e-33 1.942136287689208984e-01 -3.766572847962379456e-02 -7.173758745193481445e-02
-1.266358594772911804e-32 3.663284182548522949e-01 1.316791474819183350e-01 4.730513393878936768e-01
-2.442443264164502880e-33 3.832929432392120361e-01 -5.331652164459228516e-01 -2.004071950912475586e+00
-3.625909009521700951e-32 1.008326373994350433e-02 1.473889648914337158e-01 1.457426976412534714e-02
1.357226365206588568e-32 1.152195408940315247e-01 -9.229479730129241943e-02 -1.042855232954025269e-01
2.290307773076808449e-32 1.597161591053009033e-01 -1.624358594417572021e-01 -2.544201314449310303e-01
1.743593689172413674e-33 3.855094313621520996e-02 3.221882134675979614e-02 1.218050532042980194e-02
8.791342252227418609e-33 3.682259842753410339e-02 -5.081787332892417908e-02 -1.835065707564353943e-02
3.530074187708624612e-32 2.549627237021923065e-02 -5.666950941085815430e-01 -1.416924893856048584e-01
-8.828020614708951035e-33 5.286407843232154846e-02 -1.552347242832183838e-01 -8.047670871019363403e-02
-2.531297192370030286e-32 6.509643048048019409e-02 -5.996058136224746704e-02 -3.827751427888870239e-02
1.202166244174048285e-32 4.508483707904815674e-01 3.998749554157257080e-01 1.767972111701965332e+00
5.131903074500878097e-33 5.209666118025779724e-02 1.294004172086715698e-01 6.610985845327377319e-02
1.965403044687848268e-32 4.801531508564949036e-02 3.368501737713813782e-02 1.586124487221240997e-02
-5.201663007155617528e-32 4.885753616690635681e-02 -2.049402296543121338e-01 -9.819275140762329102e-02
-1.369147494228658944e-33 3.266507685184478760e-01 -1.731768250465393066e-02 -5.547459796071052551e-02
1.307796974691305231e-32 1.099579781293869019e-02 1.781420856714248657e-01 1.920940726995468140e-02
-1.442425901880600261e-32 1.333079636096954346e-01 -3.051058053970336914e-01 -3.988662064075469971e-01
2.090127991161083967e-32 1.050088834017515182e-02 -4.432560503482818604e-01 -4.564585909247398376e-02
2.480929867565386153e-33 3.351625800132751465e-01 -8.349807560443878174e-02 -2.744432985782623291e-01
-1.053623045455367533e-33 3.246220946311950684e-01 -2.820782363414764404e-01 -8.979834318161010742e-01
3.183521996165302743e-32 4.335941001772880554e-02 -3.702794015407562256e-01 -1.574467122554779053e-01
-4.170232248119118583e-33 3.516745567321777344e-01 -7.125161886215209961e-01 -2.457289695739746094e+00
1.170402109294525358e-32 1.661284267902374268e-02 1.971768587827682495e-01 3.212333098053932190e-02
-1.250426421886446541e-33 5.425805598497390747e-02 4.194711148738861084e-02 2.231962792575359344e-02
6.420838728054461240e-32 2.689482644200325012e-02 -1.147223543375730515e-02 -3.025780897587537766e-03
-1.054658490674548884e-33 8.235458135604858398e-01 -3.576187193393707275e-01 -2.888209581375122070e+00
-1.361141275673605270e-33 1.514728963375091553e-01 6.901349872350692749e-02 1.025155186653137207e-01
3.721852564562228352e-32 3.535798788070678711e-01 -2.478025294840335846e-02 -8.592389523983001709e-02
-1.112580240127347837e-33 2.179839462041854858e-02 1.144902855157852173e-01 2.447449788451194763e-02
-4.260352698019260077e-32 4.106220901012420654e-01 1.474721077829599380e-02 5.938446894288063049e-02
4.225358892410852915e-33 6.749854683876037598e-01 7.458189129829406738e-02 4.936833679676055908e-01
-2.038696586829556422e-33 1.198948267847299576e-02 -1.371633354574441910e-02 -1.612720778211951256e-03
-8.792734478349173756e-33 1.352409739047288895e-02 -1.486185938119888306e-01 -1.971070468425750732e-02
6.539933938208021299e-32 9.324558377265930176e-01 -5.559313669800758362e-02 -5.083585381507873535e-01
3.073466631443153781e-33 1.339018940925598145e-01 4.194588959217071533e-01 5.508036613464355469e-01
-1.844759855411049109e-33 4.107490479946136475e-01 2.696318738162517548e-02 1.086096689105033875e-01
1.480056267849504887e-32 1.427467614412307739e-01 -5.519991368055343628e-02 -7.727257162332534790e-02
1.258501517063618708e-33 9.371079206466674805e-01 1.648275926709175110e-02 1.514747291803359985e-01
1.921483637005250551e-33 3.347120583057403564e-01 -1.045963540673255920e-01 -3.433274626731872559e-01
-2.528952375013727528e-32 1.436259411275386810e-02 2.623039484024047852e-01 3.694523125886917114e-02
1.221002237081929999e-33 6.832244992256164551e-01 4.312233254313468933e-02 2.889257967472076416e-01
-2.196064717551539339e-32 2.298568747937679291e-02 1.743054576218128204e-02 3.929064609110355377e-03
1.615245905844142148e-32 3.785623908042907715e-01 1.162502449005842209e-02 4.315707832574844360e-02
8.550326678184890976e-32 2.551449462771415710e-02 -6.110756844282150269e-02 -1.528983004391193390e-02
-1.326255542077076832e-33 2.091940492391586304e-02 -1.969606280326843262e-01 -4.040633141994476318e-02
1.201983197663106177e-33 3.610590845346450806e-02 -9.823986291885375977e-01 -3.478457629680633545e-01
-3.933219158872743912e-33 8.055742383003234863e-01 1.310639977455139160e-01 1.035403609275817871e+00
-2.542574297424643901e-32 6.113931164145469666e-02 1.362739969044923782e-02 8.170604705810546875e-03
5.214656407430828610e-33 1.120121181011199951e-01 4.267216622829437256e-01 4.687382280826568604e-01
4.838417032589092943e-32 2.852160036563873291e-01 2.912256307899951935e-02 8.145620673894882202e-02
2.171961058951134481e-32 9.472004771232604980e-01 -3.590788245201110840e-01 -3.335434198379516602e+00
-2.260888896363969838e-33 4.624976217746734619e-02 -7.473541498184204102e-01 -3.389663696289062500e-01
-8.374607464341839770e-33 5.716635659337043762e-02 1.134163979440927505e-02 6.358242128044366837e-03
-5.191205809410702459e-32 1.921606659889221191e-01 -7.749558687210083008e-01 -1.460367441177368164e+00
8.323391175476512703e-33 4.059232771396636963e-02 1.346856504678726196e-01 5.361495912075042725e-02
-5.801224782413288388e-33 8.882246017456054688e-01 1.417916640639305115e-02 1.235077381134033203e-01
-7.601789723653265807e-32 1.009526252746582031e-01 -7.538826763629913330e-02 -7.463491708040237427e-02
-2.147312264845535787e-32 1.802126765251159668e-01 -3.303628563880920410e-01 -5.838444828987121582e-01
2.537082865362182195e-33 1.343841850757598877e-01 2.617612853646278381e-02 3.449643775820732117e-02
3.180685528296768563e-32 2.584395706653594971e-01 -5.850413814187049866e-02 -1.482744216918945312e-01
8.747522320754259228e-32 3.762888908386230469e-01 -1.628040149807929993e-02 -6.007685139775276184e-02
-3.432479136573588824e-33 3.280600160360336304e-02 -1.881176680326461792e-01 -6.052064523100852966e-02
5.698690818294875833e-32 2.978259325027465820e-01 1.116652041673660278e-01 3.261377215385437012e-01
2.502664207099113301e-33 1.006904393434524536e-01 2.745988070964813232e-01 2.711487114429473877e-01
6.324852414406922679e-33 1.202804781496524811e-02 -4.877142235636711121e-02 -5.752826109528541565e-03
2.809798252702723698e-32 1.178873851895332336e-01 -1.853998601436614990e-01 -2.143371254205703735e-01
5.045043225524726849e-33 1.244885195046663284e-02 2.696179412305355072e-02 3.291537286713719368e-03
-1.033005333719425400e-33 2.259997092187404633e-02 -3.814009428024291992e-01 -8.452989161014556885e-02
-3.139537495483028242e-33 1.743528395891189575e-01 -5.462194606661796570e-02 -9.339354932308197021e-02
-3.480773954635137874e-32 7.577546834945678711e-01 1.661072671413421631e-01 1.234348893165588379e+00
-7.008112179242223612e-33 3.571973741054534912e-01 8.904600143432617188e-02 3.119201064109802246e-01
-1.801652089843495718e-33 9.805818647146224976e-02 -1.957045346498489380e-01 -1.881938427686691284e-01
-9.104105005593147677e-32 3.254951536655426025e-02 -3.671527281403541565e-02 -1.171957794576883316e-02
1.591178540631818928e-33 3.898112475872039795e-01 -6.960837244987487793e-01 -2.660948753356933594e+00
5.391492414375557916e-32 4.838835820555686951e-02 -1.309422105550765991e-01 -6.213570386171340942e-02
-1.055743894403640182e-33 1.632012054324150085e-02 -6.279752254486083984e-01 -1.005047410726547241e-01
1.958719073606477351e-33 4.785914346575737000e-02 7.341731339693069458e-02 3.445752710103988647e-02
2.149024225430714596e-32 9.775344282388687134e-02 -2.554045021533966064e-01 -2.448393851518630981e-01
-1.198836436020153377e-32 3.828817605972290039e-01 -2.407683990895748138e-02 -9.040341526269912720e-02
-2.988831405525933712e-33 6.386906504631042480e-01 -1.503300201147794724e-02 -9.415793418884277344e-02
6.676179610940078533e-32 2.892977297306060791e-01 -1.009445190429687500e-01 -2.863838076591491699e-01
-1.715477517339675401e-33 1.187329925596714020e-02 9.861361235380172729e-02 1.148230209946632385e-02
-1.278866222007645576e-33 1.205323114991188049e-01 -3.230449557304382324e-02 -3.818450123071670532e-02
5.909238901195234449e-32 6.204010248184204102e-01 -1.045518144965171814e-01 -6.360991001129150391e-01
1.627685721748512858e-32 2.828575856983661652e-02 -1.243649143725633621e-02 -3.449740121141076088e-03
2.831781466431039002e-32 6.340163946151733398e-01 -9.155524522066116333e-02 -5.692517757415771484e-01
-4.067755001603133202e-32 8.465148806571960449e-01 1.099499687552452087e-02 9.127469360828399658e-02
-1.413288592798982052e-33 7.968691736459732056e-02 -7.494249939918518066e-01 -5.856469273567199707e-01
3.102174260605347980e-32 1.059734672307968140e-01 -2.335402816534042358e-01 -2.427055090665817261e-01
-2.497750640712676139e-32 4.371679946780204773e-02 -3.393089398741722107e-02 -1.454669516533613205e-02
2.092136029385876140e-32 2.702083885669708252e-01 4.865000769495964050e-02 1.289146989583969116e-01
-3.402016935155998507e-33 1.233027428388595581e-01 -1.936514489352703094e-02 -2.341607771813869476e-02
8.326514317029853668e-32 1.199412271380424500e-01 4.180831462144851685e-02 4.917584359645843506e-02
4.779925903060114444e-32 1.453312765806913376e-02 4.867520928382873535e-02 6.937253754585981369e-03
1.672146150706076533e-32 3.964511156082153320e-01 7.577632665634155273e-01 2.946075439453125000e+00
1.189601568729101170e-33 1.108525544404983521e-01 2.133623138070106506e-02 2.319445088505744934e-02
-2.677792110549502434e-33 1.260578483343124390e-01 5.154731497168540955e-02 6.372305750846862793e-02
2.434972777159836464e-32 6.531499326229095459e-02 -1.293083280324935913e-02 -8.282473310828208923e-03
-7.332490580035603114e-33 3.087806403636932373e-01 1.282054092735052109e-02 3.882192820310592651e-02
-1.216585868071692202e-33 3.657625317573547363e-01 1.198929101228713989e-01 4.300445020198822021e-01
2.504353098607657223e-32 2.906823456287384033e-01 2.743947133421897888e-02 7.821951061487197876e-02
3.181740534476631566e-32 1.357572991400957108e-02 1.036104839295148849e-02 1.379391527734696865e-03
3.625551879644241755e-33 1.073827892541885376e-01 -8.150926828384399414e-01 -8.583459854125976562e-01
1.616513382627916279e-32 2.664249949157238007e-02 -2.064997702836990356e-01 -5.395295470952987671e-02
6.206962820646924728e-33 2.168503217399120331e-02 -5.131043195724487305e-01 -1.091154962778091431e-01
9.136507066563182474e-33 4.308230802416801453e-02 1.352918297052383423e-01 5.715987086296081543e-02
3.738014730265271689e-32 7.107339054346084595e-02 2.216022461652755737e-01 1.544549763202667236e-01
-1.356759528645419035e-33 4.543462991714477539e-01 -5.660387873649597168e-01 -2.522050857543945312e+00
-2.018951587813603679e-33 3.412951529026031494e-01 -1.658468395471572876e-01 -5.550830960273742676e-01
7.843525434922465944e-32 1.256211753934621811e-02 1.243613213300704956e-01 1.532035600394010544e-02
2.662237932565223462e-33 2.467179894447326660e-01 5.819348692893981934e-01 1.407977938652038574e+00
1.942026686482816237e-33 9.999315142631530762e-01 -3.266550600528717041e-02 -3.203172683715820312e-01
5.054254252320976441e-32 4.084581136703491211e-01 -3.916822373867034912e-01 -1.568924665451049805e+00
1.331917677959797012e-32 8.301592469215393066e-01 -1.439346093684434891e-02 -1.171783357858657837e-01
3.534905469490504214e-32 1.059527546167373657e-01 -1.611582040786743164e-01 -1.674500852823257446e-01
-3.880096732449161580e-32 4.301754012703895569e-02 1.459162868559360504e-02 6.155594717711210251e-03
-4.924065314231531044e-32 1.790155023336410522e-01 -4.245124459266662598e-01 -7.452496290206909180e-01
5.863108388638740009e-32 1.097396314144134521e-01 -1.896081715822219849e-01 -2.040521651506423950e-01
-5.970332281343345786e-32 2.302221506834030151e-01 6.350878626108169556e-02 1.433842927217483521e-01
1.594097293104910668e-32 1.303709670901298523e-02 -7.967159152030944824e-02 -1.018603239208459854e-02
-7.769289440184986021e-32 6.218057125806808472e-02 -8.433584123849868774e-02 -5.142657086253166199e-02
-4.086614926841313689e-32 9.878999739885330200e-02 4.574230313301086426e-01 4.431509375572204590e-01
1.148395991793468251e-33 8.358786702156066895e-01 3.537425100803375244e-01 2.899687290191650391e+00
9.119424929593826845e-33 4.488553404808044434e-01 1.225778646767139435e-02 5.395592004060745239e-02
6.810266194423262930e-33 5.914466083049774170e-02 9.478980302810668945e-02 5.497912690043449402e-02
-1.675280018645368752e-33 1.404710412025451660e-01 2.607256770133972168e-01 3.591627180576324463e-01
7.483587301459155275e-32 5.490847229957580566e-01 -5.513457953929901123e-02 -2.968821525573730469e-01
3.406969072450822025e-32 2.857778780162334442e-02 -8.257210254669189453e-02 -2.314102649688720703e-02
-3.571556501728380022e-32 2.165124565362930298e-02 2.214065194129943848e-02 4.701040219515562057e-03
-2.257863394310144049e-32 1.252651587128639221e-02 4.658768177032470703e-01 5.722977966070175171e-02
-2.514247822305703828e-32 1.473199278116226196e-01 3.514600917696952820e-02 5.077596381306648254e-02
-8.500637356481282061e-32 1.546827517449855804e-02 8.943815529346466064e-02 1.356704905629158020e-02
-5.843150992487273064e-33 1.515438500791788101e-02 1.320010572671890259e-01 1.961717195808887482e-02
-4.185754944895314595e-32 1.815474629402160645e-01 -1.200335174798965454e-01 -2.137043625116348267e-01
-9.284139606134861354e-33 6.600361317396163940e-02 2.448938637971878052e-01 1.585135012865066528e-01
1.544199357888229260e-33 2.674271166324615479e-01 -3.537289053201675415e-02 -9.276767820119857788e-02
-6.153722477446275535e-33 2.508301287889480591e-02 9.920619428157806396e-02 2.440277300775051117e-02
-8.176628501724442316e-33 2.079604864120483398e-01 -4.177511110901832581e-02 -8.519598096609115601e-02
-1.344919233227066923e-32 7.466512918472290039e-01 -9.191160649061203003e-02 -6.729903817176818848e-01
-1.976082227194076434e-33 6.604619622230529785e-01 1.117358822375535965e-02 7.237042486667633057e-02
-7.656085807717747267e-33 1.392702609300613403e-01 -1.243905629962682724e-02 -1.698894985020160675e-02
-1.104983056872181856e-33 1.425937712192535400e-01 2.808776870369911194e-02 3.927701339125633240e-02
4.166440911495732073e-33 2.209866791963577271e-02 1.074407063424587250e-02 2.328389557078480721e-03
-5.990553943318556966e-33 4.069386050105094910e-02 1.473164558410644531e-01 5.878964066505432129e-02
-1.658255921709584973e-33 2.176366373896598816e-02 -1.299727894365787506e-02 -2.773991553112864494e-03
2.396245234151233085e-33 2.962045669555664062e-01 -1.651193015277385712e-02 -4.796343296766281128e-02
4.143104409896032611e-33 1.494552940130233765e-01 -6.297515630722045898e-01 -9.229989647865295410e-01
7.220873718005180595e-33 3.383328616619110107e-01 -1.895670592784881592e-02 -6.289668381214141846e-02
1.638163600847162708e-33 3.558839857578277588e-01 -1.460055410861968994e-01 -5.095636844635009766e-01
3.804201307030305219e-33 4.558175057172775269e-02 -3.318872302770614624e-02 -1.483550108969211578e-02
-8.875861618482685756e-32 1.514153555035591125e-02 2.512618713080883026e-02 3.730930620804429054e-03
5.313071072001975238e-32 1.766443997621536255e-02 1.739721745252609253e-01 3.013702109456062317e-02
3.897807024212237869e-33 9.597230702638626099e-02 -1.586333848536014557e-02 -1.493004802614450455e-02
-5.241719152654237797e-32 9.409211874008178711e-01 1.972203552722930908e-01 1.819808363914489746e+00
4.642391961987952910e-33 3.484318405389785767e-02 -4.611199349164962769e-02 -1.575623266398906708e-02
-1.309157976744366661e-33 4.927091673016548157e-02 -5.067515969276428223e-01 -2.448535561561584473e-01
-1.459829812061394260e-33 3.680536895990371704e-02 -1.472162548452615738e-02 -5.313585046678781509e-03
1.506115067428914915e-32 2.713875174522399902e-01 -1.582596637308597565e-02 -4.211926460266113281e-02
-9.410478800225363759e-33 7.576886564493179321e-02 1.937465220689773560e-01 1.439611762762069702e-01
1.419105122517843046e-32 1.365880575031042099e-02 -2.112391963601112366e-02 -2.829488599672913551e-03
-3.834499306580765047e-33 5.275534093379974365e-02 -6.747374534606933594e-01 -3.490775525569915771e-01
-7.169373841127717652e-33 8.755557984113693237e-02 8.658026158809661865e-02 7.434014230966567993e-02
5.997400977506906012e-32 1.662201732397079468e-01 9.891314804553985596e-02 1.612346619367599487e-01
-3.110020464991895970e-33 2.581675648689270020e-01 -2.215814031660556793e-02 -5.609907209873199463e-02
8.599929601053714453e-32 1.062033511698246002e-02 4.920313358306884766e-01 5.124501883983612061e-02
-2.137596363225608023e-32 2.159648388624191284e-01 -1.563996076583862305e-02 -3.312373906373977661e-02
3.160189314922243453e-32 1.366484016180038452e-01 3.008903264999389648e-01 4.032119810581207275e-01
1.416840973461365468e-33 4.851344972848892212e-02 -1.278600245714187622e-01 -6.082997471094131470e-02
2.042159336047689638e-33 3.814495727419853210e-02 -4.461192339658737183e-02 -1.668817177414894104e-02
1.828206250089181951e-32 6.269118189811706543e-02 -2.339416556060314178e-02 -1.438251044601202011e-02
1.415341924290479346e-32 7.917169928550720215e-01 3.260535597801208496e-01 2.531509637832641602e+00
1.539683806542140832e-33 6.878840923309326172e-02 -3.716216608881950378e-02 -2.506899647414684296e-02
-1.409649886770210124e-33 1.102587860077619553e-02 3.154757916927337646e-01 3.411142900586128235e-02
4.130365651084568407e-32 1.058889646083116531e-02 5.040730237960815430e-01 5.234374850988388062e-02
-3.414331707848800497e-33 1.580701619386672974e-01 -1.883733570575714111e-01 -2.920048236846923828e-01
2.830506348933984526e-32 3.701988607645034790e-02 -1.820103451609611511e-02 -6.607723422348499298e-03
-8.767662653214072891e-33 1.465852260589599609e-01 -1.806600950658321381e-02 -2.597006969153881073e-02
5.744781951790617726e-33 8.704147934913635254e-01 -3.726515918970108032e-02 -3.180899322032928467e-01
-1.774485680712023390e-33 3.202584385871887207e-02 -3.989047110080718994e-01 -1.252824962139129639e-01
-1.010526391982849259e-33 5.458101034164428711e-01 -1.722603663802146912e-02 -9.220354259014129639e-02
7.479797654608898073e-33 2.379956543445587158e-01 -7.133996486663818359e-01 -1.665032029151916504e+00
8.665585074777367089e-32 5.063167959451675415e-02 2.031944319605827332e-02 1.008915528655052185e-02
1.367309865950537540e-33 1.120676174759864807e-01 -5.328351631760597229e-02 -5.855900421738624573e-02
-2.017718053429209541e-33 3.327138125896453857e-01 4.132128134369850159e-02 1.348234117031097412e-01
-2.586024205316683504e-33 4.144662618637084961e-01 8.354081958532333374e-02 3.395538032054901123e-01
3.489233105857242761e-33 1.680736392736434937e-01 -3.094975352287292480e-01 -5.101260542869567871e-01
8.474640711165671762e-32 8.340693116188049316e-01 -4.642831981182098389e-01 -3.797570228576660156e+00
-3.641022928137398513e-32 1.253476180136203766e-02 1.415739674121141434e-02 1.740284147672355175e-03
-4.589697121634482185e-33 5.764217972755432129e-01 -5.825403332710266113e-01 -3.292964935302734375e+00
-4.225961847544427822e-32 1.454834640026092529e-01 9.482822418212890625e-01 1.352919459342956543e+00
-2.521597894607807886e-32 6.404637098312377930e-01 -2.231377512216567993e-01 -1.401484370231628418e+00
3.474435836032297953e-33 3.300670906901359558e-02 -4.155574366450309753e-02 -1.345098018646240234e-02
-4.525605128865820118e-33 7.106159925460815430e-01 -1.404255926609039307e-01 -9.785925745964050293e-01
-1.926171655413123686e-33 3.052197396755218506e-01 1.557345408946275711e-02 4.661419987678527832e-02
1.425432000455953230e-33 1.858538389205932617e-02 9.691029191017150879e-01 1.766290366649627686e-01
-5.069499018151599909e-33 1.913460642099380493e-01 1.152096539735794067e-01 2.161867469549179077e-01
6.121810009873358221e-32 9.421478211879730225e-02 -7.161787152290344238e-02 -6.616999953985214233e-02
3.989034789790853958e-32 2.715619467198848724e-02 -5.785995125770568848e-01 -1.540875881910324097e-01
2.177284432055627063e-32 5.081921815872192383e-01 9.315859675407409668e-01 4.642710208892822266e+00
3.240373898822059561e-32 5.830972641706466675e-02 -5.218816995620727539e-01 -2.984240055084228516e-01
6.488511350084124921e-32 4.570062085986137390e-02 -2.986053824424743652e-01 -1.338259726762771606e-01
-2.776456861543786504e-33 9.276390820741653442e-02 6.567966192960739136e-02 5.974899604916572571e-02
-1.242448451930011065e-32 5.366567373275756836e-01 3.825693950057029724e-02 2.013388127088546753e-01
-3.283178350112902339e-32 5.093364045023918152e-02 5.709461122751235962e-02 2.851809561252593994e-02
-9.615826643054478428e-33 5.472999438643455505e-02 -2.052833698689937592e-02 -1.101792603731155396e-02
1.482114980901077039e-33 1.169470176100730896e-01 -2.432979494333267212e-01 -2.790283262729644775e-01
-5.002549545552882714e-32 2.394879423081874847e-02 -2.572558447718620300e-02 -6.041844841092824936e-03
-9.768748172520888338e-33 1.036231294274330139e-01 -3.897582367062568665e-02 -3.960706666111946106e-02
-1.181473484470645842e-33 3.786687552928924561e-01 -7.059311866760253906e-01 -2.621455669403076172e+00
2.567550319770152749e-32 5.518248677253723145e-02 1.360338460654020309e-02 7.361544296145439148e-03
3.439756842504720385e-32 6.928237676620483398e-01 9.328502416610717773e-01 6.338045597076416016e+00
-1.189917299164892344e-33 4.568728208541870117e-01 5.211801454424858093e-02 2.335091382265090942e-01
4.850686254875800569e-32 3.402111828327178955e-01 -1.999088227748870850e-01 -6.669621467590332031e-01
-1.561990575090519971e-32 9.081883430480957031e-01 2.611573040485382080e-01 2.325941562652587891e+00
-4.669905509294902445e-32 1.093101203441619873e-01 3.229003846645355225e-01 3.461382687091827393e-01
-8.489103552847807629e-33 1.733995042741298676e-02 -5.137655138969421387e-01 -8.736418932676315308e-02
1.063065369132240642e-32 1.986391842365264893e-02 -9.052895754575729370e-02 -1.763490401208400726e-02
-3.468331346931683961e-32 1.100659966468811035e-01 3.095679916441440582e-02 3.341411054134368896e-02
-6.029438488291392047e-32 9.808834791183471680e-01 -2.165494672954082489e-02 -2.083028405904769897e-01
8.103705974987212446e-33 1.784432083368301392e-01 -2.257002703845500946e-02 -3.949597105383872986e-02
-1.470263371349598262e-32 5.596275255084037781e-02 -9.934408217668533325e-02 -5.452074110507965088e-02
3.266174971265051803e-33 2.428245171904563904e-02 2.823020815849304199e-01 6.722445785999298096e-02
1.067398975993340857e-32 1.277248375117778778e-02 1.435275189578533173e-02 1.797757926397025585e-03
5.030343301325709512e-33 4.418443143367767334e-02 -5.309533327817916870e-02 -2.300627343356609344e-02
-1.413287674444020472e-33 2.437826246023178101e-02 -5.743872523307800293e-01 -1.373182386159896851e-01
9.373057525314111648e-32 6.036143302917480469e-01 1.387822926044464111e-01 8.215126991271972656e-01
1.437109581742212613e-32 2.297953814268112183e-01 4.889645576477050781e-01 1.101892828941345215e+00
-5.158755700109077801e-32 3.616765141487121582e-02 -2.657600343227386475e-01 -9.426070004701614380e-02
1.320308642687869954e-32 3.099904954433441162e-01 3.255612403154373169e-02 9.896958619356155396e-02
-9.883236179503194294e-33 1.632693260908126831e-01 -5.456889420747756958e-02 -8.737162500619888306e-02
-3.352702375745111122e-33 4.672022163867950439e-02 -2.046572417020797729e-01 -9.376758337020874023e-02
5.278058899294336478e-33 4.008336663246154785e-01 -1.033242978155612946e-02 -4.061508178710937500e-02
-4.088816407355213054e-33 9.629058241844177246e-01 9.421776980161666870e-02 8.896870613098144531e-01
-7.621831314587610398e-32 2.903944253921508789e-01 1.492364984005689621e-02 4.249951988458633423e-02
-2.762792841741431307e-33 1.951701007783412933e-02 2.645557746291160583e-02 5.063504446297883987e-03
2.340751762153645272e-32 9.971747994422912598e-01 7.667300105094909668e-02 7.497810125350952148e-01
2.802059495846680558e-33 1.010195687413215637e-01 -8.144410252571105957e-01 -8.068370223045349121e-01
7.559030528894929687e-32 1.255055963993072510e-01 1.497341394424438477e-01 1.842911988496780396e-01
-2.322961389837919215e-32 4.732656478881835938e-01 -9.404139518737792969e-01 -4.364603042602539062e+00
9.442455185303607035e-33 7.337741851806640625e-01 -3.597825765609741211e-01 -2.588947296142578125e+00
-1.048379918207417804e-32 9.174755215644836426e-02 3.281507194042205811e-01 2.952490746974945068e-01
1.625103307596550145e-32 1.591096073389053345e-02 -1.469114515930414200e-02 -2.292306860908865929e-03
1.844872849805521901e-32 4.435127675533294678e-01 2.130045183002948761e-02 9.264364093542098999e-02
-1.182390370064287226e-33 2.541227042675018311e-01 -2.242575958371162415e-02 -5.588706582784652710e-02
5.655399712342792628e-32 6.482601165771484375e-01 -2.703899145126342773e-01 -1.718939065933227539e+00
1.155316622948438311e-33 5.481339097023010254e-01 -1.921810768544673920e-02 -1.033041998744010925e-01
1.999588771398462033e-32 3.928766772150993347e-02 5.807162076234817505e-02 2.237385697662830353e-02
-1.146930021768298238e-33 7.838578820228576660e-01 4.515674710273742676e-02 3.471207916736602783e-01
2.468047955582510873e-32 2.067408412694931030e-01 9.214305877685546875e-02 1.868140697479248047e-01
-3.207703678203243430e-33 6.968453526496887207e-02 -1.761715263128280640e-01 -1.203906610608100891e-01
-1.293713083000515699e-32 1.356147229671478271e-01 -2.403917908668518066e-01 -3.197033405303955078e-01
2.189901306796590380e-32 7.438351958990097046e-02 -2.068208903074264526e-02 -1.508661545813083649e-02
-1.616848986265076043e-32 1.150371786206960678e-02 3.775455057621002197e-02 4.259201232343912125e-03
7.101799666749935338e-32 7.994821071624755859e-01 -1.594966091215610504e-02 -1.250491887331008911e-01
-8.321536098454121281e-32 5.927620455622673035e-02 2.172580361366271973e-02 1.262923143804073334e-02
-1.688215599292198762e-32 4.331699013710021973e-01 -1.214039046317338943e-02 -5.157171562314033508e-02
-4.461843376541342188e-33 1.259575635194778442e-01 -1.133513525128364563e-01 -1.400140523910522461e-01
2.337682472935251353e-33 1.207849197089672089e-02 -1.486167162656784058e-01 -1.760358177125453949e-02
9.934590588954742979e-32 1.112149283289909363e-01 7.458318024873733521e-02 8.134383708238601685e-02
6.584686771385352018e-32 2.483238577842712402e-01 3.769768401980400085e-02 9.180235117673873901e-02
2.077546307782248392e-33 1.627866923809051514e-01 -1.283544488251209259e-02 -2.049040235579013824e-02
-7.268729562395094448e-33 6.640125066041946411e-02 1.764472015202045441e-02 1.148977875709533691e-02
3.804186246008935308e-33 3.549015820026397705e-01 -1.406252980232238770e-01 -4.894316494464874268e-01
1.852630671710567440e-32 7.625373601913452148e-01 -9.442591071128845215e-01 -7.061110019683837891e+00
6.405870423801471789e-33 2.380038984119892120e-02 1.650246232748031616e-01 3.851709142327308655e-02
-3.369835940592315227e-33 1.089832857251167297e-01 -7.306685298681259155e-02 -7.809100300073623657e-02
-1.407330930289625456e-32 2.303832769393920898e-01 -6.581414490938186646e-02 -1.486931294202804565e-01
1.531340368045195014e-33 2.138327434659004211e-02 8.440970629453659058e-02 1.770057156682014465e-02
3.041020636371757001e-32 2.368363887071609497e-01 -1.110083702951669693e-02 -2.578249014914035797e-02
-4.756274222037600756e-33 1.283421069383621216e-01 9.737651348114013672e-01 1.225586771965026855e+00
-8.847011460630454354e-33 7.376460433006286621e-01 -2.515672743320465088e-01 -1.819796442985534668e+00
-6.724167992318047598e-32 5.905147790908813477e-01 4.452394843101501465e-01 2.578369379043579102e+00
1.353812343902716781e-33 5.266010016202926636e-02 3.977034091949462891e-01 2.053816616535186768e-01
-1.825519584281980686e-33 5.685471370816230774e-02 -5.986091494560241699e-01 -3.337570726871490479e-01
4.322804802700128126e-33 1.085238251835107803e-02 -3.486109077930450439e-01 -3.710109740495681763e-02
-4.126784140202803677e-33 1.185805276036262512e-01 8.837389945983886719e-01 1.027680397033691406e+00
3.223770114585091677e-33 7.826957106590270996e-02 1.998152211308479309e-02 1.533706206828355789e-02
9.101030500118571984e-32 1.535598039627075195e-01 -3.835110068321228027e-01 -5.775319933891296387e-01
-1.230593003654792885e-32 1.425682306289672852e-01 6.669896841049194336e-01 9.325294494628906250e-01
5.941764829882487144e-32 2.459091395139694214e-01 4.681913852691650391e-01 1.129064559936523438e+00
-9.832606462318927548e-32 1.685067266225814819e-02 1.099616009742021561e-02 1.817100564949214458e-03
9.243666160141699173e-32 3.031560033559799194e-02 6.504897028207778931e-02 1.933870092034339905e-02
1.403809883898531147e-33 3.556859493255615234e-02 1.272270083427429199e-01 4.437789320945739746e-02
8.087864719241943594e-33 5.463090911507606506e-02 4.698477983474731445e-01 2.517191767692565918e-01
-2.881403197209475636e-32 2.184816263616085052e-02 -2.361381947994232178e-01 -5.059432610869407654e-02
6.967755988810555954e-33 1.491439063102006912e-02 -1.282143034040927887e-02 -1.875265152193605900e-03
3.004575682987259725e-33 2.177121639251708984e-01 8.408107757568359375e-01 1.795153737068176270e+00
-4.942683748849014477e-33 6.103017330169677734e-01 1.669340133666992188e-01 9.991026520729064941e-01
-6.972338212726855084e-33 1.096091642975807190e-01 -2.209138683974742889e-02 -2.374600246548652649e-02
-4.340245171572896847e-32 3.257291018962860107e-02 -3.886921107769012451e-01 -1.241603568196296692e-01
1.675706686360518779e-33 1.022110972553491592e-02 2.177479267120361328e-01 2.182592824101448059e-02
-9.569970608428900992e-33 2.788081206381320953e-02 -2.621055580675601959e-02 -7.166421040892601013e-03
-3.521271939072873471e-33 1.205154322087764740e-02 -6.919835805892944336e-01 -8.178226649761199951e-02
-1.278777839526143125e-32 1.144840754568576813e-02 8.609189093112945557e-02 9.665581397712230682e-03
-1.496342595143353828e-32 5.342544242739677429e-02 -2.419042773544788361e-02 -1.267396099865436554e-02
2.728408713624917818e-33 4.297293350100517273e-02 5.451032146811485291e-02 2.297176793217658997e-02
2.636582988763717816e-32 1.687135249376296997e-01 6.364849954843521118e-02 1.053073704242706299e-01
1.044501484799475056e-33 7.515959441661834717e-02 6.699016690254211426e-02 4.937602579593658447e-02
7.365502428700126972e-32 5.513358116149902344e-01 -3.908521234989166260e-01 -2.113242626190185547e+00
1.088818723851429191e-33 8.982969820499420166e-02 -1.778884083032608032e-01 -1.567069441080093384e-01
-1.259032969079885004e-33 1.131472829729318619e-02 -5.930788516998291016e-01 -6.580778211355209351e-02
1.837138978597874366e-32 1.554517596960067749e-01 2.890046834945678711e-01 4.405763745307922363e-01
5.176808354601831081e-32 1.107035297900438309e-02 -2.905086241662502289e-02 -3.153851022943854332e-03
1.002645253373562769e-33 8.991202712059020996e-02 -3.123631328344345093e-02 -2.754217572510242462e-02
-2.223312566401004574e-33 8.679269999265670776e-02 -1.504131406545639038e-02 -1.280234847217798233e-02
-1.076697062839948225e-32 8.800105750560760498e-02 -8.411164283752441406e-01 -7.258797287940979004e-01
1.617555605306714090e-32 3.741261363029479980e-01 1.139903664588928223e-01 4.182219803333282471e-01
3.875453897105398176e-33 3.935823142528533936e-01 2.879699505865573883e-02 1.111484467983245850e-01
3.437378743964609971e-33 1.215045005083084106e-01 -3.316976428031921387e-01 -3.952350020408630371e-01
-7.653115921240394757e-32 1.655284166336059570e-01 1.645305305719375610e-01 2.670789957046508789e-01
-7.305196335893478862e-33 1.112524513155221939e-02 -1.080362573266029358e-01 -1.178690511733293533e-02
2.963290778550045534e-32 8.685308694839477539e-01 2.959823608398437500e-01 2.520993709564208984e+00
-2.564980101372079817e-32 7.303489744663238525e-02 1.296616531908512115e-02 9.286726824939250946e-03
1.091084764719127624e-33 1.465490646660327911e-02 -1.218377500772476196e-01 -1.750997826457023621e-02
-1.984939466924926980e-32 2.581964991986751556e-02 1.211247518658638000e-01 3.066930547356605530e-02
-5.579864796347654078e-32 1.052170395851135254e-01 6.138523668050765991e-02 6.333892792463302612e-02
-1.145731495075039526e-32 1.071936823427677155e-02 -3.362092077732086182e-01 -3.534267842769622803e-02
-1.746955198939582321e-32 4.627829417586326599e-02 6.581194400787353516e-01 2.986776530742645264e-01
3.071693655354327602e-33 6.713619083166122437e-02 -3.398704528808593750e-01 -2.237643003463745117e-01
1.727626435126416058e-33 5.697048082947731018e-02 -5.088617801666259766e-01 -2.842957675457000732e-01
8.472980913142310692e-32 1.216796040534973145e-02 1.834010779857635498e-01 2.188468724489212036e-02
1.364563341766940497e-33 2.260438166558742523e-02 -6.300773024559020996e-01 -1.396712958812713623e-01
-2.981050000265474801e-33 1.328822374343872070e-01 -2.483683675527572632e-01 -3.236561715602874756e-01
1.375501041194853408e-33 1.120728906244039536e-02 1.380841732025146484e-01 1.517627388238906860e-02
2.724423971446622579e-33 1.230286341160535812e-02 2.814399078488349915e-02 3.395569045096635818e-03
-1.095859843177358535e-33 1.403756886720657349e-01 8.260435611009597778e-02 1.137144193053245544e-01
5.739226565488631595e-32 1.472320705652236938e-01 5.989291518926620483e-02 8.647659420967102051e-02
7.885169820225840976e-33 2.281030453741550446e-02 -2.701595127582550049e-01 -6.043269857764244080e-02
-4.960763953990615155e-33 4.098087921738624573e-02 2.567906118929386139e-02 1.032003294676542282e-02
8.300496953626310126e-33 2.349879890680313110e-01 -3.987318277359008789e-02 -9.188555181026458740e-02
1.339989999704985208e-33 1.263718456029891968e-01 4.197719693183898926e-01 5.202168822288513184e-01
-7.931759804136713077e-33 8.324616402387619019e-02 3.267006278038024902e-01 2.667072713375091553e-01
2.846386983740005924e-32 1.442024763673543930e-02 -2.236020117998123169e-01 -3.162052854895591736e-02
-1.151886383495945023e-32 1.728165894746780396e-02 -1.755005568265914917e-01 -2.974298968911170959e-02
-3.540218703956220953e-33 1.615962199866771698e-02 -4.610699042677879333e-02 -7.306655403226613998e-03
3.962981720746404189e-32 2.650056034326553345e-02 3.384642302989959717e-01 8.796066790819168091e-02
1.166350327204034786e-32 5.100038647651672363e-01 -4.657740890979766846e-01 -2.329536199569702148e+00
4.857179097922567474e-32 2.145379632711410522e-01 7.814470678567886353e-02 1.644085645675659180e-01
9.825314870860776899e-32 7.919958829879760742e-01 -1.351978629827499390e-02 -1.050058379769325256e-01
-7.057954609085027130e-33 2.694758214056491852e-02 -4.687043279409408569e-02 -1.238623913377523422e-02
-5.523176654747646189e-33 1.083093229681253433e-02 7.827425003051757812e-01 8.313911408185958862e-02
4.967856593029889132e-32 3.157992660999298096e-02 1.623604632914066315e-02 5.028194282203912735e-03
-1.444237063168728932e-33 9.922233223915100098e-01 -2.278514578938484192e-02 -2.217082828283309937e-01
-5.839943362277466747e-33 5.446089431643486023e-02 -3.761864602565765381e-01 -2.009132653474807739e-01
-1.358020246336675939e-33 1.359016150236129761e-01 4.510158300399780273e-01 6.010866761207580566e-01
-7.403413297008496567e-32 3.600783273577690125e-02 -4.008763730525970459e-01 -1.415559500455856323e-01
-7.394464846262861903e-33 3.612728044390678406e-02 -9.331539273262023926e-02 -3.306048735976219177e-02
1.075251039484543727e-33 1.850490272045135498e-02 -5.653398036956787109e-01 -1.025928333401679993e-01
-3.504713190963221465e-32 1.940571330487728119e-02 9.765152633190155029e-02 1.858357898890972137e-02
2.325182376211202538e-33 5.813843384385108948e-02 1.136063411831855774e-02 6.477189250290393829e-03
-2.471682584115253386e-32 6.775850057601928711e-01 1.615804061293601990e-02 1.073675751686096191e-01
-4.316301527140997673e-32 5.418102741241455078e-01 3.240671157836914062e-01 1.721879959106445312e+00
5.575605392567449519e-32 6.906118243932723999e-02 -3.106879889965057373e-01 -2.104161679744720459e-01
3.109947363936954209e-33 3.671939671039581299e-02 -2.838980555534362793e-01 -1.022300645709037781e-01
-1.568483601808279192e-33 1.265295688062906265e-02 9.066294431686401367e-01 1.124974116683006287e-01
4.209977475361946357e-32 1.337042152881622314e-01 -1.228870358318090439e-02 -1.611283048987388611e-02
5.381880984816059482e-32 1.178000215440988541e-02 -2.327636815607547760e-02 -2.688941080123186111e-03
-8.008042922286150014e-32 2.620057165622711182e-01 -7.098233103752136230e-01 -1.823818922042846680e+00
1.037596079969767991e-32 8.247219771146774292e-02 -2.831968665122985840e-01 -2.290428280830383301e-01
1.755430807082598720e-32 7.451743632555007935e-02 1.135965138673782349e-01 8.301251381635665894e-02
-2.558839429085979577e-33 2.456744387745857239e-02 -8.422815054655075073e-02 -2.029261179268360138e-02
-8.186569510512552549e-33 4.353978484869003296e-02 -4.636526703834533691e-01 -1.979701519012451172e-01
3.832839655494197830e-33 5.535856261849403381e-02 -3.488235175609588623e-01 -1.893700212240219116e-01
-1.178212461103373269e-32 3.305844962596893311e-02 -2.692603766918182373e-01 -8.729223161935806274e-02
7.967289708637492128e-32 1.490882486104965210e-01 1.076377108693122864e-01 1.573723852634429932e-01
1.562885309962488048e-33 1.635063998401165009e-02 2.446172088384628296e-01 3.922314569354057312e-02
-1.044506627587259903e-33 4.773795604705810547e-01 1.577048748731613159e-01 7.382944822311401367e-01
-2.801044934019325534e-32 1.024063862860202789e-02 5.665115267038345337e-02 5.689268931746482849e-03
-4.238311003446991364e-33 4.156959801912307739e-02 -1.255315691232681274e-01 -5.117400735616683960e-02
-9.114499902137469166e-32 2.844222821295261383e-02 3.587573468685150146e-01 1.000656634569168091e-01
-1.290624618530523991e-32 1.238851249217987061e-01 7.791292667388916016e-01 9.465626478195190430e-01
-2.618905904716052257e-32 1.960685290396213531e-02 6.654908657073974609e-01 1.279589533805847168e-01
9.439575224144092431e-33 8.616627007722854614e-02 8.844304084777832031e-02 7.473458349704742432e-02
-1.986144458837115215e-33 1.180447265505790710e-02 7.958914637565612793e-01 9.213425219058990479e-02
-2.090039976021566148e-33 4.372065886855125427e-02 2.209101915359497070e-01 9.471594542264938354e-02
-6.676385322451472433e-32 1.809512674808502197e-01 2.783327102661132812e-01 4.939085543155670166e-01
-3.431075522850310086e-33 5.314489826560020447e-02 4.016394913196563721e-02 2.093238011002540588e-02
-4.538728274330003210e-32 4.490927606821060181e-02 1.310315541923046112e-02 5.770755000412464142e-03
7.593494406956306777e-33 4.472674131393432617e-01 1.654663868248462677e-02 7.257678359746932983e-02
-3.029635202165875419e-33 5.093060731887817383e-01 -2.558436095714569092e-01 -1.277833104133605957e+00
1.905672797176309225e-32 5.805177986621856689e-02 3.340840712189674377e-02 1.901919022202491760e-02
1.956244768200591826e-32 3.716090023517608643e-01 1.994700543582439423e-02 7.269166409969329834e-02
-4.489145922612319123e-32 1.554058641195297241e-01 -4.998613148927688599e-02 -7.617940753698348999e-02
7.299772898832372533e-33 1.741583831608295441e-02 -1.963061988353729248e-01 -3.352733701467514038e-02
5.789831597291531072e-32 1.690150052309036255e-02 -8.222605288028717041e-02 -1.362873055040836334e-02
2.601028656020960740e-33 8.465687930583953857e-02 -1.769177243113517761e-02 -1.468771602958440781e-02
-1.849766432787995084e-32 6.952823996543884277e-01 -1.227969005703926086e-01 -8.372772932052612305e-01
-5.988317344910926785e-32 8.549475669860839844e-02 -4.765130579471588135e-02 -3.995167091488838196e-02
3.902161496098065180e-33 2.291978895664215088e-01 1.181954964995384216e-01 2.656637132167816162e-01
1.607270029737019074e-32 6.281717866659164429e-02 7.772365808486938477e-01 4.787980318069458008e-01
2.184275684707142618e-32 2.405658736824989319e-02 -1.420985162258148193e-02 -3.352310508489608765e-03
3.450474853058724150e-33 3.621216490864753723e-02 1.573518291115760803e-02 5.587878637015819550e-03
-1.059390994196760950e-32 1.694316230714321136e-02 1.373370271176099777e-02 2.281932393088936806e-03
5.329990549940535833e-32 7.488750666379928589e-02 -8.091452121734619141e-01 -5.942326188087463379e-01
-3.726253541943310070e-33 2.078067138791084290e-02 4.682935476303100586e-01 9.543296694755554199e-02
-8.276933728553695815e-32 9.950315952301025391e-01 -1.697617024183273315e-01 -1.656522154808044434e+00
-8.224718857237345215e-32 2.478148043155670166e-02 1.427019536495208740e-01 3.467990085482597351e-02
1.864597791949113738e-32 5.861972644925117493e-02 -1.770464777946472168e-01 -1.017774865031242371e-01
-5.002343393231107256e-33 3.596816956996917725e-02 -1.525188833475112915e-01 -5.379756540060043335e-02
-6.271716690203496669e-32 9.960025548934936523e-02 -3.458124026656150818e-02 -3.377704694867134094e-02
-1.849705564221141568e-33 1.261978447437286377e-01 6.537312269210815430e-02 8.090434968471527100e-02
-4.720073771478074516e-33 1.373657491058111191e-02 -7.248174399137496948e-02 -9.763999842107295990e-03
8.547808769285429637e-32 6.961558014154434204e-02 -2.225149273872375488e-01 -1.519099622964859009e-01
2.544173851362525329e-32 4.347293078899383545e-01 5.898848176002502441e-02 2.514819502830505371e-01
9.436373177532452520e-32 2.031297832727432251e-01 2.304285168647766113e-01 4.590188562870025635e-01
1.033781086522571183e-32 4.109767824411392212e-02 2.351017147302627563e-01 9.475317597389221191e-02
-3.744059709964375302e-33 7.696131616830825806e-02 -8.624970316886901855e-01 -6.509547233581542969e-01
5.808978637024899902e-33 2.761611342430114746e-02 1.754390895366668701e-01 4.751268774271011353e-02
1.380249120017213869e-33 1.222904492169618607e-02 -4.290234670042991638e-02 -5.145105067640542984e-03
-5.189270357962073562e-32 5.679926276206970215e-01 -9.935249090194702148e-01 -5.534038066864013672e+00
2.255204646493774814e-33 1.650296151638031006e-02 2.075543254613876343e-02 3.359033493325114250e-03
5.221132720088287076e-32 6.741545796394348145e-01 4.274527728557586670e-02 2.825974822044372559e-01
-1.813428228984231858e-32 4.486091807484626770e-02 1.020827367901802063e-01 4.490980133414268494e-02
1.338606240815975828e-32 4.412251338362693787e-02 -9.166353195905685425e-02 -3.966226801276206970e-02
1.054968159967593630e-33 4.259553551673889160e-01 1.002919077873229980e-01 4.189388453960418701e-01
-4.183336953015673149e-32 5.726737380027770996e-01 5.976895242929458618e-02 3.356630802154541016e-01
9.852101742253727481e-33 6.593867540359497070e-01 9.081026166677474976e-02 5.872132182121276855e-01
-2.160332481085625002e-32 7.095175981521606445e-01 -1.778353191912174225e-02 -1.237376481294631958e-01
1.793654063014699337e-32 9.896935820579528809e-01 -2.216887772083282471e-01 -2.151618003845214844e+00
-1.560296540794191202e-32 1.173408422619104385e-02 -9.025888890027999878e-02 -1.038627605885267258e-02
-3.244946645315155186e-33 5.412233248353004456e-02 8.200740218162536621e-01 4.352614879608154297e-01
8.729448066552809588e-33 1.394433230161666870e-01 -2.189383096992969513e-02 -2.993919700384140015e-02
-8.323559711979061849e-32 1.605498790740966797e-01 -7.460045218467712402e-01 -1.174551606178283691e+00
-6.138196988870996320e-32 2.162393927574157715e-02 -7.074754834175109863e-01 -1.500261127948760986e-01
2.948804280044099368e-32 9.041944742202758789e-01 8.001188188791275024e-02 7.094748616218566895e-01
1.846106678063503745e-32 5.032432079315185547e-01 -9.055316448211669922e-02 -4.468916654586791992e-01
-1.664121454849195872e-33 8.728010952472686768e-02 -1.079552471637725830e-01 -9.240164607763290405e-02
7.693381304733461394e-33 2.527966536581516266e-02 1.033320128917694092e-01 2.561691962182521820e-02
-4.885177095838849644e-33 1.358958035707473755e-01 1.645719818770885468e-02 2.193222194910049438e-02
9.280889364254837729e-33 8.409707993268966675e-02 1.659145765006542206e-02 1.368315145373344421e-02
-3.814997267553447887e-32 1.652591377496719360e-01 3.221425786614418030e-02 5.220767110586166382e-02
-1.974446085994525662e-33 3.192370235919952393e-01 2.831810116767883301e-01 8.865394592285156250e-01
2.837218715550767493e-33 3.792632222175598145e-01 4.042401909828186035e-01 1.503491163253784180e+00
1.424294195392754182e-32 2.118528075516223907e-02 -4.029931128025054932e-01 -8.372449129819869995e-02
8.528172576965324882e-33 3.264344856142997742e-02 2.874170057475566864e-02 9.200875647366046906e-03
4.722737809019022452e-32 9.277746677398681641e-01 -2.800869941711425781e-01 -2.548332691192626953e+00
-2.505321008002963987e-33 8.210194110870361328e-01 -1.088884547352790833e-01 -8.767099380493164062e-01
2.705013216902486461e-32 3.041998147964477539e-01 -1.105731073766946793e-02 -3.298596292734146118e-02
-2.391755396744068895e-33 7.236502766609191895e-01 -1.258628163486719131e-02 -8.931962400674819946e-02
1.623590409632843398e-33 1.191419363021850586e-02 -7.902640849351882935e-02 -9.233313612639904022e-03
-8.435775341444434470e-32 4.624039307236671448e-02 1.340767294168472290e-01 6.079888343811035156e-02
3.080288319034563220e-32 1.213335841894149780e-01 3.338979184627532959e-01 3.972971141338348389e-01
-1.256161824128001566e-33 2.456448413431644440e-02 -1.920718550682067871e-01 -4.626920446753501892e-02
3.890236840592942338e-33 1.879755221307277679e-02 -2.723678201436996460e-02 -5.020855925977230072e-03
7.590480733314386137e-33 6.014489755034446716e-02 -2.477529793977737427e-01 -1.461296528577804565e-01
-4.661681089600977384e-33 1.300375014543533325e-01 1.113270036876201630e-02 1.419677957892417908e-02
4.686919320655116529e-32 2.921421825885772705e-01 -8.740619570016860962e-02 -2.504131793975830078e-01
-2.512863971581198290e-32 7.425987720489501953e-01 7.342979311943054199e-02 5.347455739974975586e-01
-1.147226650420888549e-33 5.672692134976387024e-02 2.886598110198974609e-01 1.605817526578903198e-01
1.322116148923251537e-33 3.178164362907409668e-01 8.799625188112258911e-02 2.742592096328735352e-01
8.123348338652659018e-32 2.395294904708862305e-01 -5.069140195846557617e-01 -1.190731763839721680e+00
-4.710017784648774478e-33 2.847185730934143066e-01 -5.725122690200805664e-01 -1.598531723022460938e+00
1.429721012000119125e-32 4.840400218963623047e-01 8.411132544279098511e-02 3.992605507373809814e-01
1.129219032055451148e-32 1.306527405977249146e-01 -3.707612305879592896e-02 -4.750436544418334961e-02
-5.712435873739040841e-32 4.077729880809783936e-01 -1.586173474788665771e-01 -6.342928409576416016e-01
-2.049111025967460331e-32 1.685006320476531982e-01 2.495025694370269775e-01 4.122847020626068115e-01
4.184374547185464597e-33 3.532382845878601074e-02 -3.774894773960113525e-02 -1.307655312120914459e-02
1.976615791426754363e-32 1.949032843112945557e-01 -5.989983305335044861e-02 -1.144894436001777649e-01
2.578458025725020460e-32 1.002054661512374878e-01 2.524271607398986816e-01 2.480550855398178101e-01
-1.482471027119681571e-32 2.631888985633850098e-01 -3.723849356174468994e-02 -9.611260145902633667e-02
8.306999347564677462e-32 2.813982777297496796e-02 -5.385897755622863770e-01 -1.486278623342514038e-01
-9.907379070227557846e-32 3.558939397335052490e-01 3.943210244178771973e-01 1.376230597496032715e+00
-6.440471834701895086e-33 1.787829846143722534e-01 -2.766889706254005432e-02 -4.851082712411880493e-02
9.498974129185493441e-32 2.202344872057437897e-02 -1.308691129088401794e-02 -2.826462034136056900e-03
3.028263363524267346e-33 4.975612089037895203e-02 -1.536256074905395508e-02 -7.496021222323179245e-03
-1.224368173320013461e-32 2.266664057970046997e-02 1.320023387670516968e-01 2.934198081493377686e-02
9.267212487483020414e-33 2.107087709009647369e-02 6.024547293782234192e-02 1.244880631566047668e-02
4.035574227444640701e-33 5.900998711585998535e-01 4.030321836471557617e-01 2.332308292388916016e+00
-1.458876210636388911e-32 1.354476716369390488e-02 5.238974466919898987e-02 6.958866491913795471e-03
1.512063950464838806e-32 1.338745281100273132e-02 -1.349240839481353760e-01 -1.771365292370319366e-02
-1.957144462189352434e-32 4.416503310203552246e-01 7.386051863431930542e-02 3.198980391025543213e-01
5.835841033929890817e-32 1.238361671566963196e-01 -1.258150786161422729e-01 -1.527920812368392944e-01
5.692290251554648477e-32 3.094501979649066925e-02 1.395103037357330322e-01 4.233676940202713013e-02
-3.177454167794755021e-33 1.161954700946807861e-01 6.383702754974365234e-01 7.274154424667358398e-01
2.063122183945292734e-32 7.186425328254699707e-01 -2.181794792413711548e-01 -1.537614583969116211e+00
2.200264795601225836e-33 1.932823099195957184e-02 -1.037277877330780029e-01 -1.966110430657863617e-02
2.973833750648372167e-33 4.454996883869171143e-01 -6.634549796581268311e-02 -2.898541688919067383e-01
4.131883214291479981e-32 2.177545428276062012e-01 -1.400945633649826050e-01 -2.991639077663421631e-01
6.812333595112771628e-32 2.450126409530639648e-01 9.378618001937866211e-02 2.253450453281402588e-01
2.247704037446368577e-32 4.896484017372131348e-01 3.228560686111450195e-01 1.550293684005737305e+00
2.525976611064620907e-32 2.970364391803741455e-01 2.113528363406658173e-02 6.156564876437187195e-02
-2.441135894041197717e-33 4.245345294475555420e-02 1.868197917938232422e-01 7.777796685695648193e-02
-1.891010782670105907e-33 1.784452423453330994e-02 3.761485219001770020e-01 6.582411378622055054e-02
1.805250020911973498e-33 6.855787634849548340e-01 -4.011720418930053711e-02 -2.697172462940216064e-01
1.306240767107610375e-32 1.427386142313480377e-02 2.283550947904586792e-01 3.196486458182334900e-02
1.440643264697578262e-32 3.705054521560668945e-02 2.999009564518928528e-02 1.089665386825799942e-02
-1.120837996106378248e-33 1.823207736015319824e-02 -4.284194707870483398e-01 -7.659951597452163696e-02
4.498563395603931879e-32 7.136124372482299805e-02 2.167188003659248352e-02 1.516630128026008606e-02
-1.610565932225732453e-33 2.138929367065429688e-01 1.600489765405654907e-02 3.357144445180892944e-02
-5.661253159931109135e-33 3.760147392749786377e-01 4.409926384687423706e-02 1.626136153936386108e-01
-1.910752549076593888e-32 4.517745971679687500e-02 -6.961418688297271729e-02 -3.084183856844902039e-02
3.370220547650224894e-33 3.255507722496986389e-02 1.276319772005081177e-01 4.074730351567268372e-02
-1.454259621877427461e-33 4.318395853042602539e-01 2.809318900108337402e-01 1.189718365669250488e+00
6.945812154142993197e-32 5.402097851037979126e-02 3.653150796890258789e-02 1.935310848057270050e-02
1.683675436033139992e-33 3.809937238693237305e-01 -2.231289893388748169e-01 -8.336706161499023438e-01
3.369168480206238947e-33 6.602179259061813354e-02 -1.306995302438735962e-01 -8.462175726890563965e-02
-4.845912645785508186e-33 1.804524958133697510e-01 2.971325069665908813e-02 5.258159339427947998e-02
3.013630148629659174e-32 7.679513841867446899e-02 1.440626475960016251e-02 1.084940135478973389e-02
1.862618553335916712e-33 1.691037565469741821e-01 -2.238633856177330017e-02 -3.712419047951698303e-02
-2.295611162777337051e-33 3.445574343204498291e-01 -8.358967304229736328e-02 -2.824456989765167236e-01
-7.832967732410555568e-32 1.234778109937906265e-02 -1.233329158276319504e-02 -1.493442803621292114e-03
-1.702378542978081093e-32 1.966796815395355225e-02 -5.654885247349739075e-02 -1.090696547180414200e-02
-1.569206787973424141e-32 1.283888816833496094e-01 -1.217215657234191895e-01 -1.532553434371948242e-01
3.543947665910616955e-32 8.423100113868713379e-01 -4.731334745883941650e-02 -3.908195793628692627e-01
-7.135541056595938278e-32 3.509075194597244263e-02 -7.117106765508651733e-02 -2.449158206582069397e-02
-6.359773559770769638e-32 2.362017631530761719e-01 1.734325736761093140e-01 4.017301797866821289e-01
2.155279177808233841e-32 2.787535823881626129e-02 5.113360285758972168e-01 1.397808194160461426e-01
-2.216212690724633347e-32 3.364653289318084717e-01 6.379406452178955078e-01 2.104947566986083984e+00
2.573319866449179315e-33 1.341313272714614868e-01 -2.021044492721557617e-02 -2.658439613878726959e-02
-1.971889202110494871e-33 1.069067567586898804e-01 3.753474727272987366e-02 3.935132175683975220e-02
-9.802060947739222702e-33 1.033755093812942505e-01 -1.463495641946792603e-01 -1.483644247055053711e-01
4.658424602907215016e-33 3.105044551193714142e-02 1.857186257839202881e-01 5.655148252844810486e-02
-2.316105025163160517e-32 1.523057520389556885e-01 -6.514886021614074707e-02 -9.730694442987442017e-02
-7.977788489495067536e-33 9.794469177722930908e-02 -1.353610213845968246e-02 -1.300155185163021088e-02
-2.797772945493811697e-32 1.373647451400756836e-01 -5.926721096038818359e-01 -7.983815670013427734e-01
2.145760612302450368e-33 2.330916002392768860e-02 -1.272148452699184418e-02 -2.907937625423073769e-03
-2.558372353752520034e-32 1.033394131809473038e-02 9.371904134750366211e-01 9.497613459825515747e-02
-5.200471129352280655e-33 5.461511611938476562e-01 1.210337970405817032e-02 6.482464820146560669e-02
-1.554470423449531313e-33 1.222303882241249084e-01 -6.375846862792968750e-01 -7.642540335655212402e-01
4.559253654658108098e-33 4.902777373790740967e-01 -1.752536594867706299e-01 -8.426164984703063965e-01
-1.463873384058528308e-32 9.544593095779418945e-02 4.752894490957260132e-02 4.448732361197471619e-02
-1.782048995036206304e-32 1.134583353996276855e-02 4.194875434041023254e-02 4.667412023991346359e-03
-1.737474873734399036e-33 5.594620853662490845e-02 -4.205872416496276855e-01 -2.307530343532562256e-01
8.793796831368729398e-33 8.482868075370788574e-01 1.028275303542613983e-02 8.554070442914962769e-02
3.885313355972920113e-33 9.502550959587097168e-02 1.866983622312545776e-01 1.739808171987533569e-01
-1.366140285805667827e-32 9.365406036376953125e-01 2.435489557683467865e-02 2.236832827329635620e-01
-2.107599473899951016e-33 2.653038799762725830e-01 -3.889508247375488281e-01 -1.011949777603149414e+00
1.375925413022599485e-33 2.221762761473655701e-02 -2.253812402486801147e-01 -4.910617694258689880e-02
-8.833467561657073810e-33 3.321756124496459961e-01 -3.215616345405578613e-01 -1.047496676445007324e+00
2.195190700767504505e-33 1.068286746740341187e-01 1.037229448556900024e-01 1.086634173989295959e-01
1.604579543573177638e-33 1.757350564002990723e-01 -3.489785194396972656e-01 -6.014198660850524902e-01
-3.274032122442741825e-32 6.020208001136779785e-01 8.263489603996276855e-02 4.878605008125305176e-01
-3.814497902859539194e-33 1.128607541322708130e-01 -2.279441617429256439e-02 -2.522853948175907135e-02
-1.149216450116143745e-33 1.708871871232986450e-01 2.051688171923160553e-02 3.438282385468482971e-02
-1.688020724369351504e-33 5.819267630577087402e-01 -1.315474044531583786e-02 -7.507084310054779053e-02
6.007022986515561846e-32 2.742961645126342773e-01 -1.045707706362009048e-02 -2.812876924872398376e-02
8.635314919749342363e-32 1.442292183637619019e-01 5.900818854570388794e-02 8.346150070428848267e-02
-4.563914416290721542e-32 2.194612175226211548e-01 -3.798544704914093018e-01 -8.175149559974670410e-01
-1.783932283923017461e-32 8.924829214811325073e-02 1.578117161989212036e-01 1.381210386753082275e-01
3.418545855096498397e-33 1.682593859732151031e-02 -3.661903738975524902e-02 -6.042364519089460373e-03
-1.357347826833807127e-33 3.282812610268592834e-02 1.019823476672172546e-01 3.283157944679260254e-02
6.501184648553927708e-33 1.266445033252239227e-02 1.259280461817979813e-02 1.563973841257393360e-03
-5.097785159120627392e-32 2.863607369363307953e-02 -7.497297525405883789e-01 -2.105420827865600586e-01
-1.000743376982329234e-32 4.254409372806549072e-01 -1.472494937479496002e-02 -6.143470108509063721e-02
6.127681971497700179e-33 3.854419291019439697e-01 -2.091194242238998413e-01 -7.904492616653442383e-01
3.768857057168559163e-32 8.180037140846252441e-01 1.638001203536987305e-01 1.313984274864196777e+00
-1.102631039612980311e-32 4.087212383747100830e-01 -1.324686966836452484e-02 -5.309591814875602722e-02
-4.883401144279947947e-32 7.884250879287719727e-01 8.190575242042541504e-02 6.332796216011047363e-01
4.085112351187375100e-32 2.199843525886535645e-01 -3.055510483682155609e-02 -6.591682136058807373e-02
-6.935526137762916623e-33 1.936093531548976898e-02 -5.286491662263870239e-02 -1.003724522888660431e-02
1.462458235796932126e-33 1.379176042973995209e-02 -1.314522176980972290e-01 -1.777903921902179718e-02
2.438438281442854420e-32 7.232900708913803101e-02 3.779563009738922119e-01 2.680864036083221436e-01
-4.008478641847805416e-32 1.042274385690689087e-02 -1.098390892148017883e-01 -1.122689526528120041e-02
-2.665019997085833648e-33 1.548477858304977417e-01 4.293250441551208496e-01 6.519464254379272461e-01
-3.802479722085129052e-32 5.334092304110527039e-02 -4.887563288211822510e-01 -2.556663453578948975e-01
3.505713903997755863e-33 6.530561447143554688e-01 -7.924880087375640869e-02 -5.075325369834899902e-01
3.123839870453750488e-33 9.363361597061157227e-01 -1.239541992545127869e-01 -1.138187170028686523e+00
3.435848029914648573e-33 3.947683572769165039e-01 -2.314724922180175781e-01 -8.961122035980224609e-01
-8.917212717945530628e-33 1.875313743948936462e-02 2.597252726554870605e-01 4.776489734649658203e-02
1.767254810883932404e-32 4.974630475044250488e-01 3.575424849987030029e-02 1.744251698255538940e-01
2.221808484644928994e-33 1.994759589433670044e-02 2.211758494377136230e-02 4.326622001826763153e-03
1.211545936042541644e-33 2.423048317432403564e-01 -1.198873370885848999e-01 -2.848761379718780518e-01
-5.944469421978538448e-33 4.048578441143035889e-02 -5.346222594380378723e-02 -2.122610248625278473e-02
2.413567318904950314e-32 5.343336984515190125e-02 -3.400927037000656128e-02 -1.782093755900859833e-02
2.468593972708467825e-32 1.467535793781280518e-01 -2.035440504550933838e-01 -2.929326593875885010e-01
1.750687613908633863e-33 4.298699200153350830e-01 1.250152587890625000e-01 5.270123481750488281e-01
-2.254389073819494926e-32 8.140757083892822266e-01 3.415504097938537598e-01 2.726718425750732422e+00
-4.389576187904695744e-33 2.597935795783996582e-01 2.832031622529029846e-02 7.215180248022079468e-02
-2.843922853707094704e-32 2.783865034580230713e-01 3.660608083009719849e-02 9.993603080511093140e-02
-3.510685877759749508e-32 5.505790710449218750e-01 -6.474539637565612793e-01 -3.495821952819824219e+00
9.928195899686269735e-32 4.379598498344421387e-01 9.136220067739486694e-02 3.923932313919067383e-01
1.807223014711431781e-33 2.105327136814594269e-02 1.128551922738552094e-02 2.330031711608171463e-03
8.649286845603216072e-32 3.224853873252868652e-01 -9.394089579582214355e-01 -2.970881938934326172e+00
7.082811171817133664e-33 1.299460697919130325e-02 -3.993353620171546936e-02 -5.088872741907835007e-03
-4.490327808713674006e-33 1.983598768711090088e-01 -2.212154679000377655e-02 -4.303184896707534790e-02
-4.897805211244542700e-33 9.201449900865554810e-02 -6.143065541982650757e-02 -5.543219670653343201e-02
1.232164657968941515e-33 2.129600383341312408e-02 1.363099738955497742e-02 2.846730872988700867e-03
-1.409934668643796055e-33 3.280653432011604309e-02 2.005623281002044678e-01 6.452535092830657959e-02
2.061243119491304844e-33 4.375711083412170410e-01 9.489441514015197754e-01 4.072020530700683594e+00
-1.997661732081281208e-33 6.975204497575759888e-02 -1.410022843629121780e-02 -9.645033627748489380e-03
1.634222351959847894e-32 3.205302357673645020e-02 8.028116822242736816e-02 2.523500286042690277e-02
3.786496892738983041e-33 4.294900298118591309e-01 -6.164396405220031738e-01 -2.596356391906738281e+00
-4.967484108257472320e-33 6.608874201774597168e-01 -5.228148400783538818e-02 -3.388410806655883789e-01
1.464684328223801833e-32 9.981641173362731934e-02 -6.654181480407714844e-01 -6.513542532920837402e-01
1.176536408197192234e-33 5.835352838039398193e-02 1.308959163725376129e-02 7.490553427487611771e-03
1.631400283897111287e-32 4.746702685952186584e-02 -2.768380641937255859e-01 -1.288660615682601929e-01
-2.762021056231719549e-33 1.652434282004833221e-02 3.794499859213829041e-02 6.148927845060825348e-03
3.086544006096051729e-33 5.761526152491569519e-02 7.581109404563903809e-01 4.283423125743865967e-01
-4.780470671223323648e-33 1.384256500750780106e-02 8.537519574165344238e-01 1.158961430191993713e-01
1.279124904233223405e-32 8.996146321296691895e-01 1.419088337570428848e-02 1.251948922872543335e-01
1.691805118229228469e-32 7.420337945222854614e-02 2.543773055076599121e-01 1.851069480180740356e-01
1.024077270453937810e-33 1.667504310607910156e-01 5.715430974960327148e-01 9.346234202384948730e-01
-3.473148302376162916e-33 6.122867763042449951e-02 3.531295657157897949e-01 2.120360136032104492e-01
7.834954317863445234e-32 1.712933741509914398e-02 -1.236880477517843246e-02 -2.077729208394885063e-03
-6.538522757239859143e-32 3.054105639457702637e-01 9.988973736763000488e-01 2.991752147674560547e+00
1.200392349730260527e-32 2.139708772301673889e-02 -1.559894811362028122e-02 -3.273185575380921364e-03
-4.308401323482708784e-32 1.752384379506111145e-02 7.497284412384033203e-01 1.288409680128097534e-01
1.720535816468057557e-33 2.381423674523830414e-02 -7.400397658348083496e-01 -1.728273332118988037e-01
-2.304016131056708723e-33 5.115972086787223816e-02 5.844858288764953613e-01 2.932397425174713135e-01
2.532476580545889672e-33 2.399664744734764099e-02 -1.622289866209030151e-01 -3.817681595683097839e-02
-2.339372907280130729e-32 1.264273226261138916e-01 -8.053570985794067383e-02 -9.985046088695526123e-02
-4.384526043768372418e-32 9.313473105430603027e-01 2.094351127743721008e-02 1.912854015827178955e-01
1.427317566863069105e-32 2.403639443218708038e-02 3.209613263607025146e-02 7.565588224679231644e-03
-3.295649757427951398e-33 8.017739653587341309e-01 -1.032258570194244385e-02 -8.116357028484344482e-02
-8.845029283281380272e-33 3.539042919874191284e-02 -1.380882561206817627e-01 -4.792512580752372742e-02
-6.118239813124720155e-33 9.335417300462722778e-02 -2.655334472656250000e-01 -2.430936694145202637e-01
1.331733529422901008e-33 9.199123084545135498e-02 -5.369989573955535889e-02 -4.844405874609947205e-02
2.667628970063285252e-32 2.580867335200309753e-02 -7.252054214477539062e-01 -1.835470646619796753e-01
9.559334588605867082e-33 7.787147760391235352e-01 -5.510382354259490967e-02 -4.208049476146697998e-01
-4.909341586271909556e-33 1.195241585373878479e-01 -6.179549694061279297e-01 -7.243245840072631836e-01
6.238704841538972811e-33 7.207942754030227661e-02 1.958964765071868896e-02 1.384709496051073074e-02
-3.761626371011460493e-33 3.875036537647247314e-01 -1.316524893045425415e-01 -5.002943277359008789e-01
-1.731457812026127452e-33 4.526675865054130554e-02 -1.147567331790924072e-01 -5.094226449728012085e-02
9.463316536610856319e-33 2.603441178798675537e-01 -2.379821091890335083e-01 -6.075929403305053711e-01
-1.550525354205576326e-33 3.238631784915924072e-01 3.022649325430393219e-02 9.599973261356353760e-02
2.777107460932768177e-32 6.692224740982055664e-01 -8.393316864967346191e-01 -5.508391857147216797e+00
-3.567243686423609975e-33 1.444501616060733795e-02 8.436291664838790894e-02 1.195061672478914261e-02
-1.252057052956227833e-33 3.931145742535591125e-02 -7.874938845634460449e-02 -3.035896830260753632e-02
9.154074094952252297e-33 1.136821731925010681e-01 1.530879437923431396e-01 1.706687510013580322e-01
-1.098339768915608929e-33 4.795790016651153564e-01 -3.112177848815917969e-01 -1.463676929473876953e+00
1.733318031836303722e-33 1.244266554713249207e-01 -1.845806464552879333e-02 -2.252269163727760315e-02
-4.435484311623693992e-32 3.473025932908058167e-02 8.065863847732543945e-01 2.747132480144500732e-01
8.076751154838888130e-33 2.451392412185668945e-01 1.137113291770219803e-02 2.733614295721054077e-02
1.940044692804734470e-33 1.822134293615818024e-02 -5.368643403053283691e-01 -9.593246877193450928e-02
7.627021122146490797e-32 9.842865914106369019e-02 -2.472501844167709351e-01 -2.386595755815505981e-01
1.814912400804740385e-33 1.828500814735889435e-02 -3.352500870823860168e-02 -6.011526100337505341e-03
-3.752907068195839249e-32 3.990880846977233887e-01 2.254898101091384888e-02 8.825033158063888550e-02
-1.952538361044052227e-33 1.083474233746528625e-02 -2.180843353271484375e-01 -2.317201159894466400e-02
2.313516292729062135e-32 6.604959815740585327e-02 -7.786708325147628784e-02 -5.043647810816764832e-02
-2.720833387217837439e-33 7.867296338081359863e-01 -9.908442944288253784e-02 -7.644544243812561035e-01
-1.274944552448111645e-32 2.332674898207187653e-02 1.703679375350475311e-02 3.897290211170911789e-03
-7.583088784026034035e-32 3.700420260429382324e-02 -6.565146893262863159e-02 -2.382408082485198975e-02
1.643958787996716585e-33 5.699316859245300293e-01 -2.684497646987438202e-02 -1.500398218631744385e-01
-7.129216896988514372e-32 8.738210201263427734e-01 -1.156133189797401428e-01 -9.907201528549194336e-01
5.305108861016680474e-33 6.836549639701843262e-01 3.931411355733871460e-02 2.635761499404907227e-01
-4.582813132842479164e-33 3.106737732887268066e-01 -1.628086715936660767e-02 -4.960241541266441345e-02
-2.546284745343014451e-32 1.472475565969944000e-02 -2.467020303010940552e-01 -3.562390431761741638e-02
-1.050379140224578809e-33 2.922746166586875916e-02 6.794388592243194580e-02 1.947431452572345734e-02
1.351203113785875935e-33 2.515719830989837646e-01 -9.035239368677139282e-02 -2.229064255952835083e-01
-9.374110180505273006e-32 5.491970852017402649e-02 -9.624883532524108887e-02 -5.183754116296768188e-02
1.334863742309446139e-33 1.343745589256286621e-01 -1.230086665600538254e-02 -1.620964333415031433e-02
-4.906747049834453988e-32 2.671997621655464172e-02 -8.061501383781433105e-02 -2.112383022904396057e-02
1.974400866196217467e-32 2.578032761812210083e-02 1.676509678363800049e-01 4.238529130816459656e-02
2.456443034540811692e-32 1.355751883238554001e-02 1.813756674528121948e-02 2.411459106951951981e-03
-1.335394459641743170e-33 9.678291082382202148e-01 -1.961765065789222717e-02 -1.861942857503890991e-01
-6.940562396372220861e-32 9.677467346191406250e-01 -1.016887724399566650e-01 -9.650624394416809082e-01
-1.066423536087349138e-33 4.387492537498474121e-01 -1.895315796136856079e-01 -8.154900074005126953e-01
2.273594741333611018e-32 2.854228019714355469e-01 2.780453264713287354e-01 7.782604098320007324e-01
-3.635595744188048938e-33 3.263430595397949219e-01 1.574707180261611938e-01 5.039586424827575684e-01
4.978183898649038339e-32 8.008178472518920898e-01 3.566436097025871277e-02 2.800843715667724609e-01
2.676673517472099637e-32 3.566391766071319580e-01 -1.044380888342857361e-01 -3.652654886245727539e-01
6.098772524649149178e-33 3.672760352492332458e-02 1.676070541143417358e-01 6.036783009767532349e-02
8.306778501563516725e-33 2.122092805802822113e-02 -1.771556586027145386e-02 -3.686719341203570366e-03
7.727173240836549693e-32 3.756344318389892578e-02 8.526467680931091309e-01 3.140908181667327881e-01
1.345354753884046581e-32 5.573024153709411621e-01 8.516447991132736206e-02 4.654467999935150146e-01
4.104857497140121695e-33 8.434046804904937744e-02 -1.092179119586944580e-02 -9.033385664224624634e-03
1.564672061375737925e-33 9.798301011323928833e-02 -8.179052174091339111e-02 -7.859129458665847778e-02
3.824683561409414315e-33 4.061561822891235352e-01 1.616430431604385376e-01 6.438293457031250000e-01
5.463312768222098038e-33 6.084577441215515137e-01 -6.260966658592224121e-01 -3.735876083374023438e+00
-1.243975566028523070e-32 2.074525654315948486e-01 -5.886568501591682434e-02 -1.197572201490402222e-01
-1.437336011341539756e-32 5.490427017211914062e-01 -4.533820152282714844e-01 -2.441131114959716797e+00
1.103563794380357796e-32 2.947172522544860840e-01 8.428341150283813477e-02 2.435949891805648804e-01
-2.402251642941950342e-33 8.869429826736450195e-01 3.663724362850189209e-01 3.186685323715209961e+00
1.275969142711647122e-32 1.885079964995384216e-02 -4.106725379824638367e-02 -7.591824047267436981e-03
-5.012093971934384278e-32 2.524626851081848145e-01 -9.279816150665283203e-01 -2.297509193420410156e+00
3.789382657901854831e-32 8.725464344024658203e-01 -2.195324897766113281e-01 -1.878486394882202148e+00
3.351352026609604020e-32 2.290051579475402832e-01 1.754802465438842773e-01 3.940888643264770508e-01
-8.659869233496493716e-32 1.060743257403373718e-01 1.975743845105171204e-02 2.055235579609870911e-02
2.523693801035324024e-33 6.214427575469017029e-02 -4.114785790443420410e-02 -2.507662028074264526e-02
1.554972947284507841e-33 3.177190423011779785e-01 1.489705406129360199e-02 4.641563817858695984e-02
-1.575000799628627196e-32 6.697943806648254395e-01 5.202402174472808838e-02 3.417166471481323242e-01
-3.810500487382774152e-33 5.163398385047912598e-01 2.733458578586578369e-02 1.384104192256927490e-01
-7.116158330245229580e-32 5.377617850899696350e-02 -6.370971798896789551e-01 -3.359822034835815430e-01
2.087849515767205742e-33 7.617839574813842773e-01 6.155217438936233521e-02 4.598285257816314697e-01
-9.144915818464995855e-32 5.994290113449096680e-02 -2.607720345258712769e-02 -1.532919798046350479e-02
3.335457579744960459e-32 3.091836273670196533e-01 6.548402458429336548e-02 1.985511928796768188e-01
-1.294581112110201032e-33 4.274098873138427734e-01 -2.548297643661499023e-01 -1.068108558654785156e+00
-7.150529932000067119e-33 2.465913295745849609e-01 7.549782842397689819e-02 1.825714856386184692e-01
6.187573041330111096e-33 7.608360797166824341e-02 1.681244522333145142e-01 1.254419088363647461e-01
1.384558372104732986e-32 1.864574998617172241e-01 1.163833495229482651e-02 2.128096856176853180e-02
-2.106907291398309004e-32 4.062406718730926514e-01 -1.367613822221755981e-01 -5.448381900787353516e-01
-2.662558622117807167e-33 7.999802231788635254e-01 -4.781829938292503357e-02 -3.751405775547027588e-01
1.118194070539088913e-32 1.584049463272094727e-01 4.250357151031494141e-01 6.602597832679748535e-01
4.408831740460324856e-32 1.280592102557420731e-02 -1.115866750478744507e-02 -1.401341054588556290e-03
5.564180836440204633e-33 7.525156736373901367e-01 -9.005235135555267334e-02 -6.645555496215820312e-01
-1.200380227444767672e-32 5.299201235175132751e-02 -5.428439378738403320e-02 -2.821019478142261505e-02
-7.206336379368561366e-32 5.348193049430847168e-01 -1.116590350866317749e-01 -5.856276750564575195e-01
-1.389341385149831947e-33 8.390837907791137695e-01 2.463649585843086243e-02 2.027238905429840088e-01
-2.743078956591576892e-32 3.402285873889923096e-01 -1.461287308484315872e-02 -4.875588789582252502e-02
3.495424287666229896e-33 1.729858368635177612e-01 -1.001093816012144089e-02 -1.698267087340354919e-02
-9.749372352199490720e-33 1.023223437368869781e-02 -7.797860503196716309e-01 -7.824680209159851074e-02
-2.189360983471395223e-33 5.384308099746704102e-01 1.180928386747837067e-02 6.235541403293609619e-02
2.789564468442019663e-32 4.561511576175689697e-01 -9.391697645187377930e-01 -4.201201915740966797e+00
-3.067025840755609225e-33 5.466398596763610840e-01 5.215461254119873047e-01 2.795855522155761719e+00
2.403969113656898631e-32 1.148751936852931976e-02 -2.569727301597595215e-01 -2.894902601838111877e-02
1.631389263637572328e-32 3.307609632611274719e-02 1.023530960083007812e-02 3.319983603432774544e-03
2.568623839986041203e-32 3.569544255733489990e-01 -1.083075068891048431e-02 -3.791333734989166260e-02
-9.270757778445100433e-32 4.059125185012817383e-01 -9.816969931125640869e-02 -3.907784223556518555e-01
-5.298009977163667753e-33 1.935779303312301636e-02 -6.536093950271606445e-01 -1.240780130028724670e-01
-1.493081700345775876e-33 2.739408239722251892e-02 -8.029971271753311157e-02 -2.157204970717430115e-02
1.084907597006854198e-32 7.485643625259399414e-01 -9.681095480918884277e-01 -7.106803417205810547e+00
-5.094099910862402595e-33 1.655968837440013885e-02 -2.286779694259166718e-02 -3.713617566972970963e-03
-2.969846804418169137e-32 1.952845975756645203e-02 -2.597190812230110168e-02 -4.973847884684801102e-03
-1.194843998027280098e-33 1.845919154584407806e-02 -6.700633466243743896e-02 -1.212967559695243835e-02
-6.132269705543768788e-33 2.238636650145053864e-02 -2.244541943073272705e-01 -4.927561059594154358e-02
7.387364125699926023e-33 4.516635835170745850e-02 1.270014327019453049e-02 5.625282879918813705e-03
5.866858215617863106e-32 3.852777481079101562e-01 -1.011296808719635010e-01 -3.820966482162475586e-01
3.038182515464291977e-33 2.152309566736221313e-02 -1.558728963136672974e-01 -3.290000557899475098e-02
-3.217589585693658868e-32 2.659687995910644531e-01 -2.181736938655376434e-02 -5.690543353557586670e-02
2.773799032082378848e-32 3.791223466396331787e-02 -8.405989408493041992e-02 -3.125279769301414490e-02
-1.740658994057188907e-33 8.868603706359863281e-01 2.595618367195129395e-01 2.257442951202392578e+00
9.303348653195236060e-33 3.408602252602577209e-02 2.120041660964488983e-02 7.086656987667083740e-03
7.913973399114421045e-32 9.525621682405471802e-02 7.450796663761138916e-02 6.960120052099227905e-02
8.565264566521552900e-33 3.653802573680877686e-01 1.431746315211057663e-02 5.130170658230781555e-02
9.516921576933848127e-32 3.897430002689361572e-01 3.099060356616973877e-01 1.184483647346496582e+00
6.288990579688830184e-32 1.464635971933603287e-02 -6.859427094459533691e-01 -9.852313250303268433e-02
3.445074191200665003e-32 2.249056696891784668e-01 -2.473240531980991364e-02 -5.454908311367034912e-02
1.076074638581187824e-32 1.708410084247589111e-01 6.530038118362426758e-01 1.094028234481811523e+00
8.618621724473315058e-33 5.917926505208015442e-02 1.086855214089155197e-02 6.307567935436964035e-03
-6.310982315751188950e-33 3.735946416854858398e-01 6.031357869505882263e-02 2.209715694189071655e-01
-1.180317734751497522e-33 1.449339240789413452e-01 -7.061999291181564331e-02 -1.003733426332473755e-01
1.284138406006579693e-33 1.295571029186248779e-01 -6.444399058818817139e-02 -8.187744766473770142e-02
9.252331463685579518e-33 1.350988913327455521e-02 1.817495524883270264e-01 2.407940849661827087e-02
2.370036485573696289e-33 3.923383727669715881e-02 -1.888928748667240143e-02 -7.267700508236885071e-03
-3.480623785231820327e-32 1.319329142570495605e-01 3.343358039855957031e-01 4.325702786445617676e-01
1.688099702896047377e-33 8.589724451303482056e-02 -4.087395370006561279e-01 -3.443075716495513916e-01
-7.166003111076734742e-33 1.659074611961841583e-02 -1.453317888081073761e-02 -2.364543033763766289e-03
-6.252647673907663668e-33 9.160669147968292236e-02 -3.447773307561874390e-02 -3.097323514521121979e-02
-2.399852532440318980e-32 2.218285948038101196e-02 -1.058157533407211304e-02 -2.301911124959588051e-03
6.720916574943673151e-32 1.828144043684005737e-01 2.316902950406074524e-02 4.153736308217048645e-02
3.185193549132172036e-32 4.088771343231201172e-02 6.473694741725921631e-02 2.595767006278038025e-02
7.342582639847794011e-32 6.970886588096618652e-01 -6.969788074493408203e-01 -4.764620304107666016e+00
7.519980018813437885e-32 6.386797130107879639e-02 -1.095959730446338654e-02 -6.864333525300025940e-03
3.475369619357232407e-32 5.283455178141593933e-02 1.087243482470512390e-01 5.633334442973136902e-02
7.233280473130934429e-32 2.721286565065383911e-02 -4.514357149600982666e-01 -1.204733178019523621e-01
-1.433037669310964209e-32 8.595940470695495605e-01 1.043950393795967102e-02 8.800227940082550049e-02
-4.354814836304163690e-32 1.485690176486968994e-01 2.317670434713363647e-01 3.376763463020324707e-01
2.349567639177026260e-33 6.528152227401733398e-01 -2.919146604835987091e-02 -1.868817210197448730e-01
-5.162492376245151074e-33 3.999948129057884216e-02 3.498321026563644409e-02 1.372254546731710434e-02
-1.524995416881440938e-32 3.781075775623321533e-01 2.542302310466766357e-01 9.426777958869934082e-01
-1.008430742694722363e-32 1.453726142644882202e-01 1.282413005828857422e-01 1.828231662511825562e-01
4.910197493096102034e-33 9.628488868474960327e-02 -6.178442016243934631e-02 -5.833883583545684814e-02
-7.511707918129907595e-33 1.421881653368473053e-02 -7.262843847274780273e-02 -1.012723334133625031e-02
-2.049470910909804266e-33 2.934986054897308350e-01 7.703421115875244141e-01 2.217227935791015625e+00
3.709964202445187148e-32 1.162437815219163895e-02 3.687890991568565369e-02 4.204055760055780411e-03
-6.373389310836344194e-32 1.020973175764083862e-02 -9.523301571607589722e-02 -9.535041637718677521e-03
1.168260101447937908e-33 6.333935260772705078e-01 3.642756119370460510e-02 2.262686640024185181e-01
7.474665152399620260e-33 6.397662311792373657e-02 8.652678877115249634e-02 5.428659170866012573e-02
-2.267513174372838060e-33 2.185320854187011719e-02 3.824975341558456421e-02 8.197180926799774170e-03
-8.781393161915646473e-33 1.711128503084182739e-01 1.025310251861810684e-02 1.720515452325344086e-02
-4.364778767232114957e-33 2.318254113197326660e-02 6.756424158811569214e-02 1.536026131361722946e-02
2.895739967122485813e-33 3.266405686736106873e-02 6.435830146074295044e-02 2.061557210981845856e-02
8.031233662586347513e-32 8.283901959657669067e-02 1.407076511532068253e-02 1.143071241676807404e-02
-1.094169610870570707e-32 3.067145049571990967e-01 -1.898773759603500366e-01 -5.711211562156677246e-01
4.289731167113789171e-33 1.739532686769962311e-02 -5.584095045924186707e-02 -9.525901637971401215e-03
-2.632611581099464718e-32 3.044815659523010254e-01 1.668538898229598999e-01 4.982163906097412109e-01
-1.912815100851905444e-33 4.799671769142150879e-01 -8.391138166189193726e-02 -3.949599862098693848e-01
-8.129545544870194118e-33 2.491569370031356812e-01 2.260016649961471558e-02 5.522113293409347534e-02
2.859479052072289151e-32 1.115682162344455719e-02 -8.865925669670104980e-01 -9.700302034616470337e-02
6.705471166921043704e-32 4.451592862606048584e-01 -9.211097955703735352e-01 -4.021124362945556641e+00
9.777470487540783564e-32 1.703635603189468384e-01 -9.374324977397918701e-02 -1.566164493560791016e-01
4.403642447180222942e-33 2.168990820646286011e-01 -1.386966276913881302e-02 -2.950151450932025909e-02
-1.335165789256309772e-33 1.341239362955093384e-01 6.538271903991699219e-02 8.599831163883209229e-02
-1.351449985966647847e-32 1.547606848180294037e-02 1.616998910903930664e-01 2.454093098640441895e-02
-6.917009897685557803e-33 1.377414260059595108e-02 7.582119107246398926e-01 1.024178937077522278e-01
6.647129031301031930e-32 1.776949688792228699e-02 -7.691629976034164429e-02 -1.340337656438350677e-02
1.738436538315967057e-32 1.081125214695930481e-01 9.274999052286148071e-02 9.833554923534393311e-02
-3.981110268093182433e-33 1.711218245327472687e-02 -9.312763810157775879e-02 -1.562804542481899261e-02
-3.377166470300836864e-32 8.757258951663970947e-02 7.328655123710632324e-01 6.293802857398986816e-01
4.151634825463156098e-33 3.067889809608459473e-01 4.714652895927429199e-02 1.418437361717224121e-01
4.936879010807860168e-33 1.250508893281221390e-02 7.558836936950683594e-01 9.269630908966064453e-02
-1.266017701411173341e-33 1.681112870573997498e-02 -5.011732578277587891e-01 -8.262386173009872437e-02
1.694713732063544367e-32 1.555059701204299927e-01 8.246871083974838257e-02 1.257641762495040894e-01
-1.076339492152107470e-32 4.650957882404327393e-01 -4.476467669010162354e-01 -2.041731119155883789e+00
2.541980672777478646e-32 2.161659486591815948e-02 3.117959015071392059e-02 6.609648466110229492e-03
3.327718418812734224e-32 2.657097205519676208e-02 -2.116634696722030640e-01 -5.515361949801445007e-02
-4.624548178147661365e-32 1.560433488339185715e-02 -1.849724948406219482e-01 -2.830564603209495544e-02
7.640888429003141323e-32 1.012680027633905411e-02 -3.868115693330764771e-02 -3.841425059363245964e-03
8.768995663807905365e-32 8.283440470695495605e-01 -4.710263609886169434e-01 -3.826279163360595703e+00
3.136535576784615825e-33 3.369924426078796387e-02 -4.784554615616798401e-02 -1.581183820962905884e-02
-8.693592550116852764e-33 6.016307324171066284e-02 -1.761453971266746521e-02 -1.039254665374755859e-02
-2.855599957448774066e-33 4.077989980578422546e-02 -1.304455101490020752e-01 -5.216700956225395203e-02
-9.144792391558159515e-32 1.890111528337001801e-02 6.508020758628845215e-01 1.206304728984832764e-01
-7.323804411466995673e-33 2.425785921514034271e-02 -8.091235905885696411e-02 -1.924810744822025299e-02
-2.854251040947007028e-32 7.125016450881958008e-01 -1.699009723961353302e-02 -1.187141314148902893e-01
-5.590284157868152055e-33 1.859172992408275604e-02 -3.050636500120162964e-02 -5.561999510973691940e-03
-2.318951154125890518e-33 4.658675566315650940e-02 -6.411908268928527832e-01 -2.929344475269317627e-01
-2.842181138421160706e-33 6.775679588317871094e-01 -2.602169290184974670e-02 -1.729056239128112793e-01
-9.588600724521495722e-33 1.311923265457153320e-01 -3.540390357375144958e-02 -4.554914683103561401e-02
1.113330536130958625e-32 7.135051488876342773e-02 -2.364946156740188599e-02 -1.654775254428386688e-02
4.088301026550774407e-33 1.643995568156242371e-02 7.177388668060302734e-01 1.157144978642463684e-01
-5.740675362276020065e-32 2.737061381340026855e-01 2.335788607597351074e-01 6.269584298133850098e-01
5.710641922422892177e-33 3.723318874835968018e-02 -7.605568766593933105e-01 -2.777042984962463379e-01
1.851553918885214225e-32 4.169362783432006836e-01 6.938039511442184448e-02 2.836789786815643311e-01
-9.977088236220021139e-32 3.164610862731933594e-01 -9.352933764457702637e-01 -2.902611255645751953e+00
2.499631982686968747e-33 4.705483093857765198e-02 4.006095826625823975e-01 1.848613917827606201e-01
-4.706320267168262973e-32 5.716038942337036133e-01 1.029529720544815063e-01 5.771048665046691895e-01
3.145974061737749530e-33 1.255722437053918839e-02 -7.737165093421936035e-01 -9.527878463268280029e-02
-5.196020634271670548e-32 1.525265444070100784e-02 -1.430334057658910751e-02 -2.139457035809755325e-03
-5.962991172185666748e-33 1.027126796543598175e-02 2.224843017756938934e-02 2.241011476144194603e-03
7.725941763567269494e-33 1.120064184069633484e-01 1.040127798914909363e-01 1.142484396696090698e-01
4.828062102852699412e-32 5.763518214225769043e-01 4.927583038806915283e-01 2.785109758377075195e+00
6.056911554511635139e-32 6.700899451971054077e-02 -2.223539501428604126e-01 -1.461162716150283813e-01
1.144109753681286327e-32 2.915135212242603302e-02 -1.044275891035795212e-02 -2.985345665365457535e-03
1.046909154369348343e-32 9.052794426679611206e-02 6.806951761245727539e-01 6.043047308921813965e-01
5.800311202897508692e-33 1.878491491079330444e-01 8.073974400758743286e-02 1.487364023923873901e-01
1.325013283320547685e-33 1.713574677705764771e-01 1.722381263971328735e-02 2.894362807273864746e-02
-1.791784549452311878e-33 1.401538029313087463e-02 -2.882803790271282196e-02 -3.962238784879446030e-03
5.849931684713197577e-32 3.186904639005661011e-02 -3.857639804482460022e-02 -1.205622684210538864e-02
6.117968347398077133e-33 1.222003903239965439e-02 -2.249571494758129120e-02 -2.695833565667271614e-03
3.585417196429307172e-33 1.415700651705265045e-02 2.531248033046722412e-01 3.514202684164047241e-02
-1.298996930107461881e-32 7.320363074541091919e-02 5.938844680786132812e-01 4.263391792774200439e-01
-5.397727897627891666e-33 5.828535556793212891e-02 1.433200389146804810e-02 8.191945031285285950e-03
-5.204967027902191273e-33 5.925733596086502075e-02 7.504978030920028687e-02 4.361262172460556030e-02
9.697985910526882127e-32 4.479597806930541992e-01 1.425348371267318726e-01 6.261533498764038086e-01
1.717896243903286110e-32 2.021799795329570770e-02 3.086227476596832275e-01 6.119088456034660339e-02
1.935633466582281520e-33 1.264049392193555832e-02 -5.965742468833923340e-01 -7.395187765359878540e-02
-3.578140445587335654e-32 5.092107504606246948e-02 -9.229496717453002930e-01 -4.608889222145080566e-01
-2.598378099930848797e-33 2.583878040313720703e-01 5.629445910453796387e-01 1.426455855369567871e+00
-5.797165506546311324e-32 2.766867354512214661e-02 1.713273823261260986e-01 4.648745805025100708e-02
2.235979509854473228e-32 6.399042010307312012e-01 -1.301700249314308167e-02 -8.168581128120422363e-02
-1.439394448886623434e-32 2.499371580779552460e-02 4.465748965740203857e-01 1.094575747847557068e-01
1.225317311539905532e-33 5.569288730621337891e-01 -1.195791177451610565e-02 -6.530940532684326172e-02
-8.281314355188828922e-33 3.972599282860755920e-02 -8.493938446044921875e-01 -3.309059143066406250e-01
2.701701481974235446e-33 6.104356646537780762e-01 -2.841595709323883057e-01 -1.701072812080383301e+00
-5.144017278470071034e-33 2.214626409113407135e-02 4.591835439205169678e-01 9.972578287124633789e-02
-6.218155877855454550e-32 8.156750351190567017e-02 -2.679157815873622894e-02 -2.143068797886371613e-02
4.846382476183852469e-32 1.379227042198181152e-01 -3.161124587059020996e-01 -4.275609850883483887e-01
2.854056790505533645e-32 1.988277137279510498e-01 6.401175260543823242e-02 1.248122826218605042e-01
-9.541659855546903167e-32 1.336200162768363953e-02 3.887585550546646118e-02 5.094155203551054001e-03
-8.937779460981105076e-33 1.409198064357042313e-02 -5.182831361889839172e-02 -7.162420079112052917e-03
-3.204338825624014632e-33 1.661121398210525513e-01 -1.049762144684791565e-01 -1.710066348314285278e-01
5.210128917470239643e-33 2.248557806015014648e-01 1.588979735970497131e-02 3.503830730915069580e-02
-4.278838375243497517e-33 5.292860791087150574e-02 3.869016170501708984e-01 2.008221894502639771e-01
2.651867133655093831e-33 5.824047327041625977e-02 -1.586782559752464294e-02 -9.062812663614749908e-03
-5.902268807442033695e-32 2.423401176929473877e-02 -3.763187304139137268e-02 -8.943382650613784790e-03
-4.590263562974784675e-33 3.484436124563217163e-02 1.981403678655624390e-01 6.770584732294082642e-02
1.583479346507520650e-32 1.830898039042949677e-02 1.647343486547470093e-02 2.957801567390561104e-03
-1.066162723278260443e-32 8.122172951698303223e-02 3.371229469776153564e-01 2.685228586196899414e-01
3.485467115830795857e-32 2.333590015769004822e-02 -6.911616921424865723e-01 -1.581702977418899536e-01
-3.581058316439664277e-32 6.124566495418548584e-02 3.527387604117393494e-02 2.118601277470588684e-02
-4.303956118126677378e-33 1.049032434821128845e-02 -1.444703638553619385e-01 -1.486237905919551849e-02
-3.006959805935918103e-32 4.460940510034561157e-02 -4.236551523208618164e-01 -1.853359341621398926e-01
-2.533320916097566243e-33 2.669279873371124268e-01 -2.157936431467533112e-02 -5.648764222860336304e-02
2.216940909474967754e-32 1.388460397720336914e-01 -9.693647921085357666e-02 -1.319901198148727417e-01
-2.665856030708657537e-32 1.691204123198986053e-02 -7.738672196865081787e-02 -1.283462345600128174e-02
-1.752322653082230739e-32 2.343549393117427826e-02 -2.165375091135501862e-02 -4.976544994860887527e-03
4.902242555482102982e-32 6.746137887239456177e-02 -1.023423671722412109e-02 -6.770665291696786880e-03
5.049186696174581560e-32 5.470421314239501953e-01 -6.090522184967994690e-02 -3.267352283000946045e-01
1.461560011176110046e-32 1.218769047409296036e-02 8.128049373626708984e-01 9.714678674936294556e-02
-2.058699827260705435e-32 5.971689894795417786e-02 4.296734929084777832e-02 2.516265586018562317e-02
-4.171741582865574400e-32 1.444860082119703293e-02 -2.379342913627624512e-01 -3.371347486972808838e-02
8.612390135046018407e-33 1.178247295320034027e-02 -6.193056106567382812e-01 -7.155865430831909180e-02
-1.889226969992733085e-33 5.564462542533874512e-01 -1.589462459087371826e-01 -8.673495054244995117e-01
-3.426595126132150937e-32 3.696531355381011963e-01 3.965707719326019287e-01 1.437592387199401855e+00
-4.925858824737298149e-32 7.142343521118164062e-01 3.347651362419128418e-01 2.344777345657348633e+00
3.964993505859439607e-33 1.275856643915176392e-01 -6.638980656862258911e-02 -8.306613564491271973e-02
2.967482591405077811e-32 5.041719600558280945e-02 1.890368387103080750e-02 9.346431121230125427e-03
1.886614433798030551e-33 4.017117992043495178e-02 -2.949462234973907471e-01 -1.161925122141838074e-01
4.215453883137236615e-33 4.080712795257568359e-01 -9.088036417961120605e-01 -3.636861324310302734e+00
9.516522349664950107e-33 2.692757844924926758e-01 1.547723859548568726e-01 4.087064266204833984e-01
6.786331660072582628e-32 2.561121433973312378e-02 -2.382898926734924316e-01 -5.984893813729286194e-02
8.791165487264413708e-32 2.514297887682914734e-02 2.270138710737228394e-01 5.597444251179695129e-02
-1.227601811342331721e-33 8.905441313982009888e-02 -1.681330502033233643e-01 -1.468348801136016846e-01
2.612540786477341886e-33 6.008891388773918152e-02 2.980349957942962646e-02 1.756233535706996918e-02
-3.874164600207736906e-32 5.888354405760765076e-02 -7.085918784141540527e-01 -4.091766178607940674e-01
2.958575870708897338e-32 1.507377903908491135e-02 -1.731303036212921143e-01 -2.559269033372402191e-02
-4.589248376666055777e-32 1.113531831651926041e-02 -1.598587483167648315e-01 -1.745660230517387390e-02
-7.543105519177164747e-32 1.182595826685428619e-02 2.672273516654968262e-01 3.099116869270801544e-02
1.274358862387814440e-32 3.991419449448585510e-02 -4.298437759280204773e-02 -1.682513952255249023e-02
-3.167699254456059342e-32 4.224134981632232666e-01 -2.094991207122802734e-01 -8.678419589996337891e-01
-7.076519485241151223e-32 1.030485779047012329e-01 -1.223447471857070923e-01 -1.236368715763092041e-01
-5.584855945361245510e-33 7.815071940422058105e-02 6.441120803356170654e-02 4.936453700065612793e-02
-6.633171211379368088e-32 4.118368774652481079e-02 -1.380563378334045410e-01 -5.575736984610557556e-02
6.103457604321145258e-32 2.378622069954872131e-02 -4.242927581071853638e-02 -9.897186420857906342e-03
7.144600297684137943e-33 1.266053617000579834e-01 3.135010302066802979e-01 3.892349004745483398e-01
1.521410599921814520e-32 1.108884811401367188e-02 2.752045914530754089e-02 2.992697060108184814e-03
-2.349795721815284247e-32 1.160804554820060730e-01 7.645576000213623047e-01 8.703420758247375488e-01
5.229478289168743759e-33 1.107368171215057373e-01 -5.321344360709190369e-02 -5.778751894831657410e-02
-7.824174887729611005e-33 8.906900882720947266e-02 -1.089058816432952881e-01 -9.512586891651153564e-02
1.573213166594614202e-32 1.251645088195800781e-01 1.062120348215103149e-01 1.303693801164627075e-01
-1.134066770758242261e-32 2.008895128965377808e-01 8.072872459888458252e-02 1.590398848056793213e-01
-3.281958186976748804e-33 3.196227177977561951e-02 5.361875295639038086e-01 1.680641174316406250e-01
2.520919928240971132e-32 6.988018006086349487e-02 2.668927237391471863e-02 1.828990504145622253e-02
-1.532652972791781183e-33 3.807612136006355286e-02 -2.900087833404541016e-01 -1.082890480756759644e-01
1.436183916675138525e-33 4.067601859569549561e-01 1.194987669587135315e-01 4.766751825809478760e-01
-5.542627780175893360e-33 2.623860910534858704e-02 -8.714208006858825684e-01 -2.242277860641479492e-01
1.189552014295374318e-32 9.192913025617599487e-02 -1.593249589204788208e-01 -1.436341255903244019e-01
2.635803636009122640e-32 2.470573484897613525e-01 1.466741710901260376e-01 3.553628921508789062e-01
-2.283095454018941377e-33 1.115884538739919662e-02 4.195933043956756592e-02 4.591647069901227951e-03
9.763811243184228583e-32 1.698188669979572296e-02 1.179515663534402847e-02 1.964311348274350166e-03
-2.209314302126832753e-32 1.990643143653869629e-02 6.520954966545104980e-01 1.272990852594375610e-01
-1.050396129791368038e-33 2.640607021749019623e-02 -1.010596528649330139e-01 -2.616991102695465088e-02
1.863500541441018059e-33 4.441123902797698975e-01 -1.289116311818361282e-02 -5.614429712295532227e-02
7.676870311081811543e-32 5.943624973297119141e-01 1.164303272962570190e-01 6.786380410194396973e-01
-4.819866850112354129e-32 2.572108432650566101e-02 5.049128830432891846e-02 1.273580454289913177e-02
-1.691127004925597862e-32 7.466176748275756836e-01 1.289474871009588242e-02 9.441301226615905762e-02
-2.946208788517483757e-32 7.792668044567108154e-02 1.001192815601825714e-02 7.651112508028745651e-03
4.481059770441409533e-33 2.011923193931579590e-01 4.144989699125289917e-02 8.178158849477767944e-02
3.962000182963467579e-32 2.318195998668670654e-02 -6.751850843429565430e-01 -1.534948050975799561e-01
-1.531905413485955903e-32 2.737507037818431854e-02 -4.703327640891075134e-02 -1.262644585222005844e-02
4.803422198423128812e-33 7.742450237274169922e-01 8.713240623474121094e-01 6.615745544433593750e+00
-3.326702277414845282e-33 2.110103815793991089e-01 7.059390097856521606e-02 1.460803002119064331e-01
5.685244338415819686e-32 9.369584918022155762e-02 9.689318388700485229e-02 8.902956545352935791e-02
4.188126210874510854e-33 4.697044491767883301e-01 -2.820182740688323975e-01 -1.299040317535400391e+00
4.478501821265623309e-32 5.596671253442764282e-02 7.524351775646209717e-02 4.129710048437118530e-02
-2.295586183522382078e-32 1.048869080841541290e-02 8.242377042770385742e-01 8.478020131587982178e-02
-2.154538763304009653e-32 2.017365097999572754e-01 -1.244910508394241333e-01 -2.462880313396453857e-01
2.174812587841038572e-33 1.377871632575988770e-02 5.197954550385475159e-02 7.023634854704141617e-03
7.332556701592836868e-33 2.430639415979385376e-02 -6.599644571542739868e-02 -1.573119685053825378e-02
-3.762483232924813014e-32 3.639612793922424316e-01 7.311890125274658203e-01 2.609789609909057617e+00
-6.454670043218302086e-32 8.070735633373260498e-02 1.046302542090415955e-02 8.281157352030277252e-03
1.427631185082448645e-33 3.905664756894111633e-02 2.845188602805137634e-02 1.089749485254287720e-02
1.573109282281360283e-32 8.083201646804809570e-01 1.625118963420391083e-02 1.288217753171920776e-01
3.854016920908230604e-33 1.824504137039184570e-01 -4.750872552394866943e-01 -8.500390648841857910e-01
2.985490981188682940e-33 9.267258644104003906e-02 9.696803092956542969e-01 8.812528848648071289e-01
-1.589517420177313183e-32 2.062744460999965668e-02 1.072966232895851135e-01 2.170461788773536682e-02
-2.926829882523415231e-32 4.346709847450256348e-01 -5.658584088087081909e-02 -2.412065416574478149e-01
1.964802991555951953e-33 2.377722561359405518e-01 -2.228007018566131592e-01 -5.195153951644897461e-01
4.724917910229416237e-33 9.347814917564392090e-01 -2.524568513035774231e-02 -2.314291000366210938e-01
1.819372667182141702e-33 3.070272691547870636e-02 -5.495558306574821472e-02 -1.654662564396858215e-02
6.041951625655895297e-32 3.570262789726257324e-01 3.582542240619659424e-01 1.254330992698669434e+00
6.441609860170284913e-33 9.864941835403442383e-01 2.131187543272972107e-02 2.061754167079925537e-01
8.743104372173487514e-33 2.681935429573059082e-01 -7.876934856176376343e-02 -2.071697115898132324e-01
-9.759489538203430443e-32 6.530380994081497192e-02 -3.155968338251113892e-02 -2.021118812263011932e-02
-2.008004245658594179e-33 4.581597074866294861e-02 9.372375607490539551e-01 4.211019575595855713e-01
-8.157793849614804509e-32 1.614379286766052246e-01 6.851329654455184937e-02 1.084678694605827332e-01
-1.799270575022928227e-32 7.922905683517456055e-01 2.409568578004837036e-01 1.872166395187377930e+00
-2.228467292800352621e-33 5.020905137062072754e-01 -4.960813224315643311e-01 -2.442618131637573242e+00
-7.867358582885387823e-32 1.339358650147914886e-02 3.135551139712333679e-02 4.118427634239196777e-03
8.490994629384692984e-33 3.465523719787597656e-01 -2.532680705189704895e-02 -8.607360720634460449e-02
-5.343461568264165395e-33 1.250325739383697510e-01 1.785958372056484222e-02 2.189853973686695099e-02
2.190175637790713532e-32 5.760502815246582031e-01 -1.936892606317996979e-02 -1.094174534082412720e-01
2.026460976334442620e-33 2.093654125928878784e-01 -8.870323300361633301e-01 -1.821231126785278320e+00
-2.052893325978024893e-32 3.702959716320037842e-01 -1.237831562757492065e-01 -4.495015740394592285e-01
-2.700397968941768918e-33 2.906424701213836670e-01 3.142327964305877686e-01 8.956354260444641113e-01
2.421537023666731570e-32 5.136301741003990173e-02 8.680879473686218262e-01 4.372551143169403076e-01
-5.540633260136135643e-32 3.204802051186561584e-02 2.547734417021274567e-02 8.007114753127098083e-03
-4.768870378690630830e-33 1.111729349941015244e-02 -1.114101987332105637e-02 -1.214631949551403522e-03
2.067734970714713243e-32 6.332162767648696899e-02 -4.354402795433998108e-02 -2.703966572880744934e-02
-3.111239673038889462e-33 1.325406786054372787e-02 -5.337492823600769043e-01 -6.937567144632339478e-02
-2.184715760404731712e-32 5.007697343826293945e-01 -7.816364765167236328e-01 -3.838517904281616211e+00
-3.463331087836873655e-33 7.054291963577270508e-01 1.962884515523910522e-01 1.357903361320495605e+00
2.213105418345028483e-32 8.464397490024566650e-02 -1.927278935909271240e-01 -1.599783748388290405e-01
5.226360731213569200e-32 6.450291872024536133e-01 6.601832509040832520e-01 4.176039218902587891e+00
4.403415062491735756e-32 2.506701648235321045e-02 -1.013484001159667969e-01 -2.491381391882896423e-02
1.780298096200656506e-32 7.108675837516784668e-01 1.435310766100883484e-02 1.000588163733482361e-01
1.638322292584523716e-33 6.337698698043823242e-01 -1.961157843470573425e-02 -1.218890771269798279e-01
4.769625633811034150e-33 4.872030019760131836e-01 1.879766583442687988e-02 8.981204032897949219e-02
6.551514908552322476e-32 8.669319003820419312e-02 -1.999138742685317993e-01 -1.699607372283935547e-01
6.152519799788590482e-33 5.528207868337631226e-02 -2.093634158372879028e-01 -1.135026142001152039e-01
-1.885401837906760435e-33 7.127164006233215332e-01 2.738440409302711487e-02 1.913994550704956055e-01
9.786246140616847351e-32 1.128177270293235779e-01 8.648756891489028931e-02 9.568672627210617065e-02
-9.394349842237731153e-32 1.250043362379074097e-01 -7.627761363983154297e-02 -9.350672364234924316e-02
-3.395818920786097217e-32 2.993316948413848877e-01 -6.449415087699890137e-01 -1.893187880516052246e+00
-6.826363854873804893e-33 4.662426188588142395e-02 -3.492937088012695312e-01 -1.597068011760711670e-01
1.169662429474270434e-33 4.956991225481033325e-02 -2.727583050727844238e-02 -1.325918454676866531e-02
4.274966737662270461e-32 2.819655276834964752e-02 -1.058412063866853714e-02 -2.926654648035764694e-03
-6.856942871042508175e-33 1.189098972827196121e-02 -1.140184327960014343e-02 -1.329577760770916939e-03
9.543964999968865673e-33 3.703332692384719849e-02 -1.629661023616790771e-02 -5.918486509472131729e-03
-1.842934900431397507e-33 3.596143797039985657e-02 -2.073775231838226318e-01 -7.313401252031326294e-02
-2.867037884824259555e-33 8.959879279136657715e-01 1.173402070999145508e-01 1.031026124954223633e+00
-1.497050389679342697e-32 2.044349722564220428e-02 6.141394749283790588e-02 1.231240388005971909e-02
7.094877621328324445e-33 5.480179786682128906e-01 2.160249277949333191e-02 1.160965710878372192e-01
3.420295504969300446e-33 4.307061061263084412e-02 -1.605548523366451263e-02 -6.781490519642829895e-03
6.700358207305348312e-33 4.539538919925689697e-02 -1.815395951271057129e-01 -8.081719279289245605e-02
1.332907003392807820e-33 5.788037180900573730e-02 -4.527367278933525085e-02 -2.569790370762348175e-02
-6.233493140397808346e-32 1.339962929487228394e-01 3.179880380630493164e-01 4.178536832332611084e-01
3.255581930454219833e-33 1.512324810028076172e-01 -4.630712568759918213e-01 -6.867735981941223145e-01
-2.510310246838235333e-33 5.917502641677856445e-01 2.279004268348217010e-02 1.322526186704635620e-01
6.767325385787724767e-33 2.964004278182983398e-01 2.041042149066925049e-01 5.932688117027282715e-01
-3.421666278319153086e-32 1.536300871521234512e-02 3.909555077552795410e-01 5.890121683478355408e-02
2.708459656136502019e-33 2.744823694229125977e-01 -4.068128019571304321e-02 -1.095039397478103638e-01
7.965576425621168644e-32 1.473549455404281616e-01 -9.952837228775024414e-02 -1.438243091106414795e-01
2.366461586847654934e-32 3.264277800917625427e-02 5.050268396735191345e-02 1.616673171520233154e-02
-9.982382662776124722e-32 2.772008068859577179e-02 1.630780100822448730e-01 4.433131217956542969e-02
1.330067082509618100e-33 1.530291289091110229e-01 -2.760507166385650635e-02 -4.142701253294944763e-02
-2.456795682846058378e-32 3.539047762751579285e-02 -2.513600513339042664e-02 -8.723752573132514954e-03
-8.077949571329551452e-32 7.133973389863967896e-02 1.080082207918167114e-01 7.556296139955520630e-02
-2.430899983107824943e-32 5.422977209091186523e-01 -6.133922562003135681e-02 -3.262096047401428223e-01
8.418019940085645375e-33 1.068367362022399902e-01 -1.085910201072692871e-02 -1.137719489634037018e-02
-2.482477442612442158e-32 2.894414663314819336e-01 -1.235157530754804611e-02 -3.505934402346611023e-02
1.268822449299334551e-33 8.356742262840270996e-01 5.250683426856994629e-01 4.303021430969238281e+00
1.425617783664680846e-33 2.459206059575080872e-02 -3.664822280406951904e-01 -8.838295936584472656e-02
-8.559427502385750979e-33 4.487181827425956726e-02 -1.060563977807760239e-02 -4.666929133236408234e-03
6.234220183653791931e-32 1.001363061368465424e-02 4.095304012298583984e-02 4.021595232188701630e-03
-7.041209692057563645e-33 1.634675115346908569e-01 -4.481061175465583801e-02 -7.183448970317840576e-02
3.698300653622740705e-33 2.323231101036071777e-01 -1.192971765995025635e-01 -2.717961370944976807e-01
5.635870049198231144e-32 1.093085110187530518e-02 8.700704574584960938e-01 9.326723217964172363e-02
-4.828520839523107810e-33 4.814069718122482300e-02 -4.431728720664978027e-01 -2.092214524745941162e-01
-1.433961038490634347e-33 6.372408270835876465e-01 -4.256142303347587585e-02 -2.659747302532196045e-01
7.461418800433791608e-33 1.646634191274642944e-01 -6.571493148803710938e-01 -1.061162471771240234e+00
-6.350428232744938599e-33 7.192488908767700195e-01 -3.050077259540557861e-01 -2.151348352432250977e+00
3.265518604606911408e-32 8.778070211410522461e-01 3.733713626861572266e-01 3.214109897613525391e+00
9.502978450691569563e-32 4.508461654186248779e-01 -3.526021540164947510e-02 -1.558956652879714966e-01
1.135973679734665254e-33 1.536447741091251373e-02 1.646438613533973694e-02 2.480755792930722237e-03
-2.941985935264750079e-33 8.835475891828536987e-02 7.392738461494445801e-01 6.405543088912963867e-01
-4.859684076384169769e-32 1.948236227035522461e-01 -1.265060808509588242e-02 -2.416983619332313538e-02
-7.331419410808416304e-33 1.853171288967132568e-01 -2.807267196476459503e-02 -5.101759731769561768e-02
-6.862987116057642524e-33 1.038372963666915894e-01 7.473882287740707397e-02 7.610624283552169800e-02
8.391579692589393515e-32 2.821336872875690460e-02 -1.712756976485252380e-02 -4.738832823932170868e-03
3.084705826804953377e-33 4.040593653917312622e-02 -1.199325453490018845e-02 -4.752289503812789917e-03
2.222793255037330366e-32 2.441194094717502594e-02 -9.897611290216445923e-02 -2.369481883943080902e-02
1.578606481612980710e-32 1.132977847009897232e-02 -2.071916908025741577e-01 -2.302048169076442719e-02
7.291613204796139624e-32 9.888332337141036987e-02 -1.141053885221481323e-01 -1.106496080756187439e-01
-4.183817436331571759e-32 2.399028837680816650e-02 1.785957962274551392e-01 4.201722517609596252e-02
3.837549420547561178e-32 1.546512842178344727e-01 2.392534464597702026e-01 3.628544211387634277e-01
7.538936628461973505e-32 1.907248422503471375e-02 -3.228263556957244873e-02 -6.038052495568990707e-03
-1.422429898086548497e-33 2.896133065223693848e-01 2.869093418121337891e-02 8.148616552352905273e-02
-1.068329306303619771e-33 1.667342334985733032e-02 -2.376583814620971680e-01 -3.885962069034576416e-02
1.481226325538954621e-32 9.059359878301620483e-02 -5.906275510787963867e-01 -5.247251391410827637e-01
-4.876499816946270297e-32 1.772967912256717682e-02 -7.297878861427307129e-01 -1.268873214721679688e-01
-2.438201125457576024e-32 1.259967125952243805e-02 1.527019869536161423e-02 1.886794343590736389e-03
1.562114148934150164e-32 8.578977733850479126e-02 8.807190507650375366e-02 7.409580051898956299e-02
2.052389442977705227e-33 4.454150050878524780e-02 6.364939808845520020e-01 2.780224084854125977e-01
2.078178356401006150e-32 2.099376171827316284e-02 -7.909124344587326050e-02 -1.628318428993225098e-02
-1.314985122646583519e-32 2.461639419198036194e-02 4.470109194517135620e-02 1.079103909432888031e-02
6.446984073405450559e-32 2.613230347633361816e-01 5.114696025848388672e-01 1.310745000839233398e+00
-5.263497095681540760e-33 3.036243617534637451e-01 -2.708483040332794189e-01 -8.064610958099365234e-01
1.182446389716943601e-33 1.019926555454730988e-02 2.398929446935653687e-01 2.399424277245998383e-02
1.076937231029500604e-32 7.220158725976943970e-02 4.664819687604904175e-02 3.302952274680137634e-02
-1.352190161698582025e-33 1.030006706714630127e-01 -5.964125394821166992e-01 -6.024312376976013184e-01
-1.392885592453057302e-33 6.086302995681762695e-01 1.704739779233932495e-02 1.017495170235633850e-01
-1.129764957345911942e-33 3.061899542808532715e-01 7.913134247064590454e-02 2.376075237989425659e-01
-1.999540318990689077e-33 4.882825613021850586e-01 -5.249904096126556396e-02 -2.513872683048248291e-01
1.339449364139103114e-32 1.182691976428031921e-01 -1.859094053506851196e-01 -2.156223058700561523e-01
-3.223070915851543195e-32 4.871465638279914856e-02 6.916803121566772461e-02 3.304347768425941467e-02
3.494929478012930640e-33 9.087108820676803589e-02 1.872816383838653564e-01 1.668943464756011963e-01
7.281230650942501770e-32 9.851459264755249023e-01 8.523024618625640869e-02 8.234078288078308105e-01
8.992736760617924072e-33 5.673537850379943848e-01 1.732604950666427612e-02 9.639936685562133789e-02
-9.321609957935260296e-33 5.920171737670898438e-01 -4.153364151716232300e-02 -2.411320656538009644e-01
2.976604611238451078e-33 1.119064632803201675e-02 4.526165127754211426e-01 4.967138171195983887e-02
-2.316252108893807156e-32 1.095474213361740112e-01 3.167041838169097900e-01 3.402331471443176270e-01
1.376556194311510264e-32 6.380859613418579102e-01 -1.322997063398361206e-01 -8.278635144233703613e-01
2.200764564371317624e-33 2.680900692939758301e-01 3.806734085083007812e-01 1.000815391540527344e+00
1.573618491740457112e-33 4.019735455513000488e-01 -6.446647644042968750e-02 -2.541277408599853516e-01
9.352350604577201642e-33 2.012324184179306030e-01 4.837613552808761597e-02 9.546624124050140381e-02
1.452174276531969491e-32 1.716736145317554474e-02 -3.849714994430541992e-02 -6.481160875409841537e-03
8.854703307915059992e-32 1.121864616870880127e-01 -5.091436505317687988e-01 -5.601463317871093750e-01
-2.552475192468032323e-32 6.821534037590026855e-02 -2.168610878288745880e-02 -1.450722478330135345e-02
1.492471361638309866e-33 1.235790327191352844e-01 3.886419236660003662e-01 4.709937274456024170e-01
-2.169347935009256536e-32 1.473211050033569336e-01 -2.139036655426025391e-01 -3.090322911739349365e-01
-4.673209015762697705e-33 4.711652174592018127e-02 4.710487127304077148e-01 2.176505327224731445e-01
-7.903405117153353269e-32 1.228118762373924255e-01 1.598231680691242218e-02 1.924867369234561920e-02
-3.622675812309764250e-32 7.261331677436828613e-01 1.466671377420425415e-01 1.044407010078430176e+00
-2.814975791039317389e-33 3.220747783780097961e-02 4.077129811048507690e-02 1.287751086056232452e-02
7.208656217469909150e-32 2.121396213769912720e-01 -4.773792624473571777e-02 -9.931298345327377319e-02
2.911972515549784634e-32 6.842150539159774780e-02 5.345529913902282715e-01 3.586774468421936035e-01
-9.692690896223603133e-32 2.369625419378280640e-01 1.670324802398681641e-02 3.881515190005302429e-02
1.859489387374027782e-32 3.953847885131835938e-01 -3.043580353260040283e-01 -1.180117845535278320e+00
-2.930538273326671842e-33 7.763375341892242432e-02 -8.201659321784973145e-01 -6.244145035743713379e-01
1.366708435286198855e-33 5.595405101776123047e-01 -2.276414819061756134e-02 -1.249118372797966003e-01
-1.415150281977096849e-33 1.983289420604705811e-01 2.243435233831405640e-01 4.363352656364440918e-01
-3.587768552472936379e-33 3.220354393124580383e-02 3.096353448927402496e-02 9.778559207916259766e-03
4.975344492044627103e-32 1.945625543594360352e-01 -2.444507740437984467e-02 -4.664137586951255798e-02
-5.994711446432224618e-32 1.671131551265716553e-01 -7.656828314065933228e-02 -1.254816502332687378e-01
7.808692892445312215e-33 3.020421415567398071e-02 2.502029836177825928e-01 7.411066442728042603e-02
2.034096914168987274e-33 3.585106134414672852e-01 -2.555247843265533447e-01 -8.983710408210754395e-01
3.204776991143283640e-32 4.498704969882965088e-01 -1.274641007184982300e-01 -5.623362660408020020e-01
7.606653919276968432e-32 1.332488935440778732e-02 -1.552208233624696732e-02 -2.028309740126132965e-03
1.995532066925377392e-33 1.274311915040016174e-02 -3.925249874591827393e-01 -4.905278980731964111e-02
5.179505526389792820e-32 3.145077452063560486e-02 6.602798104286193848e-01 2.036479413509368896e-01
-4.140972724359213319e-32 1.384957972913980484e-02 5.907498672604560852e-02 8.023445494472980499e-03
-1.184061225081385718e-33 4.120200276374816895e-01 -6.599533557891845703e-02 -2.666565179824829102e-01
-2.272298024127860182e-32 2.361172437667846680e-01 2.616347670555114746e-01 6.058202981948852539e-01
1.882409102757963818e-33 1.450317353010177612e-02 -9.957212805747985840e-01 -1.416189968585968018e-01
-5.833098017862247009e-32 1.586491763591766357e-01 -3.650184571743011475e-01 -5.679019093513488770e-01
1.965079783741372139e-33 3.280748426914215088e-01 -7.136630415916442871e-01 -2.296078920364379883e+00
3.015361945682008109e-32 3.733884543180465698e-02 1.286017801612615585e-02 4.708998370915651321e-03
4.964583575946818325e-33 2.149162255227565765e-02 1.906161159276962280e-01 4.017440974712371826e-02
7.834062264587964971e-33 7.087424397468566895e-02 7.083538174629211426e-01 4.923334419727325439e-01
3.910605953640784788e-33 5.796321481466293335e-02 -2.131386697292327881e-01 -1.211533397436141968e-01
-6.615862644810685316e-32 8.431144952774047852e-01 -7.236430794000625610e-02 -5.983174443244934082e-01
5.806508629520234571e-33 5.541409552097320557e-02 2.393114417791366577e-01 1.300482153892517090e-01
-1.387445386230352524e-32 7.223198413848876953e-01 2.278338819742202759e-01 1.613869905471801758e+00
1.870624220877993438e-33 8.771045804023742676e-01 -2.062872499227523804e-01 -1.774371027946472168e+00
-1.775184732508778019e-33 1.513277087360620499e-02 -1.139116380363702774e-02 -1.690469100140035152e-03
1.114463602482555920e-33 3.044808804988861084e-01 1.048952341079711914e-02 3.132105991244316101e-02
9.067650574785446897e-32 3.988735750317573547e-02 -1.868319697678089142e-02 -7.308144588023424149e-03
1.150911733375220262e-33 1.545591931790113449e-02 8.369216322898864746e-02 1.268528774380683899e-02
-2.613159023037477483e-33 1.837196946144104004e-02 -1.267056316137313843e-01 -2.282823435962200165e-02
3.200354634458696342e-33 1.487528067082166672e-02 -2.150548994541168213e-02 -3.137149382382631302e-03
1.268081520516331878e-33 7.619197964668273926e-01 -1.787170954048633575e-02 -1.335352808237075806e-01
5.201370309062262779e-32 3.611340224742889404e-01 -7.128232717514038086e-01 -2.524474382400512695e+00
8.566055086472480889e-33 1.409994661808013916e-01 5.878794565796852112e-02 8.128800243139266968e-02
-5.132122524602497233e-32 1.114006862044334412e-01 -5.113644599914550781e-01 -5.586490631103515625e-01
2.228464133659284786e-32 4.751582741737365723e-01 2.356096357107162476e-01 1.097872853279113770e+00
-3.511158646893970846e-33 1.855447888374328613e-02 3.863830119371414185e-02 7.030519656836986542e-03
1.162729033185334414e-33 4.299933314323425293e-01 -4.832117632031440735e-02 -2.037604600191116333e-01
-1.460559077736384868e-32 1.705439761281013489e-02 -5.541693419218063354e-02 -9.268289431929588318e-03
-9.054061860089941253e-32 1.389787346124649048e-02 8.371929824352264404e-02 1.141023542732000351e-02
-1.138425779317579777e-33 3.894606232643127441e-01 2.752321399748325348e-02 1.051195189356803894e-01
6.173319584579215449e-32 3.950623422861099243e-02 -4.396717995405197144e-02 -1.703393273055553436e-02
6.823517689176876429e-33 1.127825304865837097e-02 1.246639620512723923e-02 1.378806889988481998e-03
-5.338109689421665373e-32 1.686262488365173340e-01 1.792251169681549072e-01 2.963771522045135498e-01
-2.825497016492153811e-33 4.301355183124542236e-01 -1.251485757529735565e-02 -5.279003083705902100e-02
-4.496684367884142452e-32 2.701913714408874512e-01 8.537145256996154785e-01 2.262063741683959961e+00
-9.320171446723441522e-32 1.003056019544601440e-01 2.355363219976425171e-01 2.316881120204925537e-01
-1.620694616033791156e-32 1.532687544822692871e-01 -1.911737024784088135e-02 -2.873441949486732483e-02
1.847543756641582454e-33 3.841556608676910400e-02 9.213629364967346191e-02 3.471032157540321350e-02
-1.953281787752550397e-32 5.001541972160339355e-02 1.083575468510389328e-02 5.314761307090520859e-03
1.337222812534752617e-33 1.454211771488189697e-01 2.614981308579444885e-02 3.729210793972015381e-02
-2.014237488124821674e-32 1.710778847336769104e-02 -9.146289527416229248e-02 -1.534473802894353867e-02
-1.255286466545722826e-32 2.887919247150421143e-01 1.192340347915887833e-02 3.376804664731025696e-02
1.464724919513103665e-33 1.241761725395917892e-02 1.922337710857391357e-02 2.340931212529540062e-03
-5.375474320198887236e-33 5.014325380325317383e-01 -4.383009672164916992e-01 -2.155289411544799805e+00
-5.015220786907571562e-32 7.453460097312927246e-01 -2.664199471473693848e-01 -1.947355985641479492e+00
9.239068948672427059e-33 3.461664319038391113e-01 3.174751251935958862e-02 1.077743321657180786e-01
-1.099214097940330701e-32 3.525469824671745300e-02 -1.191988028585910797e-02 -4.121066071093082428e-03
2.602420771940120497e-32 1.089412625879049301e-02 3.797179758548736572e-01 4.056712985038757324e-02
-6.151519160222453010e-33 6.751459240913391113e-01 2.369726002216339111e-01 1.568976521492004395e+00
1.350825669896666591e-33 4.359132051467895508e-01 9.423128515481948853e-02 4.028244614601135254e-01
-3.477085473767448315e-33 1.343849897384643555e-01 1.533922702074050903e-01 2.021505385637283325e-01
-7.336242611066634003e-32 7.891939878463745117e-01 -2.204545401036739349e-02 -1.706174612045288086e-01
8.994340869596414936e-32 1.777932792901992798e-02 7.508239895105361938e-02 1.309104077517986298e-02
1.198826370849774461e-32 1.787403412163257599e-02 2.142907492816448212e-02 3.756182733923196793e-03
1.486963527756234343e-33 1.655615493655204773e-02 3.969090580940246582e-01 6.444232165813446045e-02
-2.272053080492507587e-32 6.186205744743347168e-01 -7.253611683845520020e-01 -4.400472640991210938e+00
2.555433250533479683e-33 2.243230342864990234e-01 5.366737246513366699e-01 1.180605649948120117e+00
9.004316114657492868e-33 9.775518625974655151e-02 2.503533847630023956e-02 2.400014922022819519e-02
1.339943806450417739e-33 3.495398163795471191e-02 4.689524322748184204e-02 1.607481949031352997e-02
-2.692793806188894930e-33 1.505328994244337082e-02 -4.745278358459472656e-01 -7.005091756582260132e-02
-4.894231341076058314e-33 2.650526352226734161e-02 3.180997446179389954e-02 8.268297649919986725e-03
8.740693874070332560e-33 7.732905149459838867e-01 2.995308339595794678e-01 2.271458864212036133e+00
-1.198934663266843964e-32 3.319270610809326172e-01 3.417588174343109131e-01 1.112456560134887695e+00
6.358548694657212814e-32 4.781106114387512207e-02 -2.693834900856018066e-01 -1.263048499822616577e-01
-4.088702163997992513e-33 1.716733872890472412e-01 1.962844096124172211e-02 3.304528072476387024e-02
-2.948037710790569384e-33 3.372528851032257080e-01 -5.352290868759155273e-01 -1.770174503326416016e+00
1.688575888310725793e-32 8.481613397598266602e-01 -2.664359509944915771e-01 -2.216113567352294922e+00
-8.431554288167425488e-33 1.534306257963180542e-01 1.417488902807235718e-01 2.132811099290847778e-01
-8.196570028702173160e-33 4.916335642337799072e-02 -2.113170176744461060e-01 -1.018818244338035583e-01
-5.392246787875198119e-33 2.898534536361694336e-01 -1.046702452003955841e-02 -2.975242584943771362e-02
-1.819971067275107173e-33 7.936535477638244629e-01 -4.001405537128448486e-01 -3.114326715469360352e+00
1.671283778662954532e-32 2.004013396799564362e-02 7.923734188079833984e-02 1.557224337011575699e-02
-9.249883496699992104e-33 1.233394667506217957e-01 3.175562992691993713e-02 3.840992599725723267e-02
-4.683867149573206459e-32 3.352215513586997986e-02 -1.686276309192180634e-02 -5.543465726077556610e-03
-1.574000527404474356e-33 2.674166485667228699e-02 8.759537935256958008e-01 2.297154963016510010e-01
9.576574682628614456e-33 1.086254790425300598e-02 -3.520760238170623779e-01 -3.750497102737426758e-02
1.683050219975296388e-33 2.181263417005538940e-01 9.885664284229278564e-02 2.114631235599517822e-01
1.697538555191165714e-33 2.256493866443634033e-01 1.893807649612426758e-01 4.190739691257476807e-01
-9.457468452215515439e-33 3.781676292419433594e-02 1.526454929262399673e-02 5.660946015268564224e-03
1.510800000164117142e-32 5.496553778648376465e-01 -1.373496465384960175e-02 -7.403527200222015381e-02
6.442162195578377536e-32 3.751771897077560425e-02 2.304425835609436035e-01 8.478516340255737305e-02
1.162338291516281393e-32 4.272440075874328613e-01 -3.291935101151466370e-02 -1.379265636205673218e-01
4.761276979057906559e-32 7.149209380149841309e-01 1.551380287855863571e-02 1.087669506669044495e-01
-2.932315326911527436e-32 2.090070210397243500e-02 -1.522829681634902954e-01 -3.121281228959560394e-02
5.821372020902413132e-33 2.399549074470996857e-02 -1.439030189067125320e-02 -3.386259311810135841e-03
-7.807145060258866967e-32 1.021732483059167862e-02 -6.916866302490234375e-01 -6.930543482303619385e-02
8.398481754607040429e-33 4.128429293632507324e-01 1.705877669155597687e-02 6.906426697969436646e-02
-5.597223909173422209e-32 3.079365193843841553e-01 6.961508095264434814e-02 2.102253884077072144e-01
8.739210400199594833e-32 9.661136567592620850e-02 -3.727534040808677673e-02 -3.531591966748237610e-02
-1.071752639726801978e-32 2.846411243081092834e-02 2.055211067199707031e-01 5.736866965889930725e-02
-3.763896177134501404e-33 5.391915440559387207e-01 -9.454500675201416016e-02 -4.999221265316009521e-01
-1.150590492809659609e-33 2.186749875545501709e-01 2.147026360034942627e-02 4.604231938719749451e-02
-6.657065485048532727e-33 2.143756449222564697e-01 -4.340710490942001343e-02 -9.125506132841110229e-02
3.574939501001649639e-33 1.116673182696104050e-02 2.658406496047973633e-01 2.911173924803733826e-02
-4.785595826592908822e-33 6.588941812515258789e-02 -1.089346222579479218e-02 -7.038859650492668152e-03
3.729816759194240129e-33 6.634823679924011230e-01 -1.030534058809280396e-01 -6.705210804939270020e-01
-6.600405922654929205e-33 1.495982110500335693e-01 1.490576192736625671e-02 2.186760678887367249e-02
-1.229819161029967188e-32 3.102121651172637939e-01 -8.502843230962753296e-02 -2.586685717105865479e-01
6.445332503842545245e-32 1.010280027985572815e-01 4.409345090389251709e-01 4.368542134761810303e-01
6.964889251962488101e-33 1.698552519083023071e-01 9.009114503860473633e-01 1.500658154487609863e+00
4.611751967049800722e-33 3.640964925289154053e-01 -3.091468214988708496e-01 -1.103829383850097656e+00
6.068863540260414600e-33 3.263775631785392761e-02 -6.397969722747802734e-01 -2.047779262065887451e-01
-1.911285488827897942e-33 1.454469561576843262e-01 2.067616879940032959e-01 2.949139773845672607e-01
-6.005875704029159293e-32 1.250305678695440292e-02 -5.923743918538093567e-02 -7.263286039233207703e-03
-6.243708774053629436e-33 8.052364587783813477e-01 3.150068521499633789e-01 2.487505912780761719e+00
-5.934277151272939952e-33 1.141065880656242371e-01 2.322923094034194946e-01 2.599358856678009033e-01
-3.597219600521944497e-32 7.444760203361511230e-02 3.108918368816375732e-01 2.269764095544815063e-01
-1.732231801587747002e-33 1.742237210273742676e-01 3.369167819619178772e-02 5.756394937634468079e-02
5.125959113847548274e-33 1.142994593828916550e-02 8.093380928039550781e-02 9.071827866137027740e-03
4.539589103536789756e-33 1.416206508874893188e-01 1.710994392633438110e-01 2.376270443201065063e-01
1.315638532201747627e-33 2.438209205865859985e-02 -4.518641829490661621e-01 -1.080437228083610535e-01
-5.163282528854094430e-32 3.473393023014068604e-01 -7.464696764945983887e-01 -2.542650938034057617e+00
-2.477517811541132147e-33 5.133164301514625549e-02 -6.995748281478881836e-01 -3.521600067615509033e-01
5.964159760507177954e-32 4.291789978742599487e-02 -4.221265017986297607e-02 -1.776649430394172668e-02
3.539429286031246861e-33 6.014478579163551331e-02 1.746335774660110474e-01 1.030021756887435913e-01
-1.425872719002015429e-33 3.396340906620025635e-01 3.902375325560569763e-02 1.299753487110137939e-01
2.487874100442868816e-33 1.145370770245790482e-02 -2.939595468342304230e-02 -3.301827237010002136e-03
1.110290046524159852e-32 1.021156162023544312e-01 1.147889569401741028e-01 1.149510443210601807e-01
-6.407900355608548027e-33 1.292370110750198364e-01 -4.390700161457061768e-01 -5.564695000648498535e-01
-9.351646777334646798e-33 3.326834738254547119e-02 -1.472330745309591293e-02 -4.803494550287723541e-03
7.965410533980908849e-33 2.485443837940692902e-02 5.975712090730667114e-02 1.456512790173292160e-02
2.266778196529986425e-32 4.115336760878562927e-02 -2.113779075443744659e-02 -8.530719205737113953e-03
7.324834438391903703e-33 2.358719110488891602e-01 5.354493260383605957e-01 1.238554954528808594e+00
1.877138259557273607e-32 7.405811548233032227e-02 -3.067060112953186035e-01 -2.227489352226257324e-01
1.037318442897783152e-32 1.079022884368896484e-02 -2.226522415876388550e-01 -2.356017008423805237e-02
-5.830586794586905971e-33 1.115055475383996964e-02 1.794313341379165649e-01 1.962074264883995056e-02
3.709918945912680490e-33 1.338495779782533646e-02 -3.659572079777717590e-02 -4.803612828254699707e-03
5.965758359355899339e-33 2.480395510792732239e-02 -2.582022547721862793e-01 -6.280606985092163086e-02
-1.575303489423963935e-32 5.154051184654235840e-01 2.394615113735198975e-02 1.210333630442619324e-01
3.577448446756685959e-33 1.397998780012130737e-01 -1.547034084796905518e-02 -2.120934799313545227e-02
3.773987208389135331e-32 5.152722597122192383e-01 -3.017535619437694550e-02 -1.524789184331893921e-01
1.276557293963241360e-33 9.375634789466857910e-02 4.074866697192192078e-02 3.746578097343444824e-02
-3.419337844415364913e-33 7.111974805593490601e-02 1.056986004114151001e-01 7.371911406517028809e-02
-1.113521039684188762e-32 5.476878210902214050e-02 -1.132633909583091736e-01 -6.083357334136962891e-02
-1.057700265978293869e-32 1.330778468400239944e-02 -1.957865618169307709e-02 -2.555108396336436272e-03
-1.349790628753668335e-32 1.345932483673095703e-02 -4.746190086007118225e-02 -6.264538504183292389e-03
-3.451758052079440529e-32 1.819803118705749512e-01 -1.611145772039890289e-02 -2.875278517603874207e-02
1.775941089655135235e-33 1.300037056207656860e-01 1.538370922207832336e-02 1.961270347237586975e-02
1.541591339999937699e-32 4.512200877070426941e-02 1.486701220273971558e-01 6.578589975833892822e-02
-1.439052214726641064e-33 2.185460552573204041e-02 1.572395414113998413e-01 3.369965404272079468e-02
2.488412256450354645e-33 1.082290150225162506e-02 -9.334665536880493164e-02 -9.907478466629981995e-03
4.288879007177839939e-32 2.666750550270080566e-02 -4.977557435631752014e-02 -1.301725301891565323e-02
-3.237327237869918971e-33 1.179987471550703049e-02 7.037171721458435059e-02 8.143221028149127960e-03
-1.126378449956689090e-32 6.051253899931907654e-02 -2.489383816719055176e-01 -1.477263271808624268e-01
8.561781429823272610e-33 2.043384313583374023e-02 -8.258017897605895996e-01 -1.654803901910781860e-01
2.372395188457018135e-33 1.024757996201515198e-01 -5.114916563034057617e-01 -5.140206217765808105e-01
-6.898390067168532768e-33 4.880093336105346680e-01 7.276285439729690552e-02 3.482238650321960449e-01
-4.934259862457434259e-33 5.569127574563026428e-02 1.247480139136314392e-01 6.813048571348190308e-02
8.595674605377325478e-33 1.236106455326080322e-01 -3.981672227382659912e-02 -4.826608300209045410e-02
-1.425212605455631789e-33 1.201044768095016479e-01 2.154643647372722626e-02 2.537787891924381256e-02
-4.559337629035794965e-32 1.779031939804553986e-02 3.563131690025329590e-01 6.216361746191978455e-02
1.096743943498871516e-33 3.472238481044769287e-01 -2.559532225131988525e-02 -8.715470135211944580e-02
-6.965452754566913535e-33 7.848918437957763672e-01 5.040717124938964844e-01 3.879920244216918945e+00
2.778892706243881063e-33 1.254843324422836304e-01 -5.422413721680641174e-02 -6.672719120979309082e-02
1.700981467942128804e-32 3.247914090752601624e-02 -8.968267440795898438e-01 -2.856497168540954590e-01
-9.240406808180456675e-33 1.995644904673099518e-02 8.466611802577972412e-02 1.656965911388397217e-02
1.017780771697956690e-32 2.731179073452949524e-02 9.379128366708755493e-02 2.512079291045665741e-02
-7.754792068356294749e-33 1.115766838192939758e-01 6.704414635896682739e-02 7.335927337408065796e-02
-1.213983433781567047e-33 2.798532247543334961e-01 -2.203740738332271576e-02 -6.047996133565902710e-02
-6.639765146940305710e-33 3.051201999187469482e-01 -7.207842469215393066e-01 -2.156735658645629883e+00
-7.142513501337840677e-32 2.786613702774047852e-01 -4.859698414802551270e-01 -1.328026533126831055e+00
6.869320385746285304e-32 1.185831334441900253e-02 -2.519464492797851562e-01 -2.929893694818019867e-02
1.509376715277561362e-33 4.965808615088462830e-02 -4.133616760373115540e-02 -2.012986503541469574e-02
-7.880298865509621122e-33 2.403110265731811523e-02 2.758162617683410645e-01 6.500013172626495361e-02
-5.099513062347939229e-33 1.259979754686355591e-01 -7.084570825099945068e-02 -8.753823488950729370e-02
4.516745574880466390e-33 1.391591578722000122e-01 1.210629940032958984e-02 1.652128621935844421e-02
1.122450535583416416e-33 3.233388811349868774e-02 1.550000812858343124e-02 4.914853256195783615e-03
6.388546722743022180e-32 5.581229329109191895e-01 5.746375918388366699e-01 3.145173311233520508e+00
-3.424096025142302754e-32 4.785115420818328857e-01 -1.460811942815780640e-01 -6.854999065399169922e-01
5.164485059574985630e-32 1.056219786405563354e-01 -3.989013135433197021e-01 -4.131810963153839111e-01
4.416336390269562045e-32 3.207848966121673584e-02 1.417620480060577393e-02 4.459585994482040405e-03
1.085497548234173133e-32 1.313268952071666718e-02 -1.296875923871994019e-01 -1.670216582715511322e-02
7.631040725079127609e-32 4.178067296743392944e-02 9.068703651428222656e-02 3.715705871582031250e-02
-2.796347878998630452e-33 6.537570059299468994e-02 -1.728748343884944916e-02 -1.108329277485609055e-02
7.075856506427287452e-32 1.584994643926620483e-01 -9.616909176111221313e-02 -1.494803130626678467e-01
1.557694400377653752e-33 8.981493115425109863e-02 -2.380640804767608643e-02 -2.096829377114772797e-02
1.034717294304604209e-32 1.261061616241931915e-02 3.584835231304168701e-01 4.433290287852287292e-02
-1.097727501662723602e-33 6.452128887176513672e-01 -2.132170274853706360e-02 -1.349104493856430054e-01
-1.813958229999658856e-32 1.494168192148208618e-01 5.226094648241996765e-02 7.657683640718460083e-02
-2.228397277418081768e-32 2.637055814266204834e-01 6.048532128334045410e-01 1.564191579818725586e+00
-1.525828034223807750e-33 7.177621871232986450e-02 3.061212785542011261e-02 2.154739573597908020e-02
6.523150964550949942e-33 1.117838546633720398e-01 8.979222923517227173e-02 9.843249619007110596e-02
9.575398306657029052e-32 6.226456761360168457e-01 7.621095776557922363e-01 4.653492927551269531e+00
1.196672534591281861e-33 1.498235315084457397e-01 1.242182683199644089e-02 1.825097948312759399e-02
6.061017556279057389e-32 5.180910602211952209e-02 1.804679334163665771e-01 9.169103205204010010e-02
2.362946234257322420e-33 3.081581555306911469e-02 -1.441635489463806152e-01 -4.356621205806732178e-02
9.431001756096370077e-32 1.751197874546051025e-02 -1.076190359890460968e-02 -1.848182990215718746e-03
-1.169302618000323425e-33 7.327667623758316040e-02 1.345719844102859497e-01 9.670325368642807007e-02
-3.811451535780986309e-33 2.118853479623794556e-02 -1.284608542919158936e-01 -2.669269405305385590e-02
-1.938673037834118714e-33 6.924934685230255127e-02 3.235512375831604004e-01 2.197249680757522583e-01
3.502929672159436349e-32 1.834025830030441284e-01 5.927725136280059814e-02 1.066139787435531616e-01
6.647040722287926406e-33 4.313218593597412109e-01 -3.036242537200450897e-02 -1.284276694059371948e-01
3.089583540613690459e-32 7.234935462474822998e-02 2.433976344764232635e-02 1.726917922496795654e-02
2.937652365137848326e-32 7.654651999473571777e-01 -1.087743695825338364e-02 -8.165310323238372803e-02
-5.770102100107329799e-32 1.798555627465248108e-02 -1.073249876499176025e-01 -1.892977207899093628e-02
6.296177552149757650e-32 1.778365373611450195e-01 -3.858425319194793701e-01 -6.729019284248352051e-01
-1.506542120853148805e-33 3.512109518051147461e-01 3.242957890033721924e-01 1.116940379142761230e+00
4.197959221119139289e-32 1.267022639513015747e-01 -6.375765800476074219e-01 -7.922046780586242676e-01
-1.058903861990940501e-33 1.011113747954368591e-01 -2.945600450038909912e-02 -2.920750901103019714e-02
5.076007363030118283e-32 1.571232452988624573e-02 -2.680055052042007446e-02 -4.129569977521896362e-03
2.236178756146937606e-32 1.256594434380531311e-02 2.399349585175514221e-02 2.956714248284697533e-03
1.494124731176939877e-32 7.532524317502975464e-02 2.197543978691101074e-01 1.623300015926361084e-01
3.741167112240589358e-32 5.964700877666473389e-02 -5.374453216791152954e-02 -3.143718093633651733e-02
1.582268881199761400e-32 9.148615002632141113e-01 1.849047839641571045e-01 1.658915281295776367e+00
-3.456340569869327364e-33 6.651228070259094238e-01 5.159793049097061157e-02 3.365540206432342529e-01
7.175700204787049350e-33 2.420588210225105286e-02 2.044906616210937500e-01 4.854170978069305420e-02
4.463982408917854119e-33 5.128169432282447815e-02 5.788725987076759338e-02 2.911159768700599670e-02
6.463643179345304017e-32 6.746125221252441406e-01 4.508570954203605652e-02 2.982730269432067871e-01
1.113483056522977817e-32 6.336222290992736816e-01 -3.918388485908508301e-01 -2.434773445129394531e+00
5.654935979821393236e-32 2.285970598459243774e-01 -2.928688824176788330e-01 -6.565450429916381836e-01
1.538786169668494163e-32 4.613047093152999878e-02 -5.961351469159126282e-02 -2.696828357875347137e-02
-6.769134912404021826e-33 5.154838413000106812e-02 6.684165447950363159e-02 3.378959000110626221e-02
-2.020082633784285499e-33 2.214148826897144318e-02 5.019354224205017090e-01 1.089871525764465332e-01
-1.640193348983246629e-33 9.762327373027801514e-02 3.347598016262054443e-01 3.204847574234008789e-01
-5.233875005382803747e-33 1.732865720987319946e-01 8.945200592279434204e-02 1.520112305879592896e-01
7.262963762604311128e-33 3.104233182966709137e-02 4.783499240875244141e-01 1.456198990345001221e-01
6.776756670837959685e-32 1.809232681989669800e-02 3.466644883155822754e-02 6.150698754936456680e-03
-2.586997992183744379e-32 2.136521786451339722e-02 -3.111240565776824951e-01 -6.518708914518356323e-02
5.488326112513245494e-32 2.896036505699157715e-01 8.939322829246520996e-01 2.538805007934570312e+00
3.510529757416280923e-33 1.616644114255905151e-02 -6.154405698180198669e-02 -9.757110849022865295e-03
-1.408239587422811084e-32 4.402536153793334961e-02 -7.590679079294204712e-02 -3.277209773659706116e-02
-7.171470041428821496e-32 5.618512257933616638e-02 1.208041384816169739e-01 6.656160950660705566e-02
-1.260704007767975812e-33 2.196540124714374542e-02 -2.098887413740158081e-02 -4.521150141954421997e-03
-3.475985651865460212e-33 2.312257736921310425e-01 1.237169504165649414e-01 2.805344164371490479e-01
3.068139070640036394e-33 4.695967137813568115e-01 -2.598782181739807129e-01 -1.196783542633056641e+00
-2.630417116817471823e-33 4.281736165285110474e-02 -8.663382530212402344e-01 -3.637709915637969971e-01
-2.830127729550424359e-33 5.906063914299011230e-01 1.919806599617004395e-01 1.111927032470703125e+00
1.096617210514173488e-32 1.524063497781753540e-01 -1.265503913164138794e-01 -1.891416758298873901e-01
-5.662862925976163332e-32 3.288354352116584778e-02 1.226261705160140991e-01 3.954416885972023010e-02
2.262318664836554372e-32 1.761381328105926514e-02 2.503689825534820557e-01 4.324686154723167419e-02
-3.130538351543514367e-32 6.479475498199462891e-01 -3.362809866666793823e-02 -2.136794924736022949e-01
-1.613630482732524619e-33 2.715549468994140625e-01 3.299752622842788696e-02 8.787387609481811523e-02
-2.128079340556160004e-33 2.941232174634933472e-02 -9.244862943887710571e-02 -2.666554413735866547e-02
-2.818137870843029343e-33 2.437069825828075409e-02 1.340639144182205200e-01 3.204059228301048279e-02
-4.431109709397108849e-32 5.816329717636108398e-01 -9.296790510416030884e-02 -5.302768945693969727e-01
-1.597022216923344225e-32 7.800727337598800659e-02 -1.266743093729019165e-01 -9.690457582473754883e-02
5.406298353471340038e-33 8.963276445865631104e-02 5.426359772682189941e-01 4.769754707813262939e-01
2.739292505616585988e-33 1.152690779417753220e-02 1.416830345988273621e-02 1.601589960046112537e-03
-3.517606600750215725e-33 5.218469724059104919e-02 2.046897709369659424e-01 1.047514379024505615e-01
-3.099578769078732370e-32 4.691890254616737366e-02 2.437920682132244110e-02 1.121729426085948944e-02
-3.977677751120384427e-32 4.714520275592803955e-01 2.324697524309158325e-01 1.074792504310607910e+00
7.173735806790031455e-32 2.673164904117584229e-01 1.200288832187652588e-01 3.146532475948333740e-01
6.828754663446583573e-32 2.760314941406250000e-01 1.448341738432645798e-02 3.920580074191093445e-02
-1.290814460868181791e-32 3.442916274070739746e-01 1.434717625379562378e-01 4.844105541706085205e-01
-1.692409763135932684e-32 3.564130514860153198e-02 3.854164779186248779e-01 1.347114592790603638e-01
-3.052565754138358097e-32 1.597510837018489838e-02 1.375174373388290405e-01 2.154379896819591522e-02
1.173096893359586989e-33 1.136275157332420349e-01 4.270653724670410156e-01 4.758812189102172852e-01
7.992169634319821255e-32 1.883032470941543579e-01 3.726451098918914795e-02 6.881354004144668579e-02
3.276629377210883670e-32 3.981907293200492859e-02 -5.475685372948646545e-02 -2.138209901750087738e-02
5.225516505864488018e-33 1.062282398343086243e-01 -1.271279528737068176e-02 -1.324346754699945450e-02
-9.924168656040352578e-32 3.296254947781562805e-02 -3.525441884994506836e-02 -1.139606814831495285e-02
-6.679562977555332782e-33 7.694475054740905762e-01 4.599689245223999023e-01 3.470788717269897461e+00
5.295448868846813694e-33 8.765561580657958984e-01 -1.032845824956893921e-01 -8.878424763679504395e-01
8.112341450361940676e-33 1.784777343273162842e-01 -2.409189194440841675e-02 -4.216728731989860535e-02
-2.271024412732942696e-33 1.022315397858619690e-01 2.956495583057403564e-01 2.964031398296356201e-01
1.079284619779695785e-32 2.838502824306488037e-01 1.731391437351703644e-02 4.819536581635475159e-02
3.539521635806183337e-32 9.858950376510620117e-01 8.308763802051544189e-02 8.033185005187988281e-01
7.614028970834027464e-32 2.679550349712371826e-01 2.013483643531799316e-02 5.290913954377174377e-02
-9.389283902396068652e-33 3.948981314897537231e-02 -7.143885642290115356e-02 -2.766561135649681091e-02
-1.644981651752924291e-33 6.671249270439147949e-01 -6.600442528724670410e-02 -4.318181276321411133e-01
3.153317668820924065e-32 8.100182563066482544e-02 -3.278886526823043823e-02 -2.604605257511138916e-02
-1.557550953332654970e-33 1.089056115597486496e-02 -5.384731292724609375e-02 -5.750888958573341370e-03
3.366249066517574869e-32 7.374228239059448242e-01 4.186167120933532715e-01 3.027288675308227539e+00
-4.018807122961305445e-32 1.613010913133621216e-01 5.857613682746887207e-02 9.265710413455963135e-02
4.782186084823157998e-32 7.450333982706069946e-02 2.216535247862339020e-02 1.619463041424751282e-02
2.747045809215220554e-33 4.318011179566383362e-02 -1.174041628837585449e-01 -4.971506074070930481e-02
-8.329767497645754349e-33 2.599120140075683594e-01 3.413392975926399231e-02 8.700282126665115356e-02
1.375606192837954308e-33 8.279309272766113281e-01 5.097333192825317383e-01 4.138641357421875000e+00
-3.578090927887807265e-33 1.235890686511993408e-01 9.796158969402313232e-02 1.187289357185363770e-01
-4.280666268959026174e-33 1.915527693927288055e-02 3.959843814373016357e-01 7.438530772924423218e-02
-5.899620639074821860e-33 3.804652988910675049e-01 1.609638631343841553e-01 6.005706787109375000e-01
-2.542736809518645082e-33 1.770153455436229706e-02 1.586052961647510529e-02 2.753273118287324905e-03
2.042487556110958299e-32 9.709973633289337158e-02 8.057872205972671509e-02 7.672892510890960693e-02
1.535565609020828800e-32 5.064179301261901855e-01 -4.118652939796447754e-01 -2.045431613922119141e+00
5.364572418247376709e-32 1.312055140733718872e-01 3.099429011344909668e-01 3.987993896007537842e-01
-2.412173917288844345e-32 2.182817086577415466e-02 2.885163202881813049e-02 6.176015827804803848e-03
-4.946761759157207771e-32 3.284044265747070312e-01 1.881026476621627808e-01 6.057934761047363281e-01
-5.921518629462702549e-33 5.059741064906120300e-02 -3.144251182675361633e-02 -1.560149434953927994e-02
6.339323484549514302e-33 4.812023341655731201e-01 -1.196575164794921875e-01 -5.646617412567138672e-01
-1.098850741616231993e-33 2.719702571630477905e-02 -1.909714937210083008e-02 -5.093433428555727005e-03
3.215342922115649771e-32 1.939032971858978271e-02 7.951790839433670044e-02 1.512066274881362915e-02
2.049012284441991258e-32 3.395039141178131104e-01 3.197304531931877136e-02 1.064509302377700806e-01
-4.557439719937995456e-33 6.006832122802734375e-01 -2.796671986579895020e-01 -1.647432684898376465e+00
4.856557481816173263e-33 2.730181626975536346e-02 -2.847449667751789093e-02 -7.623743265867233276e-03
-3.333870221560968812e-33 3.869748860597610474e-02 1.312313880771398544e-02 4.980135709047317505e-03
2.928453974905870074e-33 1.515639871358871460e-01 1.143985241651535034e-02 1.700345240533351898e-02
1.353522602912338319e-33 1.456272006034851074e-01 2.233387678861618042e-01 3.189534246921539307e-01
3.261178091716500111e-32 5.091158747673034668e-01 3.142252564430236816e-01 1.568839192390441895e+00
-1.038760388757158235e-33 2.031582780182361603e-02 -8.641152977943420410e-01 -1.721578836441040039e-01
-9.794960961860256085e-33 2.476750686764717102e-02 2.896528318524360657e-02 7.035270333290100098e-03
3.604291594941682158e-33 4.414846599102020264e-01 4.505770653486251831e-02 1.950766891241073608e-01
-1.720283268853623081e-33 7.045112252235412598e-01 -1.215556189417839050e-01 -8.398150205612182617e-01
9.337343215137047350e-33 3.700629249215126038e-02 -2.294575721025466919e-01 -8.327192813158035278e-02
-4.265780469715785063e-33 1.112322229892015457e-02 2.710888348519802094e-02 2.957078861072659492e-03
7.500163828920863468e-33 7.099875807762145996e-01 1.048752218484878540e-01 7.302042245864868164e-01
-3.645210920635790618e-33 1.048767194151878357e-02 -1.809042692184448242e-01 -1.860581152141094208e-02
-9.829706370818655112e-33 1.169257834553718567e-01 -1.247701141983270645e-02 -1.430676784366369247e-02
-9.110740230393157932e-33 4.485909640789031982e-02 -2.247029170393943787e-02 -9.885073639452457428e-03
1.767352266712455265e-33 8.294523507356643677e-02 -1.369155794382095337e-01 -1.113691702485084534e-01
-6.063074671392996392e-32 3.685808479785919189e-01 -9.478756040334701538e-02 -3.426137566566467285e-01
-1.224854607576063109e-32 1.688737794756889343e-02 -9.242702126502990723e-01 -1.530670970678329468e-01
-4.968633594795782664e-32 7.901714742183685303e-02 -6.512916088104248047e-01 -5.046816468238830566e-01
1.023383177773975713e-33 5.032087862491607666e-02 3.038510978221893311e-01 1.499442160129547119e-01
6.273716793841420791e-32 5.458235368132591248e-02 -1.232547760009765625e-01 -6.597459316253662109e-02
1.902088274090270512e-32 3.359160944819450378e-02 -2.287014573812484741e-01 -7.533910125494003296e-02
-1.701725996676580870e-32 8.046802282333374023e-01 5.640654563903808594e-01 4.451163291931152344e+00
-1.477894221497655763e-33 5.002697110176086426e-01 -1.043387688696384430e-02 -5.118829011917114258e-02
-1.753775123289465528e-32 9.360678493976593018e-02 1.820491254329681396e-02 1.671154610812664032e-02
3.183845918327351209e-33 4.679127782583236694e-02 1.490779519081115723e-01 6.840676069259643555e-02
5.188332313470117377e-32 6.151624321937561035e-01 1.449138671159744263e-01 8.742193579673767090e-01
1.972940718541503870e-33 2.544448673725128174e-01 1.995824575424194336e-01 4.980084598064422607e-01
2.040593724509188204e-33 2.114799618721008301e-02 1.355494707822799683e-01 2.811174094676971436e-02
-7.899556401711967247e-33 1.954336836934089661e-02 8.310235291719436646e-02 1.592697948217391968e-02
-7.208003524231615075e-33 2.380317077040672302e-02 1.610830053687095642e-02 3.760150168091058731e-03
-1.542595506049127638e-32 2.806608378887176514e-02 8.808878809213638306e-02 2.424505166709423065e-02
3.118541329667419027e-33 1.332892328500747681e-01 2.220241539180278778e-02 2.902124077081680298e-02
-3.368668895107139474e-33 1.734523288905620575e-02 -5.846187472343444824e-01 -9.944283962249755859e-02
1.077365257909993769e-32 1.372576877474784851e-02 -9.833428859710693359e-01 -1.323616951704025269e-01
7.884400899983609347e-32 2.534830197691917419e-02 -2.102842926979064941e-01 -5.227287486195564270e-02
8.573573254466752534e-32 1.035899575799703598e-02 4.491915926337242126e-02 4.563204944133758545e-03
1.592908133632260071e-32 2.733691930770874023e-01 1.896879523992538452e-01 5.085222721099853516e-01
-3.556109183527430489e-33 1.590886339545249939e-02 -1.353942155838012695e-01 -2.112320996820926666e-02
-1.513016982509767976e-32 2.424088865518569946e-01 1.466249823570251465e-01 3.485597074031829834e-01
2.306695780632003517e-32 6.480295956134796143e-02 -2.296292334794998169e-01 -1.459293663501739502e-01
-4.757479103747193600e-33 6.558051705360412598e-01 1.356448605656623840e-02 8.723662793636322021e-02
-3.725696651494608012e-33 2.467375248670578003e-02 -3.104315400123596191e-01 -7.511414587497711182e-02
-5.783933554386280245e-32 7.395782321691513062e-02 -3.375321626663208008e-02 -2.448048070073127747e-02
3.669227739591028480e-32 8.702910542488098145e-01 2.268167212605476379e-02 1.935799121856689453e-01
-6.768579491323258295e-33 9.014365077018737793e-01 5.054757595062255859e-01 4.468442440032958984e+00
1.171148695144091364e-33 4.921076893806457520e-01 2.896665334701538086e-01 1.397909879684448242e+00
-6.156415461535612470e-33 4.942223802208900452e-02 -3.640944659709930420e-01 -1.764644384384155273e-01
3.281079211075921439e-32 1.583240926265716553e-01 9.767174720764160156e-01 1.516479849815368652e+00
-7.085252526646997702e-33 2.392262965440750122e-02 9.761112928390502930e-01 2.289965599775314331e-01
-1.183562099159767036e-33 1.242568120360374451e-01 -3.204637393355369568e-02 -3.904988616704940796e-02
5.258164318622241600e-32 6.623566746711730957e-01 9.967607855796813965e-01 6.474459648132324219e+00
-1.842526269207692910e-32 2.128787338733673096e-02 -2.552455849945545197e-02 -5.328576546162366867e-03
1.283504061500417984e-32 1.734372377395629883e-01 5.559014678001403809e-01 9.454984068870544434e-01
-6.329002644149294617e-33 2.722744829952716827e-02 -2.221367061138153076e-01 -5.931273475289344788e-02
-7.221764742723103889e-32 2.257402427494525909e-02 4.297932088375091553e-01 9.514570981264114380e-02
-6.508806847798247126e-32 4.713433682918548584e-01 -5.998145043849945068e-02 -2.772522270679473877e-01
1.294115542878878479e-32 7.598803937435150146e-02 -1.307189464569091797e-01 -9.741020202636718750e-02
-1.427956650080832566e-33 1.271952968090772629e-02 4.120883047580718994e-01 5.140223726630210876e-02
1.538699238187831008e-33 4.581747353076934814e-01 2.513466775417327881e-01 1.129340648651123047e+00
3.214098000129732042e-33 2.540051005780696869e-02 -1.393783465027809143e-02 -3.471829695627093315e-03
-1.557447913905965704e-33 4.992917552590370178e-02 -1.136715114116668701e-01 -5.565788596868515015e-02
-6.822500151879445887e-33 1.745834499597549438e-01 1.667843200266361237e-02 2.855479158461093903e-02
-1.532257327107233325e-32 2.062504440546035767e-01 -1.686228439211845398e-02 -3.410609066486358643e-02
4.848853218372487064e-33 1.229941099882125854e-01 -8.964324593544006348e-01 -1.081241130828857422e+00
-7.873760912867141412e-32 3.470419347286224365e-02 3.700590133666992188e-01 1.259428709745407104e-01
-2.562216514153296620e-32 8.492482453584671021e-02 3.595667481422424316e-01 2.994572520256042480e-01
-8.374218816522099151e-33 3.096472471952438354e-02 5.925278067588806152e-01 1.799271255731582642e-01
2.085959724927266599e-33 3.927791416645050049e-01 4.959668591618537903e-02 1.910388618707656860e-01
8.903061970013538078e-32 4.171364307403564453e-01 1.796001940965652466e-01 7.346925139427185059e-01
-1.136659764359362375e-32 9.500029087066650391e-01 8.423046469688415527e-01 7.847201347351074219e+00
-3.552171277452175826e-33 6.906802952289581299e-02 1.344603393226861954e-02 9.107348509132862091e-03
-1.171111667072040462e-32 1.838963665068149567e-02 -6.131073832511901855e-02 -1.105682365596294403e-02
3.312276537273157244e-32 6.348088383674621582e-01 -2.476208359003067017e-01 -1.541525840759277344e+00
-1.192488913462506877e-32 4.425586387515068054e-02 -4.759063720703125000e-01 -2.065442204475402832e-01
-1.865591231612352424e-32 3.901107609272003174e-01 -4.919758811593055725e-02 -1.882141977548599243e-01
-7.101076149977004220e-33 3.364295661449432373e-01 -3.250546753406524658e-02 -1.072435677051544189e-01
-1.790361650274839963e-33 2.739376388490200043e-02 -2.741534709930419922e-01 -7.364887744188308716e-02
4.062414436893759845e-32 5.684824660420417786e-02 2.229824215173721313e-01 1.243106573820114136e-01
2.815165266034990557e-32 1.474044378846883774e-02 -5.896461606025695801e-01 -8.523593097925186157e-02
2.872757399524979248e-33 2.575353384017944336e-01 1.244329009205102921e-02 3.142626211047172546e-02
-4.205292101816362571e-33 4.371397942304611206e-02 -4.498232901096343994e-01 -1.928337067365646362e-01
2.393359946532941317e-33 4.782496690750122070e-01 1.186005100607872009e-01 5.562396049499511719e-01
-2.146509255267130312e-33 1.458138972520828247e-01 -1.573125831782817841e-02 -2.249484695494174957e-02
2.833048649341225428e-33 4.680322408676147461e-01 -1.351252347230911255e-01 -6.202015876770019531e-01
3.402907739468731022e-33 6.350885629653930664e-01 -7.128764688968658447e-02 -4.439859688282012939e-01
2.187014402873566232e-33 1.246378105133771896e-02 3.756776452064514160e-02 4.591830540448427200e-03
5.612801560310519163e-32 8.612351119518280029e-02 -3.590459004044532776e-02 -3.032441250979900360e-02
3.696018137467031529e-32 1.033843383193016052e-01 -2.666798979043960571e-02 -2.703744918107986450e-02
-4.911428456086603748e-32 1.063067018985748291e-01 3.859800472855567932e-02 4.023890569806098938e-02
1.562915542207823258e-32 2.639940977096557617e-01 -9.412510693073272705e-02 -2.436802685260772705e-01
-8.654153979962795754e-32 1.780474781990051270e-01 -4.487695917487144470e-02 -7.835739105939865112e-02
-9.014523519852858202e-32 6.215285509824752808e-02 1.152751129120588303e-02 7.026148028671741486e-03
2.711645062156238102e-33 1.370661109685897827e-01 -9.370820969343185425e-02 -1.259587705135345459e-01
6.812960133601759907e-32 2.389533966779708862e-01 9.520129859447479248e-02 2.230882793664932251e-01
2.014528129103062485e-32 2.227872610092163086e-02 1.226360723376274109e-01 2.679348923265933990e-02
2.272536796417870959e-32 4.822923243045806885e-01 4.553543403744697571e-02 2.153676599264144897e-01
2.106441501761795673e-32 1.134193409234285355e-02 7.259724289178848267e-02 8.074728772044181824e-03
1.045565343921167689e-32 1.664794534444808960e-01 2.597888112068176270e-01 4.241327345371246338e-01
-4.196834052620211581e-33 1.263949181884527206e-02 4.609271138906478882e-02 5.713240709155797958e-03
7.046411254559952267e-33 1.055291295051574707e-02 3.392630070447921753e-02 3.510989481583237648e-03
-4.839143267692710337e-33 1.640123315155506134e-02 8.912084251642227173e-02 1.433429960161447525e-02
1.725863193600182627e-33 9.001505374908447266e-01 1.217123866081237793e-01 1.074411392211914062e+00
-2.513125225200668543e-32 1.254160702228546143e-01 -5.267407000064849854e-02 -6.478444486856460571e-02
1.252704934014523229e-32 1.351225227117538452e-01 4.192786514759063721e-01 5.555858612060546875e-01
9.897558843483994603e-33 1.000170502811670303e-02 -4.899472594261169434e-01 -4.805560410022735596e-02
-8.282128825837154914e-32 3.990736901760101318e-01 -3.043231368064880371e-02 -1.190991774201393127e-01
8.197018185923424157e-33 8.253295719623565674e-02 2.320251166820526123e-01 1.877945959568023682e-01
1.242508989889078413e-32 2.132756076753139496e-02 3.818312287330627441e-02 7.986073382198810577e-03
-8.911774587205039020e-33 7.470445036888122559e-01 1.136867105960845947e-01 8.328692913055419922e-01
2.894725074687344620e-32 4.616775512695312500e-01 -1.725212335586547852e-01 -7.810916304588317871e-01
-2.670654288446118725e-33 2.870107591152191162e-01 6.272723078727722168e-01 1.765529394149780273e+00
-3.180774865867431057e-32 4.894902110099792480e-01 -1.740575768053531647e-02 -8.355215191841125488e-02
1.003200747922723226e-32 4.750054478645324707e-01 -3.231896460056304932e-01 -1.505485892295837402e+00
8.547830515930919849e-33 3.958017379045486450e-02 4.610131084918975830e-01 1.789417266845703125e-01
-1.350543973695751569e-32 2.276445180177688599e-02 1.796015910804271698e-02 4.009480122476816177e-03
-1.493282930284957266e-32 1.238201651722192764e-02 3.471362590789794922e-02 4.215140361338853836e-03
4.609797707691558669e-33 5.225574970245361328e-02 -1.092838644981384277e-01 -5.600294098258018494e-02
-9.496482375035337897e-33 3.167030587792396545e-02 2.895490266382694244e-02 8.992801420390605927e-03
-2.816284336656973375e-32 1.756019890308380127e-01 9.241955727338790894e-02 1.591526865959167480e-01
-2.113117868864084708e-32 2.228506840765476227e-02 8.166512846946716309e-01 1.784724891185760498e-01
2.076167526377130775e-32 4.243302345275878906e-01 1.321155428886413574e-01 5.497668385505676270e-01
-8.248808850715921764e-32 4.368029534816741943e-02 1.852465569972991943e-01 7.935172319412231445e-02
-1.182040458456826048e-32 1.695281863212585449e-01 1.140134315937757492e-02 1.895477250218391418e-02
2.732686117162369343e-32 5.748109519481658936e-02 -2.092792838811874390e-02 -1.179700996726751328e-02
-9.039613271276809106e-32 2.799845300614833832e-02 -1.163867581635713577e-02 -3.195643192157149315e-03
1.556709740187847771e-33 1.526909768581390381e-01 2.430049702525138855e-02 3.638724982738494873e-02
1.637707545773242123e-33 6.499329954385757446e-02 -1.149574294686317444e-02 -7.327002007514238358e-03
-7.570819561739326409e-32 6.463421881198883057e-02 -1.931936666369438171e-02 -1.224548742175102234e-02
1.141042264438617105e-33 2.804152369499206543e-01 2.829316444694995880e-02 7.780433446168899536e-02
2.342126759936321180e-33 2.244138121604919434e-01 8.454808592796325684e-02 1.860689967870712280e-01
-6.426618633777454428e-33 1.054009795188903809e-01 1.527807582169771194e-02 1.579188555479049683e-02
-4.540802140238441430e-32 5.924941301345825195e-01 9.190995246171951294e-02 5.340319871902465820e-01
-6.034050907718827924e-33 4.410466849803924561e-01 -2.091195434331893921e-02 -9.044818580150604248e-02
-3.655745554071066106e-33 1.105585843324661255e-01 -5.177980065345764160e-01 -5.614014267921447754e-01
-1.077125016252044464e-32 1.198535561561584473e-01 5.948634147644042969e-01 6.991797685623168945e-01
-5.529764051621257362e-32 4.417043179273605347e-02 1.250262279063463211e-02 5.415685474872589111e-03
4.549551050818024011e-33 5.770323872566223145e-01 -5.415586382150650024e-02 -3.064547479152679443e-01
-2.889067750984623119e-33 7.318736314773559570e-01 -3.759162500500679016e-02 -2.698036730289459229e-01
-1.928209668743861827e-33 3.591773658990859985e-02 -9.962305426597595215e-01 -3.509049415588378906e-01
-1.662884430715947730e-33 2.603178657591342926e-02 4.982364550232887268e-02 1.271921023726463318e-02
-1.059194521336280544e-33 1.414716988801956177e-02 1.354655623435974121e-02 1.879399642348289490e-03
5.540191274260226463e-32 1.687776595354080200e-01 4.924844205379486084e-01 8.151323199272155762e-01
1.325020317919553387e-32 7.806789875030517578e-01 -7.679702639579772949e-01 -5.879461765289306641e+00
8.856585127433932622e-33 1.734540984034538269e-02 -2.588437497615814209e-01 -4.402941465377807617e-02
9.594075589460450526e-33 1.944189071655273438e-01 -2.533428668975830078e-01 -4.830230176448822021e-01
3.615584054891253389e-32 1.346292197704315186e-01 1.936736553907394409e-01 2.556999027729034424e-01
-1.303716392989219513e-32 4.359068721532821655e-02 1.595124788582324982e-02 6.818816997110843658e-03
3.065271966449983909e-32 6.761623620986938477e-01 3.387727588415145874e-02 2.246364057064056396e-01
-7.608854444701707755e-33 1.102710217237472534e-01 1.533032022416591644e-02 1.657804474234580994e-02
4.007686725997335826e-33 5.820671468973159790e-02 -1.929747685790061951e-02 -1.101524755358695984e-02
9.096918033132220211e-32 2.856375277042388916e-01 -3.243820667266845703e-01 -9.086419343948364258e-01
8.644554599220393249e-33 4.191090762615203857e-01 -4.627204835414886475e-01 -1.901807188987731934e+00
-4.730685179388138085e-33 1.380192339420318604e-01 -9.006565213203430176e-01 -1.219044327735900879e+00
-1.210981937526436957e-32 2.564811147749423981e-02 -3.121668398380279541e-01 -7.851684838533401489e-02
-2.612615907913199123e-33 3.328487575054168701e-01 5.346122384071350098e-02 1.745044589042663574e-01
1.895326536710753009e-32 2.911907434463500977e-02 -9.238465130329132080e-02 -2.638141252100467682e-02
1.375058577774364206e-33 2.756377682089805603e-02 -6.702888756990432739e-02 -1.811846718192100525e-02
-4.967459275939311199e-32 1.539410464465618134e-02 8.391867578029632568e-02 1.266874838620424271e-02
1.765278364069818581e-32 2.313520386815071106e-02 -1.506131049245595932e-02 -3.417092608287930489e-03
1.427433059183037395e-32 3.559071570634841919e-02 2.273655533790588379e-01 7.935641705989837646e-02
2.459715684281897867e-33 2.962989918887615204e-02 4.978020191192626953e-01 1.446463614702224731e-01
3.810233576696740566e-32 1.994619965553283691e-01 2.278131060302257538e-02 4.456147179007530212e-02
-5.953364608136401477e-32 1.698444224894046783e-02 1.824428886175155640e-02 3.038777736946940422e-03
-7.782039439661179962e-32 7.041669636964797974e-02 -2.318363338708877563e-01 -1.600950211286544800e-01
-9.248968815158258512e-33 1.220144983381032944e-02 -2.706922776997089386e-02 -3.238977864384651184e-03
-1.052325318059158959e-32 9.625639021396636963e-02 -2.370390295982360840e-02 -2.237536385655403137e-02
-1.683104549854823456e-32 1.627384871244430542e-02 5.031211972236633301e-01 8.029408007860183716e-02
8.499677859217423369e-33 1.190076675266027451e-02 -3.928922861814498901e-02 -4.585314542055130005e-03
2.531230372863025731e-33 5.554692149162292480e-01 2.794982194900512695e-01 1.522508621215820312e+00
6.491732204605377989e-32 3.302506804466247559e-01 3.051329031586647034e-02 9.882196038961410522e-02
-1.024326236484022124e-33 6.960472464561462402e-02 2.377061545848846436e-02 1.622556522488594055e-02
4.970138227564835192e-32 1.407456248998641968e-01 -2.793159894645214081e-02 -3.855239599943161011e-02
6.498511133589776268e-33 2.144534327089786530e-02 1.304049938917160034e-01 2.742507867515087128e-02
1.097810612786746584e-33 3.016468882560729980e-01 1.844035536050796509e-01 5.454925894737243652e-01
-1.666301629527986583e-33 4.662857204675674438e-02 -9.575775265693664551e-01 -4.378715455532073975e-01
-3.432571339411731447e-33 7.026503980159759521e-02 -5.880408287048339844e-01 -4.051981866359710693e-01
4.112676738624997699e-33 1.837995201349258423e-01 1.155689265578985214e-02 2.083080820739269257e-02
-4.475227775624995533e-32 3.959836810827255249e-02 6.185357570648193359e-01 2.401943504810333252e-01
1.160503032593960865e-33 2.323224581778049469e-02 6.819273233413696289e-01 1.553638577461242676e-01
1.091220295544357587e-32 1.212186887860298157e-01 4.271089732646942139e-01 5.077254772186279297e-01
-3.418545487754513765e-33 1.227110922336578369e-01 -1.476582232862710953e-02 -1.776896603405475616e-02
-1.485974147221925841e-32 6.366493552923202515e-02 -5.186088010668754578e-02 -3.237880766391754150e-02
-2.018233985246625136e-33 4.239572882652282715e-01 3.078743070363998413e-02 1.280018538236618042e-01
4.564388434387690629e-32 3.652509301900863647e-02 2.207911312580108643e-01 7.908491045236587524e-02
-7.770777028285951625e-32 1.644553244113922119e-02 1.885137408971786499e-01 3.040266223251819611e-02
1.157548152036680571e-32 1.311542540788650513e-01 6.395877152681350708e-02 8.226273953914642334e-02
-1.124807989503990514e-32 2.773497626185417175e-02 -3.071924299001693726e-02 -8.355241268873214722e-03
4.909461707100884208e-33 2.762830443680286407e-02 1.119375135749578476e-02 3.032847307622432709e-03
-5.117373009235554580e-32 4.481240361928939819e-02 -1.505958139896392822e-01 -6.618077307939529419e-02
-6.973897212109633143e-33 2.472306191921234131e-01 -3.179978206753730774e-02 -7.709870487451553345e-02
-2.363336241242406177e-32 2.450436502695083618e-01 4.124142602086067200e-02 9.910550713539123535e-02
-3.443727515485004219e-33 7.747071981430053711e-02 -8.996543884277343750e-01 -6.834928393363952637e-01
-4.983831193915579387e-33 1.676435582339763641e-02 7.865946739912033081e-02 1.293178740888834000e-02
-1.989527274439392516e-32 2.434713393449783325e-01 -1.295248717069625854e-01 -3.092585206031799316e-01
6.499916584022978165e-33 2.926986478269100189e-02 1.632243692874908447e-01 4.685181006789207458e-02
2.174829999851110127e-32 3.348328173160552979e-01 1.984688267111778259e-02 6.516899168491363525e-02
-1.057252659770019819e-33 3.870966434478759766e-01 -2.513979561626911163e-02 -9.543371200561523438e-02
-2.866277486916071388e-33 3.958695754408836365e-02 -1.472767740488052368e-01 -5.717511847615242004e-02
-4.772509121453601221e-32 1.902447827160358429e-02 -4.086080193519592285e-01 -7.623252272605895996e-02
1.051977445199712488e-33 2.345819622278213501e-01 4.262507334351539612e-02 9.805741161108016968e-02
2.220513677617498244e-32 6.630314886569976807e-02 2.360449880361557007e-01 1.534792333841323853e-01
-1.075202366671579992e-33 1.397261768579483032e-02 -6.031865626573562622e-02 -8.265138603746891022e-03
8.834410748936814843e-32 3.326383233070373535e-02 -9.398084878921508789e-02 -3.065718524158000946e-02
-3.744692419798705399e-32 2.709370665252208710e-02 5.120134353637695312e-02 1.360412035137414932e-02
-1.084366355326697461e-32 5.263369679450988770e-01 4.405473768711090088e-01 2.273930311203002930e+00
-1.469134125354641139e-33 1.519550941884517670e-02 -5.265630483627319336e-01 -7.846686989068984985e-02
1.808953746472025283e-33 2.966005727648735046e-02 1.286669224500656128e-01 3.742480650544166565e-02
-7.038085815820253416e-33 3.576742857694625854e-02 1.129830628633499146e-02 3.962978720664978027e-03
-3.894344605601890821e-32 9.787230938673019409e-02 2.205595821142196655e-01 2.116929739713668823e-01
-2.507532774092433047e-33 2.642711699008941650e-01 -1.436439901590347290e-01 -3.722698688507080078e-01
1.929246895571668643e-32 5.095322132110595703e-01 -5.624317377805709839e-02 -2.810361087322235107e-01
-7.370987873088239177e-32 1.501371245831251144e-02 9.407501220703125000e-01 1.385106146335601807e-01
3.309385776259294460e-33 1.521231532096862793e-01 -4.123319685459136963e-02 -6.151244789361953735e-02
1.310573437246649779e-33 2.087431028485298157e-02 -2.317461073398590088e-01 -4.744006320834159851e-02
4.703713608445314551e-32 1.873582005500793457e-01 2.846661210060119629e-01 5.230331420898437500e-01
1.755601400700261804e-32 2.098875194787979126e-01 -5.097515136003494263e-02 -1.049218252301216125e-01
-9.236724866000093565e-32 2.160777151584625244e-02 3.973663225769996643e-02 8.420186117291450500e-03
2.041634037009665928e-33 4.637385159730911255e-02 8.944723606109619141e-01 4.067811071872711182e-01
2.885912393539229931e-32 6.246415972709655762e-01 3.511964902281761169e-02 2.151303887367248535e-01
1.361984050021847155e-33 1.482259761542081833e-02 -1.238618604838848114e-02 -1.800456317141652107e-03
2.385736314654881835e-32 6.927059292793273926e-01 2.225300073623657227e-01 1.511674165725708008e+00
1.213450604232858382e-33 9.535759091377258301e-01 -1.835658997297286987e-01 -1.716595292091369629e+00
1.107482910913098535e-33 1.982248201966285706e-02 1.007705628871917725e-01 1.958900503814220428e-02
-1.522061676855376214e-33 2.267775125801563263e-02 2.104531228542327881e-02 4.680325277149677277e-03
-2.841653855736419984e-32 1.110175810754299164e-02 8.261657506227493286e-02 8.994554169476032257e-03
-4.392178511992225509e-32 8.065548539161682129e-01 -7.957737147808074951e-02 -6.294253468513488770e-01
2.131364626861517518e-32 5.299451947212219238e-01 2.620092630386352539e-01 1.361658692359924316e+00
3.175908319255026787e-32 6.930437684059143066e-01 -8.441010713577270508e-01 -5.736880302429199219e+00
-8.799841076383863748e-33 2.967588230967521667e-02 -4.748789593577384949e-02 -1.381997484713792801e-02
-4.283290560097236931e-33 7.567867040634155273e-01 4.346947744488716125e-02 3.226105868816375732e-01
1.110364616947040141e-32 1.086782012134790421e-02 -8.090955764055252075e-02 -8.623090572655200958e-03
-3.781544020760190259e-33 2.730960212647914886e-02 -2.026387304067611694e-01 -5.426983535289764404e-02
7.580024711063821890e-33 3.036145679652690887e-02 -4.716964066028594971e-01 -1.404448598623275757e-01
-2.969744316004456818e-33 3.308373093605041504e-01 3.284415602684020996e-02 1.065597683191299438e-01
-9.059975772168928182e-32 4.670789241790771484e-01 -1.111561339348554611e-02 -5.091483891010284424e-02
2.220507800145744133e-32 2.142477966845035553e-02 -4.458304867148399353e-02 -9.367135353386402130e-03
4.765887267901831570e-32 2.550572752952575684e-01 -3.051416203379631042e-02 -7.632376998662948608e-02
1.338348219805970336e-32 6.311147212982177734e-01 -2.167493551969528198e-01 -1.341488003730773926e+00
-2.857833029373351780e-33 3.320529758930206299e-01 -5.926508456468582153e-02 -1.929865181446075439e-01
2.907331957726325948e-32 2.024047635495662689e-02 -1.383723765611648560e-01 -2.746570855379104614e-02
-1.606568700419959727e-33 5.481047630310058594e-01 2.229615487158298492e-02 1.198434308171272278e-01
-5.493502034545106805e-33 7.767435908317565918e-02 -2.517038881778717041e-01 -1.917292177677154541e-01
-6.431028206960976534e-33 2.969906628131866455e-01 3.776170015335083008e-01 1.099803328514099121e+00
1.466354117949144893e-32 6.367702782154083252e-02 2.069664001464843750e-02 1.292418874800205231e-02
-1.538078815942886851e-32 4.699586927890777588e-01 -6.854493916034698486e-02 -3.159044682979583740e-01
3.189885240959891491e-32 8.287959098815917969e-01 9.428170919418334961e-01 7.662944793701171875e+00
-7.988061281563697360e-32 8.844900876283645630e-02 -1.729668676853179932e-02 -1.500294730067253113e-02
5.166002622781897203e-32 2.708405256271362305e-02 -3.110130503773689270e-02 -8.260625414550304413e-03
-1.688294945160879266e-32 3.902725279331207275e-01 6.946259140968322754e-01 2.658518075942993164e+00
1.334212389869395970e-32 2.308265492320060730e-02 -1.468497421592473984e-02 -3.324142424389719963e-03
1.408006692604554419e-32 4.166187644004821777e-01 4.128491133451461792e-02 1.686750501394271851e-01
5.014079381892923121e-32 1.773477718234062195e-02 -1.296593844890594482e-01 -2.255020104348659515e-02
2.939060313496545721e-32 7.408599853515625000e-01 -2.841617912054061890e-02 -2.064536064863204956e-01
8.460735788489794923e-32 3.220801427960395813e-02 1.465300619602203369e-01 4.628191888332366943e-02
5.707478005909257064e-33 2.267099916934967041e-02 8.226685225963592529e-02 1.829010620713233948e-02
1.953893779498947251e-32 2.251355350017547607e-01 2.913781404495239258e-01 6.433120965957641602e-01
5.183432265268714671e-32 2.357515394687652588e-01 -8.002022653818130493e-02 -1.850013881921768188e-01
-1.161252961255587021e-33 5.730817914009094238e-01 8.745154738426208496e-01 4.914787769317626953e+00
-6.425224938287760753e-33 4.106811285018920898e-01 5.127177238464355469e-01 2.064922332763671875e+00
-6.029610698213787512e-32 8.658298254013061523e-01 1.325980015099048615e-02 1.125875040888786316e-01
3.754048105868503058e-33 4.227871298789978027e-01 1.016717627644538879e-01 4.215438663959503174e-01
-2.310633833644052033e-32 1.176196895539760590e-02 7.756150364875793457e-01 8.946371823549270630e-02
6.679696690037738817e-33 3.567345812916755676e-02 1.981538981199264526e-01 6.932158768177032471e-02
2.541272951709886702e-33 2.612506225705146790e-02 4.700743034482002258e-02 1.204327307641506195e-02
9.415971297579580898e-33 1.263198815286159515e-02 2.531840205192565918e-01 3.136380016803741455e-02
-1.137134572241598421e-33 1.102906186133623123e-02 1.352325081825256348e-01 1.462649833410978317e-02
3.229218751306343759e-32 2.804955840110778809e-02 4.066939651966094971e-01 1.118701994419097900e-01
7.038456096540762436e-33 8.675834536552429199e-01 -4.205317795276641846e-02 -3.577920794486999512e-01
-9.916687809991719540e-32 7.238756418228149414e-01 -8.554495126008987427e-02 -6.072660684585571289e-01
2.111697577814703679e-32 1.255606710910797119e-01 -2.156164348125457764e-01 -2.654948830604553223e-01
-2.116529300406964839e-32 8.454781770706176758e-02 -2.490799687802791595e-02 -2.065198868513107300e-02
-6.535338930790656977e-32 6.522021442651748657e-02 3.100870177149772644e-02 1.983291096985340118e-02
-2.518197483324466714e-32 5.940573811531066895e-01 -4.302304238080978394e-02 -2.506398856639862061e-01
2.188478444353316928e-33 2.846304886043071747e-02 1.846429258584976196e-01 5.153885483741760254e-02
-3.040696971349097776e-33 1.182485558092594147e-02 1.956602483987808228e-01 2.268919534981250763e-02
-2.085924827438726562e-33 7.759898900985717773e-02 -4.296137392520904541e-02 -3.269300982356071472e-02
-4.958519053654132291e-32 7.247953414916992188e-01 -3.105196058750152588e-01 -2.207115650177001953e+00
1.382904635224118343e-33 1.855232268571853638e-01 1.794946193695068359e-02 3.265655785799026489e-02
-1.396003591218613420e-33 5.297757685184478760e-02 -6.558183431625366211e-01 -3.407189846038818359e-01
-7.717586202784830821e-33 6.984969377517700195e-01 5.737665295600891113e-01 3.930251836776733398e+00
-1.038080806085589100e-33 5.218425989151000977e-01 2.279633656144142151e-02 1.166608929634094238e-01
1.290068775006478133e-33 6.566549837589263916e-02 -1.235931552946567535e-02 -7.958887144923210144e-03
2.700854024015689503e-32 8.668887019157409668e-01 2.755708806216716766e-02 2.342703491449356079e-01
3.224001907377394447e-33 6.708376407623291016e-01 -1.810891740024089813e-02 -1.191325858235359192e-01
1.031943935789029801e-32 1.445636525750160217e-02 4.616643488407135010e-02 6.544946692883968353e-03
3.776867389953840715e-33 1.721449196338653564e-01 4.909560084342956543e-01 8.288147449493408203e-01
-7.751037539399768362e-32 3.267295286059379578e-02 -2.145407907664775848e-02 -6.874148733913898468e-03
-2.917408883048750008e-32 2.768548578023910522e-02 3.325709998607635498e-01 9.029365330934524536e-02
1.812148703383361798e-33 1.824341416358947754e-01 3.311933875083923340e-01 5.925273895263671875e-01
-3.053157909417584825e-32 7.465210556983947754e-02 2.372733317315578461e-02 1.737047359347343445e-02
2.811141548872125867e-32 3.022795543074607849e-02 -2.487041428685188293e-02 -7.372460328042507172e-03
8.270136138596478232e-33 8.247095346450805664e-02 -2.692262530326843262e-01 -2.177404463291168213e-01
3.300384060925888161e-33 1.387878227978944778e-02 2.459960877895355225e-01 3.348113968968391418e-02
1.241361248225195071e-33 1.029528826475143433e-01 -5.089836940169334412e-02 -5.138815939426422119e-02
1.475908370728735361e-33 2.947648465633392334e-01 -3.559017553925514221e-02 -1.028789430856704712e-01
6.967572317818239972e-32 2.147362753748893738e-02 -8.806142956018447876e-02 -1.854435913264751434e-02
-1.506705588036310030e-33 1.005764491856098175e-02 -9.433088898658752441e-01 -9.304025769233703613e-02
1.006450181650380661e-33 7.292160391807556152e-02 -1.309424191713333130e-01 -9.363910555839538574e-02
-2.165493342096116403e-32 3.092296123504638672e-01 3.825740888714790344e-02 1.160158440470695496e-01
8.956791612737717048e-33 3.068734705448150635e-01 -1.240340806543827057e-02 -3.732682392001152039e-02
-6.479172047466841847e-33 1.375286746770143509e-02 7.246617674827575684e-01 9.773480892181396484e-02
2.536895778089409135e-32 1.441566925495862961e-02 5.418608188629150391e-01 7.660254836082458496e-02
5.555131219712002326e-32 3.367450088262557983e-02 -1.397234760224819183e-02 -4.614145029336214066e-03
-1.057104290342426969e-32 1.756217777729034424e-01 -5.752689391374588013e-02 -9.907635301351547241e-02
6.362131601438519146e-32 2.600822746753692627e-01 -9.259694814682006836e-01 -2.361718177795410156e+00
-2.262110602336458827e-32 5.808569863438606262e-02 -2.152519114315509796e-02 -1.226131152361631393e-02
1.001464910108543340e-32 2.702228352427482605e-02 -1.350017338991165161e-01 -3.577519953250885010e-02
-3.420657336824162931e-33 2.071997709572315216e-02 6.170877814292907715e-02 1.253882609307765961e-02
4.032756714422513531e-32 3.465888276696205139e-02 -5.126304626464843750e-01 -1.742367148399353027e-01
-1.641859244883552590e-32 5.190585255622863770e-01 1.697772592306137085e-01 8.642044067382812500e-01
-4.198948105741768539e-33 7.204665541648864746e-01 -3.210739791393280029e-01 -2.268504381179809570e+00
8.022834902386516122e-33 1.175799891352653503e-01 3.951194584369659424e-01 4.555987119674682617e-01
-2.031871519691888367e-32 2.837157621979713440e-02 2.822317555546760559e-02 7.852537557482719421e-03
2.000884055970472804e-33 6.467044353485107422e-02 7.466720044612884521e-02 4.735397174954414368e-02
-3.810967746387226011e-33 2.402348816394805908e-02 -3.332895785570144653e-02 -7.851966656744480133e-03
-3.857757050058959417e-32 1.807463355362415314e-02 -4.791855812072753906e-02 -8.493641391396522522e-03
4.278143217271779987e-32 8.831813335418701172e-01 -3.122372627258300781e-01 -2.704302787780761719e+00
1.156686533044627066e-33 4.580768644809722900e-01 1.849988289177417755e-02 8.310516923666000366e-02
3.616578449643652118e-33 6.343378424644470215e-01 1.659982204437255859e-01 1.032629966735839844e+00
2.685418313821454340e-32 2.108083292841911316e-02 1.510238647460937500e-02 3.122151829302310944e-03
-1.586130527079006467e-32 3.437232226133346558e-02 2.306976169347763062e-01 7.776293903589248657e-02
-3.243994862232973765e-33 5.035769939422607422e-02 1.247922107577323914e-01 6.162742152810096741e-02
-9.501581375655617275e-32 2.435019053518772125e-02 1.344881653785705566e-01 3.211494162678718567e-02
3.333980864966739960e-32 5.555698648095130920e-02 -4.125948622822761536e-02 -2.247931994497776031e-02
-2.296197624255801983e-33 5.578208565711975098e-01 6.619567424058914185e-02 3.621137738227844238e-01
6.360666347730219165e-32 6.070375442504882812e-01 2.512332499027252197e-01 1.495592713356018066e+00
5.006363216568934847e-33 1.267384458333253860e-02 6.998343020677566528e-02 8.698098361492156982e-03
-7.574993595242302499e-33 4.165447875857353210e-02 2.494327425956726074e-01 1.018910035490989685e-01
6.541027147954286026e-32 2.197870984673500061e-02 2.568728923797607422e-01 5.536574125289916992e-02
-2.184710176806565306e-32 1.805436462163925171e-01 7.040151357650756836e-01 1.246478796005249023e+00
-4.340352729305997087e-33 1.059743463993072510e-01 -8.101962208747863770e-01 -8.419991135597229004e-01
6.506893877679077706e-33 5.771718621253967285e-01 6.653873622417449951e-02 3.766174018383026123e-01
1.117570029975596131e-33 2.206898480653762817e-02 5.618424713611602783e-02 1.215955242514610291e-02
-1.772930979230465525e-32 2.200095914304256439e-02 -1.840771175920963287e-02 -3.971568774431943893e-03
-5.418890102020554529e-33 2.684306502342224121e-01 -1.677427627146244049e-02 -4.415669664740562439e-02
3.070386285231022439e-33 7.449063658714294434e-01 -2.458658069372177124e-02 -1.796058565378189087e-01
-2.040807480810045544e-32 1.810676008462905884e-01 9.460161626338958740e-02 1.679809242486953735e-01
-1.544359923069711892e-32 2.968210913240909576e-02 -1.212810873985290527e-01 -3.530274704098701477e-02
4.313631391723104847e-32 8.848883211612701416e-02 2.552507519721984863e-01 2.215012311935424805e-01
3.768043321204202434e-32 1.163898035883903503e-01 2.197216898202896118e-01 2.507890164852142334e-01
2.508662754771359434e-32 7.212203145027160645e-01 -2.481072396039962769e-01 -1.754801750183105469e+00
1.484797918187134289e-32 2.563616335391998291e-01 7.127844542264938354e-02 1.791974902153015137e-01
-3.097232188480903378e-32 3.066423349082469940e-02 2.753410860896110535e-02 8.279875852167606354e-03
4.840589640023000236e-32 6.278171390295028687e-02 4.897598922252655029e-02 3.015345148742198944e-02
2.878358079093670500e-32 7.731712609529495239e-02 -4.964774847030639648e-02 -3.764401376247406006e-02
-4.888098419705833808e-32 2.451103627681732178e-01 -1.071749068796634674e-02 -2.576175518333911896e-02
-6.203618539218835320e-33 2.184874005615711212e-02 -4.738195613026618958e-02 -1.015219744294881821e-02
-1.326797665377996686e-32 6.987866163253784180e-01 3.598299995064735413e-02 2.465827167034149170e-01
3.616536499189007148e-32 3.176586627960205078e-01 -6.499888747930526733e-02 -2.024824172258377075e-01
4.445419149066462408e-33 2.776145376265048981e-02 -3.569854050874710083e-02 -9.718815796077251434e-03
-1.320923279296556157e-32 4.836823046207427979e-02 -2.044733464717864990e-01 -9.698791056871414185e-02
2.580611421173131502e-33 1.884693093597888947e-02 3.833603858947753906e-02 7.085468154400587082e-03
3.779911185638501175e-33 1.327806618064641953e-02 -6.504751443862915039e-01 -8.470054715871810913e-02
1.625794094198650555e-33 2.582164667546749115e-02 3.668724745512008667e-02 9.290086105465888977e-03
9.100547959687559435e-32 2.618530765175819397e-02 2.906378172338008881e-02 7.463293150067329407e-03
-1.532434404310925164e-33 1.259485036134719849e-01 1.935339421033859253e-01 2.390401512384414673e-01
-3.417068626039499414e-32 2.853467464447021484e-01 5.746126547455787659e-02 1.607936024665832520e-01
1.765704554240388586e-33 2.366909533739089966e-01 2.193851582705974579e-02 5.092248320579528809e-02
3.773671514687542621e-33 1.459818799048662186e-02 2.557890117168426514e-01 3.661857917904853821e-02
9.375072322631421049e-32 2.004280127584934235e-02 1.091302558779716492e-02 2.144985133782029152e-03
5.444754063411315763e-32 2.058706283569335938e-01 -1.102764829993247986e-01 -2.226373255252838135e-01
3.376172295953628915e-32 6.365000605583190918e-01 -1.164270937442779541e-02 -7.267301529645919800e-02
-1.771649065906695357e-33 2.247770503163337708e-02 -3.217393755912780762e-01 -7.092133164405822754e-02
-4.448059970593981603e-33 3.574020788073539734e-02 -2.269437350332736969e-02 -7.954189553856849670e-03
1.444517694077888521e-32 1.920024752616882324e-01 -2.553339898586273193e-01 -4.807686805725097656e-01
-1.382434841559972523e-32 1.325710713863372803e-01 -5.827894806861877441e-01 -7.576718926429748535e-01
6.653700632469303929e-32 2.427500933408737183e-01 -1.610601320862770081e-02 -3.834141418337821960e-02
1.994484958598183977e-33 2.556404098868370056e-02 5.442143678665161133e-01 1.364332437515258789e-01
-2.424501179609123821e-33 5.641252547502517700e-02 -6.631948798894882202e-02 -3.668912872672080994e-02
-3.839821945001288365e-32 4.200173020362854004e-01 -1.490594744682312012e-01 -6.139703989028930664e-01
-2.348190841418625656e-33 1.657741889357566833e-02 -2.136933356523513794e-01 -3.473990038037300110e-02
-1.351738716766568571e-32 3.356633782386779785e-01 -1.612166687846183777e-02 -5.306822806596755981e-02
-6.372425993215845329e-32 9.201561808586120605e-01 -3.613562285900115967e-01 -3.260751962661743164e+00
-2.361516906595119444e-33 5.519962906837463379e-01 4.206924438476562500e-01 2.277307033538818359e+00
-6.208751776112082397e-33 7.657909393310546875e-01 -3.227115795016288757e-02 -2.423513680696487427e-01
4.149721708407192825e-33 6.384066492319107056e-02 1.595654040575027466e-01 9.989800304174423218e-02
-9.226757261652295978e-32 5.362724065780639648e-01 -9.919679760932922363e-01 -5.216794967651367188e+00
-1.659081890162029946e-33 2.422384321689605713e-01 1.840786039829254150e-01 4.372874796390533447e-01
1.649440742635974786e-32 1.515344437211751938e-02 7.093965262174606323e-02 1.054195407778024673e-02
2.523337479310231019e-33 6.144884824752807617e-01 1.722277998924255371e-01 1.037857413291931152e+00
-1.293850836244752686e-33 3.340631425380706787e-01 -4.706684127449989319e-02 -1.541928797960281372e-01
-2.448694763527366584e-32 4.613473266363143921e-02 -4.138140678405761719e-01 -1.872207373380661011e-01
5.097289541314961945e-33 1.284587383270263672e-01 1.888411492109298706e-01 2.378926128149032593e-01
-1.587211430868786024e-33 1.883766800165176392e-02 8.786600828170776367e-02 1.623187772929668427e-02
-1.477154670247095460e-33 7.985560595989227295e-02 4.670909419655799866e-02 3.657863661646842957e-02
-7.734206223537519439e-32 4.254620149731636047e-02 3.310045599937438965e-02 1.381069235503673553e-02
-1.738970873966812713e-33 6.630698591470718384e-02 -3.903898596763610840e-02 -2.538507618010044098e-02
-7.998800451016015926e-33 2.966642975807189941e-01 3.478968515992164612e-02 1.012130379676818848e-01
1.362467012896142031e-32 1.592346467077732086e-02 9.935472011566162109e-01 1.551482081413269043e-01
5.365729104688585840e-32 2.843945622444152832e-01 6.762534976005554199e-01 1.886042475700378418e+00
7.132521211608675822e-32 1.840391196310520172e-02 1.071360427886247635e-02 1.933599007315933704e-03
5.630747612159332247e-33 1.171237789094448090e-02 2.331384085118770599e-02 2.677808981388807297e-03
-1.789573334375819766e-32 3.699488043785095215e-01 3.698718547821044922e-01 1.341879725456237793e+00
-9.262455849592418027e-32 4.451710730791091919e-02 -7.153996080160140991e-02 -3.123174794018268585e-02
1.783899921094171385e-33 1.769563555717468262e-01 2.221488356590270996e-01 3.855057656764984131e-01
1.775318849067367149e-32 8.020043969154357910e-01 7.530058175325393677e-02 5.922373533248901367e-01
1.920476385283389703e-32 2.381464280188083649e-02 -4.158561229705810547e-01 -9.711981564760208130e-02
-1.629126069670254792e-33 1.873312592506408691e-01 -7.766350358724594116e-02 -1.426750123500823975e-01
1.049365055941803807e-32 4.812017828226089478e-02 -1.078520491719245911e-01 -5.089513957500457764e-02
-2.073247010662512802e-32 3.112828917801380157e-02 -9.613270312547683716e-02 -2.934587560594081879e-02
8.663413936711398324e-32 6.102495640516281128e-02 8.134358376264572144e-02 4.868009686470031738e-02
-3.695204328034277874e-33 1.062489859759807587e-02 -7.164938449859619141e-01 -7.465483993291854858e-02
2.526565129658199778e-33 2.924624085426330566e-01 6.286339461803436279e-02 1.802970319986343384e-01
7.404312550186875617e-33 1.780715584754943848e-01 -2.463479787111282349e-01 -4.301938712596893311e-01
-5.077651291879743252e-32 3.745875507593154907e-02 -1.928243227303028107e-02 -7.083303295075893402e-03
2.577969130277673778e-33 1.402776688337326050e-02 2.677914313971996307e-02 3.683883463963866234e-03
-4.590815898382877297e-32 4.286234378814697266e-01 2.028446644544601440e-02 8.526290953159332275e-02
-3.704544365335530212e-33 3.450896143913269043e-01 -5.376438796520233154e-02 -1.819479912519454956e-01
4.798385572471839942e-32 1.502065211534500122e-01 2.353660315275192261e-01 3.466995060443878174e-01
-1.264389053988109062e-32 3.787823766469955444e-02 -7.958534359931945801e-02 -2.956266328692436218e-02
-1.279279040929974978e-32 3.595241159200668335e-02 -2.243544906377792358e-02 -7.910126820206642151e-03
5.464016301591065177e-32 3.031218610703945160e-02 9.549577534198760986e-02 2.838717028498649597e-02
8.532293419348926264e-33 8.047435432672500610e-02 -2.234523929655551910e-02 -1.763450168073177338e-02
7.250872921585340784e-32 3.291637301445007324e-01 -2.692954838275909424e-01 -8.692840337753295898e-01
-1.568188222118436629e-32 2.280973345041275024e-01 4.072347879409790039e-01 9.109315872192382812e-01
4.372202160994351555e-32 1.281806081533432007e-01 -1.147681102156639099e-02 -1.442660856992006302e-02
1.002274146133588327e-33 1.237018629908561707e-01 -1.633499190211296082e-02 -1.981599442660808563e-02
1.089355300288381102e-32 1.059463322162628174e-01 9.522086977958679199e-01 9.893245100975036621e-01
8.911693037284450724e-33 2.876330614089965820e-01 1.504862308502197266e-01 4.244790375232696533e-01
-1.084060947200674445e-32 2.378980256617069244e-02 1.559921819716691971e-02 3.639270551502704620e-03
5.087155163706141446e-32 1.113028898835182190e-01 1.091691292822360992e-02 1.191590353846549988e-02
6.711869382672569415e-32 1.558067277073860168e-02 -5.254753828048706055e-01 -8.028958737850189209e-02
3.616227270706343960e-33 2.106430567800998688e-02 1.329751778393983841e-02 2.746871905401349068e-03
-7.637791442199106153e-33 7.110064029693603516e-01 2.510322332382202148e-01 1.750344991683959961e+00
-9.754766989649001903e-32 3.140041530132293701e-01 3.373234272003173828e-01 1.038729786872863770e+00
-6.953471087585775811e-32 7.326202094554901123e-02 2.551587857306003571e-02 1.833201013505458832e-02
-1.385325418902842992e-33 2.102970890700817108e-02 1.465858370065689087e-01 3.023054264485836029e-02
2.313470411715181602e-33 1.134968325495719910e-01 -3.279002308845520020e-01 -3.649607598781585693e-01
-3.684417771465941784e-32 9.512782841920852661e-02 2.971083521842956543e-01 2.771680355072021484e-01
-8.235132120880898301e-33 1.548616401851177216e-02 -1.921649836003780365e-02 -2.918359357863664627e-03
-3.214987041200938324e-32 1.176479831337928772e-01 -3.500534966588020325e-02 -4.038681462407112122e-02
-1.126674968406684012e-32 4.641975834965705872e-02 2.034050226211547852e-02 9.259451180696487427e-03
-3.276813195139993505e-33 6.090547442436218262e-01 -3.910418599843978882e-02 -2.335609644651412964e-01
-3.563372269247573698e-33 1.278411000967025757e-01 -1.153234485536813736e-02 -1.445801835507154465e-02
-1.283735046140354564e-32 3.523394837975502014e-02 1.379312481731176376e-02 4.765897057950496674e-03
9.938688362261709473e-32 1.480655968189239502e-01 -2.404106408357620239e-01 -3.490828573703765869e-01
2.242769165224822761e-32 1.540987044572830200e-01 -2.407022565603256226e-02 -3.637473285198211670e-02
-1.510574599122346968e-32 1.572578959167003632e-02 1.424641907215118408e-02 2.197044435888528824e-03
1.435907583667199129e-33 2.576758861541748047e-01 -6.864917278289794922e-02 -1.734721511602401733e-01
4.256153538324535160e-33 1.006678584963083267e-02 7.285753488540649414e-01 7.192601263523101807e-02
1.039031303470824309e-33 2.381085976958274841e-02 -1.465363651514053345e-01 -3.421694040298461914e-02
2.674810763002229407e-33 2.122573181986808777e-02 -9.799327701330184937e-02 -2.039762586355209351e-02
4.135964383740741110e-33 3.102681040763854980e-02 5.143812298774719238e-01 1.565102934837341309e-01
3.700228831700073889e-33 3.067120909690856934e-02 1.382265053689479828e-02 4.157601855695247650e-03
-1.143290654523953972e-32 9.595218300819396973e-01 1.583604663610458374e-01 1.490123629570007324e+00
-7.829829750241035472e-33 5.436837077140808105e-01 5.322597026824951172e-01 2.837857484817504883e+00
4.979560843344232796e-33 1.617084443569183350e-01 4.550585150718688965e-01 7.216400504112243652e-01
-8.035929909454676404e-33 1.516913473606109619e-01 5.925190448760986328e-01 8.814218044281005859e-01
-9.905776871427387068e-32 5.241518467664718628e-02 -1.042452082037925720e-02 -5.358384922146797180e-03
7.473334639731283284e-32 4.134339094161987305e-02 -2.989291772246360779e-02 -1.211978960782289505e-02
-1.824285976429189622e-32 9.560474753379821777e-02 3.681194409728050232e-02 3.451349213719367981e-02
-1.245026862054341290e-33 9.682431221008300781e-01 -6.457444280385971069e-02 -6.131486892700195312e-01
6.877234107589608649e-33 1.014479175209999084e-01 -2.197398617863655090e-02 -2.186113223433494568e-02
2.537389191843166791e-32 1.227193698287010193e-02 -5.410482361912727356e-02 -6.511331070214509964e-03
5.298172709662859713e-33 5.302062630653381348e-01 -1.118641532957553864e-02 -5.816429108381271362e-02
-4.514786540076424122e-33 3.549018204212188721e-01 4.104655385017395020e-01 1.428583383560180664e+00
-1.189483376445545835e-33 3.070468455553054810e-02 -1.987322419881820679e-02 -5.984028801321983337e-03
2.353804928969755974e-33 2.431696280837059021e-02 2.783875763416290283e-01 6.638651341199874878e-02
-6.344264234242814229e-33 4.650305956602096558e-02 5.191647410392761230e-01 2.367594987154006958e-01
1.366528345878233034e-32 4.714075103402137756e-02 -2.471201866865158081e-01 -1.142418906092643738e-01
-2.598722078965258169e-32 3.869218751788139343e-02 9.811032414436340332e-01 3.722705543041229248e-01
-3.072317218373240363e-33 1.511325836181640625e-01 -1.162864826619625092e-02 -1.723486930131912231e-02
3.439787405357841764e-33 1.005764156579971313e-01 2.434607967734336853e-02 2.401296794414520264e-02
-3.621421559837436869e-32 4.772911965847015381e-01 -3.481622636318206787e-01 -1.629617929458618164e+00
-9.841934009992702400e-32 1.486773490905761719e-01 3.564318120479583740e-01 5.196871161460876465e-01
2.443328778752656694e-32 4.210718721151351929e-02 1.032596677541732788e-01 4.263906180858612061e-02
3.890758466211119728e-33 5.467645525932312012e-01 -1.184538751840591431e-02 -6.351412087678909302e-02
-1.600874532316179640e-33 6.893910467624664307e-02 1.073805894702672958e-02 7.259590085595846176e-03
-1.921947589931840722e-33 4.095980897545814514e-02 -3.125635087490081787e-01 -1.255500465631484985e-01
4.287508748106765784e-33 2.283143065869808197e-02 -5.247034505009651184e-02 -1.174810249358415604e-02
-8.293409457374820996e-32 5.394035577774047852e-02 1.409797556698322296e-02 7.457465399056673050e-03
-9.525588349845667000e-33 2.937740087509155273e-01 5.734067559242248535e-01 1.651949763298034668e+00
-1.696113598898579859e-32 1.857128143310546875e-01 1.282675936818122864e-02 2.336035855114459991e-02
-1.315425657521653403e-33 3.607907593250274658e-01 6.454771757125854492e-01 2.283794164657592773e+00
1.186796214726665318e-32 2.354599535465240479e-01 5.250874757766723633e-01 1.212465405464172363e+00
5.501759661954442595e-32 9.413325786590576172e-02 -9.079945087432861328e-01 -8.381987214088439941e-01
-3.030865797814392501e-33 2.840024791657924652e-02 6.967751383781433105e-01 1.940597444772720337e-01
-3.666523514836961807e-32 9.598022699356079102e-01 2.277412079274654388e-02 2.143601626157760620e-01
-1.437281259018730362e-33 3.240914270281791687e-02 7.949511706829071045e-02 2.526554651558399200e-02
-5.476168635658262912e-33 2.292580306529998779e-01 -6.459415704011917114e-02 -1.452240198850631714e-01
1.351760555247554942e-33 9.041313827037811279e-02 -1.022260077297687531e-02 -9.063869714736938477e-03
-1.201133811159140916e-33 8.703086972236633301e-01 3.768573701381683350e-01 3.216407060623168945e+00
-3.206816547310357235e-33 3.977676853537559509e-02 4.551136866211891174e-02 1.775293052196502686e-02
3.030508484265940989e-32 4.542564451694488525e-01 -4.547504708170890808e-02 -2.025792300701141357e-01
9.081684948776708040e-33 2.141245640814304352e-02 4.040881991386413574e-01 8.485224097967147827e-02
-1.595457046195224349e-32 6.419786214828491211e-01 3.893895745277404785e-01 2.451464414596557617e+00
-1.136401376007372251e-32 8.721180260181427002e-02 4.952386021614074707e-02 4.235555976629257202e-02
2.468194304629188248e-32 2.322810292243957520e-01 -9.685359150171279907e-02 -2.206226736307144165e-01
-5.200363498150783490e-33 3.092810511589050293e-01 3.176860138773918152e-02 9.635452181100845337e-02
-1.724324765368543958e-33 1.960467398166656494e-01 3.046542108058929443e-01 5.857165455818176270e-01
-3.101919472204807250e-33 1.722235977649688721e-02 -6.114467978477478027e-01 -1.032694876194000244e-01
-9.475848775758560432e-33 6.134151816368103027e-01 1.067733112722635269e-02 6.422999501228332520e-02
2.688436211896198247e-33 1.871788688004016876e-02 7.678956389427185059e-01 1.409547477960586548e-01
8.197998989022391503e-33 5.043683201074600220e-02 -1.793296448886394501e-02 -8.869937621057033539e-03
-3.225448500112875124e-33 1.260921806097030640e-01 -3.215875849127769470e-02 -3.976565599441528320e-02
-1.168578862455102296e-33 2.733988463878631592e-01 1.765602231025695801e-01 4.733803570270538330e-01
5.594810031524008641e-32 2.274421043694019318e-02 -1.780870705842971802e-01 -3.972133994102478027e-02
7.277561198389616147e-33 2.356727793812751770e-02 1.603804342448711395e-02 3.706648945808410645e-03
-1.575584285637016609e-32 6.887295842170715332e-02 4.787689074873924255e-02 3.233667463064193726e-02
-1.026065362008964467e-32 6.079425215721130371e-01 -7.335572242736816406e-01 -4.373379707336425781e+00
-6.965391775797464628e-33 4.428403675556182861e-01 1.217462867498397827e-01 5.287173986434936523e-01
-1.622696923723623070e-32 8.375371694564819336e-01 -1.031056419014930725e-02 -8.468513190746307373e-02
-7.248653588250988305e-32 1.111338660120964050e-02 4.266662895679473877e-01 4.650026559829711914e-02
5.661437639075791308e-32 1.021249219775199890e-01 -1.322138682007789612e-02 -1.324126403778791428e-02
2.881767196382047450e-33 2.386676818132400513e-01 -6.169413402676582336e-02 -1.443969905376434326e-01
3.810728606755230602e-33 4.985528066754341125e-02 3.115650080144405365e-02 1.523282751441001892e-02
-2.932984036260351464e-33 5.732804536819458008e-01 3.088375329971313477e-01 1.736272454261779785e+00
1.855115960641793462e-32 1.411350518465042114e-01 -9.309237599372863770e-01 -1.288456320762634277e+00
-1.578285020642229278e-33 1.560520008206367493e-02 1.071580126881599426e-02 1.639889786019921303e-03
2.874747842068707549e-32 1.052440851926803589e-01 -2.345852404832839966e-01 -2.421135306358337402e-01
-9.715313872752353467e-33 5.475437045097351074e-01 3.067769408226013184e-01 1.647260069847106934e+00
7.719450096014853411e-33 2.522961422801017761e-02 -1.190105304121971130e-01 -2.944534644484519958e-02
1.373764064620521162e-33 3.490159213542938232e-01 -2.928691804409027100e-01 -1.002396583557128906e+00
-9.258557910325091322e-33 2.698932774364948273e-02 1.937845908105373383e-02 5.128991324454545975e-03
-9.945741328366643198e-32 1.913821250200271606e-01 -1.782625466585159302e-01 -3.345662653446197510e-01
6.218719233523086131e-33 2.152586914598941803e-02 5.117253661155700684e-01 1.080235168337821960e-01
-5.602860845395996635e-33 4.283026158809661865e-01 1.050444170832633972e-01 4.412090182304382324e-01
-7.157670325497343252e-33 1.245846692472696304e-02 -7.396358251571655273e-02 -9.036562405526638031e-03
4.044474629858685504e-32 1.701899766921997070e-01 3.589483797550201416e-01 5.990825295448303223e-01
2.333655302757731123e-32 5.411794781684875488e-02 2.061652541160583496e-01 1.094151511788368225e-01
-4.957015229037445953e-33 2.449984848499298096e-02 4.229049757122993469e-02 1.016077585518360138e-02
-7.419904307256182438e-32 6.970107555389404297e-02 -1.806671172380447388e-01 -1.234921216964721680e-01
2.925230732661716898e-33 5.583193302154541016e-01 4.825363457202911377e-01 2.642003297805786133e+00
-2.877082667723028318e-32 4.397859796881675720e-02 -2.576613724231719971e-01 -1.111248955130577087e-01
-3.665135549882228391e-32 2.944850549101829529e-02 -8.071647286415100098e-01 -2.331020683050155640e-01
4.593233890262518742e-32 1.522017735987901688e-02 6.710761189460754395e-01 1.001641154289245605e-01
5.858402664347207613e-33 2.832845747470855713e-01 -1.934526115655899048e-01 -5.374254584312438965e-01
-6.839496918571573048e-32 4.362209513783454895e-02 -9.437480568885803223e-01 -4.037227928638458252e-01
-3.452140087743457773e-32 1.068288460373878479e-02 2.193775586783885956e-02 2.298271749168634415e-03
-1.754064735710149369e-32 8.283382654190063477e-02 7.000046223402023315e-02 5.686294287443161011e-02
-1.255100444564705199e-32 1.472119614481925964e-02 1.649337410926818848e-01 2.381076291203498840e-02
2.219964427882076531e-33 6.346508264541625977e-01 1.344019733369350433e-02 8.364907652139663696e-02
-2.420968084400933583e-33 1.151720881462097168e-01 2.354495972394943237e-01 2.659291028976440430e-01
-5.859526657351784499e-32 4.253394901752471924e-02 4.054620489478111267e-02 1.691245287656784058e-02
6.502227165106313224e-33 2.064693868160247803e-01 -1.623975485563278198e-01 -3.288181722164154053e-01
-1.004830479004642170e-33 6.189248338341712952e-02 -7.244809716939926147e-02 -4.397294670343399048e-02
4.301210530665141146e-32 7.737644910812377930e-01 4.305092394351959229e-01 3.266720294952392578e+00
-5.311581720659483400e-32 2.633224427700042725e-01 6.715078949928283691e-01 1.734042167663574219e+00
-1.163908568297987653e-33 8.651831150054931641e-01 4.111711308360099792e-02 3.488601148128509521e-01
1.392647830353504263e-33 7.379928231239318848e-02 -6.620041131973266602e-01 -4.791080951690673828e-01
2.666793781327026017e-32 9.124110639095306396e-02 6.920964717864990234e-01 6.192668676376342773e-01
6.252070946991791484e-33 4.999249428510665894e-02 3.354788944125175476e-02 1.644715107977390289e-02
1.338390096792218380e-32 2.502228915691375732e-01 -4.155633151531219482e-01 -1.019729256629943848e+00
8.362680604784809135e-33 3.788520991802215576e-01 -8.490401506423950195e-02 -3.154413402080535889e-01
-2.172188957918400152e-32 2.792476415634155273e-01 -5.177887901663780212e-02 -1.417956203222274780e-01
2.272471372810408006e-33 2.878121100366115570e-02 -8.516409993171691895e-02 -2.403733320534229279e-02
1.335715608371807665e-33 6.414245367050170898e-01 -2.190400846302509308e-02 -1.377811580896377563e-01
1.186707317966384382e-32 6.028671264648437500e-01 -3.653435781598091125e-02 -2.159950286149978638e-01
1.696145778056433619e-33 8.160678744316101074e-01 4.706641659140586853e-02 3.766674697399139404e-01
-1.905466644854533767e-32 9.915505051612854004e-01 -1.087509933859109879e-02 -1.057471707463264465e-01
-1.316729409326409941e-32 1.754351519048213959e-02 -5.477330684661865234e-01 -9.423369914293289185e-02
7.321913334930110318e-32 1.134478226304054260e-01 4.852356389164924622e-02 5.398455262184143066e-02
-1.758361167562404830e-32 2.087657749652862549e-01 2.062946110963821411e-01 4.223454892635345459e-01
-2.963651398176358734e-33 1.580207981169223785e-02 1.037597190588712692e-02 1.607917365618050098e-03
-1.467055153392616534e-33 2.033140510320663452e-02 -1.338632106781005859e-01 -2.669004537165164948e-02
2.029553444832066817e-33 1.239576339721679688e-01 4.184433072805404663e-02 5.086635053157806396e-02
-1.732130415199988579e-33 1.840398646891117096e-02 -4.481568932533264160e-01 -8.088400214910507202e-02
1.531619364282522992e-33 4.483116418123245239e-02 3.104288876056671143e-02 1.364780589938163757e-02
2.610269510986362447e-33 3.100866079330444336e-02 -3.021075129508972168e-01 -9.186819940805435181e-02
3.822932442168673738e-33 3.802587985992431641e-01 -1.041716486215591431e-01 -3.884628415107727051e-01
1.494457689951810290e-32 1.915750205516815186e-01 -3.130816817283630371e-01 -5.881894230842590332e-01
2.230194314406901340e-32 1.839278191328048706e-01 2.057160250842571259e-02 3.710532560944557190e-02
-7.081295518788542177e-32 2.371957711875438690e-02 2.724366635084152222e-02 6.337137892842292786e-03
1.101756416714670835e-33 1.964587271213531494e-01 -7.462976127862930298e-02 -1.437818408012390137e-01
-3.748303244570843760e-33 1.021579373627901077e-02 -4.587342143058776855e-01 -4.595723748207092285e-02
4.642229082551967097e-32 2.233634889125823975e-01 -1.136480551213026047e-02 -2.489401027560234070e-02
-1.624484556757636064e-32 8.744414150714874268e-02 3.191671371459960938e-01 2.736966907978057861e-01
5.037545775618388447e-32 3.539945930242538452e-02 -4.094660282135009766e-02 -1.421461906284093857e-02
1.016853967870730243e-32 4.950731620192527771e-02 -3.751076161861419678e-01 -1.821150928735733032e-01
-8.623152667448559565e-32 8.280801773071289062e-01 2.256711423397064209e-01 1.832605838775634766e+00
-2.128956185873476504e-33 6.591660529375076294e-02 -3.137384727597236633e-02 -2.028071694076061249e-02
6.612293109277619587e-33 8.100624084472656250e-01 -5.573137998580932617e-01 -4.427299976348876953e+00
-3.388733481649722026e-33 3.205259144306182861e-02 -2.114616520702838898e-02 -6.646843627095222473e-03
-8.688891013523945172e-32 1.875667087733745575e-02 -1.342745274305343628e-01 -2.469847165048122406e-02
-1.230777629736268910e-32 4.906776919960975647e-02 -2.525149658322334290e-02 -1.215077936649322510e-02
2.074452773992868763e-32 3.322008252143859863e-02 -6.429191678762435913e-02 -2.094487473368644714e-02
-1.290156753411797489e-33 4.161570668220520020e-01 9.906581044197082520e-01 4.042981147766113281e+00
-1.935703812572338542e-33 4.781157895922660828e-02 -5.784891918301582336e-02 -2.712370455265045166e-02
9.719241787125626141e-32 7.945860028266906738e-01 -1.024424191564321518e-02 -7.982545346021652222e-02
-1.885574929449919017e-32 4.651179164648056030e-02 1.612754911184310913e-01 7.356176525354385376e-02
9.808083299172072986e-32 2.947015762329101562e-01 5.724729597568511963e-02 1.654466986656188965e-01
-1.308610820858257349e-33 9.960600733757019043e-01 7.705185413360595703e-01 7.526434421539306641e+00
-1.052871922932291323e-33 8.752097189426422119e-02 1.161983329802751541e-02 9.973158128559589386e-03
6.820205733843434634e-33 1.123161017894744873e-01 -3.566096350550651550e-02 -3.927857801318168640e-02
-5.299962399811986646e-33 3.248605504631996155e-02 -3.664189279079437256e-01 -1.167335212230682373e-01
2.841278285291332263e-32 2.275961041450500488e-01 5.591103062033653259e-02 1.247909218072891235e-01
8.871992478826954197e-32 7.014203667640686035e-01 4.223122075200080872e-02 2.904910147190093994e-01
-2.595320492187566175e-32 3.066664561629295349e-02 -2.393251061439514160e-01 -7.197393476963043213e-02
-1.346281631179669954e-32 1.114448346197605133e-02 -2.872463464736938477e-01 -3.139316663146018982e-02
-5.411395296976505477e-32 1.224658731371164322e-02 -2.135874181985855103e-01 -2.565142139792442322e-02
7.854301191636453853e-32 1.178907603025436401e-01 -2.803079597651958466e-02 -3.240678086876869202e-02
7.869803611135098181e-32 2.242786437273025513e-02 3.914884924888610840e-01 8.610484749078750610e-02
-8.865667143725179468e-32 1.380118876695632935e-01 1.098440587520599365e-01 1.486667096614837646e-01
-7.871857346702778570e-33 4.213176071643829346e-01 -1.324024796485900879e-01 -5.470492243766784668e-01
1.398893231839423076e-32 1.558717153966426849e-02 -4.129679501056671143e-01 -6.312543153762817383e-02
-6.873523365797650393e-32 2.076999396085739136e-01 -6.898360252380371094e-01 -1.405086040496826172e+00
-7.510563721316175951e-32 8.226067423820495605e-01 1.450382769107818604e-01 1.170026302337646484e+00
-5.084272410747543639e-33 2.974575757980346680e-01 1.450191736221313477e-01 4.230299592018127441e-01
-4.431459418966478480e-32 4.112930223345756531e-02 -4.594402313232421875e-01 -1.853109300136566162e-01
9.807383292286158314e-32 1.139261797070503235e-01 8.633048534393310547e-01 9.645136594772338867e-01
-4.111138383861755956e-32 3.110006451606750488e-01 4.596204459667205811e-01 1.401784539222717285e+00
-8.406412668055244550e-33 1.298344284296035767e-01 -1.624127477407455444e-02 -2.067905291914939880e-02
2.112156167548318224e-33 6.730000376701354980e-01 4.268262907862663269e-02 2.817000746726989746e-01
-2.714604736526417843e-33 7.402829825878143311e-02 -1.074362620711326599e-01 -7.799546420574188232e-02
-1.096370448535996966e-33 7.102220505475997925e-02 -3.309033811092376709e-01 -2.304708808660507202e-01
7.461885324754274203e-32 7.535765320062637329e-02 6.778823584318161011e-02 5.009592324495315552e-02
-6.608365929588316177e-32 1.001291256397962570e-02 -1.015932932496070862e-01 -9.975763969123363495e-03
2.474440955077854810e-33 1.577225923538208008e-01 2.950094267725944519e-02 4.563000053167343140e-02
-1.280326681903046110e-33 2.887277118861675262e-02 4.026600122451782227e-01 1.140112280845642090e-01
-5.634536010046841700e-33 2.248457521200180054e-01 -2.527191638946533203e-01 -5.572415590286254883e-01
7.286157735513973388e-33 6.173557639122009277e-01 -4.465107619762420654e-02 -2.703261971473693848e-01
-4.033608360079684278e-32 3.878304958343505859e-01 2.855651825666427612e-02 1.086095198988914490e-01
1.350727497751273699e-33 2.440489083528518677e-02 8.159740269184112549e-02 1.952872611582279205e-02
3.844935051553777610e-32 1.194706782698631287e-01 6.242241859436035156e-01 7.313455343246459961e-01
1.300500387382163587e-32 1.630503237247467041e-01 -9.248770028352737427e-02 -1.478857398033142090e-01
-2.165690825147054547e-32 1.097361370921134949e-02 -1.841310039162635803e-02 -1.981514506042003632e-03
-2.005641134671456749e-33 8.283762931823730469e-01 1.103819999843835831e-02 8.966988325119018555e-02
8.425882968735089509e-32 8.287059515714645386e-02 2.491469085216522217e-01 2.024774253368377686e-01
-1.541706244572730578e-32 1.395681221038103104e-02 2.193453721702098846e-02 3.002170706167817116e-03
7.705046910671021775e-32 1.024696752429008484e-01 7.181484252214431763e-02 7.216560095548629761e-02
4.881737305494755925e-33 1.420362666249275208e-02 -6.517966836690902710e-02 -9.078876115381717682e-03
-1.099199845071326980e-32 4.480754137039184570e-01 -4.513857960700988770e-01 -1.983442783355712891e+00
-4.071174514669675237e-32 1.916568130254745483e-01 6.594655513763427734e-01 1.239472866058349609e+00
-8.861012333032717062e-33 3.771304339170455933e-02 -2.594029307365417480e-01 -9.593722224235534668e-02
-1.723237800436017974e-33 1.669655293226242065e-01 -1.498969085514545441e-02 -2.454370632767677307e-02
7.193642215874031483e-32 4.153300523757934570e-01 -4.122492969036102295e-01 -1.679089784622192383e+00
-1.635995364782872535e-33 3.019964694976806641e-01 -5.397767424583435059e-01 -1.598588705062866211e+00
1.834680909707709573e-33 1.528898328542709351e-01 -3.309547901153564453e-01 -4.962127506732940674e-01
-6.560531684907098685e-33 6.085267663002014160e-01 -3.010578453540802002e-02 -1.796595603227615356e-01
1.305429969879130702e-32 6.285625696182250977e-01 5.261776596307754517e-02 3.243407905101776123e-01
-8.393929505796687268e-32 4.031278938055038452e-02 -1.197119243443012238e-02 -4.732612054795026779e-03
-1.725751484902656046e-32 9.505106508731842041e-02 -3.212838768959045410e-01 -2.994791567325592041e-01
-2.243310480373376424e-33 8.905451297760009766e-01 -3.729653060436248779e-01 -3.257204532623291016e+00
1.060056856645204081e-33 3.025785461068153381e-02 -3.038628585636615753e-02 -9.016468189656734467e-03
8.621908406678214174e-32 9.247028827667236328e-02 7.141857147216796875e-01 6.476405858993530273e-01
6.226930796247549073e-33 4.254462122917175293e-01 1.206725537776947021e-01 5.034703016281127930e-01
-1.603933095148622306e-32 1.560982689261436462e-02 -1.684650406241416931e-02 -2.578864805400371552e-03
-4.382132443396510535e-32 8.905594944953918457e-01 2.099838554859161377e-01 1.833874106407165527e+00
3.918599682568360975e-33 8.330599218606948853e-02 2.212450802326202393e-01 1.807467639446258545e-01
-8.666362076543260621e-32 4.120925813913345337e-02 1.298326402902603149e-01 5.246858671307563782e-02
-8.367553028868967517e-33 3.748958408832550049e-01 2.379570715129375458e-02 8.748426288366317749e-02
-4.197422534479591989e-33 4.923645555973052979e-01 1.397090312093496323e-02 6.745775789022445679e-02
2.000552382892548603e-32 2.565045654773712158e-01 -3.118943572044372559e-01 -7.845547795295715332e-01
-1.128858357327840253e-33 2.727396786212921143e-01 1.479571312665939331e-01 3.957353830337524414e-01
-1.157166042904266401e-32 5.180341005325317383e-01 -3.423810601234436035e-01 -1.739357113838195801e+00
-1.633488696548140933e-32 2.085337936878204346e-01 9.432379156351089478e-02 1.928938478231430054e-01
-1.837715338171761919e-33 1.035771332681179047e-02 6.418949365615844727e-01 6.520013511180877686e-02
-3.934277471130468603e-33 1.075936555862426758e-01 -2.134096473455429077e-01 -2.251756340265274048e-01
-1.432053523399936712e-33 1.823951005935668945e-01 -2.984069287776947021e-02 -5.337559804320335388e-02
5.797871978651155519e-32 6.877277046442031860e-02 -1.168053969740867615e-02 -7.877711206674575806e-03
3.055998491516346883e-32 4.711106419563293457e-01 3.228548169136047363e-02 1.491594910621643066e-01
-6.281941140066948926e-32 3.427419364452362061e-01 5.261630415916442871e-01 1.768512964248657227e+00
-1.033841991823623163e-32 2.478927746415138245e-02 -7.287006825208663940e-02 -1.771469600498676300e-02
7.697135539816400074e-33 5.305977538228034973e-02 -1.655893921852111816e-01 -8.616255968809127808e-02
-2.720948548930019560e-33 2.145819664001464844e-01 -1.054599359631538391e-01 -2.219225466251373291e-01
6.670650526324192051e-33 8.085311949253082275e-02 -2.466329000890254974e-02 -1.955547928810119629e-02
-4.106282122824921381e-32 2.337140887975692749e-01 1.077884733676910400e-01 2.470460236072540283e-01
3.071202335449882349e-32 1.049472019076347351e-02 -2.998971045017242432e-01 -3.086482360959053040e-02
3.057480642955939934e-33 5.854380130767822266e-01 1.949754506349563599e-01 1.119390249252319336e+00
4.938255882034657699e-32 1.035481598228216171e-02 2.179201692342758179e-02 2.212893217802047729e-03
2.105430870493676211e-32 1.287714485079050064e-02 -9.041938185691833496e-01 -1.141830831766128540e-01
2.857988819109034196e-32 1.207943782210350037e-01 -8.187224864959716797e-01 -9.698489904403686523e-01
-1.183864237942126827e-33 2.829539962112903595e-02 2.041542381048202515e-01 5.664934590458869934e-02
-9.164662360317284051e-32 7.505828142166137695e-01 -5.989391803741455078e-01 -4.408613204956054688e+00
1.531793208876750069e-33 6.184678897261619568e-02 -3.174807503819465637e-02 -1.925551891326904297e-02
1.513916970372116290e-33 2.195160388946533203e-01 2.566884756088256836e-01 5.525776147842407227e-01
1.136769011865591921e-32 2.480493485927581787e-01 -9.729931354522705078e-01 -2.366837978363037109e+00
-3.675586796686992423e-33 2.488111555576324463e-01 -4.311265349388122559e-01 -1.051950454711914062e+00
1.124513436333613373e-33 5.976012349128723145e-02 4.510001093149185181e-02 2.643070928752422333e-02
2.309323120708686719e-33 1.131759211421012878e-02 1.737808249890804291e-02 1.928752637468278408e-03
2.866310547694688265e-33 1.015072688460350037e-01 6.145924925804138184e-01 6.117937564849853516e-01
1.079162864278889521e-33 6.615164130926132202e-02 -1.562203839421272278e-02 -1.013442315161228180e-02
-1.341434333287260399e-32 1.370903700590133667e-01 9.277997910976409912e-02 1.247331574559211731e-01
-1.028248842765616866e-32 1.186501048505306244e-02 -4.633368253707885742e-01 -5.391202121973037720e-02
8.638818480661968191e-32 1.011018827557563782e-01 5.927925184369087219e-02 5.877364799380302429e-02
-2.511274409345298851e-32 3.082547783851623535e-01 7.921677827835083008e-02 2.394680976867675781e-01
2.559159016612609387e-33 5.279261469841003418e-01 -5.274307131767272949e-01 -2.730607271194458008e+00
3.580340971012074976e-32 5.554749965667724609e-01 -2.119142711162567139e-01 -1.154371023178100586e+00
-2.336406106475449128e-32 1.034493371844291687e-01 -3.672993928194046021e-02 -3.726220875978469849e-02
1.357072871358310101e-33 4.936686530709266663e-02 -1.918411850929260254e-01 -9.287483990192413330e-02
1.477911578406429623e-32 1.771800033748149872e-02 -1.198522467166185379e-02 -2.082483377307653427e-03
-2.608024316776291878e-33 4.606937468051910400e-01 2.322802506387233734e-02 1.049410179257392883e-01
4.400638691771887365e-33 1.388545613735914230e-02 1.150955334305763245e-01 1.567253656685352325e-02
2.243747617335088463e-33 1.026007756590843201e-01 1.021578535437583923e-02 1.027881540358066559e-02
-1.142131617094043197e-33 1.411429699510335922e-02 -4.217608869075775146e-01 -5.837760120630264282e-02
6.266028473039867620e-33 2.264861017465591431e-02 5.223744511604309082e-01 1.160230189561843872e-01
3.822510145823140832e-32 4.521217048168182373e-01 -1.445143669843673706e-01 -6.407477259635925293e-01
-9.317802090922565348e-33 2.572634816169738770e-01 1.568921655416488647e-02 3.958221897482872009e-02
3.154530191243797255e-33 7.493912428617477417e-02 6.655411422252655029e-02 4.891073331236839294e-02
-4.065598189874565084e-33 4.565433561801910400e-01 2.702778279781341553e-01 1.210077285766601562e+00
5.179548431933597833e-32 1.479923427104949951e-01 1.677327044308185577e-02 2.434320189058780670e-02
-1.075446851129451796e-32 1.354794111102819443e-02 -7.025377154350280762e-01 -9.333910048007965088e-02
2.860636914007849105e-32 2.613089680671691895e-01 7.763279676437377930e-01 1.989391565322875977e+00
3.807537580403129650e-32 1.825989224016666412e-02 -4.266129732131958008e-01 -7.639288902282714844e-02
-7.086048042448916685e-32 6.615217924118041992e-01 1.366127282381057739e-01 8.862494230270385742e-01
-2.271430141954968702e-33 1.191295459866523743e-01 -1.222713366150856018e-01 -1.428449302911758423e-01
4.295877606669048133e-32 3.217275142669677734e-01 5.776604413986206055e-01 1.822558641433715820e+00
8.309122878109437925e-32 2.153506875038146973e-02 1.803908497095108032e-01 3.809618204832077026e-02
4.339004437285603923e-32 1.006012111902236938e-01 -2.423965930938720703e-01 -2.391390055418014526e-01
-1.443426706750630817e-33 1.345011591911315918e-01 1.153866350650787354e-01 1.521956324577331543e-01
-6.501773865097277380e-33 1.733907312154769897e-02 -7.448486983776092529e-02 -1.266527455300092697e-02
9.347200763826249201e-32 1.486728712916374207e-02 1.260893326252698898e-02 1.838360796682536602e-03
3.433564264796191648e-33 3.016369603574275970e-02 2.702519595623016357e-01 7.994183152914047241e-02
-1.542153263033829216e-33 1.401063054800033569e-01 -3.693106770515441895e-01 -5.074231028556823730e-01
7.631054243264162065e-32 3.734437376260757446e-02 2.816692180931568146e-02 1.031538099050521851e-02
-8.646231148038253536e-33 6.391955912113189697e-02 4.914492070674896240e-01 3.080584108829498291e-01
1.774555512423301926e-32 7.674083113670349121e-02 5.584309622645378113e-02 4.202586784958839417e-02
1.045109178644651715e-32 3.029740750789642334e-01 -1.118993386626243591e-01 -3.324709236621856689e-01
-8.119810100656683933e-32 1.724950224161148071e-01 1.073281019926071167e-01 1.815560460090637207e-01
-1.930813572401925510e-33 3.035588748753070831e-02 -5.624955520033836365e-02 -1.674490608274936676e-02
7.571996231584499519e-32 2.579104900360107422e-01 -3.492128252983093262e-01 -8.832423090934753418e-01
1.751388318744319336e-33 5.989818274974822998e-02 -9.829668402671813965e-01 -5.773952007293701172e-01
1.580400579865923227e-32 5.299222469329833984e-01 8.515189588069915771e-02 4.425141513347625732e-01
7.185195701216197936e-32 4.637916386127471924e-01 -1.338525712490081787e-01 -6.087939143180847168e-01
-2.524438035896188385e-33 1.189919114112854004e-01 -1.900907233357429504e-02 -2.218191325664520264e-02
-1.871836633098271238e-32 7.043919712305068970e-02 1.323859691619873047e-01 9.144859015941619873e-02
-2.422169733501061666e-32 1.739959418773651123e-01 -8.901238441467285156e-02 -1.518833786249160767e-01
3.847388014390356019e-32 2.764754369854927063e-02 -2.783658206462860107e-01 -7.547326385974884033e-02
2.364897738550679733e-32 3.260660544037818909e-02 -5.091790556907653809e-01 -1.628158837556838989e-01
1.020790753552931779e-33 3.633915185928344727e-01 3.992244228720664978e-02 1.422697603702545166e-01
-1.365125981117702045e-32 1.190659105777740479e-01 -9.168487042188644409e-02 -1.070547178387641907e-01
4.452133793203550093e-33 5.390443205833435059e-01 4.608647897839546204e-02 2.436232119798660278e-01
-1.505827365186551160e-33 2.239484526216983795e-02 -2.990708053112030029e-01 -6.568145751953125000e-02
-2.056837844209002932e-32 5.695218443870544434e-01 4.935982823371887207e-01 2.756796598434448242e+00
2.897390985672414179e-33 1.456470489501953125e-01 -1.722784526646137238e-02 -2.460669726133346558e-02
5.014597921838429603e-33 1.919050812721252441e-01 4.264603555202484131e-02 8.025753498077392578e-02
2.273747408662424062e-32 9.826132059097290039e-01 9.215582609176635742e-01 8.880268096923828125e+00
-7.852746747294285231e-33 5.030832067131996155e-02 9.220625162124633789e-01 4.549051523208618164e-01
-2.855148530883859844e-32 5.194565653800964355e-02 1.189938746392726898e-02 6.061701104044914246e-03
-4.279425387734939397e-33 2.742039225995540619e-02 -1.319108307361602783e-01 -3.547111153602600098e-02
-7.260503305991246227e-33 6.416708827018737793e-01 3.314834460616111755e-02 2.085906416177749634e-01
-6.900857135937321044e-32 1.353018078953027725e-02 -3.808800876140594482e-02 -5.053735803812742233e-03
5.619754535927236067e-33 1.192412991076707840e-02 -5.153039693832397461e-01 -6.025746837258338928e-02
-4.109916751357663894e-32 2.637110278010368347e-02 3.724320530891418457e-01 9.631546586751937866e-02
2.291471402281527124e-33 3.595860004425048828e-01 -4.168027043342590332e-01 -1.469785571098327637e+00
3.948306261523563340e-32 2.286671549081802368e-01 -9.067876935005187988e-01 -2.033433914184570312e+00
1.238573581739319247e-32 7.617714256048202515e-02 3.401114046573638916e-02 2.540777064859867096e-02
1.443926567356218764e-33 2.036869898438453674e-02 1.905193924903869629e-02 3.805600106716156006e-03
-1.053799094101502402e-33 2.616238221526145935e-02 -3.656195104122161865e-01 -9.380528330802917480e-02
-1.181189033204846080e-32 1.700481027364730835e-02 5.030742883682250977e-01 8.389277756214141846e-02
1.856516709097592070e-32 8.345812559127807617e-01 6.130257844924926758e-01 5.017276763916015625e+00
7.421759825088955419e-33 1.015431657433509827e-01 8.893423527479171753e-02 8.856055885553359985e-02
2.009285130424807377e-32 9.440550208091735840e-01 9.574005007743835449e-01 8.863630294799804688e+00
-1.977287733385043153e-32 1.426465660333633423e-01 3.511193692684173584e-01 4.911756217479705811e-01
8.113293159975725171e-32 8.449680805206298828e-01 -3.040744923055171967e-02 -2.519654333591461182e-01
-4.220051535416890287e-33 8.313744515180587769e-02 1.717174500226974487e-01 1.400011926889419556e-01
-7.941466448738628116e-33 1.829302906990051270e-01 -2.472767047584056854e-02 -4.435979202389717102e-02
-6.266974011308310297e-33 4.431761503219604492e-01 9.582228958606719971e-02 4.164507091045379639e-01
2.456390431168612395e-32 2.963550761342048645e-02 2.406914383172988892e-01 6.995096057653427124e-02
-8.273803680971043769e-33 8.876555562019348145e-01 -1.766525208950042725e-02 -1.537747383117675781e-01
1.001260153686309483e-32 6.228725314140319824e-01 -1.695657148957252502e-02 -1.035756990313529968e-01
1.996103430648273950e-32 4.485175013542175293e-01 -6.822053790092468262e-01 -3.000649213790893555e+00
1.429685306359212898e-32 1.757543720304965973e-02 -1.785842925310134888e-01 -3.078010305762290955e-02
6.254770175894867161e-33 7.612654566764831543e-02 4.600019454956054688e-01 3.434127867221832275e-01
7.985205858848756171e-33 5.644812583923339844e-01 1.173420343548059464e-02 6.495667994022369385e-02
-9.041516396630790390e-32 1.472542434930801392e-01 1.466841716319322586e-02 2.118223346769809723e-02
-1.882002087838991601e-33 4.030209779739379883e-01 -4.824249446392059326e-01 -1.906681180000305176e+00
-5.095938457495485579e-33 1.627043820917606354e-02 2.006430551409721375e-02 3.201430430635809898e-03
1.145681756970320358e-32 5.296378135681152344e-01 5.386973023414611816e-01 2.797979116439819336e+00
8.190992748817902964e-32 8.149903416633605957e-01 2.837542891502380371e-01 2.267856597900390625e+00
-3.601684936218733735e-33 1.702982932329177856e-02 7.076574563980102539e-01 1.181827485561370850e-01
3.453539587236508632e-33 1.250601261854171753e-01 1.653572767972946167e-01 2.027976214885711670e-01
-1.750092005614751596e-32 1.861457973718643188e-01 2.224462851881980896e-02 4.060682654380798340e-02
-8.047910400941463306e-32 7.838964462280273438e-02 1.585925370454788208e-01 1.219163909554481506e-01
1.808708362026291131e-33 1.481701135635375977e-01 2.250495105981826782e-01 3.270087540149688721e-01
-4.136050341765144990e-33 3.757394850254058838e-02 4.754250124096870422e-02 1.751820184290409088e-02
2.005914988120999879e-32 3.028462640941143036e-02 1.132444441318511963e-01 3.363255038857460022e-02
-1.052518815449563846e-33 1.150357816368341446e-02 -5.683261156082153320e-01 -6.411375850439071655e-02
4.672660574179642181e-33 1.194208301603794098e-02 -4.139844179153442383e-01 -4.848247393965721130e-02
-8.137134830272690511e-33 6.291113793849945068e-02 -4.883106052875518799e-02 -3.012620285153388977e-02
-1.789342276267486260e-33 5.184638872742652893e-02 3.616151958703994751e-02 1.838594116270542145e-02
-5.047204665762301330e-33 3.200893104076385498e-01 4.323721230030059814e-01 1.357217788696289062e+00
1.949549482986094245e-33 6.072004511952400208e-02 -1.386423707008361816e-01 -8.255601674318313599e-02
-2.270252517020635549e-32 7.003167271614074707e-01 -4.031419456005096436e-01 -2.768682479858398438e+00
2.569911300173779314e-32 9.871155023574829102e-02 3.949693962931632996e-02 3.823420777916908264e-02
-7.884160364452072336e-33 2.581919133663177490e-01 -4.011554718017578125e-01 -1.015724658966064453e+00
4.245642414776276118e-33 8.510438352823257446e-02 -2.166583836078643799e-01 -1.808206737041473389e-01
-5.254909962511990097e-32 5.567374229431152344e-01 -3.388598561286926270e-01 -1.850082993507385254e+00
-6.961724233422899091e-32 2.374427914619445801e-01 2.867632210254669189e-01 6.677333712577819824e-01
-1.885057124188381800e-32 5.861924588680267334e-02 -3.899176046252250671e-02 -2.241474203765392303e-02
-8.864204534879168837e-33 1.179690659046173096e-02 4.266192018985748291e-02 4.935477860271930695e-03
6.955532316929942692e-33 1.199296116828918457e-01 -6.072959676384925842e-02 -7.142454385757446289e-02
6.744165208340648647e-33 2.245385199785232544e-02 1.432563271373510361e-02 3.154462436214089394e-03
1.506783189030563532e-32 6.557004153728485107e-02 3.586431592702865601e-02 2.306156046688556671e-02
4.840401413990074817e-33 2.408558726310729980e-01 1.222649887204170227e-01 2.887885868549346924e-01
-2.624899162663719690e-32 9.390029907226562500e-01 -5.662140846252441406e-01 -5.213967323303222656e+00
1.798339289623489270e-32 7.846225500106811523e-01 2.908663153648376465e-01 2.238076448440551758e+00
4.607626643093986831e-32 2.962025701999664307e-01 2.262363955378532410e-02 6.571613252162933350e-02
1.121481303756964977e-33 8.690913766622543335e-02 4.423277974128723145e-01 3.769904673099517822e-01
-1.563105164140290279e-33 2.589634358882904053e-01 -4.187940433621406555e-02 -1.063554137945175171e-01
9.405237270915047179e-32 1.016608476638793945e-01 3.612158074975013733e-02 3.601149469614028931e-02
3.277712007507990996e-32 1.388636324554681778e-02 -8.737741708755493164e-01 -1.189894378185272217e-01
1.888238746585676174e-32 1.205481588840484619e-01 -8.024523854255676270e-01 -9.486380219459533691e-01
9.940760758802209166e-32 5.239410996437072754e-01 -3.735365718603134155e-02 -1.919270753860473633e-01
1.728493178539155179e-33 1.028435826301574707e-01 -6.100519746541976929e-02 -6.152685731649398804e-02
2.629230565472912114e-32 1.783909276127815247e-02 2.838457562029361725e-02 4.965647123754024506e-03
-3.400652553556678463e-32 2.964890561997890472e-02 -3.478074669837951660e-01 -1.011272594332695007e-01
2.511519352980651446e-33 3.172107040882110596e-01 8.345305919647216797e-01 2.596036434173583984e+00
4.267248735628359026e-32 3.037381172180175781e-02 7.722787857055664062e-01 2.300350815057754517e-01
-7.963534885807378037e-33 2.958145178854465485e-02 -2.716235257685184479e-02 -7.879661396145820618e-03
-3.598274533233410574e-33 5.528593808412551880e-02 -3.654608502984046936e-02 -1.981418393552303314e-02
-3.427218064669689823e-33 6.714714318513870239e-02 -6.862856149673461914e-01 -4.519112110137939453e-01
7.806847366314521223e-33 1.033829748630523682e-01 -1.164962258189916611e-02 -1.181086059659719467e-02
1.209612339670935139e-32 8.978990465402603149e-02 5.775690674781799316e-01 5.085716247558593750e-01
-1.157401141774430859e-32 1.212093383073806763e-01 6.230023503303527832e-02 7.405364513397216797e-02
-1.406544377632131493e-32 1.633374020457267761e-02 -2.862869948148727417e-02 -4.585724323987960815e-03
1.411277211762129728e-32 1.249606069177389145e-02 5.943587794899940491e-02 7.283539511263370514e-03
-3.701256287231089495e-33 6.654802560806274414e-01 8.273897171020507812e-01 5.399654388427734375e+00
7.473054284328612168e-32 3.299883753061294556e-02 -2.065904997289180756e-02 -6.685434840619564056e-03
-8.914993972358353560e-33 1.171595882624387741e-02 3.262470662593841553e-02 3.748393151909112930e-03
4.240304054118810552e-32 6.131288409233093262e-01 -9.148029983043670654e-02 -5.500472187995910645e-01
-1.514030387209871409e-33 4.322240054607391357e-01 -1.012275665998458862e-01 -4.290702342987060547e-01
1.415391882800389293e-32 2.568743005394935608e-02 -2.521000429987907410e-02 -6.350592710077762604e-03
8.053928197333704154e-33 3.636553585529327393e-01 -4.976021498441696167e-02 -1.774569004774093628e-01
-4.446401715406955987e-32 6.711102128028869629e-01 4.163859784603118896e-02 2.740378975868225098e-01
2.932766128995067783e-32 1.868716999888420105e-02 -4.413737356662750244e-02 -8.088550530374050140e-03
3.454858712303322018e-32 7.266448438167572021e-02 -1.905228644609451294e-01 -1.357656717300415039e-01
-4.916076434218151999e-33 1.753866821527481079e-01 -1.068686395883560181e-01 -1.838093400001525879e-01
-2.955496957130506062e-33 9.764212369918823242e-02 4.042664542794227600e-02 3.871021419763565063e-02
-1.018574028346670187e-33 2.961897253990173340e-01 4.626300558447837830e-02 1.343768686056137085e-01
2.080033286486603720e-32 1.426582932472229004e-01 -5.678433775901794434e-01 -7.944129109382629395e-01
-5.974002248175009894e-33 6.197631731629371643e-02 -4.118461012840270996e-01 -2.503118216991424561e-01
3.529323708034021508e-33 1.898119971156120300e-02 -8.582305908203125000e-01 -1.597527563571929932e-01
-6.752844764753532713e-32 1.390187256038188934e-02 -1.537070572376251221e-01 -2.095500566065311432e-02
5.650741228230483903e-32 8.676662445068359375e-01 -3.145111799240112305e-01 -2.676143884658813477e+00
1.482101756589630288e-33 1.516405213624238968e-02 4.251336678862571716e-02 6.322101689875125885e-03
-2.133811895897334131e-33 1.588176377117633820e-02 1.173882372677326202e-02 1.828285399824380875e-03
8.898645049990323333e-33 2.448011562228202820e-02 1.681833900511264801e-02 4.037543665617704391e-03
-2.529169253721454240e-32 5.167897343635559082e-01 1.749406009912490845e-01 8.865947723388671875e-01
8.979855840458407299e-32 1.010715439915657043e-01 -3.159740269184112549e-01 -3.131850063800811768e-01
-1.235132175090493148e-32 2.772466093301773071e-02 -1.272932533174753189e-02 -3.460926003754138947e-03
-1.904244277666472440e-32 1.163788326084613800e-02 -6.102141737937927246e-01 -6.964291632175445557e-02
4.395026440930680206e-32 4.127377569675445557e-01 -2.826416790485382080e-01 -1.144013404846191406e+00
-2.771273482469637164e-33 4.996297061443328857e-01 -1.226598098874092102e-01 -6.009955406188964844e-01
-2.305010158467122820e-33 1.060623973608016968e-01 1.235515438020229340e-02 1.285080332309007645e-02
-7.293704409246252474e-32 2.979983016848564148e-02 6.587025523185729980e-02 1.924969255924224854e-02
2.407873077332773300e-33 1.402653008699417114e-01 4.317014813423156738e-01 5.938194990158081055e-01
9.177136706368210167e-32 3.241844475269317627e-01 -2.020171843469142914e-02 -6.422456353902816772e-02
2.557366938740582346e-33 1.335723698139190674e-01 -5.706116557121276855e-01 -7.474427819252014160e-01
1.423398909507809157e-32 2.353791519999504089e-02 2.846521511673927307e-02 6.570571567863225937e-03
-4.620362830511558610e-33 3.275590389966964722e-02 1.802754700183868408e-01 5.790911242365837097e-02
8.882549005844513750e-32 7.574994564056396484e-01 -1.066594105213880539e-02 -7.923229038715362549e-02
1.533878333817017259e-32 7.232088595628738403e-02 -5.265470966696739197e-02 -3.734406828880310059e-02
-2.958528997871658300e-33 9.186089783906936646e-02 5.541052818298339844e-01 4.991644322872161865e-01
-1.609942185535827376e-33 8.274194598197937012e-02 1.224998310208320618e-01 9.939897805452346802e-02
-2.959979264026985297e-33 1.992897689342498779e-02 1.538171339780092239e-02 3.006148152053356171e-03
-4.120142670589054678e-32 4.942548871040344238e-01 5.470337271690368652e-01 2.651463985443115234e+00
1.440183536203811358e-33 1.669229418039321899e-01 -7.479767501354217529e-02 -1.224404200911521912e-01
3.778101438617013337e-32 8.710880577564239502e-02 -2.994105219841003418e-02 -2.557701244950294495e-02
3.255751715919516727e-32 5.936100706458091736e-02 -1.956918835639953613e-02 -1.139186322689056396e-02
1.083627336722014874e-32 3.817967697978019714e-02 1.105855107307434082e-01 4.140484705567359924e-02
-3.700534460231287684e-33 6.722782850265502930e-01 5.398454889655113220e-02 3.559092283248901367e-01
1.110336607120711953e-33 9.466408193111419678e-02 3.191980719566345215e-02 2.963235229253768921e-02
-7.882759322122686023e-33 3.922377526760101318e-01 -4.825433194637298584e-01 -1.856121301651000977e+00
-9.514479487420014824e-32 3.852736651897430420e-01 -1.393051724880933762e-02 -5.263289436697959900e-02
5.615414390378809402e-33 2.663678526878356934e-01 -2.539446763694286346e-02 -6.633482128381729126e-02
1.529819498760421753e-32 2.866294682025909424e-01 -2.080573141574859619e-02 -5.848230049014091492e-02
-4.369776822275017471e-32 2.868387103080749512e-02 -1.308905147016048431e-02 -3.681854344904422760e-03
-1.239774881864561930e-33 2.643333077430725098e-01 -2.835053205490112305e-01 -7.349094152450561523e-01
-4.587104862717331335e-32 4.670101404190063477e-01 -5.259203910827636719e-02 -2.408612817525863647e-01
3.034973599557539448e-33 3.658183217048645020e-01 1.244359612464904785e-01 4.464080631732940674e-01
4.359322563265979457e-32 2.473084032535552979e-01 -1.803905516862869263e-02 -4.374952614307403564e-02
6.148319244194323964e-33 3.159901499748229980e-02 -4.696486517786979675e-02 -1.455349475145339966e-02
2.022033587064665864e-33 4.428344219923019409e-02 4.087213054299354553e-02 1.774962991476058960e-02
6.927817686620605619e-32 1.890763454139232635e-02 1.966996788978576660e-01 3.647216409444808960e-02
-9.357838399954015491e-32 3.902553766965866089e-02 -3.694324940443038940e-02 -1.413854304701089859e-02
2.051989517759036407e-32 1.061749458312988281e-01 3.355563804507255554e-02 3.493881970643997192e-02
-5.734101997866221833e-32 1.479858160018920898e-02 -5.893406271934509277e-02 -8.552776649594306946e-03
-1.080233243720809371e-32 6.429799646139144897e-02 3.149363994598388672e-01 1.985825002193450928e-01
-7.191631532786949960e-32 3.906356394290924072e-01 1.211230829358100891e-01 4.640015661716461182e-01
1.201234003685449285e-33 9.898107051849365234e-01 7.710185647010803223e-02 7.484066486358642578e-01
4.936897598312282546e-32 5.941590666770935059e-01 4.065024480223655701e-02 2.368571907281875610e-01
-4.878900764157824819e-32 2.241819910705089569e-02 -6.534744501113891602e-01 -1.436646729707717896e-01
-8.373180708073529218e-33 6.795670837163925171e-02 1.967683061957359314e-02 1.311318390071392059e-02
9.008373333409355994e-32 1.501001268625259399e-01 4.240780696272850037e-02 6.242341548204421997e-02
1.691784840951676785e-32 1.419837027788162231e-01 -3.736464083194732666e-01 -5.202594399452209473e-01
-3.121228436285001850e-32 5.899804085493087769e-02 -2.557211220264434814e-01 -1.479533612728118896e-01
-1.708589855127826060e-33 1.575821340084075928e-01 -9.106046557426452637e-01 -1.407205462455749512e+00
-3.395254536560908666e-33 3.620171844959259033e-01 -5.041478201746940613e-02 -1.789813488721847534e-01
1.095521245703024021e-33 7.406871914863586426e-01 -3.207847774028778076e-01 -2.330071687698364258e+00
2.537761529678789750e-32 3.384457528591156006e-02 8.993966877460479736e-02 2.985114790499210358e-02
4.261608419859525985e-32 3.534573614597320557e-01 -1.070713251829147339e-01 -3.711341023445129395e-01
8.076772460673996784e-33 1.106366962194442749e-01 8.710958957672119141e-01 9.451175928115844727e-01
1.892831990761514262e-32 7.083620429039001465e-01 2.803394757211208344e-02 1.947422623634338379e-01
5.271027606366496039e-33 1.201817113906145096e-02 2.502408921718597412e-01 2.949289046227931976e-02
1.613744358747760528e-33 1.190176233649253845e-02 1.860867738723754883e-01 2.171938121318817139e-02
-4.382597939159436161e-32 6.848816573619842529e-02 -1.197783090174198151e-02 -8.044783957302570343e-03
6.381223980684574740e-32 2.024276927113533020e-02 -3.922101557254791260e-01 -7.785911113023757935e-02
3.473220668747135413e-33 8.074924349784851074e-02 1.841044425964355469e-01 1.457885503768920898e-01
-5.544718103005243092e-32 2.417938224971294403e-02 -8.387350440025329590e-01 -1.988797932863235474e-01
-7.113243251191984159e-33 2.472531050443649292e-01 -5.666382312774658203e-01 -1.373941779136657715e+00
5.051423221113814815e-33 1.892326176166534424e-01 7.294275760650634766e-01 1.353626489639282227e+00
-5.762832034889478583e-33 7.179941982030868530e-02 -3.558304011821746826e-01 -2.505443990230560303e-01
1.761862230549535160e-32 4.311839938163757324e-01 -2.121731489896774292e-01 -8.971678614616394043e-01
-3.851928067446819399e-32 2.385033369064331055e-01 1.554407775402069092e-01 3.635633587837219238e-01
-3.019319504553440582e-33 1.284452229738235474e-01 4.891362488269805908e-01 6.161245107650756836e-01
-9.384304214452397736e-33 1.122923102229833603e-02 3.070748448371887207e-01 3.381542861461639404e-02
-7.121769552528879769e-32 8.092947304248809814e-02 -1.736975610256195068e-01 -1.378545612096786499e-01
-3.708202724160479950e-32 5.556228160858154297e-01 -4.078067466616630554e-02 -2.222056835889816284e-01
8.287983963198600728e-32 3.031766787171363831e-02 1.083335094153881073e-02 3.220915095880627632e-03
-1.004954456924455458e-33 2.703623771667480469e-01 -1.028108224272727966e-02 -2.725873887538909912e-02
1.401017166460366634e-33 3.057523630559444427e-02 1.618234999477863312e-02 4.852126352488994598e-03
4.291186576056901016e-33 7.628764957189559937e-02 6.667162477970123291e-02 4.987879842519760132e-02
8.642241814085150398e-33 1.977881230413913727e-02 -3.673719465732574463e-01 -7.125689834356307983e-02
5.751038887814853983e-33 5.613328516483306885e-02 3.080329671502113342e-02 1.695658266544342041e-02
-7.107142288574422634e-32 2.512762323021888733e-02 2.187069132924079895e-02 5.389328114688396454e-03
-1.045044599923753416e-33 7.070094943046569824e-01 1.061858162283897400e-01 7.362281680107116699e-01
8.078218759535889756e-32 3.450466692447662354e-02 1.565031893551349640e-02 5.295679904520511627e-03
-2.515191854472009514e-33 4.923377037048339844e-01 -1.418691221624612808e-02 -6.849701702594757080e-02
-5.939374462120090022e-32 1.727409809827804565e-01 6.913057714700698853e-02 1.171079054474830627e-01
2.525580763341981501e-32 4.211027920246124268e-02 -9.952568411827087402e-01 -4.110020399093627930e-01
7.261070922825899539e-32 4.212066903710365295e-02 -1.213929988443851471e-02 -5.014291498810052872e-03
-9.112657902489730641e-32 7.484246492385864258e-01 -8.328799903392791748e-02 -6.112954616546630859e-01
-2.675146697247175339e-33 2.152223698794841766e-02 6.998191028833389282e-02 1.477045472711324692e-02
-8.088553118121143897e-33 7.509765028953552246e-01 1.179354172199964523e-02 8.685429394245147705e-02
9.541838530688228155e-32 3.675035238265991211e-01 -1.850129477679729462e-02 -6.667826324701309204e-02
-1.387645367206786166e-33 1.941799521446228027e-01 -2.189335227012634277e-02 -4.169052094221115112e-02
1.073611684042627426e-33 1.770650595426559448e-01 3.109096288681030273e-01 5.398681759834289551e-01
-2.896129349626195695e-33 4.439439475536346436e-01 -1.953483819961547852e-01 -8.504692912101745605e-01
6.252851181367149777e-33 7.377077639102935791e-02 -2.823918685317039490e-02 -2.042947709560394287e-02
1.618812355704536968e-32 1.075537968426942825e-02 -2.893423140048980713e-01 -3.051816299557685852e-02
-4.272356993266651130e-33 8.246270418167114258e-01 -1.434249058365821838e-02 -1.159852594137191772e-01
2.344160989644617612e-32 4.271006286144256592e-01 -1.253425329923629761e-02 -5.249879509210586548e-02
-6.410850552555524263e-32 1.296083629131317139e-02 9.865770488977432251e-02 1.253962982445955276e-02
1.092462756338978282e-33 6.769047677516937256e-02 2.477325052022933960e-01 1.644490063190460205e-01
4.256745399730174182e-32 3.814593553543090820e-01 7.372198700904846191e-01 2.757820367813110352e+00
-6.792386925347255937e-33 5.039017274975776672e-02 -1.238092873245477676e-02 -6.118145305663347244e-03
2.299543926064806867e-33 2.077688276767730713e-02 3.491286039352416992e-01 7.113551348447799683e-02
-3.336930768040128491e-32 2.016202732920646667e-02 3.140766918659210205e-02 6.209985353052616119e-03
3.093610563854416837e-33 6.150611042976379395e-01 5.162895470857620239e-02 3.114098012447357178e-01
2.366256169209848739e-33 2.948284707963466644e-02 2.071607261896133423e-01 5.989595875144004822e-02
2.299143082491176467e-32 2.109425365924835205e-01 -5.279187560081481934e-01 -1.092073678970336914e+00
4.086027179665902545e-33 1.583003252744674683e-02 9.360512346029281616e-02 1.453122124075889587e-02
4.347610819175149301e-32 2.016115933656692505e-02 -2.849329411983489990e-01 -5.633506551384925842e-02
1.262660838520110288e-33 9.664322137832641602e-01 -1.331777721643447876e-01 -1.262187361717224121e+00
-4.309726693363260913e-33 1.420664414763450623e-02 -2.132573574781417847e-01 -2.971092611551284790e-02
1.524849508645145122e-32 2.020621113479137421e-02 -3.647349774837493896e-02 -7.227414287626743317e-03
-2.653198932020377019e-33 6.612003445625305176e-01 -2.431774735450744629e-01 -1.576801776885986328e+00
1.392119739516397350e-32 6.529187560081481934e-01 -2.886233329772949219e-01 -1.848039507865905762e+00
-5.038644275089231874e-32 2.046964615583419800e-01 -6.810323894023895264e-02 -1.367095261812210083e-01
2.162279797680357511e-33 1.000433862209320068e-01 -5.047278404235839844e-01 -4.951836764812469482e-01
-1.984724682066512671e-33 6.831787824630737305e-01 -1.654905080795288086e-01 -1.108736038208007812e+00
-2.724924291229691315e-33 8.894055485725402832e-01 -1.672084070742130280e-02 -1.458406597375869751e-01
2.693365206645989951e-33 2.331252098083496094e-01 7.831393480300903320e-01 1.790395498275756836e+00
2.137730075708014058e-32 9.914797544479370117e-02 8.627199381589889526e-02 8.388307690620422363e-02
2.899305755767308295e-33 3.501427546143531799e-02 3.919816911220550537e-01 1.345958262681961060e-01
-9.501772099614038191e-33 1.010330487042665482e-02 -1.454200875014066696e-02 -1.440815976820886135e-03
1.745494647208685629e-32 4.314259439706802368e-02 7.330486923456192017e-02 3.101414069533348083e-02
5.625180691319028672e-32 8.792787790298461914e-02 -1.745386868715286255e-01 -1.505008488893508911e-01
2.649763549780098884e-33 9.799097478389739990e-02 1.460297498852014542e-02 1.403292175382375717e-02
-3.211541079511502788e-32 3.883172199130058289e-02 -2.884074673056602478e-02 -1.098281890153884888e-02
-1.360463529711959295e-33 1.093284413218498230e-01 -7.134652733802795410e-01 -7.649387717247009277e-01
9.428163378049515811e-33 3.146775662899017334e-01 6.942635029554367065e-02 2.142450362443923950e-01
-6.691354655262018853e-32 1.375492196530103683e-02 1.570281684398651123e-01 2.118148468434810638e-02
-6.581054346904517297e-33 2.427906915545463562e-02 1.614196449518203735e-01 3.843342512845993042e-02
-7.995487760998604867e-33 2.335112243890762329e-01 -2.271076440811157227e-01 -5.200680494308471680e-01
1.309566093689292774e-32 1.013320870697498322e-02 -8.495332598686218262e-01 -8.442052453756332397e-02
-1.536054761607564725e-32 7.134558558464050293e-01 1.141080036759376526e-01 7.983694076538085938e-01
4.685253939033589053e-32 3.660308197140693665e-02 -8.387344330549240112e-02 -3.010667674243450165e-02
-2.174929769934136168e-33 9.932050853967666626e-02 2.124994434416294098e-02 2.069747634232044220e-02
3.734690652646337039e-33 1.021827459335327148e-01 1.180475503206253052e-01 1.182919591665267944e-01
-7.451449138970880082e-33 6.678352504968643188e-02 3.450163826346397400e-02 2.259590476751327515e-02
-2.935555283215981365e-32 4.011180698871612549e-01 -1.298457235097885132e-01 -5.107643008232116699e-01
8.189296510469666403e-32 3.026792407035827637e-01 -2.235158085823059082e-01 -6.634551286697387695e-01
-1.847356595900412468e-33 2.212965786457061768e-01 -1.874230429530143738e-02 -4.067413881421089172e-02
-5.048998029331274583e-33 1.960306800901889801e-02 2.684624120593070984e-02 5.160932894796133041e-03
-6.852548432348752906e-32 8.733860403299331665e-02 -3.610115498304367065e-02 -3.092060796916484833e-02
-1.607375383418211522e-32 4.067287147045135498e-01 6.917580962181091309e-02 2.759178280830383301e-01
-6.250229828964816076e-32 1.715296059846878052e-01 1.053705904632806778e-02 1.772471144795417786e-02
2.614645839720275361e-33 3.104350268840789795e-01 -4.570983350276947021e-02 -1.391557157039642334e-01
-1.382210469075759319e-32 3.332564234733581543e-02 -1.157456077635288239e-02 -3.782715881243348122e-03
7.727786555014091221e-33 2.466310001909732819e-02 -1.163584515452384949e-01 -2.814273349940776825e-02
4.939438429351584920e-32 5.228663682937622070e-01 9.413730353116989136e-02 4.826953709125518799e-01
5.587694176471305924e-32 5.633289217948913574e-01 2.612506598234176636e-02 1.443245261907577515e-01
-2.647953839492809509e-32 4.858463630080223083e-02 -1.059389580041170120e-02 -5.047488491982221603e-03
6.420903967990931877e-32 8.524001240730285645e-01 -9.037943184375762939e-02 -7.554988265037536621e-01
6.141201552431698087e-32 9.680253267288208008e-02 -3.346134126186370850e-01 -3.176513910293579102e-01
5.382271248940532481e-32 2.038103491067886353e-01 -1.234815642237663269e-02 -2.468021959066390991e-02
-2.543753244790121729e-33 3.638918697834014893e-02 8.184400796890258789e-01 2.920652627944946289e-01
-1.441260546168553816e-32 1.287676952779293060e-02 4.750349521636962891e-01 5.998645350337028503e-02
-9.526812186401666854e-32 1.463333703577518463e-02 -3.544124662876129150e-01 -5.085961520671844482e-02
-5.756512209917473333e-32 1.468331664800643921e-01 2.472838610410690308e-01 3.560742735862731934e-01
5.206417294057518270e-32 1.244903355836868286e-02 -3.448814898729324341e-02 -4.210427403450012207e-03
2.810173529274223713e-33 1.535837911069393158e-02 -1.932935044169425964e-02 -2.911275718361139297e-03
-2.169887486916283966e-32 2.215858846902847290e-01 -6.759124994277954102e-02 -1.468768119812011719e-01
2.295285697778953131e-33 2.246722280979156494e-01 2.358170226216316223e-02 5.195713415741920471e-02
-4.574866791030920500e-32 7.005240917205810547e-01 2.738482952117919922e-01 1.881281495094299316e+00
-1.018359408792148961e-32 7.079998850822448730e-01 -3.677502274513244629e-02 -2.553329169750213623e-01
2.596271760990969111e-33 8.333193659782409668e-01 5.762750506401062012e-01 4.709361076354980469e+00
-4.668920665434104147e-33 3.396034240722656250e-01 3.617172837257385254e-01 1.204653024673461914e+00
1.190510556470072967e-33 1.336658746004104614e-01 2.554102241992950439e-01 3.347954154014587402e-01
-1.226461765493026419e-33 1.617033034563064575e-02 -9.333627671003341675e-02 -1.480096485465764999e-02
-4.329879441982155137e-33 3.077139258384704590e-01 -7.263868302106857300e-02 -2.191976010799407959e-01
2.151059887772751093e-33 2.035719007253646851e-01 -2.499219588935375214e-02 -4.989337921142578125e-02
1.161930707217232996e-33 1.942168325185775757e-01 -6.186449527740478516e-01 -1.178281426429748535e+00
-2.875556582182073283e-32 7.105898857116699219e-01 2.611689567565917969e-01 1.819957494735717773e+00
5.694547788455402680e-32 5.178223922848701477e-02 3.691226840019226074e-01 1.874442994594573975e-01
-1.421691944773621343e-32 3.979030624032020569e-02 -3.829505443572998047e-01 -1.494309902191162109e-01
2.319775800147190816e-32 4.866367578506469727e-02 -5.894637480378150940e-02 -2.813083864748477936e-02
-7.390094946013680049e-33 4.121074676513671875e-01 6.165814995765686035e-01 2.491848468780517578e+00
-8.215574686682298640e-32 6.826622039079666138e-02 1.774044521152973175e-02 1.187657006084918976e-02
-4.204578356340222664e-33 1.979409158229827881e-01 7.468475699424743652e-01 1.449733734130859375e+00
-1.103687809034369548e-32 7.884070277214050293e-02 -5.066510662436485291e-02 -3.917239606380462646e-02
3.713520660603599978e-32 2.482765913009643555e-02 1.583178192377090454e-01 3.854661434888839722e-02
7.819688907413285450e-33 1.860368438065052032e-02 1.747256815433502197e-01 3.187692537903785706e-02
-1.166233108376738726e-33 5.746494233608245850e-02 6.469619870185852051e-01 3.645880520343780518e-01
-1.307279114328470318e-33 2.329893559217453003e-01 7.268295437097549438e-02 1.660692989826202393e-01
4.032258892564940292e-32 3.368299305438995361e-01 -4.338814318180084229e-01 -1.433185458183288574e+00
2.303889581743003011e-33 3.659310936927795410e-01 -4.987537115812301636e-02 -1.789806783199310303e-01
4.136280444784318453e-32 1.202699989080429077e-01 -7.201077938079833984e-01 -8.493281006813049316e-01
-1.325501572653619725e-33 1.122459769248962402e-01 -7.478483915328979492e-01 -8.231993317604064941e-01
4.427116555087365539e-32 2.086651325225830078e-01 1.599253527820110321e-02 3.272562101483345032e-02
-6.961594194360339376e-33 3.272794783115386963e-01 3.203080594539642334e-02 1.028033643960952759e-01
-5.381904641639869780e-33 1.586169004440307617e-01 -1.369010806083679199e-01 -2.129496932029724121e-01
-4.846502229670842489e-33 4.543188586831092834e-02 -1.979488134384155273e-01 -8.819305151700973511e-02
-6.870688808107436299e-33 1.139326766133308411e-01 -4.675187468528747559e-01 -5.223577022552490234e-01
-7.162559647312794704e-33 1.137475296854972839e-01 3.985687345266342163e-02 4.445963352918624878e-02
5.954734793739078706e-33 4.794515669345855713e-01 -2.146179825067520142e-01 -1.009093761444091797e+00
1.185610067458288703e-32 7.754485309123992920e-02 2.078445851802825928e-01 1.580564975738525391e-01
5.161288890435099830e-32 4.140581563115119934e-02 4.076006114482879639e-01 1.655071824789047241e-01
-2.785505229309241062e-33 1.847176440060138702e-02 1.660051569342613220e-02 3.007119288668036461e-03
1.603665780386405625e-33 9.904527664184570312e-02 -4.239579737186431885e-01 -4.117913842201232910e-01
-5.016207614415086873e-33 3.175456225872039795e-01 -1.053326856344938278e-02 -3.280121460556983948e-02
-4.780788128166442592e-32 4.238270968198776245e-02 3.384482860565185547e-02 1.406700722873210907e-02
-9.054842976086062663e-32 3.774558901786804199e-01 4.579849541187286377e-01 1.695267081260681152e+00
-1.120884005689953402e-33 3.493455052375793457e-01 -5.173328146338462830e-02 -1.772335171699523926e-01
2.266674459153526358e-32 2.768066525459289551e-01 2.698807120323181152e-01 7.326035499572753906e-01
-1.986030031808902358e-33 6.272137165069580078e-02 -1.311059594154357910e-01 -8.064150810241699219e-02
8.962737703974557737e-32 1.910976320505142212e-02 9.580491483211517334e-02 1.795410737395286560e-02
-2.555332525361293598e-32 4.864732921123504639e-01 3.625458851456642151e-02 1.729588061571121216e-01
-5.382433981439724442e-33 2.525377273559570312e-02 4.581272974610328674e-02 1.134574785828590393e-02
-4.377633826515913640e-32 5.370697975158691406e-01 2.794304490089416504e-02 1.471719890832901001e-01
1.810524904874494660e-32 1.922042854130268097e-02 5.741398334503173828e-01 1.082184836268424988e-01
1.300641979350139978e-33 2.669772505760192871e-01 2.500673197209835052e-02 6.547144055366516113e-02
-1.014646316011489061e-32 3.942520320415496826e-01 4.670448005199432373e-01 1.805731415748596191e+00
3.385833684023037296e-33 5.339915677905082703e-02 2.915378808975219727e-01 1.526687145233154297e-01
1.430160940760914366e-32 1.582438498735427856e-02 9.632258117198944092e-02 1.494774315506219864e-02
1.064985979964690407e-32 3.935620933771133423e-02 -5.577857047319412231e-02 -2.152788266539573669e-02
5.499736930050265144e-33 1.210942119359970093e-02 1.747422069311141968e-01 2.075113542377948761e-02
-1.793421168196442671e-32 4.559477791190147400e-02 1.788537390530109406e-02 7.997123524546623230e-03
-9.046817876152998907e-32 1.164832338690757751e-02 -1.391565203666687012e-01 -1.589599251747131348e-02
-3.207999902779650647e-32 2.599060237407684326e-01 2.620267570018768311e-01 6.678557991981506348e-01
1.389615238599375077e-33 8.307776451110839844e-01 1.141209751367568970e-01 9.297601580619812012e-01
8.980404796320241307e-32 2.165148556232452393e-01 1.352051049470901489e-01 2.870790064334869385e-01
1.445831694724016291e-33 2.041232399642467499e-02 -1.146939620375633240e-01 -2.295903861522674561e-02
-3.075855089027230816e-33 1.408379673957824707e-01 6.683553755283355713e-02 9.230981022119522095e-02
1.911578921605221956e-32 2.996499240398406982e-01 -3.698544502258300781e-01 -1.086840152740478516e+00
8.385510027508922634e-32 3.356882631778717041e-01 -2.557725831866264343e-02 -8.419975638389587402e-02
1.799445870617994600e-32 4.470724165439605713e-01 2.822263538837432861e-01 1.237360119819641113e+00
5.085986722321424093e-32 2.575306892395019531e-01 1.299892514944076538e-01 3.282895982265472412e-01
7.555940741993793305e-32 2.368160039186477661e-01 -1.396121550351381302e-02 -3.242313116788864136e-02
-1.389385245782797004e-32 9.335209429264068604e-02 4.709933996200561523e-01 4.311809241771697998e-01
2.530987449608588613e-32 1.537703908979892731e-02 2.892646566033363342e-02 4.362031351774930954e-03
-3.332777746498673349e-33 1.175327040255069733e-02 5.360259488224983215e-02 6.178246345371007919e-03
1.896617156039558954e-33 5.901056155562400818e-02 7.699298858642578125e-01 4.455552697181701660e-01
-1.799493220999813661e-33 7.361050248146057129e-01 4.233704879879951477e-02 3.056195080280303955e-01
7.042637623820225019e-32 1.369146108627319336e-01 -1.445018779486417770e-02 -1.940188743174076080e-02
2.268927441013671125e-33 1.775892823934555054e-02 -4.406098127365112305e-01 -7.673466205596923828e-02
-2.218177235658445095e-32 4.858509451150894165e-02 -1.667135953903198242e-01 -7.943186908960342407e-02
4.070873220773880099e-33 1.809453666210174561e-01 -1.390647590160369873e-01 -2.467659562826156616e-01
1.927901285147763292e-33 8.777921646833419800e-02 -2.017728425562381744e-02 -1.736901141703128815e-02
-3.834067312406837857e-33 3.427886962890625000e-02 4.183200746774673462e-02 1.406228542327880859e-02
-8.262361125086551916e-32 1.958817541599273682e-01 2.211760729551315308e-02 4.248668253421783447e-02
-1.029459381541773043e-32 3.543714806437492371e-02 -3.296864330768585205e-01 -1.145725324749946594e-01
-1.353176474927318850e-33 3.995958343148231506e-02 -6.592525839805603027e-01 -2.583410739898681641e-01
1.220549763592359576e-33 1.848471760749816895e-01 2.065320014953613281e-01 3.743870854377746582e-01
-8.894275737488316890e-32 3.651520609855651855e-01 9.661423563957214355e-01 3.459676980972290039e+00
2.334620089746168515e-32 4.988449066877365112e-02 7.883132249116897583e-02 3.856426104903221130e-02
-1.164137697860901841e-33 1.392385661602020264e-01 -3.742384910583496094e-01 -5.110090970993041992e-01
-6.586863493049487189e-33 2.715491950511932373e-01 -1.315832976251840591e-02 -3.504047170281410217e-02
1.064442240359038172e-32 1.038089673966169357e-02 -1.738772727549076080e-02 -1.770102418959140778e-03
4.309446778770971356e-33 2.718290500342845917e-02 -3.516072407364845276e-02 -9.372907690703868866e-03
3.292904978118781357e-33 9.722395241260528564e-02 2.886260859668254852e-02 2.751880139112472534e-02
-3.831418042013672126e-33 3.268310800194740295e-02 -2.383793890476226807e-01 -7.640340924263000488e-02
5.344843141468366215e-33 2.912616170942783356e-02 3.332799077033996582e-01 9.519476443529129028e-02
-4.378396428476009599e-32 5.194715782999992371e-02 -2.921109832823276520e-02 -1.488094031810760498e-02
1.261544853570798379e-33 6.098777055740356445e-01 1.085588522255420685e-02 6.492749601602554321e-02
3.226820522425475513e-33 1.262536179274320602e-02 -5.065717548131942749e-02 -6.271991878747940063e-03
2.044497100437887462e-33 3.388807773590087891e-01 8.616666793823242188e-01 2.863564252853393555e+00
7.445129387467271759e-33 1.551512926816940308e-01 -5.107039213180541992e-02 -7.770433276891708374e-02
3.738653905318531308e-33 3.890231624245643616e-02 -1.542853843420743942e-02 -5.886008962988853455e-03
1.447495386572414460e-33 8.435922861099243164e-02 -1.406677626073360443e-02 -1.163718290627002716e-02
1.534672986365272357e-33 2.002678066492080688e-02 1.301105469465255737e-01 2.555314265191555023e-02
3.942472283060432328e-32 3.268230557441711426e-01 4.588987305760383606e-02 1.470788568258285522e-01
-6.992726133684310691e-32 1.450801920145750046e-02 3.983866050839424133e-02 5.668048281222581863e-03
-1.420056832131627541e-32 8.794541954994201660e-01 1.238861586898565292e-02 1.068456098437309265e-01
6.707806874196127589e-32 3.169406950473785400e-02 -1.106570288538932800e-01 -3.439360484480857849e-02
-5.740916338617938633e-32 4.219974577426910400e-02 -1.440022420138120651e-02 -5.959362257272005081e-03
-5.703718995380518168e-33 2.723677828907966614e-02 -2.871740423142910004e-02 -7.670463528484106064e-03
-3.476385687286724422e-33 2.830270864069461823e-02 -1.458175778388977051e-01 -4.047236219048500061e-02
-2.644269215715958586e-33 5.303357839584350586e-01 9.662097096443176270e-01 5.025080204010009766e+00
-4.564860028027561146e-33 1.440157443284988403e-01 3.518415987491607666e-02 4.969101399183273315e-02
3.107856600297222918e-32 2.559365332126617432e-01 -5.617354810237884521e-02 -1.409888565540313721e-01
3.579414681463627014e-32 2.100230939686298370e-02 -3.886690735816955566e-01 -8.005117624998092651e-02
6.363233774329208894e-33 1.279114000499248505e-02 6.826132535934448242e-02 8.562579751014709473e-03
-2.196125953460377488e-33 1.967823877930641174e-02 -1.503815054893493652e-01 -2.902026101946830750e-02
-4.339505785626229628e-32 2.775218784809112549e-01 -2.920189686119556427e-02 -7.947470992803573608e-02
-1.096221362791534083e-32 8.060462772846221924e-02 -1.854410767555236816e-02 -1.465840078890323639e-02
-2.413661652326603802e-33 6.023583412170410156e-01 1.619513332843780518e-02 9.566655009984970093e-02
-5.404791883992364350e-33 4.435606896877288818e-01 7.269296795129776001e-02 3.162031173706054688e-01
-9.779126759081092167e-32 3.860261663794517517e-02 -1.373512018471956253e-02 -5.199599545449018478e-03
1.017050422364111418e-32 1.944506913423538208e-02 -4.647142812609672546e-02 -8.861682377755641937e-03
1.705522696492943006e-32 8.380821347236633301e-01 1.291006058454513550e-01 1.061049222946166992e+00
9.222015905188254281e-32 2.398011647164821625e-02 2.415690571069717407e-02 5.680849310010671616e-03
5.215078924181552296e-32 1.977676004171371460e-01 4.396220669150352478e-02 8.526195585727691650e-02
9.033725807820715679e-32 1.014005858451128006e-02 1.187921129167079926e-02 1.181268948130309582e-03
-1.975674293920142637e-33 5.080914124846458435e-02 5.752481222152709961e-01 2.866274118423461914e-01
-3.614585178566642150e-32 7.905952930450439453e-01 -1.302236169576644897e-01 -1.009635567665100098e+00
-1.690041472626811943e-33 1.744270324707031250e-02 -2.236623130738735199e-02 -3.825844032689929008e-03
3.082083592781856559e-32 4.403505101799964905e-02 2.595719397068023682e-01 1.120926067233085632e-01
9.298464768041157160e-32 7.111909985542297363e-02 -3.433202505111694336e-01 -2.394453138113021851e-01
-2.578279534254687789e-33 2.248689904808998108e-02 3.692898154258728027e-02 8.143621496856212616e-03
-4.029196803249445159e-33 3.566210344433784485e-02 5.060840845108032227e-01 1.769906431436538696e-01
-5.959891540519342228e-32 1.808236353099346161e-02 3.765780478715896606e-02 6.677761208266019821e-03
5.232860039479265628e-32 4.056059569120407104e-02 8.950198292732238770e-01 3.560062646865844727e-01
-2.626193969691150439e-33 4.840683937072753906e-02 -1.144974008202552795e-01 -5.435293912887573242e-02
-7.458496227604059696e-33 2.557325735688209534e-02 -5.430392622947692871e-01 -1.361877322196960449e-01
1.192743812065642997e-33 9.045006334781646729e-02 -1.384294629096984863e-01 -1.227886080741882324e-01
-6.912146289809030588e-33 1.025670170783996582e-01 -7.379832267761230469e-01 -7.422921657562255859e-01
-1.896384444892294604e-33 3.848055750131607056e-02 -6.711239814758300781e-01 -2.532589435577392578e-01
-8.408300805856252849e-33 1.021579578518867493e-01 -1.156467124819755554e-01 -1.158580407500267029e-01
-9.380983442911324774e-33 1.215416938066482544e-02 -8.629371970891952515e-02 -1.028549391776323318e-02
1.219726660407394733e-32 1.323585659265518188e-01 -2.503127753734588623e-01 -3.249045312404632568e-01
1.718343519503773991e-33 7.029427587985992432e-02 -1.164984852075576782e-01 -8.030838519334793091e-02
-4.084699164923061066e-32 7.278268784284591675e-02 -3.621235489845275879e-02 -2.584672719240188599e-02
9.869800279073295547e-33 1.410832814872264862e-02 6.315179914236068726e-02 8.737394586205482483e-03
-1.479368548552976154e-33 2.363328635692596436e-02 2.469651401042938232e-01 5.723747238516807556e-02
-4.384833802883097078e-33 8.613177537918090820e-01 9.637351334095001221e-02 8.140325546264648438e-01
-3.144455469973280987e-33 5.682769417762756348e-02 -1.204849109053611755e-01 -6.714495271444320679e-02
-9.010761497119845323e-33 1.051046699285507202e-02 9.273517131805419922e-01 9.558442980051040649e-02
-3.283828325020510137e-33 1.956490986049175262e-02 1.967234723269939423e-02 3.774459008127450943e-03
-1.614479042717024458e-32 5.285505056381225586e-01 -1.152647584676742554e-01 -5.974529981613159180e-01
-7.434001423258418721e-32 4.958565160632133484e-02 -3.300922811031341553e-01 -1.605136990547180176e-01
1.008088894243823856e-33 1.081943064928054810e-01 7.306388765573501587e-02 7.752251625061035156e-02
3.608309801974777368e-32 6.640448421239852905e-02 -1.608535945415496826e-01 -1.047487556934356689e-01
4.190022430199181057e-33 1.811712421476840973e-02 -6.092997789382934570e-01 -1.082532480359077454e-01
-1.089180004693314728e-33 1.848502755165100098e-01 -2.224600613117218018e-01 -4.032671153545379639e-01
1.715691163437937352e-32 4.840895161032676697e-02 4.741819575428962708e-02 2.251082286238670349e-02
-9.008857049334719365e-32 1.251783668994903564e-01 2.066786773502826691e-02 2.537146955728530884e-02
-4.139237694697399622e-32 2.193906754255294800e-01 -6.200005412101745605e-01 -1.333923459053039551e+00
-1.049403553381793237e-32 7.707173377275466919e-02 -2.877599000930786133e-02 -2.174933999776840210e-02
2.705399954543906994e-32 2.931564487516880035e-02 -2.125193625688552856e-01 -6.109682098031044006e-02
5.351452725797849159e-33 1.987634897232055664e-01 -1.761323027312755585e-02 -3.433177992701530457e-02
1.163695326275908797e-32 1.583492569625377655e-02 -7.761458754539489746e-01 -1.205258071422576904e-01
-1.163336800498907999e-32 1.765227504074573517e-02 -5.023337900638580322e-02 -8.695884607732295990e-03
1.714382470883487514e-33 1.043231263756752014e-01 -1.220143139362335205e-01 -1.248280107975006104e-01
3.312257288553162529e-33 7.263135313987731934e-01 -3.142233192920684814e-02 -2.238119095563888550e-01
3.443719801303326948e-33 3.337294608354568481e-02 2.114565819501876831e-01 6.920483708381652832e-02
-6.752681664912356120e-33 1.145541481673717499e-02 7.891420722007751465e-01 8.865162730216979980e-02
5.017023995241732951e-32 1.380296889692544937e-02 -2.560429573059082031e-01 -3.465820476412773132e-02
1.115706210213970468e-32 1.889335066080093384e-01 -5.202439799904823303e-02 -9.639105200767517090e-02
-1.250339398570287229e-32 3.052876330912113190e-02 -1.162606477737426758e-01 -3.480668365955352783e-02
-1.354735492677196141e-32 1.469576507806777954e-01 8.159056901931762695e-01 1.175852417945861816e+00
8.113168704511331861e-33 4.560048878192901611e-01 -8.608505129814147949e-02 -3.849620223045349121e-01
-3.422893494421411554e-32 1.030019763857126236e-02 5.756581947207450867e-02 5.814748350530862808e-03
-6.550204232351155625e-32 2.751023769378662109e-01 -1.471434719860553741e-02 -3.969684615731239319e-02
-1.161125493586919729e-33 2.203684151172637939e-01 1.054968759417533875e-01 2.279867678880691528e-01
3.330586918902328311e-33 1.255599111318588257e-01 -1.024219766259193420e-02 -1.261144410818815231e-02
-3.146563572154686907e-32 1.287482306361198425e-02 9.144217371940612793e-01 1.154538691043853760e-01
2.117890926941400143e-33 3.914204984903335571e-02 -7.487669587135314941e-01 -2.874160110950469971e-01
-8.535268595550857473e-32 6.619721055030822754e-01 1.363899372518062592e-02 8.854065090417861938e-02
2.416505173161242916e-32 2.051761448383331299e-01 -3.110280632972717285e-02 -6.258166581392288208e-02
-6.745174076367241876e-32 1.073700338602066040e-01 -1.512663215398788452e-01 -1.592744141817092896e-01
-2.462643473367811553e-32 3.620293736457824707e-01 2.835335582494735718e-02 1.006627902388572693e-01
2.032897726260156224e-33 3.504469245672225952e-02 -7.214056849479675293e-01 -2.479262501001358032e-01
1.962089619986467945e-32 2.811517566442489624e-02 9.310818463563919067e-02 2.567138709127902985e-02
-9.135769443858041488e-33 1.605063490569591522e-02 -5.593496188521385193e-02 -8.804328739643096924e-03
-1.731074490665163996e-33 1.896260976791381836e-01 1.458720117807388306e-02 2.712631225585937500e-02
-4.372357399717057024e-33 7.073783129453659058e-02 4.059699773788452148e-01 2.816218435764312744e-01
5.416613316399805611e-32 5.477609634399414062e-01 9.391475468873977661e-02 5.044818520545959473e-01
-5.608504320305897511e-33 4.646070301532745361e-02 -4.377348721027374268e-02 -1.994424685835838318e-02
2.513668487261740756e-33 4.451043903827667236e-01 4.524985551834106445e-01 1.975148558616638184e+00
-1.575852482019996407e-33 5.825865641236305237e-02 -1.939394772052764893e-01 -1.108019351959228516e-01
-3.845966988657005726e-33 7.599150538444519043e-01 6.114768609404563904e-02 4.556860625743865967e-01
1.265338761588077312e-33 8.591432869434356689e-02 -6.750795841217041016e-01 -5.687760114669799805e-01
6.966080909360634195e-33 2.081669121980667114e-01 -5.072134733200073242e-01 -1.035435795783996582e+00
4.971038876642755843e-33 1.496747881174087524e-01 1.765402778983116150e-02 2.591272816061973572e-02
8.255140504099832163e-33 5.625004172325134277e-01 6.296395510435104370e-02 3.473245501518249512e-01
2.981992599798040422e-32 6.013712882995605469e-01 5.048033595085144043e-02 2.977046370506286621e-01
-4.478564710213392302e-32 2.976218424737453461e-02 1.982535868883132935e-01 5.786374583840370178e-02
-2.250964564901961897e-32 5.786755084991455078e-01 6.870489716529846191e-01 3.898912668228149414e+00
1.206427558132572930e-32 1.322473883628845215e-01 -1.897290721535682678e-02 -2.460603415966033936e-02
9.980345531066149698e-32 5.226988792419433594e-01 -4.106829464435577393e-01 -2.105130195617675781e+00
4.013853883640528031e-32 2.527355253696441650e-01 1.208841521292924881e-02 2.996100299060344696e-02
-1.595084120612425978e-32 4.856169968843460083e-02 -1.171685103327035904e-02 -5.579887889325618744e-03
-1.404514592761849108e-32 1.742531955242156982e-01 -2.257133275270462036e-02 -3.857079893350601196e-02
-1.523310933476712600e-32 3.342639654874801636e-02 7.016320526599884033e-02 2.299956604838371277e-02
3.293646641585753294e-33 2.694609165191650391e-01 -4.274773001670837402e-01 -1.129612684249877930e+00
1.174523980235683710e-32 3.581947088241577148e-01 -3.254210576415061951e-02 -1.143103390932083130e-01
9.144643691522780495e-33 7.241814732551574707e-01 4.949752241373062134e-02 3.515212237834930420e-01
1.324823092008004486e-33 7.497131079435348511e-02 -7.251592874526977539e-01 -5.331497788429260254e-01
1.537860871943404706e-33 2.005641721189022064e-02 -3.039935231208801270e-01 -5.979134887456893921e-02
1.579701307663977818e-33 3.680386841297149658e-01 -1.312332302331924438e-01 -4.736504554748535156e-01
-1.768825675412814076e-33 5.723173022270202637e-01 4.225502312183380127e-01 2.371569633483886719e+00
4.817094152812352059e-32 6.486558169126510620e-02 5.287946462631225586e-01 3.363736867904663086e-01
1.067149330380584974e-32 1.519516408443450928e-01 1.081488952040672302e-01 1.611566245555877686e-01
2.427162021274805458e-33 3.538297861814498901e-02 3.594665601849555969e-02 1.247307658195495605e-02
-7.423116786380185897e-33 2.888207435607910156e-01 5.319743156433105469e-01 1.506744861602783203e+00
1.078863498928513701e-32 3.050376661121845245e-02 1.021484658122062683e-01 3.055666759610176086e-02
-2.287436921998512717e-32 7.953931689262390137e-01 1.783012039959430695e-02 1.390774846076965332e-01
7.105677622613298064e-32 1.216600369662046432e-02 -6.758027523756027222e-02 -8.062850683927536011e-03
2.318423834706951332e-32 5.484045296907424927e-02 8.932131528854370117e-01 4.803710579872131348e-01
5.258116123353857886e-32 5.749672651290893555e-01 -2.002433389425277710e-01 -1.129072546958923340e+00
-1.090743044837923738e-33 1.551958769559860229e-01 -9.546210616827011108e-02 -1.452887058258056641e-01
-3.748043901129693593e-33 2.661108225584030151e-02 9.007143974304199219e-01 2.350554317235946655e-01
-9.587533522587742937e-32 3.168242573738098145e-01 -1.369896382093429565e-01 -4.256247282028198242e-01
3.214175876630474019e-33 1.277879923582077026e-01 1.219650432467460632e-01 1.528431922197341919e-01
6.337522039456879146e-33 2.460207343101501465e-01 -3.504196181893348694e-02 -8.454361557960510254e-02
4.787286334406185124e-33 2.377714514732360840e-01 -3.343846648931503296e-02 -7.796985656023025513e-02
1.483096096240731322e-32 5.184956192970275879e-01 5.262340307235717773e-01 2.675744771957397461e+00
-4.019044866693759253e-32 1.638372614979743958e-02 -1.748198643326759338e-02 -2.808821620419621468e-03
-3.425773675986116938e-33 1.748676598072052002e-02 -3.242748230695724487e-02 -5.560878198593854904e-03
-6.210290939027690330e-33 1.300727389752864838e-02 9.113755226135253906e-01 1.162530332803726196e-01
-6.747393409701594354e-33 3.699734508991241455e-01 3.049408793449401855e-01 1.106386542320251465e+00
-8.986983450454618239e-33 1.417975407093763351e-02 -1.482191085815429688e-01 -2.061073854565620422e-02
-1.538513014168721834e-32 2.363102436065673828e-01 2.066774480044841766e-02 4.789567738771438599e-02
2.221021270771862694e-33 2.807501889765262604e-02 -4.966528713703155518e-02 -1.367393974214792252e-02
4.963208614898340881e-33 1.702795363962650299e-02 8.454932272434234619e-02 1.411865279078483582e-02
-6.933176618429210575e-33 3.428874909877777100e-01 3.323231637477874756e-02 1.117462441325187683e-01
-2.525019170915876154e-33 3.647721707820892334e-01 -2.832674793899059296e-02 -1.013302430510520935e-01
5.849727736443329910e-32 5.246609821915626526e-02 6.848038434982299805e-01 3.523429930210113525e-01
2.982780768760266766e-32 1.937852054834365845e-01 1.714340038597583771e-02 3.257903456687927246e-02
-9.547254180099260286e-33 5.153975263237953186e-02 1.248789113014936447e-02 6.311783567070960999e-03
-1.028143103375340555e-33 3.792174458503723145e-01 -6.077047809958457947e-02 -2.259964644908905029e-01
-4.773302874013993971e-32 3.600795567035675049e-01 -5.145100951194763184e-01 -1.816824793815612793e+00
4.389531298714173718e-32 8.040788024663925171e-02 -5.079122260212898254e-02 -4.005050286650657654e-02
-2.573811002682632252e-33 2.609674334526062012e-01 -2.156552672386169434e-02 -5.519084632396697998e-02
3.436490437577372954e-32 3.279657363891601562e-01 4.246668517589569092e-02 1.365832686424255371e-01
-1.705883132448263890e-32 1.679284423589706421e-01 1.955342479050159454e-02 3.220088407397270203e-02
2.448364265943793205e-33 3.468687459826469421e-02 -8.943593502044677734e-02 -3.042270988225936890e-02
1.539368774056120459e-32 1.379731595516204834e-01 -1.415327377617359161e-02 -1.915014907717704773e-02
-4.143382855120383640e-33 2.177879028022289276e-02 -1.677062362432479858e-01 -3.581818938255310059e-02
5.491731446179180734e-33 4.932773858308792114e-02 -1.122815385460853577e-01 -5.431505665183067322e-02
1.403601141815764033e-33 2.072042822837829590e-01 3.314376249909400940e-02 6.734745949506759644e-02
-7.557485341570773791e-33 1.291078701615333557e-02 -2.648877799510955811e-01 -3.353785350918769836e-02
5.406107335639331416e-32 1.648227125406265259e-02 -1.440349519252777100e-01 -2.328121475875377655e-02
-1.852121094909485979e-32 2.221678197383880615e-02 8.295660018920898438e-01 1.807393729686737061e-01
-5.348144884694635242e-32 1.147781088948249817e-01 3.351139277219772339e-02 3.772004693746566772e-02
-7.418454481911236999e-33 7.014431357383728027e-01 1.013446822762489319e-01 6.971305012702941895e-01
6.962946747547754270e-32 1.755131781101226807e-01 -1.083292290568351746e-01 -1.864558756351470947e-01
5.197589331482842891e-32 7.722410559654235840e-02 8.172746002674102783e-02 6.189300119876861572e-02
1.654004893326630023e-32 5.739293694496154785e-01 2.214135676622390747e-01 1.246187329292297363e+00
3.484239458918155831e-33 4.818706810474395752e-01 -3.110636584460735321e-02 -1.469942778348922729e-01
-1.060154330840826173e-32 1.243063528090715408e-02 -2.250781357288360596e-01 -2.743767574429512024e-02
-2.333062265857741279e-32 2.327215075492858887e-01 1.361752301454544067e-02 3.107816353440284729e-02
8.314936873168604959e-32 6.623885780572891235e-02 3.779292851686477661e-02 2.454957738518714905e-02
-1.396158150358647319e-32 3.614423051476478577e-02 8.559980988502502441e-01 3.034118115901947021e-01
7.737609867430325372e-32 3.772659599781036377e-01 -5.905065536499023438e-01 -2.184706211090087891e+00
3.759353185342160968e-32 2.619172930717468262e-01 3.813618123531341553e-01 9.795397520065307617e-01
3.964538663014068309e-32 5.885107517242431641e-01 -7.140138745307922363e-01 -4.120801448822021484e+00
-1.903681509746016270e-33 8.375261723995208740e-02 -2.613155171275138855e-02 -2.146269567310810089e-02
7.160346926134165601e-32 5.842117220163345337e-02 2.793340943753719330e-02 1.600349694490432739e-02
-3.658380498126831190e-33 8.345570415258407593e-02 1.047872900962829590e-01 8.576010912656784058e-02
-2.162403775600170799e-33 1.585268527269363403e-01 -1.045055836439132690e-01 -1.624661982059478760e-01
-2.295403981898004623e-33 1.620772778987884521e-01 -5.477241873741149902e-01 -8.705720305442810059e-01
-2.003521020407153364e-33 1.630206406116485596e-01 1.430764701217412949e-02 2.287344075739383698e-02
-2.766377181156477704e-33 4.213588237762451172e-01 -1.082668229937553406e-01 -4.473713338375091553e-01
-5.627636299017896431e-32 8.789321035146713257e-02 8.975058048963546753e-02 7.735943049192428589e-02
4.862811846446517096e-33 1.844873838126659393e-02 1.791705638170242310e-01 3.241559490561485291e-02
-9.116480022371429309e-32 6.616476923227310181e-02 -5.584397539496421814e-02 -3.623462840914726257e-02
-1.531276909717349842e-33 2.655506506562232971e-02 3.089137002825737000e-02 8.044613525271415710e-03
9.093443271831189529e-32 2.190858684480190277e-02 3.272189572453498840e-02 7.030294276773929596e-03
6.365381843318542771e-32 5.617727711796760559e-02 2.533738128840923309e-02 1.395863946527242661e-02
-9.788136923280145001e-32 5.684653297066688538e-02 -4.266458004713058472e-02 -2.378439716994762421e-02
1.242184994258633020e-32 9.484919905662536621e-01 7.712685465812683105e-01 7.173976898193359375e+00
-2.293280377884847234e-33 4.967702627182006836e-01 -1.687327474355697632e-01 -8.220072388648986816e-01
-1.762315530558571005e-32 6.846194863319396973e-01 -1.079630292952060699e-02 -7.248447835445404053e-02
-3.200509652776211031e-32 1.555837132036685944e-02 8.013586401939392090e-01 1.222676932811737061e-01
-1.229571407228432159e-33 6.848555058240890503e-02 2.121150121092796326e-02 1.424593757838010788e-02
-1.774768166698205371e-33 6.458991765975952148e-01 -6.895925849676132202e-02 -4.367953538894653320e-01
5.947396035570101312e-32 4.541957750916481018e-02 1.080296933650970459e-01 4.811792820692062378e-02
5.077601921117008716e-32 5.249536409974098206e-02 2.660747766494750977e-01 1.369762718677520752e-01
1.205423263513688370e-33 7.767408341169357300e-02 1.002768147736787796e-02 7.638311479240655899e-03
1.401386988003394865e-33 2.924062125384807587e-02 9.733983278274536133e-01 2.791244387626647949e-01
3.908419387211461481e-32 3.550609350204467773e-01 -8.918314576148986816e-01 -3.105320215225219727e+00
1.166510047498952765e-32 2.200648002326488495e-02 2.327077463269233704e-02 5.022062454372644424e-03
9.020731305519550702e-32 4.906478524208068848e-02 3.965377435088157654e-02 1.907985657453536987e-02
5.260012122273337309e-33 6.777199506759643555e-01 -6.735218316316604614e-02 -4.476335346698760986e-01
-1.406561128426630711e-32 1.132378578186035156e-01 2.169635295867919922e-01 2.409345358610153198e-01
-2.938971526938860175e-33 3.804400563240051270e-01 -5.808718129992485046e-02 -2.167141139507293701e-01
6.789521363993538905e-32 2.400073036551475525e-02 -5.174547433853149414e-01 -1.217916458845138550e-01
-1.510926622946219780e-33 6.065846085548400879e-01 -7.877568602561950684e-01 -4.686021327972412109e+00
4.316080240329455377e-32 3.733640313148498535e-01 -9.997074306011199951e-02 -3.660379052162170410e-01
1.149324356824129384e-33 7.665712237358093262e-01 9.775604307651519775e-02 7.348806262016296387e-01
8.577517038013761309e-32 1.255082897841930389e-02 -1.049390435218811035e-01 -1.291606482118368149e-02
3.090397570451634893e-32 2.949266135692596436e-01 -1.315187569707632065e-02 -3.803840652108192444e-02
9.852670975393113174e-32 9.971154481172561646e-02 6.506612151861190796e-02 6.362400949001312256e-02
-4.367472853347405787e-33 2.794226408004760742e-01 -5.697665214538574219e-01 -1.561274170875549316e+00
-6.649828847951283019e-33 2.027933895587921143e-01 -2.774380147457122803e-01 -5.517476201057434082e-01
1.423751502711758148e-33 3.173365890979766846e-01 -6.094313040375709534e-02 -1.896555721759796143e-01
-2.410131789727878326e-32 1.462506353855133057e-01 -2.887274026870727539e-01 -4.141011536121368408e-01
-1.836966033991509637e-32 8.360619843006134033e-02 -7.844462990760803223e-01 -6.431649327278137207e-01
2.347012040989941680e-33 2.673312649130821228e-02 7.047600150108337402e-01 1.847615987062454224e-01
7.348490086707851416e-32 1.435997486114501953e-01 -3.509196937084197998e-01 -4.941765069961547852e-01
1.280999560583395711e-33 5.719391703605651855e-01 2.752179093658924103e-02 1.543644219636917114e-01
-1.320387345708077352e-33 3.061414062976837158e-01 -2.781082503497600555e-02 -8.349426090717315674e-02
-5.560193706539009287e-33 2.607735432684421539e-02 4.992723092436790466e-02 1.276796497404575348e-02
-2.609230300511838619e-33 1.335756666958332062e-02 -6.981583833694458008e-01 -9.145385026931762695e-02
3.457614071061649460e-32 1.352341752499341965e-02 -7.491637766361236572e-02 -9.935365989804267883e-03
2.842886361563257152e-32 5.356830358505249023e-02 -1.959739923477172852e-01 -1.029501482844352722e-01
7.382743698217225169e-33 2.236987091600894928e-02 -7.203776836395263672e-01 -1.580317765474319458e-01
9.701600261782072956e-33 1.905783265829086304e-01 -3.391093611717224121e-01 -6.337733864784240723e-01
1.143067751407679296e-32 1.034337058663368225e-01 3.848875761032104492e-01 3.904061317443847656e-01
2.851062512520401573e-32 6.153023242950439453e-01 4.620648920536041260e-01 2.788124799728393555e+00
2.906652595459947592e-33 3.605851531028747559e-01 3.711706697940826416e-01 1.312508583068847656e+00
7.077128391314877168e-32 1.693486794829368591e-02 3.067646175622940063e-02 5.094572436064481735e-03
1.132789651247371541e-33 2.395948320627212524e-01 -1.861398220062255859e-01 -4.373583197593688965e-01
1.258865828476877460e-33 2.183166295289993286e-01 5.463165640830993652e-01 1.169639110565185547e+00
-4.336110664067467156e-32 1.561085879802703857e-01 3.706268221139907837e-02 5.673934519290924072e-02
-1.881271077289573991e-33 1.842450723052024841e-02 7.887020111083984375e-01 1.425047963857650757e-01
5.011841020243766707e-33 1.349194627255201340e-02 2.936788275837898254e-02 3.885688027366995811e-03
1.028498414909975823e-33 2.391409575939178467e-01 -1.510858349502086639e-02 -3.543222323060035706e-02
2.085567954700656608e-33 3.064239919185638428e-01 -1.811001151800155640e-01 -5.442045331001281738e-01
-8.427594488509886760e-32 8.646200895309448242e-01 6.660278886556625366e-02 5.647268295288085938e-01
-1.136816986728784856e-32 4.975311458110809326e-02 -4.758918881416320801e-01 -2.321930676698684692e-01
2.954378768129286361e-33 6.326259672641754150e-02 1.688551716506481171e-02 1.047567557543516159e-02
-3.021228837986962146e-32 4.843962565064430237e-02 -2.134769260883331299e-01 -1.014080420136451721e-01
-3.027293507216442033e-32 8.880098164081573486e-02 7.905577868223190308e-02 6.884494423866271973e-02
-1.013825820954615104e-32 1.057861559092998505e-02 1.263862289488315582e-02 1.311140600591897964e-03
1.260769210970247985e-33 1.558221131563186646e-02 -9.459271430969238281e-01 -1.445464640855789185e-01
-2.240575251955806814e-32 1.094754710793495178e-01 7.736516743898391724e-02 8.305828273296356201e-02
5.472307063247414771e-32 1.165524572134017944e-01 -1.738755851984024048e-01 -1.987379044294357300e-01
4.813685366131761278e-33 4.344784319400787354e-01 6.246878951787948608e-02 2.661656439304351807e-01
8.758178617854844823e-33 4.667631685733795166e-01 -1.564053595066070557e-01 -7.159271836280822754e-01
-9.198236242218294816e-32 2.775615267455577850e-02 -1.327134016901254654e-02 -3.612390719354152679e-03
-2.234876124735234196e-33 3.595573306083679199e-01 -3.281296491622924805e-01 -1.157002449035644531e+00
1.623246026522250931e-32 3.946412801742553711e-01 1.609935052692890167e-02 6.230624020099639893e-02
-2.888856713014452055e-33 2.041429281234741211e-02 -3.742262721061706543e-02 -7.491853553801774979e-03
-2.778205078782848488e-32 1.032312214374542236e-01 -2.703705132007598877e-01 -2.737102508544921875e-01
1.943196670703869045e-33 7.064879536628723145e-01 -1.216692291200160980e-02 -8.429584652185440063e-02
-6.981404212907571976e-33 1.232482269406318665e-01 2.614603340625762939e-01 3.160146176815032959e-01
1.032530360533296269e-32 1.929591037333011627e-02 -1.295913159847259521e-01 -2.452233433723449707e-02
1.922040527453952609e-32 1.760105192661285400e-01 1.260428875684738159e-02 2.175593003630638123e-02
1.706550188758157075e-33 1.539529953151941299e-02 -2.022505179047584534e-02 -3.053503576666116714e-03
2.935746264313791524e-33 1.430158130824565887e-02 -9.741771966218948364e-02 -1.366289425641298294e-02
-2.311984329716352989e-32 4.962736666202545166e-01 -2.319625914096832275e-01 -1.128911375999450684e+00
-9.141943727935735554e-33 3.279945999383926392e-02 4.299712777137756348e-01 1.383014768362045288e-01
5.766111664128272765e-33 2.639661170542240143e-02 -1.529165506362915039e-01 -3.958433866500854492e-02
1.521676114708306504e-32 1.973752528429031372e-01 1.250842958688735962e-01 2.421119213104248047e-01
-5.978949610024033197e-33 2.004511803388595581e-01 -1.215827092528343201e-02 -2.390017732977867126e-02
4.368661204667690193e-33 1.074049100279808044e-01 7.088370621204376221e-02 7.466055452823638916e-02
-1.045088313619924620e-32 2.597236074507236481e-02 1.193566694855690002e-01 3.040036559104919434e-02
-4.794655728896680824e-32 3.153355047106742859e-02 -1.777634471654891968e-01 -5.497129634022712708e-02
-2.633679811590774472e-32 2.635581418871879578e-02 3.993979096412658691e-01 1.032292768359184265e-01
-1.463384378408586236e-32 6.921686530113220215e-01 -6.827408075332641602e-01 -4.634346008300781250e+00
-1.487055455087888492e-33 3.358621522784233093e-02 3.226503729820251465e-02 1.062707882374525070e-02
-2.205624278422807740e-32 3.286962583661079407e-02 -5.687165260314941406e-01 -1.833206117153167725e-01
-4.261520257783214314e-32 2.176571637392044067e-02 4.684030711650848389e-01 9.998005628585815430e-02
1.477397483298937189e-33 3.085239604115486145e-02 -1.737772859632968903e-02 -5.257782526314258575e-03
7.864230004670674305e-32 5.599849298596382141e-02 -3.378621339797973633e-01 -1.855395585298538208e-01
8.791330644220704239e-32 9.871823191642761230e-01 2.212024033069610596e-01 2.141449689865112305e+00
1.160229913828386999e-33 5.358706712722778320e-01 2.137887105345726013e-02 1.123480200767517090e-01
3.575200534215929113e-32 8.108561038970947266e-01 7.041975259780883789e-01 5.599625110626220703e+00
1.838390880081500102e-33 4.713221788406372070e-01 -4.923296570777893066e-01 -2.275592803955078125e+00
3.275894693241619740e-32 1.095547992736101151e-02 1.973437368869781494e-01 2.120193094015121460e-02
-3.293652886399492037e-32 3.395919874310493469e-02 2.851278893649578094e-02 9.495498612523078918e-03
-2.942267319224978164e-33 8.017542362213134766e-01 -6.311916112899780273e-01 -4.962758541107177734e+00
1.186889115514578742e-33 6.046511977910995483e-02 -1.189775764942169189e-02 -7.054897956550121307e-03
3.315240840152343347e-33 5.741864070296287537e-02 8.990558385848999023e-01 5.062444210052490234e-01
5.639497037017693312e-32 2.127898111939430237e-02 2.611787617206573486e-02 5.450161639600992203e-03
-4.297555918728434654e-33 3.585618734359741211e-02 5.493415519595146179e-02 1.931644603610038757e-02
6.756389614905231173e-33 4.836320281028747559e-01 -8.373537659645080566e-01 -3.971409797668457031e+00
-5.425257975324149640e-33 1.658197492361068726e-02 -1.486478839069604874e-02 -2.417217241600155830e-03
5.556771034331399417e-32 4.242287203669548035e-02 5.072420835494995117e-01 2.110260277986526489e-01
-1.668543701331187780e-33 2.012753672897815704e-02 -4.045427739620208740e-01 -7.985015213489532471e-02
-8.225217560715681570e-33 2.159283012151718140e-01 -5.643373355269432068e-02 -1.195003092288970947e-01
1.287546733509689684e-32 1.565179675817489624e-01 -6.333751976490020752e-02 -9.721783548593521118e-02
2.261276074815771929e-33 1.233902052044868469e-01 -4.601743221282958984e-01 -5.568314194679260254e-01
2.221668711019776532e-33 4.827504158020019531e-01 -2.606094814836978912e-02 -1.233768090605735779e-01
1.696021763402421868e-32 8.763163089752197266e-01 -4.118696153163909912e-01 -3.539495229721069336e+00
-9.312739971437543020e-32 1.830032318830490112e-01 -1.392246596515178680e-02 -2.498593367636203766e-02
-4.600964234987113811e-33 9.943030029535293579e-02 -2.577271312475204468e-02 -2.513040974736213684e-02
6.260361855584934930e-33 5.714474320411682129e-01 4.093479216098785400e-01 2.293979644775390625e+00
-3.586930792342784720e-32 3.968853875994682312e-02 -1.172882989048957825e-01 -4.564996808767318726e-02
1.298602680322455625e-33 3.449839353561401367e-01 1.983781717717647552e-02 6.711404025554656982e-02
1.951899369661784924e-33 1.354712694883346558e-01 -9.866917878389358521e-02 -1.310839205980300903e-01
4.571567325324956192e-33 2.038486748933792114e-01 -5.613124743103981018e-02 -1.122104376554489136e-01
-1.393807014720208891e-32 4.713276028633117676e-02 3.832372725009918213e-01 1.771378219127655029e-01
-1.335238798475755375e-33 6.496525555849075317e-02 8.140888810157775879e-02 5.186491087079048157e-02
2.645525892645384537e-33 3.580052554607391357e-01 1.690302938222885132e-01 5.934370160102844238e-01
2.318046207146749672e-33 1.712310612201690674e-01 6.490372866392135620e-02 1.089865490794181824e-01
-1.230238445171226112e-32 6.960899382829666138e-02 1.516333669424057007e-01 1.035096421837806702e-01
-7.243172111156310126e-33 3.050318919122219086e-02 2.349557168781757355e-02 7.028326857835054398e-03
9.390846575198693030e-33 1.149532943964004517e-02 -2.944690175354480743e-02 -3.319569164887070656e-03
-1.656488639421520590e-33 4.825300574302673340e-01 1.167385876178741455e-01 5.524073839187622070e-01
-1.500136043983151971e-33 1.714757680892944336e-01 4.690492749214172363e-01 7.887546420097351074e-01
-8.173488462439808280e-32 1.415535658597946167e-01 -8.303856849670410156e-01 -1.152713418006896973e+00
-9.195876878119400632e-33 1.610360480844974518e-02 3.505771234631538391e-02 5.536398384720087051e-03
-2.346394281974386105e-32 1.189885586500167847e-01 -9.107099175453186035e-01 -1.062688469886779785e+00
4.625083028077285506e-32 5.652633905410766602e-01 -1.511087268590927124e-01 -8.376470804214477539e-01
-1.844793944747222955e-32 8.994043469429016113e-01 -5.365677475929260254e-01 -4.732604980468750000e+00
-4.878509838817779482e-33 5.750724300742149353e-02 -6.606214642524719238e-01 -3.725597262382507324e-01
-2.415532010775555914e-32 1.296536177396774292e-01 1.983520202338695526e-02 2.521981671452522278e-02
4.948985794468963539e-32 8.236160129308700562e-02 2.636858262121677399e-02 2.129767835140228271e-02
4.864274381824130801e-32 1.292717605829238892e-01 8.252467960119247437e-02 1.046184301376342773e-01
3.032238003797985206e-33 4.586362093687057495e-02 -6.494399160146713257e-02 -2.920975722372531891e-02
1.399299107998242934e-33 5.275486111640930176e-01 1.908514834940433502e-02 9.873671829700469971e-02
-4.197100742901054387e-33 1.307496149092912674e-02 2.112358063459396362e-01 2.708498761057853699e-02
-1.875350075510283665e-33 3.651155829429626465e-01 5.933946967124938965e-01 2.124685764312744141e+00
-9.373106161392876920e-33 3.800873160362243652e-01 1.647858880460262299e-02 6.142201647162437439e-02
-4.687129146396738307e-32 2.910495176911354065e-02 -7.677398920059204102e-01 -2.191299200057983398e-01
-4.544766494936589595e-32 1.270021777600049973e-02 -1.209808886051177979e-02 -1.506775617599487305e-03
-1.391854959413874630e-32 4.666095599532127380e-02 -2.994792163372039795e-02 -1.370379887521266937e-02
3.792552966166022540e-32 8.376542925834655762e-01 -7.000449299812316895e-02 -5.750576853752136230e-01
-1.151737830397359857e-32 1.003034636378288269e-01 -1.254572421312332153e-01 -1.234048753976821899e-01
2.840116309125544432e-33 1.413815189152956009e-02 -5.359793901443481445e-01 -7.431241869926452637e-02
1.383226830878839040e-32 6.129883229732513428e-02 1.018201932311058044e-02 6.120780482888221741e-03
-2.900403300148991680e-32 4.157934486865997314e-01 3.188369274139404297e-01 1.300070643424987793e+00
-7.452288001126985637e-32 1.182568147778511047e-01 -1.008683890104293823e-01 -1.169773936271667480e-01
7.963725168955417394e-33 1.164750196039676666e-02 2.036809548735618591e-02 2.326504560187458992e-03
1.391073108733783956e-32 3.267291188240051270e-02 -3.921446800231933594e-01 -1.256477981805801392e-01
1.454682891679219642e-33 1.507219672203063965e-02 -8.412508666515350342e-02 -1.243434008210897446e-02
-1.867063575020955802e-33 1.648107469081878662e-01 -3.632481768727302551e-02 -5.870966985821723938e-02
9.524712165743922837e-32 9.548357874155044556e-02 -6.944090127944946289e-01 -6.502265930175781250e-01
-2.482583237104016163e-32 3.337353467941284180e-02 1.758072897791862488e-02 5.753866396844387054e-03
1.780103441683000028e-33 5.522280335426330566e-01 -6.518387049436569214e-02 -3.530036807060241699e-01
2.631342818618744375e-33 5.319902896881103516e-01 1.568284630775451660e-01 8.181807398796081543e-01
1.650929285826100434e-33 3.540142625570297241e-02 1.786682009696960449e-01 6.202813237905502319e-02
-2.801507491046374104e-32 3.386196494102478027e-02 3.681835904717445374e-02 1.222636085003614426e-02
-1.351295114585927011e-32 4.804456532001495361e-01 -1.426247656345367432e-01 -6.719854474067687988e-01
-5.920017008897924003e-32 1.485341340303421021e-01 1.773100160062313080e-02 2.582737244665622711e-02
-1.618406663216709426e-32 1.392636150121688843e-01 -1.186486985534429550e-02 -1.620396599173545837e-02
